timestamp,open,high,low,close,volume,datetime
1648771200000,45510.35,45644.86,45417.42,45624.72,654.14809,2022-04-01 00:00:00
1648772100000,45624.72,45625.5,45526.91,45610.27,259.13495,2022-04-01 00:15:00
1648773000000,45610.27,45619.38,45351.73,45618.89,470.63338,2022-04-01 00:30:00
1648773900000,45618.89,45642.95,45475.78,45541.5,454.28429,2022-04-01 00:45:00
1648774800000,45542.16,45542.17,45307.29,45349.01,599.77697,2022-04-01 01:00:00
1648775700000,45346.71,45422.5,45135.51,45143.61,639.06062,2022-04-01 01:15:00
1648776600000,45143.62,45242.84,45051.0,45167.02,1408.52488,2022-04-01 01:30:00
1648777500000,45167.02,45176.76,44868.0,44923.77,1480.63428,2022-04-01 01:45:00
1648778400000,44923.77,45049.03,44800.0,44948.18,1036.18337,2022-04-01 02:00:00
1648779300000,44948.19,45040.21,44535.49,44641.59,1656.67863,2022-04-01 02:15:00
1648780200000,44641.58,44768.91,44536.0,44710.92,904.2159,2022-04-01 02:30:00
1648781100000,44710.92,44710.93,44200.0,44392.71,2155.08745,2022-04-01 02:45:00
1648782000000,44392.71,44504.44,44273.44,44367.81,1034.51676,2022-04-01 03:00:00
1648782900000,44367.81,44497.01,44350.41,44418.85,571.07413,2022-04-01 03:15:00
1648783800000,44418.84,44549.85,44411.39,44522.73,579.11048,2022-04-01 03:30:00
1648784700000,44522.73,44599.99,44426.69,44599.98,507.88404,2022-04-01 03:45:00
1648785600000,44599.98,44709.3,44547.11,44660.02,576.99205,2022-04-01 04:00:00
1648786500000,44660.01,44707.62,44571.57,44667.96,406.83358,2022-04-01 04:15:00
1648787400000,44667.96,44768.98,44627.66,44745.23,438.87536,2022-04-01 04:30:00
1648788300000,44745.23,44780.01,44642.43,44642.44,300.52277,2022-04-01 04:45:00
1648789200000,44642.44,44763.89,44600.0,44719.78,360.96325,2022-04-01 05:00:00
1648790100000,44719.78,44734.88,44675.95,44726.68,329.91748,2022-04-01 05:15:00
1648791000000,44726.68,44789.99,44607.13,44662.35,453.30182,2022-04-01 05:30:00
1648791900000,44662.35,44671.83,44583.23,44646.16,312.16451,2022-04-01 05:45:00
1648792800000,44646.15,44688.96,44567.94,44576.91,289.04893,2022-04-01 06:00:00
1648793700000,44576.91,44787.04,44576.44,44780.44,386.72507,2022-04-01 06:15:00
1648794600000,44780.43,44848.44,44731.05,44774.99,379.28769,2022-04-01 06:30:00
1648795500000,44774.99,44841.18,44765.27,44803.7,349.86754,2022-04-01 06:45:00
1648796400000,44803.7,44903.7,44801.0,44829.92,402.90929,2022-04-01 07:00:00
1648797300000,44829.93,44949.29,44805.33,44915.38,684.76008,2022-04-01 07:15:00
1648798200000,44915.38,44938.66,44852.97,44935.86,442.58364,2022-04-01 07:30:00
1648799100000,44935.87,45110.81,44935.86,45015.69,1066.68831,2022-04-01 07:45:00
1648800000000,45015.68,45174.73,45008.24,45104.36,601.56491,2022-04-01 08:00:00
1648800900000,45104.37,45314.77,45100.02,45314.77,729.19038,2022-04-01 08:15:00
1648801800000,45314.77,45323.91,45154.8,45239.3,777.99312,2022-04-01 08:30:00
1648802700000,45239.3,45249.96,45080.98,45137.06,428.32934,2022-04-01 08:45:00
1648803600000,45137.05,45217.95,45075.2,45151.71,465.57635,2022-04-01 09:00:00
1648804500000,45151.71,45242.25,45059.95,45216.01,624.82603,2022-04-01 09:15:00
1648805400000,45216.02,45243.2,45044.51,45063.11,503.34587,2022-04-01 09:30:00
1648806300000,45063.1,45161.82,44990.48,45076.0,478.79739,2022-04-01 09:45:00
1648807200000,45076.01,45126.03,45019.8,45118.49,337.72829,2022-04-01 10:00:00
1648808100000,45118.49,45150.08,45046.91,45125.89,245.22501,2022-04-01 10:15:00
1648809000000,45125.89,45150.0,45059.08,45094.52,225.55068,2022-04-01 10:30:00
1648809900000,45094.52,45234.56,45088.01,45223.0,281.65639,2022-04-01 10:45:00
1648810800000,45223.0,45257.42,45133.43,45208.7,431.66875,2022-04-01 11:00:00
1648811700000,45208.71,45270.0,45208.7,45246.25,347.36625,2022-04-01 11:15:00
1648812600000,45246.25,45283.17,45088.66,45120.99,689.51257,2022-04-01 11:30:00
1648813500000,45121.0,45150.01,45022.82,45064.26,422.27883,2022-04-01 11:45:00
1648814400000,45064.25,45153.61,44901.09,44964.96,738.88803,2022-04-01 12:00:00
1648815300000,44964.96,44999.21,44701.01,44852.02,969.55226,2022-04-01 12:15:00
1648816200000,44852.01,45416.98,44791.03,45164.02,1632.9798,2022-04-01 12:30:00
1648817100000,45164.02,45299.8,45101.96,45245.66,450.39313,2022-04-01 12:45:00
1648818000000,45245.66,45396.62,45237.91,45333.82,523.51422,2022-04-01 13:00:00
1648818900000,45333.83,45498.99,45319.43,45406.44,805.79163,2022-04-01 13:15:00
1648819800000,45406.43,45603.85,45394.89,45521.09,852.14729,2022-04-01 13:30:00
1648820700000,45521.08,45575.44,45286.38,45430.12,761.80748,2022-04-01 13:45:00
1648821600000,45430.12,45741.97,45420.0,45685.81,1159.6894,2022-04-01 14:00:00
1648822500000,45685.81,45709.52,45536.27,45628.24,716.2275,2022-04-01 14:15:00
1648823400000,45628.24,45750.0,45587.98,45716.85,597.79977,2022-04-01 14:30:00
1648824300000,45716.86,46180.77,45716.85,46128.91,1239.58592,2022-04-01 14:45:00
1648825200000,46128.92,46698.7,46113.08,46567.0,2428.46891,2022-04-01 15:00:00
1648826100000,46567.01,46720.09,46486.0,46516.64,1363.64692,2022-04-01 15:15:00
1648827000000,46516.64,46643.38,46333.59,46630.4,996.08717,2022-04-01 15:30:00
1648827900000,46630.4,46646.13,46480.26,46532.0,531.836,2022-04-01 15:45:00
1648828800000,46531.99,46587.81,46463.93,46493.5,771.84534,2022-04-01 16:00:00
1648829700000,46493.51,46519.82,46380.0,46501.91,424.62404,2022-04-01 16:15:00
1648830600000,46501.9,46501.93,46240.33,46413.93,533.8081,2022-04-01 16:30:00
1648831500000,46413.92,46413.93,46025.29,46025.29,1092.66997,2022-04-01 16:45:00
1648832400000,46025.29,46239.99,45893.98,46220.29,723.98871,2022-04-01 17:00:00
1648833300000,46220.29,46339.73,46128.03,46280.01,518.06826,2022-04-01 17:15:00
1648834200000,46280.0,46508.71,46203.43,46464.49,431.37924,2022-04-01 17:30:00
1648835100000,46464.49,46549.31,46400.07,46465.5,382.00825,2022-04-01 17:45:00
1648836000000,46465.48,46602.0,46360.51,46452.39,713.53288,2022-04-01 18:00:00
1648836900000,46452.4,46515.89,46260.22,46361.8,466.27351,2022-04-01 18:15:00
1648837800000,46361.8,46399.94,46265.92,46302.7,258.76483,2022-04-01 18:30:00
1648838700000,46302.7,46370.09,46250.0,46334.63,274.44324,2022-04-01 18:45:00
1648839600000,46334.62,46394.64,46252.28,46269.54,270.18027,2022-04-01 19:00:00
1648840500000,46269.54,46296.27,46140.0,46185.52,375.11812,2022-04-01 19:15:00
1648841400000,46185.52,46265.99,46144.99,46164.99,301.29226,2022-04-01 19:30:00
1648842300000,46164.98,46378.39,46141.6,46361.68,414.54079,2022-04-01 19:45:00
1648843200000,46361.68,46369.68,46274.11,46274.11,208.66368,2022-04-01 20:00:00
1648844100000,46274.11,46380.16,46265.85,46294.59,165.32156,2022-04-01 20:15:00
1648845000000,46294.62,46370.0,46220.5,46220.51,211.39785,2022-04-01 20:30:00
1648845900000,46220.51,46280.0,46075.85,46145.38,303.7824,2022-04-01 20:45:00
1648846800000,46145.37,46293.56,46142.0,46262.48,173.15492,2022-04-01 21:00:00
1648847700000,46262.49,46439.56,46196.01,46427.44,192.93437,2022-04-01 21:15:00
1648848600000,46427.43,46427.44,46246.98,46273.01,184.97216,2022-04-01 21:30:00
1648849500000,46273.02,46346.5,46221.0,46305.07,153.75725,2022-04-01 21:45:00
1648850400000,46305.07,46398.0,46248.19,46355.57,265.05413,2022-04-01 22:00:00
1648851300000,46355.57,46367.21,46261.29,46314.77,159.64506,2022-04-01 22:15:00
1648852200000,46314.76,46390.0,46150.0,46189.13,409.6724,2022-04-01 22:30:00
1648853100000,46189.12,46368.42,46185.33,46368.41,201.26499,2022-04-01 22:45:00
1648854000000,46368.42,46368.42,46126.23,46230.89,249.47736,2022-04-01 23:00:00
1648854900000,46230.89,46290.0,46169.92,46176.86,154.36131,2022-04-01 23:15:00
1648855800000,46176.85,46230.0,46120.2,46206.06,192.10536,2022-04-01 23:30:00
1648856700000,46206.06,46289.27,46200.97,46283.49,141.54695,2022-04-01 23:45:00
1648857600000,46283.49,46283.5,46081.93,46175.0,542.90609,2022-04-02 00:00:00
1648858500000,46175.0,46245.92,46144.75,46230.09,257.3864,2022-04-02 00:15:00
1648859400000,46230.09,46454.0,46213.65,46418.52,1033.14407,2022-04-02 00:30:00
1648860300000,46418.53,47213.0,46418.52,46894.92,2167.96545,2022-04-02 00:45:00
1648861200000,46894.91,47073.67,46791.98,46985.26,818.44149,2022-04-02 01:00:00
1648862100000,46985.27,46985.27,46559.33,46607.73,1080.09462,2022-04-02 01:15:00
1648863000000,46607.74,46698.8,46501.0,46650.4,659.632,2022-04-02 01:30:00
1648863900000,46650.41,46776.96,46633.5,46745.5,308.86868,2022-04-02 01:45:00
1648864800000,46745.49,46801.0,46680.67,46785.54,398.73413,2022-04-02 02:00:00
1648865700000,46785.55,46844.59,46716.41,46716.42,255.1099,2022-04-02 02:15:00
1648866600000,46716.41,46764.63,46233.83,46336.2,847.8071,2022-04-02 02:30:00
1648867500000,46336.2,46544.24,46336.19,46497.9,419.26183,2022-04-02 02:45:00
1648868400000,46497.9,46551.0,46393.3,46404.48,218.53746,2022-04-02 03:00:00
1648869300000,46404.48,46448.6,46371.0,46422.86,173.81989,2022-04-02 03:15:00
1648870200000,46422.85,46531.6,46420.33,46518.46,213.45975,2022-04-02 03:30:00
1648871100000,46518.45,46599.94,46490.7,46599.93,169.27644,2022-04-02 03:45:00
1648872000000,46599.93,46684.4,46517.06,46583.05,304.64939,2022-04-02 04:00:00
1648872900000,46583.06,46583.06,46489.5,46502.83,151.87857,2022-04-02 04:15:00
1648873800000,46502.84,46578.09,46498.9,46567.0,133.20359,2022-04-02 04:30:00
1648874700000,46567.0,46605.11,46528.29,46529.71,201.48677,2022-04-02 04:45:00
1648875600000,46529.7,46535.46,46481.56,46512.56,142.38748,2022-04-02 05:00:00
1648876500000,46512.56,46600.0,46487.54,46567.37,186.00563,2022-04-02 05:15:00
1648877400000,46567.36,46577.13,46410.63,46465.51,204.68032,2022-04-02 05:30:00
1648878300000,46465.5,46550.11,46427.52,46541.38,125.46766,2022-04-02 05:45:00
1648879200000,46541.38,46576.41,46514.51,46518.0,137.39661,2022-04-02 06:00:00
1648880100000,46518.0,46546.39,46477.56,46478.11,222.98,2022-04-02 06:15:00
1648881000000,46478.1,46587.48,46462.79,46582.24,355.70501,2022-04-02 06:30:00
1648881900000,46582.25,46648.73,46572.79,46632.28,200.89765,2022-04-02 06:45:00
1648882800000,46632.28,46644.42,46534.42,46542.5,230.36869,2022-04-02 07:00:00
1648883700000,46542.5,46562.33,46419.38,46429.99,295.41867,2022-04-02 07:15:00
1648884600000,46430.0,46523.32,46429.99,46516.1,202.29656,2022-04-02 07:30:00
1648885500000,46516.1,46594.73,46514.99,46584.49,217.46196,2022-04-02 07:45:00
1648886400000,46584.49,46584.5,46520.12,46560.09,294.73459,2022-04-02 08:00:00
1648887300000,46560.09,46577.69,46511.0,46517.54,178.54882,2022-04-02 08:15:00
1648888200000,46517.53,46589.64,46502.95,46523.51,263.01908,2022-04-02 08:30:00
1648889100000,46523.5,46564.17,46490.0,46551.39,263.23023,2022-04-02 08:45:00
1648890000000,46551.4,46582.88,46520.21,46580.0,161.02692,2022-04-02 09:00:00
1648890900000,46580.0,46596.06,46546.0,46591.08,192.62186,2022-04-02 09:15:00
1648891800000,46591.08,46595.0,46515.75,46584.5,231.78411,2022-04-02 09:30:00
1648892700000,46584.5,46734.76,46584.5,46682.5,524.70849,2022-04-02 09:45:00
1648893600000,46682.5,46700.0,46611.39,46639.35,155.87232,2022-04-02 10:00:00
1648894500000,46639.36,46680.0,46553.82,46566.99,333.9431,2022-04-02 10:15:00
1648895400000,46566.98,46624.8,46548.41,46624.78,189.1468,2022-04-02 10:30:00
1648896300000,46624.78,46719.49,46577.5,46719.49,240.13246,2022-04-02 10:45:00
1648897200000,46719.49,46753.15,46635.41,46649.53,224.42846,2022-04-02 11:00:00
1648898100000,46649.53,46685.07,46588.98,46616.98,166.9267,2022-04-02 11:15:00
1648899000000,46616.97,46663.68,46593.04,46651.01,189.52072,2022-04-02 11:30:00
1648899900000,46651.01,46651.02,46542.84,46542.84,201.60785,2022-04-02 11:45:00
1648900800000,46542.84,46806.76,46225.75,46556.65,1691.09402,2022-04-02 12:00:00
1648901700000,46556.66,46773.9,46552.0,46736.34,583.36978,2022-04-02 12:15:00
1648902600000,46736.35,46880.97,46689.58,46852.77,734.16143,2022-04-02 12:30:00
1648903500000,46852.77,46852.78,46689.33,46717.49,420.90263,2022-04-02 12:45:00
1648904400000,46717.49,46799.99,46648.68,46784.27,396.84559,2022-04-02 13:00:00
1648905300000,46784.27,46941.11,46765.44,46857.51,623.40971,2022-04-02 13:15:00
1648906200000,46857.5,46937.78,46815.5,46819.0,350.53972,2022-04-02 13:30:00
1648907100000,46819.01,46824.58,46714.37,46735.11,282.00652,2022-04-02 13:45:00
1648908000000,46735.1,46801.5,46639.68,46695.01,341.39302,2022-04-02 14:00:00
1648908900000,46695.0,46738.13,46669.53,46705.82,194.78473,2022-04-02 14:15:00
1648909800000,46705.83,46710.5,46580.4,46623.0,288.79596,2022-04-02 14:30:00
1648910700000,46623.01,46655.69,46571.59,46617.07,185.09645,2022-04-02 14:45:00
1648911600000,46617.08,46617.08,46300.0,46378.25,640.457,2022-04-02 15:00:00
1648912500000,46378.24,46504.0,46269.55,46465.5,620.02045,2022-04-02 15:15:00
1648913400000,46465.5,46495.81,46159.38,46251.99,662.1733,2022-04-02 15:30:00
1648914300000,46252.0,46309.93,46130.03,46295.06,460.51722,2022-04-02 15:45:00
1648915200000,46295.06,46378.98,46155.0,46338.03,474.85907,2022-04-02 16:00:00
1648916100000,46338.03,46374.5,46253.31,46347.86,393.18746,2022-04-02 16:15:00
1648917000000,46347.86,46357.0,46236.76,46348.66,218.24417,2022-04-02 16:30:00
1648917900000,46348.66,46425.49,46303.05,46307.06,316.23767,2022-04-02 16:45:00
1648918800000,46307.06,46378.0,46252.44,46321.99,251.74295,2022-04-02 17:00:00
1648919700000,46321.99,46385.37,46320.0,46374.5,190.9127,2022-04-02 17:15:00
1648920600000,46374.49,46423.09,46360.78,46416.62,253.6404,2022-04-02 17:30:00
1648921500000,46416.63,46487.01,46355.66,46359.1,346.20324,2022-04-02 17:45:00
1648922400000,46359.1,46394.77,45620.0,45798.99,2006.22065,2022-04-02 18:00:00
1648923300000,45799.0,46139.0,45760.0,45863.49,1215.64886,2022-04-02 18:15:00
1648924200000,45863.49,45977.75,45788.21,45832.0,383.63336,2022-04-02 18:30:00
1648925100000,45831.99,45937.0,45713.0,45831.61,435.5229,2022-04-02 18:45:00
1648926000000,45831.61,45955.12,45811.03,45920.0,228.93,2022-04-02 19:00:00
1648926900000,45920.0,46130.0,45920.0,46070.49,398.0056,2022-04-02 19:15:00
1648927800000,46070.49,46252.21,46066.04,46175.5,453.77571,2022-04-02 19:30:00
1648928700000,46175.5,46189.0,46120.24,46120.24,186.43214,2022-04-02 19:45:00
1648929600000,46120.25,46350.0,46026.88,46241.42,775.62161,2022-04-02 20:00:00
1648930500000,46241.43,46304.2,46220.51,46287.75,176.90737,2022-04-02 20:15:00
1648931400000,46287.75,46287.86,46189.12,46252.0,179.05011,2022-04-02 20:30:00
1648932300000,46251.99,46290.71,46143.95,46181.06,295.23075,2022-04-02 20:45:00
1648933200000,46181.06,46217.36,46071.97,46125.82,230.09433,2022-04-02 21:00:00
1648934100000,46125.83,46126.58,45915.68,45915.68,204.73567,2022-04-02 21:15:00
1648935000000,45915.68,46317.85,45909.04,46265.14,259.3411,2022-04-02 21:30:00
1648935900000,46265.13,46270.73,46212.11,46231.0,137.46474,2022-04-02 21:45:00
1648936800000,46231.0,46333.26,46231.0,46268.89,213.9292,2022-04-02 22:00:00
1648937700000,46268.88,46268.89,46113.02,46113.03,167.69677,2022-04-02 22:15:00
1648938600000,46113.03,46204.85,46058.53,46203.0,209.02988,2022-04-02 22:30:00
1648939500000,46202.99,46206.5,46040.55,46110.77,222.85753,2022-04-02 22:45:00
1648940400000,46110.77,46148.74,46038.18,46078.54,199.87502,2022-04-02 23:00:00
1648941300000,46078.55,46118.66,45995.4,46070.18,152.79479,2022-04-02 23:15:00
1648942200000,46070.18,46071.26,45872.0,45923.74,316.78631,2022-04-02 23:30:00
1648943100000,45923.75,45958.0,45756.94,45811.0,415.37386,2022-04-02 23:45:00
1648944000000,45810.99,45976.14,45774.64,45929.58,591.07311,2022-04-03 00:00:00
1648944900000,45929.58,46044.86,45849.99,45917.72,494.74826,2022-04-03 00:15:00
1648945800000,45917.73,46021.48,45840.37,46001.01,236.91694,2022-04-03 00:30:00
1648946700000,46001.02,46065.21,45993.79,46065.21,138.36516,2022-04-03 00:45:00
1648947600000,46065.21,46065.83,45869.32,45911.73,253.37306,2022-04-03 01:00:00
1648948500000,45911.72,45922.08,45530.92,45609.96,884.55164,2022-04-03 01:15:00
1648949400000,45609.96,45780.42,45545.0,45775.48,513.85336,2022-04-03 01:30:00
1648950300000,45775.49,45873.82,45732.46,45846.0,353.93186,2022-04-03 01:45:00
1648951200000,45845.99,45905.53,45797.0,45890.76,206.13493,2022-04-03 02:00:00
1648952100000,45890.76,45937.0,45885.83,45894.99,192.60581,2022-04-03 02:15:00
1648953000000,45894.99,45960.55,45869.41,45872.35,186.22429,2022-04-03 02:30:00
1648953900000,45872.34,45872.35,45760.25,45776.83,223.47461,2022-04-03 02:45:00
1648954800000,45776.84,45878.96,45718.23,45856.5,168.35177,2022-04-03 03:00:00
1648955700000,45856.51,45934.46,45854.78,45913.78,211.63849,2022-04-03 03:15:00
1648956600000,45913.77,45970.0,45869.7,45880.53,162.64936,2022-04-03 03:30:00
1648957500000,45880.54,45946.68,45880.53,45943.25,136.18713,2022-04-03 03:45:00
1648958400000,45943.26,46177.0,45927.83,46169.1,367.37042,2022-04-03 04:00:00
1648959300000,46169.11,46169.11,46104.27,46149.21,124.15274,2022-04-03 04:15:00
1648960200000,46149.2,46170.0,46101.4,46130.0,143.46953,2022-04-03 04:30:00
1648961100000,46130.0,46364.19,46125.55,46364.18,261.8558,2022-04-03 04:45:00
1648962000000,46364.18,46380.96,46237.11,46267.65,239.06286,2022-04-03 05:00:00
1648962900000,46267.65,46304.44,46225.0,46280.23,132.47392,2022-04-03 05:15:00
1648963800000,46280.23,46350.01,46276.45,46319.08,231.77572,2022-04-03 05:30:00
1648964700000,46319.08,46355.93,46282.25,46355.93,132.43952,2022-04-03 05:45:00
1648965600000,46355.93,46570.0,46312.04,46428.9,875.21389,2022-04-03 06:00:00
1648966500000,46428.9,46428.9,46317.44,46372.63,235.70389,2022-04-03 06:15:00
1648967400000,46372.63,46449.96,46338.96,46389.96,264.84924,2022-04-03 06:30:00
1648968300000,46389.95,46457.33,46384.43,46432.7,185.92055,2022-04-03 06:45:00
1648969200000,46432.69,46465.55,46332.45,46363.09,227.12769,2022-04-03 07:00:00
1648970100000,46363.08,46383.86,46292.68,46297.72,212.56415,2022-04-03 07:15:00
1648971000000,46297.73,46457.07,46291.56,46350.95,337.59488,2022-04-03 07:30:00
1648971900000,46350.95,46390.54,46333.71,46363.82,170.15504,2022-04-03 07:45:00
1648972800000,46363.83,46416.75,46363.82,46370.01,170.24576,2022-04-03 08:00:00
1648973700000,46370.0,46370.01,46304.89,46333.18,143.96152,2022-04-03 08:15:00
1648974600000,46333.18,46352.96,46293.23,46326.59,119.68466,2022-04-03 08:30:00
1648975500000,46326.59,46326.6,46219.08,46271.68,200.93826,2022-04-03 08:45:00
1648976400000,46271.67,46325.0,46168.92,46193.48,285.58778,2022-04-03 09:00:00
1648977300000,46193.48,46360.0,46193.48,46356.5,252.92969,2022-04-03 09:15:00
1648978200000,46356.49,46421.0,46300.5,46405.51,205.12416,2022-04-03 09:30:00
1648979100000,46405.51,46446.8,46359.09,46362.66,243.0569,2022-04-03 09:45:00
1648980000000,46362.66,46400.0,46265.5,46280.01,190.52629,2022-04-03 10:00:00
1648980900000,46280.01,46309.09,46196.39,46222.22,229.23259,2022-04-03 10:15:00
1648981800000,46222.23,46249.27,46133.4,46133.95,201.06423,2022-04-03 10:30:00
1648982700000,46133.94,46214.34,46122.62,46180.0,173.59517,2022-04-03 10:45:00
1648983600000,46180.0,46184.99,46076.92,46143.93,237.98267,2022-04-03 11:00:00
1648984500000,46143.92,46218.77,46120.0,46218.77,154.54292,2022-04-03 11:15:00
1648985400000,46218.76,46332.83,46190.11,46318.32,201.01217,2022-04-03 11:30:00
1648986300000,46318.31,46331.53,46238.23,46252.59,142.69123,2022-04-03 11:45:00
1648987200000,46252.59,46257.8,46188.0,46252.71,153.92274,2022-04-03 12:00:00
1648988100000,46252.71,46366.27,46252.7,46315.07,244.21838,2022-04-03 12:15:00
1648989000000,46315.08,46391.6,46315.07,46385.94,214.60456,2022-04-03 12:30:00
1648989900000,46385.93,46435.08,46381.03,46383.12,223.44915,2022-04-03 12:45:00
1648990800000,46383.12,46416.1,46272.44,46305.14,222.69063,2022-04-03 13:00:00
1648991700000,46305.14,46670.04,46280.32,46575.61,1477.18728,2022-04-03 13:15:00
1648992600000,46575.6,46604.67,46430.0,46480.02,452.73168,2022-04-03 13:30:00
1648993500000,46480.01,46517.58,46385.55,46441.27,407.24671,2022-04-03 13:45:00
1648994400000,46441.27,46469.99,46371.2,46396.95,197.28484,2022-04-03 14:00:00
1648995300000,46396.95,46425.52,46358.0,46379.5,154.23629,2022-04-03 14:15:00
1648996200000,46379.5,46379.5,46301.67,46376.85,218.24317,2022-04-03 14:30:00
1648997100000,46376.86,46633.75,46375.95,46633.75,441.23576,2022-04-03 14:45:00
1648998000000,46633.74,46723.0,46543.84,46590.98,650.19053,2022-04-03 15:00:00
1648998900000,46590.98,46681.32,46491.87,46493.0,301.16998,2022-04-03 15:15:00
1648999800000,46492.99,46504.42,46381.0,46382.43,260.40442,2022-04-03 15:30:00
1649000700000,46382.43,46484.32,46381.0,46412.49,157.84856,2022-04-03 15:45:00
1649001600000,46412.49,46519.35,46387.89,46508.93,190.96632,2022-04-03 16:00:00
1649002500000,46508.94,46508.94,46220.16,46311.0,583.27881,2022-04-03 16:15:00
1649003400000,46310.99,46336.27,46220.16,46305.51,278.39184,2022-04-03 16:30:00
1649004300000,46305.5,46346.0,46261.77,46293.5,168.17022,2022-04-03 16:45:00
1649005200000,46293.49,46360.28,46291.6,46342.49,208.66132,2022-04-03 17:00:00
1649006100000,46342.5,46348.18,46240.46,46247.8,305.9672,2022-04-03 17:15:00
1649007000000,46247.8,46411.11,46245.94,46384.5,200.7524,2022-04-03 17:30:00
1649007900000,46384.51,46410.0,46305.02,46394.95,277.11372,2022-04-03 17:45:00
1649008800000,46394.96,46436.22,46387.41,46433.53,146.88304,2022-04-03 18:00:00
1649009700000,46433.53,46443.0,46376.22,46392.76,143.34743,2022-04-03 18:15:00
1649010600000,46392.76,46400.74,46352.04,46361.1,134.88334,2022-04-03 18:30:00
1649011500000,46361.11,46770.65,46361.1,46586.31,866.65384,2022-04-03 18:45:00
1649012400000,46586.31,46698.82,46474.64,46596.63,469.34389,2022-04-03 19:00:00
1649013300000,46596.62,46596.63,46435.73,46470.34,431.37309,2022-04-03 19:15:00
1649014200000,46470.35,46538.44,46422.45,46477.62,511.28806,2022-04-03 19:30:00
1649015100000,46477.63,46511.01,46400.41,46405.5,249.82848,2022-04-03 19:45:00
1649016000000,46405.49,46442.83,46376.99,46412.9,186.02388,2022-04-03 20:00:00
1649016900000,46412.9,46461.68,46390.0,46461.68,113.78296,2022-04-03 20:15:00
1649017800000,46461.68,46482.33,46427.23,46446.12,142.99991,2022-04-03 20:30:00
1649018700000,46446.12,46450.92,46363.96,46365.02,147.87334,2022-04-03 20:45:00
1649019600000,46365.01,46600.0,46332.25,46556.01,277.40287,2022-04-03 21:00:00
1649020500000,46556.01,46738.0,46552.41,46693.08,385.93547,2022-04-03 21:15:00
1649021400000,46693.08,46765.3,46522.4,46690.02,399.42648,2022-04-03 21:30:00
1649022300000,46690.02,46980.0,46661.56,46980.0,464.09658,2022-04-03 21:45:00
1649023200000,46980.0,47091.5,46719.09,46810.01,1424.19768,2022-04-03 22:00:00
1649024100000,46810.0,47444.11,46789.73,47288.67,1733.59274,2022-04-03 22:15:00
1649025000000,47288.67,47389.0,47220.0,47294.57,686.19192,2022-04-03 22:30:00
1649025900000,47294.57,47387.06,46584.63,46695.11,1975.86971,2022-04-03 22:45:00
1649026800000,46695.1,46711.58,46431.53,46575.55,939.61111,2022-04-03 23:00:00
1649027700000,46575.56,46575.56,46478.1,46509.02,234.38636,2022-04-03 23:15:00
1649028600000,46509.02,46545.48,46346.66,46348.94,500.88872,2022-04-03 23:30:00
1649029500000,46348.95,46452.82,46248.84,46407.35,590.84491,2022-04-03 23:45:00
1649030400000,46407.36,46461.14,46149.53,46328.51,1382.49163,2022-04-04 00:00:00
1649031300000,46328.5,46337.26,45744.77,45981.22,2127.11776,2022-04-04 00:15:00
1649032200000,45981.22,46103.32,45900.0,46027.6,450.79382,2022-04-04 00:30:00
1649033100000,46027.6,46088.09,45831.82,45862.08,402.74798,2022-04-04 00:45:00
1649034000000,45862.08,45990.55,45802.42,45988.34,326.27854,2022-04-04 01:00:00
1649034900000,45988.34,46049.04,45820.0,45864.1,319.46371,2022-04-04 01:15:00
1649035800000,45864.1,45911.99,45757.41,45821.93,304.87788,2022-04-04 01:30:00
1649036700000,45821.93,45947.12,45817.5,45863.28,291.86906,2022-04-04 01:45:00
1649037600000,45863.28,45906.64,45756.94,45866.49,283.06587,2022-04-04 02:00:00
1649038500000,45866.5,45955.68,45844.53,45936.97,236.35514,2022-04-04 02:15:00
1649039400000,45936.96,45990.48,45879.6,45960.45,238.36066,2022-04-04 02:30:00
1649040300000,45960.45,46068.38,45919.84,46036.97,321.10782,2022-04-04 02:45:00
1649041200000,46036.96,46159.53,46000.0,46129.0,196.19131,2022-04-04 03:00:00
1649042100000,46129.0,46155.92,46100.0,46147.42,158.76281,2022-04-04 03:15:00
1649043000000,46147.41,46174.46,46089.83,46107.99,180.72382,2022-04-04 03:30:00
1649043900000,46108.0,46116.46,46001.01,46005.44,155.61912,2022-04-04 03:45:00
1649044800000,46005.43,46038.0,45834.39,45996.57,754.48723,2022-04-04 04:00:00
1649045700000,45996.57,46128.26,45961.76,46111.5,237.02705,2022-04-04 04:15:00
1649046600000,46111.5,46153.84,46070.47,46150.89,200.01706,2022-04-04 04:30:00
1649047500000,46150.89,46150.9,46052.0,46075.85,178.29753,2022-04-04 04:45:00
1649048400000,46075.85,46177.72,46025.27,46176.84,227.42334,2022-04-04 05:00:00
1649049300000,46176.84,46219.1,46139.84,46163.8,289.91807,2022-04-04 05:15:00
1649050200000,46163.81,46210.0,46154.36,46207.88,137.28791,2022-04-04 05:30:00
1649051100000,46207.88,46244.01,46180.35,46231.67,236.31621,2022-04-04 05:45:00
1649052000000,46231.67,46265.52,46171.67,46174.54,208.51124,2022-04-04 06:00:00
1649052900000,46174.54,46231.19,46162.63,46217.36,148.28557,2022-04-04 06:15:00
1649053800000,46217.36,46247.43,46200.0,46243.99,200.75797,2022-04-04 06:30:00
1649054700000,46244.0,46293.38,46179.65,46200.0,212.75124,2022-04-04 06:45:00
1649055600000,46200.0,46220.7,46083.62,46106.97,227.43494,2022-04-04 07:00:00
1649056500000,46106.97,46163.74,46087.53,46155.52,148.953,2022-04-04 07:15:00
1649057400000,46155.51,46186.09,46102.74,46174.52,246.53599,2022-04-04 07:30:00
1649058300000,46174.52,46227.0,46090.0,46173.99,342.74943,2022-04-04 07:45:00
1649059200000,46174.0,46184.11,46072.16,46105.65,183.3909,2022-04-04 08:00:00
1649060100000,46105.65,46176.33,46104.91,46165.31,203.91682,2022-04-04 08:15:00
1649061000000,46165.32,46287.97,46010.86,46017.23,529.02297,2022-04-04 08:30:00
1649061900000,46017.22,46185.74,45964.2,46158.42,474.50678,2022-04-04 08:45:00
1649062800000,46158.41,46158.42,45933.23,46010.0,530.12663,2022-04-04 09:00:00
1649063700000,46010.0,46068.16,45912.11,46059.23,272.46121,2022-04-04 09:15:00
1649064600000,46059.23,46100.0,46024.08,46048.16,172.75427,2022-04-04 09:30:00
1649065500000,46048.17,46048.17,45863.91,45904.99,459.6177,2022-04-04 09:45:00
1649066400000,45905.0,45953.57,45824.31,45935.89,414.75837,2022-04-04 10:00:00
1649067300000,45935.88,46021.84,45884.96,45934.84,309.66284,2022-04-04 10:15:00
1649068200000,45934.83,45934.84,45787.0,45857.01,461.90872,2022-04-04 10:30:00
1649069100000,45857.0,46048.36,45832.25,45996.0,659.97397,2022-04-04 10:45:00
1649070000000,45996.0,46195.5,45921.01,46184.2,425.39275,2022-04-04 11:00:00
1649070900000,46184.19,46190.0,46132.23,46173.56,302.05381,2022-04-04 11:15:00
1649071800000,46173.56,46173.57,46080.74,46101.56,186.28168,2022-04-04 11:30:00
1649072700000,46101.56,46199.11,46090.96,46160.09,227.85775,2022-04-04 11:45:00
1649073600000,46160.08,46245.34,46109.37,46217.38,275.74008,2022-04-04 12:00:00
1649074500000,46217.39,46249.0,46151.9,46190.35,266.30216,2022-04-04 12:15:00
1649075400000,46190.35,46191.28,46005.0,46019.73,266.38838,2022-04-04 12:30:00
1649076300000,46019.73,46019.74,45902.0,46006.58,431.77782,2022-04-04 12:45:00
1649077200000,46006.59,46077.1,45960.0,46047.71,255.91142,2022-04-04 13:00:00
1649078100000,46047.7,46068.08,45980.0,45987.62,237.70072,2022-04-04 13:15:00
1649079000000,45987.62,46235.75,45869.0,46147.35,707.52311,2022-04-04 13:30:00
1649079900000,46147.35,46239.14,46059.01,46168.57,452.10907,2022-04-04 13:45:00
1649080800000,46168.56,46359.0,46121.67,46195.51,1107.95419,2022-04-04 14:00:00
1649081700000,46195.5,46202.5,46090.0,46121.99,501.07113,2022-04-04 14:15:00
1649082600000,46122.0,46146.56,45950.0,45958.69,464.77569,2022-04-04 14:30:00
1649083500000,45958.68,46008.3,45868.27,45896.98,750.54167,2022-04-04 14:45:00
1649084400000,45896.98,45957.49,45555.0,45636.47,1613.21943,2022-04-04 15:00:00
1649085300000,45636.47,45725.5,45579.75,45679.99,477.58092,2022-04-04 15:15:00
1649086200000,45679.99,45745.76,45641.44,45665.0,392.63541,2022-04-04 15:30:00
1649087100000,45665.01,45730.0,45589.97,45633.88,358.87566,2022-04-04 15:45:00
1649088000000,45633.88,45774.44,45566.37,45761.21,504.3192,2022-04-04 16:00:00
1649088900000,45761.22,45815.82,45725.74,45736.55,275.16507,2022-04-04 16:15:00
1649089800000,45736.55,45773.96,45636.61,45668.0,246.04547,2022-04-04 16:30:00
1649090700000,45668.01,45800.0,45653.6,45700.01,264.71745,2022-04-04 16:45:00
1649091600000,45700.01,45742.15,45663.01,45733.89,226.97698,2022-04-04 17:00:00
1649092500000,45733.9,45766.4,45669.5,45723.0,446.73744,2022-04-04 17:15:00
1649093400000,45723.0,45730.0,45176.9,45327.08,1446.98176,2022-04-04 17:30:00
1649094300000,45327.09,45426.71,45250.0,45375.27,1315.4022,2022-04-04 17:45:00
1649095200000,45375.28,45379.78,45118.0,45241.15,992.34489,2022-04-04 18:00:00
1649096100000,45241.16,45310.0,45184.72,45255.3,351.3016,2022-04-04 18:15:00
1649097000000,45255.29,45406.77,45218.37,45402.02,357.65338,2022-04-04 18:30:00
1649097900000,45402.03,45531.42,45402.02,45507.44,529.73533,2022-04-04 18:45:00
1649098800000,45507.45,45760.0,45507.44,45700.29,493.36553,2022-04-04 19:00:00
1649099700000,45700.28,45746.0,45641.01,45740.55,337.95528,2022-04-04 19:15:00
1649100600000,45740.56,45915.0,45714.87,45850.99,510.20282,2022-04-04 19:30:00
1649101500000,45850.99,45940.35,45828.72,45925.76,434.19929,2022-04-04 19:45:00
1649102400000,45925.77,45939.74,45626.02,45880.1,2060.33083,2022-04-04 20:00:00
1649103300000,45880.1,46300.0,45880.09,46196.88,970.85592,2022-04-04 20:15:00
1649104200000,46196.88,46377.84,46100.0,46350.0,658.39197,2022-04-04 20:30:00
1649105100000,46350.01,46366.44,46230.8,46307.5,559.42637,2022-04-04 20:45:00
1649106000000,46307.51,46542.22,46177.49,46500.0,1112.65634,2022-04-04 21:00:00
1649106900000,46500.0,46577.9,46460.0,46527.54,432.95147,2022-04-04 21:15:00
1649107800000,46527.55,46588.85,46372.32,46522.94,318.41435,2022-04-04 21:30:00
1649108700000,46522.93,46564.76,46370.0,46449.06,313.00567,2022-04-04 21:45:00
1649109600000,46449.07,46509.35,46384.51,46425.01,367.1779,2022-04-04 22:00:00
1649110500000,46425.01,46457.86,46372.05,46405.49,193.82326,2022-04-04 22:15:00
1649111400000,46405.5,46720.0,46403.48,46623.54,688.81162,2022-04-04 22:30:00
1649112300000,46623.54,46856.35,46623.53,46666.67,592.17725,2022-04-04 22:45:00
1649113200000,46666.67,46726.7,46619.41,46674.63,254.85933,2022-04-04 23:00:00
1649114100000,46674.63,46857.75,46622.25,46806.29,536.89976,2022-04-04 23:15:00
1649115000000,46806.3,46890.71,46571.67,46623.39,786.88724,2022-04-04 23:30:00
1649115900000,46623.4,46623.4,46547.25,46580.51,315.72743,2022-04-04 23:45:00
1649116800000,46580.5,46649.42,46496.03,46608.51,534.47963,2022-04-05 00:00:00
1649117700000,46608.51,46622.25,46559.94,46564.21,284.97614,2022-04-05 00:15:00
1649118600000,46564.21,46585.0,46412.62,46494.16,387.99291,2022-04-05 00:30:00
1649119500000,46494.17,46545.9,46482.71,46512.01,308.71454,2022-04-05 00:45:00
1649120400000,46512.01,46554.86,46451.78,46464.88,204.55896,2022-04-05 01:00:00
1649121300000,46464.88,46550.0,46464.87,46521.03,203.34578,2022-04-05 01:15:00
1649122200000,46521.03,46594.5,46521.02,46591.34,165.45618,2022-04-05 01:30:00
1649123100000,46591.33,46694.66,46591.14,46632.24,312.47867,2022-04-05 01:45:00
1649124000000,46632.23,46734.17,46624.85,46712.27,342.62824,2022-04-05 02:00:00
1649124900000,46712.27,46759.79,46577.0,46594.28,321.18885,2022-04-05 02:15:00
1649125800000,46594.28,46617.42,46555.55,46617.42,165.78551,2022-04-05 02:30:00
1649126700000,46617.42,46657.48,46575.95,46626.0,250.59658,2022-04-05 02:45:00
1649127600000,46626.01,46777.77,46620.01,46711.96,267.3852,2022-04-05 03:00:00
1649128500000,46711.95,46730.13,46594.27,46649.02,230.32407,2022-04-05 03:15:00
1649129400000,46649.02,46713.5,46608.5,46608.5,207.98502,2022-04-05 03:30:00
1649130300000,46608.5,46645.83,46596.0,46645.82,134.59027,2022-04-05 03:45:00
1649131200000,46645.83,46766.05,46617.77,46732.39,366.90416,2022-04-05 04:00:00
1649132100000,46732.39,46750.0,46669.46,46698.04,357.21853,2022-04-05 04:15:00
1649133000000,46698.04,46884.49,46697.6,46843.27,375.47598,2022-04-05 04:30:00
1649133900000,46843.26,46883.81,46770.0,46770.01,267.60458,2022-04-05 04:45:00
1649134800000,46770.0,46833.06,46710.1,46726.33,227.74399,2022-04-05 05:00:00
1649135700000,46726.32,46777.97,46707.86,46768.0,109.41841,2022-04-05 05:15:00
1649136600000,46768.01,46799.05,46732.81,46732.98,198.84009,2022-04-05 05:30:00
1649137500000,46732.98,46743.47,46699.0,46699.99,175.53992,2022-04-05 05:45:00
1649138400000,46700.0,46748.38,46682.88,46747.51,171.89136,2022-04-05 06:00:00
1649139300000,46747.51,46754.76,46660.0,46660.0,198.62329,2022-04-05 06:15:00
1649140200000,46660.01,46676.46,46644.72,46644.72,109.09395,2022-04-05 06:30:00
1649141100000,46644.72,46655.69,46549.82,46609.29,346.33113,2022-04-05 06:45:00
1649142000000,46609.29,46668.18,46570.03,46587.15,206.33472,2022-04-05 07:00:00
1649142900000,46587.14,46667.03,46567.67,46666.26,158.73379,2022-04-05 07:15:00
1649143800000,46666.27,46742.5,46658.64,46738.59,251.98668,2022-04-05 07:30:00
1649144700000,46738.58,46738.59,46691.99,46709.99,184.27277,2022-04-05 07:45:00
1649145600000,46710.0,46737.89,46612.77,46643.03,347.55402,2022-04-05 08:00:00
1649146500000,46643.03,46656.73,46590.0,46607.46,182.81726,2022-04-05 08:15:00
1649147400000,46607.46,46644.94,46561.92,46609.97,206.71082,2022-04-05 08:30:00
1649148300000,46609.96,46672.76,46580.41,46665.89,188.24156,2022-04-05 08:45:00
1649149200000,46665.88,46671.04,46615.14,46636.89,215.18085,2022-04-05 09:00:00
1649150100000,46636.88,46685.17,46619.5,46684.61,253.71055,2022-04-05 09:15:00
1649151000000,46684.62,46703.99,46590.79,46603.45,162.45609,2022-04-05 09:30:00
1649151900000,46603.45,46607.03,46558.8,46571.41,833.5502,2022-04-05 09:45:00
1649152800000,46571.42,46650.0,46522.52,46643.11,987.34693,2022-04-05 10:00:00
1649153700000,46643.1,46678.17,46600.0,46606.9,294.55376,2022-04-05 10:15:00
1649154600000,46606.91,46664.52,46590.05,46664.31,166.31533,2022-04-05 10:30:00
1649155500000,46664.32,46680.5,46640.98,46648.71,138.95842,2022-04-05 10:45:00
1649156400000,46648.71,46734.68,46560.69,46724.55,286.34192,2022-04-05 11:00:00
1649157300000,46724.55,46740.0,46612.09,46612.1,195.315,2022-04-05 11:15:00
1649158200000,46612.1,46697.73,46580.0,46665.03,243.54892,2022-04-05 11:30:00
1649159100000,46665.03,46687.36,46610.0,46683.37,143.85794,2022-04-05 11:45:00
1649160000000,46683.37,46765.91,46676.0,46745.22,407.30644,2022-04-05 12:00:00
1649160900000,46745.21,47200.0,46741.85,47147.28,1749.34488,2022-04-05 12:15:00
1649161800000,47147.29,47192.44,46840.0,46902.16,958.29515,2022-04-05 12:30:00
1649162700000,46902.15,46978.64,46767.55,46767.99,611.63674,2022-04-05 12:45:00
1649163600000,46767.99,46861.53,46427.92,46430.33,797.69255,2022-04-05 13:00:00
1649164500000,46430.32,46599.0,46333.0,46404.92,1303.11352,2022-04-05 13:15:00
1649165400000,46404.93,46542.71,46372.07,46514.68,882.56005,2022-04-05 13:30:00
1649166300000,46514.69,46591.99,46341.95,46423.92,597.4623,2022-04-05 13:45:00
1649167200000,46423.91,46466.13,45976.65,46036.08,2297.01912,2022-04-05 14:00:00
1649168100000,46036.08,46070.5,45843.37,45934.0,1579.90602,2022-04-05 14:15:00
1649169000000,45933.99,45987.3,45754.39,45797.51,1026.82195,2022-04-05 14:30:00
1649169900000,45797.51,45916.5,45765.4,45820.0,881.7273,2022-04-05 14:45:00
1649170800000,45820.0,45920.39,45667.4,45844.99,915.8635,2022-04-05 15:00:00
1649171700000,45844.99,45895.0,45710.97,45764.61,529.56565,2022-04-05 15:15:00
1649172600000,45764.61,45833.73,45702.85,45754.56,433.20902,2022-04-05 15:30:00
1649173500000,45754.57,45804.45,45719.56,45763.72,324.61304,2022-04-05 15:45:00
1649174400000,45763.73,46022.33,45600.0,46013.39,870.29023,2022-04-05 16:00:00
1649175300000,46013.39,46022.33,45850.0,45857.0,641.21396,2022-04-05 16:15:00
1649176200000,45856.99,45882.07,45777.7,45795.92,320.90552,2022-04-05 16:30:00
1649177100000,45795.91,45930.9,45732.48,45928.96,455.78126,2022-04-05 16:45:00
1649178000000,45928.97,46056.74,45900.01,45993.0,626.10951,2022-04-05 17:00:00
1649178900000,45993.0,46037.77,45950.0,46024.99,572.9952,2022-04-05 17:15:00
1649179800000,46024.99,46191.0,45991.71,46112.49,487.96927,2022-04-05 17:30:00
1649180700000,46112.5,46135.0,45896.61,45969.01,573.49445,2022-04-05 17:45:00
1649181600000,45969.01,45987.19,45867.36,45922.15,262.69749,2022-04-05 18:00:00
1649182500000,45922.15,45986.5,45886.13,45958.49,183.43108,2022-04-05 18:15:00
1649183400000,45958.49,45980.92,45875.0,45948.02,208.00255,2022-04-05 18:30:00
1649184300000,45948.02,45982.99,45892.12,45893.04,173.01365,2022-04-05 18:45:00
1649185200000,45893.04,45930.0,45555.6,45649.55,845.57916,2022-04-05 19:00:00
1649186100000,45649.56,46050.0,45457.89,45985.39,1899.96289,2022-04-05 19:15:00
1649187000000,45985.4,45985.4,45892.21,45967.77,334.81268,2022-04-05 19:30:00
1649187900000,45967.77,46041.59,45924.48,46032.5,415.75359,2022-04-05 19:45:00
1649188800000,46032.49,46107.58,45869.68,45998.85,673.33335,2022-04-05 20:00:00
1649189700000,45998.85,45998.86,45837.89,45862.45,300.23851,2022-04-05 20:15:00
1649190600000,45862.46,45862.46,45627.42,45671.51,320.73028,2022-04-05 20:30:00
1649191500000,45671.5,45882.56,45648.51,45877.97,349.21641,2022-04-05 20:45:00
1649192400000,45877.97,45937.99,45790.0,45893.01,483.4844,2022-04-05 21:00:00
1649193300000,45892.48,45917.0,45744.52,45853.52,158.09758,2022-04-05 21:15:00
1649194200000,45853.53,45896.06,45853.52,45883.31,124.55048,2022-04-05 21:30:00
1649195100000,45883.31,45958.81,45805.65,45953.55,127.66305,2022-04-05 21:45:00
1649196000000,45953.56,45972.72,45850.0,45958.9,176.27541,2022-04-05 22:00:00
1649196900000,45958.91,45962.55,45862.75,45874.09,128.80178,2022-04-05 22:15:00
1649197800000,45874.09,46023.08,45874.02,46009.81,187.42009,2022-04-05 22:30:00
1649198700000,46009.81,46050.22,45790.72,45854.49,274.90503,2022-04-05 22:45:00
1649199600000,45854.5,45871.81,45788.24,45848.22,177.30824,2022-04-05 23:00:00
1649200500000,45848.21,45884.83,45710.7,45740.0,235.11877,2022-04-05 23:15:00
1649201400000,45740.0,45885.7,45723.4,45761.92,194.85986,2022-04-05 23:30:00
1649202300000,45761.92,45761.93,45353.81,45497.55,1237.63609,2022-04-05 23:45:00
1649203200000,45497.54,45506.67,44971.07,45056.39,2079.15669,2022-04-06 00:00:00
1649204100000,45056.38,45263.98,44412.0,44936.51,2949.34062,2022-04-06 00:15:00
1649205000000,44936.5,45080.73,44760.28,44950.03,916.55709,2022-04-06 00:30:00
1649205900000,44950.02,45115.0,44906.33,45005.88,500.46482,2022-04-06 00:45:00
1649206800000,45005.88,45265.31,44963.13,45120.01,665.37982,2022-04-06 01:00:00
1649207700000,45120.0,45365.48,45117.5,45241.67,523.37978,2022-04-06 01:15:00
1649208600000,45241.66,45241.67,45136.77,45170.22,305.5859,2022-04-06 01:30:00
1649209500000,45170.22,45199.79,45132.16,45188.86,182.94784,2022-04-06 01:45:00
1649210400000,45188.87,45314.3,45150.0,45248.0,303.59172,2022-04-06 02:00:00
1649211300000,45248.01,45368.29,45227.0,45290.55,208.75486,2022-04-06 02:15:00
1649212200000,45290.56,45356.84,45270.41,45304.0,183.232,2022-04-06 02:30:00
1649213100000,45304.0,45313.9,45209.87,45220.87,152.5686,2022-04-06 02:45:00
1649214000000,45220.86,45240.0,45139.93,45171.93,215.4956,2022-04-06 03:00:00
1649214900000,45171.94,45278.66,45152.67,45229.99,203.68446,2022-04-06 03:15:00
1649215800000,45229.99,45289.48,45224.78,45260.36,165.33409,2022-04-06 03:30:00
1649216700000,45260.36,45286.28,45165.57,45215.88,151.69383,2022-04-06 03:45:00
1649217600000,45215.88,45290.0,45119.0,45279.5,312.48002,2022-04-06 04:00:00
1649218500000,45279.51,45356.5,45279.5,45287.37,215.67822,2022-04-06 04:15:00
1649219400000,45287.38,45347.04,45237.37,45341.42,159.95134,2022-04-06 04:30:00
1649220300000,45341.42,45375.38,45308.73,45335.34,187.51295,2022-04-06 04:45:00
1649221200000,45335.34,45420.0,45309.99,45413.1,169.4324,2022-04-06 05:00:00
1649222100000,45413.11,45444.83,45311.13,45332.36,206.98241,2022-04-06 05:15:00
1649223000000,45332.36,45388.57,45302.0,45360.93,158.26653,2022-04-06 05:30:00
1649223900000,45360.93,45400.01,45334.18,45375.0,201.28349,2022-04-06 05:45:00
1649224800000,45374.99,45386.76,45286.6,45302.44,230.11997,2022-04-06 06:00:00
1649225700000,45302.44,45391.9,45251.43,45350.0,424.29614,2022-04-06 06:15:00
1649226600000,45350.0,45482.5,45350.0,45414.04,371.69705,2022-04-06 06:30:00
1649227500000,45414.05,45479.0,45401.0,45464.26,301.31982,2022-04-06 06:45:00
1649228400000,45464.27,45507.14,45431.08,45465.01,345.37825,2022-04-06 07:00:00
1649229300000,45465.0,45480.0,45421.76,45450.0,259.14362,2022-04-06 07:15:00
1649230200000,45449.99,45450.0,45298.59,45352.86,400.34186,2022-04-06 07:30:00
1649231100000,45352.87,45358.82,45233.59,45276.04,257.39106,2022-04-06 07:45:00
1649232000000,45276.04,45317.03,45177.48,45215.8,357.37472,2022-04-06 08:00:00
1649232900000,45215.81,45290.0,45177.72,45263.18,325.57095,2022-04-06 08:15:00
1649233800000,45263.19,45345.96,45244.49,45307.49,219.64563,2022-04-06 08:30:00
1649234700000,45307.49,45399.28,45293.89,45366.85,312.06684,2022-04-06 08:45:00
1649235600000,45366.85,45393.25,45298.99,45319.99,223.50238,2022-04-06 09:00:00
1649236500000,45319.99,45332.35,45241.93,45242.37,232.79583,2022-04-06 09:15:00
1649237400000,45242.38,45317.0,45242.37,45307.01,181.77163,2022-04-06 09:30:00
1649238300000,45307.01,45335.48,45205.01,45330.2,204.58345,2022-04-06 09:45:00
1649239200000,45330.19,45339.85,45178.57,45182.14,236.71545,2022-04-06 10:00:00
1649240100000,45182.14,45453.94,45008.02,45436.5,936.13116,2022-04-06 10:15:00
1649241000000,45436.5,45437.78,45132.66,45226.99,385.29667,2022-04-06 10:30:00
1649241900000,45227.0,45247.0,45066.0,45072.53,439.70724,2022-04-06 10:45:00
1649242800000,45072.54,45114.27,44777.77,44811.87,1341.4263,2022-04-06 11:00:00
1649243700000,44811.86,44913.59,44665.91,44714.99,911.17314,2022-04-06 11:15:00
1649244600000,44716.0,44989.99,44700.0,44898.12,734.16516,2022-04-06 11:30:00
1649245500000,44898.11,45063.94,44773.5,44819.19,713.77194,2022-04-06 11:45:00
1649246400000,44819.19,44926.95,44670.01,44923.36,833.09841,2022-04-06 12:00:00
1649247300000,44923.35,44999.99,44799.75,44916.63,716.92954,2022-04-06 12:15:00
1649248200000,44916.63,44916.64,44760.62,44888.49,443.50059,2022-04-06 12:30:00
1649249100000,44888.49,44896.62,44751.0,44751.0,361.82927,2022-04-06 12:45:00
1649250000000,44751.0,44941.21,44720.0,44891.0,372.62539,2022-04-06 13:00:00
1649250900000,44891.0,44943.54,44772.0,44897.79,321.35892,2022-04-06 13:15:00
1649251800000,44897.78,44965.83,44529.01,44575.15,1137.47769,2022-04-06 13:30:00
1649252700000,44575.16,44698.5,44130.12,44165.9,2966.77549,2022-04-06 13:45:00
1649253600000,44165.9,44251.5,43769.17,43976.75,3291.18205,2022-04-06 14:00:00
1649254500000,43976.75,44167.08,43969.99,44163.42,1127.55491,2022-04-06 14:15:00
1649255400000,44163.42,44496.97,44121.09,44307.23,1058.17832,2022-04-06 14:30:00
1649256300000,44307.23,44389.37,44232.9,44258.99,563.04161,2022-04-06 14:45:00
1649257200000,44258.99,44305.39,44038.67,44070.89,1005.71666,2022-04-06 15:00:00
1649258100000,44070.9,44142.64,43847.83,43889.5,1025.27722,2022-04-06 15:15:00
1649259000000,43889.5,44135.83,43705.64,44135.83,1328.97156,2022-04-06 15:30:00
1649259900000,44135.52,44272.54,44098.25,44168.35,585.43362,2022-04-06 15:45:00
1649260800000,44168.36,44274.8,44068.92,44082.15,734.2465,2022-04-06 16:00:00
1649261700000,44082.16,44130.28,43841.01,43853.56,794.55084,2022-04-06 16:15:00
1649262600000,43853.57,43929.91,43566.01,43776.29,1696.99453,2022-04-06 16:30:00
1649263500000,43776.28,43832.29,43594.82,43781.3,760.73912,2022-04-06 16:45:00
1649264400000,43781.3,43781.3,43393.74,43559.42,1601.96357,2022-04-06 17:00:00
1649265300000,43559.42,43783.3,43536.5,43717.32,682.73776,2022-04-06 17:15:00
1649266200000,43717.32,43883.99,43632.67,43825.63,451.25966,2022-04-06 17:30:00
1649267100000,43825.63,43940.38,43815.28,43815.28,469.15404,2022-04-06 17:45:00
1649268000000,43815.28,44298.61,43646.89,43683.33,2188.561,2022-04-06 18:00:00
1649268900000,43683.33,43683.34,43177.11,43428.76,1886.82366,2022-04-06 18:15:00
1649269800000,43428.76,43787.87,43391.89,43724.96,1247.34153,2022-04-06 18:30:00
1649270700000,43724.95,43965.18,43677.22,43837.63,1160.94138,2022-04-06 18:45:00
1649271600000,43837.64,43973.01,43644.1,43792.39,1038.35081,2022-04-06 19:00:00
1649272500000,43792.38,43826.17,43623.2,43668.87,786.89489,2022-04-06 19:15:00
1649273400000,43668.87,43714.45,43527.09,43706.34,482.46518,2022-04-06 19:30:00
1649274300000,43706.33,43860.0,43690.0,43754.57,458.3977,2022-04-06 19:45:00
1649275200000,43754.56,44041.1,43725.34,43797.68,572.45039,2022-04-06 20:00:00
1649276100000,43798.15,43941.63,43760.0,43937.67,269.98601,2022-04-06 20:15:00
1649277000000,43937.68,43959.22,43793.51,43793.52,240.98423,2022-04-06 20:30:00
1649277900000,43793.51,43964.69,43793.51,43877.45,270.52183,2022-04-06 20:45:00
1649278800000,43877.45,43999.0,43819.38,43873.17,230.63632,2022-04-06 21:00:00
1649279700000,43873.17,43996.2,43856.56,43991.81,185.24728,2022-04-06 21:15:00
1649280600000,43991.81,43991.82,43795.71,43810.01,314.0657,2022-04-06 21:30:00
1649281500000,43810.01,43929.99,43792.47,43845.82,248.01106,2022-04-06 21:45:00
1649282400000,43845.81,43865.27,43790.75,43858.34,233.02265,2022-04-06 22:00:00
1649283300000,43858.34,43860.51,43661.56,43720.0,306.97524,2022-04-06 22:15:00
1649284200000,43719.99,43756.1,43592.78,43612.95,254.66389,2022-04-06 22:30:00
1649285100000,43612.95,43658.07,43484.71,43511.33,331.51639,2022-04-06 22:45:00
1649286000000,43511.33,43609.56,43280.0,43380.29,665.46969,2022-04-06 23:00:00
1649286900000,43380.29,43564.15,43378.06,43480.59,221.78274,2022-04-06 23:15:00
1649287800000,43480.59,43510.34,43227.61,43359.87,530.16363,2022-04-06 23:30:00
1649288700000,43359.88,43366.59,43121.0,43170.47,729.31755,2022-04-06 23:45:00
1649289600000,43170.47,43387.01,43111.0,43376.03,808.83578,2022-04-07 00:00:00
1649290500000,43376.02,43494.83,43361.02,43454.1,406.33039,2022-04-07 00:15:00
1649291400000,43454.09,43559.09,43401.39,43404.5,351.62358,2022-04-07 00:30:00
1649292300000,43404.51,43404.51,42727.35,42894.3,2171.6598,2022-04-07 00:45:00
1649293200000,42894.3,43227.23,42868.81,43163.97,1027.13881,2022-04-07 01:00:00
1649294100000,43163.98,43223.7,42970.02,43190.9,450.23755,2022-04-07 01:15:00
1649295000000,43190.9,43335.02,43120.13,43325.3,439.84904,2022-04-07 01:30:00
1649295900000,43325.31,43410.16,43245.13,43374.97,307.7425,2022-04-07 01:45:00
1649296800000,43374.97,43430.0,43269.27,43274.79,263.47477,2022-04-07 02:00:00
1649297700000,43274.78,43313.76,43129.48,43149.01,271.84832,2022-04-07 02:15:00
1649298600000,43149.01,43353.28,43120.14,43195.29,385.57071,2022-04-07 02:30:00
1649299500000,43195.29,43394.57,43156.02,43350.91,305.61706,2022-04-07 02:45:00
1649300400000,43350.92,43409.96,43237.54,43269.28,303.71853,2022-04-07 03:00:00
1649301300000,43269.28,43336.7,43196.0,43196.93,304.17437,2022-04-07 03:15:00
1649302200000,43196.94,43325.15,43157.0,43302.07,281.81764,2022-04-07 03:30:00
1649303100000,43302.06,43391.16,43218.71,43294.04,366.04192,2022-04-07 03:45:00
1649304000000,43294.04,43365.41,43242.87,43242.89,284.75084,2022-04-07 04:00:00
1649304900000,43242.88,43362.13,43210.47,43358.3,228.19968,2022-04-07 04:15:00
1649305800000,43358.3,43395.07,43282.8,43291.55,212.75257,2022-04-07 04:30:00
1649306700000,43291.55,43494.48,43269.38,43395.57,443.8897,2022-04-07 04:45:00
1649307600000,43395.57,43465.18,43282.03,43316.79,460.33977,2022-04-07 05:00:00
1649308500000,43316.78,43364.16,43295.0,43309.56,237.80001,2022-04-07 05:15:00
1649309400000,43309.56,43325.7,43225.0,43236.59,232.54147,2022-04-07 05:30:00
1649310300000,43236.59,43424.13,43231.6,43399.99,286.87211,2022-04-07 05:45:00
1649311200000,43399.99,43441.24,43300.0,43360.11,281.91653,2022-04-07 06:00:00
1649312100000,43360.1,43440.0,43350.1,43424.02,159.97293,2022-04-07 06:15:00
1649313000000,43424.02,43497.63,43396.81,43481.97,219.57824,2022-04-07 06:30:00
1649313900000,43481.98,43488.95,43377.22,43380.94,267.64612,2022-04-07 06:45:00
1649314800000,43380.94,43486.11,43366.01,43482.68,284.16796,2022-04-07 07:00:00
1649315700000,43482.68,43523.3,43442.33,43486.72,337.22945,2022-04-07 07:15:00
1649316600000,43486.72,43545.74,43460.0,43462.11,364.58484,2022-04-07 07:30:00
1649317500000,43462.12,43520.1,43445.33,43445.33,260.4429,2022-04-07 07:45:00
1649318400000,43445.34,43495.63,43434.6,43463.31,269.22989,2022-04-07 08:00:00
1649319300000,43463.3,43516.61,43421.31,43516.61,218.80408,2022-04-07 08:15:00
1649320200000,43516.6,43553.14,43440.38,43447.53,248.38081,2022-04-07 08:30:00
1649321100000,43447.53,43521.93,43433.59,43521.92,227.81295,2022-04-07 08:45:00
1649322000000,43521.92,43521.93,43342.59,43375.66,364.42618,2022-04-07 09:00:00
1649322900000,43375.66,43394.84,43269.5,43325.58,266.05663,2022-04-07 09:15:00
1649323800000,43325.58,43488.98,43325.58,43447.45,264.6312,2022-04-07 09:30:00
1649324700000,43447.45,43474.68,43357.88,43457.98,296.75691,2022-04-07 09:45:00
1649325600000,43457.98,43484.27,43400.43,43455.31,349.5642,2022-04-07 10:00:00
1649326500000,43455.3,43473.03,43390.76,43400.01,245.81487,2022-04-07 10:15:00
1649327400000,43400.01,43412.92,43328.99,43369.07,192.02279,2022-04-07 10:30:00
1649328300000,43369.06,43450.0,43361.64,43409.73,167.4995,2022-04-07 10:45:00
1649329200000,43409.74,43747.05,43302.01,43559.24,1255.21088,2022-04-07 11:00:00
1649330100000,43559.24,43615.98,43475.79,43554.75,315.88757,2022-04-07 11:15:00
1649331000000,43554.76,43834.52,43542.49,43828.61,792.08291,2022-04-07 11:30:00
1649331900000,43828.6,43830.87,43680.33,43766.74,446.28915,2022-04-07 11:45:00
1649332800000,43766.75,43900.99,43736.82,43784.86,470.23942,2022-04-07 12:00:00
1649333700000,43784.85,43842.75,43782.29,43797.1,367.28949,2022-04-07 12:15:00
1649334600000,43797.1,43797.1,43603.94,43646.74,438.99958,2022-04-07 12:30:00
1649335500000,43646.73,43691.9,43551.74,43554.97,355.10702,2022-04-07 12:45:00
1649336400000,43554.97,43610.0,43357.31,43406.95,544.04133,2022-04-07 13:00:00
1649337300000,43406.95,43532.42,43351.4,43392.63,404.81097,2022-04-07 13:15:00
1649338200000,43392.64,43670.92,43330.09,43491.32,736.47831,2022-04-07 13:30:00
1649339100000,43491.32,43683.86,43479.94,43659.98,582.84741,2022-04-07 13:45:00
1649340000000,43659.98,43781.97,43547.62,43624.14,598.85143,2022-04-07 14:00:00
1649340900000,43624.14,43624.14,43473.65,43498.88,471.30992,2022-04-07 14:15:00
1649341800000,43498.87,43598.99,43370.0,43404.23,483.58344,2022-04-07 14:30:00
1649342700000,43404.24,43495.0,43352.98,43420.69,555.87228,2022-04-07 14:45:00
1649343600000,43420.69,43572.81,43129.42,43254.85,1154.50256,2022-04-07 15:00:00
1649344500000,43254.85,43356.27,43160.04,43160.05,630.60634,2022-04-07 15:15:00
1649345400000,43160.05,43289.12,43024.86,43235.0,630.82705,2022-04-07 15:30:00
1649346300000,43235.0,43362.47,43234.99,43331.81,388.19802,2022-04-07 15:45:00
1649347200000,43331.82,43494.22,43308.53,43482.86,615.57859,2022-04-07 16:00:00
1649348100000,43482.85,43482.86,43360.0,43402.62,322.88363,2022-04-07 16:15:00
1649349000000,43402.63,43478.71,43332.11,43352.11,355.72374,2022-04-07 16:30:00
1649349900000,43352.12,43497.28,43266.68,43494.0,273.72523,2022-04-07 16:45:00
1649350800000,43494.0,43684.16,43472.05,43632.07,631.51406,2022-04-07 17:00:00
1649351700000,43632.08,43695.12,43579.48,43655.6,417.524,2022-04-07 17:15:00
1649352600000,43655.61,43687.71,43566.06,43579.53,260.47735,2022-04-07 17:30:00
1649353500000,43579.53,43690.99,43514.48,43657.68,325.2289,2022-04-07 17:45:00
1649354400000,43657.68,43700.0,43627.31,43676.76,343.97804,2022-04-07 18:00:00
1649355300000,43676.76,43819.99,43642.48,43670.89,481.28434,2022-04-07 18:15:00
1649356200000,43670.88,43672.69,43514.01,43611.36,451.81319,2022-04-07 18:30:00
1649357100000,43611.37,43729.9,43581.0,43702.95,358.90495,2022-04-07 18:45:00
1649358000000,43702.96,43772.52,43685.44,43706.31,336.9903,2022-04-07 19:00:00
1649358900000,43706.32,43722.43,43494.29,43507.4,300.88929,2022-04-07 19:15:00
1649359800000,43507.4,43545.05,43471.08,43493.04,275.30161,2022-04-07 19:30:00
1649360700000,43493.05,43539.99,43375.36,43388.92,348.47316,2022-04-07 19:45:00
1649361600000,43388.93,43454.37,43376.23,43433.01,152.38845,2022-04-07 20:00:00
1649362500000,43433.01,43463.76,43391.04,43459.73,135.29531,2022-04-07 20:15:00
1649363400000,43459.73,43570.0,43457.1,43552.47,247.31053,2022-04-07 20:30:00
1649364300000,43552.46,43600.06,43550.0,43567.36,179.68625,2022-04-07 20:45:00
1649365200000,43567.35,43596.3,43488.73,43550.0,187.44134,2022-04-07 21:00:00
1649366100000,43550.0,43550.01,43208.0,43307.16,423.5934,2022-04-07 21:15:00
1649367000000,43307.16,43516.27,43307.16,43394.8,180.15461,2022-04-07 21:30:00
1649367900000,43394.79,43564.15,43383.01,43520.07,163.12044,2022-04-07 21:45:00
1649368800000,43520.07,43570.0,43466.64,43528.01,204.08447,2022-04-07 22:00:00
1649369700000,43528.02,43583.46,43483.34,43525.68,167.25252,2022-04-07 22:15:00
1649370600000,43525.68,43585.18,43499.92,43535.39,122.79952,2022-04-07 22:30:00
1649371500000,43535.4,43635.24,43520.92,43629.73,306.47625,2022-04-07 22:45:00
1649372400000,43629.72,43684.16,43591.4,43675.8,312.92475,2022-04-07 23:00:00
1649373300000,43675.81,43750.0,43580.65,43609.97,282.58617,2022-04-07 23:15:00
1649374200000,43609.98,43653.26,43554.19,43564.44,212.02874,2022-04-07 23:30:00
1649375100000,43564.45,43584.63,43425.22,43444.19,276.70745,2022-04-07 23:45:00
1649376000000,43444.2,43527.36,43325.99,43521.74,378.98212,2022-04-08 00:00:00
1649376900000,43521.73,43522.18,43381.58,43386.96,178.68405,2022-04-08 00:15:00
1649377800000,43386.96,43453.27,43345.04,43427.49,211.69757,2022-04-08 00:30:00
1649378700000,43427.5,43448.2,43305.57,43327.46,234.92948,2022-04-08 00:45:00
1649379600000,43327.47,43600.0,43310.0,43586.12,503.22595,2022-04-08 01:00:00
1649380500000,43586.13,43586.13,43501.23,43546.87,127.67805,2022-04-08 01:15:00
1649381400000,43546.87,43626.1,43515.22,43585.75,229.25379,2022-04-08 01:30:00
1649382300000,43585.74,43647.92,43569.97,43607.61,160.94958,2022-04-08 01:45:00
1649383200000,43607.61,43664.73,43588.0,43604.44,169.50134,2022-04-08 02:00:00
1649384100000,43604.44,43654.24,43566.38,43603.87,174.35913,2022-04-08 02:15:00
1649385000000,43603.86,43679.79,43575.72,43660.0,190.91368,2022-04-08 02:30:00
1649385900000,43660.0,43694.15,43593.51,43615.63,237.70488,2022-04-08 02:45:00
1649386800000,43615.63,43691.83,43600.0,43656.58,175.69707,2022-04-08 03:00:00
1649387700000,43656.58,43673.0,43613.02,43647.8,126.38228,2022-04-08 03:15:00
1649388600000,43647.8,43647.81,43569.21,43575.65,105.65258,2022-04-08 03:30:00
1649389500000,43575.66,43637.16,43550.0,43605.96,139.72572,2022-04-08 03:45:00
1649390400000,43605.95,43659.83,43578.81,43636.21,115.73484,2022-04-08 04:00:00
1649391300000,43636.22,43636.22,43565.54,43588.03,98.26017,2022-04-08 04:15:00
1649392200000,43588.03,43618.14,43516.04,43516.04,112.43214,2022-04-08 04:30:00
1649393100000,43516.04,43548.42,43491.46,43543.02,183.55147,2022-04-08 04:45:00
1649394000000,43543.03,43575.51,43476.97,43574.14,142.49275,2022-04-08 05:00:00
1649394900000,43574.15,43600.0,43565.11,43598.87,137.47785,2022-04-08 05:15:00
1649395800000,43598.87,43656.25,43569.78,43647.51,174.49073,2022-04-08 05:30:00
1649396700000,43647.51,43678.2,43637.04,43654.3,204.68233,2022-04-08 05:45:00
1649397600000,43654.3,43672.53,43605.79,43616.05,274.99241,2022-04-08 06:00:00
1649398500000,43616.04,43649.84,43520.0,43553.78,392.60117,2022-04-08 06:15:00
1649399400000,43553.78,43569.98,43484.28,43499.99,244.67265,2022-04-08 06:30:00
1649400300000,43499.99,43616.96,43494.65,43573.45,275.17261,2022-04-08 06:45:00
1649401200000,43573.45,43638.59,43554.19,43627.47,179.89236,2022-04-08 07:00:00
1649402100000,43627.47,43639.99,43431.03,43431.08,283.19878,2022-04-08 07:15:00
1649403000000,43431.07,43500.0,43416.74,43462.82,450.31414,2022-04-08 07:30:00
1649403900000,43462.82,43780.32,43438.19,43763.52,642.99762,2022-04-08 07:45:00
1649404800000,43763.53,43864.99,43678.57,43835.85,816.21816,2022-04-08 08:00:00
1649405700000,43835.85,43890.0,43787.86,43799.98,478.70636,2022-04-08 08:15:00
1649406600000,43799.99,43799.99,43650.0,43782.08,464.05276,2022-04-08 08:30:00
1649407500000,43782.08,43970.62,43700.0,43700.33,575.91421,2022-04-08 08:45:00
1649408400000,43700.33,43754.59,43669.8,43720.15,291.29806,2022-04-08 09:00:00
1649409300000,43720.15,43772.45,43696.01,43746.39,198.30197,2022-04-08 09:15:00
1649410200000,43746.4,43749.44,43590.4,43593.33,277.27602,2022-04-08 09:30:00
1649411100000,43593.33,43636.8,43499.83,43588.73,466.45311,2022-04-08 09:45:00
1649412000000,43588.72,43621.85,43514.13,43539.17,275.9704,2022-04-08 10:00:00
1649412900000,43539.17,43561.48,43500.1,43536.13,225.11447,2022-04-08 10:15:00
1649413800000,43536.12,43612.17,43536.12,43569.47,204.49452,2022-04-08 10:30:00
1649414700000,43569.47,43597.76,43548.49,43558.51,182.37862,2022-04-08 10:45:00
1649415600000,43558.51,43561.37,43350.76,43503.88,646.21701,2022-04-08 11:00:00
1649416500000,43503.88,43516.64,43344.41,43380.0,384.50025,2022-04-08 11:15:00
1649417400000,43380.0,43418.72,43260.87,43381.72,590.28886,2022-04-08 11:30:00
1649418300000,43381.71,43396.85,43260.76,43298.79,259.16743,2022-04-08 11:45:00
1649419200000,43298.79,43417.96,43268.02,43352.26,241.29481,2022-04-08 12:00:00
1649420100000,43352.26,43384.46,43274.23,43377.35,223.75512,2022-04-08 12:15:00
1649421000000,43377.35,43408.82,43224.88,43272.69,384.10262,2022-04-08 12:30:00
1649421900000,43272.68,43295.89,43079.05,43151.75,864.2965,2022-04-08 12:45:00
1649422800000,43151.75,43193.9,42929.01,42998.4,951.90527,2022-04-08 13:00:00
1649423700000,42998.4,43089.63,42866.0,42890.71,817.78272,2022-04-08 13:15:00
1649424600000,42890.7,42998.3,42751.01,42845.23,1219.02413,2022-04-08 13:30:00
1649425500000,42845.23,42987.98,42821.49,42906.67,647.48615,2022-04-08 13:45:00
1649426400000,42906.66,43382.23,42888.8,43272.1,987.63341,2022-04-08 14:00:00
1649427300000,43272.1,43574.0,43190.46,43550.12,839.63722,2022-04-08 14:15:00
1649428200000,43550.12,43663.75,43323.32,43332.14,882.45793,2022-04-08 14:30:00
1649429100000,43332.15,43846.15,43300.12,43750.14,1238.46765,2022-04-08 14:45:00
1649430000000,43750.15,43961.99,43732.84,43852.56,890.56797,2022-04-08 15:00:00
1649430900000,43852.56,43886.59,43766.09,43850.0,457.93522,2022-04-08 15:15:00
1649431800000,43850.0,43931.61,43641.92,43650.01,630.57339,2022-04-08 15:30:00
1649432700000,43650.01,43760.79,43587.23,43648.01,428.29531,2022-04-08 15:45:00
1649433600000,43648.01,43714.97,43560.0,43580.8,390.55187,2022-04-08 16:00:00
1649434500000,43580.8,43690.51,43559.39,43655.61,339.02306,2022-04-08 16:15:00
1649435400000,43655.6,43655.61,43565.37,43566.59,261.06129,2022-04-08 16:30:00
1649436300000,43566.59,43580.26,43395.9,43433.71,499.77969,2022-04-08 16:45:00
1649437200000,43433.71,43457.18,43031.92,43082.9,723.51491,2022-04-08 17:00:00
1649438100000,43082.89,43151.61,42851.74,42860.78,1005.87683,2022-04-08 17:15:00
1649439000000,42860.79,43044.4,42801.26,42905.91,851.33517,2022-04-08 17:30:00
1649439900000,42905.9,43013.64,42890.0,43004.38,459.85263,2022-04-08 17:45:00
1649440800000,43004.37,43024.47,42414.0,42617.23,1876.14543,2022-04-08 18:00:00
1649441700000,42617.24,42817.16,42533.82,42693.48,1067.02902,2022-04-08 18:15:00
1649442600000,42693.47,42871.32,42633.33,42837.59,737.24178,2022-04-08 18:30:00
1649443500000,42837.59,43320.76,42813.8,42957.57,1314.88882,2022-04-08 18:45:00
1649444400000,42957.56,43181.61,42907.41,43128.08,475.34806,2022-04-08 19:00:00
1649445300000,43128.08,43192.67,43021.58,43077.29,310.65993,2022-04-08 19:15:00
1649446200000,43077.29,43124.83,42691.8,42877.35,588.13888,2022-04-08 19:30:00
1649447100000,42877.35,42933.36,42657.5,42730.84,585.16618,2022-04-08 19:45:00
1649448000000,42730.84,42870.7,42682.24,42809.22,273.04938,2022-04-08 20:00:00
1649448900000,42809.22,42821.27,42532.96,42654.05,505.06938,2022-04-08 20:15:00
1649449800000,42654.05,42843.09,42611.02,42734.8,262.84298,2022-04-08 20:30:00
1649450700000,42734.79,42824.51,42714.28,42798.74,228.53027,2022-04-08 20:45:00
1649451600000,42798.75,42862.06,42730.0,42795.05,202.71699,2022-04-08 21:00:00
1649452500000,42795.05,42850.93,42731.48,42767.56,230.44875,2022-04-08 21:15:00
1649453400000,42767.56,42768.55,42566.0,42588.98,202.07081,2022-04-08 21:30:00
1649454300000,42588.98,42758.07,42450.88,42563.36,362.38033,2022-04-08 21:45:00
1649455200000,42563.36,42660.03,42441.95,42475.53,320.50785,2022-04-08 22:00:00
1649456100000,42475.52,42533.48,42241.0,42279.41,932.2787,2022-04-08 22:15:00
1649457000000,42279.41,42450.0,42251.49,42369.78,331.65361,2022-04-08 22:30:00
1649457900000,42369.78,42463.09,42295.68,42300.99,219.39292,2022-04-08 22:45:00
1649458800000,42300.98,42370.06,42107.14,42212.01,690.22019,2022-04-08 23:00:00
1649459700000,42212.0,42307.59,42130.0,42155.24,308.5308,2022-04-08 23:15:00
1649460600000,42155.24,42265.2,42116.31,42144.19,235.03288,2022-04-08 23:30:00
1649461500000,42144.18,42330.0,42137.71,42252.01,284.83372,2022-04-08 23:45:00
1649462400000,42252.02,42390.92,42223.23,42375.48,372.28434,2022-04-09 00:00:00
1649463300000,42375.48,42375.48,42160.0,42335.09,566.18759,2022-04-09 00:15:00
1649464200000,42335.08,42371.45,42298.85,42316.77,229.19638,2022-04-09 00:30:00
1649465100000,42316.76,42455.66,42269.11,42435.02,235.42843,2022-04-09 00:45:00
1649466000000,42435.03,42466.87,42333.0,42396.98,223.33372,2022-04-09 01:00:00
1649466900000,42396.98,42447.38,42339.79,42365.81,190.79466,2022-04-09 01:15:00
1649467800000,42365.81,42419.82,42294.33,42332.79,160.28181,2022-04-09 01:30:00
1649468700000,42332.8,42434.27,42309.82,42433.4,174.003,2022-04-09 01:45:00
1649469600000,42433.4,42448.16,42331.39,42339.03,179.55269,2022-04-09 02:00:00
1649470500000,42339.04,42390.0,42290.0,42371.97,160.14865,2022-04-09 02:15:00
1649471400000,42371.97,42371.98,42201.0,42278.95,243.86817,2022-04-09 02:30:00
1649472300000,42278.96,42323.1,42160.63,42180.0,311.09792,2022-04-09 02:45:00
1649473200000,42180.0,42391.17,42125.48,42369.81,382.56634,2022-04-09 03:00:00
1649474100000,42369.81,42385.14,42246.62,42329.23,238.66123,2022-04-09 03:15:00
1649475000000,42329.22,42411.22,42327.97,42340.0,258.04003,2022-04-09 03:30:00
1649475900000,42340.01,42439.22,42332.41,42380.0,121.36224,2022-04-09 03:45:00
1649476800000,42380.0,42424.98,42341.79,42399.57,154.25289,2022-04-09 04:00:00
1649477700000,42399.58,42519.65,42399.57,42458.68,345.6913,2022-04-09 04:15:00
1649478600000,42458.67,42514.93,42447.4,42514.91,167.91153,2022-04-09 04:30:00
1649479500000,42514.92,42560.99,42398.42,42406.82,181.30701,2022-04-09 04:45:00
1649480400000,42406.82,42528.14,42406.01,42520.66,197.49845,2022-04-09 05:00:00
1649481300000,42522.55,42555.16,42477.72,42480.02,191.03736,2022-04-09 05:15:00
1649482200000,42480.02,42534.21,42474.57,42515.53,140.58899,2022-04-09 05:30:00
1649483100000,42515.52,42640.0,42502.65,42586.04,192.12941,2022-04-09 05:45:00
1649484000000,42586.04,42601.84,42475.7,42475.7,205.84091,2022-04-09 06:00:00
1649484900000,42475.71,42500.0,42453.49,42495.56,142.40345,2022-04-09 06:15:00
1649485800000,42495.55,42516.69,42399.72,42462.25,156.69206,2022-04-09 06:30:00
1649486700000,42462.25,42505.33,42440.0,42440.0,101.92995,2022-04-09 06:45:00
1649487600000,42440.01,42482.6,42411.64,42413.57,108.18897,2022-04-09 07:00:00
1649488500000,42413.57,42487.45,42390.72,42390.72,162.4431,2022-04-09 07:15:00
1649489400000,42390.73,42439.01,42364.25,42390.1,151.16827,2022-04-09 07:30:00
1649490300000,42390.1,42515.0,42390.1,42481.09,174.88423,2022-04-09 07:45:00
1649491200000,42481.08,42507.05,42414.01,42445.42,133.60312,2022-04-09 08:00:00
1649492100000,42445.41,42472.7,42372.54,42379.69,145.46643,2022-04-09 08:15:00
1649493000000,42379.69,42509.04,42372.87,42470.46,176.50473,2022-04-09 08:30:00
1649493900000,42470.46,42484.21,42395.63,42463.51,138.82039,2022-04-09 08:45:00
1649494800000,42463.5,42484.0,42436.88,42470.85,102.89501,2022-04-09 09:00:00
1649495700000,42470.84,42470.85,42415.0,42423.33,126.34553,2022-04-09 09:15:00
1649496600000,42423.33,42456.05,42397.66,42406.17,123.87427,2022-04-09 09:30:00
1649497500000,42406.17,42485.44,42398.28,42443.11,122.70904,2022-04-09 09:45:00
1649498400000,42443.11,42455.5,42383.9,42409.97,170.95416,2022-04-09 10:00:00
1649499300000,42409.96,42460.74,42371.61,42371.62,113.48093,2022-04-09 10:15:00
1649500200000,42371.62,42485.44,42322.72,42468.92,181.52504,2022-04-09 10:30:00
1649501100000,42468.92,42480.57,42400.18,42480.56,118.05219,2022-04-09 10:45:00
1649502000000,42480.56,42492.4,42440.34,42492.39,152.63081,2022-04-09 11:00:00
1649502900000,42492.4,42540.0,42444.02,42484.75,199.72578,2022-04-09 11:15:00
1649503800000,42484.75,42505.0,42447.87,42475.72,105.17326,2022-04-09 11:30:00
1649504700000,42475.72,42478.81,42434.36,42445.1,122.97275,2022-04-09 11:45:00
1649505600000,42445.09,42472.88,42409.11,42441.67,164.90146,2022-04-09 12:00:00
1649506500000,42441.68,42465.03,42397.39,42458.95,169.48258,2022-04-09 12:15:00
1649507400000,42458.95,42522.44,42458.95,42491.42,218.39008,2022-04-09 12:30:00
1649508300000,42491.43,42514.46,42442.96,42506.35,154.79685,2022-04-09 12:45:00
1649509200000,42506.34,42519.29,42461.35,42464.08,155.37289,2022-04-09 13:00:00
1649510100000,42464.08,42497.21,42457.56,42496.73,147.889,2022-04-09 13:15:00
1649511000000,42496.72,42509.97,42473.86,42502.19,144.59453,2022-04-09 13:30:00
1649511900000,42502.2,42507.06,42445.72,42456.86,128.67148,2022-04-09 13:45:00
1649512800000,42456.86,42498.68,42367.36,42391.18,229.23837,2022-04-09 14:00:00
1649513700000,42391.18,42500.2,42361.01,42425.49,326.55141,2022-04-09 14:15:00
1649514600000,42425.5,42441.59,42369.5,42435.34,178.94433,2022-04-09 14:30:00
1649515500000,42435.34,42460.0,42380.16,42460.0,158.04754,2022-04-09 14:45:00
1649516400000,42459.99,42466.91,42415.16,42448.99,172.91672,2022-04-09 15:00:00
1649517300000,42449.0,42450.09,42266.91,42362.14,365.26122,2022-04-09 15:15:00
1649518200000,42362.14,42370.9,42250.25,42314.8,330.85202,2022-04-09 15:30:00
1649519100000,42314.79,42345.84,42158.67,42260.77,462.54726,2022-04-09 15:45:00
1649520000000,42253.02,42318.77,42183.6,42293.98,360.41477,2022-04-09 16:00:00
1649520900000,42293.98,42447.62,42290.05,42413.71,230.73855,2022-04-09 16:15:00
1649521800000,42413.71,42457.75,42408.79,42445.55,222.65071,2022-04-09 16:30:00
1649522700000,42445.55,42522.57,42418.54,42445.64,415.18424,2022-04-09 16:45:00
1649523600000,42445.65,42528.96,42410.0,42506.65,123.1745,2022-04-09 17:00:00
1649524500000,42506.64,42522.56,42475.99,42484.72,123.07321,2022-04-09 17:15:00
1649525400000,42484.73,42613.8,42484.72,42577.25,312.73765,2022-04-09 17:30:00
1649526300000,42577.25,42586.75,42545.74,42575.67,135.02517,2022-04-09 17:45:00
1649527200000,42575.67,42631.69,42525.94,42542.68,149.44538,2022-04-09 18:00:00
1649528100000,42542.69,42542.69,42466.01,42483.79,123.18976,2022-04-09 18:15:00
1649529000000,42483.79,42517.42,42456.5,42468.0,93.82152,2022-04-09 18:30:00
1649529900000,42468.0,42486.95,42454.62,42467.82,70.155,2022-04-09 18:45:00
1649530800000,42467.82,42583.9,42448.11,42541.13,300.98425,2022-04-09 19:00:00
1649531700000,42541.13,42548.6,42475.0,42475.01,89.20487,2022-04-09 19:15:00
1649532600000,42475.01,42497.95,42466.81,42490.99,94.35828,2022-04-09 19:30:00
1649533500000,42491.0,42562.45,42490.99,42511.94,124.5472,2022-04-09 19:45:00
1649534400000,42511.95,42629.68,42510.63,42611.48,89.07279,2022-04-09 20:00:00
1649535300000,42611.47,42638.0,42550.0,42550.0,153.34504,2022-04-09 20:15:00
1649536200000,42550.0,42562.07,42504.51,42504.51,63.9973,2022-04-09 20:30:00
1649537100000,42504.51,42504.52,42423.18,42423.18,113.03976,2022-04-09 20:45:00
1649538000000,42423.18,42463.69,42390.0,42460.61,95.96664,2022-04-09 21:00:00
1649538900000,42460.61,42486.18,42428.86,42464.15,114.36263,2022-04-09 21:15:00
1649539800000,42464.15,42577.18,42464.15,42577.18,95.25827,2022-04-09 21:30:00
1649540700000,42577.18,42584.49,42540.0,42558.06,119.54862,2022-04-09 21:45:00
1649541600000,42558.06,42602.23,42548.93,42569.98,117.59306,2022-04-09 22:00:00
1649542500000,42569.98,42634.88,42564.61,42577.74,125.02185,2022-04-09 22:15:00
1649543400000,42577.74,42604.47,42530.25,42530.26,105.69172,2022-04-09 22:30:00
1649544300000,42530.25,42543.42,42501.31,42543.42,90.78424,2022-04-09 22:45:00
1649545200000,42543.42,42566.34,42490.46,42497.23,126.12734,2022-04-09 23:00:00
1649546100000,42497.24,42523.38,42488.23,42523.37,93.59567,2022-04-09 23:15:00
1649547000000,42523.37,42792.0,42518.51,42698.29,496.0297,2022-04-09 23:30:00
1649547900000,42698.28,42800.0,42650.01,42753.97,359.55452,2022-04-09 23:45:00
1649548800000,42753.96,42776.62,42697.0,42722.4,192.37196,2022-04-10 00:00:00
1649549700000,42722.4,42726.7,42669.62,42720.61,128.95268,2022-04-10 00:15:00
1649550600000,42720.62,42727.99,42668.65,42671.84,88.42078,2022-04-10 00:30:00
1649551500000,42671.84,42717.16,42591.0,42632.32,199.8763,2022-04-10 00:45:00
1649552400000,42632.31,42655.55,42597.9,42654.8,100.77716,2022-04-10 01:00:00
1649553300000,42654.8,42731.11,42654.79,42731.11,137.60831,2022-04-10 01:15:00
1649554200000,42731.1,42786.02,42712.32,42768.34,143.6461,2022-04-10 01:30:00
1649555100000,42768.33,42778.48,42750.01,42767.23,107.64132,2022-04-10 01:45:00
1649556000000,42767.22,42797.97,42759.52,42775.08,121.47679,2022-04-10 02:00:00
1649556900000,42775.08,42775.09,42731.1,42762.99,63.41616,2022-04-10 02:15:00
1649557800000,42762.99,42770.0,42735.63,42759.6,79.82791,2022-04-10 02:30:00
1649558700000,42759.6,42896.64,42759.6,42833.03,242.9806,2022-04-10 02:45:00
1649559600000,42833.03,42891.91,42775.74,42861.51,123.24958,2022-04-10 03:00:00
1649560500000,42861.5,42865.62,42811.97,42812.03,147.83004,2022-04-10 03:15:00
1649561400000,42812.03,42812.03,42778.77,42809.82,144.80476,2022-04-10 03:30:00
1649562300000,42809.83,42816.06,42779.89,42785.72,91.20661,2022-04-10 03:45:00
1649563200000,42785.72,42790.36,42737.05,42743.49,101.13279,2022-04-10 04:00:00
1649564100000,42743.49,42782.25,42743.48,42767.28,57.9989,2022-04-10 04:15:00
1649565000000,42767.28,42791.24,42734.68,42734.68,104.4305,2022-04-10 04:30:00
1649565900000,42734.69,42752.46,42706.35,42740.86,81.64652,2022-04-10 04:45:00
1649566800000,42740.86,42779.19,42732.2,42752.71,104.06826,2022-04-10 05:00:00
1649567700000,42752.71,42799.0,42670.4,42682.12,198.54478,2022-04-10 05:15:00
1649568600000,42682.12,42716.37,42682.12,42709.4,91.92165,2022-04-10 05:30:00
1649569500000,42709.39,42711.11,42650.0,42656.7,76.62342,2022-04-10 05:45:00
1649570400000,42656.7,42693.12,42650.21,42650.22,93.57906,2022-04-10 06:00:00
1649571300000,42650.21,42696.87,42645.5,42685.21,103.56683,2022-04-10 06:15:00
1649572200000,42685.21,42786.19,42685.2,42750.16,116.37537,2022-04-10 06:30:00
1649573100000,42750.15,42793.21,42750.15,42785.32,126.32883,2022-04-10 06:45:00
1649574000000,42785.33,42796.01,42642.77,42657.74,245.07967,2022-04-10 07:00:00
1649574900000,42657.73,42663.0,42605.0,42610.98,130.33304,2022-04-10 07:15:00
1649575800000,42610.99,42629.24,42575.4,42622.65,125.54156,2022-04-10 07:30:00
1649576700000,42622.66,42652.0,42622.65,42633.59,67.88045,2022-04-10 07:45:00
1649577600000,42633.59,42681.14,42564.2,42681.13,134.68444,2022-04-10 08:00:00
1649578500000,42681.13,42709.17,42650.0,42684.87,151.94245,2022-04-10 08:15:00
1649579400000,42684.86,42716.75,42612.38,42617.41,155.20491,2022-04-10 08:30:00
1649580300000,42617.4,42642.55,42600.44,42642.54,72.01117,2022-04-10 08:45:00
1649581200000,42642.55,42655.94,42545.75,42549.25,170.4756,2022-04-10 09:00:00
1649582100000,42549.26,42581.31,42500.67,42542.78,157.50832,2022-04-10 09:15:00
1649583000000,42542.78,42582.94,42528.88,42571.9,97.87386,2022-04-10 09:30:00
1649583900000,42571.91,42571.91,42489.01,42523.95,204.43473,2022-04-10 09:45:00
1649584800000,42523.94,42563.62,42433.49,42519.72,285.8972,2022-04-10 10:00:00
1649585700000,42519.72,42541.38,42471.03,42476.0,91.32176,2022-04-10 10:15:00
1649586600000,42476.0,42511.95,42452.47,42497.25,127.16522,2022-04-10 10:30:00
1649587500000,42497.26,42532.71,42478.35,42530.0,87.72363,2022-04-10 10:45:00
1649588400000,42530.0,42558.59,42517.01,42555.01,90.27032,2022-04-10 11:00:00
1649589300000,42555.02,42578.62,42547.75,42547.75,102.92127,2022-04-10 11:15:00
1649590200000,42547.76,42548.91,42517.78,42529.93,64.8693,2022-04-10 11:30:00
1649591100000,42529.92,42715.84,42529.87,42680.36,356.92005,2022-04-10 11:45:00
1649592000000,42680.35,42850.0,42647.39,42774.56,448.58775,2022-04-10 12:00:00
1649592900000,42774.57,42774.57,42581.81,42607.17,385.72975,2022-04-10 12:15:00
1649593800000,42607.17,42666.03,42567.27,42664.07,156.71682,2022-04-10 12:30:00
1649594700000,42664.08,42664.08,42525.0,42590.0,197.0856,2022-04-10 12:45:00
1649595600000,42589.99,42659.43,42537.07,42638.8,135.74929,2022-04-10 13:00:00
1649596500000,42638.8,42663.68,42547.62,42588.64,146.81133,2022-04-10 13:15:00
1649597400000,42588.65,42608.11,42525.44,42608.11,149.63242,2022-04-10 13:30:00
1649598300000,42608.11,42638.78,42560.13,42575.53,131.37875,2022-04-10 13:45:00
1649599200000,42575.54,42617.35,42541.5,42617.01,126.83014,2022-04-10 14:00:00
1649600100000,42617.02,42643.6,42584.26,42640.0,139.64483,2022-04-10 14:15:00
1649601000000,42640.0,42728.47,42635.13,42693.16,255.24169,2022-04-10 14:30:00
1649601900000,42693.15,42748.08,42670.0,42698.38,126.09473,2022-04-10 14:45:00
1649602800000,42698.38,42762.0,42665.86,42683.25,248.46982,2022-04-10 15:00:00
1649603700000,42683.25,42749.25,42650.02,42724.6,145.46574,2022-04-10 15:15:00
1649604600000,42724.61,42776.77,42721.09,42750.0,155.19779,2022-04-10 15:30:00
1649605500000,42749.99,42757.98,42722.64,42747.47,102.0766,2022-04-10 15:45:00
1649606400000,42747.48,42788.46,42684.36,42701.39,190.80331,2022-04-10 16:00:00
1649607300000,42701.4,42702.28,42659.64,42675.6,150.36907,2022-04-10 16:15:00
1649608200000,42675.61,42792.85,42675.6,42775.83,154.9648,2022-04-10 16:30:00
1649609100000,42775.83,42799.0,42748.08,42784.43,249.60598,2022-04-10 16:45:00
1649610000000,42784.43,42956.31,42784.43,42844.99,486.33953,2022-04-10 17:00:00
1649610900000,42844.99,43146.08,42808.62,43037.81,778.33802,2022-04-10 17:15:00
1649611800000,43037.8,43310.15,42977.15,43194.5,801.81705,2022-04-10 17:30:00
1649612700000,43194.51,43212.22,42967.79,43103.62,381.87831,2022-04-10 17:45:00
1649613600000,43103.61,43240.0,43080.0,43223.79,324.63858,2022-04-10 18:00:00
1649614500000,43223.8,43238.64,43168.61,43199.35,223.17702,2022-04-10 18:15:00
1649615400000,43199.34,43258.83,43130.5,43167.89,183.60303,2022-04-10 18:30:00
1649616300000,43167.89,43187.63,43107.6,43107.6,131.97329,2022-04-10 18:45:00
1649617200000,43107.61,43146.43,43075.0,43140.27,169.46176,2022-04-10 19:00:00
1649618100000,43140.26,43223.39,43130.3,43203.43,177.93258,2022-04-10 19:15:00
1649619000000,43203.43,43275.0,43203.43,43263.05,152.52231,2022-04-10 19:30:00
1649619900000,43263.05,43290.0,43190.0,43235.77,146.06233,2022-04-10 19:45:00
1649620800000,43235.77,43410.3,43235.77,43380.91,338.98147,2022-04-10 20:00:00
1649621700000,43380.91,43381.39,43301.23,43334.44,144.94942,2022-04-10 20:15:00
1649622600000,43334.45,43380.0,43300.0,43300.54,176.44676,2022-04-10 20:30:00
1649623500000,43300.54,43308.35,43101.19,43101.23,264.10332,2022-04-10 20:45:00
1649624400000,43101.23,43195.23,43082.12,43174.88,234.09467,2022-04-10 21:00:00
1649625300000,43174.89,43198.2,43134.54,43137.27,80.82634,2022-04-10 21:15:00
1649626200000,43137.26,43151.97,43011.54,43103.67,199.9205,2022-04-10 21:30:00
1649627100000,43103.67,43116.86,42654.93,42706.0,589.04805,2022-04-10 21:45:00
1649628000000,42706.71,42740.88,42559.47,42595.11,626.81572,2022-04-10 22:00:00
1649628900000,42595.11,42628.38,42350.0,42387.39,1027.73256,2022-04-10 22:15:00
1649629800000,42387.39,42419.5,42150.9,42163.89,794.7909,2022-04-10 22:30:00
1649630700000,42163.89,42202.82,41868.0,42111.94,1960.11465,2022-04-10 22:45:00
1649631600000,42111.93,42299.98,41980.28,42230.89,962.02788,2022-04-10 23:00:00
1649632500000,42230.9,42373.25,42210.35,42333.44,427.17126,2022-04-10 23:15:00
1649633400000,42333.44,42434.51,42202.6,42338.07,535.59825,2022-04-10 23:30:00
1649634300000,42338.08,42365.45,42053.56,42158.85,363.90934,2022-04-10 23:45:00
1649635200000,42158.85,42236.81,41926.97,42023.78,719.65383,2022-04-11 00:00:00
1649636100000,42023.79,42277.31,41755.0,42260.35,1118.57337,2022-04-11 00:15:00
1649637000000,42260.36,42394.71,42140.91,42244.28,473.35478,2022-04-11 00:30:00
1649637900000,42244.28,42367.24,42175.11,42303.26,413.24074,2022-04-11 00:45:00
1649638800000,42303.26,42360.17,42272.01,42359.09,200.92721,2022-04-11 01:00:00
1649639700000,42359.09,42414.71,42320.24,42328.53,255.90796,2022-04-11 01:15:00
1649640600000,42328.53,42348.47,42230.9,42279.97,219.85709,2022-04-11 01:30:00
1649641500000,42279.97,42281.0,42153.06,42159.32,352.9045,2022-04-11 01:45:00
1649642400000,42159.32,42225.77,42024.7,42178.15,435.38513,2022-04-11 02:00:00
1649643300000,42178.15,42215.9,41859.44,42006.06,2270.11717,2022-04-11 02:15:00
1649644200000,42006.06,42088.14,41910.53,42023.51,425.56609,2022-04-11 02:30:00
1649645100000,42023.51,42042.94,41800.0,41929.34,621.04893,2022-04-11 02:45:00
1649646000000,41929.33,42083.19,41828.74,41988.94,491.01416,2022-04-11 03:00:00
1649646900000,41988.94,42059.67,41980.32,42006.2,202.50687,2022-04-11 03:15:00
1649647800000,42005.05,42091.72,41909.62,42065.65,333.33605,2022-04-11 03:30:00
1649648700000,42065.65,42148.69,42047.05,42111.22,299.30654,2022-04-11 03:45:00
1649649600000,42111.21,42182.78,42086.19,42086.19,376.03079,2022-04-11 04:00:00
1649650500000,42086.2,42189.99,42084.56,42176.31,231.14307,2022-04-11 04:15:00
1649651400000,42176.32,42208.39,42130.58,42208.39,127.5539,2022-04-11 04:30:00
1649652300000,42208.39,42283.45,42181.41,42259.43,254.56409,2022-04-11 04:45:00
1649653200000,42259.44,42293.64,42196.12,42200.89,197.96268,2022-04-11 05:00:00
1649654100000,42200.89,42303.84,42183.5,42277.74,246.71844,2022-04-11 05:15:00
1649655000000,42277.74,42312.75,42242.2,42242.91,202.1766,2022-04-11 05:30:00
1649655900000,42242.92,42296.8,42237.97,42287.6,184.10636,2022-04-11 05:45:00
1649656800000,42287.61,42290.18,42216.73,42269.99,197.28226,2022-04-11 06:00:00
1649657700000,42269.99,42274.96,42153.8,42189.16,198.47649,2022-04-11 06:15:00
1649658600000,42189.15,42249.13,42178.9,42249.13,136.78639,2022-04-11 06:30:00
1649659500000,42249.12,42340.09,42215.57,42250.0,291.65685,2022-04-11 06:45:00
1649660400000,42249.99,42291.28,42161.45,42201.58,334.70731,2022-04-11 07:00:00
1649661300000,42201.59,42348.83,42170.0,42329.93,242.78728,2022-04-11 07:15:00
1649662200000,42329.94,42347.65,42256.99,42269.28,193.26018,2022-04-11 07:30:00
1649663100000,42269.29,42350.29,42259.02,42305.75,192.89797,2022-04-11 07:45:00
1649664000000,42305.74,42350.0,42251.25,42266.99,342.47311,2022-04-11 08:00:00
1649664900000,42267.0,42279.74,42180.0,42196.66,395.56342,2022-04-11 08:15:00
1649665800000,42196.67,42217.48,42079.56,42151.39,440.32797,2022-04-11 08:30:00
1649666700000,42151.38,42237.81,42133.46,42200.0,273.92766,2022-04-11 08:45:00
1649667600000,42200.0,42202.79,42103.01,42127.62,239.14388,2022-04-11 09:00:00
1649668500000,42127.63,42150.0,41959.47,42025.97,613.27199,2022-04-11 09:15:00
1649669400000,42025.97,42025.97,41830.08,41861.22,968.18535,2022-04-11 09:30:00
1649670300000,41861.23,41958.7,41392.8,41416.22,1987.52771,2022-04-11 09:45:00
1649671200000,41416.22,41549.66,41215.0,41481.02,2549.71878,2022-04-11 10:00:00
1649672100000,41481.02,41646.55,41462.89,41462.9,518.81272,2022-04-11 10:15:00
1649673000000,41462.91,41541.95,41350.05,41490.0,836.67158,2022-04-11 10:30:00
1649673900000,41490.0,41607.67,41469.81,41595.99,459.76289,2022-04-11 10:45:00
1649674800000,41595.98,41595.99,41432.99,41460.08,522.18788,2022-04-11 11:00:00
1649675700000,41460.07,41460.98,41114.18,41156.52,1103.56231,2022-04-11 11:15:00
1649676600000,41156.51,41299.97,40968.11,41200.0,1800.4249,2022-04-11 11:30:00
1649677500000,41200.0,41215.02,40977.84,41067.63,803.12255,2022-04-11 11:45:00
1649678400000,41067.64,41163.45,40916.01,41143.67,930.93376,2022-04-11 12:00:00
1649679300000,41143.66,41216.95,41071.23,41124.2,746.636,2022-04-11 12:15:00
1649680200000,41124.19,41227.64,41029.41,41203.02,610.50019,2022-04-11 12:30:00
1649681100000,41203.02,41246.61,41111.78,41145.46,451.27028,2022-04-11 12:45:00
1649682000000,41145.45,41177.56,40980.69,41063.6,608.56653,2022-04-11 13:00:00
1649682900000,41063.6,41144.72,40936.0,40988.97,489.42657,2022-04-11 13:15:00
1649683800000,40988.98,41064.41,40684.8,41049.18,1845.4144,2022-04-11 13:30:00
1649684700000,41049.18,41184.0,40968.53,41141.13,1116.47191,2022-04-11 13:45:00
1649685600000,41141.13,41220.9,40999.99,41043.09,602.22987,2022-04-11 14:00:00
1649686500000,41043.09,41054.18,40780.02,40842.58,904.96939,2022-04-11 14:15:00
1649687400000,40842.57,40948.34,40788.53,40797.74,538.97419,2022-04-11 14:30:00
1649688300000,40797.74,40872.78,40716.37,40803.87,659.25823,2022-04-11 14:45:00
1649689200000,40803.86,40952.09,40773.66,40952.08,501.54565,2022-04-11 15:00:00
1649690100000,40952.09,40989.99,40765.12,40796.98,403.34425,2022-04-11 15:15:00
1649691000000,40796.99,40897.95,40789.35,40897.94,321.80979,2022-04-11 15:30:00
1649691900000,40897.94,40908.0,40560.0,40581.51,835.69421,2022-04-11 15:45:00
1649692800000,40581.52,40776.32,40501.0,40688.1,1009.22885,2022-04-11 16:00:00
1649693700000,40688.1,40808.32,40485.12,40514.24,793.74258,2022-04-11 16:15:00
1649694600000,40514.23,40709.99,40491.96,40633.0,788.58518,2022-04-11 16:30:00
1649695500000,40633.0,40832.55,40625.07,40764.79,523.2557,2022-04-11 16:45:00
1649696400000,40764.79,40896.83,40683.66,40759.54,598.57882,2022-04-11 17:00:00
1649697300000,40759.53,40774.63,40250.0,40494.51,1746.68491,2022-04-11 17:15:00
1649698200000,40494.51,40560.0,40302.5,40320.05,570.66544,2022-04-11 17:30:00
1649699100000,40320.06,40463.45,40308.98,40459.07,354.4933,2022-04-11 17:45:00
1649700000000,40459.07,40459.08,40343.15,40348.89,299.17352,2022-04-11 18:00:00
1649700900000,40348.89,40410.34,40238.0,40404.27,460.15921,2022-04-11 18:15:00
1649701800000,40404.28,40451.19,40340.0,40390.1,377.47648,2022-04-11 18:30:00
1649702700000,40390.1,40520.45,40385.34,40509.98,304.79522,2022-04-11 18:45:00
1649703600000,40509.97,40598.43,40382.3,40384.06,521.89595,2022-04-11 19:00:00
1649704500000,40384.06,40410.41,39900.0,39916.52,2108.36596,2022-04-11 19:15:00
1649705400000,39916.52,40007.93,39770.35,39979.51,1889.65077,2022-04-11 19:30:00
1649706300000,39979.51,40077.78,39931.13,39985.33,710.30251,2022-04-11 19:45:00
1649707200000,39985.34,40087.85,39500.0,39684.58,1997.26784,2022-04-11 20:00:00
1649708100000,39684.58,40200.59,39681.38,40097.39,1209.9031,2022-04-11 20:15:00
1649709000000,40097.39,40269.6,39850.0,39852.26,674.99293,2022-04-11 20:30:00
1649709900000,39852.27,40017.35,39828.61,39838.26,480.04836,2022-04-11 20:45:00
1649710800000,39838.26,39916.45,39705.58,39805.35,552.10815,2022-04-11 21:00:00
1649711700000,39805.35,39868.52,39672.24,39700.0,496.97355,2022-04-11 21:15:00
1649712600000,39700.01,39765.61,39275.68,39616.34,1075.59536,2022-04-11 21:30:00
1649713500000,39616.35,39658.38,39371.31,39395.29,612.77822,2022-04-11 21:45:00
1649714400000,39395.29,39509.63,39200.0,39509.63,926.19245,2022-04-11 22:00:00
1649715300000,39509.63,39854.06,39500.0,39805.17,1037.93588,2022-04-11 22:15:00
1649716200000,39805.17,39978.62,39786.82,39929.96,682.07481,2022-04-11 22:30:00
1649717100000,39929.96,39947.23,39656.62,39766.39,721.1826,2022-04-11 22:45:00
1649718000000,39766.39,39840.39,39570.21,39705.58,596.20682,2022-04-11 23:00:00
1649718900000,39705.59,39729.78,39570.22,39632.6,515.55019,2022-04-11 23:15:00
1649719800000,39632.59,39689.84,39436.84,39472.57,512.01834,2022-04-11 23:30:00
1649720700000,39472.56,39531.97,39372.35,39530.45,550.02321,2022-04-11 23:45:00
1649721600000,39530.45,39677.43,39357.64,39538.12,972.16933,2022-04-12 00:00:00
1649722500000,39538.12,39721.16,39536.52,39665.48,635.82372,2022-04-12 00:15:00
1649723400000,39665.48,39852.95,39617.65,39775.52,816.93765,2022-04-12 00:30:00
1649724300000,39775.51,39799.99,39535.56,39544.31,601.18855,2022-04-12 00:45:00
1649725200000,39544.32,39689.68,39408.16,39654.14,617.43572,2022-04-12 01:00:00
1649726100000,39654.13,39725.31,39546.49,39712.63,486.59438,2022-04-12 01:15:00
1649727000000,39712.62,39727.8,39511.0,39592.8,495.3824,2022-04-12 01:30:00
1649727900000,39592.79,39618.11,39458.0,39504.54,477.67197,2022-04-12 01:45:00
1649728800000,39504.54,39550.48,39487.39,39527.93,343.66184,2022-04-12 02:00:00
1649729700000,39527.92,39543.11,39295.81,39332.04,635.37458,2022-04-12 02:15:00
1649730600000,39332.03,39454.62,39290.0,39371.0,535.02172,2022-04-12 02:30:00
1649731500000,39371.0,39495.12,39370.99,39490.0,322.16149,2022-04-12 02:45:00
1649732400000,39489.99,39631.62,39478.73,39593.39,364.89121,2022-04-12 03:00:00
1649733300000,39593.39,39612.5,39510.0,39568.39,396.07113,2022-04-12 03:15:00
1649734200000,39568.38,39730.0,39538.74,39678.39,414.84499,2022-04-12 03:30:00
1649735100000,39678.39,39750.01,39665.34,39747.13,479.01816,2022-04-12 03:45:00
1649736000000,39747.14,39800.0,39624.71,39659.44,458.80489,2022-04-12 04:00:00
1649736900000,39659.45,39901.89,39636.38,39853.98,469.26723,2022-04-12 04:15:00
1649737800000,39853.99,39870.0,39772.16,39806.03,451.62666,2022-04-12 04:30:00
1649738700000,39806.03,39950.0,39706.69,39921.19,789.91916,2022-04-12 04:45:00
1649739600000,39921.18,39963.75,39870.71,39928.79,459.51953,2022-04-12 05:00:00
1649740500000,39928.79,40144.04,39928.24,40050.28,805.1444,2022-04-12 05:15:00
1649741400000,40050.27,40063.23,39969.99,40047.29,604.90767,2022-04-12 05:30:00
1649742300000,40047.28,40145.0,40038.26,40105.78,577.63844,2022-04-12 05:45:00
1649743200000,40105.78,40149.22,40035.6,40140.23,482.31014,2022-04-12 06:00:00
1649744100000,40140.23,40186.36,39985.0,39998.83,641.43307,2022-04-12 06:15:00
1649745000000,39998.84,40005.79,39860.39,39869.33,552.32883,2022-04-12 06:30:00
1649745900000,39869.33,39940.0,39834.98,39935.23,340.76574,2022-04-12 06:45:00
1649746800000,39935.24,40043.95,39866.31,40013.97,740.65937,2022-04-12 07:00:00
1649747700000,40013.97,40196.39,39971.7,40162.67,1127.29395,2022-04-12 07:15:00
1649748600000,40162.67,40166.0,40087.06,40109.34,387.5709,2022-04-12 07:30:00
1649749500000,40109.35,40183.97,40090.0,40183.97,491.2414,2022-04-12 07:45:00
1649750400000,40183.97,40344.6,40108.31,40288.35,782.68943,2022-04-12 08:00:00
1649751300000,40288.35,40306.79,40110.33,40120.01,464.85475,2022-04-12 08:15:00
1649752200000,40120.0,40288.34,40113.01,40261.79,493.05421,2022-04-12 08:30:00
1649753100000,40261.79,40261.8,40182.02,40182.03,335.49636,2022-04-12 08:45:00
1649754000000,40182.02,40215.77,40016.09,40089.94,503.28826,2022-04-12 09:00:00
1649754900000,40089.93,40160.0,40042.24,40142.13,343.92173,2022-04-12 09:15:00
1649755800000,40142.13,40216.59,40111.14,40191.06,268.01211,2022-04-12 09:30:00
1649756700000,40191.07,40245.48,40124.66,40212.26,357.22552,2022-04-12 09:45:00
1649757600000,40212.25,40245.0,40144.72,40169.12,346.61297,2022-04-12 10:00:00
1649758500000,40169.12,40180.5,40094.66,40129.06,366.31244,2022-04-12 10:15:00
1649759400000,40129.07,40273.24,40129.06,40207.8,404.4689,2022-04-12 10:30:00
1649760300000,40207.8,40256.15,40128.41,40149.99,270.58264,2022-04-12 10:45:00
1649761200000,40150.0,40152.89,40105.0,40144.75,277.54201,2022-04-12 11:00:00
1649762100000,40144.74,40300.0,40144.74,40293.15,418.19305,2022-04-12 11:15:00
1649763000000,40293.15,40464.0,40274.35,40346.25,746.58217,2022-04-12 11:30:00
1649763900000,40346.24,40438.2,40309.54,40378.0,543.66985,2022-04-12 11:45:00
1649764800000,40378.0,40430.3,40307.34,40312.01,539.98072,2022-04-12 12:00:00
1649765700000,40312.0,40334.1,40196.48,40315.72,678.12576,2022-04-12 12:15:00
1649766600000,40315.72,40699.0,40266.03,40529.99,3504.16057,2022-04-12 12:30:00
1649767500000,40529.98,40640.06,40470.72,40618.37,1174.04729,2022-04-12 12:45:00
1649768400000,40618.37,40627.48,40444.56,40506.74,876.40691,2022-04-12 13:00:00
1649769300000,40506.74,40575.92,40431.24,40536.92,645.82711,2022-04-12 13:15:00
1649770200000,40536.93,40545.12,40154.99,40360.56,1635.38218,2022-04-12 13:30:00
1649771100000,40360.55,40511.68,40320.78,40401.03,1111.70569,2022-04-12 13:45:00
1649772000000,40401.03,40436.31,40125.41,40209.27,834.61945,2022-04-12 14:00:00
1649772900000,40209.27,40213.77,39800.0,39854.34,1384.17502,2022-04-12 14:15:00
1649773800000,39854.35,40064.08,39845.3,39963.7,1009.40917,2022-04-12 14:30:00
1649774700000,39963.7,40040.0,39910.4,39990.39,628.10036,2022-04-12 14:45:00
1649775600000,39990.38,40149.55,39959.21,40144.86,738.94937,2022-04-12 15:00:00
1649776500000,40144.86,40342.2,40114.58,40318.09,679.1098,2022-04-12 15:15:00
1649777400000,40318.08,40370.0,40206.94,40345.4,528.78797,2022-04-12 15:30:00
1649778300000,40345.4,40359.16,40155.93,40179.13,475.77013,2022-04-12 15:45:00
1649779200000,40179.12,40239.99,40057.25,40190.48,715.22728,2022-04-12 16:00:00
1649780100000,40190.47,40376.8,39922.98,40025.48,870.66857,2022-04-12 16:15:00
1649781000000,40025.47,40112.03,39925.3,39993.0,571.52018,2022-04-12 16:30:00
1649781900000,39993.01,40144.61,39961.22,40097.23,313.05122,2022-04-12 16:45:00
1649782800000,40097.23,40216.81,39999.75,40170.31,470.06162,2022-04-12 17:00:00
1649783700000,40170.32,40227.03,40094.67,40110.01,374.56621,2022-04-12 17:15:00
1649784600000,40110.0,40156.52,39995.98,40007.1,561.97305,2022-04-12 17:30:00
1649785500000,40007.1,40031.02,39940.02,40014.72,514.93674,2022-04-12 17:45:00
1649786400000,40014.71,40056.52,39822.93,39840.02,594.57908,2022-04-12 18:00:00
1649787300000,39840.01,39854.92,39714.16,39774.6,728.13903,2022-04-12 18:15:00
1649788200000,39774.6,39803.33,39632.0,39677.26,775.50006,2022-04-12 18:30:00
1649789100000,39677.27,39780.0,39659.86,39667.85,431.18595,2022-04-12 18:45:00
1649790000000,39667.85,39721.7,39476.06,39509.62,1021.00904,2022-04-12 19:00:00
1649790900000,39509.63,39554.31,39393.5,39433.08,765.56893,2022-04-12 19:15:00
1649791800000,39433.09,39633.97,39395.0,39550.2,496.46093,2022-04-12 19:30:00
1649792700000,39550.19,39605.86,39261.39,39303.1,828.21017,2022-04-12 19:45:00
1649793600000,39303.1,39482.49,39254.63,39418.29,591.14564,2022-04-12 20:00:00
1649794500000,39418.29,39562.13,39392.14,39500.11,234.29789,2022-04-12 20:15:00
1649795400000,39500.11,39597.94,39280.0,39432.78,633.09963,2022-04-12 20:30:00
1649796300000,39432.79,39558.84,39355.8,39519.99,258.12627,2022-04-12 20:45:00
1649797200000,39519.99,39750.15,39473.91,39726.28,391.9889,2022-04-12 21:00:00
1649798100000,39726.27,39741.97,39580.0,39707.83,361.65132,2022-04-12 21:15:00
1649799000000,39707.83,39713.54,39599.0,39701.15,172.25819,2022-04-12 21:30:00
1649799900000,39701.16,39743.85,39610.5,39693.79,326.36234,2022-04-12 21:45:00
1649800800000,39693.8,39708.88,39563.02,39690.74,487.3116,2022-04-12 22:00:00
1649801700000,39690.75,39700.0,39581.25,39613.04,219.48053,2022-04-12 22:15:00
1649802600000,39613.03,39839.3,39572.42,39611.39,465.87764,2022-04-12 22:30:00
1649803500000,39611.4,39927.0,39555.51,39827.96,453.89352,2022-04-12 22:45:00
1649804400000,39827.97,39963.38,39819.0,39901.03,327.76944,2022-04-12 23:00:00
1649805300000,39901.04,40289.02,39887.73,40109.92,830.31617,2022-04-12 23:15:00
1649806200000,40109.92,40199.14,39961.04,40065.23,382.30622,2022-04-12 23:30:00
1649807100000,40065.23,40178.22,40034.61,40074.94,240.7303,2022-04-12 23:45:00
1649808000000,40074.95,40189.0,40006.84,40175.73,496.59075,2022-04-13 00:00:00
1649808900000,40175.73,40176.72,40075.03,40075.04,172.53009,2022-04-13 00:15:00
1649809800000,40075.04,40091.88,40028.11,40064.67,247.784,2022-04-13 00:30:00
1649810700000,40064.67,40081.32,39892.43,39936.17,251.31442,2022-04-13 00:45:00
1649811600000,39936.17,39936.17,39723.61,39783.15,307.40444,2022-04-13 01:00:00
1649812500000,39783.15,39795.68,39588.54,39631.6,605.63723,2022-04-13 01:15:00
1649813400000,39631.6,39841.58,39600.0,39783.91,358.28701,2022-04-13 01:30:00
1649814300000,39783.92,39883.16,39722.36,39882.9,243.66961,2022-04-13 01:45:00
1649815200000,39882.9,39935.8,39810.15,39814.71,231.06299,2022-04-13 02:00:00
1649816100000,39814.71,39824.31,39706.19,39771.01,189.39057,2022-04-13 02:15:00
1649817000000,39771.0,40189.27,39771.0,40079.1,619.09565,2022-04-13 02:30:00
1649817900000,40079.1,40125.5,39989.99,40059.14,256.16689,2022-04-13 02:45:00
1649818800000,40059.15,40168.77,40013.79,40137.12,257.03444,2022-04-13 03:00:00
1649819700000,40137.13,40275.0,40131.97,40173.51,419.17251,2022-04-13 03:15:00
1649820600000,40173.55,40201.43,40104.95,40167.98,156.45357,2022-04-13 03:30:00
1649821500000,40167.97,40179.89,40068.46,40076.05,121.80853,2022-04-13 03:45:00
1649822400000,40076.05,40108.44,40000.0,40003.43,199.99731,2022-04-13 04:00:00
1649823300000,40003.42,40055.0,39931.51,39984.25,161.82375,2022-04-13 04:15:00
1649824200000,39984.26,40030.0,39933.84,39982.68,112.52385,2022-04-13 04:30:00
1649825100000,39982.67,40142.6,39976.21,40134.51,198.49433,2022-04-13 04:45:00
1649826000000,40134.5,40155.44,40077.22,40083.12,285.61079,2022-04-13 05:00:00
1649826900000,40083.12,40131.32,40063.51,40094.65,144.81126,2022-04-13 05:15:00
1649827800000,40094.64,40190.76,40077.5,40115.65,166.22138,2022-04-13 05:30:00
1649828700000,40115.65,40211.9,40096.61,40187.9,166.79851,2022-04-13 05:45:00
1649829600000,40187.89,40228.41,40123.34,40134.68,169.82778,2022-04-13 06:00:00
1649830500000,40134.68,40143.72,40075.01,40079.43,149.36965,2022-04-13 06:15:00
1649831400000,40079.43,40143.75,40051.86,40071.59,202.69479,2022-04-13 06:30:00
1649832300000,40071.59,40128.81,39858.34,39958.45,462.40949,2022-04-13 06:45:00
1649833200000,39958.44,40060.47,39910.07,39997.34,402.07127,2022-04-13 07:00:00
1649834100000,39997.33,40226.07,39988.39,40167.04,432.20701,2022-04-13 07:15:00
1649835000000,40167.04,40190.52,40100.0,40119.99,237.2698,2022-04-13 07:30:00
1649835900000,40119.99,40196.47,40090.52,40130.0,222.30359,2022-04-13 07:45:00
1649836800000,40129.99,40200.0,40120.15,40144.49,340.70335,2022-04-13 08:00:00
1649837700000,40144.5,40160.44,40005.0,40053.68,298.76328,2022-04-13 08:15:00
1649838600000,40053.68,40167.87,40041.09,40128.96,157.81561,2022-04-13 08:30:00
1649839500000,40128.97,40200.03,40122.95,40162.32,295.26422,2022-04-13 08:45:00
1649840400000,40162.32,40212.75,40111.97,40150.01,289.02368,2022-04-13 09:00:00
1649841300000,40150.01,40179.66,40094.79,40109.13,159.99236,2022-04-13 09:15:00
1649842200000,40109.12,40118.86,40039.04,40039.04,183.57143,2022-04-13 09:30:00
1649843100000,40039.04,40199.99,40029.86,40079.99,286.01511,2022-04-13 09:45:00
1649844000000,40080.0,40142.11,40050.0,40054.14,233.11213,2022-04-13 10:00:00
1649844900000,40054.14,40069.05,39800.0,39856.3,557.38979,2022-04-13 10:15:00
1649845800000,39856.29,39920.45,39804.22,39851.57,284.62125,2022-04-13 10:30:00
1649846700000,39851.56,39920.0,39728.59,39808.11,346.19515,2022-04-13 10:45:00
1649847600000,39808.1,39899.99,39808.1,39843.04,278.88071,2022-04-13 11:00:00
1649848500000,39843.05,39978.97,39843.04,39967.73,269.09816,2022-04-13 11:15:00
1649849400000,39967.74,39990.0,39800.0,39830.0,382.47925,2022-04-13 11:30:00
1649850300000,39829.99,39920.82,39656.1,39722.64,506.83534,2022-04-13 11:45:00
1649851200000,39722.63,39935.3,39648.78,39849.99,926.35662,2022-04-13 12:00:00
1649852100000,39850.0,39898.53,39711.67,39720.83,319.01574,2022-04-13 12:15:00
1649853000000,39720.83,39829.47,39660.0,39815.04,337.73575,2022-04-13 12:30:00
1649853900000,39815.04,39838.25,39698.79,39700.01,260.88119,2022-04-13 12:45:00
1649854800000,39700.01,39755.17,39622.87,39755.16,327.37422,2022-04-13 13:00:00
1649855700000,39755.17,39851.45,39712.92,39838.29,360.05599,2022-04-13 13:15:00
1649856600000,39838.3,40350.0,39790.08,40310.8,1451.23863,2022-04-13 13:30:00
1649857500000,40310.8,40569.99,40228.59,40521.75,1863.98695,2022-04-13 13:45:00
1649858400000,40521.75,40699.99,40441.01,40645.97,967.18772,2022-04-13 14:00:00
1649859300000,40645.96,40957.0,40563.6,40576.94,2240.43385,2022-04-13 14:15:00
1649860200000,40576.94,40719.68,40365.0,40709.99,1066.78498,2022-04-13 14:30:00
1649861100000,40710.0,40745.47,40577.42,40642.1,566.48077,2022-04-13 14:45:00
1649862000000,40642.1,40990.0,40640.0,40911.79,980.10327,2022-04-13 15:00:00
1649862900000,40911.78,41400.0,40866.97,41298.81,2091.1322,2022-04-13 15:15:00
1649863800000,41298.81,41411.0,41100.0,41158.92,813.29139,2022-04-13 15:30:00
1649864700000,41158.91,41272.41,41101.95,41158.18,552.24943,2022-04-13 15:45:00
1649865600000,41158.18,41292.35,41084.5,41285.4,619.81069,2022-04-13 16:00:00
1649866500000,41285.39,41347.69,41126.75,41134.58,420.80066,2022-04-13 16:15:00
1649867400000,41134.59,41188.87,41040.87,41133.34,454.44891,2022-04-13 16:30:00
1649868300000,41133.33,41238.46,40938.14,41005.58,992.45147,2022-04-13 16:45:00
1649869200000,41005.59,41089.02,40829.0,41009.96,1123.30008,2022-04-13 17:00:00
1649870100000,41009.97,41129.3,41001.04,41110.0,410.67285,2022-04-13 17:15:00
1649871000000,41110.0,41122.51,40877.61,40895.68,552.75735,2022-04-13 17:30:00
1649871900000,40895.69,41141.57,40880.01,41043.91,463.46141,2022-04-13 17:45:00
1649872800000,41043.91,41115.67,40990.62,41094.28,280.00769,2022-04-13 18:00:00
1649873700000,41094.27,41240.0,41058.84,41187.03,474.42415,2022-04-13 18:15:00
1649874600000,41187.02,41278.22,41159.99,41277.4,257.16975,2022-04-13 18:30:00
1649875500000,41277.41,41374.2,41230.59,41363.01,408.76025,2022-04-13 18:45:00
1649876400000,41363.01,41561.31,41236.0,41236.0,948.40388,2022-04-13 19:00:00
1649877300000,41236.01,41350.23,41230.0,41335.19,211.88841,2022-04-13 19:15:00
1649878200000,41335.19,41335.2,41129.45,41185.7,369.94007,2022-04-13 19:30:00
1649879100000,41185.7,41210.0,41024.49,41059.3,558.09614,2022-04-13 19:45:00
1649880000000,41059.31,41128.43,41000.0,41090.0,270.19195,2022-04-13 20:00:00
1649880900000,41090.01,41230.14,41080.83,41145.57,385.57754,2022-04-13 20:15:00
1649881800000,41145.56,41258.07,41135.79,41171.96,207.70653,2022-04-13 20:30:00
1649882700000,41171.96,41319.86,41147.64,41241.16,229.59757,2022-04-13 20:45:00
1649883600000,41241.17,41269.77,41191.38,41209.17,168.20028,2022-04-13 21:00:00
1649884500000,41209.17,41337.0,41186.13,41189.8,174.35069,2022-04-13 21:15:00
1649885400000,41189.79,41291.64,41163.73,41170.55,140.41537,2022-04-13 21:30:00
1649886300000,41171.1,41224.52,41080.01,41219.72,204.35097,2022-04-13 21:45:00
1649887200000,41219.73,41252.38,41151.71,41222.19,193.76386,2022-04-13 22:00:00
1649888100000,41222.19,41314.68,41161.44,41265.55,359.53585,2022-04-13 22:15:00
1649889000000,41265.55,41404.58,41260.0,41263.91,328.05673,2022-04-13 22:30:00
1649889900000,41263.9,41329.94,41210.7,41279.05,217.98455,2022-04-13 22:45:00
1649890800000,41279.04,41340.0,41075.04,41191.95,702.99873,2022-04-13 23:00:00
1649891700000,41191.95,41208.88,41135.68,41158.48,213.68912,2022-04-13 23:15:00
1649892600000,41158.48,41188.28,41129.28,41154.01,144.78338,2022-04-13 23:30:00
1649893500000,41154.0,41168.97,41080.52,41147.79,212.76888,2022-04-13 23:45:00
1649894400000,41147.78,41181.47,41064.35,41178.95,361.11059,2022-04-14 00:00:00
1649895300000,41178.95,41226.65,41096.43,41226.06,256.65602,2022-04-14 00:15:00
1649896200000,41226.06,41272.19,41140.75,41157.29,278.25221,2022-04-14 00:30:00
1649897100000,41157.29,41240.12,41107.37,41186.23,379.30633,2022-04-14 00:45:00
1649898000000,41186.22,41241.42,41177.94,41220.65,190.62865,2022-04-14 01:00:00
1649898900000,41220.64,41362.5,41220.64,41362.5,392.43446,2022-04-14 01:15:00
1649899800000,41362.5,41387.08,41292.33,41351.44,260.16718,2022-04-14 01:30:00
1649900700000,41351.44,41500.0,41328.11,41470.01,645.78229,2022-04-14 01:45:00
1649901600000,41470.0,41473.24,41400.0,41405.74,252.25409,2022-04-14 02:00:00
1649902500000,41405.74,41410.0,41347.58,41384.56,161.64219,2022-04-14 02:15:00
1649903400000,41384.56,41466.75,41353.87,41425.1,399.79657,2022-04-14 02:30:00
1649904300000,41425.11,41449.82,41361.38,41419.99,202.98851,2022-04-14 02:45:00
1649905200000,41420.0,41450.0,41271.08,41330.82,481.45367,2022-04-14 03:00:00
1649906100000,41330.82,41360.0,41280.32,41288.4,265.77414,2022-04-14 03:15:00
1649907000000,41288.41,41323.96,41276.57,41297.41,135.86625,2022-04-14 03:30:00
1649907900000,41297.41,41360.0,41281.27,41320.0,153.31042,2022-04-14 03:45:00
1649908800000,41320.0,41412.31,41320.0,41412.3,350.33077,2022-04-14 04:00:00
1649909700000,41412.31,41413.11,41362.42,41372.19,131.55932,2022-04-14 04:15:00
1649910600000,41372.18,41409.99,41289.98,41294.0,152.52415,2022-04-14 04:30:00
1649911500000,41294.0,41297.68,41230.56,41290.81,341.0998,2022-04-14 04:45:00
1649912400000,41290.81,41343.62,41280.0,41332.72,122.99961,2022-04-14 05:00:00
1649913300000,41332.72,41332.72,41273.6,41285.38,137.89469,2022-04-14 05:15:00
1649914200000,41285.38,41297.42,41242.97,41286.72,176.31034,2022-04-14 05:30:00
1649915100000,41286.72,41325.57,41250.83,41308.44,114.41685,2022-04-14 05:45:00
1649916000000,41308.45,41332.7,41209.01,41209.02,197.59144,2022-04-14 06:00:00
1649916900000,41209.01,41261.43,41209.01,41261.43,127.58302,2022-04-14 06:15:00
1649917800000,41261.42,41261.43,41161.12,41203.2,367.22813,2022-04-14 06:30:00
1649918700000,41203.2,41217.59,41165.72,41195.39,255.06582,2022-04-14 06:45:00
1649919600000,41195.39,41211.14,41156.9,41192.44,194.63204,2022-04-14 07:00:00
1649920500000,41192.44,41290.0,41184.21,41272.35,238.90259,2022-04-14 07:15:00
1649921400000,41272.34,41312.28,41231.04,41312.27,199.76189,2022-04-14 07:30:00
1649922300000,41312.28,41360.0,41260.51,41271.66,300.87207,2022-04-14 07:45:00
1649923200000,41271.66,41324.93,41246.18,41302.49,219.66881,2022-04-14 08:00:00
1649924100000,41302.49,41324.5,41205.44,41223.08,248.59718,2022-04-14 08:15:00
1649925000000,41223.08,41275.13,41186.87,41214.57,275.62278,2022-04-14 08:30:00
1649925900000,41214.58,41226.76,41165.0,41172.72,276.40568,2022-04-14 08:45:00
1649926800000,41172.72,41180.64,41104.71,41126.35,374.56663,2022-04-14 09:00:00
1649927700000,41126.35,41161.76,40973.51,41053.25,540.4332,2022-04-14 09:15:00
1649928600000,41053.25,41193.17,41008.34,41143.32,324.51132,2022-04-14 09:30:00
1649929500000,41143.32,41218.7,41068.51,41186.69,421.76237,2022-04-14 09:45:00
1649930400000,41186.7,41214.0,41148.7,41179.4,241.10838,2022-04-14 10:00:00
1649931300000,41179.4,41225.0,41120.88,41160.84,231.09888,2022-04-14 10:15:00
1649932200000,41160.84,41170.0,41035.26,41077.33,511.20606,2022-04-14 10:30:00
1649933100000,41077.34,41077.34,40941.69,40946.47,618.28781,2022-04-14 10:45:00
1649934000000,40946.47,41070.76,40944.5,41056.2,361.75309,2022-04-14 11:00:00
1649934900000,41056.2,41065.59,40954.61,41001.47,273.00486,2022-04-14 11:15:00
1649935800000,41001.47,41046.52,40968.5,40980.22,237.82021,2022-04-14 11:30:00
1649936700000,40980.21,41051.26,40851.5,40919.99,350.01609,2022-04-14 11:45:00
1649937600000,40919.99,41000.0,40873.66,41000.0,396.91989,2022-04-14 12:00:00
1649938500000,40999.99,41098.42,40999.99,41026.41,384.15255,2022-04-14 12:15:00
1649939400000,41026.4,41083.23,40980.0,41025.23,279.91391,2022-04-14 12:30:00
1649940300000,41025.22,41186.9,41004.19,41149.98,693.24849,2022-04-14 12:45:00
1649941200000,41149.98,41285.23,41142.72,41169.52,452.65444,2022-04-14 13:00:00
1649942100000,41169.51,41213.66,41080.0,41206.48,298.6483,2022-04-14 13:15:00
1649943000000,41206.48,41300.0,40675.0,40741.5,1456.35238,2022-04-14 13:30:00
1649943900000,40741.5,40814.82,40516.48,40605.62,1552.76958,2022-04-14 13:45:00
1649944800000,40605.63,40655.79,40310.41,40440.01,1525.47427,2022-04-14 14:00:00
1649945700000,40440.01,40506.32,40320.39,40475.22,750.60445,2022-04-14 14:15:00
1649946600000,40475.21,40659.82,40370.0,40430.48,823.55472,2022-04-14 14:30:00
1649947500000,40430.48,40479.55,40359.0,40435.04,452.58321,2022-04-14 14:45:00
1649948400000,40435.03,40483.66,40388.2,40426.32,435.33416,2022-04-14 15:00:00
1649949300000,40426.33,40478.78,40345.49,40417.82,360.3923,2022-04-14 15:15:00
1649950200000,40417.83,40430.2,39944.87,39978.15,1468.20165,2022-04-14 15:30:00
1649951100000,39978.15,40037.48,39925.21,39964.02,965.50374,2022-04-14 15:45:00
1649952000000,39964.01,40069.0,39855.75,39989.27,1038.58889,2022-04-14 16:00:00
1649952900000,39989.26,40016.07,39891.84,39940.03,598.53569,2022-04-14 16:15:00
1649953800000,39940.03,39978.97,39772.58,39864.69,877.58012,2022-04-14 16:30:00
1649954700000,39864.7,39953.94,39783.15,39951.1,534.56439,2022-04-14 16:45:00
1649955600000,39951.11,39975.37,39870.0,39879.65,298.79677,2022-04-14 17:00:00
1649956500000,39879.64,39940.75,39854.81,39933.59,326.07776,2022-04-14 17:15:00
1649957400000,39933.6,40060.05,39890.55,39890.56,396.64019,2022-04-14 17:30:00
1649958300000,39890.55,39988.46,39842.0,39986.83,418.90312,2022-04-14 17:45:00
1649959200000,39986.84,40028.94,39925.01,39958.77,366.99585,2022-04-14 18:00:00
1649960100000,39958.77,39977.14,39850.74,39924.66,350.33379,2022-04-14 18:15:00
1649961000000,39924.67,39957.63,39829.81,39891.95,269.20678,2022-04-14 18:30:00
1649961900000,39891.94,39925.0,39626.06,39659.0,733.23384,2022-04-14 18:45:00
1649962800000,39658.99,39781.82,39551.94,39732.88,672.75964,2022-04-14 19:00:00
1649963700000,39732.89,39799.99,39697.6,39749.33,249.51454,2022-04-14 19:15:00
1649964600000,39749.33,39793.32,39709.52,39780.0,260.65233,2022-04-14 19:30:00
1649965500000,39780.0,39847.79,39735.29,39775.82,280.271,2022-04-14 19:45:00
1649966400000,39775.81,39815.05,39662.46,39702.37,508.77518,2022-04-14 20:00:00
1649967300000,39702.38,39783.38,39670.0,39773.63,198.2648,2022-04-14 20:15:00
1649968200000,39773.62,39894.94,39773.62,39843.49,226.63295,2022-04-14 20:30:00
1649969100000,39843.5,39910.0,39798.27,39909.99,257.99844,2022-04-14 20:45:00
1649970000000,39909.99,39936.7,39861.31,39862.47,242.88918,2022-04-14 21:00:00
1649970900000,39862.48,39919.24,39862.47,39900.98,131.13116,2022-04-14 21:15:00
1649971800000,39900.98,40000.0,39900.0,39900.0,153.0271,2022-04-14 21:30:00
1649972700000,39900.01,39982.06,39889.6,39970.0,102.23197,2022-04-14 21:45:00
1649973600000,39969.99,40017.26,39940.04,40006.36,189.393,2022-04-14 22:00:00
1649974500000,40006.36,40006.36,39950.0,39973.57,173.81375,2022-04-14 22:15:00
1649975400000,39973.57,39980.79,39830.0,39884.07,277.13133,2022-04-14 22:30:00
1649976300000,39884.06,39918.46,39806.25,39843.71,237.22723,2022-04-14 22:45:00
1649977200000,39843.71,39919.66,39828.95,39906.51,129.12814,2022-04-14 23:00:00
1649978100000,39906.5,39916.3,39853.25,39901.01,91.06452,2022-04-14 23:15:00
1649979000000,39901.02,39946.94,39861.0,39938.55,97.28535,2022-04-14 23:30:00
1649979900000,39938.55,39943.66,39890.0,39942.38,89.99772,2022-04-14 23:45:00
1649980800000,39942.37,40004.08,39901.4,39957.96,266.12426,2022-04-15 00:00:00
1649981700000,39957.96,40180.0,39933.61,40102.39,378.00204,2022-04-15 00:15:00
1649982600000,40102.38,40104.36,39826.76,39860.0,338.66954,2022-04-15 00:30:00
1649983500000,39859.99,39906.3,39766.4,39859.99,374.62977,2022-04-15 00:45:00
1649984400000,39859.99,39932.17,39833.87,39895.73,403.25388,2022-04-15 01:00:00
1649985300000,39895.72,39949.49,39889.59,39937.52,156.09651,2022-04-15 01:15:00
1649986200000,39937.51,39978.66,39876.71,39973.37,170.96506,2022-04-15 01:30:00
1649987100000,39973.38,39973.38,39933.0,39941.0,210.41242,2022-04-15 01:45:00
1649988000000,39941.01,39963.58,39909.06,39946.27,101.0514,2022-04-15 02:00:00
1649988900000,39946.28,40075.35,39926.58,40023.7,219.15729,2022-04-15 02:15:00
1649989800000,40023.69,40060.0,39992.62,40030.09,123.58981,2022-04-15 02:30:00
1649990700000,40030.09,40047.71,39978.0,40017.2,198.57339,2022-04-15 02:45:00
1649991600000,40017.19,40115.07,40000.0,40091.36,212.47254,2022-04-15 03:00:00
1649992500000,40091.37,40166.32,40050.0,40130.71,195.5731,2022-04-15 03:15:00
1649993400000,40130.71,40179.64,40091.26,40105.95,227.48037,2022-04-15 03:30:00
1649994300000,40105.95,40207.25,40105.94,40200.94,193.76156,2022-04-15 03:45:00
1649995200000,40200.95,40208.49,40160.49,40199.98,186.95208,2022-04-15 04:00:00
1649996100000,40199.99,40266.47,40157.49,40161.41,237.1123,2022-04-15 04:15:00
1649997000000,40161.41,40161.42,40113.91,40154.17,136.08674,2022-04-15 04:30:00
1649997900000,40154.18,40156.69,40062.61,40103.26,224.24433,2022-04-15 04:45:00
1649998800000,40103.25,40138.24,40081.41,40100.0,119.35424,2022-04-15 05:00:00
1649999700000,40100.01,40190.9,40096.56,40171.81,323.81669,2022-04-15 05:15:00
1650000600000,40171.81,40214.59,40126.63,40192.24,210.28159,2022-04-15 05:30:00
1650001500000,40192.25,40193.87,40124.4,40132.73,66.35555,2022-04-15 05:45:00
1650002400000,40132.74,40164.19,40092.3,40148.4,164.99775,2022-04-15 06:00:00
1650003300000,40148.39,40148.4,40080.76,40100.01,155.90617,2022-04-15 06:15:00
1650004200000,40100.01,40109.03,39967.72,39990.04,260.50986,2022-04-15 06:30:00
1650005100000,39990.04,40070.07,39968.1,40040.0,185.34252,2022-04-15 06:45:00
1650006000000,40040.0,40052.73,39972.92,39995.01,228.38682,2022-04-15 07:00:00
1650006900000,39995.0,40028.77,39953.2,39970.59,164.39926,2022-04-15 07:15:00
1650007800000,39970.59,40153.3,39970.58,40124.33,372.4619,2022-04-15 07:30:00
1650008700000,40124.34,40449.96,40105.98,40239.43,1093.05216,2022-04-15 07:45:00
1650009600000,40239.43,40360.14,40166.06,40358.83,350.68944,2022-04-15 08:00:00
1650010500000,40358.83,40396.59,40110.76,40113.55,439.72271,2022-04-15 08:15:00
1650011400000,40113.56,40183.32,40100.0,40155.0,642.08694,2022-04-15 08:30:00
1650012300000,40154.99,40197.71,40111.77,40153.97,201.27756,2022-04-15 08:45:00
1650013200000,40153.98,40194.67,40124.06,40186.63,168.15607,2022-04-15 09:00:00
1650014100000,40186.62,40189.45,40099.0,40142.25,243.86139,2022-04-15 09:15:00
1650015000000,40142.26,40151.79,40074.62,40109.22,220.63376,2022-04-15 09:30:00
1650015900000,40109.23,40189.79,40036.06,40112.16,142.23754,2022-04-15 09:45:00
1650016800000,40112.17,40188.78,40087.47,40161.64,222.50375,2022-04-15 10:00:00
1650017700000,40161.64,40264.22,40113.77,40246.83,262.6115,2022-04-15 10:15:00
1650018600000,40246.82,40250.0,40158.14,40220.55,194.56107,2022-04-15 10:30:00
1650019500000,40220.55,40399.0,40213.8,40268.24,352.74606,2022-04-15 10:45:00
1650020400000,40268.23,40363.01,40244.11,40319.54,199.92929,2022-04-15 11:00:00
1650021300000,40319.55,40345.0,40223.58,40223.66,175.42345,2022-04-15 11:15:00
1650022200000,40223.32,40228.91,40100.0,40161.66,321.15285,2022-04-15 11:30:00
1650023100000,40161.66,40239.87,40141.75,40220.0,173.96474,2022-04-15 11:45:00
1650024000000,40220.0,40253.02,40143.5,40198.09,206.11884,2022-04-15 12:00:00
1650024900000,40198.08,40258.26,40181.89,40193.33,164.60907,2022-04-15 12:15:00
1650025800000,40193.33,40200.93,40132.83,40200.92,215.75568,2022-04-15 12:30:00
1650026700000,40200.92,40200.93,40106.54,40149.99,167.97314,2022-04-15 12:45:00
1650027600000,40150.0,40180.0,40072.5,40090.53,252.9289,2022-04-15 13:00:00
1650028500000,40090.52,40228.78,40080.49,40193.57,225.34815,2022-04-15 13:15:00
1650029400000,40193.57,40234.81,40155.41,40177.0,147.1366,2022-04-15 13:30:00
1650030300000,40177.0,40203.58,40010.2,40039.87,540.84713,2022-04-15 13:45:00
1650031200000,40039.87,40122.37,40020.93,40086.9,128.17875,2022-04-15 14:00:00
1650032100000,40086.9,40119.98,39900.0,39989.89,428.92097,2022-04-15 14:15:00
1650033000000,39989.89,40117.09,39979.1,40093.52,223.153,2022-04-15 14:30:00
1650033900000,40093.52,40870.36,40093.52,40450.0,1931.31004,2022-04-15 14:45:00
1650034800000,40450.0,40578.16,40367.52,40422.9,624.7239,2022-04-15 15:00:00
1650035700000,40422.89,40535.0,40354.54,40508.74,379.40267,2022-04-15 15:15:00
1650036600000,40508.74,40528.98,40431.66,40498.84,334.07496,2022-04-15 15:30:00
1650037500000,40498.84,40519.88,40399.37,40412.2,276.32128,2022-04-15 15:45:00
1650038400000,40412.21,40434.03,40203.68,40275.35,413.15652,2022-04-15 16:00:00
1650039300000,40275.35,40348.18,40232.29,40274.73,320.10934,2022-04-15 16:15:00
1650040200000,40274.74,40350.0,40260.4,40320.0,213.31621,2022-04-15 16:30:00
1650041100000,40320.0,40449.23,40309.99,40383.09,259.96799,2022-04-15 16:45:00
1650042000000,40383.1,40650.01,40356.71,40506.59,539.04586,2022-04-15 17:00:00
1650042900000,40506.6,40540.5,40443.87,40464.35,259.54324,2022-04-15 17:15:00
1650043800000,40464.35,40548.52,40370.18,40410.67,428.34361,2022-04-15 17:30:00
1650044700000,40410.67,40457.76,40396.62,40436.01,96.49725,2022-04-15 17:45:00
1650045600000,40436.01,40472.25,40360.14,40464.71,167.34079,2022-04-15 18:00:00
1650046500000,40464.71,40465.02,40365.13,40418.65,179.80044,2022-04-15 18:15:00
1650047400000,40418.66,40442.37,40382.18,40399.66,137.95965,2022-04-15 18:30:00
1650048300000,40399.66,40435.72,40365.0,40388.11,113.572,2022-04-15 18:45:00
1650049200000,40388.11,40395.5,40276.0,40337.02,246.73607,2022-04-15 19:00:00
1650050100000,40337.01,40343.02,40297.46,40332.81,102.12733,2022-04-15 19:15:00
1650051000000,40332.81,40342.16,40290.95,40314.09,107.17844,2022-04-15 19:30:00
1650051900000,40314.08,40359.48,40299.0,40313.35,125.52485,2022-04-15 19:45:00
1650052800000,40313.35,40358.97,40300.0,40314.1,108.5304,2022-04-15 20:00:00
1650053700000,40314.09,40314.1,40281.35,40293.49,92.85869,2022-04-15 20:15:00
1650054600000,40293.48,40346.0,40281.66,40345.99,90.94164,2022-04-15 20:30:00
1650055500000,40345.99,40403.26,40320.0,40396.69,120.33382,2022-04-15 20:45:00
1650056400000,40396.7,40444.0,40388.55,40429.28,110.54631,2022-04-15 21:00:00
1650057300000,40429.28,40436.64,40362.37,40436.62,121.7641,2022-04-15 21:15:00
1650058200000,40436.62,40449.28,40411.72,40444.4,60.43176,2022-04-15 21:30:00
1650059100000,40444.4,40465.0,40399.47,40426.0,94.56462,2022-04-15 21:45:00
1650060000000,40425.99,40440.52,40341.12,40397.8,127.96063,2022-04-15 22:00:00
1650060900000,40397.79,40441.98,40360.0,40410.0,88.60866,2022-04-15 22:15:00
1650061800000,40410.0,40452.9,40400.0,40433.81,93.87633,2022-04-15 22:30:00
1650062700000,40433.82,40504.67,40406.69,40467.48,247.91948,2022-04-15 22:45:00
1650063600000,40467.48,40499.48,40443.0,40474.13,74.51747,2022-04-15 23:00:00
1650064500000,40474.13,40478.96,40420.0,40466.38,61.58428,2022-04-15 23:15:00
1650065400000,40466.37,40602.0,40456.84,40567.45,191.40204,2022-04-15 23:30:00
1650066300000,40567.45,40594.5,40523.78,40551.9,172.86347,2022-04-15 23:45:00
1650067200000,40551.9,40567.84,40473.18,40473.87,219.05923,2022-04-16 00:00:00
1650068100000,40473.86,40508.42,40468.25,40499.2,85.90248,2022-04-16 00:15:00
1650069000000,40499.2,40523.36,40477.73,40518.53,88.13477,2022-04-16 00:30:00
1650069900000,40518.52,40573.68,40514.52,40560.0,155.08184,2022-04-16 00:45:00
1650070800000,40560.0,40580.0,40525.67,40557.51,96.22311,2022-04-16 01:00:00
1650071700000,40557.52,40709.35,40557.51,40585.24,339.32363,2022-04-16 01:15:00
1650072600000,40585.23,40603.5,40561.8,40578.97,142.08722,2022-04-16 01:30:00
1650073500000,40578.96,40612.3,40559.28,40579.99,79.25045,2022-04-16 01:45:00
1650074400000,40579.99,40590.0,40499.7,40541.04,248.40851,2022-04-16 02:00:00
1650075300000,40541.05,40592.89,40520.33,40577.22,66.80135,2022-04-16 02:15:00
1650076200000,40577.22,40586.39,40542.63,40551.41,71.13233,2022-04-16 02:30:00
1650077100000,40551.4,40595.02,40522.33,40522.34,115.71897,2022-04-16 02:45:00
1650078000000,40522.34,40522.34,40429.43,40450.0,284.44316,2022-04-16 03:00:00
1650078900000,40449.99,40467.89,40410.75,40429.89,115.01013,2022-04-16 03:15:00
1650079800000,40429.89,40484.25,40429.89,40484.24,59.88796,2022-04-16 03:30:00
1650080700000,40484.24,40493.59,40421.0,40434.12,104.48548,2022-04-16 03:45:00
1650081600000,40434.11,40443.32,40417.29,40424.92,97.47175,2022-04-16 04:00:00
1650082500000,40424.92,40478.04,40424.42,40478.04,65.47804,2022-04-16 04:15:00
1650083400000,40478.04,40563.46,40465.51,40534.27,232.45313,2022-04-16 04:30:00
1650084300000,40534.26,40547.01,40511.91,40539.47,123.35101,2022-04-16 04:45:00
1650085200000,40539.46,40539.47,40502.33,40508.42,50.46351,2022-04-16 05:00:00
1650086100000,40508.42,40517.43,40446.07,40502.48,137.39063,2022-04-16 05:15:00
1650087000000,40502.47,40502.48,40409.95,40442.2,134.70077,2022-04-16 05:30:00
1650087900000,40442.19,40474.02,40373.91,40456.82,208.95015,2022-04-16 05:45:00
1650088800000,40456.82,40456.82,40419.14,40441.37,89.25686,2022-04-16 06:00:00
1650089700000,40441.38,40452.55,40403.45,40403.46,87.72336,2022-04-16 06:15:00
1650090600000,40403.46,40421.08,40367.5,40378.28,118.0631,2022-04-16 06:30:00
1650091500000,40378.28,40419.52,40375.49,40419.52,107.64823,2022-04-16 06:45:00
1650092400000,40419.52,40450.0,40402.26,40418.99,106.23607,2022-04-16 07:00:00
1650093300000,40419.0,40422.78,40382.11,40411.38,92.59217,2022-04-16 07:15:00
1650094200000,40411.39,40417.45,40353.54,40386.03,165.29561,2022-04-16 07:30:00
1650095100000,40386.03,40424.48,40375.75,40393.77,103.70156,2022-04-16 07:45:00
1650096000000,40393.77,40414.79,40350.07,40412.99,128.1457,2022-04-16 08:00:00
1650096900000,40413.0,40447.71,40403.04,40409.1,122.79021,2022-04-16 08:15:00
1650097800000,40409.11,40409.11,40345.75,40378.4,98.2699,2022-04-16 08:30:00
1650098700000,40378.4,40388.5,40344.92,40369.99,94.66852,2022-04-16 08:45:00
1650099600000,40370.0,40409.13,40337.91,40398.78,126.40142,2022-04-16 09:00:00
1650100500000,40398.78,40414.58,40370.34,40394.99,99.91555,2022-04-16 09:15:00
1650101400000,40394.99,40394.99,40277.0,40344.9,288.37987,2022-04-16 09:30:00
1650102300000,40344.93,40372.32,40291.7,40328.79,310.78613,2022-04-16 09:45:00
1650103200000,40328.8,40349.5,40310.05,40340.02,89.44352,2022-04-16 10:00:00
1650104100000,40340.02,40484.7,40313.67,40412.21,418.6973,2022-04-16 10:15:00
1650105000000,40412.21,40414.29,40371.88,40389.57,105.45361,2022-04-16 10:30:00
1650105900000,40389.57,40449.99,40381.87,40413.91,98.65291,2022-04-16 10:45:00
1650106800000,40413.91,40492.91,40400.38,40400.38,151.25659,2022-04-16 11:00:00
1650107700000,40400.39,40466.71,40394.37,40435.01,110.28631,2022-04-16 11:15:00
1650108600000,40435.02,40470.0,40435.01,40440.12,82.89128,2022-04-16 11:30:00
1650109500000,40440.13,40451.73,40390.55,40416.95,341.97924,2022-04-16 11:45:00
1650110400000,40416.94,40452.58,40393.84,40393.85,170.50284,2022-04-16 12:00:00
1650111300000,40393.85,40460.0,40341.83,40453.19,310.71699,2022-04-16 12:15:00
1650112200000,40453.19,40472.01,40402.7,40409.68,124.61792,2022-04-16 12:30:00
1650113100000,40409.67,40457.74,40394.36,40449.11,150.64201,2022-04-16 12:45:00
1650114000000,40449.1,40461.73,40430.0,40447.16,149.36406,2022-04-16 13:00:00
1650114900000,40447.16,40458.47,40404.7,40408.45,126.87568,2022-04-16 13:15:00
1650115800000,40408.45,40431.38,40377.0,40407.74,146.12374,2022-04-16 13:30:00
1650116700000,40407.74,40450.0,40382.97,40438.15,156.80304,2022-04-16 13:45:00
1650117600000,40438.16,40454.53,40409.81,40409.82,130.06755,2022-04-16 14:00:00
1650118500000,40409.81,40505.52,40400.0,40486.0,162.39659,2022-04-16 14:15:00
1650119400000,40486.01,40494.92,40430.0,40473.87,112.72736,2022-04-16 14:30:00
1650120300000,40473.87,40494.91,40454.48,40493.32,91.90439,2022-04-16 14:45:00
1650121200000,40493.31,40577.57,40150.5,40181.21,822.68959,2022-04-16 15:00:00
1650122100000,40181.21,40310.0,40120.03,40203.02,659.86306,2022-04-16 15:15:00
1650123000000,40203.02,40244.88,39991.55,40122.92,538.62091,2022-04-16 15:30:00
1650123900000,40122.93,40156.94,40000.0,40062.68,307.97586,2022-04-16 15:45:00
1650124800000,40062.67,40155.39,40005.78,40137.58,361.03351,2022-04-16 16:00:00
1650125700000,40137.59,40167.68,40122.45,40137.59,128.25865,2022-04-16 16:15:00
1650126600000,40137.59,40177.13,40125.02,40165.3,108.15156,2022-04-16 16:30:00
1650127500000,40165.29,40236.01,40115.62,40203.33,166.09779,2022-04-16 16:45:00
1650128400000,40203.33,40236.01,40164.57,40173.63,146.36092,2022-04-16 17:00:00
1650129300000,40173.64,40193.21,40140.5,40150.94,82.5055,2022-04-16 17:15:00
1650130200000,40150.95,40185.18,40129.43,40134.55,88.92385,2022-04-16 17:30:00
1650131100000,40134.55,40153.94,40096.4,40153.0,129.25934,2022-04-16 17:45:00
1650132000000,40152.99,40197.42,40140.95,40157.45,88.18262,2022-04-16 18:00:00
1650132900000,40157.45,40160.0,40106.98,40150.46,102.08037,2022-04-16 18:15:00
1650133800000,40150.47,40157.16,40120.01,40136.6,58.68893,2022-04-16 18:30:00
1650134700000,40136.6,40188.74,40136.6,40183.9,56.56507,2022-04-16 18:45:00
1650135600000,40183.91,40250.0,40170.0,40232.0,168.00913,2022-04-16 19:00:00
1650136500000,40232.0,40247.06,40192.32,40204.97,62.4836,2022-04-16 19:15:00
1650137400000,40204.97,40250.0,40190.0,40217.18,115.0026,2022-04-16 19:30:00
1650138300000,40217.18,40243.87,40191.59,40210.0,96.96885,2022-04-16 19:45:00
1650139200000,40210.01,40236.28,40185.45,40192.74,63.89287,2022-04-16 20:00:00
1650140100000,40192.75,40218.01,40192.74,40217.99,53.3309,2022-04-16 20:15:00
1650141000000,40217.99,40236.82,40207.9,40208.99,81.27631,2022-04-16 20:30:00
1650141900000,40208.99,40394.39,40207.51,40280.0,216.56677,2022-04-16 20:45:00
1650142800000,40280.0,40341.54,40280.0,40299.62,137.40974,2022-04-16 21:00:00
1650143700000,40299.62,40390.0,40299.62,40390.0,123.39625,2022-04-16 21:15:00
1650144600000,40390.0,40469.94,40351.34,40416.17,77.54035,2022-04-16 21:30:00
1650145500000,40416.17,40600.0,40408.41,40485.28,364.91129,2022-04-16 21:45:00
1650146400000,40485.28,40699.55,40485.28,40586.68,739.87726,2022-04-16 22:00:00
1650147300000,40586.69,40595.9,40455.64,40520.0,321.13677,2022-04-16 22:15:00
1650148200000,40520.14,40532.74,40450.0,40466.74,97.30423,2022-04-16 22:30:00
1650149100000,40466.73,40479.07,40392.5,40405.86,113.40943,2022-04-16 22:45:00
1650150000000,40405.85,40438.53,40394.67,40401.85,84.19263,2022-04-16 23:00:00
1650150900000,40401.84,40483.51,40395.96,40474.26,81.08787,2022-04-16 23:15:00
1650151800000,40474.26,40499.0,40433.81,40484.67,99.44523,2022-04-16 23:30:00
1650152700000,40484.67,40484.67,40360.11,40378.71,170.46077,2022-04-16 23:45:00
1650153600000,40378.7,40413.14,40350.53,40367.17,201.48078,2022-04-17 00:00:00
1650154500000,40367.16,40400.0,40300.84,40330.66,160.86121,2022-04-17 00:15:00
1650155400000,40330.66,40379.1,40324.37,40343.16,91.75682,2022-04-17 00:30:00
1650156300000,40343.15,40402.57,40343.15,40374.13,51.24134,2022-04-17 00:45:00
1650157200000,40374.13,40391.46,40345.38,40359.41,64.04207,2022-04-17 01:00:00
1650158100000,40359.41,40400.0,40326.87,40390.9,72.17148,2022-04-17 01:15:00
1650159000000,40390.91,40398.05,40361.44,40398.04,37.46216,2022-04-17 01:30:00
1650159900000,40398.04,40423.0,40385.09,40387.43,66.56985,2022-04-17 01:45:00
1650160800000,40387.44,40387.44,40350.0,40371.85,107.85691,2022-04-17 02:00:00
1650161700000,40371.85,40371.86,40245.49,40248.65,112.59851,2022-04-17 02:15:00
1650162600000,40248.66,40269.29,40155.77,40202.73,247.49862,2022-04-17 02:30:00
1650163500000,40202.72,40220.0,40122.05,40166.93,225.71533,2022-04-17 02:45:00
1650164400000,40166.93,40183.72,40124.99,40181.58,107.18743,2022-04-17 03:00:00
1650165300000,40181.58,40245.43,40181.57,40230.56,112.46172,2022-04-17 03:15:00
1650166200000,40230.57,40295.0,40228.14,40270.52,134.22602,2022-04-17 03:30:00
1650167100000,40270.51,40291.87,40230.86,40230.86,81.11851,2022-04-17 03:45:00
1650168000000,40230.87,40281.86,40226.55,40281.86,59.76115,2022-04-17 04:00:00
1650168900000,40281.86,40340.0,40273.75,40309.23,118.45764,2022-04-17 04:15:00
1650169800000,40309.23,40315.85,40284.61,40310.0,46.7264,2022-04-17 04:30:00
1650170700000,40310.0,40322.95,40273.19,40282.58,66.60544,2022-04-17 04:45:00
1650171600000,40282.58,40289.4,40253.1,40286.54,47.2594,2022-04-17 05:00:00
1650172500000,40286.55,40314.06,40277.53,40307.41,69.79023,2022-04-17 05:15:00
1650173400000,40307.4,40344.02,40295.08,40310.0,84.37068,2022-04-17 05:30:00
1650174300000,40310.01,40430.0,40310.0,40364.48,124.23235,2022-04-17 05:45:00
1650175200000,40364.47,40383.87,40326.16,40351.36,81.76671,2022-04-17 06:00:00
1650176100000,40351.36,40351.37,40311.66,40333.46,68.22698,2022-04-17 06:15:00
1650177000000,40333.45,40391.71,40321.19,40326.69,158.68921,2022-04-17 06:30:00
1650177900000,40326.7,40364.23,40323.15,40323.16,49.87191,2022-04-17 06:45:00
1650178800000,40323.15,40340.53,40312.54,40334.69,81.44027,2022-04-17 07:00:00
1650179700000,40334.7,40359.74,40290.77,40296.67,76.60829,2022-04-17 07:15:00
1650180600000,40296.68,40303.15,40234.79,40264.9,107.69988,2022-04-17 07:30:00
1650181500000,40264.9,40294.23,40264.9,40285.15,71.42448,2022-04-17 07:45:00
1650182400000,40285.15,40385.21,40280.0,40366.17,233.35823,2022-04-17 08:00:00
1650183300000,40366.16,40424.01,40366.16,40371.17,155.34545,2022-04-17 08:15:00
1650184200000,40371.16,40380.01,40345.11,40345.12,73.80939,2022-04-17 08:30:00
1650185100000,40345.12,40421.36,40345.11,40390.16,110.71293,2022-04-17 08:45:00
1650186000000,40390.15,40529.79,40390.15,40494.29,354.789,2022-04-17 09:00:00
1650186900000,40494.3,40519.19,40461.4,40471.41,160.59687,2022-04-17 09:15:00
1650187800000,40471.42,40471.42,40426.49,40431.49,87.84217,2022-04-17 09:30:00
1650188700000,40431.49,40440.0,40410.2,40419.82,85.54347,2022-04-17 09:45:00
1650189600000,40419.82,40461.64,40419.82,40432.8,102.89137,2022-04-17 10:00:00
1650190500000,40432.81,40456.81,40415.17,40415.17,80.38899,2022-04-17 10:15:00
1650191400000,40415.18,40433.23,40392.03,40392.03,72.31117,2022-04-17 10:30:00
1650192300000,40392.03,40418.7,40377.77,40412.88,140.58604,2022-04-17 10:45:00
1650193200000,40412.89,40422.85,40375.76,40393.37,109.2465,2022-04-17 11:00:00
1650194100000,40393.38,40408.39,40363.6,40407.12,120.66965,2022-04-17 11:15:00
1650195000000,40407.12,40465.67,40390.0,40446.11,135.04541,2022-04-17 11:30:00
1650195900000,40446.11,40485.0,40410.0,40464.77,137.46047,2022-04-17 11:45:00
1650196800000,40464.77,40490.88,40406.46,40423.21,127.02033,2022-04-17 12:00:00
1650197700000,40423.22,40423.22,40366.98,40399.45,114.45811,2022-04-17 12:15:00
1650198600000,40399.45,40459.38,40396.62,40456.18,131.49488,2022-04-17 12:30:00
1650199500000,40456.18,40456.54,40413.43,40421.72,64.99163,2022-04-17 12:45:00
1650200400000,40421.72,40443.0,40404.42,40442.99,76.63616,2022-04-17 13:00:00
1650201300000,40442.99,40548.23,40400.44,40402.55,220.76827,2022-04-17 13:15:00
1650202200000,40402.55,40590.0,40340.65,40561.56,490.77945,2022-04-17 13:30:00
1650203100000,40561.56,40595.67,40250.02,40306.56,859.75789,2022-04-17 13:45:00
1650204000000,40306.53,40370.9,40200.0,40356.55,355.39954,2022-04-17 14:00:00
1650204900000,40356.56,40380.92,40302.13,40378.03,149.45821,2022-04-17 14:15:00
1650205800000,40378.03,40421.15,40361.35,40361.36,163.06735,2022-04-17 14:30:00
1650206700000,40361.35,40415.26,40335.36,40359.19,136.58031,2022-04-17 14:45:00
1650207600000,40359.19,40386.0,40321.92,40324.78,97.69945,2022-04-17 15:00:00
1650208500000,40324.77,40415.0,40324.77,40394.64,160.48256,2022-04-17 15:15:00
1650209400000,40394.65,40473.27,40394.64,40455.26,264.87783,2022-04-17 15:30:00
1650210300000,40455.27,40485.82,40422.82,40445.3,122.45994,2022-04-17 15:45:00
1650211200000,40445.3,40476.07,40428.09,40468.76,130.92735,2022-04-17 16:00:00
1650212100000,40468.75,40470.41,40430.93,40430.94,99.42376,2022-04-17 16:15:00
1650213000000,40430.93,40440.0,40384.36,40406.26,95.40866,2022-04-17 16:30:00
1650213900000,40406.26,40406.27,40125.89,40200.01,670.67065,2022-04-17 16:45:00
1650214800000,40200.0,40246.84,40172.94,40244.61,236.04691,2022-04-17 17:00:00
1650215700000,40244.6,40276.0,40174.96,40177.42,175.96843,2022-04-17 17:15:00
1650216600000,40177.43,40221.58,40175.0,40211.08,115.28217,2022-04-17 17:30:00
1650217500000,40211.07,40213.9,40050.0,40101.72,399.68485,2022-04-17 17:45:00
1650218400000,40101.72,40160.0,39833.31,39949.93,1040.79185,2022-04-17 18:00:00
1650219300000,39949.92,40100.0,39910.0,40075.68,367.16792,2022-04-17 18:15:00
1650220200000,40075.69,40135.27,40050.3,40108.98,126.1206,2022-04-17 18:30:00
1650221100000,40108.98,40138.4,40067.25,40119.99,126.48664,2022-04-17 18:45:00
1650222000000,40119.99,40155.83,40087.19,40093.6,105.11054,2022-04-17 19:00:00
1650222900000,40093.6,40138.66,40089.67,40117.88,94.18383,2022-04-17 19:15:00
1650223800000,40117.88,40188.72,40111.23,40163.93,169.52013,2022-04-17 19:30:00
1650224700000,40163.93,40450.0,40159.98,40370.46,660.09297,2022-04-17 19:45:00
1650225600000,40370.46,40459.52,40346.21,40346.22,223.8042,2022-04-17 20:00:00
1650226500000,40346.21,40403.91,40346.21,40372.37,119.63032,2022-04-17 20:15:00
1650227400000,40372.37,40432.31,40358.73,40370.23,179.05752,2022-04-17 20:30:00
1650228300000,40370.23,40380.0,40232.62,40263.19,211.78643,2022-04-17 20:45:00
1650229200000,40263.19,40285.56,40173.91,40175.76,180.96132,2022-04-17 21:00:00
1650230100000,40175.76,40211.77,40127.0,40181.59,156.30384,2022-04-17 21:15:00
1650231000000,40181.6,40276.48,40144.36,40210.0,105.47356,2022-04-17 21:30:00
1650231900000,40210.0,40226.25,40152.2,40208.14,144.37342,2022-04-17 21:45:00
1650232800000,40208.15,40281.68,40031.75,40269.11,573.61469,2022-04-17 22:00:00
1650233700000,40269.12,40340.22,40230.0,40280.31,363.1241,2022-04-17 22:15:00
1650234600000,40280.32,40302.48,40122.2,40154.35,352.02704,2022-04-17 22:30:00
1650235500000,40154.34,40154.57,39932.66,40000.0,499.2885,2022-04-17 22:45:00
1650236400000,39999.99,40002.97,39846.76,39921.45,592.7623,2022-04-17 23:00:00
1650237300000,39921.44,40000.3,39634.0,39650.58,1128.87241,2022-04-17 23:15:00
1650238200000,39650.59,39729.55,39551.81,39610.39,768.21544,2022-04-17 23:30:00
1650239100000,39610.38,39751.96,39546.17,39678.12,892.60144,2022-04-17 23:45:00
1650240000000,39678.11,39749.54,39580.05,39741.45,769.50844,2022-04-18 00:00:00
1650240900000,39741.45,39784.98,39714.14,39757.88,292.92002,2022-04-18 00:15:00
1650241800000,39757.87,39757.88,39642.0,39717.4,304.24044,2022-04-18 00:30:00
1650242700000,39717.4,39763.77,39667.62,39732.92,231.14896,2022-04-18 00:45:00
1650243600000,39732.92,39828.62,39715.8,39787.73,231.49904,2022-04-18 01:00:00
1650244500000,39787.73,39787.73,39667.63,39717.01,283.74138,2022-04-18 01:15:00
1650245400000,39717.01,39770.32,39670.41,39743.34,286.14644,2022-04-18 01:30:00
1650246300000,39743.34,39772.63,39710.26,39752.13,134.7653,2022-04-18 01:45:00
1650247200000,39752.13,39838.45,39721.24,39765.94,348.75247,2022-04-18 02:00:00
1650248100000,39765.95,39791.93,39746.55,39791.93,160.83743,2022-04-18 02:15:00
1650249000000,39791.93,39825.58,39777.39,39806.08,182.15499,2022-04-18 02:30:00
1650249900000,39806.08,39810.0,39768.0,39796.91,144.86051,2022-04-18 02:45:00
1650250800000,39796.91,39896.98,39796.9,39819.41,211.62313,2022-04-18 03:00:00
1650251700000,39819.4,39830.0,39756.14,39824.29,195.78347,2022-04-18 03:15:00
1650252600000,39824.3,39840.0,39743.64,39828.6,185.21478,2022-04-18 03:30:00
1650253500000,39828.14,39867.24,39813.17,39813.17,101.90188,2022-04-18 03:45:00
1650254400000,39813.17,39847.24,39600.0,39642.28,528.53592,2022-04-18 04:00:00
1650255300000,39642.28,39670.0,38673.18,38901.47,3958.78859,2022-04-18 04:15:00
1650256200000,38901.47,39020.5,38810.0,38899.98,779.09501,2022-04-18 04:30:00
1650257100000,38899.97,38932.22,38769.91,38819.06,643.94463,2022-04-18 04:45:00
1650258000000,38819.07,38854.83,38536.51,38795.19,1505.5595,2022-04-18 05:00:00
1650258900000,38795.18,38970.45,38795.18,38970.45,404.12837,2022-04-18 05:15:00
1650259800000,38970.44,38986.2,38889.81,38925.02,397.05108,2022-04-18 05:30:00
1650260700000,38925.02,38973.58,38900.0,38922.21,358.1784,2022-04-18 05:45:00
1650261600000,38922.21,38974.26,38883.88,38916.91,294.02364,2022-04-18 06:00:00
1650262500000,38916.91,38964.25,38907.69,38964.24,228.50067,2022-04-18 06:15:00
1650263400000,38964.25,39070.05,38923.46,39017.14,475.65977,2022-04-18 06:30:00
1650264300000,39017.14,39039.08,38980.39,38980.39,253.98908,2022-04-18 06:45:00
1650265200000,38980.4,39068.96,38980.39,39029.73,373.00837,2022-04-18 07:00:00
1650266100000,39029.73,39039.19,38891.3,38941.6,466.85882,2022-04-18 07:15:00
1650267000000,38941.6,39008.42,38916.53,38944.9,357.57735,2022-04-18 07:30:00
1650267900000,38944.91,38944.91,38791.73,38919.85,604.1656,2022-04-18 07:45:00
1650268800000,38919.85,39020.0,38904.18,38994.8,300.64552,2022-04-18 08:00:00
1650269700000,38994.81,39064.97,38926.12,38964.43,392.78515,2022-04-18 08:15:00
1650270600000,38964.43,39006.0,38958.67,39005.61,185.93166,2022-04-18 08:30:00
1650271500000,39005.61,39005.62,38851.57,38874.87,260.63853,2022-04-18 08:45:00
1650272400000,38874.87,38911.81,38799.0,38893.37,338.45025,2022-04-18 09:00:00
1650273300000,38893.38,38898.16,38815.0,38853.99,181.61017,2022-04-18 09:15:00
1650274200000,38853.55,38990.89,38843.76,38933.5,511.11886,2022-04-18 09:30:00
1650275100000,38933.51,38983.14,38915.31,38976.39,331.19561,2022-04-18 09:45:00
1650276000000,38976.39,39011.04,38940.61,38995.27,282.14542,2022-04-18 10:00:00
1650276900000,38995.27,39060.76,38955.87,39039.4,264.71067,2022-04-18 10:15:00
1650277800000,39039.4,39138.49,38972.34,38986.58,438.24065,2022-04-18 10:30:00
1650278700000,38986.58,38998.67,38920.62,38923.98,305.67739,2022-04-18 10:45:00
1650279600000,38923.98,39032.0,38923.98,39032.0,301.96206,2022-04-18 11:00:00
1650280500000,39032.0,39107.99,39017.19,39043.79,324.59558,2022-04-18 11:15:00
1650281400000,39043.79,39078.68,39026.37,39058.1,166.58433,2022-04-18 11:30:00
1650282300000,39058.11,39064.74,38979.65,38998.54,343.8539,2022-04-18 11:45:00
1650283200000,38998.54,39098.39,38998.54,39096.87,338.45037,2022-04-18 12:00:00
1650284100000,39096.87,39325.92,39080.95,39220.5,807.76292,2022-04-18 12:15:00
1650285000000,39220.5,39394.04,39186.66,39285.52,703.5405,2022-04-18 12:30:00
1650285900000,39285.52,39529.77,39260.65,39400.02,749.19353,2022-04-18 12:45:00
1650286800000,39400.01,39525.3,39318.49,39372.89,717.2343,2022-04-18 13:00:00
1650287700000,39372.89,39403.35,39303.63,39342.13,359.50745,2022-04-18 13:15:00
1650288600000,39342.14,39620.8,39309.2,39389.99,1598.53781,2022-04-18 13:30:00
1650289500000,39389.99,39400.0,39233.13,39326.13,849.44346,2022-04-18 13:45:00
1650290400000,39326.13,39480.0,39302.15,39446.44,550.3262,2022-04-18 14:00:00
1650291300000,39446.44,39569.92,39392.39,39409.05,1076.23486,2022-04-18 14:15:00
1650292200000,39409.05,39448.4,39330.73,39430.1,630.71783,2022-04-18 14:30:00
1650293100000,39430.1,39437.68,39302.18,39340.0,390.0313,2022-04-18 14:45:00
1650294000000,39340.0,39370.0,39302.27,39321.8,335.48579,2022-04-18 15:00:00
1650294900000,39321.8,39332.7,39122.78,39201.47,687.4859,2022-04-18 15:15:00
1650295800000,39201.47,39265.33,39157.15,39212.83,306.44806,2022-04-18 15:30:00
1650296700000,39212.83,39267.26,39186.43,39254.5,527.62907,2022-04-18 15:45:00
1650297600000,39254.5,39266.13,39000.0,39088.47,492.60818,2022-04-18 16:00:00
1650298500000,39088.46,39227.82,39071.39,39197.08,532.94008,2022-04-18 16:15:00
1650299400000,39197.08,39333.0,39172.0,39312.7,517.71526,2022-04-18 16:30:00
1650300300000,39312.7,39622.15,39312.69,39464.46,1106.08194,2022-04-18 16:45:00
1650301200000,39464.46,40370.8,39463.21,40148.19,2485.08665,2022-04-18 17:00:00
1650302100000,40148.18,40205.89,39785.33,39884.28,2110.39977,2022-04-18 17:15:00
1650303000000,39884.28,40126.39,39858.06,40065.82,615.08428,2022-04-18 17:30:00
1650303900000,40065.81,40360.0,40022.46,40211.03,807.50952,2022-04-18 17:45:00
1650304800000,40211.03,40441.27,40211.03,40396.84,1026.75469,2022-04-18 18:00:00
1650305700000,40396.85,41116.73,40396.84,40768.87,3621.23649,2022-04-18 18:15:00
1650306600000,40768.87,40866.58,40668.34,40677.22,797.34025,2022-04-18 18:30:00
1650307500000,40677.23,40740.5,40573.18,40646.01,937.25452,2022-04-18 18:45:00
1650308400000,40646.01,40747.02,40466.0,40514.75,703.58741,2022-04-18 19:00:00
1650309300000,40514.75,40744.53,40505.07,40602.77,602.1872,2022-04-18 19:15:00
1650310200000,40602.76,40602.77,40445.19,40503.23,480.61903,2022-04-18 19:30:00
1650311100000,40503.23,40708.45,40421.67,40680.68,606.34825,2022-04-18 19:45:00
1650312000000,40680.68,40909.08,40680.67,40807.43,867.11652,2022-04-18 20:00:00
1650312900000,40807.43,40841.21,40632.51,40703.0,358.67753,2022-04-18 20:15:00
1650313800000,40703.01,40771.43,40684.28,40705.85,220.01973,2022-04-18 20:30:00
1650314700000,40705.86,40753.08,40644.75,40664.26,191.52759,2022-04-18 20:45:00
1650315600000,40664.25,40838.99,40664.25,40781.88,486.79175,2022-04-18 21:00:00
1650316500000,40781.88,41099.0,40764.5,40909.0,708.48298,2022-04-18 21:15:00
1650317400000,40909.0,40985.9,40792.96,40800.0,249.48752,2022-04-18 21:30:00
1650318300000,40799.99,40835.65,40721.49,40801.3,286.55395,2022-04-18 21:45:00
1650319200000,40801.29,40845.88,40762.59,40780.7,219.54398,2022-04-18 22:00:00
1650320100000,40780.69,40888.62,40780.69,40814.28,231.54392,2022-04-18 22:15:00
1650321000000,40814.27,40831.28,40710.0,40779.77,225.33441,2022-04-18 22:30:00
1650321900000,40779.77,40949.93,40769.16,40923.74,300.15163,2022-04-18 22:45:00
1650322800000,40923.75,40972.77,40835.67,40835.67,249.24567,2022-04-18 23:00:00
1650323700000,40835.68,40936.28,40833.37,40833.37,236.12195,2022-04-18 23:15:00
1650324600000,40833.37,40854.67,40721.25,40757.79,367.53558,2022-04-18 23:30:00
1650325500000,40757.79,40828.24,40757.79,40801.13,350.26894,2022-04-18 23:45:00
1650326400000,40801.13,41099.39,40792.45,41046.52,1101.69131,2022-04-19 00:00:00
1650327300000,41046.53,41062.79,40877.26,40960.34,389.68621,2022-04-19 00:15:00
1650328200000,40960.33,41263.43,40945.84,40992.07,913.08675,2022-04-19 00:30:00
1650329100000,40991.57,41012.6,40868.36,40880.79,355.9849,2022-04-19 00:45:00
1650330000000,40880.79,40927.45,40869.22,40920.46,168.62242,2022-04-19 01:00:00
1650330900000,40920.45,40935.96,40832.21,40866.67,168.07963,2022-04-19 01:15:00
1650331800000,40866.68,40875.0,40782.45,40822.83,192.28176,2022-04-19 01:30:00
1650332700000,40822.82,40824.19,40699.09,40750.05,300.54368,2022-04-19 01:45:00
1650333600000,40750.05,40764.92,40700.61,40713.46,238.68145,2022-04-19 02:00:00
1650334500000,40713.46,40727.63,40677.81,40702.55,184.28776,2022-04-19 02:15:00
1650335400000,40702.54,40736.81,40670.0,40677.63,265.79581,2022-04-19 02:30:00
1650336300000,40677.63,40702.63,40601.0,40611.0,254.27017,2022-04-19 02:45:00
1650337200000,40611.01,40790.85,40609.3,40738.72,392.57176,2022-04-19 03:00:00
1650338100000,40738.72,40748.14,40711.97,40732.19,271.07165,2022-04-19 03:15:00
1650339000000,40732.19,40759.49,40643.62,40724.69,226.26475,2022-04-19 03:30:00
1650339900000,40724.68,40745.84,40670.0,40693.79,155.27071,2022-04-19 03:45:00
1650340800000,40693.79,40761.7,40658.15,40761.69,298.65504,2022-04-19 04:00:00
1650341700000,40761.69,40798.81,40742.98,40743.79,192.45125,2022-04-19 04:15:00
1650342600000,40743.79,40786.2,40743.79,40785.6,187.10897,2022-04-19 04:30:00
1650343500000,40785.6,40883.99,40772.87,40864.27,216.30685,2022-04-19 04:45:00
1650344400000,40864.27,40877.5,40788.66,40800.86,148.65863,2022-04-19 05:00:00
1650345300000,40800.87,40813.1,40649.15,40735.17,238.6687,2022-04-19 05:15:00
1650346200000,40735.17,40735.18,40692.58,40718.05,131.32091,2022-04-19 05:30:00
1650347100000,40718.06,40722.6,40660.95,40660.96,125.84486,2022-04-19 05:45:00
1650348000000,40660.96,40732.75,40660.96,40718.16,154.77283,2022-04-19 06:00:00
1650348900000,40718.16,40783.17,40718.15,40766.86,192.60275,2022-04-19 06:15:00
1650349800000,40766.86,40773.63,40722.21,40736.3,142.92672,2022-04-19 06:30:00
1650350700000,40736.31,40805.69,40703.6,40711.6,206.49276,2022-04-19 06:45:00
1650351600000,40711.61,40750.0,40666.85,40666.85,257.16249,2022-04-19 07:00:00
1650352500000,40666.85,40746.72,40571.0,40739.77,414.62897,2022-04-19 07:15:00
1650353400000,40739.77,40744.69,40640.95,40640.96,215.18776,2022-04-19 07:30:00
1650354300000,40640.96,40700.0,40640.0,40683.14,135.88692,2022-04-19 07:45:00
1650355200000,40683.13,40778.67,40666.9,40725.36,208.2896,2022-04-19 08:00:00
1650356100000,40725.35,40825.95,40725.35,40804.8,329.25708,2022-04-19 08:15:00
1650357000000,40804.79,40854.82,40762.49,40765.84,246.95016,2022-04-19 08:30:00
1650357900000,40765.84,40777.23,40709.9,40725.91,155.42072,2022-04-19 08:45:00
1650358800000,40725.91,40768.42,40608.0,40608.01,237.07229,2022-04-19 09:00:00
1650359700000,40608.01,40698.66,40580.0,40631.46,259.49584,2022-04-19 09:15:00
1650360600000,40631.47,40743.99,40609.09,40665.87,290.41902,2022-04-19 09:30:00
1650361500000,40665.87,40714.99,40611.76,40665.4,245.07343,2022-04-19 09:45:00
1650362400000,40665.4,40732.75,40636.74,40709.99,280.64362,2022-04-19 10:00:00
1650363300000,40709.99,40755.26,40686.76,40729.63,186.45582,2022-04-19 10:15:00
1650364200000,40729.63,40800.0,40728.15,40777.18,364.16076,2022-04-19 10:30:00
1650365100000,40777.18,40815.87,40723.88,40795.62,270.78185,2022-04-19 10:45:00
1650366000000,40795.61,40806.2,40750.96,40773.13,149.83923,2022-04-19 11:00:00
1650366900000,40773.13,40846.13,40773.13,40787.95,199.04734,2022-04-19 11:15:00
1650367800000,40787.95,40800.0,40738.06,40777.8,188.87814,2022-04-19 11:30:00
1650368700000,40777.81,41026.89,40665.05,40687.3,823.50513,2022-04-19 11:45:00
1650369600000,40687.3,40950.0,40662.26,40888.86,491.47518,2022-04-19 12:00:00
1650370500000,40888.85,40948.54,40838.73,40907.26,360.54969,2022-04-19 12:15:00
1650371400000,40907.26,41104.0,40892.47,40988.52,579.03566,2022-04-19 12:30:00
1650372300000,40988.52,41008.94,40906.79,40975.11,412.33038,2022-04-19 12:45:00
1650373200000,40975.12,41018.61,40841.65,40900.0,727.51136,2022-04-19 13:00:00
1650374100000,40899.99,40998.98,40872.06,40977.9,313.56593,2022-04-19 13:15:00
1650375000000,40977.9,41159.66,40859.09,41144.11,1363.34421,2022-04-19 13:30:00
1650375900000,41144.11,41472.34,41104.64,41451.52,2379.91616,2022-04-19 13:45:00
1650376800000,41451.52,41687.14,41380.5,41533.28,2163.0358,2022-04-19 14:00:00
1650377700000,41533.28,41584.42,41473.64,41524.05,752.70537,2022-04-19 14:15:00
1650378600000,41524.06,41615.46,41491.11,41532.09,521.53997,2022-04-19 14:30:00
1650379500000,41532.1,41618.79,41532.09,41565.91,508.23033,2022-04-19 14:45:00
1650380400000,41565.92,41760.0,41533.43,41627.2,868.76262,2022-04-19 15:00:00
1650381300000,41627.2,41674.61,41485.94,41510.16,740.97275,2022-04-19 15:15:00
1650382200000,41510.16,41540.06,41371.81,41468.99,703.02996,2022-04-19 15:30:00
1650383100000,41468.99,41515.0,41420.67,41445.87,314.65809,2022-04-19 15:45:00
1650384000000,41445.88,41522.0,41411.0,41484.37,593.0454,2022-04-19 16:00:00
1650384900000,41484.38,41546.63,41425.32,41489.42,384.54944,2022-04-19 16:15:00
1650385800000,41489.43,41518.89,41236.55,41301.0,619.40289,2022-04-19 16:30:00
1650386700000,41300.99,41403.39,41268.04,41342.26,505.8741,2022-04-19 16:45:00
1650387600000,41342.25,41366.2,41253.38,41269.11,319.8492,2022-04-19 17:00:00
1650388500000,41269.1,41328.62,41167.92,41214.55,444.99256,2022-04-19 17:15:00
1650389400000,41214.56,41305.42,41212.56,41286.27,286.9045,2022-04-19 17:30:00
1650390300000,41286.27,41370.01,41263.29,41345.63,368.51083,2022-04-19 17:45:00
1650391200000,41345.63,41383.2,41312.31,41377.98,310.4122,2022-04-19 18:00:00
1650392100000,41377.99,41460.0,41329.83,41458.63,281.4332,2022-04-19 18:15:00
1650393000000,41458.62,41503.76,41388.26,41420.01,355.30432,2022-04-19 18:30:00
1650393900000,41420.01,41435.52,41362.48,41400.55,185.09305,2022-04-19 18:45:00
1650394800000,41400.56,41501.0,41362.02,41483.13,306.46519,2022-04-19 19:00:00
1650395700000,41483.12,41547.65,41455.01,41474.55,282.0526,2022-04-19 19:15:00
1650396600000,41474.56,41490.0,41379.3,41422.17,309.7468,2022-04-19 19:30:00
1650397500000,41422.18,41498.41,41376.38,41417.24,442.6904,2022-04-19 19:45:00
1650398400000,41417.23,41417.25,41264.15,41275.39,506.91035,2022-04-19 20:00:00
1650399300000,41275.39,41330.33,41259.06,41305.14,183.21417,2022-04-19 20:15:00
1650400200000,41305.14,41324.69,41213.22,41237.59,205.84984,2022-04-19 20:30:00
1650401100000,41237.59,41298.39,41212.94,41293.15,261.42578,2022-04-19 20:45:00
1650402000000,41293.15,41300.0,41263.47,41299.99,158.98862,2022-04-19 21:00:00
1650402900000,41300.0,41334.13,41268.18,41332.05,156.96579,2022-04-19 21:15:00
1650403800000,41332.05,41391.24,41260.0,41272.71,123.96236,2022-04-19 21:30:00
1650404700000,41272.71,41347.55,41272.71,41313.07,169.78827,2022-04-19 21:45:00
1650405600000,41313.08,41406.22,41265.86,41379.99,219.78827,2022-04-19 22:00:00
1650406500000,41379.99,41380.0,41322.83,41380.0,143.06242,2022-04-19 22:15:00
1650407400000,41380.0,41460.52,41351.68,41429.14,188.50547,2022-04-19 22:30:00
1650408300000,41429.13,41429.14,41362.0,41395.39,150.75384,2022-04-19 22:45:00
1650409200000,41395.38,41449.62,41395.38,41430.0,157.16285,2022-04-19 23:00:00
1650410100000,41430.0,41500.04,41403.24,41436.53,242.12225,2022-04-19 23:15:00
1650411000000,41436.52,41500.0,41433.6,41464.8,162.64692,2022-04-19 23:30:00
1650411900000,41464.79,41539.9,41444.41,41493.18,288.56393,2022-04-19 23:45:00
1650412800000,41493.19,41541.23,41421.55,41516.33,314.64415,2022-04-20 00:00:00
1650413700000,41516.33,41516.34,41250.26,41275.14,463.73245,2022-04-20 00:15:00
1650414600000,41275.14,41396.54,41275.13,41343.71,161.2754,2022-04-20 00:30:00
1650415500000,41343.7,41386.69,41295.37,41295.37,286.66747,2022-04-20 00:45:00
1650416400000,41295.37,41329.99,41265.3,41278.02,110.65748,2022-04-20 01:00:00
1650417300000,41278.01,41339.15,41229.96,41317.87,211.51344,2022-04-20 01:15:00
1650418200000,41317.88,41360.0,41313.98,41344.12,113.81036,2022-04-20 01:30:00
1650419100000,41344.12,41385.72,41308.12,41351.39,211.13931,2022-04-20 01:45:00
1650420000000,41351.39,41399.0,41311.69,41370.0,220.49513,2022-04-20 02:00:00
1650420900000,41370.01,41386.99,41322.89,41346.25,242.66641,2022-04-20 02:15:00
1650421800000,41346.24,41380.0,41332.49,41339.77,185.89577,2022-04-20 02:30:00
1650422700000,41339.77,41390.0,41324.32,41372.13,226.47477,2022-04-20 02:45:00
1650423600000,41372.13,41394.75,41350.01,41374.27,204.42614,2022-04-20 03:00:00
1650424500000,41374.26,41394.73,41363.76,41365.24,179.92609,2022-04-20 03:15:00
1650425400000,41365.24,41393.68,41296.01,41339.38,245.67671,2022-04-20 03:30:00
1650426300000,41339.39,41394.73,41330.0,41386.14,262.31694,2022-04-20 03:45:00
1650427200000,41386.14,41396.67,41334.13,41381.65,231.03348,2022-04-20 04:00:00
1650428100000,41381.65,41381.66,41284.45,41298.37,276.72456,2022-04-20 04:15:00
1650429000000,41298.37,41314.32,41261.58,41314.22,209.96059,2022-04-20 04:30:00
1650429900000,41314.23,41341.24,41283.56,41337.09,175.01908,2022-04-20 04:45:00
1650430800000,41337.09,41348.56,41290.0,41315.59,230.80054,2022-04-20 05:00:00
1650431700000,41315.59,41400.0,41296.18,41397.39,304.827,2022-04-20 05:15:00
1650432600000,41397.39,41446.28,41370.0,41427.7,390.75777,2022-04-20 05:30:00
1650433500000,41427.7,41444.0,41400.6,41443.99,220.20571,2022-04-20 05:45:00
1650434400000,41443.99,41462.44,41408.99,41410.01,306.93699,2022-04-20 06:00:00
1650435300000,41410.01,41425.74,41383.02,41403.75,206.46025,2022-04-20 06:15:00
1650436200000,41403.76,41435.34,41396.21,41399.41,175.22216,2022-04-20 06:30:00
1650437100000,41399.41,41472.34,41399.41,41472.34,220.49307,2022-04-20 06:45:00
1650438000000,41472.33,41631.47,41418.63,41470.77,730.47503,2022-04-20 07:00:00
1650438900000,41470.78,41474.13,41310.61,41328.45,421.7848,2022-04-20 07:15:00
1650439800000,41328.45,41361.57,41308.75,41318.74,259.51789,2022-04-20 07:30:00
1650440700000,41318.74,41360.93,41291.88,41340.05,382.08256,2022-04-20 07:45:00
1650441600000,41340.04,41377.63,41302.02,41376.69,328.63331,2022-04-20 08:00:00
1650442500000,41376.68,41433.59,41356.01,41422.67,277.56778,2022-04-20 08:15:00
1650443400000,41422.68,41520.0,41409.02,41479.22,325.16423,2022-04-20 08:30:00
1650444300000,41479.22,41488.1,41437.87,41477.51,247.23336,2022-04-20 08:45:00
1650445200000,41477.52,41548.62,41452.54,41495.76,244.45048,2022-04-20 09:00:00
1650446100000,41495.76,41565.38,41477.82,41543.76,375.63171,2022-04-20 09:15:00
1650447000000,41543.76,41612.09,41527.02,41609.65,279.5366,2022-04-20 09:30:00
1650447900000,41609.66,41720.0,41466.38,41540.01,501.89286,2022-04-20 09:45:00
1650448800000,41540.01,41540.01,41448.35,41492.33,281.93941,2022-04-20 10:00:00
1650449700000,41492.33,41874.0,41492.32,41822.72,1141.62414,2022-04-20 10:15:00
1650450600000,41822.71,41892.89,41676.38,41855.12,879.60966,2022-04-20 10:30:00
1650451500000,41855.12,41875.12,41734.49,41821.38,586.02377,2022-04-20 10:45:00
1650452400000,41821.37,41832.27,41712.76,41774.96,514.48254,2022-04-20 11:00:00
1650453300000,41774.96,41895.7,41766.62,41857.97,375.05033,2022-04-20 11:15:00
1650454200000,41857.98,42108.0,41805.67,42100.04,1581.2028,2022-04-20 11:30:00
1650455100000,42100.03,42199.0,42002.36,42090.0,1179.57739,2022-04-20 11:45:00
1650456000000,42090.01,42150.0,41944.32,41968.57,719.37061,2022-04-20 12:00:00
1650456900000,41968.57,42079.56,41943.55,42040.67,462.76998,2022-04-20 12:15:00
1650457800000,42040.66,42150.0,42016.71,42022.43,459.87383,2022-04-20 12:30:00
1650458700000,42022.42,42173.38,42022.42,42102.57,567.02394,2022-04-20 12:45:00
1650459600000,42102.57,42110.07,41966.78,41992.38,553.08761,2022-04-20 13:00:00
1650460500000,41992.39,42046.8,41970.0,42016.08,493.36265,2022-04-20 13:15:00
1650461400000,42016.08,42063.3,41626.55,41704.68,1417.22794,2022-04-20 13:30:00
1650462300000,41704.68,41765.83,41388.11,41591.55,1442.2838,2022-04-20 13:45:00
1650463200000,41591.54,41722.13,41515.22,41721.29,834.99904,2022-04-20 14:00:00
1650464100000,41721.29,41756.49,41509.01,41612.3,792.64273,2022-04-20 14:15:00
1650465000000,41612.29,41673.45,41564.64,41625.21,422.34008,2022-04-20 14:30:00
1650465900000,41625.21,41641.59,41521.38,41549.13,508.7883,2022-04-20 14:45:00
1650466800000,41549.13,41559.99,41257.53,41337.02,1083.64086,2022-04-20 15:00:00
1650467700000,41337.01,41343.31,41054.1,41184.78,1400.62565,2022-04-20 15:15:00
1650468600000,41184.79,41268.1,41139.53,41257.1,543.98202,2022-04-20 15:30:00
1650469500000,41257.1,41300.46,41206.57,41261.73,475.94335,2022-04-20 15:45:00
1650470400000,41261.72,41317.35,41132.54,41187.09,459.92794,2022-04-20 16:00:00
1650471300000,41187.1,41196.55,41037.11,41193.53,679.91732,2022-04-20 16:15:00
1650472200000,41193.53,41438.51,41145.47,41348.28,564.41218,2022-04-20 16:30:00
1650473100000,41348.28,41399.48,41295.87,41371.85,377.80326,2022-04-20 16:45:00
1650474000000,41371.85,41452.46,41301.44,41370.65,453.71664,2022-04-20 17:00:00
1650474900000,41370.65,41409.88,41301.64,41338.11,273.54918,2022-04-20 17:15:00
1650475800000,41338.1,41374.72,41283.61,41342.57,258.30574,2022-04-20 17:30:00
1650476700000,41342.57,41440.45,41309.99,41370.25,355.87295,2022-04-20 17:45:00
1650477600000,41370.26,41370.26,41287.46,41300.39,225.33433,2022-04-20 18:00:00
1650478500000,41300.4,41317.61,41163.21,41175.87,392.57438,2022-04-20 18:15:00
1650479400000,41175.87,41228.74,40820.0,40908.8,961.90102,2022-04-20 18:30:00
1650480300000,40908.79,41066.33,40892.57,40965.95,522.573,2022-04-20 18:45:00
1650481200000,40965.94,41170.32,40938.06,41140.0,512.13641,2022-04-20 19:00:00
1650482100000,41140.0,41211.01,41110.0,41195.0,318.34322,2022-04-20 19:15:00
1650483000000,41194.99,41239.99,41120.0,41214.28,364.2503,2022-04-20 19:30:00
1650483900000,41214.28,41269.79,41151.65,41193.89,414.41563,2022-04-20 19:45:00
1650484800000,41193.89,41328.86,41159.27,41214.99,550.56952,2022-04-20 20:00:00
1650485700000,41215.0,41253.03,41140.0,41232.1,156.91278,2022-04-20 20:15:00
1650486600000,41232.1,41358.62,41232.1,41297.97,164.95416,2022-04-20 20:30:00
1650487500000,41297.97,41434.88,41297.96,41413.27,350.37398,2022-04-20 20:45:00
1650488400000,41413.27,41432.72,41371.33,41420.0,170.49081,2022-04-20 21:00:00
1650489300000,41420.01,41645.09,41389.94,41583.17,468.45431,2022-04-20 21:15:00
1650490200000,41583.16,41632.84,41408.63,41421.43,261.90451,2022-04-20 21:30:00
1650491100000,41421.43,41510.0,41411.0,41496.45,187.00847,2022-04-20 21:45:00
1650492000000,41496.45,41523.14,41431.0,41516.42,261.15442,2022-04-20 22:00:00
1650492900000,41516.42,41616.89,41461.48,41504.14,318.44494,2022-04-20 22:15:00
1650493800000,41504.14,41568.65,41455.23,41508.83,250.75817,2022-04-20 22:30:00
1650494700000,41508.84,41549.77,41467.65,41467.66,175.2286,2022-04-20 22:45:00
1650495600000,41467.65,41483.53,41330.31,41370.4,277.77293,2022-04-20 23:00:00
1650496500000,41370.4,41420.44,41341.49,41420.44,132.53556,2022-04-20 23:15:00
1650497400000,41420.43,41420.44,41286.53,41367.86,199.01477,2022-04-20 23:30:00
1650498300000,41367.87,41406.36,41331.02,41358.19,135.53672,2022-04-20 23:45:00
1650499200000,41358.19,41525.42,41320.47,41458.16,444.23697,2022-04-21 00:00:00
1650500100000,41458.17,41528.43,41405.01,41510.58,255.62853,2022-04-21 00:15:00
1650501000000,41510.57,41538.71,41470.18,41536.71,142.82404,2022-04-21 00:30:00
1650501900000,41536.72,41569.04,41484.69,41528.1,248.18265,2022-04-21 00:45:00
1650502800000,41528.1,41565.97,41468.61,41484.25,215.91722,2022-04-21 01:00:00
1650503700000,41484.25,41675.02,41468.82,41638.49,350.69823,2022-04-21 01:15:00
1650504600000,41638.49,41785.48,41612.37,41743.79,433.83023,2022-04-21 01:30:00
1650505500000,41743.8,41743.8,41621.67,41674.49,373.17218,2022-04-21 01:45:00
1650506400000,41674.48,41723.16,41613.55,41697.27,260.13389,2022-04-21 02:00:00
1650507300000,41697.28,41723.84,41656.24,41683.66,145.9316,2022-04-21 02:15:00
1650508200000,41683.66,41695.71,41567.42,41596.91,238.3869,2022-04-21 02:30:00
1650509100000,41596.92,41643.01,41567.92,41623.24,258.96558,2022-04-21 02:45:00
1650510000000,41623.24,41644.8,41551.68,41613.31,296.82331,2022-04-21 03:00:00
1650510900000,41613.3,41676.26,41575.1,41650.6,190.83376,2022-04-21 03:15:00
1650511800000,41650.61,41659.88,41591.1,41650.44,151.30456,2022-04-21 03:30:00
1650512700000,41650.43,41711.71,41625.25,41693.58,222.20968,2022-04-21 03:45:00
1650513600000,41693.58,41738.56,41639.99,41727.31,263.15072,2022-04-21 04:00:00
1650514500000,41727.3,41750.0,41629.0,41630.03,217.42426,2022-04-21 04:15:00
1650515400000,41630.02,41665.05,41525.0,41580.0,357.76628,2022-04-21 04:30:00
1650516300000,41579.99,41622.77,41560.95,41610.01,300.30211,2022-04-21 04:45:00
1650517200000,41610.01,41676.58,41574.16,41668.19,301.7088,2022-04-21 05:00:00
1650518100000,41668.18,41699.0,41580.0,41602.99,231.70183,2022-04-21 05:15:00
1650519000000,41602.99,41603.0,41455.89,41495.23,329.78284,2022-04-21 05:30:00
1650519900000,41495.24,41522.82,41434.44,41462.76,366.06589,2022-04-21 05:45:00
1650520800000,41462.75,41510.0,41419.2,41475.02,283.8425,2022-04-21 06:00:00
1650521700000,41475.01,41513.63,41450.29,41500.15,200.66301,2022-04-21 06:15:00
1650522600000,41500.15,41597.23,41485.0,41597.22,315.29327,2022-04-21 06:30:00
1650523500000,41597.23,41600.0,41501.13,41522.38,249.91366,2022-04-21 06:45:00
1650524400000,41522.38,41552.56,41451.0,41490.64,211.58248,2022-04-21 07:00:00
1650525300000,41490.65,41647.28,41486.26,41616.29,306.32214,2022-04-21 07:15:00
1650526200000,41616.28,41664.56,41594.98,41645.1,252.16198,2022-04-21 07:30:00
1650527100000,41645.11,41940.0,41642.56,41855.69,1158.41431,2022-04-21 07:45:00
1650528000000,41855.69,41987.01,41768.86,41800.93,830.39311,2022-04-21 08:00:00
1650528900000,41800.94,41890.01,41741.1,41882.24,499.90278,2022-04-21 08:15:00
1650529800000,41882.25,41942.71,41830.94,41914.44,484.6523,2022-04-21 08:30:00
1650530700000,41914.44,42050.3,41911.65,41922.97,703.09271,2022-04-21 08:45:00
1650531600000,41922.96,41943.36,41854.49,41887.23,335.50735,2022-04-21 09:00:00
1650532500000,41887.23,41937.58,41828.57,41916.62,422.96615,2022-04-21 09:15:00
1650533400000,41916.62,41971.9,41753.63,41757.87,551.16879,2022-04-21 09:30:00
1650534300000,41757.87,41824.24,41743.96,41803.7,346.12764,2022-04-21 09:45:00
1650535200000,41803.7,41962.06,41782.71,41942.06,355.44513,2022-04-21 10:00:00
1650536100000,41942.06,42400.0,41942.05,42193.94,2325.38059,2022-04-21 10:15:00
1650537000000,42193.94,42342.09,42085.4,42279.01,857.09219,2022-04-21 10:30:00
1650537900000,42279.01,42470.0,42230.76,42254.13,1213.74369,2022-04-21 10:45:00
1650538800000,42254.13,42397.31,42240.0,42322.21,560.71724,2022-04-21 11:00:00
1650539700000,42322.21,42464.15,42322.21,42414.23,606.93563,2022-04-21 11:15:00
1650540600000,42414.24,42690.0,42414.23,42453.82,1591.07315,2022-04-21 11:30:00
1650541500000,42453.82,42495.75,42362.78,42440.0,776.58874,2022-04-21 11:45:00
1650542400000,42440.01,42603.86,42378.76,42395.12,730.58356,2022-04-21 12:00:00
1650543300000,42395.13,42548.91,42343.97,42527.61,514.11954,2022-04-21 12:15:00
1650544200000,42527.61,42675.0,42510.14,42640.61,705.31119,2022-04-21 12:30:00
1650545100000,42640.6,42779.99,42632.29,42666.02,1429.87186,2022-04-21 12:45:00
1650546000000,42666.03,42721.71,42607.6,42701.46,585.22428,2022-04-21 13:00:00
1650546900000,42701.46,42917.17,42691.95,42819.99,1481.4356,2022-04-21 13:15:00
1650547800000,42819.99,42976.0,42725.56,42741.28,1386.00594,2022-04-21 13:30:00
1650548700000,42741.28,42773.05,42620.0,42693.0,948.94476,2022-04-21 13:45:00
1650549600000,42693.0,42708.27,42523.19,42582.47,800.7137,2022-04-21 14:00:00
1650550500000,42582.48,42680.3,42529.49,42611.05,621.82181,2022-04-21 14:15:00
1650551400000,42611.04,42650.19,42445.37,42522.49,764.34835,2022-04-21 14:30:00
1650552300000,42522.5,42540.44,42415.63,42498.41,519.45185,2022-04-21 14:45:00
1650553200000,42498.41,42561.6,42411.01,42544.93,638.12141,2022-04-21 15:00:00
1650554100000,42544.93,42568.75,42451.16,42475.05,488.14231,2022-04-21 15:15:00
1650555000000,42475.04,42507.44,42222.0,42275.43,1122.6322,2022-04-21 15:30:00
1650555900000,42275.43,42289.26,42085.65,42135.33,1261.04415,2022-04-21 15:45:00
1650556800000,42135.34,42184.04,41990.82,42087.55,930.68108,2022-04-21 16:00:00
1650557700000,42087.55,42136.47,41888.0,41894.53,836.25295,2022-04-21 16:15:00
1650558600000,41894.53,42000.0,41889.1,41980.0,520.45307,2022-04-21 16:30:00
1650559500000,41979.99,42044.41,41814.92,41814.92,577.07362,2022-04-21 16:45:00
1650560400000,41814.92,41850.0,41680.0,41732.0,908.90229,2022-04-21 17:00:00
1650561300000,41732.01,41924.95,41604.7,41924.95,742.19919,2022-04-21 17:15:00
1650562200000,41924.94,41927.56,41533.65,41618.83,991.51251,2022-04-21 17:30:00
1650563100000,41618.83,41691.58,41487.58,41554.0,582.40628,2022-04-21 17:45:00
1650564000000,41554.0,41554.0,41393.68,41470.0,615.33727,2022-04-21 18:00:00
1650564900000,41470.0,41644.31,41455.99,41574.15,386.27201,2022-04-21 18:15:00
1650565800000,41574.15,41670.21,41500.0,41577.21,441.97415,2022-04-21 18:30:00
1650566700000,41577.21,41587.55,41400.0,41462.09,492.72439,2022-04-21 18:45:00
1650567600000,41462.1,41471.01,41330.0,41459.95,607.32819,2022-04-21 19:00:00
1650568500000,41459.96,41533.04,41383.95,41508.12,478.53803,2022-04-21 19:15:00
1650569400000,41508.13,41555.16,41360.92,41441.89,434.15689,2022-04-21 19:30:00
1650570300000,41441.88,41441.89,41207.22,41218.81,852.22991,2022-04-21 19:45:00
1650571200000,41218.82,41309.67,41112.44,41192.95,743.48781,2022-04-21 20:00:00
1650572100000,41192.96,41220.15,41080.0,41152.66,655.74529,2022-04-21 20:15:00
1650573000000,41152.67,41152.67,40631.57,40695.78,1688.10095,2022-04-21 20:30:00
1650573900000,40695.77,40824.19,40541.56,40609.25,942.76068,2022-04-21 20:45:00
1650574800000,40609.26,40846.14,40557.32,40750.02,588.90191,2022-04-21 21:00:00
1650575700000,40748.88,40802.61,40657.07,40763.31,345.92026,2022-04-21 21:15:00
1650576600000,40763.3,40832.42,40754.29,40813.32,308.07677,2022-04-21 21:30:00
1650577500000,40813.33,40822.27,40684.98,40726.46,292.40438,2022-04-21 21:45:00
1650578400000,40726.46,40775.86,40582.8,40759.28,647.80737,2022-04-21 22:00:00
1650579300000,40759.27,40815.6,40280.0,40290.8,1038.45755,2022-04-21 22:15:00
1650580200000,40290.79,40417.38,39751.0,40359.01,2721.34155,2022-04-21 22:30:00
1650581100000,40359.01,40480.01,40290.0,40412.01,1065.29526,2022-04-21 22:45:00
1650582000000,40412.0,40488.66,40343.15,40414.32,612.8337,2022-04-21 23:00:00
1650582900000,40414.32,40443.97,40323.58,40414.76,489.43548,2022-04-21 23:15:00
1650583800000,40414.77,40486.21,40414.16,40468.85,268.11129,2022-04-21 23:30:00
1650584700000,40468.85,40561.63,40419.85,40480.01,475.81938,2022-04-21 23:45:00
1650585600000,40480.01,40493.23,40232.63,40432.05,1370.65745,2022-04-22 00:00:00
1650586500000,40432.04,40492.82,40366.92,40475.0,380.54941,2022-04-22 00:15:00
1650587400000,40475.0,40658.19,40376.0,40400.25,680.66578,2022-04-22 00:30:00
1650588300000,40400.25,40451.39,40235.31,40427.23,504.72021,2022-04-22 00:45:00
1650589200000,40427.23,40473.61,40337.1,40449.83,363.72789,2022-04-22 01:00:00
1650590100000,40449.82,40479.52,40312.91,40417.97,536.29454,2022-04-22 01:15:00
1650591000000,40417.97,40455.26,40374.21,40420.69,281.34313,2022-04-22 01:30:00
1650591900000,40420.69,40565.22,40387.93,40501.22,559.86731,2022-04-22 01:45:00
1650592800000,40501.23,40568.9,40501.22,40564.62,316.59073,2022-04-22 02:00:00
1650593700000,40564.61,40590.0,40510.98,40587.31,400.82012,2022-04-22 02:15:00
1650594600000,40587.31,40638.98,40542.29,40561.09,476.23691,2022-04-22 02:30:00
1650595500000,40561.08,40561.29,40425.31,40486.19,283.17688,2022-04-22 02:45:00
1650596400000,40486.19,40543.5,40451.13,40542.69,217.91064,2022-04-22 03:00:00
1650597300000,40542.69,40563.22,40507.71,40507.71,170.63484,2022-04-22 03:15:00
1650598200000,40507.72,40634.49,40447.16,40564.86,327.07715,2022-04-22 03:30:00
1650599100000,40564.85,40574.98,40480.0,40502.11,482.6752,2022-04-22 03:45:00
1650600000000,40502.1,40590.0,40458.12,40545.2,333.96041,2022-04-22 04:00:00
1650600900000,40545.21,40619.1,40545.2,40593.93,193.51646,2022-04-22 04:15:00
1650601800000,40593.93,40620.0,40563.96,40608.63,166.42713,2022-04-22 04:30:00
1650602700000,40608.62,40635.0,40569.38,40628.73,257.15221,2022-04-22 04:45:00
1650603600000,40628.74,40688.63,40596.69,40665.36,374.37645,2022-04-22 05:00:00
1650604500000,40665.36,40710.23,40653.08,40682.2,472.51797,2022-04-22 05:15:00
1650605400000,40682.21,40714.2,40650.95,40698.22,228.85469,2022-04-22 05:30:00
1650606300000,40698.22,40730.15,40636.31,40669.26,231.32742,2022-04-22 05:45:00
1650607200000,40669.26,40747.08,40661.3,40725.25,238.33263,2022-04-22 06:00:00
1650608100000,40725.25,40795.06,40719.44,40721.01,291.82943,2022-04-22 06:15:00
1650609000000,40721.01,40725.59,40625.94,40642.92,248.99989,2022-04-22 06:30:00
1650609900000,40642.91,40697.14,40629.99,40678.09,185.54709,2022-04-22 06:45:00
1650610800000,40678.1,40745.44,40662.59,40730.97,223.29921,2022-04-22 07:00:00
1650611700000,40730.86,40744.45,40382.72,40433.66,836.90952,2022-04-22 07:15:00
1650612600000,40433.66,40788.19,40293.0,40704.31,1091.41764,2022-04-22 07:30:00
1650613500000,40704.3,40787.88,40625.58,40709.59,584.73128,2022-04-22 07:45:00
1650614400000,40709.6,40783.54,40624.75,40637.65,467.74054,2022-04-22 08:00:00
1650615300000,40637.65,40637.65,40431.76,40465.93,563.38282,2022-04-22 08:15:00
1650616200000,40465.93,40568.96,40428.29,40474.5,411.05157,2022-04-22 08:30:00
1650617100000,40474.5,40480.95,40352.69,40407.33,479.8929,2022-04-22 08:45:00
1650618000000,40407.33,40440.89,40326.02,40372.39,428.10683,2022-04-22 09:00:00
1650618900000,40372.4,40476.63,40336.98,40434.46,477.69381,2022-04-22 09:15:00
1650619800000,40434.45,40460.31,40322.28,40358.02,368.16219,2022-04-22 09:30:00
1650620700000,40358.02,40404.15,40200.0,40298.26,715.3403,2022-04-22 09:45:00
1650621600000,40298.26,40358.98,40138.03,40304.04,691.82033,2022-04-22 10:00:00
1650622500000,40304.03,40428.97,40304.03,40380.2,350.54171,2022-04-22 10:15:00
1650623400000,40380.21,40455.26,40305.16,40436.81,348.68753,2022-04-22 10:30:00
1650624300000,40436.8,40498.0,40404.06,40459.92,253.70555,2022-04-22 10:45:00
1650625200000,40459.92,40577.84,40429.67,40574.99,253.20788,2022-04-22 11:00:00
1650626100000,40574.99,40578.48,40506.87,40536.39,252.83689,2022-04-22 11:15:00
1650627000000,40536.39,40567.02,40434.89,40509.21,250.90141,2022-04-22 11:30:00
1650627900000,40509.2,40600.0,40480.79,40585.54,405.4235,2022-04-22 11:45:00
1650628800000,40585.54,40618.69,40499.29,40537.83,461.04235,2022-04-22 12:00:00
1650629700000,40537.83,40546.33,40460.19,40515.21,270.06637,2022-04-22 12:15:00
1650630600000,40515.22,40540.06,40362.06,40447.86,273.59813,2022-04-22 12:30:00
1650631500000,40447.86,40459.93,40381.71,40409.49,185.35793,2022-04-22 12:45:00
1650632400000,40409.48,40451.15,40353.16,40370.0,255.57741,2022-04-22 13:00:00
1650633300000,40370.0,40485.0,40304.04,40470.05,366.28372,2022-04-22 13:15:00
1650634200000,40470.06,40640.0,40050.0,40085.77,1888.21569,2022-04-22 13:30:00
1650635100000,40085.76,40399.0,40050.01,40244.96,1150.22733,2022-04-22 13:45:00
1650636000000,40244.96,40448.31,40231.37,40292.19,749.56086,2022-04-22 14:00:00
1650636900000,40292.2,40324.45,39832.37,39887.14,1282.55384,2022-04-22 14:15:00
1650637800000,39887.14,40080.06,39804.72,39874.39,999.61851,2022-04-22 14:30:00
1650638700000,39874.4,39964.07,39845.85,39867.0,765.14632,2022-04-22 14:45:00
1650639600000,39866.99,40012.7,39555.0,39912.09,1909.41688,2022-04-22 15:00:00
1650640500000,39912.1,39964.0,39735.5,39798.0,709.77325,2022-04-22 15:15:00
1650641400000,39797.99,39840.0,39455.07,39498.82,1062.92284,2022-04-22 15:30:00
1650642300000,39498.82,39568.0,39320.02,39433.6,1397.90028,2022-04-22 15:45:00
1650643200000,39433.6,39474.53,39177.0,39379.41,1511.73989,2022-04-22 16:00:00
1650644100000,39379.41,39531.43,39267.01,39461.4,786.77921,2022-04-22 16:15:00
1650645000000,39461.4,39530.0,39413.26,39469.66,562.15422,2022-04-22 16:30:00
1650645900000,39469.66,39525.26,39342.51,39382.8,515.37188,2022-04-22 16:45:00
1650646800000,39382.79,39507.53,39296.2,39473.66,439.65552,2022-04-22 17:00:00
1650647700000,39473.66,39536.51,39384.25,39428.38,432.26533,2022-04-22 17:15:00
1650648600000,39428.39,39499.0,39393.99,39458.76,381.90779,2022-04-22 17:30:00
1650649500000,39458.77,39479.22,39337.01,39340.61,363.89286,2022-04-22 17:45:00
1650650400000,39340.61,39442.23,39203.52,39423.52,591.8097,2022-04-22 18:00:00
1650651300000,39423.51,39652.26,39333.33,39402.2,734.74906,2022-04-22 18:15:00
1650652200000,39402.19,39510.68,39360.71,39482.07,446.1798,2022-04-22 18:30:00
1650653100000,39482.08,39531.26,39418.87,39525.29,341.04038,2022-04-22 18:45:00
1650654000000,39525.28,39617.65,39418.95,39583.18,359.56147,2022-04-22 19:00:00
1650654900000,39583.18,39659.53,39550.0,39625.45,518.67924,2022-04-22 19:15:00
1650655800000,39625.45,39786.62,39592.52,39627.07,621.49318,2022-04-22 19:30:00
1650656700000,39627.08,39634.19,39430.0,39502.92,582.32403,2022-04-22 19:45:00
1650657600000,39502.92,39542.62,39452.74,39490.05,230.07301,2022-04-22 20:00:00
1650658500000,39490.05,39539.2,39401.0,39415.77,212.98335,2022-04-22 20:15:00
1650659400000,39415.78,39525.44,39415.77,39519.93,276.27537,2022-04-22 20:30:00
1650660300000,39519.92,39624.52,39474.37,39623.54,331.47312,2022-04-22 20:45:00
1650661200000,39623.53,39641.29,39573.07,39607.32,192.40663,2022-04-22 21:00:00
1650662100000,39607.33,39663.84,39541.59,39663.83,263.35132,2022-04-22 21:15:00
1650663000000,39663.84,39710.0,39566.34,39622.9,135.4932,2022-04-22 21:30:00
1650663900000,39622.91,39640.02,39555.52,39615.22,185.2633,2022-04-22 21:45:00
1650664800000,39615.22,39750.0,39433.73,39700.0,330.26535,2022-04-22 22:00:00
1650665700000,39700.0,39735.87,39585.18,39683.36,287.92517,2022-04-22 22:15:00
1650666600000,39683.35,39739.12,39601.0,39730.82,249.41802,2022-04-22 22:30:00
1650667500000,39730.83,39733.63,39670.48,39711.22,188.00302,2022-04-22 22:45:00
1650668400000,39711.22,39835.23,39675.83,39725.97,251.75973,2022-04-22 23:00:00
1650669300000,39725.97,39755.89,39688.07,39736.57,148.25211,2022-04-22 23:15:00
1650670200000,39736.58,39769.08,39663.12,39747.97,303.21569,2022-04-22 23:30:00
1650671100000,39747.98,39795.91,39700.34,39709.18,130.35256,2022-04-22 23:45:00
1650672000000,39709.19,39872.64,39665.38,39712.54,619.43287,2022-04-23 00:00:00
1650672900000,39712.54,39760.0,39670.0,39674.17,131.91583,2022-04-23 00:15:00
1650673800000,39674.16,39681.21,39584.44,39644.01,284.42808,2022-04-23 00:30:00
1650674700000,39644.01,39644.01,39557.21,39566.45,189.61772,2022-04-23 00:45:00
1650675600000,39566.46,39616.53,39564.14,39595.03,170.50297,2022-04-23 01:00:00
1650676500000,39595.02,39642.54,39576.34,39609.6,176.8481,2022-04-23 01:15:00
1650677400000,39609.59,39665.1,39572.66,39645.56,164.30989,2022-04-23 01:30:00
1650678300000,39645.55,39699.0,39573.25,39608.78,167.80976,2022-04-23 01:45:00
1650679200000,39608.78,39611.31,39466.83,39491.25,294.20237,2022-04-23 02:00:00
1650680100000,39491.26,39536.64,39477.28,39520.01,130.17233,2022-04-23 02:15:00
1650681000000,39520.01,39554.97,39501.93,39527.72,92.14232,2022-04-23 02:30:00
1650681900000,39527.73,39541.67,39429.31,39495.49,185.32298,2022-04-23 02:45:00
1650682800000,39495.48,39517.75,39449.19,39503.78,172.7202,2022-04-23 03:00:00
1650683700000,39503.79,39553.01,39452.21,39461.08,253.60463,2022-04-23 03:15:00
1650684600000,39461.07,39528.47,39435.29,39435.65,203.3732,2022-04-23 03:30:00
1650685500000,39435.65,39495.27,39406.25,39463.02,188.01849,2022-04-23 03:45:00
1650686400000,39463.01,39567.6,39451.87,39520.61,249.1113,2022-04-23 04:00:00
1650687300000,39520.61,39539.4,39285.0,39384.96,551.13392,2022-04-23 04:15:00
1650688200000,39384.96,39501.0,39360.32,39498.0,304.18232,2022-04-23 04:30:00
1650689100000,39497.99,39558.32,39452.66,39533.62,224.64023,2022-04-23 04:45:00
1650690000000,39533.62,39587.0,39508.36,39520.48,188.32235,2022-04-23 05:00:00
1650690900000,39520.48,39600.28,39520.47,39576.03,161.86572,2022-04-23 05:15:00
1650691800000,39576.04,39614.98,39535.0,39601.68,236.61163,2022-04-23 05:30:00
1650692700000,39601.69,39627.18,39549.99,39570.0,249.21537,2022-04-23 05:45:00
1650693600000,39570.0,39663.93,39549.21,39661.11,249.16291,2022-04-23 06:00:00
1650694500000,39661.1,39687.77,39599.59,39608.7,202.68866,2022-04-23 06:15:00
1650695400000,39608.7,39614.44,39582.27,39590.84,179.79645,2022-04-23 06:30:00
1650696300000,39590.84,39610.0,39575.62,39588.25,144.82067,2022-04-23 06:45:00
1650697200000,39588.25,39626.5,39586.32,39620.48,214.66723,2022-04-23 07:00:00
1650698100000,39620.49,39654.24,39573.48,39630.91,170.14513,2022-04-23 07:15:00
1650699000000,39630.91,39631.35,39572.41,39578.04,141.12239,2022-04-23 07:30:00
1650699900000,39578.05,39606.84,39551.59,39600.98,159.84265,2022-04-23 07:45:00
1650700800000,39600.98,39614.51,39535.05,39553.27,145.77722,2022-04-23 08:00:00
1650701700000,39553.27,39627.82,39553.26,39623.51,174.99799,2022-04-23 08:15:00
1650702600000,39623.52,39660.72,39600.01,39648.18,205.24216,2022-04-23 08:30:00
1650703500000,39648.17,39686.64,39597.36,39639.22,189.3725,2022-04-23 08:45:00
1650704400000,39639.21,39653.96,39548.65,39563.19,244.29785,2022-04-23 09:00:00
1650705300000,39563.2,39593.71,39555.59,39555.59,138.06102,2022-04-23 09:15:00
1650706200000,39555.59,39584.38,39501.41,39508.02,185.94008,2022-04-23 09:30:00
1650707100000,39508.02,39544.7,39501.52,39520.82,138.79645,2022-04-23 09:45:00
1650708000000,39520.82,39566.7,39520.81,39553.2,123.9437,2022-04-23 10:00:00
1650708900000,39553.19,39596.92,39550.01,39569.1,201.50457,2022-04-23 10:15:00
1650709800000,39569.11,39620.0,39569.1,39594.21,420.38482,2022-04-23 10:30:00
1650710700000,39594.22,39661.37,39594.21,39600.28,165.09095,2022-04-23 10:45:00
1650711600000,39600.28,39674.63,39600.0,39666.05,224.45459,2022-04-23 11:00:00
1650712500000,39666.04,39684.0,39628.42,39658.95,241.53295,2022-04-23 11:15:00
1650713400000,39658.94,39665.91,39611.0,39634.08,141.1394,2022-04-23 11:30:00
1650714300000,39634.08,39647.76,39580.0,39602.93,206.28635,2022-04-23 11:45:00
1650715200000,39602.93,39635.0,39535.22,39554.32,243.57884,2022-04-23 12:00:00
1650716100000,39554.31,39749.99,39542.1,39742.57,268.49083,2022-04-23 12:15:00
1650717000000,39742.57,39777.77,39663.24,39715.24,301.75848,2022-04-23 12:30:00
1650717900000,39715.24,39745.62,39682.15,39695.13,297.39734,2022-04-23 12:45:00
1650718800000,39695.12,39797.37,39695.12,39760.78,485.15368,2022-04-23 13:00:00
1650719700000,39760.78,39768.02,39707.13,39749.95,287.06884,2022-04-23 13:15:00
1650720600000,39749.94,39758.1,39642.79,39686.63,241.07604,2022-04-23 13:30:00
1650721500000,39686.62,39714.1,39649.9,39703.86,130.42758,2022-04-23 13:45:00
1650722400000,39703.86,39758.93,39703.85,39730.37,132.62905,2022-04-23 14:00:00
1650723300000,39730.37,39746.7,39645.56,39662.43,176.09108,2022-04-23 14:15:00
1650724200000,39662.42,39679.64,39645.0,39645.68,138.70024,2022-04-23 14:30:00
1650725100000,39645.69,39715.31,39645.68,39715.31,126.71041,2022-04-23 14:45:00
1650726000000,39715.31,39738.0,39686.6,39706.53,119.33494,2022-04-23 15:00:00
1650726900000,39706.52,39800.0,39664.1,39793.09,196.86961,2022-04-23 15:15:00
1650727800000,39793.09,39813.56,39719.31,39771.5,213.90452,2022-04-23 15:30:00
1650728700000,39771.51,39820.62,39745.45,39792.65,279.93204,2022-04-23 15:45:00
1650729600000,39792.65,39974.48,39715.96,39949.56,771.81658,2022-04-23 16:00:00
1650730500000,39949.57,39980.0,39833.3,39880.34,523.07363,2022-04-23 16:15:00
1650731400000,39880.34,39930.11,39858.01,39886.99,199.91209,2022-04-23 16:30:00
1650732300000,39886.99,39939.54,39826.61,39828.68,209.13537,2022-04-23 16:45:00
1650733200000,39828.68,39832.89,39722.45,39753.83,260.69766,2022-04-23 17:00:00
1650734100000,39753.83,39769.05,39710.02,39751.1,136.55048,2022-04-23 17:15:00
1650735000000,39751.09,39798.86,39751.09,39785.41,148.81129,2022-04-23 17:30:00
1650735900000,39785.4,39815.89,39763.77,39815.89,198.16258,2022-04-23 17:45:00
1650736800000,39815.88,39817.78,39791.2,39817.77,90.9283,2022-04-23 18:00:00
1650737700000,39817.78,39839.99,39791.82,39791.82,81.96276,2022-04-23 18:15:00
1650738600000,39791.83,39835.08,39714.08,39720.01,135.72845,2022-04-23 18:30:00
1650739500000,39720.02,39728.12,39658.09,39683.92,193.30046,2022-04-23 18:45:00
1650740400000,39683.91,39729.31,39666.02,39717.76,120.19641,2022-04-23 19:00:00
1650741300000,39717.76,39748.4,39698.51,39704.04,124.24835,2022-04-23 19:15:00
1650742200000,39704.05,39737.93,39704.04,39737.38,102.8576,2022-04-23 19:30:00
1650743100000,39737.38,39777.03,39711.29,39755.32,119.66853,2022-04-23 19:45:00
1650744000000,39755.31,39822.95,39751.31,39771.0,121.09763,2022-04-23 20:00:00
1650744900000,39771.0,39795.96,39757.75,39773.55,65.28619,2022-04-23 20:15:00
1650745800000,39773.54,39808.86,39771.1,39788.38,117.57065,2022-04-23 20:30:00
1650746700000,39788.37,39795.67,39748.74,39794.24,157.5734,2022-04-23 20:45:00
1650747600000,39794.23,39816.0,39790.0,39814.78,84.9116,2022-04-23 21:00:00
1650748500000,39814.79,39859.52,39778.93,39856.39,141.37128,2022-04-23 21:15:00
1650749400000,39856.39,39900.0,39844.67,39876.29,71.54314,2022-04-23 21:30:00
1650750300000,39876.3,39948.27,39824.43,39895.0,130.70796,2022-04-23 21:45:00
1650751200000,39895.01,39905.28,39828.03,39861.4,111.00047,2022-04-23 22:00:00
1650752100000,39861.39,39895.98,39846.47,39867.99,102.79346,2022-04-23 22:15:00
1650753000000,39868.0,39928.04,39867.99,39900.01,98.57186,2022-04-23 22:30:00
1650753900000,39900.0,39925.34,39786.08,39816.37,148.41463,2022-04-23 22:45:00
1650754800000,39816.36,39820.81,39770.98,39790.11,190.9336,2022-04-23 23:00:00
1650755700000,39790.1,39811.74,39777.22,39790.58,92.90966,2022-04-23 23:15:00
1650756600000,39790.59,39793.7,39327.58,39527.84,1074.06997,2022-04-23 23:30:00
1650757500000,39527.84,39539.28,39410.16,39441.6,327.92092,2022-04-23 23:45:00
1650758400000,39441.61,39570.11,39414.18,39547.88,381.78186,2022-04-24 00:00:00
1650759300000,39547.88,39637.92,39516.27,39637.92,358.48437,2022-04-24 00:15:00
1650760200000,39637.92,39654.56,39595.1,39621.66,145.90762,2022-04-24 00:30:00
1650761100000,39621.66,39624.0,39548.06,39560.56,123.16325,2022-04-24 00:45:00
1650762000000,39560.55,39636.77,39517.59,39611.82,285.96061,2022-04-24 01:00:00
1650762900000,39611.81,39637.93,39555.25,39584.99,202.29056,2022-04-24 01:15:00
1650763800000,39585.0,39602.64,39545.79,39560.0,196.00614,2022-04-24 01:30:00
1650764700000,39559.99,39589.33,39467.7,39476.23,210.70329,2022-04-24 01:45:00
1650765600000,39476.22,39568.09,39420.11,39545.86,302.34605,2022-04-24 02:00:00
1650766500000,39545.86,39590.82,39545.05,39568.1,169.76982,2022-04-24 02:15:00
1650767400000,39568.11,39606.1,39561.71,39602.52,86.68722,2022-04-24 02:30:00
1650768300000,39602.52,39602.52,39519.61,39539.62,125.03152,2022-04-24 02:45:00
1650769200000,39539.62,39746.16,39511.57,39683.46,464.36207,2022-04-24 03:00:00
1650770100000,39683.46,39780.77,39670.5,39780.1,247.62858,2022-04-24 03:15:00
1650771000000,39780.1,39827.54,39756.34,39786.04,240.69266,2022-04-24 03:30:00
1650771900000,39786.04,39828.0,39740.42,39776.57,196.38445,2022-04-24 03:45:00
1650772800000,39776.56,39815.42,39776.56,39809.85,100.03238,2022-04-24 04:00:00
1650773700000,39809.86,39809.86,39714.73,39758.0,290.04734,2022-04-24 04:15:00
1650774600000,39758.0,39758.0,39656.86,39706.84,155.22211,2022-04-24 04:30:00
1650775500000,39706.83,39724.96,39690.0,39703.67,101.15451,2022-04-24 04:45:00
1650776400000,39703.68,39720.98,39629.99,39682.99,109.49511,2022-04-24 05:00:00
1650777300000,39682.98,39696.68,39658.71,39658.72,127.10462,2022-04-24 05:15:00
1650778200000,39658.71,39677.99,39653.54,39671.62,114.05715,2022-04-24 05:30:00
1650779100000,39671.62,39683.3,39662.17,39667.21,75.99224,2022-04-24 05:45:00
1650780000000,39667.21,39704.85,39649.0,39683.19,217.57549,2022-04-24 06:00:00
1650780900000,39683.18,39790.74,39680.0,39787.36,279.73161,2022-04-24 06:15:00
1650781800000,39787.36,39800.01,39726.09,39738.15,190.80707,2022-04-24 06:30:00
1650782700000,39738.16,39763.52,39710.02,39744.43,108.31035,2022-04-24 06:45:00
1650783600000,39744.42,39793.99,39733.04,39786.1,147.52474,2022-04-24 07:00:00
1650784500000,39786.1,39788.36,39726.0,39756.73,121.21372,2022-04-24 07:15:00
1650785400000,39756.74,39810.02,39740.0,39775.0,175.79024,2022-04-24 07:30:00
1650786300000,39775.01,39782.81,39725.97,39751.38,99.45262,2022-04-24 07:45:00
1650787200000,39751.38,39803.74,39751.37,39796.82,112.63892,2022-04-24 08:00:00
1650788100000,39796.82,39798.66,39729.8,39762.74,140.90961,2022-04-24 08:15:00
1650789000000,39762.75,39769.85,39730.83,39744.09,90.89124,2022-04-24 08:30:00
1650789900000,39744.09,39780.0,39714.0,39723.88,120.41033,2022-04-24 08:45:00
1650790800000,39723.88,39753.9,39662.48,39735.37,240.04367,2022-04-24 09:00:00
1650791700000,39735.37,39767.71,39733.39,39760.0,85.55019,2022-04-24 09:15:00
1650792600000,39760.0,39768.0,39729.28,39750.62,90.48018,2022-04-24 09:30:00
1650793500000,39750.62,39779.26,39750.11,39750.11,88.05317,2022-04-24 09:45:00
1650794400000,39750.11,39784.66,39743.01,39763.24,70.39172,2022-04-24 10:00:00
1650795300000,39763.24,39763.25,39668.79,39679.25,167.22122,2022-04-24 10:15:00
1650796200000,39679.25,39724.5,39650.0,39682.35,132.98561,2022-04-24 10:30:00
1650797100000,39682.34,39700.0,39642.07,39695.42,132.83893,2022-04-24 10:45:00
1650798000000,39695.42,39720.0,39683.61,39710.47,78.60972,2022-04-24 11:00:00
1650798900000,39710.48,39710.48,39544.91,39587.94,315.55707,2022-04-24 11:15:00
1650799800000,39587.94,39638.1,39570.3,39601.91,215.51166,2022-04-24 11:30:00
1650800700000,39601.91,39641.99,39564.01,39609.11,134.91166,2022-04-24 11:45:00
1650801600000,39609.11,39658.0,39569.36,39642.68,207.64827,2022-04-24 12:00:00
1650802500000,39642.68,39660.0,39556.0,39571.18,119.88655,2022-04-24 12:15:00
1650803400000,39571.19,39618.32,39525.49,39587.89,314.9992,2022-04-24 12:30:00
1650804300000,39587.89,39599.98,39545.57,39582.37,160.45537,2022-04-24 12:45:00
1650805200000,39582.38,39584.06,39440.25,39500.21,395.17787,2022-04-24 13:00:00
1650806100000,39500.22,39549.82,39470.46,39491.23,215.32525,2022-04-24 13:15:00
1650807000000,39491.23,39594.27,39351.58,39563.76,956.5168,2022-04-24 13:30:00
1650807900000,39563.76,39636.12,39523.58,39579.7,336.32394,2022-04-24 13:45:00
1650808800000,39579.7,39679.47,39565.54,39565.62,283.43839,2022-04-24 14:00:00
1650809700000,39565.63,39581.69,39461.58,39478.09,305.85599,2022-04-24 14:15:00
1650810600000,39478.09,39759.0,39371.46,39719.99,751.76284,2022-04-24 14:30:00
1650811500000,39719.99,39940.0,39665.79,39752.4,978.69993,2022-04-24 14:45:00
1650812400000,39752.4,39842.64,39680.0,39687.37,440.2753,2022-04-24 15:00:00
1650813300000,39687.37,39749.96,39637.45,39690.0,289.06058,2022-04-24 15:15:00
1650814200000,39690.0,39716.87,39640.19,39640.19,144.7189,2022-04-24 15:30:00
1650815100000,39640.19,39662.94,39632.92,39656.49,138.49197,2022-04-24 15:45:00
1650816000000,39656.49,39713.85,39620.0,39649.99,292.48701,2022-04-24 16:00:00
1650816900000,39649.99,39708.86,39540.15,39585.06,384.99968,2022-04-24 16:15:00
1650817800000,39585.06,39585.06,39401.0,39433.52,498.69034,2022-04-24 16:30:00
1650818700000,39433.52,39782.34,38929.62,39490.01,3317.47592,2022-04-24 16:45:00
1650819600000,39490.0,39531.52,39307.45,39318.25,741.09036,2022-04-24 17:00:00
1650820500000,39318.25,39355.63,39138.21,39290.27,745.14755,2022-04-24 17:15:00
1650821400000,39290.26,39420.4,39268.22,39418.04,404.78038,2022-04-24 17:30:00
1650822300000,39418.04,39448.33,39351.8,39421.19,407.94921,2022-04-24 17:45:00
1650823200000,39421.18,39495.15,39408.61,39491.72,287.01999,2022-04-24 18:00:00
1650824100000,39491.73,39656.71,39491.72,39615.62,344.51284,2022-04-24 18:15:00
1650825000000,39615.62,39620.45,39585.02,39604.28,149.52176,2022-04-24 18:30:00
1650825900000,39604.28,39699.98,39591.91,39661.57,292.03545,2022-04-24 18:45:00
1650826800000,39661.56,39807.94,39633.78,39684.77,673.12823,2022-04-24 19:00:00
1650827700000,39684.77,39755.82,39684.77,39743.38,192.47622,2022-04-24 19:15:00
1650828600000,39743.38,39746.98,39661.81,39700.86,112.71918,2022-04-24 19:30:00
1650829500000,39700.85,39717.16,39660.0,39703.74,161.84145,2022-04-24 19:45:00
1650830400000,39703.74,39728.55,39570.01,39575.6,281.26791,2022-04-24 20:00:00
1650831300000,39575.61,39590.35,39469.32,39510.01,389.59283,2022-04-24 20:15:00
1650832200000,39510.01,39549.41,39490.01,39525.14,164.602,2022-04-24 20:30:00
1650833100000,39525.13,39560.19,39473.94,39500.0,118.75333,2022-04-24 20:45:00
1650834000000,39499.99,39526.09,39454.62,39520.04,224.47134,2022-04-24 21:00:00
1650834900000,39520.04,39589.06,39481.1,39581.0,201.61685,2022-04-24 21:15:00
1650835800000,39581.01,39593.53,39537.65,39583.94,62.10893,2022-04-24 21:30:00
1650836700000,39583.95,39646.35,39572.93,39633.37,124.07436,2022-04-24 21:45:00
1650837600000,39633.37,39771.6,39551.59,39750.01,437.26285,2022-04-24 22:00:00
1650838500000,39750.0,39759.61,39688.16,39691.03,138.73556,2022-04-24 22:15:00
1650839400000,39691.03,39750.0,39564.26,39590.99,235.41118,2022-04-24 22:30:00
1650840300000,39590.98,39597.52,39530.0,39548.32,168.98279,2022-04-24 22:45:00
1650841200000,39548.31,39584.87,39486.33,39560.01,156.56778,2022-04-24 23:00:00
1650842100000,39560.01,39577.59,39480.0,39545.15,177.78809,2022-04-24 23:15:00
1650843000000,39545.16,39560.0,39455.23,39514.05,190.37367,2022-04-24 23:30:00
1650843900000,39514.05,39535.11,39426.01,39450.13,219.7734,2022-04-24 23:45:00
1650844800000,39450.12,39500.84,39202.92,39272.52,773.43458,2022-04-25 00:00:00
1650845700000,39272.52,39297.52,38778.87,39009.83,1757.08798,2022-04-25 00:15:00
1650846600000,39009.82,39080.91,38913.79,39037.16,685.77642,2022-04-25 00:30:00
1650847500000,39037.15,39047.31,38674.0,38855.47,1012.48115,2022-04-25 00:45:00
1650848400000,38855.47,38999.0,38747.51,38894.32,843.89273,2022-04-25 01:00:00
1650849300000,38894.33,38966.84,38852.28,38930.0,418.92141,2022-04-25 01:15:00
1650850200000,38930.0,39119.0,38917.76,39098.01,676.00332,2022-04-25 01:30:00
1650851100000,39098.0,39154.38,38992.0,39095.81,397.64646,2022-04-25 01:45:00
1650852000000,39095.81,39153.94,39030.58,39084.58,410.38003,2022-04-25 02:00:00
1650852900000,39084.57,39108.88,38961.64,38999.76,308.10753,2022-04-25 02:15:00
1650853800000,38999.76,39042.33,38980.0,38990.26,223.43832,2022-04-25 02:30:00
1650854700000,38990.26,39106.3,38984.44,39091.17,263.58995,2022-04-25 02:45:00
1650855600000,39091.17,39220.68,39086.37,39166.68,459.25385,2022-04-25 03:00:00
1650856500000,39166.68,39294.76,39150.15,39232.71,414.35918,2022-04-25 03:15:00
1650857400000,39232.72,39290.01,39201.66,39234.21,257.74373,2022-04-25 03:30:00
1650858300000,39234.21,39282.45,39205.09,39253.71,311.97502,2022-04-25 03:45:00
1650859200000,39253.7,39256.28,39155.51,39189.12,319.2746,2022-04-25 04:00:00
1650860100000,39189.12,39189.96,39055.71,39117.41,229.40536,2022-04-25 04:15:00
1650861000000,39117.42,39162.38,39102.01,39139.05,175.70799,2022-04-25 04:30:00
1650861900000,39139.06,39195.0,39121.78,39139.74,172.46746,2022-04-25 04:45:00
1650862800000,39139.74,39176.39,39063.14,39176.39,284.79191,2022-04-25 05:00:00
1650863700000,39176.38,39230.5,39158.54,39168.94,236.13215,2022-04-25 05:15:00
1650864600000,39168.93,39172.7,39011.52,39046.27,271.36483,2022-04-25 05:30:00
1650865500000,39046.26,39060.0,38947.42,38975.22,265.20108,2022-04-25 05:45:00
1650866400000,38975.21,39029.27,38878.49,38908.23,379.44818,2022-04-25 06:00:00
1650867300000,38908.23,39057.97,38877.83,38986.77,368.66305,2022-04-25 06:15:00
1650868200000,38986.77,39047.8,38800.0,38891.7,694.94286,2022-04-25 06:30:00
1650869100000,38891.7,38917.17,38590.0,38636.35,1371.91753,2022-04-25 06:45:00
1650870000000,38636.35,38675.68,38200.0,38469.24,3015.75501,2022-04-25 07:00:00
1650870900000,38469.25,38571.43,38430.5,38497.04,726.70624,2022-04-25 07:15:00
1650871800000,38497.03,38521.6,38390.31,38494.22,515.3781,2022-04-25 07:30:00
1650872700000,38494.23,38563.32,38435.5,38453.92,480.79954,2022-04-25 07:45:00
1650873600000,38453.92,38563.99,38375.0,38515.59,724.57525,2022-04-25 08:00:00
1650874500000,38515.59,38568.05,38468.81,38480.88,452.57555,2022-04-25 08:15:00
1650875400000,38480.88,38578.84,38473.24,38535.7,400.35839,2022-04-25 08:30:00
1650876300000,38535.69,38545.66,38400.0,38418.06,483.86081,2022-04-25 08:45:00
1650877200000,38418.06,38484.0,38381.16,38388.24,318.74868,2022-04-25 09:00:00
1650878100000,38388.24,38413.44,38209.36,38356.81,681.4016,2022-04-25 09:15:00
1650879000000,38356.81,38636.86,38356.8,38595.45,572.92186,2022-04-25 09:30:00
1650879900000,38595.44,38617.86,38537.96,38588.2,346.36893,2022-04-25 09:45:00
1650880800000,38588.2,38663.27,38461.7,38495.03,483.68209,2022-04-25 10:00:00
1650881700000,38495.02,38554.99,38479.49,38506.55,287.5302,2022-04-25 10:15:00
1650882600000,38506.56,38514.61,38446.01,38473.81,219.72996,2022-04-25 10:30:00
1650883500000,38473.8,38523.1,38400.0,38426.02,350.82757,2022-04-25 10:45:00
1650884400000,38426.02,38466.48,38359.11,38386.14,360.4577,2022-04-25 11:00:00
1650885300000,38386.14,38947.89,38335.95,38676.93,1590.21507,2022-04-25 11:15:00
1650886200000,38676.93,38802.45,38666.45,38776.64,752.16235,2022-04-25 11:30:00
1650887100000,38776.64,38930.53,38723.16,38832.29,626.68264,2022-04-25 11:45:00
1650888000000,38832.29,38841.34,38743.92,38783.71,493.22654,2022-04-25 12:00:00
1650888900000,38783.7,39009.83,38781.46,38964.72,687.04871,2022-04-25 12:15:00
1650889800000,38964.72,38987.5,38868.6,38870.55,513.30409,2022-04-25 12:30:00
1650890700000,38870.54,38877.77,38789.51,38802.63,431.82708,2022-04-25 12:45:00
1650891600000,38802.64,38823.2,38672.25,38810.79,438.43848,2022-04-25 13:00:00
1650892500000,38810.79,38836.1,38776.72,38798.87,319.45876,2022-04-25 13:15:00
1650893400000,38798.86,39299.0,38629.06,38947.03,2471.54804,2022-04-25 13:30:00
1650894300000,38949.93,38999.0,38700.0,38735.61,1579.06214,2022-04-25 13:45:00
1650895200000,38735.61,38902.95,38664.66,38764.16,1073.95656,2022-04-25 14:00:00
1650896100000,38764.16,39033.71,38578.6,38985.08,989.6754,2022-04-25 14:15:00
1650897000000,38985.08,39420.0,38985.08,39152.11,1866.87389,2022-04-25 14:30:00
1650897900000,39152.12,39235.93,38972.41,39060.88,1244.55265,2022-04-25 14:45:00
1650898800000,39060.89,39390.03,39033.01,39240.0,791.13461,2022-04-25 15:00:00
1650899700000,39239.99,39322.48,39080.0,39221.88,809.20687,2022-04-25 15:15:00
1650900600000,39221.87,39294.84,39103.0,39111.68,684.29848,2022-04-25 15:30:00
1650901500000,39111.68,39124.99,38925.01,38976.76,990.53001,2022-04-25 15:45:00
1650902400000,38976.76,39336.31,38911.57,39333.84,1030.69158,2022-04-25 16:00:00
1650903300000,39333.83,39498.0,39313.67,39350.84,1358.05387,2022-04-25 16:15:00
1650904200000,39350.84,39645.46,39297.76,39532.39,1162.06282,2022-04-25 16:30:00
1650905100000,39532.39,39665.35,39462.06,39469.64,749.38969,2022-04-25 16:45:00
1650906000000,39469.65,39539.99,39390.46,39487.93,901.26144,2022-04-25 17:00:00
1650906900000,39487.93,39574.42,39467.15,39505.43,451.4616,2022-04-25 17:15:00
1650907800000,39505.43,39548.11,39374.15,39406.38,610.06551,2022-04-25 17:30:00
1650908700000,39406.38,39439.08,39351.49,39394.92,406.60698,2022-04-25 17:45:00
1650909600000,39394.93,39443.64,39297.61,39409.97,486.58998,2022-04-25 18:00:00
1650910500000,39409.98,39529.54,39409.97,39508.14,370.40474,2022-04-25 18:15:00
1650911400000,39508.14,39602.98,39476.92,39575.25,346.95592,2022-04-25 18:30:00
1650912300000,39575.25,40358.17,39559.33,39887.03,2969.86272,2022-04-25 18:45:00
1650913200000,39887.04,39965.76,39765.83,39814.03,872.89014,2022-04-25 19:00:00
1650914100000,39814.03,40240.8,39814.02,40210.56,994.44383,2022-04-25 19:15:00
1650915000000,40210.57,40384.61,40126.24,40261.0,1633.96185,2022-04-25 19:30:00
1650915900000,40261.01,40288.14,40101.5,40225.97,785.06594,2022-04-25 19:45:00
1650916800000,40225.98,40324.5,40143.93,40143.93,563.66474,2022-04-25 20:00:00
1650917700000,40143.93,40225.5,40090.0,40119.15,316.66893,2022-04-25 20:15:00
1650918600000,40119.15,40187.27,40046.34,40170.76,305.18193,2022-04-25 20:30:00
1650919500000,40170.77,40192.14,40088.6,40185.34,493.43323,2022-04-25 20:45:00
1650920400000,40185.34,40210.0,40121.58,40195.35,151.73849,2022-04-25 21:00:00
1650921300000,40195.34,40204.32,40071.61,40072.04,195.15374,2022-04-25 21:15:00
1650922200000,40072.04,40194.98,40069.55,40192.78,138.70751,2022-04-25 21:30:00
1650923100000,40192.77,40249.93,40141.15,40227.58,124.13329,2022-04-25 21:45:00
1650924000000,40227.57,40280.0,40141.92,40200.2,203.8255,2022-04-25 22:00:00
1650924900000,40200.19,40258.62,40164.97,40247.33,252.62869,2022-04-25 22:15:00
1650925800000,40247.34,40363.6,40231.34,40360.63,225.57477,2022-04-25 22:30:00
1650926700000,40360.63,40616.0,40274.6,40346.97,908.73511,2022-04-25 22:45:00
1650927600000,40346.97,40419.37,40242.65,40351.42,225.45248,2022-04-25 23:00:00
1650928500000,40351.41,40570.0,40349.99,40434.48,464.97408,2022-04-25 23:15:00
1650929400000,40434.47,40530.0,40434.47,40450.01,359.32863,2022-04-25 23:30:00
1650930300000,40450.01,40502.72,40408.66,40426.08,219.8696,2022-04-25 23:45:00
1650931200000,40426.08,40600.0,40409.8,40461.67,557.40481,2022-04-26 00:00:00
1650932100000,40461.67,40576.21,40387.55,40552.22,477.45732,2022-04-26 00:15:00
1650933000000,40552.22,40773.65,40514.5,40604.92,641.9518,2022-04-26 00:30:00
1650933900000,40604.93,40656.54,40548.0,40554.7,501.92532,2022-04-26 00:45:00
1650934800000,40554.71,40592.46,40521.53,40531.82,280.6289,2022-04-26 01:00:00
1650935700000,40531.81,40625.0,40518.49,40530.74,305.96591,2022-04-26 01:15:00
1650936600000,40530.74,40559.51,40450.0,40530.73,336.72125,2022-04-26 01:30:00
1650937500000,40530.74,40554.25,40457.35,40474.99,351.11473,2022-04-26 01:45:00
1650938400000,40474.98,40496.94,40441.82,40490.12,376.1317,2022-04-26 02:00:00
1650939300000,40490.12,40554.95,40490.12,40554.95,175.09195,2022-04-26 02:15:00
1650940200000,40554.95,40596.45,40374.23,40457.48,386.51265,2022-04-26 02:30:00
1650941100000,40457.48,40533.06,40432.94,40524.32,236.3854,2022-04-26 02:45:00
1650942000000,40524.32,40576.36,40510.22,40567.61,216.28787,2022-04-26 03:00:00
1650942900000,40567.61,40640.78,40553.63,40638.99,281.7827,2022-04-26 03:15:00
1650943800000,40638.98,40638.99,40501.0,40514.8,385.82204,2022-04-26 03:30:00
1650944700000,40514.81,40538.8,40490.45,40535.29,235.6249,2022-04-26 03:45:00
1650945600000,40535.29,40599.31,40489.6,40489.61,196.28756,2022-04-26 04:00:00
1650946500000,40489.6,40590.92,40488.8,40573.32,228.24842,2022-04-26 04:15:00
1650947400000,40573.32,40620.0,40573.31,40591.11,251.12429,2022-04-26 04:30:00
1650948300000,40591.11,40610.0,40555.26,40560.01,212.96556,2022-04-26 04:45:00
1650949200000,40560.01,40617.01,40549.77,40569.57,330.05932,2022-04-26 05:00:00
1650950100000,40569.57,40645.77,40541.84,40620.01,266.60613,2022-04-26 05:15:00
1650951000000,40620.01,40633.76,40521.57,40633.75,324.0318,2022-04-26 05:30:00
1650951900000,40633.75,40690.47,40584.5,40589.58,228.40252,2022-04-26 05:45:00
1650952800000,40589.58,40616.02,40529.99,40566.58,383.81981,2022-04-26 06:00:00
1650953700000,40566.59,40566.59,40471.06,40487.55,486.47517,2022-04-26 06:15:00
1650954600000,40487.55,40538.9,40435.72,40496.39,504.64832,2022-04-26 06:30:00
1650955500000,40496.39,40573.77,40485.75,40524.27,364.14663,2022-04-26 06:45:00
1650956400000,40524.27,40642.15,40375.01,40599.98,662.22367,2022-04-26 07:00:00
1650957300000,40599.99,40627.01,40547.97,40569.03,308.36593,2022-04-26 07:15:00
1650958200000,40569.02,40635.0,40560.0,40614.17,349.02815,2022-04-26 07:30:00
1650959100000,40614.18,40656.93,40571.15,40584.5,337.29557,2022-04-26 07:45:00
1650960000000,40584.5,40675.93,40578.04,40655.51,420.91349,2022-04-26 08:00:00
1650960900000,40655.51,40797.31,40600.0,40601.56,556.24314,2022-04-26 08:15:00
1650961800000,40601.55,40604.61,40474.64,40505.0,407.85132,2022-04-26 08:30:00
1650962700000,40505.01,40535.04,40444.3,40511.94,406.77839,2022-04-26 08:45:00
1650963600000,40511.93,40524.99,40455.63,40475.13,270.26093,2022-04-26 09:00:00
1650964500000,40475.13,40500.0,40405.87,40480.98,353.1008,2022-04-26 09:15:00
1650965400000,40480.98,40534.74,40406.44,40436.24,349.74107,2022-04-26 09:30:00
1650966300000,40436.24,40436.24,40328.9,40382.28,626.52588,2022-04-26 09:45:00
1650967200000,40382.29,40457.22,40325.03,40396.43,343.16939,2022-04-26 10:00:00
1650968100000,40396.44,40424.64,40345.35,40424.63,239.34791,2022-04-26 10:15:00
1650969000000,40424.64,40434.84,40369.19,40372.64,175.77988,2022-04-26 10:30:00
1650969900000,40372.63,40391.8,40345.36,40372.0,215.31331,2022-04-26 10:45:00
1650970800000,40372.0,40497.43,40229.41,40436.88,656.6934,2022-04-26 11:00:00
1650971700000,40436.88,40579.32,40408.43,40537.79,509.98266,2022-04-26 11:15:00
1650972600000,40537.8,40537.8,40448.0,40487.49,226.45775,2022-04-26 11:30:00
1650973500000,40487.48,40532.58,40460.0,40467.03,256.6485,2022-04-26 11:45:00
1650974400000,40467.03,40553.2,40431.09,40515.34,242.31687,2022-04-26 12:00:00
1650975300000,40515.35,40556.45,40465.38,40525.47,321.44512,2022-04-26 12:15:00
1650976200000,40525.48,40625.0,40401.04,40427.12,534.46473,2022-04-26 12:30:00
1650977100000,40427.13,40427.13,40187.55,40286.35,961.53184,2022-04-26 12:45:00
1650978000000,40286.36,40348.51,40204.08,40298.94,607.2358,2022-04-26 13:00:00
1650978900000,40299.26,40310.0,40083.94,40202.63,1262.74393,2022-04-26 13:15:00
1650979800000,40202.63,40252.68,39925.14,39962.0,1790.38824,2022-04-26 13:30:00
1650980700000,39962.01,40062.02,39792.43,39823.53,1120.31001,2022-04-26 13:45:00
1650981600000,39823.52,39823.78,39640.34,39784.8,1827.82515,2022-04-26 14:00:00
1650982500000,39784.81,39797.76,39530.01,39686.82,1296.30973,2022-04-26 14:15:00
1650983400000,39686.82,39689.99,39391.41,39438.52,1348.83962,2022-04-26 14:30:00
1650984300000,39438.51,39526.1,39222.67,39274.4,1308.12197,2022-04-26 14:45:00
1650985200000,39274.4,39361.21,39070.27,39328.98,1474.0257,2022-04-26 15:00:00
1650986100000,39328.97,39328.98,39050.0,39143.58,1191.94471,2022-04-26 15:15:00
1650987000000,39143.57,39224.13,38843.27,38987.11,1623.19163,2022-04-26 15:30:00
1650987900000,38987.11,38987.12,38550.0,38563.94,1752.50586,2022-04-26 15:45:00
1650988800000,38563.94,38797.75,38342.11,38704.07,2571.3704,2022-04-26 16:00:00
1650989700000,38704.08,38886.51,38588.23,38751.02,1422.96803,2022-04-26 16:15:00
1650990600000,38751.02,38765.78,38384.67,38509.98,1403.58648,2022-04-26 16:30:00
1650991500000,38509.98,38745.39,38460.0,38667.14,1189.89804,2022-04-26 16:45:00
1650992400000,38667.14,38676.77,38330.0,38361.03,1184.90475,2022-04-26 17:00:00
1650993300000,38361.03,38425.53,38000.18,38255.04,2485.89779,2022-04-26 17:15:00
1650994200000,38255.04,38501.03,38180.76,38417.44,1230.10836,2022-04-26 17:30:00
1650995100000,38417.43,38475.0,38328.89,38399.09,726.65045,2022-04-26 17:45:00
1650996000000,38399.09,38455.0,38214.86,38450.0,729.71546,2022-04-26 18:00:00
1650996900000,38450.0,38473.96,38308.62,38370.01,745.54826,2022-04-26 18:15:00
1650997800000,38370.0,38429.31,38266.47,38270.3,631.75549,2022-04-26 18:30:00
1650998700000,38270.29,38421.22,38270.29,38408.86,465.98494,2022-04-26 18:45:00
1650999600000,38408.86,38577.77,38332.17,38427.53,771.04614,2022-04-26 19:00:00
1651000500000,38427.53,38427.53,38100.0,38122.83,1004.17375,2022-04-26 19:15:00
1651001400000,38122.83,38335.37,37842.49,38282.54,2550.89426,2022-04-26 19:30:00
1651002300000,38282.54,38478.22,38221.52,38270.03,1058.42416,2022-04-26 19:45:00
1651003200000,38270.03,38423.85,37713.31,37770.35,2169.30483,2022-04-26 20:00:00
1651004100000,37770.35,38091.34,37760.47,38024.99,1018.97128,2022-04-26 20:15:00
1651005000000,38024.99,38171.76,37996.6,38090.19,647.86434,2022-04-26 20:30:00
1651005900000,38090.18,38186.5,37922.31,38129.14,842.98676,2022-04-26 20:45:00
1651006800000,38129.14,38350.0,38028.46,38347.5,578.70379,2022-04-26 21:00:00
1651007700000,38347.49,38363.65,38246.23,38332.89,291.13985,2022-04-26 21:15:00
1651008600000,38332.9,38372.81,38250.8,38367.78,199.74279,2022-04-26 21:30:00
1651009500000,38367.79,38444.12,38313.03,38330.02,286.63849,2022-04-26 21:45:00
1651010400000,38330.03,38463.4,38290.53,38395.92,353.89994,2022-04-26 22:00:00
1651011300000,38395.93,38452.14,38351.0,38411.8,328.93496,2022-04-26 22:15:00
1651012200000,38411.8,38436.84,38159.97,38229.63,392.29833,2022-04-26 22:30:00
1651013100000,38229.64,38324.94,38192.55,38221.01,288.92948,2022-04-26 22:45:00
1651014000000,38221.0,38268.46,37917.24,38002.01,684.89493,2022-04-26 23:00:00
1651014900000,38002.01,38083.7,37702.26,37953.15,1496.22553,2022-04-26 23:15:00
1651015800000,37953.39,38182.75,37920.0,38109.99,605.10311,2022-04-26 23:30:00
1651016700000,38109.98,38157.66,38012.23,38112.65,433.146,2022-04-26 23:45:00
1651017600000,38112.64,38261.17,38052.49,38141.31,835.61663,2022-04-27 00:00:00
1651018500000,38141.31,38210.01,38101.17,38192.77,328.50988,2022-04-27 00:15:00
1651019400000,38192.76,38220.0,37989.78,38013.7,486.45279,2022-04-27 00:30:00
1651020300000,38013.7,38230.08,37881.31,38179.53,677.50027,2022-04-27 00:45:00
1651021200000,38179.53,38249.12,38166.4,38219.53,437.62485,2022-04-27 01:00:00
1651022100000,38219.53,38323.01,38187.82,38216.09,488.77932,2022-04-27 01:15:00
1651023000000,38216.1,38310.0,38181.3,38269.96,343.19464,2022-04-27 01:30:00
1651023900000,38269.96,38321.46,38218.39,38310.79,303.60572,2022-04-27 01:45:00
1651024800000,38310.79,38355.79,38269.4,38350.0,360.72418,2022-04-27 02:00:00
1651025700000,38349.99,38392.71,38297.22,38381.77,259.46751,2022-04-27 02:15:00
1651026600000,38381.78,38413.03,38351.7,38401.97,237.72209,2022-04-27 02:30:00
1651027500000,38401.97,38444.8,38361.64,38426.55,274.21652,2022-04-27 02:45:00
1651028400000,38426.56,38486.87,38337.49,38455.28,469.21677,2022-04-27 03:00:00
1651029300000,38455.29,38478.28,38390.4,38400.07,256.81823,2022-04-27 03:15:00
1651030200000,38400.07,38433.31,38354.92,38372.17,185.42748,2022-04-27 03:30:00
1651031100000,38372.16,38408.84,38326.44,38343.18,238.88154,2022-04-27 03:45:00
1651032000000,38343.17,38451.0,38311.3,38399.13,461.45014,2022-04-27 04:00:00
1651032900000,38399.12,38438.84,38372.9,38418.51,162.46238,2022-04-27 04:15:00
1651033800000,38418.52,38460.0,38394.25,38416.56,293.56489,2022-04-27 04:30:00
1651034700000,38416.57,38430.0,38362.39,38410.93,205.32622,2022-04-27 04:45:00
1651035600000,38410.93,38456.23,38372.3,38445.19,188.59432,2022-04-27 05:00:00
1651036500000,38445.18,38495.24,38391.12,38429.99,241.42069,2022-04-27 05:15:00
1651037400000,38429.99,38497.7,38416.15,38494.25,170.36105,2022-04-27 05:30:00
1651038300000,38494.26,38570.01,38407.25,38410.13,328.77127,2022-04-27 05:45:00
1651039200000,38410.13,38462.52,38401.17,38433.49,218.39922,2022-04-27 06:00:00
1651040100000,38433.48,38494.06,38426.75,38490.22,177.70775,2022-04-27 06:15:00
1651041000000,38490.23,38550.0,38472.74,38522.77,377.1087,2022-04-27 06:30:00
1651041900000,38522.77,38703.98,38512.11,38646.71,649.63745,2022-04-27 06:45:00
1651042800000,38646.71,38787.0,38646.71,38675.13,930.92012,2022-04-27 07:00:00
1651043700000,38675.13,38704.99,38599.15,38670.46,509.49402,2022-04-27 07:15:00
1651044600000,38670.45,38843.17,38650.65,38807.02,667.83397,2022-04-27 07:30:00
1651045500000,38807.02,39113.72,38740.72,39112.74,953.92129,2022-04-27 07:45:00
1651046400000,39113.06,39140.0,38985.18,39078.52,1641.53567,2022-04-27 08:00:00
1651047300000,39078.51,39221.65,39005.32,39029.39,1273.34192,2022-04-27 08:15:00
1651048200000,39029.39,39035.36,38816.11,38934.46,658.98148,2022-04-27 08:30:00
1651049100000,38934.46,39039.0,38694.6,38980.0,968.1415,2022-04-27 08:45:00
1651050000000,38980.01,39080.0,38823.66,38847.3,643.23142,2022-04-27 09:00:00
1651050900000,38847.3,39039.09,38847.29,39006.94,519.81173,2022-04-27 09:15:00
1651051800000,39006.94,39034.93,38919.14,39000.0,446.56505,2022-04-27 09:30:00
1651052700000,39000.0,39107.64,38987.02,39053.68,359.84401,2022-04-27 09:45:00
1651053600000,39053.69,39070.0,38969.99,38987.72,319.89899,2022-04-27 10:00:00
1651054500000,38987.72,39074.58,38955.47,39074.58,198.51733,2022-04-27 10:15:00
1651055400000,39074.57,39146.08,39012.19,39100.46,325.46247,2022-04-27 10:30:00
1651056300000,39100.45,39136.54,38974.32,39108.57,487.57183,2022-04-27 10:45:00
1651057200000,39108.58,39119.1,38901.0,38917.92,417.78776,2022-04-27 11:00:00
1651058100000,38917.92,38940.0,38645.42,38776.35,965.0478,2022-04-27 11:15:00
1651059000000,38776.35,38963.0,38776.35,38882.39,562.92552,2022-04-27 11:30:00
1651059900000,38882.4,39075.86,38882.39,39017.19,560.10661,2022-04-27 11:45:00
1651060800000,39017.19,39139.17,38982.9,39064.49,648.76132,2022-04-27 12:00:00
1651061700000,39064.5,39089.0,38886.41,39063.38,598.21541,2022-04-27 12:15:00
1651062600000,39063.38,39088.98,38879.97,38944.13,753.80696,2022-04-27 12:30:00
1651063500000,38944.14,38972.71,38862.48,38893.18,653.53079,2022-04-27 12:45:00
1651064400000,38893.19,38978.22,38774.93,38774.99,711.12691,2022-04-27 13:00:00
1651065300000,38775.0,38997.83,38774.99,38978.74,453.0234,2022-04-27 13:15:00
1651066200000,38978.74,39396.63,38965.37,39249.99,2393.35093,2022-04-27 13:30:00
1651067100000,39249.99,39474.72,39208.36,39344.7,1737.07499,2022-04-27 13:45:00
1651068000000,39344.69,39409.99,38590.0,38618.44,2247.5434,2022-04-27 14:00:00
1651068900000,38618.45,38819.99,38516.0,38574.36,1563.8303,2022-04-27 14:15:00
1651069800000,38574.35,38791.22,38435.95,38743.02,1629.71376,2022-04-27 14:30:00
1651070700000,38743.01,38905.76,38651.63,38672.62,1080.45219,2022-04-27 14:45:00
1651071600000,38672.62,38832.77,38635.91,38689.45,1100.88586,2022-04-27 15:00:00
1651072500000,38689.45,38850.0,38670.01,38790.7,985.5263,2022-04-27 15:15:00
1651073400000,38790.69,39141.86,38790.69,38957.92,1720.17061,2022-04-27 15:30:00
1651074300000,38957.91,39073.33,38892.8,39005.76,822.86276,2022-04-27 15:45:00
1651075200000,39005.77,39188.0,38918.43,39130.79,918.28522,2022-04-27 16:00:00
1651076100000,39130.8,39308.28,39070.76,39278.52,1013.25978,2022-04-27 16:15:00
1651077000000,39278.51,39309.0,39201.16,39277.48,720.43849,2022-04-27 16:30:00
1651077900000,39277.48,39284.99,39115.23,39191.58,650.88319,2022-04-27 16:45:00
1651078800000,39191.59,39260.48,38977.36,39053.37,1160.29136,2022-04-27 17:00:00
1651079700000,39053.36,39113.18,38959.96,39080.0,639.55653,2022-04-27 17:15:00
1651080600000,39080.0,39150.0,39051.88,39081.73,550.23366,2022-04-27 17:30:00
1651081500000,39081.73,39150.02,39010.09,39109.99,414.56744,2022-04-27 17:45:00
1651082400000,39109.99,39189.47,39094.44,39155.48,408.90264,2022-04-27 18:00:00
1651083300000,39155.49,39158.91,38964.17,38990.19,447.88899,2022-04-27 18:15:00
1651084200000,38990.18,39052.98,38856.26,39028.79,571.79196,2022-04-27 18:30:00
1651085100000,39028.79,39060.51,38750.48,38785.71,643.69961,2022-04-27 18:45:00
1651086000000,38785.72,38799.24,38700.0,38756.85,583.96236,2022-04-27 19:00:00
1651086900000,38756.84,38781.48,38668.2,38748.71,531.8279,2022-04-27 19:15:00
1651087800000,38748.72,38865.27,38669.49,38815.94,450.55595,2022-04-27 19:30:00
1651088700000,38815.93,38915.38,38771.39,38858.26,767.13314,2022-04-27 19:45:00
1651089600000,38858.27,39149.93,38831.73,39017.99,1025.77825,2022-04-27 20:00:00
1651090500000,39018.0,39270.12,39012.03,39161.4,522.74631,2022-04-27 20:15:00
1651091400000,39161.4,39236.27,39122.0,39131.35,249.12351,2022-04-27 20:30:00
1651092300000,39131.35,39189.0,39076.89,39099.99,300.92438,2022-04-27 20:45:00
1651093200000,39100.0,39158.19,39081.73,39148.61,127.8493,2022-04-27 21:00:00
1651094100000,39148.61,39159.69,39084.7,39112.68,215.93019,2022-04-27 21:15:00
1651095000000,39112.69,39399.99,39094.22,39324.69,309.42739,2022-04-27 21:30:00
1651095900000,39324.69,39324.69,39169.87,39221.97,174.27265,2022-04-27 21:45:00
1651096800000,39221.97,39270.0,39163.23,39240.37,189.15479,2022-04-27 22:00:00
1651097700000,39240.38,39248.55,39144.41,39217.11,169.3241,2022-04-27 22:15:00
1651098600000,39217.12,39225.4,38991.4,39082.0,363.21993,2022-04-27 22:30:00
1651099500000,39082.0,39113.62,39056.25,39074.34,162.78688,2022-04-27 22:45:00
1651100400000,39074.35,39152.95,39056.41,39143.17,161.86779,2022-04-27 23:00:00
1651101300000,39143.16,39187.28,39126.08,39167.7,117.6433,2022-04-27 23:15:00
1651102200000,39167.69,39290.81,39135.42,39200.81,249.38368,2022-04-27 23:30:00
1651103100000,39200.81,39247.45,39179.13,39235.72,101.03317,2022-04-27 23:45:00
1651104000000,39235.72,39270.0,39157.9,39256.22,240.57556,2022-04-28 00:00:00
1651104900000,39256.23,39276.71,39152.96,39264.44,230.154,2022-04-28 00:15:00
1651105800000,39264.45,39373.02,39236.92,39314.78,434.34164,2022-04-28 00:30:00
1651106700000,39314.78,39455.0,39314.78,39385.87,416.49159,2022-04-28 00:45:00
1651107600000,39385.87,39689.49,39380.04,39543.96,1049.09013,2022-04-28 01:00:00
1651108500000,39543.96,39568.74,39335.06,39489.2,450.53574,2022-04-28 01:15:00
1651109400000,39489.21,39489.21,39368.86,39369.15,263.10183,2022-04-28 01:30:00
1651110300000,39368.86,39383.51,39178.11,39230.01,428.45027,2022-04-28 01:45:00
1651111200000,39230.01,39299.0,39161.08,39245.14,312.89693,2022-04-28 02:00:00
1651112100000,39245.14,39419.23,39245.13,39396.58,323.31112,2022-04-28 02:15:00
1651113000000,39396.58,39457.88,39392.63,39456.8,398.99457,2022-04-28 02:30:00
1651113900000,39456.81,39472.54,39410.26,39429.1,186.82332,2022-04-28 02:45:00
1651114800000,39429.1,39522.2,39360.0,39517.0,736.47592,2022-04-28 03:00:00
1651115700000,39516.99,39517.0,39375.46,39459.99,376.87237,2022-04-28 03:15:00
1651116600000,39460.0,39463.51,39375.9,39375.91,325.05151,2022-04-28 03:30:00
1651117500000,39375.91,39408.44,39323.64,39342.07,323.0994,2022-04-28 03:45:00
1651118400000,39342.06,39375.27,39305.13,39352.82,232.69377,2022-04-28 04:00:00
1651119300000,39352.83,39374.84,39260.76,39308.75,205.86589,2022-04-28 04:15:00
1651120200000,39308.75,39352.09,39308.04,39352.08,148.12891,2022-04-28 04:30:00
1651121100000,39352.09,39400.0,39300.83,39388.5,226.7127,2022-04-28 04:45:00
1651122000000,39388.51,39436.73,39332.94,39332.94,130.40538,2022-04-28 05:00:00
1651122900000,39332.94,39368.46,39250.73,39270.71,173.72614,2022-04-28 05:15:00
1651123800000,39270.72,39296.9,39238.21,39246.54,249.90415,2022-04-28 05:30:00
1651124700000,39246.55,39342.1,39226.49,39321.03,231.52807,2022-04-28 05:45:00
1651125600000,39321.02,39343.93,39280.66,39311.13,146.00784,2022-04-28 06:00:00
1651126500000,39311.13,39425.82,39310.0,39389.66,240.27907,2022-04-28 06:15:00
1651127400000,39389.65,39417.78,39385.24,39410.0,203.23664,2022-04-28 06:30:00
1651128300000,39409.99,39436.93,39344.65,39415.45,221.58914,2022-04-28 06:45:00
1651129200000,39415.46,39466.43,39382.99,39440.4,275.57673,2022-04-28 07:00:00
1651130100000,39440.4,39554.56,39407.26,39512.48,435.09574,2022-04-28 07:15:00
1651131000000,39512.49,39558.71,39457.88,39518.76,439.51121,2022-04-28 07:30:00
1651131900000,39518.76,39660.0,39385.01,39385.01,680.68415,2022-04-28 07:45:00
1651132800000,39385.01,39510.45,39359.63,39510.44,374.50712,2022-04-28 08:00:00
1651133700000,39510.44,39594.39,39482.16,39578.89,496.71359,2022-04-28 08:15:00
1651134600000,39578.88,39655.01,39560.0,39637.17,708.45985,2022-04-28 08:30:00
1651135500000,39637.16,39788.53,39593.22,39634.27,819.34004,2022-04-28 08:45:00
1651136400000,39634.26,39853.28,39634.26,39739.78,1047.43798,2022-04-28 09:00:00
1651137300000,39739.78,39807.95,39688.13,39697.06,477.97274,2022-04-28 09:15:00
1651138200000,39697.07,39882.38,39684.12,39798.54,446.24869,2022-04-28 09:30:00
1651139100000,39798.54,39821.49,39755.76,39773.98,306.21772,2022-04-28 09:45:00
1651140000000,39773.99,39829.99,39695.07,39714.99,389.69656,2022-04-28 10:00:00
1651140900000,39714.99,39744.79,39599.96,39705.05,478.83237,2022-04-28 10:15:00
1651141800000,39705.06,39724.9,39641.2,39651.43,259.86635,2022-04-28 10:30:00
1651142700000,39651.44,39716.87,39642.29,39714.94,197.25305,2022-04-28 10:45:00
1651143600000,39714.94,39765.9,39706.9,39733.04,253.11171,2022-04-28 11:00:00
1651144500000,39733.03,39740.0,39615.18,39634.29,255.67873,2022-04-28 11:15:00
1651145400000,39634.3,39677.09,39613.92,39659.77,192.68996,2022-04-28 11:30:00
1651146300000,39659.77,39706.98,39653.17,39679.31,214.01273,2022-04-28 11:45:00
1651147200000,39679.31,39799.74,39584.05,39594.79,442.71933,2022-04-28 12:00:00
1651148100000,39594.79,39752.72,39535.19,39728.08,490.68483,2022-04-28 12:15:00
1651149000000,39728.07,39865.1,39646.09,39767.99,696.95884,2022-04-28 12:30:00
1651149900000,39768.0,39768.0,39517.0,39560.12,530.58644,2022-04-28 12:45:00
1651150800000,39560.13,39567.23,39326.21,39396.95,952.02921,2022-04-28 13:00:00
1651151700000,39396.95,39495.54,39231.12,39438.35,890.51501,2022-04-28 13:15:00
1651152600000,39438.34,39539.69,39252.3,39255.87,1132.1764,2022-04-28 13:30:00
1651153500000,39255.47,39339.99,39052.63,39094.46,1493.18797,2022-04-28 13:45:00
1651154400000,39094.46,39142.76,38881.43,38989.51,1327.58667,2022-04-28 14:00:00
1651155300000,38989.51,39238.8,38918.51,38980.0,899.00964,2022-04-28 14:15:00
1651156200000,38979.99,39040.64,38921.15,39015.11,588.41089,2022-04-28 14:30:00
1651157100000,39015.11,39398.78,39012.43,39287.09,1016.2531,2022-04-28 14:45:00
1651158000000,39287.09,40300.0,39231.84,40105.76,4103.12559,2022-04-28 15:00:00
1651158900000,40105.75,40150.0,39508.5,39707.92,2217.40859,2022-04-28 15:15:00
1651159800000,39707.93,39774.08,39514.42,39518.62,863.46989,2022-04-28 15:30:00
1651160700000,39518.62,39548.81,39088.84,39438.01,1792.10655,2022-04-28 15:45:00
1651161600000,39438.12,39542.09,39314.05,39506.52,820.57161,2022-04-28 16:00:00
1651162500000,39506.52,39808.87,39433.03,39702.84,1520.83414,2022-04-28 16:15:00
1651163400000,39702.85,40127.0,39615.78,40104.11,1115.96244,2022-04-28 16:30:00
1651164300000,40104.11,40109.99,39773.03,39899.44,1148.47064,2022-04-28 16:45:00
1651165200000,39899.43,40022.84,39860.01,39973.46,830.36381,2022-04-28 17:00:00
1651166100000,39973.46,40212.55,39868.01,40100.89,999.85334,2022-04-28 17:15:00
1651167000000,40100.9,40159.07,39994.06,40098.58,765.9586,2022-04-28 17:30:00
1651167900000,40098.57,40288.49,40070.0,40283.72,869.78262,2022-04-28 17:45:00
1651168800000,40283.71,40372.63,40158.0,40201.84,806.61516,2022-04-28 18:00:00
1651169700000,40201.85,40291.19,40052.51,40282.6,632.16939,2022-04-28 18:15:00
1651170600000,40282.6,40323.52,40177.77,40212.06,400.42505,2022-04-28 18:30:00
1651171500000,40212.05,40242.19,40074.85,40083.32,479.45364,2022-04-28 18:45:00
1651172400000,40083.32,40234.11,39976.53,40155.41,725.12925,2022-04-28 19:00:00
1651173300000,40155.42,40221.61,40098.75,40124.78,382.87933,2022-04-28 19:15:00
1651174200000,40124.78,40158.01,39993.65,40014.09,453.22307,2022-04-28 19:30:00
1651175100000,40014.1,40062.83,39918.0,39983.77,640.5419,2022-04-28 19:45:00
1651176000000,39983.77,39983.85,39734.53,39744.8,1044.98137,2022-04-28 20:00:00
1651176900000,39744.81,40017.7,39738.52,39991.83,661.45517,2022-04-28 20:15:00
1651177800000,39991.84,40216.27,39991.83,40042.32,1027.83799,2022-04-28 20:30:00
1651178700000,40042.33,40042.33,39847.93,39870.0,421.53462,2022-04-28 20:45:00
1651179600000,39870.0,39960.86,39828.61,39956.55,194.26835,2022-04-28 21:00:00
1651180500000,39956.56,39987.99,39819.77,39867.43,223.76537,2022-04-28 21:15:00
1651181400000,39867.43,39887.83,39766.82,39812.98,252.89286,2022-04-28 21:30:00
1651182300000,39812.99,39870.4,39761.52,39853.02,183.1094,2022-04-28 21:45:00
1651183200000,39853.02,39875.01,39727.04,39732.56,641.57407,2022-04-28 22:00:00
1651184100000,39732.56,39796.6,39606.92,39694.11,407.64727,2022-04-28 22:15:00
1651185000000,39694.12,39730.0,39650.01,39693.41,263.94711,2022-04-28 22:30:00
1651185900000,39693.4,39806.77,39670.0,39794.89,224.36924,2022-04-28 22:45:00
1651186800000,39794.89,39814.68,39715.1,39792.41,231.42878,2022-04-28 23:00:00
1651187700000,39792.41,39853.28,39746.03,39777.57,227.70496,2022-04-28 23:15:00
1651188600000,39777.58,39807.04,39666.66,39692.38,198.03027,2022-04-28 23:30:00
1651189500000,39692.39,39782.17,39679.65,39742.07,198.41111,2022-04-28 23:45:00
1651190400000,39742.06,39847.02,39717.19,39817.73,436.72419,2022-04-29 00:00:00
1651191300000,39817.73,39869.28,39747.03,39747.03,257.18917,2022-04-29 00:15:00
1651192200000,39747.03,39781.73,39683.29,39686.28,190.49652,2022-04-29 00:30:00
1651193100000,39686.28,39847.09,39675.46,39845.0,248.66994,2022-04-29 00:45:00
1651194000000,39844.99,39864.1,39797.02,39840.01,196.6456,2022-04-29 01:00:00
1651194900000,39840.0,39925.25,39812.84,39906.56,302.26395,2022-04-29 01:15:00
1651195800000,39906.56,39906.58,39823.88,39855.95,304.86773,2022-04-29 01:30:00
1651196700000,39855.95,39855.95,39769.98,39820.48,283.55835,2022-04-29 01:45:00
1651197600000,39820.47,39831.85,39718.12,39718.13,375.42411,2022-04-29 02:00:00
1651198500000,39718.12,39745.03,39640.52,39692.03,429.28295,2022-04-29 02:15:00
1651199400000,39692.04,39723.02,39657.01,39704.88,224.08583,2022-04-29 02:30:00
1651200300000,39704.88,39738.48,39457.13,39522.12,747.86372,2022-04-29 02:45:00
1651201200000,39522.12,39557.87,39286.01,39385.83,758.64453,2022-04-29 03:00:00
1651202100000,39385.84,39458.3,39351.62,39453.36,344.16842,2022-04-29 03:15:00
1651203000000,39453.36,39545.08,39377.91,39527.68,358.71675,2022-04-29 03:30:00
1651203900000,39527.68,39541.35,39450.0,39533.01,316.35554,2022-04-29 03:45:00
1651204800000,39533.02,39545.79,39391.78,39444.5,448.31797,2022-04-29 04:00:00
1651205700000,39444.5,39498.22,39368.97,39475.4,392.8622,2022-04-29 04:15:00
1651206600000,39475.4,39550.0,39459.84,39535.99,287.75624,2022-04-29 04:30:00
1651207500000,39535.99,39598.3,39520.85,39542.94,307.19508,2022-04-29 04:45:00
1651208400000,39542.94,39623.49,39536.3,39551.89,305.59969,2022-04-29 05:00:00
1651209300000,39551.88,39641.3,39551.88,39595.79,322.91538,2022-04-29 05:15:00
1651210200000,39595.79,39615.99,39555.37,39575.92,207.96271,2022-04-29 05:30:00
1651211100000,39575.93,39581.22,39481.45,39501.26,317.59135,2022-04-29 05:45:00
1651212000000,39501.26,39535.75,39374.12,39448.51,352.04338,2022-04-29 06:00:00
1651212900000,39448.52,39525.25,39424.03,39510.18,274.49242,2022-04-29 06:15:00
1651213800000,39510.17,39574.05,39480.0,39553.71,299.8404,2022-04-29 06:30:00
1651214700000,39553.7,39553.71,39458.99,39459.0,173.24208,2022-04-29 06:45:00
1651215600000,39459.0,39499.49,39413.45,39459.07,394.3981,2022-04-29 07:00:00
1651216500000,39459.08,39530.22,39435.67,39529.99,272.20943,2022-04-29 07:15:00
1651217400000,39530.0,39586.39,39512.0,39570.01,316.31469,2022-04-29 07:30:00
1651218300000,39570.01,39624.64,39552.0,39610.14,353.916,2022-04-29 07:45:00
1651219200000,39610.14,39634.12,39543.18,39582.78,348.35757,2022-04-29 08:00:00
1651220100000,39582.78,39590.0,39480.0,39528.17,339.54235,2022-04-29 08:15:00
1651221000000,39528.18,39531.34,39404.02,39448.24,398.3357,2022-04-29 08:30:00
1651221900000,39448.25,39476.1,39394.58,39410.22,324.016,2022-04-29 08:45:00
1651222800000,39410.22,39410.23,39123.82,39210.24,944.10509,2022-04-29 09:00:00
1651223700000,39210.24,39272.48,39070.38,39229.47,752.69011,2022-04-29 09:15:00
1651224600000,39229.47,39290.49,39160.91,39220.01,290.50268,2022-04-29 09:30:00
1651225500000,39220.01,39240.86,39103.49,39147.85,361.74347,2022-04-29 09:45:00
1651226400000,39147.86,39219.37,39120.72,39157.38,350.32477,2022-04-29 10:00:00
1651227300000,39157.38,39243.54,39104.97,39105.39,364.1299,2022-04-29 10:15:00
1651228200000,39105.39,39178.85,38916.4,38961.06,960.1752,2022-04-29 10:30:00
1651229100000,38961.07,39019.99,38666.1,38805.41,1251.63305,2022-04-29 10:45:00
1651230000000,38805.4,38944.25,38760.0,38795.93,661.20081,2022-04-29 11:00:00
1651230900000,38795.94,38855.09,38762.15,38778.56,485.15472,2022-04-29 11:15:00
1651231800000,38778.57,38825.81,38616.46,38734.63,851.803,2022-04-29 11:30:00
1651232700000,38734.63,38859.92,38724.5,38749.54,498.59746,2022-04-29 11:45:00
1651233600000,38749.54,38869.63,38634.52,38869.17,425.34516,2022-04-29 12:00:00
1651234500000,38869.18,39010.16,38835.31,38975.99,897.42461,2022-04-29 12:15:00
1651235400000,38975.98,39136.02,38860.62,39116.0,894.57438,2022-04-29 12:30:00
1651236300000,39116.01,39119.9,38897.01,38916.71,653.65367,2022-04-29 12:45:00
1651237200000,38916.72,38979.7,38800.0,38873.56,601.69569,2022-04-29 13:00:00
1651238100000,38873.55,39188.04,38871.0,39055.54,747.87174,2022-04-29 13:15:00
1651239000000,39055.54,39286.15,38935.01,39023.32,1588.54622,2022-04-29 13:30:00
1651239900000,39023.33,39406.37,38916.4,39277.05,1368.81857,2022-04-29 13:45:00
1651240800000,39277.06,39323.86,39125.0,39160.27,1015.76881,2022-04-29 14:00:00
1651241700000,39160.27,39214.77,38858.59,38937.07,1543.99592,2022-04-29 14:15:00
1651242600000,38937.07,39012.49,38851.46,38946.52,634.28555,2022-04-29 14:30:00
1651243500000,38946.52,38966.42,38801.84,38958.44,623.42229,2022-04-29 14:45:00
1651244400000,38958.44,39107.7,38846.24,38909.13,704.90067,2022-04-29 15:00:00
1651245300000,38909.13,39023.44,38873.68,38953.69,762.96701,2022-04-29 15:15:00
1651246200000,38953.69,39090.0,38927.58,39080.0,728.55281,2022-04-29 15:30:00
1651247100000,39080.0,39144.0,38931.82,39004.86,584.64287,2022-04-29 15:45:00
1651248000000,39004.87,39017.75,38868.65,38925.82,816.65419,2022-04-29 16:00:00
1651248900000,38925.82,39034.6,38890.41,38974.76,650.06714,2022-04-29 16:15:00
1651249800000,38974.77,39078.3,38473.87,38520.0,2303.53515,2022-04-29 16:30:00
1651250700000,38519.99,38666.66,38435.42,38522.33,1067.00176,2022-04-29 16:45:00
1651251600000,38522.32,38667.69,38507.22,38601.74,527.28195,2022-04-29 17:00:00
1651252500000,38601.73,38682.96,38577.09,38623.34,658.78111,2022-04-29 17:15:00
1651253400000,38623.34,38692.12,38594.93,38623.27,383.76739,2022-04-29 17:30:00
1651254300000,38623.27,38736.13,38467.15,38642.24,834.43363,2022-04-29 17:45:00
1651255200000,38642.25,38673.27,38536.04,38603.47,392.92543,2022-04-29 18:00:00
1651256100000,38603.46,38661.85,38490.43,38613.5,598.20241,2022-04-29 18:15:00
1651257000000,38613.51,38659.92,38460.51,38507.38,442.14293,2022-04-29 18:30:00
1651257900000,38507.39,38560.0,38335.92,38543.11,1139.43962,2022-04-29 18:45:00
1651258800000,38543.11,38609.73,38388.9,38390.3,520.16916,2022-04-29 19:00:00
1651259700000,38390.29,38588.85,38259.87,38313.21,1078.00185,2022-04-29 19:15:00
1651260600000,38313.21,38398.28,38230.0,38380.0,904.60981,2022-04-29 19:30:00
1651261500000,38379.99,38400.0,38175.0,38331.54,1260.86692,2022-04-29 19:45:00
1651262400000,38331.55,38460.0,38310.9,38431.65,705.47644,2022-04-29 20:00:00
1651263300000,38431.64,38584.0,38384.03,38525.79,752.73073,2022-04-29 20:15:00
1651264200000,38525.8,38554.53,38477.43,38519.99,344.69666,2022-04-29 20:30:00
1651265100000,38519.99,38578.44,38513.19,38564.44,190.1455,2022-04-29 20:45:00
1651266000000,38564.38,38649.99,38525.3,38600.77,238.23138,2022-04-29 21:00:00
1651266900000,38600.78,38617.1,38543.05,38609.52,275.9404,2022-04-29 21:15:00
1651267800000,38609.51,38619.41,38523.64,38562.29,128.37669,2022-04-29 21:30:00
1651268700000,38562.3,38563.6,38450.47,38560.15,153.14983,2022-04-29 21:45:00
1651269600000,38560.14,38560.15,38482.87,38483.31,181.62785,2022-04-29 22:00:00
1651270500000,38483.31,38609.52,38430.03,38590.0,220.21639,2022-04-29 22:15:00
1651271400000,38589.99,38635.29,38530.22,38541.32,132.61528,2022-04-29 22:30:00
1651272300000,38541.32,38620.02,38540.0,38608.63,124.007,2022-04-29 22:45:00
1651273200000,38608.63,38638.83,38580.0,38638.83,126.19147,2022-04-29 23:00:00
1651274100000,38638.82,38648.99,38555.98,38584.39,180.83875,2022-04-29 23:15:00
1651275000000,38584.4,38665.36,38570.2,38654.89,174.96809,2022-04-29 23:30:00
1651275900000,38654.9,38660.0,38571.48,38596.11,186.17197,2022-04-29 23:45:00
1651276800000,38596.11,38656.0,38563.06,38621.89,301.86551,2022-04-30 00:00:00
1651277700000,38621.9,38795.38,38608.77,38732.42,458.70774,2022-04-30 00:15:00
1651278600000,38732.42,38732.43,38551.12,38572.29,260.68946,2022-04-30 00:30:00
1651279500000,38572.29,38639.96,38565.58,38639.95,129.66788,2022-04-30 00:45:00
1651280400000,38639.96,38716.32,38630.0,38692.98,217.20496,2022-04-30 01:00:00
1651281300000,38692.98,38706.1,38636.3,38704.54,134.37948,2022-04-30 01:15:00
1651282200000,38704.53,38749.31,38671.14,38702.92,179.87299,2022-04-30 01:30:00
1651283100000,38702.91,38764.26,38690.0,38701.96,191.54211,2022-04-30 01:45:00
1651284000000,38701.96,38772.56,38701.95,38725.39,238.98325,2022-04-30 02:00:00
1651284900000,38725.38,38734.65,38685.22,38703.3,168.22529,2022-04-30 02:15:00
1651285800000,38703.3,38737.04,38670.0,38674.69,208.42759,2022-04-30 02:30:00
1651286700000,38674.69,38709.19,38656.17,38692.99,204.13942,2022-04-30 02:45:00
1651287600000,38693.0,38706.11,38607.35,38641.6,208.66043,2022-04-30 03:00:00
1651288500000,38641.6,38655.8,38600.0,38620.51,115.72737,2022-04-30 03:15:00
1651289400000,38620.51,38638.37,38586.65,38627.0,106.28578,2022-04-30 03:30:00
1651290300000,38627.01,38674.12,38627.0,38656.37,160.78306,2022-04-30 03:45:00
1651291200000,38656.37,38699.63,38642.18,38672.38,217.34592,2022-04-30 04:00:00
1651292100000,38672.37,38673.09,38591.61,38596.11,183.73958,2022-04-30 04:15:00
1651293000000,38596.1,38609.76,38493.52,38555.88,356.51143,2022-04-30 04:30:00
1651293900000,38555.88,38555.88,38520.01,38553.36,93.81514,2022-04-30 04:45:00
1651294800000,38553.35,38600.0,38523.28,38560.01,167.25517,2022-04-30 05:00:00
1651295700000,38560.0,38624.87,38557.62,38621.09,135.10551,2022-04-30 05:15:00
1651296600000,38621.1,38709.29,38590.13,38709.29,210.51833,2022-04-30 05:30:00
1651297500000,38709.28,38778.79,38676.7,38703.01,344.29949,2022-04-30 05:45:00
1651298400000,38703.01,38729.17,38660.74,38678.89,176.35443,2022-04-30 06:00:00
1651299300000,38678.88,38708.95,38660.05,38661.3,167.95089,2022-04-30 06:15:00
1651300200000,38661.29,38734.63,38646.69,38721.47,129.93178,2022-04-30 06:30:00
1651301100000,38721.48,38723.61,38657.88,38701.11,164.90318,2022-04-30 06:45:00
1651302000000,38701.11,38725.13,38650.0,38663.32,204.96448,2022-04-30 07:00:00
1651302900000,38663.32,38704.71,38660.91,38678.0,178.77179,2022-04-30 07:15:00
1651303800000,38678.01,38746.15,38657.88,38680.45,348.16671,2022-04-30 07:30:00
1651304700000,38680.45,38698.83,38634.24,38650.34,135.51834,2022-04-30 07:45:00
1651305600000,38650.35,38683.84,38614.88,38683.83,274.82807,2022-04-30 08:00:00
1651306500000,38683.83,38688.72,38580.0,38582.95,489.51814,2022-04-30 08:15:00
1651307400000,38582.96,38615.29,38536.66,38593.88,232.77008,2022-04-30 08:30:00
1651308300000,38593.87,38636.52,38560.77,38577.06,545.17862,2022-04-30 08:45:00
1651309200000,38577.07,38623.66,38554.83,38620.37,236.20136,2022-04-30 09:00:00
1651310100000,38620.37,38638.06,38564.53,38587.15,201.86773,2022-04-30 09:15:00
1651311000000,38587.16,38617.72,38540.98,38552.03,213.39305,2022-04-30 09:30:00
1651311900000,38552.04,38644.03,38548.11,38622.5,230.34672,2022-04-30 09:45:00
1651312800000,38622.51,38636.47,38595.77,38610.03,180.75877,2022-04-30 10:00:00
1651313700000,38610.03,38629.88,38577.07,38629.86,212.6577,2022-04-30 10:15:00
1651314600000,38629.86,38658.72,38597.24,38613.67,243.21177,2022-04-30 10:30:00
1651315500000,38613.66,38628.57,38564.46,38566.49,167.89436,2022-04-30 10:45:00
1651316400000,38566.49,38610.44,38563.4,38600.57,177.61512,2022-04-30 11:00:00
1651317300000,38600.57,38620.0,38574.03,38619.24,159.93027,2022-04-30 11:15:00
1651318200000,38619.24,38636.21,38569.43,38584.03,201.30999,2022-04-30 11:30:00
1651319100000,38584.04,38604.32,38573.56,38580.01,189.14147,2022-04-30 11:45:00
1651320000000,38580.0,38610.0,38568.01,38575.05,187.20011,2022-04-30 12:00:00
1651320900000,38575.04,38600.0,38560.16,38595.47,170.19878,2022-04-30 12:15:00
1651321800000,38595.47,38604.62,38539.0,38543.43,232.12479,2022-04-30 12:30:00
1651322700000,38543.43,38566.41,38525.34,38536.23,177.9983,2022-04-30 12:45:00
1651323600000,38536.23,38625.0,38510.0,38607.88,272.49145,2022-04-30 13:00:00
1651324500000,38607.89,38638.24,38600.09,38610.01,188.13725,2022-04-30 13:15:00
1651325400000,38610.02,38628.43,38501.65,38517.89,585.69151,2022-04-30 13:30:00
1651326300000,38517.89,38541.84,38501.0,38506.33,229.47378,2022-04-30 13:45:00
1651327200000,38506.32,38638.38,38410.34,38528.67,1496.71426,2022-04-30 14:00:00
1651328100000,38528.67,38528.68,38323.59,38394.46,1524.5217,2022-04-30 14:15:00
1651329000000,38394.46,38432.28,38322.0,38379.3,364.23867,2022-04-30 14:30:00
1651329900000,38379.31,38395.55,38211.0,38258.27,1042.32585,2022-04-30 14:45:00
1651330800000,38258.27,38492.34,38156.04,38389.59,823.11865,2022-04-30 15:00:00
1651331700000,38389.58,38476.81,38249.52,38467.55,937.04521,2022-04-30 15:15:00
1651332600000,38467.54,38519.99,38418.07,38466.12,347.40633,2022-04-30 15:30:00
1651333500000,38466.12,38529.98,38430.0,38466.56,342.61841,2022-04-30 15:45:00
1651334400000,38466.56,38591.36,38445.87,38505.58,445.39424,2022-04-30 16:00:00
1651335300000,38505.58,38600.01,38481.48,38561.28,495.90173,2022-04-30 16:15:00
1651336200000,38561.28,38610.15,38525.96,38531.6,574.60031,2022-04-30 16:30:00
1651337100000,38531.61,38542.94,38404.29,38426.31,284.02368,2022-04-30 16:45:00
1651338000000,38426.31,38448.25,38290.76,38326.23,928.71645,2022-04-30 17:00:00
1651338900000,38326.22,38340.0,38250.64,38280.74,929.72826,2022-04-30 17:15:00
1651339800000,38280.73,38408.88,38236.0,38303.43,456.8659,2022-04-30 17:30:00
1651340700000,38303.42,38329.72,38201.78,38286.36,358.70134,2022-04-30 17:45:00
1651341600000,38286.35,38353.53,38264.14,38281.85,286.24542,2022-04-30 18:00:00
1651342500000,38281.86,38328.13,38243.55,38311.9,246.30777,2022-04-30 18:15:00
1651343400000,38311.9,38311.9,38215.59,38265.68,196.48791,2022-04-30 18:30:00
1651344300000,38265.68,38353.69,38203.32,38345.82,358.90498,2022-04-30 18:45:00
1651345200000,38345.82,38386.41,38333.67,38353.09,205.76131,2022-04-30 19:00:00
1651346100000,38353.08,38388.45,38307.9,38355.5,197.9729,2022-04-30 19:15:00
1651347000000,38355.5,38355.5,38315.75,38347.51,147.06834,2022-04-30 19:30:00
1651347900000,38347.52,38499.0,38303.34,38466.83,456.30639,2022-04-30 19:45:00
1651348800000,38466.82,38466.83,38386.07,38408.43,152.73136,2022-04-30 20:00:00
1651349700000,38408.43,38456.43,38332.3,38359.87,173.31715,2022-04-30 20:15:00
1651350600000,38359.87,38361.59,38321.45,38340.0,153.02446,2022-04-30 20:30:00
1651351500000,38340.0,38354.05,38282.08,38326.45,197.64072,2022-04-30 20:45:00
1651352400000,38326.45,38365.92,38248.66,38278.83,229.7815,2022-04-30 21:00:00
1651353300000,38278.82,38326.99,38276.34,38326.24,112.79045,2022-04-30 21:15:00
1651354200000,38326.24,38353.57,38305.79,38350.0,127.90856,2022-04-30 21:30:00
1651355100000,38350.0,38370.84,38301.12,38301.14,120.59839,2022-04-30 21:45:00
1651356000000,38301.13,38301.6,38200.35,38237.4,452.28744,2022-04-30 22:00:00
1651356900000,38237.4,38323.08,38160.0,38318.42,341.68982,2022-04-30 22:15:00
1651357800000,38318.43,38370.0,38272.36,38369.99,374.72627,2022-04-30 22:30:00
1651358700000,38370.0,38370.0,38230.0,38250.44,207.64332,2022-04-30 22:45:00
1651359600000,38250.43,38277.77,37578.2,37819.12,4187.48119,2022-04-30 23:00:00
1651360500000,37819.13,37843.49,37663.79,37740.72,1092.95438,2022-04-30 23:15:00
1651361400000,37740.71,37884.87,37640.0,37691.99,727.71432,2022-04-30 23:30:00
1651362300000,37691.98,37764.9,37588.0,37630.8,721.67087,2022-04-30 23:45:00
