timestamp,open,high,low,close,volume,datetime
1646092800000,43160.0,43608.0,43155.68,43373.48,1251.96458,2022-03-01 00:00:00
1646093700000,43373.47,43400.0,43173.17,43377.95,562.94133,2022-03-01 00:15:00
1646094600000,43377.96,43545.14,43300.01,43525.23,830.92447,2022-03-01 00:30:00
1646095500000,43525.23,43750.0,43329.81,43560.0,830.28309,2022-03-01 00:45:00
1646096400000,43560.01,43630.09,43263.95,43288.83,678.29343,2022-03-01 01:00:00
1646097300000,43288.84,43383.63,43222.22,43278.14,733.92654,2022-03-01 01:15:00
1646098200000,43278.13,43438.3,43252.5,43387.96,504.69556,2022-03-01 01:30:00
1646099100000,43387.97,43400.0,43225.67,43259.9,392.96698,2022-03-01 01:45:00
1646100000000,43259.89,43292.6,43032.04,43084.84,792.61586,2022-03-01 02:00:00
1646100900000,43084.84,43218.35,42951.84,43050.98,706.54022,2022-03-01 02:15:00
1646101800000,43050.97,43130.0,42977.41,43113.74,427.34965,2022-03-01 02:30:00
1646102700000,43113.74,43196.84,43069.86,43160.01,433.3803,2022-03-01 02:45:00
1646103600000,43160.01,43178.31,42945.48,42954.96,360.11295,2022-03-01 03:00:00
1646104500000,42954.95,43076.84,42855.2,43060.0,499.7721,2022-03-01 03:15:00
1646105400000,43059.99,43096.61,42978.71,43077.01,453.72053,2022-03-01 03:30:00
1646106300000,43077.02,43180.0,43058.32,43147.71,445.57809,2022-03-01 03:45:00
1646107200000,43147.71,43288.11,43073.67,43279.78,303.75809,2022-03-01 04:00:00
1646108100000,43279.77,43283.02,43123.4,43226.14,464.83294,2022-03-01 04:15:00
1646109000000,43226.15,43307.72,43182.56,43244.72,290.52697,2022-03-01 04:30:00
1646109900000,43244.72,43400.0,43240.28,43336.26,496.62055,2022-03-01 04:45:00
1646110800000,43336.26,43396.12,43220.04,43280.0,284.27482,2022-03-01 05:00:00
1646111700000,43279.99,43286.58,43166.77,43226.65,251.76077,2022-03-01 05:15:00
1646112600000,43226.64,43246.3,43153.7,43175.22,252.73827,2022-03-01 05:30:00
1646113500000,43175.22,43263.08,43145.6,43210.25,228.39375,2022-03-01 05:45:00
1646114400000,43210.26,43216.1,43040.15,43156.71,396.47792,2022-03-01 06:00:00
1646115300000,43156.71,43362.88,43153.33,43337.01,304.54899,2022-03-01 06:15:00
1646116200000,43337.01,43449.3,43233.0,43266.91,541.72677,2022-03-01 06:30:00
1646117100000,43266.9,43484.16,43266.9,43453.28,362.69426,2022-03-01 06:45:00
1646118000000,43453.29,43562.35,43430.0,43535.4,526.51652,2022-03-01 07:00:00
1646118900000,43535.41,43535.92,43340.69,43411.53,423.62617,2022-03-01 07:15:00
1646119800000,43411.53,43450.0,43288.69,43300.0,320.56172,2022-03-01 07:30:00
1646120700000,43300.0,43498.73,43295.01,43492.96,224.06533,2022-03-01 07:45:00
1646121600000,43492.96,43532.44,43427.3,43468.89,405.75515,2022-03-01 08:00:00
1646122500000,43468.9,43716.69,43310.85,43506.49,1136.92144,2022-03-01 08:15:00
1646123400000,43506.5,43598.4,43392.17,43563.59,488.2095,2022-03-01 08:30:00
1646124300000,43563.59,43633.96,43392.0,43492.24,456.28711,2022-03-01 08:45:00
1646125200000,43492.24,43500.85,43352.0,43367.3,579.97713,2022-03-01 09:00:00
1646126100000,43367.3,43469.98,43316.46,43348.49,356.40801,2022-03-01 09:15:00
1646127000000,43348.49,43348.5,43138.16,43234.3,635.99678,2022-03-01 09:30:00
1646127900000,43234.29,43340.0,43215.04,43258.34,260.31596,2022-03-01 09:45:00
1646128800000,43258.33,43309.09,42809.98,43065.88,977.22036,2022-03-01 10:00:00
1646129700000,43065.88,43200.0,43027.74,43099.57,470.87657,2022-03-01 10:15:00
1646130600000,43099.56,43343.9,43051.51,43310.47,383.19841,2022-03-01 10:30:00
1646131500000,43310.47,43584.0,43259.35,43578.87,1060.6888,2022-03-01 10:45:00
1646132400000,43578.88,43728.74,43458.86,43515.19,597.09912,2022-03-01 11:00:00
1646133300000,43515.18,43887.0,43477.4,43578.52,1025.35438,2022-03-01 11:15:00
1646134200000,43578.51,43718.16,43458.63,43499.99,446.94747,2022-03-01 11:30:00
1646135100000,43499.99,43620.0,43350.0,43609.96,678.15042,2022-03-01 11:45:00
1646136000000,43609.96,44000.0,43574.9,43946.76,1118.06852,2022-03-01 12:00:00
1646136900000,43946.76,44539.53,43871.97,44479.16,2648.04297,2022-03-01 12:15:00
1646137800000,44479.16,44495.42,44075.43,44332.01,1179.4271,2022-03-01 12:30:00
1646138700000,44332.01,44689.8,44250.01,44640.38,1649.69751,2022-03-01 12:45:00
1646139600000,44641.01,44949.0,44557.51,44672.05,2310.68599,2022-03-01 13:00:00
1646140500000,44672.05,44773.86,44490.0,44528.92,1527.76806,2022-03-01 13:15:00
1646141400000,44528.92,44670.44,44448.47,44469.75,870.10661,2022-03-01 13:30:00
1646142300000,44469.76,44665.29,44416.04,44416.04,807.61994,2022-03-01 13:45:00
1646143200000,44416.05,44594.69,44350.1,44564.14,818.1466,2022-03-01 14:00:00
1646144100000,44564.14,44664.19,44433.53,44435.87,623.41169,2022-03-01 14:15:00
1646145000000,44435.86,44544.04,43718.03,44149.0,2033.69845,2022-03-01 14:30:00
1646145900000,44149.01,44200.0,43717.57,43808.86,1186.07066,2022-03-01 14:45:00
1646146800000,43808.86,43977.84,43534.77,43719.06,1311.33132,2022-03-01 15:00:00
1646147700000,43719.07,44073.0,43717.16,43900.0,931.8917,2022-03-01 15:15:00
1646148600000,43899.99,43950.0,43525.96,43552.73,720.43829,2022-03-01 15:30:00
1646149500000,43552.73,43682.35,43350.0,43643.69,1322.48683,2022-03-01 15:45:00
1646150400000,43643.69,43710.99,43111.46,43665.25,1039.55586,2022-03-01 16:00:00
1646151300000,43665.25,44078.65,43600.0,43619.51,839.66092,2022-03-01 16:15:00
1646152200000,43619.51,43629.79,43345.62,43479.86,706.53783,2022-03-01 16:30:00
1646153100000,43479.86,43479.87,43220.61,43385.53,821.55859,2022-03-01 16:45:00
1646154000000,43385.54,43495.0,43240.23,43467.89,792.41627,2022-03-01 17:00:00
1646154900000,43467.89,43568.35,43423.11,43477.39,584.127,2022-03-01 17:15:00
1646155800000,43477.39,43588.59,43391.16,43568.0,417.05551,2022-03-01 17:30:00
1646156700000,43567.99,43850.0,43547.97,43643.84,528.68832,2022-03-01 17:45:00
1646157600000,43643.85,43737.88,43420.77,43508.91,417.76531,2022-03-01 18:00:00
1646158500000,43508.92,43604.08,43464.12,43520.37,237.96309,2022-03-01 18:15:00
1646159400000,43520.37,43764.98,43503.27,43762.0,448.24778,2022-03-01 18:30:00
1646160300000,43762.0,43881.6,43739.03,43803.01,417.92713,2022-03-01 18:45:00
1646161200000,43803.01,43828.84,43680.0,43715.81,310.34989,2022-03-01 19:00:00
1646162100000,43715.82,44063.22,43679.46,43962.0,584.43938,2022-03-01 19:15:00
1646163000000,43962.01,43978.6,43790.0,43852.45,346.88257,2022-03-01 19:30:00
1646163900000,43852.45,43869.3,43664.36,43719.49,292.36955,2022-03-01 19:45:00
1646164800000,43719.49,43991.86,43684.16,43879.35,423.65581,2022-03-01 20:00:00
1646165700000,43879.35,43971.01,43745.0,43864.69,331.41169,2022-03-01 20:15:00
1646166600000,43864.7,44102.55,43806.0,43904.97,461.74325,2022-03-01 20:30:00
1646167500000,43904.97,44102.61,43869.52,44084.63,484.85348,2022-03-01 20:45:00
1646168400000,44084.63,44259.18,43931.87,43953.09,541.72549,2022-03-01 21:00:00
1646169300000,43953.09,44400.1,43731.54,44017.06,993.07017,2022-03-01 21:15:00
1646170200000,44017.06,44050.73,43783.93,43796.81,299.78632,2022-03-01 21:30:00
1646171100000,43796.81,43919.0,43748.93,43882.75,240.43719,2022-03-01 21:45:00
1646172000000,43882.76,43884.95,43758.33,43842.7,166.34097,2022-03-01 22:00:00
1646172900000,43842.69,43969.8,43839.34,43955.01,156.86014,2022-03-01 22:15:00
1646173800000,43955.01,44181.57,43910.04,44147.96,234.55447,2022-03-01 22:30:00
1646174700000,44147.96,44219.0,44030.87,44156.77,394.62775,2022-03-01 22:45:00
1646175600000,44156.77,44266.0,44057.49,44124.8,270.17096,2022-03-01 23:00:00
1646176500000,44124.81,44209.0,44079.37,44129.94,252.5154,2022-03-01 23:15:00
1646177400000,44129.95,44400.0,44101.59,44396.91,512.80238,2022-03-01 23:30:00
1646178300000,44396.91,44506.65,44329.93,44421.2,596.50989,2022-03-01 23:45:00
1646179200000,44421.2,44750.0,44281.42,44587.98,1145.48107,2022-03-02 00:00:00
1646180100000,44587.97,44587.98,44132.48,44233.7,926.65936,2022-03-02 00:15:00
1646181000000,44233.7,44242.97,43924.23,44150.93,698.87069,2022-03-02 00:30:00
1646181900000,44150.93,44300.0,44105.74,44280.0,417.02569,2022-03-02 00:45:00
1646182800000,44280.0,44390.4,44207.75,44258.75,450.88861,2022-03-02 01:00:00
1646183700000,44258.76,44277.77,43843.51,43914.25,705.65388,2022-03-02 01:15:00
1646184600000,43914.25,44048.95,43835.16,43883.46,553.66975,2022-03-02 01:30:00
1646185500000,43883.46,44057.82,43819.97,44027.69,342.08742,2022-03-02 01:45:00
1646186400000,44027.69,44120.66,43847.35,44080.16,491.19533,2022-03-02 02:00:00
1646187300000,44080.17,44084.33,43904.7,44021.65,332.10292,2022-03-02 02:15:00
1646188200000,44021.66,44128.49,44021.65,44109.71,202.14862,2022-03-02 02:30:00
1646189100000,44109.7,44288.16,43980.0,44224.41,616.69134,2022-03-02 02:45:00
1646190000000,44224.4,44310.0,44174.38,44265.09,326.18199,2022-03-02 03:00:00
1646190900000,44265.09,44284.63,44084.67,44142.82,480.13428,2022-03-02 03:15:00
1646191800000,44142.82,44499.42,44103.9,44434.82,767.99325,2022-03-02 03:30:00
1646192700000,44434.82,44554.21,44313.67,44324.65,658.93433,2022-03-02 03:45:00
1646193600000,44324.64,44512.08,44235.13,44392.88,706.24521,2022-03-02 04:00:00
1646194500000,44392.88,44534.79,44294.39,44421.68,593.67455,2022-03-02 04:15:00
1646195400000,44421.69,44522.47,44366.64,44395.95,379.56154,2022-03-02 04:30:00
1646196300000,44395.95,44419.95,44136.47,44248.56,507.53993,2022-03-02 04:45:00
1646197200000,44248.57,44304.81,44151.28,44247.22,410.39553,2022-03-02 05:00:00
1646198100000,44247.22,44355.29,44075.36,44142.94,441.46777,2022-03-02 05:15:00
1646199000000,44142.94,44255.12,44113.05,44248.53,290.13119,2022-03-02 05:30:00
1646199900000,44248.54,44299.99,44209.08,44269.18,243.06092,2022-03-02 05:45:00
1646200800000,44269.18,44375.61,44175.0,44175.0,280.80002,2022-03-02 06:00:00
1646201700000,44175.0,44219.63,44063.1,44120.43,373.63078,2022-03-02 06:15:00
1646202600000,44120.43,44145.1,44010.82,44052.35,358.76128,2022-03-02 06:30:00
1646203500000,44052.36,44094.53,43880.61,43927.27,454.73896,2022-03-02 06:45:00
1646204400000,43927.27,43965.67,43734.78,43800.95,561.00168,2022-03-02 07:00:00
1646205300000,43800.95,43898.75,43653.63,43880.21,761.66345,2022-03-02 07:15:00
1646206200000,43880.21,43950.53,43829.57,43910.9,403.72617,2022-03-02 07:30:00
1646207100000,43910.89,43987.03,43858.89,43973.09,418.01127,2022-03-02 07:45:00
1646208000000,43973.09,44048.57,43738.27,43938.72,647.82615,2022-03-02 08:00:00
1646208900000,43938.73,44295.39,43932.3,44170.47,747.17364,2022-03-02 08:15:00
1646209800000,44170.46,44228.0,44070.48,44105.11,301.63204,2022-03-02 08:30:00
1646210700000,44105.1,44109.01,43796.71,43839.99,458.25569,2022-03-02 08:45:00
1646211600000,43840.0,43965.67,43760.12,43862.98,346.50869,2022-03-02 09:00:00
1646212500000,43862.97,43977.3,43800.0,43849.41,395.99512,2022-03-02 09:15:00
1646213400000,43849.4,44164.26,43780.19,43971.1,1045.42106,2022-03-02 09:30:00
1646214300000,43971.1,44050.0,43860.22,43907.5,392.2506,2022-03-02 09:45:00
1646215200000,43907.5,44100.0,43854.55,44078.65,398.20383,2022-03-02 10:00:00
1646216100000,44078.64,44180.0,44012.68,44111.25,388.98406,2022-03-02 10:15:00
1646217000000,44111.24,44341.25,44096.39,44200.38,476.3805,2022-03-02 10:30:00
1646217900000,44200.39,44229.05,44100.35,44139.45,285.00176,2022-03-02 10:45:00
1646218800000,44139.45,44246.23,44027.98,44177.05,351.99842,2022-03-02 11:00:00
1646219700000,44177.05,44196.99,43987.12,44125.14,357.10368,2022-03-02 11:15:00
1646220600000,44125.14,44206.96,44044.0,44206.95,272.61257,2022-03-02 11:30:00
1646221500000,44206.96,44206.96,44071.44,44103.28,287.53212,2022-03-02 11:45:00
1646222400000,44103.29,44216.15,44063.7,44215.05,315.94474,2022-03-02 12:00:00
1646223300000,44215.05,44350.0,43880.0,43940.35,815.29708,2022-03-02 12:15:00
1646224200000,43940.36,43993.84,43784.85,43918.36,586.98015,2022-03-02 12:30:00
1646225100000,43918.36,44110.26,43840.95,44005.36,355.24643,2022-03-02 12:45:00
1646226000000,44005.37,44040.48,43793.95,43840.99,398.46212,2022-03-02 13:00:00
1646226900000,43841.0,43857.99,43522.76,43706.91,1061.91067,2022-03-02 13:15:00
1646227800000,43706.91,43822.86,43334.09,43408.3,1233.46325,2022-03-02 13:30:00
1646228700000,43408.3,43574.46,43348.6,43525.3,676.35435,2022-03-02 13:45:00
1646229600000,43525.29,43678.89,43496.53,43666.56,474.64755,2022-03-02 14:00:00
1646230500000,43666.56,43799.98,43621.79,43730.01,403.99449,2022-03-02 14:15:00
1646231400000,43730.0,44867.05,43644.27,44800.0,2422.61747,2022-03-02 14:30:00
1646232300000,44800.0,44854.52,44517.5,44819.4,2148.43383,2022-03-02 14:45:00
1646233200000,44819.39,45400.0,44000.0,44077.01,5456.88339,2022-03-02 15:00:00
1646234100000,44077.02,44495.99,43800.0,44389.06,2089.54761,2022-03-02 15:15:00
1646235000000,44389.06,44758.69,44049.16,44180.65,2159.30947,2022-03-02 15:30:00
1646235900000,44180.65,44272.72,44050.0,44126.52,760.50962,2022-03-02 15:45:00
1646236800000,44126.51,44385.1,43954.94,44368.45,1205.14654,2022-03-02 16:00:00
1646237700000,44368.46,44498.02,44200.0,44323.01,664.38844,2022-03-02 16:15:00
1646238600000,44323.01,44458.8,44249.94,44298.27,601.2191,2022-03-02 16:30:00
1646239500000,44298.26,44371.81,44188.07,44243.19,278.89093,2022-03-02 16:45:00
1646240400000,44243.19,44438.1,44168.67,44314.1,409.37119,2022-03-02 17:00:00
1646241300000,44314.09,44328.13,44086.54,44123.05,507.63019,2022-03-02 17:15:00
1646242200000,44123.05,44202.27,44051.72,44122.09,321.88852,2022-03-02 17:30:00
1646243100000,44122.1,44173.37,43715.99,43750.18,891.08571,2022-03-02 17:45:00
1646244000000,43750.19,43934.4,43750.18,43886.95,358.39438,2022-03-02 18:00:00
1646244900000,43886.95,43902.77,43700.55,43822.41,379.17005,2022-03-02 18:15:00
1646245800000,43822.42,43897.72,43591.85,43637.06,471.13195,2022-03-02 18:30:00
1646246700000,43637.07,43675.18,43545.57,43600.0,559.74074,2022-03-02 18:45:00
1646247600000,43599.99,43754.48,43599.99,43657.54,362.37019,2022-03-02 19:00:00
1646248500000,43657.55,43678.07,43433.0,43523.86,616.24136,2022-03-02 19:15:00
1646249400000,43523.87,43753.23,43433.27,43721.81,488.22301,2022-03-02 19:30:00
1646250300000,43721.8,43817.0,43681.0,43704.42,362.23051,2022-03-02 19:45:00
1646251200000,43704.41,43799.63,43681.66,43708.97,359.34348,2022-03-02 20:00:00
1646252100000,43708.98,43768.35,43681.3,43749.37,203.65376,2022-03-02 20:15:00
1646253000000,43749.38,43854.68,43727.6,43798.51,217.07455,2022-03-02 20:30:00
1646253900000,43798.5,43899.0,43725.63,43803.31,302.43053,2022-03-02 20:45:00
1646254800000,43803.31,43807.66,43750.67,43757.48,159.96953,2022-03-02 21:00:00
1646255700000,43757.48,43880.96,43754.24,43786.68,246.22836,2022-03-02 21:15:00
1646256600000,43786.68,43823.82,43770.67,43818.41,140.22132,2022-03-02 21:30:00
1646257500000,43818.41,44099.82,43796.28,44068.55,531.06572,2022-03-02 21:45:00
1646258400000,44068.55,44380.0,43953.49,43999.99,674.66281,2022-03-02 22:00:00
1646259300000,44000.0,44098.09,43870.0,44052.11,282.09654,2022-03-02 22:15:00
1646260200000,44052.12,44196.71,43950.0,44148.27,181.76398,2022-03-02 22:30:00
1646261100000,44148.28,44214.66,44044.22,44067.4,220.47242,2022-03-02 22:45:00
1646262000000,44067.4,44159.74,44000.0,44075.55,205.75585,2022-03-02 23:00:00
1646262900000,44075.56,44200.01,43990.21,43990.22,266.46949,2022-03-02 23:15:00
1646263800000,43990.21,44039.71,43887.04,43938.4,252.43663,2022-03-02 23:30:00
1646264700000,43938.39,43958.2,43851.72,43892.98,249.2721,2022-03-02 23:45:00
1646265600000,43892.99,43961.11,43663.5,43701.57,603.19246,2022-03-03 00:00:00
1646266500000,43701.57,43890.08,43701.56,43877.46,264.02524,2022-03-03 00:15:00
1646267400000,43877.46,44000.88,43874.28,43949.99,289.03785,2022-03-03 00:30:00
1646268300000,43949.99,44063.15,43942.27,43978.76,250.99901,2022-03-03 00:45:00
1646269200000,43978.75,43993.85,43750.0,43767.36,258.86092,2022-03-03 01:00:00
1646270100000,43767.36,43900.57,43742.94,43880.74,277.88665,2022-03-03 01:15:00
1646271000000,43880.74,44026.68,43768.36,43788.38,267.46552,2022-03-03 01:30:00
1646271900000,43788.38,43844.67,43700.0,43825.88,256.80395,2022-03-03 01:45:00
1646272800000,43825.87,43829.91,43668.95,43729.0,208.04935,2022-03-03 02:00:00
1646273700000,43728.99,43796.72,43696.2,43756.43,137.00109,2022-03-03 02:15:00
1646274600000,43756.42,43834.94,43593.02,43786.05,360.10604,2022-03-03 02:30:00
1646275500000,43786.05,43817.46,43693.96,43790.01,206.35218,2022-03-03 02:45:00
1646276400000,43790.01,43843.25,43675.31,43716.9,228.10875,2022-03-03 03:00:00
1646277300000,43716.89,43770.0,43698.27,43724.49,157.20377,2022-03-03 03:15:00
1646278200000,43724.48,43806.49,43427.23,43474.68,1778.5428,2022-03-03 03:30:00
1646279100000,43474.67,43500.0,43193.52,43305.77,1804.94779,2022-03-03 03:45:00
1646280000000,43305.76,43459.66,43282.32,43356.28,436.53928,2022-03-03 04:00:00
1646280900000,43356.29,43481.52,43356.28,43405.19,256.68557,2022-03-03 04:15:00
1646281800000,43405.2,43440.67,43313.01,43338.74,178.844,2022-03-03 04:30:00
1646282700000,43338.74,43444.55,43249.83,43435.27,273.03941,2022-03-03 04:45:00
1646283600000,43435.27,43505.61,43387.84,43468.21,242.91649,2022-03-03 05:00:00
1646284500000,43468.2,43478.85,43374.69,43407.59,146.89051,2022-03-03 05:15:00
1646285400000,43407.59,43407.6,43301.81,43315.5,174.6031,2022-03-03 05:30:00
1646286300000,43315.49,43402.03,43274.97,43316.87,318.3541,2022-03-03 05:45:00
1646287200000,43316.87,43359.24,42915.06,42971.38,1036.83796,2022-03-03 06:00:00
1646288100000,42971.86,43161.8,42943.61,43157.8,562.43483,2022-03-03 06:15:00
1646289000000,43157.79,43413.75,43085.56,43394.12,441.86666,2022-03-03 06:30:00
1646289900000,43394.13,43465.28,43340.0,43433.97,287.53395,2022-03-03 06:45:00
1646290800000,43433.97,43696.83,43412.04,43499.25,481.06026,2022-03-03 07:00:00
1646291700000,43499.26,43580.0,43374.34,43540.41,360.09287,2022-03-03 07:15:00
1646292600000,43540.42,43594.95,43405.56,43445.17,247.46922,2022-03-03 07:30:00
1646293500000,43445.16,43490.61,43340.36,43477.05,215.58445,2022-03-03 07:45:00
1646294400000,43477.04,43599.88,43429.26,43593.0,290.27108,2022-03-03 08:00:00
1646295300000,43593.0,43621.22,43443.51,43443.51,332.06195,2022-03-03 08:15:00
1646296200000,43443.52,43468.47,43266.85,43434.31,330.81542,2022-03-03 08:30:00
1646297100000,43434.31,43459.37,43343.47,43456.88,220.05423,2022-03-03 08:45:00
1646298000000,43456.88,43480.0,43266.66,43329.04,329.6224,2022-03-03 09:00:00
1646298900000,43329.04,43359.67,43236.36,43265.69,304.25935,2022-03-03 09:15:00
1646299800000,43265.69,43357.12,43128.31,43254.49,447.70123,2022-03-03 09:30:00
1646300700000,43254.48,43313.82,43095.93,43151.97,425.92999,2022-03-03 09:45:00
1646301600000,43151.98,43225.4,43123.12,43177.66,439.17855,2022-03-03 10:00:00
1646302500000,43177.67,43283.42,43170.64,43193.54,327.71263,2022-03-03 10:15:00
1646303400000,43193.55,43283.97,43064.46,43214.74,348.87163,2022-03-03 10:30:00
1646304300000,43214.74,43489.0,43207.2,43385.78,631.0491,2022-03-03 10:45:00
1646305200000,43387.01,43473.0,43295.7,43389.89,280.83861,2022-03-03 11:00:00
1646306100000,43389.9,43584.99,43389.89,43551.25,547.29762,2022-03-03 11:15:00
1646307000000,43551.26,43599.0,43436.92,43464.02,350.78558,2022-03-03 11:30:00
1646307900000,43464.02,43468.37,43369.0,43382.23,210.96121,2022-03-03 11:45:00
1646308800000,43382.23,43478.57,43307.47,43411.74,361.77636,2022-03-03 12:00:00
1646309700000,43411.74,43788.85,43411.74,43719.94,572.88299,2022-03-03 12:15:00
1646310600000,43719.94,43727.99,43542.37,43542.37,329.82533,2022-03-03 12:30:00
1646311500000,43542.38,43583.37,43450.19,43558.81,246.79932,2022-03-03 12:45:00
1646312400000,43558.82,43696.9,43491.98,43643.72,465.39761,2022-03-03 13:00:00
1646313300000,43643.71,43752.68,43591.91,43697.19,432.07938,2022-03-03 13:15:00
1646314200000,43697.19,43894.07,43655.14,43802.64,956.87844,2022-03-03 13:30:00
1646315100000,43802.64,44014.22,43728.0,43987.36,1145.36557,2022-03-03 13:45:00
1646316000000,43987.36,44101.12,43871.04,43907.17,1032.51063,2022-03-03 14:00:00
1646316900000,43907.17,43949.37,43780.0,43814.33,557.41228,2022-03-03 14:15:00
1646317800000,43814.33,43879.54,43550.0,43591.06,903.57119,2022-03-03 14:30:00
1646318700000,43591.06,43713.61,43344.0,43425.19,914.15997,2022-03-03 14:45:00
1646319600000,43425.18,43496.49,43160.0,43215.17,1005.09,2022-03-03 15:00:00
1646320500000,43215.18,43215.18,42980.55,43094.13,1824.86019,2022-03-03 15:15:00
1646321400000,43094.13,43149.51,42409.01,42482.58,3201.56158,2022-03-03 15:30:00
1646322300000,42482.59,42699.0,42348.56,42547.34,1524.92856,2022-03-03 15:45:00
1646323200000,42547.34,42588.88,42268.0,42372.08,1772.10724,2022-03-03 16:00:00
1646324100000,42372.08,42750.0,42361.0,42664.95,912.85095,2022-03-03 16:15:00
1646325000000,42664.96,42683.79,42400.0,42504.73,996.6447,2022-03-03 16:30:00
1646325900000,42504.73,42552.41,42305.0,42416.84,630.16421,2022-03-03 16:45:00
1646326800000,42416.83,42493.97,42310.0,42421.62,338.87156,2022-03-03 17:00:00
1646327700000,42421.62,42439.64,42078.82,42127.93,1060.63039,2022-03-03 17:15:00
1646328600000,42127.93,42567.71,42055.64,42460.9,960.30831,2022-03-03 17:30:00
1646329500000,42460.9,42521.94,42346.37,42398.35,455.15274,2022-03-03 17:45:00
1646330400000,42398.34,42521.89,42315.13,42481.01,449.32998,2022-03-03 18:00:00
1646331300000,42481.0,42524.3,42376.06,42402.92,239.72491,2022-03-03 18:15:00
1646332200000,42402.93,42402.93,42232.75,42260.0,343.1279,2022-03-03 18:30:00
1646333100000,42260.0,42430.04,42188.45,42256.74,574.27541,2022-03-03 18:45:00
1646334000000,42256.75,42403.11,42222.58,42384.89,408.73852,2022-03-03 19:00:00
1646334900000,42384.89,42418.0,42315.88,42375.97,231.4627,2022-03-03 19:15:00
1646335800000,42377.88,42389.99,42254.57,42265.94,228.82049,2022-03-03 19:30:00
1646336700000,42265.94,42276.97,42100.0,42226.74,414.1045,2022-03-03 19:45:00
1646337600000,42226.74,42271.8,42027.62,42076.37,584.0306,2022-03-03 20:00:00
1646338500000,42076.36,42241.79,42042.81,42234.27,428.0856,2022-03-03 20:15:00
1646339400000,42234.28,42242.8,41939.0,42100.51,782.64926,2022-03-03 20:30:00
1646340300000,42100.52,42117.27,41840.39,42030.31,1021.19786,2022-03-03 20:45:00
1646341200000,42030.32,42129.46,41832.28,42119.43,466.7874,2022-03-03 21:00:00
1646342100000,42119.42,42139.59,42003.59,42089.54,205.37239,2022-03-03 21:15:00
1646343000000,42089.53,42089.54,41900.0,41990.48,243.86474,2022-03-03 21:30:00
1646343900000,41990.48,42131.93,41881.81,42092.25,325.45144,2022-03-03 21:45:00
1646344800000,42093.5,42652.71,42077.74,42426.07,953.69461,2022-03-03 22:00:00
1646345700000,42426.07,42606.42,42350.75,42604.36,275.58873,2022-03-03 22:15:00
1646346600000,42604.35,42703.65,42506.88,42608.77,270.16565,2022-03-03 22:30:00
1646347500000,42612.76,42622.94,42455.82,42492.09,275.23606,2022-03-03 22:45:00
1646348400000,42492.09,42555.6,42380.85,42531.23,314.03342,2022-03-03 23:00:00
1646349300000,42531.22,42606.05,42511.43,42534.67,205.54727,2022-03-03 23:15:00
1646350200000,42534.66,42547.82,42424.76,42529.24,147.73876,2022-03-03 23:30:00
1646351100000,42529.24,42536.46,42420.18,42454.0,123.0059,2022-03-03 23:45:00
1646352000000,42454.0,42527.3,42247.38,42283.57,516.75341,2022-03-04 00:00:00
1646352900000,42283.57,42300.69,42117.11,42197.34,468.14141,2022-03-04 00:15:00
1646353800000,42197.33,42371.22,42105.8,42129.54,414.55035,2022-03-04 00:30:00
1646354700000,42129.53,42152.27,41509.94,41603.36,2149.91255,2022-03-04 00:45:00
1646355600000,41603.36,41683.42,41069.91,41310.77,2232.14668,2022-03-04 01:00:00
1646356500000,41310.78,41498.69,41200.0,41469.87,825.65792,2022-03-04 01:15:00
1646357400000,41469.88,41516.05,41342.12,41443.98,713.5575,2022-03-04 01:30:00
1646358300000,41443.98,41559.85,41300.01,41510.57,691.69734,2022-03-04 01:45:00
1646359200000,41510.58,41514.0,41360.37,41441.43,379.81003,2022-03-04 02:00:00
1646360100000,41441.44,41441.44,41350.23,41436.89,210.52256,2022-03-04 02:15:00
1646361000000,41436.9,41548.2,41371.04,41458.0,296.98334,2022-03-04 02:30:00
1646361900000,41458.0,41468.79,41395.72,41403.7,245.14003,2022-03-04 02:45:00
1646362800000,41403.7,41454.52,41353.8,41381.69,244.58189,2022-03-04 03:00:00
1646363700000,41381.69,41486.89,41215.32,41438.76,425.18911,2022-03-04 03:15:00
1646364600000,41438.77,41450.0,41326.54,41357.24,303.79237,2022-03-04 03:30:00
1646365500000,41357.24,41487.99,41335.88,41449.94,339.62853,2022-03-04 03:45:00
1646366400000,41449.93,41449.94,41292.06,41300.0,378.84651,2022-03-04 04:00:00
1646367300000,41299.99,41339.18,41100.0,41203.77,588.81146,2022-03-04 04:15:00
1646368200000,41203.76,41286.0,41142.04,41285.98,566.80409,2022-03-04 04:30:00
1646369100000,41285.98,41390.02,41285.98,41379.99,287.18576,2022-03-04 04:45:00
1646370000000,41379.99,41439.23,41327.51,41394.33,192.71117,2022-03-04 05:00:00
1646370900000,41394.32,41414.55,41290.4,41344.21,279.59227,2022-03-04 05:15:00
1646371800000,41344.21,41415.98,41292.01,41311.87,296.20781,2022-03-04 05:30:00
1646372700000,41311.86,41385.69,41242.91,41374.45,213.96636,2022-03-04 05:45:00
1646373600000,41374.45,41499.48,41362.54,41448.48,308.7528,2022-03-04 06:00:00
1646374500000,41448.49,41461.35,41342.6,41430.23,187.28656,2022-03-04 06:15:00
1646375400000,41430.22,41431.2,41333.02,41359.61,197.4821,2022-03-04 06:30:00
1646376300000,41359.6,41408.4,41264.1,41407.98,257.14002,2022-03-04 06:45:00
1646377200000,41407.98,41475.0,41284.94,41356.19,338.34587,2022-03-04 07:00:00
1646378100000,41356.19,41444.43,41294.59,41368.45,476.13511,2022-03-04 07:15:00
1646379000000,41368.46,41375.96,41282.73,41291.62,513.95445,2022-03-04 07:30:00
1646379900000,41291.61,41444.11,41288.0,41436.98,336.86775,2022-03-04 07:45:00
1646380800000,41436.98,41774.12,41405.76,41691.83,870.44808,2022-03-04 08:00:00
1646381700000,41691.83,41695.11,41290.0,41299.99,685.93958,2022-03-04 08:15:00
1646382600000,41300.0,41481.84,40863.01,41382.9,2211.38208,2022-03-04 08:30:00
1646383500000,41382.91,41611.71,41378.53,41589.99,695.65059,2022-03-04 08:45:00
1646384400000,41590.0,41846.61,41481.0,41490.99,756.90878,2022-03-04 09:00:00
1646385300000,41491.0,41727.0,41323.76,41689.88,763.33854,2022-03-04 09:15:00
1646386200000,41689.87,41745.53,41583.72,41642.16,350.90845,2022-03-04 09:30:00
1646387100000,41642.15,41691.12,41464.78,41522.29,365.45075,2022-03-04 09:45:00
1646388000000,41522.29,41650.0,41467.86,41649.99,241.38364,2022-03-04 10:00:00
1646388900000,41649.99,41744.0,41551.2,41669.63,439.63754,2022-03-04 10:15:00
1646389800000,41669.63,41790.0,41620.48,41719.32,574.73005,2022-03-04 10:30:00
1646390700000,41719.32,41759.18,41653.46,41676.57,244.55465,2022-03-04 10:45:00
1646391600000,41676.56,41737.32,41570.97,41636.21,271.0339,2022-03-04 11:00:00
1646392500000,41636.2,41706.24,41575.13,41706.24,208.79022,2022-03-04 11:15:00
1646393400000,41706.23,41790.86,41664.31,41693.5,300.52248,2022-03-04 11:30:00
1646394300000,41693.51,41904.88,41585.0,41662.07,545.89423,2022-03-04 11:45:00
1646395200000,41662.06,41762.43,41511.0,41570.13,385.65799,2022-03-04 12:00:00
1646396100000,41570.12,41629.97,41360.66,41394.5,507.465,2022-03-04 12:15:00
1646397000000,41394.49,41681.71,41340.23,41601.28,530.13296,2022-03-04 12:30:00
1646397900000,41599.99,41670.97,41393.65,41511.29,310.89954,2022-03-04 12:45:00
1646398800000,41511.3,41566.5,41362.47,41385.49,240.01095,2022-03-04 13:00:00
1646399700000,41385.48,41546.64,41385.48,41528.06,257.32805,2022-03-04 13:15:00
1646400600000,41528.06,41833.0,41255.0,41437.4,1248.01059,2022-03-04 13:30:00
1646401500000,41437.41,41501.32,41244.37,41315.76,662.0662,2022-03-04 13:45:00
1646402400000,41315.75,41382.76,41140.33,41181.73,592.23408,2022-03-04 14:00:00
1646403300000,41181.72,41379.74,40880.0,41337.55,1433.60123,2022-03-04 14:15:00
1646404200000,41337.54,41536.7,41140.37,41174.75,885.06194,2022-03-04 14:30:00
1646405100000,41174.74,41196.72,40590.42,41106.91,2494.17611,2022-03-04 14:45:00
1646406000000,41106.91,41250.0,40660.0,40767.4,1094.96877,2022-03-04 15:00:00
1646406900000,40767.4,40900.0,40550.04,40859.32,1509.28832,2022-03-04 15:15:00
1646407800000,40859.33,40963.31,40679.87,40706.83,704.74049,2022-03-04 15:30:00
1646408700000,40706.84,40803.43,40643.0,40694.32,833.37916,2022-03-04 15:45:00
1646409600000,40694.32,40809.53,40414.24,40586.93,1912.1466,2022-03-04 16:00:00
1646410500000,40586.93,40711.36,40538.84,40674.59,544.10779,2022-03-04 16:15:00
1646411400000,40674.6,40800.0,40531.01,40774.99,677.5638,2022-03-04 16:30:00
1646412300000,40775.0,40827.0,40723.06,40754.4,429.12685,2022-03-04 16:45:00
1646413200000,40754.41,40930.34,40668.32,40911.35,605.0494,2022-03-04 17:00:00
1646414100000,40911.34,40958.66,40801.0,40869.43,410.63668,2022-03-04 17:15:00
1646415000000,40869.44,40909.0,40695.88,40706.59,322.78703,2022-03-04 17:30:00
1646415900000,40706.6,40879.05,40691.3,40840.53,252.54949,2022-03-04 17:45:00
1646416800000,40840.53,40926.39,40806.46,40806.47,281.89222,2022-03-04 18:00:00
1646417700000,40806.47,40848.99,40724.08,40767.27,276.39183,2022-03-04 18:15:00
1646418600000,40767.26,40837.85,40634.22,40667.59,290.97038,2022-03-04 18:30:00
1646419500000,40667.59,40715.23,40561.99,40605.88,255.33561,2022-03-04 18:45:00
1646420400000,40605.88,40650.0,40136.97,40203.38,1406.12275,2022-03-04 19:00:00
1646421300000,40203.38,40333.0,40135.76,40280.7,596.56496,2022-03-04 19:15:00
1646422200000,40281.28,40333.0,40075.89,40099.83,493.78912,2022-03-04 19:30:00
1646423100000,40099.83,40105.59,39665.72,39782.13,1758.58442,2022-03-04 19:45:00
1646424000000,39782.13,39879.48,39524.87,39609.86,1160.82265,2022-03-04 20:00:00
1646424900000,39609.86,39643.45,39061.53,39406.04,2011.13508,2022-03-04 20:15:00
1646425800000,39406.05,39570.99,39281.84,39457.34,778.29254,2022-03-04 20:30:00
1646426700000,39457.35,39617.01,39380.59,39469.36,562.69336,2022-03-04 20:45:00
1646427600000,39469.36,39556.68,39289.0,39350.69,621.57968,2022-03-04 21:00:00
1646428500000,39350.7,39423.72,39200.0,39347.33,402.47232,2022-03-04 21:15:00
1646429400000,39347.34,39630.94,39230.75,39504.58,601.78119,2022-03-04 21:30:00
1646430300000,39504.58,39534.42,39359.31,39394.46,312.10176,2022-03-04 21:45:00
1646431200000,39392.83,39473.07,39222.71,39232.36,321.39071,2022-03-04 22:00:00
1646432100000,39232.36,39258.88,38650.0,38651.8,1624.97744,2022-03-04 22:15:00
1646433000000,38651.8,38896.36,38550.0,38859.21,877.02721,2022-03-04 22:30:00
1646433900000,38859.21,39063.65,38758.23,39004.73,836.0433,2022-03-04 22:45:00
1646434800000,39004.73,39073.56,38905.1,38972.35,651.37873,2022-03-04 23:00:00
1646435700000,38972.34,39090.67,38838.9,39022.76,659.00274,2022-03-04 23:15:00
1646436600000,39022.76,39247.76,39008.7,39215.94,480.24796,2022-03-04 23:30:00
1646437500000,39215.94,39217.75,39086.93,39148.66,456.36933,2022-03-04 23:45:00
1646438400000,39148.65,39197.94,38901.58,39070.36,955.95532,2022-03-05 00:00:00
1646439300000,39070.36,39110.21,38914.07,39038.55,592.96029,2022-03-05 00:15:00
1646440200000,39038.55,39047.57,38723.33,38761.93,760.04909,2022-03-05 00:30:00
1646441100000,38761.92,38943.43,38737.0,38744.0,469.06014,2022-03-05 00:45:00
1646442000000,38743.99,39046.21,38564.04,39040.15,1014.09445,2022-03-05 01:00:00
1646442900000,39040.15,39066.0,38888.19,38966.38,585.16264,2022-03-05 01:15:00
1646443800000,38966.37,39081.0,38792.9,39059.8,455.80885,2022-03-05 01:30:00
1646444700000,39059.79,39069.15,38945.04,38987.24,260.48009,2022-03-05 01:45:00
1646445600000,38987.25,39064.26,38935.05,39043.17,273.3737,2022-03-05 02:00:00
1646446500000,39043.16,39043.17,38884.07,38907.85,323.73846,2022-03-05 02:15:00
1646447400000,38907.85,38954.12,38827.77,38859.45,274.52342,2022-03-05 02:30:00
1646448300000,38858.52,38951.85,38855.56,38866.23,201.92457,2022-03-05 02:45:00
1646449200000,38866.24,38997.79,38831.16,38913.81,223.99568,2022-03-05 03:00:00
1646450100000,38913.81,39071.67,38913.78,39024.68,268.46362,2022-03-05 03:15:00
1646451000000,39024.67,39119.12,39012.88,39061.14,249.55848,2022-03-05 03:30:00
1646451900000,39061.14,39086.8,39020.21,39050.62,266.58455,2022-03-05 03:45:00
1646452800000,39050.61,39100.81,38910.25,38929.22,305.83084,2022-03-05 04:00:00
1646453700000,38929.22,38940.17,38870.0,38883.35,203.89713,2022-03-05 04:15:00
1646454600000,38883.35,38950.0,38727.0,38915.84,310.78109,2022-03-05 04:30:00
1646455500000,38915.84,38918.47,38407.59,38856.33,1008.51025,2022-03-05 04:45:00
1646456400000,38856.32,38933.88,38801.4,38844.61,217.85017,2022-03-05 05:00:00
1646457300000,38844.6,38948.38,38806.77,38913.57,237.72438,2022-03-05 05:15:00
1646458200000,38913.56,38976.35,38877.44,38881.48,275.07285,2022-03-05 05:30:00
1646459100000,38881.49,39021.62,38872.2,39007.05,326.39711,2022-03-05 05:45:00
1646460000000,39007.06,39090.01,38952.0,39080.85,371.99938,2022-03-05 06:00:00
1646460900000,39080.84,39104.62,38978.15,39029.59,284.93604,2022-03-05 06:15:00
1646461800000,39029.59,39072.84,39000.1,39014.1,201.18522,2022-03-05 06:30:00
1646462700000,39014.09,39018.88,38936.61,38981.86,220.1683,2022-03-05 06:45:00
1646463600000,38981.86,39071.51,38947.52,39063.93,246.89227,2022-03-05 07:00:00
1646464500000,39063.94,39140.51,39042.95,39088.03,320.62858,2022-03-05 07:15:00
1646465400000,39088.04,39088.04,39039.56,39084.12,168.19692,2022-03-05 07:30:00
1646466300000,39084.13,39125.1,38987.23,39016.73,318.73483,2022-03-05 07:45:00
1646467200000,39016.74,39051.36,38992.54,39003.12,194.62659,2022-03-05 08:00:00
1646468100000,39003.13,39030.0,38948.91,38979.3,178.83754,2022-03-05 08:15:00
1646469000000,38979.3,39198.99,38979.29,39198.98,329.89188,2022-03-05 08:30:00
1646469900000,39198.99,39200.0,39059.21,39082.01,372.22808,2022-03-05 08:45:00
1646470800000,39082.02,39111.42,38970.0,39001.83,407.36226,2022-03-05 09:00:00
1646471700000,39001.83,39109.46,38970.0,39070.17,259.15247,2022-03-05 09:15:00
1646472600000,39070.16,39075.08,38997.31,39034.66,197.45441,2022-03-05 09:30:00
1646473500000,39034.67,39046.16,38982.95,39036.75,253.36244,2022-03-05 09:45:00
1646474400000,39036.75,39144.36,38784.69,39101.82,825.71577,2022-03-05 10:00:00
1646475300000,39101.82,39169.31,38916.11,38941.93,414.60624,2022-03-05 10:15:00
1646476200000,38941.93,39041.9,38894.4,39041.41,258.11065,2022-03-05 10:30:00
1646477100000,39041.41,39157.84,39020.36,39138.99,227.97373,2022-03-05 10:45:00
1646478000000,39138.85,39294.47,39086.11,39180.01,495.01076,2022-03-05 11:00:00
1646478900000,39180.02,39231.79,39100.0,39160.0,296.5664,2022-03-05 11:15:00
1646479800000,39160.0,39160.0,39062.19,39118.21,301.9905,2022-03-05 11:30:00
1646480700000,39118.21,39161.62,39095.0,39129.59,140.28276,2022-03-05 11:45:00
1646481600000,39129.58,39238.42,39090.92,39155.97,455.30604,2022-03-05 12:00:00
1646482500000,39155.97,39272.57,39151.73,39234.7,291.40653,2022-03-05 12:15:00
1646483400000,39234.71,39371.15,39157.93,39158.7,395.9094,2022-03-05 12:30:00
1646484300000,39158.7,39218.23,39036.33,39069.55,428.31376,2022-03-05 12:45:00
1646485200000,39069.54,39095.91,38956.28,39019.06,331.36814,2022-03-05 13:00:00
1646486100000,39019.06,39060.33,38981.84,39012.82,298.13522,2022-03-05 13:15:00
1646487000000,39012.81,39086.7,38889.75,39009.98,311.64637,2022-03-05 13:30:00
1646487900000,39009.97,39058.64,38936.89,39008.04,246.37553,2022-03-05 13:45:00
1646488800000,39008.04,39054.75,38924.83,39050.7,343.61002,2022-03-05 14:00:00
1646489700000,39050.7,39147.39,39030.18,39050.41,260.71873,2022-03-05 14:15:00
1646490600000,39050.41,39128.65,39030.36,39114.88,144.75068,2022-03-05 14:30:00
1646491500000,39114.88,39161.0,39077.69,39115.73,180.99095,2022-03-05 14:45:00
1646492400000,39115.74,39188.23,39100.0,39155.62,183.9916,2022-03-05 15:00:00
1646493300000,39155.62,39185.93,39060.0,39135.1,210.79826,2022-03-05 15:15:00
1646494200000,39135.1,39175.91,39094.31,39106.46,181.67138,2022-03-05 15:30:00
1646495100000,39106.45,39189.77,39098.68,39160.01,122.09655,2022-03-05 15:45:00
1646496000000,39160.0,39199.9,39122.33,39168.19,244.30184,2022-03-05 16:00:00
1646496900000,39168.19,39277.7,39163.01,39264.25,289.92396,2022-03-05 16:15:00
1646497800000,39264.25,39510.0,39214.12,39491.86,785.85789,2022-03-05 16:30:00
1646498700000,39491.86,39613.24,39280.16,39334.06,1018.08778,2022-03-05 16:45:00
1646499600000,39334.07,39539.29,39307.04,39500.02,492.24505,2022-03-05 17:00:00
1646500500000,39500.01,39520.0,39436.9,39448.81,427.88445,2022-03-05 17:15:00
1646501400000,39448.71,39570.0,39410.41,39527.8,421.39811,2022-03-05 17:30:00
1646502300000,39527.81,39533.98,39408.9,39430.0,274.85836,2022-03-05 17:45:00
1646503200000,39430.0,39447.51,39327.34,39383.39,252.3078,2022-03-05 18:00:00
1646504100000,39383.38,39383.39,39274.91,39294.67,193.16266,2022-03-05 18:15:00
1646505000000,39294.67,39358.16,39256.84,39336.01,184.56223,2022-03-05 18:30:00
1646505900000,39336.0,39423.76,39333.24,39407.58,180.85361,2022-03-05 18:45:00
1646506800000,39407.58,39442.23,39353.36,39433.89,179.70831,2022-03-05 19:00:00
1646507700000,39433.9,39459.24,39381.11,39399.5,152.20238,2022-03-05 19:15:00
1646508600000,39399.5,39399.51,39349.54,39378.2,124.11782,2022-03-05 19:30:00
1646509500000,39378.2,39459.0,39366.51,39433.71,146.71237,2022-03-05 19:45:00
1646510400000,39433.71,39559.84,39391.24,39547.67,239.28816,2022-03-05 20:00:00
1646511300000,39547.67,39570.96,39440.0,39478.55,250.29029,2022-03-05 20:15:00
1646512200000,39478.54,39522.8,39400.0,39489.75,239.0371,2022-03-05 20:30:00
1646513100000,39489.75,39583.66,39446.05,39451.91,333.84784,2022-03-05 20:45:00
1646514000000,39451.92,39505.06,39400.0,39474.65,217.40096,2022-03-05 21:00:00
1646514900000,39474.64,39532.49,39461.71,39525.66,231.27747,2022-03-05 21:15:00
1646515800000,39525.65,39536.14,39457.07,39457.62,124.53097,2022-03-05 21:30:00
1646516700000,39457.62,39492.85,39345.12,39371.89,173.68396,2022-03-05 21:45:00
1646517600000,39371.9,39407.2,39294.0,39307.64,346.96265,2022-03-05 22:00:00
1646518500000,39307.65,39372.51,39281.23,39350.02,165.21461,2022-03-05 22:15:00
1646519400000,39350.02,39415.55,39336.58,39394.29,157.61263,2022-03-05 22:30:00
1646520300000,39396.98,39479.01,39384.21,39464.94,115.91867,2022-03-05 22:45:00
1646521200000,39464.93,39472.84,39326.59,39402.64,275.95606,2022-03-05 23:00:00
1646522100000,39402.63,39422.07,39332.11,39358.08,118.68119,2022-03-05 23:15:00
1646523000000,39358.08,39375.0,39328.56,39358.97,104.46959,2022-03-05 23:30:00
1646523900000,39358.96,39415.52,39348.1,39397.96,165.97629,2022-03-05 23:45:00
1646524800000,39397.97,39502.63,39345.82,39502.62,284.93628,2022-03-06 00:00:00
1646525700000,39502.62,39528.95,39453.22,39468.44,207.04708,2022-03-06 00:15:00
1646526600000,39468.43,39557.06,39458.89,39531.98,129.45523,2022-03-06 00:30:00
1646527500000,39531.98,39693.87,39489.86,39644.15,277.46737,2022-03-06 00:45:00
1646528400000,39644.16,39677.68,39520.31,39552.62,370.39457,2022-03-06 01:00:00
1646529300000,39552.62,39616.18,39552.61,39555.26,150.43847,2022-03-06 01:15:00
1646530200000,39555.26,39557.06,39432.0,39467.58,179.74366,2022-03-06 01:30:00
1646531100000,39467.57,39467.58,39429.51,39446.94,96.98714,2022-03-06 01:45:00
1646532000000,39446.94,39489.6,39357.66,39481.55,175.46356,2022-03-06 02:00:00
1646532900000,39481.55,39499.0,39422.16,39488.61,149.90455,2022-03-06 02:15:00
1646533800000,39488.61,39525.24,39455.9,39489.07,141.41315,2022-03-06 02:30:00
1646534700000,39489.06,39518.16,39463.44,39507.51,95.6944,2022-03-06 02:45:00
1646535600000,39507.5,39550.0,39456.53,39466.04,100.71045,2022-03-06 03:00:00
1646536500000,39466.04,39470.5,39389.05,39414.28,186.00453,2022-03-06 03:15:00
1646537400000,39414.28,39426.98,39275.0,39332.26,408.62829,2022-03-06 03:30:00
1646538300000,39332.27,39381.75,39276.31,39300.54,196.47858,2022-03-06 03:45:00
1646539200000,39300.53,39339.52,38814.73,38917.97,1432.88436,2022-03-06 04:00:00
1646540100000,38917.96,38975.47,38855.87,38962.4,292.81016,2022-03-06 04:15:00
1646541000000,38962.4,39568.73,38954.3,39425.31,864.0203,2022-03-06 04:30:00
1646541900000,39425.31,39587.62,39425.3,39467.95,507.84988,2022-03-06 04:45:00
1646542800000,39467.95,39656.89,39442.14,39526.41,334.59224,2022-03-06 05:00:00
1646543700000,39526.4,39560.75,39450.04,39453.08,159.05496,2022-03-06 05:15:00
1646544600000,39453.08,39494.67,39434.24,39455.09,118.09643,2022-03-06 05:30:00
1646545500000,39455.09,39552.07,39450.0,39486.44,151.11828,2022-03-06 05:45:00
1646546400000,39486.44,39595.26,39477.11,39541.11,152.46608,2022-03-06 06:00:00
1646547300000,39541.11,39606.96,39519.14,39523.68,161.97461,2022-03-06 06:15:00
1646548200000,39523.68,39538.75,39322.33,39489.12,431.45398,2022-03-06 06:30:00
1646549100000,39489.12,39489.13,39437.56,39472.27,146.96245,2022-03-06 06:45:00
1646550000000,39472.26,39512.09,39379.24,39382.1,191.85448,2022-03-06 07:00:00
1646550900000,39382.1,39438.34,39264.13,39421.26,256.34098,2022-03-06 07:15:00
1646551800000,39421.26,39469.81,39367.08,39409.68,152.03484,2022-03-06 07:30:00
1646552700000,39409.69,39467.01,39344.21,39387.57,181.57814,2022-03-06 07:45:00
1646553600000,39387.56,39387.57,39253.66,39333.27,313.69527,2022-03-06 08:00:00
1646554500000,39333.27,39360.78,39114.05,39312.25,492.04346,2022-03-06 08:15:00
1646555400000,39312.26,39342.25,39159.69,39210.07,268.78055,2022-03-06 08:30:00
1646556300000,39210.08,39239.9,39115.89,39141.41,239.90529,2022-03-06 08:45:00
1646557200000,39141.42,39189.17,39050.82,39161.52,345.66614,2022-03-06 09:00:00
1646558100000,39161.52,39164.29,38705.58,38844.1,1024.19248,2022-03-06 09:15:00
1646559000000,38844.1,38922.18,38762.82,38870.43,369.24198,2022-03-06 09:30:00
1646559900000,38870.44,38870.44,38623.93,38678.3,698.16754,2022-03-06 09:45:00
1646560800000,38678.3,38728.6,38233.02,38331.74,2225.69654,2022-03-06 10:00:00
1646561700000,38331.74,38429.98,38131.3,38360.46,1027.97373,2022-03-06 10:15:00
1646562600000,38360.47,38407.53,38273.88,38351.19,629.74204,2022-03-06 10:30:00
1646563500000,38351.18,38390.0,38194.53,38256.6,470.9916,2022-03-06 10:45:00
1646564400000,38256.6,38295.17,38088.57,38212.54,606.92605,2022-03-06 11:00:00
1646565300000,38212.54,38249.34,38112.19,38215.78,369.58592,2022-03-06 11:15:00
1646566200000,38215.77,38379.98,38215.77,38245.01,450.04249,2022-03-06 11:30:00
1646567100000,38245.02,38386.94,38244.06,38352.48,396.1458,2022-03-06 11:45:00
1646568000000,38352.48,38435.92,38296.12,38296.76,356.59462,2022-03-06 12:00:00
1646568900000,38296.17,38629.7,38296.17,38517.54,632.42617,2022-03-06 12:15:00
1646569800000,38517.54,38698.79,38408.31,38468.88,784.2404,2022-03-06 12:30:00
1646570700000,38468.89,38569.28,38407.79,38494.06,317.08685,2022-03-06 12:45:00
1646571600000,38494.06,38820.87,38494.06,38685.8,577.10486,2022-03-06 13:00:00
1646572500000,38685.79,38960.0,38685.79,38785.18,690.43821,2022-03-06 13:15:00
1646573400000,38785.18,38995.39,38785.17,38994.27,680.50856,2022-03-06 13:30:00
1646574300000,38994.27,39056.16,38861.14,38878.04,405.62005,2022-03-06 13:45:00
1646575200000,38878.05,38920.0,38719.88,38817.14,359.45867,2022-03-06 14:00:00
1646576100000,38817.15,38844.93,38686.78,38760.2,341.86304,2022-03-06 14:15:00
1646577000000,38760.21,38961.51,38723.7,38904.21,426.83605,2022-03-06 14:30:00
1646577900000,38904.21,38956.42,38800.0,38805.61,215.88093,2022-03-06 14:45:00
1646578800000,38805.61,38819.0,38650.0,38701.71,412.72002,2022-03-06 15:00:00
1646579700000,38701.72,38796.52,38618.92,38754.02,284.4073,2022-03-06 15:15:00
1646580600000,38754.02,38892.29,38683.38,38872.07,323.3846,2022-03-06 15:30:00
1646581500000,38872.07,38895.27,38791.19,38862.61,263.02607,2022-03-06 15:45:00
1646582400000,38862.62,39300.79,38733.37,39209.18,1090.01925,2022-03-06 16:00:00
1646583300000,39209.17,39320.0,39172.48,39285.38,654.67815,2022-03-06 16:15:00
1646584200000,39285.37,39368.4,39090.9,39141.78,441.31117,2022-03-06 16:30:00
1646585100000,39141.78,39251.57,39097.79,39211.05,205.46351,2022-03-06 16:45:00
1646586000000,39211.06,39250.91,38950.0,38971.62,485.89368,2022-03-06 17:00:00
1646586900000,38971.62,39047.36,38967.93,39009.68,225.22667,2022-03-06 17:15:00
1646587800000,39009.67,39030.43,38927.8,39030.42,200.1429,2022-03-06 17:30:00
1646588700000,39030.42,39030.43,38938.0,39004.28,160.81755,2022-03-06 17:45:00
1646589600000,39004.28,39135.3,38987.85,39082.53,119.76401,2022-03-06 18:00:00
1646590500000,39082.53,39119.53,39030.83,39069.76,201.39024,2022-03-06 18:15:00
1646591400000,39069.76,39069.77,38826.17,38847.51,433.08802,2022-03-06 18:30:00
1646592300000,38847.5,38886.49,38700.0,38886.48,529.02406,2022-03-06 18:45:00
1646593200000,38886.48,38900.0,38778.86,38804.45,159.04053,2022-03-06 19:00:00
1646594100000,38804.45,38921.7,38762.92,38867.25,193.16815,2022-03-06 19:15:00
1646595000000,38867.24,38908.56,38685.07,38690.73,254.34103,2022-03-06 19:30:00
1646595900000,38690.73,38742.9,38518.56,38670.66,512.29417,2022-03-06 19:45:00
1646596800000,38670.65,38782.08,38628.78,38749.9,207.85851,2022-03-06 20:00:00
1646597700000,38749.9,38862.01,38660.7,38782.09,329.86475,2022-03-06 20:15:00
1646598600000,38782.08,38864.42,38777.41,38847.28,235.94739,2022-03-06 20:30:00
1646599500000,38847.28,38926.32,38790.41,38854.99,252.57703,2022-03-06 20:45:00
1646600400000,38854.99,39273.79,38819.2,38997.05,990.57363,2022-03-06 21:00:00
1646601300000,38997.05,39117.51,38740.15,39102.85,704.84696,2022-03-06 21:15:00
1646602200000,39102.84,39163.42,38983.26,39012.82,312.11925,2022-03-06 21:30:00
1646603100000,39012.81,39045.0,38876.81,39020.11,358.97288,2022-03-06 21:45:00
1646604000000,39020.12,39190.8,38985.25,39110.35,416.44939,2022-03-06 22:00:00
1646604900000,39110.35,39198.38,39057.04,39153.2,256.7153,2022-03-06 22:15:00
1646605800000,39153.21,39200.0,39030.0,39031.33,181.41212,2022-03-06 22:30:00
1646606700000,39031.34,39090.25,38942.23,38974.11,200.376,2022-03-06 22:45:00
1646607600000,38974.11,39013.92,38468.93,38573.76,1006.08784,2022-03-06 23:00:00
1646608500000,38573.76,38619.19,38127.0,38226.29,1492.4277,2022-03-06 23:15:00
1646609400000,38226.28,38552.45,38187.12,38399.83,741.59487,2022-03-06 23:30:00
1646610300000,38399.82,38447.21,38300.0,38420.81,437.52211,2022-03-06 23:45:00
1646611200000,38420.8,38468.67,38237.58,38356.9,707.86389,2022-03-07 00:00:00
1646612100000,38356.91,38451.1,38005.0,38380.41,1171.52477,2022-03-07 00:15:00
1646613000000,38380.4,38537.1,38316.68,38316.68,638.32526,2022-03-07 00:30:00
1646613900000,38316.69,38417.18,38218.22,38403.63,616.89528,2022-03-07 00:45:00
1646614800000,38403.63,38479.0,38357.23,38423.39,338.9862,2022-03-07 01:00:00
1646615700000,38423.38,38530.26,38420.67,38465.0,434.26304,2022-03-07 01:15:00
1646616600000,38464.99,38555.85,38394.36,38476.58,381.9857,2022-03-07 01:30:00
1646617500000,38476.58,38491.19,38285.0,38324.69,334.1621,2022-03-07 01:45:00
1646618400000,38324.68,38372.21,38250.79,38286.43,301.37527,2022-03-07 02:00:00
1646619300000,38286.44,38350.13,37888.0,38027.49,1220.03634,2022-03-07 02:15:00
1646620200000,38027.49,38159.4,37953.51,38054.67,438.52153,2022-03-07 02:30:00
1646621100000,38054.67,38117.94,37584.12,37784.37,2034.05764,2022-03-07 02:45:00
1646622000000,37784.36,37811.78,37590.4,37606.83,910.90757,2022-03-07 03:00:00
1646622900000,37606.83,37908.08,37578.03,37855.61,744.50691,2022-03-07 03:15:00
1646623800000,37855.61,37947.38,37792.61,37884.12,417.66963,2022-03-07 03:30:00
1646624700000,37884.12,37972.17,37849.19,37869.45,279.28011,2022-03-07 03:45:00
1646625600000,37869.46,37915.38,37760.08,37831.13,486.91482,2022-03-07 04:00:00
1646626500000,37831.14,37916.1,37829.62,37910.81,277.4785,2022-03-07 04:15:00
1646627400000,37910.8,37973.27,37877.62,37918.63,214.85044,2022-03-07 04:30:00
1646628300000,37918.63,37973.2,37860.16,37930.18,222.03081,2022-03-07 04:45:00
1646629200000,37930.18,37947.72,37809.41,37920.72,264.30991,2022-03-07 05:00:00
1646630100000,37920.73,38247.48,37920.72,38057.69,607.73732,2022-03-07 05:15:00
1646631000000,38057.69,38158.25,37997.05,38102.15,413.4822,2022-03-07 05:30:00
1646631900000,38102.16,38131.02,38010.46,38024.18,237.26617,2022-03-07 05:45:00
1646632800000,38024.19,38088.28,37988.65,38016.02,250.97601,2022-03-07 06:00:00
1646633700000,38016.02,38158.0,38004.73,38120.52,219.56175,2022-03-07 06:15:00
1646634600000,38120.53,38214.16,38110.48,38150.4,334.34544,2022-03-07 06:30:00
1646635500000,38150.4,38198.32,38060.08,38162.47,446.79761,2022-03-07 06:45:00
1646636400000,38162.47,38210.34,38084.27,38157.14,299.24959,2022-03-07 07:00:00
1646637300000,38157.15,38198.54,38058.58,38064.46,287.97438,2022-03-07 07:15:00
1646638200000,38064.47,38097.59,37946.53,38004.51,579.81478,2022-03-07 07:30:00
1646639100000,38004.52,38017.18,37787.42,37895.24,394.48615,2022-03-07 07:45:00
1646640000000,37895.24,38058.07,37781.5,37935.56,563.42726,2022-03-07 08:00:00
1646640900000,37935.57,37964.67,37690.0,37816.79,637.35448,2022-03-07 08:15:00
1646641800000,37816.8,38046.97,37649.46,37976.44,723.76067,2022-03-07 08:30:00
1646642700000,37976.45,38207.64,37966.59,38160.12,526.69883,2022-03-07 08:45:00
1646643600000,38160.13,38394.21,38157.03,38319.38,713.7095,2022-03-07 09:00:00
1646644500000,38319.37,38320.44,38252.52,38259.95,282.94415,2022-03-07 09:15:00
1646645400000,38259.94,38259.95,38151.12,38215.75,360.19795,2022-03-07 09:30:00
1646646300000,38215.75,38262.97,38133.42,38152.18,233.8682,2022-03-07 09:45:00
1646647200000,38152.19,38230.23,38120.26,38204.59,314.74603,2022-03-07 10:00:00
1646648100000,38204.58,38262.54,38138.45,38162.36,276.7928,2022-03-07 10:15:00
1646649000000,38162.36,38290.0,38033.94,38223.15,605.78705,2022-03-07 10:30:00
1646649900000,38223.68,38223.68,37972.71,38018.91,465.20676,2022-03-07 10:45:00
1646650800000,38018.9,38158.62,37970.73,38139.75,424.63081,2022-03-07 11:00:00
1646651700000,38139.6,38282.0,38112.93,38232.66,349.03519,2022-03-07 11:15:00
1646652600000,38232.66,38356.79,38204.91,38294.56,341.96587,2022-03-07 11:30:00
1646653500000,38294.55,38399.54,38259.99,38337.05,388.69184,2022-03-07 11:45:00
1646654400000,38337.05,38558.92,38337.05,38461.78,764.47255,2022-03-07 12:00:00
1646655300000,38461.77,38723.68,38447.46,38676.0,1001.62147,2022-03-07 12:15:00
1646656200000,38675.99,38765.16,38591.89,38613.08,636.46587,2022-03-07 12:30:00
1646657100000,38613.08,38667.85,38546.68,38596.21,357.61967,2022-03-07 12:45:00
1646658000000,38596.22,38764.77,38531.2,38757.66,456.34403,2022-03-07 13:00:00
1646658900000,38757.66,38767.83,38642.06,38667.39,385.90584,2022-03-07 13:15:00
1646659800000,38667.38,39108.31,38641.41,39072.18,1381.33617,2022-03-07 13:30:00
1646660700000,39072.18,39183.49,38950.98,39025.77,1024.79935,2022-03-07 13:45:00
1646661600000,39025.78,39285.0,38909.3,39088.78,1039.00546,2022-03-07 14:00:00
1646662500000,39088.78,39232.93,39040.21,39212.66,583.07321,2022-03-07 14:15:00
1646663400000,39212.66,39255.81,38951.9,39015.06,1013.72325,2022-03-07 14:30:00
1646664300000,39015.06,39103.1,38847.16,38847.16,778.68853,2022-03-07 14:45:00
1646665200000,38847.17,39005.87,38776.81,38803.7,931.30084,2022-03-07 15:00:00
1646666100000,38803.7,38891.92,38631.0,38822.89,1046.28368,2022-03-07 15:15:00
1646667000000,38822.9,39199.41,38778.96,39043.62,1012.64718,2022-03-07 15:30:00
1646667900000,39043.62,39143.15,39008.54,39071.48,528.33496,2022-03-07 15:45:00
1646668800000,39071.49,39547.57,39055.48,39356.78,1444.68413,2022-03-07 16:00:00
1646669700000,39356.79,39465.0,39289.06,39389.34,660.04112,2022-03-07 16:15:00
1646670600000,39389.33,39430.01,38933.15,39023.95,1010.05679,2022-03-07 16:30:00
1646671500000,39023.94,39108.66,38752.65,38828.33,996.19059,2022-03-07 16:45:00
1646672400000,38828.33,38836.55,38594.96,38710.4,691.82417,2022-03-07 17:00:00
1646673300000,38710.4,38789.8,38648.16,38738.4,442.76238,2022-03-07 17:15:00
1646674200000,38738.4,38856.93,38526.6,38774.08,832.07385,2022-03-07 17:30:00
1646675100000,38774.08,38997.39,38580.39,38601.7,867.34316,2022-03-07 17:45:00
1646676000000,38601.7,38601.71,38007.0,38046.76,1932.22744,2022-03-07 18:00:00
1646676900000,38046.75,38135.74,37926.3,37996.06,1045.64194,2022-03-07 18:15:00
1646677800000,37996.05,38079.44,37776.21,38043.95,1031.08974,2022-03-07 18:30:00
1646678700000,38043.95,38156.0,37928.92,37979.79,492.57416,2022-03-07 18:45:00
1646679600000,37979.79,38033.87,37853.87,37968.29,506.3279,2022-03-07 19:00:00
1646680500000,37968.29,38020.6,37741.73,37829.04,674.35784,2022-03-07 19:15:00
1646681400000,37829.04,37829.05,37241.1,37347.81,2508.82134,2022-03-07 19:30:00
1646682300000,37347.8,37396.07,37192.78,37308.94,999.33501,2022-03-07 19:45:00
1646683200000,37308.94,37415.58,37155.0,37402.27,694.76115,2022-03-07 20:00:00
1646684100000,37402.28,37831.97,37352.21,37745.95,1006.74673,2022-03-07 20:15:00
1646685000000,37748.03,37750.0,37486.43,37615.12,763.82489,2022-03-07 20:30:00
1646685900000,37615.12,37674.35,37503.25,37590.01,762.51054,2022-03-07 20:45:00
1646686800000,37590.0,37954.37,37500.34,37813.81,714.43737,2022-03-07 21:00:00
1646687700000,37813.81,38267.56,37777.68,37777.69,1381.9,2022-03-07 21:15:00
1646688600000,37777.68,37999.99,37551.47,37927.27,702.91231,2022-03-07 21:30:00
1646689500000,37927.28,38066.52,37816.11,37836.35,412.70531,2022-03-07 21:45:00
1646690400000,37836.35,38178.17,37788.58,38138.63,605.78711,2022-03-07 22:00:00
1646691300000,38138.63,38257.47,37996.55,38166.35,590.25812,2022-03-07 22:15:00
1646692200000,38166.35,38489.48,38126.46,38382.02,603.29695,2022-03-07 22:30:00
1646693100000,38382.01,38384.66,38040.23,38211.47,483.09883,2022-03-07 22:45:00
1646694000000,38211.47,38340.9,38089.91,38147.84,612.85926,2022-03-07 23:00:00
1646694900000,38147.85,38354.82,38092.43,38318.51,468.32988,2022-03-07 23:15:00
1646695800000,38318.51,38517.82,38247.09,38267.78,635.91612,2022-03-07 23:30:00
1646696700000,38267.79,38267.79,37887.04,37988.0,761.34289,2022-03-07 23:45:00
1646697600000,37988.01,38199.92,37867.65,38117.11,846.28621,2022-03-08 00:00:00
1646698500000,38117.12,38299.99,38054.25,38153.12,577.07403,2022-03-08 00:15:00
1646699400000,38153.12,38300.0,38127.49,38256.08,513.4567,2022-03-08 00:30:00
1646700300000,38256.08,38373.88,38152.79,38200.0,424.66259,2022-03-08 00:45:00
1646701200000,38199.99,38474.06,38043.12,38324.69,792.64305,2022-03-08 01:00:00
1646702100000,38324.7,38467.28,38282.34,38395.81,610.03674,2022-03-08 01:15:00
1646703000000,38395.81,38492.9,38133.18,38293.07,543.43469,2022-03-08 01:30:00
1646703900000,38293.08,38434.84,38268.96,38268.96,253.32945,2022-03-08 01:45:00
1646704800000,38268.97,38330.14,38141.55,38308.54,331.41441,2022-03-08 02:00:00
1646705700000,38308.53,38411.67,38293.5,38402.92,393.5267,2022-03-08 02:15:00
1646706600000,38402.92,38866.0,38323.01,38764.55,847.41933,2022-03-08 02:30:00
1646707500000,38764.55,38972.08,38589.74,38614.62,955.28149,2022-03-08 02:45:00
1646708400000,38614.61,38674.31,38556.99,38639.48,373.43676,2022-03-08 03:00:00
1646709300000,38639.48,38699.74,38544.84,38630.0,379.08675,2022-03-08 03:15:00
1646710200000,38630.0,38655.0,38526.21,38550.94,214.48383,2022-03-08 03:30:00
1646711100000,38550.94,38696.57,38534.09,38695.87,202.72274,2022-03-08 03:45:00
1646712000000,38696.56,38831.7,38645.96,38737.14,465.41973,2022-03-08 04:00:00
1646712900000,38737.14,38757.97,38537.9,38537.9,321.46732,2022-03-08 04:15:00
1646713800000,38537.9,38630.91,38519.55,38608.73,251.35958,2022-03-08 04:30:00
1646714700000,38608.72,38608.73,38479.88,38550.01,257.81631,2022-03-08 04:45:00
1646715600000,38550.0,38604.38,38361.3,38391.01,386.54911,2022-03-08 05:00:00
1646716500000,38391.01,38467.79,38267.0,38293.61,405.65534,2022-03-08 05:15:00
1646717400000,38293.6,38368.23,38230.0,38358.7,359.00983,2022-03-08 05:30:00
1646718300000,38358.7,38399.64,38303.49,38351.8,187.23773,2022-03-08 05:45:00
1646719200000,38351.81,38479.19,38347.64,38390.61,308.40197,2022-03-08 06:00:00
1646720100000,38390.62,38508.47,38052.73,38123.39,972.42561,2022-03-08 06:15:00
1646721000000,38123.39,38188.71,38001.0,38169.8,775.24739,2022-03-08 06:30:00
1646721900000,38169.81,38334.01,38137.0,38277.69,419.93556,2022-03-08 06:45:00
1646722800000,38277.68,38334.52,38158.23,38184.8,414.2625,2022-03-08 07:00:00
1646723700000,38184.81,38416.47,38165.89,38396.15,383.24654,2022-03-08 07:15:00
1646724600000,38396.16,38749.47,38310.28,38737.55,978.47366,2022-03-08 07:30:00
1646725500000,38737.55,38758.88,38445.31,38547.79,716.30856,2022-03-08 07:45:00
1646726400000,38547.79,38685.2,38460.28,38652.54,582.51902,2022-03-08 08:00:00
1646727300000,38652.55,38839.12,38652.54,38791.43,678.09377,2022-03-08 08:15:00
1646728200000,38791.43,39120.0,38781.21,38893.6,1172.3336,2022-03-08 08:30:00
1646729100000,38893.6,38982.6,38695.99,38775.71,650.2721,2022-03-08 08:45:00
1646730000000,38775.72,38902.71,38700.53,38760.75,474.46738,2022-03-08 09:00:00
1646730900000,38761.62,38944.58,38761.61,38877.84,486.96899,2022-03-08 09:15:00
1646731800000,38877.85,39014.7,38833.09,38892.9,495.12572,2022-03-08 09:30:00
1646732700000,38892.91,38998.92,38851.35,38985.67,378.2795,2022-03-08 09:45:00
1646733600000,38985.67,39013.64,38738.57,38806.19,470.7264,2022-03-08 10:00:00
1646734500000,38806.2,38888.58,38710.08,38836.06,459.20281,2022-03-08 10:15:00
1646735400000,38836.06,39089.41,38832.31,38954.85,648.3292,2022-03-08 10:30:00
1646736300000,38954.85,39186.58,38911.01,39063.62,600.74575,2022-03-08 10:45:00
1646737200000,39063.62,39063.63,38868.22,38882.39,268.77842,2022-03-08 11:00:00
1646738100000,38882.39,38976.35,38825.12,38950.93,339.18372,2022-03-08 11:15:00
1646739000000,38950.92,39023.93,38736.28,38989.27,479.77315,2022-03-08 11:30:00
1646739900000,38989.26,39099.99,38931.0,38983.05,387.64384,2022-03-08 11:45:00
1646740800000,38983.05,39226.99,38942.33,39041.0,924.46197,2022-03-08 12:00:00
1646741700000,39041.0,39076.43,38782.75,38787.15,860.26196,2022-03-08 12:15:00
1646742600000,38787.15,38867.73,38614.56,38677.66,696.88323,2022-03-08 12:30:00
1646743500000,38677.67,38830.0,38657.15,38828.17,493.78131,2022-03-08 12:45:00
1646744400000,38828.17,39078.66,38619.08,38697.01,766.19391,2022-03-08 13:00:00
1646745300000,38697.02,38874.23,38636.35,38800.45,522.21566,2022-03-08 13:15:00
1646746200000,38800.45,38965.62,38737.89,38783.5,443.7173,2022-03-08 13:30:00
1646747100000,38783.5,38962.0,38782.56,38877.0,344.3466,2022-03-08 13:45:00
1646748000000,38876.99,39010.0,38683.39,38711.07,642.32031,2022-03-08 14:00:00
1646748900000,38711.08,38845.73,38711.07,38733.27,405.24127,2022-03-08 14:15:00
1646749800000,38733.28,39033.1,38532.9,38920.48,1653.16113,2022-03-08 14:30:00
1646750700000,38920.48,39176.51,38670.07,38763.3,1611.04359,2022-03-08 14:45:00
1646751600000,38763.31,38796.13,38594.7,38764.04,799.37916,2022-03-08 15:00:00
1646752500000,38764.03,38896.23,38628.57,38635.37,721.95099,2022-03-08 15:15:00
1646753400000,38635.37,38733.4,38307.07,38451.01,1330.95537,2022-03-08 15:30:00
1646754300000,38451.0,38721.58,38389.27,38658.34,899.93502,2022-03-08 15:45:00
1646755200000,38658.34,38865.46,38563.49,38680.83,808.33541,2022-03-08 16:00:00
1646756100000,38680.83,38750.09,38222.0,38328.33,878.7303,2022-03-08 16:15:00
1646757000000,38328.34,38349.54,38139.84,38193.25,950.15209,2022-03-08 16:30:00
1646757900000,38193.25,38462.62,38193.25,38309.73,628.05577,2022-03-08 16:45:00
1646758800000,38309.74,38691.37,38289.05,38672.0,685.39674,2022-03-08 17:00:00
1646759700000,38672.0,39022.53,38607.01,38920.99,1699.50693,2022-03-08 17:15:00
1646760600000,38921.0,39079.79,38822.68,39033.37,1138.17588,2022-03-08 17:30:00
1646761500000,39033.38,39159.0,38879.37,39071.93,751.64125,2022-03-08 17:45:00
1646762400000,39071.94,39362.08,39071.93,39226.98,1502.90971,2022-03-08 18:00:00
1646763300000,39226.98,39352.27,38950.51,38981.37,962.73139,2022-03-08 18:15:00
1646764200000,38981.37,38990.58,38755.89,38848.24,777.85754,2022-03-08 18:30:00
1646765100000,38848.24,38921.9,38656.0,38682.81,650.45471,2022-03-08 18:45:00
1646766000000,38682.81,38721.75,38465.44,38642.67,982.59889,2022-03-08 19:00:00
1646766900000,38642.66,38736.4,38518.11,38731.21,635.3537,2022-03-08 19:15:00
1646767800000,38731.21,38767.9,38613.93,38707.78,379.41018,2022-03-08 19:30:00
1646768700000,38707.79,38828.22,38700.0,38764.88,505.51227,2022-03-08 19:45:00
1646769600000,38764.87,38897.68,38635.06,38775.39,459.37473,2022-03-08 20:00:00
1646770500000,38775.39,38790.35,38571.0,38582.28,333.70591,2022-03-08 20:15:00
1646771400000,38582.29,38642.03,38476.0,38476.0,423.05071,2022-03-08 20:30:00
1646772300000,38476.0,38650.0,38434.22,38512.51,602.30192,2022-03-08 20:45:00
1646773200000,38512.5,38586.15,38468.94,38505.91,271.74596,2022-03-08 21:00:00
1646774100000,38505.91,38570.09,38443.14,38538.72,141.45857,2022-03-08 21:15:00
1646775000000,38538.73,38538.73,38388.73,38442.11,290.38454,2022-03-08 21:30:00
1646775900000,38442.12,38547.7,38431.69,38494.34,292.08206,2022-03-08 21:45:00
1646776800000,38494.34,38577.44,38472.61,38504.3,107.47204,2022-03-08 22:00:00
1646777700000,38504.31,38625.88,38498.95,38606.03,149.915,2022-03-08 22:15:00
1646778600000,38606.03,38616.45,38518.68,38531.07,102.83526,2022-03-08 22:30:00
1646779500000,38531.07,38642.74,38531.06,38552.29,123.57538,2022-03-08 22:45:00
1646780400000,38552.29,38736.39,38530.07,38665.53,263.61811,2022-03-08 23:00:00
1646781300000,38665.54,38742.27,38637.72,38731.71,153.02641,2022-03-08 23:15:00
1646782200000,38731.71,38780.49,38690.15,38756.79,212.62516,2022-03-08 23:30:00
1646783100000,38756.8,38764.46,38674.56,38730.63,169.6675,2022-03-08 23:45:00
1646784000000,38730.63,38829.9,38656.45,38706.25,416.674,2022-03-09 00:00:00
1646784900000,38706.24,38850.0,38706.24,38788.15,200.25477,2022-03-09 00:15:00
1646785800000,38788.15,38876.49,38743.37,38873.01,288.10274,2022-03-09 00:30:00
1646786700000,38873.0,39030.0,38835.49,38951.8,528.40823,2022-03-09 00:45:00
1646787600000,38951.8,39079.94,38951.79,39036.81,321.2015,2022-03-09 01:00:00
1646788500000,39036.81,39070.93,38903.56,39043.76,305.65973,2022-03-09 01:15:00
1646789400000,39043.75,39240.0,39042.21,39150.02,721.29944,2022-03-09 01:30:00
1646790300000,39150.03,39308.75,39130.54,39215.42,741.85142,2022-03-09 01:45:00
1646791200000,39215.42,39300.01,39132.36,39296.11,628.30534,2022-03-09 02:00:00
1646792100000,39296.12,39486.15,39227.05,39401.63,1190.83397,2022-03-09 02:15:00
1646793000000,39401.63,39484.7,39315.33,39333.35,523.1752,2022-03-09 02:30:00
1646793900000,39333.35,39520.0,39303.19,39410.93,615.30532,2022-03-09 02:45:00
1646794800000,39410.93,39631.04,39372.81,39606.13,612.28862,2022-03-09 03:00:00
1646795700000,39606.13,40311.0,39493.73,40256.12,2685.73931,2022-03-09 03:15:00
1646796600000,40256.11,40858.98,40256.11,40740.96,2485.86744,2022-03-09 03:30:00
1646797500000,40740.96,41448.84,40682.13,41217.73,2781.83032,2022-03-09 03:45:00
1646798400000,41217.73,41730.77,41217.72,41658.69,2506.07265,2022-03-09 04:00:00
1646799300000,41658.69,41884.0,41464.38,41685.15,1267.19827,2022-03-09 04:15:00
1646800200000,41685.15,41729.6,41502.5,41562.85,1000.92075,2022-03-09 04:30:00
1646801100000,41562.86,41673.46,41541.35,41639.54,696.91572,2022-03-09 04:45:00
1646802000000,41639.55,41695.6,41500.0,41528.54,612.3794,2022-03-09 05:00:00
1646802900000,41528.54,41536.71,41355.7,41507.83,888.62743,2022-03-09 05:15:00
1646803800000,41507.83,41591.23,41357.29,41423.93,868.34461,2022-03-09 05:30:00
1646804700000,41423.94,41529.0,41318.06,41515.86,754.04598,2022-03-09 05:45:00
1646805600000,41515.86,41546.0,41452.53,41501.2,423.4429,2022-03-09 06:00:00
1646806500000,41499.53,41565.14,41436.98,41459.99,342.82045,2022-03-09 06:15:00
1646807400000,41459.99,41600.0,41422.47,41555.64,489.03333,2022-03-09 06:30:00
1646808300000,41555.65,41650.07,41499.99,41600.01,553.40053,2022-03-09 06:45:00
1646809200000,41600.0,41649.99,41496.39,41556.78,430.60486,2022-03-09 07:00:00
1646810100000,41556.78,41807.34,41556.77,41704.49,693.22395,2022-03-09 07:15:00
1646811000000,41704.49,41767.32,41651.01,41757.68,597.99864,2022-03-09 07:30:00
1646811900000,41757.68,41812.33,41701.98,41791.1,404.11377,2022-03-09 07:45:00
1646812800000,41791.1,41986.02,41626.28,41791.18,1223.6925,2022-03-09 08:00:00
1646813700000,41791.17,41791.18,41640.01,41715.44,485.31391,2022-03-09 08:15:00
1646814600000,41715.45,42350.0,41699.0,42161.24,1315.56865,2022-03-09 08:30:00
1646815500000,42161.23,42438.81,41981.0,42053.19,1810.05878,2022-03-09 08:45:00
1646816400000,42053.18,42111.84,41916.23,42081.32,953.28301,2022-03-09 09:00:00
1646817300000,42081.33,42186.5,42006.27,42177.24,508.2927,2022-03-09 09:15:00
1646818200000,42177.23,42179.73,42000.31,42137.43,566.51135,2022-03-09 09:30:00
1646819100000,42137.42,42211.09,41999.0,42009.91,552.45931,2022-03-09 09:45:00
1646820000000,42007.62,42147.21,41955.41,42129.4,588.00524,2022-03-09 10:00:00
1646820900000,42129.41,42142.0,41996.08,42077.43,516.44262,2022-03-09 10:15:00
1646821800000,42077.43,42150.0,42025.66,42124.38,347.73168,2022-03-09 10:30:00
1646822700000,42124.39,42226.77,42084.68,42215.67,671.8902,2022-03-09 10:45:00
1646823600000,42215.67,42400.0,42076.05,42162.23,1196.42652,2022-03-09 11:00:00
1646824500000,42162.23,42272.33,42071.38,42089.53,550.5964,2022-03-09 11:15:00
1646825400000,42089.53,42135.99,42012.0,42098.82,580.89355,2022-03-09 11:30:00
1646826300000,42098.81,42190.0,42055.0,42151.66,356.18551,2022-03-09 11:45:00
1646827200000,42151.65,42300.0,42144.55,42226.04,629.69965,2022-03-09 12:00:00
1646828100000,42226.03,42403.55,42195.0,42350.06,679.48358,2022-03-09 12:15:00
1646829000000,42350.05,42545.45,41750.67,41810.43,1767.83358,2022-03-09 12:30:00
1646829900000,41810.43,42016.2,41626.86,41914.33,984.97167,2022-03-09 12:45:00
1646830800000,41914.33,41971.38,41813.45,41932.26,714.26078,2022-03-09 13:00:00
1646831700000,41932.27,42082.91,41900.47,41975.29,648.39318,2022-03-09 13:15:00
1646832600000,41975.29,42037.5,41805.56,41812.05,511.87695,2022-03-09 13:30:00
1646833500000,41812.06,41899.0,41650.14,41869.16,853.07979,2022-03-09 13:45:00
1646834400000,41869.16,42308.65,41850.0,42139.27,1429.29507,2022-03-09 14:00:00
1646835300000,42139.28,42198.13,42041.83,42121.85,550.72656,2022-03-09 14:15:00
1646836200000,42121.86,42232.27,42011.29,42161.48,956.8288,2022-03-09 14:30:00
1646837100000,42161.48,42267.0,42062.47,42208.71,717.99904,2022-03-09 14:45:00
1646838000000,42208.71,42314.43,42137.04,42189.16,735.87402,2022-03-09 15:00:00
1646838900000,42189.16,42250.99,42106.81,42189.41,690.62536,2022-03-09 15:15:00
1646839800000,42189.42,42413.73,42151.5,42399.55,663.88416,2022-03-09 15:30:00
1646840700000,42399.55,42594.06,42250.0,42520.99,1209.30126,2022-03-09 15:45:00
1646841600000,42520.99,42558.96,42284.83,42328.0,661.33249,2022-03-09 16:00:00
1646842500000,42327.99,42465.52,42259.49,42329.99,582.409,2022-03-09 16:15:00
1646843400000,42329.99,42482.35,42285.0,42285.01,472.11677,2022-03-09 16:30:00
1646844300000,42285.0,42288.67,42131.18,42233.16,531.25413,2022-03-09 16:45:00
1646845200000,42233.17,42320.0,42175.53,42245.61,356.70252,2022-03-09 17:00:00
1646846100000,42245.61,42304.29,42103.08,42206.58,439.41626,2022-03-09 17:15:00
1646847000000,42206.58,42319.98,42200.61,42267.95,449.59879,2022-03-09 17:30:00
1646847900000,42268.11,42350.0,42245.7,42320.15,269.51962,2022-03-09 17:45:00
1646848800000,42320.15,42327.82,42155.0,42167.54,451.75544,2022-03-09 18:00:00
1646849700000,42167.53,42199.86,42008.62,42094.12,613.27197,2022-03-09 18:15:00
1646850600000,42094.11,42130.0,41936.82,41962.44,840.37182,2022-03-09 18:30:00
1646851500000,41962.44,42064.96,41847.13,42023.1,788.16604,2022-03-09 18:45:00
1646852400000,42023.1,42062.6,41867.0,41875.38,394.86094,2022-03-09 19:00:00
1646853300000,41875.39,42013.26,41773.19,41903.62,584.30576,2022-03-09 19:15:00
1646854200000,41903.62,42135.64,41895.32,42106.63,518.80683,2022-03-09 19:30:00
1646855100000,42106.63,42266.1,42101.16,42204.65,577.54387,2022-03-09 19:45:00
1646856000000,42204.65,42320.0,42094.71,42113.67,598.16343,2022-03-09 20:00:00
1646856900000,42113.67,42150.29,42050.0,42094.99,315.86642,2022-03-09 20:15:00
1646857800000,42094.98,42120.0,41800.68,41804.47,446.98885,2022-03-09 20:30:00
1646858700000,41803.4,41916.94,41700.0,41841.64,513.90246,2022-03-09 20:45:00
1646859600000,41841.64,41944.75,41683.06,41706.71,456.92766,2022-03-09 21:00:00
1646860500000,41706.72,41815.0,41691.77,41800.02,320.65012,2022-03-09 21:15:00
1646861400000,41800.01,41909.94,41717.61,41826.59,313.28353,2022-03-09 21:30:00
1646862300000,41826.59,41944.43,41804.0,41876.77,251.90469,2022-03-09 21:45:00
1646863200000,41876.77,42000.0,41850.69,41927.8,245.85739,2022-03-09 22:00:00
1646864100000,41927.8,42000.0,41871.22,41990.52,219.62315,2022-03-09 22:15:00
1646865000000,41990.52,42063.93,41738.86,41834.84,363.59215,2022-03-09 22:30:00
1646865900000,41838.08,41934.79,41786.03,41892.07,182.96765,2022-03-09 22:45:00
1646866800000,41892.08,41995.0,41815.0,41936.12,272.21877,2022-03-09 23:00:00
1646867700000,41936.11,41974.06,41871.49,41955.17,174.7144,2022-03-09 23:15:00
1646868600000,41955.16,42141.24,41950.12,42017.75,394.50312,2022-03-09 23:30:00
1646869500000,42017.76,42064.34,41917.06,41941.71,246.56598,2022-03-09 23:45:00
1646870400000,41941.7,42011.0,41846.27,41886.02,454.86133,2022-03-10 00:00:00
1646871300000,41886.02,42039.63,41872.13,41931.29,341.01419,2022-03-10 00:15:00
1646872200000,41931.3,41954.43,41783.23,41867.09,385.51341,2022-03-10 00:30:00
1646873100000,41867.09,41908.03,41745.01,41810.97,299.90988,2022-03-10 00:45:00
1646874000000,41810.97,41840.41,41693.88,41790.01,496.58534,2022-03-10 01:00:00
1646874900000,41790.01,41950.0,41783.63,41896.89,289.3364,2022-03-10 01:15:00
1646875800000,41896.9,41919.79,41300.0,41349.46,1730.74166,2022-03-10 01:30:00
1646876700000,41349.46,41375.96,40815.76,40930.71,2887.79449,2022-03-10 01:45:00
1646877600000,40930.7,41066.13,40691.6,40889.61,982.51843,2022-03-10 02:00:00
1646878500000,40889.61,40946.06,40700.0,40800.77,783.52294,2022-03-10 02:15:00
1646879400000,40800.76,40917.63,40632.65,40864.25,1012.68331,2022-03-10 02:30:00
1646880300000,40864.24,40959.46,40675.81,40714.52,597.7806,2022-03-10 02:45:00
1646881200000,40714.52,40916.15,40545.08,40856.52,982.98312,2022-03-10 03:00:00
1646882100000,40856.53,40928.34,40835.13,40856.83,720.56402,2022-03-10 03:15:00
1646883000000,40856.82,40861.73,40721.35,40820.62,886.91656,2022-03-10 03:30:00
1646883900000,40820.63,40872.01,40759.03,40768.51,388.91091,2022-03-10 03:45:00
1646884800000,40768.5,40834.93,40703.6,40709.95,340.25213,2022-03-10 04:00:00
1646885700000,40709.95,40773.51,40215.34,40215.34,1790.20404,2022-03-10 04:15:00
1646886600000,40215.35,40281.4,39350.0,39564.28,4340.72124,2022-03-10 04:30:00
1646887500000,39564.29,39686.43,39456.94,39540.63,1397.32896,2022-03-10 04:45:00
1646888400000,39540.63,39542.85,39114.75,39289.72,1718.69588,2022-03-10 05:00:00
1646889300000,39289.71,39422.58,39129.97,39289.38,944.05424,2022-03-10 05:15:00
1646890200000,39289.37,39364.12,39200.0,39200.0,751.72339,2022-03-10 05:30:00
1646891100000,39200.0,39338.19,38848.48,39209.53,1636.538,2022-03-10 05:45:00
1646892000000,39212.19,39309.23,39136.79,39252.97,575.97603,2022-03-10 06:00:00
1646892900000,39252.98,39252.98,39047.85,39140.46,700.29686,2022-03-10 06:15:00
1646893800000,39140.47,39342.98,39140.46,39296.0,674.7541,2022-03-10 06:30:00
1646894700000,39296.0,39424.0,39231.66,39385.01,450.35993,2022-03-10 06:45:00
1646895600000,39385.0,39385.86,39152.79,39208.98,482.73595,2022-03-10 07:00:00
1646896500000,39208.97,39296.98,39127.98,39287.72,369.84246,2022-03-10 07:15:00
1646897400000,39287.71,39399.39,39286.22,39359.74,625.50692,2022-03-10 07:30:00
1646898300000,39359.74,39359.74,39192.16,39238.9,489.85519,2022-03-10 07:45:00
1646899200000,39238.9,39248.81,38931.51,38957.11,992.99032,2022-03-10 08:00:00
1646900100000,38957.11,39061.68,38782.14,39047.28,1100.67668,2022-03-10 08:15:00
1646901000000,39047.27,39263.09,38972.55,39217.64,764.28419,2022-03-10 08:30:00
1646901900000,39217.64,39270.78,39145.0,39220.21,420.00575,2022-03-10 08:45:00
1646902800000,39220.2,39304.59,39135.59,39229.19,680.81044,2022-03-10 09:00:00
1646903700000,39229.18,39278.27,39071.7,39139.66,382.87975,2022-03-10 09:15:00
1646904600000,39139.66,39292.1,39030.0,39233.95,434.27365,2022-03-10 09:30:00
1646905500000,39233.95,39317.32,39126.91,39151.03,809.78327,2022-03-10 09:45:00
1646906400000,39151.03,39233.86,39120.0,39217.33,432.60365,2022-03-10 10:00:00
1646907300000,39217.32,39237.8,39143.6,39225.5,334.88016,2022-03-10 10:15:00
1646908200000,39225.5,39245.92,39036.32,39110.5,521.9065,2022-03-10 10:30:00
1646909100000,39110.51,39158.61,38982.88,39051.74,511.3229,2022-03-10 10:45:00
1646910000000,39051.74,39140.84,38942.55,39108.13,418.94716,2022-03-10 11:00:00
1646910900000,39108.13,39133.26,38987.99,39042.7,334.59333,2022-03-10 11:15:00
1646911800000,39042.7,39090.02,38995.83,39082.62,261.3587,2022-03-10 11:30:00
1646912700000,39082.62,39117.1,39033.63,39076.38,270.83055,2022-03-10 11:45:00
1646913600000,39076.39,39102.15,38957.2,39086.29,473.52076,2022-03-10 12:00:00
1646914500000,39086.3,39212.58,39069.57,39210.33,458.26741,2022-03-10 12:15:00
1646915400000,39210.34,39348.92,39102.5,39150.01,665.90078,2022-03-10 12:30:00
1646916300000,39150.01,39338.12,39122.19,39242.81,597.09769,2022-03-10 12:45:00
1646917200000,39242.8,39298.89,39190.42,39230.8,347.46717,2022-03-10 13:00:00
1646918100000,39230.81,39346.97,39220.9,39328.16,450.4898,2022-03-10 13:15:00
1646919000000,39328.16,40292.44,38539.73,38576.05,6863.8017,2022-03-10 13:30:00
1646919900000,38576.06,39153.5,38563.21,38864.68,2443.11428,2022-03-10 13:45:00
1646920800000,38864.68,39082.81,38792.57,39032.64,922.58529,2022-03-10 14:00:00
1646921700000,39032.65,39163.18,38977.01,39067.56,713.7668,2022-03-10 14:15:00
1646922600000,39067.56,39246.0,38800.0,39156.75,1453.0712,2022-03-10 14:30:00
1646923500000,39156.75,39363.37,39087.73,39283.39,745.59828,2022-03-10 14:45:00
1646924400000,39283.39,39365.0,39190.67,39311.09,688.07821,2022-03-10 15:00:00
1646925300000,39311.09,39750.0,39184.2,39196.61,2196.61305,2022-03-10 15:15:00
1646926200000,39196.6,39272.97,38966.83,39173.09,923.4232,2022-03-10 15:30:00
1646927100000,39173.1,39388.98,39091.85,39179.54,588.14575,2022-03-10 15:45:00
1646928000000,39179.55,39264.09,39035.33,39256.02,718.60282,2022-03-10 16:00:00
1646928900000,39256.03,39256.03,39054.2,39149.99,569.41512,2022-03-10 16:15:00
1646929800000,39150.0,39182.86,38987.6,39051.44,638.97349,2022-03-10 16:30:00
1646930700000,39051.45,39155.09,38904.63,39141.28,495.1159,2022-03-10 16:45:00
1646931600000,39141.29,39170.32,39044.84,39150.72,257.42983,2022-03-10 17:00:00
1646932500000,39150.72,39294.99,39142.17,39224.52,421.93485,2022-03-10 17:15:00
1646933400000,39224.52,39260.44,39035.93,39212.84,464.20193,2022-03-10 17:30:00
1646934300000,39212.84,39270.93,39079.71,39164.28,410.25466,2022-03-10 17:45:00
1646935200000,39164.27,39200.1,39097.89,39108.31,524.31655,2022-03-10 18:00:00
1646936100000,39108.31,39147.14,39010.85,39044.91,520.96936,2022-03-10 18:15:00
1646937000000,39044.9,39183.19,39044.9,39131.43,289.9535,2022-03-10 18:30:00
1646937900000,39131.44,39258.83,39131.43,39160.68,349.58496,2022-03-10 18:45:00
1646938800000,39160.68,39314.52,39066.64,39210.86,440.39958,2022-03-10 19:00:00
1646939700000,39210.87,39299.0,39170.0,39267.16,234.53046,2022-03-10 19:15:00
1646940600000,39267.16,39304.99,39155.33,39220.59,261.89998,2022-03-10 19:30:00
1646941500000,39220.58,39567.05,39215.01,39430.56,657.82634,2022-03-10 19:45:00
1646942400000,39431.8,39454.35,39333.33,39438.9,281.95775,2022-03-10 20:00:00
1646943300000,39438.9,39448.42,39276.95,39383.0,361.77542,2022-03-10 20:15:00
1646944200000,39383.0,39518.22,39329.09,39470.01,348.82163,2022-03-10 20:30:00
1646945100000,39470.01,39680.0,39425.19,39612.11,616.45219,2022-03-10 20:45:00
1646946000000,39612.11,39614.0,39474.2,39576.09,299.31377,2022-03-10 21:00:00
1646946900000,39576.09,39582.86,39437.79,39451.12,299.90937,2022-03-10 21:15:00
1646947800000,39451.12,39500.0,39368.0,39372.75,224.67105,2022-03-10 21:30:00
1646948700000,39372.75,39421.58,39259.51,39316.99,341.54038,2022-03-10 21:45:00
1646949600000,39316.99,39348.01,39050.0,39212.03,564.74335,2022-03-10 22:00:00
1646950500000,39212.04,39315.16,39197.52,39275.56,209.56282,2022-03-10 22:15:00
1646951400000,39275.55,39405.93,39272.0,39381.42,137.37376,2022-03-10 22:30:00
1646952300000,39381.41,39487.36,39374.94,39442.06,224.21532,2022-03-10 22:45:00
1646953200000,39442.07,39534.8,39413.86,39477.11,307.8358,2022-03-10 23:00:00
1646954100000,39477.11,39568.99,39366.37,39545.0,276.12939,2022-03-10 23:15:00
1646955000000,39545.0,39595.68,39415.14,39423.59,248.6336,2022-03-10 23:30:00
1646955900000,39423.6,39497.51,39380.01,39422.0,231.01633,2022-03-10 23:45:00
1646956800000,39422.01,39439.65,39310.25,39367.45,377.15899,2022-03-11 00:00:00
1646957700000,39367.45,39371.0,39153.83,39197.43,395.04417,2022-03-11 00:15:00
1646958600000,39197.44,39389.82,39131.0,39249.18,393.62426,2022-03-11 00:30:00
1646959500000,39249.18,39365.49,39238.1,39289.99,255.65935,2022-03-11 00:45:00
1646960400000,39289.99,39311.94,38906.74,38996.44,761.50347,2022-03-11 01:00:00
1646961300000,38996.44,39057.75,38636.36,38683.44,957.51988,2022-03-11 01:15:00
1646962200000,38683.43,38909.09,38652.68,38887.32,473.16083,2022-03-11 01:30:00
1646963100000,38887.33,38903.55,38566.0,38679.24,747.80211,2022-03-11 01:45:00
1646964000000,38679.23,38740.13,38248.37,38303.73,1358.06832,2022-03-11 02:00:00
1646964900000,38303.74,38481.19,38295.65,38412.46,671.99702,2022-03-11 02:15:00
1646965800000,38412.47,38432.72,38340.0,38367.09,429.06066,2022-03-11 02:30:00
1646966700000,38367.08,38439.32,38223.6,38272.53,637.82101,2022-03-11 02:45:00
1646967600000,38272.53,38407.62,38251.51,38361.13,468.24179,2022-03-11 03:00:00
1646968500000,38361.14,38444.14,38291.0,38425.66,590.46196,2022-03-11 03:15:00
1646969400000,38425.66,38694.53,38408.38,38573.01,848.21426,2022-03-11 03:30:00
1646970300000,38573.02,38858.42,38571.94,38714.97,513.92882,2022-03-11 03:45:00
1646971200000,38714.97,38726.69,38561.38,38605.68,398.94732,2022-03-11 04:00:00
1646972100000,38605.68,38685.11,38484.84,38531.5,330.77345,2022-03-11 04:15:00
1646973000000,38531.5,38657.71,38523.82,38621.05,348.29678,2022-03-11 04:30:00
1646973900000,38621.04,38621.05,38443.18,38484.13,291.63001,2022-03-11 04:45:00
1646974800000,38484.13,38547.06,38337.03,38491.14,412.772,2022-03-11 05:00:00
1646975700000,38491.14,38613.68,38416.04,38574.94,386.25021,2022-03-11 05:15:00
1646976600000,38574.94,38787.1,38574.94,38690.97,695.26663,2022-03-11 05:30:00
1646977500000,38690.98,38794.31,38592.39,38771.5,437.45691,2022-03-11 05:45:00
1646978400000,38771.5,38817.96,38676.69,38713.0,535.7284,2022-03-11 06:00:00
1646979300000,38713.01,38986.0,38692.98,38926.7,562.93687,2022-03-11 06:15:00
1646980200000,38926.71,38963.84,38769.2,38893.54,1016.26373,2022-03-11 06:30:00
1646981100000,38894.01,39000.0,38799.98,38948.78,488.30595,2022-03-11 06:45:00
1646982000000,38948.77,39217.6,38913.26,39061.37,920.77833,2022-03-11 07:00:00
1646982900000,39061.37,39251.02,38979.25,39208.8,527.55872,2022-03-11 07:15:00
1646983800000,39208.81,39348.87,39110.7,39184.56,554.29178,2022-03-11 07:30:00
1646984700000,39184.57,39199.98,39094.98,39132.09,280.94512,2022-03-11 07:45:00
1646985600000,39132.1,39171.58,39027.48,39150.22,360.49316,2022-03-11 08:00:00
1646986500000,39150.22,39189.87,38954.94,38978.25,493.78134,2022-03-11 08:15:00
1646987400000,38978.25,39085.3,38856.83,39036.54,541.14126,2022-03-11 08:30:00
1646988300000,39036.55,39104.74,38939.15,39020.52,339.24465,2022-03-11 08:45:00
1646989200000,39020.53,39146.73,39010.76,39081.55,245.04164,2022-03-11 09:00:00
1646990100000,39081.54,39187.99,39064.98,39153.46,310.13912,2022-03-11 09:15:00
1646991000000,39153.46,39153.47,38956.89,38961.87,272.40424,2022-03-11 09:30:00
1646991900000,38961.87,39044.26,38905.0,39020.47,295.66508,2022-03-11 09:45:00
1646992800000,39020.47,39130.34,39018.22,39045.5,309.3752,2022-03-11 10:00:00
1646993700000,39045.51,39145.07,38989.82,39105.6,325.3196,2022-03-11 10:15:00
1646994600000,39105.61,39130.05,38999.52,39024.46,212.99374,2022-03-11 10:30:00
1646995500000,39025.59,39070.15,38965.16,39017.19,201.40264,2022-03-11 10:45:00
1646996400000,39017.19,39022.84,38839.32,38912.57,600.08372,2022-03-11 11:00:00
1646997300000,38912.57,39400.0,38806.86,39241.98,1731.36674,2022-03-11 11:15:00
1646998200000,39241.97,39972.36,39201.77,39870.3,2789.52026,2022-03-11 11:30:00
1646999100000,39870.3,40219.34,39662.38,39893.68,2669.2674,2022-03-11 11:45:00
1647000000000,39894.08,40171.97,39811.51,39952.43,1766.26939,2022-03-11 12:00:00
1647000900000,39952.43,40069.99,39900.0,40028.03,638.37689,2022-03-11 12:15:00
1647001800000,40028.02,40236.26,39950.0,39970.51,1070.28279,2022-03-11 12:30:00
1647002700000,39970.51,39992.0,39735.48,39914.09,880.97601,2022-03-11 12:45:00
1647003600000,39914.1,39948.38,39428.44,39488.27,1202.68912,2022-03-11 13:00:00
1647004500000,39488.27,39693.54,39182.61,39623.24,1610.88968,2022-03-11 13:15:00
1647005400000,39623.25,39638.0,39312.01,39324.23,644.55773,2022-03-11 13:30:00
1647006300000,39324.24,39414.17,39183.01,39258.6,884.28577,2022-03-11 13:45:00
1647007200000,39259.07,39354.69,39201.0,39330.31,530.70171,2022-03-11 14:00:00
1647008100000,39330.32,39539.82,39247.23,39411.97,603.6207,2022-03-11 14:15:00
1647009000000,39411.97,39601.14,39168.81,39356.01,1105.20203,2022-03-11 14:30:00
1647009900000,39354.96,39497.91,39219.7,39323.9,619.06797,2022-03-11 14:45:00
1647010800000,39323.9,39323.9,38963.24,39090.63,1376.77179,2022-03-11 15:00:00
1647011700000,39090.64,39188.69,38908.0,39141.05,794.35845,2022-03-11 15:15:00
1647012600000,39141.04,39261.15,39007.21,39157.74,734.33749,2022-03-11 15:30:00
1647013500000,39157.73,39205.82,38975.27,39080.26,742.18166,2022-03-11 15:45:00
1647014400000,39080.26,39094.84,38600.31,38754.28,1636.57029,2022-03-11 16:00:00
1647015300000,38754.28,38823.51,38638.48,38724.39,863.14823,2022-03-11 16:15:00
1647016200000,38724.39,38791.99,38585.09,38779.99,857.27268,2022-03-11 16:30:00
1647017100000,38780.0,38837.37,38685.18,38724.67,335.11449,2022-03-11 16:45:00
1647018000000,38724.68,38792.26,38631.96,38638.42,394.41131,2022-03-11 17:00:00
1647018900000,38638.41,38766.76,38577.0,38619.36,371.29043,2022-03-11 17:15:00
1647019800000,38619.36,38797.37,38617.0,38796.7,300.43857,2022-03-11 17:30:00
1647020700000,38796.7,38880.78,38771.92,38815.8,361.57348,2022-03-11 17:45:00
1647021600000,38815.79,38859.8,38752.41,38799.27,302.66059,2022-03-11 18:00:00
1647022500000,38799.26,38879.22,38767.45,38848.32,250.25584,2022-03-11 18:15:00
1647023400000,38848.33,38859.6,38639.51,38701.55,304.88109,2022-03-11 18:30:00
1647024300000,38701.55,38769.75,38616.39,38637.5,294.39314,2022-03-11 18:45:00
1647025200000,38637.5,38760.45,38500.0,38760.44,610.62309,2022-03-11 19:00:00
1647026100000,38760.44,38859.37,38744.9,38837.06,440.74938,2022-03-11 19:15:00
1647027000000,38837.07,38865.53,38772.0,38796.22,206.41526,2022-03-11 19:30:00
1647027900000,38796.22,38825.0,38762.51,38792.59,339.46019,2022-03-11 19:45:00
1647028800000,38792.58,38968.58,38756.18,38819.2,382.14114,2022-03-11 20:00:00
1647029700000,38819.2,38930.0,38665.05,38696.01,325.65565,2022-03-11 20:15:00
1647030600000,38696.01,38728.96,38571.66,38592.08,447.57606,2022-03-11 20:30:00
1647031500000,38592.08,38622.21,38308.83,38364.9,1224.40213,2022-03-11 20:45:00
1647032400000,38364.9,38822.41,38364.9,38717.75,974.35224,2022-03-11 21:00:00
1647033300000,38717.75,38999.73,38698.79,38850.59,470.57359,2022-03-11 21:15:00
1647034200000,38850.58,38929.97,38776.12,38842.99,327.49833,2022-03-11 21:30:00
1647035100000,38843.94,38896.09,38804.0,38852.13,286.13897,2022-03-11 21:45:00
1647036000000,38852.14,38940.15,38849.55,38933.01,258.06313,2022-03-11 22:00:00
1647036900000,38933.01,38990.7,38865.29,38880.25,214.34836,2022-03-11 22:15:00
1647037800000,38880.25,38982.93,38879.29,38952.4,108.77388,2022-03-11 22:30:00
1647038700000,38952.4,39177.48,38880.92,38916.69,370.81949,2022-03-11 22:45:00
1647039600000,38916.7,38949.0,38823.9,38871.15,224.66891,2022-03-11 23:00:00
1647040500000,38871.15,38886.07,38794.32,38869.09,143.77142,2022-03-11 23:15:00
1647041400000,38869.09,38928.63,38839.86,38890.43,141.00681,2022-03-11 23:30:00
1647042300000,38890.42,38890.43,38729.0,38729.57,280.43795,2022-03-11 23:45:00
1647043200000,38729.57,38850.0,38660.52,38843.66,349.80375,2022-03-12 00:00:00
1647044100000,38843.66,39090.18,38833.91,39043.99,317.72851,2022-03-12 00:15:00
1647045000000,39044.0,39100.0,38933.0,39100.0,334.45512,2022-03-12 00:30:00
1647045900000,39099.99,39161.21,39037.18,39144.28,223.39153,2022-03-12 00:45:00
1647046800000,39144.28,39327.99,39067.97,39228.28,419.29621,2022-03-12 01:00:00
1647047700000,39228.27,39255.95,39135.0,39155.16,253.18587,2022-03-12 01:15:00
1647048600000,39155.16,39271.15,39155.14,39199.84,333.91094,2022-03-12 01:30:00
1647049500000,39199.84,39255.8,39155.38,39185.0,233.83013,2022-03-12 01:45:00
1647050400000,39184.99,39250.5,39184.99,39217.86,227.3788,2022-03-12 02:00:00
1647051300000,39217.86,39268.37,39140.29,39183.79,205.77945,2022-03-12 02:15:00
1647052200000,39183.78,39189.98,39044.28,39044.29,241.92932,2022-03-12 02:30:00
1647053100000,39044.28,39149.0,39044.28,39124.47,152.16222,2022-03-12 02:45:00
1647054000000,39124.47,39237.48,39112.62,39171.2,278.37964,2022-03-12 03:00:00
1647054900000,39171.19,39195.38,39089.2,39187.5,275.34876,2022-03-12 03:15:00
1647055800000,39187.5,39217.19,39080.86,39125.0,200.48141,2022-03-12 03:30:00
1647056700000,39125.0,39191.06,39080.24,39088.94,151.01741,2022-03-12 03:45:00
1647057600000,39088.93,39088.94,38931.8,39026.52,465.73879,2022-03-12 04:00:00
1647058500000,39026.53,39141.92,38981.0,39140.01,190.26969,2022-03-12 04:15:00
1647059400000,39140.0,39167.0,39107.97,39157.28,145.14658,2022-03-12 04:30:00
1647060300000,39157.28,39196.51,39059.0,39108.0,175.33156,2022-03-12 04:45:00
1647061200000,39107.99,39111.13,39050.0,39079.99,125.21049,2022-03-12 05:00:00
1647062100000,39079.99,39146.14,39070.01,39146.13,121.63041,2022-03-12 05:15:00
1647063000000,39146.13,39200.0,39112.09,39135.88,139.117,2022-03-12 05:30:00
1647063900000,39135.2,39184.82,39101.0,39170.82,88.27528,2022-03-12 05:45:00
1647064800000,39170.82,39261.46,39137.01,39192.89,197.3063,2022-03-12 06:00:00
1647065700000,39192.88,39259.17,39158.88,39160.28,165.97446,2022-03-12 06:15:00
1647066600000,39160.28,39172.54,39078.75,39129.11,174.93907,2022-03-12 06:30:00
1647067500000,39129.11,39178.36,39070.48,39083.02,179.28325,2022-03-12 06:45:00
1647068400000,39083.01,39123.58,39054.74,39101.98,174.61928,2022-03-12 07:00:00
1647069300000,39101.99,39178.95,39000.37,39128.01,297.32027,2022-03-12 07:15:00
1647070200000,39128.0,39158.0,39022.41,39061.56,160.05718,2022-03-12 07:30:00
1647071100000,39061.57,39112.38,39050.33,39104.99,150.62697,2022-03-12 07:45:00
1647072000000,39104.99,39140.64,39050.16,39056.02,183.71049,2022-03-12 08:00:00
1647072900000,39056.03,39071.72,38957.47,39028.5,276.42107,2022-03-12 08:15:00
1647073800000,39028.49,39137.73,38972.62,39135.11,185.60988,2022-03-12 08:30:00
1647074700000,39134.03,39169.53,39104.68,39105.27,282.77173,2022-03-12 08:45:00
1647075600000,39105.26,39189.87,39078.5,39158.6,170.1758,2022-03-12 09:00:00
1647076500000,39158.6,39190.16,39111.18,39174.53,235.79423,2022-03-12 09:15:00
1647077400000,39174.52,39230.0,39146.0,39175.64,251.93195,2022-03-12 09:30:00
1647078300000,39175.63,39199.62,39113.99,39171.68,122.44417,2022-03-12 09:45:00
1647079200000,39171.67,39237.5,39140.55,39226.99,267.96857,2022-03-12 10:00:00
1647080100000,39226.99,39229.67,39172.17,39208.67,171.99976,2022-03-12 10:15:00
1647081000000,39208.68,39284.46,39147.35,39148.77,219.70831,2022-03-12 10:30:00
1647081900000,39148.77,39241.11,39132.78,39229.99,128.63841,2022-03-12 10:45:00
1647082800000,39230.0,39260.0,39191.06,39232.99,218.08522,2022-03-12 11:00:00
1647083700000,39232.99,39280.0,39208.44,39209.01,120.63719,2022-03-12 11:15:00
1647084600000,39209.01,39226.97,39107.68,39120.55,180.93651,2022-03-12 11:30:00
1647085500000,39120.55,39155.0,39012.0,39079.16,412.2964,2022-03-12 11:45:00
1647086400000,39079.17,39117.44,39037.85,39054.27,221.50779,2022-03-12 12:00:00
1647087300000,39054.28,39158.55,39035.0,39121.75,183.72374,2022-03-12 12:15:00
1647088200000,39121.75,39174.65,39102.64,39142.32,132.95588,2022-03-12 12:30:00
1647089100000,39142.33,39217.41,39142.32,39183.78,215.13471,2022-03-12 12:45:00
1647090000000,39183.77,39262.95,39150.0,39203.0,202.76599,2022-03-12 13:00:00
1647090900000,39203.0,39238.23,39149.0,39159.97,191.27072,2022-03-12 13:15:00
1647091800000,39159.96,39203.35,39087.36,39101.18,250.62591,2022-03-12 13:30:00
1647092700000,39101.18,39135.91,39012.0,39074.74,343.2987,2022-03-12 13:45:00
1647093600000,39074.73,39148.87,38970.83,39063.63,459.60895,2022-03-12 14:00:00
1647094500000,39063.63,39114.73,38999.99,39036.25,694.88642,2022-03-12 14:15:00
1647095400000,39036.25,39046.64,38678.22,38876.59,1049.02698,2022-03-12 14:30:00
1647096300000,38876.58,38955.01,38800.0,38910.69,379.81357,2022-03-12 14:45:00
1647097200000,38910.68,38950.71,38858.01,38903.2,201.47971,2022-03-12 15:00:00
1647098100000,38903.19,38947.05,38826.65,38938.45,186.66101,2022-03-12 15:15:00
1647099000000,38938.46,39165.44,38889.16,39104.08,534.28186,2022-03-12 15:30:00
1647099900000,39104.08,39172.46,39042.04,39042.04,348.4821,2022-03-12 15:45:00
1647100800000,39042.05,39119.41,38976.57,39087.77,395.32727,2022-03-12 16:00:00
1647101700000,39087.78,39160.0,39072.4,39118.59,304.12168,2022-03-12 16:15:00
1647102600000,39118.58,39166.58,39076.15,39111.87,213.49283,2022-03-12 16:30:00
1647103500000,39111.88,39157.84,39078.57,39147.7,209.90113,2022-03-12 16:45:00
1647104400000,39147.7,39486.71,39142.85,39195.55,1836.18455,2022-03-12 17:00:00
1647105300000,39195.56,39263.86,39066.04,39106.05,434.05862,2022-03-12 17:15:00
1647106200000,39106.04,39129.64,39051.27,39095.02,202.12443,2022-03-12 17:30:00
1647107100000,39095.02,39121.76,39066.3,39099.58,114.83005,2022-03-12 17:45:00
1647108000000,39099.59,39132.86,39085.32,39114.96,180.11337,2022-03-12 18:00:00
1647108900000,39114.96,39125.09,38945.25,39115.59,313.30507,2022-03-12 18:15:00
1647109800000,39115.59,39152.51,39092.55,39100.01,139.61773,2022-03-12 18:30:00
1647110700000,39100.01,39100.01,39017.0,39058.99,202.11237,2022-03-12 18:45:00
1647111600000,39058.98,39058.99,38930.71,39026.01,250.65847,2022-03-12 19:00:00
1647112500000,39026.0,39046.07,38950.27,39044.24,205.53044,2022-03-12 19:15:00
1647113400000,39044.24,39083.0,38975.56,39052.77,216.64993,2022-03-12 19:30:00
1647114300000,39052.76,39057.0,38993.0,39030.08,77.90753,2022-03-12 19:45:00
1647115200000,39030.08,39070.0,38987.05,39056.85,137.59719,2022-03-12 20:00:00
1647116100000,39056.85,39165.58,39056.22,39155.01,209.26022,2022-03-12 20:15:00
1647117000000,39155.01,39189.0,39121.2,39175.01,117.47279,2022-03-12 20:30:00
1647117900000,39175.02,39210.0,39104.0,39128.08,260.35668,2022-03-12 20:45:00
1647118800000,39128.08,39180.89,39110.0,39119.0,133.61205,2022-03-12 21:00:00
1647119700000,39119.0,39165.9,39108.0,39119.01,161.96172,2022-03-12 21:15:00
1647120600000,39119.0,39149.73,39101.2,39141.4,58.10425,2022-03-12 21:30:00
1647121500000,39141.39,39149.0,39062.0,39091.99,82.00735,2022-03-12 21:45:00
1647122400000,39092.0,39112.09,39038.72,39039.19,109.87947,2022-03-12 22:00:00
1647123300000,39039.19,39096.0,39032.38,39074.93,79.0034,2022-03-12 22:15:00
1647124200000,39074.93,39131.01,39065.88,39115.01,83.87289,2022-03-12 22:30:00
1647125100000,39115.01,39169.69,39101.98,39101.98,100.5658,2022-03-12 22:45:00
1647126000000,39101.98,39164.0,39083.0,39098.44,107.69397,2022-03-12 23:00:00
1647126900000,39098.45,39124.34,39070.0,39104.69,126.8087,2022-03-12 23:15:00
1647127800000,39104.69,39104.92,38924.32,38935.01,294.15958,2022-03-12 23:30:00
1647128700000,38935.02,38935.02,38730.67,38807.36,502.49341,2022-03-12 23:45:00
1647129600000,38807.35,38925.95,38703.73,38885.0,528.80611,2022-03-13 00:00:00
1647130500000,38884.99,38961.22,38870.52,38920.23,219.93258,2022-03-13 00:15:00
1647131400000,38920.23,38931.91,38801.51,38906.9,220.65704,2022-03-13 00:30:00
1647132300000,38906.9,38933.49,38821.51,38917.66,137.04239,2022-03-13 00:45:00
1647133200000,38917.65,39106.75,38883.19,39101.01,349.71639,2022-03-13 01:00:00
1647134100000,39101.0,39276.28,39029.0,39113.0,569.63252,2022-03-13 01:15:00
1647135000000,39113.01,39113.01,39008.65,39043.62,239.20184,2022-03-13 01:30:00
1647135900000,39043.61,39043.64,38964.9,38993.01,131.88285,2022-03-13 01:45:00
1647136800000,38993.0,39205.98,38981.0,39116.58,349.38506,2022-03-13 02:00:00
1647137700000,39116.57,39155.0,39086.0,39126.53,121.47971,2022-03-13 02:15:00
1647138600000,39126.54,39144.99,39085.0,39133.26,70.16454,2022-03-13 02:30:00
1647139500000,39133.26,39188.0,39116.0,39166.99,108.26452,2022-03-13 02:45:00
1647140400000,39166.99,39229.99,39104.46,39193.23,259.8546,2022-03-13 03:00:00
1647141300000,39193.23,39216.79,39150.0,39165.54,140.59456,2022-03-13 03:15:00
1647142200000,39165.55,39192.99,39140.95,39190.26,115.69092,2022-03-13 03:30:00
1647143100000,39190.26,39204.74,39155.54,39194.08,88.43608,2022-03-13 03:45:00
1647144000000,39194.07,39310.0,39129.4,39142.98,273.04182,2022-03-13 04:00:00
1647144900000,39142.98,39205.44,39117.67,39203.95,96.99662,2022-03-13 04:15:00
1647145800000,39203.95,39224.73,39128.82,39172.57,107.31264,2022-03-13 04:30:00
1647146700000,39172.56,39183.2,39122.43,39129.03,70.32696,2022-03-13 04:45:00
1647147600000,39129.03,39160.68,39100.82,39135.49,64.22494,2022-03-13 05:00:00
1647148500000,39135.5,39176.11,39129.85,39171.15,68.44058,2022-03-13 05:15:00
1647149400000,39171.14,39176.08,39126.03,39159.99,81.3688,2022-03-13 05:30:00
1647150300000,39159.99,39180.0,39105.17,39122.07,104.20953,2022-03-13 05:45:00
1647151200000,39122.06,39184.16,39081.6,39167.46,160.21895,2022-03-13 06:00:00
1647152100000,39167.45,39181.86,39129.83,39140.01,141.84491,2022-03-13 06:15:00
1647153000000,39140.0,39170.25,39119.9,39126.45,79.32583,2022-03-13 06:30:00
1647153900000,39126.45,39172.26,39074.01,39154.99,179.46976,2022-03-13 06:45:00
1647154800000,39155.0,39200.0,39138.98,39145.66,132.91346,2022-03-13 07:00:00
1647155700000,39145.66,39160.0,39110.56,39153.15,83.58376,2022-03-13 07:15:00
1647156600000,39153.15,39178.18,39131.89,39135.79,77.96097,2022-03-13 07:30:00
1647157500000,39135.8,39135.8,39069.0,39089.77,238.92595,2022-03-13 07:45:00
1647158400000,39089.76,39129.22,39046.05,39052.69,186.93324,2022-03-13 08:00:00
1647159300000,39052.69,39108.27,39025.04,39038.99,166.67592,2022-03-13 08:15:00
1647160200000,39039.0,39129.22,39038.99,39044.49,211.67328,2022-03-13 08:30:00
1647161100000,39044.5,39080.0,39008.39,39066.86,257.56368,2022-03-13 08:45:00
1647162000000,39066.85,39094.8,39039.03,39092.01,315.95913,2022-03-13 09:00:00
1647162900000,39092.0,39095.97,39035.56,39060.0,233.87971,2022-03-13 09:15:00
1647163800000,39059.99,39060.0,38911.45,38962.2,352.19002,2022-03-13 09:30:00
1647164700000,38962.2,39033.47,38848.25,38970.67,718.89251,2022-03-13 09:45:00
1647165600000,38970.67,39013.65,38883.39,38900.0,791.22164,2022-03-13 10:00:00
1647166500000,38900.0,38928.69,38849.99,38928.69,583.50281,2022-03-13 10:15:00
1647167400000,38928.68,38978.67,38905.86,38934.98,149.45855,2022-03-13 10:30:00
1647168300000,38934.99,38996.0,38889.91,38986.01,140.87476,2022-03-13 10:45:00
1647169200000,38986.02,39021.71,38964.09,38986.93,168.36111,2022-03-13 11:00:00
1647170100000,38986.93,39020.0,38918.0,38945.0,136.91717,2022-03-13 11:15:00
1647171000000,38945.0,38948.0,38703.65,38772.85,827.71524,2022-03-13 11:30:00
1647171900000,38772.85,38807.78,38601.81,38741.12,721.0709,2022-03-13 11:45:00
1647172800000,38741.13,38772.41,38633.35,38770.76,439.50065,2022-03-13 12:00:00
1647173700000,38770.77,38776.95,38370.0,38480.56,1452.96071,2022-03-13 12:15:00
1647174600000,38480.56,38533.02,38413.13,38490.0,611.39352,2022-03-13 12:30:00
1647175500000,38490.01,38526.72,38436.85,38498.8,224.98777,2022-03-13 12:45:00
1647176400000,38498.81,38845.12,38460.0,38659.99,884.7695,2022-03-13 13:00:00
1647177300000,38659.98,38926.0,38594.57,38771.61,575.61971,2022-03-13 13:15:00
1647178200000,38771.61,38938.63,38749.74,38768.16,440.93272,2022-03-13 13:30:00
1647179100000,38768.16,38792.0,38663.0,38749.98,390.377,2022-03-13 13:45:00
1647180000000,38749.99,38816.75,38725.43,38789.81,236.38362,2022-03-13 14:00:00
1647180900000,38789.82,38922.0,38789.81,38886.03,285.29418,2022-03-13 14:15:00
1647181800000,38886.02,38901.15,38816.78,38869.11,174.18633,2022-03-13 14:30:00
1647182700000,38869.11,38894.65,38815.39,38836.99,134.67443,2022-03-13 14:45:00
1647183600000,38837.0,39074.93,38833.64,39041.86,826.77552,2022-03-13 15:00:00
1647184500000,39041.86,39067.46,38922.92,38957.22,368.23812,2022-03-13 15:15:00
1647185400000,38957.23,38994.73,38903.32,38969.02,198.61421,2022-03-13 15:30:00
1647186300000,38969.02,39016.97,38916.2,38936.0,231.6126,2022-03-13 15:45:00
1647187200000,38936.0,38987.76,38890.14,38966.58,205.88283,2022-03-13 16:00:00
1647188100000,38966.59,38998.54,38851.0,38939.55,303.81172,2022-03-13 16:15:00
1647189000000,38939.55,38965.51,38912.94,38947.97,178.85807,2022-03-13 16:30:00
1647189900000,38947.96,38976.62,38905.08,38921.98,164.92295,2022-03-13 16:45:00
1647190800000,38921.97,38946.22,38861.81,38911.47,390.8722,2022-03-13 17:00:00
1647191700000,38911.47,39050.0,38911.46,39008.24,816.39829,2022-03-13 17:15:00
1647192600000,39008.24,39059.0,38981.91,39000.54,368.73139,2022-03-13 17:30:00
1647193500000,39000.54,39013.18,38912.45,38944.98,250.28248,2022-03-13 17:45:00
1647194400000,38944.97,38991.3,38914.61,38948.18,185.36388,2022-03-13 18:00:00
1647195300000,38948.18,38950.0,38900.37,38900.38,145.00147,2022-03-13 18:15:00
1647196200000,38900.37,38997.57,38875.69,38957.68,200.97869,2022-03-13 18:30:00
1647197100000,38957.68,39015.13,38957.68,38984.13,208.2992,2022-03-13 18:45:00
1647198000000,38984.13,39037.9,38962.79,38988.53,143.79556,2022-03-13 19:00:00
1647198900000,38988.52,39067.0,38941.52,38960.0,199.57387,2022-03-13 19:15:00
1647199800000,38960.01,38974.99,38900.1,38918.88,135.66477,2022-03-13 19:30:00
1647200700000,38918.88,38924.0,38856.0,38869.02,155.76786,2022-03-13 19:45:00
1647201600000,38869.02,38869.03,38646.03,38694.19,444.31872,2022-03-13 20:00:00
1647202500000,38694.19,38752.19,38555.0,38713.67,381.55278,2022-03-13 20:15:00
1647203400000,38713.67,38736.36,38665.34,38698.55,149.93586,2022-03-13 20:30:00
1647204300000,38698.55,38715.97,38633.1,38683.99,152.99022,2022-03-13 20:45:00
1647205200000,38684.0,38830.71,38650.13,38795.09,281.21242,2022-03-13 21:00:00
1647206100000,38795.1,38795.87,38738.44,38788.89,162.34414,2022-03-13 21:15:00
1647207000000,38788.9,38810.0,38700.12,38771.59,81.01106,2022-03-13 21:30:00
1647207900000,38771.59,38801.73,38710.0,38741.0,186.40241,2022-03-13 21:45:00
1647208800000,38740.99,38838.18,38709.19,38735.0,332.62732,2022-03-13 22:00:00
1647209700000,38735.0,38735.0,38550.0,38615.01,595.05356,2022-03-13 22:15:00
1647210600000,38615.0,38748.45,38570.0,38586.66,348.6542,2022-03-13 22:30:00
1647211500000,38586.66,38598.77,37588.0,37720.93,3796.06847,2022-03-13 22:45:00
1647212400000,37720.93,37885.09,37578.51,37725.78,1257.70777,2022-03-13 23:00:00
1647213300000,37725.79,37896.72,37725.78,37830.72,640.82181,2022-03-13 23:15:00
1647214200000,37830.72,37870.58,37722.53,37762.95,439.38358,2022-03-13 23:30:00
1647215100000,37762.95,37853.9,37731.32,37777.34,437.41659,2022-03-13 23:45:00
1647216000000,37777.35,37800.0,37555.0,37630.65,707.82609,2022-03-14 00:00:00
1647216900000,37630.66,37883.91,37623.16,37772.55,671.19432,2022-03-14 00:15:00
1647217800000,37772.55,37859.03,37715.01,37734.16,315.73484,2022-03-14 00:30:00
1647218700000,37734.16,37846.83,37718.01,37842.4,229.18895,2022-03-14 00:45:00
1647219600000,37842.4,38357.75,37842.39,38162.29,1867.23399,2022-03-14 01:00:00
1647220500000,38162.28,38176.08,38034.2,38099.99,340.54823,2022-03-14 01:15:00
1647221400000,38099.99,38137.58,37911.0,37975.18,340.49489,2022-03-14 01:30:00
1647222300000,37975.18,38116.74,37964.35,38062.99,281.14095,2022-03-14 01:45:00
1647223200000,38064.35,38135.0,37991.3,38077.99,303.19667,2022-03-14 02:00:00
1647224100000,38077.99,38163.55,38036.49,38136.49,259.47689,2022-03-14 02:15:00
1647225000000,38136.5,38188.0,38106.75,38106.75,292.43716,2022-03-14 02:30:00
1647225900000,38106.75,38126.58,38016.59,38045.31,265.53682,2022-03-14 02:45:00
1647226800000,38045.31,38063.64,37976.37,38005.22,454.09564,2022-03-14 03:00:00
1647227700000,38005.22,38062.99,37975.4,38048.49,287.5785,2022-03-14 03:15:00
1647228600000,38048.49,38132.43,38048.49,38126.0,241.88621,2022-03-14 03:30:00
1647229500000,38126.01,38179.81,38087.0,38144.05,143.35451,2022-03-14 03:45:00
1647230400000,38144.06,38799.0,38126.29,38671.48,1455.08665,2022-03-14 04:00:00
1647231300000,38671.47,38921.0,38580.74,38588.48,1065.15714,2022-03-14 04:15:00
1647232200000,38590.0,38629.29,38408.24,38488.87,526.3708,2022-03-14 04:30:00
1647233100000,38488.87,38540.08,38438.71,38519.86,253.0669,2022-03-14 04:45:00
1647234000000,38519.86,38610.0,38450.24,38575.13,325.03795,2022-03-14 05:00:00
1647234900000,38575.13,38587.99,38525.87,38531.19,153.94605,2022-03-14 05:15:00
1647235800000,38531.19,38573.55,38452.1,38457.04,231.30317,2022-03-14 05:30:00
1647236700000,38455.99,38534.95,38455.99,38468.03,198.49374,2022-03-14 05:45:00
1647237600000,38468.02,38558.0,38458.96,38520.71,206.37226,2022-03-14 06:00:00
1647238500000,38520.7,38773.15,38490.17,38634.71,552.98536,2022-03-14 06:15:00
1647239400000,38634.71,38698.93,38559.01,38575.99,251.34615,2022-03-14 06:30:00
1647240300000,38575.99,38690.06,38533.8,38658.62,678.99898,2022-03-14 06:45:00
1647241200000,38658.63,38768.42,38631.45,38731.99,288.80357,2022-03-14 07:00:00
1647242100000,38731.99,38922.0,38699.17,38745.34,879.27178,2022-03-14 07:15:00
1647243000000,38745.33,39150.0,38738.62,39099.34,1410.91112,2022-03-14 07:30:00
1647243900000,39099.35,39184.66,38968.14,39078.92,704.1187,2022-03-14 07:45:00
1647244800000,39078.91,39239.42,39012.68,39060.04,974.65627,2022-03-14 08:00:00
1647245700000,39060.05,39060.05,38954.0,38981.14,525.77013,2022-03-14 08:15:00
1647246600000,38981.13,39028.16,38942.56,38974.99,323.55541,2022-03-14 08:30:00
1647247500000,38974.99,39125.26,38974.99,39077.0,347.46153,2022-03-14 08:45:00
1647248400000,39077.0,39140.0,38853.74,39014.0,704.76864,2022-03-14 09:00:00
1647249300000,39014.01,39060.44,38984.46,39019.04,227.03997,2022-03-14 09:15:00
1647250200000,39019.04,39171.92,39019.04,39152.0,284.23398,2022-03-14 09:30:00
1647251100000,39152.01,39299.98,39055.1,39155.0,686.50977,2022-03-14 09:45:00
1647252000000,39154.99,39181.46,39060.0,39080.91,317.34828,2022-03-14 10:00:00
1647252900000,39080.92,39110.0,39015.3,39035.89,215.47533,2022-03-14 10:15:00
1647253800000,39035.89,39080.24,38969.38,39022.93,287.86781,2022-03-14 10:30:00
1647254700000,39022.94,39130.32,38999.0,39100.56,184.68314,2022-03-14 10:45:00
1647255600000,39100.56,39118.0,39015.51,39050.71,246.9038,2022-03-14 11:00:00
1647256500000,39050.71,39115.15,38842.89,38873.0,409.50266,2022-03-14 11:15:00
1647257400000,38871.8,38982.43,38863.24,38937.0,307.33978,2022-03-14 11:30:00
1647258300000,38937.0,38965.54,38885.43,38897.64,248.13007,2022-03-14 11:45:00
1647259200000,38897.64,38987.4,38778.64,38823.22,559.81314,2022-03-14 12:00:00
1647260100000,38823.22,38917.66,38768.74,38806.99,483.96403,2022-03-14 12:15:00
1647261000000,38807.0,38833.03,38729.7,38802.2,315.28892,2022-03-14 12:30:00
1647261900000,38802.21,38849.78,38675.03,38845.11,434.47718,2022-03-14 12:45:00
1647262800000,38845.12,38970.0,38814.71,38867.91,396.41015,2022-03-14 13:00:00
1647263700000,38867.9,38944.14,38648.12,38746.0,768.44402,2022-03-14 13:15:00
1647264600000,38746.88,38850.0,38612.01,38832.84,734.10546,2022-03-14 13:30:00
1647265500000,38832.85,38910.0,38768.37,38873.9,570.75761,2022-03-14 13:45:00
1647266400000,38873.91,39174.79,38811.64,39108.93,926.95525,2022-03-14 14:00:00
1647267300000,39108.92,39170.91,38913.47,38976.0,678.07306,2022-03-14 14:15:00
1647268200000,38975.6,39051.28,38771.0,38819.0,515.25332,2022-03-14 14:30:00
1647269100000,38818.99,39138.2,38745.0,39131.54,824.49968,2022-03-14 14:45:00
1647270000000,39131.53,39160.78,39000.0,39032.0,670.88623,2022-03-14 15:00:00
1647270900000,39031.99,39067.56,38964.0,39012.49,311.22034,2022-03-14 15:15:00
1647271800000,39012.49,39026.92,38900.0,38929.75,446.55538,2022-03-14 15:30:00
1647272700000,38929.76,38977.39,38823.36,38964.25,477.88063,2022-03-14 15:45:00
1647273600000,38964.26,38976.98,38812.07,38817.22,401.98517,2022-03-14 16:00:00
1647274500000,38817.22,39055.0,38817.22,38998.57,525.57949,2022-03-14 16:15:00
1647275400000,38998.57,39017.37,38930.34,38975.24,314.48176,2022-03-14 16:30:00
1647276300000,38975.23,38987.94,38830.0,38836.65,289.64143,2022-03-14 16:45:00
1647277200000,38836.66,38848.01,38675.44,38794.0,624.22756,2022-03-14 17:00:00
1647278100000,38793.99,38794.0,38654.12,38675.09,323.28838,2022-03-14 17:15:00
1647279000000,38675.09,38730.25,38552.23,38716.74,585.98225,2022-03-14 17:30:00
1647279900000,38716.75,38787.37,38659.98,38736.43,359.71564,2022-03-14 17:45:00
1647280800000,38736.42,38787.39,38694.49,38708.19,226.84631,2022-03-14 18:00:00
1647281700000,38708.19,38734.71,38472.08,38495.05,533.18558,2022-03-14 18:15:00
1647282600000,38494.99,38605.55,38415.4,38548.99,458.36527,2022-03-14 18:30:00
1647283500000,38549.0,38750.0,38528.01,38675.0,505.61504,2022-03-14 18:45:00
1647284400000,38675.0,38750.91,38615.0,38685.82,344.87439,2022-03-14 19:00:00
1647285300000,38685.82,38811.08,38672.01,38735.0,443.14868,2022-03-14 19:15:00
1647286200000,38735.01,38860.43,38650.0,38839.99,315.82552,2022-03-14 19:30:00
1647287100000,38839.98,38864.84,38748.34,38813.0,404.98643,2022-03-14 19:45:00
1647288000000,38814.18,38940.0,38806.71,38835.44,463.22998,2022-03-14 20:00:00
1647288900000,38835.43,38835.44,38791.42,38818.85,139.93209,2022-03-14 20:15:00
1647289800000,38818.85,38910.95,38800.01,38877.0,146.15734,2022-03-14 20:30:00
1647290700000,38877.01,38894.0,38702.0,38723.35,266.28946,2022-03-14 20:45:00
1647291600000,38723.35,38752.06,38606.41,38743.2,251.23696,2022-03-14 21:00:00
1647292500000,38743.2,38783.51,38722.0,38755.15,154.19129,2022-03-14 21:15:00
1647293400000,38755.15,38787.21,38670.68,38672.42,192.19355,2022-03-14 21:30:00
1647294300000,38672.43,38744.0,38640.0,38729.97,100.50541,2022-03-14 21:45:00
1647295200000,38729.97,39049.0,38677.68,38942.06,554.72535,2022-03-14 22:00:00
1647296100000,38941.99,39086.66,38867.0,38976.67,440.09891,2022-03-14 22:15:00
1647297000000,38976.67,39150.0,38947.18,39140.94,403.90801,2022-03-14 22:30:00
1647297900000,39140.93,39947.12,39074.0,39326.12,3396.07976,2022-03-14 22:45:00
1647298800000,39326.12,39749.89,39326.11,39718.29,867.52366,2022-03-14 23:00:00
1647299700000,39718.29,39777.91,39529.62,39775.64,524.85078,2022-03-14 23:15:00
1647300600000,39775.64,39784.25,39539.85,39545.5,416.21117,2022-03-14 23:30:00
1647301500000,39545.51,39706.89,39545.5,39671.37,382.54518,2022-03-14 23:45:00
1647302400000,39671.37,39804.68,39527.51,39535.72,863.19474,2022-03-15 00:00:00
1647303300000,39535.71,39554.01,39384.38,39495.9,493.78556,2022-03-15 00:15:00
1647304200000,39495.89,39599.4,39455.0,39560.58,400.37931,2022-03-15 00:30:00
1647305100000,39560.59,39599.95,39489.8,39571.99,288.13508,2022-03-15 00:45:00
1647306000000,39571.99,39600.0,39051.31,39167.01,1039.43756,2022-03-15 01:00:00
1647306900000,39167.01,39167.01,38876.03,38969.71,1055.83418,2022-03-15 01:15:00
1647307800000,38969.7,38969.72,38788.17,38934.77,560.62734,2022-03-15 01:30:00
1647308700000,38934.77,38939.09,38774.65,38825.81,314.73519,2022-03-15 01:45:00
1647309600000,38826.87,38954.5,38801.0,38927.47,298.16193,2022-03-15 02:00:00
1647310500000,38927.48,38972.26,38890.0,38896.61,246.81274,2022-03-15 02:15:00
1647311400000,38896.62,39118.91,38860.0,39060.0,458.20491,2022-03-15 02:30:00
1647312300000,39060.0,39065.0,38965.98,38984.01,190.85522,2022-03-15 02:45:00
1647313200000,38984.01,39034.78,38922.33,38960.0,186.32134,2022-03-15 03:00:00
1647314100000,38960.01,38970.31,38875.0,38887.75,194.10611,2022-03-15 03:15:00
1647315000000,38887.75,38922.46,38636.7,38659.16,566.73519,2022-03-15 03:30:00
1647315900000,38659.15,38795.06,38655.59,38768.41,333.91313,2022-03-15 03:45:00
1647316800000,38768.41,38799.78,38704.28,38771.71,204.24706,2022-03-15 04:00:00
1647317700000,38771.72,38865.18,38768.01,38811.3,175.56476,2022-03-15 04:15:00
1647318600000,38811.29,38843.0,38777.54,38816.37,143.83138,2022-03-15 04:30:00
1647319500000,38816.36,38848.46,38747.0,38786.01,107.89775,2022-03-15 04:45:00
1647320400000,38786.01,38800.0,38710.37,38723.54,212.30556,2022-03-15 05:00:00
1647321300000,38723.54,38798.0,38689.6,38709.03,178.56522,2022-03-15 05:15:00
1647322200000,38709.04,38835.0,38709.03,38765.41,244.67509,2022-03-15 05:30:00
1647323100000,38765.4,38782.24,38740.4,38755.98,134.00538,2022-03-15 05:45:00
1647324000000,38755.99,38837.7,38723.49,38814.18,183.97514,2022-03-15 06:00:00
1647324900000,38814.17,38990.61,38806.05,38806.05,471.3805,2022-03-15 06:15:00
1647325800000,38806.05,38883.34,38770.0,38807.06,292.81133,2022-03-15 06:30:00
1647326700000,38807.07,38807.38,38756.0,38761.04,162.14916,2022-03-15 06:45:00
1647327600000,38761.03,38768.0,38112.0,38249.33,1350.16035,2022-03-15 07:00:00
1647328500000,38249.32,38415.89,38098.33,38360.02,842.19335,2022-03-15 07:15:00
1647329400000,38360.02,38480.1,38344.55,38456.11,410.58407,2022-03-15 07:30:00
1647330300000,38456.32,38489.86,38390.77,38439.5,870.24766,2022-03-15 07:45:00
1647331200000,38439.5,38477.0,38254.35,38417.0,831.38148,2022-03-15 08:00:00
1647332100000,38416.99,38417.0,38321.7,38373.18,365.15005,2022-03-15 08:15:00
1647333000000,38373.18,38444.0,38350.0,38419.99,232.61352,2022-03-15 08:30:00
1647333900000,38420.0,38425.36,38361.24,38362.15,185.74299,2022-03-15 08:45:00
1647334800000,38362.14,38413.55,38300.01,38400.46,635.82324,2022-03-15 09:00:00
1647335700000,38400.46,38690.0,38400.46,38587.99,606.99542,2022-03-15 09:15:00
1647336600000,38587.99,38641.52,38519.09,38610.3,239.17809,2022-03-15 09:30:00
1647337500000,38610.29,38659.6,38522.72,38581.61,185.95318,2022-03-15 09:45:00
1647338400000,38579.98,38730.88,38558.62,38701.23,395.64167,2022-03-15 10:00:00
1647339300000,38701.24,38720.0,38555.83,38622.32,363.95101,2022-03-15 10:15:00
1647340200000,38622.31,38667.42,38604.06,38606.0,240.55069,2022-03-15 10:30:00
1647341100000,38606.0,38707.65,38556.79,38663.58,256.62509,2022-03-15 10:45:00
1647342000000,38663.58,38729.0,38633.78,38690.01,367.55955,2022-03-15 11:00:00
1647342900000,38690.01,38786.74,38669.12,38715.59,504.76698,2022-03-15 11:15:00
1647343800000,38715.59,38735.0,38658.83,38675.81,212.93987,2022-03-15 11:30:00
1647344700000,38675.81,38675.82,38600.0,38645.01,291.66051,2022-03-15 11:45:00
1647345600000,38645.01,38717.8,38580.5,38657.47,318.28173,2022-03-15 12:00:00
1647346500000,38657.47,38763.39,38657.47,38711.9,258.963,2022-03-15 12:15:00
1647347400000,38711.9,38940.0,38711.9,38837.45,876.01989,2022-03-15 12:30:00
1647348300000,38837.44,38870.0,38782.54,38857.07,329.26091,2022-03-15 12:45:00
1647349200000,38857.06,38936.14,38773.91,38843.36,322.33377,2022-03-15 13:00:00
1647350100000,38843.36,38873.22,38742.0,38788.05,228.4003,2022-03-15 13:15:00
1647351000000,38788.05,38857.9,38465.7,38562.79,938.47037,2022-03-15 13:30:00
1647351900000,38562.78,38780.51,38516.77,38717.01,532.45529,2022-03-15 13:45:00
1647352800000,38717.01,38900.0,38660.0,38808.37,948.81577,2022-03-15 14:00:00
1647353700000,38808.37,39066.0,38677.68,39030.53,866.63374,2022-03-15 14:15:00
1647354600000,39030.54,39188.13,38914.98,39078.85,991.25138,2022-03-15 14:30:00
1647355500000,39078.84,39173.73,39018.19,39033.47,714.04909,2022-03-15 14:45:00
1647356400000,39033.47,39167.83,38931.72,39147.32,619.47287,2022-03-15 15:00:00
1647357300000,39147.32,39173.74,39049.84,39146.15,427.70249,2022-03-15 15:15:00
1647358200000,39146.16,39270.24,39103.04,39119.21,1102.0307,2022-03-15 15:30:00
1647359100000,39119.21,39149.15,38928.19,39017.11,705.38164,2022-03-15 15:45:00
1647360000000,39017.11,39122.49,38926.15,39098.29,643.97284,2022-03-15 16:00:00
1647360900000,39098.28,39244.0,39072.8,39176.76,612.8925,2022-03-15 16:15:00
1647361800000,39176.76,39269.02,39143.0,39203.45,737.7452,2022-03-15 16:30:00
1647362700000,39203.44,39400.0,39125.96,39171.0,901.31205,2022-03-15 16:45:00
1647363600000,39171.01,39240.0,39094.47,39096.4,382.72544,2022-03-15 17:00:00
1647364500000,39096.39,39167.0,39096.39,39101.41,502.70801,2022-03-15 17:15:00
1647365400000,39101.41,39216.57,39083.84,39177.21,347.57121,2022-03-15 17:30:00
1647366300000,39177.2,39359.57,39160.0,39296.21,454.32839,2022-03-15 17:45:00
1647367200000,39296.2,39364.03,39201.01,39255.02,391.91847,2022-03-15 18:00:00
1647368100000,39255.02,39274.51,39182.99,39216.44,271.93956,2022-03-15 18:15:00
1647369000000,39216.44,39280.54,39194.26,39219.79,257.20076,2022-03-15 18:30:00
1647369900000,39219.78,39526.99,39209.02,39404.9,725.51307,2022-03-15 18:45:00
1647370800000,39404.9,39692.56,39395.0,39592.07,1139.55231,2022-03-15 19:00:00
1647371700000,39592.07,39733.45,39577.69,39710.0,720.7518,2022-03-15 19:15:00
1647372600000,39709.51,39805.43,39672.68,39680.59,670.71654,2022-03-15 19:30:00
1647373500000,39680.58,39760.71,39585.07,39735.71,672.79431,2022-03-15 19:45:00
1647374400000,39735.71,39863.42,39441.13,39528.25,1024.75697,2022-03-15 20:00:00
1647375300000,39528.25,39584.83,39476.29,39575.44,407.43311,2022-03-15 20:15:00
1647376200000,39575.44,39662.17,39384.53,39490.29,607.44149,2022-03-15 20:30:00
1647377100000,39490.3,39518.0,39377.71,39432.05,505.947,2022-03-15 20:45:00
1647378000000,39432.05,39460.08,39280.92,39441.12,496.78776,2022-03-15 21:00:00
1647378900000,39441.13,39528.05,39378.19,39477.22,321.60011,2022-03-15 21:15:00
1647379800000,39477.21,39650.0,39427.38,39519.25,335.00779,2022-03-15 21:30:00
1647380700000,39519.25,39655.63,39519.25,39653.0,248.89147,2022-03-15 21:45:00
1647381600000,39652.99,39887.61,39636.2,39715.99,651.7288,2022-03-15 22:00:00
1647382500000,39715.99,39716.0,39488.7,39537.65,424.0481,2022-03-15 22:15:00
1647383400000,39537.79,39537.79,39400.08,39446.43,357.16866,2022-03-15 22:30:00
1647384300000,39446.43,39503.99,39436.93,39467.01,136.42438,2022-03-15 22:45:00
1647385200000,39467.01,39547.99,39316.28,39316.28,346.71779,2022-03-15 23:00:00
1647386100000,39316.29,39416.63,39232.61,39340.32,557.23441,2022-03-15 23:15:00
1647387000000,39340.32,39429.03,39300.01,39386.66,341.33854,2022-03-15 23:30:00
1647387900000,39386.67,39425.99,39267.0,39280.33,247.49085,2022-03-15 23:45:00
1647388800000,39280.33,39430.0,39205.45,39356.01,461.23247,2022-03-16 00:00:00
1647389700000,39356.01,39356.01,39160.0,39286.7,415.14075,2022-03-16 00:15:00
1647390600000,39286.7,39338.43,39199.77,39228.61,340.42395,2022-03-16 00:30:00
1647391500000,39228.62,39260.01,39119.62,39169.82,345.89487,2022-03-16 00:45:00
1647392400000,39169.82,39221.0,39088.0,39214.82,254.8925,2022-03-16 01:00:00
1647393300000,39214.81,39245.15,39200.0,39214.14,167.1312,2022-03-16 01:15:00
1647394200000,39214.15,39349.02,39108.67,39249.36,271.25907,2022-03-16 01:30:00
1647395100000,39249.36,39625.0,39227.01,39512.48,1137.53754,2022-03-16 01:45:00
1647396000000,39512.49,41517.9,39473.01,41403.68,6339.35822,2022-03-16 02:00:00
1647396900000,41403.68,41718.0,40983.23,40985.82,3899.82898,2022-03-16 02:15:00
1647397800000,40985.83,41177.07,40800.0,40964.09,1983.89636,2022-03-16 02:30:00
1647398700000,40964.08,41019.69,40705.29,40866.06,1060.57353,2022-03-16 02:45:00
1647399600000,40866.06,40939.77,39292.94,39476.26,3050.56219,2022-03-16 03:00:00
1647400500000,39476.26,39789.14,39259.34,39692.06,1972.19379,2022-03-16 03:15:00
1647401400000,39692.05,39696.12,38828.48,39206.69,2151.02705,2022-03-16 03:30:00
1647402300000,39206.68,39340.0,38962.84,39160.0,898.6073,2022-03-16 03:45:00
1647403200000,39160.0,39214.94,39000.0,39117.29,601.5708,2022-03-16 04:00:00
1647404100000,39117.29,39131.03,38911.0,39080.84,554.58332,2022-03-16 04:15:00
1647405000000,39080.84,39166.33,39002.82,39100.51,416.15596,2022-03-16 04:30:00
1647405900000,39100.52,39192.26,39100.51,39113.85,309.49804,2022-03-16 04:45:00
1647406800000,39113.84,39128.18,39000.0,39099.0,407.48941,2022-03-16 05:00:00
1647407700000,39098.99,39104.41,38976.87,39056.63,232.24867,2022-03-16 05:15:00
1647408600000,39056.63,39494.08,39008.91,39369.03,659.34301,2022-03-16 05:30:00
1647409500000,39369.03,39396.23,39201.99,39321.24,407.91701,2022-03-16 05:45:00
1647410400000,39321.24,39459.18,39257.89,39356.01,339.81462,2022-03-16 06:00:00
1647411300000,39356.0,39589.06,39330.01,39352.53,471.74034,2022-03-16 06:15:00
1647412200000,39352.54,39519.99,39342.01,39494.03,301.55367,2022-03-16 06:30:00
1647413100000,39494.03,39599.26,39408.69,39588.15,407.0065,2022-03-16 06:45:00
1647414000000,39588.15,39600.0,39395.3,39510.96,511.13341,2022-03-16 07:00:00
1647414900000,39510.96,39530.0,39354.15,39430.71,365.26702,2022-03-16 07:15:00
1647415800000,39430.72,39616.14,39402.14,39472.56,529.2423,2022-03-16 07:30:00
1647416700000,39472.56,39676.65,39472.56,39581.0,783.80368,2022-03-16 07:45:00
1647417600000,39581.01,39900.0,39563.63,39754.99,773.67106,2022-03-16 08:00:00
1647418500000,39754.99,39888.84,39679.68,39724.82,474.98792,2022-03-16 08:15:00
1647419400000,39724.83,40483.78,39698.0,40111.74,1851.17758,2022-03-16 08:30:00
1647420300000,40111.74,40463.82,40040.95,40309.99,1084.8096,2022-03-16 08:45:00
1647421200000,40309.99,40731.3,40230.09,40411.99,1500.24606,2022-03-16 09:00:00
1647422100000,40412.0,40597.84,40355.25,40546.29,649.87897,2022-03-16 09:15:00
1647423000000,40546.29,40590.58,40292.24,40370.01,634.08522,2022-03-16 09:30:00
1647423900000,40370.0,40535.26,40370.0,40507.25,452.49887,2022-03-16 09:45:00
1647424800000,40507.24,40579.98,40382.39,40475.47,574.91845,2022-03-16 10:00:00
1647425700000,40475.48,40664.97,40409.07,40410.39,560.24589,2022-03-16 10:15:00
1647426600000,40410.4,40447.94,40163.26,40391.54,849.63177,2022-03-16 10:30:00
1647427500000,40393.48,40529.0,40283.61,40307.89,389.87168,2022-03-16 10:45:00
1647428400000,40307.89,40378.31,40225.92,40332.15,428.36584,2022-03-16 11:00:00
1647429300000,40334.01,40550.0,40317.0,40450.21,564.28916,2022-03-16 11:15:00
1647430200000,40450.21,40635.26,40436.76,40560.59,594.95321,2022-03-16 11:30:00
1647431100000,40560.59,40680.64,40478.8,40521.6,696.78511,2022-03-16 11:45:00
1647432000000,40521.6,40695.8,40469.3,40491.98,984.06084,2022-03-16 12:00:00
1647432900000,40491.99,40550.09,40400.0,40506.18,352.34943,2022-03-16 12:15:00
1647433800000,40506.17,40557.97,40343.01,40410.01,319.32128,2022-03-16 12:30:00
1647434700000,40410.0,40464.23,40358.0,40360.41,340.55935,2022-03-16 12:45:00
1647435600000,40360.4,40419.89,40252.9,40264.52,420.40031,2022-03-16 13:00:00
1647436500000,40264.53,40427.56,40252.06,40400.0,395.47838,2022-03-16 13:15:00
1647437400000,40400.01,40582.92,40292.26,40470.0,816.90698,2022-03-16 13:30:00
1647438300000,40469.99,40664.96,40469.2,40633.84,633.00309,2022-03-16 13:45:00
1647439200000,40633.83,40900.0,40375.92,40688.0,1274.80159,2022-03-16 14:00:00
1647440100000,40687.99,41194.6,40685.0,40925.0,2346.02839,2022-03-16 14:15:00
1647441000000,40925.01,41037.83,40501.0,40676.81,1226.34169,2022-03-16 14:30:00
1647441900000,40679.01,40846.29,40639.7,40818.21,619.94145,2022-03-16 14:45:00
1647442800000,40818.2,40884.14,40694.05,40802.45,517.82303,2022-03-16 15:00:00
1647443700000,40802.45,40804.26,40685.73,40718.01,437.62773,2022-03-16 15:15:00
1647444600000,40718.01,40743.85,40514.15,40607.93,581.9733,2022-03-16 15:30:00
1647445500000,40607.92,40700.0,40560.94,40611.67,417.03562,2022-03-16 15:45:00
1647446400000,40611.67,40761.55,40599.94,40676.32,708.55086,2022-03-16 16:00:00
1647447300000,40676.33,40676.33,40041.4,40135.14,2222.16073,2022-03-16 16:15:00
1647448200000,40135.15,40397.43,40126.09,40386.43,961.38649,2022-03-16 16:30:00
1647449100000,40386.43,40451.89,40223.7,40301.0,470.82961,2022-03-16 16:45:00
1647450000000,40301.01,40322.98,40064.11,40239.05,616.27621,2022-03-16 17:00:00
1647450900000,40239.06,40445.03,40157.0,40358.01,407.04912,2022-03-16 17:15:00
1647451800000,40358.0,40690.0,40358.0,40500.01,696.58297,2022-03-16 17:30:00
1647452700000,40500.02,40539.32,40180.58,40426.71,674.52411,2022-03-16 17:45:00
1647453600000,40426.7,40567.53,39560.0,39740.65,5937.24443,2022-03-16 18:00:00
1647454500000,39740.66,39965.18,39693.64,39726.51,1210.288,2022-03-16 18:15:00
1647455400000,39726.51,40177.29,39311.53,39978.03,2796.28839,2022-03-16 18:30:00
1647456300000,39978.02,40072.13,39790.57,39930.5,1229.15462,2022-03-16 18:45:00
1647457200000,39931.07,40259.71,39821.74,40223.62,1087.72307,2022-03-16 19:00:00
1647458100000,40223.61,40896.31,40151.89,40831.43,2447.65781,2022-03-16 19:15:00
1647459000000,40831.42,40840.72,40500.0,40670.01,1226.15245,2022-03-16 19:30:00
1647459900000,40670.01,40950.0,40640.01,40880.17,1032.92855,2022-03-16 19:45:00
1647460800000,40880.17,41471.36,40766.19,41386.86,2190.73261,2022-03-16 20:00:00
1647461700000,41386.86,41386.87,41055.25,41196.76,1049.35693,2022-03-16 20:15:00
1647462600000,41196.76,41348.0,41146.41,41299.2,529.89902,2022-03-16 20:30:00
1647463500000,41299.91,41348.0,41205.0,41246.0,405.89126,2022-03-16 20:45:00
1647464400000,41245.99,41399.68,41216.99,41254.83,488.56512,2022-03-16 21:00:00
1647465300000,41254.84,41254.84,41029.1,41135.33,593.5874,2022-03-16 21:15:00
1647466200000,41135.34,41151.3,40934.0,41038.63,399.73285,2022-03-16 21:30:00
1647467100000,41039.23,41206.44,41009.35,41102.42,338.57063,2022-03-16 21:45:00
1647468000000,41102.41,41214.36,41064.21,41110.0,309.62952,2022-03-16 22:00:00
1647468900000,41110.0,41134.99,41009.71,41078.0,260.12508,2022-03-16 22:15:00
1647469800000,41077.99,41093.02,40889.0,40915.94,364.39042,2022-03-16 22:30:00
1647470700000,40915.94,40953.2,40863.09,40882.99,282.21401,2022-03-16 22:45:00
1647471600000,40882.99,40952.8,40780.0,40929.98,378.57725,2022-03-16 23:00:00
1647472500000,40929.98,41199.99,40929.98,41127.72,459.56678,2022-03-16 23:15:00
1647473400000,41127.72,41163.87,41035.68,41084.11,270.36805,2022-03-16 23:30:00
1647474300000,41084.12,41170.37,41021.99,41114.0,262.76094,2022-03-16 23:45:00
1647475200000,41114.01,41164.78,40934.27,40987.59,487.00318,2022-03-17 00:00:00
1647476100000,40987.59,41115.88,40963.51,40982.51,291.17729,2022-03-17 00:15:00
1647477000000,40982.51,41014.41,40860.0,40920.15,268.37915,2022-03-17 00:30:00
1647477900000,40920.16,41022.16,40916.7,41016.83,230.5432,2022-03-17 00:45:00
1647478800000,41016.82,41023.01,40875.01,40951.99,218.90758,2022-03-17 01:00:00
1647479700000,40952.0,40979.76,40820.0,40876.99,211.16815,2022-03-17 01:15:00
1647480600000,40877.0,40975.58,40874.12,40959.1,217.29175,2022-03-17 01:30:00
1647481500000,40959.09,41310.0,40955.39,41213.81,710.55175,2022-03-17 01:45:00
1647482400000,41213.8,41393.01,41082.52,41114.16,650.54642,2022-03-17 02:00:00
1647483300000,41114.16,41114.17,40950.71,40999.99,387.43037,2022-03-17 02:15:00
1647484200000,40999.99,41059.93,40902.42,41036.3,299.7636,2022-03-17 02:30:00
1647485100000,41036.3,41120.15,41027.0,41120.15,286.14843,2022-03-17 02:45:00
1647486000000,41120.15,41120.15,40971.4,41000.13,271.73197,2022-03-17 03:00:00
1647486900000,41000.13,41100.0,41000.13,41099.99,224.94791,2022-03-17 03:15:00
1647487800000,41099.99,41166.92,41033.0,41046.41,575.04286,2022-03-17 03:30:00
1647488700000,41046.41,41046.42,40983.05,41014.71,235.73192,2022-03-17 03:45:00
1647489600000,41014.71,41055.99,40903.28,41045.0,351.39536,2022-03-17 04:00:00
1647490500000,41045.0,41089.45,40985.79,40985.79,233.61029,2022-03-17 04:15:00
1647491400000,40985.8,41058.86,40973.01,40999.28,238.30976,2022-03-17 04:30:00
1647492300000,40999.27,41371.14,40992.89,41340.94,763.60406,2022-03-17 04:45:00
1647493200000,41340.94,41478.82,41010.6,41096.0,1001.95793,2022-03-17 05:00:00
1647494100000,41096.0,41144.83,41050.0,41084.47,256.24348,2022-03-17 05:15:00
1647495000000,41084.0,41150.2,41079.48,41144.24,154.72538,2022-03-17 05:30:00
1647495900000,41144.24,41166.9,41030.26,41062.31,195.28638,2022-03-17 05:45:00
1647496800000,41062.3,41102.98,41004.52,41029.04,179.01101,2022-03-17 06:00:00
1647497700000,41029.04,41100.0,40962.34,40984.25,262.38984,2022-03-17 06:15:00
1647498600000,40984.24,40984.25,40816.47,40904.63,581.15657,2022-03-17 06:30:00
1647499500000,40904.63,40906.1,40608.0,40760.01,826.98293,2022-03-17 06:45:00
1647500400000,40760.01,40852.16,40616.64,40816.0,474.2831,2022-03-17 07:00:00
1647501300000,40816.01,40918.8,40778.73,40811.75,756.35215,2022-03-17 07:15:00
1647502200000,40811.75,40830.63,40565.39,40610.02,909.00931,2022-03-17 07:30:00
1647503100000,40610.01,40767.3,40543.52,40726.05,626.62095,2022-03-17 07:45:00
1647504000000,40726.06,40878.18,40679.71,40812.28,396.59067,2022-03-17 08:00:00
1647504900000,40812.29,40881.01,40778.0,40838.0,226.94038,2022-03-17 08:15:00
1647505800000,40837.99,40899.92,40771.12,40819.51,321.45677,2022-03-17 08:30:00
1647506700000,40819.52,40877.41,40802.19,40811.95,259.71935,2022-03-17 08:45:00
1647507600000,40811.95,40829.81,40740.0,40814.94,298.87035,2022-03-17 09:00:00
1647508500000,40814.94,40888.0,40786.04,40852.84,302.59278,2022-03-17 09:15:00
1647509400000,40852.84,40887.99,40778.5,40783.02,253.4029,2022-03-17 09:30:00
1647510300000,40783.03,40841.23,40701.0,40821.0,354.68215,2022-03-17 09:45:00
1647511200000,40821.0,40825.01,40583.02,40646.28,743.89407,2022-03-17 10:00:00
1647512100000,40646.29,40693.32,40620.41,40663.0,286.37682,2022-03-17 10:15:00
1647513000000,40663.0,40841.78,40500.0,40725.87,726.20292,2022-03-17 10:30:00
1647513900000,40725.88,40794.52,40633.93,40723.08,370.4556,2022-03-17 10:45:00
1647514800000,40723.08,40812.73,40678.23,40775.99,331.12531,2022-03-17 11:00:00
1647515700000,40775.98,40785.23,40634.95,40689.4,324.88543,2022-03-17 11:15:00
1647516600000,40689.39,40733.77,40632.29,40720.9,221.00748,2022-03-17 11:30:00
1647517500000,40720.91,40750.0,40661.98,40748.51,240.41909,2022-03-17 11:45:00
1647518400000,40748.5,41076.79,40704.89,41041.82,1208.44256,2022-03-17 12:00:00
1647519300000,41041.83,41233.27,40866.13,40912.97,1128.58599,2022-03-17 12:15:00
1647520200000,40912.98,41053.55,40904.01,41006.42,401.24863,2022-03-17 12:30:00
1647521100000,41006.42,41060.53,40912.0,41038.8,387.80201,2022-03-17 12:45:00
1647522000000,41038.8,41105.95,41001.34,41051.62,321.38851,2022-03-17 13:00:00
1647522900000,41051.61,41051.62,40920.65,40936.14,266.62598,2022-03-17 13:15:00
1647523800000,40936.14,41000.0,40822.02,41000.0,559.58807,2022-03-17 13:30:00
1647524700000,40999.99,41170.99,40854.64,41114.0,1006.87842,2022-03-17 13:45:00
1647525600000,41114.01,41162.46,41037.61,41057.0,704.13232,2022-03-17 14:00:00
1647526500000,41056.99,41075.0,40977.51,41014.1,381.88764,2022-03-17 14:15:00
1647527400000,41014.09,41020.0,40920.75,40956.26,382.21965,2022-03-17 14:30:00
1647528300000,40956.27,40957.7,40762.47,40822.99,600.31125,2022-03-17 14:45:00
1647529200000,40823.0,40921.61,40750.0,40828.26,596.15679,2022-03-17 15:00:00
1647530100000,40828.25,40991.7,40826.4,40950.0,373.19854,2022-03-17 15:15:00
1647531000000,40949.99,41018.43,40904.31,40906.44,300.29225,2022-03-17 15:30:00
1647531900000,40906.45,40908.64,40755.0,40798.56,384.47176,2022-03-17 15:45:00
1647532800000,40798.56,40821.17,40680.01,40789.88,427.6952,2022-03-17 16:00:00
1647533700000,40789.87,40890.11,40619.57,40812.08,653.26482,2022-03-17 16:15:00
1647534600000,40812.08,40879.54,40721.68,40840.43,276.88722,2022-03-17 16:30:00
1647535500000,40840.43,40857.37,40705.77,40800.05,266.08308,2022-03-17 16:45:00
1647536400000,40800.05,40807.82,40565.39,40622.64,679.83438,2022-03-17 17:00:00
1647537300000,40622.64,40784.16,40580.01,40758.39,275.39877,2022-03-17 17:15:00
1647538200000,40758.39,40820.09,40682.16,40732.26,231.61241,2022-03-17 17:30:00
1647539100000,40732.26,40837.24,40730.65,40776.38,258.00868,2022-03-17 17:45:00
1647540000000,40776.38,40860.0,40761.26,40804.62,291.38664,2022-03-17 18:00:00
1647540900000,40804.63,40874.99,40780.0,40780.0,197.33561,2022-03-17 18:15:00
1647541800000,40780.0,40842.47,40752.31,40793.7,297.40156,2022-03-17 18:30:00
1647542700000,40793.69,40821.1,40743.42,40805.01,187.40604,2022-03-17 18:45:00
1647543600000,40805.01,40878.96,40750.0,40795.85,261.2917,2022-03-17 19:00:00
1647544500000,40795.84,40821.97,40741.4,40817.0,190.397,2022-03-17 19:15:00
1647545400000,40814.74,40870.0,40752.12,40819.96,248.2506,2022-03-17 19:30:00
1647546300000,40819.96,40872.86,40775.58,40871.85,265.72476,2022-03-17 19:45:00
1647547200000,40871.86,40879.31,40669.69,40736.39,328.53112,2022-03-17 20:00:00
1647548100000,40736.39,40752.71,40639.77,40703.52,215.5657,2022-03-17 20:15:00
1647549000000,40703.05,40710.33,40645.93,40700.0,225.37139,2022-03-17 20:30:00
1647549900000,40700.0,40767.46,40670.0,40696.52,155.21163,2022-03-17 20:45:00
1647550800000,40696.53,40736.98,40673.7,40734.98,222.29291,2022-03-17 21:00:00
1647551700000,40734.97,40768.21,40699.99,40768.2,151.48856,2022-03-17 21:15:00
1647552600000,40768.21,40870.84,40764.41,40846.0,203.25504,2022-03-17 21:30:00
1647553500000,40846.01,41000.13,40811.65,41000.01,617.72258,2022-03-17 21:45:00
1647554400000,41000.01,41068.9,40877.56,40877.56,920.25351,2022-03-17 22:00:00
1647555300000,40877.57,40963.97,40865.71,40940.0,186.19938,2022-03-17 22:15:00
1647556200000,40939.99,40977.66,40880.55,40907.68,124.52047,2022-03-17 22:30:00
1647557100000,40907.68,41006.99,40897.51,40987.83,188.25912,2022-03-17 22:45:00
1647558000000,40987.84,41000.0,40884.79,40888.99,174.25722,2022-03-17 23:00:00
1647558900000,40889.0,40985.35,40887.03,40947.76,171.6951,2022-03-17 23:15:00
1647559800000,40947.77,40968.65,40890.77,40900.0,136.96067,2022-03-17 23:30:00
1647560700000,40900.01,40963.73,40897.63,40917.9,120.66153,2022-03-17 23:45:00
1647561600000,40917.89,40933.11,40773.29,40839.99,353.48138,2022-03-18 00:00:00
1647562500000,40840.0,40923.0,40796.93,40876.98,222.03378,2022-03-18 00:15:00
1647563400000,40876.98,40923.45,40722.19,40745.01,274.9784,2022-03-18 00:30:00
1647564300000,40745.01,40764.54,40215.59,40335.84,1482.20439,2022-03-18 00:45:00
1647565200000,40335.84,40464.86,40258.39,40459.8,657.11312,2022-03-18 01:00:00
1647566100000,40459.79,40549.67,40404.66,40506.55,384.38933,2022-03-18 01:15:00
1647567000000,40506.55,40515.72,40430.95,40504.99,292.03077,2022-03-18 01:30:00
1647567900000,40505.0,40545.39,40450.75,40541.74,213.8221,2022-03-18 01:45:00
1647568800000,40541.73,40554.96,40431.67,40485.54,229.19558,2022-03-18 02:00:00
1647569700000,40485.55,40515.51,40430.5,40514.9,167.59996,2022-03-18 02:15:00
1647570600000,40514.9,40624.99,40454.56,40534.03,343.56356,2022-03-18 02:30:00
1647571500000,40534.04,40545.16,40491.96,40511.0,130.34835,2022-03-18 02:45:00
1647572400000,40511.01,40581.94,40494.76,40511.03,182.78072,2022-03-18 03:00:00
1647573300000,40511.04,40546.99,40454.98,40536.08,202.45083,2022-03-18 03:15:00
1647574200000,40536.09,40546.25,40428.06,40445.35,371.63085,2022-03-18 03:30:00
1647575100000,40445.35,40553.0,40443.56,40522.19,231.20979,2022-03-18 03:45:00
1647576000000,40522.18,40522.19,40432.35,40477.48,262.24468,2022-03-18 04:00:00
1647576900000,40477.48,40573.87,40467.39,40555.4,326.70432,2022-03-18 04:15:00
1647577800000,40555.4,40615.44,40553.38,40615.43,251.34342,2022-03-18 04:30:00
1647578700000,40615.44,40640.07,40589.3,40618.2,199.9278,2022-03-18 04:45:00
1647579600000,40618.21,40897.0,40618.2,40784.47,767.24682,2022-03-18 05:00:00
1647580500000,40784.47,40830.0,40691.54,40740.01,259.12092,2022-03-18 05:15:00
1647581400000,40740.02,40785.94,40686.6,40741.74,254.57649,2022-03-18 05:30:00
1647582300000,40741.75,40818.85,40733.26,40757.01,230.35841,2022-03-18 05:45:00
1647583200000,40757.01,40838.0,40757.0,40811.01,172.2294,2022-03-18 06:00:00
1647584100000,40811.01,40828.71,40758.97,40758.98,249.27066,2022-03-18 06:15:00
1647585000000,40758.97,40810.47,40731.41,40739.0,211.61271,2022-03-18 06:30:00
1647585900000,40739.0,40748.38,40709.78,40742.92,132.527,2022-03-18 06:45:00
1647586800000,40742.92,40795.0,40691.0,40708.7,204.84725,2022-03-18 07:00:00
1647587700000,40708.71,40725.48,40658.0,40663.72,195.68579,2022-03-18 07:15:00
1647588600000,40663.72,40747.99,40639.0,40676.88,241.83162,2022-03-18 07:30:00
1647589500000,40676.89,40711.75,40552.74,40570.67,321.60794,2022-03-18 07:45:00
1647590400000,40570.67,40611.57,40500.0,40592.01,318.66279,2022-03-18 08:00:00
1647591300000,40592.0,40750.0,40573.17,40716.54,478.18052,2022-03-18 08:15:00
1647592200000,40716.53,40749.22,40645.83,40681.99,269.46968,2022-03-18 08:30:00
1647593100000,40681.99,40710.0,40453.92,40604.45,501.15699,2022-03-18 08:45:00
1647594000000,40604.45,40633.63,40514.2,40589.89,315.61909,2022-03-18 09:00:00
1647594900000,40589.88,40589.89,40479.97,40572.49,312.24705,2022-03-18 09:15:00
1647595800000,40572.5,40608.15,40475.54,40545.3,312.4449,2022-03-18 09:30:00
1647596700000,40545.29,40557.0,40452.08,40505.61,263.89012,2022-03-18 09:45:00
1647597600000,40505.62,40583.17,40500.0,40553.39,248.6093,2022-03-18 10:00:00
1647598500000,40553.39,40637.54,40533.95,40622.26,213.68692,2022-03-18 10:15:00
1647599400000,40622.01,40637.4,40583.0,40583.01,183.78347,2022-03-18 10:30:00
1647600300000,40583.01,40610.45,40334.14,40370.63,508.46376,2022-03-18 10:45:00
1647601200000,40370.62,40414.11,40260.42,40329.99,621.3618,2022-03-18 11:00:00
1647602100000,40329.99,40340.0,40239.5,40254.85,1038.60845,2022-03-18 11:15:00
1647603000000,40254.86,40389.04,40135.04,40369.26,646.79644,2022-03-18 11:30:00
1647603900000,40369.27,40445.0,40337.75,40390.41,418.81156,2022-03-18 11:45:00
1647604800000,40390.4,40504.99,40344.4,40434.73,331.52588,2022-03-18 12:00:00
1647605700000,40434.74,40441.62,40372.23,40372.23,244.47761,2022-03-18 12:15:00
1647606600000,40372.24,40583.81,40343.46,40541.0,541.13688,2022-03-18 12:30:00
1647607500000,40541.01,40573.99,40425.25,40445.0,278.68636,2022-03-18 12:45:00
1647608400000,40445.0,40519.98,40395.52,40495.81,385.27259,2022-03-18 13:00:00
1647609300000,40495.81,40498.29,40367.48,40455.51,346.39609,2022-03-18 13:15:00
1647610200000,40455.51,40535.45,40300.0,40510.45,570.04067,2022-03-18 13:30:00
1647611100000,40510.44,40615.79,40500.67,40591.9,579.42444,2022-03-18 13:45:00
1647612000000,40591.91,40800.0,40580.32,40712.01,1048.4089,2022-03-18 14:00:00
1647612900000,40712.0,40792.53,40566.94,40747.99,941.55764,2022-03-18 14:15:00
1647613800000,40748.0,40792.99,40475.6,40545.08,764.20723,2022-03-18 14:30:00
1647614700000,40545.08,40590.8,40442.0,40566.35,347.09627,2022-03-18 14:45:00
1647615600000,40566.35,40682.99,40542.87,40603.14,478.73325,2022-03-18 15:00:00
1647616500000,40603.14,40705.88,40563.91,40607.02,430.22024,2022-03-18 15:15:00
1647617400000,40607.01,40972.6,40607.01,40883.28,1363.22902,2022-03-18 15:30:00
1647618300000,40883.28,41072.96,40783.19,40931.08,1550.12382,2022-03-18 15:45:00
1647619200000,40931.08,41045.0,40904.98,40986.4,813.57671,2022-03-18 16:00:00
1647620100000,40986.4,41374.1,40979.11,41339.94,1620.89368,2022-03-18 16:15:00
1647621000000,41339.94,41391.19,41149.1,41312.03,883.31565,2022-03-18 16:30:00
1647621900000,41312.02,41472.44,41205.7,41409.65,869.62026,2022-03-18 16:45:00
1647622800000,41409.65,41651.32,41353.41,41448.44,1454.03664,2022-03-18 17:00:00
1647623700000,41448.44,41600.0,41390.2,41520.97,644.65088,2022-03-18 17:15:00
1647624600000,41520.98,41563.99,41402.81,41428.99,478.86069,2022-03-18 17:30:00
1647625500000,41428.99,41698.47,41391.0,41661.86,663.92175,2022-03-18 17:45:00
1647626400000,41661.87,41850.0,41618.0,41723.48,1102.10018,2022-03-18 18:00:00
1647627300000,41723.48,41766.82,41624.42,41664.32,379.83179,2022-03-18 18:15:00
1647628200000,41664.32,41790.0,41594.45,41708.51,461.46685,2022-03-18 18:30:00
1647629100000,41708.51,41767.75,41638.34,41693.03,272.61527,2022-03-18 18:45:00
1647630000000,41693.04,41788.32,41640.92,41682.85,351.43414,2022-03-18 19:00:00
1647630900000,41682.86,41724.43,41650.07,41719.44,286.41361,2022-03-18 19:15:00
1647631800000,41719.43,41844.39,41711.71,41783.0,512.52191,2022-03-18 19:30:00
1647632700000,41783.0,42063.97,41768.63,42042.72,1620.24078,2022-03-18 19:45:00
1647633600000,42042.71,42325.02,41940.78,41941.17,1491.84707,2022-03-18 20:00:00
1647634500000,41941.18,41966.6,41838.32,41899.16,517.47234,2022-03-18 20:15:00
1647635400000,41899.17,41915.4,41825.12,41835.18,274.92679,2022-03-18 20:30:00
1647636300000,41835.17,41897.0,41699.46,41720.01,412.3767,2022-03-18 20:45:00
1647637200000,41720.0,41871.49,41662.07,41762.6,600.63822,2022-03-18 21:00:00
1647638100000,41762.6,41776.51,41670.73,41671.02,195.5687,2022-03-18 21:15:00
1647639000000,41671.01,41773.76,41625.36,41727.98,253.15582,2022-03-18 21:30:00
1647639900000,41727.97,41848.16,41727.97,41804.08,221.79485,2022-03-18 21:45:00
1647640800000,41804.09,41862.16,41700.0,41771.2,299.34632,2022-03-18 22:00:00
1647641700000,41771.19,41785.22,41651.89,41692.64,252.54356,2022-03-18 22:15:00
1647642600000,41692.63,41730.5,41633.0,41680.99,259.47971,2022-03-18 22:30:00
1647643500000,41681.0,41773.75,41666.37,41687.15,298.03425,2022-03-18 22:45:00
1647644400000,41687.15,41818.52,41682.12,41799.99,281.06968,2022-03-18 23:00:00
1647645300000,41799.98,41852.38,41750.0,41823.86,251.55728,2022-03-18 23:15:00
1647646200000,41823.86,41879.67,41753.79,41827.34,284.57686,2022-03-18 23:30:00
1647647100000,41827.34,41839.03,41724.85,41757.51,225.82288,2022-03-18 23:45:00
1647648000000,41757.51,41848.16,41748.03,41785.81,301.33533,2022-03-19 00:00:00
1647648900000,41785.81,41859.24,41785.81,41854.0,305.00323,2022-03-19 00:15:00
1647649800000,41854.0,42000.0,41833.14,41989.04,553.76152,2022-03-19 00:30:00
1647650700000,41989.04,41997.48,41843.19,41867.49,396.28549,2022-03-19 00:45:00
1647651600000,41867.49,41917.01,41808.15,41916.88,340.93131,2022-03-19 01:00:00
1647652500000,41916.88,41942.54,41708.08,41767.41,336.9022,2022-03-19 01:15:00
1647653400000,41767.41,41826.97,41682.05,41736.29,266.43696,2022-03-19 01:30:00
1647654300000,41736.28,41837.41,41694.0,41719.11,367.78964,2022-03-19 01:45:00
1647655200000,41719.12,41737.0,41659.69,41692.98,271.44261,2022-03-19 02:00:00
1647656100000,41692.99,41741.16,41692.98,41733.86,216.70821,2022-03-19 02:15:00
1647657000000,41733.87,41788.99,41733.86,41763.73,187.97278,2022-03-19 02:30:00
1647657900000,41763.74,41777.86,41720.79,41766.33,183.1321,2022-03-19 02:45:00
1647658800000,41766.32,41830.0,41690.0,41694.27,251.62367,2022-03-19 03:00:00
1647659700000,41694.27,41713.47,41662.28,41711.35,296.7721,2022-03-19 03:15:00
1647660600000,41711.34,41711.35,41667.53,41667.54,158.92132,2022-03-19 03:30:00
1647661500000,41667.53,41815.35,41499.29,41793.66,783.12622,2022-03-19 03:45:00
1647662400000,41793.65,41850.0,41672.56,41777.0,395.99953,2022-03-19 04:00:00
1647663300000,41776.99,41826.23,41755.66,41826.23,185.59848,2022-03-19 04:15:00
1647664200000,41826.23,41867.44,41789.22,41856.46,247.40302,2022-03-19 04:30:00
1647665100000,41856.46,41944.64,41763.15,41798.8,336.64831,2022-03-19 04:45:00
1647666000000,41798.81,41827.04,41723.19,41744.12,149.69477,2022-03-19 05:00:00
1647666900000,41744.12,41781.1,41736.24,41751.99,169.19814,2022-03-19 05:15:00
1647667800000,41751.98,41832.58,41743.96,41786.65,259.96586,2022-03-19 05:30:00
1647668700000,41786.66,41792.15,41723.51,41737.21,138.11041,2022-03-19 05:45:00
1647669600000,41737.2,41764.53,41707.27,41711.0,103.30064,2022-03-19 06:00:00
1647670500000,41710.99,41764.52,41710.99,41743.33,137.24147,2022-03-19 06:15:00
1647671400000,41743.34,41790.78,41735.0,41747.0,129.97176,2022-03-19 06:30:00
1647672300000,41747.0,41757.8,41721.36,41757.78,125.73112,2022-03-19 06:45:00
1647673200000,41757.78,41757.8,41641.41,41671.93,591.69253,2022-03-19 07:00:00
1647674100000,41671.93,41739.57,41597.7,41739.57,683.10877,2022-03-19 07:15:00
1647675000000,41739.56,41739.57,41645.0,41659.49,185.58441,2022-03-19 07:30:00
1647675900000,41659.5,41704.35,41535.22,41610.0,396.65033,2022-03-19 07:45:00
1647676800000,41609.99,41662.26,41575.06,41606.72,245.29654,2022-03-19 08:00:00
1647677700000,41606.71,41697.24,41606.71,41681.92,184.82984,2022-03-19 08:15:00
1647678600000,41681.91,41700.0,41640.81,41699.99,168.08267,2022-03-19 08:30:00
1647679500000,41699.99,41737.68,41666.41,41700.01,156.20214,2022-03-19 08:45:00
1647680400000,41700.0,41749.24,41676.57,41727.15,147.93793,2022-03-19 09:00:00
1647681300000,41727.14,41735.02,41654.0,41720.0,217.76275,2022-03-19 09:15:00
1647682200000,41720.0,41749.0,41668.59,41720.64,174.12296,2022-03-19 09:30:00
1647683100000,41720.65,41756.63,41662.57,41667.16,137.93633,2022-03-19 09:45:00
1647684000000,41667.16,41708.5,41657.44,41663.96,155.84692,2022-03-19 10:00:00
1647684900000,41663.95,41676.55,41591.83,41664.42,277.24024,2022-03-19 10:15:00
1647685800000,41664.42,41665.42,41615.31,41665.03,129.09014,2022-03-19 10:30:00
1647686700000,41665.03,41700.95,41662.09,41680.91,187.69168,2022-03-19 10:45:00
1647687600000,41680.92,41750.51,41631.98,41750.5,215.97716,2022-03-19 11:00:00
1647688500000,41750.5,41785.71,41682.79,41785.7,400.39578,2022-03-19 11:15:00
1647689400000,41785.7,41791.52,41738.48,41761.0,213.20996,2022-03-19 11:30:00
1647690300000,41761.0,41761.0,41684.03,41721.78,226.03422,2022-03-19 11:45:00
1647691200000,41721.78,41721.79,41667.05,41708.0,213.996,2022-03-19 12:00:00
1647692100000,41708.0,41791.8,41690.37,41783.43,235.3221,2022-03-19 12:15:00
1647693000000,41783.42,41820.0,41752.45,41806.39,294.54069,2022-03-19 12:30:00
1647693900000,41806.38,41853.86,41775.58,41849.06,307.65526,2022-03-19 12:45:00
1647694800000,41849.05,41881.97,41768.3,41820.22,388.14287,2022-03-19 13:00:00
1647695700000,41820.21,41932.0,41820.21,41849.3,279.57974,2022-03-19 13:15:00
1647696600000,41849.3,41873.16,41692.8,41740.92,367.26105,2022-03-19 13:30:00
1647697500000,41740.91,41781.37,41714.15,41730.94,172.05503,2022-03-19 13:45:00
1647698400000,41730.95,41762.53,41652.9,41721.08,244.24317,2022-03-19 14:00:00
1647699300000,41721.08,41757.48,41682.34,41747.47,186.90891,2022-03-19 14:15:00
1647700200000,41747.48,41815.0,41747.48,41806.62,314.45665,2022-03-19 14:30:00
1647701100000,41806.62,41836.04,41768.17,41826.54,266.98054,2022-03-19 14:45:00
1647702000000,41825.89,41942.0,41760.0,41778.82,597.11434,2022-03-19 15:00:00
1647702900000,41778.82,42000.0,41767.39,41945.65,592.05419,2022-03-19 15:15:00
1647703800000,41945.66,42085.62,41878.02,41998.35,885.73344,2022-03-19 15:30:00
1647704700000,41998.34,42035.29,41937.68,41937.68,404.47927,2022-03-19 15:45:00
1647705600000,41937.68,41956.72,41838.29,41893.99,355.00032,2022-03-19 16:00:00
1647706500000,41893.99,41962.3,41850.91,41929.36,269.05044,2022-03-19 16:15:00
1647707400000,41929.37,42163.5,41882.17,42073.24,548.52086,2022-03-19 16:30:00
1647708300000,42073.25,42112.88,41967.06,41976.86,404.99516,2022-03-19 16:45:00
1647709200000,41976.86,42000.0,41813.55,41849.2,505.4285,2022-03-19 17:00:00
1647710100000,41849.2,41912.0,41833.72,41833.81,344.35696,2022-03-19 17:15:00
1647711000000,41833.82,41885.4,41802.02,41857.68,340.70537,2022-03-19 17:30:00
1647711900000,41857.69,41921.9,41813.0,41889.42,411.34977,2022-03-19 17:45:00
1647712800000,41889.41,41919.0,41824.59,41901.47,211.5033,2022-03-19 18:00:00
1647713700000,41901.46,41933.95,41856.76,41860.7,157.46578,2022-03-19 18:15:00
1647714600000,41860.71,41955.34,41860.7,41948.31,238.93298,2022-03-19 18:30:00
1647715500000,41948.32,42044.58,41946.81,42010.0,476.013,2022-03-19 18:45:00
1647716400000,42010.0,42045.32,41912.0,42005.0,390.36713,2022-03-19 19:00:00
1647717300000,42005.0,42040.67,41964.41,41975.95,149.00421,2022-03-19 19:15:00
1647718200000,41975.96,42092.49,41942.28,42013.57,330.31762,2022-03-19 19:30:00
1647719100000,42013.57,42064.91,41975.45,42034.88,250.34818,2022-03-19 19:45:00
1647720000000,42034.87,42034.88,41895.98,41975.0,321.62883,2022-03-19 20:00:00
1647720900000,41975.0,42057.06,41960.75,42040.18,158.44943,2022-03-19 20:15:00
1647721800000,42040.19,42400.0,42027.0,42244.98,874.31908,2022-03-19 20:30:00
1647722700000,42244.99,42309.17,42191.27,42191.28,324.41004,2022-03-19 20:45:00
1647723600000,42191.28,42269.58,42188.98,42209.22,177.77562,2022-03-19 21:00:00
1647724500000,42209.23,42349.92,42202.74,42342.86,174.23156,2022-03-19 21:15:00
1647725400000,42342.86,42359.15,42262.29,42271.41,183.93559,2022-03-19 21:30:00
1647726300000,42271.42,42281.25,42096.09,42115.73,239.22447,2022-03-19 21:45:00
1647727200000,42115.73,42145.31,41800.0,41841.17,626.19501,2022-03-19 22:00:00
1647728100000,41841.18,41888.0,41715.43,41805.7,570.14902,2022-03-19 22:15:00
1647729000000,41805.7,41899.0,41750.0,41889.06,253.82512,2022-03-19 22:30:00
1647729900000,41889.06,41999.86,41841.74,41954.53,386.30999,2022-03-19 22:45:00
1647730800000,41954.52,42073.25,41916.02,42072.46,246.24254,2022-03-19 23:00:00
1647731700000,42072.46,42232.16,42018.57,42204.18,197.39728,2022-03-19 23:15:00
1647732600000,42204.18,42296.38,42074.69,42140.92,322.57432,2022-03-19 23:30:00
1647733500000,42140.92,42227.35,42117.94,42201.13,184.92885,2022-03-19 23:45:00
1647734400000,42201.13,42296.26,42159.3,42271.8,527.65964,2022-03-20 00:00:00
1647735300000,42271.79,42281.57,42073.0,42143.54,374.02166,2022-03-20 00:15:00
1647736200000,42143.54,42143.93,41927.12,42041.0,467.8406,2022-03-20 00:30:00
1647737100000,42041.0,42061.17,41952.27,42037.1,466.60651,2022-03-20 00:45:00
1647738000000,42037.1,42078.02,41930.14,41971.93,351.18012,2022-03-20 01:00:00
1647738900000,41971.94,42011.87,41833.0,41882.17,542.20291,2022-03-20 01:15:00
1647739800000,41882.17,41912.0,41794.59,41814.97,535.45661,2022-03-20 01:30:00
1647740700000,41814.97,42004.96,41814.97,41965.16,316.19008,2022-03-20 01:45:00
1647741600000,41965.15,42046.99,41915.27,41999.56,200.80096,2022-03-20 02:00:00
1647742500000,41999.56,42016.01,41900.0,41914.99,130.48571,2022-03-20 02:15:00
1647743400000,41914.99,41929.1,41779.45,41811.67,310.55903,2022-03-20 02:30:00
1647744300000,41811.68,41857.57,41770.38,41814.99,236.34283,2022-03-20 02:45:00
1647745200000,41815.0,41925.81,41814.63,41869.99,176.8837,2022-03-20 03:00:00
1647746100000,41869.99,41930.08,41868.32,41924.46,103.6932,2022-03-20 03:15:00
1647747000000,41924.47,41961.77,41924.0,41953.0,125.89597,2022-03-20 03:30:00
1647747900000,41952.99,41979.26,41902.0,41942.34,150.12529,2022-03-20 03:45:00
1647748800000,41941.99,41972.14,41870.0,41931.52,197.04436,2022-03-20 04:00:00
1647749700000,41931.51,41950.02,41870.36,41891.63,194.11919,2022-03-20 04:15:00
1647750600000,41891.62,41926.04,41830.57,41912.4,189.56476,2022-03-20 04:30:00
1647751500000,41912.4,41917.28,41829.37,41849.37,142.50488,2022-03-20 04:45:00
1647752400000,41849.37,41941.89,41800.98,41928.94,195.22472,2022-03-20 05:00:00
1647753300000,41928.93,41928.94,41820.0,41820.01,163.56154,2022-03-20 05:15:00
1647754200000,41820.0,41889.43,41751.99,41862.29,210.57152,2022-03-20 05:30:00
1647755100000,41862.29,41909.26,41820.69,41897.05,186.14881,2022-03-20 05:45:00
1647756000000,41897.05,41930.31,41843.89,41917.98,131.64357,2022-03-20 06:00:00
1647756900000,41917.98,42007.99,41915.29,42007.99,190.17603,2022-03-20 06:15:00
1647757800000,42007.99,42007.99,41927.81,41952.91,187.44153,2022-03-20 06:30:00
1647758700000,41952.91,41976.19,41894.89,41894.9,117.91469,2022-03-20 06:45:00
1647759600000,41894.9,41967.3,41887.02,41923.68,110.33332,2022-03-20 07:00:00
1647760500000,41923.68,41952.92,41896.72,41898.22,96.3756,2022-03-20 07:15:00
1647761400000,41898.23,41929.18,41834.01,41861.0,262.62767,2022-03-20 07:30:00
1647762300000,41861.0,41879.0,41783.0,41863.99,311.36081,2022-03-20 07:45:00
1647763200000,41863.99,41898.86,41810.0,41882.0,165.44979,2022-03-20 08:00:00
1647764100000,41882.0,41924.0,41882.0,41888.0,156.69604,2022-03-20 08:15:00
1647765000000,41888.0,41937.99,41880.6,41902.28,113.52126,2022-03-20 08:30:00
1647765900000,41902.28,41917.35,41840.72,41860.91,151.5276,2022-03-20 08:45:00
1647766800000,41860.91,41878.72,41799.42,41810.01,286.21566,2022-03-20 09:00:00
1647767700000,41810.0,41822.0,41641.13,41675.34,620.23241,2022-03-20 09:15:00
1647768600000,41675.33,41761.75,41575.0,41747.5,449.69357,2022-03-20 09:30:00
1647769500000,41747.49,41783.1,41693.48,41765.22,209.61578,2022-03-20 09:45:00
1647770400000,41765.22,41785.09,41668.9,41676.0,736.39325,2022-03-20 10:00:00
1647771300000,41676.0,41716.73,41643.49,41716.73,644.38151,2022-03-20 10:15:00
1647772200000,41716.73,41833.25,41716.72,41795.84,257.86219,2022-03-20 10:30:00
1647773100000,41795.85,41811.67,41750.01,41760.68,134.06779,2022-03-20 10:45:00
1647774000000,41760.68,41815.4,41727.27,41737.73,148.06479,2022-03-20 11:00:00
1647774900000,41737.74,41777.0,41701.0,41702.82,135.61991,2022-03-20 11:15:00
1647775800000,41702.82,41710.26,41660.46,41692.93,201.43754,2022-03-20 11:30:00
1647776700000,41692.93,41729.59,41586.85,41586.86,342.62386,2022-03-20 11:45:00
1647777600000,41586.85,41648.0,41319.13,41406.01,1309.16595,2022-03-20 12:00:00
1647778500000,41406.0,41583.1,41393.01,41515.99,385.39321,2022-03-20 12:15:00
1647779400000,41515.99,41699.0,41500.01,41687.01,364.31465,2022-03-20 12:30:00
1647780300000,41687.01,41688.03,41626.28,41632.99,282.6666,2022-03-20 12:45:00
1647781200000,41633.0,41676.44,41534.67,41601.39,319.03009,2022-03-20 13:00:00
1647782100000,41601.4,41601.4,41427.47,41490.0,361.07282,2022-03-20 13:15:00
1647783000000,41490.01,41570.0,41464.98,41563.35,211.51948,2022-03-20 13:30:00
1647783900000,41563.35,41599.0,41465.15,41485.48,168.56838,2022-03-20 13:45:00
1647784800000,41485.47,41672.64,41400.0,41560.51,741.9161,2022-03-20 14:00:00
1647785700000,41560.5,41617.1,41495.85,41495.85,236.57861,2022-03-20 14:15:00
1647786600000,41495.86,41540.0,41430.13,41448.42,225.0725,2022-03-20 14:30:00
1647787500000,41448.42,41480.99,41354.54,41426.71,323.00757,2022-03-20 14:45:00
1647788400000,41426.7,41524.43,41368.14,41519.72,276.12547,2022-03-20 15:00:00
1647789300000,41519.73,41554.39,41346.04,41372.01,404.7226,2022-03-20 15:15:00
1647790200000,41372.01,41372.01,41252.67,41311.6,697.19358,2022-03-20 15:30:00
1647791100000,41311.61,41399.0,41260.11,41340.3,308.06981,2022-03-20 15:45:00
1647792000000,41340.3,41427.15,41216.0,41417.33,418.58795,2022-03-20 16:00:00
1647792900000,41416.99,41502.83,41350.0,41412.49,358.40812,2022-03-20 16:15:00
1647793800000,41412.5,41457.93,41301.0,41345.44,268.88936,2022-03-20 16:30:00
1647794700000,41345.44,41398.01,41240.89,41297.0,288.54983,2022-03-20 16:45:00
1647795600000,41297.01,41336.86,41152.0,41264.47,541.22625,2022-03-20 17:00:00
1647796500000,41264.47,41311.13,41168.27,41189.4,273.78319,2022-03-20 17:15:00
1647797400000,41189.4,41189.41,40914.08,41130.46,1193.9441,2022-03-20 17:30:00
1647798300000,41130.46,41144.0,40911.0,41033.01,574.64453,2022-03-20 17:45:00
1647799200000,41033.0,41160.92,40938.67,41098.14,492.08902,2022-03-20 18:00:00
1647800100000,41098.15,41230.0,41056.3,41176.5,326.89798,2022-03-20 18:15:00
1647801000000,41176.51,41191.3,41120.87,41156.02,195.66963,2022-03-20 18:30:00
1647801900000,41156.02,41237.0,41078.54,41231.0,382.2891,2022-03-20 18:45:00
1647802800000,41229.99,41291.32,41145.48,41277.36,334.59369,2022-03-20 19:00:00
1647803700000,41277.37,41317.0,41237.0,41280.53,249.54836,2022-03-20 19:15:00
1647804600000,41280.53,41380.0,41264.27,41327.0,293.4477,2022-03-20 19:30:00
1647805500000,41327.0,41412.32,41291.0,41379.03,289.09978,2022-03-20 19:45:00
1647806400000,41379.03,41662.62,41368.31,41647.82,566.87903,2022-03-20 20:00:00
1647807300000,41647.81,41677.65,41541.07,41600.0,371.46034,2022-03-20 20:15:00
1647808200000,41599.99,41603.77,41467.74,41488.17,264.99052,2022-03-20 20:30:00
1647809100000,41488.18,41491.59,41232.81,41283.14,307.27787,2022-03-20 20:45:00
1647810000000,41283.15,41283.15,41092.02,41251.66,456.99736,2022-03-20 21:00:00
1647810900000,41251.66,41356.59,41243.0,41345.52,239.84764,2022-03-20 21:15:00
1647811800000,41345.53,41412.01,41245.64,41375.52,163.86772,2022-03-20 21:30:00
1647812700000,41375.53,41383.56,41282.65,41358.83,152.69186,2022-03-20 21:45:00
1647813600000,41358.83,41393.39,41194.58,41263.84,295.90066,2022-03-20 22:00:00
1647814500000,41263.83,41264.0,41137.36,41180.71,226.69991,2022-03-20 22:15:00
1647815400000,41180.71,41241.69,41124.54,41183.0,211.79708,2022-03-20 22:30:00
1647816300000,41183.01,41436.0,41150.0,41435.99,390.14649,2022-03-20 22:45:00
1647817200000,41436.0,41440.0,41376.26,41436.58,192.30996,2022-03-20 23:00:00
1647818100000,41436.58,41436.59,41239.12,41264.94,470.78667,2022-03-20 23:15:00
1647819000000,41264.94,41272.28,41153.0,41244.72,421.56151,2022-03-20 23:30:00
1647819900000,41244.72,41281.3,41180.48,41262.11,168.07328,2022-03-20 23:45:00
1647820800000,41262.11,41414.43,41212.33,41351.0,265.04468,2022-03-21 00:00:00
1647821700000,41350.99,41367.74,41173.59,41225.99,221.61229,2022-03-21 00:15:00
1647822600000,41225.98,41303.07,41222.15,41302.12,148.36632,2022-03-21 00:30:00
1647823500000,41302.12,41421.62,41291.58,41416.99,234.56893,2022-03-21 00:45:00
1647824400000,41416.99,41451.51,41354.18,41417.01,268.97808,2022-03-21 01:00:00
1647825300000,41417.01,41417.01,41227.63,41259.83,454.71087,2022-03-21 01:15:00
1647826200000,41259.83,41322.46,41219.77,41238.12,193.713,2022-03-21 01:30:00
1647827100000,41238.11,41240.0,41171.99,41226.0,301.16748,2022-03-21 01:45:00
1647828000000,41226.0,41281.3,41211.23,41247.6,143.74009,2022-03-21 02:00:00
1647828900000,41247.61,41247.61,40958.43,41029.41,755.67401,2022-03-21 02:15:00
1647829800000,41029.41,41029.41,40467.94,40738.84,2430.47222,2022-03-21 02:30:00
1647830700000,40738.84,40809.29,40569.41,40805.68,671.03318,2022-03-21 02:45:00
1647831600000,40804.84,40805.69,40693.4,40791.1,289.74748,2022-03-21 03:00:00
1647832500000,40790.83,40837.82,40699.97,40757.29,257.24767,2022-03-21 03:15:00
1647833400000,40757.28,40979.31,40756.88,40882.5,393.3092,2022-03-21 03:30:00
1647834300000,40882.5,40919.0,40820.71,40832.93,231.61526,2022-03-21 03:45:00
1647835200000,40832.93,40862.13,40714.81,40805.0,422.95241,2022-03-21 04:00:00
1647836100000,40805.0,40831.69,40748.24,40780.0,157.86108,2022-03-21 04:15:00
1647837000000,40780.0,40840.81,40752.62,40840.8,225.73193,2022-03-21 04:30:00
1647837900000,40840.8,40920.4,40836.61,40864.28,398.20712,2022-03-21 04:45:00
1647838800000,40864.28,40922.23,40834.07,40899.69,182.4327,2022-03-21 05:00:00
1647839700000,40899.69,40913.0,40844.9,40911.84,152.18594,2022-03-21 05:15:00
1647840600000,40911.83,40947.54,40851.0,40871.0,277.09537,2022-03-21 05:30:00
1647841500000,40871.0,40965.69,40866.41,40945.18,170.38838,2022-03-21 05:45:00
1647842400000,40945.19,41037.57,40922.57,41028.62,473.18753,2022-03-21 06:00:00
1647843300000,41028.63,41087.0,40855.44,40882.02,453.92688,2022-03-21 06:15:00
1647844200000,40882.02,40954.72,40764.77,40936.15,336.25619,2022-03-21 06:30:00
1647845100000,40936.14,40936.15,40830.96,40846.04,179.26999,2022-03-21 06:45:00
1647846000000,40846.05,41027.0,40771.23,41020.04,361.30779,2022-03-21 07:00:00
1647846900000,41020.05,41023.52,40952.0,40952.01,231.56215,2022-03-21 07:15:00
1647847800000,40952.01,41032.57,40926.2,41027.57,239.71492,2022-03-21 07:30:00
1647848700000,41027.58,41136.17,41016.25,41102.01,602.15675,2022-03-21 07:45:00
1647849600000,41102.0,41258.11,41092.79,41206.31,589.83333,2022-03-21 08:00:00
1647850500000,41206.31,41317.5,41186.84,41295.55,338.66311,2022-03-21 08:15:00
1647851400000,41295.55,41296.6,41195.0,41264.54,214.07828,2022-03-21 08:30:00
1647852300000,41264.54,41356.18,41150.0,41154.08,316.53179,2022-03-21 08:45:00
1647853200000,41154.07,41216.85,41084.01,41145.17,456.71432,2022-03-21 09:00:00
1647854100000,41145.16,41230.2,41100.63,41201.78,237.75944,2022-03-21 09:15:00
1647855000000,41201.78,41358.03,41197.99,41275.43,350.77464,2022-03-21 09:30:00
1647855900000,41275.43,41358.0,41203.19,41330.38,233.65519,2022-03-21 09:45:00
1647856800000,41330.38,41442.7,41325.94,41400.0,414.86428,2022-03-21 10:00:00
1647857700000,41399.99,41406.82,41282.74,41347.87,208.86947,2022-03-21 10:15:00
1647858600000,41347.88,41347.88,41264.69,41280.51,163.16757,2022-03-21 10:30:00
1647859500000,41280.51,41376.77,41270.44,41332.32,176.30264,2022-03-21 10:45:00
1647860400000,41332.32,41372.0,41300.97,41347.41,195.46084,2022-03-21 11:00:00
1647861300000,41347.41,41492.14,41310.33,41318.13,518.02464,2022-03-21 11:15:00
1647862200000,41318.14,41323.63,41210.5,41257.7,299.65603,2022-03-21 11:30:00
1647863100000,41257.71,41311.6,41178.25,41244.28,336.6029,2022-03-21 11:45:00
1647864000000,41244.27,41312.03,41157.28,41167.56,365.19234,2022-03-21 12:00:00
1647864900000,41167.56,41200.0,41110.0,41174.7,286.19725,2022-03-21 12:15:00
1647865800000,41174.71,41178.95,40931.13,40934.82,510.23592,2022-03-21 12:30:00
1647866700000,40934.82,41321.68,40915.0,41222.5,721.4266,2022-03-21 12:45:00
1647867600000,41222.5,41335.98,41201.8,41316.73,368.71317,2022-03-21 13:00:00
1647868500000,41316.74,41454.99,41255.02,41279.08,593.52092,2022-03-21 13:15:00
1647869400000,41279.07,41544.22,41258.08,41426.2,747.55549,2022-03-21 13:30:00
1647870300000,41426.2,41443.85,41092.8,41104.03,1083.93937,2022-03-21 13:45:00
1647871200000,41104.03,41196.75,40863.32,40952.01,1095.77514,2022-03-21 14:00:00
1647872100000,40952.0,40984.84,40738.48,40843.99,942.07236,2022-03-21 14:15:00
1647873000000,40843.99,40977.15,40800.0,40828.86,555.04354,2022-03-21 14:30:00
1647873900000,40828.86,41053.16,40798.47,41032.99,613.79905,2022-03-21 14:45:00
1647874800000,41033.0,41072.05,40898.77,41012.0,602.74123,2022-03-21 15:00:00
1647875700000,41011.99,41193.67,41000.45,41106.17,771.57641,2022-03-21 15:15:00
1647876600000,41106.17,41249.81,41051.03,41131.25,696.72726,2022-03-21 15:30:00
1647877500000,41131.24,41240.0,41072.5,41224.48,369.28003,2022-03-21 15:45:00
1647878400000,41224.48,41240.31,41091.43,41143.44,442.59147,2022-03-21 16:00:00
1647879300000,41143.44,41161.63,41059.09,41140.6,312.87842,2022-03-21 16:15:00
1647880200000,41140.6,41140.61,40830.0,40954.79,875.19224,2022-03-21 16:30:00
1647881100000,40954.79,40954.79,40779.38,40788.71,603.47636,2022-03-21 16:45:00
1647882000000,40788.72,40916.28,40759.18,40852.77,499.24913,2022-03-21 17:00:00
1647882900000,40852.77,40997.09,40780.0,40979.0,467.01915,2022-03-21 17:15:00
1647883800000,40978.99,41068.32,40891.67,40922.0,409.37139,2022-03-21 17:30:00
1647884700000,40921.99,41072.69,40877.32,41056.4,488.05392,2022-03-21 17:45:00
1647885600000,41056.4,41146.85,40975.39,41011.7,397.38503,2022-03-21 18:00:00
1647886500000,41011.71,41160.0,40977.3,41117.51,393.9583,2022-03-21 18:15:00
1647887400000,41117.5,41140.99,40966.61,40998.59,310.52296,2022-03-21 18:30:00
1647888300000,40998.59,41041.99,40937.0,40938.71,458.19032,2022-03-21 18:45:00
1647889200000,40938.7,40967.81,40865.6,40918.42,317.2788,2022-03-21 19:00:00
1647890100000,40918.41,40985.75,40863.54,40979.59,404.60046,2022-03-21 19:15:00
1647891000000,40979.6,41122.08,40950.0,41091.1,429.86597,2022-03-21 19:30:00
1647891900000,41091.09,41197.5,41030.97,41180.55,367.10438,2022-03-21 19:45:00
1647892800000,41180.54,41208.0,41119.8,41204.0,380.65995,2022-03-21 20:00:00
1647893700000,41203.99,41204.0,41122.16,41155.99,200.32516,2022-03-21 20:15:00
1647894600000,41155.99,41227.45,41134.41,41218.01,179.16398,2022-03-21 20:30:00
1647895500000,41218.0,41271.4,41120.0,41120.01,263.14991,2022-03-21 20:45:00
1647896400000,41120.0,41137.99,41060.61,41093.02,272.31564,2022-03-21 21:00:00
1647897300000,41093.03,41229.86,41093.02,41191.39,162.66306,2022-03-21 21:15:00
1647898200000,41191.39,41228.0,41115.83,41200.01,169.81026,2022-03-21 21:30:00
1647899100000,41200.0,41315.77,41120.01,41305.52,683.18666,2022-03-21 21:45:00
1647900000000,41305.53,41370.0,41244.78,41342.89,655.00266,2022-03-21 22:00:00
1647900900000,41342.89,41345.64,41190.0,41198.22,369.47841,2022-03-21 22:15:00
1647901800000,41198.22,41206.45,41150.0,41194.83,289.61561,2022-03-21 22:30:00
1647902700000,41194.84,41234.82,41120.0,41120.01,155.32889,2022-03-21 22:45:00
1647903600000,41120.01,41165.86,41091.31,41126.91,192.07061,2022-03-21 23:00:00
1647904500000,41126.91,41126.92,40968.16,40982.92,344.17609,2022-03-21 23:15:00
1647905400000,40982.92,41076.85,40950.0,41031.33,246.35263,2022-03-21 23:30:00
1647906300000,41031.32,41099.0,41001.2,41002.25,186.21851,2022-03-21 23:45:00
1647907200000,41002.26,41034.9,40918.93,40944.65,440.32873,2022-03-22 00:00:00
1647908100000,40944.65,40985.17,40924.5,40950.07,229.06189,2022-03-22 00:15:00
1647909000000,40950.08,41046.52,40875.51,41046.52,258.78328,2022-03-22 00:30:00
1647909900000,41046.51,41173.6,41029.65,41133.83,527.09747,2022-03-22 00:45:00
1647910800000,41133.82,41189.32,41083.33,41152.72,219.09627,2022-03-22 01:00:00
1647911700000,41152.73,41175.64,41042.22,41060.79,199.56023,2022-03-22 01:15:00
1647912600000,41060.78,41125.35,41035.2,41089.62,160.17682,2022-03-22 01:30:00
1647913500000,41089.63,41183.18,41068.8,41180.69,231.92044,2022-03-22 01:45:00
1647914400000,41180.69,41889.47,41154.28,41693.88,2553.15521,2022-03-22 02:00:00
1647915300000,41693.89,41963.53,41615.95,41947.05,954.25301,2022-03-22 02:15:00
1647916200000,41947.04,41985.7,41795.29,41955.36,779.23088,2022-03-22 02:30:00
1647917100000,41955.35,42007.48,41831.58,41841.09,705.56359,2022-03-22 02:45:00
1647918000000,41841.09,42190.0,41841.09,42101.41,1152.93393,2022-03-22 03:00:00
1647918900000,42101.42,42497.0,42101.41,42305.6,1954.74127,2022-03-22 03:15:00
1647919800000,42305.61,42363.45,42252.08,42318.28,607.17272,2022-03-22 03:30:00
1647920700000,42318.27,42325.46,42201.5,42236.46,681.91169,2022-03-22 03:45:00
1647921600000,42236.46,42396.4,42236.46,42379.53,775.02574,2022-03-22 04:00:00
1647922500000,42379.53,43361.0,42317.24,43085.43,3767.55304,2022-03-22 04:15:00
1647923400000,43085.43,43275.44,42928.67,42956.28,2062.23175,2022-03-22 04:30:00
1647924300000,42956.29,43100.0,42890.5,42989.52,1118.95061,2022-03-22 04:45:00
1647925200000,42989.53,43099.68,42847.8,42870.43,840.18264,2022-03-22 05:00:00
1647926100000,42870.44,42950.0,42812.22,42946.53,653.04071,2022-03-22 05:15:00
1647927000000,42946.53,43000.0,42848.67,42883.28,407.4977,2022-03-22 05:30:00
1647927900000,42883.29,42921.2,42843.05,42850.0,379.77232,2022-03-22 05:45:00
1647928800000,42850.0,42871.66,42133.0,42457.99,2284.79858,2022-03-22 06:00:00
1647929700000,42457.99,42495.4,42116.2,42207.88,1303.78831,2022-03-22 06:15:00
1647930600000,42207.88,42337.25,42138.81,42179.54,635.96191,2022-03-22 06:30:00
1647931500000,42179.54,42248.0,41995.01,42247.99,1528.5946,2022-03-22 06:45:00
1647932400000,42248.0,42300.01,42215.63,42269.15,1023.73539,2022-03-22 07:00:00
1647933300000,42269.15,42384.2,42176.29,42211.12,702.24382,2022-03-22 07:15:00
1647934200000,42211.12,42308.81,42211.12,42268.81,291.49683,2022-03-22 07:30:00
1647935100000,42268.82,42295.02,42215.55,42215.94,369.28627,2022-03-22 07:45:00
1647936000000,42215.95,42442.43,42085.74,42441.09,971.25434,2022-03-22 08:00:00
1647936900000,42441.1,42499.0,42325.83,42425.45,492.55514,2022-03-22 08:15:00
1647937800000,42425.45,42529.62,42421.78,42515.18,660.03092,2022-03-22 08:30:00
1647938700000,42515.18,42700.61,42477.59,42548.0,781.42886,2022-03-22 08:45:00
1647939600000,42548.0,42597.86,42444.7,42560.93,591.41261,2022-03-22 09:00:00
1647940500000,42560.92,42563.52,42403.09,42438.06,699.32115,2022-03-22 09:15:00
1647941400000,42438.05,42515.0,42388.0,42508.59,347.35109,2022-03-22 09:30:00
1647942300000,42508.59,42547.38,42451.92,42460.99,314.38087,2022-03-22 09:45:00
1647943200000,42461.0,42571.4,42445.92,42564.1,367.93757,2022-03-22 10:00:00
1647944100000,42564.1,42780.0,42551.58,42692.0,842.8737,2022-03-22 10:15:00
1647945000000,42691.99,42849.0,42682.91,42827.35,713.66001,2022-03-22 10:30:00
1647945900000,42827.34,42916.55,42795.8,42829.67,583.97306,2022-03-22 10:45:00
1647946800000,42829.68,42977.45,42761.74,42917.85,538.27639,2022-03-22 11:00:00
1647947700000,42917.85,42970.96,42866.35,42958.93,410.80751,2022-03-22 11:15:00
1647948600000,42958.92,43030.2,42775.28,42937.19,694.58889,2022-03-22 11:30:00
1647949500000,42937.2,42987.43,42888.93,42983.0,475.44498,2022-03-22 11:45:00
1647950400000,42983.0,43085.0,42867.27,42905.45,843.2022,2022-03-22 12:00:00
1647951300000,42905.45,42909.28,42808.56,42893.24,511.72443,2022-03-22 12:15:00
1647952200000,42893.24,42909.3,42745.85,42877.48,514.84069,2022-03-22 12:30:00
1647953100000,42877.48,42953.61,42821.3,42950.41,303.3228,2022-03-22 12:45:00
1647954000000,42950.41,42975.53,42809.76,42859.9,372.50517,2022-03-22 13:00:00
1647954900000,42859.89,42899.99,42795.29,42813.28,300.26612,2022-03-22 13:15:00
1647955800000,42813.28,43024.08,42801.4,42944.02,710.2164,2022-03-22 13:30:00
1647956700000,42944.01,42954.61,42681.29,42826.15,689.79485,2022-03-22 13:45:00
1647957600000,42826.32,42971.25,42826.32,42890.02,373.58566,2022-03-22 14:00:00
1647958500000,42890.01,43022.0,42886.33,42947.84,676.20276,2022-03-22 14:15:00
1647959400000,42947.85,43199.0,42813.37,42875.56,1569.40921,2022-03-22 14:30:00
1647960300000,42875.55,42946.74,42731.59,42760.66,895.93992,2022-03-22 14:45:00
1647961200000,42760.66,42788.0,42666.66,42693.11,802.19654,2022-03-22 15:00:00
1647962100000,42693.12,42784.87,42650.0,42701.21,577.44654,2022-03-22 15:15:00
1647963000000,42701.21,42718.53,42581.2,42659.8,408.13031,2022-03-22 15:30:00
1647963900000,42659.79,42676.75,42561.28,42573.81,355.3968,2022-03-22 15:45:00
1647964800000,42573.8,42700.0,42543.12,42645.75,267.26671,2022-03-22 16:00:00
1647965700000,42645.75,42674.16,42517.4,42533.94,484.1295,2022-03-22 16:15:00
1647966600000,42533.94,42611.19,42471.0,42541.99,601.391,2022-03-22 16:30:00
1647967500000,42542.0,42546.31,42453.7,42515.0,483.90711,2022-03-22 16:45:00
1647968400000,42515.0,42625.61,42477.73,42600.26,292.6421,2022-03-22 17:00:00
1647969300000,42600.25,42627.48,42558.81,42599.49,154.55697,2022-03-22 17:15:00
1647970200000,42599.5,42609.18,42527.19,42587.73,229.43285,2022-03-22 17:30:00
1647971100000,42587.74,42616.99,42533.6,42616.99,162.5862,2022-03-22 17:45:00
1647972000000,42616.98,42621.17,42548.95,42562.56,221.07433,2022-03-22 18:00:00
1647972900000,42562.56,42624.58,42501.0,42517.45,365.61549,2022-03-22 18:15:00
1647973800000,42517.45,42570.73,42484.67,42546.66,438.43475,2022-03-22 18:30:00
1647974700000,42546.66,42589.15,42512.0,42563.33,211.04713,2022-03-22 18:45:00
1647975600000,42563.33,42711.37,42552.56,42667.16,346.45733,2022-03-22 19:00:00
1647976500000,42667.15,42669.18,42570.08,42590.37,202.40559,2022-03-22 19:15:00
1647977400000,42590.38,42632.0,42580.0,42582.92,168.11331,2022-03-22 19:30:00
1647978300000,42582.93,42633.76,42263.01,42284.41,818.44289,2022-03-22 19:45:00
1647979200000,42284.4,42453.79,42263.01,42453.78,426.56083,2022-03-22 20:00:00
1647980100000,42453.78,42561.39,42370.0,42492.55,341.20635,2022-03-22 20:15:00
1647981000000,42492.55,42492.55,42400.0,42400.0,171.27787,2022-03-22 20:30:00
1647981900000,42400.0,42629.0,42400.0,42588.59,428.25856,2022-03-22 20:45:00
1647982800000,42588.58,42775.0,42565.22,42709.43,381.53854,2022-03-22 21:00:00
1647983700000,42709.43,42750.03,42650.53,42716.77,207.69719,2022-03-22 21:15:00
1647984600000,42716.78,42838.81,42716.09,42814.15,210.49768,2022-03-22 21:30:00
1647985500000,42814.14,42872.17,42768.46,42833.03,291.11182,2022-03-22 21:45:00
1647986400000,42833.04,42833.04,42550.39,42559.99,368.67262,2022-03-22 22:00:00
1647987300000,42559.99,42741.76,42500.0,42604.25,403.7312,2022-03-22 22:15:00
1647988200000,42604.25,42643.99,42480.19,42496.76,286.43953,2022-03-22 22:30:00
1647989100000,42496.77,42555.87,42470.35,42529.15,161.72117,2022-03-22 22:45:00
1647990000000,42529.15,42533.12,42426.81,42518.18,239.1938,2022-03-22 23:00:00
1647990900000,42518.19,42518.33,42327.27,42329.09,222.68774,2022-03-22 23:15:00
1647991800000,42329.09,42425.0,42258.68,42304.12,463.06328,2022-03-22 23:30:00
1647992700000,42304.11,42399.0,42261.62,42364.13,215.15636,2022-03-22 23:45:00
1647993600000,42364.13,42483.2,42309.08,42472.58,497.28074,2022-03-23 00:00:00
1647994500000,42472.58,42492.15,42341.31,42405.78,183.25774,2022-03-23 00:15:00
1647995400000,42405.78,42443.88,42274.93,42331.77,308.19211,2022-03-23 00:30:00
1647996300000,42331.77,42436.25,42331.76,42402.56,198.26827,2022-03-23 00:45:00
1647997200000,42402.55,42402.56,41884.0,42149.01,1972.23196,2022-03-23 01:00:00
1647998100000,42149.01,42198.42,42078.83,42126.86,315.10981,2022-03-23 01:15:00
1647999000000,42126.87,42251.35,42015.0,42243.44,313.25534,2022-03-23 01:30:00
1647999900000,42243.44,42370.0,42199.69,42322.66,500.36084,2022-03-23 01:45:00
1648000800000,42322.66,42328.52,42246.55,42281.0,246.4165,2022-03-23 02:00:00
1648001700000,42281.0,42529.99,42281.0,42525.83,444.00783,2022-03-23 02:15:00
1648002600000,42525.83,42527.67,42400.0,42430.17,427.69284,2022-03-23 02:30:00
1648003500000,42430.17,42430.18,42273.37,42324.96,323.33477,2022-03-23 02:45:00
1648004400000,42324.95,42364.52,42171.82,42219.86,318.8099,2022-03-23 03:00:00
1648005300000,42219.86,42272.0,42159.93,42200.01,244.60213,2022-03-23 03:15:00
1648006200000,42200.01,42260.6,42171.39,42209.17,200.10611,2022-03-23 03:30:00
1648007100000,42209.17,42220.0,42049.96,42073.94,353.42943,2022-03-23 03:45:00
1648008000000,42073.93,42196.71,42046.88,42092.79,295.32961,2022-03-23 04:00:00
1648008900000,42092.8,42104.0,41789.0,41826.78,1051.21619,2022-03-23 04:15:00
1648009800000,41826.78,41896.31,41751.47,41849.0,397.10072,2022-03-23 04:30:00
1648010700000,41849.0,41962.38,41823.14,41944.35,324.91791,2022-03-23 04:45:00
1648011600000,41944.35,41952.1,41789.0,41796.34,315.7462,2022-03-23 05:00:00
1648012500000,41796.35,41908.6,41782.1,41901.86,210.09921,2022-03-23 05:15:00
1648013400000,41901.86,42011.33,41877.92,41998.77,212.60444,2022-03-23 05:30:00
1648014300000,41998.77,42068.15,41938.95,42021.36,315.78572,2022-03-23 05:45:00
1648015200000,42021.35,42033.2,41954.34,42015.85,269.19798,2022-03-23 06:00:00
1648016100000,42015.85,42123.51,42015.85,42104.0,246.83383,2022-03-23 06:15:00
1648017000000,42104.01,42206.23,42051.88,42193.52,337.45102,2022-03-23 06:30:00
1648017900000,42193.52,42255.4,42114.42,42232.31,380.83892,2022-03-23 06:45:00
1648018800000,42232.3,42259.38,42062.65,42092.58,308.6089,2022-03-23 07:00:00
1648019700000,42092.57,42149.88,42033.1,42133.33,272.87729,2022-03-23 07:15:00
1648020600000,42133.32,42209.0,42051.93,42172.99,240.65897,2022-03-23 07:30:00
1648021500000,42173.0,42176.0,42076.32,42107.74,211.11652,2022-03-23 07:45:00
1648022400000,42107.73,42146.57,41988.5,42051.99,391.80985,2022-03-23 08:00:00
1648023300000,42051.99,42316.67,41980.87,42235.5,616.01395,2022-03-23 08:15:00
1648024200000,42235.5,42345.32,42233.0,42313.12,425.4013,2022-03-23 08:30:00
1648025100000,42313.12,42313.13,42229.42,42229.43,224.69214,2022-03-23 08:45:00
1648026000000,42229.42,42300.0,42169.12,42186.74,232.06193,2022-03-23 09:00:00
1648026900000,42186.75,42190.86,42092.51,42102.45,375.56036,2022-03-23 09:15:00
1648027800000,42102.45,42142.01,41994.69,42050.02,680.76856,2022-03-23 09:30:00
1648028700000,42050.02,42193.4,42029.55,42166.63,342.99591,2022-03-23 09:45:00
1648029600000,42166.63,42173.96,42099.97,42143.74,244.7449,2022-03-23 10:00:00
1648030500000,42143.74,42273.57,42119.0,42210.26,363.26674,2022-03-23 10:15:00
1648031400000,42210.26,42229.12,42135.0,42144.93,187.61145,2022-03-23 10:30:00
1648032300000,42144.94,42231.32,42138.41,42156.52,204.60283,2022-03-23 10:45:00
1648033200000,42156.52,42186.07,42088.72,42097.34,240.07077,2022-03-23 11:00:00
1648034100000,42097.33,42097.34,41878.82,41949.96,539.29606,2022-03-23 11:15:00
1648035000000,41949.95,42041.54,41908.58,41909.42,332.7428,2022-03-23 11:30:00
1648035900000,41909.43,42052.15,41907.52,42039.78,248.93288,2022-03-23 11:45:00
1648036800000,42039.77,42095.4,41972.32,41979.01,302.38962,2022-03-23 12:00:00
1648037700000,41979.01,41984.5,41881.0,41952.72,327.79801,2022-03-23 12:15:00
1648038600000,41952.71,42194.13,41952.71,42187.89,562.94141,2022-03-23 12:30:00
1648039500000,42187.89,42438.71,42180.89,42359.04,1190.78319,2022-03-23 12:45:00
1648040400000,42359.04,42450.0,42151.96,42181.88,1111.97413,2022-03-23 13:00:00
1648041300000,42181.88,42303.28,42177.72,42191.93,255.17236,2022-03-23 13:15:00
1648042200000,42191.93,42230.12,42011.59,42054.14,681.2856,2022-03-23 13:30:00
1648043100000,42054.14,42081.77,41976.87,42020.98,539.4696,2022-03-23 13:45:00
1648044000000,42020.99,42225.34,41969.0,42218.0,463.28745,2022-03-23 14:00:00
1648044900000,42218.01,42311.92,42099.01,42282.51,448.45051,2022-03-23 14:15:00
1648045800000,42282.51,42343.29,42219.5,42230.96,618.44566,2022-03-23 14:30:00
1648046700000,42230.96,42400.01,42215.97,42392.81,683.74194,2022-03-23 14:45:00
1648047600000,42392.81,42497.52,42302.81,42444.93,887.49356,2022-03-23 15:00:00
1648048500000,42444.92,42548.73,42372.99,42500.51,930.61194,2022-03-23 15:15:00
1648049400000,42500.51,42680.0,42432.07,42674.53,875.4218,2022-03-23 15:30:00
1648050300000,42674.53,42737.39,42604.35,42618.18,644.09046,2022-03-23 15:45:00
1648051200000,42618.18,42749.8,42499.98,42501.27,849.8975,2022-03-23 16:00:00
1648052100000,42501.26,42775.1,42491.91,42670.41,407.59861,2022-03-23 16:15:00
1648053000000,42670.41,42699.0,42535.03,42553.7,409.04034,2022-03-23 16:30:00
1648053900000,42553.7,42580.99,42483.36,42580.51,390.86844,2022-03-23 16:45:00
1648054800000,42580.5,42602.22,42391.96,42471.51,515.00195,2022-03-23 17:00:00
1648055700000,42471.5,42521.29,42297.39,42339.32,717.26839,2022-03-23 17:15:00
1648056600000,42339.31,42393.01,42262.0,42263.0,357.34706,2022-03-23 17:30:00
1648057500000,42263.0,42310.7,42059.0,42160.33,1050.93308,2022-03-23 17:45:00
1648058400000,42160.33,42164.0,42050.37,42079.0,399.232,2022-03-23 18:00:00
1648059300000,42079.0,42166.35,42050.38,42165.23,304.76764,2022-03-23 18:15:00
1648060200000,42165.23,42224.16,42117.59,42149.99,311.6189,2022-03-23 18:30:00
1648061100000,42150.0,42195.0,42086.0,42087.94,289.11041,2022-03-23 18:45:00
1648062000000,42087.94,42172.61,42070.91,42161.34,222.68912,2022-03-23 19:00:00
1648062900000,42161.35,42353.5,42161.34,42310.92,558.36541,2022-03-23 19:15:00
1648063800000,42310.93,42344.0,42201.11,42284.59,320.1568,2022-03-23 19:30:00
1648064700000,42284.6,42342.85,42208.89,42216.79,236.13498,2022-03-23 19:45:00
1648065600000,42216.79,42324.84,42189.73,42287.0,293.26523,2022-03-23 20:00:00
1648066500000,42287.0,42395.42,42257.0,42368.76,213.77658,2022-03-23 20:15:00
1648067400000,42368.77,42407.67,42314.12,42400.0,194.46237,2022-03-23 20:30:00
1648068300000,42400.0,42402.52,42293.27,42349.72,245.95602,2022-03-23 20:45:00
1648069200000,42349.72,42355.0,42250.8,42269.37,162.17929,2022-03-23 21:00:00
1648070100000,42269.37,42320.54,42251.0,42320.01,129.22063,2022-03-23 21:15:00
1648071000000,42320.0,42410.0,42318.0,42360.0,115.34808,2022-03-23 21:30:00
1648071900000,42359.99,42406.99,42359.99,42385.37,164.10423,2022-03-23 21:45:00
1648072800000,42385.37,42399.7,42335.12,42368.01,275.3333,2022-03-23 22:00:00
1648073700000,42368.0,42459.14,42365.08,42437.61,285.63867,2022-03-23 22:15:00
1648074600000,42437.61,42555.99,42437.0,42470.01,342.73235,2022-03-23 22:30:00
1648075500000,42470.0,42529.51,42447.72,42488.67,192.94174,2022-03-23 22:45:00
1648076400000,42488.66,42497.87,42430.0,42430.56,161.85143,2022-03-23 23:00:00
1648077300000,42430.55,42638.0,42398.98,42634.39,375.49413,2022-03-23 23:15:00
1648078200000,42634.39,42815.43,42515.0,42737.59,622.48616,2022-03-23 23:30:00
1648079100000,42737.6,43025.96,42720.25,42882.76,1303.38013,2022-03-23 23:45:00
1648080000000,42882.76,43120.0,42803.17,43037.9,1311.33044,2022-03-24 00:00:00
1648080900000,43037.9,43177.46,42923.0,42923.0,945.84839,2022-03-24 00:15:00
1648081800000,42924.71,43276.12,42757.17,43179.93,1251.18066,2022-03-24 00:30:00
1648082700000,43179.93,43179.94,43030.12,43034.72,592.79355,2022-03-24 00:45:00
1648083600000,43034.73,43103.76,42906.38,42991.5,890.44494,2022-03-24 01:00:00
1648084500000,42991.51,43070.0,42753.76,42778.99,657.2794,2022-03-24 01:15:00
1648085400000,42778.99,42869.35,42700.0,42780.61,486.8627,2022-03-24 01:30:00
1648086300000,42780.62,42875.06,42732.18,42827.45,346.57889,2022-03-24 01:45:00
1648087200000,42827.45,42876.71,42692.34,42697.99,287.64553,2022-03-24 02:00:00
1648088100000,42698.0,42795.74,42650.0,42774.62,347.42918,2022-03-24 02:15:00
1648089000000,42774.63,42864.31,42772.18,42855.0,272.94906,2022-03-24 02:30:00
1648089900000,42854.99,42967.45,42851.92,42952.53,301.84523,2022-03-24 02:45:00
1648090800000,42952.54,42963.86,42854.01,42859.07,236.12424,2022-03-24 03:00:00
1648091700000,42859.07,42943.6,42850.01,42929.27,190.68738,2022-03-24 03:15:00
1648092600000,42929.27,42929.28,42732.19,42758.0,395.93693,2022-03-24 03:30:00
1648093500000,42757.99,42802.4,42679.01,42712.87,391.00831,2022-03-24 03:45:00
1648094400000,42712.87,42787.6,42712.87,42787.59,238.7798,2022-03-24 04:00:00
1648095300000,42787.6,42869.69,42746.71,42842.27,254.77796,2022-03-24 04:15:00
1648096200000,42842.26,42880.26,42813.6,42880.26,241.83346,2022-03-24 04:30:00
1648097100000,42880.26,42951.29,42849.04,42901.03,619.35364,2022-03-24 04:45:00
1648098000000,42901.04,42919.13,42797.16,42879.18,275.92515,2022-03-24 05:00:00
1648098900000,42879.19,42879.19,42795.7,42812.56,260.48085,2022-03-24 05:15:00
1648099800000,42812.57,42958.0,42782.01,42940.01,245.26624,2022-03-24 05:30:00
1648100700000,42940.0,43045.0,42932.71,43012.49,369.14079,2022-03-24 05:45:00
1648101600000,43012.5,43060.0,42984.86,43043.0,279.68077,2022-03-24 06:00:00
1648102500000,43042.99,43478.0,43031.84,43204.34,1273.58238,2022-03-24 06:15:00
1648103400000,43204.34,43322.59,42989.0,43222.01,700.11431,2022-03-24 06:30:00
1648104300000,43222.01,43276.61,43104.67,43198.4,440.14487,2022-03-24 06:45:00
1648105200000,43198.41,43229.27,42985.0,43022.13,490.68798,2022-03-24 07:00:00
1648106100000,43022.13,43096.04,42900.0,43079.0,789.91979,2022-03-24 07:15:00
1648107000000,43079.0,43157.52,43000.0,43100.02,373.91588,2022-03-24 07:30:00
1648107900000,43100.02,43149.31,43033.0,43077.74,370.83905,2022-03-24 07:45:00
1648108800000,43077.75,43150.01,42984.94,43062.5,977.66167,2022-03-24 08:00:00
1648109700000,43062.5,43079.48,42975.56,43038.01,483.1876,2022-03-24 08:15:00
1648110600000,43038.01,43167.58,43036.38,43104.75,358.8335,2022-03-24 08:30:00
1648111500000,43104.75,43106.01,43045.0,43049.54,387.78864,2022-03-24 08:45:00
1648112400000,43049.54,43150.0,43041.38,43093.71,522.30294,2022-03-24 09:00:00
1648113300000,43093.72,43177.87,43051.14,43109.66,588.94958,2022-03-24 09:15:00
1648114200000,43109.67,43220.0,42840.92,43012.68,1522.30813,2022-03-24 09:30:00
1648115100000,43012.68,43092.91,42877.42,43021.01,626.30449,2022-03-24 09:45:00
1648116000000,43021.01,43031.0,42928.22,42928.22,463.32875,2022-03-24 10:00:00
1648116900000,42928.22,43040.0,42921.0,42999.53,328.37754,2022-03-24 10:15:00
1648117800000,42999.53,43077.13,42965.14,43069.63,306.63449,2022-03-24 10:30:00
1648118700000,43069.63,43101.76,43002.96,43002.96,302.86455,2022-03-24 10:45:00
1648119600000,43002.96,43048.99,42933.23,43020.19,327.671,2022-03-24 11:00:00
1648120500000,43020.19,43084.38,43019.57,43034.0,276.03862,2022-03-24 11:15:00
1648121400000,43034.0,43072.12,42867.33,42932.03,455.68468,2022-03-24 11:30:00
1648122300000,42932.02,42978.23,42914.12,42968.42,278.38002,2022-03-24 11:45:00
1648123200000,42968.42,43072.59,42888.89,42904.95,456.40879,2022-03-24 12:00:00
1648124100000,42904.95,43024.13,42900.71,42940.1,732.13642,2022-03-24 12:15:00
1648125000000,42940.09,42970.0,42784.44,42847.36,961.34071,2022-03-24 12:30:00
1648125900000,42847.37,42879.58,42741.02,42810.84,994.6977,2022-03-24 12:45:00
1648126800000,42810.84,42924.78,42797.17,42837.87,304.60163,2022-03-24 13:00:00
1648127700000,42837.87,42884.01,42770.85,42775.0,331.66115,2022-03-24 13:15:00
1648128600000,42775.0,43005.28,42560.46,42936.79,1242.05358,2022-03-24 13:30:00
1648129500000,42936.78,43064.07,42820.22,42984.86,716.55826,2022-03-24 13:45:00
1648130400000,42984.85,43147.1,42984.85,43052.43,747.44214,2022-03-24 14:00:00
1648131300000,43052.43,43059.46,42929.0,42959.09,450.55718,2022-03-24 14:15:00
1648132200000,42959.1,43033.77,42889.08,43017.84,530.58103,2022-03-24 14:30:00
1648133100000,43017.83,43595.01,43015.54,43582.11,2776.17486,2022-03-24 14:45:00
1648134000000,43582.11,43720.0,43468.63,43644.04,2173.58876,2022-03-24 15:00:00
1648134900000,43644.05,43831.99,43610.01,43781.34,1429.4936,2022-03-24 15:15:00
1648135800000,43781.34,44000.0,43674.37,43990.79,2034.89093,2022-03-24 15:30:00
1648136700000,43990.78,44036.93,43742.0,44000.01,2063.81137,2022-03-24 15:45:00
1648137600000,44000.0,44077.67,43844.22,43930.56,1064.55941,2022-03-24 16:00:00
1648138500000,43930.56,44186.78,43880.45,43939.99,1173.50271,2022-03-24 16:15:00
1648139400000,43939.98,43977.8,43842.04,43960.02,675.13001,2022-03-24 16:30:00
1648140300000,43960.02,44057.61,43900.0,44002.19,491.19076,2022-03-24 16:45:00
1648141200000,44002.19,44126.79,43964.53,44052.39,835.46451,2022-03-24 17:00:00
1648142100000,44052.38,44220.89,44031.69,44087.71,1032.26562,2022-03-24 17:15:00
1648143000000,44087.7,44104.65,43969.99,43986.4,515.00975,2022-03-24 17:30:00
1648143900000,43986.4,44016.1,43803.0,43815.11,674.9369,2022-03-24 17:45:00
1648144800000,43815.1,43922.25,43806.57,43870.75,511.8642,2022-03-24 18:00:00
1648145700000,43870.76,43900.0,43757.1,43886.01,576.90852,2022-03-24 18:15:00
1648146600000,43886.0,43951.82,43868.0,43915.03,480.31022,2022-03-24 18:30:00
1648147500000,43915.04,43995.0,43890.0,43993.17,333.85912,2022-03-24 18:45:00
1648148400000,43993.18,44015.75,43889.75,44000.0,345.78645,2022-03-24 19:00:00
1648149300000,44000.01,44077.55,43936.12,44060.78,352.88663,2022-03-24 19:15:00
1648150200000,44060.79,44077.55,43944.94,44006.02,327.45898,2022-03-24 19:30:00
1648151100000,44006.02,44006.02,43880.53,43908.3,417.07077,2022-03-24 19:45:00
1648152000000,43908.31,43910.02,43826.01,43837.16,306.73532,2022-03-24 20:00:00
1648152900000,43837.16,43927.22,43837.16,43895.41,189.29759,2022-03-24 20:15:00
1648153800000,43895.41,43943.88,43818.02,43900.0,262.99413,2022-03-24 20:30:00
1648154700000,43900.0,43924.73,43831.01,43869.99,220.37479,2022-03-24 20:45:00
1648155600000,43869.99,43900.16,43816.08,43839.63,331.764,2022-03-24 21:00:00
1648156500000,43839.63,43945.76,43807.27,43926.07,186.80381,2022-03-24 21:15:00
1648157400000,43926.07,43979.0,43890.71,43925.0,166.2526,2022-03-24 21:30:00
1648158300000,43925.0,44083.85,43880.48,44031.77,443.98138,2022-03-24 21:45:00
1648159200000,44031.76,44041.67,43901.6,43998.48,333.0861,2022-03-24 22:00:00
1648160100000,43998.47,44100.0,43946.29,44050.44,334.23366,2022-03-24 22:15:00
1648161000000,44050.43,44054.47,43969.9,44050.32,268.11999,2022-03-24 22:30:00
1648161900000,44050.33,44069.03,43934.0,43949.01,218.24607,2022-03-24 22:45:00
1648162800000,43948.74,44005.68,43897.9,43915.31,285.98252,2022-03-24 23:00:00
1648163700000,43915.32,43957.93,43901.01,43930.12,148.34532,2022-03-24 23:15:00
1648164600000,43930.12,43990.8,43910.5,43967.85,163.69972,2022-03-24 23:30:00
1648165500000,43967.85,43998.0,43870.5,43991.46,244.30012,2022-03-24 23:45:00
1648166400000,43991.46,43997.87,43882.0,43921.34,340.65787,2022-03-25 00:00:00
1648167300000,43921.35,43929.94,43854.38,43896.56,381.401,2022-03-25 00:15:00
1648168200000,43896.56,43998.0,43883.3,43982.81,316.09486,2022-03-25 00:30:00
1648169100000,43982.82,44017.76,43937.0,43970.0,283.8597,2022-03-25 00:45:00
1648170000000,43970.01,44068.96,43940.7,44023.64,401.82617,2022-03-25 01:00:00
1648170900000,44023.63,44103.0,44008.99,44097.05,388.71904,2022-03-25 01:15:00
1648171800000,44097.05,44398.53,44015.0,44190.0,2055.02924,2022-03-25 01:30:00
1648172700000,44190.0,44218.27,44067.97,44130.75,760.61734,2022-03-25 01:45:00
1648173600000,44130.76,44158.99,43979.53,43997.0,605.00793,2022-03-25 02:00:00
1648174500000,43996.99,44053.95,43958.0,44028.0,623.4254,2022-03-25 02:15:00
1648175400000,44028.0,44033.02,43886.58,43907.19,842.55815,2022-03-25 02:30:00
1648176300000,43907.2,43954.67,43877.31,43946.79,301.58972,2022-03-25 02:45:00
1648177200000,43946.8,43958.0,43892.0,43932.41,228.6273,2022-03-25 03:00:00
1648178100000,43932.41,43949.0,43870.0,43946.41,331.18104,2022-03-25 03:15:00
1648179000000,43946.41,43995.73,43915.09,43954.53,310.50899,2022-03-25 03:30:00
1648179900000,43954.52,43992.67,43930.0,43968.16,190.16606,2022-03-25 03:45:00
1648180800000,43968.17,43995.56,43941.0,43952.02,195.14652,2022-03-25 04:00:00
1648181700000,43952.01,44039.99,43904.94,44028.93,325.52238,2022-03-25 04:15:00
1648182600000,44028.93,44028.94,43941.78,43980.1,239.70813,2022-03-25 04:30:00
1648183500000,43980.11,44096.79,43958.0,44096.78,259.43067,2022-03-25 04:45:00
1648184400000,44096.79,44104.92,44033.54,44092.99,195.60788,2022-03-25 05:00:00
1648185300000,44092.99,44100.83,44011.78,44033.98,277.8039,2022-03-25 05:15:00
1648186200000,44033.98,44083.27,43992.0,44068.75,363.60177,2022-03-25 05:30:00
1648187100000,44068.76,44100.9,44036.18,44074.21,260.66794,2022-03-25 05:45:00
1648188000000,44074.22,44175.01,44074.21,44138.46,295.15583,2022-03-25 06:00:00
1648188900000,44138.47,44200.0,44124.27,44162.3,338.27927,2022-03-25 06:15:00
1648189800000,44162.3,44195.0,44051.0,44066.0,421.10501,2022-03-25 06:30:00
1648190700000,44066.01,44099.91,43963.82,44099.9,437.30247,2022-03-25 06:45:00
1648191600000,44099.9,44167.99,44074.99,44153.05,289.39638,2022-03-25 07:00:00
1648192500000,44152.93,44187.95,44136.96,44148.81,430.14754,2022-03-25 07:15:00
1648193400000,44148.82,44148.82,43964.42,43977.61,676.25911,2022-03-25 07:30:00
1648194300000,43977.62,44006.68,43901.1,43904.97,714.00119,2022-03-25 07:45:00
1648195200000,43904.97,43912.52,43579.0,43829.19,1999.90862,2022-03-25 08:00:00
1648196100000,43829.2,43945.47,43737.44,43902.84,543.23988,2022-03-25 08:15:00
1648197000000,43902.85,44062.05,43835.05,44024.0,509.38532,2022-03-25 08:30:00
1648197900000,44024.0,44076.83,43932.5,44000.67,421.46789,2022-03-25 08:45:00
1648198800000,44000.67,44024.21,43902.56,43932.49,324.34313,2022-03-25 09:00:00
1648199700000,43932.48,44064.99,43932.48,44014.99,362.61233,2022-03-25 09:15:00
1648200600000,44015.0,44131.59,44009.71,44108.0,403.18403,2022-03-25 09:30:00
1648201500000,44108.01,44164.78,44086.77,44120.0,522.10752,2022-03-25 09:45:00
1648202400000,44119.99,44175.89,44065.57,44125.55,348.24765,2022-03-25 10:00:00
1648203300000,44125.55,44162.0,44087.0,44125.89,248.50221,2022-03-25 10:15:00
1648204200000,44125.89,44174.24,44124.2,44174.24,263.21849,2022-03-25 10:30:00
1648205100000,44174.24,44317.29,44110.12,44233.28,695.13712,2022-03-25 10:45:00
1648206000000,44233.29,44343.65,44201.32,44320.3,529.993,2022-03-25 11:00:00
1648206900000,44320.3,44434.42,44228.65,44429.99,819.4023,2022-03-25 11:15:00
1648207800000,44429.99,44631.36,44330.0,44542.6,1389.75944,2022-03-25 11:30:00
1648208700000,44542.59,44664.2,44532.22,44585.28,953.23805,2022-03-25 11:45:00
1648209600000,44585.28,44659.51,44466.45,44535.48,805.29698,2022-03-25 12:00:00
1648210500000,44535.47,44721.07,44450.84,44683.6,656.807,2022-03-25 12:15:00
1648211400000,44683.61,44880.5,44623.57,44834.11,1052.77519,2022-03-25 12:30:00
1648212300000,44834.12,44916.7,44754.78,44835.23,839.17153,2022-03-25 12:45:00
1648213200000,44835.24,44877.0,44700.19,44813.14,752.90708,2022-03-25 13:00:00
1648214100000,44813.15,44860.0,44751.06,44829.78,421.19942,2022-03-25 13:15:00
1648215000000,44829.77,44953.0,44790.77,44848.7,983.32553,2022-03-25 13:30:00
1648215900000,44848.7,45050.0,44813.05,44980.18,2005.82089,2022-03-25 13:45:00
1648216800000,44980.18,45094.14,44776.45,44783.0,1089.57708,2022-03-25 14:00:00
1648217700000,44783.0,44985.0,44663.36,44875.27,766.94486,2022-03-25 14:15:00
1648218600000,44875.26,44989.28,44819.33,44948.0,516.54298,2022-03-25 14:30:00
1648219500000,44948.0,44967.66,44811.01,44865.46,462.2254,2022-03-25 14:45:00
1648220400000,44865.45,44882.0,44600.62,44617.23,1197.67538,2022-03-25 15:00:00
1648221300000,44617.24,44741.0,44374.85,44395.13,1660.56611,2022-03-25 15:15:00
1648222200000,44395.12,44487.66,44278.89,44356.59,1562.63491,2022-03-25 15:30:00
1648223100000,44356.59,44356.6,44187.69,44318.21,1361.86097,2022-03-25 15:45:00
1648224000000,44318.21,44596.29,44197.99,44454.52,1373.76532,2022-03-25 16:00:00
1648224900000,44454.53,44557.5,44334.89,44443.01,903.06004,2022-03-25 16:15:00
1648225800000,44443.0,44455.15,44235.01,44240.13,775.95967,2022-03-25 16:30:00
1648226700000,44240.13,44320.52,44141.66,44150.0,1046.92823,2022-03-25 16:45:00
1648227600000,44150.0,44295.98,44013.11,44135.09,1363.09737,2022-03-25 17:00:00
1648228500000,44135.09,44261.24,44135.09,44253.92,694.5714,2022-03-25 17:15:00
1648229400000,44253.91,44311.23,44181.38,44242.57,437.08682,2022-03-25 17:30:00
1648230300000,44242.57,44343.09,44160.0,44328.42,438.74266,2022-03-25 17:45:00
1648231200000,44328.43,44462.35,44304.6,44395.73,708.13834,2022-03-25 18:00:00
1648232100000,44395.74,44467.21,44297.44,44390.6,422.19713,2022-03-25 18:15:00
1648233000000,44390.6,44459.79,44340.16,44457.99,251.7117,2022-03-25 18:30:00
1648233900000,44457.99,44517.27,44393.79,44459.22,394.06899,2022-03-25 18:45:00
1648234800000,44459.22,44470.86,44301.22,44344.7,350.22689,2022-03-25 19:00:00
1648235700000,44344.71,44344.71,44205.17,44213.84,344.79738,2022-03-25 19:15:00
1648236600000,44213.84,44356.22,44164.97,44325.69,324.50494,2022-03-25 19:30:00
1648237500000,44325.68,44450.0,44325.68,44444.95,390.12712,2022-03-25 19:45:00
1648238400000,44444.94,44530.0,44380.96,44530.0,330.74271,2022-03-25 20:00:00
1648239300000,44530.0,44532.62,44417.24,44454.33,227.32209,2022-03-25 20:15:00
1648240200000,44454.32,44524.42,44358.21,44517.49,310.54118,2022-03-25 20:30:00
1648241100000,44517.49,44646.06,44465.02,44550.51,339.38827,2022-03-25 20:45:00
1648242000000,44550.5,44550.51,44461.45,44485.29,317.76972,2022-03-25 21:00:00
1648242900000,44485.3,44519.05,44422.92,44436.99,193.007,2022-03-25 21:15:00
1648243800000,44436.99,44457.6,44408.0,44454.61,163.77716,2022-03-25 21:30:00
1648244700000,44454.61,44549.0,44417.42,44525.36,218.44845,2022-03-25 21:45:00
1648245600000,44525.35,44525.36,44344.7,44408.74,282.96845,2022-03-25 22:00:00
1648246500000,44408.74,44408.75,44310.18,44365.02,280.38035,2022-03-25 22:15:00
1648247400000,44365.02,44424.28,44327.83,44336.31,215.66356,2022-03-25 22:30:00
1648248300000,44336.31,44400.0,44264.33,44299.5,237.4709,2022-03-25 22:45:00
1648249200000,44299.49,44368.07,44245.26,44322.38,203.67292,2022-03-25 23:00:00
1648250100000,44322.38,44352.0,44230.59,44275.95,168.55153,2022-03-25 23:15:00
1648251000000,44275.95,44359.44,44267.24,44345.39,163.72893,2022-03-25 23:30:00
1648251900000,44345.4,44386.24,44275.22,44313.16,192.53517,2022-03-25 23:45:00
1648252800000,44313.16,44424.24,44305.99,44401.93,251.79889,2022-03-26 00:00:00
1648253700000,44401.93,44453.48,44388.55,44432.04,169.62868,2022-03-26 00:15:00
1648254600000,44432.05,44435.13,44345.27,44366.01,133.77198,2022-03-26 00:30:00
1648255500000,44366.0,44366.01,44121.18,44150.85,452.17301,2022-03-26 00:45:00
1648256400000,44150.85,44236.15,44071.97,44184.0,305.89845,2022-03-26 01:00:00
1648257300000,44183.99,44245.35,44143.19,44172.28,222.44463,2022-03-26 01:15:00
1648258200000,44172.27,44322.97,44150.59,44303.07,227.16057,2022-03-26 01:30:00
1648259100000,44303.06,44355.14,44251.07,44295.04,295.14401,2022-03-26 01:45:00
1648260000000,44295.04,44383.16,44245.04,44350.98,318.67843,2022-03-26 02:00:00
1648260900000,44350.98,44378.95,44316.52,44364.98,145.48602,2022-03-26 02:15:00
1648261800000,44364.99,44375.37,44302.94,44329.0,139.10965,2022-03-26 02:30:00
1648262700000,44328.99,44329.0,44195.32,44289.01,348.11976,2022-03-26 02:45:00
1648263600000,44289.01,44363.41,44246.08,44359.0,242.5107,2022-03-26 03:00:00
1648264500000,44359.0,44430.0,44343.05,44382.28,391.17108,2022-03-26 03:15:00
1648265400000,44382.29,44418.28,44317.69,44393.5,171.75331,2022-03-26 03:30:00
1648266300000,44393.5,44420.65,44364.88,44394.03,159.4453,2022-03-26 03:45:00
1648267200000,44394.04,44466.73,44394.03,44427.27,254.80832,2022-03-26 04:00:00
1648268100000,44427.27,44448.38,44370.13,44446.49,167.20791,2022-03-26 04:15:00
1648269000000,44446.5,44447.96,44380.78,44400.12,149.07612,2022-03-26 04:30:00
1648269900000,44400.12,44448.84,44391.51,44408.5,146.58838,2022-03-26 04:45:00
1648270800000,44408.49,44431.83,44355.98,44427.14,185.02866,2022-03-26 05:00:00
1648271700000,44427.15,44431.24,44361.98,44430.92,165.84274,2022-03-26 05:15:00
1648272600000,44430.91,44507.47,44410.0,44464.3,284.91983,2022-03-26 05:30:00
1648273500000,44464.29,44517.23,44453.02,44498.45,196.45578,2022-03-26 05:45:00
1648274400000,44498.45,44548.24,44453.98,44461.21,242.92153,2022-03-26 06:00:00
1648275300000,44461.21,44483.72,44444.0,44476.27,143.89158,2022-03-26 06:15:00
1648276200000,44476.26,44496.45,44434.81,44435.92,151.26134,2022-03-26 06:30:00
1648277100000,44435.92,44447.91,44385.33,44446.8,284.09938,2022-03-26 06:45:00
1648278000000,44446.8,44471.97,44380.0,44420.87,129.25174,2022-03-26 07:00:00
1648278900000,44420.87,44435.6,44364.2,44404.91,145.40136,2022-03-26 07:15:00
1648279800000,44404.9,44489.66,44394.03,44467.39,229.92736,2022-03-26 07:30:00
1648280700000,44467.38,44546.82,44442.01,44510.07,370.95455,2022-03-26 07:45:00
1648281600000,44510.07,44524.46,44463.73,44524.46,199.00215,2022-03-26 08:00:00
1648282500000,44524.45,44578.0,44453.5,44458.09,276.45651,2022-03-26 08:15:00
1648283400000,44458.09,44491.63,44440.63,44460.5,188.22198,2022-03-26 08:30:00
1648284300000,44460.51,44514.0,44450.14,44499.0,144.41,2022-03-26 08:45:00
1648285200000,44499.0,44499.84,44419.24,44431.63,194.42347,2022-03-26 09:00:00
1648286100000,44431.63,44488.2,44426.64,44472.42,104.89916,2022-03-26 09:15:00
1648287000000,44472.42,44515.8,44442.99,44442.99,163.41636,2022-03-26 09:30:00
1648287900000,44443.0,44494.46,44438.87,44472.19,187.21617,2022-03-26 09:45:00
1648288800000,44472.2,44494.46,44441.0,44441.01,122.71304,2022-03-26 10:00:00
1648289700000,44441.01,44480.39,44386.17,44414.81,140.43283,2022-03-26 10:15:00
1648290600000,44414.82,44469.22,44374.13,44379.49,156.46285,2022-03-26 10:30:00
1648291500000,44379.5,44446.5,44377.75,44427.99,147.36909,2022-03-26 10:45:00
1648292400000,44428.0,44450.0,44380.56,44422.53,128.15322,2022-03-26 11:00:00
1648293300000,44422.54,44475.77,44374.66,44475.77,210.80847,2022-03-26 11:15:00
1648294200000,44475.76,44489.3,44379.25,44399.44,167.00635,2022-03-26 11:30:00
1648295100000,44399.45,44404.0,44318.94,44334.49,154.46228,2022-03-26 11:45:00
1648296000000,44334.5,44392.58,44300.01,44351.85,188.79057,2022-03-26 12:00:00
1648296900000,44351.85,44366.29,44264.75,44295.21,465.1389,2022-03-26 12:15:00
1648297800000,44295.21,44300.0,44222.5,44295.81,373.31265,2022-03-26 12:30:00
1648298700000,44295.8,44388.66,44252.42,44350.01,507.40432,2022-03-26 12:45:00
1648299600000,44350.01,44397.78,44323.86,44347.15,216.72769,2022-03-26 13:00:00
1648300500000,44347.16,44355.37,44167.52,44223.86,371.47166,2022-03-26 13:15:00
1648301400000,44223.85,44268.62,44191.42,44252.17,215.54334,2022-03-26 13:30:00
1648302300000,44252.17,44306.5,44210.01,44251.67,193.81347,2022-03-26 13:45:00
1648303200000,44251.68,44277.66,44203.62,44208.66,201.43677,2022-03-26 14:00:00
1648304100000,44208.66,44233.56,44170.0,44226.88,230.92532,2022-03-26 14:15:00
1648305000000,44226.89,44235.77,44171.8,44185.01,205.91615,2022-03-26 14:30:00
1648305900000,44185.01,44251.84,44153.94,44251.84,288.37008,2022-03-26 14:45:00
1648306800000,44251.84,44278.09,44233.0,44258.43,128.47347,2022-03-26 15:00:00
1648307700000,44258.43,44259.44,44212.07,44234.85,114.60119,2022-03-26 15:15:00
1648308600000,44234.86,44330.0,44194.58,44317.01,322.51063,2022-03-26 15:30:00
1648309500000,44317.0,44329.44,44200.0,44205.31,270.8498,2022-03-26 15:45:00
1648310400000,44205.3,44215.49,44154.99,44182.89,382.79646,2022-03-26 16:00:00
1648311300000,44182.9,44261.5,44140.76,44247.81,383.04777,2022-03-26 16:15:00
1648312200000,44247.81,44287.0,44218.52,44286.99,119.72161,2022-03-26 16:30:00
1648313100000,44287.0,44314.08,44264.11,44292.67,158.7351,2022-03-26 16:45:00
1648314000000,44292.67,44395.0,44284.36,44374.77,279.62709,2022-03-26 17:00:00
1648314900000,44374.78,44431.75,44351.42,44419.9,196.8223,2022-03-26 17:15:00
1648315800000,44419.9,44419.9,44367.45,44380.82,147.05942,2022-03-26 17:30:00
1648316700000,44380.82,44408.04,44369.55,44372.81,176.59707,2022-03-26 17:45:00
1648317600000,44372.82,44423.54,44370.0,44379.59,174.75027,2022-03-26 18:00:00
1648318500000,44379.58,44396.61,44366.5,44382.38,136.55239,2022-03-26 18:15:00
1648319400000,44382.38,44453.5,44369.24,44412.32,146.4979,2022-03-26 18:30:00
1648320300000,44412.33,44464.92,44412.13,44436.03,111.23349,2022-03-26 18:45:00
1648321200000,44436.03,44461.88,44402.18,44446.8,170.6735,2022-03-26 19:00:00
1648322100000,44446.81,44452.9,44342.62,44348.96,352.25219,2022-03-26 19:15:00
1648323000000,44348.96,44357.37,44303.91,44338.56,397.34727,2022-03-26 19:30:00
1648323900000,44338.56,44372.44,44318.09,44367.49,281.97938,2022-03-26 19:45:00
1648324800000,44367.49,44550.0,44363.47,44544.72,693.08233,2022-03-26 20:00:00
1648325700000,44544.72,44760.0,44544.72,44701.6,850.3883,2022-03-26 20:15:00
1648326600000,44701.59,44792.99,44699.04,44726.55,524.93975,2022-03-26 20:30:00
1648327500000,44726.56,44726.56,44463.69,44571.92,680.42023,2022-03-26 20:45:00
1648328400000,44571.93,44584.37,44306.38,44400.95,599.64308,2022-03-26 21:00:00
1648329300000,44400.94,44400.95,44284.39,44286.05,259.73845,2022-03-26 21:15:00
1648330200000,44286.05,44390.2,44255.0,44378.55,132.13382,2022-03-26 21:30:00
1648331100000,44378.56,44445.0,44378.55,44444.99,137.59779,2022-03-26 21:45:00
1648332000000,44444.98,44473.26,44391.22,44428.9,220.13996,2022-03-26 22:00:00
1648332900000,44428.89,44522.71,44428.51,44466.1,143.46467,2022-03-26 22:15:00
1648333800000,44466.1,44466.1,44402.59,44427.97,167.96928,2022-03-26 22:30:00
1648334700000,44427.98,44450.1,44363.54,44364.14,138.95577,2022-03-26 22:45:00
1648335600000,44364.13,44432.93,44364.13,44393.99,128.66658,2022-03-26 23:00:00
1648336500000,44393.99,44491.91,44393.99,44461.78,191.71675,2022-03-26 23:15:00
1648337400000,44461.78,44512.0,44461.77,44508.65,137.23236,2022-03-26 23:30:00
1648338300000,44508.65,44570.6,44477.03,44511.27,217.16409,2022-03-26 23:45:00
1648339200000,44511.27,44591.37,44484.11,44545.19,317.69803,2022-03-27 00:00:00
1648340100000,44545.2,44575.53,44523.4,44543.0,267.335,2022-03-27 00:15:00
1648341000000,44543.0,44690.0,44516.93,44647.29,384.7236,2022-03-27 00:30:00
1648341900000,44647.29,44744.67,44640.11,44713.12,337.65644,2022-03-27 00:45:00
1648342800000,44713.11,44770.17,44645.38,44685.5,353.41806,2022-03-27 01:00:00
1648343700000,44685.51,44744.84,44626.41,44626.41,263.28559,2022-03-27 01:15:00
1648344600000,44626.42,44705.51,44579.14,44636.72,332.21422,2022-03-27 01:30:00
1648345500000,44636.72,44733.5,44636.71,44724.97,175.15116,2022-03-27 01:45:00
1648346400000,44724.96,44950.0,44679.27,44934.44,691.54148,2022-03-27 02:00:00
1648347300000,44934.45,44947.0,44763.39,44779.35,341.32383,2022-03-27 02:15:00
1648348200000,44779.34,44814.0,44671.0,44676.62,223.43063,2022-03-27 02:30:00
1648349100000,44676.62,44707.45,44661.35,44697.63,142.18897,2022-03-27 02:45:00
1648350000000,44697.63,44714.72,44642.14,44714.71,143.65227,2022-03-27 03:00:00
1648350900000,44714.72,44718.21,44663.84,44694.94,138.84202,2022-03-27 03:15:00
1648351800000,44694.93,44706.48,44642.94,44653.53,184.89037,2022-03-27 03:30:00
1648352700000,44653.53,44713.02,44619.7,44713.01,172.25158,2022-03-27 03:45:00
1648353600000,44713.01,44759.17,44690.92,44714.71,144.80662,2022-03-27 04:00:00
1648354500000,44714.71,44728.11,44590.77,44590.77,252.84967,2022-03-27 04:15:00
1648355400000,44590.77,44634.7,44542.01,44578.43,209.78164,2022-03-27 04:30:00
1648356300000,44578.43,44624.99,44573.97,44580.51,115.05971,2022-03-27 04:45:00
1648357200000,44580.51,44650.0,44573.03,44649.99,103.51484,2022-03-27 05:00:00
1648358100000,44649.99,44706.99,44635.13,44699.91,145.56448,2022-03-27 05:15:00
1648359000000,44699.9,44712.3,44668.56,44689.79,114.86599,2022-03-27 05:30:00
1648359900000,44689.78,44689.79,44628.05,44639.0,66.36401,2022-03-27 05:45:00
1648360800000,44639.01,44694.53,44618.01,44693.27,184.44679,2022-03-27 06:00:00
1648361700000,44693.27,44725.79,44676.86,44705.49,133.90945,2022-03-27 06:15:00
1648362600000,44705.49,44730.0,44660.0,44673.5,156.24156,2022-03-27 06:30:00
1648363500000,44673.5,44676.3,44637.09,44656.4,111.82011,2022-03-27 06:45:00
1648364400000,44656.39,44685.93,44640.64,44685.92,130.56183,2022-03-27 07:00:00
1648365300000,44685.92,44722.56,44666.95,44695.24,175.00625,2022-03-27 07:15:00
1648366200000,44695.24,44705.35,44674.53,44681.5,117.01261,2022-03-27 07:30:00
1648367100000,44681.5,44750.0,44670.03,44734.06,159.03715,2022-03-27 07:45:00
1648368000000,44734.06,44747.94,44700.0,44705.48,137.77388,2022-03-27 08:00:00
1648368900000,44705.49,44731.31,44618.33,44618.33,140.49476,2022-03-27 08:15:00
1648369800000,44618.34,44689.99,44592.85,44662.5,187.43397,2022-03-27 08:30:00
1648370700000,44662.5,44662.5,44596.71,44604.49,125.37664,2022-03-27 08:45:00
1648371600000,44604.48,44660.88,44604.48,44635.5,124.04809,2022-03-27 09:00:00
1648372500000,44635.49,44698.94,44625.0,44628.07,157.3761,2022-03-27 09:15:00
1648373400000,44628.08,44630.63,44590.4,44600.65,181.48785,2022-03-27 09:30:00
1648374300000,44600.65,44600.65,44539.86,44539.86,271.60695,2022-03-27 09:45:00
1648375200000,44539.95,44619.14,44469.38,44596.19,263.21213,2022-03-27 10:00:00
1648376100000,44596.19,44598.51,44550.66,44579.45,135.03254,2022-03-27 10:15:00
1648377000000,44579.46,44582.8,44544.08,44566.71,155.57267,2022-03-27 10:30:00
1648377900000,44566.71,44597.99,44520.0,44527.0,185.60077,2022-03-27 10:45:00
1648378800000,44527.01,44585.57,44515.88,44550.01,158.71793,2022-03-27 11:00:00
1648379700000,44550.01,44590.0,44538.99,44589.99,127.66585,2022-03-27 11:15:00
1648380600000,44590.0,44636.34,44551.24,44575.69,241.56387,2022-03-27 11:30:00
1648381500000,44575.69,44575.69,44524.18,44569.5,180.81207,2022-03-27 11:45:00
1648382400000,44569.5,44606.86,44535.0,44551.28,171.12638,2022-03-27 12:00:00
1648383300000,44551.28,44556.07,44466.7,44502.33,269.3812,2022-03-27 12:15:00
1648384200000,44502.33,44548.24,44492.9,44496.37,192.96801,2022-03-27 12:30:00
1648385100000,44496.36,44542.39,44433.0,44436.1,514.32406,2022-03-27 12:45:00
1648386000000,44436.09,44487.51,44421.46,44480.0,239.25869,2022-03-27 13:00:00
1648386900000,44480.0,44556.83,44471.91,44548.75,258.26165,2022-03-27 13:15:00
1648387800000,44548.75,44567.05,44510.95,44567.04,222.38487,2022-03-27 13:30:00
1648388700000,44567.05,44647.24,44566.44,44616.24,268.77833,2022-03-27 13:45:00
1648389600000,44616.23,44699.35,44583.52,44691.5,315.55211,2022-03-27 14:00:00
1648390500000,44691.5,44741.0,44664.76,44714.79,275.26924,2022-03-27 14:15:00
1648391400000,44714.79,44714.8,44630.66,44632.86,250.21376,2022-03-27 14:30:00
1648392300000,44632.87,44688.62,44591.96,44614.35,280.67074,2022-03-27 14:45:00
1648393200000,44614.36,44637.89,44523.23,44562.59,288.80614,2022-03-27 15:00:00
1648394100000,44562.6,44841.8,44562.59,44825.17,590.91621,2022-03-27 15:15:00
1648395000000,44825.17,44918.98,44706.03,44818.25,654.60884,2022-03-27 15:30:00
1648395900000,44818.26,44933.45,44782.92,44857.52,455.69965,2022-03-27 15:45:00
1648396800000,44857.53,44924.95,44740.0,44751.63,640.18115,2022-03-27 16:00:00
1648397700000,44751.63,44884.06,44751.63,44839.12,289.80723,2022-03-27 16:15:00
1648398600000,44839.11,45036.04,44760.3,44861.66,1159.57496,2022-03-27 16:30:00
1648399500000,44861.65,44973.3,44842.0,44950.0,430.16828,2022-03-27 16:45:00
1648400400000,44950.0,44966.0,44800.82,44821.39,323.03926,2022-03-27 17:00:00
1648401300000,44821.38,44845.07,44777.73,44824.5,279.70791,2022-03-27 17:15:00
1648402200000,44824.51,44856.23,44783.37,44838.73,130.79285,2022-03-27 17:30:00
1648403100000,44838.74,44937.76,44828.78,44919.53,202.59245,2022-03-27 17:45:00
1648404000000,44919.53,44980.7,44906.92,44930.6,246.93836,2022-03-27 18:00:00
1648404900000,44930.59,44952.17,44870.01,44887.89,149.1011,2022-03-27 18:15:00
1648405800000,44887.89,44887.89,44841.14,44884.0,133.1141,2022-03-27 18:30:00
1648406700000,44883.99,44893.34,44841.14,44841.14,100.34827,2022-03-27 18:45:00
1648407600000,44841.14,44885.28,44815.82,44825.0,111.05227,2022-03-27 19:00:00
1648408500000,44825.01,44881.44,44825.0,44867.03,101.68106,2022-03-27 19:15:00
1648409400000,44867.03,44878.62,44816.31,44821.01,153.32532,2022-03-27 19:30:00
1648410300000,44821.0,44850.01,44810.25,44830.66,135.96523,2022-03-27 19:45:00
1648411200000,44830.66,44847.98,44762.55,44784.89,196.34119,2022-03-27 20:00:00
1648412100000,44784.9,44798.0,44678.12,44758.04,382.07137,2022-03-27 20:15:00
1648413000000,44758.03,46616.14,44756.49,46160.75,6955.94047,2022-03-27 20:30:00
1648413900000,46160.75,46163.08,45881.56,46115.8,2054.68227,2022-03-27 20:45:00
1648414800000,46115.79,46144.74,45838.15,46004.96,1057.06685,2022-03-27 21:00:00
1648415700000,46004.96,46575.09,45963.1,46443.07,957.34466,2022-03-27 21:15:00
1648416600000,46443.07,46800.0,46205.9,46518.1,1699.79383,2022-03-27 21:30:00
1648417500000,46518.11,46769.71,46480.0,46552.08,1027.32496,2022-03-27 21:45:00
1648418400000,46552.07,46656.13,46357.98,46650.0,1972.79307,2022-03-27 22:00:00
1648419300000,46650.01,46999.0,46543.0,46794.99,2773.14138,2022-03-27 22:15:00
1648420200000,46794.98,46889.55,46686.61,46718.0,693.86767,2022-03-27 22:30:00
1648421100000,46717.99,46742.16,46600.0,46613.0,799.56564,2022-03-27 22:45:00
1648422000000,46613.0,46687.43,46559.59,46596.09,439.82998,2022-03-27 23:00:00
1648422900000,46596.09,46743.35,46592.01,46735.51,412.85346,2022-03-27 23:15:00
1648423800000,46735.5,46857.13,46665.77,46805.79,652.9962,2022-03-27 23:30:00
1648424700000,46805.79,46877.87,46785.73,46827.76,399.466,2022-03-27 23:45:00
1648425600000,46827.76,46903.89,46697.26,46714.29,918.13769,2022-03-28 00:00:00
1648426500000,46714.3,46820.33,46663.56,46817.92,571.91795,2022-03-28 00:15:00
1648427400000,46817.92,47650.0,46817.91,47101.17,3422.55,2022-03-28 00:30:00
1648428300000,47101.17,47101.18,46816.45,46920.99,1218.26529,2022-03-28 00:45:00
1648429200000,46921.0,46990.0,46850.99,46975.19,558.32744,2022-03-28 01:00:00
1648430100000,46975.19,47037.48,46900.07,46905.73,321.10082,2022-03-28 01:15:00
1648431000000,46905.72,46908.24,46700.0,46789.7,518.85986,2022-03-28 01:30:00
1648431900000,46789.7,46854.66,46785.88,46810.5,342.38307,2022-03-28 01:45:00
1648432800000,46810.5,46899.57,46810.5,46841.36,380.81478,2022-03-28 02:00:00
1648433700000,46841.36,46889.65,46766.42,46841.03,306.46707,2022-03-28 02:15:00
1648434600000,46841.03,46927.89,46840.51,46906.29,275.041,2022-03-28 02:30:00
1648435500000,46906.29,46945.59,46859.88,46924.82,266.97427,2022-03-28 02:45:00
1648436400000,46924.82,46950.0,46850.49,46862.98,331.08362,2022-03-28 03:00:00
1648437300000,46862.97,46986.18,46862.97,46961.52,313.87348,2022-03-28 03:15:00
1648438200000,46961.52,47022.37,46913.98,46987.85,373.61687,2022-03-28 03:30:00
1648439100000,46987.86,47049.41,46986.49,47049.4,429.61372,2022-03-28 03:45:00
1648440000000,47049.4,47054.87,46938.3,46945.35,387.2765,2022-03-28 04:00:00
1648440900000,46945.35,46977.64,46864.4,46917.18,287.29169,2022-03-28 04:15:00
1648441800000,46917.19,46997.16,46917.18,46953.17,294.82359,2022-03-28 04:30:00
1648442700000,46953.18,47218.88,46935.27,47124.8,441.18168,2022-03-28 04:45:00
1648443600000,47124.8,47371.99,47091.01,47301.36,626.00617,2022-03-28 05:00:00
1648444500000,47301.36,47301.83,47184.03,47221.15,698.65246,2022-03-28 05:15:00
1648445400000,47221.16,47227.37,47114.51,47149.99,1171.36124,2022-03-28 05:30:00
1648446300000,47150.0,47215.07,47011.38,47056.19,2222.77653,2022-03-28 05:45:00
1648447200000,47056.19,47106.24,46716.83,46756.43,2304.12721,2022-03-28 06:00:00
1648448100000,46756.42,46890.46,46756.42,46871.99,663.84195,2022-03-28 06:15:00
1648449000000,46871.99,46980.0,46871.99,46919.31,370.83978,2022-03-28 06:30:00
1648449900000,46919.3,46960.51,46831.64,46904.73,425.35287,2022-03-28 06:45:00
1648450800000,46904.72,47172.15,46884.84,47069.16,991.95382,2022-03-28 07:00:00
1648451700000,47069.16,47200.0,46928.42,46983.43,542.41024,2022-03-28 07:15:00
1648452600000,46983.43,46984.99,46938.34,46977.73,261.63762,2022-03-28 07:30:00
1648453500000,46977.74,47015.8,46963.14,46989.24,323.94562,2022-03-28 07:45:00
1648454400000,46989.24,46995.59,46892.44,46894.83,377.89565,2022-03-28 08:00:00
1648455300000,46894.82,46969.22,46845.98,46967.48,414.98782,2022-03-28 08:15:00
1648456200000,46967.47,46975.0,46909.99,46957.85,374.55888,2022-03-28 08:30:00
1648457100000,46957.85,47053.25,46957.85,47021.24,400.7742,2022-03-28 08:45:00
1648458000000,47021.24,47075.09,46974.32,47005.29,357.9535,2022-03-28 09:00:00
1648458900000,47005.29,47086.45,46980.5,47066.94,299.76559,2022-03-28 09:15:00
1648459800000,47066.95,47156.25,47050.93,47086.64,457.60347,2022-03-28 09:30:00
1648460700000,47086.63,47188.48,47073.8,47140.89,503.78939,2022-03-28 09:45:00
1648461600000,47140.89,47234.62,47124.6,47187.8,443.16075,2022-03-28 10:00:00
1648462500000,47187.8,47275.0,47169.89,47267.94,466.26745,2022-03-28 10:15:00
1648463400000,47267.95,47267.95,47064.05,47194.0,463.34051,2022-03-28 10:30:00
1648464300000,47194.0,47219.48,47114.92,47218.33,394.80594,2022-03-28 10:45:00
1648465200000,47218.33,47383.05,47118.08,47188.48,797.10433,2022-03-28 11:00:00
1648466100000,47188.48,47333.0,47188.47,47333.0,371.63813,2022-03-28 11:15:00
1648467000000,47332.99,47362.14,47224.77,47271.01,522.57558,2022-03-28 11:30:00
1648467900000,47271.0,47290.7,47189.45,47252.54,287.25773,2022-03-28 11:45:00
1648468800000,47252.54,47376.74,47243.0,47261.54,451.90851,2022-03-28 12:00:00
1648469700000,47261.53,47294.03,47200.0,47267.39,337.94323,2022-03-28 12:15:00
1648470600000,47267.38,47267.39,47123.54,47155.5,328.5895,2022-03-28 12:30:00
1648471500000,47155.5,47234.39,47126.38,47210.53,231.97889,2022-03-28 12:45:00
1648472400000,47210.53,47293.92,47176.67,47293.92,412.95907,2022-03-28 13:00:00
1648473300000,47293.91,47396.48,47260.42,47379.57,447.06013,2022-03-28 13:15:00
1648474200000,47379.57,47571.48,47292.55,47541.37,1329.6795,2022-03-28 13:30:00
1648475100000,47541.36,47756.43,47490.0,47724.13,1349.5026,2022-03-28 13:45:00
1648476000000,47724.12,47728.9,47522.13,47571.99,775.14142,2022-03-28 14:00:00
1648476900000,47571.99,47614.0,47349.52,47568.5,993.08916,2022-03-28 14:15:00
1648477800000,47568.5,47585.09,47433.68,47534.75,522.68619,2022-03-28 14:30:00
1648478700000,47534.74,47739.97,47524.69,47603.5,580.8748,2022-03-28 14:45:00
1648479600000,47603.51,47820.0,47483.4,47749.2,1349.86541,2022-03-28 15:00:00
1648480500000,47749.2,47908.05,47637.36,47698.0,1380.87083,2022-03-28 15:15:00
1648481400000,47698.01,47700.02,47501.21,47614.01,673.48135,2022-03-28 15:30:00
1648482300000,47614.0,47614.01,47400.89,47422.51,683.14146,2022-03-28 15:45:00
1648483200000,47422.51,47550.0,47415.77,47494.51,450.64847,2022-03-28 16:00:00
1648484100000,47494.51,47540.28,47300.65,47400.77,680.64028,2022-03-28 16:15:00
1648485000000,47400.77,47546.65,47393.5,47486.25,379.83714,2022-03-28 16:30:00
1648485900000,47486.25,47543.2,47461.53,47466.55,319.95406,2022-03-28 16:45:00
1648486800000,47466.54,47470.33,47350.0,47357.44,417.193,2022-03-28 17:00:00
1648487700000,47357.44,47476.8,47331.69,47464.64,372.72304,2022-03-28 17:15:00
1648488600000,47464.64,47599.96,47452.8,47562.69,324.0868,2022-03-28 17:30:00
1648489500000,47562.69,47673.95,47547.21,47599.06,400.26218,2022-03-28 17:45:00
1648490400000,47599.06,47678.84,47556.37,47644.74,380.47699,2022-03-28 18:00:00
1648491300000,47644.75,47754.13,47600.0,47688.76,543.97862,2022-03-28 18:15:00
1648492200000,47688.76,47778.73,47680.0,47759.99,410.25268,2022-03-28 18:30:00
1648493100000,47759.99,48085.0,47753.87,47970.99,1860.69829,2022-03-28 18:45:00
1648494000000,47970.98,47980.0,47835.26,47915.81,610.39512,2022-03-28 19:00:00
1648494900000,47915.81,48158.77,47873.67,48118.48,674.02769,2022-03-28 19:15:00
1648495800000,48118.47,48189.84,47961.0,48056.17,856.75693,2022-03-28 19:30:00
1648496700000,48056.18,48056.18,47689.38,47956.28,1075.89362,2022-03-28 19:45:00
1648497600000,47956.28,48030.5,47834.76,47850.01,566.0355,2022-03-28 20:00:00
1648498500000,47850.01,47928.57,47811.4,47822.43,462.36957,2022-03-28 20:15:00
1648499400000,47822.42,47946.5,47819.0,47895.99,236.93131,2022-03-28 20:30:00
1648500300000,47896.0,47991.45,47895.99,47934.68,401.19284,2022-03-28 20:45:00
1648501200000,47934.69,48094.11,47932.51,47953.03,430.49976,2022-03-28 21:00:00
1648502100000,47953.03,47959.15,47751.56,47770.11,519.02893,2022-03-28 21:15:00
1648503000000,47764.49,47774.33,47444.08,47606.21,707.96386,2022-03-28 21:30:00
1648503900000,47606.21,47650.0,47456.0,47629.22,297.7599,2022-03-28 21:45:00
1648504800000,47629.21,47680.96,47516.68,47624.54,365.77194,2022-03-28 22:00:00
1648505700000,47624.54,47735.0,47604.5,47708.49,259.3601,2022-03-28 22:15:00
1648506600000,47708.5,47753.24,47681.21,47700.68,122.39959,2022-03-28 22:30:00
1648507500000,47700.68,47726.77,47488.0,47540.59,448.38639,2022-03-28 22:45:00
1648508400000,47540.58,47595.69,47424.44,47460.88,444.70835,2022-03-28 23:00:00
1648509300000,47460.88,47494.64,47056.67,47267.51,1272.60084,2022-03-28 23:15:00
1648510200000,47267.51,47323.5,47197.5,47281.51,293.82953,2022-03-28 23:30:00
1648511100000,47281.52,47281.52,46885.44,47122.21,1017.84121,2022-03-28 23:45:00
1648512000000,47122.21,47335.37,47050.0,47271.23,785.13943,2022-03-29 00:00:00
1648512900000,47271.24,47509.07,47241.4,47332.94,569.01295,2022-03-29 00:15:00
1648513800000,47332.94,47426.38,47332.93,47410.77,332.96973,2022-03-29 00:30:00
1648514700000,47410.78,47606.01,47339.0,47397.88,524.90271,2022-03-29 00:45:00
1648515600000,47397.89,47450.75,47336.01,47428.02,249.36074,2022-03-29 01:00:00
1648516500000,47428.02,47449.5,47340.13,47412.71,182.5579,2022-03-29 01:15:00
1648517400000,47412.72,47550.0,47369.28,47428.51,368.40733,2022-03-29 01:30:00
1648518300000,47428.52,47600.0,47428.51,47537.04,314.33072,2022-03-29 01:45:00
1648519200000,47537.05,47565.8,47460.0,47483.55,186.4715,2022-03-29 02:00:00
1648520100000,47483.55,47589.0,47458.5,47580.66,333.26988,2022-03-29 02:15:00
1648521000000,47580.66,47596.5,47383.38,47494.29,414.25471,2022-03-29 02:30:00
1648521900000,47494.29,47494.41,47400.63,47408.56,224.61078,2022-03-29 02:45:00
1648522800000,47408.56,47419.02,47322.11,47323.02,175.48149,2022-03-29 03:00:00
1648523700000,47323.02,47423.82,47323.01,47381.7,210.21755,2022-03-29 03:15:00
1648524600000,47381.7,47424.37,47355.0,47400.0,166.54747,2022-03-29 03:30:00
1648525500000,47399.99,47400.0,47315.0,47335.06,204.78414,2022-03-29 03:45:00
1648526400000,47335.06,47395.54,47320.65,47395.54,188.58023,2022-03-29 04:00:00
1648527300000,47395.53,47655.54,47372.51,47587.91,479.18313,2022-03-29 04:15:00
1648528200000,47587.9,47611.15,47547.5,47562.15,260.40486,2022-03-29 04:30:00
1648529100000,47562.14,47619.14,47484.5,47592.99,321.74136,2022-03-29 04:45:00
1648530000000,47593.0,47623.99,47513.4,47516.41,163.6922,2022-03-29 05:00:00
1648530900000,47516.41,47540.5,47510.39,47528.52,226.48593,2022-03-29 05:15:00
1648531800000,47528.52,47569.42,47513.16,47569.42,167.93532,2022-03-29 05:30:00
1648532700000,47569.42,47671.24,47552.69,47641.03,296.43789,2022-03-29 05:45:00
1648533600000,47641.03,47667.0,47588.63,47607.84,232.58425,2022-03-29 06:00:00
1648534500000,47607.83,47753.75,47586.75,47661.22,402.57671,2022-03-29 06:15:00
1648535400000,47661.22,47673.5,47536.65,47558.01,283.76465,2022-03-29 06:30:00
1648536300000,47558.01,47573.75,47520.0,47570.59,159.92819,2022-03-29 06:45:00
1648537200000,47570.58,47582.49,47444.5,47480.59,253.18843,2022-03-29 07:00:00
1648538100000,47480.59,47519.08,47454.82,47508.99,240.90959,2022-03-29 07:15:00
1648539000000,47508.99,47510.76,47407.0,47439.99,212.7458,2022-03-29 07:30:00
1648539900000,47439.99,47440.0,47344.44,47344.44,257.74741,2022-03-29 07:45:00
1648540800000,47344.45,47482.84,47334.69,47480.11,270.53118,2022-03-29 08:00:00
1648541700000,47480.12,47550.0,47473.42,47500.0,186.71799,2022-03-29 08:15:00
1648542600000,47500.0,47569.46,47459.0,47547.13,258.88218,2022-03-29 08:30:00
1648543500000,47547.13,47618.5,47516.02,47539.75,246.13598,2022-03-29 08:45:00
1648544400000,47539.75,47686.27,47523.02,47679.07,341.47439,2022-03-29 09:00:00
1648545300000,47679.08,47737.53,47628.75,47629.26,375.01867,2022-03-29 09:15:00
1648546200000,47629.26,47699.0,47571.4,47657.1,316.70925,2022-03-29 09:30:00
1648547100000,47657.11,47665.95,47552.0,47591.82,260.34631,2022-03-29 09:45:00
1648548000000,47591.82,47607.0,47510.08,47530.0,190.86058,2022-03-29 10:00:00
1648548900000,47529.99,47554.99,47438.38,47548.69,316.75319,2022-03-29 10:15:00
1648549800000,47548.68,47553.92,47518.32,47523.99,115.54964,2022-03-29 10:30:00
1648550700000,47523.99,47614.1,47523.99,47602.34,182.20241,2022-03-29 10:45:00
1648551600000,47602.35,47734.41,47577.58,47721.98,379.38715,2022-03-29 11:00:00
1648552500000,47721.97,47731.57,47619.6,47652.38,288.42937,2022-03-29 11:15:00
1648553400000,47652.38,47877.0,47572.0,47870.96,590.14427,2022-03-29 11:30:00
1648554300000,47870.96,47963.24,47839.0,47896.1,679.47777,2022-03-29 11:45:00
1648555200000,47896.09,48019.79,47820.5,48019.2,791.14174,2022-03-29 12:00:00
1648556100000,48019.2,48096.47,47906.64,47925.24,735.21548,2022-03-29 12:15:00
1648557000000,47925.24,48063.0,47880.0,47930.44,674.15194,2022-03-29 12:30:00
1648557900000,47930.44,47958.2,47811.01,47843.32,504.78683,2022-03-29 12:45:00
1648558800000,47843.32,47889.77,47770.0,47866.7,468.52736,2022-03-29 13:00:00
1648559700000,47866.69,47867.91,47728.2,47789.0,497.28215,2022-03-29 13:15:00
1648560600000,47788.99,47897.49,47700.0,47700.0,639.16899,2022-03-29 13:30:00
1648561500000,47700.0,47740.42,47544.99,47695.81,784.60123,2022-03-29 13:45:00
1648562400000,47695.81,47748.36,47596.85,47631.71,528.47852,2022-03-29 14:00:00
1648563300000,47631.7,47813.4,47607.0,47789.0,473.46603,2022-03-29 14:15:00
1648564200000,47789.0,47844.05,47733.01,47782.0,492.28666,2022-03-29 14:30:00
1648565100000,47781.99,47852.35,47776.23,47803.0,333.75986,2022-03-29 14:45:00
1648566000000,47803.01,47906.24,47732.41,47892.51,301.76346,2022-03-29 15:00:00
1648566900000,47892.51,48020.0,47850.0,47926.62,598.71687,2022-03-29 15:15:00
1648567800000,47927.23,47999.0,47744.0,47752.96,467.69891,2022-03-29 15:30:00
1648568700000,47752.96,47793.09,47345.0,47440.0,1205.80576,2022-03-29 15:45:00
1648569600000,47440.0,47474.99,47105.5,47119.99,1435.73755,2022-03-29 16:00:00
1648570500000,47120.0,47439.71,47109.91,47369.76,763.76507,2022-03-29 16:15:00
1648571400000,47369.77,47533.5,47261.89,47532.78,583.73737,2022-03-29 16:30:00
1648572300000,47532.77,47547.0,47420.13,47491.5,363.82479,2022-03-29 16:45:00
1648573200000,47491.51,47499.99,47339.0,47356.54,388.62297,2022-03-29 17:00:00
1648574100000,47356.55,47396.46,47143.58,47215.01,458.53035,2022-03-29 17:15:00
1648575000000,47215.01,47410.03,47162.57,47383.02,512.02842,2022-03-29 17:30:00
1648575900000,47383.02,47458.0,47339.13,47456.48,242.1534,2022-03-29 17:45:00
1648576800000,47456.48,47550.0,47422.69,47543.06,273.75499,2022-03-29 18:00:00
1648577700000,47543.07,47586.58,47469.0,47577.77,271.08905,2022-03-29 18:15:00
1648578600000,47577.77,47577.77,47368.4,47495.76,308.62054,2022-03-29 18:30:00
1648579500000,47495.75,47560.07,47477.5,47519.49,230.18949,2022-03-29 18:45:00
1648580400000,47519.5,47706.13,47497.57,47667.49,442.6839,2022-03-29 19:00:00
1648581300000,47667.49,47871.02,47667.48,47778.51,678.68746,2022-03-29 19:15:00
1648582200000,47778.51,47829.97,47705.76,47743.49,245.97194,2022-03-29 19:30:00
1648583100000,47743.5,47791.5,47595.97,47701.49,574.21103,2022-03-29 19:45:00
1648584000000,47701.49,47726.0,47655.48,47659.51,182.95687,2022-03-29 20:00:00
1648584900000,47659.5,47700.0,47614.19,47619.08,189.74222,2022-03-29 20:15:00
1648585800000,47619.07,47625.01,47537.03,47561.49,147.03339,2022-03-29 20:30:00
1648586700000,47561.5,47579.0,47318.94,47477.84,452.86359,2022-03-29 20:45:00
1648587600000,47477.85,47520.0,47270.01,47376.01,394.34598,2022-03-29 21:00:00
1648588500000,47376.02,47473.86,47358.5,47463.5,133.82704,2022-03-29 21:15:00
1648589400000,47463.49,47499.17,47266.72,47323.5,177.52651,2022-03-29 21:30:00
1648590300000,47323.51,47377.46,47180.0,47270.18,332.52779,2022-03-29 21:45:00
1648591200000,47270.19,47332.99,47180.0,47248.59,403.0631,2022-03-29 22:00:00
1648592100000,47248.59,47306.85,47150.01,47225.36,371.74911,2022-03-29 22:15:00
1648593000000,47225.35,47397.89,46950.85,47237.04,1097.19351,2022-03-29 22:30:00
1648593900000,47237.03,47397.89,47231.54,47331.12,334.80527,2022-03-29 22:45:00
1648594800000,47331.13,47397.89,47297.73,47340.96,215.06848,2022-03-29 23:00:00
1648595700000,47340.97,47465.21,47337.5,47414.5,265.17197,2022-03-29 23:15:00
1648596600000,47414.49,47490.69,47387.54,47460.45,206.73064,2022-03-29 23:30:00
1648597500000,47460.44,47515.95,47416.57,47434.8,208.37368,2022-03-29 23:45:00
1648598400000,47434.79,47439.55,47323.15,47387.2,318.95999,2022-03-30 00:00:00
1648599300000,47387.19,47416.12,47266.48,47266.48,243.71524,2022-03-30 00:15:00
1648600200000,47266.49,47274.5,47092.55,47207.83,393.48388,2022-03-30 00:30:00
1648601100000,47207.83,47297.31,47123.96,47245.21,223.35174,2022-03-30 00:45:00
1648602000000,47245.21,47245.22,47091.64,47183.5,311.12917,2022-03-30 01:00:00
1648602900000,47183.5,47210.42,47059.04,47061.29,306.22018,2022-03-30 01:15:00
1648603800000,47061.3,47116.9,46493.51,46750.18,1668.81432,2022-03-30 01:30:00
1648604700000,46750.18,46891.61,46445.42,46865.28,1280.07337,2022-03-30 01:45:00
1648605600000,46865.28,47101.51,46800.0,47087.38,1582.14692,2022-03-30 02:00:00
1648606500000,47087.39,47157.52,47050.5,47147.59,597.49012,2022-03-30 02:15:00
1648607400000,47147.58,47292.67,47123.75,47218.5,403.61825,2022-03-30 02:30:00
1648608300000,47218.49,47306.65,47203.41,47209.25,277.12691,2022-03-30 02:45:00
1648609200000,47209.25,47425.46,47200.0,47393.48,491.94143,2022-03-30 03:00:00
1648610100000,47393.49,47418.5,47330.62,47397.5,317.06655,2022-03-30 03:15:00
1648611000000,47397.49,47412.64,47287.97,47304.12,213.50632,2022-03-30 03:30:00
1648611900000,47304.11,47457.16,47301.28,47435.46,314.10858,2022-03-30 03:45:00
1648612800000,47435.46,47462.0,47373.02,47384.64,296.47842,2022-03-30 04:00:00
1648613700000,47384.63,47384.64,47276.84,47329.92,340.66269,2022-03-30 04:15:00
1648614600000,47329.92,47329.92,47140.46,47147.45,408.74245,2022-03-30 04:30:00
1648615500000,47147.45,47258.76,47147.44,47238.67,248.88535,2022-03-30 04:45:00
1648616400000,47238.68,47312.45,47194.0,47286.76,254.59894,2022-03-30 05:00:00
1648617300000,47286.76,47487.61,47275.22,47477.98,278.76294,2022-03-30 05:15:00
1648618200000,47477.98,47550.64,47376.64,47408.87,440.08272,2022-03-30 05:30:00
1648619100000,47408.86,47485.0,47380.82,47484.99,211.2547,2022-03-30 05:45:00
1648620000000,47484.99,47580.0,47425.96,47546.65,343.43885,2022-03-30 06:00:00
1648620900000,47546.65,47546.65,47488.47,47514.32,209.01557,2022-03-30 06:15:00
1648621800000,47514.32,47526.15,47372.5,47400.2,244.23702,2022-03-30 06:30:00
1648622700000,47400.2,47449.5,47349.92,47408.2,305.41271,2022-03-30 06:45:00
1648623600000,47408.19,47465.09,47335.63,47433.92,257.71252,2022-03-30 07:00:00
1648624500000,47433.93,47476.11,47362.78,47475.31,248.83406,2022-03-30 07:15:00
1648625400000,47475.31,47521.13,47410.24,47422.22,328.2917,2022-03-30 07:30:00
1648626300000,47422.22,47472.61,47384.42,47384.44,305.91818,2022-03-30 07:45:00
1648627200000,47384.44,47387.08,47190.86,47246.04,602.89744,2022-03-30 08:00:00
1648628100000,47246.05,47414.73,47246.04,47350.0,462.57104,2022-03-30 08:15:00
1648629000000,47350.01,47500.0,47301.95,47490.82,482.28386,2022-03-30 08:30:00
1648629900000,47490.81,47490.82,47407.48,47435.05,316.5413,2022-03-30 08:45:00
1648630800000,47435.05,47456.08,47328.3,47334.9,298.82891,2022-03-30 09:00:00
1648631700000,47334.9,47387.55,47281.46,47339.68,224.22916,2022-03-30 09:15:00
1648632600000,47339.69,47375.63,47253.0,47272.84,191.79177,2022-03-30 09:30:00
1648633500000,47272.84,47298.62,47210.0,47257.91,238.0636,2022-03-30 09:45:00
1648634400000,47257.91,47327.99,47210.27,47245.29,292.32699,2022-03-30 10:00:00
1648635300000,47245.29,47283.9,47213.48,47270.0,222.36777,2022-03-30 10:15:00
1648636200000,47270.0,47307.91,47206.01,47287.59,252.11404,2022-03-30 10:30:00
1648637100000,47287.58,47313.81,47253.79,47269.99,224.04728,2022-03-30 10:45:00
1648638000000,47270.0,47328.73,47130.96,47159.73,400.07543,2022-03-30 11:00:00
1648638900000,47159.73,47428.99,47064.81,47393.74,697.94029,2022-03-30 11:15:00
1648639800000,47393.74,47465.65,47322.22,47329.77,298.38913,2022-03-30 11:30:00
1648640700000,47329.76,47355.14,47253.57,47319.91,234.76693,2022-03-30 11:45:00
1648641600000,47319.92,47344.5,47150.49,47181.11,374.04541,2022-03-30 12:00:00
1648642500000,47181.12,47278.0,47176.5,47188.97,320.77506,2022-03-30 12:15:00
1648643400000,47188.97,47295.73,47188.96,47259.8,304.34537,2022-03-30 12:30:00
1648644300000,47259.8,47319.14,47200.98,47294.98,320.42758,2022-03-30 12:45:00
1648645200000,47294.98,47309.02,47114.66,47173.01,325.26806,2022-03-30 13:00:00
1648646100000,47173.0,47190.0,47078.26,47166.22,475.68295,2022-03-30 13:15:00
1648647000000,47166.23,47191.91,46897.0,47029.51,1061.2068,2022-03-30 13:30:00
1648647900000,47029.51,47133.7,46929.51,46984.0,788.06189,2022-03-30 13:45:00
1648648800000,46984.01,47057.38,46869.0,47025.6,724.17804,2022-03-30 14:00:00
1648649700000,47025.59,47198.0,47016.47,47110.85,443.65705,2022-03-30 14:15:00
1648650600000,47110.86,47218.5,47047.55,47200.0,399.73374,2022-03-30 14:30:00
1648651500000,47199.99,47232.0,47111.33,47113.49,377.48043,2022-03-30 14:45:00
1648652400000,47113.49,47141.5,46972.29,47002.46,454.81477,2022-03-30 15:00:00
1648653300000,47002.46,47065.11,46910.46,46947.68,309.62474,2022-03-30 15:15:00
1648654200000,46947.69,47067.55,46912.31,47055.0,276.85248,2022-03-30 15:30:00
1648655100000,47055.01,47180.74,47026.01,47160.81,309.38324,2022-03-30 15:45:00
1648656000000,47160.82,47183.58,47024.46,47138.25,782.79551,2022-03-30 16:00:00
1648656900000,47138.25,47264.42,47138.24,47181.99,424.29425,2022-03-30 16:15:00
1648657800000,47181.99,47319.42,47120.48,47319.42,360.49306,2022-03-30 16:30:00
1648658700000,47319.42,47350.4,47244.23,47248.66,549.59645,2022-03-30 16:45:00
1648659600000,47248.66,47326.31,47248.65,47312.37,271.14167,2022-03-30 17:00:00
1648660500000,47312.36,47313.83,47179.94,47208.0,297.96021,2022-03-30 17:15:00
1648661400000,47208.01,47566.83,47200.61,47549.99,820.73076,2022-03-30 17:30:00
1648662300000,47549.99,47700.22,47454.27,47659.5,1015.72823,2022-03-30 17:45:00
1648663200000,47659.5,47690.18,47603.81,47680.5,572.61436,2022-03-30 18:00:00
1648664100000,47680.49,47680.72,47430.6,47484.93,588.63368,2022-03-30 18:15:00
1648665000000,47484.93,47538.7,47318.6,47342.67,381.24774,2022-03-30 18:30:00
1648665900000,47342.67,47352.85,47070.26,47130.01,523.7547,2022-03-30 18:45:00
1648666800000,47130.02,47186.33,47000.0,47167.5,580.04814,2022-03-30 19:00:00
1648667700000,47167.51,47187.49,46911.87,46997.99,509.36421,2022-03-30 19:15:00
1648668600000,46998.0,47078.32,46887.7,46966.49,490.64195,2022-03-30 19:30:00
1648669500000,46966.49,47076.91,46831.81,47073.89,633.65323,2022-03-30 19:45:00
1648670400000,47073.89,47140.0,47009.96,47101.0,339.6914,2022-03-30 20:00:00
1648671300000,47101.01,47141.5,47013.01,47055.79,215.3918,2022-03-30 20:15:00
1648672200000,47055.8,47131.47,47040.0,47131.46,133.50253,2022-03-30 20:30:00
1648673100000,47131.47,47274.95,47120.06,47258.88,382.39811,2022-03-30 20:45:00
1648674000000,47258.89,47292.68,47139.34,47160.84,312.06055,2022-03-30 21:00:00
1648674900000,47160.84,47206.82,47159.54,47177.32,116.55009,2022-03-30 21:15:00
1648675800000,47177.32,47289.5,46923.04,47115.53,337.84163,2022-03-30 21:30:00
1648676700000,47115.54,47115.54,46908.04,46987.49,453.61526,2022-03-30 21:45:00
1648677600000,46987.49,47035.93,46861.63,46902.82,409.55024,2022-03-30 22:00:00
1648678500000,46902.82,46954.72,46850.0,46945.92,358.78402,2022-03-30 22:15:00
1648679400000,46945.92,47058.51,46945.05,46977.37,275.07318,2022-03-30 22:30:00
1648680300000,46977.38,47130.54,46900.33,47104.52,729.32826,2022-03-30 22:45:00
1648681200000,47104.51,47239.06,47071.71,47120.68,1152.63218,2022-03-30 23:00:00
1648682100000,47120.67,47165.0,47084.44,47161.65,182.60901,2022-03-30 23:15:00
1648683000000,47161.65,47186.13,47090.8,47103.01,118.0852,2022-03-30 23:30:00
1648683900000,47103.0,47148.47,47001.96,47067.99,257.54255,2022-03-30 23:45:00
1648684800000,47067.99,47150.01,46973.91,47141.67,484.85823,2022-03-31 00:00:00
1648685700000,47141.66,47184.78,47115.55,47183.49,187.08559,2022-03-31 00:15:00
1648686600000,47183.49,47250.71,47157.05,47233.25,237.65586,2022-03-31 00:30:00
1648687500000,47233.24,47273.5,47146.48,47154.06,342.83165,2022-03-31 00:45:00
1648688400000,47154.06,47283.51,47142.21,47276.77,351.44358,2022-03-31 01:00:00
1648689300000,47276.76,47324.74,47249.98,47321.35,290.37441,2022-03-31 01:15:00
1648690200000,47321.36,47324.79,47241.89,47278.06,229.29022,2022-03-31 01:30:00
1648691100000,47278.06,47425.21,47273.0,47400.0,357.23982,2022-03-31 01:45:00
1648692000000,47400.0,47418.13,47322.3,47348.4,281.10809,2022-03-31 02:00:00
1648692900000,47348.4,47377.54,47280.0,47280.01,167.38372,2022-03-31 02:15:00
1648693800000,47280.0,47289.94,47201.0,47210.0,183.48741,2022-03-31 02:30:00
1648694700000,47210.0,47241.35,47172.51,47220.0,211.93928,2022-03-31 02:45:00
1648695600000,47219.99,47220.0,47111.85,47209.33,267.14706,2022-03-31 03:00:00
1648696500000,47209.33,47260.44,47206.24,47259.8,219.67202,2022-03-31 03:15:00
1648697400000,47259.8,47259.81,47131.01,47141.49,238.80284,2022-03-31 03:30:00
1648698300000,47141.49,47147.99,47070.01,47095.56,230.09185,2022-03-31 03:45:00
1648699200000,47095.55,47150.0,47056.29,47112.33,212.76004,2022-03-31 04:00:00
1648700100000,47112.33,47123.31,47017.19,47033.93,231.82289,2022-03-31 04:15:00
1648701000000,47033.92,47063.36,46993.0,47020.36,451.1864,2022-03-31 04:30:00
1648701900000,47020.37,47036.41,46987.15,47020.01,271.70126,2022-03-31 04:45:00
1648702800000,47020.01,47090.0,46898.12,46973.0,917.96013,2022-03-31 05:00:00
1648703700000,46972.99,47138.87,46916.3,47102.19,423.60777,2022-03-31 05:15:00
1648704600000,47102.19,47136.36,47059.1,47101.55,185.51218,2022-03-31 05:30:00
1648705500000,47101.55,47107.12,47068.3,47095.23,176.16234,2022-03-31 05:45:00
1648706400000,47095.23,47099.42,47041.06,47052.27,190.79476,2022-03-31 06:00:00
1648707300000,47052.27,47079.03,47027.27,47079.02,164.23112,2022-03-31 06:15:00
1648708200000,47079.03,47141.79,47079.02,47141.79,187.87829,2022-03-31 06:30:00
1648709100000,47141.79,47170.71,47111.19,47113.93,245.18885,2022-03-31 06:45:00
1648710000000,47113.94,47129.74,47080.0,47116.5,218.52222,2022-03-31 07:00:00
1648710900000,47116.51,47139.99,47077.85,47083.0,155.00983,2022-03-31 07:15:00
1648711800000,47082.99,47115.0,47050.05,47115.0,175.84139,2022-03-31 07:30:00
1648712700000,47114.99,47168.92,47114.99,47160.76,214.71941,2022-03-31 07:45:00
1648713600000,47160.75,47232.8,47123.78,47183.8,424.46518,2022-03-31 08:00:00
1648714500000,47183.81,47224.99,47101.38,47107.23,381.7929,2022-03-31 08:15:00
1648715400000,47107.22,47179.0,47000.0,47171.85,479.68352,2022-03-31 08:30:00
1648716300000,47171.84,47325.0,47151.15,47245.22,534.525,2022-03-31 08:45:00
1648717200000,47245.23,47276.01,47189.91,47189.91,258.83438,2022-03-31 09:00:00
1648718100000,47189.92,47196.64,47110.0,47145.31,369.40652,2022-03-31 09:15:00
1648719000000,47145.31,47213.99,47122.69,47213.99,280.60293,2022-03-31 09:30:00
1648719900000,47213.98,47343.75,47178.84,47301.02,451.52759,2022-03-31 09:45:00
1648720800000,47301.03,47386.7,47276.53,47276.53,505.37197,2022-03-31 10:00:00
1648721700000,47276.54,47309.56,47244.08,47284.5,294.74015,2022-03-31 10:15:00
1648722600000,47284.49,47284.5,47212.72,47260.92,206.34003,2022-03-31 10:30:00
1648723500000,47260.91,47278.54,47210.93,47276.37,206.28943,2022-03-31 10:45:00
1648724400000,47276.36,47279.7,47205.83,47217.36,193.86715,2022-03-31 11:00:00
1648725300000,47217.36,47244.99,47186.18,47186.18,178.62803,2022-03-31 11:15:00
1648726200000,47186.18,47197.0,47080.0,47090.93,381.26299,2022-03-31 11:30:00
1648727100000,47090.92,47177.57,47090.92,47152.01,360.02222,2022-03-31 11:45:00
1648728000000,47152.0,47185.89,47124.1,47149.16,213.09262,2022-03-31 12:00:00
1648728900000,47149.16,47310.18,47108.37,47293.0,380.17526,2022-03-31 12:15:00
1648729800000,47293.0,47540.46,47261.8,47389.07,1249.63759,2022-03-31 12:30:00
1648730700000,47389.08,47430.0,47325.11,47395.76,390.41407,2022-03-31 12:45:00
1648731600000,47395.75,47600.0,47173.61,47241.87,1102.58601,2022-03-31 13:00:00
1648732500000,47241.88,47291.02,47073.89,47164.2,637.93364,2022-03-31 13:15:00
1648733400000,47164.2,47200.0,46971.59,47074.06,1078.07505,2022-03-31 13:30:00
1648734300000,47074.06,47112.74,46913.12,46913.13,993.37919,2022-03-31 13:45:00
1648735200000,46913.13,46913.51,46230.0,46495.58,3787.08072,2022-03-31 14:00:00
1648736100000,46495.57,46598.5,46269.0,46353.61,1201.97729,2022-03-31 14:15:00
1648737000000,46353.61,46478.41,46283.56,46465.99,904.46559,2022-03-31 14:30:00
1648737900000,46465.99,46726.41,46454.08,46690.48,1044.508,2022-03-31 14:45:00
1648738800000,46690.48,46799.0,46522.41,46524.29,815.27061,2022-03-31 15:00:00
1648739700000,46524.29,46661.9,46420.38,46534.65,600.20277,2022-03-31 15:15:00
1648740600000,46534.65,46643.71,46458.8,46570.01,398.42783,2022-03-31 15:30:00
1648741500000,46570.01,46570.01,46356.23,46453.81,584.2272,2022-03-31 15:45:00
1648742400000,46453.81,46492.65,45930.0,46317.67,1819.76573,2022-03-31 16:00:00
1648743300000,46317.68,46384.52,45873.37,45953.2,1536.86439,2022-03-31 16:15:00
1648744200000,45953.19,46000.0,45710.0,45916.24,2025.10835,2022-03-31 16:30:00
1648745100000,45916.23,45975.39,45669.0,45688.8,934.07306,2022-03-31 16:45:00
1648746000000,45688.8,45876.83,45651.35,45777.79,808.92818,2022-03-31 17:00:00
1648746900000,45777.79,45833.67,45678.24,45729.82,581.63238,2022-03-31 17:15:00
1648747800000,45729.83,45891.94,45729.82,45809.13,545.12593,2022-03-31 17:30:00
1648748700000,45809.13,45881.95,45765.28,45820.0,428.26676,2022-03-31 17:45:00
1648749600000,45819.99,45820.0,45651.0,45694.52,503.41193,2022-03-31 18:00:00
1648750500000,45694.52,45869.9,45595.28,45858.09,598.92383,2022-03-31 18:15:00
1648751400000,45858.08,45958.0,45815.36,45909.99,425.13343,2022-03-31 18:30:00
1648752300000,45910.0,45962.08,45866.88,45957.27,294.86036,2022-03-31 18:45:00
1648753200000,45957.27,45987.94,45821.08,45850.51,453.42697,2022-03-31 19:00:00
1648754100000,45850.52,45853.0,45660.5,45671.97,426.24351,2022-03-31 19:15:00
1648755000000,45671.97,45775.67,45558.0,45606.65,600.53749,2022-03-31 19:30:00
1648755900000,45606.64,45700.0,45500.0,45581.97,685.28037,2022-03-31 19:45:00
1648756800000,45581.98,45704.27,45519.03,45685.0,725.80763,2022-03-31 20:00:00
1648757700000,45685.0,45751.41,45625.52,45682.9,266.57688,2022-03-31 20:15:00
1648758600000,45682.91,45753.01,45617.02,45727.0,221.90141,2022-03-31 20:30:00
1648759500000,45727.01,45790.0,45673.0,45745.46,335.82765,2022-03-31 20:45:00
1648760400000,45745.45,45789.33,45690.91,45718.99,227.67263,2022-03-31 21:00:00
1648761300000,45719.0,45849.99,45647.01,45837.74,218.94946,2022-03-31 21:15:00
1648762200000,45837.73,45846.85,45732.87,45814.5,237.09575,2022-03-31 21:30:00
1648763100000,45814.49,45827.92,45749.99,45757.19,204.18106,2022-03-31 21:45:00
1648764000000,45757.19,45811.0,45716.46,45730.35,230.10094,2022-03-31 22:00:00
1648764900000,45730.35,45806.39,45660.68,45786.63,234.02359,2022-03-31 22:15:00
1648765800000,45786.63,45804.0,45685.9,45685.91,354.20764,2022-03-31 22:30:00
1648766700000,45685.9,45820.34,45685.9,45787.85,239.79374,2022-03-31 22:45:00
1648767600000,45787.85,45787.86,45639.23,45682.78,489.75783,2022-03-31 23:00:00
1648768500000,45682.77,45689.68,45607.1,45674.5,274.28118,2022-03-31 23:15:00
1648769400000,45674.49,45725.95,45380.0,45440.15,746.77533,2022-03-31 23:30:00
1648770300000,45440.97,45566.0,45200.0,45510.34,1378.46734,2022-03-31 23:45:00
