timestamp,open,high,low,close,volume,datetime
1656633600000,19942.21,19978.47,19658.97,19724.38,3063.82277,2022-07-01 00:00:00
1656634500000,19724.39,20699.99,19704.56,20491.03,4215.65302,2022-07-01 00:15:00
1656635400000,20491.03,20918.35,20367.92,20412.41,5760.29303,2022-07-01 00:30:00
1656636300000,20412.4,20502.26,20259.24,20295.08,2062.51075,2022-07-01 00:45:00
1656637200000,20295.09,20447.27,20260.0,20299.26,1614.98062,2022-07-01 01:00:00
1656638100000,20299.26,20390.0,20263.24,20390.0,1316.44466,2022-07-01 01:15:00
1656639000000,20390.0,20475.15,20285.89,20424.39,1510.27847,2022-07-01 01:30:00
1656639900000,20424.39,20440.0,20377.7,20416.46,800.44838,2022-07-01 01:45:00
1656640800000,20416.45,20552.29,20353.35,20493.98,1108.7876,2022-07-01 02:00:00
1656641700000,20493.98,20499.88,20383.63,20392.01,837.32856,2022-07-01 02:15:00
1656642600000,20392.0,20397.36,20310.03,20337.2,753.1674,2022-07-01 02:30:00
1656643500000,20337.21,20355.2,20269.95,20300.69,969.63871,2022-07-01 02:45:00
1656644400000,20300.68,20309.55,20131.9,20197.5,1470.11848,2022-07-01 03:00:00
1656645300000,20197.5,20218.55,20084.3,20132.93,1089.1775,2022-07-01 03:15:00
1656646200000,20132.94,20170.55,20065.11,20105.04,865.38426,2022-07-01 03:30:00
1656647100000,20105.03,20129.07,19688.0,19730.76,3146.20741,2022-07-01 03:45:00
1656648000000,19730.77,19750.0,19524.46,19590.53,2247.27092,2022-07-01 04:00:00
1656648900000,19590.53,19608.77,19546.01,19562.43,1278.24768,2022-07-01 04:15:00
1656649800000,19562.43,19773.71,19553.92,19608.18,1852.78002,2022-07-01 04:30:00
1656650700000,19608.18,19624.36,19366.89,19409.23,1955.8195,2022-07-01 04:45:00
1656651600000,19409.23,19439.93,19337.21,19425.14,1068.01176,2022-07-01 05:00:00
1656652500000,19425.13,19579.43,19315.91,19468.32,1654.21905,2022-07-01 05:15:00
1656653400000,19468.33,19489.48,19377.12,19473.75,930.51379,2022-07-01 05:30:00
1656654300000,19473.75,19529.63,19442.56,19465.37,800.32122,2022-07-01 05:45:00
1656655200000,19465.37,19492.0,19406.85,19429.38,876.20279,2022-07-01 06:00:00
1656656100000,19429.37,19440.0,19361.55,19432.86,921.11605,2022-07-01 06:15:00
1656657000000,19432.85,19456.64,19398.07,19448.1,639.27443,2022-07-01 06:30:00
1656657900000,19448.1,19479.99,19368.2,19401.67,855.55715,2022-07-01 06:45:00
1656658800000,19401.66,19426.55,19337.0,19402.67,901.51807,2022-07-01 07:00:00
1656659700000,19402.68,19567.62,19390.09,19508.73,1242.31471,2022-07-01 07:15:00
1656660600000,19508.73,19669.42,19504.97,19545.71,1557.95936,2022-07-01 07:30:00
1656661500000,19545.72,19640.0,19540.0,19579.11,948.90142,2022-07-01 07:45:00
1656662400000,19579.11,19821.28,19476.48,19743.02,1429.51816,2022-07-01 08:00:00
1656663300000,19743.02,19765.85,19642.04,19659.17,1518.71848,2022-07-01 08:15:00
1656664200000,19659.17,19690.74,19575.14,19575.15,851.7968,2022-07-01 08:30:00
1656665100000,19575.15,19643.63,19502.35,19524.57,765.65153,2022-07-01 08:45:00
1656666000000,19524.56,19559.96,19429.17,19475.58,922.9654,2022-07-01 09:00:00
1656666900000,19475.57,19561.87,19462.79,19484.29,854.26405,2022-07-01 09:15:00
1656667800000,19484.29,19496.48,19387.27,19445.46,926.56735,2022-07-01 09:30:00
1656668700000,19445.47,19490.82,19371.55,19424.45,1010.03748,2022-07-01 09:45:00
1656669600000,19424.45,19473.64,19344.0,19450.61,856.25032,2022-07-01 10:00:00
1656670500000,19450.61,19496.8,19408.15,19426.64,754.04232,2022-07-01 10:15:00
1656671400000,19426.64,19448.69,19104.45,19150.5,2266.59051,2022-07-01 10:30:00
1656672300000,19150.5,19179.37,19000.0,19070.56,2128.81001,2022-07-01 10:45:00
1656673200000,19070.57,19191.78,18975.0,19138.04,1750.56341,2022-07-01 11:00:00
1656674100000,19138.05,19200.0,19094.78,19177.53,875.97842,2022-07-01 11:15:00
1656675000000,19177.52,19226.68,19138.63,19163.78,792.35312,2022-07-01 11:30:00
1656675900000,19163.78,19213.57,19136.21,19191.03,729.65515,2022-07-01 11:45:00
1656676800000,19191.02,19224.6,19180.79,19210.2,573.16277,2022-07-01 12:00:00
1656677700000,19210.21,19294.14,19130.21,19231.02,1135.21172,2022-07-01 12:15:00
1656678600000,19231.02,19331.82,19218.44,19318.95,873.60945,2022-07-01 12:30:00
1656679500000,19318.95,19346.92,19265.26,19288.12,848.32864,2022-07-01 12:45:00
1656680400000,19288.12,19375.0,19247.13,19321.73,1074.25702,2022-07-01 13:00:00
1656681300000,19321.73,19394.25,19301.57,19305.38,911.15395,2022-07-01 13:15:00
1656682200000,19305.38,19492.24,19208.64,19474.11,2515.15531,2022-07-01 13:30:00
1656683100000,19474.11,19669.22,19432.85,19450.24,2942.5188,2022-07-01 13:45:00
1656684000000,19450.24,19535.71,19331.37,19356.26,2692.11829,2022-07-01 14:00:00
1656684900000,19356.26,19433.44,19320.38,19342.07,1337.60869,2022-07-01 14:15:00
1656685800000,19342.07,19408.57,19290.35,19385.86,1137.27099,2022-07-01 14:30:00
1656686700000,19385.87,19450.56,19369.73,19408.92,931.97135,2022-07-01 14:45:00
1656687600000,19408.91,19467.13,19320.0,19418.85,1076.53288,2022-07-01 15:00:00
1656688500000,19418.85,19483.41,19387.16,19403.06,957.89123,2022-07-01 15:15:00
1656689400000,19403.07,19439.27,19355.14,19384.08,867.11211,2022-07-01 15:30:00
1656690300000,19384.09,19394.91,19212.62,19290.94,1508.57973,2022-07-01 15:45:00
1656691200000,19290.95,19351.21,19253.01,19327.0,855.76085,2022-07-01 16:00:00
1656692100000,19327.0,19435.62,19315.51,19404.9,913.44948,2022-07-01 16:15:00
1656693000000,19404.9,19429.82,19352.29,19373.32,651.29991,2022-07-01 16:30:00
1656693900000,19373.32,19465.0,19343.96,19347.96,770.87299,2022-07-01 16:45:00
1656694800000,19347.97,19410.6,19323.72,19407.89,576.14451,2022-07-01 17:00:00
1656695700000,19407.9,19439.67,19364.07,19392.13,705.70933,2022-07-01 17:15:00
1656696600000,19392.14,19530.0,19350.89,19462.87,1134.34303,2022-07-01 17:30:00
1656697500000,19462.87,19506.15,19450.01,19487.94,774.48591,2022-07-01 17:45:00
1656698400000,19487.93,19508.82,19450.22,19481.51,616.15595,2022-07-01 18:00:00
1656699300000,19481.52,19544.52,19457.07,19488.49,666.94514,2022-07-01 18:15:00
1656700200000,19491.37,19535.95,19458.65,19473.77,541.84163,2022-07-01 18:30:00
1656701100000,19473.76,19497.12,19390.51,19440.28,610.77167,2022-07-01 18:45:00
1656702000000,19440.28,19442.85,19390.81,19404.99,499.17633,2022-07-01 19:00:00
1656702900000,19405.0,19414.19,19279.03,19314.89,860.86878,2022-07-01 19:15:00
1656703800000,19314.9,19371.0,19282.92,19325.95,601.27193,2022-07-01 19:30:00
1656704700000,19325.96,19393.03,19323.84,19390.17,601.13348,2022-07-01 19:45:00
1656705600000,19390.17,19484.95,19349.29,19445.77,659.35202,2022-07-01 20:00:00
1656706500000,19445.77,19686.71,19428.91,19597.33,1547.94464,2022-07-01 20:15:00
1656707400000,19597.33,19601.65,19471.88,19482.8,692.33122,2022-07-01 20:30:00
1656708300000,19482.8,19570.0,19414.87,19431.77,915.99198,2022-07-01 20:45:00
1656709200000,19431.78,19522.55,19430.79,19510.57,392.80168,2022-07-01 21:00:00
1656710100000,19510.58,19514.18,19433.09,19439.2,397.42082,2022-07-01 21:15:00
1656711000000,19439.2,19499.0,19429.74,19477.0,196.76414,2022-07-01 21:30:00
1656711900000,19476.99,19477.0,19336.63,19397.02,385.70458,2022-07-01 21:45:00
1656712800000,19397.03,19416.67,19343.66,19358.37,567.31956,2022-07-01 22:00:00
1656713700000,19358.37,19388.27,19341.11,19373.32,445.99308,2022-07-01 22:15:00
1656714600000,19373.31,19415.25,19343.02,19410.7,537.67421,2022-07-01 22:30:00
1656715500000,19410.7,19414.58,19290.0,19300.62,654.39334,2022-07-01 22:45:00
1656716400000,19300.62,19365.01,19289.63,19360.26,624.82609,2022-07-01 23:00:00
1656717300000,19360.25,19461.53,19343.94,19415.85,704.54063,2022-07-01 23:15:00
1656718200000,19415.85,19435.67,19406.07,19422.54,352.67468,2022-07-01 23:30:00
1656719100000,19422.54,19445.45,19221.03,19279.8,1258.11637,2022-07-01 23:45:00
1656720000000,19279.8,19355.34,19211.92,19343.34,1090.56651,2022-07-02 00:00:00
1656720900000,19343.34,19387.44,19270.38,19313.33,872.67128,2022-07-02 00:15:00
1656721800000,19313.33,19342.78,19240.0,19331.09,862.52325,2022-07-02 00:30:00
1656722700000,19331.1,19341.94,19157.58,19179.58,936.00748,2022-07-02 00:45:00
1656723600000,19179.58,19235.75,19144.29,19184.83,826.67875,2022-07-02 01:00:00
1656724500000,19184.83,19271.31,19180.45,19264.6,582.31501,2022-07-02 01:15:00
1656725400000,19265.54,19295.02,19232.96,19254.19,391.10157,2022-07-02 01:30:00
1656726300000,19254.2,19287.58,19215.85,19229.98,431.88492,2022-07-02 01:45:00
1656727200000,19229.97,19282.38,19203.51,19271.84,582.05423,2022-07-02 02:00:00
1656728100000,19271.85,19283.39,19212.54,19220.67,588.67703,2022-07-02 02:15:00
1656729000000,19220.66,19225.26,19138.46,19146.51,940.36368,2022-07-02 02:30:00
1656729900000,19146.5,19215.56,19110.0,19197.58,594.53018,2022-07-02 02:45:00
1656730800000,19197.58,19226.99,19172.63,19187.98,385.99616,2022-07-02 03:00:00
1656731700000,19187.99,19215.26,19151.51,19153.19,429.02247,2022-07-02 03:15:00
1656732600000,19153.19,19157.13,19063.52,19107.2,972.21439,2022-07-02 03:30:00
1656733500000,19107.2,19139.55,19082.42,19130.9,568.78256,2022-07-02 03:45:00
1656734400000,19130.9,19166.89,19113.0,19142.53,529.87038,2022-07-02 04:00:00
1656735300000,19142.53,19200.0,19142.52,19185.19,497.54676,2022-07-02 04:15:00
1656736200000,19185.2,19236.82,19180.78,19200.84,632.62116,2022-07-02 04:30:00
1656737100000,19200.83,19215.78,19190.46,19195.88,264.94176,2022-07-02 04:45:00
1656738000000,19195.88,19241.48,19177.53,19235.56,344.48753,2022-07-02 05:00:00
1656738900000,19235.56,19299.0,19220.41,19252.18,479.34108,2022-07-02 05:15:00
1656739800000,19252.18,19274.85,19205.69,19237.37,317.5092,2022-07-02 05:30:00
1656740700000,19237.36,19268.16,19219.97,19238.26,313.61445,2022-07-02 05:45:00
1656741600000,19238.26,19277.66,19236.11,19259.2,312.0959,2022-07-02 06:00:00
1656742500000,19259.21,19283.16,19235.39,19235.39,240.07166,2022-07-02 06:15:00
1656743400000,19235.4,19235.98,19193.75,19193.75,222.74871,2022-07-02 06:30:00
1656744300000,19193.76,19264.0,19188.28,19216.69,330.75014,2022-07-02 06:45:00
1656745200000,19216.69,19238.5,19216.68,19218.42,229.1858,2022-07-02 07:00:00
1656746100000,19218.42,19273.62,19210.24,19225.02,318.81004,2022-07-02 07:15:00
1656747000000,19225.02,19239.21,19188.62,19192.56,324.78716,2022-07-02 07:30:00
1656747900000,19192.55,19208.5,19112.51,19126.81,750.2576,2022-07-02 07:45:00
1656748800000,19126.81,19183.72,19120.01,19178.09,398.46336,2022-07-02 08:00:00
1656749700000,19178.08,19195.6,19154.33,19188.34,339.64969,2022-07-02 08:15:00
1656750600000,19188.34,19190.0,19114.07,19120.31,473.06941,2022-07-02 08:30:00
1656751500000,19120.3,19153.6,19082.69,19113.83,538.19792,2022-07-02 08:45:00
1656752400000,19113.84,19163.0,19100.32,19157.21,514.67191,2022-07-02 09:00:00
1656753300000,19157.2,19159.64,18977.01,19037.61,1362.44666,2022-07-02 09:15:00
1656754200000,19037.62,19091.69,19030.48,19067.57,536.74489,2022-07-02 09:30:00
1656755100000,19067.57,19185.2,19067.57,19170.15,675.31387,2022-07-02 09:45:00
1656756000000,19170.14,19198.48,19150.48,19179.99,435.59442,2022-07-02 10:00:00
1656756900000,19180.0,19194.02,19137.28,19156.36,357.92846,2022-07-02 10:15:00
1656757800000,19156.37,19269.38,19134.1,19225.91,747.45839,2022-07-02 10:30:00
1656758700000,19225.92,19285.01,19214.21,19240.34,605.51625,2022-07-02 10:45:00
1656759600000,19240.34,19243.62,19215.07,19230.01,695.72384,2022-07-02 11:00:00
1656760500000,19230.01,19270.9,19210.42,19240.84,387.31263,2022-07-02 11:15:00
1656761400000,19240.83,19253.52,19192.0,19207.38,338.3855,2022-07-02 11:30:00
1656762300000,19207.38,19217.05,19160.33,19195.21,348.07283,2022-07-02 11:45:00
1656763200000,19195.21,19270.0,19152.13,19254.0,802.25006,2022-07-02 12:00:00
1656764100000,19254.01,19285.0,19207.25,19224.13,450.46673,2022-07-02 12:15:00
1656765000000,19224.14,19467.39,19195.0,19394.86,1581.53515,2022-07-02 12:30:00
1656765900000,19394.86,19414.29,19306.88,19344.57,773.05164,2022-07-02 12:45:00
1656766800000,19344.56,19346.76,19242.0,19247.83,669.74799,2022-07-02 13:00:00
1656767700000,19247.82,19268.49,19230.0,19250.19,392.92324,2022-07-02 13:15:00
1656768600000,19250.18,19265.17,19223.16,19248.0,287.2052,2022-07-02 13:30:00
1656769500000,19247.99,19268.96,19235.35,19266.64,217.26874,2022-07-02 13:45:00
1656770400000,19266.63,19282.98,19255.17,19272.39,229.76355,2022-07-02 14:00:00
1656771300000,19272.4,19335.71,19271.42,19310.82,561.31939,2022-07-02 14:15:00
1656772200000,19310.82,19359.74,19304.07,19334.36,595.42205,2022-07-02 14:30:00
1656773100000,19334.37,19343.97,19274.08,19283.33,401.14581,2022-07-02 14:45:00
1656774000000,19283.34,19298.79,19264.15,19279.55,270.32931,2022-07-02 15:00:00
1656774900000,19279.56,19279.56,19183.67,19195.45,579.79887,2022-07-02 15:15:00
1656775800000,19195.46,19224.93,19171.77,19201.88,306.46055,2022-07-02 15:30:00
1656776700000,19201.87,19248.35,19192.32,19229.39,446.10439,2022-07-02 15:45:00
1656777600000,19229.39,19266.32,19213.03,19213.03,360.67567,2022-07-02 16:00:00
1656778500000,19213.04,19334.75,19191.91,19307.49,444.65669,2022-07-02 16:15:00
1656779400000,19307.5,19321.36,19264.73,19295.12,545.54409,2022-07-02 16:30:00
1656780300000,19295.11,19335.71,19273.63,19294.03,516.54887,2022-07-02 16:45:00
1656781200000,19294.02,19334.2,19285.59,19294.3,364.42541,2022-07-02 17:00:00
1656782100000,19294.29,19330.44,19286.7,19330.19,331.05064,2022-07-02 17:15:00
1656783000000,19330.44,19346.93,19297.91,19300.0,303.53981,2022-07-02 17:30:00
1656783900000,19300.0,19319.99,19285.22,19299.36,322.97831,2022-07-02 17:45:00
1656784800000,19299.37,19311.84,19276.15,19291.11,321.545,2022-07-02 18:00:00
1656785700000,19291.11,19294.7,19267.57,19276.28,231.73841,2022-07-02 18:15:00
1656786600000,19276.28,19283.19,19263.16,19268.48,178.17675,2022-07-02 18:30:00
1656787500000,19268.47,19399.86,19259.37,19320.15,968.42746,2022-07-02 18:45:00
1656788400000,19320.15,19408.01,19319.34,19341.4,555.74573,2022-07-02 19:00:00
1656789300000,19341.39,19371.25,19242.88,19246.93,719.89048,2022-07-02 19:15:00
1656790200000,19246.93,19265.82,19196.0,19238.03,656.93883,2022-07-02 19:30:00
1656791100000,19238.03,19285.55,19228.79,19273.27,276.60611,2022-07-02 19:45:00
1656792000000,19273.27,19286.74,19234.06,19246.35,289.32586,2022-07-02 20:00:00
1656792900000,19246.35,19262.9,19201.99,19251.4,392.79327,2022-07-02 20:15:00
1656793800000,19251.41,19271.11,19251.4,19253.86,148.01198,2022-07-02 20:30:00
1656794700000,19253.86,19280.04,19240.0,19263.3,224.78943,2022-07-02 20:45:00
1656795600000,19263.29,19321.69,19250.16,19314.95,651.96987,2022-07-02 21:00:00
1656796500000,19314.94,19332.96,19293.37,19299.45,277.22182,2022-07-02 21:15:00
1656797400000,19299.45,19324.99,19297.24,19304.1,142.99656,2022-07-02 21:30:00
1656798300000,19304.09,19383.01,19304.09,19355.24,278.44677,2022-07-02 21:45:00
1656799200000,19355.24,19370.79,19330.0,19351.13,397.17006,2022-07-02 22:00:00
1656800100000,19351.13,19364.03,19332.12,19352.95,203.85858,2022-07-02 22:15:00
1656801000000,19352.95,19371.69,19326.18,19350.24,235.60711,2022-07-02 22:30:00
1656801900000,19350.25,19350.34,19314.73,19331.34,210.31279,2022-07-02 22:45:00
1656802800000,19331.35,19342.63,19311.69,19318.15,158.87465,2022-07-02 23:00:00
1656803700000,19318.15,19319.11,19230.4,19252.43,429.69737,2022-07-02 23:15:00
1656804600000,19252.44,19268.81,19200.0,19264.57,386.01854,2022-07-02 23:30:00
1656805500000,19264.57,19266.99,19237.98,19252.81,171.34768,2022-07-02 23:45:00
1656806400000,19252.82,19276.34,19242.42,19267.47,257.81589,2022-07-03 00:00:00
1656807300000,19267.48,19292.04,19203.63,19216.16,488.56845,2022-07-03 00:15:00
1656808200000,19216.16,19246.4,19173.46,19223.74,512.36411,2022-07-03 00:30:00
1656809100000,19223.73,19250.0,19223.06,19246.54,185.77227,2022-07-03 00:45:00
1656810000000,19246.54,19259.92,19215.07,19217.76,207.24209,2022-07-03 01:00:00
1656810900000,19217.75,19236.46,19205.27,19227.58,242.17728,2022-07-03 01:15:00
1656811800000,19227.58,19229.47,19174.88,19197.07,269.18889,2022-07-03 01:30:00
1656812700000,19197.07,19211.31,19174.06,19189.31,321.66174,2022-07-03 01:45:00
1656813600000,19189.31,19222.42,19183.68,19216.78,189.83696,2022-07-03 02:00:00
1656814500000,19216.78,19251.4,19212.56,19242.3,176.60106,2022-07-03 02:15:00
1656815400000,19242.31,19283.3,19242.3,19264.36,272.84043,2022-07-03 02:30:00
1656816300000,19264.36,19284.16,19249.99,19261.41,239.74871,2022-07-03 02:45:00
1656817200000,19261.42,19277.82,19240.21,19247.09,192.4862,2022-07-03 03:00:00
1656818100000,19247.1,19273.82,19238.0,19261.61,192.61922,2022-07-03 03:15:00
1656819000000,19261.6,19307.42,19249.94,19300.6,360.17929,2022-07-03 03:30:00
1656819900000,19300.6,19304.46,19264.29,19264.29,185.1322,2022-07-03 03:45:00
1656820800000,19264.29,19325.94,19264.29,19304.9,323.752,2022-07-03 04:00:00
1656821700000,19304.9,19307.33,19275.48,19282.75,181.34108,2022-07-03 04:15:00
1656822600000,19282.76,19282.76,19256.67,19259.17,183.51307,2022-07-03 04:30:00
1656823500000,19259.17,19280.0,18781.0,19263.59,6338.3509,2022-07-03 04:45:00
1656824400000,19263.58,19400.0,19154.44,19190.73,2614.02092,2022-07-03 05:00:00
1656825300000,19190.73,19216.54,19072.0,19093.59,1294.36879,2022-07-03 05:15:00
1656826200000,19093.6,19113.5,19045.61,19098.49,794.33105,2022-07-03 05:30:00
1656827100000,19098.48,19166.53,19030.0,19043.6,658.90732,2022-07-03 05:45:00
1656828000000,19043.59,19086.39,19033.73,19083.29,604.35469,2022-07-03 06:00:00
1656828900000,19083.29,19245.58,19075.72,19143.31,923.30625,2022-07-03 06:15:00
1656829800000,19143.32,19169.32,19130.54,19130.71,255.98821,2022-07-03 06:30:00
1656830700000,19130.7,19172.26,19092.9,19150.0,419.95738,2022-07-03 06:45:00
1656831600000,19150.0,19159.75,19117.61,19117.61,210.79477,2022-07-03 07:00:00
1656832500000,19117.62,19160.21,19094.33,19118.44,487.29491,2022-07-03 07:15:00
1656833400000,19118.44,19142.38,19091.84,19136.22,265.41775,2022-07-03 07:30:00
1656834300000,19136.23,19150.0,19103.98,19139.74,253.43719,2022-07-03 07:45:00
1656835200000,19139.75,19155.44,19071.68,19083.72,331.17718,2022-07-03 08:00:00
1656836100000,19083.72,19099.12,19045.14,19059.68,419.89508,2022-07-03 08:15:00
1656837000000,19059.67,19082.33,19046.42,19059.16,314.87289,2022-07-03 08:30:00
1656837900000,19059.15,19072.56,18930.19,19014.88,1110.45505,2022-07-03 08:45:00
1656838800000,19014.89,19022.25,18955.42,18975.09,462.50037,2022-07-03 09:00:00
1656839700000,18975.1,19035.36,18961.23,18995.79,530.13712,2022-07-03 09:15:00
1656840600000,18995.79,19009.91,18966.22,18990.44,356.82614,2022-07-03 09:30:00
1656841500000,18990.44,19079.11,18981.61,19042.27,479.48969,2022-07-03 09:45:00
1656842400000,19042.26,19077.0,19028.19,19060.02,349.30157,2022-07-03 10:00:00
1656843300000,19060.02,19105.02,19058.12,19076.72,288.82362,2022-07-03 10:15:00
1656844200000,19076.72,19119.28,19060.17,19079.99,327.53231,2022-07-03 10:30:00
1656845100000,19080.0,19096.58,19065.35,19072.03,206.58103,2022-07-03 10:45:00
1656846000000,19072.04,19112.55,19063.01,19111.27,238.24645,2022-07-03 11:00:00
1656846900000,19111.27,19144.78,19106.19,19132.65,281.63776,2022-07-03 11:15:00
1656847800000,19132.65,19132.65,19096.68,19104.33,195.49772,2022-07-03 11:30:00
1656848700000,19104.33,19114.42,19087.97,19089.8,249.73531,2022-07-03 11:45:00
1656849600000,19089.79,19121.05,19083.42,19106.22,196.97285,2022-07-03 12:00:00
1656850500000,19106.23,19112.64,19081.44,19104.65,178.17465,2022-07-03 12:15:00
1656851400000,19104.65,19105.49,19041.79,19043.33,390.68677,2022-07-03 12:30:00
1656852300000,19043.34,19074.43,18982.2,19069.51,897.50269,2022-07-03 12:45:00
1656853200000,19069.51,19083.4,19023.3,19047.19,403.70595,2022-07-03 13:00:00
1656854100000,19047.18,19053.97,19024.94,19047.92,367.6392,2022-07-03 13:15:00
1656855000000,19047.92,19061.52,18967.13,19004.01,648.41163,2022-07-03 13:30:00
1656855900000,19004.02,19018.06,18971.94,18977.22,364.98119,2022-07-03 13:45:00
1656856800000,18977.21,19038.96,18964.0,19019.63,470.41655,2022-07-03 14:00:00
1656857700000,19019.63,19069.78,19010.01,19049.71,298.65834,2022-07-03 14:15:00
1656858600000,19049.7,19084.14,19048.43,19065.59,202.33449,2022-07-03 14:30:00
1656859500000,19065.58,19100.0,19051.44,19078.94,294.78992,2022-07-03 14:45:00
1656860400000,19078.95,19119.57,19065.75,19082.24,246.88335,2022-07-03 15:00:00
1656861300000,19082.23,19095.0,19051.0,19077.22,311.24102,2022-07-03 15:15:00
1656862200000,19077.21,19136.43,19043.21,19076.65,517.37956,2022-07-03 15:30:00
1656863100000,19076.65,19079.84,19033.1,19046.78,365.47055,2022-07-03 15:45:00
1656864000000,19046.78,19055.0,19011.66,19048.55,664.26687,2022-07-03 16:00:00
1656864900000,19048.54,19110.0,19046.24,19091.94,329.52591,2022-07-03 16:15:00
1656865800000,19091.95,19200.0,19088.56,19140.29,839.64752,2022-07-03 16:30:00
1656866700000,19140.29,19179.61,19139.08,19157.23,441.2037,2022-07-03 16:45:00
1656867600000,19157.24,19169.66,19143.92,19145.03,360.09938,2022-07-03 17:00:00
1656868500000,19145.02,19159.06,19119.78,19136.45,300.68931,2022-07-03 17:15:00
1656869400000,19136.45,19147.04,19114.41,19121.22,269.49684,2022-07-03 17:30:00
1656870300000,19121.22,19247.38,19114.35,19221.77,498.6004,2022-07-03 17:45:00
1656871200000,19221.76,19250.0,19182.64,19244.19,508.62485,2022-07-03 18:00:00
1656872100000,19244.19,19299.0,19199.34,19202.45,720.13746,2022-07-03 18:15:00
1656873000000,19202.46,19242.58,19202.45,19224.35,270.84032,2022-07-03 18:30:00
1656873900000,19224.34,19244.43,19206.14,19236.74,131.8764,2022-07-03 18:45:00
1656874800000,19236.73,19258.03,19224.88,19227.57,207.53608,2022-07-03 19:00:00
1656875700000,19227.57,19279.45,19227.57,19259.18,220.86424,2022-07-03 19:15:00
1656876600000,19259.19,19385.03,19252.53,19366.23,1074.85164,2022-07-03 19:30:00
1656877500000,19366.23,19565.05,19361.69,19492.16,2143.79511,2022-07-03 19:45:00
1656878400000,19492.15,19647.63,19492.15,19532.61,2039.53487,2022-07-03 20:00:00
1656879300000,19532.62,19559.74,19442.23,19545.54,1044.36943,2022-07-03 20:15:00
1656880200000,19545.54,19557.0,19426.39,19439.3,643.02116,2022-07-03 20:30:00
1656881100000,19439.29,19466.39,19414.89,19445.43,538.59717,2022-07-03 20:45:00
1656882000000,19445.44,19469.57,19337.78,19351.29,701.00111,2022-07-03 21:00:00
1656882900000,19351.29,19375.06,19280.6,19304.89,832.39857,2022-07-03 21:15:00
1656883800000,19304.9,19331.19,19286.2,19306.39,188.87168,2022-07-03 21:30:00
1656884700000,19306.38,19327.27,19265.0,19300.92,254.42009,2022-07-03 21:45:00
1656885600000,19300.92,19379.84,19278.0,19332.38,668.40928,2022-07-03 22:00:00
1656886500000,19332.39,19359.0,19310.06,19317.42,421.28992,2022-07-03 22:15:00
1656887400000,19317.41,19318.33,19231.38,19284.96,525.41475,2022-07-03 22:30:00
1656888300000,19284.95,19315.42,19265.13,19299.99,284.8107,2022-07-03 22:45:00
1656889200000,19299.99,19329.51,19288.29,19309.07,345.10101,2022-07-03 23:00:00
1656890100000,19309.08,19324.83,19213.58,19251.87,467.91532,2022-07-03 23:15:00
1656891000000,19251.87,19317.09,19235.86,19308.4,401.27706,2022-07-03 23:30:00
1656891900000,19308.4,19340.59,19290.01,19315.83,347.64909,2022-07-03 23:45:00
1656892800000,19315.83,19343.43,19216.29,19324.56,850.65191,2022-07-04 00:00:00
1656893700000,19324.56,19331.41,19256.29,19304.1,501.93489,2022-07-04 00:15:00
1656894600000,19304.1,19321.79,19238.77,19258.21,453.1272,2022-07-04 00:30:00
1656895500000,19258.21,19288.75,19237.98,19263.4,382.38502,2022-07-04 00:45:00
1656896400000,19263.4,19270.23,19140.01,19187.09,970.73978,2022-07-04 01:00:00
1656897300000,19187.1,19214.67,19161.76,19179.21,475.78625,2022-07-04 01:15:00
1656898200000,19179.21,19196.01,19146.22,19185.62,376.88809,2022-07-04 01:30:00
1656899100000,19185.61,19229.84,19178.44,19226.6,286.50737,2022-07-04 01:45:00
1656900000000,19226.59,19235.04,19210.43,19228.41,350.1236,2022-07-04 02:00:00
1656900900000,19228.42,19235.14,19168.78,19203.37,287.21961,2022-07-04 02:15:00
1656901800000,19203.38,19224.59,19120.66,19137.35,350.95011,2022-07-04 02:30:00
1656902700000,19137.35,19137.35,19058.58,19072.49,965.89234,2022-07-04 02:45:00
1656903600000,19072.49,19112.68,19055.31,19112.28,600.06707,2022-07-04 03:00:00
1656904500000,19112.27,19120.1,19081.11,19110.73,441.92527,2022-07-04 03:15:00
1656905400000,19110.74,19126.46,19098.06,19119.9,180.27529,2022-07-04 03:30:00
1656906300000,19119.89,19130.5,19102.37,19103.54,295.66443,2022-07-04 03:45:00
1656907200000,19103.54,19121.39,19082.92,19089.05,414.65636,2022-07-04 04:00:00
1656908100000,19089.04,19145.94,19086.36,19103.37,237.60352,2022-07-04 04:15:00
1656909000000,19103.37,19134.15,19103.07,19130.77,204.50306,2022-07-04 04:30:00
1656909900000,19130.76,19134.62,19120.0,19125.19,165.35064,2022-07-04 04:45:00
1656910800000,19125.19,19145.34,19115.02,19136.15,226.62592,2022-07-04 05:00:00
1656911700000,19136.16,19150.0,19122.37,19122.37,164.27931,2022-07-04 05:15:00
1656912600000,19122.38,19137.28,19122.37,19129.76,152.56881,2022-07-04 05:30:00
1656913500000,19129.75,19148.04,19126.78,19137.19,226.07871,2022-07-04 05:45:00
1656914400000,19137.19,19178.37,19127.0,19163.24,235.83292,2022-07-04 06:00:00
1656915300000,19163.23,19179.13,19153.96,19168.02,322.7388,2022-07-04 06:15:00
1656916200000,19168.01,19189.0,19167.28,19173.89,261.96618,2022-07-04 06:30:00
1656917100000,19173.88,19173.89,19084.19,19101.42,475.96792,2022-07-04 06:45:00
1656918000000,19101.43,19135.68,19084.29,19104.0,529.48705,2022-07-04 07:00:00
1656918900000,19104.01,19124.95,19084.41,19114.47,365.47848,2022-07-04 07:15:00
1656919800000,19114.46,19132.46,19101.26,19129.93,276.97372,2022-07-04 07:30:00
1656920700000,19129.93,19140.54,19105.0,19120.6,289.61412,2022-07-04 07:45:00
1656921600000,19120.6,19149.62,19110.04,19133.03,284.18217,2022-07-04 08:00:00
1656922500000,19133.04,19168.0,19130.42,19152.09,350.76776,2022-07-04 08:15:00
1656923400000,19152.08,19174.12,19144.14,19163.27,310.98129,2022-07-04 08:30:00
1656924300000,19163.28,19174.15,19144.72,19147.25,314.33528,2022-07-04 08:45:00
1656925200000,19147.25,19158.0,19140.19,19156.93,227.26421,2022-07-04 09:00:00
1656926100000,19156.92,19266.28,19154.03,19235.95,950.77002,2022-07-04 09:15:00
1656927000000,19235.95,19278.15,19210.98,19259.05,931.74177,2022-07-04 09:30:00
1656927900000,19259.05,19445.48,19258.57,19367.05,2400.93772,2022-07-04 09:45:00
1656928800000,19367.06,19474.28,19367.05,19430.4,1462.01147,2022-07-04 10:00:00
1656929700000,19430.4,19520.33,19430.39,19479.67,1448.85151,2022-07-04 10:15:00
1656930600000,19479.67,19554.97,19433.03,19497.07,1066.69208,2022-07-04 10:30:00
1656931500000,19497.08,19512.02,19461.19,19470.65,775.32642,2022-07-04 10:45:00
1656932400000,19470.64,19550.0,19470.64,19519.9,695.96567,2022-07-04 11:00:00
1656933300000,19519.91,19593.24,19463.63,19532.37,1150.35483,2022-07-04 11:15:00
1656934200000,19532.37,19638.25,19531.61,19638.24,1503.31037,2022-07-04 11:30:00
1656935100000,19638.24,19855.7,19585.15,19806.49,3225.75227,2022-07-04 11:45:00
1656936000000,19806.48,19888.0,19690.38,19719.99,2174.43228,2022-07-04 12:00:00
1656936900000,19720.0,19838.0,19700.0,19715.33,1543.15415,2022-07-04 12:15:00
1656937800000,19715.32,19741.37,19644.8,19683.4,1278.26841,2022-07-04 12:30:00
1656938700000,19683.4,19737.0,19651.59,19712.8,792.06184,2022-07-04 12:45:00
1656939600000,19712.8,19756.07,19704.33,19742.26,607.56437,2022-07-04 13:00:00
1656940500000,19742.27,19744.45,19685.55,19698.87,549.33918,2022-07-04 13:15:00
1656941400000,19698.87,19698.87,19535.58,19544.98,1670.7754,2022-07-04 13:30:00
1656942300000,19544.98,19614.54,19526.3,19530.55,868.60525,2022-07-04 13:45:00
1656943200000,19530.54,19570.44,19496.84,19549.0,1108.12962,2022-07-04 14:00:00
1656944100000,19549.0,19623.97,19525.23,19587.95,682.90201,2022-07-04 14:15:00
1656945000000,19587.95,19599.99,19534.82,19564.3,588.37973,2022-07-04 14:30:00
1656945900000,19564.3,19641.86,19538.24,19609.71,500.83259,2022-07-04 14:45:00
1656946800000,19609.72,20143.02,19609.7,19880.01,4305.43384,2022-07-04 15:00:00
1656947700000,19880.01,19967.06,19748.44,19779.86,1375.45074,2022-07-04 15:15:00
1656948600000,19779.86,19872.55,19726.27,19800.72,1082.4312,2022-07-04 15:30:00
1656949500000,19800.72,19852.33,19783.98,19801.47,857.24714,2022-07-04 15:45:00
1656950400000,19801.48,19831.19,19734.22,19814.04,806.93302,2022-07-04 16:00:00
1656951300000,19814.03,19831.21,19676.9,19728.69,951.8141,2022-07-04 16:15:00
1656952200000,19728.68,19728.69,19680.0,19698.97,513.35667,2022-07-04 16:30:00
1656953100000,19698.97,19767.79,19698.96,19740.96,516.32584,2022-07-04 16:45:00
1656954000000,19740.95,19816.59,19719.83,19789.88,603.34721,2022-07-04 17:00:00
1656954900000,19789.88,20050.0,19789.88,19979.97,1712.49414,2022-07-04 17:15:00
1656955800000,19980.19,20015.42,19894.08,20006.85,1514.93611,2022-07-04 17:30:00
1656956700000,20006.85,20025.54,19884.88,19899.41,835.98407,2022-07-04 17:45:00
1656957600000,19899.41,19921.18,19871.85,19891.25,592.15575,2022-07-04 18:00:00
1656958500000,19891.25,19931.19,19832.0,19871.24,470.83087,2022-07-04 18:15:00
1656959400000,19871.25,19892.9,19826.25,19849.39,512.11827,2022-07-04 18:30:00
1656960300000,19849.38,19993.46,19849.38,19930.71,777.32985,2022-07-04 18:45:00
1656961200000,19930.71,19961.89,19834.53,19838.55,720.52213,2022-07-04 19:00:00
1656962100000,19838.54,19852.33,19758.21,19777.08,720.43719,2022-07-04 19:15:00
1656963000000,19777.07,19799.04,19772.21,19779.64,340.36076,2022-07-04 19:30:00
1656963900000,19779.64,19855.57,19779.64,19829.99,502.91588,2022-07-04 19:45:00
1656964800000,19829.98,19876.77,19794.22,19856.63,433.23351,2022-07-04 20:00:00
1656965700000,19856.63,19862.14,19733.95,19783.49,543.42904,2022-07-04 20:15:00
1656966600000,19783.48,19783.49,19747.34,19765.15,309.88445,2022-07-04 20:30:00
1656967500000,19765.15,19812.19,19753.75,19782.79,382.70559,2022-07-04 20:45:00
1656968400000,19782.79,19800.51,19749.51,19799.99,356.88587,2022-07-04 21:00:00
1656969300000,19800.5,19823.97,19779.23,19781.71,280.61258,2022-07-04 21:15:00
1656970200000,19781.71,19980.0,19777.66,19881.29,514.43434,2022-07-04 21:30:00
1656971100000,19881.28,20031.58,19881.28,19958.75,783.69007,2022-07-04 21:45:00
1656972000000,19958.76,19968.44,19875.79,19883.53,743.89386,2022-07-04 22:00:00
1656972900000,19883.53,19981.87,19871.88,19956.6,516.24444,2022-07-04 22:15:00
1656973800000,19956.59,20105.0,19938.26,20024.26,1416.1298,2022-07-04 22:30:00
1656974700000,20024.25,20252.22,19996.94,20163.67,2165.46142,2022-07-04 22:45:00
1656975600000,20163.66,20229.15,20113.91,20144.59,997.9444,2022-07-04 23:00:00
1656976500000,20144.59,20307.89,20140.88,20281.27,1684.01852,2022-07-04 23:15:00
1656977400000,20281.27,20354.01,20218.62,20268.71,1373.98138,2022-07-04 23:30:00
1656978300000,20268.71,20304.22,20216.71,20236.71,815.51854,2022-07-04 23:45:00
1656979200000,20236.71,20394.0,20179.74,20350.98,1559.17615,2022-07-05 00:00:00
1656980100000,20350.99,20391.62,20252.72,20325.97,1183.91619,2022-07-05 00:15:00
1656981000000,20325.98,20444.0,20300.17,20364.98,1123.49273,2022-07-05 00:30:00
1656981900000,20364.98,20478.4,20359.94,20395.59,979.50993,2022-07-05 00:45:00
1656982800000,20395.6,20423.45,20330.88,20335.08,614.82791,2022-07-05 01:00:00
1656983700000,20335.07,20376.1,20252.15,20277.51,822.17359,2022-07-05 01:15:00
1656984600000,20277.52,20320.48,20249.65,20263.4,758.79273,2022-07-05 01:30:00
1656985500000,20263.4,20311.11,20253.98,20299.14,496.82793,2022-07-05 01:45:00
1656986400000,20299.14,20299.99,20225.66,20263.52,429.63984,2022-07-05 02:00:00
1656987300000,20263.52,20263.52,20187.45,20223.99,453.19255,2022-07-05 02:15:00
1656988200000,20223.99,20232.5,20168.42,20191.14,550.56044,2022-07-05 02:30:00
1656989100000,20191.14,20212.0,20159.59,20173.87,385.68826,2022-07-05 02:45:00
1656990000000,20173.87,20253.28,20173.86,20234.19,352.17045,2022-07-05 03:00:00
1656990900000,20234.18,20243.9,20203.99,20207.3,282.52975,2022-07-05 03:15:00
1656991800000,20207.31,20295.39,20207.3,20272.38,408.77924,2022-07-05 03:30:00
1656992700000,20272.37,20318.0,20249.68,20312.98,322.58274,2022-07-05 03:45:00
1656993600000,20312.99,20316.45,20230.0,20243.14,484.0107,2022-07-05 04:00:00
1656994500000,20243.14,20244.02,20183.8,20232.78,488.94561,2022-07-05 04:15:00
1656995400000,20232.77,20239.99,20206.86,20233.3,386.50758,2022-07-05 04:30:00
1656996300000,20233.29,20279.78,20231.49,20272.38,296.485,2022-07-05 04:45:00
1656997200000,20272.39,20343.81,20240.07,20245.77,447.66751,2022-07-05 05:00:00
1656998100000,20245.76,20470.78,20226.95,20366.96,2688.40898,2022-07-05 05:15:00
1656999000000,20366.96,20413.97,20340.0,20375.12,716.03883,2022-07-05 05:30:00
1656999900000,20375.12,20396.3,20258.82,20296.3,820.60904,2022-07-05 05:45:00
1657000800000,20296.3,20414.74,20291.18,20396.73,568.57227,2022-07-05 06:00:00
1657001700000,20396.73,20437.86,20360.21,20385.93,564.50883,2022-07-05 06:15:00
1657002600000,20385.92,20394.42,20340.38,20342.79,301.02013,2022-07-05 06:30:00
1657003500000,20342.8,20420.52,20330.0,20387.81,471.97439,2022-07-05 06:45:00
1657004400000,20387.82,20397.88,20244.41,20287.77,817.28043,2022-07-05 07:00:00
1657005300000,20287.77,20316.0,20200.0,20234.96,718.95592,2022-07-05 07:15:00
1657006200000,20234.96,20241.26,20177.0,20225.23,546.53774,2022-07-05 07:30:00
1657007100000,20225.22,20263.99,20196.31,20215.69,465.62642,2022-07-05 07:45:00
1657008000000,20215.68,20215.69,20058.0,20112.92,1225.05895,2022-07-05 08:00:00
1657008900000,20112.93,20121.2,19954.41,20017.18,1436.84346,2022-07-05 08:15:00
1657009800000,20017.18,20017.19,19850.49,19863.66,1633.28877,2022-07-05 08:30:00
1657010700000,19863.67,19920.0,19802.87,19894.92,1190.24751,2022-07-05 08:45:00
1657011600000,19894.93,19936.62,19833.73,19896.65,800.17634,2022-07-05 09:00:00
1657012500000,19896.66,19929.9,19840.08,19855.98,749.83242,2022-07-05 09:15:00
1657013400000,19855.99,19872.78,19707.99,19740.26,1364.49437,2022-07-05 09:30:00
1657014300000,19740.27,19797.05,19636.86,19770.3,1305.7438,2022-07-05 09:45:00
1657015200000,19770.3,19792.94,19722.15,19773.06,759.88566,2022-07-05 10:00:00
1657016100000,19773.07,19777.4,19700.39,19766.91,582.47972,2022-07-05 10:15:00
1657017000000,19766.92,19821.95,19703.62,19732.0,707.99265,2022-07-05 10:30:00
1657017900000,19732.0,19774.24,19713.98,19740.94,440.68392,2022-07-05 10:45:00
1657018800000,19740.94,19786.66,19728.94,19770.45,440.55438,2022-07-05 11:00:00
1657019700000,19770.46,19808.46,19750.62,19769.83,507.17671,2022-07-05 11:15:00
1657020600000,19769.83,19775.27,19660.42,19692.23,794.45302,2022-07-05 11:30:00
1657021500000,19692.23,19694.4,19478.0,19520.39,2162.99729,2022-07-05 11:45:00
1657022400000,19520.4,19545.45,19433.0,19482.58,1638.23918,2022-07-05 12:00:00
1657023300000,19482.57,19513.53,19418.74,19494.02,1333.73443,2022-07-05 12:15:00
1657024200000,19494.01,19502.96,19369.0,19459.16,1462.01616,2022-07-05 12:30:00
1657025100000,19459.16,19475.75,19359.0,19373.75,857.43434,2022-07-05 12:45:00
1657026000000,19373.74,19414.8,19304.4,19393.18,1097.8381,2022-07-05 13:00:00
1657026900000,19393.18,19438.6,19343.47,19376.83,981.13204,2022-07-05 13:15:00
1657027800000,19376.84,19481.76,19304.4,19448.24,2071.62272,2022-07-05 13:30:00
1657028700000,19448.24,19536.27,19376.0,19403.35,1483.5412,2022-07-05 13:45:00
1657029600000,19403.34,19502.99,19375.0,19500.06,1255.29307,2022-07-05 14:00:00
1657030500000,19500.07,19532.95,19437.66,19509.3,1126.59508,2022-07-05 14:15:00
1657031400000,19509.3,19594.52,19485.12,19523.45,1213.37123,2022-07-05 14:30:00
1657032300000,19523.45,19523.45,19420.0,19464.53,937.56663,2022-07-05 14:45:00
1657033200000,19464.52,19480.88,19322.04,19370.93,1516.54707,2022-07-05 15:00:00
1657034100000,19370.94,19450.8,19363.06,19440.01,795.62606,2022-07-05 15:15:00
1657035000000,19440.0,19481.58,19401.6,19471.36,934.3238,2022-07-05 15:30:00
1657035900000,19471.37,19540.0,19451.89,19519.98,867.72747,2022-07-05 15:45:00
1657036800000,19519.98,19591.0,19479.53,19550.61,985.18908,2022-07-05 16:00:00
1657037700000,19550.62,19715.06,19528.64,19620.43,2175.4973,2022-07-05 16:15:00
1657038600000,19620.44,19640.13,19548.88,19566.82,834.81931,2022-07-05 16:30:00
1657039500000,19566.82,19592.7,19529.63,19552.4,783.52452,2022-07-05 16:45:00
1657040400000,19552.41,19621.21,19543.79,19620.03,476.26262,2022-07-05 17:00:00
1657041300000,19620.03,19741.75,19617.85,19681.12,1285.73456,2022-07-05 17:15:00
1657042200000,19681.12,19758.83,19679.64,19702.05,1022.54182,2022-07-05 17:30:00
1657043100000,19702.06,19788.0,19667.17,19703.85,863.10395,2022-07-05 17:45:00
1657044000000,19703.85,19773.03,19673.12,19727.55,872.93408,2022-07-05 18:00:00
1657044900000,19727.55,19790.81,19704.25,19764.41,628.46378,2022-07-05 18:15:00
1657045800000,19764.41,19949.9,19764.4,19919.99,1679.24203,2022-07-05 18:30:00
1657046700000,19919.98,20142.6,19916.14,20117.5,1627.96531,2022-07-05 18:45:00
1657047600000,20117.49,20280.82,20063.29,20259.55,2360.4932,2022-07-05 19:00:00
1657048500000,20259.55,20266.99,20163.3,20234.65,1005.53742,2022-07-05 19:15:00
1657049400000,20234.65,20444.43,20233.82,20405.47,2818.39023,2022-07-05 19:30:00
1657050300000,20405.47,20500.0,20353.56,20398.21,1786.05971,2022-07-05 19:45:00
1657051200000,20398.21,20750.0,20361.34,20690.68,3926.6903,2022-07-05 20:00:00
1657052100000,20690.68,20707.64,20550.87,20595.11,1927.25359,2022-07-05 20:15:00
1657053000000,20595.11,20669.0,20483.95,20510.91,1302.83742,2022-07-05 20:30:00
1657053900000,20510.91,20530.0,20452.53,20458.93,1767.71079,2022-07-05 20:45:00
1657054800000,20458.93,20495.62,20212.15,20281.08,1956.58752,2022-07-05 21:00:00
1657055700000,20281.08,20342.99,20175.0,20287.98,944.639,2022-07-05 21:15:00
1657056600000,20287.99,20398.81,20225.18,20389.15,561.00791,2022-07-05 21:30:00
1657057500000,20389.15,20492.69,20317.04,20373.12,603.33682,2022-07-05 21:45:00
1657058400000,20373.12,20415.19,20298.99,20363.26,512.07411,2022-07-05 22:00:00
1657059300000,20363.25,20368.74,20252.38,20269.79,469.48541,2022-07-05 22:15:00
1657060200000,20269.79,20358.18,20268.43,20342.49,533.00316,2022-07-05 22:30:00
1657061100000,20342.48,20439.99,20340.73,20435.25,582.02573,2022-07-05 22:45:00
1657062000000,20435.24,20435.99,20270.09,20280.34,541.68229,2022-07-05 23:00:00
1657062900000,20280.35,20332.42,20171.0,20177.72,801.26368,2022-07-05 23:15:00
1657063800000,20177.72,20222.57,20103.05,20182.43,833.56598,2022-07-05 23:30:00
1657064700000,20182.44,20224.18,20171.9,20175.83,390.68757,2022-07-05 23:45:00
1657065600000,20175.84,20265.28,20174.46,20179.27,749.18102,2022-07-06 00:00:00
1657066500000,20179.26,20228.92,20087.02,20157.86,771.5311,2022-07-06 00:15:00
1657067400000,20157.87,20355.0,20155.84,20337.19,1033.52048,2022-07-06 00:30:00
1657068300000,20337.2,20414.01,20255.04,20261.88,1178.61925,2022-07-06 00:45:00
1657069200000,20261.89,20314.28,20185.79,20201.79,699.19423,2022-07-06 01:00:00
1657070100000,20201.79,20242.99,20166.81,20217.05,452.43868,2022-07-06 01:15:00
1657071000000,20217.04,20218.04,19912.65,19957.37,1746.31397,2022-07-06 01:30:00
1657071900000,19957.38,19994.0,19828.71,19877.48,2012.04948,2022-07-06 01:45:00
1657072800000,19877.48,19909.99,19796.92,19856.94,785.59732,2022-07-06 02:00:00
1657073700000,19856.93,19977.18,19856.01,19920.65,630.12241,2022-07-06 02:15:00
1657074600000,19920.64,19942.24,19831.26,19848.52,693.6635,2022-07-06 02:30:00
1657075500000,19848.52,19887.76,19843.98,19860.6,451.72796,2022-07-06 02:45:00
1657076400000,19860.6,19908.79,19761.25,19839.16,685.62634,2022-07-06 03:00:00
1657077300000,19839.16,19881.73,19805.09,19859.87,432.21489,2022-07-06 03:15:00
1657078200000,19859.87,19927.65,19859.87,19897.86,439.74582,2022-07-06 03:30:00
1657079100000,19897.87,19985.68,19871.67,19951.47,744.04754,2022-07-06 03:45:00
1657080000000,19951.47,20311.13,19895.72,20254.49,2436.30252,2022-07-06 04:00:00
1657080900000,20254.49,20337.84,20132.36,20202.55,1318.70083,2022-07-06 04:15:00
1657081800000,20202.54,20210.56,20079.43,20097.34,793.90455,2022-07-06 04:30:00
1657082700000,20097.35,20157.92,20059.22,20098.75,626.06429,2022-07-06 04:45:00
1657083600000,20098.75,20173.91,20062.4,20163.05,663.68376,2022-07-06 05:00:00
1657084500000,20163.06,20195.59,19960.0,19987.06,1088.5577,2022-07-06 05:15:00
1657085400000,19987.06,20072.93,19909.53,20068.48,1122.9824,2022-07-06 05:30:00
1657086300000,20068.48,20126.49,20002.97,20048.08,683.83592,2022-07-06 05:45:00
1657087200000,20048.08,20050.74,19967.63,20049.99,611.55692,2022-07-06 06:00:00
1657088100000,20049.99,20061.0,19864.45,19909.69,797.59033,2022-07-06 06:15:00
1657089000000,19909.7,19974.17,19890.45,19972.62,730.05802,2022-07-06 06:30:00
1657089900000,19972.63,20100.0,19944.71,20089.67,688.83254,2022-07-06 06:45:00
1657090800000,20089.67,20189.41,20080.46,20140.05,1095.95387,2022-07-06 07:00:00
1657091700000,20140.04,20243.83,20129.44,20190.39,938.36725,2022-07-06 07:15:00
1657092600000,20190.39,20227.31,20136.67,20205.84,625.80355,2022-07-06 07:30:00
1657093500000,20205.84,20216.82,20135.81,20162.22,546.13118,2022-07-06 07:45:00
1657094400000,20162.21,20303.65,20085.93,20230.35,1370.23531,2022-07-06 08:00:00
1657095300000,20230.34,20272.0,20187.85,20214.46,747.9328,2022-07-06 08:15:00
1657096200000,20214.45,20269.8,20158.33,20218.67,799.90932,2022-07-06 08:30:00
1657097100000,20218.67,20231.59,20143.05,20184.57,640.97212,2022-07-06 08:45:00
1657098000000,20184.36,20214.99,20121.76,20162.43,559.77334,2022-07-06 09:00:00
1657098900000,20162.42,20285.76,20131.31,20235.74,992.09083,2022-07-06 09:15:00
1657099800000,20235.75,20244.35,20180.32,20212.75,494.48332,2022-07-06 09:30:00
1657100700000,20212.74,20215.53,20163.4,20202.75,495.74968,2022-07-06 09:45:00
1657101600000,20202.76,20213.7,20128.95,20149.36,696.28787,2022-07-06 10:00:00
1657102500000,20149.35,20175.93,20045.0,20175.93,764.16239,2022-07-06 10:15:00
1657103400000,20175.92,20220.0,20065.13,20132.04,950.05532,2022-07-06 10:30:00
1657104300000,20132.04,20144.09,20080.69,20132.99,415.57322,2022-07-06 10:45:00
1657105200000,20133.0,20159.43,20070.0,20092.26,586.11315,2022-07-06 11:00:00
1657106100000,20092.26,20094.45,20033.37,20081.13,663.83253,2022-07-06 11:15:00
1657107000000,20081.12,20145.11,20054.51,20134.14,467.04712,2022-07-06 11:30:00
1657107900000,20134.14,20134.15,20076.16,20103.43,343.33919,2022-07-06 11:45:00
1657108800000,20103.44,20111.79,19961.02,19999.38,1104.04209,2022-07-06 12:00:00
1657109700000,19999.38,20185.21,19978.09,20067.7,1187.96604,2022-07-06 12:15:00
1657110600000,20067.7,20173.41,20067.7,20159.17,683.23956,2022-07-06 12:30:00
1657111500000,20159.18,20168.0,20119.2,20154.77,493.61782,2022-07-06 12:45:00
1657112400000,20154.77,20243.84,20112.49,20243.83,825.77459,2022-07-06 13:00:00
1657113300000,20243.83,20254.6,20180.27,20200.38,879.82804,2022-07-06 13:15:00
1657114200000,20200.38,20366.2,20066.42,20139.96,3213.64158,2022-07-06 13:30:00
1657115100000,20139.96,20229.29,20042.85,20228.36,1691.21328,2022-07-06 13:45:00
1657116000000,20228.35,20297.25,20118.61,20161.31,2006.84066,2022-07-06 14:00:00
1657116900000,20161.3,20206.1,20102.36,20187.82,950.15283,2022-07-06 14:15:00
1657117800000,20187.82,20238.63,20145.66,20225.94,848.60951,2022-07-06 14:30:00
1657118700000,20225.94,20237.75,20162.68,20198.56,647.11113,2022-07-06 14:45:00
1657119600000,20198.56,20200.98,20106.3,20126.78,667.70333,2022-07-06 15:00:00
1657120500000,20126.78,20160.7,20090.76,20101.65,648.84486,2022-07-06 15:15:00
1657121400000,20101.64,20130.78,20059.01,20095.54,650.23975,2022-07-06 15:30:00
1657122300000,20095.54,20167.43,20088.1,20148.86,464.07399,2022-07-06 15:45:00
1657123200000,20148.85,20176.31,20133.55,20173.9,433.04567,2022-07-06 16:00:00
1657124100000,20173.89,20208.29,20142.48,20185.19,653.30361,2022-07-06 16:15:00
1657125000000,20185.2,20278.28,20173.12,20220.57,841.47067,2022-07-06 16:30:00
1657125900000,20220.56,20328.16,20220.56,20301.84,1056.7838,2022-07-06 16:45:00
1657126800000,20301.85,20396.72,20284.11,20293.92,1102.91229,2022-07-06 17:00:00
1657127700000,20293.92,20313.88,20259.35,20278.17,487.16068,2022-07-06 17:15:00
1657128600000,20278.17,20296.38,20234.37,20260.0,450.90731,2022-07-06 17:30:00
1657129500000,20260.01,20308.05,20247.53,20266.09,323.88382,2022-07-06 17:45:00
1657130400000,20266.09,20361.59,20187.89,20252.39,2103.84202,2022-07-06 18:00:00
1657131300000,20252.39,20342.11,20185.85,20342.11,1030.58067,2022-07-06 18:15:00
1657132200000,20342.1,20443.61,20320.0,20419.92,1755.75255,2022-07-06 18:30:00
1657133100000,20419.91,20448.19,20346.08,20383.36,912.65356,2022-07-06 18:45:00
1657134000000,20383.37,20478.08,20333.81,20446.2,731.98431,2022-07-06 19:00:00
1657134900000,20446.21,20475.74,20410.92,20417.31,610.30922,2022-07-06 19:15:00
1657135800000,20417.31,20434.54,20318.74,20337.55,635.06209,2022-07-06 19:30:00
1657136700000,20337.55,20344.0,20277.75,20328.55,742.76997,2022-07-06 19:45:00
1657137600000,20328.55,20350.0,20288.21,20297.22,486.05676,2022-07-06 20:00:00
1657138500000,20297.23,20327.26,20277.04,20300.45,440.18521,2022-07-06 20:15:00
1657139400000,20300.44,20343.59,20285.0,20301.64,514.6931,2022-07-06 20:30:00
1657140300000,20301.64,20444.71,20292.74,20399.74,799.17893,2022-07-06 20:45:00
1657141200000,20399.73,20433.15,20364.31,20408.52,413.91562,2022-07-06 21:00:00
1657142100000,20408.51,20413.09,20370.0,20376.35,267.31219,2022-07-06 21:15:00
1657143000000,20376.35,20419.63,20299.8,20330.67,785.3813,2022-07-06 21:30:00
1657143900000,20330.68,20362.0,20314.49,20354.91,257.41607,2022-07-06 21:45:00
1657144800000,20354.9,20611.0,20343.85,20497.22,2055.97084,2022-07-06 22:00:00
1657145700000,20497.22,20545.51,20461.33,20469.87,866.79842,2022-07-06 22:15:00
1657146600000,20469.88,20539.13,20450.0,20518.95,704.39012,2022-07-06 22:30:00
1657147500000,20518.95,20544.35,20461.52,20513.76,775.13448,2022-07-06 22:45:00
1657148400000,20513.77,20675.22,20491.53,20600.42,1837.28598,2022-07-06 23:00:00
1657149300000,20600.42,20645.07,20553.68,20592.69,841.62832,2022-07-06 23:15:00
1657150200000,20592.68,20642.08,20547.61,20548.16,726.65989,2022-07-06 23:30:00
1657151100000,20548.17,20605.97,20545.26,20564.51,570.77514,2022-07-06 23:45:00
1657152000000,20564.51,20594.77,20480.45,20540.3,1020.50151,2022-07-07 00:00:00
1657152900000,20540.3,20580.7,20515.21,20519.58,718.52115,2022-07-07 00:15:00
1657153800000,20519.58,20572.29,20511.34,20557.28,394.70338,2022-07-07 00:30:00
1657154700000,20557.28,20592.89,20524.84,20533.49,355.8959,2022-07-07 00:45:00
1657155600000,20533.48,20536.02,20467.26,20498.42,562.9877,2022-07-07 01:00:00
1657156500000,20498.41,20527.6,20484.1,20517.4,372.23331,2022-07-07 01:15:00
1657157400000,20517.4,20536.12,20480.4,20503.54,321.74772,2022-07-07 01:30:00
1657158300000,20503.54,20568.15,20499.66,20515.63,749.45432,2022-07-07 01:45:00
1657159200000,20515.64,20545.0,20484.98,20503.02,478.61649,2022-07-07 02:00:00
1657160100000,20502.83,20522.67,20393.7,20437.18,872.79721,2022-07-07 02:15:00
1657161000000,20437.17,20448.34,20385.87,20409.4,540.93854,2022-07-07 02:30:00
1657161900000,20409.41,20433.05,20391.23,20419.98,352.25024,2022-07-07 02:45:00
1657162800000,20419.98,20437.36,20393.75,20430.37,431.15946,2022-07-07 03:00:00
1657163700000,20430.37,20435.23,20401.18,20424.99,255.23922,2022-07-07 03:15:00
1657164600000,20425.0,20476.56,20396.72,20464.11,334.67243,2022-07-07 03:30:00
1657165500000,20464.12,20489.84,20445.84,20480.61,269.2137,2022-07-07 03:45:00
1657166400000,20480.6,20493.72,20452.41,20458.07,333.21255,2022-07-07 04:00:00
1657167300000,20458.07,20466.7,20392.82,20399.56,342.51472,2022-07-07 04:15:00
1657168200000,20399.56,20402.55,20358.0,20393.48,469.77781,2022-07-07 04:30:00
1657169100000,20393.49,20418.44,20371.74,20416.42,263.11051,2022-07-07 04:45:00
1657170000000,20416.42,20442.44,20403.52,20437.45,341.47422,2022-07-07 05:00:00
1657170900000,20437.45,20446.1,20377.28,20386.03,503.61829,2022-07-07 05:15:00
1657171800000,20386.02,20414.76,20360.86,20375.44,328.67377,2022-07-07 05:30:00
1657172700000,20375.44,20395.91,20251.68,20302.18,1068.53198,2022-07-07 05:45:00
1657173600000,20302.18,20313.87,20280.4,20302.2,314.64756,2022-07-07 06:00:00
1657174500000,20302.2,20347.41,20302.2,20344.05,402.74756,2022-07-07 06:15:00
1657175400000,20344.05,20369.29,20320.85,20327.53,346.82302,2022-07-07 06:30:00
1657176300000,20327.52,20343.85,20299.72,20339.18,353.38229,2022-07-07 06:45:00
1657177200000,20339.19,20379.56,20330.5,20350.46,609.47293,2022-07-07 07:00:00
1657178100000,20350.45,20366.46,20330.46,20357.65,425.25438,2022-07-07 07:15:00
1657179000000,20357.65,20439.0,20357.65,20406.09,653.6954,2022-07-07 07:30:00
1657179900000,20406.08,20468.16,20406.08,20440.01,532.80996,2022-07-07 07:45:00
1657180800000,20440.01,20460.18,20431.9,20448.28,470.77309,2022-07-07 08:00:00
1657181700000,20448.27,20452.67,20391.16,20419.25,526.55891,2022-07-07 08:15:00
1657182600000,20419.25,20444.77,20395.65,20426.22,290.48292,2022-07-07 08:30:00
1657183500000,20426.23,20555.0,20426.22,20523.09,1350.29493,2022-07-07 08:45:00
1657184400000,20523.08,20578.78,20467.54,20509.46,920.77065,2022-07-07 09:00:00
1657185300000,20509.47,20516.71,20472.89,20478.07,514.92285,2022-07-07 09:15:00
1657186200000,20478.07,20527.71,20472.0,20527.71,437.81041,2022-07-07 09:30:00
1657187100000,20527.71,20619.5,20527.7,20559.15,1019.17779,2022-07-07 09:45:00
1657188000000,20559.16,20585.77,20515.18,20532.64,633.75137,2022-07-07 10:00:00
1657188900000,20532.64,20542.63,20509.99,20540.15,282.56455,2022-07-07 10:15:00
1657189800000,20540.16,20558.65,20515.12,20528.55,349.04804,2022-07-07 10:30:00
1657190700000,20528.79,20542.19,20463.61,20502.08,844.05985,2022-07-07 10:45:00
1657191600000,20502.09,20507.61,20464.21,20506.01,328.33332,2022-07-07 11:00:00
1657192500000,20506.01,20506.02,20443.96,20447.96,326.58615,2022-07-07 11:15:00
1657193400000,20447.97,20462.6,20429.99,20461.83,403.98911,2022-07-07 11:30:00
1657194300000,20461.83,20510.0,20450.02,20507.83,327.33332,2022-07-07 11:45:00
1657195200000,20507.83,20509.89,20453.4,20484.99,359.81147,2022-07-07 12:00:00
1657196100000,20484.99,20510.0,20396.73,20430.04,904.03833,2022-07-07 12:15:00
1657197000000,20430.04,20457.68,20383.36,20446.78,526.89191,2022-07-07 12:30:00
1657197900000,20446.77,20459.83,20417.84,20428.59,268.72562,2022-07-07 12:45:00
1657198800000,20428.6,20447.33,20390.06,20442.36,584.8391,2022-07-07 13:00:00
1657199700000,20442.37,20443.56,20381.0,20393.95,386.16675,2022-07-07 13:15:00
1657200600000,20393.94,20499.03,20378.16,20499.03,1150.76403,2022-07-07 13:30:00
1657201500000,20499.03,20559.93,20486.06,20539.87,875.95836,2022-07-07 13:45:00
1657202400000,20539.87,20643.94,20504.72,20599.04,2496.48203,2022-07-07 14:00:00
1657203300000,20599.03,20739.0,20599.03,20722.52,2481.38443,2022-07-07 14:15:00
1657204200000,20722.52,20965.9,20717.47,20903.49,3578.62028,2022-07-07 14:30:00
1657205100000,20903.5,20969.0,20833.96,20918.97,1689.7325,2022-07-07 14:45:00
1657206000000,20918.97,21035.0,20861.56,20883.51,2133.89402,2022-07-07 15:00:00
1657206900000,20883.51,20930.03,20847.4,20894.47,884.74706,2022-07-07 15:15:00
1657207800000,20894.47,20917.84,20830.01,20866.77,744.04869,2022-07-07 15:30:00
1657208700000,20866.78,20890.74,20850.42,20888.44,629.45513,2022-07-07 15:45:00
1657209600000,20888.44,20958.3,20868.82,20868.83,959.85559,2022-07-07 16:00:00
1657210500000,20868.83,20936.0,20866.38,20925.52,717.73792,2022-07-07 16:15:00
1657211400000,20925.53,21190.0,20918.93,21151.73,2545.54793,2022-07-07 16:30:00
1657212300000,21151.73,21200.0,21044.96,21093.04,1396.70042,2022-07-07 16:45:00
1657213200000,21093.03,21106.23,20922.0,20948.31,1407.73908,2022-07-07 17:00:00
1657214100000,20948.32,20948.32,20843.75,20851.38,791.68204,2022-07-07 17:15:00
1657215000000,20851.38,20884.76,20837.67,20874.54,542.63976,2022-07-07 17:30:00
1657215900000,20874.55,20933.85,20874.54,20910.65,574.49793,2022-07-07 17:45:00
1657216800000,20910.65,20966.59,20880.58,20961.08,707.62906,2022-07-07 18:00:00
1657217700000,20961.09,21104.64,20961.08,21100.6,984.11963,2022-07-07 18:15:00
1657218600000,21100.59,21322.0,21090.0,21257.64,2619.46144,2022-07-07 18:30:00
1657219500000,21257.63,21406.89,21230.23,21357.71,2219.36098,2022-07-07 18:45:00
1657220400000,21357.7,21460.83,21325.0,21390.38,1719.50873,2022-07-07 19:00:00
1657221300000,21390.38,21499.87,21337.76,21495.83,1943.70017,2022-07-07 19:15:00
1657222200000,21495.84,21732.28,21439.13,21656.75,4267.0666,2022-07-07 19:30:00
1657223100000,21656.76,21837.74,21649.46,21812.47,2932.84992,2022-07-07 19:45:00
1657224000000,21812.46,21838.1,21563.73,21692.95,2835.23739,2022-07-07 20:00:00
1657224900000,21692.94,21729.26,21526.4,21641.56,1532.70597,2022-07-07 20:15:00
1657225800000,21641.56,21659.99,21559.61,21624.2,1053.94817,2022-07-07 20:30:00
1657226700000,21624.21,21630.05,21541.96,21624.03,787.15226,2022-07-07 20:45:00
1657227600000,21624.03,21727.87,21567.56,21716.85,921.90132,2022-07-07 21:00:00
1657228500000,21716.84,21716.85,21597.0,21619.57,864.2689,2022-07-07 21:15:00
1657229400000,21619.57,21657.81,21574.28,21609.22,590.36866,2022-07-07 21:30:00
1657230300000,21609.21,21694.95,21601.18,21667.99,611.70396,2022-07-07 21:45:00
1657231200000,21667.99,21722.17,21615.15,21702.18,851.76894,2022-07-07 22:00:00
1657232100000,21702.19,21760.38,21607.27,21627.78,981.03259,2022-07-07 22:15:00
1657233000000,21627.79,21667.65,21590.57,21592.83,533.65249,2022-07-07 22:30:00
1657233900000,21592.82,21640.0,21589.69,21628.17,558.51809,2022-07-07 22:45:00
1657234800000,21628.18,21660.0,21567.56,21580.24,836.01248,2022-07-07 23:00:00
1657235700000,21580.24,21694.73,21569.61,21673.41,713.75941,2022-07-07 23:15:00
1657236600000,21673.41,21720.0,21652.37,21680.5,581.48919,2022-07-07 23:30:00
1657237500000,21680.5,21704.74,21616.1,21624.98,388.26939,2022-07-07 23:45:00
1657238400000,21624.99,21666.48,21578.14,21618.99,833.85074,2022-07-08 00:00:00
1657239300000,21618.99,21648.02,21580.0,21621.45,444.5265,2022-07-08 00:15:00
1657240200000,21621.44,21674.01,21583.39,21660.81,557.23091,2022-07-08 00:30:00
1657241100000,21660.82,21740.67,21639.39,21724.73,821.13165,2022-07-08 00:45:00
1657242000000,21724.74,21737.91,21668.46,21699.32,517.23166,2022-07-08 01:00:00
1657242900000,21699.33,22527.37,21640.0,22418.49,4214.30029,2022-07-08 01:15:00
1657243800000,22418.48,22428.93,22086.64,22144.14,2359.67266,2022-07-08 01:30:00
1657244700000,22144.14,22144.62,22054.58,22137.21,723.24859,2022-07-08 01:45:00
1657245600000,22137.21,22156.97,22051.31,22127.13,778.22262,2022-07-08 02:00:00
1657246500000,22127.53,22139.14,21878.46,21917.04,1047.82651,2022-07-08 02:15:00
1657247400000,21917.04,22018.1,21904.08,21987.84,798.77835,2022-07-08 02:30:00
1657248300000,21987.83,22010.32,21931.74,21990.2,633.66159,2022-07-08 02:45:00
1657249200000,21990.21,22003.57,21936.84,21979.41,352.31926,2022-07-08 03:00:00
1657250100000,21979.42,22068.0,21958.42,22027.41,507.02296,2022-07-08 03:15:00
1657251000000,22027.42,22130.92,22027.41,22098.41,646.89662,2022-07-08 03:30:00
1657251900000,22098.41,22132.28,22077.72,22130.56,426.52971,2022-07-08 03:45:00
1657252800000,22130.57,22179.0,22067.36,22167.26,857.28337,2022-07-08 04:00:00
1657253700000,22167.27,22242.29,22090.39,22093.63,877.80534,2022-07-08 04:15:00
1657254600000,22093.63,22107.62,22000.0,22047.07,614.38329,2022-07-08 04:30:00
1657255500000,22047.07,22056.5,21966.01,21982.43,615.74457,2022-07-08 04:45:00
1657256400000,21982.43,21994.11,21951.54,21983.06,575.10584,2022-07-08 05:00:00
1657257300000,21983.06,22027.54,21975.94,22000.02,495.35638,2022-07-08 05:15:00
1657258200000,22000.01,22063.94,21960.02,22049.1,528.07907,2022-07-08 05:30:00
1657259100000,22049.11,22055.04,21750.0,21843.33,1847.87627,2022-07-08 05:45:00
1657260000000,21843.34,21868.99,21782.51,21822.27,711.82971,2022-07-08 06:00:00
1657260900000,21822.27,21873.63,21769.0,21781.56,599.09719,2022-07-08 06:15:00
1657261800000,21781.56,21820.68,21775.95,21811.0,643.12423,2022-07-08 06:30:00
1657262700000,21810.99,21855.05,21760.99,21826.13,895.43593,2022-07-08 06:45:00
1657263600000,21826.13,21829.41,21756.86,21786.03,497.76141,2022-07-08 07:00:00
1657264500000,21786.03,21830.26,21710.56,21814.14,619.39428,2022-07-08 07:15:00
1657265400000,21814.14,21860.59,21791.77,21813.71,576.4588,2022-07-08 07:30:00
1657266300000,21813.71,21820.32,21775.0,21797.64,567.83265,2022-07-08 07:45:00
1657267200000,21797.65,21822.1,21768.24,21807.41,424.28193,2022-07-08 08:00:00
1657268100000,21807.4,21812.86,21730.61,21776.67,512.54677,2022-07-08 08:15:00
1657269000000,21776.66,21778.66,21576.5,21659.22,1197.16136,2022-07-08 08:30:00
1657269900000,21659.22,21695.5,21427.52,21436.79,1691.48147,2022-07-08 08:45:00
1657270800000,21436.8,21490.01,21317.0,21335.77,1960.83177,2022-07-08 09:00:00
1657271700000,21335.77,21549.56,21330.0,21545.01,1315.83662,2022-07-08 09:15:00
1657272600000,21545.02,21546.53,21428.27,21489.99,721.54563,2022-07-08 09:30:00
1657273500000,21489.98,21580.07,21457.06,21568.85,799.86956,2022-07-08 09:45:00
1657274400000,21568.84,21606.27,21491.02,21528.69,766.97,2022-07-08 10:00:00
1657275300000,21528.69,21732.77,21503.69,21696.13,1146.72386,2022-07-08 10:15:00
1657276200000,21696.13,21696.14,21636.44,21646.3,549.91804,2022-07-08 10:30:00
1657277100000,21646.29,21646.3,21509.44,21536.54,523.46052,2022-07-08 10:45:00
1657278000000,21536.55,21556.85,21465.04,21519.99,660.71248,2022-07-08 11:00:00
1657278900000,21519.99,21640.08,21492.73,21614.83,754.84137,2022-07-08 11:15:00
1657279800000,21614.84,21670.76,21592.4,21618.02,548.47348,2022-07-08 11:30:00
1657280700000,21618.02,21649.07,21564.26,21583.98,439.82276,2022-07-08 11:45:00
1657281600000,21583.99,21695.58,21532.54,21654.53,735.85681,2022-07-08 12:00:00
1657282500000,21654.54,21714.99,21591.34,21615.33,766.74627,2022-07-08 12:15:00
1657283400000,21615.34,21619.12,21244.6,21287.73,3351.08945,2022-07-08 12:30:00
1657284300000,21287.73,21427.29,21189.26,21380.0,2105.08151,2022-07-08 12:45:00
1657285200000,21380.01,21426.75,21351.78,21367.91,748.88525,2022-07-08 13:00:00
1657286100000,21367.9,21440.79,21301.8,21381.5,927.22462,2022-07-08 13:15:00
1657287000000,21381.49,21483.73,21267.53,21432.0,1761.13513,2022-07-08 13:30:00
1657287900000,21431.99,21451.98,21206.42,21272.6,1293.15198,2022-07-08 13:45:00
1657288800000,21272.61,21377.5,21196.45,21326.62,2688.62181,2022-07-08 14:00:00
1657289700000,21326.62,21471.3,21315.54,21461.06,6958.64342,2022-07-08 14:15:00
1657290600000,21461.06,21700.25,21446.98,21653.08,29618.99169,2022-07-08 14:30:00
1657291500000,21653.08,21856.37,21613.55,21769.09,29356.85251,2022-07-08 14:45:00
1657292400000,21769.09,22000.0,21701.24,21939.33,40371.40506,2022-07-08 15:00:00
1657293300000,21939.32,22041.65,21826.04,21932.7,34007.31063,2022-07-08 15:15:00
1657294200000,21931.96,22130.0,21874.67,21993.58,31649.52486,2022-07-08 15:30:00
1657295100000,21993.58,22028.42,21853.68,21962.52,31178.94805,2022-07-08 15:45:00
1657296000000,21964.3,21979.51,21746.12,21801.33,9790.22511,2022-07-08 16:00:00
1657296900000,21801.33,21854.78,21618.34,21681.99,5799.46178,2022-07-08 16:15:00
1657297800000,21681.99,21720.43,21550.0,21627.01,6843.47603,2022-07-08 16:30:00
1657298700000,21627.01,21743.59,21603.52,21689.36,16158.98762,2022-07-08 16:45:00
1657299600000,21690.73,21830.0,21629.96,21816.39,17473.2868,2022-07-08 17:00:00
1657300500000,21816.39,21821.02,21651.99,21795.61,13940.34224,2022-07-08 17:15:00
1657301400000,21795.61,21806.51,21686.91,21765.01,10848.53233,2022-07-08 17:30:00
1657302300000,21766.01,21837.64,21735.2,21767.47,3970.08182,2022-07-08 17:45:00
1657303200000,21758.71,21799.2,21672.31,21730.1,4556.06977,2022-07-08 18:00:00
1657304100000,21730.78,21869.96,21700.0,21825.22,5153.82758,2022-07-08 18:15:00
1657305000000,21825.22,21886.4,21796.27,21830.96,4665.09069,2022-07-08 18:30:00
1657305900000,21831.9,21846.69,21661.22,21736.26,4050.28972,2022-07-08 18:45:00
1657306800000,21736.35,21788.0,21664.14,21767.13,4436.98885,2022-07-08 19:00:00
1657307700000,21767.13,21826.54,21717.18,21766.83,2955.67625,2022-07-08 19:15:00
1657308600000,21764.7,21876.9,21718.85,21864.58,4117.85621,2022-07-08 19:30:00
1657309500000,21864.58,21876.93,21787.79,21811.9,3299.13316,2022-07-08 19:45:00
1657310400000,21811.9,21840.75,21771.42,21792.79,2323.4489,2022-07-08 20:00:00
1657311300000,21792.8,21948.0,21772.12,21943.14,2644.36811,2022-07-08 20:15:00
1657312200000,21945.49,22045.91,21816.15,21894.98,2926.61924,2022-07-08 20:30:00
1657313100000,21894.98,21895.07,21820.56,21855.41,1818.995,2022-07-08 20:45:00
1657314000000,21855.41,21939.0,21836.99,21920.13,1690.31612,2022-07-08 21:00:00
1657314900000,21920.13,22001.48,21914.55,21982.28,1330.39097,2022-07-08 21:15:00
1657315800000,21982.28,22020.0,21819.17,21826.83,767.60002,2022-07-08 21:30:00
1657316700000,21822.7,21861.99,21692.85,21700.37,1382.9552,2022-07-08 21:45:00
1657317600000,21700.37,21796.94,21684.75,21766.26,1624.93344,2022-07-08 22:00:00
1657318500000,21766.26,21810.0,21741.0,21791.99,1293.53766,2022-07-08 22:15:00
1657319400000,21791.99,21835.75,21771.42,21825.43,1397.23941,2022-07-08 22:30:00
1657320300000,21827.65,21844.83,21748.65,21773.03,1153.73955,2022-07-08 22:45:00
1657321200000,21775.3,21840.56,21740.0,21811.28,1293.84453,2022-07-08 23:00:00
1657322100000,21811.91,21962.48,21809.01,21895.91,1430.72476,2022-07-08 23:15:00
1657323000000,21892.49,21913.67,21864.36,21885.75,1085.72341,2022-07-08 23:30:00
1657323900000,21887.34,21896.32,21580.71,21594.75,2138.84559,2022-07-08 23:45:00
1657324800000,21594.75,21672.13,21430.0,21493.32,3755.8242,2022-07-09 00:00:00
1657325700000,21493.32,21683.84,21453.47,21650.44,3136.17271,2022-07-09 00:15:00
1657326600000,21652.84,21686.76,21631.1,21666.14,2519.47296,2022-07-09 00:30:00
1657327500000,21666.58,21696.39,21475.58,21547.42,2763.8177,2022-07-09 00:45:00
1657328400000,21547.42,21582.8,21493.4,21521.04,2040.07757,2022-07-09 01:00:00
1657329300000,21521.04,21600.2,21466.98,21468.85,2063.34578,2022-07-09 01:15:00
1657330200000,21467.5,21520.0,21403.24,21484.81,2917.03494,2022-07-09 01:30:00
1657331100000,21484.81,21530.43,21476.2,21505.55,1996.23111,2022-07-09 01:45:00
1657332000000,21506.82,21565.65,21495.49,21528.02,2322.65728,2022-07-09 02:00:00
1657332900000,21529.07,21604.89,21513.11,21596.92,2396.052,2022-07-09 02:15:00
1657333800000,21597.71,21656.0,21551.64,21561.26,2397.63523,2022-07-09 02:30:00
1657334700000,21562.88,21607.65,21528.07,21586.37,1892.82359,2022-07-09 02:45:00
1657335600000,21584.27,21600.57,21510.0,21522.74,1922.66441,2022-07-09 03:00:00
1657336500000,21522.75,21570.0,21465.19,21492.06,1713.37899,2022-07-09 03:15:00
1657337400000,21492.06,21610.21,21479.0,21584.67,1607.22453,2022-07-09 03:30:00
1657338300000,21584.67,21630.0,21568.52,21612.62,2316.34329,2022-07-09 03:45:00
1657339200000,21612.62,21636.23,21582.6,21592.2,1840.88423,2022-07-09 04:00:00
1657340100000,21592.47,21608.91,21545.5,21560.74,3236.58054,2022-07-09 04:15:00
1657341000000,21560.74,21579.99,21507.37,21537.21,1691.93823,2022-07-09 04:30:00
1657341900000,21537.13,21570.73,21521.09,21554.52,1410.93395,2022-07-09 04:45:00
1657342800000,21554.52,21611.0,21523.48,21531.04,1825.07996,2022-07-09 05:00:00
1657343700000,21531.5,21557.4,21508.04,21544.19,1014.75118,2022-07-09 05:15:00
1657344600000,21543.06,21563.43,21504.16,21522.1,1529.27547,2022-07-09 05:30:00
1657345500000,21523.67,21542.68,21485.82,21517.76,1645.89147,2022-07-09 05:45:00
1657346400000,21517.13,21532.06,21488.92,21513.66,1654.90213,2022-07-09 06:00:00
1657347300000,21515.83,21542.22,21490.0,21513.96,1859.61947,2022-07-09 06:15:00
1657348200000,21514.95,21563.68,21508.87,21550.23,1860.34818,2022-07-09 06:30:00
1657349100000,21552.29,21578.84,21540.62,21560.1,1222.91528,2022-07-09 06:45:00
1657350000000,21561.09,21728.63,21554.89,21650.97,3090.48131,2022-07-09 07:00:00
1657350900000,21653.08,21700.0,21650.58,21662.85,1750.33744,2022-07-09 07:15:00
1657351800000,21663.7,21701.7,21600.0,21620.0,1788.58551,2022-07-09 07:30:00
1657352700000,21620.0,21700.0,21588.98,21654.72,1402.72202,2022-07-09 07:45:00
1657353600000,21654.72,21667.91,21633.92,21664.46,876.7753,2022-07-09 08:00:00
1657354500000,21664.46,21682.1,21600.2,21674.2,1286.3644,2022-07-09 08:15:00
1657355400000,21674.2,21690.0,21624.07,21681.44,1409.63947,2022-07-09 08:30:00
1657356300000,21681.43,21735.0,21664.97,21722.94,1993.39428,2022-07-09 08:45:00
1657357200000,21722.94,21729.72,21674.93,21687.66,1919.63971,2022-07-09 09:00:00
1657358100000,21687.66,21691.0,21601.77,21624.04,1638.1809,2022-07-09 09:15:00
1657359000000,21624.04,21657.0,21623.26,21650.58,973.56573,2022-07-09 09:30:00
1657359900000,21648.5,21661.23,21608.61,21654.79,1182.88735,2022-07-09 09:45:00
1657360800000,21654.03,21701.92,21624.54,21673.64,1290.25342,2022-07-09 10:00:00
1657361700000,21672.93,21703.83,21650.0,21674.16,1274.34326,2022-07-09 10:15:00
1657362600000,21674.16,21725.0,21665.92,21723.52,1735.00643,2022-07-09 10:30:00
1657363500000,21721.71,21750.0,21684.65,21735.33,2432.79584,2022-07-09 10:45:00
1657364400000,21735.89,21778.73,21706.24,21706.72,1667.46278,2022-07-09 11:00:00
1657365300000,21707.81,21759.24,21678.1,21734.59,1720.09757,2022-07-09 11:15:00
1657366200000,21734.59,21738.88,21680.02,21702.24,1964.17148,2022-07-09 11:30:00
1657367100000,21702.24,21705.62,21322.12,21447.29,4225.37853,2022-07-09 11:45:00
1657368000000,21447.29,21512.49,21379.64,21496.98,2534.63767,2022-07-09 12:00:00
1657368900000,21497.96,21550.96,21482.2,21489.19,2563.36122,2022-07-09 12:15:00
1657369800000,21488.26,21558.49,21486.42,21533.25,2079.58944,2022-07-09 12:30:00
1657370700000,21532.39,21557.6,21472.72,21514.78,1622.47915,2022-07-09 12:45:00
1657371600000,21514.78,21614.28,21499.63,21578.1,2077.74228,2022-07-09 13:00:00
1657372500000,21578.1,21625.92,21564.53,21600.51,2543.39965,2022-07-09 13:15:00
1657373400000,21600.51,21617.17,21558.12,21578.39,3581.27793,2022-07-09 13:30:00
1657374300000,21577.81,21590.0,21517.16,21563.5,2195.07941,2022-07-09 13:45:00
1657375200000,21562.0,21715.0,21535.21,21709.89,3028.56185,2022-07-09 14:00:00
1657376100000,21709.89,21717.62,21622.98,21653.71,2263.05555,2022-07-09 14:15:00
1657377000000,21652.85,21660.81,21584.57,21610.54,2654.92901,2022-07-09 14:30:00
1657377900000,21610.55,21671.1,21563.5,21594.55,1767.76838,2022-07-09 14:45:00
1657378800000,21596.03,21628.6,21567.5,21624.73,1402.25193,2022-07-09 15:00:00
1657379700000,21624.73,21649.51,21597.35,21643.53,1633.13167,2022-07-09 15:15:00
1657380600000,21642.86,21650.0,21580.5,21586.93,1718.52008,2022-07-09 15:30:00
1657381500000,21584.57,21607.58,21536.98,21546.9,1826.31222,2022-07-09 15:45:00
1657382400000,21545.89,21583.16,21530.32,21568.54,1331.68188,2022-07-09 16:00:00
1657383300000,21569.35,21610.99,21559.46,21581.13,1594.34111,2022-07-09 16:15:00
1657384200000,21581.13,21644.25,21574.34,21626.17,1590.57847,2022-07-09 16:30:00
1657385100000,21624.96,21718.34,21608.22,21693.15,2118.33874,2022-07-09 16:45:00
1657386000000,21693.15,21744.98,21666.15,21718.06,1996.97766,2022-07-09 17:00:00
1657386900000,21717.1,21727.36,21682.23,21699.37,1956.35277,2022-07-09 17:15:00
1657387800000,21699.37,21980.0,21693.56,21868.13,4002.31287,2022-07-09 17:30:00
1657388700000,21868.13,21900.87,21818.48,21880.69,2095.08513,2022-07-09 17:45:00
1657389600000,21880.69,21896.3,21758.31,21808.64,1963.71794,2022-07-09 18:00:00
1657390500000,21808.01,21832.39,21786.89,21827.3,1425.67742,2022-07-09 18:15:00
1657391400000,21826.68,21916.61,21811.05,21850.92,1765.5843,2022-07-09 18:30:00
1657392300000,21851.84,21867.0,21734.76,21750.87,1470.11685,2022-07-09 18:45:00
1657393200000,21750.87,21771.71,21517.87,21543.82,2225.66082,2022-07-09 19:00:00
1657394100000,21547.66,21624.75,21522.04,21598.18,1519.96309,2022-07-09 19:15:00
1657395000000,21596.86,21629.79,21563.69,21595.1,1532.18081,2022-07-09 19:30:00
1657395900000,21597.65,21629.49,21574.57,21621.4,1476.5169,2022-07-09 19:45:00
1657396800000,21621.49,21635.09,21606.74,21615.85,1449.52737,2022-07-09 20:00:00
1657397700000,21615.85,21638.49,21582.74,21628.41,1318.51386,2022-07-09 20:15:00
1657398600000,21628.41,21680.57,21628.41,21656.52,1756.87707,2022-07-09 20:30:00
1657399500000,21657.66,21699.99,21641.56,21680.6,1564.35894,2022-07-09 20:45:00
1657400400000,21680.6,21725.45,21666.34,21699.32,1900.78921,2022-07-09 21:00:00
1657401300000,21699.32,21728.77,21635.35,21709.98,928.01073,2022-07-09 21:15:00
1657402200000,21709.98,21720.0,21692.69,21705.55,219.75366,2022-07-09 21:30:00
1657403100000,21706.83,21750.0,21704.19,21708.05,469.15163,2022-07-09 21:45:00
1657404000000,21709.07,21754.0,21676.6,21721.85,1006.89609,2022-07-09 22:00:00
1657404900000,21719.68,21741.63,21672.91,21703.67,832.66362,2022-07-09 22:15:00
1657405800000,21706.93,21729.49,21681.69,21685.01,683.76275,2022-07-09 22:30:00
1657406700000,21685.01,21730.76,21593.32,21627.51,1178.69496,2022-07-09 22:45:00
1657407600000,21627.51,21632.15,21566.61,21622.24,1248.75522,2022-07-09 23:00:00
1657408500000,21622.23,21650.0,21592.18,21595.64,1203.76088,2022-07-09 23:15:00
1657409400000,21594.58,21632.51,21546.06,21561.92,1568.52986,2022-07-09 23:30:00
1657410300000,21563.83,21609.18,21558.21,21591.83,1354.65552,2022-07-09 23:45:00
1657411200000,21592.15,21607.65,21450.0,21497.77,2633.97996,2022-07-10 00:00:00
1657412100000,21497.77,21569.73,21474.18,21545.72,1730.78357,2022-07-10 00:15:00
1657413000000,21545.72,21546.06,21476.06,21494.26,1755.07429,2022-07-10 00:30:00
1657413900000,21492.85,21512.86,21366.7,21372.91,3656.14824,2022-07-10 00:45:00
1657414800000,21372.91,21464.22,21336.48,21446.82,2298.45304,2022-07-10 01:00:00
1657415700000,21446.82,21498.79,21415.96,21428.82,2218.76007,2022-07-10 01:15:00
1657416600000,21429.78,21466.04,21414.98,21455.22,1565.02355,2022-07-10 01:30:00
1657417500000,21453.44,21478.93,21401.14,21414.18,2283.57156,2022-07-10 01:45:00
1657418400000,21413.1,21493.11,21373.42,21460.98,2177.89414,2022-07-10 02:00:00
1657419300000,21460.05,21489.64,21200.21,21214.2,3594.10961,2022-07-10 02:15:00
1657420200000,21214.19,21326.36,21091.81,21285.04,3772.76271,2022-07-10 02:30:00
1657421100000,21287.14,21336.42,21271.99,21311.11,2377.83181,2022-07-10 02:45:00
1657422000000,21310.01,21345.35,21269.4,21343.43,2640.14665,2022-07-10 03:00:00
1657422900000,21341.26,21347.81,21259.54,21284.92,2046.86597,2022-07-10 03:15:00
1657423800000,21283.55,21296.1,21227.25,21285.97,1947.93004,2022-07-10 03:30:00
1657424700000,21285.64,21317.87,21277.59,21294.98,1568.70763,2022-07-10 03:45:00
1657425600000,21295.76,21310.0,21163.18,21198.24,2675.93031,2022-07-10 04:00:00
1657426500000,21196.75,21248.36,21161.36,21236.23,1670.99268,2022-07-10 04:15:00
1657427400000,21236.23,21269.66,21175.94,21251.64,1815.49518,2022-07-10 04:30:00
1657428300000,21251.64,21305.0,21235.21,21276.18,1869.31931,2022-07-10 04:45:00
1657429200000,21276.98,21331.49,21266.62,21320.27,1970.99117,2022-07-10 05:00:00
1657430100000,21319.01,21328.06,21292.82,21311.05,1998.4654,2022-07-10 05:15:00
1657431000000,21312.53,21372.5,21297.65,21355.1,2077.3171,2022-07-10 05:30:00
1657431900000,21356.52,21373.48,21328.91,21358.75,1851.49323,2022-07-10 05:45:00
1657432800000,21360.14,21363.19,21273.69,21305.43,2136.0654,2022-07-10 06:00:00
1657433700000,21304.84,21322.78,21273.18,21308.76,1261.31366,2022-07-10 06:15:00
1657434600000,21308.76,21331.34,21270.49,21309.7,1464.04969,2022-07-10 06:30:00
1657435500000,21308.96,21333.0,21225.73,21295.65,1738.54087,2022-07-10 06:45:00
1657436400000,21297.28,21302.13,21245.15,21298.87,1537.16176,2022-07-10 07:00:00
1657437300000,21298.87,21300.33,21263.1,21297.05,1404.30689,2022-07-10 07:15:00
1657438200000,21297.05,21340.26,21276.79,21326.58,1804.40492,2022-07-10 07:30:00
1657439100000,21324.75,21360.58,21310.53,21338.12,1812.33284,2022-07-10 07:45:00
1657440000000,21339.46,21366.52,21313.16,21329.24,1686.32616,2022-07-10 08:00:00
1657440900000,21329.47,21424.67,21320.04,21348.41,2028.68269,2022-07-10 08:15:00
1657441800000,21348.41,21399.23,21292.52,21315.94,2425.92127,2022-07-10 08:30:00
1657442700000,21316.44,21343.94,21255.25,21324.16,1750.48104,2022-07-10 08:45:00
1657443600000,21325.36,21346.78,21313.74,21331.22,1589.13358,2022-07-10 09:00:00
1657444500000,21331.56,21354.97,21300.7,21308.14,1604.99568,2022-07-10 09:15:00
1657445400000,21306.32,21361.52,21286.0,21337.38,1493.44487,2022-07-10 09:30:00
1657446300000,21337.37,21358.52,21313.0,21325.0,1444.73867,2022-07-10 09:45:00
1657447200000,21326.13,21355.85,21317.59,21341.23,1680.17377,2022-07-10 10:00:00
1657448100000,21341.7,21353.05,21285.36,21307.17,1905.14499,2022-07-10 10:15:00
1657449000000,21307.17,21328.97,21283.22,21291.6,1750.63218,2022-07-10 10:30:00
1657449900000,21292.09,21295.71,21220.53,21277.09,2414.78651,2022-07-10 10:45:00
1657450800000,21277.09,21295.9,21226.0,21248.4,1564.13172,2022-07-10 11:00:00
1657451700000,21248.4,21263.63,21161.67,21211.4,2910.67309,2022-07-10 11:15:00
1657452600000,21211.4,21252.0,21194.13,21233.24,2151.36424,2022-07-10 11:30:00
1657453500000,21233.24,21304.96,21232.87,21301.84,1589.74971,2022-07-10 11:45:00
1657454400000,21301.84,21336.43,21287.06,21313.0,1834.90758,2022-07-10 12:00:00
1657455300000,21313.0,21345.14,21288.88,21301.92,1514.35006,2022-07-10 12:15:00
1657456200000,21301.0,21329.11,21290.06,21291.85,1652.30546,2022-07-10 12:30:00
1657457100000,21291.85,21309.61,21270.46,21307.22,1532.68118,2022-07-10 12:45:00
1657458000000,21307.23,21313.99,21235.61,21251.99,1601.88561,2022-07-10 13:00:00
1657458900000,21251.99,21255.1,21204.07,21218.59,1695.22804,2022-07-10 13:15:00
1657459800000,21218.58,21218.58,20951.01,21073.32,4832.82402,2022-07-10 13:30:00
1657460700000,21072.86,21083.77,21033.05,21080.0,2461.03045,2022-07-10 13:45:00
1657461600000,21078.97,21080.0,20958.94,20990.6,2879.29148,2022-07-10 14:00:00
1657462500000,20990.6,21058.59,20886.89,20950.65,2890.8038,2022-07-10 14:15:00
1657463400000,20951.33,20952.57,20839.0,20900.43,3381.31939,2022-07-10 14:30:00
1657464300000,20900.25,20922.21,20835.73,20865.63,3190.66389,2022-07-10 14:45:00
1657465200000,20863.92,20958.59,20839.23,20928.79,2389.66009,2022-07-10 15:00:00
1657466100000,20927.86,20979.76,20916.85,20939.07,2515.80149,2022-07-10 15:15:00
1657467000000,20940.16,20966.58,20876.54,20908.5,2134.73076,2022-07-10 15:30:00
1657467900000,20907.34,20937.52,20878.91,20899.76,1829.31773,2022-07-10 15:45:00
1657468800000,20898.44,20925.8,20655.0,20717.86,4226.73733,2022-07-10 16:00:00
1657469700000,20717.86,20821.3,20692.16,20776.64,2136.78763,2022-07-10 16:15:00
1657470600000,20776.64,20937.29,20774.87,20931.89,3006.31747,2022-07-10 16:30:00
1657471500000,20929.86,21052.47,20897.61,20932.35,2935.27059,2022-07-10 16:45:00
1657472400000,20932.35,20939.12,20879.42,20903.74,2020.83982,2022-07-10 17:00:00
1657473300000,20902.77,20932.41,20883.55,20907.7,1521.78898,2022-07-10 17:15:00
1657474200000,20907.7,20954.67,20891.52,20932.93,1727.65232,2022-07-10 17:30:00
1657475100000,20932.93,20945.36,20883.91,20902.05,1687.62449,2022-07-10 17:45:00
1657476000000,20902.05,20915.93,20838.77,20849.01,1781.63337,2022-07-10 18:00:00
1657476900000,20849.01,20867.02,20816.49,20824.64,1428.68003,2022-07-10 18:15:00
1657477800000,20823.05,20838.99,20757.33,20803.25,1683.66352,2022-07-10 18:30:00
1657478700000,20802.19,20870.79,20782.22,20844.81,1437.1526,2022-07-10 18:45:00
1657479600000,20844.82,20846.19,20731.86,20780.26,1530.84892,2022-07-10 19:00:00
1657480500000,20778.83,20807.32,20752.69,20784.8,1142.40034,2022-07-10 19:15:00
1657481400000,20784.8,20846.28,20772.11,20832.0,1478.53382,2022-07-10 19:30:00
1657482300000,20832.72,20929.34,20817.8,20920.54,1958.45119,2022-07-10 19:45:00
1657483200000,20921.4,20923.78,20827.71,20874.41,1749.75364,2022-07-10 20:00:00
1657484100000,20875.47,21022.08,20845.77,20970.84,2211.89784,2022-07-10 20:15:00
1657485000000,20970.84,20982.4,20925.83,20945.43,1653.55595,2022-07-10 20:30:00
1657485900000,20946.56,21000.0,20929.13,20987.27,1707.48041,2022-07-10 20:45:00
1657486800000,20987.27,21180.92,20963.92,21124.88,2406.22602,2022-07-10 21:00:00
1657487700000,21124.88,21170.24,21088.71,21139.39,744.90216,2022-07-10 21:15:00
1657488600000,21139.79,21139.79,21032.64,21092.28,492.40315,2022-07-10 21:30:00
1657489500000,21092.28,21095.21,21024.0,21038.24,742.55694,2022-07-10 21:45:00
1657490400000,21035.22,21038.92,20775.15,20834.85,2302.6275,2022-07-10 22:00:00
1657491300000,20834.85,20837.19,20698.9,20743.08,2269.92844,2022-07-10 22:15:00
1657492200000,20743.08,20862.07,20737.18,20827.69,2405.88866,2022-07-10 22:30:00
1657493100000,20827.69,20863.21,20812.55,20839.8,2440.07648,2022-07-10 22:45:00
1657494000000,20839.8,20847.62,20760.75,20781.98,1379.17084,2022-07-10 23:00:00
1657494900000,20781.98,20883.01,20772.76,20871.65,823.26311,2022-07-10 23:15:00
1657495800000,20871.65,20879.49,20816.77,20864.6,665.60084,2022-07-10 23:30:00
1657496700000,20862.87,20880.0,20839.93,20862.47,805.09671,2022-07-10 23:45:00
1657497600000,20861.11,20868.48,20753.77,20777.65,1863.13368,2022-07-11 00:00:00
1657498500000,20774.67,20787.6,20675.11,20716.8,1666.63028,2022-07-11 00:15:00
1657499400000,20714.18,20807.06,20698.0,20781.49,1099.56548,2022-07-11 00:30:00
1657500300000,20781.49,20833.42,20757.75,20809.56,1351.49589,2022-07-11 00:45:00
1657501200000,20812.8,20815.87,20745.45,20785.64,868.52745,2022-07-11 01:00:00
1657502100000,20785.64,20786.75,20518.43,20585.67,2513.78996,2022-07-11 01:15:00
1657503000000,20585.67,20604.34,20540.0,20594.98,1151.04602,2022-07-11 01:30:00
1657503900000,20597.55,20615.68,20528.96,20555.18,1127.93102,2022-07-11 01:45:00
1657504800000,20552.75,20556.78,20453.36,20492.2,2339.88171,2022-07-11 02:00:00
1657505700000,20492.21,20591.87,20466.19,20566.85,1301.94969,2022-07-11 02:15:00
1657506600000,20566.85,20599.44,20548.01,20579.05,920.52456,2022-07-11 02:30:00
1657507500000,20579.05,20595.25,20529.97,20548.82,877.39344,2022-07-11 02:45:00
1657508400000,20551.29,20657.03,20487.4,20625.11,2029.29542,2022-07-11 03:00:00
1657509300000,20625.11,20668.14,20593.08,20621.49,1290.82628,2022-07-11 03:15:00
1657510200000,20621.49,20651.86,20615.38,20629.98,666.03047,2022-07-11 03:30:00
1657511100000,20629.98,20634.69,20482.53,20540.69,2009.86421,2022-07-11 03:45:00
1657512000000,20540.68,20564.43,20495.71,20552.07,1209.30942,2022-07-11 04:00:00
1657512900000,20552.07,20606.11,20467.0,20476.82,1386.84698,2022-07-11 04:15:00
1657513800000,20476.82,20529.63,20425.0,20499.43,1477.3135,2022-07-11 04:30:00
1657514700000,20499.43,20558.89,20492.39,20527.84,1055.53918,2022-07-11 04:45:00
1657515600000,20528.71,20551.93,20468.0,20488.08,967.50343,2022-07-11 05:00:00
1657516500000,20490.3,20535.05,20480.75,20530.36,764.8083,2022-07-11 05:15:00
1657517400000,20530.36,20580.13,20520.4,20561.57,820.28378,2022-07-11 05:30:00
1657518300000,20563.86,20567.24,20472.19,20506.53,1143.8397,2022-07-11 05:45:00
1657519200000,20504.4,20525.25,20367.96,20381.28,2658.68538,2022-07-11 06:00:00
1657520100000,20382.79,20439.94,20353.72,20426.81,1248.25935,2022-07-11 06:15:00
1657521000000,20424.28,20451.6,20390.0,20422.88,1019.93238,2022-07-11 06:30:00
1657521900000,20421.34,20446.95,20376.62,20402.91,955.10483,2022-07-11 06:45:00
1657522800000,20402.91,20463.9,20381.52,20440.01,1347.61307,2022-07-11 07:00:00
1657523700000,20440.01,20478.79,20420.96,20441.73,1018.64749,2022-07-11 07:15:00
1657524600000,20441.73,20471.83,20422.88,20466.61,917.58233,2022-07-11 07:30:00
1657525500000,20466.06,20477.83,20430.92,20439.91,891.2679,2022-07-11 07:45:00
1657526400000,20439.17,20475.0,20411.56,20467.79,957.11267,2022-07-11 08:00:00
1657527300000,20467.79,20540.77,20466.25,20498.22,1497.86702,2022-07-11 08:15:00
1657528200000,20498.21,20546.36,20466.81,20505.3,1313.12469,2022-07-11 08:30:00
1657529100000,20507.63,20557.92,20490.68,20530.0,1032.09886,2022-07-11 08:45:00
1657530000000,20530.0,20602.73,20513.3,20594.42,1372.96456,2022-07-11 09:00:00
1657530900000,20594.42,20626.78,20543.5,20560.2,1375.76025,2022-07-11 09:15:00
1657531800000,20558.28,20583.34,20524.83,20539.22,1049.80818,2022-07-11 09:30:00
1657532700000,20537.0,20560.11,20501.17,20552.02,1026.22842,2022-07-11 09:45:00
1657533600000,20549.18,20577.49,20524.06,20557.31,1779.80932,2022-07-11 10:00:00
1657534500000,20557.32,20611.35,20543.89,20586.18,1387.42248,2022-07-11 10:15:00
1657535400000,20586.18,20598.49,20568.21,20592.84,848.10926,2022-07-11 10:30:00
1657536300000,20592.84,20632.59,20511.19,20533.0,1355.30037,2022-07-11 10:45:00
1657537200000,20533.0,20566.61,20517.41,20560.89,902.91164,2022-07-11 11:00:00
1657538100000,20559.51,20584.56,20524.68,20527.02,788.33467,2022-07-11 11:15:00
1657539000000,20527.02,20562.28,20444.12,20480.72,1400.71826,2022-07-11 11:30:00
1657539900000,20480.72,20490.0,20426.39,20473.06,1221.63142,2022-07-11 11:45:00
1657540800000,20474.55,20479.43,20416.11,20454.01,1203.09179,2022-07-11 12:00:00
1657541700000,20456.04,20524.38,20441.27,20507.41,1128.78287,2022-07-11 12:15:00
1657542600000,20508.24,20584.24,20503.66,20567.67,1234.88514,2022-07-11 12:30:00
1657543500000,20567.67,20617.48,20531.57,20587.68,1592.96392,2022-07-11 12:45:00
1657544400000,20587.68,20610.0,20543.3,20548.26,1289.3299,2022-07-11 13:00:00
1657545300000,20547.03,20607.08,20541.42,20555.19,1068.22093,2022-07-11 13:15:00
1657546200000,20555.19,20762.02,20462.72,20526.19,4413.87991,2022-07-11 13:30:00
1657547100000,20522.73,20526.69,20271.1,20373.4,5095.48533,2022-07-11 13:45:00
1657548000000,20377.32,20488.14,20285.54,20423.72,2580.80596,2022-07-11 14:00:00
1657548900000,20423.72,20447.94,20345.09,20387.56,1782.83483,2022-07-11 14:15:00
1657549800000,20390.43,20471.5,20381.53,20454.98,1413.93996,2022-07-11 14:30:00
1657550700000,20454.98,20488.99,20385.0,20387.23,1392.70697,2022-07-11 14:45:00
1657551600000,20387.23,20417.4,20360.0,20378.84,1392.90878,2022-07-11 15:00:00
1657552500000,20378.84,20412.0,20363.67,20397.95,1160.07349,2022-07-11 15:15:00
1657553400000,20398.18,20468.0,20385.0,20433.14,1295.54516,2022-07-11 15:30:00
1657554300000,20433.14,20452.6,20381.28,20437.44,1127.02629,2022-07-11 15:45:00
1657555200000,20440.0,20458.92,20411.06,20440.51,1087.72575,2022-07-11 16:00:00
1657556100000,20442.51,20492.13,20412.81,20462.07,1055.72817,2022-07-11 16:15:00
1657557000000,20462.07,20520.89,20440.6,20479.93,1437.00359,2022-07-11 16:30:00
1657557900000,20479.93,20481.0,20400.0,20418.96,1076.66487,2022-07-11 16:45:00
1657558800000,20420.61,20568.63,20414.47,20543.23,1471.66478,2022-07-11 17:00:00
1657559700000,20543.23,20645.54,20525.01,20591.32,1827.32901,2022-07-11 17:15:00
1657560600000,20588.68,20653.27,20583.68,20603.29,1508.26816,2022-07-11 17:30:00
1657561500000,20601.24,20647.76,20599.48,20616.23,1116.40088,2022-07-11 17:45:00
1657562400000,20616.23,20623.72,20563.83,20586.15,1557.24897,2022-07-11 18:00:00
1657563300000,20586.15,20597.98,20553.73,20569.07,1016.57126,2022-07-11 18:15:00
1657564200000,20571.62,20716.29,20567.96,20663.82,1573.26736,2022-07-11 18:30:00
1657565100000,20661.91,20692.09,20566.54,20569.36,1211.213,2022-07-11 18:45:00
1657566000000,20568.7,20591.59,20482.99,20503.38,1685.89315,2022-07-11 19:00:00
1657566900000,20503.38,20520.0,20420.0,20473.79,1412.48806,2022-07-11 19:15:00
1657567800000,20473.79,20540.68,20452.94,20506.74,1241.99368,2022-07-11 19:30:00
1657568700000,20506.74,20525.0,20469.01,20509.47,1103.99971,2022-07-11 19:45:00
1657569600000,20509.47,20565.05,20498.35,20548.34,1099.60809,2022-07-11 20:00:00
1657570500000,20548.34,20550.39,20438.66,20482.14,1141.79972,2022-07-11 20:15:00
1657571400000,20483.37,20493.88,20437.02,20475.45,889.61056,2022-07-11 20:30:00
1657572300000,20475.45,20482.63,20390.92,20431.78,1099.25758,2022-07-11 20:45:00
1657573200000,20434.33,20441.75,20365.17,20403.14,1073.64704,2022-07-11 21:00:00
1657574100000,20403.06,20425.64,20329.64,20353.43,756.88943,2022-07-11 21:15:00
1657575000000,20353.43,20382.31,20304.33,20328.08,570.67699,2022-07-11 21:30:00
1657575900000,20329.48,20349.99,20154.01,20239.38,1926.37368,2022-07-11 21:45:00
1657576800000,20239.42,20242.58,20082.0,20113.41,3195.42239,2022-07-11 22:00:00
1657577700000,20113.41,20181.72,20063.01,20109.07,2236.88274,2022-07-11 22:15:00
1657578600000,20111.09,20128.47,20037.0,20047.47,1961.99417,2022-07-11 22:30:00
1657579500000,20050.05,20084.74,19961.8,20007.25,3151.22399,2022-07-11 22:45:00
1657580400000,20007.25,20030.28,19875.23,20013.41,2414.3162,2022-07-11 23:00:00
1657581300000,20013.41,20028.72,19943.14,19995.42,1277.67969,2022-07-11 23:15:00
1657582200000,19995.42,20043.99,19946.9,20009.11,1491.14782,2022-07-11 23:30:00
1657583100000,20009.75,20055.22,19933.25,19963.61,1423.31087,2022-07-11 23:45:00
1657584000000,19963.61,20006.54,19925.61,19988.03,1843.74522,2022-07-12 00:00:00
1657584900000,19988.03,20004.42,19836.56,19879.08,2025.86421,2022-07-12 00:15:00
1657585800000,19879.08,19883.33,19811.06,19836.96,1616.47601,2022-07-12 00:30:00
1657586700000,19839.23,19914.14,19786.46,19809.84,1831.77675,2022-07-12 00:45:00
1657587600000,19812.93,19893.0,19802.18,19889.64,1348.93866,2022-07-12 01:00:00
1657588500000,19892.4,19910.0,19853.35,19878.67,1000.05389,2022-07-12 01:15:00
1657589400000,19876.27,19956.16,19875.85,19940.46,1285.31691,2022-07-12 01:30:00
1657590300000,19940.46,19951.59,19862.27,19890.34,1057.93285,2022-07-12 01:45:00
1657591200000,19890.47,19941.61,19882.72,19927.31,920.32442,2022-07-12 02:00:00
1657592100000,19927.8,19986.82,19916.12,19950.88,943.35923,2022-07-12 02:15:00
1657593000000,19950.88,19979.72,19925.8,19945.13,1013.0673,2022-07-12 02:30:00
1657593900000,19945.13,19986.84,19940.01,19971.06,750.48411,2022-07-12 02:45:00
1657594800000,19971.06,19976.8,19891.93,19926.65,1220.95084,2022-07-12 03:00:00
1657595700000,19926.65,19941.92,19877.06,19914.82,935.69912,2022-07-12 03:15:00
1657596600000,19914.82,19941.91,19891.97,19937.5,693.85845,2022-07-12 03:30:00
1657597500000,19939.59,19950.0,19920.65,19942.33,685.26778,2022-07-12 03:45:00
1657598400000,19942.33,19975.0,19927.76,19968.77,644.67037,2022-07-12 04:00:00
1657599300000,19970.19,20028.96,19962.53,20002.4,1134.87341,2022-07-12 04:15:00
1657600200000,20002.4,20037.98,19971.42,20012.17,919.65021,2022-07-12 04:30:00
1657601100000,20010.39,20024.4,19989.76,20004.57,683.298,2022-07-12 04:45:00
1657602000000,20004.57,20023.99,19983.57,20012.74,861.86354,2022-07-12 05:00:00
1657602900000,20010.69,20056.56,19993.0,20044.31,873.86661,2022-07-12 05:15:00
1657603800000,20044.31,20053.03,20020.09,20047.68,807.25006,2022-07-12 05:30:00
1657604700000,20047.68,20059.42,19948.5,19956.82,1189.07628,2022-07-12 05:45:00
1657605600000,19954.48,19956.82,19837.6,19894.97,2114.84468,2022-07-12 06:00:00
1657606500000,19894.97,19938.04,19874.88,19881.72,1101.91638,2022-07-12 06:15:00
1657607400000,19882.6,19923.42,19847.36,19896.84,1366.2222,2022-07-12 06:30:00
1657608300000,19896.84,19901.45,19802.15,19847.14,1761.15959,2022-07-12 06:45:00
1657609200000,19847.14,19871.24,19662.35,19694.33,4587.92185,2022-07-12 07:00:00
1657610100000,19694.33,19726.53,19620.0,19663.76,3534.34035,2022-07-12 07:15:00
1657611000000,19664.79,19748.04,19638.42,19727.42,1926.65994,2022-07-12 07:30:00
1657611900000,19727.42,19771.09,19704.16,19730.99,1601.65389,2022-07-12 07:45:00
1657612800000,19731.0,19819.34,19704.45,19741.96,2087.51308,2022-07-12 08:00:00
1657613700000,19742.25,19745.34,19665.67,19721.75,1749.14978,2022-07-12 08:15:00
1657614600000,19721.75,19787.03,19710.03,19783.05,1352.08569,2022-07-12 08:30:00
1657615500000,19783.05,19795.56,19751.66,19772.21,1089.5102,2022-07-12 08:45:00
1657616400000,19770.32,19807.26,19755.8,19774.35,1209.09247,2022-07-12 09:00:00
1657617300000,19774.35,19797.84,19718.91,19749.86,1200.69274,2022-07-12 09:15:00
1657618200000,19749.86,19751.25,19558.12,19630.46,3302.63131,2022-07-12 09:30:00
1657619100000,19632.99,19663.31,19574.69,19603.42,1450.00634,2022-07-12 09:45:00
1657620000000,19601.29,19720.5,19601.22,19682.41,1276.95851,2022-07-12 10:00:00
1657620900000,19683.81,19715.12,19667.13,19682.04,949.98148,2022-07-12 10:15:00
1657621800000,19680.33,19708.12,19631.01,19666.46,1039.55215,2022-07-12 10:30:00
1657622700000,19666.21,19717.99,19594.09,19619.36,1598.66787,2022-07-12 10:45:00
1657623600000,19617.79,19707.07,19598.01,19692.81,1246.68754,2022-07-12 11:00:00
1657624500000,19692.81,19794.99,19682.69,19774.98,2011.03214,2022-07-12 11:15:00
1657625400000,19774.98,19836.6,19754.3,19798.32,2141.18947,2022-07-12 11:30:00
1657626300000,19798.32,19815.67,19765.0,19773.9,1058.09138,2022-07-12 11:45:00
1657627200000,19775.56,19859.13,19770.0,19813.04,1341.17553,2022-07-12 12:00:00
1657628100000,19813.04,19968.0,19804.1,19907.11,2331.80389,2022-07-12 12:15:00
1657629000000,19907.11,19936.95,19863.56,19914.72,1200.87512,2022-07-12 12:30:00
1657629900000,19916.44,19926.88,19852.46,19874.12,1188.53359,2022-07-12 12:45:00
1657630800000,19874.12,19948.41,19850.0,19909.16,1711.27929,2022-07-12 13:00:00
1657631700000,19907.5,19940.79,19836.15,19875.99,1237.97353,2022-07-12 13:15:00
1657632600000,19875.99,20010.0,19820.0,19901.65,3253.35895,2022-07-12 13:30:00
1657633500000,19901.65,19918.57,19765.01,19784.54,1973.4169,2022-07-12 13:45:00
1657634400000,19784.54,19823.26,19695.3,19813.16,2250.84998,2022-07-12 14:00:00
1657635300000,19815.85,19885.99,19773.26,19792.15,1736.00852,2022-07-12 14:15:00
1657636200000,19790.38,19879.43,19786.09,19877.82,1320.32292,2022-07-12 14:30:00
1657637100000,19876.55,19939.27,19845.0,19918.24,1400.2694,2022-07-12 14:45:00
1657638000000,19916.46,19999.0,19904.7,19957.01,1554.98706,2022-07-12 15:00:00
1657638900000,19953.35,19960.06,19886.78,19944.66,1159.09601,2022-07-12 15:15:00
1657639800000,19944.66,19971.42,19867.75,19883.92,1324.48367,2022-07-12 15:30:00
1657640700000,19882.28,19943.23,19859.0,19886.33,1014.71219,2022-07-12 15:45:00
1657641600000,19886.33,19959.0,19880.0,19922.8,1393.61104,2022-07-12 16:00:00
1657642500000,19924.21,19980.0,19916.93,19945.7,846.71943,2022-07-12 16:15:00
1657643400000,19943.93,20007.23,19920.17,19956.0,1087.22107,2022-07-12 16:30:00
1657644300000,19956.0,19961.53,19892.24,19903.57,1126.13837,2022-07-12 16:45:00
1657645200000,19901.87,19926.98,19848.18,19875.57,1199.794,2022-07-12 17:00:00
1657646100000,19877.31,19893.89,19823.1,19851.26,947.62195,2022-07-12 17:15:00
1657647000000,19853.24,19893.63,19831.45,19871.68,789.60526,2022-07-12 17:30:00
1657647900000,19871.68,19902.45,19849.01,19878.25,701.06207,2022-07-12 17:45:00
1657648800000,19879.21,19890.65,19760.0,19839.15,1183.61414,2022-07-12 18:00:00
1657649700000,19839.15,19861.63,19795.0,19814.94,790.42856,2022-07-12 18:15:00
1657650600000,19814.94,19826.58,19774.87,19798.86,995.44946,2022-07-12 18:30:00
1657651500000,19797.22,19819.11,19702.41,19731.18,962.11544,2022-07-12 18:45:00
1657652400000,19730.73,19732.5,19581.9,19635.69,2207.58568,2022-07-12 19:00:00
1657653300000,19635.69,19639.86,19344.4,19389.09,4631.16227,2022-07-12 19:15:00
1657654200000,19389.09,19449.69,19278.0,19424.04,2826.26956,2022-07-12 19:30:00
1657655100000,19421.56,19558.0,19390.8,19398.74,2520.63809,2022-07-12 19:45:00
1657656000000,19398.74,19497.0,19380.63,19482.06,1568.8021,2022-07-12 20:00:00
1657656900000,19482.06,19516.88,19434.0,19500.84,1277.41782,2022-07-12 20:15:00
1657657800000,19502.75,19555.0,19468.44,19472.55,1407.11938,2022-07-12 20:30:00
1657658700000,19472.56,19475.5,19379.07,19461.99,1332.35028,2022-07-12 20:45:00
1657659600000,19460.56,19516.62,19411.53,19484.66,894.73928,2022-07-12 21:00:00
1657660500000,19484.66,19528.0,19455.46,19500.12,654.68761,2022-07-12 21:15:00
1657661400000,19500.3,19500.95,19421.71,19427.77,370.41179,2022-07-12 21:30:00
1657662300000,19427.77,19470.41,19345.0,19349.5,615.08392,2022-07-12 21:45:00
1657663200000,19348.59,19419.71,19240.0,19371.9,2199.78602,2022-07-12 22:00:00
1657664100000,19371.9,19463.46,19325.6,19456.84,1768.91012,2022-07-12 22:15:00
1657665000000,19454.78,19479.99,19416.48,19418.17,1175.38658,2022-07-12 22:30:00
1657665900000,19418.17,19437.59,19338.05,19375.37,1224.48475,2022-07-12 22:45:00
1657666800000,19377.18,19451.33,19336.72,19408.52,1473.48718,2022-07-12 23:00:00
1657667700000,19408.52,19448.71,19357.15,19366.92,1151.56963,2022-07-12 23:15:00
1657668600000,19366.17,19426.13,19353.23,19383.44,1145.58173,2022-07-12 23:30:00
1657669500000,19381.74,19413.69,19253.37,19328.75,1993.23223,2022-07-12 23:45:00
1657670400000,19331.28,19354.81,19265.4,19335.47,2026.31758,2022-07-13 00:00:00
1657671300000,19335.48,19375.27,19293.26,19347.33,1463.38653,2022-07-13 00:15:00
1657672200000,19345.57,19450.02,19330.0,19432.84,1771.16516,2022-07-13 00:30:00
1657673100000,19430.96,19435.63,19395.15,19428.23,910.68596,2022-07-13 00:45:00
1657674000000,19428.23,19478.0,19405.0,19447.49,1230.21309,2022-07-13 01:00:00
1657674900000,19447.49,19453.71,19378.37,19395.11,1048.89543,2022-07-13 01:15:00
1657675800000,19393.9,19435.21,19387.52,19395.89,1014.18192,2022-07-13 01:30:00
1657676700000,19395.89,19462.61,19391.1,19427.28,867.78008,2022-07-13 01:45:00
1657677600000,19429.2,19545.0,19427.03,19501.52,1840.38178,2022-07-13 02:00:00
1657678500000,19501.52,19529.3,19478.44,19479.68,995.34389,2022-07-13 02:15:00
1657679400000,19480.76,19518.56,19478.37,19498.31,1071.78452,2022-07-13 02:30:00
1657680300000,19498.31,19526.29,19479.27,19506.34,1079.5566,2022-07-13 02:45:00
1657681200000,19506.35,19582.51,19502.88,19538.77,1207.64147,2022-07-13 03:00:00
1657682100000,19538.77,19544.69,19493.6,19518.99,1117.71084,2022-07-13 03:15:00
1657683000000,19520.3,19538.0,19460.0,19476.73,1050.9762,2022-07-13 03:30:00
1657683900000,19476.73,19489.75,19463.54,19473.68,637.99846,2022-07-13 03:45:00
1657684800000,19473.68,19511.06,19468.19,19499.81,767.17154,2022-07-13 04:00:00
1657685700000,19498.73,19524.7,19493.71,19501.96,607.47791,2022-07-13 04:15:00
1657686600000,19501.96,19507.93,19438.75,19442.79,830.70765,2022-07-13 04:30:00
1657687500000,19442.79,19500.0,19420.0,19480.61,940.17404,2022-07-13 04:45:00
1657688400000,19480.61,19495.58,19457.42,19473.96,589.20741,2022-07-13 05:00:00
1657689300000,19473.92,19522.39,19442.96,19503.95,926.3681,2022-07-13 05:15:00
1657690200000,19503.95,19573.26,19483.72,19534.57,1282.83215,2022-07-13 05:30:00
1657691100000,19534.57,19581.45,19510.29,19520.0,895.7362,2022-07-13 05:45:00
1657692000000,19518.92,19532.17,19491.89,19499.03,715.48102,2022-07-13 06:00:00
1657692900000,19499.03,19499.94,19469.84,19480.32,861.70335,2022-07-13 06:15:00
1657693800000,19482.21,19547.11,19471.44,19528.24,879.45659,2022-07-13 06:30:00
1657694700000,19526.39,19557.37,19507.28,19547.22,976.42081,2022-07-13 06:45:00
1657695600000,19547.22,19567.94,19518.37,19523.4,1072.43917,2022-07-13 07:00:00
1657696500000,19523.4,19537.66,19495.0,19513.59,915.35351,2022-07-13 07:15:00
1657697400000,19514.06,19875.0,19490.41,19691.84,3927.49179,2022-07-13 07:30:00
1657698300000,19689.34,19773.25,19647.1,19705.25,2710.45768,2022-07-13 07:45:00
1657699200000,19707.06,19780.0,19670.02,19692.63,1887.28252,2022-07-13 08:00:00
1657700100000,19692.63,19830.34,19670.99,19795.24,1764.19561,2022-07-13 08:15:00
1657701000000,19795.24,19930.0,19779.18,19878.51,3301.22015,2022-07-13 08:30:00
1657701900000,19875.96,19913.79,19816.29,19853.92,1947.2853,2022-07-13 08:45:00
1657702800000,19851.96,19882.61,19797.6,19877.22,1500.56769,2022-07-13 09:00:00
1657703700000,19879.17,19899.64,19848.27,19891.72,1127.14118,2022-07-13 09:15:00
1657704600000,19894.21,19898.38,19778.87,19795.69,1612.35254,2022-07-13 09:30:00
1657705500000,19793.91,19819.72,19769.07,19810.0,911.68045,2022-07-13 09:45:00
1657706400000,19807.77,19818.42,19747.45,19787.31,1124.58761,2022-07-13 10:00:00
1657707300000,19788.99,19796.39,19731.19,19743.28,1199.89891,2022-07-13 10:15:00
1657708200000,19744.66,19806.7,19702.0,19784.46,1413.98089,2022-07-13 10:30:00
1657709100000,19783.56,19797.83,19750.0,19788.37,779.58218,2022-07-13 10:45:00
1657710000000,19787.96,19841.24,19755.52,19802.35,1084.05056,2022-07-13 11:00:00
1657710900000,19802.35,19815.46,19763.16,19802.79,1433.95982,2022-07-13 11:15:00
1657711800000,19803.75,19862.0,19787.0,19826.1,1354.4871,2022-07-13 11:30:00
1657712700000,19826.1,19888.44,19793.58,19843.89,1659.84719,2022-07-13 11:45:00
1657713600000,19845.33,19873.21,19727.55,19748.41,1764.79264,2022-07-13 12:00:00
1657714500000,19751.55,20128.39,19682.86,20055.09,5100.01649,2022-07-13 12:15:00
1657715400000,20055.09,20064.23,18910.94,19157.86,16295.84553,2022-07-13 12:30:00
1657716300000,19157.86,19253.02,19045.59,19165.01,6363.45464,2022-07-13 12:45:00
1657717200000,19165.01,19236.73,19119.49,19175.98,3582.61118,2022-07-13 13:00:00
1657718100000,19173.88,19204.94,18980.95,19039.03,3708.60885,2022-07-13 13:15:00
1657719000000,19039.02,19350.07,18917.26,19207.29,8002.97196,2022-07-13 13:30:00
1657719900000,19204.64,19344.34,19155.0,19293.33,5262.53456,2022-07-13 13:45:00
1657720800000,19294.0,19391.94,19232.64,19305.17,3762.49065,2022-07-13 14:00:00
1657721700000,19308.1,19323.06,19194.66,19250.74,2610.41464,2022-07-13 14:15:00
1657722600000,19250.75,19577.31,19227.46,19545.55,5431.93952,2022-07-13 14:30:00
1657723500000,19545.7,19688.0,19498.37,19574.57,6253.74259,2022-07-13 14:45:00
1657724400000,19574.57,19699.0,19541.67,19646.94,3638.73906,2022-07-13 15:00:00
1657725300000,19645.78,19657.14,19482.89,19498.21,2759.77869,2022-07-13 15:15:00
1657726200000,19498.2,19535.0,19396.0,19414.37,3485.54846,2022-07-13 15:30:00
1657727100000,19414.37,19506.88,19384.73,19456.2,2033.47021,2022-07-13 15:45:00
1657728000000,19454.99,19479.07,19357.33,19366.49,2394.28821,2022-07-13 16:00:00
1657728900000,19369.57,19380.0,19230.0,19372.1,4500.68593,2022-07-13 16:15:00
1657729800000,19372.1,19476.16,19359.57,19475.54,2468.27818,2022-07-13 16:30:00
1657730700000,19473.6,19640.0,19426.49,19631.78,3059.88452,2022-07-13 16:45:00
1657731600000,19631.78,20046.15,19618.22,19880.01,7022.47779,2022-07-13 17:00:00
1657732500000,19880.01,19887.67,19753.85,19841.13,2642.52631,2022-07-13 17:15:00
1657733400000,19841.13,19956.99,19753.84,19941.93,2410.80372,2022-07-13 17:30:00
1657734300000,19943.7,19954.23,19824.16,19884.07,2158.11136,2022-07-13 17:45:00
1657735200000,19882.94,19893.43,19700.37,19755.81,2786.26019,2022-07-13 18:00:00
1657736100000,19755.8,19789.7,19676.18,19777.06,1837.14615,2022-07-13 18:15:00
1657737000000,19779.64,19847.09,19736.51,19812.1,1640.4159,2022-07-13 18:30:00
1657737900000,19812.1,19873.63,19762.17,19845.02,1646.8873,2022-07-13 18:45:00
1657738800000,19846.67,19870.27,19747.08,19809.39,1583.32085,2022-07-13 19:00:00
1657739700000,19812.23,19814.16,19730.0,19745.93,1136.53992,2022-07-13 19:15:00
1657740600000,19745.93,19755.57,19633.34,19637.61,1875.83916,2022-07-13 19:30:00
1657741500000,19637.61,19694.53,19636.82,19652.15,1473.48983,2022-07-13 19:45:00
1657742400000,19652.15,19761.43,19645.21,19706.93,1499.80515,2022-07-13 20:00:00
1657743300000,19708.82,19709.95,19584.37,19616.78,1260.44574,2022-07-13 20:15:00
1657744200000,19613.4,19684.0,19604.17,19668.05,868.22694,2022-07-13 20:30:00
1657745100000,19669.58,19691.53,19631.94,19670.02,872.72064,2022-07-13 20:45:00
1657746000000,19670.02,19820.0,19646.24,19723.22,1321.56111,2022-07-13 21:00:00
1657746900000,19723.22,19809.49,19705.2,19804.54,758.54318,2022-07-13 21:15:00
1657747800000,19805.47,19939.0,19767.84,19894.59,929.10955,2022-07-13 21:30:00
1657748700000,19894.59,19958.0,19844.21,19923.51,1525.87423,2022-07-13 21:45:00
1657749600000,19925.05,20030.67,19850.0,19904.6,2201.14882,2022-07-13 22:00:00
1657750500000,19904.6,19963.99,19874.79,19887.62,1389.62643,2022-07-13 22:15:00
1657751400000,19885.01,19938.54,19828.96,19838.97,1474.43111,2022-07-13 22:30:00
1657752300000,19838.97,19879.1,19828.71,19846.97,1188.50433,2022-07-13 22:45:00
1657753200000,19845.41,19977.91,19835.15,19971.69,1421.06289,2022-07-13 23:00:00
1657754100000,19971.69,20366.61,19965.96,20084.98,5136.58892,2022-07-13 23:15:00
1657755000000,20084.98,20206.18,20081.72,20190.05,2364.55438,2022-07-13 23:30:00
1657755900000,20192.6,20297.42,20140.75,20234.87,2009.51234,2022-07-13 23:45:00
1657756800000,20234.87,20430.76,20203.66,20298.52,3006.98469,2022-07-14 00:00:00
1657757700000,20298.52,20345.79,20164.06,20176.06,1766.97402,2022-07-14 00:15:00
1657758600000,20173.65,20295.0,20173.65,20259.28,1923.68066,2022-07-14 00:30:00
1657759500000,20259.28,20387.9,20257.67,20306.05,1809.83789,2022-07-14 00:45:00
1657760400000,20304.55,20347.99,20242.76,20339.5,1619.89143,2022-07-14 01:00:00
1657761300000,20341.62,20435.72,20268.9,20284.01,2828.23711,2022-07-14 01:15:00
1657762200000,20281.72,20289.1,20235.2,20257.9,1247.76028,2022-07-14 01:30:00
1657763100000,20258.59,20301.78,20226.64,20277.84,1155.40716,2022-07-14 01:45:00
1657764000000,20277.84,20293.99,20216.83,20222.29,1162.4096,2022-07-14 02:00:00
1657764900000,20222.29,20256.74,20220.58,20243.67,1008.97655,2022-07-14 02:15:00
1657765800000,20243.67,20312.95,20228.19,20239.52,1367.9239,2022-07-14 02:30:00
1657766700000,20239.52,20261.72,20180.21,20257.1,1479.94135,2022-07-14 02:45:00
1657767600000,20258.77,20348.72,20247.55,20301.99,1624.02594,2022-07-14 03:00:00
1657768500000,20303.26,20376.73,20267.0,20294.88,1253.83775,2022-07-14 03:15:00
1657769400000,20293.04,20310.0,20228.43,20267.44,1287.38547,2022-07-14 03:30:00
1657770300000,20268.48,20270.51,20205.39,20224.24,1137.51441,2022-07-14 03:45:00
1657771200000,20224.24,20256.56,20201.97,20254.44,903.16239,2022-07-14 04:00:00
1657772100000,20254.44,20276.9,20118.32,20155.99,1964.80582,2022-07-14 04:15:00
1657773000000,20152.78,20189.82,20106.76,20128.5,1853.00279,2022-07-14 04:30:00
1657773900000,20128.5,20167.54,20057.31,20083.01,2294.78053,2022-07-14 04:45:00
1657774800000,20083.01,20150.19,20064.17,20115.77,1494.29662,2022-07-14 05:00:00
1657775700000,20115.76,20187.02,20113.34,20169.81,1210.1825,2022-07-14 05:15:00
1657776600000,20169.81,20218.77,20146.66,20151.61,1021.4118,2022-07-14 05:30:00
1657777500000,20150.41,20152.02,20048.99,20114.33,1413.16103,2022-07-14 05:45:00
1657778400000,20116.44,20149.83,20076.14,20097.0,1127.64634,2022-07-14 06:00:00
1657779300000,20098.67,20129.81,19983.75,20005.0,1474.18572,2022-07-14 06:15:00
1657780200000,20001.73,20045.11,19894.76,20000.75,2709.14504,2022-07-14 06:30:00
1657781100000,19998.08,20064.88,19998.07,20023.69,1472.96273,2022-07-14 06:45:00
1657782000000,20026.25,20052.06,19923.56,19971.54,1678.67478,2022-07-14 07:00:00
1657782900000,19973.82,20028.86,19962.25,19986.48,1214.30087,2022-07-14 07:15:00
1657783800000,19988.67,20020.87,19929.14,19971.63,1343.70018,2022-07-14 07:30:00
1657784700000,19971.63,20008.48,19950.0,19990.72,1061.9041,2022-07-14 07:45:00
1657785600000,19990.72,20057.03,19945.62,20013.42,1534.35889,2022-07-14 08:00:00
1657786500000,20013.42,20026.57,19960.26,19968.72,1426.1328,2022-07-14 08:15:00
1657787400000,19968.71,19988.81,19836.98,19845.75,2132.62436,2022-07-14 08:30:00
1657788300000,19843.36,19879.0,19737.33,19764.62,2684.42975,2022-07-14 08:45:00
1657789200000,19764.62,19797.07,19719.34,19770.39,1550.06201,2022-07-14 09:00:00
1657790100000,19770.39,19818.35,19747.12,19748.62,1456.0319,2022-07-14 09:15:00
1657791000000,19747.25,19798.15,19678.26,19794.56,2221.47521,2022-07-14 09:30:00
1657791900000,19794.55,19839.65,19760.33,19823.11,2719.0776,2022-07-14 09:45:00
1657792800000,19822.54,19847.27,19780.0,19807.73,2071.75418,2022-07-14 10:00:00
1657793700000,19807.73,19830.0,19754.81,19797.52,1420.72239,2022-07-14 10:15:00
1657794600000,19799.96,19852.41,19770.0,19827.66,1278.68266,2022-07-14 10:30:00
1657795500000,19826.32,19851.37,19732.08,19781.13,1639.89561,2022-07-14 10:45:00
1657796400000,19779.2,19808.75,19705.78,19733.23,1420.25634,2022-07-14 11:00:00
1657797300000,19731.61,19797.01,19681.12,19703.29,1873.44848,2022-07-14 11:15:00
1657798200000,19703.29,19767.54,19635.22,19734.66,2368.06932,2022-07-14 11:30:00
1657799100000,19734.67,19781.8,19711.19,19738.13,1243.77916,2022-07-14 11:45:00
1657800000000,19738.13,19795.0,19688.46,19775.27,1831.61831,2022-07-14 12:00:00
1657800900000,19775.27,19823.27,19700.12,19730.15,1880.02451,2022-07-14 12:15:00
1657801800000,19730.15,19878.92,19616.07,19798.07,3794.86414,2022-07-14 12:30:00
1657802700000,19798.07,19824.94,19752.41,19783.6,1134.9888,2022-07-14 12:45:00
1657803600000,19782.16,19822.64,19706.77,19741.25,1319.04286,2022-07-14 13:00:00
1657804500000,19742.5,19777.81,19710.0,19717.42,1283.12946,2022-07-14 13:15:00
1657805400000,19715.38,19812.0,19645.8,19689.73,3150.71642,2022-07-14 13:30:00
1657806300000,19690.77,19820.3,19686.69,19762.87,2378.46085,2022-07-14 13:45:00
1657807200000,19765.35,19776.22,19671.91,19749.34,1730.63652,2022-07-14 14:00:00
1657808100000,19751.6,19766.82,19692.08,19744.18,1351.61716,2022-07-14 14:15:00
1657809000000,19746.57,19816.75,19694.2,19782.33,1695.65164,2022-07-14 14:30:00
1657809900000,19782.25,19957.35,19771.61,19893.58,2816.65665,2022-07-14 14:45:00
1657810800000,19895.57,20102.12,19893.46,20037.86,3493.19197,2022-07-14 15:00:00
1657811700000,20037.86,20198.0,20025.0,20142.66,3786.60002,2022-07-14 15:15:00
1657812600000,20142.66,20389.0,20063.6,20318.34,4816.47208,2022-07-14 15:30:00
1657813500000,20320.33,20466.0,20288.0,20390.5,5083.24862,2022-07-14 15:45:00
1657814400000,20390.0,20485.92,20267.45,20327.48,3864.56128,2022-07-14 16:00:00
1657815300000,20329.98,20370.0,20238.62,20255.68,2839.22862,2022-07-14 16:15:00
1657816200000,20254.13,20357.12,20229.0,20286.62,1836.21405,2022-07-14 16:30:00
1657817100000,20286.62,20318.4,20143.96,20223.21,2400.07098,2022-07-14 16:45:00
1657818000000,20220.75,20298.0,20187.73,20273.74,1946.70245,2022-07-14 17:00:00
1657818900000,20272.92,20621.55,20267.07,20598.83,4943.86803,2022-07-14 17:15:00
1657819800000,20596.23,20660.15,20495.86,20526.78,2891.17418,2022-07-14 17:30:00
1657820700000,20527.18,20786.12,20501.66,20738.17,3830.56179,2022-07-14 17:45:00
1657821600000,20738.17,20789.46,20637.01,20697.24,2752.13053,2022-07-14 18:00:00
1657822500000,20697.24,20739.32,20625.19,20695.12,1693.51642,2022-07-14 18:15:00
1657823400000,20697.91,20723.7,20645.03,20679.35,1249.24892,2022-07-14 18:30:00
1657824300000,20679.35,20729.69,20678.33,20695.7,1041.09033,2022-07-14 18:45:00
1657825200000,20695.7,20774.91,20642.32,20702.13,1952.19272,2022-07-14 19:00:00
1657826100000,20699.3,20791.58,20652.01,20779.44,1283.41392,2022-07-14 19:15:00
1657827000000,20782.05,20900.0,20666.66,20667.01,2617.90817,2022-07-14 19:30:00
1657827900000,20667.79,20694.71,20587.43,20605.75,1499.95034,2022-07-14 19:45:00
1657828800000,20608.36,20661.44,20520.9,20564.6,1878.23438,2022-07-14 20:00:00
1657829700000,20562.1,20680.0,20550.51,20650.96,1162.11459,2022-07-14 20:15:00
1657830600000,20652.15,20684.01,20588.21,20667.66,804.71662,2022-07-14 20:30:00
1657831500000,20666.17,20705.06,20587.08,20682.33,985.35847,2022-07-14 20:45:00
1657832400000,20682.33,20720.0,20636.45,20665.08,686.72415,2022-07-14 21:00:00
1657833300000,20665.08,20665.84,20564.0,20564.48,634.31133,2022-07-14 21:15:00
1657834200000,20564.48,20587.02,20530.0,20553.97,591.76804,2022-07-14 21:30:00
1657835100000,20553.97,20560.0,20438.12,20478.23,1136.44603,2022-07-14 21:45:00
1657836000000,20475.9,20537.46,20467.19,20502.22,1037.40738,2022-07-14 22:00:00
1657836900000,20502.22,20508.84,20446.68,20483.34,1144.5558,2022-07-14 22:15:00
1657837800000,20485.7,20565.87,20478.59,20501.02,1201.52968,2022-07-14 22:30:00
1657838700000,20503.5,20530.07,20495.0,20501.54,948.52557,2022-07-14 22:45:00
1657839600000,20501.54,20514.16,20469.24,20505.53,789.5993,2022-07-14 23:00:00
1657840500000,20505.53,20565.13,20494.1,20549.51,888.58346,2022-07-14 23:15:00
1657841400000,20547.16,20606.31,20531.83,20576.61,970.69886,2022-07-14 23:30:00
1657842300000,20578.04,20603.63,20559.88,20588.84,800.97845,2022-07-14 23:45:00
1657843200000,20588.84,20606.86,20497.63,20505.85,1493.85116,2022-07-15 00:00:00
1657844100000,20505.85,20520.56,20441.15,20457.44,1390.10187,2022-07-15 00:15:00
1657845000000,20459.49,20491.68,20382.36,20429.38,1130.82541,2022-07-15 00:30:00
1657845900000,20428.21,20486.46,20393.44,20397.79,1054.71935,2022-07-15 00:45:00
1657846800000,20399.21,20436.11,20393.49,20404.07,817.14189,2022-07-15 01:00:00
1657847700000,20405.79,20435.68,20382.29,20420.07,807.70068,2022-07-15 01:15:00
1657848600000,20417.53,20479.41,20414.86,20468.02,748.91528,2022-07-15 01:30:00
1657849500000,20468.02,20658.46,20460.46,20628.23,1924.7925,2022-07-15 01:45:00
1657850400000,20629.27,20795.95,20615.82,20749.44,3130.7359,2022-07-15 02:00:00
1657851300000,20750.36,20833.0,20662.21,20680.47,2382.93487,2022-07-15 02:15:00
1657852200000,20683.13,20715.87,20572.89,20601.76,1513.84797,2022-07-15 02:30:00
1657853100000,20601.76,20616.24,20436.01,20489.64,2213.88928,2022-07-15 02:45:00
1657854000000,20489.64,20573.69,20471.0,20536.58,977.86657,2022-07-15 03:00:00
1657854900000,20536.58,20549.64,20444.96,20508.51,1052.50554,2022-07-15 03:15:00
1657855800000,20506.38,20555.0,20494.61,20535.63,706.5877,2022-07-15 03:30:00
1657856700000,20535.63,20633.61,20519.45,20611.83,1183.19926,2022-07-15 03:45:00
1657857600000,20613.21,20692.0,20577.77,20683.66,2620.85252,2022-07-15 04:00:00
1657858500000,20683.66,20692.25,20636.14,20687.11,866.06707,2022-07-15 04:15:00
1657859400000,20685.85,20705.62,20534.5,20543.34,1185.14534,2022-07-15 04:30:00
1657860300000,20543.34,20591.29,20494.29,20542.86,991.50514,2022-07-15 04:45:00
1657861200000,20542.86,20567.42,20518.78,20542.92,655.96675,2022-07-15 05:00:00
1657862100000,20541.11,20606.74,20539.0,20592.75,715.56965,2022-07-15 05:15:00
1657863000000,20592.75,20651.74,20520.0,20585.31,1011.25466,2022-07-15 05:30:00
1657863900000,20585.31,20676.95,20579.52,20666.1,1089.91456,2022-07-15 05:45:00
1657864800000,20667.43,20675.0,20595.66,20658.42,918.57168,2022-07-15 06:00:00
1657865700000,20658.42,20695.87,20617.26,20684.17,887.70926,2022-07-15 06:15:00
1657866600000,20684.17,20692.95,20626.0,20639.22,1097.31734,2022-07-15 06:30:00
1657867500000,20636.89,20639.25,20594.22,20603.22,1024.01799,2022-07-15 06:45:00
1657868400000,20603.22,20754.62,20562.53,20684.56,1813.57919,2022-07-15 07:00:00
1657869300000,20686.79,20917.8,20636.4,20860.86,3473.62851,2022-07-15 07:15:00
1657870200000,20862.06,20936.0,20768.8,20781.77,2050.05032,2022-07-15 07:30:00
1657871100000,20781.77,20859.0,20780.01,20835.38,1351.93145,2022-07-15 07:45:00
1657872000000,20835.38,20877.54,20785.8,20803.49,1400.83886,2022-07-15 08:00:00
1657872900000,20804.99,20872.02,20720.16,20862.27,1786.38748,2022-07-15 08:15:00
1657873800000,20862.27,20917.96,20833.07,20905.21,1582.22405,2022-07-15 08:30:00
1657874700000,20906.06,21044.56,20860.0,20869.81,3529.71797,2022-07-15 08:45:00
1657875600000,20867.1,20951.5,20842.37,20893.92,1599.32219,2022-07-15 09:00:00
1657876500000,20893.92,21059.32,20890.72,20989.02,3411.60687,2022-07-15 09:15:00
1657877400000,20989.02,21029.31,20884.37,20894.14,1740.28933,2022-07-15 09:30:00
1657878300000,20896.37,20931.28,20851.87,20896.45,1492.52585,2022-07-15 09:45:00
1657879200000,20896.45,20922.0,20854.32,20883.08,1326.25413,2022-07-15 10:00:00
1657880100000,20883.08,20896.55,20826.47,20853.14,1399.64648,2022-07-15 10:15:00
1657881000000,20850.93,20870.47,20801.4,20833.0,1205.95386,2022-07-15 10:30:00
1657881900000,20833.0,20907.09,20829.25,20868.33,1137.53543,2022-07-15 10:45:00
1657882800000,20869.96,20944.95,20817.36,20936.66,1702.6758,2022-07-15 11:00:00
1657883700000,20936.66,20950.62,20833.17,20863.18,1606.15671,2022-07-15 11:15:00
1657884600000,20863.18,20876.16,20764.32,20780.14,1441.57683,2022-07-15 11:30:00
1657885500000,20782.09,20823.76,20759.94,20769.74,1108.0131,2022-07-15 11:45:00
1657886400000,20769.74,20809.75,20759.39,20798.79,1022.01268,2022-07-15 12:00:00
1657887300000,20798.79,20901.05,20791.91,20842.12,1535.87354,2022-07-15 12:15:00
1657888200000,20842.13,20951.73,20766.77,20933.18,3108.36149,2022-07-15 12:30:00
1657889100000,20933.18,21041.0,20916.01,20986.53,2645.5192,2022-07-15 12:45:00
1657890000000,20986.53,21090.0,20958.53,20963.81,2848.50412,2022-07-15 13:00:00
1657890900000,20962.05,20998.94,20910.62,20968.06,1725.71222,2022-07-15 13:15:00
1657891800000,20968.06,21041.42,20838.05,20885.13,3096.89006,2022-07-15 13:30:00
1657892700000,20882.65,20897.96,20791.84,20861.02,1944.47202,2022-07-15 13:45:00
1657893600000,20859.94,20998.43,20858.05,20932.81,3149.23866,2022-07-15 14:00:00
1657894500000,20930.2,20999.27,20860.45,20980.01,1957.21048,2022-07-15 14:15:00
1657895400000,20980.01,21003.69,20897.57,20900.01,1870.40212,2022-07-15 14:30:00
1657896300000,20897.57,20921.56,20867.26,20890.53,1475.18519,2022-07-15 14:45:00
1657897200000,20890.53,20964.99,20878.0,20905.65,1249.43975,2022-07-15 15:00:00
1657898100000,20905.65,20961.71,20862.26,20866.0,1241.30032,2022-07-15 15:15:00
1657899000000,20867.47,20899.5,20810.0,20866.04,1443.57857,2022-07-15 15:30:00
1657899900000,20866.04,20894.28,20777.0,20792.19,1283.46678,2022-07-15 15:45:00
1657900800000,20792.19,20819.6,20703.9,20764.45,1733.34653,2022-07-15 16:00:00
1657901700000,20764.45,20786.52,20636.7,20705.2,2029.05877,2022-07-15 16:15:00
1657902600000,20705.26,20756.0,20691.78,20724.87,1467.49656,2022-07-15 16:30:00
1657903500000,20724.87,20784.0,20679.75,20756.16,1342.74804,2022-07-15 16:45:00
1657904400000,20759.35,20903.19,20740.63,20886.39,1663.8927,2022-07-15 17:00:00
1657905300000,20887.93,20928.0,20812.0,20845.06,1155.66578,2022-07-15 17:15:00
1657906200000,20845.06,20848.08,20791.0,20818.99,965.75606,2022-07-15 17:30:00
1657907100000,20818.99,20899.39,20760.0,20786.11,1025.26782,2022-07-15 17:45:00
1657908000000,20786.09,20807.91,20772.79,20802.37,632.38222,2022-07-15 18:00:00
1657908900000,20802.37,20864.0,20794.06,20855.25,829.49531,2022-07-15 18:15:00
1657909800000,20852.72,20984.63,20832.53,20977.65,1261.74392,2022-07-15 18:30:00
1657910700000,20977.65,21052.38,20952.2,21037.25,1976.15455,2022-07-15 18:45:00
1657911600000,21034.13,21043.0,20951.01,20996.68,1201.92454,2022-07-15 19:00:00
1657912500000,20995.2,21004.95,20940.69,20959.52,789.35495,2022-07-15 19:15:00
1657913400000,20959.52,21181.09,20942.73,21124.79,2099.00968,2022-07-15 19:30:00
1657914300000,21128.22,21189.0,21072.39,21165.85,1734.20367,2022-07-15 19:45:00
1657915200000,21165.85,21175.26,21069.69,21082.36,1222.85186,2022-07-15 20:00:00
1657916100000,21084.53,21200.0,21053.43,21119.99,2606.77724,2022-07-15 20:15:00
1657917000000,21116.97,21143.9,20900.62,20926.04,2454.18076,2022-07-15 20:30:00
1657917900000,20926.04,20964.42,20894.94,20933.89,1133.27393,2022-07-15 20:45:00
1657918800000,20936.41,21020.0,20914.0,20920.02,988.48525,2022-07-15 21:00:00
1657919700000,20921.43,20926.91,20830.02,20925.24,999.66239,2022-07-15 21:15:00
1657920600000,20926.89,20965.68,20914.8,20949.05,371.32192,2022-07-15 21:30:00
1657921500000,20949.04,20976.0,20928.84,20967.4,721.16987,2022-07-15 21:45:00
1657922400000,20967.4,20989.56,20900.46,20926.82,832.17538,2022-07-15 22:00:00
1657923300000,20928.64,20932.8,20832.72,20855.0,1078.53567,2022-07-15 22:15:00
1657924200000,20855.0,20904.38,20799.8,20880.77,1072.96343,2022-07-15 22:30:00
1657925100000,20880.77,20906.07,20869.29,20890.79,688.3682,2022-07-15 22:45:00
1657926000000,20891.25,20946.44,20852.0,20943.41,786.839,2022-07-15 23:00:00
1657926900000,20942.48,20943.86,20760.0,20799.85,1238.24734,2022-07-15 23:15:00
1657927800000,20799.85,20858.1,20762.84,20842.82,1208.03934,2022-07-15 23:30:00
1657928700000,20842.82,20858.13,20812.82,20830.04,682.32342,2022-07-15 23:45:00
1657929600000,20830.04,20865.38,20770.5,20832.91,1251.35169,2022-07-16 00:00:00
1657930500000,20832.91,20849.35,20750.0,20794.4,1188.2144,2022-07-16 00:15:00
1657931400000,20795.46,20802.4,20666.0,20701.25,1798.92674,2022-07-16 00:30:00
1657932300000,20702.4,20735.62,20678.0,20681.21,897.33181,2022-07-16 00:45:00
1657933200000,20681.21,20719.2,20630.0,20703.47,1052.32973,2022-07-16 01:00:00
1657934100000,20703.47,20757.19,20688.99,20750.28,869.9721,2022-07-16 01:15:00
1657935000000,20748.3,20755.5,20700.89,20728.67,705.89774,2022-07-16 01:30:00
1657935900000,20728.67,20731.33,20683.51,20716.0,669.77936,2022-07-16 01:45:00
1657936800000,20717.24,20746.37,20674.01,20688.59,950.56497,2022-07-16 02:00:00
1657937700000,20689.13,20699.99,20600.0,20657.7,1205.11747,2022-07-16 02:15:00
1657938600000,20658.94,20683.27,20648.79,20667.8,646.13758,2022-07-16 02:30:00
1657939500000,20667.8,20708.0,20665.01,20702.6,772.22954,2022-07-16 02:45:00
1657940400000,20702.6,20728.83,20686.78,20701.75,739.68622,2022-07-16 03:00:00
1657941300000,20701.06,20747.06,20695.67,20737.66,650.10153,2022-07-16 03:15:00
1657942200000,20736.56,20769.01,20693.99,20752.65,697.26101,2022-07-16 03:30:00
1657943100000,20752.65,20764.09,20730.0,20738.0,545.94791,2022-07-16 03:45:00
1657944000000,20738.0,20753.05,20650.0,20709.84,1163.46809,2022-07-16 04:00:00
1657944900000,20709.84,20729.78,20683.04,20694.39,525.05405,2022-07-16 04:15:00
1657945800000,20694.39,20722.0,20683.4,20700.71,826.01814,2022-07-16 04:30:00
1657946700000,20698.24,20764.83,20695.43,20745.97,731.0791,2022-07-16 04:45:00
1657947600000,20745.97,20750.0,20721.43,20748.24,391.71379,2022-07-16 05:00:00
1657948500000,20746.67,20748.44,20704.28,20714.91,591.0678,2022-07-16 05:15:00
1657949400000,20713.02,20726.69,20635.86,20659.6,950.66698,2022-07-16 05:30:00
1657950300000,20659.6,20694.7,20557.77,20595.04,1240.6463,2022-07-16 05:45:00
1657951200000,20595.04,20620.0,20563.52,20580.28,1090.78288,2022-07-16 06:00:00
1657952100000,20580.28,20591.38,20509.87,20553.66,1743.62704,2022-07-16 06:15:00
1657953000000,20555.54,20570.81,20478.61,20528.17,1621.25765,2022-07-16 06:30:00
1657953900000,20528.17,20569.06,20493.07,20548.15,957.25654,2022-07-16 06:45:00
1657954800000,20548.15,20587.9,20526.75,20584.97,646.98703,2022-07-16 07:00:00
1657955700000,20586.01,20610.08,20576.01,20602.63,662.25184,2022-07-16 07:15:00
1657956600000,20604.48,20618.0,20557.0,20563.05,589.11822,2022-07-16 07:30:00
1657957500000,20565.73,20574.8,20499.79,20546.18,868.281,2022-07-16 07:45:00
1657958400000,20546.18,20639.19,20539.85,20612.06,949.17977,2022-07-16 08:00:00
1657959300000,20612.06,20641.78,20603.72,20615.48,610.25597,2022-07-16 08:15:00
1657960200000,20617.19,20661.99,20594.83,20626.16,697.86731,2022-07-16 08:30:00
1657961100000,20626.16,20631.62,20572.65,20606.76,648.619,2022-07-16 08:45:00
1657962000000,20606.76,20608.19,20573.33,20583.03,574.75546,2022-07-16 09:00:00
1657962900000,20583.02,20631.33,20576.12,20607.91,598.51068,2022-07-16 09:15:00
1657963800000,20607.91,20638.0,20600.0,20614.89,462.01687,2022-07-16 09:30:00
1657964700000,20614.89,20637.81,20584.0,20612.11,630.03096,2022-07-16 09:45:00
1657965600000,20612.11,20641.72,20605.18,20636.44,427.96652,2022-07-16 10:00:00
1657966500000,20636.44,20685.56,20616.54,20668.06,757.63995,2022-07-16 10:15:00
1657967400000,20666.02,20685.9,20591.8,20634.85,841.1037,2022-07-16 10:30:00
1657968300000,20634.85,20648.67,20609.0,20633.94,606.04947,2022-07-16 10:45:00
1657969200000,20633.94,20645.37,20608.79,20638.73,593.60993,2022-07-16 11:00:00
1657970100000,20639.78,20664.48,20619.0,20660.57,522.19237,2022-07-16 11:15:00
1657971000000,20662.41,20676.52,20632.48,20644.7,704.84829,2022-07-16 11:30:00
1657971900000,20643.51,20658.0,20600.28,20616.69,682.01541,2022-07-16 11:45:00
1657972800000,20616.69,20628.36,20588.72,20611.86,583.13814,2022-07-16 12:00:00
1657973700000,20611.86,20638.0,20609.01,20614.43,626.7253,2022-07-16 12:15:00
1657974600000,20614.44,20648.6,20610.0,20624.7,533.63159,2022-07-16 12:30:00
1657975500000,20624.7,20743.92,20600.12,20697.12,1666.45304,2022-07-16 12:45:00
1657976400000,20697.12,20745.04,20681.6,20727.16,1050.67123,2022-07-16 13:00:00
1657977300000,20726.39,20833.28,20721.56,20776.29,2109.21777,2022-07-16 13:15:00
1657978200000,20774.76,20815.16,20756.36,20805.43,1246.64821,2022-07-16 13:30:00
1657979100000,20803.47,20862.72,20756.19,20839.6,1677.56435,2022-07-16 13:45:00
1657980000000,20839.6,20873.1,20803.0,20835.55,1145.7056,2022-07-16 14:00:00
1657980900000,20836.98,20843.67,20764.69,20798.25,1195.19587,2022-07-16 14:15:00
1657981800000,20798.25,20819.31,20732.65,20750.33,1022.80103,2022-07-16 14:30:00
1657982700000,20752.64,20836.54,20750.24,20816.1,1113.76255,2022-07-16 14:45:00
1657983600000,20814.39,20937.5,20811.74,20913.87,1980.57698,2022-07-16 15:00:00
1657984500000,20915.04,20929.02,20868.63,20909.14,1106.92201,2022-07-16 15:15:00
1657985400000,20909.14,20924.54,20876.35,20904.8,1299.10991,2022-07-16 15:30:00
1657986300000,20905.23,20957.46,20884.49,20943.02,1605.72587,2022-07-16 15:45:00
1657987200000,20943.02,21431.58,20921.07,21319.63,6194.97867,2022-07-16 16:00:00
1657988100000,21326.25,21420.37,21085.86,21161.78,5725.86119,2022-07-16 16:15:00
1657989000000,21159.05,21285.32,21120.03,21264.81,3801.04504,2022-07-16 16:30:00
1657989900000,21264.81,21490.0,21259.32,21466.78,4959.20334,2022-07-16 16:45:00
1657990800000,21464.13,21507.07,21365.98,21438.26,3644.65357,2022-07-16 17:00:00
1657991700000,21438.26,21588.94,21414.0,21465.8,3901.9649,2022-07-16 17:15:00
1657992600000,21468.41,21484.57,21396.28,21440.92,1274.52698,2022-07-16 17:30:00
1657993500000,21439.11,21497.1,21216.91,21246.65,2536.43796,2022-07-16 17:45:00
1657994400000,21246.65,21362.05,21241.53,21301.39,1875.31146,2022-07-16 18:00:00
1657995300000,21301.39,21347.08,21271.8,21284.28,1367.6443,2022-07-16 18:15:00
1657996200000,21284.28,21296.84,21198.07,21243.03,1509.9794,2022-07-16 18:30:00
1657997100000,21244.85,21311.13,21198.43,21289.51,1077.41519,2022-07-16 18:45:00
1657998000000,21292.24,21373.67,21280.6,21344.14,1734.8505,2022-07-16 19:00:00
1657998900000,21346.89,21394.04,21291.81,21314.94,1233.39382,2022-07-16 19:15:00
1657999800000,21314.94,21343.76,21242.39,21250.2,1108.01562,2022-07-16 19:30:00
1658000700000,21251.6,21263.91,21150.0,21192.04,1476.45878,2022-07-16 19:45:00
1658001600000,21190.0,21225.56,21045.4,21082.56,1873.70416,2022-07-16 20:00:00
1658002500000,21082.56,21082.57,20911.64,20977.31,2037.706,2022-07-16 20:15:00
1658003400000,20977.31,21155.64,20976.48,21120.42,1757.35348,2022-07-16 20:30:00
1658004300000,21123.33,21216.28,21092.15,21211.36,1343.68842,2022-07-16 20:45:00
1658005200000,21213.78,21219.92,21110.72,21146.93,931.72635,2022-07-16 21:00:00
1658006100000,21146.93,21345.99,21086.44,21331.84,1092.78552,2022-07-16 21:15:00
1658007000000,21331.84,21343.04,21232.5,21299.63,754.15873,2022-07-16 21:30:00
1658007900000,21298.95,21315.56,21175.57,21196.69,1011.34813,2022-07-16 21:45:00
1658008800000,21196.69,21236.14,21137.45,21197.91,934.57138,2022-07-16 22:00:00
1658009700000,21197.46,21251.34,21173.44,21232.37,928.15528,2022-07-16 22:15:00
1658010600000,21233.4,21254.5,21201.94,21231.62,684.31435,2022-07-16 22:30:00
1658011500000,21233.5,21316.27,21202.32,21296.65,1024.63681,2022-07-16 22:45:00
1658012400000,21296.65,21304.5,21221.14,21226.67,900.79528,2022-07-16 23:00:00
1658013300000,21227.96,21250.0,21177.88,21180.36,1075.63684,2022-07-16 23:15:00
1658014200000,21180.36,21215.3,21155.23,21184.58,1057.30752,2022-07-16 23:30:00
1658015100000,21186.62,21234.36,21171.0,21195.6,671.4076,2022-07-16 23:45:00
1658016000000,21195.6,21348.86,21187.19,21329.47,1907.35076,2022-07-17 00:00:00
1658016900000,21329.47,21341.91,21197.22,21247.74,1251.10521,2022-07-17 00:15:00
1658017800000,21246.31,21315.47,21201.05,21299.45,1068.94649,2022-07-17 00:30:00
1658018700000,21299.69,21326.41,21260.82,21295.57,760.62118,2022-07-17 00:45:00
1658019600000,21292.88,21339.52,21225.84,21234.72,1002.88129,2022-07-17 01:00:00
1658020500000,21233.25,21249.35,21109.0,21169.88,1467.65097,2022-07-17 01:15:00
1658021400000,21169.88,21176.89,21082.8,21132.03,1253.57029,2022-07-17 01:30:00
1658022300000,21132.03,21168.7,21105.59,21155.33,885.09507,2022-07-17 01:45:00
1658023200000,21155.33,21194.76,21128.22,21190.71,786.1971,2022-07-17 02:00:00
1658024100000,21190.7,21216.72,21158.62,21200.81,808.23813,2022-07-17 02:15:00
1658025000000,21200.33,21236.96,21175.47,21188.65,928.70762,2022-07-17 02:30:00
1658025900000,21187.06,21191.9,21140.0,21159.93,755.66465,2022-07-17 02:45:00
1658026800000,21159.93,21259.9,21155.89,21249.91,864.15047,2022-07-17 03:00:00
1658027700000,21249.91,21451.13,21242.38,21407.03,2910.86452,2022-07-17 03:15:00
1658028600000,21407.03,21460.85,21334.87,21336.42,1200.26134,2022-07-17 03:30:00
1658029500000,21337.87,21382.0,21314.72,21324.18,696.28399,2022-07-17 03:45:00
1658030400000,21322.27,21408.63,21306.96,21400.83,724.44751,2022-07-17 04:00:00
1658031300000,21398.66,21475.64,21340.45,21353.06,1061.96507,2022-07-17 04:15:00
1658032200000,21351.2,21366.03,21254.0,21274.49,1072.60905,2022-07-17 04:30:00
1658033100000,21270.94,21291.66,21231.01,21258.45,799.49408,2022-07-17 04:45:00
1658034000000,21259.61,21369.79,21251.0,21348.1,1079.7745,2022-07-17 05:00:00
1658034900000,21348.1,21369.47,21282.31,21357.14,795.99403,2022-07-17 05:15:00
1658035800000,21358.75,21362.84,21290.0,21330.27,942.61625,2022-07-17 05:30:00
1658036700000,21331.62,21400.65,21320.0,21357.66,1251.54829,2022-07-17 05:45:00
1658037600000,21356.25,21422.98,21344.58,21395.0,1389.60805,2022-07-17 06:00:00
1658038500000,21396.5,21437.64,21363.98,21408.55,940.36668,2022-07-17 06:15:00
1658039400000,21408.55,21518.65,21377.0,21494.44,1897.81331,2022-07-17 06:30:00
1658040300000,21492.22,21597.88,21440.19,21575.05,1679.21475,2022-07-17 06:45:00
1658041200000,21576.82,21684.54,21520.72,21601.58,2062.33863,2022-07-17 07:00:00
1658042100000,21601.58,21637.4,21510.1,21530.72,1177.30814,2022-07-17 07:15:00
1658043000000,21528.75,21593.31,21463.24,21486.47,1409.84363,2022-07-17 07:30:00
1658043900000,21486.46,21544.74,21464.89,21467.61,1033.59423,2022-07-17 07:45:00
1658044800000,21467.61,21518.87,21410.47,21462.68,2470.19382,2022-07-17 08:00:00
1658045700000,21463.64,21485.93,21382.0,21408.91,1248.09316,2022-07-17 08:15:00
1658046600000,21408.0,21421.97,21373.56,21413.78,1059.92609,2022-07-17 08:30:00
1658047500000,21413.78,21476.46,21391.05,21456.52,1392.82367,2022-07-17 08:45:00
1658048400000,21456.52,21549.0,21440.0,21499.83,1469.43094,2022-07-17 09:00:00
1658049300000,21499.82,21506.0,21275.12,21301.02,2226.19088,2022-07-17 09:15:00
1658050200000,21301.02,21368.0,21297.25,21330.85,1284.21345,2022-07-17 09:30:00
1658051100000,21332.79,21400.76,21312.53,21367.06,1023.29103,2022-07-17 09:45:00
1658052000000,21364.94,21387.17,21268.77,21286.73,1543.31713,2022-07-17 10:00:00
1658052900000,21286.73,21329.15,21209.71,21313.11,2035.8232,2022-07-17 10:15:00
1658053800000,21311.12,21370.0,21292.17,21350.66,1206.84674,2022-07-17 10:30:00
1658054700000,21351.74,21398.51,21338.32,21386.16,1148.28012,2022-07-17 10:45:00
1658055600000,21383.69,21438.0,21355.21,21405.9,1065.47669,2022-07-17 11:00:00
1658056500000,21405.9,21446.68,21385.17,21396.53,1088.23181,2022-07-17 11:15:00
1658057400000,21398.54,21408.79,21292.2,21343.88,1549.38454,2022-07-17 11:30:00
1658058300000,21343.88,21483.03,21316.08,21456.79,1253.28877,2022-07-17 11:45:00
1658059200000,21459.35,21499.94,21422.87,21484.86,1389.88707,2022-07-17 12:00:00
1658060100000,21484.86,21500.0,21413.0,21443.24,934.75763,2022-07-17 12:15:00
1658061000000,21443.24,21474.25,21378.08,21394.96,956.30146,2022-07-17 12:30:00
1658061900000,21394.96,21421.34,21340.73,21382.44,1019.45185,2022-07-17 12:45:00
1658062800000,21380.78,21388.51,21160.97,21224.46,3003.63103,2022-07-17 13:00:00
1658063700000,21224.46,21331.36,21136.02,21270.25,2803.33744,2022-07-17 13:15:00
1658064600000,21267.74,21301.87,21197.05,21228.98,1332.90456,2022-07-17 13:30:00
1658065500000,21227.21,21248.99,21113.73,21117.48,1423.74518,2022-07-17 13:45:00
1658066400000,21117.48,21197.98,21075.07,21169.11,1478.80685,2022-07-17 14:00:00
1658067300000,21173.21,21232.67,21151.43,21182.12,959.49913,2022-07-17 14:15:00
1658068200000,21182.08,21237.43,21165.96,21214.37,963.16811,2022-07-17 14:30:00
1658069100000,21216.89,21260.94,21181.02,21203.82,1030.56206,2022-07-17 14:45:00
1658070000000,21205.22,21278.0,21171.01,21243.28,1165.61969,2022-07-17 15:00:00
1658070900000,21243.28,21267.75,21217.2,21250.95,808.20422,2022-07-17 15:15:00
1658071800000,21250.95,21257.27,21144.24,21179.94,1188.35302,2022-07-17 15:30:00
1658072700000,21179.94,21196.0,21123.4,21170.09,905.7757,2022-07-17 15:45:00
1658073600000,21170.09,21215.62,21120.0,21171.47,1202.97927,2022-07-17 16:00:00
1658074500000,21170.17,21194.46,21002.0,21064.47,1926.25134,2022-07-17 16:15:00
1658075400000,21064.47,21180.0,21057.16,21147.06,1226.59339,2022-07-17 16:30:00
1658076300000,21144.77,21167.37,21110.0,21149.79,859.23735,2022-07-17 16:45:00
1658077200000,21148.36,21243.0,21135.47,21227.43,1155.47216,2022-07-17 17:00:00
1658078100000,21227.43,21355.0,21218.21,21267.15,2656.24486,2022-07-17 17:15:00
1658079000000,21267.15,21294.63,21155.01,21195.59,1527.59952,2022-07-17 17:30:00
1658079900000,21195.59,21201.0,20824.0,20921.42,2992.03302,2022-07-17 17:45:00
1658080800000,20921.43,21019.57,20853.47,20944.55,2047.52996,2022-07-17 18:00:00
1658081700000,20944.55,21034.99,20940.0,20987.45,1287.61455,2022-07-17 18:15:00
1658082600000,20985.54,21064.53,20967.45,21047.12,844.68352,2022-07-17 18:30:00
1658083500000,21049.12,21058.0,20957.99,20973.9,854.61684,2022-07-17 18:45:00
1658084400000,20976.03,21047.49,20933.71,20934.4,886.53616,2022-07-17 19:00:00
1658085300000,20934.4,21042.0,20933.57,21018.8,715.08488,2022-07-17 19:15:00
1658086200000,21018.8,21079.62,21014.25,21056.32,953.68859,2022-07-17 19:30:00
1658087100000,21060.31,21082.11,21017.77,21026.85,591.78549,2022-07-17 19:45:00
1658088000000,21029.12,21046.0,20975.78,20984.93,725.87179,2022-07-17 20:00:00
1658088900000,20984.93,20999.98,20956.0,20986.77,679.64842,2022-07-17 20:15:00
1658089800000,20986.77,20992.6,20910.23,20925.99,761.41349,2022-07-17 20:30:00
1658090700000,20927.67,20972.93,20914.76,20935.47,602.91779,2022-07-17 20:45:00
1658091600000,20935.47,21004.18,20883.01,20969.79,1001.8673,2022-07-17 21:00:00
1658092500000,20968.6,21046.44,20937.23,21022.75,1392.78539,2022-07-17 21:15:00
1658093400000,21022.79,21055.0,20973.61,20994.05,531.58009,2022-07-17 21:30:00
1658094300000,20994.05,21038.95,20965.26,21018.99,772.53935,2022-07-17 21:45:00
1658095200000,21018.99,21080.0,20983.46,21010.63,959.9306,2022-07-17 22:00:00
1658096100000,21010.63,21016.0,20921.88,20978.43,942.4883,2022-07-17 22:15:00
1658097000000,20980.26,21043.15,20968.58,21015.75,878.9277,2022-07-17 22:30:00
1658097900000,21015.75,21019.87,20976.57,21002.15,659.26486,2022-07-17 22:45:00
1658098800000,21002.15,21008.0,20940.01,20949.54,712.88027,2022-07-17 23:00:00
1658099700000,20949.54,20971.82,20827.22,20850.18,1193.22678,2022-07-17 23:15:00
1658100600000,20847.49,20876.61,20750.01,20818.89,1376.18803,2022-07-17 23:30:00
1658101500000,20817.98,20856.68,20753.5,20798.16,1015.02912,2022-07-17 23:45:00
1658102400000,20799.58,20904.8,20762.45,20884.75,1924.59751,2022-07-18 00:00:00
1658103300000,20886.33,20923.34,20844.7,20882.73,1270.69089,2022-07-18 00:15:00
1658104200000,20880.22,20924.31,20814.43,20830.73,1227.13672,2022-07-18 00:30:00
1658105100000,20830.73,20836.04,20781.54,20822.85,1105.42686,2022-07-18 00:45:00
1658106000000,20822.85,20926.99,20814.8,20919.21,1229.1112,2022-07-18 01:00:00
1658106900000,20917.47,20956.19,20902.12,20937.96,1386.6357,2022-07-18 01:15:00
1658107800000,20937.96,20991.01,20921.4,20961.67,1315.53009,2022-07-18 01:30:00
1658108700000,20959.56,21013.35,20958.86,20977.91,1014.63168,2022-07-18 01:45:00
1658109600000,20978.87,21015.0,20960.0,20969.3,1158.87941,2022-07-18 02:00:00
1658110500000,20971.01,21025.23,20966.96,21019.51,1325.26385,2022-07-18 02:15:00
1658111400000,21019.51,21207.71,20998.32,21199.68,2514.38339,2022-07-18 02:30:00
1658112300000,21199.68,21377.48,21158.38,21335.52,5303.12575,2022-07-18 02:45:00
1658113200000,21336.55,21359.49,21193.01,21206.23,2133.77591,2022-07-18 03:00:00
1658114100000,21206.23,21379.99,21204.01,21342.21,1963.67622,2022-07-18 03:15:00
1658115000000,21344.9,21351.98,21272.36,21304.26,1210.32467,2022-07-18 03:30:00
1658115900000,21304.26,21329.68,21250.0,21280.02,1096.30077,2022-07-18 03:45:00
1658116800000,21282.6,21300.0,21218.0,21250.53,1253.50358,2022-07-18 04:00:00
1658117700000,21252.61,21328.42,21170.01,21307.3,2021.04466,2022-07-18 04:15:00
1658118600000,21307.3,21319.66,21248.54,21300.67,1291.17624,2022-07-18 04:30:00
1658119500000,21298.94,21306.91,21254.28,21300.29,1048.50171,2022-07-18 04:45:00
1658120400000,21302.78,21458.52,21290.21,21379.86,2553.05198,2022-07-18 05:00:00
1658121300000,21379.86,21600.0,21370.66,21595.34,3700.87247,2022-07-18 05:15:00
1658122200000,21591.2,21804.85,21558.55,21769.39,5032.83109,2022-07-18 05:30:00
1658123100000,21769.39,21880.04,21691.76,21862.01,4058.63864,2022-07-18 05:45:00
1658124000000,21862.0,21886.81,21771.53,21781.51,2498.04216,2022-07-18 06:00:00
1658124900000,21781.51,22027.69,21774.78,21953.04,4086.6747,2022-07-18 06:15:00
1658125800000,21951.57,22358.23,21948.7,22171.76,6419.94792,2022-07-18 06:30:00
1658126700000,22171.76,22290.0,22169.1,22194.47,3124.43206,2022-07-18 06:45:00
1658127600000,22197.69,22400.0,22184.24,22277.31,3821.57769,2022-07-18 07:00:00
1658128500000,22277.31,22284.89,22101.88,22257.92,2976.02372,2022-07-18 07:15:00
1658129400000,22257.92,22273.37,22150.0,22218.93,2113.94488,2022-07-18 07:30:00
1658130300000,22216.82,22342.53,22210.2,22245.93,2395.90631,2022-07-18 07:45:00
1658131200000,22245.93,22484.35,22195.8,22406.93,4465.22695,2022-07-18 08:00:00
1658132100000,22409.42,22515.0,22230.65,22249.77,4933.71733,2022-07-18 08:15:00
1658133000000,22247.16,22312.79,22152.01,22247.72,2810.11028,2022-07-18 08:30:00
1658133900000,22249.91,22298.33,22215.37,22289.81,1702.02282,2022-07-18 08:45:00
1658134800000,22289.81,22330.0,22241.39,22297.99,2699.18825,2022-07-18 09:00:00
1658135700000,22299.85,22372.48,22228.81,22358.84,2095.04206,2022-07-18 09:15:00
1658136600000,22358.84,22400.0,22240.6,22248.45,2056.98382,2022-07-18 09:30:00
1658137500000,22251.36,22277.97,22220.0,22242.04,1622.63798,2022-07-18 09:45:00
1658138400000,22241.0,22260.0,22137.79,22247.59,1864.01674,2022-07-18 10:00:00
1658139300000,22247.59,22358.9,22214.51,22311.42,2060.14535,2022-07-18 10:15:00
1658140200000,22311.42,22367.92,22182.8,22204.15,2589.58814,2022-07-18 10:30:00
1658141100000,22201.65,22224.6,22160.62,22199.64,1893.01687,2022-07-18 10:45:00
1658142000000,22199.64,22253.08,22178.53,22241.81,1801.99223,2022-07-18 11:00:00
1658142900000,22240.48,22330.0,22200.49,22269.1,2337.57014,2022-07-18 11:15:00
1658143800000,22270.92,22296.39,22112.46,22158.64,2716.39662,2022-07-18 11:30:00
1658144700000,22157.53,22185.27,21960.71,22133.31,4535.96321,2022-07-18 11:45:00
1658145600000,22132.08,22155.8,21988.05,22061.43,2680.64192,2022-07-18 12:00:00
1658146500000,22061.08,22069.2,21898.0,21982.47,3285.97133,2022-07-18 12:15:00
1658147400000,21982.47,22159.82,21944.77,22116.4,3024.92668,2022-07-18 12:30:00
1658148300000,22116.4,22320.0,22082.91,22287.05,3327.75622,2022-07-18 12:45:00
1658149200000,22287.05,22305.24,22191.84,22240.0,2420.4671,2022-07-18 13:00:00
1658150100000,22238.1,22255.7,22180.0,22249.94,1532.23441,2022-07-18 13:15:00
1658151000000,22246.87,22318.0,22069.0,22145.83,4031.3203,2022-07-18 13:30:00
1658151900000,22147.74,22219.75,22132.54,22139.16,2282.63918,2022-07-18 13:45:00
1658152800000,22136.28,22204.0,21988.05,22037.01,3405.75478,2022-07-18 14:00:00
1658153700000,22037.03,22095.29,21993.23,22043.12,2788.81968,2022-07-18 14:15:00
1658154600000,22043.12,22155.48,22031.43,22117.7,2473.19619,2022-07-18 14:30:00
1658155500000,22117.12,22240.0,22080.45,22213.08,2152.55083,2022-07-18 14:45:00
1658156400000,22211.87,22235.62,22170.98,22212.8,1481.71386,2022-07-18 15:00:00
1658157300000,22211.11,22269.97,22158.3,22192.66,1891.61167,2022-07-18 15:15:00
1658158200000,22194.75,22428.09,22174.0,22346.78,2522.84752,2022-07-18 15:30:00
1658159100000,22346.75,22777.63,22261.78,22675.83,5588.08791,2022-07-18 15:45:00
1658160000000,22675.83,22713.28,22312.01,22412.25,5808.61039,2022-07-18 16:00:00
1658160900000,22412.25,22442.62,22255.54,22295.02,3268.02514,2022-07-18 16:15:00
1658161800000,22295.02,22379.99,22110.77,22162.89,3018.28575,2022-07-18 16:30:00
1658162700000,22162.89,22232.92,22144.01,22202.0,1916.75479,2022-07-18 16:45:00
1658163600000,22200.57,22222.4,22061.84,22127.63,2111.62031,2022-07-18 17:00:00
1658164500000,22127.63,22172.99,22015.0,22134.99,1918.9814,2022-07-18 17:15:00
1658165400000,22135.22,22182.21,21960.99,21983.79,2502.17904,2022-07-18 17:30:00
1658166300000,21983.79,22063.6,21821.05,21878.06,3308.92242,2022-07-18 17:45:00
1658167200000,21876.3,21963.62,21801.56,21927.47,2729.82739,2022-07-18 18:00:00
1658168100000,21927.47,22010.7,21898.14,21932.58,2043.37002,2022-07-18 18:15:00
1658169000000,21932.58,21972.61,21883.53,21895.34,1810.18696,2022-07-18 18:30:00
1658169900000,21897.53,21914.69,21820.0,21832.7,1901.83829,2022-07-18 18:45:00
1658170800000,21835.17,21879.53,21504.31,21559.46,3830.74082,2022-07-18 19:00:00
1658171700000,21562.8,21769.22,21549.65,21695.36,2721.9426,2022-07-18 19:15:00
1658172600000,21692.03,21731.0,21556.0,21604.63,1965.93247,2022-07-18 19:30:00
1658173500000,21604.63,21643.73,21388.0,21617.92,3838.52671,2022-07-18 19:45:00
1658174400000,21617.92,21642.89,21505.62,21570.77,1645.91516,2022-07-18 20:00:00
1658175300000,21573.16,21671.3,21538.94,21605.59,1462.20187,2022-07-18 20:15:00
1658176200000,21607.27,21678.43,21434.35,21510.47,2106.29229,2022-07-18 20:30:00
1658177100000,21508.68,21564.67,21473.52,21493.18,1395.34459,2022-07-18 20:45:00
1658178000000,21491.79,21638.52,21445.25,21601.16,1672.54262,2022-07-18 21:00:00
1658178900000,21601.16,21739.0,21583.33,21690.01,1204.70809,2022-07-18 21:15:00
1658179800000,21692.08,21756.3,21625.58,21738.25,1016.90463,2022-07-18 21:30:00
1658180700000,21739.08,21744.0,21634.4,21659.73,1186.18912,2022-07-18 21:45:00
1658181600000,21660.9,21798.99,21577.76,21784.6,1681.41946,2022-07-18 22:00:00
1658182500000,21784.6,21796.0,21575.07,21598.75,1986.28517,2022-07-18 22:15:00
1658183400000,21598.74,21737.5,21556.0,21711.23,1747.66827,2022-07-18 22:30:00
1658184300000,21711.25,21860.28,21691.0,21792.51,2162.12708,2022-07-18 22:45:00
1658185200000,21792.73,22186.98,21768.92,22110.96,3773.68129,2022-07-18 23:00:00
1658186100000,22108.53,22277.94,22096.42,22162.59,3532.29564,2022-07-18 23:15:00
1658187000000,22163.89,22328.15,22136.5,22324.69,2376.86368,2022-07-18 23:30:00
1658187900000,22327.44,22650.0,22270.0,22432.58,3646.72906,2022-07-18 23:45:00
1658188800000,22432.58,22961.72,22214.45,22825.7,8200.77032,2022-07-19 00:00:00
1658189700000,22825.7,22904.6,22507.88,22581.44,5824.84745,2022-07-19 00:15:00
1658190600000,22581.44,22669.72,22166.71,22274.09,8014.06891,2022-07-19 00:30:00
1658191500000,22278.07,22454.98,22258.96,22345.94,3377.33739,2022-07-19 00:45:00
1658192400000,22342.67,22393.02,22079.15,22195.7,3315.04586,2022-07-19 01:00:00
1658193300000,22195.7,22315.0,22129.91,22296.35,3575.41822,2022-07-19 01:15:00
1658194200000,22294.36,22328.9,22088.16,22117.88,2839.34033,2022-07-19 01:30:00
1658195100000,22117.88,22190.56,22000.01,22054.99,2897.74799,2022-07-19 01:45:00
1658196000000,22054.99,22093.36,21926.84,21981.32,2993.68387,2022-07-19 02:00:00
1658196900000,21983.67,22173.34,21963.71,22156.6,2281.00274,2022-07-19 02:15:00
1658197800000,22159.8,22165.48,22084.45,22102.96,1830.33911,2022-07-19 02:30:00
1658198700000,22102.96,22138.0,22018.6,22096.71,1481.62053,2022-07-19 02:45:00
1658199600000,22096.94,22183.65,22027.41,22175.57,1505.03511,2022-07-19 03:00:00
1658200500000,22176.48,22280.0,22133.24,22208.84,2294.82491,2022-07-19 03:15:00
1658201400000,22208.84,22250.48,22069.91,22069.92,1826.81577,2022-07-19 03:30:00
1658202300000,22071.72,22098.01,21807.46,21903.55,3359.6279,2022-07-19 03:45:00
1658203200000,21903.55,21918.58,21701.32,21789.45,3035.3238,2022-07-19 04:00:00
1658204100000,21787.05,21936.4,21755.04,21895.03,2155.21699,2022-07-19 04:15:00
1658205000000,21895.03,21955.33,21812.5,21917.59,1614.3905,2022-07-19 04:30:00
1658205900000,21920.0,21935.0,21851.45,21892.58,1422.12528,2022-07-19 04:45:00
1658206800000,21895.04,21990.0,21826.11,21980.44,1447.77319,2022-07-19 05:00:00
1658207700000,21980.44,22119.6,21960.47,22011.76,2626.43708,2022-07-19 05:15:00
1658208600000,22014.46,22107.19,21994.99,22089.92,1611.64905,2022-07-19 05:30:00
1658209500000,22092.42,22104.37,21982.39,21997.23,1447.87718,2022-07-19 05:45:00
1658210400000,21997.23,22040.63,21885.52,21925.75,1718.44503,2022-07-19 06:00:00
1658211300000,21923.07,22133.89,21918.0,22082.86,1582.26131,2022-07-19 06:15:00
1658212200000,22082.86,22130.97,21783.3,21794.14,2611.88029,2022-07-19 06:30:00
1658213100000,21795.62,21865.5,21579.54,21760.43,6073.65604,2022-07-19 06:45:00
1658214000000,21760.43,21867.28,21733.98,21842.0,2390.74608,2022-07-19 07:00:00
1658214900000,21845.77,21880.97,21756.46,21764.92,1805.07242,2022-07-19 07:15:00
1658215800000,21766.98,21839.51,21693.46,21697.24,2531.95208,2022-07-19 07:30:00
1658216700000,21697.24,21808.05,21687.24,21764.88,1762.81395,2022-07-19 07:45:00
1658217600000,21764.88,21847.96,21696.6,21840.02,2336.47528,2022-07-19 08:00:00
1658218500000,21835.95,21879.99,21792.78,21802.75,1573.11439,2022-07-19 08:15:00
1658219400000,21801.29,21896.84,21795.3,21858.18,1420.71182,2022-07-19 08:30:00
1658220300000,21858.18,21937.04,21812.51,21922.08,1757.71472,2022-07-19 08:45:00
1658221200000,21922.08,21945.64,21841.34,21845.66,1232.22141,2022-07-19 09:00:00
1658222100000,21847.94,21969.8,21805.67,21918.17,1489.91259,2022-07-19 09:15:00
1658223000000,21918.17,21966.06,21884.0,21903.2,1400.60342,2022-07-19 09:30:00
1658223900000,21903.74,21946.71,21842.97,21905.75,1340.99722,2022-07-19 09:45:00
1658224800000,21903.36,21938.82,21868.26,21928.87,1129.25526,2022-07-19 10:00:00
1658225700000,21928.87,21947.95,21810.0,21861.57,1646.02588,2022-07-19 10:15:00
1658226600000,21861.57,22061.75,21833.22,22049.32,2439.93572,2022-07-19 10:30:00
1658227500000,22049.32,22113.23,21943.0,22004.92,2351.50898,2022-07-19 10:45:00
1658228400000,22002.01,22090.0,21971.91,22082.49,1286.33653,2022-07-19 11:00:00
1658229300000,22080.29,22230.0,22045.36,22215.58,2702.11126,2022-07-19 11:15:00
1658230200000,22215.58,22222.0,21964.01,22003.78,1986.26246,2022-07-19 11:30:00
1658231100000,22008.11,22168.73,21909.0,21974.49,2803.04533,2022-07-19 11:45:00
1658232000000,21977.19,22146.0,21971.84,21996.54,2212.43224,2022-07-19 12:00:00
1658232900000,21998.06,22075.83,21978.01,22009.79,1816.15617,2022-07-19 12:15:00
1658233800000,22012.51,22143.86,21984.59,22091.26,2471.03546,2022-07-19 12:30:00
1658234700000,22091.26,22199.04,22065.68,22175.5,2130.51786,2022-07-19 12:45:00
1658235600000,22175.5,22211.95,22105.76,22121.15,1687.39168,2022-07-19 13:00:00
1658236500000,22124.12,22388.0,22071.0,22307.16,5021.52039,2022-07-19 13:15:00
1658237400000,22307.16,22440.67,22166.27,22203.42,3714.14465,2022-07-19 13:30:00
1658238300000,22200.94,22357.26,22041.45,22320.63,3313.40817,2022-07-19 13:45:00
1658239200000,22317.63,22328.15,22110.0,22200.29,2847.6267,2022-07-19 14:00:00
1658240100000,22200.29,22300.0,22101.4,22286.29,1963.75799,2022-07-19 14:15:00
1658241000000,22284.15,22347.43,22166.51,22341.27,2403.7269,2022-07-19 14:30:00
1658241900000,22338.94,22640.12,22300.0,22626.42,4357.86846,2022-07-19 14:45:00
1658242800000,22626.18,22869.0,22604.36,22755.9,5966.2604,2022-07-19 15:00:00
1658243700000,22755.89,22890.0,22461.05,22807.86,6886.9943,2022-07-19 15:15:00
1658244600000,22807.86,23155.44,22700.0,22836.97,10045.27238,2022-07-19 15:30:00
1658245500000,22841.8,23199.9,22784.01,23136.08,6310.23019,2022-07-19 15:45:00
1658246400000,23128.31,23294.97,23055.28,23076.99,7301.19226,2022-07-19 16:00:00
1658247300000,23076.99,23357.41,22950.21,23291.83,6090.14305,2022-07-19 16:15:00
1658248200000,23289.65,23441.38,23232.0,23273.78,5597.50788,2022-07-19 16:30:00
1658249100000,23278.55,23296.0,23161.04,23234.23,3436.54717,2022-07-19 16:45:00
1658250000000,23236.66,23252.18,23115.22,23172.54,2455.24643,2022-07-19 17:00:00
1658250900000,23169.8,23222.0,23072.22,23199.51,2794.4728,2022-07-19 17:15:00
1658251800000,23202.25,23345.0,23194.18,23299.34,2876.59763,2022-07-19 17:30:00
1658252700000,23296.03,23529.0,23255.2,23460.08,3575.79034,2022-07-19 17:45:00
1658253600000,23460.08,23488.98,23280.0,23290.35,2801.5612,2022-07-19 18:00:00
1658254500000,23286.42,23525.96,23221.48,23364.46,2846.22164,2022-07-19 18:15:00
1658255400000,23361.56,23519.15,23336.13,23345.0,2237.36271,2022-07-19 18:30:00
1658256300000,23345.05,23449.71,23280.98,23410.55,2122.29702,2022-07-19 18:45:00
1658257200000,23410.55,23700.0,23350.7,23678.17,2757.32864,2022-07-19 19:00:00
1658258100000,23678.17,23706.26,23501.34,23599.6,3243.09728,2022-07-19 19:15:00
1658259000000,23603.56,23612.2,23462.02,23580.1,1874.13424,2022-07-19 19:30:00
1658259900000,23580.1,23589.46,23346.43,23401.99,2005.25766,2022-07-19 19:45:00
1658260800000,23399.88,23443.57,23147.14,23275.7,3161.98659,2022-07-19 20:00:00
1658261700000,23277.18,23377.55,23233.96,23299.44,1607.01375,2022-07-19 20:15:00
1658262600000,23296.96,23340.25,23187.94,23234.83,1379.19648,2022-07-19 20:30:00
1658263500000,23234.83,23330.98,23186.84,23300.14,1371.01983,2022-07-19 20:45:00
1658264400000,23303.93,23362.82,23253.38,23315.49,1107.48252,2022-07-19 21:00:00
1658265300000,23315.49,23545.0,23310.0,23450.16,2185.39822,2022-07-19 21:15:00
1658266200000,23452.44,23700.0,23450.06,23590.62,1505.80609,2022-07-19 21:30:00
1658267100000,23593.06,23800.0,23530.0,23650.26,2196.36793,2022-07-19 21:45:00
1658268000000,23650.26,23659.15,23500.0,23534.18,1584.7823,2022-07-19 22:00:00
1658268900000,23534.06,23558.95,23380.02,23451.82,1547.47758,2022-07-19 22:15:00
1658269800000,23454.35,23526.95,23334.76,23411.83,1100.31882,2022-07-19 22:30:00
1658270700000,23411.83,23529.98,23368.87,23501.76,1082.68178,2022-07-19 22:45:00
1658271600000,23498.35,23630.0,23481.0,23594.7,1604.38718,2022-07-19 23:00:00
1658272500000,23593.53,23600.0,23303.73,23346.08,1898.95956,2022-07-19 23:15:00
1658273400000,23344.13,23394.19,23227.85,23296.08,1716.83319,2022-07-19 23:30:00
1658274300000,23298.85,23420.71,23294.34,23396.62,1206.57308,2022-07-19 23:45:00
1658275200000,23398.48,23439.38,23179.45,23212.91,4321.82745,2022-07-20 00:00:00
1658276100000,23212.67,23371.55,23197.25,23329.47,2051.38981,2022-07-20 00:15:00
1658277000000,23329.47,23356.98,22965.83,23034.26,3802.80211,2022-07-20 00:30:00
1658277900000,23034.26,23143.78,22922.0,23034.49,2994.02729,2022-07-20 00:45:00
1658278800000,23034.49,23100.0,22931.42,23098.7,2562.96816,2022-07-20 01:00:00
1658279700000,23094.93,23191.35,23067.98,23168.81,1988.80017,2022-07-20 01:15:00
1658280600000,23170.14,23295.45,23133.98,23248.51,2050.61075,2022-07-20 01:30:00
1658281500000,23249.6,23338.3,23208.21,23259.48,2361.23404,2022-07-20 01:45:00
1658282400000,23256.89,23357.87,23205.77,23313.8,1543.05213,2022-07-20 02:00:00
1658283300000,23313.81,23428.08,23248.92,23368.54,1905.26448,2022-07-20 02:15:00
1658284200000,23370.29,23502.0,23363.93,23416.19,2320.36883,2022-07-20 02:30:00
1658285100000,23413.83,23449.59,23333.0,23370.43,1517.80482,2022-07-20 02:45:00
1658286000000,23371.35,23442.68,23267.27,23292.54,2193.78843,2022-07-20 03:00:00
1658286900000,23294.08,23486.67,23280.81,23464.35,1659.4762,2022-07-20 03:15:00
1658287800000,23464.35,23522.4,23420.22,23474.0,2040.17654,2022-07-20 03:30:00
1658288700000,23474.0,23481.52,23376.34,23436.85,1540.66297,2022-07-20 03:45:00
1658289600000,23438.01,23491.1,23395.66,23476.11,1292.67988,2022-07-20 04:00:00
1658290500000,23476.11,23519.69,23318.04,23321.78,1727.94249,2022-07-20 04:15:00
1658291400000,23323.43,23391.65,23303.43,23350.8,1161.07831,2022-07-20 04:30:00
1658292300000,23352.95,23420.0,23310.02,23394.12,1371.66603,2022-07-20 04:45:00
1658293200000,23394.12,23433.56,23323.59,23333.3,1423.62398,2022-07-20 05:00:00
1658294100000,23336.5,23397.7,23315.0,23395.26,1166.27065,2022-07-20 05:15:00
1658295000000,23395.26,23523.98,23348.01,23484.59,1825.96643,2022-07-20 05:30:00
1658295900000,23483.13,23562.0,23458.61,23498.44,1617.65364,2022-07-20 05:45:00
1658296800000,23498.44,23617.2,23485.41,23537.92,1827.87084,2022-07-20 06:00:00
1658297700000,23537.92,23730.0,23533.23,23684.0,2449.12098,2022-07-20 06:15:00
1658298600000,23682.01,23744.42,23615.5,23667.05,2045.1688,2022-07-20 06:30:00
1658299500000,23666.04,23822.31,23634.51,23781.71,2998.6662,2022-07-20 06:45:00
1658300400000,23783.59,23864.15,23681.76,23694.3,2737.21998,2022-07-20 07:00:00
1658301300000,23694.3,23731.28,23628.51,23690.66,2036.61416,2022-07-20 07:15:00
1658302200000,23688.36,23723.92,23470.0,23483.27,2800.97961,2022-07-20 07:30:00
1658303100000,23483.27,23559.96,23371.68,23381.18,2420.46489,2022-07-20 07:45:00
1658304000000,23381.18,23468.63,23325.5,23462.37,2767.87811,2022-07-20 08:00:00
1658304900000,23463.0,23519.53,23409.22,23454.71,1923.8373,2022-07-20 08:15:00
1658305800000,23454.71,23479.65,23386.97,23459.68,1667.71127,2022-07-20 08:30:00
1658306700000,23459.68,23477.6,23314.7,23366.87,2464.75407,2022-07-20 08:45:00
1658307600000,23369.19,23484.76,23313.9,23465.02,2274.07593,2022-07-20 09:00:00
1658308500000,23465.02,23578.87,23448.89,23530.64,2070.05515,2022-07-20 09:15:00
1658309400000,23530.64,23578.0,23505.0,23547.46,1540.21747,2022-07-20 09:30:00
1658310300000,23547.46,23575.43,23493.44,23524.84,1541.68771,2022-07-20 09:45:00
1658311200000,23524.66,23665.96,23502.99,23599.5,2099.35197,2022-07-20 10:00:00
1658312100000,23598.83,23888.04,23571.45,23717.76,4439.19507,2022-07-20 10:15:00
1658313000000,23716.09,23781.78,23595.62,23665.61,3585.62687,2022-07-20 10:30:00
1658313900000,23663.0,23736.91,23554.04,23709.06,2830.77625,2022-07-20 10:45:00
1658314800000,23709.06,23835.0,23660.1,23691.8,3095.25191,2022-07-20 11:00:00
1658315700000,23693.35,23717.71,23610.8,23625.61,1799.34622,2022-07-20 11:15:00
1658316600000,23626.1,23708.08,23585.02,23607.97,1541.43044,2022-07-20 11:30:00
1658317500000,23607.97,23761.0,23583.8,23728.55,1886.66514,2022-07-20 11:45:00
1658318400000,23728.55,23823.88,23700.0,23772.39,2598.35473,2022-07-20 12:00:00
1658319300000,23774.45,23935.0,23710.0,23714.55,4182.42711,2022-07-20 12:15:00
1658320200000,23717.49,23813.14,23567.91,23641.9,3298.75189,2022-07-20 12:30:00
1658321100000,23638.97,23871.0,23633.39,23804.01,2964.61618,2022-07-20 12:45:00
1658322000000,23804.54,23865.96,23780.0,23816.47,1878.85369,2022-07-20 13:00:00
1658322900000,23816.47,23968.0,23810.01,23881.31,2553.79504,2022-07-20 13:15:00
1658323800000,23885.49,24075.99,23761.36,23924.55,5600.57582,2022-07-20 13:30:00
1658324700000,23924.55,24004.99,23770.52,23781.35,3765.06632,2022-07-20 13:45:00
1658325600000,23781.35,23865.92,23687.0,23839.28,2985.75752,2022-07-20 14:00:00
1658326500000,23839.28,23995.84,23815.01,23995.84,2142.24197,2022-07-20 14:15:00
1658327400000,23995.84,24048.99,23920.0,23992.38,3147.68153,2022-07-20 14:30:00
1658328300000,23994.42,24199.74,23983.38,24191.35,4110.62942,2022-07-20 14:45:00
1658329200000,24191.35,24200.0,24088.99,24130.78,3279.73861,2022-07-20 15:00:00
1658330100000,24130.78,24250.0,24040.22,24195.36,3590.64552,2022-07-20 15:15:00
1658331000000,24193.52,24276.74,24102.13,24169.06,3148.07082,2022-07-20 15:30:00
1658331900000,24169.06,24208.44,24100.57,24172.63,2411.9467,2022-07-20 15:45:00
1658332800000,24172.64,24201.94,24050.0,24055.41,2181.5438,2022-07-20 16:00:00
1658333700000,24055.41,24103.56,23812.5,23854.12,3666.0659,2022-07-20 16:15:00
1658334600000,23854.12,23917.62,23546.19,23626.9,5338.85705,2022-07-20 16:30:00
1658335500000,23626.9,23785.0,23583.97,23683.97,3611.34044,2022-07-20 16:45:00
1658336400000,23686.63,23749.99,23400.0,23506.62,4615.58314,2022-07-20 17:00:00
1658337300000,23506.62,23647.28,23482.72,23630.13,2573.78248,2022-07-20 17:15:00
1658338200000,23632.28,23730.0,23607.12,23620.2,2221.48285,2022-07-20 17:30:00
1658339100000,23622.36,23660.0,23495.79,23515.48,1825.18773,2022-07-20 17:45:00
1658340000000,23515.48,23668.43,23509.05,23656.66,1626.69798,2022-07-20 18:00:00
1658340900000,23656.66,23867.39,23647.81,23791.39,3367.81385,2022-07-20 18:15:00
1658341800000,23788.61,23857.74,23664.6,23742.27,1897.27149,2022-07-20 18:30:00
1658342700000,23745.21,23813.52,23681.35,23762.85,1424.46726,2022-07-20 18:45:00
1658343600000,23765.37,23950.0,23739.33,23796.59,2220.94086,2022-07-20 19:00:00
1658344500000,23796.59,23806.16,23672.45,23726.02,1769.73783,2022-07-20 19:15:00
1658345400000,23726.02,23730.0,23600.0,23618.15,1832.05415,2022-07-20 19:30:00
1658346300000,23618.15,23687.0,23556.57,23660.38,1872.0979,2022-07-20 19:45:00
1658347200000,23663.24,23767.73,23080.0,23085.06,6943.44624,2022-07-20 20:00:00
1658348100000,23085.06,23266.21,22906.19,23030.72,6881.70069,2022-07-20 20:15:00
1658349000000,23030.28,23202.29,22969.29,23190.76,3249.14194,2022-07-20 20:30:00
1658349900000,23187.58,23370.0,23117.24,23259.7,3496.66416,2022-07-20 20:45:00
1658350800000,23262.32,23408.75,23238.07,23380.89,1802.5166,2022-07-20 21:00:00
1658351700000,23383.71,23434.0,23287.28,23340.11,1471.36503,2022-07-20 21:15:00
1658352600000,23340.11,23700.0,23266.42,23665.41,1509.97992,2022-07-20 21:30:00
1658353500000,23665.41,23799.62,23574.81,23608.15,2153.23098,2022-07-20 21:45:00
1658354400000,23607.06,23641.78,23475.0,23485.09,1370.9865,2022-07-20 22:00:00
1658355300000,23486.61,23584.32,23438.76,23532.31,809.16024,2022-07-20 22:15:00
1658356200000,23532.31,23574.1,23355.0,23430.62,1617.19865,2022-07-20 22:30:00
1658357100000,23429.11,23430.62,23304.56,23309.06,1379.18278,2022-07-20 22:45:00
1658358000000,23309.06,23334.71,23184.25,23229.81,1841.93192,2022-07-20 23:00:00
1658358900000,23231.96,23287.07,23111.0,23222.75,1549.77694,2022-07-20 23:15:00
1658359800000,23220.19,23396.0,23212.84,23369.18,1856.30694,2022-07-20 23:30:00
1658360700000,23366.76,23401.88,23174.67,23223.3,1840.4019,2022-07-20 23:45:00
1658361600000,23223.3,23350.0,23200.0,23318.27,2029.08799,2022-07-21 00:00:00
1658362500000,23320.68,23386.56,23263.24,23275.65,1505.19823,2022-07-21 00:15:00
1658363400000,23275.65,23282.09,23125.0,23156.4,1582.39682,2022-07-21 00:30:00
1658364300000,23156.4,23276.81,23122.34,23249.7,1408.24589,2022-07-21 00:45:00
1658365200000,23249.7,23442.77,23228.95,23387.75,2290.69307,2022-07-21 01:00:00
1658366100000,23389.25,23415.84,23260.5,23261.52,1419.78323,2022-07-21 01:15:00
1658367000000,23261.52,23365.16,23252.01,23297.75,1352.17991,2022-07-21 01:30:00
1658367900000,23299.84,23324.0,23160.5,23235.64,1495.72121,2022-07-21 01:45:00
1658368800000,23233.61,23319.73,23210.0,23303.22,988.70445,2022-07-21 02:00:00
1658369700000,23302.9,23338.51,23055.11,23085.23,1805.89785,2022-07-21 02:15:00
1658370600000,23088.35,23162.51,22999.7,23001.68,2645.82711,2022-07-21 02:30:00
1658371500000,23003.72,23040.0,22689.42,22694.58,5502.45236,2022-07-21 02:45:00
1658372400000,22692.06,22842.65,22666.0,22801.2,2676.46293,2022-07-21 03:00:00
1658373300000,22798.31,22866.14,22736.45,22746.7,1745.97902,2022-07-21 03:15:00
1658374200000,22746.7,22861.11,22714.56,22802.21,1516.31869,2022-07-21 03:30:00
1658375100000,22800.04,22853.33,22750.5,22777.2,1380.40928,2022-07-21 03:45:00
1658376000000,22779.12,22860.17,22638.53,22755.2,3295.62818,2022-07-21 04:00:00
1658376900000,22750.61,22802.77,22700.08,22732.43,1490.60336,2022-07-21 04:15:00
1658377800000,22734.0,22888.0,22717.69,22858.37,1984.70465,2022-07-21 04:30:00
1658378700000,22858.37,22943.18,22856.13,22881.41,1511.92733,2022-07-21 04:45:00
1658379600000,22881.41,22936.67,22869.29,22903.79,871.82667,2022-07-21 05:00:00
1658380500000,22903.79,22968.46,22880.0,22885.18,1023.18089,2022-07-21 05:15:00
1658381400000,22885.18,22993.71,22813.27,22918.92,1821.73516,2022-07-21 05:30:00
1658382300000,22918.92,22977.07,22866.63,22942.0,1673.83588,2022-07-21 05:45:00
1658383200000,22943.15,22967.57,22904.68,22953.57,1183.62719,2022-07-21 06:00:00
1658384100000,22953.57,22953.57,22876.01,22882.69,1178.41492,2022-07-21 06:15:00
1658385000000,22882.69,22890.0,22806.25,22857.81,1184.39654,2022-07-21 06:30:00
1658385900000,22857.81,22862.83,22750.14,22790.23,1689.85718,2022-07-21 06:45:00
1658386800000,22790.23,22943.94,22773.49,22912.64,1910.7564,2022-07-21 07:00:00
1658387700000,22912.64,23099.51,22865.55,22998.08,3216.02451,2022-07-21 07:15:00
1658388600000,22998.08,23038.44,22928.89,22989.99,1368.66363,2022-07-21 07:30:00
1658389500000,22989.99,23000.0,22919.33,22931.56,1105.98526,2022-07-21 07:45:00
1658390400000,22929.28,22971.34,22872.5,22886.16,1405.79591,2022-07-21 08:00:00
1658391300000,22886.16,22932.09,22815.86,22835.28,1272.3279,2022-07-21 08:15:00
1658392200000,22833.56,22915.22,22820.69,22829.94,1871.07336,2022-07-21 08:30:00
1658393100000,22833.37,22897.22,22797.03,22878.77,1316.25021,2022-07-21 08:45:00
1658394000000,22878.77,22970.9,22855.29,22948.39,1501.40946,2022-07-21 09:00:00
1658394900000,22949.66,23004.31,22916.83,22947.37,1725.46628,2022-07-21 09:15:00
1658395800000,22947.37,23022.54,22924.17,22950.7,1157.27701,2022-07-21 09:30:00
1658396700000,22950.7,23006.57,22928.48,23003.58,1201.94315,2022-07-21 09:45:00
1658397600000,23003.58,23074.12,22979.54,23050.27,1559.72436,2022-07-21 10:00:00
1658398500000,23050.27,23071.44,22958.37,22972.31,1310.5021,2022-07-21 10:15:00
1658399400000,22970.34,23000.59,22931.0,22945.87,1172.23505,2022-07-21 10:30:00
1658400300000,22945.87,22980.09,22846.95,22869.55,1369.48085,2022-07-21 10:45:00
1658401200000,22870.88,22906.87,22662.65,22699.53,2248.38297,2022-07-21 11:00:00
1658402100000,22698.21,22795.0,22466.34,22562.44,4466.89686,2022-07-21 11:15:00
1658403000000,22562.44,22647.74,22536.34,22606.38,3737.44288,2022-07-21 11:30:00
1658403900000,22609.62,22664.03,22580.78,22606.04,1888.43891,2022-07-21 11:45:00
1658404800000,22607.92,22703.66,22542.14,22662.53,2402.04708,2022-07-21 12:00:00
1658405700000,22662.53,22783.19,22585.35,22734.86,2891.63092,2022-07-21 12:15:00
1658406600000,22737.89,22850.0,22712.74,22840.02,2552.48939,2022-07-21 12:30:00
1658407500000,22841.91,22842.91,22714.43,22800.2,1992.99118,2022-07-21 12:45:00
1658408400000,22802.82,22812.77,22656.5,22678.27,2103.24053,2022-07-21 13:00:00
1658409300000,22678.27,22730.0,22615.0,22700.76,1780.712,2022-07-21 13:15:00
1658410200000,22700.8,22809.59,22561.27,22635.59,3888.0271,2022-07-21 13:30:00
1658411100000,22635.59,22755.13,22613.28,22704.96,2771.3596,2022-07-21 13:45:00
1658412000000,22702.3,22761.77,22467.28,22520.25,3099.32901,2022-07-21 14:00:00
1658412900000,22517.84,22645.98,22401.0,22453.64,3164.14216,2022-07-21 14:15:00
1658413800000,22456.4,22518.0,22341.46,22494.6,3553.16503,2022-07-21 14:30:00
1658414700000,22494.66,22573.24,22450.0,22558.2,2370.09377,2022-07-21 14:45:00
1658415600000,22555.31,22632.81,22520.17,22576.15,2120.64703,2022-07-21 15:00:00
1658416500000,22572.94,22622.3,22530.77,22597.31,1516.81174,2022-07-21 15:15:00
1658417400000,22597.31,22679.24,22567.08,22617.49,1618.78654,2022-07-21 15:30:00
1658418300000,22617.49,22671.74,22600.37,22642.34,1158.04775,2022-07-21 15:45:00
1658419200000,22639.37,22973.86,22632.72,22911.23,4236.55038,2022-07-21 16:00:00
1658420100000,22913.28,23096.06,22911.23,23066.6,3768.19917,2022-07-21 16:15:00
1658421000000,23066.61,23199.15,22944.03,22965.79,3473.0582,2022-07-21 16:30:00
1658421900000,22965.79,23084.51,22938.23,23034.0,2121.70288,2022-07-21 16:45:00
1658422800000,23031.27,23207.94,22982.94,23000.91,2895.79559,2022-07-21 17:00:00
1658423700000,23000.91,23107.23,22910.0,22929.24,2209.68165,2022-07-21 17:15:00
1658424600000,22926.3,22979.84,22818.0,22908.81,2407.23939,2022-07-21 17:30:00
1658425500000,22905.58,22918.0,22772.05,22852.28,1723.91113,2022-07-21 17:45:00
1658426400000,22852.28,23005.42,22830.25,22922.37,1531.48342,2022-07-21 18:00:00
1658427300000,22922.37,22965.0,22861.3,22918.21,1175.13027,2022-07-21 18:15:00
1658428200000,22915.8,22957.46,22818.01,22833.96,1149.56591,2022-07-21 18:30:00
1658429100000,22833.96,22937.24,22829.8,22928.77,1000.72813,2022-07-21 18:45:00
1658430000000,22932.32,23166.33,22916.1,23159.21,2741.26444,2022-07-21 19:00:00
1658430900000,23159.21,23178.25,23021.52,23056.0,1502.24895,2022-07-21 19:15:00
1658431800000,23056.0,23098.9,22951.76,23034.05,1389.81372,2022-07-21 19:30:00
1658432700000,23034.05,23200.0,23022.45,23194.4,2167.73694,2022-07-21 19:45:00
1658433600000,23194.4,23308.8,23153.43,23192.73,3166.41783,2022-07-21 20:00:00
1658434500000,23192.73,23215.7,23089.97,23133.98,2350.06201,2022-07-21 20:15:00
1658435400000,23136.31,23284.86,23097.91,23259.07,1576.81372,2022-07-21 20:30:00
1658436300000,23259.07,23282.49,23103.0,23120.65,1992.62749,2022-07-21 20:45:00
1658437200000,23120.65,23148.98,23077.3,23102.38,1090.83242,2022-07-21 21:00:00
1658438100000,23100.0,23199.6,23100.0,23196.65,787.13886,2022-07-21 21:15:00
1658439000000,23196.65,23219.8,23088.88,23155.16,736.9966,2022-07-21 21:30:00
1658439900000,23155.16,23250.0,23144.96,23207.99,843.96424,2022-07-21 21:45:00
1658440800000,23207.99,23231.35,23013.24,23058.5,2164.28938,2022-07-21 22:00:00
1658441700000,23058.5,23105.63,22931.35,23008.71,1913.06937,2022-07-21 22:15:00
1658442600000,23005.05,23047.27,22974.32,22996.4,1007.68261,2022-07-21 22:30:00
1658443500000,22993.89,23054.47,22963.09,23017.08,922.08771,2022-07-21 22:45:00
1658444400000,23017.08,23150.0,23000.17,23089.79,1121.40567,2022-07-21 23:00:00
1658445300000,23092.93,23209.79,23084.12,23185.17,1278.26387,2022-07-21 23:15:00
1658446200000,23185.17,23233.09,23091.51,23127.78,1206.48907,2022-07-21 23:30:00
1658447100000,23126.28,23210.0,23088.75,23152.19,1120.73701,2022-07-21 23:45:00
1658448000000,23152.19,23190.85,23090.0,23185.71,1394.51968,2022-07-22 00:00:00
1658448900000,23185.7,23257.57,23152.0,23228.17,1314.05085,2022-07-22 00:15:00
1658449800000,23230.91,23352.53,23221.0,23282.52,1658.52305,2022-07-22 00:30:00
1658450700000,23282.52,23340.0,23218.0,23270.16,1214.86567,2022-07-22 00:45:00
1658451600000,23269.2,23308.74,23206.73,23223.44,1352.99555,2022-07-22 01:00:00
1658452500000,23221.55,23232.6,23159.94,23205.05,809.85099,2022-07-22 01:15:00
1658453400000,23205.05,23232.43,23100.0,23123.36,1411.21283,2022-07-22 01:30:00
1658454300000,23123.36,23134.87,23066.04,23103.05,943.4138,2022-07-22 01:45:00
1658455200000,23103.05,23134.49,22989.67,23004.99,1294.42716,2022-07-22 02:00:00
1658456100000,23004.99,23070.52,23002.01,23037.8,946.3925,2022-07-22 02:15:00
1658457000000,23041.07,23096.47,23034.8,23059.53,583.04451,2022-07-22 02:30:00
1658457900000,23059.53,23089.0,22962.45,22987.42,886.38082,2022-07-22 02:45:00
1658458800000,22987.42,23043.35,22973.01,23029.45,797.83004,2022-07-22 03:00:00
1658459700000,23027.68,23042.55,22868.04,22897.08,1492.79663,2022-07-22 03:15:00
1658460600000,22894.18,22949.29,22861.43,22932.01,1135.8595,2022-07-22 03:30:00
1658461500000,22933.29,22954.25,22882.57,22909.9,939.28949,2022-07-22 03:45:00
1658462400000,22907.25,22957.28,22879.91,22886.62,879.67753,2022-07-22 04:00:00
1658463300000,22886.62,22952.91,22880.55,22895.32,1020.20539,2022-07-22 04:15:00
1658464200000,22898.13,22923.92,22805.89,22910.95,1119.4362,2022-07-22 04:30:00
1658465100000,22913.47,22992.63,22908.38,22969.85,984.05007,2022-07-22 04:45:00
1658466000000,22968.45,23002.39,22886.94,22949.37,1001.08777,2022-07-22 05:00:00
1658466900000,22952.23,23083.45,22935.67,23047.2,1757.68514,2022-07-22 05:15:00
1658467800000,23047.2,23142.95,23030.98,23087.42,1291.21652,2022-07-22 05:30:00
1658468700000,23087.42,23173.41,23038.0,23146.46,1331.84896,2022-07-22 05:45:00
1658469600000,23148.46,23189.2,23127.2,23135.32,1314.0516,2022-07-22 06:00:00
1658470500000,23135.32,23165.0,23084.06,23107.46,1108.54881,2022-07-22 06:15:00
1658471400000,23107.4,23227.44,23098.36,23165.57,1846.55479,2022-07-22 06:30:00
1658472300000,23165.57,23199.31,23118.71,23166.26,1092.83326,2022-07-22 06:45:00
1658473200000,23166.26,23194.94,23121.54,23173.29,1000.69778,2022-07-22 07:00:00
1658474100000,23172.08,23300.0,23100.1,23265.69,2624.28101,2022-07-22 07:15:00
1658475000000,23265.69,23320.0,23056.13,23084.09,2810.729,2022-07-22 07:30:00
1658475900000,23084.09,23151.82,23015.0,23118.79,2051.42856,2022-07-22 07:45:00
1658476800000,23121.63,23222.0,23068.0,23196.22,2013.57507,2022-07-22 08:00:00
1658477700000,23196.22,23296.32,23151.0,23279.84,1869.83225,2022-07-22 08:15:00
1658478600000,23281.77,23317.46,23173.93,23201.2,3271.22264,2022-07-22 08:30:00
1658479500000,23203.37,23320.0,23164.77,23301.73,2065.72708,2022-07-22 08:45:00
1658480400000,23304.92,23479.99,23262.72,23434.61,5748.92528,2022-07-22 09:00:00
1658481300000,23434.61,23498.73,23415.36,23489.53,2693.16811,2022-07-22 09:15:00
1658482200000,23489.53,23497.66,23396.0,23427.48,1986.10092,2022-07-22 09:30:00
1658483100000,23427.48,23524.52,23415.0,23448.78,1815.89363,2022-07-22 09:45:00
1658484000000,23450.64,23485.66,23422.14,23476.5,1292.46115,2022-07-22 10:00:00
1658484900000,23476.5,23516.17,23413.04,23458.03,1521.31482,2022-07-22 10:15:00
1658485800000,23459.24,23590.56,23450.0,23536.33,2126.86575,2022-07-22 10:30:00
1658486700000,23536.33,23562.36,23427.51,23438.05,1461.54109,2022-07-22 10:45:00
1658487600000,23434.38,23467.69,23404.01,23452.12,1297.2142,2022-07-22 11:00:00
1658488500000,23451.11,23529.31,23421.6,23512.97,1504.32897,2022-07-22 11:15:00
1658489400000,23512.97,23572.33,23477.19,23555.63,1284.39967,2022-07-22 11:30:00
1658490300000,23555.63,23634.4,23496.79,23610.58,2337.70297,2022-07-22 11:45:00
1658491200000,23612.15,23651.58,23573.0,23605.49,1811.06968,2022-07-22 12:00:00
1658492100000,23605.49,23683.94,23593.74,23640.6,2315.3901,2022-07-22 12:15:00
1658493000000,23638.41,23696.95,23621.51,23675.46,1536.57381,2022-07-22 12:30:00
1658493900000,23675.46,23682.99,23558.59,23590.07,2012.32484,2022-07-22 12:45:00
1658494800000,23588.13,23670.0,23575.0,23651.5,1517.48712,2022-07-22 13:00:00
1658495700000,23648.87,23695.7,23492.56,23559.08,2432.24214,2022-07-22 13:15:00
1658496600000,23559.08,23599.47,23430.0,23565.95,3549.44795,2022-07-22 13:30:00
1658497500000,23565.95,23756.49,23440.0,23456.28,4807.14577,2022-07-22 13:45:00
1658498400000,23456.27,23522.31,23327.29,23492.73,4564.05477,2022-07-22 14:00:00
1658499300000,23496.54,23538.2,23429.34,23489.95,3144.8735,2022-07-22 14:15:00
1658500200000,23488.0,23559.98,23445.34,23500.57,2716.10799,2022-07-22 14:30:00
1658501100000,23502.59,23675.36,23498.09,23661.82,2577.99894,2022-07-22 14:45:00
1658502000000,23664.07,23665.59,23512.83,23599.02,2183.42662,2022-07-22 15:00:00
1658502900000,23597.83,23601.67,23365.83,23393.24,2644.37443,2022-07-22 15:15:00
1658503800000,23393.24,23396.1,23227.81,23259.38,3657.19933,2022-07-22 15:30:00
1658504700000,23257.91,23320.66,23232.31,23290.68,1847.55555,2022-07-22 15:45:00
1658505600000,23290.71,23344.62,23157.22,23185.26,2928.35216,2022-07-22 16:00:00
1658506500000,23187.79,23195.48,23075.0,23170.69,2697.07764,2022-07-22 16:15:00
1658507400000,23175.26,23220.0,23050.09,23109.4,2742.11926,2022-07-22 16:30:00
1658508300000,23106.91,23163.0,23058.35,23108.14,1562.23562,2022-07-22 16:45:00
1658509200000,23110.53,23199.0,23072.72,23095.58,1980.14799,2022-07-22 17:00:00
1658510100000,23095.58,23111.76,22956.39,23016.84,2759.74236,2022-07-22 17:15:00
1658511000000,23016.84,23029.66,22887.0,22967.77,2497.14959,2022-07-22 17:30:00
1658511900000,22967.77,23030.91,22915.0,23017.79,2126.24752,2022-07-22 17:45:00
1658512800000,23017.79,23024.59,22915.0,22968.41,1558.89803,2022-07-22 18:00:00
1658513700000,22966.01,23036.44,22961.78,23013.79,1341.2209,2022-07-22 18:15:00
1658514600000,23011.01,23056.31,22968.58,22991.54,1357.32209,2022-07-22 18:30:00
1658515500000,22989.85,23071.65,22985.0,23026.01,1191.2082,2022-07-22 18:45:00
1658516400000,23026.01,23105.88,23007.0,23102.35,1490.95565,2022-07-22 19:00:00
1658517300000,23105.21,23138.45,23081.57,23117.07,1132.0923,2022-07-22 19:15:00
1658518200000,23117.07,23124.16,22623.0,22667.5,5807.13441,2022-07-22 19:30:00
1658519100000,22667.5,22725.93,22543.64,22586.26,3705.28356,2022-07-22 19:45:00
1658520000000,22582.88,22700.55,22558.69,22679.61,2075.19209,2022-07-22 20:00:00
1658520900000,22679.61,22722.0,22634.0,22685.61,1302.62548,2022-07-22 20:15:00
1658521800000,22685.61,22729.9,22511.35,22556.78,1948.531,2022-07-22 20:30:00
1658522700000,22556.78,22611.1,22500.0,22604.97,1651.80303,2022-07-22 20:45:00
1658523600000,22603.36,22740.85,22572.33,22699.98,1305.56771,2022-07-22 21:00:00
1658524500000,22699.49,22715.25,22674.83,22712.89,679.40626,2022-07-22 21:15:00
1658525400000,22712.89,22785.95,22684.82,22732.67,600.99736,2022-07-22 21:30:00
1658526300000,22731.04,22759.1,22700.26,22737.99,657.91097,2022-07-22 21:45:00
1658527200000,22737.99,22780.18,22637.31,22703.07,1127.46776,2022-07-22 22:00:00
1658528100000,22703.07,22724.12,22650.0,22651.63,664.60326,2022-07-22 22:15:00
1658529000000,22651.63,22721.48,22650.0,22679.09,515.65737,2022-07-22 22:30:00
1658529900000,22679.09,22744.12,22673.29,22726.27,568.09037,2022-07-22 22:45:00
1658530800000,22724.27,22760.0,22653.91,22690.85,631.94248,2022-07-22 23:00:00
1658531700000,22688.24,22733.09,22667.68,22716.87,577.0347,2022-07-22 23:15:00
1658532600000,22716.87,22770.07,22676.78,22682.18,822.95945,2022-07-22 23:30:00
1658533500000,22679.61,22721.02,22657.18,22684.83,574.13149,2022-07-22 23:45:00
1658534400000,22684.83,22734.0,22550.14,22714.03,1564.68131,2022-07-23 00:00:00
1658535300000,22711.08,22750.0,22678.36,22749.58,1004.54425,2022-07-23 00:15:00
1658536200000,22749.59,22818.97,22730.64,22744.57,1133.67701,2022-07-23 00:30:00
1658537100000,22743.14,22775.94,22717.11,22767.19,600.46334,2022-07-23 00:45:00
1658538000000,22766.55,22804.39,22736.33,22739.27,596.23797,2022-07-23 01:00:00
1658538900000,22739.61,22818.37,22736.55,22809.26,804.64089,2022-07-23 01:15:00
1658539800000,22809.26,22860.36,22771.06,22850.52,856.29803,2022-07-23 01:30:00
1658540700000,22850.52,22855.04,22765.59,22787.77,825.50801,2022-07-23 01:45:00
1658541600000,22787.77,22866.48,22774.18,22847.81,856.87269,2022-07-23 02:00:00
1658542500000,22847.81,22888.0,22801.34,22881.17,907.00877,2022-07-23 02:15:00
1658543400000,22881.17,22904.39,22855.99,22883.96,999.85642,2022-07-23 02:30:00
1658544300000,22882.5,22884.99,22810.5,22834.24,711.25477,2022-07-23 02:45:00
1658545200000,22833.04,22876.26,22814.53,22861.24,663.38086,2022-07-23 03:00:00
1658546100000,22861.24,22869.51,22815.17,22863.5,541.01509,2022-07-23 03:15:00
1658547000000,22862.46,22902.5,22835.84,22880.45,970.16669,2022-07-23 03:30:00
1658547900000,22880.45,22890.76,22795.22,22808.55,792.16747,2022-07-23 03:45:00
1658548800000,22808.55,22818.71,22733.73,22737.52,1313.67431,2022-07-23 04:00:00
1658549700000,22738.72,22763.26,22727.54,22752.14,704.85675,2022-07-23 04:15:00
1658550600000,22752.14,22974.05,22746.72,22949.1,2053.44697,2022-07-23 04:30:00
1658551500000,22949.1,22987.93,22880.04,22895.4,1584.25855,2022-07-23 04:45:00
1658552400000,22896.56,23000.77,22868.21,22973.78,1580.95574,2022-07-23 05:00:00
1658553300000,22973.78,22994.45,22921.0,22936.98,812.36066,2022-07-23 05:15:00
1658554200000,22936.98,22942.19,22876.54,22883.26,902.36958,2022-07-23 05:30:00
1658555100000,22883.26,22950.0,22842.65,22902.46,1156.9128,2022-07-23 05:45:00
1658556000000,22902.46,22924.42,22875.04,22892.13,620.4281,2022-07-23 06:00:00
1658556900000,22892.13,22899.99,22856.41,22868.98,645.22319,2022-07-23 06:15:00
1658557800000,22868.0,22910.46,22810.0,22857.19,807.77154,2022-07-23 06:30:00
1658558700000,22856.27,22935.97,22812.74,22827.46,1174.746,2022-07-23 06:45:00
1658559600000,22827.46,22846.4,22675.12,22753.54,2029.31457,2022-07-23 07:00:00
1658560500000,22752.15,22805.99,22685.99,22795.1,1756.80553,2022-07-23 07:15:00
1658561400000,22795.1,22807.9,22745.15,22757.34,902.24477,2022-07-23 07:30:00
1658562300000,22755.86,22781.99,22711.92,22770.52,889.04522,2022-07-23 07:45:00
1658563200000,22771.94,22860.2,22768.61,22844.86,1355.54756,2022-07-23 08:00:00
1658564100000,22845.67,22877.26,22762.68,22853.72,1352.60529,2022-07-23 08:15:00
1658565000000,22855.29,22869.4,22830.0,22850.91,768.14108,2022-07-23 08:30:00
1658565900000,22849.27,22857.2,22561.72,22610.54,3052.7223,2022-07-23 08:45:00
1658566800000,22608.56,22668.83,22524.36,22663.36,2999.23164,2022-07-23 09:00:00
1658567700000,22668.17,22685.35,22565.42,22670.69,1769.16354,2022-07-23 09:15:00
1658568600000,22670.69,22696.34,22615.83,22688.73,935.7289,2022-07-23 09:30:00
1658569500000,22690.18,22700.97,22624.0,22666.17,831.10665,2022-07-23 09:45:00
1658570400000,22666.17,22703.85,22634.87,22696.83,772.39476,2022-07-23 10:00:00
1658571300000,22696.83,22717.31,22661.52,22677.9,751.42126,2022-07-23 10:15:00
1658572200000,22677.9,22684.77,22405.26,22462.48,2944.16016,2022-07-23 10:30:00
1658573100000,22465.77,22561.56,22409.5,22516.58,2141.85459,2022-07-23 10:45:00
1658574000000,22516.58,22540.0,22375.06,22418.0,1904.21201,2022-07-23 11:00:00
1658574900000,22416.14,22505.11,22355.0,22494.63,1874.19585,2022-07-23 11:15:00
1658575800000,22494.63,22502.88,22230.91,22255.31,3067.44326,2022-07-23 11:30:00
1658576700000,22255.31,22305.74,22210.67,22227.53,2388.8104,2022-07-23 11:45:00
1658577600000,22230.28,22288.56,22087.04,22268.38,4408.52282,2022-07-23 12:00:00
1658578500000,22270.83,22310.27,22224.71,22286.28,1776.61725,2022-07-23 12:15:00
1658579400000,22283.12,22364.29,22257.87,22293.63,1509.86329,2022-07-23 12:30:00
1658580300000,22292.62,22334.6,22251.16,22280.96,906.53801,2022-07-23 12:45:00
1658581200000,22282.72,22334.36,22264.38,22331.07,642.75465,2022-07-23 13:00:00
1658582100000,22333.81,22361.56,22286.19,22314.3,1126.98248,2022-07-23 13:15:00
1658583000000,22314.3,22339.16,22286.0,22316.84,697.23683,2022-07-23 13:30:00
1658583900000,22315.07,22389.53,22308.73,22341.04,990.08884,2022-07-23 13:45:00
1658584800000,22339.97,22349.59,22277.23,22305.0,900.74182,2022-07-23 14:00:00
1658585700000,22303.12,22363.6,22227.21,22240.87,1133.7408,2022-07-23 14:15:00
1658586600000,22239.73,22295.02,22220.22,22259.67,1142.23812,2022-07-23 14:30:00
1658587500000,22259.67,22271.72,22039.89,22150.14,1977.06805,2022-07-23 14:45:00
1658588400000,22147.7,22307.5,22137.34,22279.57,1644.92848,2022-07-23 15:00:00
1658589300000,22279.57,22294.47,22132.75,22166.93,1114.90578,2022-07-23 15:15:00
1658590200000,22166.93,22243.29,22117.42,22177.78,1116.65931,2022-07-23 15:30:00
1658591100000,22180.96,22228.47,22134.76,22215.61,1108.13875,2022-07-23 15:45:00
1658592000000,22216.9,22269.97,22186.18,22258.91,972.39955,2022-07-23 16:00:00
1658592900000,22256.87,22290.0,22242.28,22268.03,873.48733,2022-07-23 16:15:00
1658593800000,22269.66,22290.57,22177.01,22262.61,927.69343,2022-07-23 16:30:00
1658594700000,22261.24,22276.18,22174.22,22189.54,812.43468,2022-07-23 16:45:00
1658595600000,22189.54,22256.58,22084.18,22106.33,1609.08963,2022-07-23 17:00:00
1658596500000,22106.33,22173.59,22020.0,22141.02,1956.54973,2022-07-23 17:15:00
1658597400000,22141.02,22147.42,22022.7,22035.04,1463.83577,2022-07-23 17:30:00
1658598300000,22035.04,22077.54,21947.22,22033.92,2025.61017,2022-07-23 17:45:00
1658599200000,22031.84,22157.97,21934.57,22156.96,2296.56992,2022-07-23 18:00:00
1658600100000,22154.39,22239.18,22140.25,22227.16,1379.47928,2022-07-23 18:15:00
1658601000000,22226.96,22231.42,22146.0,22182.41,815.19896,2022-07-23 18:30:00
1658601900000,22184.1,22187.32,22055.81,22076.02,1804.16009,2022-07-23 18:45:00
1658602800000,22076.02,22195.96,22031.31,22084.1,1654.28764,2022-07-23 19:00:00
1658603700000,22080.62,22173.94,22050.53,22171.84,807.61154,2022-07-23 19:15:00
1658604600000,22173.79,22265.65,22154.47,22236.64,978.51665,2022-07-23 19:30:00
1658605500000,22240.48,22332.0,22229.15,22272.5,1432.14026,2022-07-23 19:45:00
1658606400000,22272.5,22380.69,22244.73,22323.88,1596.82962,2022-07-23 20:00:00
1658607300000,22322.09,22345.48,22263.31,22279.26,666.858,2022-07-23 20:15:00
1658608200000,22279.26,22323.48,22270.89,22294.99,455.71564,2022-07-23 20:30:00
1658609100000,22295.97,22345.65,22273.17,22325.82,647.61549,2022-07-23 20:45:00
1658610000000,22323.02,22360.16,22261.03,22292.73,1051.24456,2022-07-23 21:00:00
1658610900000,22292.73,22324.99,22268.98,22296.98,459.08446,2022-07-23 21:15:00
1658611800000,22296.49,22302.64,22225.64,22262.72,393.42234,2022-07-23 21:30:00
1658612700000,22262.72,22267.75,22221.54,22243.32,364.41544,2022-07-23 21:45:00
1658613600000,22244.84,22308.47,22231.89,22270.13,789.43069,2022-07-23 22:00:00
1658614500000,22267.47,22473.75,22262.79,22407.07,2458.48878,2022-07-23 22:15:00
1658615400000,22407.07,22517.1,22405.92,22437.92,1949.18895,2022-07-23 22:30:00
1658616300000,22437.92,22501.51,22429.11,22469.08,1010.8434,2022-07-23 22:45:00
1658617200000,22469.08,22548.0,22447.01,22508.51,1618.11685,2022-07-23 23:00:00
1658618100000,22506.04,22528.28,22451.4,22499.97,927.61342,2022-07-23 23:15:00
1658619000000,22499.97,22559.0,22455.52,22460.54,996.66676,2022-07-23 23:30:00
1658619900000,22460.54,22508.79,22426.72,22451.07,1075.22234,2022-07-23 23:45:00
1658620800000,22448.58,22677.37,22448.58,22622.62,2729.0083,2022-07-24 00:00:00
1658621700000,22625.3,22639.29,22546.56,22593.18,1179.70205,2022-07-24 00:15:00
1658622600000,22593.18,22626.31,22554.88,22559.14,761.96509,2022-07-24 00:30:00
1658623500000,22557.81,22573.52,22541.72,22549.18,675.76856,2022-07-24 00:45:00
1658624400000,22550.51,22589.28,22513.02,22521.39,667.56073,2022-07-24 01:00:00
1658625300000,22521.39,22569.07,22512.0,22524.4,691.87125,2022-07-24 01:15:00
1658626200000,22522.87,22545.0,22405.45,22426.5,1296.33961,2022-07-24 01:30:00
1658627100000,22429.28,22448.6,22372.54,22423.58,949.99525,2022-07-24 01:45:00
1658628000000,22426.04,22433.11,22360.1,22393.81,759.74606,2022-07-24 02:00:00
1658628900000,22392.12,22415.2,22348.46,22410.26,1007.65474,2022-07-24 02:15:00
1658629800000,22408.51,22458.59,22408.46,22420.85,743.23207,2022-07-24 02:30:00
1658630700000,22422.0,22483.28,22385.5,22469.09,774.49754,2022-07-24 02:45:00
1658631600000,22469.09,22476.13,22389.71,22400.37,734.57422,2022-07-24 03:00:00
1658632500000,22400.37,22407.56,22313.0,22351.48,750.58991,2022-07-24 03:15:00
1658633400000,22350.67,22377.06,22288.0,22339.83,789.97025,2022-07-24 03:30:00
1658634300000,22339.83,22356.77,22317.67,22331.86,448.59504,2022-07-24 03:45:00
1658635200000,22331.86,22387.73,22257.15,22327.62,1033.18542,2022-07-24 04:00:00
1658636100000,22327.62,22356.35,22316.61,22348.7,499.09095,2022-07-24 04:15:00
1658637000000,22348.7,22405.24,22348.43,22391.65,663.3416,2022-07-24 04:30:00
1658637900000,22389.96,22412.43,22360.69,22396.51,533.07503,2022-07-24 04:45:00
1658638800000,22396.51,22582.08,22390.24,22572.05,1440.90714,2022-07-24 05:00:00
1658639700000,22571.27,22694.53,22560.0,22641.22,3231.76441,2022-07-24 05:15:00
1658640600000,22641.22,22787.21,22585.14,22773.99,2158.99118,2022-07-24 05:30:00
1658641500000,22772.34,22786.98,22727.11,22749.98,1235.38106,2022-07-24 05:45:00
1658642400000,22748.92,22768.36,22682.16,22701.53,1082.42523,2022-07-24 06:00:00
1658643300000,22701.8,22765.03,22666.01,22739.71,1756.29031,2022-07-24 06:15:00
1658644200000,22739.71,22744.91,22639.59,22652.28,976.66113,2022-07-24 06:30:00
1658645100000,22652.28,22684.0,22631.14,22679.0,1010.19084,2022-07-24 06:45:00
1658646000000,22680.38,22839.99,22667.13,22744.71,2093.71124,2022-07-24 07:00:00
1658646900000,22744.71,22792.74,22719.08,22738.63,874.60339,2022-07-24 07:15:00
1658647800000,22737.0,22767.9,22687.96,22761.48,1220.06419,2022-07-24 07:30:00
1658648700000,22763.48,22777.49,22690.0,22701.6,1072.84453,2022-07-24 07:45:00
1658649600000,22704.09,22744.37,22627.88,22671.28,1330.24497,2022-07-24 08:00:00
1658650500000,22670.46,22676.97,22590.01,22625.72,1004.66598,2022-07-24 08:15:00
1658651400000,22625.72,22652.1,22566.0,22636.98,1225.29191,2022-07-24 08:30:00
1658652300000,22638.47,22700.0,22605.47,22681.91,1127.08521,2022-07-24 08:45:00
1658653200000,22681.91,22705.12,22649.97,22664.19,996.92173,2022-07-24 09:00:00
1658654100000,22665.72,22763.36,22661.82,22715.37,1084.59873,2022-07-24 09:15:00
1658655000000,22715.37,22744.12,22661.37,22676.18,864.20148,2022-07-24 09:30:00
1658655900000,22676.18,22682.21,22598.5,22617.09,848.37471,2022-07-24 09:45:00
1658656800000,22618.27,22637.99,22605.3,22624.01,557.88158,2022-07-24 10:00:00
1658657700000,22624.07,22681.1,22588.11,22656.1,858.52433,2022-07-24 10:15:00
1658658600000,22654.5,22673.4,22492.72,22503.22,1733.8584,2022-07-24 10:30:00
1658659500000,22499.53,22547.0,22480.0,22521.8,1016.18744,2022-07-24 10:45:00
1658660400000,22521.8,22799.91,22507.74,22781.96,2053.09383,2022-07-24 11:00:00
1658661300000,22784.72,22822.81,22709.74,22746.95,2109.79883,2022-07-24 11:15:00
1658662200000,22745.51,22768.0,22658.5,22708.82,1493.57537,2022-07-24 11:30:00
1658663100000,22708.82,22718.2,22645.71,22657.63,1030.90942,2022-07-24 11:45:00
1658664000000,22657.63,22745.88,22596.42,22740.4,1517.07639,2022-07-24 12:00:00
1658664900000,22740.4,22774.56,22697.37,22723.49,1160.95548,2022-07-24 12:15:00
1658665800000,22723.49,22729.69,22570.0,22582.74,1329.9053,2022-07-24 12:30:00
1658666700000,22584.42,22631.0,22444.0,22495.59,2316.67658,2022-07-24 12:45:00
1658667600000,22495.59,22550.0,22447.44,22540.76,1360.35472,2022-07-24 13:00:00
1658668500000,22540.76,22592.78,22481.13,22586.24,868.4807,2022-07-24 13:15:00
1658669400000,22586.24,22597.92,22481.01,22518.19,941.41907,2022-07-24 13:30:00
1658670300000,22516.78,22583.9,22495.18,22569.34,879.8157,2022-07-24 13:45:00
1658671200000,22567.75,22672.0,22533.73,22595.56,1718.29071,2022-07-24 14:00:00
1658672100000,22595.56,22788.7,22591.15,22760.02,2837.50604,2022-07-24 14:15:00
1658673000000,22758.22,22799.0,22715.45,22740.2,1404.53432,2022-07-24 14:30:00
1658673900000,22740.2,22800.0,22693.38,22774.3,1419.07861,2022-07-24 14:45:00
1658674800000,22774.3,22911.31,22741.4,22861.31,1848.04454,2022-07-24 15:00:00
1658675700000,22861.31,22883.74,22798.0,22849.59,1278.62322,2022-07-24 15:15:00
1658676600000,22848.79,22849.58,22771.23,22824.5,1381.65332,2022-07-24 15:30:00
1658677500000,22823.5,22875.0,22819.79,22847.08,996.82311,2022-07-24 15:45:00
1658678400000,22847.08,22880.87,22684.58,22711.65,2461.69932,2022-07-24 16:00:00
1658679300000,22712.69,22733.99,22630.0,22661.44,1482.12692,2022-07-24 16:15:00
1658680200000,22663.82,22732.72,22630.04,22723.24,1066.72018,2022-07-24 16:30:00
1658681100000,22722.09,22726.62,22669.0,22709.01,621.15479,2022-07-24 16:45:00
1658682000000,22709.01,22821.41,22694.56,22784.71,1097.30739,2022-07-24 17:00:00
1658682900000,22781.76,22852.47,22781.76,22814.65,1201.13853,2022-07-24 17:15:00
1658683800000,22814.65,22818.09,22661.76,22791.74,1426.35767,2022-07-24 17:30:00
1658684700000,22791.74,22793.3,22733.11,22772.14,624.72771,2022-07-24 17:45:00
1658685600000,22772.14,22787.39,22714.42,22751.83,672.41317,2022-07-24 18:00:00
1658686500000,22751.83,22794.55,22729.93,22741.58,604.30695,2022-07-24 18:15:00
1658687400000,22743.35,22753.22,22680.0,22705.76,830.84126,2022-07-24 18:30:00
1658688300000,22705.76,22745.06,22687.96,22712.48,610.30206,2022-07-24 18:45:00
1658689200000,22712.48,22785.97,22680.0,22755.25,744.95685,2022-07-24 19:00:00
1658690100000,22755.25,22774.99,22663.44,22750.95,1010.44202,2022-07-24 19:15:00
1658691000000,22748.18,22803.84,22744.3,22768.01,766.49055,2022-07-24 19:30:00
1658691900000,22769.98,22787.35,22685.42,22700.4,714.19764,2022-07-24 19:45:00
1658692800000,22699.12,22736.63,22677.3,22681.94,707.35877,2022-07-24 20:00:00
1658693700000,22681.94,22724.37,22670.21,22710.7,695.29694,2022-07-24 20:15:00
1658694600000,22710.7,22805.69,22691.31,22801.65,769.12265,2022-07-24 20:30:00
1658695500000,22799.15,22801.87,22716.65,22718.33,547.24046,2022-07-24 20:45:00
1658696400000,22718.33,22787.61,22671.41,22741.35,954.37816,2022-07-24 21:00:00
1658697300000,22739.19,22803.66,22722.49,22746.95,631.4692,2022-07-24 21:15:00
1658698200000,22746.95,22828.02,22745.93,22792.94,706.22831,2022-07-24 21:30:00
1658699100000,22790.77,22828.02,22777.49,22808.44,673.19339,2022-07-24 21:45:00
1658700000000,22806.47,22886.41,22751.27,22853.6,1508.05544,2022-07-24 22:00:00
1658700900000,22851.04,22871.52,22810.99,22825.0,813.63382,2022-07-24 22:15:00
1658701800000,22825.0,23014.64,22817.03,22993.66,2532.86759,2022-07-24 22:30:00
1658702700000,22993.66,23005.42,22555.27,22657.2,4053.69108,2022-07-24 22:45:00
1658703600000,22661.22,22693.99,22513.7,22692.01,2207.53991,2022-07-24 23:00:00
1658704500000,22689.29,22758.81,22616.92,22743.01,1534.63189,2022-07-24 23:15:00
1658705400000,22744.32,22759.56,22649.44,22662.69,1182.08981,2022-07-24 23:30:00
1658706300000,22660.27,22681.64,22555.84,22579.68,1299.64229,2022-07-24 23:45:00
1658707200000,22577.13,22633.95,22545.42,22621.36,1763.86075,2022-07-25 00:00:00
1658708100000,22621.36,22666.0,22365.0,22377.85,3032.54545,2022-07-25 00:15:00
1658709000000,22380.66,22432.34,22338.83,22365.46,2307.08151,2022-07-25 00:30:00
1658709900000,22365.46,22397.98,22264.79,22320.27,2288.81429,2022-07-25 00:45:00
1658710800000,22322.47,22324.5,22226.0,22293.95,1615.25579,2022-07-25 01:00:00
1658711700000,22291.33,22328.15,22212.06,22237.58,1305.69125,2022-07-25 01:15:00
1658712600000,22235.81,22281.18,22121.16,22202.67,2041.91436,2022-07-25 01:30:00
1658713500000,22202.67,22223.65,22117.48,22205.42,1738.90016,2022-07-25 01:45:00
1658714400000,22205.55,22211.42,22111.0,22197.91,1721.29768,2022-07-25 02:00:00
1658715300000,22199.44,22210.0,21974.71,22045.74,3424.57685,2022-07-25 02:15:00
1658716200000,22047.89,22048.37,21863.0,21956.63,3125.94886,2022-07-25 02:30:00
1658717100000,21958.67,22020.0,21909.77,21953.27,1537.00548,2022-07-25 02:45:00
1658718000000,21951.46,21958.03,21901.6,21932.97,1279.30784,2022-07-25 03:00:00
1658718900000,21932.97,21935.87,21807.34,21867.75,2205.40234,2022-07-25 03:15:00
1658719800000,21870.24,21907.49,21824.71,21836.28,1595.97095,2022-07-25 03:30:00
1658720700000,21838.41,21880.76,21753.57,21867.75,2135.46184,2022-07-25 03:45:00
1658721600000,21867.75,21877.04,21737.82,21823.87,2322.9106,2022-07-25 04:00:00
1658722500000,21823.87,21862.67,21791.94,21837.99,1616.27782,2022-07-25 04:15:00
1658723400000,21837.99,21847.82,21789.21,21807.92,1217.10953,2022-07-25 04:30:00
1658724300000,21807.92,21912.2,21795.78,21894.8,1492.43641,2022-07-25 04:45:00
1658725200000,21892.53,21933.64,21849.96,21908.46,1577.59959,2022-07-25 05:00:00
1658726100000,21908.47,21943.43,21808.01,21818.66,1683.96817,2022-07-25 05:15:00
1658727000000,21817.26,21908.07,21808.01,21902.88,1393.40872,2022-07-25 05:30:00
1658727900000,21904.58,21934.05,21868.87,21913.69,864.23801,2022-07-25 05:45:00
1658728800000,21915.22,21931.9,21895.49,21930.62,975.59072,2022-07-25 06:00:00
1658729700000,21930.62,21948.0,21867.72,21906.79,1859.06722,2022-07-25 06:15:00
1658730600000,21905.33,21927.2,21820.15,21831.83,1627.64768,2022-07-25 06:30:00
1658731500000,21834.14,21922.32,21825.0,21910.67,1484.81038,2022-07-25 06:45:00
1658732400000,21910.67,21999.0,21880.4,21997.53,1367.27847,2022-07-25 07:00:00
1658733300000,21997.53,22002.62,21895.97,21927.21,1470.49708,2022-07-25 07:15:00
1658734200000,21927.21,21974.22,21907.2,21952.94,864.00407,2022-07-25 07:30:00
1658735100000,21950.71,21980.0,21947.09,21962.33,771.95004,2022-07-25 07:45:00
1658736000000,21962.33,21987.18,21900.0,21905.28,1144.87992,2022-07-25 08:00:00
1658736900000,21907.58,21940.0,21871.49,21888.94,1155.97267,2022-07-25 08:15:00
1658737800000,21887.83,22042.56,21868.36,22019.0,1714.94858,2022-07-25 08:30:00
1658738700000,22020.66,22107.63,22001.52,22049.0,2872.69794,2022-07-25 08:45:00
1658739600000,22050.75,22110.98,22031.56,22052.94,1719.3096,2022-07-25 09:00:00
1658740500000,22053.36,22066.98,22000.0,22010.73,1319.70051,2022-07-25 09:15:00
1658741400000,22009.48,22074.95,22004.48,22042.77,1228.75235,2022-07-25 09:30:00
1658742300000,22044.75,22052.96,21983.44,21999.44,1211.1686,2022-07-25 09:45:00
1658743200000,21999.44,22017.59,21960.72,21980.1,1270.15254,2022-07-25 10:00:00
1658744100000,21981.46,22058.78,21970.36,22041.62,1236.95223,2022-07-25 10:15:00
1658745000000,22041.62,22055.58,22000.0,22050.23,1012.64802,2022-07-25 10:30:00
1658745900000,22050.23,22081.6,22039.26,22051.51,1174.73411,2022-07-25 10:45:00
1658746800000,22051.51,22103.62,21991.55,21997.87,1588.3827,2022-07-25 11:00:00
1658747700000,21997.87,22024.6,21940.44,21983.61,1267.92188,2022-07-25 11:15:00
1658748600000,21983.6,22016.89,21963.33,21995.0,867.87552,2022-07-25 11:30:00
1658749500000,21995.0,22019.73,21913.46,21941.25,1262.08421,2022-07-25 11:45:00
1658750400000,21942.18,21949.28,21814.4,21886.18,2231.47965,2022-07-25 12:00:00
1658751300000,21886.48,21948.49,21866.37,21911.5,1312.98161,2022-07-25 12:15:00
1658752200000,21909.35,21950.56,21894.3,21914.25,1031.75328,2022-07-25 12:30:00
1658753100000,21916.24,21994.23,21878.42,21976.18,1270.56216,2022-07-25 12:45:00
1658754000000,21973.74,22000.0,21862.34,21883.39,1355.43184,2022-07-25 13:00:00
1658754900000,21885.32,22003.12,21833.01,21930.41,2354.26455,2022-07-25 13:15:00
1658755800000,21932.35,21980.0,21767.3,21904.88,3897.4667,2022-07-25 13:30:00
1658756700000,21907.72,21947.95,21844.02,21899.76,2303.50559,2022-07-25 13:45:00
1658757600000,21899.68,21932.95,21796.28,21806.35,2343.23986,2022-07-25 14:00:00
1658758500000,21806.35,21868.52,21683.4,21767.8,3372.21538,2022-07-25 14:15:00
1658759400000,21771.24,21857.0,21723.11,21846.04,2455.27378,2022-07-25 14:30:00
1658760300000,21846.04,21906.27,21808.64,21886.42,1667.06609,2022-07-25 14:45:00
1658761200000,21885.75,21932.27,21775.11,21783.69,1926.66494,2022-07-25 15:00:00
1658762100000,21783.69,21830.44,21748.05,21817.84,2209.14176,2022-07-25 15:15:00
1658763000000,21821.54,21901.48,21816.17,21896.39,1370.75957,2022-07-25 15:30:00
1658763900000,21896.39,21914.96,21857.26,21895.79,1057.29621,2022-07-25 15:45:00
1658764800000,21893.94,21982.75,21882.19,21928.71,1979.7042,2022-07-25 16:00:00
1658765700000,21928.71,21962.0,21861.83,21882.23,1496.34749,2022-07-25 16:15:00
1658766600000,21882.4,21926.59,21837.77,21924.93,1097.18943,2022-07-25 16:30:00
1658767500000,21921.37,21978.94,21914.32,21952.2,1536.04683,2022-07-25 16:45:00
1658768400000,21951.48,22021.47,21949.68,21970.76,1087.0383,2022-07-25 17:00:00
1658769300000,21971.77,21998.77,21933.67,21985.11,1071.78668,2022-07-25 17:15:00
1658770200000,21985.11,22010.01,21900.01,21928.34,1158.02605,2022-07-25 17:30:00
1658771100000,21928.34,21941.34,21838.9,21863.12,1416.10338,2022-07-25 17:45:00
1658772000000,21863.12,21885.96,21777.0,21861.64,1482.78149,2022-07-25 18:00:00
1658772900000,21859.38,21900.0,21832.8,21874.02,914.59579,2022-07-25 18:15:00
1658773800000,21874.02,21942.62,21860.95,21896.48,1128.36268,2022-07-25 18:30:00
1658774700000,21896.48,21903.38,21801.73,21824.28,1137.36649,2022-07-25 18:45:00
1658775600000,21824.28,21831.1,21613.07,21656.86,3566.18857,2022-07-25 19:00:00
1658776500000,21657.39,21707.39,21625.46,21631.37,1965.11003,2022-07-25 19:15:00
1658777400000,21634.04,21696.09,21552.53,21677.69,3096.97541,2022-07-25 19:30:00
1658778300000,21677.69,21905.56,21656.62,21890.17,3066.84468,2022-07-25 19:45:00
1658779200000,21892.66,22200.0,21886.27,22169.0,5425.04301,2022-07-25 20:00:00
1658780100000,22166.41,22219.77,22053.82,22114.59,2698.58916,2022-07-25 20:15:00
1658781000000,22114.59,22259.98,22070.39,22245.32,3263.21423,2022-07-25 20:30:00
1658781900000,22245.32,22255.25,22080.0,22167.91,2223.0643,2022-07-25 20:45:00
1658782800000,22167.91,22188.44,22063.84,22156.81,1987.9615,2022-07-25 21:00:00
1658783700000,22159.43,22163.42,22075.69,22091.04,924.37745,2022-07-25 21:15:00
1658784600000,22091.04,22133.27,22030.0,22047.42,713.49299,2022-07-25 21:30:00
1658785500000,22048.57,22058.27,21962.86,22025.2,1073.4647,2022-07-25 21:45:00
1658786400000,22022.79,22028.14,21841.41,21867.97,2569.354,2022-07-25 22:00:00
1658787300000,21865.39,21896.22,21600.0,21623.15,4277.39327,2022-07-25 22:15:00
1658788200000,21625.47,21689.55,21509.79,21672.01,4324.46592,2022-07-25 22:30:00
1658789100000,21672.01,21749.51,21610.0,21658.38,2642.94007,2022-07-25 22:45:00
1658790000000,21661.66,21690.35,21584.71,21660.99,2006.00241,2022-07-25 23:00:00
1658790900000,21662.7,21759.98,21631.59,21638.51,2020.76173,2022-07-25 23:15:00
1658791800000,21638.51,21667.17,21556.29,21612.41,1540.48842,2022-07-25 23:30:00
1658792700000,21611.35,21623.43,21250.0,21310.9,5538.57151,2022-07-25 23:45:00
1658793600000,21310.9,21347.82,21166.0,21222.18,4294.17314,2022-07-26 00:00:00
1658794500000,21222.18,21227.83,21068.73,21086.97,4963.58861,2022-07-26 00:15:00
1658795400000,21084.61,21126.0,20975.94,21056.6,4889.5574,2022-07-26 00:30:00
1658796300000,21058.29,21061.45,20971.4,20996.9,2541.04457,2022-07-26 00:45:00
1658797200000,20994.94,21122.0,20970.05,21054.77,2692.76756,2022-07-26 01:00:00
1658798100000,21055.46,21103.73,21025.41,21092.95,1796.93671,2022-07-26 01:15:00
1658799000000,21089.97,21105.89,21023.48,21090.41,1643.95345,2022-07-26 01:30:00
1658799900000,21092.14,21115.94,21066.0,21076.7,1508.29804,2022-07-26 01:45:00
1658800800000,21076.7,21126.73,21073.27,21105.19,1198.34907,2022-07-26 02:00:00
1658801700000,21105.19,21125.0,21025.28,21062.68,1668.63346,2022-07-26 02:15:00
1658802600000,21064.57,21101.33,21053.15,21066.08,955.86367,2022-07-26 02:30:00
1658803500000,21066.08,21097.83,21053.0,21071.81,1068.88617,2022-07-26 02:45:00
1658804400000,21068.65,21086.49,20856.48,21035.78,3177.71876,2022-07-26 03:00:00
1658805300000,21034.14,21212.48,21020.1,21160.19,3659.44552,2022-07-26 03:15:00
1658806200000,21160.19,21234.56,21073.0,21083.41,3073.88355,2022-07-26 03:30:00
1658807100000,21083.41,21152.07,21063.39,21141.53,1407.37239,2022-07-26 03:45:00
1658808000000,21141.53,21154.88,21118.07,21139.19,1089.09059,2022-07-26 04:00:00
1658808900000,21139.19,21272.21,21097.87,21154.27,2219.83231,2022-07-26 04:15:00
1658809800000,21152.71,21185.5,21140.18,21153.53,1272.50065,2022-07-26 04:30:00
1658810700000,21153.53,21171.2,21109.19,21126.91,1383.5243,2022-07-26 04:45:00
1658811600000,21128.52,21134.43,21079.0,21091.84,1135.61025,2022-07-26 05:00:00
1658812500000,21091.84,21110.0,21062.96,21106.6,1068.31578,2022-07-26 05:15:00
1658813400000,21105.48,21179.33,21073.0,21146.41,1310.64614,2022-07-26 05:30:00
1658814300000,21144.66,21175.02,21110.0,21145.03,1267.23675,2022-07-26 05:45:00
1658815200000,21146.64,21159.71,21104.57,21111.85,1057.55541,2022-07-26 06:00:00
1658816100000,21111.85,21167.05,21106.26,21139.63,1370.41795,2022-07-26 06:15:00
1658817000000,21138.01,21145.88,21063.67,21091.12,1792.85387,2022-07-26 06:30:00
1658817900000,21091.12,21139.2,21063.24,21079.27,1322.4932,2022-07-26 06:45:00
1658818800000,21076.98,21130.99,21060.53,21112.0,1379.58669,2022-07-26 07:00:00
1658819700000,21113.59,21145.0,21017.21,21133.12,1585.60147,2022-07-26 07:15:00
1658820600000,21133.12,21137.95,21050.69,21058.76,1162.08585,2022-07-26 07:30:00
1658821500000,21059.7,21105.8,21034.49,21066.86,1580.00022,2022-07-26 07:45:00
1658822400000,21066.86,21093.85,21008.23,21022.47,1788.2275,2022-07-26 08:00:00
1658823300000,21022.47,21090.0,20986.35,21070.02,1629.19304,2022-07-26 08:15:00
1658824200000,21070.02,21113.0,21056.57,21089.99,1277.96435,2022-07-26 08:30:00
1658825100000,21089.99,21100.0,21055.82,21065.3,1151.4387,2022-07-26 08:45:00
1658826000000,21067.26,21113.72,21060.41,21085.52,1158.63391,2022-07-26 09:00:00
1658826900000,21084.81,21113.0,21074.31,21109.64,1159.28089,2022-07-26 09:15:00
1658827800000,21111.34,21148.06,21107.16,21140.46,1166.98205,2022-07-26 09:30:00
1658828700000,21140.46,21161.37,21116.62,21120.36,1038.01259,2022-07-26 09:45:00
1658829600000,21119.09,21151.58,21079.72,21088.49,1033.98338,2022-07-26 10:00:00
1658830500000,21088.49,21100.1,21060.0,21080.92,925.81764,2022-07-26 10:15:00
1658831400000,21080.04,21115.58,21046.1,21079.65,1285.17846,2022-07-26 10:30:00
1658832300000,21081.39,21096.03,21058.74,21075.84,867.29923,2022-07-26 10:45:00
1658833200000,21077.53,21099.27,21054.35,21087.66,1064.19903,2022-07-26 11:00:00
1658834100000,21085.37,21129.72,21078.01,21103.16,1056.15926,2022-07-26 11:15:00
1658835000000,21103.16,21124.77,21069.12,21073.17,826.70032,2022-07-26 11:30:00
1658835900000,21073.17,21155.15,20932.7,21090.22,2913.78194,2022-07-26 11:45:00
1658836800000,21090.22,21196.58,21037.19,21155.38,2888.7386,2022-07-26 12:00:00
1658837700000,21157.74,21163.58,21078.19,21102.26,1714.18222,2022-07-26 12:15:00
1658838600000,21102.26,21143.42,21042.55,21048.96,1845.44727,2022-07-26 12:30:00
1658839500000,21048.96,21076.55,20963.88,21033.31,2432.1858,2022-07-26 12:45:00
1658840400000,21033.31,21053.98,20856.0,20893.43,2961.26078,2022-07-26 13:00:00
1658841300000,20895.3,20953.39,20774.74,20943.4,3387.40574,2022-07-26 13:15:00
1658842200000,20943.4,21010.32,20899.55,20975.4,3016.43769,2022-07-26 13:30:00
1658843100000,20975.4,20979.67,20880.0,20947.22,2133.25632,2022-07-26 13:45:00
1658844000000,20947.22,21038.52,20887.02,20929.46,2869.7935,2022-07-26 14:00:00
1658844900000,20931.75,20938.09,20862.05,20883.11,2147.02515,2022-07-26 14:15:00
1658845800000,20884.62,20923.43,20833.17,20904.72,2066.4525,2022-07-26 14:30:00
1658846700000,20904.72,20965.42,20897.88,20949.43,1387.19016,2022-07-26 14:45:00
1658847600000,20947.42,20964.92,20840.0,20887.9,1998.22306,2022-07-26 15:00:00
1658848500000,20888.16,20894.97,20763.0,20799.36,2139.21489,2022-07-26 15:15:00
1658849400000,20799.36,20835.0,20706.5,20812.66,2904.72937,2022-07-26 15:30:00
1658850300000,20812.66,20821.89,20729.25,20746.81,2178.33634,2022-07-26 15:45:00
1658851200000,20746.81,20819.39,20734.79,20805.9,2146.19924,2022-07-26 16:00:00
1658852100000,20805.9,20847.0,20786.2,20830.57,1249.1791,2022-07-26 16:15:00
1658853000000,20830.57,20899.63,20830.0,20890.08,1612.12189,2022-07-26 16:30:00
1658853900000,20890.08,20951.38,20875.81,20937.41,1794.37164,2022-07-26 16:45:00
1658854800000,20937.41,21083.49,20913.7,21003.05,3132.51256,2022-07-26 17:00:00
1658855700000,21003.05,21063.16,20922.85,21005.79,2504.68516,2022-07-26 17:15:00
1658856600000,21005.79,21027.86,20901.43,20944.43,1986.41838,2022-07-26 17:30:00
1658857500000,20942.21,20955.16,20907.2,20919.36,1079.22676,2022-07-26 17:45:00
1658858400000,20919.36,20999.3,20900.6,20939.04,1993.77057,2022-07-26 18:00:00
1658859300000,20937.33,20965.65,20906.29,20932.14,1158.56925,2022-07-26 18:15:00
1658860200000,20932.14,20934.6,20817.0,20838.3,1808.59842,2022-07-26 18:30:00
1658861100000,20838.3,20916.72,20826.0,20905.71,1200.51052,2022-07-26 18:45:00
1658862000000,20905.71,20944.36,20805.0,20912.17,2229.06256,2022-07-26 19:00:00
1658862900000,20910.88,20917.78,20861.01,20878.62,1460.98171,2022-07-26 19:15:00
1658863800000,20878.62,20922.92,20841.69,20875.48,1254.64616,2022-07-26 19:30:00
1658864700000,20875.48,20935.87,20870.98,20915.57,1307.88759,2022-07-26 19:45:00
1658865600000,20911.55,20993.9,20809.53,20927.61,4124.48613,2022-07-26 20:00:00
1658866500000,20924.82,20966.99,20860.0,20904.23,1496.04334,2022-07-26 20:15:00
1658867400000,20906.05,20925.25,20875.23,20900.56,1098.46772,2022-07-26 20:30:00
1658868300000,20900.56,20989.09,20889.26,20983.99,1159.07038,2022-07-26 20:45:00
1658869200000,20985.3,21119.9,20970.25,21109.59,2154.10355,2022-07-26 21:00:00
1658870100000,21109.59,21119.99,20920.0,20921.47,1644.29457,2022-07-26 21:15:00
1658871000000,20921.47,20964.44,20820.8,20921.76,1319.07461,2022-07-26 21:30:00
1658871900000,20921.65,20969.42,20888.0,20942.82,1021.54628,2022-07-26 21:45:00
1658872800000,20942.82,21063.71,20919.46,21059.97,1954.69379,2022-07-26 22:00:00
1658873700000,21058.69,21153.0,21022.45,21096.21,2649.60071,2022-07-26 22:15:00
1658874600000,21096.21,21165.51,21070.0,21115.08,1553.04662,2022-07-26 22:30:00
1658875500000,21115.08,21139.0,21065.49,21110.33,1160.44336,2022-07-26 22:45:00
1658876400000,21114.24,21163.57,21061.39,21156.79,1258.81813,2022-07-26 23:00:00
1658877300000,21154.14,21174.06,21084.71,21103.4,1262.94746,2022-07-26 23:15:00
1658878200000,21103.4,21216.17,21081.29,21162.97,2038.30548,2022-07-26 23:30:00
1658879100000,21164.31,21300.0,21143.83,21254.67,3053.00444,2022-07-26 23:45:00
1658880000000,21254.67,21284.0,21198.06,21255.92,2436.22892,2022-07-27 00:00:00
1658880900000,21253.75,21267.76,21184.73,21206.87,1442.66515,2022-07-27 00:15:00
1658881800000,21206.87,21208.4,21133.42,21178.87,1203.58074,2022-07-27 00:30:00
1658882700000,21178.43,21217.79,21136.85,21208.13,1102.31405,2022-07-27 00:45:00
1658883600000,21207.23,21234.79,21190.97,21200.41,1103.76364,2022-07-27 01:00:00
1658884500000,21200.41,21210.84,21136.17,21208.34,1458.59043,2022-07-27 01:15:00
1658885400000,21210.52,21230.0,21177.69,21214.13,1022.18652,2022-07-27 01:30:00
1658886300000,21212.97,21235.21,21150.07,21157.37,1932.84139,2022-07-27 01:45:00
1658887200000,21157.37,21172.77,21091.08,21125.01,1618.08855,2022-07-27 02:00:00
1658888100000,21124.2,21158.34,21098.47,21142.61,1197.36028,2022-07-27 02:15:00
1658889000000,21142.61,21170.84,21107.12,21149.5,922.26589,2022-07-27 02:30:00
1658889900000,21149.5,21204.11,21143.17,21186.7,1634.57987,2022-07-27 02:45:00
1658890800000,21186.16,21201.4,21102.91,21155.64,1202.60607,2022-07-27 03:00:00
1658891700000,21155.64,21166.05,21103.83,21108.93,1226.69653,2022-07-27 03:15:00
1658892600000,21108.93,21123.0,21042.53,21047.45,1548.44608,2022-07-27 03:30:00
1658893500000,21046.26,21080.0,21043.0,21076.86,829.49425,2022-07-27 03:45:00
1658894400000,21076.86,21110.0,21059.0,21108.09,907.30846,2022-07-27 04:00:00
1658895300000,21110.0,21121.48,21083.48,21114.16,721.7255,2022-07-27 04:15:00
1658896200000,21115.09,21137.77,21080.71,21113.24,1214.3145,2022-07-27 04:30:00
1658897100000,21113.24,21133.1,21087.9,21108.72,1171.47757,2022-07-27 04:45:00
1658898000000,21108.72,21179.05,21094.13,21163.98,1216.08917,2022-07-27 05:00:00
1658898900000,21162.62,21222.4,21160.34,21200.23,1574.11479,2022-07-27 05:15:00
1658899800000,21200.23,21250.0,21197.01,21233.41,1448.79704,2022-07-27 05:30:00
1658900700000,21231.52,21280.0,21211.5,21247.25,1314.57504,2022-07-27 05:45:00
1658901600000,21248.63,21267.85,21198.02,21206.66,1342.00511,2022-07-27 06:00:00
1658902500000,21206.91,21228.96,21189.67,21201.84,1182.25108,2022-07-27 06:15:00
1658903400000,21201.84,21216.66,21162.02,21204.33,1178.98836,2022-07-27 06:30:00
1658904300000,21202.52,21267.95,21184.92,21256.38,1342.22375,2022-07-27 06:45:00
1658905200000,21256.38,21433.82,21240.0,21372.04,3538.89769,2022-07-27 07:00:00
1658906100000,21372.04,21451.33,21345.14,21365.01,1814.82124,2022-07-27 07:15:00
1658907000000,21366.38,21384.56,21340.84,21354.66,1084.11517,2022-07-27 07:30:00
1658907900000,21353.45,21385.05,21315.3,21347.36,1791.02705,2022-07-27 07:45:00
1658908800000,21346.11,21414.0,21342.01,21370.04,1389.40504,2022-07-27 08:00:00
1658909700000,21368.71,21424.5,21360.0,21385.17,1676.72997,2022-07-27 08:15:00
1658910600000,21385.17,21439.29,21360.0,21375.16,1388.09161,2022-07-27 08:30:00
1658911500000,21375.88,21379.87,21335.21,21355.33,1155.31563,2022-07-27 08:45:00
1658912400000,21354.45,21365.74,21277.67,21298.48,1764.58309,2022-07-27 09:00:00
1658913300000,21298.48,21342.21,21276.55,21312.55,1407.68373,2022-07-27 09:15:00
1658914200000,21312.55,21339.0,21298.02,21315.68,1173.56889,2022-07-27 09:30:00
1658915100000,21315.68,21324.63,21250.54,21292.31,1010.90338,2022-07-27 09:45:00
1658916000000,21291.54,21309.15,21270.5,21280.88,1065.99384,2022-07-27 10:00:00
1658916900000,21280.88,21329.74,21249.68,21320.33,1280.38798,2022-07-27 10:15:00
1658917800000,21320.33,21336.2,21283.06,21314.88,1106.75349,2022-07-27 10:30:00
1658918700000,21314.88,21314.91,21261.09,21287.5,1015.28478,2022-07-27 10:45:00
1658919600000,21287.5,21290.91,21252.82,21270.69,1005.97365,2022-07-27 11:00:00
1658920500000,21270.69,21310.0,21261.05,21307.05,868.92383,2022-07-27 11:15:00
1658921400000,21306.18,21321.47,21298.02,21309.08,905.17501,2022-07-27 11:30:00
1658922300000,21308.0,21366.4,21129.65,21200.23,2893.3173,2022-07-27 11:45:00
1658923200000,21200.6,21308.68,21157.07,21266.31,2184.64946,2022-07-27 12:00:00
1658924100000,21267.39,21285.43,21242.01,21271.98,1245.29956,2022-07-27 12:15:00
1658925000000,21271.98,21399.72,21248.43,21386.11,2137.0128,2022-07-27 12:30:00
1658925900000,21384.33,21421.71,21342.32,21371.93,2141.53199,2022-07-27 12:45:00
1658926800000,21371.93,21378.25,21323.57,21342.0,1422.39453,2022-07-27 13:00:00
1658927700000,21342.0,21365.6,21280.81,21305.4,1335.10386,2022-07-27 13:15:00
1658928600000,21305.4,21417.63,21286.86,21387.52,3026.62773,2022-07-27 13:30:00
1658929500000,21385.82,21484.28,21337.57,21463.9,3129.82029,2022-07-27 13:45:00
1658930400000,21463.9,21472.17,21398.61,21437.69,2803.22597,2022-07-27 14:00:00
1658931300000,21437.69,21472.59,21402.43,21453.66,1850.60458,2022-07-27 14:15:00
1658932200000,21453.66,21460.6,21392.49,21407.92,1535.89281,2022-07-27 14:30:00
1658933100000,21409.37,21493.69,21405.26,21459.9,1382.69308,2022-07-27 14:45:00
1658934000000,21459.9,21502.0,21429.98,21486.78,1820.43072,2022-07-27 15:00:00
1658934900000,21486.78,21502.42,21421.02,21452.97,1797.91198,2022-07-27 15:15:00
1658935800000,21454.13,21489.19,21428.89,21466.67,1318.95145,2022-07-27 15:30:00
1658936700000,21466.67,21547.53,21461.21,21530.86,2327.55633,2022-07-27 15:45:00
1658937600000,21530.86,21592.95,21493.88,21587.45,2593.257,2022-07-27 16:00:00
1658938500000,21589.02,21713.13,21566.54,21675.23,4089.35543,2022-07-27 16:15:00
1658939400000,21673.92,21713.69,21631.2,21642.88,2256.62495,2022-07-27 16:30:00
1658940300000,21644.18,21668.69,21461.58,21533.89,3192.93768,2022-07-27 16:45:00
1658941200000,21530.71,21538.6,21455.25,21499.55,2631.63326,2022-07-27 17:00:00
1658942100000,21499.12,21682.25,21495.28,21682.25,2864.25142,2022-07-27 17:15:00
1658943000000,21682.25,21740.0,21621.89,21707.06,2590.61141,2022-07-27 17:30:00
1658943900000,21707.06,21724.64,21599.2,21620.55,2496.24157,2022-07-27 17:45:00
1658944800000,21618.72,22222.0,21617.24,21954.69,12124.88602,2022-07-27 18:00:00
1658945700000,21951.82,22131.75,21930.28,22091.34,4281.36009,2022-07-27 18:15:00
1658946600000,22091.13,22540.0,21941.47,22461.16,10797.08476,2022-07-27 18:30:00
1658947500000,22461.16,22700.0,22380.0,22554.45,8831.83872,2022-07-27 18:45:00
1658948400000,22554.45,22809.77,22554.45,22773.46,6423.67216,2022-07-27 19:00:00
1658949300000,22773.46,23112.63,22740.55,22901.32,8416.7189,2022-07-27 19:15:00
1658950200000,22901.32,22909.16,22743.71,22806.0,4581.77786,2022-07-27 19:30:00
1658951100000,22805.94,22871.71,22666.0,22773.62,4168.48762,2022-07-27 19:45:00
1658952000000,22773.62,22913.83,22667.36,22739.08,3792.71647,2022-07-27 20:00:00
1658952900000,22740.42,22804.84,22681.16,22747.15,2143.05119,2022-07-27 20:15:00
1658953800000,22747.15,22810.0,22713.02,22755.85,1659.7162,2022-07-27 20:30:00
1658954700000,22755.85,22859.52,22751.99,22776.58,1797.66161,2022-07-27 20:45:00
1658955600000,22776.58,22792.14,22690.0,22720.37,1335.32991,2022-07-27 21:00:00
1658956500000,22720.37,22727.63,22682.09,22702.11,823.27847,2022-07-27 21:15:00
1658957400000,22702.11,22730.0,22576.0,22688.84,1338.90854,2022-07-27 21:30:00
1658958300000,22690.74,22760.0,22610.16,22677.84,1317.31838,2022-07-27 21:45:00
1658959200000,22675.53,22800.7,22647.72,22773.3,2922.99391,2022-07-27 22:00:00
1658960100000,22769.88,22854.17,22761.0,22842.32,1752.86955,2022-07-27 22:15:00
1658961000000,22842.32,22882.36,22748.24,22815.33,2676.74034,2022-07-27 22:30:00
1658961900000,22815.33,22960.0,22795.0,22873.39,3177.54072,2022-07-27 22:45:00
1658962800000,22875.97,22919.41,22830.82,22911.99,1314.27873,2022-07-27 23:00:00
1658963700000,22913.56,22937.61,22820.0,22876.41,1392.3709,2022-07-27 23:15:00
1658964600000,22876.41,22882.72,22805.58,22843.6,1530.99538,2022-07-27 23:30:00
1658965500000,22843.48,22997.17,22838.38,22952.45,2362.45057,2022-07-27 23:45:00
1658966400000,22954.31,23062.9,22852.29,22869.39,3649.71078,2022-07-28 00:00:00
1658967300000,22871.68,22896.96,22800.0,22807.08,1917.99495,2022-07-28 00:15:00
1658968200000,22807.08,22863.17,22751.95,22759.35,1649.48523,2022-07-28 00:30:00
1658969100000,22758.09,22848.42,22754.85,22785.32,1463.17768,2022-07-28 00:45:00
1658970000000,22785.34,22801.81,22719.02,22725.92,1232.57753,2022-07-28 01:00:00
1658970900000,22725.92,22783.06,22717.27,22749.97,1271.96763,2022-07-28 01:15:00
1658971800000,22749.97,22787.46,22741.69,22762.59,1265.08552,2022-07-28 01:30:00
1658972700000,22762.6,22785.0,22739.89,22775.69,982.8487,2022-07-28 01:45:00
1658973600000,22775.69,22781.28,22701.44,22744.1,975.94205,2022-07-28 02:00:00
1658974500000,22744.1,22759.26,22722.37,22734.84,827.14141,2022-07-28 02:15:00
1658975400000,22733.99,22957.88,22732.36,22938.07,2379.99559,2022-07-28 02:30:00
1658976300000,22940.96,23460.58,22937.81,23282.54,9724.85738,2022-07-28 02:45:00
1658977200000,23282.54,23322.49,23213.3,23239.72,2837.08711,2022-07-28 03:00:00
1658978100000,23240.22,23305.0,23186.26,23188.83,1842.93963,2022-07-28 03:15:00
1658979000000,23187.39,23192.85,23096.88,23123.56,1898.65304,2022-07-28 03:30:00
1658979900000,23123.56,23163.92,23110.45,23133.45,1357.92946,2022-07-28 03:45:00
1658980800000,23133.45,23196.09,23073.87,23119.94,2198.01147,2022-07-28 04:00:00
1658981700000,23118.45,23171.22,23112.0,23170.59,1095.74453,2022-07-28 04:15:00
1658982600000,23170.54,23179.53,23105.02,23117.94,1150.29858,2022-07-28 04:30:00
1658983500000,23120.04,23144.58,23056.99,23066.63,1282.40529,2022-07-28 04:45:00
1658984400000,23067.86,23087.9,23032.0,23039.52,1188.76986,2022-07-28 05:00:00
1658985300000,23039.49,23111.99,23033.8,23096.19,1580.80621,2022-07-28 05:15:00
1658986200000,23097.52,23202.22,23096.19,23195.0,1702.68888,2022-07-28 05:30:00
1658987100000,23196.95,23257.11,23153.64,23242.79,1627.77725,2022-07-28 05:45:00
1658988000000,23242.79,23273.81,23146.94,23158.66,1649.22963,2022-07-28 06:00:00
1658988900000,23158.94,23189.04,23139.5,23159.75,1219.95883,2022-07-28 06:15:00
1658989800000,23159.75,23172.34,23139.11,23164.06,943.08725,2022-07-28 06:30:00
1658990700000,23165.29,23231.13,23047.79,23124.86,2195.69023,2022-07-28 06:45:00
1658991600000,23122.37,23125.77,22972.53,23039.38,2085.70118,2022-07-28 07:00:00
1658992500000,23038.03,23043.77,22948.05,22955.45,1722.04342,2022-07-28 07:15:00
1658993400000,22955.45,22980.89,22887.0,22943.25,2056.64797,2022-07-28 07:30:00
1658994300000,22942.24,22956.0,22901.0,22925.1,1581.09449,2022-07-28 07:45:00
1658995200000,22925.1,22936.77,22871.06,22882.16,1506.8023,2022-07-28 08:00:00
1658996100000,22881.65,22980.0,22877.43,22945.31,1375.04623,2022-07-28 08:15:00
1658997000000,22944.21,22986.81,22895.12,22948.1,1201.25481,2022-07-28 08:30:00
1658997900000,22948.1,23028.68,22932.01,22965.67,1551.90959,2022-07-28 08:45:00
1658998800000,22963.68,23008.58,22909.8,22930.66,1298.29478,2022-07-28 09:00:00
1658999700000,22929.96,22949.85,22816.26,22871.46,2407.33557,2022-07-28 09:15:00
1659000600000,22871.46,22969.15,22846.69,22967.14,1781.23231,2022-07-28 09:30:00
1659001500000,22967.08,22988.99,22930.56,22978.45,1161.22883,2022-07-28 09:45:00
1659002400000,22978.45,22991.22,22953.82,22972.17,910.22979,2022-07-28 10:00:00
1659003300000,22972.17,23061.24,22911.0,22998.14,1771.98459,2022-07-28 10:15:00
1659004200000,22995.58,23100.0,22958.96,23036.32,1610.10797,2022-07-28 10:30:00
1659005100000,23034.96,23036.6,22950.0,22979.17,1422.79422,2022-07-28 10:45:00
1659006000000,22981.61,23035.0,22964.53,22999.82,1139.11107,2022-07-28 11:00:00
1659006900000,22999.82,23049.4,22991.35,23045.53,1167.52387,2022-07-28 11:15:00
1659007800000,23044.8,23091.92,22956.32,23089.97,2542.03487,2022-07-28 11:30:00
1659008700000,23089.97,23138.28,23064.61,23114.52,2093.83931,2022-07-28 11:45:00
1659009600000,23116.19,23135.0,23030.03,23047.48,1751.08157,2022-07-28 12:00:00
1659010500000,23045.0,23049.26,22873.37,23035.77,2473.19449,2022-07-28 12:15:00
1659011400000,23037.98,23082.91,22582.13,22926.65,9329.28186,2022-07-28 12:30:00
1659012300000,22926.65,23200.0,22917.72,23034.04,5373.13227,2022-07-28 12:45:00
1659013200000,23034.04,23064.85,22918.67,23057.88,3225.84594,2022-07-28 13:00:00
1659014100000,23057.88,23173.0,23019.86,23142.88,3669.55258,2022-07-28 13:15:00
1659015000000,23146.44,23268.29,22960.66,23000.48,5617.45553,2022-07-28 13:30:00
1659015900000,23000.49,23017.13,22766.08,22852.26,5440.19394,2022-07-28 13:45:00
1659016800000,22854.38,22908.97,22736.79,22903.38,4008.21945,2022-07-28 14:00:00
1659017700000,22903.38,22960.0,22830.82,22898.12,3262.33094,2022-07-28 14:15:00
1659018600000,22898.12,23005.13,22845.52,22983.14,2870.06455,2022-07-28 14:30:00
1659019500000,22986.9,23140.18,22961.01,23130.78,3125.12467,2022-07-28 14:45:00
1659020400000,23130.78,23247.29,23109.59,23237.28,3012.16849,2022-07-28 15:00:00
1659021300000,23237.28,23500.0,23192.38,23494.18,5495.14206,2022-07-28 15:15:00
1659022200000,23498.5,23800.0,23421.05,23678.57,6956.52206,2022-07-28 15:30:00
1659023100000,23678.57,23992.0,23601.24,23745.57,8393.2907,2022-07-28 15:45:00
1659024000000,23747.85,23870.0,23662.52,23779.79,4083.60975,2022-07-28 16:00:00
1659024900000,23779.79,23944.84,23773.79,23898.87,2926.81678,2022-07-28 16:15:00
1659025800000,23900.65,23942.25,23685.0,23807.02,4092.52849,2022-07-28 16:30:00
1659026700000,23807.02,23844.28,23742.55,23764.13,2426.38709,2022-07-28 16:45:00
1659027600000,23762.71,23929.52,23747.55,23920.26,2834.61194,2022-07-28 17:00:00
1659028500000,23923.56,24023.91,23842.6,23891.49,3497.23045,2022-07-28 17:15:00
1659029400000,23887.68,24106.96,23867.62,23996.64,3554.84081,2022-07-28 17:30:00
1659030300000,23996.64,24024.0,23900.0,23999.83,3374.3429,2022-07-28 17:45:00
1659031200000,23999.83,24007.49,23785.33,23804.65,4079.23825,2022-07-28 18:00:00
1659032100000,23804.65,23844.1,23735.89,23764.99,2442.53312,2022-07-28 18:15:00
1659033000000,23764.99,23834.99,23761.2,23805.95,1781.59499,2022-07-28 18:30:00
1659033900000,23805.95,23819.76,23711.73,23800.53,1636.03558,2022-07-28 18:45:00
1659034800000,23801.67,23860.75,23775.1,23816.85,1879.88095,2022-07-28 19:00:00
1659035700000,23816.85,23894.28,23772.3,23843.15,1767.76376,2022-07-28 19:15:00
1659036600000,23844.45,23851.55,23764.07,23800.34,1553.90114,2022-07-28 19:30:00
1659037500000,23798.19,23828.67,23675.34,23794.26,2525.99933,2022-07-28 19:45:00
1659038400000,23792.1,23882.0,23784.26,23848.17,2412.81399,2022-07-28 20:00:00
1659039300000,23846.53,23888.01,23831.4,23881.93,1222.00257,2022-07-28 20:15:00
1659040200000,23881.93,24199.72,23825.0,23917.03,5711.45628,2022-07-28 20:30:00
1659041100000,23917.03,24143.9,23789.18,24025.88,4216.9216,2022-07-28 20:45:00
1659042000000,24025.88,24158.21,24023.34,24087.74,2209.17516,2022-07-28 21:00:00
1659042900000,24087.74,24117.95,23900.0,23947.47,2006.26636,2022-07-28 21:15:00
1659043800000,23947.47,23950.99,23858.64,23926.85,959.77168,2022-07-28 21:30:00
1659044700000,23924.85,23998.33,23836.09,23927.69,1308.0471,2022-07-28 21:45:00
1659045600000,23927.69,23935.0,23803.87,23879.51,1958.68357,2022-07-28 22:00:00
1659046500000,23882.34,23984.99,23864.16,23937.54,1592.51792,2022-07-28 22:15:00
1659047400000,23935.78,23977.82,23869.92,23963.56,1506.98023,2022-07-28 22:30:00
1659048300000,23966.98,23988.32,23902.14,23961.92,1209.15911,2022-07-28 22:45:00
1659049200000,23961.92,23981.74,23866.28,23893.21,1172.63526,2022-07-28 23:00:00
1659050100000,23893.21,23896.38,23771.9,23822.83,1677.90813,2022-07-28 23:15:00
1659051000000,23822.83,23850.0,23733.6,23784.02,1502.77361,2022-07-28 23:30:00
1659051900000,23787.21,23859.99,23711.0,23842.93,1403.96623,2022-07-28 23:45:00
1659052800000,23845.25,23890.0,23818.26,23844.83,1695.71616,2022-07-29 00:00:00
1659053700000,23844.83,23855.0,23701.0,23711.11,2281.48076,2022-07-29 00:15:00
1659054600000,23713.29,23881.71,23710.56,23867.41,2053.48037,2022-07-29 00:30:00
1659055500000,23868.96,23947.73,23830.0,23880.6,2338.77259,2022-07-29 00:45:00
1659056400000,23882.01,23897.63,23818.38,23832.42,1283.95605,2022-07-29 01:00:00
1659057300000,23833.93,23872.37,23766.13,23797.61,1510.51231,2022-07-29 01:15:00
1659058200000,23794.8,23810.62,23744.35,23761.31,1425.10711,2022-07-29 01:30:00
1659059100000,23763.73,23887.36,23760.76,23848.14,1704.1226,2022-07-29 01:45:00
1659060000000,23848.14,23893.19,23802.25,23891.38,1435.99874,2022-07-29 02:00:00
1659060900000,23891.38,23911.21,23730.76,23813.47,2300.53771,2022-07-29 02:15:00
1659061800000,23813.76,23846.62,23765.03,23830.84,1300.38392,2022-07-29 02:30:00
1659062700000,23830.84,23834.77,23752.89,23780.39,1264.73836,2022-07-29 02:45:00
1659063600000,23780.39,23833.49,23755.78,23807.65,1208.93767,2022-07-29 03:00:00
1659064500000,23807.64,23843.04,23790.01,23815.7,1152.52051,2022-07-29 03:15:00
1659065400000,23816.25,23886.71,23811.71,23857.67,1228.54401,2022-07-29 03:30:00
1659066300000,23857.67,23934.47,23855.69,23912.85,1494.94315,2022-07-29 03:45:00
1659067200000,23912.7,23941.25,23885.79,23900.72,1038.76179,2022-07-29 04:00:00
1659068100000,23900.72,23986.0,23882.95,23962.27,1585.65116,2022-07-29 04:15:00
1659069000000,23962.27,24037.16,23915.34,23954.24,1711.45879,2022-07-29 04:30:00
1659069900000,23954.24,24037.56,23934.3,24013.87,1523.59604,2022-07-29 04:45:00
1659070800000,24013.87,24023.18,23864.18,23911.59,1633.5845,2022-07-29 05:00:00
1659071700000,23911.59,23930.47,23880.32,23922.65,1282.91908,2022-07-29 05:15:00
1659072600000,23924.1,24112.0,23901.87,24041.76,2236.95088,2022-07-29 05:30:00
1659073500000,24043.47,24086.18,23930.73,23987.26,1842.28672,2022-07-29 05:45:00
1659074400000,23987.47,24005.55,23944.2,23949.1,1328.92929,2022-07-29 06:00:00
1659075300000,23949.11,24063.89,23920.0,24026.08,1710.04141,2022-07-29 06:15:00
1659076200000,24027.8,24442.66,24018.17,24242.54,4410.96196,2022-07-29 06:30:00
1659077100000,24243.83,24258.03,23900.0,23940.35,2718.89721,2022-07-29 06:45:00
1659078000000,23940.35,23994.72,23842.1,23897.65,2461.31679,2022-07-29 07:00:00
1659078900000,23899.85,23940.59,23820.27,23852.95,1658.47734,2022-07-29 07:15:00
1659079800000,23852.95,23982.32,23832.29,23897.0,1758.4994,2022-07-29 07:30:00
1659080700000,23897.0,23951.35,23886.93,23943.26,1615.51864,2022-07-29 07:45:00
1659081600000,23941.63,23952.71,23778.42,23924.51,2803.1781,2022-07-29 08:00:00
1659082500000,23921.81,23983.99,23879.66,23933.96,1947.94483,2022-07-29 08:15:00
1659083400000,23933.96,23969.9,23869.1,23951.85,1579.1888,2022-07-29 08:30:00
1659084300000,23951.85,23967.6,23891.67,23927.08,1477.28984,2022-07-29 08:45:00
1659085200000,23927.08,23959.51,23860.0,23954.51,1753.44274,2022-07-29 09:00:00
1659086100000,23956.14,23975.0,23911.92,23971.15,1431.17457,2022-07-29 09:15:00
1659087000000,23971.15,24055.5,23943.42,24017.95,1937.60749,2022-07-29 09:30:00
1659087900000,24020.62,24094.93,24000.23,24062.55,1750.16961,2022-07-29 09:45:00
1659088800000,24064.41,24095.98,24035.44,24075.0,1526.089,2022-07-29 10:00:00
1659089700000,24075.0,24131.54,23980.29,24002.08,2296.68738,2022-07-29 10:15:00
1659090600000,24002.08,24052.63,23979.32,23998.4,1439.18705,2022-07-29 10:30:00
1659091500000,23998.4,24063.7,23991.22,24006.04,1364.67265,2022-07-29 10:45:00
1659092400000,24007.1,24024.91,23901.44,23911.77,1714.09859,2022-07-29 11:00:00
1659093300000,23911.77,23929.57,23799.0,23814.17,2607.37466,2022-07-29 11:15:00
1659094200000,23814.17,23851.4,23530.96,23608.79,4301.88017,2022-07-29 11:30:00
1659095100000,23606.0,23758.22,23570.35,23720.56,3167.57251,2022-07-29 11:45:00
1659096000000,23718.71,23752.22,23662.44,23673.22,2095.88176,2022-07-29 12:00:00
1659096900000,23670.52,23719.49,23618.11,23665.3,2010.76036,2022-07-29 12:15:00
1659097800000,23667.44,23699.0,23435.41,23466.26,4378.00952,2022-07-29 12:30:00
1659098700000,23466.26,23570.33,23434.38,23512.45,3644.12175,2022-07-29 12:45:00
1659099600000,23510.89,23536.55,23414.03,23486.48,2144.3411,2022-07-29 13:00:00
1659100500000,23486.48,23639.21,23430.0,23589.05,2761.83094,2022-07-29 13:15:00
1659101400000,23589.05,23721.27,23436.75,23651.68,4862.21181,2022-07-29 13:30:00
1659102300000,23654.93,23761.22,23647.93,23695.41,4010.93263,2022-07-29 13:45:00
1659103200000,23695.41,24108.23,23661.51,24023.41,6136.28497,2022-07-29 14:00:00
1659104100000,24022.5,24222.0,23959.47,24127.91,5703.33163,2022-07-29 14:15:00
1659105000000,24127.91,24220.3,24037.78,24093.89,3846.20662,2022-07-29 14:30:00
1659105900000,24092.22,24159.4,24019.46,24036.61,2712.24484,2022-07-29 14:45:00
1659106800000,24034.81,24071.04,23935.02,24000.28,3378.96984,2022-07-29 15:00:00
1659107700000,24000.28,24009.0,23870.59,23881.82,2741.39066,2022-07-29 15:15:00
1659108600000,23881.82,24037.0,23879.12,24015.32,2063.53016,2022-07-29 15:30:00
1659109500000,24012.6,24038.14,23974.03,24010.74,1789.76164,2022-07-29 15:45:00
1659110400000,24012.76,24024.8,23652.53,23668.23,3998.75349,2022-07-29 16:00:00
1659111300000,23668.23,23776.97,23606.18,23657.99,3137.05768,2022-07-29 16:15:00
1659112200000,23658.0,23743.74,23651.52,23714.79,2100.65036,2022-07-29 16:30:00
1659113100000,23714.79,23885.0,23684.52,23845.48,2696.22146,2022-07-29 16:45:00
1659114000000,23845.48,23848.56,23725.0,23752.96,2047.58568,2022-07-29 17:00:00
1659114900000,23755.13,23802.43,23625.69,23675.87,1756.50203,2022-07-29 17:15:00
1659115800000,23678.35,23795.32,23647.64,23788.58,1518.75288,2022-07-29 17:30:00
1659116700000,23788.58,23867.2,23771.46,23777.89,1635.28065,2022-07-29 17:45:00
1659117600000,23775.26,24051.22,23736.27,24021.22,3405.07464,2022-07-29 18:00:00
1659118500000,24023.06,24024.75,23841.95,23883.6,2139.97955,2022-07-29 18:15:00
1659119400000,23883.94,23961.67,23845.99,23884.49,1906.41508,2022-07-29 18:30:00
1659120300000,23884.49,23960.91,23881.07,23929.72,1288.56366,2022-07-29 18:45:00
1659121200000,23929.72,23963.72,23850.0,23887.35,1559.91716,2022-07-29 19:00:00
1659122100000,23887.35,23891.86,23821.56,23856.43,1280.05502,2022-07-29 19:15:00
1659123000000,23856.47,23899.0,23809.58,23881.12,1483.48842,2022-07-29 19:30:00
1659123900000,23878.92,23948.49,23750.0,23895.13,2191.94897,2022-07-29 19:45:00
1659124800000,23895.14,23976.57,23798.03,23809.34,1808.05149,2022-07-29 20:00:00
1659125700000,23807.77,23916.85,23798.09,23865.26,1381.85914,2022-07-29 20:15:00
1659126600000,23863.7,23957.17,23859.46,23896.81,1154.94258,2022-07-29 20:30:00
1659127500000,23895.41,23977.86,23877.78,23941.24,1383.75751,2022-07-29 20:45:00
1659128400000,23941.24,23994.44,23892.0,23898.29,1046.98646,2022-07-29 21:00:00
1659129300000,23897.92,23959.66,23875.0,23907.82,778.42131,2022-07-29 21:15:00
1659130200000,23907.82,23910.0,23728.34,23769.03,1054.77093,2022-07-29 21:30:00
1659131100000,23769.03,23865.0,23702.52,23819.41,861.44977,2022-07-29 21:45:00
1659132000000,23819.41,23836.96,23755.31,23813.44,958.75976,2022-07-29 22:00:00
1659132900000,23813.33,23900.0,23745.61,23879.08,1453.14365,2022-07-29 22:15:00
1659133800000,23881.59,23970.73,23841.02,23929.56,1029.18962,2022-07-29 22:30:00
1659134700000,23929.56,23955.0,23876.35,23942.89,815.70714,2022-07-29 22:45:00
1659135600000,23942.89,24099.0,23880.0,24095.91,1969.75856,2022-07-29 23:00:00
1659136500000,24095.91,24138.53,24041.22,24095.25,1344.75719,2022-07-29 23:15:00
1659137400000,24097.11,24138.69,23935.0,23954.65,1382.72485,2022-07-29 23:30:00
1659138300000,23954.65,23974.49,23700.0,23773.75,2153.0083,2022-07-29 23:45:00
1659139200000,23777.28,23878.7,23747.02,23821.98,1872.43897,2022-07-30 00:00:00
1659140100000,23825.99,23906.64,23820.0,23869.5,1011.6811,2022-07-30 00:15:00
1659141000000,23868.92,23874.0,23756.04,23839.49,1257.98044,2022-07-30 00:30:00
1659141900000,23841.29,23943.64,23834.77,23919.79,1341.20521,2022-07-30 00:45:00
1659142800000,23919.79,23968.9,23827.49,23840.71,1268.50419,2022-07-30 01:00:00
1659143700000,23838.86,23921.69,23813.25,23907.07,910.89104,2022-07-30 01:15:00
1659144600000,23907.06,23940.88,23875.41,23921.84,909.02063,2022-07-30 01:30:00
1659145500000,23921.84,23962.82,23674.14,23917.35,3851.00495,2022-07-30 01:45:00
1659146400000,23917.35,23927.59,23781.2,23837.13,1616.43697,2022-07-30 02:00:00
1659147300000,23837.13,23866.95,23780.0,23802.47,1080.45416,2022-07-30 02:15:00
1659148200000,23802.46,23862.6,23744.0,23848.83,1401.16827,2022-07-30 02:30:00
1659149100000,23849.39,23864.17,23773.81,23835.07,1018.68219,2022-07-30 02:45:00
1659150000000,23835.07,23855.25,23742.81,23777.93,1087.55448,2022-07-30 03:00:00
1659150900000,23779.72,23840.85,23758.61,23826.38,928.98146,2022-07-30 03:15:00
1659151800000,23826.5,23845.0,23755.53,23765.39,972.37918,2022-07-30 03:30:00
1659152700000,23765.39,23823.62,23760.88,23801.35,837.52074,2022-07-30 03:45:00
1659153600000,23802.8,23823.87,23755.3,23813.53,1192.4919,2022-07-30 04:00:00
1659154500000,23815.24,23815.68,23650.0,23706.05,1918.39295,2022-07-30 04:15:00
1659155400000,23706.05,23739.75,23683.44,23734.49,1113.69867,2022-07-30 04:30:00
1659156300000,23732.86,23769.77,23715.58,23739.21,970.43038,2022-07-30 04:45:00
1659157200000,23740.91,23771.33,23711.1,23752.71,927.69175,2022-07-30 05:00:00
1659158100000,23751.53,23797.0,23745.89,23770.9,997.55184,2022-07-30 05:15:00
1659159000000,23770.9,23795.98,23756.0,23783.97,723.08774,2022-07-30 05:30:00
1659159900000,23785.0,23797.81,23752.13,23793.25,601.51029,2022-07-30 05:45:00
1659160800000,23793.25,23800.0,23753.24,23775.5,932.02096,2022-07-30 06:00:00
1659161700000,23775.5,23849.24,23757.66,23828.82,1221.36269,2022-07-30 06:15:00
1659162600000,23827.9,23840.0,23763.98,23767.29,947.57392,2022-07-30 06:30:00
1659163500000,23767.29,23824.54,23761.41,23812.12,794.75336,2022-07-30 06:45:00
1659164400000,23812.12,23867.03,23807.86,23854.2,1047.60159,2022-07-30 07:00:00
1659165300000,23852.89,23911.56,23834.82,23878.25,1260.01762,2022-07-30 07:15:00
1659166200000,23879.99,23893.03,23860.19,23874.36,680.87742,2022-07-30 07:30:00
1659167100000,23874.36,23914.0,23861.17,23880.76,896.60144,2022-07-30 07:45:00
1659168000000,23878.58,23885.96,23839.63,23854.53,890.20859,2022-07-30 08:00:00
1659168900000,23854.53,23923.86,23829.1,23882.94,1503.10957,2022-07-30 08:15:00
1659169800000,23881.71,23913.23,23828.0,23905.76,1334.82994,2022-07-30 08:30:00
1659170700000,23904.36,23955.0,23878.69,23895.01,1708.95727,2022-07-30 08:45:00
1659171600000,23895.01,23929.69,23877.53,23921.35,1051.429,2022-07-30 09:00:00
1659172500000,23921.38,23933.34,23890.66,23904.72,797.81075,2022-07-30 09:15:00
1659173400000,23903.8,23958.9,23889.0,23926.38,875.99455,2022-07-30 09:30:00
1659174300000,23926.38,23937.0,23835.51,23916.88,2315.30113,2022-07-30 09:45:00
1659175200000,23915.1,23935.0,23760.0,23774.02,3037.57617,2022-07-30 10:00:00
1659176100000,23772.26,23834.22,23732.56,23818.5,2096.71531,2022-07-30 10:15:00
1659177000000,23818.5,23851.02,23785.4,23791.56,1051.84678,2022-07-30 10:30:00
1659177900000,23791.56,23846.29,23789.54,23809.94,799.18727,2022-07-30 10:45:00
1659178800000,23809.94,23848.38,23807.84,23834.83,682.48993,2022-07-30 11:00:00
1659179700000,23834.83,23937.07,23815.0,23908.6,1655.42195,2022-07-30 11:15:00
1659180600000,23908.6,24073.05,23903.2,24025.23,2560.58645,2022-07-30 11:30:00
1659181500000,24022.47,24044.16,23946.09,23956.38,1387.81205,2022-07-30 11:45:00
1659182400000,23956.38,24004.43,23943.42,23995.54,1075.81775,2022-07-30 12:00:00
1659183300000,23995.54,24179.79,23916.97,24169.04,2710.57273,2022-07-30 12:15:00
1659184200000,24172.09,24287.56,24104.33,24209.42,3570.16873,2022-07-30 12:30:00
1659185100000,24211.19,24390.0,24185.0,24377.5,3353.04308,2022-07-30 12:45:00
1659186000000,24377.5,24668.0,24330.0,24496.39,6842.68744,2022-07-30 13:00:00
1659186900000,24494.68,24610.0,24464.71,24516.54,2762.10434,2022-07-30 13:15:00
1659187800000,24518.2,24554.33,24393.14,24518.79,2312.86319,2022-07-30 13:30:00
1659188700000,24521.37,24541.22,24462.25,24490.53,1683.35748,2022-07-30 13:45:00
1659189600000,24491.73,24588.36,24429.7,24521.38,2360.53934,2022-07-30 14:00:00
1659190500000,24521.38,24565.94,24492.03,24551.13,1544.86044,2022-07-30 14:15:00
1659191400000,24551.13,24551.13,24440.02,24468.77,1600.04981,2022-07-30 14:30:00
1659192300000,24469.77,24507.37,24335.0,24352.53,1947.2443,2022-07-30 14:45:00
1659193200000,24349.83,24432.51,24347.3,24421.91,1409.79621,2022-07-30 15:00:00
1659194100000,24421.91,24549.0,24402.0,24508.49,1797.08449,2022-07-30 15:15:00
1659195000000,24508.49,24590.23,24499.0,24553.01,1504.17491,2022-07-30 15:30:00
1659195900000,24551.66,24608.68,24506.07,24529.1,2444.55763,2022-07-30 15:45:00
1659196800000,24526.57,24548.05,24450.2,24473.14,1864.76843,2022-07-30 16:00:00
1659197700000,24474.99,24546.41,24455.27,24525.59,1214.06282,2022-07-30 16:15:00
1659198600000,24522.76,24555.0,24461.22,24503.11,1184.19519,2022-07-30 16:30:00
1659199500000,24503.11,24583.57,24496.25,24577.29,1389.72481,2022-07-30 16:45:00
1659200400000,24574.07,24593.02,24534.65,24578.12,1251.33353,2022-07-30 17:00:00
1659201300000,24578.12,24584.4,24471.02,24503.77,1409.90117,2022-07-30 17:15:00
1659202200000,24502.15,24513.23,24450.16,24472.1,1268.99066,2022-07-30 17:30:00
1659203100000,24473.89,24521.22,24454.79,24492.24,1016.96149,2022-07-30 17:45:00
1659204000000,24494.36,24534.42,24475.09,24506.15,893.62954,2022-07-30 18:00:00
1659204900000,24506.15,24538.0,24466.12,24535.79,861.75104,2022-07-30 18:15:00
1659205800000,24535.79,24567.89,24501.69,24550.85,987.45849,2022-07-30 18:30:00
1659206700000,24550.85,24553.39,24503.05,24511.94,843.55371,2022-07-30 18:45:00
1659207600000,24513.6,24517.73,24409.87,24438.88,1470.30694,2022-07-30 19:00:00
1659208500000,24438.88,24488.48,24363.27,24427.28,1417.2598,2022-07-30 19:15:00
1659209400000,24425.08,24441.22,24065.0,24092.66,3032.80179,2022-07-30 19:30:00
1659210300000,24092.66,24125.29,23862.0,23920.65,3994.31037,2022-07-30 19:45:00
1659211200000,23923.74,23960.17,23814.97,23839.11,2678.14625,2022-07-30 20:00:00
1659212100000,23840.7,23988.63,23808.76,23962.75,2142.99724,2022-07-30 20:15:00
1659213000000,23962.75,24078.94,23900.0,24046.33,1926.67095,2022-07-30 20:30:00
1659213900000,24043.21,24046.33,23917.18,23963.03,1620.82834,2022-07-30 20:45:00
1659214800000,23963.03,24005.0,23871.67,23906.37,1506.90961,2022-07-30 21:00:00
1659215700000,23903.79,23938.05,23856.0,23906.44,883.35996,2022-07-30 21:15:00
1659216600000,23907.49,23967.4,23877.01,23946.11,444.66029,2022-07-30 21:30:00
1659217500000,23946.11,23950.62,23836.46,23860.51,884.23011,2022-07-30 21:45:00
1659218400000,23860.51,23863.12,23502.25,23594.88,4295.2103,2022-07-30 22:00:00
1659219300000,23593.44,23690.95,23510.37,23656.8,2121.41032,2022-07-30 22:15:00
1659220200000,23656.8,23739.05,23631.24,23719.3,1833.18624,2022-07-30 22:30:00
1659221100000,23719.3,23748.0,23682.21,23700.98,1194.90327,2022-07-30 22:45:00
1659222000000,23699.58,23738.65,23620.0,23642.84,1474.13805,2022-07-30 23:00:00
1659222900000,23642.84,23644.13,23545.98,23560.66,1425.87494,2022-07-30 23:15:00
1659223800000,23560.66,23638.69,23551.98,23600.63,1248.20437,2022-07-30 23:30:00
1659224700000,23603.61,23661.93,23589.57,23643.51,1018.62501,2022-07-30 23:45:00
1659225600000,23644.64,23691.22,23520.0,23644.41,1947.52931,2022-07-31 00:00:00
1659226500000,23644.41,23698.73,23634.0,23661.84,1130.55236,2022-07-31 00:15:00
1659227400000,23661.84,23782.0,23641.22,23728.09,1607.78636,2022-07-31 00:30:00
1659228300000,23730.0,23772.69,23666.0,23747.03,1379.37521,2022-07-31 00:45:00
1659229200000,23745.67,23754.7,23694.0,23715.48,1163.29673,2022-07-31 01:00:00
1659230100000,23715.48,23785.71,23703.23,23756.74,923.36938,2022-07-31 01:15:00
1659231000000,23756.74,23839.99,23680.0,23736.97,1652.66971,2022-07-31 01:30:00
1659231900000,23735.87,23770.0,23709.0,23727.73,898.61415,2022-07-31 01:45:00
1659232800000,23725.36,23886.92,23723.44,23821.27,1502.96704,2022-07-31 02:00:00
1659233700000,23822.9,23855.51,23766.05,23772.04,987.79036,2022-07-31 02:15:00
1659234600000,23769.94,23788.96,23720.49,23773.13,1007.15546,2022-07-31 02:30:00
1659235500000,23773.13,23800.5,23760.0,23794.81,585.18158,2022-07-31 02:45:00
1659236400000,23794.81,23814.0,23729.41,23784.89,1147.23032,2022-07-31 03:00:00
1659237300000,23784.89,23797.8,23726.16,23745.82,825.04925,2022-07-31 03:15:00
1659238200000,23746.6,23754.26,23682.26,23726.01,1029.80947,2022-07-31 03:30:00
1659239100000,23726.01,23764.12,23700.0,23737.4,659.04207,2022-07-31 03:45:00
1659240000000,23739.41,23781.22,23735.9,23739.87,731.25347,2022-07-31 04:00:00
1659240900000,23739.87,23820.52,23736.81,23810.72,804.28879,2022-07-31 04:15:00
1659241800000,23810.72,23832.34,23780.0,23784.81,1015.81023,2022-07-31 04:30:00
1659242700000,23784.81,23828.58,23782.23,23802.86,721.33142,2022-07-31 04:45:00
1659243600000,23801.3,23842.2,23770.48,23793.93,892.2618,2022-07-31 05:00:00
1659244500000,23793.93,23818.87,23725.6,23729.57,869.32447,2022-07-31 05:15:00
1659245400000,23729.57,23786.76,23726.48,23779.0,660.46123,2022-07-31 05:30:00
1659246300000,23777.32,23779.14,23701.23,23710.66,1095.75436,2022-07-31 05:45:00
1659247200000,23710.67,23743.1,23708.1,23721.8,876.4173,2022-07-31 06:00:00
1659248100000,23719.74,23767.8,23706.07,23745.91,778.92114,2022-07-31 06:15:00
1659249000000,23745.91,23776.78,23735.0,23742.69,788.7102,2022-07-31 06:30:00
1659249900000,23743.64,23801.21,23742.69,23775.82,947.31219,2022-07-31 06:45:00
1659250800000,23777.3,23812.26,23732.96,23807.15,1142.59961,2022-07-31 07:00:00
1659251700000,23807.15,23815.0,23760.19,23771.66,884.44735,2022-07-31 07:15:00
1659252600000,23771.66,23775.45,23710.72,23719.51,1088.8177,2022-07-31 07:30:00
1659253500000,23719.51,23740.0,23670.0,23713.1,1489.96133,2022-07-31 07:45:00
1659254400000,23713.1,23747.0,23616.87,23653.37,1538.86054,2022-07-31 08:00:00
1659255300000,23651.11,23706.66,23623.25,23700.87,969.27236,2022-07-31 08:15:00
1659256200000,23701.61,23702.71,23622.08,23664.0,1009.36915,2022-07-31 08:30:00
1659257100000,23664.0,23665.03,23574.96,23596.18,1286.1025,2022-07-31 08:45:00
1659258000000,23595.17,23644.48,23558.21,23622.42,1056.76321,2022-07-31 09:00:00
1659258900000,23623.13,23715.69,23616.84,23682.06,1142.12448,2022-07-31 09:15:00
1659259800000,23682.06,23726.43,23650.86,23719.06,1146.67704,2022-07-31 09:30:00
1659260700000,23718.36,23755.28,23698.41,23752.27,1004.71569,2022-07-31 09:45:00
1659261600000,23752.26,23765.0,23705.52,23758.39,867.29097,2022-07-31 10:00:00
1659262500000,23759.37,23806.66,23744.72,23784.75,1277.74892,2022-07-31 10:15:00
1659263400000,23785.47,23795.0,23737.93,23773.8,879.02313,2022-07-31 10:30:00
1659264300000,23774.76,23850.0,23730.51,23825.63,1550.74295,2022-07-31 10:45:00
1659265200000,23825.62,23860.0,23747.87,23802.8,1889.59272,2022-07-31 11:00:00
1659266100000,23805.36,23818.27,23754.37,23765.73,1018.38712,2022-07-31 11:15:00
1659267000000,23768.2,23796.02,23745.69,23795.8,843.41477,2022-07-31 11:30:00
1659267900000,23795.8,23847.85,23762.23,23801.07,1329.47942,2022-07-31 11:45:00
1659268800000,23802.56,23809.86,23775.7,23804.28,920.18958,2022-07-31 12:00:00
1659269700000,23803.81,23806.64,23760.0,23776.64,1086.3579,2022-07-31 12:15:00
1659270600000,23775.83,23792.53,23741.05,23760.04,1015.26322,2022-07-31 12:30:00
1659271500000,23759.46,23861.83,23757.03,23810.34,1408.05107,2022-07-31 12:45:00
1659272400000,23810.34,23826.6,23753.7,23755.84,1088.32811,2022-07-31 13:00:00
1659273300000,23755.53,23769.41,23682.35,23716.49,1573.98076,2022-07-31 13:15:00
1659274200000,23716.49,23750.0,23666.83,23749.98,1040.04152,2022-07-31 13:30:00
1659275100000,23747.9,23750.0,23705.51,23711.24,842.9577,2022-07-31 13:45:00
1659276000000,23712.12,23728.78,23674.87,23689.6,955.7022,2022-07-31 14:00:00
1659276900000,23689.6,23795.0,23685.04,23786.08,1374.85541,2022-07-31 14:15:00
1659277800000,23786.08,23833.45,23605.21,23644.88,2157.26036,2022-07-31 14:30:00
1659278700000,23647.51,23735.7,23628.1,23720.86,1406.41345,2022-07-31 14:45:00
1659279600000,23721.79,23771.44,23667.0,23670.53,1198.02381,2022-07-31 15:00:00
1659280500000,23670.53,23770.49,23648.05,23726.87,1269.54582,2022-07-31 15:15:00
1659281400000,23727.82,23775.78,23726.12,23763.65,905.39845,2022-07-31 15:30:00
1659282300000,23761.81,23789.79,23735.73,23774.97,992.24433,2022-07-31 15:45:00
1659283200000,23774.97,23801.07,23746.04,23783.03,1558.71917,2022-07-31 16:00:00
1659284100000,23783.03,23790.49,23707.11,23764.33,1240.2173,2022-07-31 16:15:00
1659285000000,23763.49,23819.55,23761.62,23808.92,1147.04407,2022-07-31 16:30:00
1659285900000,23807.6,23820.67,23746.7,23768.3,1083.83718,2022-07-31 16:45:00
1659286800000,23768.3,23787.32,23732.98,23754.32,897.7109,2022-07-31 17:00:00
1659287700000,23754.32,23765.87,23715.23,23732.34,811.60333,2022-07-31 17:15:00
1659288600000,23733.24,23755.0,23700.0,23736.78,1233.25075,2022-07-31 17:30:00
1659289500000,23735.71,23748.0,23710.04,23736.21,788.95586,2022-07-31 17:45:00
1659290400000,23738.0,24194.82,23735.53,24123.02,3944.31736,2022-07-31 18:00:00
1659291300000,24123.02,24173.31,23615.42,23672.86,4177.81457,2022-07-31 18:15:00
1659292200000,23671.95,23859.8,23400.0,23689.29,8132.8113,2022-07-31 18:30:00
1659293100000,23690.89,23785.71,23640.0,23746.77,2114.48815,2022-07-31 18:45:00
1659294000000,23748.65,23982.89,23700.37,23898.99,2823.49626,2022-07-31 19:00:00
1659294900000,23897.14,23945.32,23850.33,23858.48,1288.42684,2022-07-31 19:15:00
1659295800000,23856.6,23950.0,23825.25,23890.0,1239.54211,2022-07-31 19:30:00
1659296700000,23890.0,23893.84,23816.91,23845.88,858.49678,2022-07-31 19:45:00
1659297600000,23843.69,23892.43,23833.68,23877.18,1018.7352,2022-07-31 20:00:00
1659298500000,23876.55,23879.15,23774.58,23807.76,1072.7481,2022-07-31 20:15:00
1659299400000,23805.35,23814.62,23772.75,23803.35,760.94727,2022-07-31 20:30:00
1659300300000,23803.35,23838.43,23775.51,23797.15,1056.47892,2022-07-31 20:45:00
1659301200000,23797.22,23827.25,23722.97,23797.24,1198.08055,2022-07-31 21:00:00
1659302100000,23797.24,23816.99,23760.94,23763.36,544.1507,2022-07-31 21:15:00
1659303000000,23763.09,23769.78,23574.64,23651.77,1132.17598,2022-07-31 21:30:00
1659303900000,23651.77,23653.68,23531.61,23589.58,1031.08301,2022-07-31 21:45:00
1659304800000,23591.06,23593.45,23431.22,23443.66,2276.63067,2022-07-31 22:00:00
1659305700000,23440.97,23500.0,23254.36,23323.61,3046.95608,2022-07-31 22:15:00
1659306600000,23324.72,23328.07,23230.42,23290.51,2520.81034,2022-07-31 22:30:00
1659307500000,23290.5,23392.0,23227.31,23377.48,1863.51362,2022-07-31 22:45:00
1659308400000,23379.82,23381.63,23292.36,23309.26,1354.68818,2022-07-31 23:00:00
1659309300000,23306.7,23364.53,23301.22,23338.08,1061.14182,2022-07-31 23:15:00
1659310200000,23339.63,23469.0,23325.8,23399.74,1521.9898,2022-07-31 23:30:00
1659311100000,23402.42,23409.11,23266.6,23293.32,1663.19265,2022-07-31 23:45:00
