timestamp,open,high,low,close,volume,datetime
1690848000000,29232.26,29232.26,29210.99,29222.9,180.7959,2023-08-01 00:00:00
1690848900000,29222.9,29249.96,29222.89,29241.99,208.32595,2023-08-01 00:15:00
1690849800000,29242.0,29265.35,29241.71,29262.96,228.72189,2023-08-01 00:30:00
1690850700000,29262.96,29288.2,29262.95,29283.96,103.01089,2023-08-01 00:45:00
1690851600000,29283.96,29347.16,29283.96,29330.69,362.40558,2023-08-01 01:00:00
1690852500000,29330.7,29336.0,29262.03,29267.0,122.69621,2023-08-01 01:15:00
1690853400000,29267.0,29267.01,29225.05,29246.87,198.085,2023-08-01 01:30:00
1690854300000,29246.87,29250.0,29169.37,29200.54,290.77999,2023-08-01 01:45:00
1690855200000,29200.53,29218.74,28720.0,28928.56,3522.98483,2023-08-01 02:00:00
1690856100000,28928.56,29012.0,28913.7,28976.0,884.48289,2023-08-01 02:15:00
1690857000000,28976.01,28990.0,28946.0,28980.01,356.08614,2023-08-01 02:30:00
1690857900000,28980.01,28980.01,28928.22,28933.22,401.45896,2023-08-01 02:45:00
1690858800000,28933.22,28949.85,28882.77,28946.01,529.94936,2023-08-01 03:00:00
1690859700000,28946.02,28951.12,28866.46,28904.0,416.08485,2023-08-01 03:15:00
1690860600000,28904.0,28912.52,28855.0,28877.61,391.89371,2023-08-01 03:30:00
1690861500000,28877.61,28882.0,28813.86,28835.0,475.26113,2023-08-01 03:45:00
1690862400000,28835.01,28867.47,28803.5,28849.86,532.79701,2023-08-01 04:00:00
1690863300000,28849.87,28880.23,28824.99,28880.22,514.69781,2023-08-01 04:15:00
1690864200000,28880.23,28928.34,28865.05,28893.12,293.28266,2023-08-01 04:30:00
1690865100000,28893.13,28893.13,28860.31,28866.0,411.3102,2023-08-01 04:45:00
1690866000000,28866.0,28883.64,28852.0,28880.01,217.75944,2023-08-01 05:00:00
1690866900000,28880.01,28912.11,28875.17,28893.71,212.84457,2023-08-01 05:15:00
1690867800000,28893.71,28911.24,28890.99,28904.88,187.30105,2023-08-01 05:30:00
1690868700000,28904.89,28922.7,28888.32,28920.03,159.79077,2023-08-01 05:45:00
1690869600000,28920.02,28943.99,28908.0,28943.98,243.44829,2023-08-01 06:00:00
1690870500000,28943.99,28945.86,28910.38,28945.85,186.8457,2023-08-01 06:15:00
1690871400000,28945.86,28970.81,28938.17,28938.18,341.63734,2023-08-01 06:30:00
1690872300000,28938.18,28938.18,28914.28,28914.29,212.15755,2023-08-01 06:45:00
1690873200000,28914.29,28928.0,28905.06,28909.8,523.28775,2023-08-01 07:00:00
1690874100000,28909.8,28926.48,28902.0,28922.17,229.6809,2023-08-01 07:15:00
1690875000000,28922.17,28940.0,28899.7,28935.4,406.36452,2023-08-01 07:30:00
1690875900000,28935.4,28940.1,28922.04,28937.3,291.64804,2023-08-01 07:45:00
1690876800000,28937.31,28942.0,28921.5,28921.5,240.18877,2023-08-01 08:00:00
1690877700000,28921.5,28966.52,28907.04,28958.41,246.43331,2023-08-01 08:15:00
1690878600000,28958.4,28969.01,28942.17,28958.0,338.87616,2023-08-01 08:30:00
1690879500000,28958.0,28994.91,28951.38,28994.91,200.48391,2023-08-01 08:45:00
1690880400000,28994.91,28995.59,28961.27,28965.05,255.54509,2023-08-01 09:00:00
1690881300000,28965.04,28965.05,28935.53,28937.47,149.31752,2023-08-01 09:15:00
1690882200000,28937.46,28945.15,28933.0,28940.39,146.03342,2023-08-01 09:30:00
1690883100000,28940.39,28940.39,28926.82,28928.37,150.79394,2023-08-01 09:45:00
1690884000000,28928.36,28928.37,28909.46,28913.75,179.53327,2023-08-01 10:00:00
1690884900000,28913.75,28913.75,28900.0,28907.98,468.98773,2023-08-01 10:15:00
1690885800000,28907.97,28927.68,28907.97,28927.67,140.07398,2023-08-01 10:30:00
1690886700000,28927.67,28946.0,28925.92,28928.01,237.44281,2023-08-01 10:45:00
1690887600000,28928.02,28930.57,28913.3,28913.3,148.27522,2023-08-01 11:00:00
1690888500000,28913.31,28913.31,28889.67,28900.0,155.5205,2023-08-01 11:15:00
1690889400000,28900.0,28900.01,28867.46,28881.94,300.71956,2023-08-01 11:30:00
1690890300000,28881.95,28892.0,28862.18,28862.19,286.50725,2023-08-01 11:45:00
1690891200000,28862.19,28882.05,28841.07,28856.88,388.82453,2023-08-01 12:00:00
1690892100000,28856.88,28877.01,28822.0,28824.12,308.73617,2023-08-01 12:15:00
1690893000000,28824.11,28927.5,28753.74,28901.52,1032.07208,2023-08-01 12:30:00
1690893900000,28901.52,28901.81,28868.5,28878.57,183.62119,2023-08-01 12:45:00
1690894800000,28878.57,28896.0,28864.0,28895.99,195.7256,2023-08-01 13:00:00
1690895700000,28896.0,28912.74,28880.0,28906.99,223.7001,2023-08-01 13:15:00
1690896600000,28907.0,28912.91,28868.05,28870.24,309.86095,2023-08-01 13:30:00
1690897500000,28870.24,28907.67,28866.08,28869.02,254.80759,2023-08-01 13:45:00
1690898400000,28869.02,28902.12,28833.09,28833.1,406.98524,2023-08-01 14:00:00
1690899300000,28833.09,28897.49,28832.0,28861.93,470.79566,2023-08-01 14:15:00
1690900200000,28861.93,28876.93,28818.0,28828.0,525.07075,2023-08-01 14:30:00
1690901100000,28828.0,28851.85,28800.0,28828.18,504.96924,2023-08-01 14:45:00
1690902000000,28828.19,28846.54,28790.0,28818.01,863.73867,2023-08-01 15:00:00
1690902900000,28818.0,28823.52,28761.19,28781.11,470.05207,2023-08-01 15:15:00
1690903800000,28781.12,28902.44,28585.7,28902.44,2436.08157,2023-08-01 15:30:00
1690904700000,28902.44,28980.0,28860.04,28954.0,1006.2872,2023-08-01 15:45:00
1690905600000,28953.99,29053.0,28913.41,29015.46,1095.94537,2023-08-01 16:00:00
1690906500000,29015.46,29025.0,28932.48,28941.03,528.87782,2023-08-01 16:15:00
1690907400000,28941.03,28943.74,28864.01,28914.44,498.88503,2023-08-01 16:30:00
1690908300000,28914.44,28939.06,28896.01,28936.0,244.045,2023-08-01 16:45:00
1690909200000,28936.01,28985.14,28932.0,28948.68,364.60818,2023-08-01 17:00:00
1690910100000,28948.67,28988.74,28947.61,28963.45,209.30307,2023-08-01 17:15:00
1690911000000,28963.45,28968.0,28930.85,28950.0,242.25008,2023-08-01 17:30:00
1690911900000,28949.99,28963.62,28944.0,28954.01,169.88485,2023-08-01 17:45:00
1690912800000,28954.0,29010.0,28954.0,28993.99,266.74988,2023-08-01 18:00:00
1690913700000,28994.0,29151.95,28993.99,29100.73,1107.34329,2023-08-01 18:15:00
1690914600000,29100.73,29159.5,29100.73,29136.83,628.59649,2023-08-01 18:30:00
1690915500000,29136.83,29274.44,29136.82,29272.0,1042.21915,2023-08-01 18:45:00
1690916400000,29271.99,29335.0,29231.4,29238.63,1171.98063,2023-08-01 19:00:00
1690917300000,29238.62,29266.64,29226.0,29239.19,495.67239,2023-08-01 19:15:00
1690918200000,29239.18,29282.07,29213.91,29235.86,380.79775,2023-08-01 19:30:00
1690919100000,29235.87,29288.21,29231.07,29274.41,399.474,2023-08-01 19:45:00
1690920000000,29274.42,29307.5,29208.25,29219.46,611.40841,2023-08-01 20:00:00
1690920900000,29219.46,29237.91,29192.52,29192.54,339.36778,2023-08-01 20:15:00
1690921800000,29192.53,29230.38,29180.0,29191.71,248.23344,2023-08-01 20:30:00
1690922700000,29191.7,29268.37,29191.7,29229.74,238.94856,2023-08-01 20:45:00
1690923600000,29229.75,29242.87,29217.47,29242.87,130.8808,2023-08-01 21:00:00
1690924500000,29242.87,29270.35,29239.13,29264.33,243.69373,2023-08-01 21:15:00
1690925400000,29264.32,29312.5,29194.12,29202.58,461.90011,2023-08-01 21:30:00
1690926300000,29202.57,29244.87,29194.79,29244.86,178.74326,2023-08-01 21:45:00
1690927200000,29244.87,29244.87,29199.65,29207.54,119.81584,2023-08-01 22:00:00
1690928100000,29207.53,29226.0,29206.02,29218.83,142.87636,2023-08-01 22:15:00
1690929000000,29218.83,29219.35,29204.0,29218.0,95.4409,2023-08-01 22:30:00
1690929900000,29217.99,29256.32,29217.38,29253.99,467.72126,2023-08-01 22:45:00
1690930800000,29253.99,29409.53,29253.99,29378.11,834.29569,2023-08-01 23:00:00
1690931700000,29378.11,29470.0,29329.33,29419.55,822.67755,2023-08-01 23:15:00
1690932600000,29419.55,29500.0,29416.01,29491.7,1097.63255,2023-08-01 23:30:00
1690933500000,29491.69,29739.25,29437.5,29705.99,2975.44447,2023-08-01 23:45:00
1690934400000,29705.99,29825.63,29682.01,29715.0,2325.51718,2023-08-02 00:00:00
1690935300000,29715.0,29842.48,29685.12,29811.85,1245.79164,2023-08-02 00:15:00
1690936200000,29811.85,29823.49,29716.62,29748.0,762.20747,2023-08-02 00:30:00
1690937100000,29747.99,29826.0,29728.76,29822.03,528.79894,2023-08-02 00:45:00
1690938000000,29822.04,29948.48,29791.46,29903.02,1356.23473,2023-08-02 01:00:00
1690938900000,29903.02,29984.77,29899.22,29980.59,814.58503,2023-08-02 01:15:00
1690939800000,29980.58,30047.5,29875.0,29887.94,1370.27723,2023-08-02 01:30:00
1690940700000,29887.94,29902.96,29840.01,29844.88,741.73086,2023-08-02 01:45:00
1690941600000,29844.89,29858.45,29788.73,29825.04,577.47879,2023-08-02 02:00:00
1690942500000,29825.04,29869.99,29824.93,29865.97,296.16487,2023-08-02 02:15:00
1690943400000,29865.97,29880.0,29848.18,29851.32,233.90149,2023-08-02 02:30:00
1690944300000,29851.33,29851.33,29805.7,29810.86,451.09354,2023-08-02 02:45:00
1690945200000,29810.86,29818.0,29772.0,29772.01,535.37353,2023-08-02 03:00:00
1690946100000,29772.01,29794.37,29731.45,29733.07,450.58727,2023-08-02 03:15:00
1690947000000,29733.07,29742.81,29649.77,29694.07,668.33667,2023-08-02 03:30:00
1690947900000,29694.07,29694.07,29622.5,29632.96,534.18234,2023-08-02 03:45:00
1690948800000,29632.96,29654.6,29589.58,29591.2,588.93179,2023-08-02 04:00:00
1690949700000,29591.2,29672.0,29582.04,29670.23,473.13407,2023-08-02 04:15:00
1690950600000,29670.22,29719.77,29664.24,29681.16,396.54702,2023-08-02 04:30:00
1690951500000,29681.16,29684.17,29638.18,29675.52,264.44746,2023-08-02 04:45:00
1690952400000,29675.52,29675.52,29645.08,29649.69,201.95152,2023-08-02 05:00:00
1690953300000,29649.7,29655.0,29620.03,29620.6,184.7703,2023-08-02 05:15:00
1690954200000,29620.6,29641.48,29611.05,29619.71,310.90509,2023-08-02 05:30:00
1690955100000,29619.7,29660.0,29604.77,29649.99,226.2555,2023-08-02 05:45:00
1690956000000,29650.0,29691.49,29646.91,29674.0,279.47752,2023-08-02 06:00:00
1690956900000,29674.0,29674.0,29628.73,29648.8,204.43203,2023-08-02 06:15:00
1690957800000,29648.8,29649.44,29622.0,29627.29,171.85976,2023-08-02 06:30:00
1690958700000,29627.29,29627.83,29567.45,29567.45,506.01293,2023-08-02 06:45:00
1690959600000,29567.45,29642.64,29564.0,29641.9,359.33215,2023-08-02 07:00:00
1690960500000,29641.91,29647.87,29618.81,29623.15,342.38413,2023-08-02 07:15:00
1690961400000,29623.15,29638.0,29611.68,29621.52,370.40731,2023-08-02 07:30:00
1690962300000,29621.52,29624.0,29568.15,29577.26,315.267,2023-08-02 07:45:00
1690963200000,29577.25,29577.26,29496.65,29510.32,587.31458,2023-08-02 08:00:00
1690964100000,29510.32,29510.33,29378.62,29442.01,1342.31169,2023-08-02 08:15:00
1690965000000,29442.01,29526.9,29392.04,29490.47,829.82398,2023-08-02 08:30:00
1690965900000,29490.47,29519.14,29479.22,29489.55,392.7768,2023-08-02 08:45:00
1690966800000,29489.54,29501.43,29459.87,29459.88,381.03214,2023-08-02 09:00:00
1690967700000,29459.88,29496.91,29450.0,29481.04,523.11699,2023-08-02 09:15:00
1690968600000,29481.04,29481.05,29419.8,29425.99,479.80411,2023-08-02 09:30:00
1690969500000,29425.99,29458.15,29422.53,29453.52,310.86524,2023-08-02 09:45:00
1690970400000,29453.52,29463.6,29442.0,29461.6,232.76242,2023-08-02 10:00:00
1690971300000,29461.59,29494.22,29454.0,29492.01,239.21857,2023-08-02 10:15:00
1690972200000,29492.02,29534.33,29476.0,29530.38,251.29073,2023-08-02 10:30:00
1690973100000,29530.38,29531.47,29520.36,29531.47,143.37807,2023-08-02 10:45:00
1690974000000,29531.46,29556.0,29502.81,29514.53,371.19244,2023-08-02 11:00:00
1690974900000,29514.53,29514.66,29501.7,29506.45,177.38029,2023-08-02 11:15:00
1690975800000,29506.44,29553.96,29506.44,29553.58,198.91524,2023-08-02 11:30:00
1690976700000,29553.58,29571.38,29526.0,29562.49,366.38298,2023-08-02 11:45:00
1690977600000,29562.49,29603.8,29560.15,29568.64,495.01554,2023-08-02 12:00:00
1690978500000,29568.64,29568.64,29520.11,29530.93,425.03413,2023-08-02 12:15:00
1690979400000,29530.93,29533.9,29500.0,29501.04,276.69656,2023-08-02 12:30:00
1690980300000,29501.03,29513.61,29465.25,29466.01,450.9355,2023-08-02 12:45:00
1690981200000,29466.01,29467.72,29414.41,29416.01,404.75559,2023-08-02 13:00:00
1690982100000,29416.0,29454.95,29399.87,29403.97,368.2903,2023-08-02 13:15:00
1690983000000,29403.97,29450.0,29350.0,29437.0,904.13431,2023-08-02 13:30:00
1690983900000,29436.99,29450.0,29370.0,29412.04,450.27388,2023-08-02 13:45:00
1690984800000,29412.04,29412.05,29253.33,29354.01,1271.62958,2023-08-02 14:00:00
1690985700000,29354.01,29369.7,29295.77,29311.64,593.95996,2023-08-02 14:15:00
1690986600000,29311.65,29349.85,29278.0,29306.17,529.30801,2023-08-02 14:30:00
1690987500000,29306.17,29318.86,29266.35,29275.14,636.65084,2023-08-02 14:45:00
1690988400000,29275.13,29297.02,29222.08,29258.34,775.5585,2023-08-02 15:00:00
1690989300000,29258.34,29318.0,29169.04,29300.03,983.07545,2023-08-02 15:15:00
1690990200000,29300.03,29362.45,29300.02,29351.67,618.76861,2023-08-02 15:30:00
1690991100000,29351.67,29360.0,29311.5,29321.4,347.17864,2023-08-02 15:45:00
1690992000000,29321.39,29345.0,29290.72,29313.77,492.15614,2023-08-02 16:00:00
1690992900000,29313.76,29316.77,29253.0,29262.5,448.52213,2023-08-02 16:15:00
1690993800000,29262.5,29322.5,29238.09,29322.5,543.04982,2023-08-02 16:30:00
1690994700000,29322.5,29364.0,28927.5,29025.91,3513.98635,2023-08-02 16:45:00
1690995600000,29025.91,29125.54,28969.71,29094.01,1389.26762,2023-08-02 17:00:00
1690996500000,29094.01,29203.78,29080.0,29189.25,648.93585,2023-08-02 17:15:00
1690997400000,29189.24,29254.0,29164.97,29189.14,543.66921,2023-08-02 17:30:00
1690998300000,29189.15,29204.0,29116.72,29148.0,466.1821,2023-08-02 17:45:00
1690999200000,29148.01,29160.0,29128.0,29139.44,306.55986,2023-08-02 18:00:00
1691000100000,29139.44,29156.0,29084.5,29114.15,338.44947,2023-08-02 18:15:00
1691001000000,29114.15,29121.23,29030.0,29116.12,599.48646,2023-08-02 18:30:00
1691001900000,29116.12,29148.83,29088.73,29148.1,515.32474,2023-08-02 18:45:00
1691002800000,29148.09,29164.22,29132.56,29155.35,303.9728,2023-08-02 19:00:00
1691003700000,29155.36,29195.65,29154.0,29192.01,280.64774,2023-08-02 19:15:00
1691004600000,29192.0,29209.15,29167.3,29204.0,346.25598,2023-08-02 19:30:00
1691005500000,29204.01,29207.5,29141.51,29151.56,314.58945,2023-08-02 19:45:00
1691006400000,29151.57,29154.0,29128.3,29143.79,171.66158,2023-08-02 20:00:00
1691007300000,29143.8,29153.22,29106.34,29152.76,195.51407,2023-08-02 20:15:00
1691008200000,29152.76,29161.49,29149.91,29152.5,125.31743,2023-08-02 20:30:00
1691009100000,29152.51,29169.47,29132.12,29137.46,129.07714,2023-08-02 20:45:00
1691010000000,29137.45,29137.46,29104.79,29104.79,135.27097,2023-08-02 21:00:00
1691010900000,29104.8,29166.31,29066.35,29161.62,288.1051,2023-08-02 21:15:00
1691011800000,29161.61,29190.93,29161.61,29188.9,150.73041,2023-08-02 21:30:00
1691012700000,29188.9,29204.0,29179.55,29179.56,92.60208,2023-08-02 21:45:00
1691013600000,29179.56,29226.66,29167.71,29218.29,260.61948,2023-08-02 22:00:00
1691014500000,29218.29,29233.06,29201.72,29226.42,168.21381,2023-08-02 22:15:00
1691015400000,29226.42,29226.43,29199.39,29206.99,103.38432,2023-08-02 22:30:00
1691016300000,29206.99,29207.0,29182.0,29186.0,98.44039,2023-08-02 22:45:00
1691017200000,29186.0,29186.01,29167.93,29170.0,70.05465,2023-08-02 23:00:00
1691018100000,29170.01,29175.0,29140.15,29156.53,192.93497,2023-08-02 23:15:00
1691019000000,29156.53,29165.58,29134.16,29165.57,86.02467,2023-08-02 23:30:00
1691019900000,29165.57,29186.66,29151.71,29186.01,415.43579,2023-08-02 23:45:00
1691020800000,29186.0,29186.01,29163.39,29165.92,305.04721,2023-08-03 00:00:00
1691021700000,29165.91,29215.82,29164.26,29193.61,159.49304,2023-08-03 00:15:00
1691022600000,29193.62,29225.01,29191.23,29197.01,131.0507,2023-08-03 00:30:00
1691023500000,29197.01,29223.04,29170.68,29170.68,176.60452,2023-08-03 00:45:00
1691024400000,29170.68,29216.5,29159.96,29216.49,232.63731,2023-08-03 01:00:00
1691025300000,29216.49,29216.5,29173.12,29190.86,226.94877,2023-08-03 01:15:00
1691026200000,29190.87,29222.67,29190.86,29214.58,147.65419,2023-08-03 01:30:00
1691027100000,29214.57,29275.8,29214.57,29252.0,381.69702,2023-08-03 01:45:00
1691028000000,29251.99,29271.55,29217.36,29217.36,332.96845,2023-08-03 02:00:00
1691028900000,29217.36,29219.35,29150.0,29150.01,315.8634,2023-08-03 02:15:00
1691029800000,29150.01,29164.4,29126.34,29154.61,205.86744,2023-08-03 02:30:00
1691030700000,29154.6,29180.0,29154.6,29176.98,148.83232,2023-08-03 02:45:00
1691031600000,29176.98,29179.04,29142.18,29150.0,203.96512,2023-08-03 03:00:00
1691032500000,29150.0,29162.0,29131.0,29162.0,137.97242,2023-08-03 03:15:00
1691033400000,29162.0,29162.0,29141.29,29152.0,149.34157,2023-08-03 03:30:00
1691034300000,29152.0,29182.44,29152.0,29182.14,113.67748,2023-08-03 03:45:00
1691035200000,29182.13,29192.0,29175.3,29175.31,148.11274,2023-08-03 04:00:00
1691036100000,29175.3,29175.31,29140.0,29140.01,95.64097,2023-08-03 04:15:00
1691037000000,29140.01,29153.32,29082.0,29151.25,278.89539,2023-08-03 04:30:00
1691037900000,29151.25,29151.26,29132.9,29136.43,220.69871,2023-08-03 04:45:00
1691038800000,29136.43,29140.83,29100.25,29115.83,134.77662,2023-08-03 05:00:00
1691039700000,29115.84,29115.84,29092.36,29111.23,154.6082,2023-08-03 05:15:00
1691040600000,29111.24,29137.56,29110.28,29137.56,99.27878,2023-08-03 05:30:00
1691041500000,29137.55,29157.5,29137.55,29149.0,149.12798,2023-08-03 05:45:00
1691042400000,29149.0,29155.99,29128.57,29133.03,213.07494,2023-08-03 06:00:00
1691043300000,29133.03,29157.83,29131.5,29131.51,338.50862,2023-08-03 06:15:00
1691044200000,29131.5,29133.4,29104.0,29107.99,142.92953,2023-08-03 06:30:00
1691045100000,29108.0,29126.0,29044.04,29085.2,433.78904,2023-08-03 06:45:00
1691046000000,29085.19,29104.3,29080.0,29104.3,220.28456,2023-08-03 07:00:00
1691046900000,29104.3,29104.53,29013.04,29035.66,580.96299,2023-08-03 07:15:00
1691047800000,29035.66,29076.0,29030.02,29060.78,359.89757,2023-08-03 07:30:00
1691048700000,29060.78,29072.87,29040.86,29044.17,267.79975,2023-08-03 07:45:00
1691049600000,29044.16,29079.2,29025.0,29068.01,234.44029,2023-08-03 08:00:00
1691050500000,29068.01,29075.0,28968.0,29072.0,712.27685,2023-08-03 08:15:00
1691051400000,29072.0,29120.0,29054.25,29054.47,371.1305,2023-08-03 08:30:00
1691052300000,29054.48,29122.04,29054.47,29122.03,309.73607,2023-08-03 08:45:00
1691053200000,29122.04,29147.3,29110.4,29124.21,304.23209,2023-08-03 09:00:00
1691054100000,29124.22,29149.49,29114.0,29115.59,177.01067,2023-08-03 09:15:00
1691055000000,29115.59,29137.5,29105.14,29131.37,150.37551,2023-08-03 09:30:00
1691055900000,29131.36,29163.32,29121.67,29154.11,197.33407,2023-08-03 09:45:00
1691056800000,29154.12,29172.72,29154.11,29162.18,106.46469,2023-08-03 10:00:00
1691057700000,29162.18,29173.06,29149.23,29166.0,118.7587,2023-08-03 10:15:00
1691058600000,29165.99,29188.67,29165.18,29188.67,192.10277,2023-08-03 10:30:00
1691059500000,29188.67,29197.78,29172.98,29176.0,114.86911,2023-08-03 10:45:00
1691060400000,29176.01,29191.99,29155.5,29159.58,127.9178,2023-08-03 11:00:00
1691061300000,29159.58,29174.75,29146.29,29146.3,94.07763,2023-08-03 11:15:00
1691062200000,29146.29,29168.0,29129.52,29130.01,179.93744,2023-08-03 11:30:00
1691063100000,29130.0,29157.85,29130.0,29146.01,166.42489,2023-08-03 11:45:00
1691064000000,29146.01,29163.31,29146.0,29148.24,131.78377,2023-08-03 12:00:00
1691064900000,29148.23,29150.12,29116.9,29124.88,188.19353,2023-08-03 12:15:00
1691065800000,29124.88,29145.73,29098.55,29114.0,293.26693,2023-08-03 12:30:00
1691066700000,29114.01,29118.13,29078.43,29106.0,282.86985,2023-08-03 12:45:00
1691067600000,29105.99,29165.5,29105.99,29155.36,207.69296,2023-08-03 13:00:00
1691068500000,29155.36,29182.0,29150.0,29157.62,333.69708,2023-08-03 13:15:00
1691069400000,29157.62,29236.56,29138.05,29165.85,467.80428,2023-08-03 13:30:00
1691070300000,29165.86,29200.0,29127.12,29195.55,325.8139,2023-08-03 13:45:00
1691071200000,29195.54,29257.4,29195.54,29210.86,651.55275,2023-08-03 14:00:00
1691072100000,29210.85,29223.59,29184.81,29212.02,311.79661,2023-08-03 14:15:00
1691073000000,29212.02,29330.0,29202.65,29300.0,862.89902,2023-08-03 14:30:00
1691073900000,29300.01,29427.33,29275.0,29392.57,1009.06399,2023-08-03 14:45:00
1691074800000,29392.58,29433.33,29322.5,29328.52,695.37553,2023-08-03 15:00:00
1691075700000,29328.51,29334.72,29204.07,29246.0,768.117,2023-08-03 15:15:00
1691076600000,29246.0,29297.07,29227.6,29260.01,434.47931,2023-08-03 15:30:00
1691077500000,29260.01,29274.0,29238.64,29259.07,270.51332,2023-08-03 15:45:00
1691078400000,29259.07,29260.82,29208.3,29255.72,393.06962,2023-08-03 16:00:00
1691079300000,29255.72,29312.1,29238.0,29304.76,541.14144,2023-08-03 16:15:00
1691080200000,29304.75,29330.0,29266.92,29310.0,284.82575,2023-08-03 16:30:00
1691081100000,29309.99,29324.34,29298.51,29302.55,243.97841,2023-08-03 16:45:00
1691082000000,29302.55,29360.65,29300.67,29356.34,563.51016,2023-08-03 17:00:00
1691082900000,29356.33,29368.86,29300.0,29304.99,402.0012,2023-08-03 17:15:00
1691083800000,29304.99,29313.7,29250.65,29250.66,349.9595,2023-08-03 17:30:00
1691084700000,29250.66,29264.51,29228.0,29230.23,231.52962,2023-08-03 17:45:00
1691085600000,29230.24,29236.86,29137.55,29189.71,468.6276,2023-08-03 18:00:00
1691086500000,29189.71,29221.97,29180.21,29198.08,511.98444,2023-08-03 18:15:00
1691087400000,29198.07,29242.42,29198.07,29217.7,201.37032,2023-08-03 18:30:00
1691088300000,29217.69,29271.03,29214.0,29269.76,244.67509,2023-08-03 18:45:00
1691089200000,29269.76,29271.99,29237.51,29237.52,188.5495,2023-08-03 19:00:00
1691090100000,29237.52,29251.16,29220.0,29248.77,167.69059,2023-08-03 19:15:00
1691091000000,29248.77,29290.0,29248.76,29278.83,93.43267,2023-08-03 19:30:00
1691091900000,29278.83,29300.0,29274.0,29281.32,154.232,2023-08-03 19:45:00
1691092800000,29281.32,29330.0,29279.4,29319.99,300.28407,2023-08-03 20:00:00
1691093700000,29320.0,29356.81,29318.0,29346.0,152.52515,2023-08-03 20:15:00
1691094600000,29346.0,29361.14,29274.26,29281.57,267.82699,2023-08-03 20:30:00
1691095500000,29281.57,29332.92,29271.99,29304.0,399.04895,2023-08-03 20:45:00
1691096400000,29304.0,29338.0,29300.0,29316.73,405.19036,2023-08-03 21:00:00
1691097300000,29316.72,29316.73,29300.06,29304.99,126.44481,2023-08-03 21:15:00
1691098200000,29305.0,29320.36,29294.95,29311.78,173.48446,2023-08-03 21:30:00
1691099100000,29311.78,29311.79,29230.73,29253.91,140.68905,2023-08-03 21:45:00
1691100000000,29253.91,29269.31,29178.74,29216.74,524.73319,2023-08-03 22:00:00
1691100900000,29216.73,29221.02,29173.21,29185.46,249.34458,2023-08-03 22:15:00
1691101800000,29185.45,29209.23,29165.46,29199.07,167.09951,2023-08-03 22:30:00
1691102700000,29199.06,29239.75,29199.06,29235.25,129.86073,2023-08-03 22:45:00
1691103600000,29235.25,29238.93,29220.17,29220.18,112.20938,2023-08-03 23:00:00
1691104500000,29220.17,29220.18,29201.61,29203.47,86.58261,2023-08-03 23:15:00
1691105400000,29203.47,29226.92,29203.46,29221.46,111.49597,2023-08-03 23:30:00
1691106300000,29221.46,29238.93,29193.64,29193.64,89.50596,2023-08-03 23:45:00
1691107200000,29193.65,29218.01,29167.63,29204.04,383.44405,2023-08-04 00:00:00
1691108100000,29204.04,29251.68,29190.0,29190.01,131.2231,2023-08-04 00:15:00
1691109000000,29190.01,29217.25,29166.66,29217.25,168.50641,2023-08-04 00:30:00
1691109900000,29217.24,29234.8,29198.3,29232.94,97.45803,2023-08-04 00:45:00
1691110800000,29232.95,29232.95,29191.04,29198.15,84.06394,2023-08-04 01:00:00
1691111700000,29198.16,29213.86,29193.49,29194.67,99.28794,2023-08-04 01:15:00
1691112600000,29194.68,29234.0,29193.49,29224.99,96.5186,2023-08-04 01:30:00
1691113500000,29224.99,29227.5,29194.0,29198.15,123.96112,2023-08-04 01:45:00
1691114400000,29198.15,29209.91,29164.32,29173.99,155.05972,2023-08-04 02:00:00
1691115300000,29174.0,29183.38,29100.0,29167.18,424.01518,2023-08-04 02:15:00
1691116200000,29167.18,29193.23,29164.53,29184.86,260.56072,2023-08-04 02:30:00
1691117100000,29184.85,29191.58,29162.5,29166.0,194.03293,2023-08-04 02:45:00
1691118000000,29166.0,29168.0,29136.17,29166.07,204.44087,2023-08-04 03:00:00
1691118900000,29166.07,29173.46,29155.6,29167.19,137.38215,2023-08-04 03:15:00
1691119800000,29167.19,29178.7,29150.3,29152.43,109.87232,2023-08-04 03:30:00
1691120700000,29152.43,29161.29,29136.45,29161.29,88.60567,2023-08-04 03:45:00
1691121600000,29161.28,29171.9,29155.85,29155.86,134.7457,2023-08-04 04:00:00
1691122500000,29155.85,29155.86,29134.7,29149.09,92.02556,2023-08-04 04:15:00
1691123400000,29149.08,29172.5,29140.81,29172.5,89.60237,2023-08-04 04:30:00
1691124300000,29172.49,29209.21,29172.49,29205.98,104.07862,2023-08-04 04:45:00
1691125200000,29205.98,29220.05,29198.7,29204.23,211.39574,2023-08-04 05:00:00
1691126100000,29204.24,29225.07,29203.84,29214.35,176.6059,2023-08-04 05:15:00
1691127000000,29214.35,29227.0,29214.35,29224.0,137.35727,2023-08-04 05:30:00
1691127900000,29224.0,29250.84,29223.99,29240.84,189.32988,2023-08-04 05:45:00
1691128800000,29240.83,29253.02,29227.17,29227.18,144.08405,2023-08-04 06:00:00
1691129700000,29227.17,29246.3,29214.97,29236.0,224.65783,2023-08-04 06:15:00
1691130600000,29236.01,29238.43,29204.59,29207.02,197.38587,2023-08-04 06:30:00
1691131500000,29207.03,29207.03,29183.05,29196.0,214.56882,2023-08-04 06:45:00
1691132400000,29195.99,29196.0,29176.58,29187.95,200.11946,2023-08-04 07:00:00
1691133300000,29187.94,29191.98,29173.25,29180.21,156.31435,2023-08-04 07:15:00
1691134200000,29180.22,29188.5,29168.0,29180.0,269.86342,2023-08-04 07:30:00
1691135100000,29179.99,29212.92,29179.99,29212.92,244.58699,2023-08-04 07:45:00
1691136000000,29212.91,29263.52,29198.59,29229.7,573.33008,2023-08-04 08:00:00
1691136900000,29229.7,29255.15,29210.0,29212.94,226.76154,2023-08-04 08:15:00
1691137800000,29212.94,29217.01,29195.95,29195.96,213.56444,2023-08-04 08:30:00
1691138700000,29195.96,29195.96,29176.29,29186.27,252.16407,2023-08-04 08:45:00
1691139600000,29186.28,29194.95,29175.0,29194.95,241.25634,2023-08-04 09:00:00
1691140500000,29194.95,29214.23,29194.94,29214.23,99.047,2023-08-04 09:15:00
1691141400000,29214.22,29224.54,29196.56,29200.44,334.41811,2023-08-04 09:30:00
1691142300000,29200.44,29206.0,29196.34,29200.13,234.6907,2023-08-04 09:45:00
1691143200000,29200.12,29200.13,29184.14,29188.0,204.74869,2023-08-04 10:00:00
1691144100000,29188.01,29188.01,29167.1,29175.12,89.62427,2023-08-04 10:15:00
1691145000000,29175.13,29182.38,29161.03,29182.37,162.32863,2023-08-04 10:30:00
1691145900000,29182.38,29182.38,29150.0,29161.91,124.03886,2023-08-04 10:45:00
1691146800000,29161.91,29166.0,29149.99,29152.0,119.94539,2023-08-04 11:00:00
1691147700000,29151.99,29166.72,29151.99,29166.72,94.58478,2023-08-04 11:15:00
1691148600000,29166.71,29178.25,29152.0,29152.01,106.76071,2023-08-04 11:30:00
1691149500000,29152.01,29183.53,29137.0,29167.51,156.70184,2023-08-04 11:45:00
1691150400000,29167.51,29178.0,29152.45,29169.87,221.10353,2023-08-04 12:00:00
1691151300000,29169.87,29189.98,29165.96,29186.5,177.17064,2023-08-04 12:15:00
1691152200000,29186.49,29263.17,29130.0,29197.38,806.68663,2023-08-04 12:30:00
1691153100000,29197.37,29242.0,29186.19,29222.53,346.29804,2023-08-04 12:45:00
1691154000000,29222.54,29247.17,29222.53,29241.98,259.07623,2023-08-04 13:00:00
1691154900000,29241.99,29244.0,29208.27,29216.93,313.35586,2023-08-04 13:15:00
1691155800000,29216.92,29298.0,29212.6,29266.01,405.85202,2023-08-04 13:30:00
1691156700000,29266.0,29333.08,29226.64,29240.72,541.77079,2023-08-04 13:45:00
1691157600000,29240.73,29240.73,29163.68,29210.44,574.60439,2023-08-04 14:00:00
1691158500000,29210.43,29254.19,29198.78,29242.01,209.77953,2023-08-04 14:15:00
1691159400000,29242.01,29266.0,29234.75,29239.99,215.77246,2023-08-04 14:30:00
1691160300000,29240.0,29286.0,29226.0,29257.13,298.22008,2023-08-04 14:45:00
1691161200000,29257.12,29275.0,29251.07,29251.07,134.20636,2023-08-04 15:00:00
1691162100000,29251.08,29272.66,29232.0,29272.66,182.3156,2023-08-04 15:15:00
1691163000000,29272.66,29287.97,29268.0,29287.97,234.35044,2023-08-04 15:30:00
1691163900000,29287.97,29301.23,29268.85,29274.28,341.25708,2023-08-04 15:45:00
1691164800000,29274.28,29286.7,29252.42,29278.0,313.98703,2023-08-04 16:00:00
1691165700000,29277.99,29278.0,29254.25,29270.62,153.20154,2023-08-04 16:15:00
1691166600000,29270.62,29272.45,29250.7,29259.37,139.72795,2023-08-04 16:30:00
1691167500000,29259.37,29265.39,29252.0,29265.38,98.90738,2023-08-04 16:45:00
1691168400000,29265.39,29269.24,29258.0,29266.43,140.41412,2023-08-04 17:00:00
1691169300000,29266.43,29267.67,29231.95,29244.99,186.40145,2023-08-04 17:15:00
1691170200000,29244.98,29244.99,29210.0,29213.5,242.24692,2023-08-04 17:30:00
1691171100000,29213.51,29216.43,29197.2,29200.01,189.29435,2023-08-04 17:45:00
1691172000000,29200.01,29200.01,29162.23,29175.01,406.03934,2023-08-04 18:00:00
1691172900000,29175.01,29175.01,29085.99,29113.75,830.35689,2023-08-04 18:15:00
1691173800000,29113.75,29145.0,29010.0,29041.27,855.23088,2023-08-04 18:30:00
1691174700000,29041.26,29091.99,28950.0,29062.51,1027.32097,2023-08-04 18:45:00
1691175600000,29062.5,29086.61,29041.99,29066.85,271.85876,2023-08-04 19:00:00
1691176500000,29066.85,29104.99,29048.59,29053.65,199.83831,2023-08-04 19:15:00
1691177400000,29053.66,29080.0,29030.03,29040.03,196.40596,2023-08-04 19:30:00
1691178300000,29040.02,29048.67,29015.01,29032.06,224.04118,2023-08-04 19:45:00
1691179200000,29032.05,29070.0,29011.11,29058.62,243.47459,2023-08-04 20:00:00
1691180100000,29058.62,29081.59,29058.62,29081.58,90.58397,2023-08-04 20:15:00
1691181000000,29081.57,29081.58,28973.8,28982.08,556.64485,2023-08-04 20:30:00
1691181900000,28982.08,28989.2,28807.54,28967.51,1355.74391,2023-08-04 20:45:00
1691182800000,28967.5,29105.27,28958.18,29083.56,472.52901,2023-08-04 21:00:00
1691183700000,29083.55,29093.46,29044.29,29044.48,180.12163,2023-08-04 21:15:00
1691184600000,29044.47,29049.82,29010.97,29031.77,148.71843,2023-08-04 21:30:00
1691185500000,29031.77,29084.0,29031.76,29056.36,101.85698,2023-08-04 21:45:00
1691186400000,29056.37,29090.8,29056.36,29085.01,161.44281,2023-08-04 22:00:00
1691187300000,29085.01,29094.99,29080.34,29080.41,81.17208,2023-08-04 22:15:00
1691188200000,29080.41,29090.0,29075.3,29087.69,63.34401,2023-08-04 22:30:00
1691189100000,29087.69,29087.69,29057.62,29057.62,95.39791,2023-08-04 22:45:00
1691190000000,29057.62,29080.53,29056.67,29080.52,103.74771,2023-08-04 23:00:00
1691190900000,29080.51,29080.52,29068.22,29068.24,72.21827,2023-08-04 23:15:00
1691191800000,29068.24,29130.35,29060.0,29117.71,226.75519,2023-08-04 23:30:00
1691192700000,29117.7,29125.0,29108.35,29113.99,81.98808,2023-08-04 23:45:00
1691193600000,29114.0,29127.6,29113.99,29115.98,86.21683,2023-08-05 00:00:00
1691194500000,29115.97,29118.42,29097.17,29118.42,124.74897,2023-08-05 00:15:00
1691195400000,29118.42,29142.08,29118.41,29142.08,183.21905,2023-08-05 00:30:00
1691196300000,29142.08,29152.23,29118.47,29118.48,148.292,2023-08-05 00:45:00
1691197200000,29118.47,29130.0,29112.2,29113.01,75.16094,2023-08-05 01:00:00
1691198100000,29113.01,29113.03,29065.11,29075.47,299.17193,2023-08-05 01:15:00
1691199000000,29075.47,29110.35,29074.24,29088.63,200.38154,2023-08-05 01:30:00
1691199900000,29088.62,29091.99,29071.96,29075.79,135.06733,2023-08-05 01:45:00
1691200800000,29075.79,29085.76,29074.0,29085.06,102.56378,2023-08-05 02:00:00
1691201700000,29085.07,29091.39,29077.41,29077.42,133.5395,2023-08-05 02:15:00
1691202600000,29077.41,29102.37,29075.0,29092.01,174.27376,2023-08-05 02:30:00
1691203500000,29092.01,29092.01,29086.04,29086.05,146.22892,2023-08-05 02:45:00
1691204400000,29086.04,29086.77,29082.25,29082.78,182.70809,2023-08-05 03:00:00
1691205300000,29082.77,29102.45,29082.77,29101.66,75.99003,2023-08-05 03:15:00
1691206200000,29101.67,29102.26,29089.86,29092.01,98.34137,2023-08-05 03:30:00
1691207100000,29092.01,29095.65,29090.16,29094.53,73.01449,2023-08-05 03:45:00
1691208000000,29094.52,29096.23,29086.57,29086.58,103.2622,2023-08-05 04:00:00
1691208900000,29086.58,29086.58,29065.14,29069.49,133.29812,2023-08-05 04:15:00
1691209800000,29069.49,29069.49,29044.82,29045.01,205.34511,2023-08-05 04:30:00
1691210700000,29045.0,29057.5,29035.0,29056.01,294.0057,2023-08-05 04:45:00
1691211600000,29056.01,29056.01,29045.28,29047.39,182.19262,2023-08-05 05:00:00
1691212500000,29047.39,29082.0,29045.41,29082.0,139.53413,2023-08-05 05:15:00
1691213400000,29081.99,29091.91,29081.2,29088.01,160.88752,2023-08-05 05:30:00
1691214300000,29088.0,29096.24,29088.0,29096.2,64.45036,2023-08-05 05:45:00
1691215200000,29096.2,29097.72,29073.05,29073.05,151.70339,2023-08-05 06:00:00
1691216100000,29073.05,29074.91,29064.43,29074.91,56.23741,2023-08-05 06:15:00
1691217000000,29074.91,29081.08,29074.9,29080.77,73.71627,2023-08-05 06:30:00
1691217900000,29080.76,29081.44,29064.22,29066.84,179.35389,2023-08-05 06:45:00
1691218800000,29066.83,29069.18,29066.83,29069.16,118.69488,2023-08-05 07:00:00
1691219700000,29069.17,29069.17,29050.0,29050.0,52.50574,2023-08-05 07:15:00
1691220600000,29050.01,29063.06,29046.22,29062.0,180.35249,2023-08-05 07:30:00
1691221500000,29062.01,29063.05,29051.89,29052.81,142.3881,2023-08-05 07:45:00
1691222400000,29052.81,29052.81,29044.37,29050.8,137.23681,2023-08-05 08:00:00
1691223300000,29050.79,29051.89,29050.09,29050.1,58.59615,2023-08-05 08:15:00
1691224200000,29050.09,29084.0,29050.09,29084.0,131.3307,2023-08-05 08:30:00
1691225100000,29083.99,29090.39,29081.16,29088.39,121.97721,2023-08-05 08:45:00
1691226000000,29088.38,29088.39,29077.8,29077.81,128.0009,2023-08-05 09:00:00
1691226900000,29077.8,29082.43,29076.01,29079.36,111.05105,2023-08-05 09:15:00
1691227800000,29079.36,29080.0,29069.01,29069.95,148.92725,2023-08-05 09:30:00
1691228700000,29069.96,29069.96,29058.05,29058.06,130.92082,2023-08-05 09:45:00
1691229600000,29058.06,29069.99,29054.35,29069.99,202.45684,2023-08-05 10:00:00
1691230500000,29069.98,29077.5,29069.98,29077.5,148.41047,2023-08-05 10:15:00
1691231400000,29077.49,29077.5,29067.11,29067.11,149.6307,2023-08-05 10:30:00
1691232300000,29067.11,29067.12,29046.04,29058.0,189.769,2023-08-05 10:45:00
1691233200000,29058.0,29079.71,29057.44,29074.02,275.6899,2023-08-05 11:00:00
1691234100000,29074.03,29080.0,29063.39,29063.4,248.34307,2023-08-05 11:15:00
1691235000000,29063.4,29063.41,29050.87,29052.87,127.45391,2023-08-05 11:30:00
1691235900000,29052.86,29052.87,29048.0,29048.0,75.44172,2023-08-05 11:45:00
1691236800000,29048.01,29052.84,29023.34,29029.35,271.48685,2023-08-05 12:00:00
1691237700000,29029.34,29045.33,29026.0,29045.32,145.06229,2023-08-05 12:15:00
1691238600000,29045.33,29045.33,28996.41,28996.42,356.9222,2023-08-05 12:30:00
1691239500000,28996.42,29014.77,28978.64,29014.77,218.72506,2023-08-05 12:45:00
1691240400000,29014.77,29023.95,29011.99,29017.51,112.01514,2023-08-05 13:00:00
1691241300000,29017.5,29029.34,29017.5,29024.21,73.88709,2023-08-05 13:15:00
1691242200000,29024.2,29024.21,28997.03,28998.91,89.14287,2023-08-05 13:30:00
1691243100000,28998.9,29034.0,28998.9,29026.26,177.72409,2023-08-05 13:45:00
1691244000000,29026.26,29077.91,29026.25,29069.43,206.02425,2023-08-05 14:00:00
1691244900000,29069.42,29071.92,29060.85,29066.71,89.74245,2023-08-05 14:15:00
1691245800000,29066.72,29068.36,29038.06,29050.0,158.91421,2023-08-05 14:30:00
1691246700000,29049.99,29082.13,29049.99,29068.19,134.14181,2023-08-05 14:45:00
1691247600000,29068.18,29076.75,29052.18,29056.21,139.29841,2023-08-05 15:00:00
1691248500000,29056.21,29056.21,29018.0,29020.01,130.03438,2023-08-05 15:15:00
1691249400000,29020.0,29045.39,29014.0,29035.54,147.26305,2023-08-05 15:30:00
1691250300000,29035.53,29042.7,29033.53,29041.49,77.58389,2023-08-05 15:45:00
1691251200000,29041.49,29049.37,29041.49,29049.37,93.36409,2023-08-05 16:00:00
1691252100000,29049.37,29049.37,29025.0,29025.01,68.91976,2023-08-05 16:15:00
1691253000000,29025.0,29027.25,29009.37,29020.93,94.09552,2023-08-05 16:30:00
1691253900000,29020.94,29035.75,29020.93,29032.73,80.41049,2023-08-05 16:45:00
1691254800000,29032.72,29038.67,29031.39,29038.67,72.38073,2023-08-05 17:00:00
1691255700000,29038.67,29069.83,29038.66,29058.0,114.35397,2023-08-05 17:15:00
1691256600000,29057.99,29064.66,29051.48,29051.49,84.87747,2023-08-05 17:30:00
1691257500000,29051.48,29064.66,29051.02,29063.99,67.46351,2023-08-05 17:45:00
1691258400000,29064.0,29073.8,29060.19,29073.79,85.14881,2023-08-05 18:00:00
1691259300000,29073.8,29080.0,29072.0,29076.67,109.2071,2023-08-05 18:15:00
1691260200000,29076.66,29076.67,29067.5,29074.98,62.85478,2023-08-05 18:30:00
1691261100000,29074.98,29099.0,29074.98,29076.86,95.24302,2023-08-05 18:45:00
1691262000000,29076.86,29088.58,29070.28,29080.99,102.07916,2023-08-05 19:00:00
1691262900000,29081.0,29081.24,29070.37,29078.6,70.57439,2023-08-05 19:15:00
1691263800000,29078.59,29078.6,29066.0,29070.0,48.7003,2023-08-05 19:30:00
1691264700000,29070.0,29075.0,29067.35,29067.35,43.94553,2023-08-05 19:45:00
1691265600000,29067.36,29067.36,29063.68,29064.67,85.91846,2023-08-05 20:00:00
1691266500000,29064.68,29076.4,29064.67,29070.93,123.88776,2023-08-05 20:15:00
1691267400000,29070.94,29070.94,29055.33,29055.34,80.43638,2023-08-05 20:30:00
1691268300000,29055.33,29055.34,29052.5,29053.73,38.66468,2023-08-05 20:45:00
1691269200000,29053.72,29059.55,29053.72,29059.55,69.10855,2023-08-05 21:00:00
1691270100000,29059.55,29071.86,29059.54,29071.85,48.85475,2023-08-05 21:15:00
1691271000000,29071.85,29083.0,29071.85,29082.99,53.5974,2023-08-05 21:30:00
1691271900000,29083.0,29083.0,29073.44,29073.45,34.31467,2023-08-05 21:45:00
1691272800000,29073.44,29079.99,29064.76,29065.06,79.85395,2023-08-05 22:00:00
1691273700000,29065.05,29071.31,29065.05,29071.31,35.10222,2023-08-05 22:15:00
1691274600000,29071.31,29082.44,29071.3,29082.43,61.43164,2023-08-05 22:30:00
1691275500000,29082.43,29092.38,29082.43,29090.6,45.9392,2023-08-05 22:45:00
1691276400000,29090.59,29090.6,29082.44,29084.46,44.05709,2023-08-05 23:00:00
1691277300000,29084.46,29085.04,29081.63,29083.08,34.10076,2023-08-05 23:15:00
1691278200000,29083.08,29083.39,29078.31,29079.91,74.96898,2023-08-05 23:30:00
1691279100000,29079.91,29079.91,29072.12,29072.13,51.61406,2023-08-05 23:45:00
1691280000000,29072.13,29072.13,29059.4,29062.29,69.22436,2023-08-06 00:00:00
1691280900000,29062.29,29068.67,29062.28,29065.18,60.78212,2023-08-06 00:15:00
1691281800000,29065.18,29068.0,29058.0,29061.92,39.31382,2023-08-06 00:30:00
1691282700000,29061.92,29068.67,29061.91,29067.5,56.22741,2023-08-06 00:45:00
1691283600000,29067.5,29067.51,29058.08,29058.09,55.27196,2023-08-06 01:00:00
1691284500000,29058.09,29058.09,29049.47,29049.48,82.21286,2023-08-06 01:15:00
1691285400000,29049.47,29053.8,29046.54,29053.4,192.92328,2023-08-06 01:30:00
1691286300000,29053.39,29053.4,29036.56,29038.43,114.93486,2023-08-06 01:45:00
1691287200000,29038.43,29066.0,29036.0,29053.41,163.03318,2023-08-06 02:00:00
1691288100000,29053.41,29072.15,29053.4,29072.14,154.43017,2023-08-06 02:15:00
1691289000000,29072.15,29078.95,29069.5,29070.65,84.6567,2023-08-06 02:30:00
1691289900000,29070.65,29071.58,29066.18,29068.58,282.06265,2023-08-06 02:45:00
1691290800000,29068.59,29068.86,29055.0,29055.59,171.0604,2023-08-06 03:00:00
1691291700000,29055.6,29058.24,29055.4,29056.98,92.2653,2023-08-06 03:15:00
1691292600000,29056.98,29061.27,29056.97,29061.27,31.88903,2023-08-06 03:30:00
1691293500000,29061.26,29064.0,29059.02,29063.99,80.09291,2023-08-06 03:45:00
1691294400000,29064.0,29068.96,29063.99,29068.96,42.73332,2023-08-06 04:00:00
1691295300000,29068.96,29069.93,29062.26,29069.87,98.97622,2023-08-06 04:15:00
1691296200000,29069.86,29078.87,29069.01,29074.02,182.84259,2023-08-06 04:30:00
1691297100000,29074.02,29080.0,29073.0,29073.84,177.08508,2023-08-06 04:45:00
1691298000000,29073.84,29082.04,29073.83,29081.04,112.70505,2023-08-06 05:00:00
1691298900000,29081.05,29090.26,29081.04,29090.26,127.09765,2023-08-06 05:15:00
1691299800000,29090.26,29091.96,29085.03,29086.49,148.04897,2023-08-06 05:30:00
1691300700000,29086.48,29103.26,29085.32,29103.25,185.08644,2023-08-06 05:45:00
1691301600000,29103.25,29105.51,29062.84,29066.03,300.7981,2023-08-06 06:00:00
1691302500000,29066.02,29068.0,29055.0,29065.53,257.2412,2023-08-06 06:15:00
1691303400000,29065.53,29066.47,29045.96,29059.04,194.16883,2023-08-06 06:30:00
1691304300000,29059.04,29070.19,29056.01,29070.18,97.11775,2023-08-06 06:45:00
1691305200000,29070.18,29080.0,29068.0,29076.64,241.46577,2023-08-06 07:00:00
1691306100000,29076.63,29080.65,29076.63,29080.65,54.13619,2023-08-06 07:15:00
1691307000000,29080.65,29089.13,29079.0,29085.06,143.47314,2023-08-06 07:30:00
1691307900000,29085.06,29107.48,29085.05,29092.68,191.59837,2023-08-06 07:45:00
1691308800000,29092.68,29100.0,29092.67,29098.0,148.93437,2023-08-06 08:00:00
1691309700000,29098.0,29119.22,29097.99,29104.54,230.67185,2023-08-06 08:15:00
1691310600000,29104.53,29110.62,29093.08,29110.61,117.05681,2023-08-06 08:30:00
1691311500000,29110.62,29142.0,29110.61,29112.25,234.90503,2023-08-06 08:45:00
1691312400000,29112.24,29112.25,29082.0,29082.02,183.58406,2023-08-06 09:00:00
1691313300000,29082.02,29086.93,29074.47,29076.0,191.28912,2023-08-06 09:15:00
1691314200000,29076.0,29084.39,29074.0,29080.0,151.57086,2023-08-06 09:30:00
1691315100000,29079.99,29083.59,29074.0,29083.59,112.39483,2023-08-06 09:45:00
1691316000000,29083.58,29083.59,29063.66,29065.16,167.81834,2023-08-06 10:00:00
1691316900000,29065.15,29068.0,29058.98,29058.99,82.76034,2023-08-06 10:15:00
1691317800000,29058.98,29058.99,29047.82,29050.69,97.26452,2023-08-06 10:30:00
1691318700000,29050.69,29070.0,29050.68,29070.0,132.87008,2023-08-06 10:45:00
1691319600000,29070.0,29070.0,29068.53,29068.54,78.24549,2023-08-06 11:00:00
1691320500000,29068.54,29069.24,29063.49,29069.24,65.63691,2023-08-06 11:15:00
1691321400000,29069.24,29077.31,29069.23,29075.26,82.33445,2023-08-06 11:30:00
1691322300000,29075.26,29079.92,29074.64,29078.01,96.48013,2023-08-06 11:45:00
1691323200000,29078.01,29078.01,29072.07,29075.74,72.91214,2023-08-06 12:00:00
1691324100000,29075.74,29075.74,29055.2,29055.21,165.09669,2023-08-06 12:15:00
1691325000000,29055.2,29055.21,29029.64,29035.73,319.7248,2023-08-06 12:30:00
1691325900000,29035.73,29046.0,29028.71,29033.13,262.16158,2023-08-06 12:45:00
1691326800000,29033.14,29033.14,29026.0,29029.73,155.69184,2023-08-06 13:00:00
1691327700000,29029.72,29039.01,29020.0,29022.0,243.27862,2023-08-06 13:15:00
1691328600000,29022.01,29025.99,29014.08,29021.03,190.69336,2023-08-06 13:30:00
1691329500000,29021.04,29032.81,29016.0,29016.01,173.85264,2023-08-06 13:45:00
1691330400000,29016.01,29016.01,28995.0,28999.14,209.30012,2023-08-06 14:00:00
1691331300000,28999.14,29061.81,28991.88,29038.21,189.13004,2023-08-06 14:15:00
1691332200000,29038.21,29043.92,29030.0,29030.01,65.80892,2023-08-06 14:30:00
1691333100000,29030.0,29039.0,29026.4,29038.0,97.00871,2023-08-06 14:45:00
1691334000000,29038.0,29048.0,29037.99,29048.0,71.68622,2023-08-06 15:00:00
1691334900000,29048.0,29051.99,29035.71,29037.26,90.97476,2023-08-06 15:15:00
1691335800000,29037.26,29037.26,29024.71,29024.72,154.80072,2023-08-06 15:30:00
1691336700000,29024.72,29024.72,29001.0,29012.93,112.79671,2023-08-06 15:45:00
1691337600000,29012.92,29019.0,29000.52,29018.99,141.89535,2023-08-06 16:00:00
1691338500000,29019.0,29031.19,29014.0,29030.3,74.97098,2023-08-06 16:15:00
1691339400000,29030.3,29062.63,29030.29,29061.29,112.10898,2023-08-06 16:30:00
1691340300000,29061.28,29089.99,29057.49,29089.31,144.56143,2023-08-06 16:45:00
1691341200000,29089.3,29089.31,29077.71,29078.29,68.009,2023-08-06 17:00:00
1691342100000,29078.28,29078.29,29052.43,29062.42,91.55685,2023-08-06 17:15:00
1691343000000,29062.42,29094.54,29058.46,29092.01,125.5729,2023-08-06 17:30:00
1691343900000,29092.01,29097.5,29086.99,29088.54,62.48318,2023-08-06 17:45:00
1691344800000,29088.55,29102.91,29088.54,29096.9,96.75137,2023-08-06 18:00:00
1691345700000,29096.9,29099.22,29090.0,29092.0,96.87085,2023-08-06 18:15:00
1691346600000,29092.0,29095.34,29074.03,29095.34,85.92684,2023-08-06 18:30:00
1691347500000,29095.34,29101.0,29080.0,29087.82,79.00823,2023-08-06 18:45:00
1691348400000,29087.82,29097.49,29076.0,29097.31,72.56682,2023-08-06 19:00:00
1691349300000,29097.31,29100.0,29089.02,29089.03,48.76851,2023-08-06 19:15:00
1691350200000,29089.02,29089.03,29081.79,29081.8,41.84751,2023-08-06 19:30:00
1691351100000,29081.79,29088.0,29076.59,29088.0,50.19247,2023-08-06 19:45:00
1691352000000,29088.0,29094.0,29082.5,29082.51,49.90324,2023-08-06 20:00:00
1691352900000,29082.5,29082.51,29076.69,29078.6,49.04589,2023-08-06 20:15:00
1691353800000,29078.59,29086.66,29078.59,29086.65,54.11273,2023-08-06 20:30:00
1691354700000,29086.66,29170.0,29086.65,29135.78,462.05172,2023-08-06 20:45:00
1691355600000,29135.78,29200.0,29135.77,29190.52,464.73651,2023-08-06 21:00:00
1691356500000,29190.52,29205.09,29160.89,29178.84,293.73072,2023-08-06 21:15:00
1691357400000,29178.84,29179.0,29129.25,29140.0,157.80642,2023-08-06 21:30:00
1691358300000,29139.99,29141.7,29038.13,29086.58,264.35269,2023-08-06 21:45:00
1691359200000,29086.57,29141.31,29058.97,29128.0,303.63927,2023-08-06 22:00:00
1691360100000,29127.99,29160.0,29118.0,29130.02,190.4869,2023-08-06 22:15:00
1691361000000,29130.02,29137.34,29108.5,29120.02,94.3557,2023-08-06 22:30:00
1691361900000,29120.02,29122.0,29094.36,29100.0,71.98819,2023-08-06 22:45:00
1691362800000,29100.0,29100.01,29072.82,29083.36,126.7073,2023-08-06 23:00:00
1691363700000,29083.36,29096.0,29081.06,29094.01,42.33431,2023-08-06 23:15:00
1691364600000,29094.0,29101.05,29090.0,29090.01,67.89531,2023-08-06 23:30:00
1691365500000,29090.0,29098.25,29086.08,29088.42,58.26829,2023-08-06 23:45:00
1691366400000,29088.43,29094.55,29069.99,29094.55,342.05463,2023-08-07 00:00:00
1691367300000,29094.55,29096.0,29067.13,29067.14,83.43048,2023-08-07 00:15:00
1691368200000,29067.13,29069.38,29018.25,29068.16,274.35969,2023-08-07 00:30:00
1691369100000,29068.15,29069.37,29047.5,29055.99,101.78768,2023-08-07 00:45:00
1691370000000,29055.98,29135.4,29055.98,29118.44,151.50212,2023-08-07 01:00:00
1691370900000,29118.44,29199.0,29118.43,29176.55,416.06164,2023-08-07 01:15:00
1691371800000,29176.55,29205.0,29122.02,29122.03,298.16053,2023-08-07 01:30:00
1691372700000,29122.02,29160.0,29122.02,29145.4,137.59161,2023-08-07 01:45:00
1691373600000,29145.39,29160.37,29124.0,29124.01,123.25874,2023-08-07 02:00:00
1691374500000,29124.0,29160.88,29122.01,29158.8,181.28555,2023-08-07 02:15:00
1691375400000,29158.8,29182.98,29156.0,29174.35,180.43641,2023-08-07 02:30:00
1691376300000,29174.34,29229.62,29174.34,29197.0,399.0205,2023-08-07 02:45:00
1691377200000,29197.0,29210.76,29150.0,29152.0,268.92935,2023-08-07 03:00:00
1691378100000,29151.99,29184.9,29149.02,29183.12,135.13368,2023-08-07 03:15:00
1691379000000,29183.13,29189.83,29174.55,29174.56,210.02568,2023-08-07 03:30:00
1691379900000,29174.55,29174.56,29156.14,29162.67,166.07721,2023-08-07 03:45:00
1691380800000,29162.66,29178.47,29157.42,29177.84,116.17455,2023-08-07 04:00:00
1691381700000,29177.84,29197.82,29177.21,29197.82,372.86946,2023-08-07 04:15:00
1691382600000,29197.82,29197.82,29178.01,29184.0,245.22404,2023-08-07 04:30:00
1691383500000,29184.0,29192.0,29180.03,29183.27,127.11255,2023-08-07 04:45:00
1691384400000,29183.27,29183.27,29151.32,29162.4,236.93434,2023-08-07 05:00:00
1691385300000,29162.4,29162.4,29127.11,29145.45,164.02666,2023-08-07 05:15:00
1691386200000,29145.45,29151.21,29133.54,29134.01,151.49182,2023-08-07 05:30:00
1691387100000,29134.0,29140.99,29125.05,29127.62,120.00766,2023-08-07 05:45:00
1691388000000,29127.62,29127.62,29102.45,29113.25,203.70696,2023-08-07 06:00:00
1691388900000,29113.24,29115.29,29084.26,29091.52,255.28627,2023-08-07 06:15:00
1691389800000,29091.52,29097.23,29065.0,29074.0,242.2879,2023-08-07 06:30:00
1691390700000,29073.99,29077.71,29050.77,29052.0,160.38032,2023-08-07 06:45:00
1691391600000,29052.0,29087.06,29051.99,29076.52,243.11139,2023-08-07 07:00:00
1691392500000,29076.51,29110.57,29076.51,29084.01,145.60505,2023-08-07 07:15:00
1691393400000,29084.0,29089.19,29082.64,29082.65,88.93936,2023-08-07 07:30:00
1691394300000,29082.65,29094.1,29064.3,29094.09,278.51412,2023-08-07 07:45:00
1691395200000,29094.09,29094.1,29072.73,29072.74,251.05907,2023-08-07 08:00:00
1691396100000,29072.74,29080.0,29068.6,29068.61,157.30837,2023-08-07 08:15:00
1691397000000,29068.6,29074.42,29056.0,29066.79,175.42152,2023-08-07 08:30:00
1691397900000,29066.78,29076.0,29059.42,29063.01,116.98261,2023-08-07 08:45:00
1691398800000,29063.0,29063.01,29045.14,29046.0,162.44826,2023-08-07 09:00:00
1691399700000,29045.99,29080.0,29045.99,29078.01,233.30529,2023-08-07 09:15:00
1691400600000,29078.01,29095.88,29078.0,29080.9,406.33247,2023-08-07 09:30:00
1691401500000,29080.9,29094.41,29080.89,29092.01,152.05229,2023-08-07 09:45:00
1691402400000,29092.0,29092.01,29085.2,29085.21,87.11253,2023-08-07 10:00:00
1691403300000,29085.21,29090.0,29085.2,29087.47,145.91458,2023-08-07 10:15:00
1691404200000,29087.47,29143.17,29087.47,29140.92,323.24782,2023-08-07 10:30:00
1691405100000,29140.92,29153.86,29112.82,29143.23,185.65055,2023-08-07 10:45:00
1691406000000,29143.23,29143.23,29128.71,29128.72,105.87139,2023-08-07 11:00:00
1691406900000,29128.72,29128.72,29098.95,29098.96,116.75271,2023-08-07 11:15:00
1691407800000,29098.95,29098.96,29088.18,29089.9,104.33045,2023-08-07 11:30:00
1691408700000,29089.89,29093.94,29088.3,29091.44,147.16634,2023-08-07 11:45:00
1691409600000,29091.44,29094.6,29072.08,29085.53,244.39807,2023-08-07 12:00:00
1691410500000,29085.53,29085.53,29034.78,29038.74,437.11242,2023-08-07 12:15:00
1691411400000,29038.74,29060.82,29036.85,29057.77,249.92422,2023-08-07 12:30:00
1691412300000,29057.78,29150.0,29044.53,29079.25,504.04269,2023-08-07 12:45:00
1691413200000,29079.25,29089.9,29045.01,29065.29,382.74792,2023-08-07 13:00:00
1691414100000,29065.29,29081.06,29043.39,29067.99,186.32338,2023-08-07 13:15:00
1691415000000,29067.99,29088.0,29048.22,29055.97,364.37348,2023-08-07 13:30:00
1691415900000,29055.97,29082.47,29030.0,29030.51,334.43674,2023-08-07 13:45:00
1691416800000,29030.5,29066.3,29011.22,29054.71,391.67813,2023-08-07 14:00:00
1691417700000,29054.71,29074.56,28991.0,29000.0,495.45282,2023-08-07 14:15:00
1691418600000,28999.99,29071.97,28964.65,29034.0,548.67847,2023-08-07 14:30:00
1691419500000,29033.99,29051.94,29019.02,29023.99,279.1425,2023-08-07 14:45:00
1691420400000,29024.0,29027.07,28961.3,29016.0,459.6616,2023-08-07 15:00:00
1691421300000,29015.99,29016.0,28913.22,28932.0,738.57104,2023-08-07 15:15:00
1691422200000,28931.99,28942.62,28820.82,28878.7,1308.9209,2023-08-07 15:30:00
1691423100000,28878.69,28878.7,28788.73,28858.44,1117.44464,2023-08-07 15:45:00
1691424000000,28858.45,28889.58,28748.0,28788.52,1175.49601,2023-08-07 16:00:00
1691424900000,28788.51,28945.81,28701.03,28924.01,1469.73019,2023-08-07 16:15:00
1691425800000,28924.01,28931.9,28854.2,28918.1,572.05183,2023-08-07 16:30:00
1691426700000,28918.1,28976.04,28891.47,28938.0,528.00383,2023-08-07 16:45:00
1691427600000,28937.99,28989.99,28922.37,28980.21,502.70939,2023-08-07 17:00:00
1691428500000,28980.22,28981.26,28886.0,28905.81,579.78332,2023-08-07 17:15:00
1691429400000,28905.81,28969.42,28868.0,28965.0,514.98332,2023-08-07 17:30:00
1691430300000,28965.0,28981.6,28944.4,28981.32,298.31908,2023-08-07 17:45:00
1691431200000,28981.31,29170.0,28973.03,29124.06,1176.04502,2023-08-07 18:00:00
1691432100000,29124.05,29182.0,29118.01,29145.41,591.01025,2023-08-07 18:15:00
1691433000000,29145.42,29186.74,29126.23,29140.27,635.64361,2023-08-07 18:30:00
1691433900000,29140.27,29146.44,29076.4,29094.43,682.61293,2023-08-07 18:45:00
1691434800000,29094.42,29116.51,29090.0,29116.51,477.95594,2023-08-07 19:00:00
1691435700000,29116.51,29116.51,29050.78,29057.0,409.2169,2023-08-07 19:15:00
1691436600000,29057.0,29104.0,29054.0,29093.86,232.61981,2023-08-07 19:30:00
1691437500000,29093.85,29154.92,29092.51,29154.91,370.82073,2023-08-07 19:45:00
1691438400000,29154.91,29174.75,29131.61,29134.81,359.14966,2023-08-07 20:00:00
1691439300000,29134.8,29153.02,29121.12,29146.01,206.80049,2023-08-07 20:15:00
1691440200000,29146.01,29169.13,29142.0,29165.47,132.76358,2023-08-07 20:30:00
1691441100000,29165.47,29199.0,29165.47,29198.99,180.3638,2023-08-07 20:45:00
1691442000000,29199.0,29206.0,29164.48,29171.84,277.71468,2023-08-07 21:00:00
1691442900000,29171.84,29276.78,29135.82,29276.78,638.91257,2023-08-07 21:15:00
1691443800000,29276.78,29276.78,29192.51,29195.58,174.31056,2023-08-07 21:30:00
1691444700000,29195.58,29206.12,29172.82,29196.42,110.08502,2023-08-07 21:45:00
1691445600000,29196.42,29205.0,29170.0,29178.87,276.66694,2023-08-07 22:00:00
1691446500000,29178.87,29187.99,29165.9,29169.8,132.93652,2023-08-07 22:15:00
1691447400000,29169.8,29196.33,29169.79,29193.47,111.84516,2023-08-07 22:30:00
1691448300000,29193.47,29200.63,29176.92,29181.18,148.89462,2023-08-07 22:45:00
1691449200000,29181.19,29189.78,29174.0,29174.01,70.03174,2023-08-07 23:00:00
1691450100000,29174.0,29177.39,29163.48,29177.38,107.73762,2023-08-07 23:15:00
1691451000000,29177.39,29216.0,29171.89,29216.0,140.25543,2023-08-07 23:30:00
1691451900000,29215.99,29216.0,29204.05,29211.06,146.75369,2023-08-07 23:45:00
1691452800000,29211.06,29228.52,29200.12,29210.3,224.65909,2023-08-08 00:00:00
1691453700000,29210.29,29210.3,29193.9,29195.37,157.38066,2023-08-08 00:15:00
1691454600000,29195.36,29197.45,29187.35,29190.9,98.59012,2023-08-08 00:30:00
1691455500000,29190.9,29260.1,29190.89,29260.1,212.41649,2023-08-08 00:45:00
1691456400000,29260.09,29260.1,29188.0,29188.0,226.64916,2023-08-08 01:00:00
1691457300000,29188.01,29205.11,29181.18,29181.19,148.02431,2023-08-08 01:15:00
1691458200000,29181.18,29181.79,29153.23,29160.89,209.09874,2023-08-08 01:30:00
1691459100000,29160.89,29162.0,29147.38,29151.86,153.83425,2023-08-08 01:45:00
1691460000000,29151.85,29167.53,29146.45,29166.0,139.56968,2023-08-08 02:00:00
1691460900000,29166.01,29187.98,29166.0,29186.56,84.43865,2023-08-08 02:15:00
1691461800000,29186.55,29205.05,29186.55,29205.05,82.26727,2023-08-08 02:30:00
1691462700000,29205.04,29205.05,29166.04,29173.04,140.63335,2023-08-08 02:45:00
1691463600000,29173.03,29191.69,29173.03,29191.69,177.67465,2023-08-08 03:00:00
1691464500000,29191.69,29208.14,29191.68,29201.58,213.93662,2023-08-08 03:15:00
1691465400000,29201.57,29204.59,29195.28,29199.41,131.33448,2023-08-08 03:30:00
1691466300000,29199.42,29208.32,29194.88,29195.08,213.30626,2023-08-08 03:45:00
1691467200000,29195.09,29197.98,29181.81,29186.98,145.49576,2023-08-08 04:00:00
1691468100000,29186.97,29209.97,29186.97,29209.96,133.49039,2023-08-08 04:15:00
1691469000000,29209.96,29233.0,29209.95,29228.55,188.01977,2023-08-08 04:30:00
1691469900000,29228.55,29230.0,29214.99,29225.63,260.2184,2023-08-08 04:45:00
1691470800000,29225.62,29250.0,29225.62,29249.99,346.96864,2023-08-08 05:00:00
1691471700000,29249.99,29282.51,29244.08,29278.01,342.41543,2023-08-08 05:15:00
1691472600000,29278.0,29299.0,29240.12,29291.0,369.29882,2023-08-08 05:30:00
1691473500000,29291.0,29331.24,29246.99,29249.12,504.35666,2023-08-08 05:45:00
1691474400000,29249.13,29266.0,29240.0,29254.05,242.64796,2023-08-08 06:00:00
1691475300000,29254.04,29269.84,29251.33,29266.5,186.36021,2023-08-08 06:15:00
1691476200000,29266.49,29271.62,29261.34,29271.0,167.74787,2023-08-08 06:30:00
1691477100000,29271.0,29272.0,29222.33,29224.01,231.60124,2023-08-08 06:45:00
1691478000000,29224.0,29233.31,29219.71,29230.0,256.20106,2023-08-08 07:00:00
1691478900000,29230.0,29230.01,29203.1,29207.92,206.20447,2023-08-08 07:15:00
1691479800000,29207.92,29207.92,29185.43,29189.95,237.00837,2023-08-08 07:30:00
1691480700000,29189.94,29203.88,29187.61,29187.62,166.61881,2023-08-08 07:45:00
1691481600000,29187.62,29199.59,29186.0,29190.01,148.77068,2023-08-08 08:00:00
1691482500000,29190.01,29204.0,29188.0,29204.0,115.27083,2023-08-08 08:15:00
1691483400000,29204.0,29204.0,29184.23,29184.23,110.80657,2023-08-08 08:30:00
1691484300000,29184.24,29190.0,29182.0,29182.01,138.89418,2023-08-08 08:45:00
1691485200000,29182.01,29182.06,29171.47,29173.0,171.79309,2023-08-08 09:00:00
1691486100000,29172.99,29191.47,29172.99,29186.02,213.20748,2023-08-08 09:15:00
1691487000000,29186.01,29214.99,29186.01,29210.54,131.55839,2023-08-08 09:30:00
1691487900000,29210.55,29217.59,29199.39,29204.0,266.63144,2023-08-08 09:45:00
1691488800000,29204.0,29206.0,29200.82,29205.39,183.8918,2023-08-08 10:00:00
1691489700000,29205.38,29225.76,29205.38,29225.76,146.9378,2023-08-08 10:15:00
1691490600000,29225.75,29270.1,29225.75,29266.36,319.66318,2023-08-08 10:30:00
1691491500000,29266.35,29318.6,29266.35,29300.21,378.54101,2023-08-08 10:45:00
1691492400000,29300.21,29380.0,29285.0,29288.01,804.19606,2023-08-08 11:00:00
1691493300000,29288.01,29346.63,29288.0,29344.4,304.5932,2023-08-08 11:15:00
1691494200000,29344.39,29375.0,29322.9,29357.99,326.8638,2023-08-08 11:30:00
1691495100000,29358.0,29441.96,29344.21,29438.63,912.29259,2023-08-08 11:45:00
1691496000000,29438.63,29470.54,29363.14,29414.0,636.52422,2023-08-08 12:00:00
1691496900000,29414.01,29495.0,29401.0,29485.99,698.32153,2023-08-08 12:15:00
1691497800000,29485.98,29544.87,29446.0,29531.5,954.54224,2023-08-08 12:30:00
1691498700000,29531.5,29600.0,29515.21,29578.57,1106.58052,2023-08-08 12:45:00
1691499600000,29578.56,29674.7,29528.33,29578.0,1283.31588,2023-08-08 13:00:00
1691500500000,29578.0,29621.97,29472.6,29494.01,1274.27214,2023-08-08 13:15:00
1691501400000,29494.01,29513.69,29370.78,29380.0,1303.87993,2023-08-08 13:30:00
1691502300000,29380.0,29404.93,29354.0,29362.45,585.60777,2023-08-08 13:45:00
1691503200000,29362.46,29433.06,29362.45,29382.0,582.06759,2023-08-08 14:00:00
1691504100000,29381.99,29460.67,29376.01,29460.67,412.99761,2023-08-08 14:15:00
1691505000000,29460.67,29490.59,29432.05,29489.25,476.02856,2023-08-08 14:30:00
1691505900000,29489.24,29540.0,29439.12,29439.12,931.63289,2023-08-08 14:45:00
1691506800000,29439.12,29482.51,29436.7,29481.0,477.39539,2023-08-08 15:00:00
1691507700000,29480.99,29525.39,29466.0,29506.97,430.74032,2023-08-08 15:15:00
1691508600000,29506.96,29600.99,29502.04,29580.98,645.4515,2023-08-08 15:30:00
1691509500000,29580.99,29594.5,29535.38,29535.39,430.89903,2023-08-08 15:45:00
1691510400000,29535.38,29610.0,29535.38,29602.29,418.61503,2023-08-08 16:00:00
1691511300000,29602.3,29647.57,29565.38,29618.0,552.05819,2023-08-08 16:15:00
1691512200000,29617.99,29759.43,29617.99,29711.64,1974.12327,2023-08-08 16:30:00
1691513100000,29711.63,29836.0,29711.63,29748.0,1482.40598,2023-08-08 16:45:00
1691514000000,29748.0,29783.35,29696.0,29777.09,852.14171,2023-08-08 17:00:00
1691514900000,29777.09,29876.74,29718.59,29736.0,1302.64333,2023-08-08 17:15:00
1691515800000,29735.99,29799.41,29713.87,29798.01,492.56754,2023-08-08 17:30:00
1691516700000,29798.0,29833.99,29742.43,29808.56,597.08376,2023-08-08 17:45:00
1691517600000,29808.56,29898.04,29776.45,29894.47,998.43231,2023-08-08 18:00:00
1691518500000,29894.47,29950.0,29864.28,29880.76,1262.01494,2023-08-08 18:15:00
1691519400000,29880.77,29913.48,29832.45,29869.48,788.21735,2023-08-08 18:30:00
1691520300000,29869.47,29869.48,29759.45,29847.49,869.70695,2023-08-08 18:45:00
1691521200000,29847.49,29944.82,29845.0,29926.0,545.25261,2023-08-08 19:00:00
1691522100000,29925.99,29942.71,29886.19,29894.66,487.14131,2023-08-08 19:15:00
1691523000000,29894.66,29909.9,29834.0,29880.0,430.885,2023-08-08 19:30:00
1691523900000,29879.99,29907.92,29868.0,29884.24,457.17809,2023-08-08 19:45:00
1691524800000,29884.23,29910.73,29841.8,29909.63,438.4889,2023-08-08 20:00:00
1691525700000,29909.62,29977.0,29909.62,29977.0,491.11178,2023-08-08 20:15:00
1691526600000,29976.99,29999.0,29939.19,29978.76,565.91807,2023-08-08 20:30:00
1691527500000,29978.77,29998.08,29965.52,29980.0,343.98455,2023-08-08 20:45:00
1691528400000,29979.99,30021.99,29979.99,30019.82,862.82303,2023-08-08 21:00:00
1691529300000,30019.81,30244.0,29926.23,29936.7,2162.92304,2023-08-08 21:15:00
1691530200000,29936.7,29960.0,29816.41,29911.03,865.92397,2023-08-08 21:30:00
1691531100000,29911.02,29951.0,29825.0,29854.98,415.99084,2023-08-08 21:45:00
1691532000000,29854.97,29882.04,29729.3,29766.01,831.04358,2023-08-08 22:00:00
1691532900000,29766.01,29827.05,29754.81,29785.99,313.76026,2023-08-08 22:15:00
1691533800000,29786.0,29795.29,29685.76,29756.76,539.64892,2023-08-08 22:30:00
1691534700000,29756.75,29788.0,29750.0,29768.01,180.00613,2023-08-08 22:45:00
1691535600000,29768.01,29821.99,29768.0,29821.35,239.82088,2023-08-08 23:00:00
1691536500000,29821.35,29821.35,29785.91,29820.01,129.82264,2023-08-08 23:15:00
1691537400000,29820.0,29821.31,29760.0,29766.0,154.03365,2023-08-08 23:30:00
1691538300000,29766.0,29787.73,29765.34,29770.42,152.12945,2023-08-08 23:45:00
1691539200000,29770.41,29819.34,29770.41,29819.27,221.89606,2023-08-09 00:00:00
1691540100000,29819.28,29826.0,29815.11,29824.08,207.03959,2023-08-09 00:15:00
1691541000000,29824.07,29864.35,29794.0,29794.0,281.01765,2023-08-09 00:30:00
1691541900000,29794.01,29819.53,29782.0,29782.01,197.27164,2023-08-09 00:45:00
1691542800000,29782.01,29810.66,29762.4,29806.17,268.99858,2023-08-09 01:00:00
1691543700000,29806.17,29852.0,29806.16,29842.02,159.82168,2023-08-09 01:15:00
1691544600000,29842.01,29861.2,29824.46,29859.7,313.41857,2023-08-09 01:30:00
1691545500000,29859.71,29883.1,29844.51,29853.15,423.97797,2023-08-09 01:45:00
1691546400000,29853.15,29866.2,29811.36,29816.01,512.11842,2023-08-09 02:00:00
1691547300000,29816.01,29816.01,29699.22,29712.0,757.8732,2023-08-09 02:15:00
1691548200000,29712.0,29736.91,29613.0,29692.37,1045.40206,2023-08-09 02:30:00
1691549100000,29692.37,29705.68,29650.38,29692.19,295.42579,2023-08-09 02:45:00
1691550000000,29692.18,29732.0,29676.68,29728.19,311.06997,2023-08-09 03:00:00
1691550900000,29728.2,29744.88,29717.93,29717.94,279.50018,2023-08-09 03:15:00
1691551800000,29717.93,29723.22,29698.02,29700.04,196.08941,2023-08-09 03:30:00
1691552700000,29700.04,29717.99,29698.03,29716.01,229.07433,2023-08-09 03:45:00
1691553600000,29716.0,29752.12,29705.13,29746.39,212.37302,2023-08-09 04:00:00
1691554500000,29746.39,29751.55,29740.0,29742.0,158.18786,2023-08-09 04:15:00
1691555400000,29742.0,29766.0,29741.99,29763.87,403.40288,2023-08-09 04:30:00
1691556300000,29763.87,29766.41,29757.06,29762.1,138.49952,2023-08-09 04:45:00
1691557200000,29762.1,29786.34,29750.0,29750.51,158.02207,2023-08-09 05:00:00
1691558100000,29750.51,29774.59,29750.23,29771.99,247.59083,2023-08-09 05:15:00
1691559000000,29771.99,29774.0,29736.97,29739.02,169.66562,2023-08-09 05:30:00
1691559900000,29739.03,29763.41,29733.75,29735.98,331.09874,2023-08-09 05:45:00
1691560800000,29735.98,29740.15,29703.28,29711.3,591.2722,2023-08-09 06:00:00
1691561700000,29711.29,29711.3,29673.34,29676.0,276.46779,2023-08-09 06:15:00
1691562600000,29676.0,29715.68,29673.39,29715.68,465.57217,2023-08-09 06:30:00
1691563500000,29715.68,29732.0,29713.14,29725.52,172.30373,2023-08-09 06:45:00
1691564400000,29725.51,29768.87,29718.94,29768.86,237.62139,2023-08-09 07:00:00
1691565300000,29768.87,29787.89,29758.63,29787.89,204.36532,2023-08-09 07:15:00
1691566200000,29787.89,29808.96,29759.8,29804.01,484.62613,2023-08-09 07:30:00
1691567100000,29804.0,29821.29,29802.12,29818.0,370.74077,2023-08-09 07:45:00
1691568000000,29818.01,29829.99,29798.48,29798.49,341.48374,2023-08-09 08:00:00
1691568900000,29798.49,29804.0,29776.89,29789.99,233.09103,2023-08-09 08:15:00
1691569800000,29789.99,29821.33,29775.0,29814.5,313.77254,2023-08-09 08:30:00
1691570700000,29814.5,29844.4,29814.49,29836.4,362.71829,2023-08-09 08:45:00
1691571600000,29836.39,29836.4,29782.39,29782.39,268.15079,2023-08-09 09:00:00
1691572500000,29782.04,29801.87,29779.13,29800.0,399.92543,2023-08-09 09:15:00
1691573400000,29800.01,29808.64,29792.0,29793.4,232.26486,2023-08-09 09:30:00
1691574300000,29793.39,29793.4,29781.77,29781.78,164.75829,2023-08-09 09:45:00
1691575200000,29781.77,29787.1,29780.35,29781.9,121.52173,2023-08-09 10:00:00
1691576100000,29781.9,29791.83,29775.0,29778.44,168.52743,2023-08-09 10:15:00
1691577000000,29778.43,29836.4,29740.01,29810.21,499.76697,2023-08-09 10:30:00
1691577900000,29810.2,29854.71,29806.76,29842.45,243.27388,2023-08-09 10:45:00
1691578800000,29842.45,29914.19,29842.0,29855.01,416.93704,2023-08-09 11:00:00
1691579700000,29855.01,29855.01,29812.79,29814.79,344.10821,2023-08-09 11:15:00
1691580600000,29814.79,29830.9,29795.2,29830.9,391.30049,2023-08-09 11:30:00
1691581500000,29830.9,29888.33,29830.89,29888.32,264.05416,2023-08-09 11:45:00
1691582400000,29888.32,29944.0,29872.17,29897.09,435.89933,2023-08-09 12:00:00
1691583300000,29897.09,29897.1,29866.01,29886.56,453.89098,2023-08-09 12:15:00
1691584200000,29886.55,29973.26,29886.55,29949.02,983.59712,2023-08-09 12:30:00
1691585100000,29949.01,30094.4,29949.01,30076.32,1129.69856,2023-08-09 12:45:00
1691586000000,30076.33,30160.0,29969.34,29992.0,1841.92536,2023-08-09 13:00:00
1691586900000,29992.0,30010.0,29950.91,29964.9,546.38676,2023-08-09 13:15:00
1691587800000,29964.91,29972.0,29884.0,29925.09,597.92468,2023-08-09 13:30:00
1691588700000,29925.1,29929.5,29864.35,29886.73,609.85422,2023-08-09 13:45:00
1691589600000,29886.72,29929.28,29801.18,29826.98,566.43523,2023-08-09 14:00:00
1691590500000,29826.98,29881.81,29800.0,29880.92,615.30534,2023-08-09 14:15:00
1691591400000,29880.91,29947.22,29880.0,29900.01,685.79532,2023-08-09 14:30:00
1691592300000,29900.0,29925.65,29755.4,29755.4,898.21645,2023-08-09 14:45:00
1691593200000,29755.41,29793.08,29722.25,29726.01,791.12921,2023-08-09 15:00:00
1691594100000,29726.01,29769.91,29720.5,29748.01,412.47802,2023-08-09 15:15:00
1691595000000,29748.0,29796.2,29676.86,29792.61,609.91581,2023-08-09 15:30:00
1691595900000,29792.62,29795.98,29750.57,29761.7,312.0391,2023-08-09 15:45:00
1691596800000,29761.7,29774.0,29720.34,29752.0,273.76999,2023-08-09 16:00:00
1691597700000,29752.0,29766.62,29706.0,29708.01,227.72278,2023-08-09 16:15:00
1691598600000,29708.0,29740.65,29634.06,29664.01,639.89789,2023-08-09 16:30:00
1691599500000,29664.01,29664.01,29513.41,29513.42,2084.12801,2023-08-09 16:45:00
1691600400000,29513.41,29594.22,29467.48,29581.98,1343.23582,2023-08-09 17:00:00
1691601300000,29581.98,29588.0,29469.4,29475.0,629.76903,2023-08-09 17:15:00
1691602200000,29474.99,29529.14,29443.22,29484.79,731.32937,2023-08-09 17:30:00
1691603100000,29484.79,29517.25,29450.7,29515.27,416.93112,2023-08-09 17:45:00
1691604000000,29515.27,29515.28,29452.9,29473.99,307.74272,2023-08-09 18:00:00
1691604900000,29474.0,29569.6,29473.99,29566.83,307.84144,2023-08-09 18:15:00
1691605800000,29566.83,29586.95,29530.0,29534.78,259.64661,2023-08-09 18:30:00
1691606700000,29534.78,29551.85,29522.0,29525.01,133.44238,2023-08-09 18:45:00
1691607600000,29525.01,29550.0,29494.07,29495.67,156.69251,2023-08-09 19:00:00
1691608500000,29495.66,29528.76,29494.95,29524.24,140.106,2023-08-09 19:15:00
1691609400000,29524.24,29532.7,29487.52,29490.2,152.73939,2023-08-09 19:30:00
1691610300000,29490.2,29490.2,29396.95,29416.22,615.25996,2023-08-09 19:45:00
1691611200000,29416.21,29456.82,29376.67,29435.63,563.90101,2023-08-09 20:00:00
1691612100000,29435.63,29491.86,29422.0,29485.49,296.42809,2023-08-09 20:15:00
1691613000000,29485.49,29495.0,29463.22,29495.0,114.59227,2023-08-09 20:30:00
1691613900000,29494.99,29513.81,29484.93,29500.33,161.51546,2023-08-09 20:45:00
1691614800000,29500.33,29507.7,29440.0,29440.32,214.01678,2023-08-09 21:00:00
1691615700000,29440.32,29530.0,29440.32,29530.0,188.6952,2023-08-09 21:15:00
1691616600000,29530.0,29530.0,29505.94,29526.02,137.01828,2023-08-09 21:30:00
1691617500000,29526.01,29559.9,29493.57,29526.89,208.52111,2023-08-09 21:45:00
1691618400000,29526.88,29560.0,29516.98,29557.25,167.19775,2023-08-09 22:00:00
1691619300000,29557.25,29582.1,29557.24,29582.09,108.18305,2023-08-09 22:15:00
1691620200000,29582.09,29583.13,29563.28,29564.31,127.75002,2023-08-09 22:30:00
1691621100000,29564.31,29601.92,29564.31,29601.91,96.91816,2023-08-09 22:45:00
1691622000000,29601.92,29626.0,29590.32,29622.78,177.30126,2023-08-09 23:00:00
1691622900000,29622.78,29622.79,29585.0,29619.4,166.38555,2023-08-09 23:15:00
1691623800000,29619.41,29623.62,29604.56,29607.4,125.33263,2023-08-09 23:30:00
1691624700000,29607.41,29607.41,29566.49,29581.99,151.9241,2023-08-09 23:45:00
1691625600000,29581.99,29612.91,29570.01,29592.34,140.30923,2023-08-10 00:00:00
1691626500000,29592.35,29629.47,29590.0,29625.99,155.4381,2023-08-10 00:15:00
1691627400000,29625.99,29639.99,29603.93,29603.94,127.22811,2023-08-10 00:30:00
1691628300000,29603.93,29620.0,29566.67,29620.0,145.41315,2023-08-10 00:45:00
1691629200000,29620.0,29629.79,29606.0,29606.01,104.59661,2023-08-10 01:00:00
1691630100000,29606.0,29608.41,29576.97,29608.41,204.77317,2023-08-10 01:15:00
1691631000000,29608.4,29652.87,29604.74,29652.87,195.78719,2023-08-10 01:30:00
1691631900000,29652.86,29660.06,29579.04,29608.68,289.9907,2023-08-10 01:45:00
1691632800000,29608.67,29644.33,29600.0,29640.0,186.04339,2023-08-10 02:00:00
1691633700000,29640.0,29642.44,29605.45,29620.0,168.50344,2023-08-10 02:15:00
1691634600000,29620.0,29624.76,29610.0,29624.17,150.63915,2023-08-10 02:30:00
1691635500000,29624.17,29634.01,29582.3,29582.3,184.21399,2023-08-10 02:45:00
1691636400000,29582.3,29598.7,29571.73,29596.05,301.71556,2023-08-10 03:00:00
1691637300000,29596.06,29620.0,29593.28,29595.43,333.11918,2023-08-10 03:15:00
1691638200000,29595.42,29595.43,29566.66,29587.21,320.21264,2023-08-10 03:30:00
1691639100000,29587.21,29587.55,29581.44,29582.63,78.45554,2023-08-10 03:45:00
1691640000000,29582.63,29582.63,29550.34,29562.12,218.00004,2023-08-10 04:00:00
1691640900000,29562.12,29562.12,29540.7,29544.73,149.13899,2023-08-10 04:15:00
1691641800000,29544.73,29557.57,29536.1,29557.57,252.94677,2023-08-10 04:30:00
1691642700000,29557.56,29564.99,29542.02,29542.05,262.58394,2023-08-10 04:45:00
1691643600000,29542.04,29542.67,29518.0,29524.0,215.71784,2023-08-10 05:00:00
1691644500000,29524.0,29524.0,29510.44,29518.0,223.24275,2023-08-10 05:15:00
1691645400000,29518.0,29537.65,29515.5,29534.51,159.50693,2023-08-10 05:30:00
1691646300000,29534.51,29616.98,29534.5,29585.84,396.86418,2023-08-10 05:45:00
1691647200000,29585.85,29609.68,29570.71,29571.99,184.23831,2023-08-10 06:00:00
1691648100000,29571.99,29575.67,29527.33,29540.06,254.62436,2023-08-10 06:15:00
1691649000000,29540.06,29554.12,29534.35,29534.36,149.2939,2023-08-10 06:30:00
1691649900000,29534.36,29534.36,29513.43,29517.33,206.14013,2023-08-10 06:45:00
1691650800000,29517.33,29548.0,29517.33,29548.0,127.63767,2023-08-10 07:00:00
1691651700000,29548.0,29567.69,29547.99,29564.42,196.83349,2023-08-10 07:15:00
1691652600000,29564.43,29565.84,29514.67,29515.0,187.26994,2023-08-10 07:30:00
1691653500000,29515.0,29515.0,29491.11,29512.0,340.91663,2023-08-10 07:45:00
1691654400000,29511.99,29534.88,29509.16,29514.27,360.05085,2023-08-10 08:00:00
1691655300000,29514.28,29514.28,29492.58,29514.0,200.51212,2023-08-10 08:15:00
1691656200000,29513.99,29520.0,29507.08,29507.09,159.76445,2023-08-10 08:30:00
1691657100000,29507.08,29521.54,29505.19,29519.2,215.60254,2023-08-10 08:45:00
1691658000000,29519.19,29519.2,29511.81,29511.82,60.53308,2023-08-10 09:00:00
1691658900000,29511.81,29511.82,29485.0,29491.5,193.90299,2023-08-10 09:15:00
1691659800000,29491.49,29536.42,29476.0,29536.41,338.07038,2023-08-10 09:30:00
1691660700000,29536.41,29554.0,29522.93,29534.16,302.41325,2023-08-10 09:45:00
1691661600000,29534.15,29548.71,29528.02,29528.03,136.32435,2023-08-10 10:00:00
1691662500000,29528.02,29528.03,29512.77,29514.89,225.7656,2023-08-10 10:15:00
1691663400000,29514.89,29536.0,29514.88,29532.11,126.5844,2023-08-10 10:30:00
1691664300000,29532.11,29559.98,29532.1,29552.86,262.07777,2023-08-10 10:45:00
1691665200000,29552.86,29557.31,29543.67,29548.27,309.61005,2023-08-10 11:00:00
1691666100000,29548.26,29548.27,29515.89,29520.97,211.15403,2023-08-10 11:15:00
1691667000000,29520.97,29520.97,29487.17,29496.0,196.23195,2023-08-10 11:30:00
1691667900000,29496.0,29515.27,29486.0,29504.01,165.37498,2023-08-10 11:45:00
1691668800000,29504.01,29524.63,29491.49,29524.63,230.89013,2023-08-10 12:00:00
1691669700000,29524.62,29568.06,29524.62,29556.0,369.96779,2023-08-10 12:15:00
1691670600000,29555.99,29635.29,29489.0,29537.68,1423.79594,2023-08-10 12:30:00
1691671500000,29537.67,29597.77,29519.96,29560.97,521.56518,2023-08-10 12:45:00
1691672400000,29560.97,29566.8,29523.87,29536.0,184.91508,2023-08-10 13:00:00
1691673300000,29536.0,29586.0,29528.17,29585.99,198.72023,2023-08-10 13:15:00
1691674200000,29585.99,29658.39,29572.93,29601.89,572.76594,2023-08-10 13:30:00
1691675100000,29601.89,29692.85,29601.89,29680.11,526.08129,2023-08-10 13:45:00
1691676000000,29680.1,29738.0,29618.48,29618.48,796.54382,2023-08-10 14:00:00
1691676900000,29618.49,29639.7,29572.05,29599.02,578.94981,2023-08-10 14:15:00
1691677800000,29599.03,29623.54,29415.15,29428.01,941.93663,2023-08-10 14:30:00
1691678700000,29428.0,29509.18,29400.0,29495.76,546.36629,2023-08-10 14:45:00
1691679600000,29495.76,29513.92,29435.75,29469.29,302.79816,2023-08-10 15:00:00
1691680500000,29469.28,29487.99,29441.16,29487.98,188.95551,2023-08-10 15:15:00
1691681400000,29487.99,29531.25,29482.05,29494.75,467.03428,2023-08-10 15:30:00
1691682300000,29494.75,29494.75,29445.15,29466.0,251.00413,2023-08-10 15:45:00
1691683200000,29465.99,29471.84,29422.0,29422.01,247.68564,2023-08-10 16:00:00
1691684100000,29422.01,29446.38,29385.0,29437.5,361.08487,2023-08-10 16:15:00
1691685000000,29437.5,29464.0,29421.26,29464.0,357.59949,2023-08-10 16:30:00
1691685900000,29464.0,29478.07,29430.82,29431.15,227.34579,2023-08-10 16:45:00
1691686800000,29431.16,29446.0,29419.12,29439.11,171.76672,2023-08-10 17:00:00
1691687700000,29439.11,29439.11,29400.0,29406.5,179.8512,2023-08-10 17:15:00
1691688600000,29406.5,29462.0,29320.2,29400.0,674.81652,2023-08-10 17:30:00
1691689500000,29400.01,29444.94,29400.0,29412.75,208.6231,2023-08-10 17:45:00
1691690400000,29412.74,29452.0,29396.76,29450.0,262.92576,2023-08-10 18:00:00
1691691300000,29449.99,29475.24,29440.0,29444.36,179.78837,2023-08-10 18:15:00
1691692200000,29444.35,29444.36,29419.25,29419.26,131.94587,2023-08-10 18:30:00
1691693100000,29419.26,29442.91,29416.43,29436.0,176.43899,2023-08-10 18:45:00
1691694000000,29436.0,29437.49,29410.21,29419.46,118.32574,2023-08-10 19:00:00
1691694900000,29419.46,29420.0,29406.53,29406.53,116.74805,2023-08-10 19:15:00
1691695800000,29406.54,29427.31,29384.89,29427.3,121.96394,2023-08-10 19:30:00
1691696700000,29427.3,29449.99,29427.3,29444.52,140.51819,2023-08-10 19:45:00
1691697600000,29444.52,29482.27,29444.52,29482.27,189.86634,2023-08-10 20:00:00
1691698500000,29482.26,29488.29,29460.0,29470.9,188.59381,2023-08-10 20:15:00
1691699400000,29470.9,29470.9,29435.54,29435.55,118.1833,2023-08-10 20:30:00
1691700300000,29435.54,29454.97,29422.71,29453.45,107.00087,2023-08-10 20:45:00
1691701200000,29453.44,29459.49,29451.53,29451.53,66.4801,2023-08-10 21:00:00
1691702100000,29451.54,29454.02,29449.47,29454.01,70.12272,2023-08-10 21:15:00
1691703000000,29454.01,29471.3,29454.01,29464.81,120.5245,2023-08-10 21:30:00
1691703900000,29464.8,29466.11,29460.93,29466.07,72.71871,2023-08-10 21:45:00
1691704800000,29466.06,29466.07,29446.72,29446.73,90.47523,2023-08-10 22:00:00
1691705700000,29446.72,29466.02,29446.72,29466.02,148.28392,2023-08-10 22:15:00
1691706600000,29466.02,29481.89,29466.01,29478.1,87.61237,2023-08-10 22:30:00
1691707500000,29478.1,29478.11,29465.0,29465.01,89.81238,2023-08-10 22:45:00
1691708400000,29465.01,29465.01,29453.47,29453.48,87.41959,2023-08-10 23:00:00
1691709300000,29453.48,29469.0,29450.0,29466.71,74.14825,2023-08-10 23:15:00
1691710200000,29466.7,29466.71,29455.5,29455.51,44.33421,2023-08-10 23:30:00
1691711100000,29455.5,29455.76,29454.33,29455.75,52.79117,2023-08-10 23:45:00
1691712000000,29455.76,29457.53,29450.0,29457.53,65.06588,2023-08-11 00:00:00
1691712900000,29457.52,29486.79,29457.52,29486.79,116.74643,2023-08-11 00:15:00
1691713800000,29486.79,29498.17,29477.94,29498.17,89.49733,2023-08-11 00:30:00
1691714700000,29498.17,29498.17,29481.65,29481.66,145.3609,2023-08-11 00:45:00
1691715600000,29481.65,29481.66,29474.0,29481.06,63.40583,2023-08-11 01:00:00
1691716500000,29481.06,29491.28,29469.08,29469.09,121.15334,2023-08-11 01:15:00
1691717400000,29469.09,29469.09,29440.11,29440.85,240.24361,2023-08-11 01:30:00
1691718300000,29440.86,29454.0,29440.85,29450.01,241.83098,2023-08-11 01:45:00
1691719200000,29450.0,29450.01,29415.06,29423.4,216.61146,2023-08-11 02:00:00
1691720100000,29423.4,29423.4,29401.67,29415.57,160.62342,2023-08-11 02:15:00
1691721000000,29415.57,29415.57,29392.87,29400.93,173.5416,2023-08-11 02:30:00
1691721900000,29400.93,29400.93,29352.47,29373.02,234.23396,2023-08-11 02:45:00
1691722800000,29373.01,29433.0,29355.23,29413.83,164.33681,2023-08-11 03:00:00
1691723700000,29413.83,29418.0,29398.0,29409.08,358.0242,2023-08-11 03:15:00
1691724600000,29409.08,29411.17,29392.83,29401.1,288.32627,2023-08-11 03:30:00
1691725500000,29401.1,29412.0,29387.84,29412.0,220.21275,2023-08-11 03:45:00
1691726400000,29412.0,29420.96,29407.23,29410.07,145.03953,2023-08-11 04:00:00
1691727300000,29410.07,29426.46,29410.06,29426.46,255.93101,2023-08-11 04:15:00
1691728200000,29426.45,29432.0,29424.35,29425.09,82.82671,2023-08-11 04:30:00
1691729100000,29425.08,29425.09,29414.0,29416.82,118.74071,2023-08-11 04:45:00
1691730000000,29416.81,29416.82,29380.04,29388.23,180.53866,2023-08-11 05:00:00
1691730900000,29388.23,29410.0,29388.23,29410.0,116.37881,2023-08-11 05:15:00
1691731800000,29409.99,29449.33,29409.99,29438.46,231.97996,2023-08-11 05:30:00
1691732700000,29438.46,29461.58,29431.03,29461.57,156.26067,2023-08-11 05:45:00
1691733600000,29461.57,29463.26,29438.0,29448.43,261.23971,2023-08-11 06:00:00
1691734500000,29448.43,29453.83,29437.68,29437.95,271.58874,2023-08-11 06:15:00
1691735400000,29437.95,29437.96,29430.0,29430.0,157.64419,2023-08-11 06:30:00
1691736300000,29430.0,29473.73,29430.0,29462.01,321.71467,2023-08-11 06:45:00
1691737200000,29462.0,29490.0,29454.66,29456.41,373.79925,2023-08-11 07:00:00
1691738100000,29456.41,29457.2,29438.0,29442.0,246.13361,2023-08-11 07:15:00
1691739000000,29442.0,29442.29,29428.64,29431.87,310.22033,2023-08-11 07:30:00
1691739900000,29431.88,29431.88,29417.27,29417.28,121.62766,2023-08-11 07:45:00
1691740800000,29417.28,29441.74,29406.91,29439.89,522.9522,2023-08-11 08:00:00
1691741700000,29439.89,29452.33,29439.1,29440.9,276.88572,2023-08-11 08:15:00
1691742600000,29440.9,29440.9,29427.99,29428.0,182.64825,2023-08-11 08:30:00
1691743500000,29428.0,29428.0,29413.21,29413.22,171.45527,2023-08-11 08:45:00
1691744400000,29413.22,29415.59,29411.57,29411.59,174.85068,2023-08-11 09:00:00
1691745300000,29411.6,29411.6,29390.0,29394.93,411.80949,2023-08-11 09:15:00
1691746200000,29394.94,29411.35,29393.18,29411.35,138.61192,2023-08-11 09:30:00
1691747100000,29411.34,29411.35,29382.0,29386.42,143.01883,2023-08-11 09:45:00
1691748000000,29386.42,29406.45,29350.0,29406.45,268.61979,2023-08-11 10:00:00
1691748900000,29406.44,29427.47,29396.0,29407.51,207.73928,2023-08-11 10:15:00
1691749800000,29407.51,29409.07,29400.0,29400.01,359.39665,2023-08-11 10:30:00
1691750700000,29400.0,29400.46,29391.93,29393.28,223.39778,2023-08-11 10:45:00
1691751600000,29393.27,29402.29,29393.27,29394.7,152.48099,2023-08-11 11:00:00
1691752500000,29394.69,29405.67,29394.69,29405.67,207.60352,2023-08-11 11:15:00
1691753400000,29405.67,29422.0,29405.66,29420.78,142.13364,2023-08-11 11:30:00
1691754300000,29420.77,29447.14,29420.77,29445.96,226.07375,2023-08-11 11:45:00
1691755200000,29445.96,29460.0,29445.95,29450.01,292.81405,2023-08-11 12:00:00
1691756100000,29450.01,29450.01,29434.64,29442.01,367.85125,2023-08-11 12:15:00
1691757000000,29442.0,29454.08,29408.0,29448.01,401.8082,2023-08-11 12:30:00
1691757900000,29448.0,29448.01,29397.5,29425.99,178.31964,2023-08-11 12:45:00
1691758800000,29425.99,29460.02,29425.99,29460.02,161.64779,2023-08-11 13:00:00
1691759700000,29460.01,29460.02,29441.85,29441.85,93.30589,2023-08-11 13:15:00
1691760600000,29441.85,29456.45,29419.64,29440.76,235.04738,2023-08-11 13:30:00
1691761500000,29440.75,29472.84,29432.39,29470.71,238.61098,2023-08-11 13:45:00
1691762400000,29470.71,29564.52,29464.78,29513.99,812.07444,2023-08-11 14:00:00
1691763300000,29513.98,29557.61,29494.4,29512.41,508.06302,2023-08-11 14:15:00
1691764200000,29512.42,29532.0,29470.45,29526.52,373.92911,2023-08-11 14:30:00
1691765100000,29526.52,29555.99,29487.91,29495.44,457.64902,2023-08-11 14:45:00
1691766000000,29495.44,29524.89,29389.65,29410.0,680.38824,2023-08-11 15:00:00
1691766900000,29410.0,29414.62,29366.85,29402.58,408.19775,2023-08-11 15:15:00
1691767800000,29402.57,29402.58,29370.46,29374.89,271.79674,2023-08-11 15:30:00
1691768700000,29374.88,29395.9,29354.0,29395.89,381.7393,2023-08-11 15:45:00
1691769600000,29395.9,29419.0,29387.19,29419.0,260.02566,2023-08-11 16:00:00
1691770500000,29419.0,29431.03,29390.46,29392.0,228.08086,2023-08-11 16:15:00
1691771400000,29392.0,29400.71,29252.45,29298.0,680.91564,2023-08-11 16:30:00
1691772300000,29298.0,29373.8,29274.0,29361.77,769.51535,2023-08-11 16:45:00
1691773200000,29361.77,29361.77,29323.0,29334.01,164.59112,2023-08-11 17:00:00
1691774100000,29334.0,29393.69,29324.0,29393.69,172.9354,2023-08-11 17:15:00
1691775000000,29393.69,29397.36,29344.98,29345.0,164.80374,2023-08-11 17:30:00
1691775900000,29345.01,29345.01,29327.16,29340.4,118.69779,2023-08-11 17:45:00
1691776800000,29340.39,29377.6,29330.83,29352.52,137.47862,2023-08-11 18:00:00
1691777700000,29352.52,29368.85,29351.19,29355.33,95.16555,2023-08-11 18:15:00
1691778600000,29355.33,29364.01,29347.31,29362.91,98.34202,2023-08-11 18:30:00
1691779500000,29362.9,29377.13,29362.9,29376.19,86.18013,2023-08-11 18:45:00
1691780400000,29376.2,29377.42,29350.67,29352.82,126.93897,2023-08-11 19:00:00
1691781300000,29352.82,29376.81,29352.02,29375.92,79.44563,2023-08-11 19:15:00
1691782200000,29375.91,29413.64,29375.91,29413.64,180.00508,2023-08-11 19:30:00
1691783100000,29413.64,29416.65,29390.0,29396.76,152.23118,2023-08-11 19:45:00
1691784000000,29396.76,29409.75,29396.76,29409.75,91.64001,2023-08-11 20:00:00
1691784900000,29409.74,29429.0,29404.29,29404.3,110.35398,2023-08-11 20:15:00
1691785800000,29404.29,29413.23,29399.95,29405.81,45.68888,2023-08-11 20:30:00
1691786700000,29405.8,29420.22,29405.66,29420.22,72.78819,2023-08-11 20:45:00
1691787600000,29420.22,29444.73,29420.21,29442.13,130.16131,2023-08-11 21:00:00
1691788500000,29442.13,29442.13,29427.06,29430.26,55.1144,2023-08-11 21:15:00
1691789400000,29430.27,29430.27,29405.19,29409.69,97.23528,2023-08-11 21:30:00
1691790300000,29409.69,29410.09,29406.95,29410.05,69.00982,2023-08-11 21:45:00
1691791200000,29410.04,29415.29,29404.39,29415.29,69.05338,2023-08-11 22:00:00
1691792100000,29415.29,29421.49,29415.28,29421.49,62.80259,2023-08-11 22:15:00
1691793000000,29421.49,29426.97,29421.48,29423.9,65.35735,2023-08-11 22:30:00
1691793900000,29423.89,29439.69,29423.89,29434.56,87.5513,2023-08-11 22:45:00
1691794800000,29434.57,29434.57,29405.99,29410.81,62.75605,2023-08-11 23:00:00
1691795700000,29410.8,29425.2,29410.8,29425.2,49.17697,2023-08-11 23:15:00
1691796600000,29425.19,29428.0,29425.19,29428.0,45.5637,2023-08-11 23:30:00
1691797500000,29427.99,29440.0,29426.02,29426.03,83.6388,2023-08-11 23:45:00
1691798400000,29426.02,29426.03,29406.26,29406.27,74.00324,2023-08-12 00:00:00
1691799300000,29406.26,29430.81,29406.26,29430.81,77.40158,2023-08-12 00:15:00
1691800200000,29430.8,29436.73,29430.8,29436.72,81.54505,2023-08-12 00:30:00
1691801100000,29436.73,29454.75,29436.72,29454.73,90.37876,2023-08-12 00:45:00
1691802000000,29454.72,29460.73,29433.53,29437.63,130.32352,2023-08-12 01:00:00
1691802900000,29437.63,29437.63,29426.94,29426.95,47.79004,2023-08-12 01:15:00
1691803800000,29426.94,29428.32,29410.5,29414.43,106.40208,2023-08-12 01:30:00
1691804700000,29414.43,29420.13,29400.64,29405.25,164.93196,2023-08-12 01:45:00
1691805600000,29405.24,29410.0,29398.0,29410.0,110.9926,2023-08-12 02:00:00
1691806500000,29409.99,29414.67,29409.99,29413.58,143.01843,2023-08-12 02:15:00
1691807400000,29413.58,29413.58,29411.25,29411.26,37.82532,2023-08-12 02:30:00
1691808300000,29411.25,29411.26,29391.45,29391.46,46.12776,2023-08-12 02:45:00
1691809200000,29391.46,29392.57,29391.45,29392.57,120.20773,2023-08-12 03:00:00
1691810100000,29392.56,29392.57,29388.0,29388.01,81.76473,2023-08-12 03:15:00
1691811000000,29388.01,29398.84,29381.56,29381.63,173.06592,2023-08-12 03:30:00
1691811900000,29381.64,29405.0,29381.63,29402.07,95.51548,2023-08-12 03:45:00
1691812800000,29402.06,29420.42,29402.06,29416.36,151.03146,2023-08-12 04:00:00
1691813700000,29416.36,29425.96,29416.35,29421.26,87.47803,2023-08-12 04:15:00
1691814600000,29421.25,29421.26,29421.25,29421.25,29.46612,2023-08-12 04:30:00
1691815500000,29421.25,29421.26,29417.3,29418.23,119.29987,2023-08-12 04:45:00
1691816400000,29418.22,29419.1,29415.92,29417.94,160.33692,2023-08-12 05:00:00
1691817300000,29417.94,29417.97,29413.33,29413.33,59.6769,2023-08-12 05:15:00
1691818200000,29413.33,29413.34,29407.68,29407.68,44.89605,2023-08-12 05:30:00
1691819100000,29407.69,29407.69,29405.34,29405.34,51.51812,2023-08-12 05:45:00
1691820000000,29405.34,29405.35,29385.99,29396.96,164.08047,2023-08-12 06:00:00
1691820900000,29396.95,29397.74,29389.93,29392.72,94.82909,2023-08-12 06:15:00
1691821800000,29392.72,29392.72,29384.82,29390.54,143.72244,2023-08-12 06:30:00
1691822700000,29390.54,29416.87,29390.53,29416.86,121.29867,2023-08-12 06:45:00
1691823600000,29416.86,29416.87,29412.74,29414.17,86.69623,2023-08-12 07:00:00
1691824500000,29414.17,29414.17,29406.69,29406.69,48.52609,2023-08-12 07:15:00
1691825400000,29406.7,29419.96,29401.46,29419.96,181.81259,2023-08-12 07:30:00
1691826300000,29419.96,29426.68,29418.75,29421.49,166.84696,2023-08-12 07:45:00
1691827200000,29421.48,29426.54,29420.92,29421.46,190.71501,2023-08-12 08:00:00
1691828100000,29421.45,29421.46,29410.71,29411.05,147.99698,2023-08-12 08:15:00
1691829000000,29411.05,29411.99,29400.77,29401.34,190.62616,2023-08-12 08:30:00
1691829900000,29401.33,29401.34,29390.57,29392.99,198.31998,2023-08-12 08:45:00
1691830800000,29392.99,29408.04,29392.98,29408.03,175.93963,2023-08-12 09:00:00
1691831700000,29408.04,29419.61,29408.03,29412.7,197.61681,2023-08-12 09:15:00
1691832600000,29412.7,29419.21,29412.69,29419.2,88.46263,2023-08-12 09:30:00
1691833500000,29419.21,29419.21,29415.58,29417.61,62.56272,2023-08-12 09:45:00
1691834400000,29417.6,29426.07,29417.59,29426.06,153.38251,2023-08-12 10:00:00
1691835300000,29426.07,29431.15,29426.06,29429.49,171.68317,2023-08-12 10:15:00
1691836200000,29429.5,29429.5,29421.5,29421.51,158.71806,2023-08-12 10:30:00
1691837100000,29421.51,29434.35,29421.5,29434.35,125.27114,2023-08-12 10:45:00
1691838000000,29434.35,29434.35,29425.68,29425.69,63.83558,2023-08-12 11:00:00
1691838900000,29425.69,29425.69,29417.15,29417.16,68.31791,2023-08-12 11:15:00
1691839800000,29417.15,29417.16,29415.6,29415.61,51.33125,2023-08-12 11:30:00
1691840700000,29415.6,29432.36,29415.6,29429.85,145.0262,2023-08-12 11:45:00
1691841600000,29429.85,29429.85,29426.89,29426.9,62.26281,2023-08-12 12:00:00
1691842500000,29426.89,29426.9,29423.56,29423.57,50.5372,2023-08-12 12:15:00
1691843400000,29423.56,29423.57,29418.85,29418.85,63.55731,2023-08-12 12:30:00
1691844300000,29418.86,29428.8,29415.55,29428.8,89.20665,2023-08-12 12:45:00
1691845200000,29428.8,29428.8,29421.53,29425.26,95.36461,2023-08-12 13:00:00
1691846100000,29425.26,29425.27,29425.26,29425.27,60.64126,2023-08-12 13:15:00
1691847000000,29425.26,29425.27,29424.4,29424.41,49.9623,2023-08-12 13:30:00
1691847900000,29424.41,29424.41,29408.28,29408.8,183.46663,2023-08-12 13:45:00
1691848800000,29408.81,29411.38,29408.8,29411.38,50.8747,2023-08-12 14:00:00
1691849700000,29411.38,29436.65,29411.37,29436.63,138.96364,2023-08-12 14:15:00
1691850600000,29436.63,29444.69,29436.63,29443.0,96.80142,2023-08-12 14:30:00
1691851500000,29443.0,29450.0,29435.7,29449.98,119.84755,2023-08-12 14:45:00
1691852400000,29449.99,29449.99,29444.54,29444.72,80.54478,2023-08-12 15:00:00
1691853300000,29444.73,29449.98,29444.72,29449.97,73.69892,2023-08-12 15:15:00
1691854200000,29449.98,29458.1,29449.97,29452.63,109.78114,2023-08-12 15:30:00
1691855100000,29452.63,29452.63,29438.81,29438.81,64.83202,2023-08-12 15:45:00
1691856000000,29438.81,29458.0,29438.81,29458.0,111.59294,2023-08-12 16:00:00
1691856900000,29458.0,29475.32,29457.99,29475.32,95.31573,2023-08-12 16:15:00
1691857800000,29475.32,29481.35,29470.1,29470.92,150.38329,2023-08-12 16:30:00
1691858700000,29470.92,29470.93,29456.74,29456.74,86.32881,2023-08-12 16:45:00
1691859600000,29456.75,29457.56,29452.84,29457.56,68.12079,2023-08-12 17:00:00
1691860500000,29457.55,29457.56,29454.12,29454.13,72.99781,2023-08-12 17:15:00
1691861400000,29454.13,29454.13,29445.59,29445.59,80.15909,2023-08-12 17:30:00
1691862300000,29445.59,29445.6,29430.11,29430.11,68.12314,2023-08-12 17:45:00
1691863200000,29430.11,29430.12,29418.54,29418.55,88.00016,2023-08-12 18:00:00
1691864100000,29418.55,29433.11,29418.54,29433.11,89.19694,2023-08-12 18:15:00
1691865000000,29433.11,29436.25,29433.1,29436.25,55.92047,2023-08-12 18:30:00
1691865900000,29436.25,29436.25,29429.11,29429.11,45.32318,2023-08-12 18:45:00
1691866800000,29429.12,29429.12,29420.0,29420.01,61.63962,2023-08-12 19:00:00
1691867700000,29420.0,29420.01,29414.24,29417.27,65.08609,2023-08-12 19:15:00
1691868600000,29417.27,29417.27,29415.87,29415.88,44.88788,2023-08-12 19:30:00
1691869500000,29415.87,29416.17,29411.58,29416.16,80.37343,2023-08-12 19:45:00
1691870400000,29416.17,29426.87,29416.16,29426.87,61.49261,2023-08-12 20:00:00
1691871300000,29426.87,29426.87,29426.16,29426.16,51.07775,2023-08-12 20:15:00
1691872200000,29426.16,29426.17,29423.53,29423.53,42.11586,2023-08-12 20:30:00
1691873100000,29423.54,29423.54,29420.38,29420.38,46.48533,2023-08-12 20:45:00
1691874000000,29420.38,29420.39,29411.31,29415.0,54.75901,2023-08-12 21:00:00
1691874900000,29414.99,29415.85,29414.99,29415.85,52.33314,2023-08-12 21:15:00
1691875800000,29415.85,29415.85,29413.27,29413.27,49.01909,2023-08-12 21:30:00
1691876700000,29413.27,29417.39,29400.0,29417.38,101.92361,2023-08-12 21:45:00
1691877600000,29417.38,29427.47,29417.38,29427.47,76.26195,2023-08-12 22:00:00
1691878500000,29427.47,29431.08,29427.46,29429.55,58.50289,2023-08-12 22:15:00
1691879400000,29429.56,29429.56,29422.27,29426.49,37.26139,2023-08-12 22:30:00
1691880300000,29426.49,29426.5,29426.49,29426.5,23.62597,2023-08-12 22:45:00
1691881200000,29426.5,29433.16,29426.49,29433.15,43.12906,2023-08-12 23:00:00
1691882100000,29433.15,29433.16,29429.84,29432.04,67.33326,2023-08-12 23:15:00
1691883000000,29432.05,29432.05,29432.04,29432.05,32.17609,2023-08-12 23:30:00
1691883900000,29432.04,29432.05,29430.01,29430.17,37.57541,2023-08-12 23:45:00
1691884800000,29430.18,29430.18,29425.06,29430.0,52.82136,2023-08-13 00:00:00
1691885700000,29430.0,29430.0,29429.99,29430.0,36.8536,2023-08-13 00:15:00
1691886600000,29429.99,29442.32,29429.99,29442.31,47.9172,2023-08-13 00:30:00
1691887500000,29442.32,29450.0,29442.31,29449.99,37.04588,2023-08-13 00:45:00
1691888400000,29450.0,29452.7,29449.99,29452.7,41.62995,2023-08-13 01:00:00
1691889300000,29452.69,29452.75,29442.39,29443.81,64.8151,2023-08-13 01:15:00
1691890200000,29443.81,29445.91,29442.77,29444.61,86.53772,2023-08-13 01:30:00
1691891100000,29444.61,29452.75,29444.61,29452.75,55.60001,2023-08-13 01:45:00
1691892000000,29452.75,29455.21,29452.74,29454.99,66.28577,2023-08-13 02:00:00
1691892900000,29455.0,29455.0,29454.99,29454.99,29.08314,2023-08-13 02:15:00
1691893800000,29455.0,29455.0,29454.83,29454.84,33.86718,2023-08-13 02:30:00
1691894700000,29454.84,29454.84,29446.31,29446.31,37.61957,2023-08-13 02:45:00
1691895600000,29446.32,29446.32,29404.17,29406.78,330.18719,2023-08-13 03:00:00
1691896500000,29406.79,29415.4,29400.0,29415.4,130.9587,2023-08-13 03:15:00
1691897400000,29415.39,29415.4,29415.08,29415.09,54.09918,2023-08-13 03:30:00
1691898300000,29415.08,29418.57,29413.99,29418.56,63.36896,2023-08-13 03:45:00
1691899200000,29418.56,29418.57,29400.97,29400.98,127.05792,2023-08-13 04:00:00
1691900100000,29400.98,29400.98,29384.1,29393.05,157.45234,2023-08-13 04:15:00
1691901000000,29393.06,29401.89,29393.05,29401.24,116.40229,2023-08-13 04:30:00
1691901900000,29401.23,29406.27,29394.15,29394.68,92.62925,2023-08-13 04:45:00
1691902800000,29394.69,29394.69,29381.46,29385.98,178.54151,2023-08-13 05:00:00
1691903700000,29385.98,29385.98,29363.0,29382.22,149.21095,2023-08-13 05:15:00
1691904600000,29382.21,29384.01,29380.63,29384.01,77.57348,2023-08-13 05:30:00
1691905500000,29384.01,29385.0,29382.23,29385.0,42.08182,2023-08-13 05:45:00
1691906400000,29384.99,29397.81,29381.56,29397.8,115.18993,2023-08-13 06:00:00
1691907300000,29397.8,29397.97,29392.5,29392.81,74.45539,2023-08-13 06:15:00
1691908200000,29392.82,29392.82,29391.29,29391.31,84.03075,2023-08-13 06:30:00
1691909100000,29391.3,29401.56,29391.3,29401.56,157.68038,2023-08-13 06:45:00
1691910000000,29401.55,29407.5,29401.06,29406.48,153.49945,2023-08-13 07:00:00
1691910900000,29406.48,29406.62,29403.58,29404.02,57.03081,2023-08-13 07:15:00
1691911800000,29404.02,29404.02,29399.98,29399.98,121.07715,2023-08-13 07:30:00
1691912700000,29399.98,29399.99,29395.9,29396.36,132.19772,2023-08-13 07:45:00
1691913600000,29396.37,29399.16,29396.36,29397.16,54.67716,2023-08-13 08:00:00
1691914500000,29397.16,29399.88,29391.85,29395.66,210.14864,2023-08-13 08:15:00
1691915400000,29395.66,29399.17,29395.66,29399.16,101.70668,2023-08-13 08:30:00
1691916300000,29399.16,29414.53,29399.16,29414.53,236.51003,2023-08-13 08:45:00
1691917200000,29414.53,29414.53,29408.0,29410.76,159.70348,2023-08-13 09:00:00
1691918100000,29410.77,29412.0,29409.99,29411.16,151.27402,2023-08-13 09:15:00
1691919000000,29411.16,29411.17,29410.69,29411.12,80.95788,2023-08-13 09:30:00
1691919900000,29411.13,29413.9,29410.0,29413.7,138.68071,2023-08-13 09:45:00
1691920800000,29413.7,29416.53,29408.0,29410.49,123.45122,2023-08-13 10:00:00
1691921700000,29410.48,29414.45,29410.48,29412.0,110.19393,2023-08-13 10:15:00
1691922600000,29412.01,29414.1,29407.05,29409.78,160.25005,2023-08-13 10:30:00
1691923500000,29409.78,29409.78,29403.86,29403.86,82.57916,2023-08-13 10:45:00
1691924400000,29403.86,29403.87,29396.01,29396.01,50.88947,2023-08-13 11:00:00
1691925300000,29396.01,29396.02,29393.77,29393.77,57.89105,2023-08-13 11:15:00
1691926200000,29393.78,29393.78,29375.49,29375.5,58.57496,2023-08-13 11:30:00
1691927100000,29375.5,29383.39,29375.49,29383.38,77.62985,2023-08-13 11:45:00
1691928000000,29383.39,29389.28,29383.38,29384.01,85.80711,2023-08-13 12:00:00
1691928900000,29384.0,29385.48,29367.89,29385.48,162.03265,2023-08-13 12:15:00
1691929800000,29385.47,29392.64,29385.47,29392.63,53.61602,2023-08-13 12:30:00
1691930700000,29392.64,29393.76,29389.99,29389.99,102.17267,2023-08-13 12:45:00
1691931600000,29390.0,29390.01,29387.8,29387.81,122.50614,2023-08-13 13:00:00
1691932500000,29387.8,29387.81,29374.85,29374.85,105.72603,2023-08-13 13:15:00
1691933400000,29374.84,29374.99,29373.39,29373.99,112.8702,2023-08-13 13:30:00
1691934300000,29373.99,29376.0,29373.99,29375.99,57.77159,2023-08-13 13:45:00
1691935200000,29376.0,29376.0,29374.0,29374.0,62.42696,2023-08-13 14:00:00
1691936100000,29374.01,29375.99,29374.0,29375.99,67.53619,2023-08-13 14:15:00
1691937000000,29375.99,29386.3,29375.98,29386.29,92.64826,2023-08-13 14:30:00
1691937900000,29386.29,29386.3,29371.64,29371.64,75.18972,2023-08-13 14:45:00
1691938800000,29371.65,29380.26,29371.64,29376.01,128.54205,2023-08-13 15:00:00
1691939700000,29376.02,29376.02,29362.12,29362.12,81.68757,2023-08-13 15:15:00
1691940600000,29362.12,29375.36,29362.0,29375.36,139.81272,2023-08-13 15:30:00
1691941500000,29375.36,29375.36,29374.19,29374.2,57.6289,2023-08-13 15:45:00
1691942400000,29374.19,29374.2,29329.57,29329.7,433.49734,2023-08-13 16:00:00
1691943300000,29329.71,29353.72,29328.21,29351.68,169.33207,2023-08-13 16:15:00
1691944200000,29351.68,29351.68,29346.16,29347.46,101.60108,2023-08-13 16:30:00
1691945100000,29347.47,29353.59,29347.46,29353.59,83.11683,2023-08-13 16:45:00
1691946000000,29353.59,29384.0,29353.58,29370.37,153.73721,2023-08-13 17:00:00
1691946900000,29370.37,29420.0,29370.36,29402.01,217.90735,2023-08-13 17:15:00
1691947800000,29402.0,29404.0,29400.04,29402.38,102.56867,2023-08-13 17:30:00
1691948700000,29402.39,29402.39,29395.05,29400.02,84.12552,2023-08-13 17:45:00
1691949600000,29400.02,29406.28,29400.02,29406.27,64.71021,2023-08-13 18:00:00
1691950500000,29406.26,29406.3,29396.79,29401.48,88.89962,2023-08-13 18:15:00
1691951400000,29401.48,29419.74,29401.48,29418.0,96.16607,2023-08-13 18:30:00
1691952300000,29418.01,29428.67,29418.0,29422.12,144.45828,2023-08-13 18:45:00
1691953200000,29422.13,29437.13,29422.12,29434.99,163.36038,2023-08-13 19:00:00
1691954100000,29434.98,29437.79,29434.98,29437.79,81.14255,2023-08-13 19:15:00
1691955000000,29437.79,29455.1,29437.78,29454.26,172.30577,2023-08-13 19:30:00
1691955900000,29454.26,29474.65,29442.9,29442.91,244.71695,2023-08-13 19:45:00
1691956800000,29442.91,29446.0,29420.51,29420.51,99.56047,2023-08-13 20:00:00
1691957700000,29420.51,29422.67,29420.51,29422.67,49.55777,2023-08-13 20:15:00
1691958600000,29422.67,29434.53,29422.0,29422.01,73.86904,2023-08-13 20:30:00
1691959500000,29422.0,29422.01,29420.0,29420.01,56.08919,2023-08-13 20:45:00
1691960400000,29420.01,29427.03,29420.0,29420.62,72.53827,2023-08-13 21:00:00
1691961300000,29420.61,29420.62,29415.43,29415.44,63.30073,2023-08-13 21:15:00
1691962200000,29415.43,29415.44,29370.37,29372.42,227.89457,2023-08-13 21:30:00
1691963100000,29372.42,29374.49,29367.2,29367.2,79.63835,2023-08-13 21:45:00
1691964000000,29367.2,29376.71,29344.7,29348.7,174.55931,2023-08-13 22:00:00
1691964900000,29348.7,29361.62,29297.97,29361.61,441.29524,2023-08-13 22:15:00
1691965800000,29361.61,29361.62,29272.32,29320.02,336.5709,2023-08-13 22:30:00
1691966700000,29320.03,29339.31,29306.22,29319.41,204.73929,2023-08-13 22:45:00
1691967600000,29319.42,29334.35,29298.0,29298.0,189.45441,2023-08-13 23:00:00
1691968500000,29298.0,29334.77,29298.0,29334.77,92.18759,2023-08-13 23:15:00
1691969400000,29334.77,29334.77,29314.6,29314.61,95.97302,2023-08-13 23:30:00
1691970300000,29314.61,29314.61,29303.84,29303.84,74.9407,2023-08-13 23:45:00
1691971200000,29303.85,29325.29,29288.0,29325.28,167.99468,2023-08-14 00:00:00
1691972100000,29325.28,29325.29,29280.46,29322.0,297.46204,2023-08-14 00:15:00
1691973000000,29321.99,29322.0,29259.0,29259.0,358.57016,2023-08-14 00:30:00
1691973900000,29259.0,29290.0,29250.0,29266.0,362.69159,2023-08-14 00:45:00
1691974800000,29266.0,29296.0,29250.21,29294.48,176.50098,2023-08-14 01:00:00
1691975700000,29294.48,29298.52,29258.28,29259.94,237.61408,2023-08-14 01:15:00
1691976600000,29259.94,29280.0,29226.94,29268.0,392.58119,2023-08-14 01:30:00
1691977500000,29268.0,29279.98,29205.15,29268.0,629.49414,2023-08-14 01:45:00
1691978400000,29268.0,29300.48,29166.66,29169.63,1985.95538,2023-08-14 02:00:00
1691979300000,29169.62,29207.44,29102.45,29207.44,1286.63085,2023-08-14 02:15:00
1691980200000,29207.43,29353.56,29200.0,29353.56,1322.90448,2023-08-14 02:30:00
1691981100000,29353.56,29361.99,29303.09,29319.99,657.01153,2023-08-14 02:45:00
1691982000000,29320.0,29379.86,29319.99,29370.8,304.22943,2023-08-14 03:00:00
1691982900000,29370.81,29399.0,29366.68,29399.0,361.99746,2023-08-14 03:15:00
1691983800000,29399.0,29429.95,29368.69,29385.0,606.54859,2023-08-14 03:30:00
1691984700000,29385.0,29399.91,29362.97,29399.91,211.6216,2023-08-14 03:45:00
1691985600000,29399.91,29429.99,29395.24,29413.32,382.12731,2023-08-14 04:00:00
1691986500000,29413.32,29440.0,29413.32,29419.72,149.96812,2023-08-14 04:15:00
1691987400000,29419.72,29450.0,29415.18,29432.0,194.06534,2023-08-14 04:30:00
1691988300000,29432.0,29446.73,29408.34,29413.99,209.54891,2023-08-14 04:45:00
1691989200000,29413.99,29435.84,29413.99,29435.83,96.19532,2023-08-14 05:00:00
1691990100000,29435.84,29443.2,29435.83,29438.51,215.95439,2023-08-14 05:15:00
1691991000000,29438.51,29443.2,29421.82,29429.99,192.48807,2023-08-14 05:30:00
1691991900000,29430.0,29453.47,29429.99,29447.6,247.94367,2023-08-14 05:45:00
1691992800000,29447.6,29469.63,29411.0,29418.0,209.33502,2023-08-14 06:00:00
1691993700000,29418.0,29428.0,29417.99,29419.94,138.74165,2023-08-14 06:15:00
1691994600000,29419.94,29429.7,29419.94,29429.7,80.2572,2023-08-14 06:30:00
1691995500000,29429.69,29429.7,29419.83,29419.84,85.62455,2023-08-14 06:45:00
1691996400000,29419.84,29419.84,29401.23,29401.99,100.01243,2023-08-14 07:00:00
1691997300000,29402.0,29405.11,29392.6,29403.48,203.06685,2023-08-14 07:15:00
1691998200000,29403.48,29434.85,29403.47,29430.4,204.69265,2023-08-14 07:30:00
1691999100000,29430.39,29430.4,29402.8,29422.01,276.58415,2023-08-14 07:45:00
1692000000000,29422.01,29471.58,29422.0,29450.62,325.38473,2023-08-14 08:00:00
1692000900000,29450.61,29465.56,29442.26,29452.83,200.71361,2023-08-14 08:15:00
1692001800000,29452.84,29495.76,29444.3,29444.3,374.58753,2023-08-14 08:30:00
1692002700000,29444.31,29444.31,29424.14,29426.5,173.97303,2023-08-14 08:45:00
1692003600000,29426.49,29430.1,29404.63,29430.1,224.78509,2023-08-14 09:00:00
1692004500000,29430.09,29434.0,29413.52,29413.52,179.99347,2023-08-14 09:15:00
1692005400000,29413.52,29422.0,29386.77,29386.78,273.31543,2023-08-14 09:30:00
1692006300000,29386.77,29414.0,29386.35,29413.99,190.76081,2023-08-14 09:45:00
1692007200000,29414.0,29418.31,29406.0,29406.0,112.37907,2023-08-14 10:00:00
1692008100000,29406.01,29413.4,29404.15,29413.39,156.4504,2023-08-14 10:15:00
1692009000000,29413.4,29424.96,29411.29,29424.96,121.55074,2023-08-14 10:30:00
1692009900000,29424.95,29450.06,29422.01,29433.58,274.1625,2023-08-14 10:45:00
1692010800000,29433.57,29433.58,29412.35,29412.92,169.19037,2023-08-14 11:00:00
1692011700000,29412.91,29412.92,29397.48,29397.49,83.0057,2023-08-14 11:15:00
1692012600000,29397.49,29397.49,29383.63,29394.0,174.80582,2023-08-14 11:30:00
1692013500000,29394.0,29410.0,29392.0,29409.99,132.48827,2023-08-14 11:45:00
1692014400000,29410.0,29410.0,29380.0,29382.45,132.82979,2023-08-14 12:00:00
1692015300000,29382.46,29392.65,29364.33,29364.33,185.99179,2023-08-14 12:15:00
1692016200000,29364.34,29390.0,29348.01,29366.0,280.72601,2023-08-14 12:30:00
1692017100000,29366.01,29392.39,29362.88,29384.01,200.89384,2023-08-14 12:45:00
1692018000000,29384.0,29384.64,29346.12,29346.42,233.11337,2023-08-14 13:00:00
1692018900000,29346.41,29359.25,29343.35,29350.0,193.05591,2023-08-14 13:15:00
1692019800000,29350.0,29374.0,29332.61,29362.0,229.87176,2023-08-14 13:30:00
1692020700000,29361.99,29400.0,29361.99,29384.92,204.44509,2023-08-14 13:45:00
1692021600000,29384.91,29431.2,29384.91,29431.2,256.22412,2023-08-14 14:00:00
1692022500000,29431.2,29462.44,29410.68,29448.0,466.68519,2023-08-14 14:15:00
1692023400000,29448.0,29593.0,29445.11,29564.16,1241.56388,2023-08-14 14:30:00
1692024300000,29564.16,29577.12,29524.8,29534.0,872.17264,2023-08-14 14:45:00
1692025200000,29533.99,29544.35,29475.67,29516.83,485.12128,2023-08-14 15:00:00
1692026100000,29516.82,29643.51,29512.44,29639.99,782.66544,2023-08-14 15:15:00
1692027000000,29639.99,29666.0,29595.49,29651.72,826.02649,2023-08-14 15:30:00
1692027900000,29651.72,29672.0,29595.91,29599.99,545.42611,2023-08-14 15:45:00
1692028800000,29600.0,29654.0,29599.99,29638.57,442.8732,2023-08-14 16:00:00
1692029700000,29638.56,29660.0,29621.02,29651.92,317.77973,2023-08-14 16:15:00
1692030600000,29651.93,29679.93,29638.5,29674.0,457.21534,2023-08-14 16:30:00
1692031500000,29674.0,29695.32,29641.11,29653.99,317.42484,2023-08-14 16:45:00
1692032400000,29653.99,29671.96,29620.01,29636.01,345.7888,2023-08-14 17:00:00
1692033300000,29636.0,29636.01,29555.01,29555.02,501.0999,2023-08-14 17:15:00
1692034200000,29555.01,29571.66,29504.87,29509.64,426.88705,2023-08-14 17:30:00
1692035100000,29509.64,29532.46,29480.1,29487.28,321.2278,2023-08-14 17:45:00
1692036000000,29487.29,29490.0,29257.0,29326.15,1667.85329,2023-08-14 18:00:00
1692036900000,29326.14,29362.45,29290.0,29362.45,882.9483,2023-08-14 18:15:00
1692037800000,29362.44,29386.0,29326.0,29384.01,296.86517,2023-08-14 18:30:00
1692038700000,29384.0,29384.01,29310.0,29330.01,227.22595,2023-08-14 18:45:00
1692039600000,29330.01,29359.93,29322.0,29344.0,180.4722,2023-08-14 19:00:00
1692040500000,29344.0,29377.26,29343.99,29374.01,153.26508,2023-08-14 19:15:00
1692041400000,29374.01,29392.42,29345.65,29371.99,156.93634,2023-08-14 19:30:00
1692042300000,29371.99,29378.0,29350.0,29360.54,164.41815,2023-08-14 19:45:00
1692043200000,29360.54,29370.0,29338.12,29369.99,237.4782,2023-08-14 20:00:00
1692044100000,29369.99,29399.9,29367.88,29399.89,157.12996,2023-08-14 20:15:00
1692045000000,29399.9,29399.9,29390.34,29390.35,80.46641,2023-08-14 20:30:00
1692045900000,29390.35,29400.83,29390.34,29400.83,97.29963,2023-08-14 20:45:00
1692046800000,29400.82,29400.83,29383.0,29390.74,124.95548,2023-08-14 21:00:00
1692047700000,29390.74,29390.75,29386.21,29386.22,71.47831,2023-08-14 21:15:00
1692048600000,29386.21,29403.61,29386.21,29403.6,94.54144,2023-08-14 21:30:00
1692049500000,29403.6,29408.76,29403.6,29405.13,44.31045,2023-08-14 21:45:00
1692050400000,29405.13,29423.56,29398.0,29421.99,160.87523,2023-08-14 22:00:00
1692051300000,29421.99,29471.31,29421.98,29459.87,211.51644,2023-08-14 22:15:00
1692052200000,29459.87,29470.36,29451.3,29455.57,158.43629,2023-08-14 22:30:00
1692053100000,29455.57,29459.26,29436.74,29438.0,97.29266,2023-08-14 22:45:00
1692054000000,29437.99,29438.0,29424.88,29424.89,149.51649,2023-08-14 23:00:00
1692054900000,29424.88,29426.08,29423.01,29425.95,101.75407,2023-08-14 23:15:00
1692055800000,29425.95,29441.93,29424.0,29440.81,93.58419,2023-08-14 23:30:00
1692056700000,29440.82,29441.47,29430.92,29430.93,51.42584,2023-08-14 23:45:00
1692057600000,29430.92,29439.69,29418.0,29439.68,130.67057,2023-08-15 00:00:00
1692058500000,29439.68,29454.23,29439.68,29442.01,97.25416,2023-08-15 00:15:00
1692059400000,29442.02,29442.02,29420.73,29420.74,80.8432,2023-08-15 00:30:00
1692060300000,29420.73,29433.89,29404.71,29433.88,122.79799,2023-08-15 00:45:00
1692061200000,29433.89,29449.99,29433.15,29449.99,121.53367,2023-08-15 01:00:00
1692062100000,29449.99,29450.1,29420.52,29422.37,135.04965,2023-08-15 01:15:00
1692063000000,29422.37,29422.37,29380.0,29395.99,227.68347,2023-08-15 01:30:00
1692063900000,29395.99,29419.82,29395.99,29411.07,212.95967,2023-08-15 01:45:00
1692064800000,29411.08,29411.08,29385.67,29385.68,169.78944,2023-08-15 02:00:00
1692065700000,29385.68,29398.88,29385.67,29395.63,164.58795,2023-08-15 02:15:00
1692066600000,29395.62,29422.43,29395.27,29420.98,399.05292,2023-08-15 02:30:00
1692067500000,29420.98,29420.99,29374.38,29383.98,307.33163,2023-08-15 02:45:00
1692068400000,29383.98,29397.0,29382.0,29396.68,141.55719,2023-08-15 03:00:00
1692069300000,29396.68,29396.69,29391.39,29391.4,144.1585,2023-08-15 03:15:00
1692070200000,29391.39,29391.4,29371.99,29372.0,292.69549,2023-08-15 03:30:00
1692071100000,29372.0,29410.0,29371.99,29402.01,240.67254,2023-08-15 03:45:00
1692072000000,29402.0,29406.01,29394.0,29401.98,304.31097,2023-08-15 04:00:00
1692072900000,29401.98,29401.99,29380.51,29384.32,229.57592,2023-08-15 04:15:00
1692073800000,29384.31,29384.32,29375.4,29375.89,253.10671,2023-08-15 04:30:00
1692074700000,29375.89,29393.02,29375.88,29378.01,96.05625,2023-08-15 04:45:00
1692075600000,29378.01,29379.6,29368.16,29372.69,150.43004,2023-08-15 05:00:00
1692076500000,29372.68,29393.19,29371.29,29393.19,128.31445,2023-08-15 05:15:00
1692077400000,29393.19,29393.19,29370.44,29370.44,150.93868,2023-08-15 05:30:00
1692078300000,29370.44,29371.04,29359.67,29369.73,192.10845,2023-08-15 05:45:00
1692079200000,29369.72,29385.95,29362.0,29380.04,265.67219,2023-08-15 06:00:00
1692080100000,29380.03,29380.04,29364.49,29364.5,159.62488,2023-08-15 06:15:00
1692081000000,29364.5,29364.5,29358.49,29361.99,328.64443,2023-08-15 06:30:00
1692081900000,29361.99,29374.5,29361.56,29374.1,220.08306,2023-08-15 06:45:00
1692082800000,29374.11,29374.11,29364.44,29367.01,248.13803,2023-08-15 07:00:00
1692083700000,29367.0,29374.0,29359.21,29359.21,170.07991,2023-08-15 07:15:00
1692084600000,29359.21,29396.35,29351.33,29396.35,312.76398,2023-08-15 07:30:00
1692085500000,29396.35,29435.02,29396.34,29408.84,549.46343,2023-08-15 07:45:00
1692086400000,29408.83,29413.8,29401.34,29406.28,302.8372,2023-08-15 08:00:00
1692087300000,29406.28,29430.0,29406.27,29429.13,251.96194,2023-08-15 08:15:00
1692088200000,29429.12,29457.44,29418.88,29453.66,467.76872,2023-08-15 08:30:00
1692089100000,29453.66,29453.66,29426.15,29426.15,191.56583,2023-08-15 08:45:00
1692090000000,29426.15,29438.42,29416.0,29438.42,158.73965,2023-08-15 09:00:00
1692090900000,29438.41,29450.12,29435.06,29448.01,125.29012,2023-08-15 09:15:00
1692091800000,29448.01,29448.01,29419.74,29419.74,485.60646,2023-08-15 09:30:00
1692092700000,29419.75,29431.29,29406.7,29422.8,349.01864,2023-08-15 09:45:00
1692093600000,29422.79,29422.8,29398.0,29408.59,267.81814,2023-08-15 10:00:00
1692094500000,29408.59,29413.49,29398.44,29409.46,392.38265,2023-08-15 10:15:00
1692095400000,29409.46,29422.96,29409.45,29416.0,277.57914,2023-08-15 10:30:00
1692096300000,29416.01,29419.0,29403.73,29403.74,92.34605,2023-08-15 10:45:00
1692097200000,29403.74,29404.92,29395.0,29399.99,381.2171,2023-08-15 11:00:00
1692098100000,29399.98,29402.43,29399.64,29400.0,154.20845,2023-08-15 11:15:00
1692099000000,29400.01,29400.01,29358.0,29393.99,496.28876,2023-08-15 11:30:00
1692099900000,29394.0,29394.0,29363.04,29366.0,196.12064,2023-08-15 11:45:00
1692100800000,29365.99,29382.37,29362.97,29382.08,316.68551,2023-08-15 12:00:00
1692101700000,29382.08,29385.94,29366.0,29366.0,222.90279,2023-08-15 12:15:00
1692102600000,29366.01,29383.46,29365.54,29381.3,298.1689,2023-08-15 12:30:00
1692103500000,29381.3,29403.25,29368.71,29368.72,205.4507,2023-08-15 12:45:00
1692104400000,29368.71,29394.84,29366.6,29391.9,249.22985,2023-08-15 13:00:00
1692105300000,29391.89,29409.99,29391.89,29407.95,174.98501,2023-08-15 13:15:00
1692106200000,29407.95,29416.0,29397.62,29402.0,207.80745,2023-08-15 13:30:00
1692107100000,29402.0,29402.0,29375.44,29375.44,134.57104,2023-08-15 13:45:00
1692108000000,29375.44,29436.61,29337.75,29418.26,830.38783,2023-08-15 14:00:00
1692108900000,29418.26,29432.36,29402.08,29425.0,353.34876,2023-08-15 14:15:00
1692109800000,29425.0,29468.75,29417.09,29428.02,345.26102,2023-08-15 14:30:00
1692110700000,29428.01,29459.38,29414.59,29455.76,225.09497,2023-08-15 14:45:00
1692111600000,29455.76,29499.26,29417.44,29428.2,445.92874,2023-08-15 15:00:00
1692112500000,29428.2,29428.21,29358.41,29390.36,536.72556,2023-08-15 15:15:00
1692113400000,29390.36,29404.96,29319.9,29342.65,505.49019,2023-08-15 15:30:00
1692114300000,29342.65,29361.63,29315.0,29332.66,465.73729,2023-08-15 15:45:00
1692115200000,29332.67,29355.0,29295.88,29338.0,576.72947,2023-08-15 16:00:00
1692116100000,29337.99,29369.23,29330.0,29351.45,239.56339,2023-08-15 16:15:00
1692117000000,29351.44,29351.45,29292.39,29314.01,433.34819,2023-08-15 16:30:00
1692117900000,29314.0,29314.01,29260.0,29282.82,560.79071,2023-08-15 16:45:00
1692118800000,29282.82,29315.91,29278.01,29297.84,245.64105,2023-08-15 17:00:00
1692119700000,29297.84,29322.0,29297.83,29317.99,169.9207,2023-08-15 17:15:00
1692120600000,29317.99,29328.67,29310.34,29310.35,125.14616,2023-08-15 17:30:00
1692121500000,29310.35,29335.84,29310.34,29335.83,88.70425,2023-08-15 17:45:00
1692122400000,29335.83,29335.84,29302.66,29314.42,201.61248,2023-08-15 18:00:00
1692123300000,29314.43,29328.77,29312.0,29324.69,273.30132,2023-08-15 18:15:00
1692124200000,29324.7,29348.11,29324.69,29334.01,165.60582,2023-08-15 18:30:00
1692125100000,29334.01,29343.57,29323.0,29323.0,248.01325,2023-08-15 18:45:00
1692126000000,29323.01,29323.01,29059.6,29162.01,2725.51065,2023-08-15 19:00:00
1692126900000,29162.0,29199.0,29139.94,29170.01,785.71404,2023-08-15 19:15:00
1692127800000,29170.01,29193.23,29136.02,29181.0,493.87314,2023-08-15 19:30:00
1692128700000,29181.01,29217.8,29168.99,29181.73,442.46339,2023-08-15 19:45:00
1692129600000,29181.73,29205.93,29135.81,29203.41,471.37898,2023-08-15 20:00:00
1692130500000,29203.4,29234.51,29196.01,29230.34,340.97786,2023-08-15 20:15:00
1692131400000,29230.35,29230.35,29204.75,29214.0,232.26408,2023-08-15 20:30:00
1692132300000,29213.99,29226.0,29185.04,29199.0,253.71567,2023-08-15 20:45:00
1692133200000,29198.99,29205.34,29178.62,29205.34,168.91709,2023-08-15 21:00:00
1692134100000,29205.33,29238.63,29202.37,29236.88,173.09754,2023-08-15 21:15:00
1692135000000,29236.89,29237.92,29222.83,29234.35,119.68582,2023-08-15 21:30:00
1692135900000,29234.35,29243.08,29229.93,29229.94,127.50503,2023-08-15 21:45:00
1692136800000,29229.93,29229.94,29206.97,29229.93,148.56054,2023-08-15 22:00:00
1692137700000,29229.94,29239.79,29224.36,29224.37,112.90035,2023-08-15 22:15:00
1692138600000,29224.37,29227.02,29200.35,29204.0,102.41956,2023-08-15 22:30:00
1692139500000,29203.99,29206.0,29182.1,29183.62,143.66296,2023-08-15 22:45:00
1692140400000,29183.61,29217.94,29176.0,29217.4,195.60592,2023-08-15 23:00:00
1692141300000,29217.39,29217.4,29193.97,29195.42,82.47089,2023-08-15 23:15:00
1692142200000,29195.43,29210.0,29182.0,29202.71,98.62317,2023-08-15 23:30:00
1692143100000,29202.7,29205.69,29196.0,29200.0,99.67892,2023-08-15 23:45:00
1692144000000,29200.01,29227.56,29196.21,29227.55,105.95848,2023-08-16 00:00:00
1692144900000,29227.55,29237.27,29216.18,29216.18,91.71733,2023-08-16 00:15:00
1692145800000,29216.19,29216.19,29200.48,29203.0,174.88783,2023-08-16 00:30:00
1692146700000,29203.0,29259.85,29199.99,29224.37,266.3677,2023-08-16 00:45:00
1692147600000,29224.37,29229.75,29209.96,29226.13,210.20481,2023-08-16 01:00:00
1692148500000,29226.13,29240.0,29221.0,29221.0,127.01343,2023-08-16 01:15:00
1692149400000,29221.0,29226.02,29184.96,29226.02,307.19539,2023-08-16 01:30:00
1692150300000,29226.01,29249.02,29224.2,29245.47,311.47634,2023-08-16 01:45:00
1692151200000,29245.46,29255.99,29244.0,29251.51,293.07704,2023-08-16 02:00:00
1692152100000,29251.51,29257.46,29228.8,29228.8,501.74893,2023-08-16 02:15:00
1692153000000,29228.8,29238.69,29223.39,29238.68,194.22297,2023-08-16 02:30:00
1692153900000,29238.68,29255.14,29238.68,29255.14,210.31758,2023-08-16 02:45:00
1692154800000,29255.14,29255.14,29234.0,29235.99,144.37268,2023-08-16 03:00:00
1692155700000,29235.99,29241.4,29223.16,29223.16,275.95822,2023-08-16 03:15:00
1692156600000,29223.17,29243.98,29223.16,29243.97,228.40458,2023-08-16 03:30:00
1692157500000,29243.97,29243.98,29228.51,29228.51,146.17258,2023-08-16 03:45:00
1692158400000,29228.51,29235.54,29227.26,29232.27,151.29263,2023-08-16 04:00:00
1692159300000,29232.27,29232.28,29218.94,29218.95,368.41858,2023-08-16 04:15:00
1692160200000,29218.94,29222.01,29208.0,29221.97,348.96134,2023-08-16 04:30:00
1692161100000,29221.97,29221.98,29204.67,29208.37,187.91478,2023-08-16 04:45:00
1692162000000,29208.36,29209.24,29201.57,29209.23,101.79443,2023-08-16 05:00:00
1692162900000,29209.24,29209.24,29179.87,29192.86,259.97203,2023-08-16 05:15:00
1692163800000,29192.87,29192.87,29152.15,29152.15,345.17708,2023-08-16 05:30:00
1692164700000,29152.15,29167.66,29138.16,29142.23,292.35792,2023-08-16 05:45:00
1692165600000,29142.24,29151.95,29111.0,29142.0,323.78949,2023-08-16 06:00:00
1692166500000,29142.0,29180.0,29141.99,29159.7,251.87743,2023-08-16 06:15:00
1692167400000,29159.7,29193.61,29159.7,29182.15,481.7122,2023-08-16 06:30:00
1692168300000,29182.15,29195.87,29170.0,29193.23,189.81844,2023-08-16 06:45:00
1692169200000,29193.22,29198.92,29186.0,29197.85,224.6527,2023-08-16 07:00:00
1692170100000,29197.84,29212.6,29190.58,29190.59,190.02745,2023-08-16 07:15:00
1692171000000,29190.58,29210.83,29177.18,29210.82,253.53057,2023-08-16 07:30:00
1692171900000,29210.82,29213.12,29197.66,29197.67,320.77018,2023-08-16 07:45:00
1692172800000,29197.67,29200.43,29187.23,29187.24,214.00331,2023-08-16 08:00:00
1692173700000,29187.24,29187.24,29161.69,29173.45,451.70861,2023-08-16 08:15:00
1692174600000,29173.45,29216.46,29173.45,29210.02,227.0139,2023-08-16 08:30:00
1692175500000,29210.01,29210.02,29179.95,29179.96,310.61395,2023-08-16 08:45:00
1692176400000,29179.95,29179.96,29150.0,29168.58,420.51535,2023-08-16 09:00:00
1692177300000,29168.58,29176.65,29128.74,29150.01,451.81184,2023-08-16 09:15:00
1692178200000,29150.0,29160.0,29100.0,29158.79,412.28579,2023-08-16 09:30:00
1692179100000,29158.79,29177.46,29140.85,29167.59,298.40635,2023-08-16 09:45:00
1692180000000,29167.6,29175.0,29164.65,29173.99,125.09722,2023-08-16 10:00:00
1692180900000,29173.99,29204.35,29173.98,29185.24,175.56016,2023-08-16 10:15:00
1692181800000,29185.24,29206.61,29185.23,29196.0,183.38188,2023-08-16 10:30:00
1692182700000,29196.01,29206.0,29191.95,29197.33,118.99057,2023-08-16 10:45:00
1692183600000,29197.34,29198.0,29170.14,29170.15,336.68585,2023-08-16 11:00:00
1692184500000,29170.14,29184.5,29169.94,29182.09,143.31454,2023-08-16 11:15:00
1692185400000,29182.08,29182.09,29154.0,29154.01,208.0622,2023-08-16 11:30:00
1692186300000,29154.0,29165.84,29147.94,29164.67,179.52676,2023-08-16 11:45:00
1692187200000,29164.67,29164.67,29137.69,29140.41,162.63248,2023-08-16 12:00:00
1692188100000,29140.42,29140.5,29087.15,29096.95,602.81374,2023-08-16 12:15:00
1692189000000,29096.95,29180.85,29047.09,29170.01,800.37727,2023-08-16 12:30:00
1692189900000,29170.0,29211.34,29159.99,29160.0,577.3909,2023-08-16 12:45:00
1692190800000,29159.99,29177.69,29134.58,29141.98,276.03557,2023-08-16 13:00:00
1692191700000,29141.98,29158.0,29112.24,29123.76,239.32077,2023-08-16 13:15:00
1692192600000,29123.75,29134.53,29081.55,29122.0,585.96036,2023-08-16 13:30:00
1692193500000,29122.0,29148.0,29073.6,29088.62,376.12529,2023-08-16 13:45:00
1692194400000,29088.62,29130.13,29050.47,29105.99,459.65287,2023-08-16 14:00:00
1692195300000,29105.99,29135.61,29105.99,29130.08,158.81505,2023-08-16 14:15:00
1692196200000,29130.09,29165.0,29130.08,29150.86,206.2787,2023-08-16 14:30:00
1692197100000,29150.85,29159.92,29125.94,29159.91,217.32097,2023-08-16 14:45:00
1692198000000,29159.92,29177.31,29150.36,29177.3,194.04247,2023-08-16 15:00:00
1692198900000,29177.31,29184.31,29148.55,29159.61,254.16877,2023-08-16 15:15:00
1692199800000,29159.61,29163.07,29144.44,29144.44,274.33642,2023-08-16 15:30:00
1692200700000,29144.44,29148.0,29100.39,29106.55,247.18672,2023-08-16 15:45:00
1692201600000,29106.55,29107.75,28971.83,29023.9,1227.95192,2023-08-16 16:00:00
1692202500000,29023.9,29046.01,28956.0,28972.01,823.92768,2023-08-16 16:15:00
1692203400000,28972.01,29030.0,28970.0,29025.96,748.03083,2023-08-16 16:30:00
1692204300000,29025.97,29086.53,29025.96,29086.52,444.62075,2023-08-16 16:45:00
1692205200000,29086.53,29095.0,29051.09,29085.06,393.76965,2023-08-16 17:00:00
1692206100000,29085.06,29155.8,29058.08,29143.2,453.0643,2023-08-16 17:15:00
1692207000000,29143.19,29165.77,29124.6,29144.0,334.42202,2023-08-16 17:30:00
1692207900000,29144.0,29169.35,29123.02,29168.0,185.75363,2023-08-16 17:45:00
1692208800000,29168.0,29188.55,29108.74,29130.0,399.86811,2023-08-16 18:00:00
1692209700000,29130.0,29234.01,29130.0,29220.0,396.63813,2023-08-16 18:15:00
1692210600000,29220.0,29235.0,29198.01,29216.0,261.28528,2023-08-16 18:30:00
1692211500000,29216.0,29224.0,29160.0,29172.0,236.30239,2023-08-16 18:45:00
1692212400000,29171.99,29172.0,29122.53,29140.74,183.937,2023-08-16 19:00:00
1692213300000,29140.74,29146.52,29106.01,29146.52,212.86571,2023-08-16 19:15:00
1692214200000,29146.51,29157.6,29133.12,29140.67,192.24222,2023-08-16 19:30:00
1692215100000,29140.67,29158.9,29110.0,29111.7,285.2009,2023-08-16 19:45:00
1692216000000,29111.69,29139.99,29102.02,29136.45,132.96003,2023-08-16 20:00:00
1692216900000,29136.45,29136.46,28915.0,28981.99,954.86911,2023-08-16 20:15:00
1692217800000,28982.0,29040.0,28840.9,28920.0,2227.17623,2023-08-16 20:30:00
1692218700000,28920.01,28975.44,28900.0,28974.01,536.94057,2023-08-16 20:45:00
1692219600000,28974.01,28974.01,28866.76,28898.0,675.33989,2023-08-16 21:00:00
1692220500000,28897.99,28930.0,28875.0,28918.01,480.8402,2023-08-16 21:15:00
1692221400000,28918.0,28949.0,28894.68,28906.07,214.95323,2023-08-16 21:30:00
1692222300000,28906.07,28933.18,28903.72,28929.63,152.64429,2023-08-16 21:45:00
1692223200000,28929.63,28977.77,28929.62,28976.01,255.48282,2023-08-16 22:00:00
1692224100000,28976.02,28976.02,28940.14,28962.0,185.10972,2023-08-16 22:15:00
1692225000000,28962.0,28962.01,28918.53,28934.56,138.35544,2023-08-16 22:30:00
1692225900000,28934.55,28937.89,28908.0,28910.0,234.19386,2023-08-16 22:45:00
1692226800000,28910.01,28910.01,28814.38,28870.58,651.80424,2023-08-16 23:00:00
1692227700000,28870.58,28890.0,28842.0,28850.11,207.83881,2023-08-16 23:15:00
1692228600000,28850.11,28862.1,28735.0,28753.19,983.14333,2023-08-16 23:30:00
1692229500000,28753.19,28775.74,28723.08,28730.51,414.56648,2023-08-16 23:45:00
1692230400000,28730.51,28780.0,28670.52,28779.99,883.9965,2023-08-17 00:00:00
1692231300000,28780.0,28783.48,28694.66,28754.0,355.16028,2023-08-17 00:15:00
1692232200000,28754.0,28754.0,28400.0,28448.0,2809.05801,2023-08-17 00:30:00
1692233100000,28447.99,28589.99,28342.0,28580.85,2010.86061,2023-08-17 00:45:00
1692234000000,28580.84,28617.93,28540.0,28595.83,670.34645,2023-08-17 01:00:00
1692234900000,28595.83,28634.25,28555.14,28634.25,353.95424,2023-08-17 01:15:00
1692235800000,28634.25,28635.93,28566.41,28580.01,308.20939,2023-08-17 01:30:00
1692236700000,28580.01,28632.7,28558.19,28632.69,534.1518,2023-08-17 01:45:00
1692237600000,28632.7,28647.7,28594.89,28597.58,270.96674,2023-08-17 02:00:00
1692238500000,28597.59,28624.0,28570.92,28622.78,243.87747,2023-08-17 02:15:00
1692239400000,28622.79,28627.56,28590.01,28594.01,230.7977,2023-08-17 02:30:00
1692240300000,28594.01,28596.0,28570.93,28584.35,358.96775,2023-08-17 02:45:00
1692241200000,28584.35,28600.0,28578.01,28592.01,155.2474,2023-08-17 03:00:00
1692242100000,28592.01,28642.0,28592.0,28638.81,298.09741,2023-08-17 03:15:00
1692243000000,28638.8,28680.0,28632.0,28678.39,403.61932,2023-08-17 03:30:00
1692243900000,28678.4,28698.01,28657.3,28657.31,251.82888,2023-08-17 03:45:00
1692244800000,28657.3,28665.28,28644.65,28650.56,133.86426,2023-08-17 04:00:00
1692245700000,28650.55,28706.31,28641.44,28641.45,357.53136,2023-08-17 04:15:00
1692246600000,28641.45,28643.09,28612.54,28612.54,229.35575,2023-08-17 04:30:00
1692247500000,28612.54,28653.18,28612.54,28649.99,266.72625,2023-08-17 04:45:00
1692248400000,28649.99,28667.66,28633.77,28649.99,205.24732,2023-08-17 05:00:00
1692249300000,28650.0,28660.0,28644.0,28652.51,116.67962,2023-08-17 05:15:00
1692250200000,28652.51,28657.32,28639.03,28639.04,95.86211,2023-08-17 05:30:00
1692251100000,28639.04,28679.65,28639.03,28679.64,151.32195,2023-08-17 05:45:00
1692252000000,28679.65,28691.83,28658.23,28658.24,181.25432,2023-08-17 06:00:00
1692252900000,28658.24,28693.41,28655.92,28679.19,144.13407,2023-08-17 06:15:00
1692253800000,28679.18,28697.6,28664.0,28696.01,254.39377,2023-08-17 06:30:00
1692254700000,28696.0,28696.01,28670.6,28690.22,246.17605,2023-08-17 06:45:00
1692255600000,28690.21,28690.22,28645.01,28645.02,225.27321,2023-08-17 07:00:00
1692256500000,28645.02,28645.02,28624.17,28629.04,479.35242,2023-08-17 07:15:00
1692257400000,28629.05,28632.04,28601.87,28610.45,282.83955,2023-08-17 07:30:00
1692258300000,28610.46,28623.8,28602.26,28621.99,459.75991,2023-08-17 07:45:00
1692259200000,28622.0,28635.3,28610.96,28610.97,266.68969,2023-08-17 08:00:00
1692260100000,28610.97,28610.97,28581.93,28583.99,383.57675,2023-08-17 08:15:00
1692261000000,28584.0,28609.16,28568.12,28603.38,353.09102,2023-08-17 08:30:00
1692261900000,28603.38,28603.39,28546.89,28554.01,541.35263,2023-08-17 08:45:00
1692262800000,28554.01,28579.72,28517.45,28555.16,421.32267,2023-08-17 09:00:00
1692263700000,28555.15,28599.05,28555.15,28571.99,222.4088,2023-08-17 09:15:00
1692264600000,28572.0,28603.14,28571.99,28590.53,425.9045,2023-08-17 09:30:00
1692265500000,28590.53,28620.0,28586.39,28593.12,330.41133,2023-08-17 09:45:00
1692266400000,28593.12,28600.0,28564.15,28595.99,395.12332,2023-08-17 10:00:00
1692267300000,28595.99,28603.6,28595.99,28602.18,120.48732,2023-08-17 10:15:00
1692268200000,28602.18,28610.07,28545.0,28550.99,310.59099,2023-08-17 10:30:00
1692269100000,28550.98,28561.07,28496.47,28540.0,645.48346,2023-08-17 10:45:00
1692270000000,28540.0,28547.46,28496.97,28507.77,364.44812,2023-08-17 11:00:00
1692270900000,28507.76,28537.56,28483.89,28502.78,425.26949,2023-08-17 11:15:00
1692271800000,28502.77,28554.63,28499.6,28554.63,319.25836,2023-08-17 11:30:00
1692272700000,28554.62,28567.08,28545.1,28545.11,236.7301,2023-08-17 11:45:00
1692273600000,28545.1,28546.0,28472.0,28476.0,395.6762,2023-08-17 12:00:00
1692274500000,28476.0,28535.3,28435.26,28523.54,752.22627,2023-08-17 12:15:00
1692275400000,28523.53,28573.55,28507.29,28536.15,628.92173,2023-08-17 12:30:00
1692276300000,28536.14,28550.0,28496.4,28496.41,484.79277,2023-08-17 12:45:00
1692277200000,28496.4,28510.0,28452.44,28491.59,575.12337,2023-08-17 13:00:00
1692278100000,28491.6,28545.0,28491.59,28521.99,322.83714,2023-08-17 13:15:00
1692279000000,28521.98,28524.0,28413.79,28426.0,652.88384,2023-08-17 13:30:00
1692279900000,28426.0,28447.8,28381.0,28400.0,868.15386,2023-08-17 13:45:00
1692280800000,28400.0,28460.01,28357.0,28367.98,658.82845,2023-08-17 14:00:00
1692281700000,28367.98,28435.68,28336.0,28383.99,817.63544,2023-08-17 14:15:00
1692282600000,28383.98,28418.42,28320.11,28379.59,824.18114,2023-08-17 14:30:00
1692283500000,28379.6,28431.08,28348.58,28394.34,772.63173,2023-08-17 14:45:00
1692284400000,28394.34,28500.6,28276.0,28457.51,1706.62026,2023-08-17 15:00:00
1692285300000,28457.52,28494.72,28400.0,28401.43,554.63907,2023-08-17 15:15:00
1692286200000,28401.43,28422.0,27981.0,28053.79,5438.8989,2023-08-17 15:30:00
1692287100000,28053.8,28123.04,27888.0,27934.02,3665.93728,2023-08-17 15:45:00
1692288000000,27934.02,27980.32,27700.0,27814.01,4623.99959,2023-08-17 16:00:00
1692288900000,27814.01,27890.73,27785.2,27888.98,1518.2366,2023-08-17 16:15:00
1692289800000,27888.97,28089.78,27875.0,28044.0,1722.43883,2023-08-17 16:30:00
1692290700000,28043.99,28058.0,27884.92,27937.35,1132.14127,2023-08-17 16:45:00
1692291600000,27937.36,28040.0,27936.65,27980.02,839.30679,2023-08-17 17:00:00
1692292500000,27980.02,28040.0,27980.01,28005.99,395.60397,2023-08-17 17:15:00
1692293400000,28006.0,28031.3,27969.7,27983.62,479.54981,2023-08-17 17:30:00
1692294300000,27983.62,27987.82,27949.0,27974.0,443.75191,2023-08-17 17:45:00
1692295200000,27973.99,28025.08,27962.0,27971.75,452.79492,2023-08-17 18:00:00
1692296100000,27971.74,28003.9,27949.5,27957.68,244.09341,2023-08-17 18:15:00
1692297000000,27957.67,27958.42,27878.9,27900.01,619.66879,2023-08-17 18:30:00
1692297900000,27900.01,27913.74,27864.74,27879.97,572.12441,2023-08-17 18:45:00
1692298800000,27879.98,27938.24,27858.07,27937.99,388.45221,2023-08-17 19:00:00
1692299700000,27937.99,27971.17,27917.12,27955.26,363.8813,2023-08-17 19:15:00
1692300600000,27955.26,27975.59,27928.2,27928.2,318.21711,2023-08-17 19:30:00
1692301500000,27928.2,27954.0,27891.19,27894.01,375.03408,2023-08-17 19:45:00
1692302400000,27894.0,27920.23,27874.0,27875.77,294.97606,2023-08-17 20:00:00
1692303300000,27875.77,27878.58,27813.7,27817.56,412.49829,2023-08-17 20:15:00
1692304200000,27817.56,27850.0,27720.0,27734.52,940.26132,2023-08-17 20:30:00
1692305100000,27734.51,27759.59,27530.0,27679.57,2370.34097,2023-08-17 20:45:00
1692306000000,27679.56,27737.83,27574.68,27598.0,1088.37503,2023-08-17 21:00:00
1692306900000,27598.01,27717.24,27576.81,27672.95,694.58154,2023-08-17 21:15:00
1692307800000,27672.94,27716.08,25188.0,25188.01,6261.29112,2023-08-17 21:30:00
1692308700000,25188.0,26481.9,25166.0,26253.92,9504.63499,2023-08-17 21:45:00
1692309600000,26253.93,26500.0,25950.0,26186.01,5372.36548,2023-08-17 22:00:00
1692310500000,26186.01,26496.71,26175.88,26472.01,3934.43841,2023-08-17 22:15:00
1692311400000,26472.01,26482.82,26287.74,26340.06,2806.01176,2023-08-17 22:30:00
1692312300000,26340.05,27150.0,26300.99,26801.29,4301.13452,2023-08-17 22:45:00
1692313200000,26801.3,27000.0,26682.32,26850.07,3774.2617,2023-08-17 23:00:00
1692314100000,26850.07,26886.01,26570.51,26638.01,1968.80936,2023-08-17 23:15:00
1692315000000,26638.0,26726.0,26458.67,26667.99,1768.23054,2023-08-17 23:30:00
1692315900000,26667.99,26698.0,26583.58,26623.41,1438.98637,2023-08-17 23:45:00
1692316800000,26623.41,26832.6,26593.86,26782.12,1507.0531,2023-08-18 00:00:00
1692317700000,26782.13,26800.0,26719.11,26732.99,930.00083,2023-08-18 00:15:00
1692318600000,26733.0,26746.0,26666.0,26692.27,888.83924,2023-08-18 00:30:00
1692319500000,26692.28,26748.0,26650.0,26737.3,704.44914,2023-08-18 00:45:00
1692320400000,26737.3,26759.96,26590.16,26590.17,729.96526,2023-08-18 01:00:00
1692321300000,26590.17,26659.22,26582.52,26600.14,626.80218,2023-08-18 01:15:00
1692322200000,26600.13,26653.99,26569.46,26649.99,888.23217,2023-08-18 01:30:00
1692323100000,26649.99,26655.71,26564.0,26613.49,410.82108,2023-08-18 01:45:00
1692324000000,26613.49,26684.64,26600.0,26672.0,484.52727,2023-08-18 02:00:00
1692324900000,26672.0,26684.12,26585.86,26600.0,544.44584,2023-08-18 02:15:00
1692325800000,26600.0,26609.32,26518.22,26518.47,569.04151,2023-08-18 02:30:00
1692326700000,26518.46,26573.08,26466.0,26482.13,811.514,2023-08-18 02:45:00
1692327600000,26482.13,26513.8,26408.1,26412.76,657.13138,2023-08-18 03:00:00
1692328500000,26412.75,26463.07,26400.1,26450.01,494.6332,2023-08-18 03:15:00
1692329400000,26450.01,26517.8,26405.27,26411.12,719.63936,2023-08-18 03:30:00
1692330300000,26411.11,26420.92,26321.18,26398.0,780.18498,2023-08-18 03:45:00
1692331200000,26397.99,26439.58,26395.0,26422.02,415.80225,2023-08-18 04:00:00
1692332100000,26422.02,26422.03,26157.71,26207.63,1599.03275,2023-08-18 04:15:00
1692333000000,26207.63,26320.0,26183.39,26299.99,1093.64279,2023-08-18 04:30:00
1692333900000,26299.99,26300.0,26198.61,26267.94,852.89219,2023-08-18 04:45:00
1692334800000,26267.93,26383.23,26262.47,26383.23,927.26716,2023-08-18 05:00:00
1692335700000,26383.23,26445.28,26352.8,26442.01,581.64149,2023-08-18 05:15:00
1692336600000,26442.01,26534.97,26418.72,26453.36,919.24344,2023-08-18 05:30:00
1692337500000,26453.37,26494.87,26428.37,26443.76,554.44528,2023-08-18 05:45:00
1692338400000,26443.75,26610.0,26443.75,26606.63,965.76179,2023-08-18 06:00:00
1692339300000,26606.62,26608.38,26503.62,26512.9,992.97384,2023-08-18 06:15:00
1692340200000,26512.91,26592.2,26504.0,26568.88,773.07465,2023-08-18 06:30:00
1692341100000,26568.87,26568.88,26493.08,26502.66,612.50907,2023-08-18 06:45:00
1692342000000,26502.67,26527.45,26471.15,26486.03,673.86482,2023-08-18 07:00:00
1692342900000,26486.03,26492.0,26454.9,26455.22,517.19479,2023-08-18 07:15:00
1692343800000,26455.22,26481.29,26436.0,26441.96,881.38959,2023-08-18 07:30:00
1692344700000,26441.95,26473.34,26423.0,26429.99,1018.55321,2023-08-18 07:45:00
1692345600000,26430.0,26501.82,26420.96,26501.82,550.81004,2023-08-18 08:00:00
1692346500000,26501.81,26501.83,26427.47,26450.43,567.65688,2023-08-18 08:15:00
1692347400000,26450.43,26465.44,26432.3,26465.43,336.11079,2023-08-18 08:30:00
1692348300000,26465.44,26595.47,26465.43,26591.69,967.40694,2023-08-18 08:45:00
1692349200000,26591.68,26592.54,26541.04,26574.0,768.78896,2023-08-18 09:00:00
1692350100000,26574.0,26609.65,26532.74,26543.39,614.23206,2023-08-18 09:15:00
1692351000000,26543.4,26543.4,26502.06,26502.55,694.40786,2023-08-18 09:30:00
1692351900000,26502.55,26508.0,26425.82,26451.61,537.08259,2023-08-18 09:45:00
1692352800000,26451.61,26465.23,26388.0,26437.5,565.5482,2023-08-18 10:00:00
1692353700000,26437.49,26461.84,26412.01,26417.78,390.92487,2023-08-18 10:15:00
1692354600000,26417.78,26468.67,26417.78,26433.28,369.33414,2023-08-18 10:30:00
1692355500000,26433.27,26458.49,26433.27,26452.08,319.29504,2023-08-18 10:45:00
1692356400000,26452.07,26455.52,26433.04,26451.01,240.40025,2023-08-18 11:00:00
1692357300000,26451.01,26465.75,26381.6,26401.06,593.71726,2023-08-18 11:15:00
1692358200000,26401.06,26512.0,26386.32,26479.99,473.28962,2023-08-18 11:30:00
1692359100000,26479.99,26514.28,26470.83,26494.0,414.77449,2023-08-18 11:45:00
1692360000000,26494.0,26500.0,26340.0,26391.58,795.64023,2023-08-18 12:00:00
1692360900000,26391.58,26417.32,26351.25,26375.38,488.24686,2023-08-18 12:15:00
1692361800000,26375.39,26410.0,26340.0,26358.0,487.2582,2023-08-18 12:30:00
1692362700000,26357.99,26371.55,26322.0,26328.02,505.4308,2023-08-18 12:45:00
1692363600000,26328.02,26343.67,26246.34,26314.7,726.52714,2023-08-18 13:00:00
1692364500000,26314.69,26333.0,26234.0,26256.01,646.19327,2023-08-18 13:15:00
1692365400000,26256.01,26353.61,26248.0,26322.41,764.24512,2023-08-18 13:30:00
1692366300000,26322.42,26384.74,26220.0,26241.78,893.42783,2023-08-18 13:45:00
1692367200000,26241.78,26280.0,26176.0,26192.0,960.62332,2023-08-18 14:00:00
1692368100000,26191.99,26233.46,26129.9,26164.01,828.98027,2023-08-18 14:15:00
1692369000000,26164.0,26307.24,26158.62,26287.71,758.19626,2023-08-18 14:30:00
1692369900000,26287.71,26287.71,25981.88,26012.08,2163.59071,2023-08-18 14:45:00
1692370800000,26012.08,26210.0,26001.0,26175.99,1470.1428,2023-08-18 15:00:00
1692371700000,26176.0,26252.0,26079.02,26110.0,939.97285,2023-08-18 15:15:00
1692372600000,26110.0,26134.28,26001.0,26070.85,876.87507,2023-08-18 15:30:00
1692373500000,26070.86,26086.8,25931.95,26002.0,1121.28559,2023-08-18 15:45:00
1692374400000,26001.99,26141.85,25991.2,26093.83,870.61125,2023-08-18 16:00:00
1692375300000,26093.82,26109.59,25990.01,26002.01,527.41837,2023-08-18 16:15:00
1692376200000,26002.0,26054.77,25984.55,26024.62,613.57102,2023-08-18 16:30:00
1692377100000,26024.62,26079.92,25769.04,25904.91,1383.69193,2023-08-18 16:45:00
1692378000000,25904.9,25947.05,25619.0,25760.66,2966.99268,2023-08-18 17:00:00
1692378900000,25760.65,25932.42,25680.04,25912.0,1590.79713,2023-08-18 17:15:00
1692379800000,25912.0,26114.0,25878.88,26039.47,1828.95993,2023-08-18 17:30:00
1692380700000,26039.46,26104.64,26004.0,26012.02,648.43284,2023-08-18 17:45:00
1692381600000,26012.01,26026.61,25921.0,25940.98,602.65295,2023-08-18 18:00:00
1692382500000,25940.97,26080.22,25940.97,26050.52,686.36547,2023-08-18 18:15:00
1692383400000,26050.51,26197.05,26030.19,26174.1,874.27187,2023-08-18 18:30:00
1692384300000,26174.11,26313.33,26106.79,26124.01,1402.75153,2023-08-18 18:45:00
1692385200000,26124.01,26137.09,26030.0,26071.69,883.41107,2023-08-18 19:00:00
1692386100000,26071.7,26106.96,26048.02,26081.09,441.21825,2023-08-18 19:15:00
1692387000000,26081.09,26091.8,25992.0,26028.0,534.79521,2023-08-18 19:30:00
1692387900000,26027.99,26145.01,26014.34,26065.01,633.33044,2023-08-18 19:45:00
1692388800000,26065.01,26152.22,26049.02,26133.99,538.0594,2023-08-18 20:00:00
1692389700000,26133.99,26241.57,26130.0,26241.57,556.31898,2023-08-18 20:15:00
1692390600000,26241.56,26243.8,26174.66,26208.0,369.20485,2023-08-18 20:30:00
1692391500000,26208.0,26208.0,26066.79,26083.78,583.41611,2023-08-18 20:45:00
1692392400000,26083.77,26133.23,26083.77,26121.81,278.64964,2023-08-18 21:00:00
1692393300000,26121.81,26177.7,26110.01,26130.01,287.27022,2023-08-18 21:15:00
1692394200000,26130.01,26139.58,26073.78,26100.01,247.17403,2023-08-18 21:30:00
1692395100000,26100.02,26100.02,26062.74,26062.75,193.27435,2023-08-18 21:45:00
1692396000000,26062.75,26120.44,26042.77,26108.07,316.0192,2023-08-18 22:00:00
1692396900000,26108.08,26110.59,26040.14,26089.52,430.54247,2023-08-18 22:15:00
1692397800000,26089.53,26091.76,26057.84,26091.76,235.73981,2023-08-18 22:30:00
1692398700000,26091.75,26106.0,26061.96,26071.99,164.29911,2023-08-18 22:45:00
1692399600000,26071.99,26094.49,26051.91,26051.91,175.29393,2023-08-18 23:00:00
1692400500000,26051.91,26062.82,26022.81,26028.47,504.91311,2023-08-18 23:15:00
1692401400000,26028.47,26044.01,26006.01,26031.53,309.45135,2023-08-18 23:30:00
1692402300000,26031.53,26059.91,26026.0,26054.0,154.77265,2023-08-18 23:45:00
1692403200000,26054.0,26080.2,26048.67,26069.7,359.74408,2023-08-19 00:00:00
1692404100000,26069.69,26069.7,26017.68,26017.69,160.12564,2023-08-19 00:15:00
1692405000000,26017.68,26154.57,26017.68,26139.42,291.25873,2023-08-19 00:30:00
1692405900000,26139.42,26139.42,26094.15,26099.09,259.67743,2023-08-19 00:45:00
1692406800000,26099.09,26100.0,26055.41,26058.97,203.5956,2023-08-19 01:00:00
1692407700000,26058.96,26080.6,26038.89,26078.45,306.60361,2023-08-19 01:15:00
1692408600000,26078.45,26078.45,26026.0,26026.01,342.80722,2023-08-19 01:30:00
1692409500000,26026.0,26043.99,26014.0,26016.01,186.6354,2023-08-19 01:45:00
1692410400000,26016.01,26034.0,26006.0,26030.0,286.30686,2023-08-19 02:00:00
1692411300000,26030.0,26066.6,26022.0,26054.49,208.23913,2023-08-19 02:15:00
1692412200000,26054.48,26066.0,26012.29,26013.2,276.41544,2023-08-19 02:30:00
1692413100000,26013.2,26042.0,26000.15,26002.01,199.32062,2023-08-19 02:45:00
1692414000000,26002.01,26002.01,25940.0,25959.34,386.04307,2023-08-19 03:00:00
1692414900000,25959.33,25974.87,25924.0,25964.01,242.64031,2023-08-19 03:15:00
1692415800000,25964.0,25975.12,25942.65,25952.0,128.11747,2023-08-19 03:30:00
1692416700000,25951.99,25967.52,25942.0,25967.51,160.93343,2023-08-19 03:45:00
1692417600000,25967.51,25967.52,25938.4,25948.0,133.39897,2023-08-19 04:00:00
1692418500000,25947.99,25972.0,25922.0,25961.42,159.47639,2023-08-19 04:15:00
1692419400000,25961.42,26003.79,25950.0,25999.77,200.95393,2023-08-19 04:30:00
1692420300000,25999.76,26009.18,25972.0,25988.76,278.04226,2023-08-19 04:45:00
1692421200000,25988.76,25994.67,25950.0,25970.37,173.35401,2023-08-19 05:00:00
1692422100000,25970.36,25981.01,25944.03,25949.14,178.03825,2023-08-19 05:15:00
1692423000000,25949.14,25950.0,25875.01,25904.32,505.59405,2023-08-19 05:30:00
1692423900000,25904.32,25916.0,25875.16,25884.49,235.02663,2023-08-19 05:45:00
1692424800000,25884.48,25913.3,25880.0,25904.01,229.39486,2023-08-19 06:00:00
1692425700000,25904.01,25910.0,25870.0,25909.99,216.03488,2023-08-19 06:15:00
1692426600000,25909.99,25929.02,25838.51,25855.81,316.32153,2023-08-19 06:30:00
1692427500000,25855.81,25874.0,25825.96,25836.28,331.19236,2023-08-19 06:45:00
1692428400000,25836.27,25854.38,25801.09,25817.11,499.96917,2023-08-19 07:00:00
1692429300000,25817.1,25848.0,25809.43,25830.8,266.24321,2023-08-19 07:15:00
1692430200000,25830.8,25919.44,25826.42,25891.88,444.67817,2023-08-19 07:30:00
1692431100000,25891.87,25920.0,25882.2,25917.99,287.04068,2023-08-19 07:45:00
1692432000000,25918.0,25982.74,25894.89,25966.81,522.97243,2023-08-19 08:00:00
1692432900000,25966.81,25999.01,25943.13,25980.01,455.89942,2023-08-19 08:15:00
1692433800000,25980.01,25982.76,25924.0,25926.66,222.24759,2023-08-19 08:30:00
1692434700000,25926.66,25939.0,25908.01,25932.97,227.81215,2023-08-19 08:45:00
1692435600000,25932.98,25932.98,25884.97,25920.86,268.1465,2023-08-19 09:00:00
1692436500000,25920.85,25922.91,25884.0,25914.0,292.21524,2023-08-19 09:15:00
1692437400000,25914.01,25919.0,25890.51,25919.0,226.84269,2023-08-19 09:30:00
1692438300000,25919.0,25965.99,25918.99,25945.99,309.70549,2023-08-19 09:45:00
1692439200000,25945.99,25959.7,25930.0,25930.0,227.59121,2023-08-19 10:00:00
1692440100000,25930.0,25956.14,25920.0,25942.72,165.7103,2023-08-19 10:15:00
1692441000000,25942.71,25948.86,25915.94,25917.1,205.67379,2023-08-19 10:30:00
1692441900000,25917.09,25918.91,25891.08,25908.82,250.29022,2023-08-19 10:45:00
1692442800000,25908.82,25919.22,25896.02,25916.18,203.77841,2023-08-19 11:00:00
1692443700000,25916.18,25919.89,25896.61,25913.79,147.14493,2023-08-19 11:15:00
1692444600000,25913.78,25943.75,25906.0,25906.01,143.27156,2023-08-19 11:30:00
1692445500000,25906.01,25925.86,25892.94,25900.08,154.65417,2023-08-19 11:45:00
1692446400000,25900.07,25915.89,25872.06,25874.34,206.18692,2023-08-19 12:00:00
1692447300000,25874.35,25904.0,25872.07,25880.0,239.73297,2023-08-19 12:15:00
1692448200000,25879.99,25923.22,25879.99,25918.0,282.57919,2023-08-19 12:30:00
1692449100000,25918.0,25926.0,25902.97,25914.37,179.70611,2023-08-19 12:45:00
1692450000000,25914.38,25948.95,25908.0,25948.0,184.71041,2023-08-19 13:00:00
1692450900000,25947.99,25981.53,25924.45,25966.0,390.31822,2023-08-19 13:15:00
1692451800000,25965.99,25971.26,25948.0,25948.01,226.96964,2023-08-19 13:30:00
1692452700000,25948.0,25948.01,25917.26,25925.24,176.21508,2023-08-19 13:45:00
1692453600000,25925.24,25979.57,25920.12,25974.0,220.21302,2023-08-19 14:00:00
1692454500000,25974.0,26051.36,25955.0,26028.6,770.14323,2023-08-19 14:15:00
1692455400000,26028.6,26042.0,25985.91,25994.77,405.30961,2023-08-19 14:30:00
1692456300000,25994.78,26008.63,25975.0,25975.0,191.20709,2023-08-19 14:45:00
1692457200000,25975.01,26094.99,25957.29,26068.75,617.4261,2023-08-19 15:00:00
1692458100000,26068.76,26097.41,26044.23,26061.52,459.68606,2023-08-19 15:15:00
1692459000000,26061.53,26070.59,26027.8,26064.27,266.07263,2023-08-19 15:30:00
1692459900000,26064.26,26226.04,26055.76,26216.01,1289.89673,2023-08-19 15:45:00
1692460800000,26216.01,26217.36,26117.0,26153.99,631.37615,2023-08-19 16:00:00
1692461700000,26153.99,26194.19,26121.28,26158.02,458.84319,2023-08-19 16:15:00
1692462600000,26158.02,26169.43,26117.75,26166.28,438.67854,2023-08-19 16:30:00
1692463500000,26166.27,26281.0,26162.0,26253.3,678.01763,2023-08-19 16:45:00
1692464400000,26253.3,26253.31,26127.73,26127.73,521.77235,2023-08-19 17:00:00
1692465300000,26127.74,26150.0,26078.0,26085.85,444.48563,2023-08-19 17:15:00
1692466200000,26085.86,26100.0,26072.29,26095.14,255.6813,2023-08-19 17:30:00
1692467100000,26095.14,26106.61,26084.5,26086.9,146.66028,2023-08-19 17:45:00
1692468000000,26086.9,26090.0,26026.96,26068.49,396.32669,2023-08-19 18:00:00
1692468900000,26068.49,26087.0,26037.65,26086.99,196.42509,2023-08-19 18:15:00
1692469800000,26086.99,26131.04,26086.99,26128.87,227.73071,2023-08-19 18:30:00
1692470700000,26128.86,26138.0,26113.43,26126.44,152.43122,2023-08-19 18:45:00
1692471600000,26126.44,26128.0,26095.36,26121.48,136.44008,2023-08-19 19:00:00
1692472500000,26121.49,26130.32,26103.58,26113.02,129.59677,2023-08-19 19:15:00
1692473400000,26113.01,26137.41,26110.57,26131.32,126.19495,2023-08-19 19:30:00
1692474300000,26131.32,26159.84,26123.21,26125.62,163.58539,2023-08-19 19:45:00
1692475200000,26125.61,26156.0,26125.61,26134.03,317.24997,2023-08-19 20:00:00
1692476100000,26134.02,26136.0,26060.84,26087.07,495.5616,2023-08-19 20:15:00
1692477000000,26087.07,26108.26,26033.16,26049.1,289.23133,2023-08-19 20:30:00
1692477900000,26049.11,26077.68,26039.67,26056.78,153.99347,2023-08-19 20:45:00
1692478800000,26056.78,26081.72,26052.5,26081.33,92.03207,2023-08-19 21:00:00
1692479700000,26081.33,26096.51,26050.1,26073.45,167.74659,2023-08-19 21:15:00
1692480600000,26073.45,26084.97,26054.13,26084.97,134.87376,2023-08-19 21:30:00
1692481500000,26084.96,26088.35,26084.96,26084.96,47.63304,2023-08-19 21:45:00
1692482400000,26084.97,26084.97,26051.08,26081.59,118.79094,2023-08-19 22:00:00
1692483300000,26081.58,26087.64,26077.96,26085.79,77.8507,2023-08-19 22:15:00
1692484200000,26085.79,26089.34,26078.61,26089.33,65.654,2023-08-19 22:30:00
1692485100000,26089.33,26089.34,26049.65,26054.0,104.33613,2023-08-19 22:45:00
1692486000000,26054.0,26077.82,26053.21,26069.14,104.48484,2023-08-19 23:00:00
1692486900000,26069.15,26124.21,26069.14,26114.92,108.8558,2023-08-19 23:15:00
1692487800000,26114.93,26124.99,26100.35,26110.91,128.73133,2023-08-19 23:30:00
1692488700000,26110.9,26110.91,26090.44,26100.01,65.92939,2023-08-19 23:45:00
1692489600000,26100.01,26104.16,26081.32,26104.16,116.48427,2023-08-20 00:00:00
1692490500000,26104.15,26134.78,26098.01,26126.42,121.62144,2023-08-20 00:15:00
1692491400000,26126.43,26177.05,26104.0,26176.51,166.88815,2023-08-20 00:30:00
1692492300000,26176.5,26188.09,26151.62,26181.68,175.3072,2023-08-20 00:45:00
1692493200000,26181.67,26207.88,26110.01,26115.99,247.64332,2023-08-20 01:00:00
1692494100000,26116.0,26116.0,26065.36,26096.74,214.03875,2023-08-20 01:15:00
1692495000000,26096.74,26096.75,26046.4,26057.6,191.31253,2023-08-20 01:30:00
1692495900000,26057.59,26078.52,26052.01,26072.45,205.02846,2023-08-20 01:45:00
1692496800000,26072.45,26074.0,26048.36,26052.81,122.70672,2023-08-20 02:00:00
1692497700000,26052.8,26082.63,26052.8,26071.91,72.80801,2023-08-20 02:15:00
1692498600000,26071.91,26105.11,26066.23,26100.0,123.99212,2023-08-20 02:30:00
1692499500000,26100.0,26107.81,26080.0,26094.0,159.36529,2023-08-20 02:45:00
1692500400000,26093.99,26118.68,26093.99,26118.68,159.72984,2023-08-20 03:00:00
1692501300000,26118.67,26136.45,26107.8,26130.92,153.88666,2023-08-20 03:15:00
1692502200000,26130.92,26143.04,26116.7,26118.59,221.20158,2023-08-20 03:30:00
1692503100000,26118.6,26125.14,26103.46,26105.24,209.65403,2023-08-20 03:45:00
1692504000000,26105.23,26118.0,26105.23,26118.0,179.22081,2023-08-20 04:00:00
1692504900000,26117.99,26125.91,26111.54,26115.22,228.20287,2023-08-20 04:15:00
1692505800000,26115.21,26115.41,26101.25,26115.4,278.79087,2023-08-20 04:30:00
1692506700000,26115.41,26131.21,26115.4,26121.47,164.06432,2023-08-20 04:45:00
1692507600000,26121.46,26130.32,26110.77,26130.32,341.039,2023-08-20 05:00:00
1692508500000,26130.32,26160.16,26122.8,26147.12,282.22086,2023-08-20 05:15:00
1692509400000,26147.11,26147.12,26123.39,26123.4,79.24298,2023-08-20 05:30:00
1692510300000,26123.39,26123.4,26067.7,26092.0,190.75212,2023-08-20 05:45:00
1692511200000,26092.01,26092.01,26074.91,26087.83,107.37924,2023-08-20 06:00:00
1692512100000,26087.83,26092.0,26047.41,26076.34,329.73281,2023-08-20 06:15:00
1692513000000,26076.33,26087.25,26060.0,26081.07,121.86087,2023-08-20 06:30:00
1692513900000,26081.07,26081.07,26054.0,26063.99,123.29808,2023-08-20 06:45:00
1692514800000,26064.0,26085.52,26060.29,26085.51,112.03115,2023-08-20 07:00:00
1692515700000,26085.51,26090.17,26074.0,26076.0,106.13923,2023-08-20 07:15:00
1692516600000,26076.0,26092.0,26075.99,26091.99,127.65549,2023-08-20 07:30:00
1692517500000,26091.99,26092.0,26076.45,26088.44,143.6765,2023-08-20 07:45:00
1692518400000,26088.44,26088.44,26069.0,26069.87,108.34488,2023-08-20 08:00:00
1692519300000,26069.86,26085.57,26058.98,26074.51,151.41701,2023-08-20 08:15:00
1692520200000,26074.52,26107.29,26074.51,26090.31,149.5115,2023-08-20 08:30:00
1692521100000,26090.31,26112.0,26090.3,26112.0,87.56421,2023-08-20 08:45:00
1692522000000,26112.0,26121.82,26102.0,26119.55,298.84369,2023-08-20 09:00:00
1692522900000,26119.55,26121.19,26096.96,26108.0,207.44686,2023-08-20 09:15:00
1692523800000,26107.99,26111.99,26093.23,26111.98,149.14071,2023-08-20 09:30:00
1692524700000,26111.98,26144.89,26111.98,26144.0,128.73947,2023-08-20 09:45:00
1692525600000,26144.0,26154.37,26124.89,26148.7,266.94371,2023-08-20 10:00:00
1692526500000,26148.69,26157.61,26120.16,26136.1,197.34701,2023-08-20 10:15:00
1692527400000,26136.1,26149.76,26128.31,26131.77,160.20551,2023-08-20 10:30:00
1692528300000,26131.77,26153.76,26125.22,26148.05,150.27374,2023-08-20 10:45:00
1692529200000,26148.05,26180.0,26148.04,26165.78,200.51967,2023-08-20 11:00:00
1692530100000,26165.77,26198.72,26137.87,26145.84,328.09989,2023-08-20 11:15:00
1692531000000,26145.84,26164.0,26131.71,26158.04,260.61966,2023-08-20 11:30:00
1692531900000,26158.05,26187.53,26150.59,26176.7,191.59322,2023-08-20 11:45:00
1692532800000,26176.69,26186.12,26150.0,26153.52,164.65996,2023-08-20 12:00:00
1692533700000,26153.52,26155.54,26135.56,26140.38,137.3116,2023-08-20 12:15:00
1692534600000,26140.38,26189.09,26136.0,26189.09,119.33169,2023-08-20 12:30:00
1692535500000,26189.08,26197.62,26160.76,26183.72,174.89377,2023-08-20 12:45:00
1692536400000,26183.71,26217.52,26176.35,26176.35,196.48777,2023-08-20 13:00:00
1692537300000,26176.36,26176.36,26149.65,26172.0,157.09075,2023-08-20 13:15:00
1692538200000,26172.01,26206.22,26172.0,26174.31,237.21711,2023-08-20 13:30:00
1692539100000,26174.3,26178.0,26128.02,26135.9,293.84361,2023-08-20 13:45:00
1692540000000,26135.9,26149.43,26123.65,26144.01,284.87651,2023-08-20 14:00:00
1692540900000,26144.0,26146.01,26125.0,26139.09,177.65002,2023-08-20 14:15:00
1692541800000,26139.09,26139.09,26080.3,26110.16,273.30852,2023-08-20 14:30:00
1692542700000,26110.15,26117.47,26062.0,26062.87,356.01548,2023-08-20 14:45:00
1692543600000,26062.86,26096.88,25971.05,26070.41,971.02473,2023-08-20 15:00:00
1692544500000,26070.41,26138.25,26033.5,26061.91,466.23908,2023-08-20 15:15:00
1692545400000,26061.9,26090.0,26047.34,26055.99,184.65533,2023-08-20 15:30:00
1692546300000,26056.0,26106.83,26048.0,26106.83,232.63814,2023-08-20 15:45:00
1692547200000,26106.83,26123.99,26086.0,26087.59,185.61054,2023-08-20 16:00:00
1692548100000,26087.59,26089.78,26049.08,26089.77,193.68915,2023-08-20 16:15:00
1692549000000,26089.78,26093.84,26062.35,26062.36,112.73825,2023-08-20 16:30:00
1692549900000,26062.36,26067.87,26002.51,26053.01,241.98242,2023-08-20 16:45:00
1692550800000,26053.01,26081.01,26028.19,26077.18,160.87689,2023-08-20 17:00:00
1692551700000,26077.18,26085.78,26058.03,26085.78,106.72523,2023-08-20 17:15:00
1692552600000,26085.77,26131.42,26076.0,26130.0,244.19654,2023-08-20 17:30:00
1692553500000,26130.0,26162.34,26107.53,26124.18,257.90841,2023-08-20 17:45:00
1692554400000,26124.18,26146.81,26116.5,26142.01,195.63043,2023-08-20 18:00:00
1692555300000,26142.0,26147.11,26122.93,26144.01,112.79669,2023-08-20 18:15:00
1692556200000,26144.01,26150.0,26125.04,26125.04,111.74819,2023-08-20 18:30:00
1692557100000,26125.04,26144.0,26105.89,26113.81,182.21981,2023-08-20 18:45:00
1692558000000,26113.82,26121.21,26109.0,26109.02,82.81772,2023-08-20 19:00:00
1692558900000,26109.02,26132.48,26109.02,26132.48,62.00909,2023-08-20 19:15:00
1692559800000,26132.47,26139.77,26115.04,26122.29,120.04417,2023-08-20 19:30:00
1692560700000,26122.29,26137.27,26108.97,26137.25,85.00985,2023-08-20 19:45:00
1692561600000,26137.25,26190.0,26137.25,26188.16,291.12708,2023-08-20 20:00:00
1692562500000,26188.16,26199.42,26166.78,26166.78,265.58778,2023-08-20 20:15:00
1692563400000,26166.79,26270.0,26156.01,26264.42,690.07216,2023-08-20 20:30:00
1692564300000,26264.43,26299.0,26212.26,26232.98,426.98123,2023-08-20 20:45:00
1692565200000,26232.99,26243.48,26146.2,26166.0,319.308,2023-08-20 21:00:00
1692566100000,26165.99,26208.56,26165.99,26201.58,135.15892,2023-08-20 21:15:00
1692567000000,26201.59,26203.22,26143.59,26171.05,141.78572,2023-08-20 21:30:00
1692567900000,26171.05,26186.31,26160.25,26176.86,94.14674,2023-08-20 21:45:00
1692568800000,26176.85,26216.05,26176.85,26196.01,157.08224,2023-08-20 22:00:00
1692569700000,26196.01,26209.28,26184.9,26209.27,106.55137,2023-08-20 22:15:00
1692570600000,26209.27,26225.19,26188.96,26188.96,109.19532,2023-08-20 22:30:00
1692571500000,26188.96,26211.84,26188.96,26209.46,72.06949,2023-08-20 22:45:00
1692572400000,26209.47,26209.47,26149.5,26152.0,354.6144,2023-08-20 23:00:00
1692573300000,26152.0,26177.3,26146.95,26177.29,239.48474,2023-08-20 23:15:00
1692574200000,26177.3,26188.77,26156.56,26186.01,78.83026,2023-08-20 23:30:00
1692575100000,26186.0,26190.0,26168.0,26189.99,78.08288,2023-08-20 23:45:00
1692576000000,26190.0,26195.12,26133.37,26133.37,239.1834,2023-08-21 00:00:00
1692576900000,26133.38,26147.87,26121.86,26121.86,144.04619,2023-08-21 00:15:00
1692577800000,26121.87,26144.4,26120.01,26144.4,93.02847,2023-08-21 00:30:00
1692578700000,26144.39,26155.54,26124.0,26142.0,159.48362,2023-08-21 00:45:00
1692579600000,26142.0,26167.0,26092.5,26110.0,252.03056,2023-08-21 01:00:00
1692580500000,26109.99,26168.0,26085.01,26156.01,365.61478,2023-08-21 01:15:00
1692581400000,26156.0,26156.01,26121.26,26147.7,202.68245,2023-08-21 01:30:00
1692582300000,26147.7,26153.31,26115.02,26146.14,153.9439,2023-08-21 01:45:00
1692583200000,26146.14,26161.23,26134.14,26153.76,120.05389,2023-08-21 02:00:00
1692584100000,26153.77,26153.77,26120.0,26120.01,99.93306,2023-08-21 02:15:00
1692585000000,26120.0,26122.0,26080.22,26084.0,276.56145,2023-08-21 02:30:00
1692585900000,26084.01,26102.91,26084.0,26097.38,148.90575,2023-08-21 02:45:00
1692586800000,26097.38,26110.0,26094.86,26094.87,154.92497,2023-08-21 03:00:00
1692587700000,26094.86,26111.76,26071.76,26107.1,186.79551,2023-08-21 03:15:00
1692588600000,26107.09,26108.68,26082.9,26084.77,226.71355,2023-08-21 03:30:00
1692589500000,26084.78,26091.22,26070.0,26090.66,191.14932,2023-08-21 03:45:00
1692590400000,26090.66,26090.67,26045.78,26073.36,334.96113,2023-08-21 04:00:00
1692591300000,26073.36,26073.99,26050.0,26060.77,92.47192,2023-08-21 04:15:00
1692592200000,26060.76,26065.39,26046.0,26055.01,123.73841,2023-08-21 04:30:00
1692593100000,26055.01,26067.32,26045.0,26059.02,125.48882,2023-08-21 04:45:00
1692594000000,26059.02,26081.38,26048.0,26071.41,181.34649,2023-08-21 05:00:00
1692594900000,26071.4,26137.92,26058.0,26137.91,191.22149,2023-08-21 05:15:00
1692595800000,26137.92,26189.04,26088.0,26116.01,731.55498,2023-08-21 05:30:00
1692596700000,26116.01,26137.0,26096.47,26104.54,217.37762,2023-08-21 05:45:00
1692597600000,26104.54,26120.0,26087.49,26087.5,144.11811,2023-08-21 06:00:00
1692598500000,26087.49,26103.0,26075.38,26103.0,154.78048,2023-08-21 06:15:00
1692599400000,26102.99,26103.0,26062.89,26073.99,178.89391,2023-08-21 06:30:00
1692600300000,26074.0,26074.0,26030.41,26032.0,340.45181,2023-08-21 06:45:00
1692601200000,26032.01,26045.02,26009.99,26033.99,358.69454,2023-08-21 07:00:00
1692602100000,26034.0,26051.49,26003.42,26004.75,320.86703,2023-08-21 07:15:00
1692603000000,26004.75,26041.96,26000.72,26033.99,242.94581,2023-08-21 07:30:00
1692603900000,26033.99,26042.74,26000.0,26023.34,352.33349,2023-08-21 07:45:00
1692604800000,26023.33,26029.8,26012.41,26015.45,186.91084,2023-08-21 08:00:00
1692605700000,26015.45,26069.62,25983.88,26069.62,398.74728,2023-08-21 08:15:00
1692606600000,26069.61,26070.0,26042.81,26047.99,210.40318,2023-08-21 08:30:00
1692607500000,26048.0,26060.0,26022.14,26059.99,192.94237,2023-08-21 08:45:00
1692608400000,26059.99,26081.01,26048.66,26081.0,248.41489,2023-08-21 09:00:00
1692609300000,26081.01,26088.32,26064.0,26064.0,245.73762,2023-08-21 09:15:00
1692610200000,26064.01,26064.01,26037.3,26038.01,280.46491,2023-08-21 09:30:00
1692611100000,26038.01,26038.01,26002.0,26028.0,293.11481,2023-08-21 09:45:00
1692612000000,26028.01,26028.01,25899.0,25972.41,1149.74341,2023-08-21 10:00:00
1692612900000,25972.42,26012.0,25956.1,25972.16,443.40206,2023-08-21 10:15:00
1692613800000,25972.15,25987.82,25950.0,25965.11,337.31677,2023-08-21 10:30:00
1692614700000,25965.1,25965.11,25880.2,25944.01,718.06878,2023-08-21 10:45:00
1692615600000,25944.01,25965.83,25937.3,25942.94,337.05483,2023-08-21 11:00:00
1692616500000,25942.94,25963.0,25931.53,25957.99,324.20468,2023-08-21 11:15:00
1692617400000,25958.0,26001.69,25957.99,26000.87,182.84996,2023-08-21 11:30:00
1692618300000,26000.86,26044.27,25982.0,26031.6,254.44861,2023-08-21 11:45:00
1692619200000,26031.61,26085.15,26031.6,26080.75,366.07172,2023-08-21 12:00:00
1692620100000,26080.75,26082.78,26050.07,26050.07,215.57835,2023-08-21 12:15:00
1692621000000,26050.08,26055.33,26015.73,26050.59,341.64293,2023-08-21 12:30:00
1692621900000,26050.59,26053.95,25994.0,26004.0,370.62981,2023-08-21 12:45:00
1692622800000,26004.0,26031.25,25996.0,25998.01,356.3419,2023-08-21 13:00:00
1692623700000,25998.01,26014.98,25982.84,26014.98,311.76825,2023-08-21 13:15:00
1692624600000,26014.98,26075.46,26014.97,26045.29,291.76751,2023-08-21 13:30:00
1692625500000,26045.29,26144.09,26020.0,26129.7,480.69683,2023-08-21 13:45:00
1692626400000,26129.69,26198.89,26083.84,26110.49,792.96119,2023-08-21 14:00:00
1692627300000,26110.49,26125.96,26058.0,26062.0,466.59087,2023-08-21 14:15:00
1692628200000,26062.01,26133.18,26058.32,26110.41,307.59492,2023-08-21 14:30:00
1692629100000,26110.41,26130.0,26095.0,26108.51,283.08326,2023-08-21 14:45:00
1692630000000,26108.52,26134.19,26016.59,26035.39,379.80071,2023-08-21 15:00:00
1692630900000,26035.38,26035.39,25812.0,25866.36,3176.36785,2023-08-21 15:15:00
1692631800000,25866.35,25985.91,25854.69,25946.01,778.16021,2023-08-21 15:30:00
1692632700000,25946.01,25987.5,25926.38,25939.59,369.73146,2023-08-21 15:45:00
1692633600000,25939.59,25974.0,25937.6,25950.88,389.64118,2023-08-21 16:00:00
1692634500000,25950.87,26048.47,25944.71,26004.01,520.76171,2023-08-21 16:15:00
1692635400000,26004.01,26004.01,25980.0,25986.66,280.8453,2023-08-21 16:30:00
1692636300000,25986.67,26044.0,25975.63,26015.43,434.58646,2023-08-21 16:45:00
1692637200000,26015.42,26039.82,26002.08,26016.65,285.15295,2023-08-21 17:00:00
1692638100000,26016.64,26070.88,26008.02,26064.63,264.21274,2023-08-21 17:15:00
1692639000000,26064.64,26075.85,26044.9,26058.0,330.04043,2023-08-21 17:30:00
1692639900000,26057.99,26058.0,26030.11,26050.7,192.59636,2023-08-21 17:45:00
1692640800000,26050.7,26073.95,26031.11,26065.29,242.58993,2023-08-21 18:00:00
1692641700000,26065.29,26069.12,26041.03,26055.09,157.2757,2023-08-21 18:15:00
1692642600000,26055.09,26061.23,26043.2,26061.16,144.66303,2023-08-21 18:30:00
1692643500000,26061.15,26111.0,26026.5,26034.18,372.47567,2023-08-21 18:45:00
1692644400000,26034.18,26089.99,26034.17,26076.01,199.0389,2023-08-21 19:00:00
1692645300000,26076.0,26090.0,26038.02,26045.44,371.43106,2023-08-21 19:15:00
1692646200000,26045.44,26164.0,26045.43,26118.0,422.37529,2023-08-21 19:30:00
1692647100000,26118.0,26150.0,26080.59,26097.74,387.76947,2023-08-21 19:45:00
1692648000000,26097.73,26154.79,26097.73,26109.98,337.21545,2023-08-21 20:00:00
1692648900000,26109.99,26122.0,26091.2,26106.0,328.2506,2023-08-21 20:15:00
1692649800000,26106.01,26136.63,26091.43,26091.44,161.84388,2023-08-21 20:30:00
1692650700000,26091.44,26121.29,26091.43,26105.6,123.13337,2023-08-21 20:45:00
1692651600000,26105.6,26123.57,26093.64,26093.65,128.5969,2023-08-21 21:00:00
1692652500000,26093.64,26118.3,26082.25,26118.29,132.87717,2023-08-21 21:15:00
1692653400000,26118.3,26258.42,26118.29,26199.99,736.20306,2023-08-21 21:30:00
1692654300000,26199.99,26213.09,26180.0,26196.01,152.55499,2023-08-21 21:45:00
1692655200000,26196.01,26196.01,26161.3,26166.99,160.04965,2023-08-21 22:00:00
1692656100000,26166.99,26180.0,26146.21,26161.99,194.96668,2023-08-21 22:15:00
1692657000000,26161.99,26164.57,26142.01,26143.07,110.97406,2023-08-21 22:30:00
1692657900000,26143.06,26157.49,26132.0,26132.0,119.5833,2023-08-21 22:45:00
1692658800000,26132.0,26142.0,26124.0,26140.0,108.89275,2023-08-21 23:00:00
1692659700000,26140.0,26152.0,26118.91,26124.0,91.02979,2023-08-21 23:15:00
1692660600000,26124.0,26139.52,26121.55,26139.51,82.21734,2023-08-21 23:30:00
1692661500000,26139.52,26145.41,26114.69,26126.92,104.48748,2023-08-21 23:45:00
1692662400000,26126.92,26139.42,26115.99,26132.01,153.57639,2023-08-22 00:00:00
1692663300000,26132.01,26133.66,26094.14,26102.25,193.54682,2023-08-22 00:15:00
1692664200000,26102.25,26123.33,26102.25,26106.1,120.45608,2023-08-22 00:30:00
1692665100000,26106.1,26127.94,26100.1,26100.11,96.42802,2023-08-22 00:45:00
1692666000000,26100.1,26105.52,26056.33,26062.34,288.08779,2023-08-22 01:00:00
1692666900000,26062.35,26107.82,26062.34,26066.19,205.88661,2023-08-22 01:15:00
1692667800000,26066.18,26094.07,26055.21,26065.2,196.66218,2023-08-22 01:30:00
1692668700000,26065.19,26067.99,26050.0,26050.0,148.16843,2023-08-22 01:45:00
1692669600000,26050.0,26060.0,26044.03,26058.0,133.1599,2023-08-22 02:00:00
1692670500000,26058.0,26069.94,26055.27,26060.43,162.65091,2023-08-22 02:15:00
1692671400000,26060.44,26069.99,26048.0,26066.96,98.88984,2023-08-22 02:30:00
1692672300000,26066.97,26066.97,26046.93,26065.61,95.39362,2023-08-22 02:45:00
1692673200000,26065.62,26065.62,26048.17,26048.17,96.84872,2023-08-22 03:00:00
1692674100000,26048.18,26075.2,26030.0,26031.27,238.0562,2023-08-22 03:15:00
1692675000000,26031.28,26040.86,26025.54,26040.86,330.12653,2023-08-22 03:30:00
1692675900000,26040.86,26056.0,26040.0,26055.99,201.89176,2023-08-22 03:45:00
1692676800000,26056.0,26056.21,26032.2,26033.91,279.78191,2023-08-22 04:00:00
1692677700000,26033.92,26043.56,26028.02,26028.55,195.23952,2023-08-22 04:15:00
1692678600000,26028.56,26032.88,26015.0,26018.7,116.66266,2023-08-22 04:30:00
1692679500000,26018.7,26025.33,26003.66,26015.22,184.14598,2023-08-22 04:45:00
1692680400000,26015.23,26031.32,26006.12,26031.32,146.29762,2023-08-22 05:00:00
1692681300000,26031.31,26037.98,26000.0,26036.0,183.31849,2023-08-22 05:15:00
1692682200000,26036.01,26045.27,26020.81,26036.01,122.3196,2023-08-22 05:30:00
1692683100000,26036.0,26051.56,26022.65,26041.39,228.77242,2023-08-22 05:45:00
1692684000000,26041.39,26063.46,26027.24,26060.02,154.46051,2023-08-22 06:00:00
1692684900000,26060.01,26093.94,26038.6,26060.01,173.73262,2023-08-22 06:15:00
1692685800000,26060.01,26063.99,26034.29,26042.0,135.83417,2023-08-22 06:30:00
1692686700000,26042.01,26070.0,26030.0,26069.99,128.79642,2023-08-22 06:45:00
1692687600000,26069.99,26087.75,26062.0,26077.44,149.33479,2023-08-22 07:00:00
1692688500000,26077.44,26104.0,26073.02,26079.59,160.49356,2023-08-22 07:15:00
1692689400000,26079.59,26117.28,26074.6,26117.0,198.08431,2023-08-22 07:30:00
1692690300000,26117.0,26117.01,26092.16,26106.69,148.40282,2023-08-22 07:45:00
1692691200000,26106.69,26112.44,26088.0,26110.42,304.71283,2023-08-22 08:00:00
1692692100000,26110.43,26110.43,26092.46,26099.55,297.79403,2023-08-22 08:15:00
1692693000000,26099.54,26099.55,26073.3,26076.0,132.59618,2023-08-22 08:30:00
1692693900000,26075.99,26076.0,26052.0,26061.72,200.17418,2023-08-22 08:45:00
1692694800000,26061.73,26065.45,26052.0,26054.91,114.91859,2023-08-22 09:00:00
1692695700000,26054.92,26054.92,26040.43,26046.02,129.35443,2023-08-22 09:15:00
1692696600000,26046.01,26064.8,26034.25,26064.8,122.04974,2023-08-22 09:30:00
1692697500000,26064.8,26086.38,26048.06,26048.07,207.78727,2023-08-22 09:45:00
1692698400000,26048.06,26056.0,26038.01,26040.79,156.05468,2023-08-22 10:00:00
1692699300000,26040.8,26051.27,26034.13,26042.85,117.88896,2023-08-22 10:15:00
1692700200000,26042.84,26043.64,26036.0,26040.0,131.05746,2023-08-22 10:30:00
1692701100000,26039.99,26051.27,26030.0,26047.48,142.08812,2023-08-22 10:45:00
1692702000000,26047.48,26055.28,26032.36,26032.36,117.6812,2023-08-22 11:00:00
1692702900000,26032.36,26066.0,26032.36,26066.0,119.28291,2023-08-22 11:15:00
1692703800000,26066.0,26066.0,26027.22,26051.99,289.36483,2023-08-22 11:30:00
1692704700000,26051.99,26052.0,26042.0,26049.64,262.1073,2023-08-22 11:45:00
1692705600000,26049.63,26065.56,26047.37,26065.56,252.57466,2023-08-22 12:00:00
1692706500000,26065.56,26077.38,26065.55,26072.01,141.61815,2023-08-22 12:15:00
1692707400000,26072.02,26100.23,26072.01,26100.22,180.84381,2023-08-22 12:30:00
1692708300000,26100.23,26100.23,26044.94,26044.94,183.04419,2023-08-22 12:45:00
1692709200000,26044.94,26057.95,26028.2,26035.82,192.2339,2023-08-22 13:00:00
1692710100000,26035.81,26039.99,26009.17,26020.02,242.49451,2023-08-22 13:15:00
1692711000000,26020.02,26059.0,25969.31,26056.01,602.85392,2023-08-22 13:30:00
1692711900000,26056.02,26056.02,25981.79,25998.93,405.92482,2023-08-22 13:45:00
1692712800000,25998.94,26059.0,25945.66,26036.0,759.73356,2023-08-22 14:00:00
1692713700000,26036.01,26047.12,26005.78,26008.01,195.11642,2023-08-22 14:15:00
1692714600000,26008.01,26026.56,25958.61,26002.64,320.53633,2023-08-22 14:30:00
1692715500000,26002.64,26032.84,25990.3,25994.21,231.78071,2023-08-22 14:45:00
1692716400000,25994.2,26014.19,25968.11,25995.0,277.19427,2023-08-22 15:00:00
1692717300000,25995.0,26025.0,25981.48,26011.15,233.19653,2023-08-22 15:15:00
1692718200000,26011.15,26012.0,25980.0,25982.56,190.68739,2023-08-22 15:30:00
1692719100000,25982.57,25986.0,25914.03,25936.61,673.70535,2023-08-22 15:45:00
1692720000000,25936.62,25947.47,25885.2,25888.01,762.75538,2023-08-22 16:00:00
1692720900000,25888.01,25919.79,25823.0,25863.14,1088.97758,2023-08-22 16:15:00
1692721800000,25863.14,26046.14,25796.31,25977.99,1337.80253,2023-08-22 16:30:00
1692722700000,25978.0,26054.73,25950.01,26020.01,776.97689,2023-08-22 16:45:00
1692723600000,26020.01,26033.04,25958.0,25964.95,356.10886,2023-08-22 17:00:00
1692724500000,25964.95,25964.96,25868.09,25936.3,599.61234,2023-08-22 17:15:00
1692725400000,25936.31,25944.0,25726.29,25767.42,1482.06545,2023-08-22 17:30:00
1692726300000,25767.42,25851.45,25735.45,25832.42,838.48904,2023-08-22 17:45:00
1692727200000,25832.41,25871.18,25770.14,25825.48,416.06318,2023-08-22 18:00:00
1692728100000,25825.49,25862.39,25806.0,25846.0,329.56346,2023-08-22 18:15:00
1692729000000,25846.01,26008.64,25846.0,25930.85,704.02707,2023-08-22 18:30:00
1692729900000,25930.84,25941.99,25882.7,25905.6,367.67399,2023-08-22 18:45:00
1692730800000,25905.6,25963.99,25892.53,25942.2,258.99721,2023-08-22 19:00:00
1692731700000,25942.19,25942.2,25868.58,25872.0,282.12186,2023-08-22 19:15:00
1692732600000,25871.99,25894.71,25845.17,25871.46,245.90807,2023-08-22 19:30:00
1692733500000,25871.46,25871.46,25773.96,25779.99,404.06001,2023-08-22 19:45:00
1692734400000,25780.0,25840.71,25779.99,25819.85,299.5157,2023-08-22 20:00:00
1692735300000,25819.85,25852.0,25810.39,25847.24,220.02057,2023-08-22 20:15:00
1692736200000,25847.24,25863.16,25802.34,25827.87,198.42924,2023-08-22 20:30:00
1692737100000,25827.87,25870.01,25816.0,25864.01,181.43617,2023-08-22 20:45:00
1692738000000,25864.0,25882.54,25837.08,25871.29,157.6161,2023-08-22 21:00:00
1692738900000,25871.29,25903.78,25300.0,25635.01,3726.41375,2023-08-22 21:15:00
1692739800000,25635.0,25713.84,25570.57,25669.72,1191.94788,2023-08-22 21:30:00
1692740700000,25669.73,25722.2,25606.55,25669.29,533.70943,2023-08-22 21:45:00
1692741600000,25669.3,25704.22,25643.46,25646.33,457.09879,2023-08-22 22:00:00
1692742500000,25646.34,25771.68,25646.33,25758.08,503.17675,2023-08-22 22:15:00
1692743400000,25758.08,25841.5,25738.0,25839.03,492.68637,2023-08-22 22:30:00
1692744300000,25839.02,25856.63,25800.03,25807.99,348.80755,2023-08-22 22:45:00
1692745200000,25808.0,26032.0,25784.69,25970.01,1022.90917,2023-08-22 23:00:00
1692746100000,25970.01,25976.0,25903.73,25921.67,456.39426,2023-08-22 23:15:00
1692747000000,25921.66,26050.5,25904.68,26015.14,445.54627,2023-08-22 23:30:00
1692747900000,26015.14,26070.04,25986.31,26056.0,366.19753,2023-08-22 23:45:00
1692748800000,26055.99,26169.83,26030.56,26163.99,1172.66158,2023-08-23 00:00:00
1692749700000,26163.99,26187.99,26072.5,26088.67,728.36603,2023-08-23 00:15:00
1692750600000,26088.57,26092.82,26046.0,26079.26,349.87771,2023-08-23 00:30:00
1692751500000,26079.26,26095.0,26040.38,26040.38,196.86694,2023-08-23 00:45:00
1692752400000,26040.38,26054.0,25994.12,25996.98,257.82179,2023-08-23 01:00:00
1692753300000,25996.99,26039.93,25996.98,26034.02,162.04586,2023-08-23 01:15:00
1692754200000,26034.01,26070.56,26024.0,26060.26,166.15712,2023-08-23 01:30:00
1692755100000,26060.26,26081.64,26045.0,26049.41,142.78783,2023-08-23 01:45:00
1692756000000,26049.41,26091.75,26033.33,26033.34,193.9417,2023-08-23 02:00:00
1692756900000,26033.34,26044.97,26033.0,26042.75,170.87535,2023-08-23 02:15:00
1692757800000,26042.74,26075.99,26034.07,26069.67,180.97976,2023-08-23 02:30:00
1692758700000,26069.66,26070.0,26042.52,26044.42,249.6573,2023-08-23 02:45:00
1692759600000,26044.41,26078.01,26033.0,26033.0,305.96095,2023-08-23 03:00:00
1692760500000,26033.0,26040.0,26011.46,26012.69,155.56494,2023-08-23 03:15:00
1692761400000,26012.68,26026.0,26005.01,26006.0,136.22347,2023-08-23 03:30:00
1692762300000,26006.0,26011.33,25990.15,26006.32,166.67005,2023-08-23 03:45:00
1692763200000,26006.32,26006.32,25976.72,25989.06,291.13867,2023-08-23 04:00:00
1692764100000,25989.06,26016.0,25989.06,26010.84,213.27303,2023-08-23 04:15:00
1692765000000,26010.84,26059.67,26009.09,26044.06,219.98967,2023-08-23 04:30:00
1692765900000,26044.05,26062.0,26030.01,26050.01,179.01628,2023-08-23 04:45:00
1692766800000,26050.02,26051.0,26028.0,26040.0,275.57624,2023-08-23 05:00:00
1692767700000,26040.0,26047.53,26021.14,26021.15,132.7006,2023-08-23 05:15:00
1692768600000,26021.15,26021.15,25991.1,26018.89,334.24304,2023-08-23 05:30:00
1692769500000,26018.88,26053.53,25996.69,26042.01,224.79075,2023-08-23 05:45:00
1692770400000,26042.0,26081.27,26042.0,26072.01,257.77395,2023-08-23 06:00:00
1692771300000,26072.02,26085.97,26051.18,26051.31,224.62122,2023-08-23 06:15:00
1692772200000,26051.31,26073.22,26038.31,26073.22,186.81084,2023-08-23 06:30:00
1692773100000,26073.22,26183.91,26044.98,26064.0,1258.76524,2023-08-23 06:45:00
1692774000000,26063.99,26073.38,26016.28,26073.38,313.29351,2023-08-23 07:00:00
1692774900000,26073.37,26132.47,26073.37,26106.61,408.37491,2023-08-23 07:15:00
1692775800000,26106.61,26106.61,26014.7,26028.0,355.30535,2023-08-23 07:30:00
1692776700000,26027.99,26062.7,26024.0,26057.13,190.77715,2023-08-23 07:45:00
1692777600000,26057.12,26092.6,26052.76,26089.94,183.15923,2023-08-23 08:00:00
1692778500000,26089.93,26096.0,26060.01,26068.0,204.5954,2023-08-23 08:15:00
1692779400000,26068.0,26068.0,26039.02,26040.61,136.37294,2023-08-23 08:30:00
1692780300000,26040.61,26048.14,26027.49,26037.99,119.84793,2023-08-23 08:45:00
1692781200000,26037.99,26045.9,26024.68,26037.04,161.23948,2023-08-23 09:00:00
1692782100000,26037.04,26042.63,26015.45,26037.55,189.8909,2023-08-23 09:15:00
1692783000000,26037.55,26049.9,26020.0,26047.38,223.37516,2023-08-23 09:30:00
1692783900000,26047.37,26057.81,26038.79,26042.01,210.60199,2023-08-23 09:45:00
1692784800000,26042.01,26042.01,25991.4,26000.29,316.90883,2023-08-23 10:00:00
1692785700000,26000.28,26007.39,25983.0,25984.06,193.19642,2023-08-23 10:15:00
1692786600000,25984.05,26011.7,25984.05,26006.46,165.80424,2023-08-23 10:30:00
1692787500000,26006.46,26018.0,25953.92,25965.99,300.8696,2023-08-23 10:45:00
1692788400000,25965.99,25966.84,25902.62,25931.34,512.99942,2023-08-23 11:00:00
1692789300000,25931.35,25949.83,25904.21,25920.0,341.66405,2023-08-23 11:15:00
1692790200000,25919.99,25952.92,25916.26,25947.99,277.11816,2023-08-23 11:30:00
1692791100000,25948.0,25950.55,25929.0,25939.49,158.09338,2023-08-23 11:45:00
1692792000000,25939.49,25962.0,25918.0,25946.01,234.52822,2023-08-23 12:00:00
1692792900000,25946.0,25956.89,25891.0,25918.0,321.64509,2023-08-23 12:15:00
1692793800000,25918.01,25921.0,25868.0,25871.3,429.3251,2023-08-23 12:30:00
1692794700000,25871.31,25883.5,25842.0,25844.01,297.93954,2023-08-23 12:45:00
1692795600000,25844.0,25859.34,25812.82,25831.24,319.91766,2023-08-23 13:00:00
1692796500000,25831.24,25872.78,25815.99,25866.01,314.52577,2023-08-23 13:15:00
1692797400000,25866.01,25890.0,25854.0,25856.0,311.75061,2023-08-23 13:30:00
1692798300000,25855.99,26038.88,25855.99,26018.22,785.70898,2023-08-23 13:45:00
1692799200000,26018.22,26092.08,25955.0,25956.54,599.03206,2023-08-23 14:00:00
1692800100000,25956.53,26029.44,25924.84,26008.01,534.78396,2023-08-23 14:15:00
1692801000000,26008.01,26076.0,25990.72,26066.97,408.99031,2023-08-23 14:30:00
1692801900000,26066.98,26136.0,26033.16,26041.99,771.16229,2023-08-23 14:45:00
1692802800000,26041.98,26124.45,26027.04,26124.44,533.72444,2023-08-23 15:00:00
1692803700000,26124.45,26185.0,26076.17,26110.0,795.55627,2023-08-23 15:15:00
1692804600000,26110.0,26182.62,26101.31,26135.42,1056.35352,2023-08-23 15:30:00
1692805500000,26135.42,26177.99,26118.44,26144.0,504.28974,2023-08-23 15:45:00
1692806400000,26143.99,26249.68,26127.24,26196.0,957.11553,2023-08-23 16:00:00
1692807300000,26196.0,26455.66,26192.36,26340.42,3434.70252,2023-08-23 16:15:00
1692808200000,26340.42,26422.0,26330.0,26393.18,837.15804,2023-08-23 16:30:00
1692809100000,26393.19,26480.97,26382.84,26396.0,917.07418,2023-08-23 16:45:00
1692810000000,26396.01,26524.34,26372.0,26505.01,929.69238,2023-08-23 17:00:00
1692810900000,26505.02,26578.77,26470.99,26494.77,1105.53027,2023-08-23 17:15:00
1692811800000,26494.76,26598.0,26494.0,26560.0,818.02455,2023-08-23 17:30:00
1692812700000,26560.0,26605.0,26504.14,26539.34,853.17918,2023-08-23 17:45:00
1692813600000,26539.35,26559.68,26502.89,26527.41,698.2048,2023-08-23 18:00:00
1692814500000,26527.41,26559.25,26476.24,26477.28,530.87669,2023-08-23 18:15:00
1692815400000,26477.29,26503.22,26443.22,26446.89,359.18894,2023-08-23 18:30:00
1692816300000,26446.89,26479.74,26433.47,26462.97,384.09674,2023-08-23 18:45:00
1692817200000,26462.96,26494.47,26445.38,26485.34,244.42313,2023-08-23 19:00:00
1692818100000,26485.35,26530.0,26472.77,26528.27,242.58398,2023-08-23 19:15:00
1692819000000,26528.26,26798.0,26502.0,26696.03,1596.34441,2023-08-23 19:30:00
1692819900000,26696.02,26819.27,26625.97,26632.0,1462.64685,2023-08-23 19:45:00
1692820800000,26632.01,26635.92,26538.71,26578.01,659.62593,2023-08-23 20:00:00
1692821700000,26578.01,26723.99,26546.45,26657.51,1044.72205,2023-08-23 20:15:00
1692822600000,26657.5,26660.0,26614.87,26630.2,326.47594,2023-08-23 20:30:00
1692823500000,26630.21,26630.21,26580.59,26593.59,247.8453,2023-08-23 20:45:00
1692824400000,26593.6,26612.62,26570.51,26610.0,189.81973,2023-08-23 21:00:00
1692825300000,26610.0,26623.01,26571.0,26571.0,213.86862,2023-08-23 21:15:00
1692826200000,26571.0,26573.48,26432.8,26494.23,483.82105,2023-08-23 21:30:00
1692827100000,26494.22,26511.52,26222.43,26320.02,1292.83355,2023-08-23 21:45:00
1692828000000,26320.01,26428.45,26300.01,26418.01,526.56873,2023-08-23 22:00:00
1692828900000,26418.0,26439.51,26390.01,26413.99,295.77831,2023-08-23 22:15:00
1692829800000,26413.98,26489.66,26409.42,26470.0,311.65503,2023-08-23 22:30:00
1692830700000,26470.01,26470.01,26436.0,26456.0,175.347,2023-08-23 22:45:00
1692831600000,26455.99,26477.12,26430.58,26459.98,195.49148,2023-08-23 23:00:00
1692832500000,26459.99,26529.99,26448.78,26489.95,472.65469,2023-08-23 23:15:00
1692833400000,26489.95,26489.95,26448.0,26454.0,200.30705,2023-08-23 23:30:00
1692834300000,26454.01,26460.0,26406.12,26432.72,298.16361,2023-08-23 23:45:00
1692835200000,26432.71,26479.99,26426.0,26470.37,431.54645,2023-08-24 00:00:00
1692836100000,26470.37,26497.99,26460.17,26490.18,152.71535,2023-08-24 00:15:00
1692837000000,26490.17,26528.93,26478.0,26513.2,263.98374,2023-08-24 00:30:00
1692837900000,26513.2,26547.89,26492.36,26513.66,351.89403,2023-08-24 00:45:00
1692838800000,26513.66,26529.98,26468.02,26471.79,178.12926,2023-08-24 01:00:00
1692839700000,26471.78,26471.79,26410.0,26430.0,335.04116,2023-08-24 01:15:00
1692840600000,26430.01,26439.78,26375.44,26375.44,306.14122,2023-08-24 01:30:00
1692841500000,26375.44,26386.96,26348.0,26348.01,563.38836,2023-08-24 01:45:00
1692842400000,26348.0,26400.56,26345.76,26387.69,179.22683,2023-08-24 02:00:00
1692843300000,26387.68,26399.81,26379.27,26397.2,169.32567,2023-08-24 02:15:00
1692844200000,26397.2,26417.54,26396.02,26399.3,126.74308,2023-08-24 02:30:00
1692845100000,26399.29,26399.3,26372.54,26374.5,327.68143,2023-08-24 02:45:00
1692846000000,26374.49,26416.0,26374.49,26416.0,110.95696,2023-08-24 03:00:00
1692846900000,26416.0,26442.83,26412.72,26427.63,252.1123,2023-08-24 03:15:00
1692847800000,26427.63,26438.04,26425.0,26429.68,171.49734,2023-08-24 03:30:00
1692848700000,26429.69,26450.84,26428.0,26442.01,165.23956,2023-08-24 03:45:00
1692849600000,26442.01,26448.82,26420.12,26437.29,113.60706,2023-08-24 04:00:00
1692850500000,26437.28,26437.29,26413.72,26413.73,107.50048,2023-08-24 04:15:00
1692851400000,26413.72,26465.0,26413.72,26465.0,249.66902,2023-08-24 04:30:00
1692852300000,26464.99,26479.24,26456.13,26456.13,157.01249,2023-08-24 04:45:00
1692853200000,26456.14,26485.98,26455.75,26455.76,257.81283,2023-08-24 05:00:00
1692854100000,26455.76,26456.0,26434.26,26450.0,164.02238,2023-08-24 05:15:00
1692855000000,26450.0,26450.0,26408.9,26421.63,254.79663,2023-08-24 05:30:00
1692855900000,26421.63,26430.38,26413.53,26421.67,104.34106,2023-08-24 05:45:00
1692856800000,26421.67,26421.67,26384.0,26406.34,235.0528,2023-08-24 06:00:00
1692857700000,26406.35,26431.84,26392.73,26430.01,179.69942,2023-08-24 06:15:00
1692858600000,26430.0,26496.34,26430.0,26475.75,310.49897,2023-08-24 06:30:00
1692859500000,26475.75,26516.0,26447.34,26447.35,470.25214,2023-08-24 06:45:00
1692860400000,26447.35,26472.0,26431.93,26459.95,169.0692,2023-08-24 07:00:00
1692861300000,26459.95,26495.8,26447.91,26490.04,285.13323,2023-08-24 07:15:00
1692862200000,26490.03,26490.35,26466.84,26476.5,233.20178,2023-08-24 07:30:00
1692863100000,26476.51,26479.78,26462.48,26477.38,303.50356,2023-08-24 07:45:00
1692864000000,26477.39,26488.08,26468.22,26468.22,139.3995,2023-08-24 08:00:00
1692864900000,26468.22,26468.23,26426.77,26437.99,246.37733,2023-08-24 08:15:00
1692865800000,26437.98,26449.95,26425.03,26449.94,194.56544,2023-08-24 08:30:00
1692866700000,26449.93,26517.0,26445.86,26494.87,222.22549,2023-08-24 08:45:00
1692867600000,26494.88,26577.87,26492.38,26547.99,725.57993,2023-08-24 09:00:00
1692868500000,26548.0,26548.0,26470.01,26479.94,320.08453,2023-08-24 09:15:00
1692869400000,26479.94,26493.74,26431.13,26433.88,196.24421,2023-08-24 09:30:00
1692870300000,26433.87,26447.25,26432.0,26440.75,214.4188,2023-08-24 09:45:00
1692871200000,26440.75,26455.62,26409.4,26435.17,296.54912,2023-08-24 10:00:00
1692872100000,26435.17,26470.26,26420.66,26462.16,170.85977,2023-08-24 10:15:00
1692873000000,26462.17,26476.48,26454.17,26461.99,111.86269,2023-08-24 10:30:00
1692873900000,26462.0,26478.0,26454.93,26475.98,137.69336,2023-08-24 10:45:00
1692874800000,26475.99,26504.85,26473.08,26503.72,159.73342,2023-08-24 11:00:00
1692875700000,26503.72,26534.54,26502.23,26513.98,253.72848,2023-08-24 11:15:00
1692876600000,26513.98,26541.64,26513.98,26526.34,247.07123,2023-08-24 11:30:00
1692877500000,26526.34,26526.34,26444.01,26444.02,304.59367,2023-08-24 11:45:00
1692878400000,26444.02,26444.02,26381.6,26394.01,458.4277,2023-08-24 12:00:00
1692879300000,26394.01,26435.09,26382.0,26430.0,182.66909,2023-08-24 12:15:00
1692880200000,26430.0,26433.78,26383.03,26408.65,231.4654,2023-08-24 12:30:00
1692881100000,26408.66,26420.0,26385.0,26390.08,244.21155,2023-08-24 12:45:00
1692882000000,26390.08,26425.01,26375.34,26394.0,220.07436,2023-08-24 13:00:00
1692882900000,26394.01,26395.62,26360.85,26372.0,269.88167,2023-08-24 13:15:00
1692883800000,26372.0,26377.09,26308.47,26311.99,593.47326,2023-08-24 13:30:00
1692884700000,26312.0,26358.53,26291.39,26356.52,415.08298,2023-08-24 13:45:00
1692885600000,26356.52,26374.0,26273.07,26304.17,561.4025,2023-08-24 14:00:00
1692886500000,26304.17,26311.32,26201.19,26201.67,681.88914,2023-08-24 14:15:00
1692887400000,26201.68,26215.66,26073.01,26076.79,1397.37996,2023-08-24 14:30:00
1692888300000,26076.79,26180.0,26073.0,26116.05,735.72251,2023-08-24 14:45:00
1692889200000,26116.06,26168.0,26060.31,26096.72,807.33942,2023-08-24 15:00:00
1692890100000,26096.72,26132.68,26048.45,26063.89,671.5436,2023-08-24 15:15:00
1692891000000,26063.89,26127.09,26040.0,26098.68,441.57577,2023-08-24 15:30:00
1692891900000,26098.68,26102.0,25990.72,25996.34,843.44694,2023-08-24 15:45:00
1692892800000,25996.35,26109.52,25994.0,26079.99,630.37946,2023-08-24 16:00:00
1692893700000,26079.99,26112.0,26056.0,26079.98,225.16534,2023-08-24 16:15:00
1692894600000,26079.98,26145.26,26050.0,26116.0,434.32437,2023-08-24 16:30:00
1692895500000,26116.0,26163.0,26103.01,26115.0,369.36438,2023-08-24 16:45:00
1692896400000,26114.99,26120.0,26080.83,26080.83,245.74158,2023-08-24 17:00:00
1692897300000,26080.83,26092.0,26044.0,26076.96,324.70029,2023-08-24 17:15:00
1692898200000,26076.96,26076.97,25864.0,25993.04,1405.07423,2023-08-24 17:30:00
1692899100000,25993.03,26071.76,25990.01,26059.99,494.80325,2023-08-24 17:45:00
1692900000000,26059.99,26074.22,26000.0,26001.83,372.92864,2023-08-24 18:00:00
1692900900000,26001.83,26039.86,25976.74,26034.77,442.80155,2023-08-24 18:15:00
1692901800000,26034.78,26045.0,25996.0,25996.01,203.28635,2023-08-24 18:30:00
1692902700000,25996.0,26032.81,25996.0,26021.25,188.39251,2023-08-24 18:45:00
1692903600000,26021.26,26073.99,26021.25,26069.43,211.87822,2023-08-24 19:00:00
1692904500000,26069.43,26135.65,26048.55,26128.01,321.05367,2023-08-24 19:15:00
1692905400000,26128.01,26137.99,26050.79,26051.34,209.37978,2023-08-24 19:30:00
1692906300000,26051.35,26051.84,26007.19,26039.44,359.11477,2023-08-24 19:45:00
1692907200000,26039.44,26106.6,26006.4,26104.67,296.28128,2023-08-24 20:00:00
1692908100000,26104.67,26104.67,26056.0,26056.0,204.80879,2023-08-24 20:15:00
1692909000000,26056.0,26067.96,26023.7,26033.05,177.40402,2023-08-24 20:30:00
1692909900000,26033.06,26044.0,25936.01,26031.99,647.73487,2023-08-24 20:45:00
1692910800000,26031.98,26074.33,26021.46,26058.06,244.45609,2023-08-24 21:00:00
1692911700000,26058.05,26079.28,26058.05,26062.5,135.51207,2023-08-24 21:15:00
1692912600000,26062.49,26092.56,26062.49,26079.77,137.63438,2023-08-24 21:30:00
1692913500000,26079.76,26095.85,26069.0,26095.0,108.51858,2023-08-24 21:45:00
1692914400000,26095.0,26106.96,26088.03,26102.78,150.48193,2023-08-24 22:00:00
1692915300000,26102.79,26119.31,26091.85,26119.02,154.70933,2023-08-24 22:15:00
1692916200000,26119.03,26132.71,26095.43,26108.0,176.59909,2023-08-24 22:30:00
1692917100000,26108.0,26119.71,26107.99,26119.71,73.54408,2023-08-24 22:45:00
1692918000000,26119.71,26119.71,26066.0,26081.93,159.34981,2023-08-24 23:00:00
1692918900000,26081.93,26114.5,26078.66,26109.66,87.88166,2023-08-24 23:15:00
1692919800000,26109.65,26148.01,26109.65,26146.45,140.46398,2023-08-24 23:30:00
1692920700000,26146.44,26207.15,26125.58,26180.05,494.0842,2023-08-24 23:45:00
1692921600000,26180.05,26187.34,26140.0,26142.94,334.01762,2023-08-25 00:00:00
1692922500000,26142.95,26154.0,26126.01,26146.65,88.16729,2023-08-25 00:15:00
1692923400000,26146.66,26146.66,26120.94,26145.16,90.8513,2023-08-25 00:30:00
1692924300000,26145.15,26159.92,26133.42,26138.63,120.96309,2023-08-25 00:45:00
1692925200000,26138.64,26152.83,26116.0,26119.93,164.2212,2023-08-25 01:00:00
1692926100000,26119.92,26124.0,26090.94,26121.79,223.3882,2023-08-25 01:15:00
1692927000000,26121.78,26133.42,26105.07,26112.01,156.28704,2023-08-25 01:30:00
1692927900000,26112.01,26148.76,26112.01,26148.76,123.57191,2023-08-25 01:45:00
1692928800000,26148.76,26159.97,26140.95,26143.65,99.31345,2023-08-25 02:00:00
1692929700000,26143.65,26177.41,26142.0,26177.4,106.7678,2023-08-25 02:15:00
1692930600000,26177.4,26178.92,26150.0,26156.0,143.18403,2023-08-25 02:30:00
1692931500000,26156.01,26156.01,26121.71,26130.96,144.60675,2023-08-25 02:45:00
1692932400000,26130.95,26141.82,26105.0,26107.28,186.94824,2023-08-25 03:00:00
1692933300000,26107.28,26127.59,26011.41,26058.01,468.29905,2023-08-25 03:15:00
1692934200000,26058.01,26103.0,26047.0,26102.99,206.95726,2023-08-25 03:30:00
1692935100000,26103.0,26106.0,26088.01,26106.0,119.52847,2023-08-25 03:45:00
1692936000000,26106.0,26111.11,26090.0,26090.4,118.45331,2023-08-25 04:00:00
1692936900000,26090.41,26090.41,26051.32,26051.32,162.26897,2023-08-25 04:15:00
1692937800000,26051.33,26062.53,26034.0,26057.35,171.54377,2023-08-25 04:30:00
1692938700000,26057.36,26060.0,26026.0,26026.08,171.02373,2023-08-25 04:45:00
1692939600000,26026.08,26034.7,26007.63,26029.66,191.71165,2023-08-25 05:00:00
1692940500000,26029.65,26057.75,26029.65,26057.74,98.42517,2023-08-25 05:15:00
1692941400000,26057.74,26060.0,26045.51,26047.87,146.213,2023-08-25 05:30:00
1692942300000,26047.87,26079.14,26047.86,26059.99,94.84487,2023-08-25 05:45:00
1692943200000,26059.99,26060.0,26039.06,26059.95,181.84344,2023-08-25 06:00:00
1692944100000,26059.94,26059.95,26022.42,26038.0,172.38933,2023-08-25 06:15:00
1692945000000,26038.0,26044.0,25995.0,25996.66,265.89418,2023-08-25 06:30:00
1692945900000,25996.65,26028.0,25990.49,26015.37,409.33531,2023-08-25 06:45:00
1692946800000,26015.38,26057.29,26012.1,26032.93,252.37601,2023-08-25 07:00:00
1692947700000,26032.92,26064.99,26032.92,26055.01,196.94422,2023-08-25 07:15:00
1692948600000,26055.01,26057.99,26003.42,26003.53,364.78908,2023-08-25 07:30:00
1692949500000,26003.52,26007.98,25974.22,25980.5,437.9109,2023-08-25 07:45:00
1692950400000,25980.5,26039.61,25980.49,26039.6,280.10763,2023-08-25 08:00:00
1692951300000,26039.6,26106.96,26039.59,26106.0,271.49958,2023-08-25 08:15:00
1692952200000,26106.0,26108.0,26087.74,26087.74,220.76627,2023-08-25 08:30:00
1692953100000,26087.75,26093.51,26074.15,26093.51,195.96549,2023-08-25 08:45:00
1692954000000,26093.5,26104.25,26084.0,26089.51,227.25412,2023-08-25 09:00:00
1692954900000,26089.5,26115.0,26089.5,26114.22,186.66532,2023-08-25 09:15:00
1692955800000,26114.21,26128.75,26092.0,26095.09,307.92091,2023-08-25 09:30:00
1692956700000,26095.08,26103.8,26078.67,26079.98,184.16587,2023-08-25 09:45:00
1692957600000,26079.99,26090.0,26074.15,26090.0,152.80527,2023-08-25 10:00:00
1692958500000,26089.99,26111.88,26089.99,26096.01,171.54016,2023-08-25 10:15:00
1692959400000,26096.01,26110.0,26096.0,26104.96,91.4727,2023-08-25 10:30:00
1692960300000,26104.96,26111.59,26088.0,26088.01,159.74965,2023-08-25 10:45:00
1692961200000,26088.0,26107.49,26086.0,26092.01,122.1081,2023-08-25 11:00:00
1692962100000,26092.0,26108.0,26084.17,26106.0,112.30843,2023-08-25 11:15:00
1692963000000,26106.01,26110.7,26098.25,26100.37,108.37642,2023-08-25 11:30:00
1692963900000,26100.36,26102.0,26083.22,26096.4,132.0773,2023-08-25 11:45:00
1692964800000,26096.41,26137.97,26096.4,26127.99,201.87087,2023-08-25 12:00:00
1692965700000,26127.99,26145.0,26110.95,26110.96,187.26357,2023-08-25 12:15:00
1692966600000,26110.96,26119.85,26104.01,26106.0,103.48583,2023-08-25 12:30:00
1692967500000,26106.0,26108.7,26104.85,26108.69,67.50399,2023-08-25 12:45:00
1692968400000,26108.7,26198.11,26108.69,26170.0,529.15472,2023-08-25 13:00:00
1692969300000,26170.0,26189.58,26138.66,26170.68,265.04443,2023-08-25 13:15:00
1692970200000,26170.69,26237.92,26154.0,26154.01,655.12373,2023-08-25 13:30:00
1692971100000,26154.0,26169.99,26060.01,26068.33,458.56963,2023-08-25 13:45:00
1692972000000,26068.33,26137.36,26013.58,26108.01,1088.65874,2023-08-25 14:00:00
1692972900000,26108.01,26314.05,26042.65,26070.91,2106.54048,2023-08-25 14:15:00
1692973800000,26070.9,26084.99,25904.05,25921.61,1008.18491,2023-08-25 14:30:00
1692974700000,25921.61,25956.0,25777.15,25833.58,1729.87479,2023-08-25 14:45:00
1692975600000,25833.59,26056.33,25812.0,25975.99,1168.59867,2023-08-25 15:00:00
1692976500000,25976.0,26025.13,25904.0,26002.43,775.93679,2023-08-25 15:15:00
1692977400000,26002.43,26018.31,25940.71,25969.99,514.34037,2023-08-25 15:30:00
1692978300000,25970.0,25970.0,25894.69,25932.01,519.86481,2023-08-25 15:45:00
1692979200000,25932.01,25966.93,25920.22,25960.88,379.25832,2023-08-25 16:00:00
1692980100000,25960.88,26030.0,25954.24,26030.0,315.97127,2023-08-25 16:15:00
1692981000000,26030.0,26030.9,25920.4,25927.43,393.39234,2023-08-25 16:30:00
1692981900000,25927.43,25955.0,25902.15,25935.33,274.17601,2023-08-25 16:45:00
1692982800000,25935.34,25983.65,25930.7,25983.65,350.33049,2023-08-25 17:00:00
1692983700000,25983.64,25983.65,25903.47,25918.0,398.35082,2023-08-25 17:15:00
1692984600000,25918.0,25918.0,25846.18,25875.99,372.97299,2023-08-25 17:30:00
1692985500000,25875.99,25919.33,25832.25,25890.0,415.47814,2023-08-25 17:45:00
1692986400000,25889.99,25919.12,25872.24,25918.56,272.64472,2023-08-25 18:00:00
1692987300000,25918.57,25976.0,25916.0,25974.05,289.72509,2023-08-25 18:15:00
1692988200000,25974.06,26006.0,25965.0,25997.98,263.02955,2023-08-25 18:30:00
1692989100000,25997.98,26066.62,25995.0,26052.01,346.41709,2023-08-25 18:45:00
1692990000000,26052.01,26061.6,26017.02,26030.57,231.46395,2023-08-25 19:00:00
1692990900000,26030.56,26047.67,26018.65,26025.0,131.32392,2023-08-25 19:15:00
1692991800000,26025.01,26029.98,25956.16,25978.58,251.92948,2023-08-25 19:30:00
1692992700000,25978.59,25995.23,25950.0,25972.36,237.00784,2023-08-25 19:45:00
1692993600000,25972.37,26025.0,25957.4,26008.01,187.23341,2023-08-25 20:00:00
1692994500000,26008.01,26031.99,25999.1,26015.0,142.2571,2023-08-25 20:15:00
1692995400000,26014.99,26034.55,25996.87,26028.0,160.16818,2023-08-25 20:30:00
1692996300000,26027.99,26082.0,26022.0,26060.84,272.94194,2023-08-25 20:45:00
1692997200000,26060.84,26060.85,26032.0,26053.4,229.27915,2023-08-25 21:00:00
1692998100000,26053.4,26065.21,26032.52,26032.52,131.20259,2023-08-25 21:15:00
1692999000000,26032.53,26070.95,26030.0,26040.68,182.18765,2023-08-25 21:30:00
1692999900000,26040.68,26083.74,26037.64,26081.86,91.26142,2023-08-25 21:45:00
1693000800000,26081.87,26085.2,26065.0,26069.99,154.95824,2023-08-25 22:00:00
1693001700000,26069.99,26070.0,26045.69,26045.69,132.84404,2023-08-25 22:15:00
1693002600000,26045.7,26070.0,26043.15,26051.21,137.87491,2023-08-25 22:30:00
1693003500000,26051.22,26053.99,26038.01,26053.98,105.36768,2023-08-25 22:45:00
1693004400000,26053.98,26054.57,26040.52,26052.15,102.40968,2023-08-25 23:00:00
1693005300000,26052.16,26052.16,26034.81,26035.98,68.7739,2023-08-25 23:15:00
1693006200000,26035.99,26052.72,26035.98,26052.72,117.63268,2023-08-25 23:30:00
1693007100000,26052.72,26063.47,26043.4,26060.01,95.63394,2023-08-25 23:45:00
1693008000000,26060.0,26070.44,26048.77,26057.99,85.68022,2023-08-26 00:00:00
1693008900000,26057.99,26085.0,26050.12,26084.99,97.18402,2023-08-26 00:15:00
1693009800000,26084.99,26097.1,26039.23,26049.14,89.41539,2023-08-26 00:30:00
1693010700000,26049.13,26052.0,26027.2,26040.27,73.71459,2023-08-26 00:45:00
1693011600000,26040.26,26063.95,26034.09,26063.95,71.96195,2023-08-26 01:00:00
1693012500000,26063.94,26077.1,26054.0,26065.47,91.00599,2023-08-26 01:15:00
1693013400000,26065.46,26065.47,26043.51,26048.0,48.51561,2023-08-26 01:30:00
1693014300000,26047.99,26053.65,26046.0,26046.0,54.94865,2023-08-26 01:45:00
1693015200000,26046.01,26074.77,26046.0,26074.76,78.40004,2023-08-26 02:00:00
1693016100000,26074.76,26125.77,26058.57,26058.57,172.50563,2023-08-26 02:15:00
1693017000000,26058.58,26078.49,26054.88,26054.89,152.70652,2023-08-26 02:30:00
1693017900000,26054.88,26079.6,26054.88,26076.01,119.9853,2023-08-26 02:45:00
1693018800000,26076.01,26091.56,26064.24,26091.56,112.37813,2023-08-26 03:00:00
1693019700000,26091.56,26094.24,26070.0,26094.23,66.60488,2023-08-26 03:15:00
1693020600000,26094.24,26100.0,26065.55,26082.49,108.89905,2023-08-26 03:30:00
1693021500000,26082.49,26097.73,26080.48,26087.15,160.414,2023-08-26 03:45:00
1693022400000,26087.16,26088.0,26065.56,26070.05,216.29899,2023-08-26 04:00:00
1693023300000,26070.04,26075.13,26064.43,26071.18,120.83585,2023-08-26 04:15:00
1693024200000,26071.19,26071.46,26068.0,26070.78,98.35556,2023-08-26 04:30:00
1693025100000,26070.77,26076.0,26065.67,26076.0,35.97927,2023-08-26 04:45:00
1693026000000,26076.0,26076.67,26062.97,26063.99,71.84819,2023-08-26 05:00:00
1693026900000,26063.99,26068.0,26058.0,26059.99,88.26948,2023-08-26 05:15:00
1693027800000,26059.99,26060.0,26052.78,26052.79,52.17073,2023-08-26 05:30:00
1693028700000,26052.79,26062.01,26052.78,26062.0,52.17868,2023-08-26 05:45:00
1693029600000,26062.01,26063.41,26050.63,26050.69,238.69671,2023-08-26 06:00:00
1693030500000,26050.69,26060.36,26050.68,26059.0,80.15691,2023-08-26 06:15:00
1693031400000,26059.01,26070.0,26057.5,26062.22,167.40552,2023-08-26 06:30:00
1693032300000,26062.21,26079.88,26062.21,26079.88,140.48825,2023-08-26 06:45:00
1693033200000,26079.88,26083.89,26075.9,26080.53,171.59689,2023-08-26 07:00:00
1693034100000,26080.53,26080.54,26066.34,26067.04,171.72137,2023-08-26 07:15:00
1693035000000,26067.03,26068.0,26053.15,26055.99,205.96249,2023-08-26 07:30:00
1693035900000,26056.0,26065.1,26048.0,26050.81,276.95972,2023-08-26 07:45:00
1693036800000,26050.82,26060.0,26044.02,26059.98,109.26023,2023-08-26 08:00:00
1693037700000,26059.98,26059.99,26053.68,26057.04,57.56267,2023-08-26 08:15:00
1693038600000,26057.04,26057.05,26001.83,26028.75,313.21617,2023-08-26 08:30:00
1693039500000,26028.75,26041.9,26020.0,26041.9,97.60427,2023-08-26 08:45:00
1693040400000,26041.9,26043.24,26022.58,26023.98,66.84986,2023-08-26 09:00:00
1693041300000,26023.98,26023.99,26013.64,26013.65,92.94306,2023-08-26 09:15:00
1693042200000,26013.65,26013.65,26007.03,26011.67,65.43722,2023-08-26 09:30:00
1693043100000,26011.67,26024.0,26011.67,26015.41,81.67746,2023-08-26 09:45:00
1693044000000,26015.41,26022.98,26013.44,26022.98,101.14164,2023-08-26 10:00:00
1693044900000,26022.98,26031.77,26022.97,26031.76,59.7838,2023-08-26 10:15:00
1693045800000,26031.77,26034.0,26029.03,26029.03,77.87722,2023-08-26 10:30:00
1693046700000,26029.03,26035.15,26028.71,26035.15,36.12769,2023-08-26 10:45:00
1693047600000,26035.15,26040.13,26035.14,26040.12,46.38607,2023-08-26 11:00:00
1693048500000,26040.12,26049.0,26040.11,26042.99,106.13633,2023-08-26 11:15:00
1693049400000,26042.98,26054.8,26042.98,26047.52,144.90779,2023-08-26 11:30:00
1693050300000,26047.52,26047.53,26043.93,26045.87,88.50225,2023-08-26 11:45:00
1693051200000,26045.86,26046.88,26045.86,26046.75,61.24922,2023-08-26 12:00:00
1693052100000,26046.75,26046.75,26008.78,26011.32,199.72183,2023-08-26 12:15:00
1693053000000,26011.32,26011.33,25985.92,26001.8,148.62094,2023-08-26 12:30:00
1693053900000,26001.8,26029.37,26001.67,26029.37,92.13681,2023-08-26 12:45:00
1693054800000,26029.36,26034.74,26029.36,26029.36,53.05168,2023-08-26 13:00:00
1693055700000,26029.37,26030.38,26029.36,26030.37,31.15214,2023-08-26 13:15:00
1693056600000,26030.38,26043.32,26030.37,26039.84,103.59214,2023-08-26 13:30:00
1693057500000,26039.84,26044.2,26039.84,26044.19,84.18275,2023-08-26 13:45:00
1693058400000,26044.19,26050.0,26042.32,26042.32,109.22122,2023-08-26 14:00:00
1693059300000,26042.33,26042.33,26030.75,26030.75,72.36609,2023-08-26 14:15:00
1693060200000,26030.75,26065.98,26030.75,26057.12,133.03979,2023-08-26 14:30:00
1693061100000,26057.12,26073.01,26050.9,26068.01,103.23513,2023-08-26 14:45:00
1693062000000,26068.01,26078.0,26062.0,26062.01,122.72796,2023-08-26 15:00:00
1693062900000,26062.01,26070.0,26051.17,26051.4,89.46553,2023-08-26 15:15:00
1693063800000,26051.4,26065.09,26051.39,26051.6,185.8935,2023-08-26 15:30:00
1693064700000,26051.61,26056.0,26050.01,26054.0,100.20072,2023-08-26 15:45:00
1693065600000,26054.0,26060.0,26051.27,26051.28,116.16688,2023-08-26 16:00:00
1693066500000,26051.28,26051.28,26035.5,26044.06,124.43143,2023-08-26 16:15:00
1693067400000,26044.05,26044.06,26013.59,26024.5,247.43402,2023-08-26 16:30:00
1693068300000,26024.5,26044.57,26018.36,26041.93,136.21373,2023-08-26 16:45:00
1693069200000,26041.92,26041.93,26019.17,26020.28,153.59791,2023-08-26 17:00:00
1693070100000,26020.29,26022.0,26004.77,26009.81,138.81743,2023-08-26 17:15:00
1693071000000,26009.82,26022.0,26009.81,26018.1,94.12537,2023-08-26 17:30:00
1693071900000,26018.11,26035.36,26010.3,26035.04,94.92723,2023-08-26 17:45:00
1693072800000,26035.05,26035.05,26016.0,26016.01,73.82405,2023-08-26 18:00:00
1693073700000,26016.0,26017.98,26013.96,26017.77,55.52579,2023-08-26 18:15:00
1693074600000,26017.76,26017.77,26006.0,26006.0,69.45064,2023-08-26 18:30:00
1693075500000,26006.0,26020.0,26006.0,26019.99,56.89687,2023-08-26 18:45:00
1693076400000,26020.0,26027.99,26019.99,26027.98,77.90769,2023-08-26 19:00:00
1693077300000,26027.99,26027.99,26019.25,26019.26,73.84716,2023-08-26 19:15:00
1693078200000,26019.26,26039.49,26019.25,26039.49,71.66905,2023-08-26 19:30:00
1693079100000,26039.48,26039.49,26034.21,26034.21,40.60139,2023-08-26 19:45:00
1693080000000,26034.22,26034.22,26028.81,26028.82,60.64592,2023-08-26 20:00:00
1693080900000,26028.81,26043.99,26028.81,26042.32,85.49972,2023-08-26 20:15:00
1693081800000,26042.31,26042.32,26026.0,26026.0,51.94543,2023-08-26 20:30:00
1693082700000,26026.0,26033.43,26026.0,26032.37,54.90974,2023-08-26 20:45:00
1693083600000,26032.38,26040.45,26017.73,26039.43,92.34799,2023-08-26 21:00:00
1693084500000,26039.43,26047.62,26039.43,26047.62,69.28416,2023-08-26 21:15:00
1693085400000,26047.61,26047.62,26037.72,26038.99,117.17816,2023-08-26 21:30:00
1693086300000,26039.0,26045.21,26038.99,26042.02,51.84677,2023-08-26 21:45:00
1693087200000,26042.02,26047.16,26040.0,26047.0,98.64349,2023-08-26 22:00:00
1693088100000,26046.99,26047.0,26033.55,26033.55,52.72753,2023-08-26 22:15:00
1693089000000,26033.56,26044.01,26033.55,26039.12,67.51773,2023-08-26 22:30:00
1693089900000,26039.12,26039.12,26030.2,26030.2,50.59149,2023-08-26 22:45:00
1693090800000,26030.2,26031.15,25988.2,26004.87,204.72484,2023-08-26 23:00:00
1693091700000,26004.86,26018.69,25996.95,26018.23,132.26536,2023-08-26 23:15:00
1693092600000,26018.23,26022.55,26009.34,26009.34,69.75361,2023-08-26 23:30:00
1693093500000,26009.35,26029.5,26009.16,26017.37,128.38888,2023-08-26 23:45:00
1693094400000,26017.38,26017.38,26007.37,26012.73,102.2255,2023-08-27 00:00:00
1693095300000,26012.73,26027.23,26012.73,26027.23,42.66049,2023-08-27 00:15:00
1693096200000,26027.23,26030.55,26012.52,26012.53,70.7003,2023-08-27 00:30:00
1693097100000,26012.53,26012.53,26000.0,26000.01,63.07772,2023-08-27 00:45:00
1693098000000,26000.0,26011.72,25983.05,26010.04,125.81224,2023-08-27 01:00:00
1693098900000,26010.03,26010.04,25992.53,26001.29,138.33435,2023-08-27 01:15:00
1693099800000,26001.29,26001.29,25966.11,25976.14,267.16929,2023-08-27 01:30:00
1693100700000,25976.14,25997.99,25976.14,25997.74,258.7495,2023-08-27 01:45:00
1693101600000,25997.74,26020.07,25994.96,26010.66,213.67451,2023-08-27 02:00:00
1693102500000,26010.66,26017.44,26005.09,26005.09,101.07231,2023-08-27 02:15:00
1693103400000,26005.09,26007.89,26000.0,26006.54,66.81519,2023-08-27 02:30:00
1693104300000,26006.53,26008.11,26000.05,26000.06,53.71843,2023-08-27 02:45:00
1693105200000,26000.05,26012.04,26000.05,26012.03,141.92053,2023-08-27 03:00:00
1693106100000,26012.03,26018.53,26012.03,26016.83,77.61179,2023-08-27 03:15:00
1693107000000,26016.84,26018.88,26016.77,26018.87,86.63862,2023-08-27 03:30:00
1693107900000,26018.88,26022.88,26018.87,26021.96,146.97026,2023-08-27 03:45:00
1693108800000,26021.96,26026.41,26021.96,26024.46,50.28772,2023-08-27 04:00:00
1693109700000,26024.45,26030.43,26024.45,26030.43,37.9692,2023-08-27 04:15:00
1693110600000,26030.42,26036.39,26026.76,26027.35,73.67384,2023-08-27 04:30:00
1693111500000,26027.36,26038.27,26027.35,26037.81,61.96604,2023-08-27 04:45:00
1693112400000,26037.82,26044.98,26037.81,26040.13,90.64637,2023-08-27 05:00:00
1693113300000,26040.13,26044.7,26035.18,26035.18,83.30614,2023-08-27 05:15:00
1693114200000,26035.19,26035.19,26030.72,26031.61,67.55624,2023-08-27 05:30:00
1693115100000,26031.61,26033.53,26029.88,26033.52,93.89489,2023-08-27 05:45:00
1693116000000,26033.52,26034.93,26033.52,26034.93,46.98224,2023-08-27 06:00:00
1693116900000,26034.93,26050.0,26034.24,26039.98,202.34935,2023-08-27 06:15:00
1693117800000,26039.98,26039.99,26024.46,26027.89,79.8102,2023-08-27 06:30:00
1693118700000,26027.89,26045.98,26027.89,26045.97,127.87861,2023-08-27 06:45:00
1693119600000,26045.98,26050.76,26045.97,26049.77,80.77527,2023-08-27 07:00:00
1693120500000,26049.76,26049.77,26046.74,26048.01,79.54792,2023-08-27 07:15:00
1693121400000,26048.02,26055.54,26046.01,26046.56,251.53756,2023-08-27 07:30:00
1693122300000,26046.57,26047.24,26043.61,26043.61,107.8759,2023-08-27 07:45:00
1693123200000,26043.61,26053.81,26043.61,26053.81,113.2802,2023-08-27 08:00:00
1693124100000,26053.8,26053.81,26033.78,26050.02,174.19858,2023-08-27 08:15:00
1693125000000,26050.03,26066.28,26048.26,26058.32,167.51737,2023-08-27 08:30:00
1693125900000,26058.32,26068.33,26055.23,26063.09,220.7855,2023-08-27 08:45:00
1693126800000,26063.1,26067.02,26053.52,26058.36,169.55411,2023-08-27 09:00:00
1693127700000,26058.37,26069.96,26050.73,26060.43,176.6651,2023-08-27 09:15:00
1693128600000,26060.43,26062.13,26055.0,26059.5,111.26224,2023-08-27 09:30:00
1693129500000,26059.49,26078.13,26053.14,26078.13,187.01194,2023-08-27 09:45:00
1693130400000,26078.12,26086.67,26076.83,26077.25,214.5103,2023-08-27 10:00:00
1693131300000,26077.26,26087.27,26077.25,26087.26,156.66987,2023-08-27 10:15:00
1693132200000,26087.27,26095.6,26084.96,26094.03,195.90772,2023-08-27 10:30:00
1693133100000,26094.02,26094.03,26082.77,26082.77,132.9196,2023-08-27 10:45:00
1693134000000,26082.78,26082.78,26062.37,26062.38,124.28723,2023-08-27 11:00:00
1693134900000,26062.37,26074.36,26060.99,26070.86,74.88065,2023-08-27 11:15:00
1693135800000,26070.87,26070.87,26057.25,26064.39,93.86763,2023-08-27 11:30:00
1693136700000,26064.38,26064.39,26060.43,26060.44,52.63408,2023-08-27 11:45:00
1693137600000,26060.44,26060.44,26052.8,26060.02,74.14511,2023-08-27 12:00:00
1693138500000,26060.02,26065.8,26058.6,26058.6,105.59202,2023-08-27 12:15:00
1693139400000,26058.61,26059.83,26058.6,26059.82,43.17869,2023-08-27 12:30:00
1693140300000,26059.83,26071.91,26059.82,26071.66,69.27539,2023-08-27 12:45:00
1693141200000,26071.67,26078.15,26071.66,26076.08,99.75717,2023-08-27 13:00:00
1693142100000,26076.09,26084.9,26076.08,26084.9,57.79713,2023-08-27 13:15:00
1693143000000,26084.89,26090.26,26069.96,26070.0,82.38663,2023-08-27 13:30:00
1693143900000,26070.0,26079.99,26066.56,26079.99,61.30807,2023-08-27 13:45:00
1693144800000,26079.99,26142.43,26079.98,26132.36,336.69977,2023-08-27 14:00:00
1693145700000,26132.36,26172.2,26111.18,26140.91,354.06484,2023-08-27 14:15:00
1693146600000,26140.91,26182.23,26140.9,26159.69,291.50131,2023-08-27 14:30:00
1693147500000,26159.7,26161.4,26132.7,26145.28,237.17629,2023-08-27 14:45:00
1693148400000,26145.27,26167.52,26133.74,26133.74,191.50004,2023-08-27 15:00:00
1693149300000,26133.75,26160.0,26133.74,26158.96,174.92984,2023-08-27 15:15:00
1693150200000,26158.95,26164.06,26144.44,26149.29,233.52203,2023-08-27 15:30:00
1693151100000,26149.29,26149.49,26115.77,26122.15,164.64339,2023-08-27 15:45:00
1693152000000,26122.14,26140.01,26122.14,26137.0,255.38233,2023-08-27 16:00:00
1693152900000,26137.0,26157.16,26125.18,26157.16,194.34339,2023-08-27 16:15:00
1693153800000,26157.16,26159.46,26139.51,26144.31,178.99086,2023-08-27 16:30:00
1693154700000,26144.31,26166.09,26144.31,26166.08,154.10831,2023-08-27 16:45:00
1693155600000,26166.08,26179.0,26162.42,26166.35,133.87444,2023-08-27 17:00:00
1693156500000,26166.35,26166.61,26136.88,26137.0,178.9692,2023-08-27 17:15:00
1693157400000,26137.01,26139.91,26124.0,26124.0,107.4858,2023-08-27 17:30:00
1693158300000,26124.01,26124.01,26044.3,26065.08,273.3472,2023-08-27 17:45:00
1693159200000,26065.08,26086.32,26037.27,26076.05,199.07998,2023-08-27 18:00:00
1693160100000,26076.06,26094.49,26065.97,26082.77,116.17718,2023-08-27 18:15:00
1693161000000,26082.76,26089.0,26073.0,26083.9,67.28426,2023-08-27 18:30:00
1693161900000,26083.91,26111.95,26083.9,26104.12,153.54672,2023-08-27 18:45:00
1693162800000,26104.13,26164.29,26096.3,26137.31,257.50703,2023-08-27 19:00:00
1693163700000,26137.31,26140.9,26125.22,26129.31,64.02873,2023-08-27 19:15:00
1693164600000,26129.32,26154.08,26123.55,26142.43,114.72299,2023-08-27 19:30:00
1693165500000,26142.43,26142.43,26103.81,26125.49,81.21862,2023-08-27 19:45:00
1693166400000,26125.48,26128.1,26100.35,26109.94,76.51356,2023-08-27 20:00:00
1693167300000,26109.93,26117.51,26094.09,26099.82,61.53209,2023-08-27 20:15:00
1693168200000,26099.81,26107.64,26085.15,26092.82,60.55696,2023-08-27 20:30:00
1693169100000,26092.82,26099.25,26082.72,26091.49,67.2119,2023-08-27 20:45:00
1693170000000,26091.5,26094.09,26088.41,26092.21,46.68786,2023-08-27 21:00:00
1693170900000,26092.22,26121.86,26092.21,26117.69,103.80697,2023-08-27 21:15:00
1693171800000,26117.68,26133.71,26108.07,26108.08,52.32849,2023-08-27 21:30:00
1693172700000,26108.07,26108.08,26040.17,26067.86,123.31049,2023-08-27 21:45:00
1693173600000,26067.87,26067.87,26045.35,26053.55,95.66401,2023-08-27 22:00:00
1693174500000,26053.55,26075.89,26053.55,26065.01,74.55576,2023-08-27 22:15:00
1693175400000,26065.02,26074.14,26051.12,26073.81,80.90507,2023-08-27 22:30:00
1693176300000,26073.81,26090.28,26073.81,26089.29,64.68755,2023-08-27 22:45:00
1693177200000,26089.29,26109.0,26089.29,26105.24,63.73699,2023-08-27 23:00:00
1693178100000,26105.25,26105.25,26083.86,26090.38,67.95602,2023-08-27 23:15:00
1693179000000,26090.38,26095.45,26085.0,26095.44,39.43414,2023-08-27 23:30:00
1693179900000,26095.45,26102.18,26095.44,26101.77,54.0489,2023-08-27 23:45:00
1693180800000,26101.78,26101.78,26065.01,26094.3,210.69181,2023-08-28 00:00:00
1693181700000,26094.3,26105.0,26045.0,26049.96,206.34907,2023-08-28 00:15:00
1693182600000,26049.96,26049.97,26033.0,26038.07,146.93967,2023-08-28 00:30:00
1693183500000,26038.07,26049.83,25986.41,26023.51,663.46655,2023-08-28 00:45:00
1693184400000,26023.51,26032.44,25993.58,26015.83,198.41088,2023-08-28 01:00:00
1693185300000,26015.84,26052.58,26015.62,26051.07,139.699,2023-08-28 01:15:00
1693186200000,26051.07,26063.39,26017.58,26054.24,317.10667,2023-08-28 01:30:00
1693187100000,26054.24,26058.97,26010.05,26028.01,202.30249,2023-08-28 01:45:00
1693188000000,26028.02,26052.82,26022.13,26030.4,129.46502,2023-08-28 02:00:00
1693188900000,26030.4,26053.76,26020.5,26050.68,103.40081,2023-08-28 02:15:00
1693189800000,26050.68,26056.93,26045.87,26056.72,62.72298,2023-08-28 02:30:00
1693190700000,26056.72,26056.73,26019.53,26030.5,186.37436,2023-08-28 02:45:00
1693191600000,26030.49,26050.75,26019.04,26020.65,243.59138,2023-08-28 03:00:00
1693192500000,26020.65,26033.14,26020.65,26027.6,87.77455,2023-08-28 03:15:00
1693193400000,26027.61,26044.62,26015.59,26028.83,245.00236,2023-08-28 03:30:00
1693194300000,26028.83,26030.2,26012.98,26012.98,165.9306,2023-08-28 03:45:00
1693195200000,26012.98,26026.61,26009.37,26026.61,142.07416,2023-08-28 04:00:00
1693196100000,26026.61,26033.9,26026.6,26031.59,104.64972,2023-08-28 04:15:00
1693197000000,26031.58,26038.83,26016.67,26016.68,136.05581,2023-08-28 04:30:00
1693197900000,26016.67,26030.0,26016.67,26026.61,131.96701,2023-08-28 04:45:00
1693198800000,26026.62,26026.62,26012.65,26025.39,125.4827,2023-08-28 05:00:00
1693199700000,26025.39,26031.72,25995.54,26000.01,118.67419,2023-08-28 05:15:00
1693200600000,26000.01,26000.01,25872.05,25950.0,1333.12997,2023-08-28 05:30:00
1693201500000,25950.01,25975.46,25937.33,25963.02,313.4854,2023-08-28 05:45:00
1693202400000,25963.01,25987.67,25953.89,25982.34,171.98867,2023-08-28 06:00:00
1693203300000,25982.33,25982.34,25933.77,25945.81,186.96716,2023-08-28 06:15:00
1693204200000,25945.82,25956.51,25926.37,25936.92,141.94259,2023-08-28 06:30:00
1693205100000,25936.92,25957.43,25932.52,25946.26,117.56144,2023-08-28 06:45:00
1693206000000,25946.26,25949.72,25932.17,25932.17,130.21985,2023-08-28 07:00:00
1693206900000,25932.18,25938.42,25914.03,25915.97,178.8993,2023-08-28 07:15:00
1693207800000,25915.97,25923.12,25891.23,25898.03,228.15768,2023-08-28 07:30:00
1693208700000,25898.03,25934.13,25887.91,25934.12,204.10391,2023-08-28 07:45:00
1693209600000,25934.13,25954.62,25928.3,25928.3,142.32036,2023-08-28 08:00:00
1693210500000,25928.3,25956.51,25922.27,25934.35,135.16635,2023-08-28 08:15:00
1693211400000,25934.36,25986.04,25925.84,25972.87,387.24665,2023-08-28 08:30:00
1693212300000,25972.87,25987.19,25964.88,25969.72,227.70251,2023-08-28 08:45:00
1693213200000,25969.71,25969.72,25932.15,25933.1,179.69748,2023-08-28 09:00:00
1693214100000,25933.1,25965.83,25864.5,25965.82,795.89138,2023-08-28 09:15:00
1693215000000,25965.83,25970.89,25916.5,25919.27,135.49641,2023-08-28 09:30:00
1693215900000,25919.28,25931.55,25908.58,25931.54,139.14573,2023-08-28 09:45:00
1693216800000,25931.55,25938.37,25912.75,25915.73,154.25894,2023-08-28 10:00:00
1693217700000,25915.73,25934.13,25914.94,25934.13,82.26076,2023-08-28 10:15:00
1693218600000,25934.13,25953.08,25934.12,25940.52,86.01909,2023-08-28 10:30:00
1693219500000,25940.53,25968.69,25940.52,25953.45,112.25764,2023-08-28 10:45:00
1693220400000,25953.45,25965.39,25953.45,25963.68,97.73765,2023-08-28 11:00:00
1693221300000,25963.67,25966.41,25950.12,25952.78,114.55671,2023-08-28 11:15:00
1693222200000,25952.79,25969.72,25945.84,25969.16,65.5755,2023-08-28 11:30:00
1693223100000,25969.17,26004.0,25966.99,26000.99,220.32792,2023-08-28 11:45:00
1693224000000,26000.99,26109.71,25991.44,26087.08,580.89396,2023-08-28 12:00:00
1693224900000,26087.07,26253.99,26070.0,26167.42,1259.66025,2023-08-28 12:15:00
1693225800000,26167.43,26217.65,26091.97,26108.7,1062.90776,2023-08-28 12:30:00
1693226700000,26108.71,26137.49,26076.93,26136.55,432.25175,2023-08-28 12:45:00
1693227600000,26136.54,26153.34,26092.5,26106.14,263.29879,2023-08-28 13:00:00
1693228500000,26106.13,26123.18,26092.05,26121.48,188.00072,2023-08-28 13:15:00
1693229400000,26121.49,26163.62,26109.04,26137.73,229.49879,2023-08-28 13:30:00
1693230300000,26137.73,26143.52,26090.0,26101.31,340.42898,2023-08-28 13:45:00
1693231200000,26101.3,26123.0,26080.6,26113.25,228.80432,2023-08-28 14:00:00
1693232100000,26113.25,26139.25,26099.0,26123.6,131.18343,2023-08-28 14:15:00
1693233000000,26123.6,26159.04,26111.98,26118.94,232.31574,2023-08-28 14:30:00
1693233900000,26118.95,26149.53,26110.0,26139.61,192.94515,2023-08-28 14:45:00
1693234800000,26139.62,26152.86,26122.61,26132.01,150.25596,2023-08-28 15:00:00
1693235700000,26132.02,26160.0,26118.73,26144.0,212.38615,2023-08-28 15:15:00
1693236600000,26144.0,26190.0,26125.13,26131.32,397.33716,2023-08-28 15:30:00
1693237500000,26131.32,26139.02,26044.11,26104.17,384.86078,2023-08-28 15:45:00
1693238400000,26104.16,26124.65,26095.88,26122.57,197.44933,2023-08-28 16:00:00
1693239300000,26122.58,26147.48,26121.61,26140.0,169.35154,2023-08-28 16:15:00
1693240200000,26140.0,26154.53,26123.08,26153.07,187.57175,2023-08-28 16:30:00
1693241100000,26153.07,26160.0,26136.92,26146.92,136.76029,2023-08-28 16:45:00
1693242000000,26146.91,26191.79,26146.91,26184.89,318.08445,2023-08-28 17:00:00
1693242900000,26184.9,26188.64,26144.48,26160.0,149.1259,2023-08-28 17:15:00
1693243800000,26159.99,26176.86,26156.81,26162.9,115.74705,2023-08-28 17:30:00
1693244700000,26162.89,26175.6,26135.75,26141.79,125.88032,2023-08-28 17:45:00
1693245600000,26141.79,26148.74,26100.0,26127.58,212.79395,2023-08-28 18:00:00
1693246500000,26127.58,26145.78,26112.2,26133.7,139.34733,2023-08-28 18:15:00
1693247400000,26133.69,26133.7,26110.01,26111.12,113.30217,2023-08-28 18:30:00
1693248300000,26111.12,26148.91,26105.12,26148.91,92.50914,2023-08-28 18:45:00
1693249200000,26148.91,26155.0,26125.82,26125.83,113.38353,2023-08-28 19:00:00
1693250100000,26125.83,26125.95,25918.0,25975.27,1000.26149,2023-08-28 19:15:00
1693251000000,25975.27,26011.94,25967.21,25981.21,311.18532,2023-08-28 19:30:00
1693251900000,25981.21,26026.98,25970.0,25996.26,294.22211,2023-08-28 19:45:00
1693252800000,25996.27,26013.14,25972.95,25985.87,153.15088,2023-08-28 20:00:00
1693253700000,25985.87,26023.74,25985.87,26010.47,94.48768,2023-08-28 20:15:00
1693254600000,26010.47,26021.6,26007.42,26012.01,74.65687,2023-08-28 20:30:00
1693255500000,26012.01,26012.01,25990.0,25993.03,164.52047,2023-08-28 20:45:00
1693256400000,25993.04,26000.83,25970.35,25994.44,135.73453,2023-08-28 21:00:00
1693257300000,25994.44,26010.68,25994.44,26008.28,110.09772,2023-08-28 21:15:00
1693258200000,26008.27,26008.28,25988.25,25989.09,148.35067,2023-08-28 21:30:00
1693259100000,25989.09,25990.0,25946.18,25982.67,167.75235,2023-08-28 21:45:00
1693260000000,25982.68,25998.76,25981.73,25998.75,109.7363,2023-08-28 22:00:00
1693260900000,25998.75,26047.38,25998.75,26025.79,226.31021,2023-08-28 22:15:00
1693261800000,26025.79,26055.0,26015.0,26054.99,172.75782,2023-08-28 22:30:00
1693262700000,26054.99,26067.53,26040.55,26061.41,95.67932,2023-08-28 22:45:00
1693263600000,26061.41,26080.22,26048.77,26074.4,187.05222,2023-08-28 23:00:00
1693264500000,26074.41,26178.83,26074.4,26132.46,470.21982,2023-08-28 23:15:00
1693265400000,26132.46,26140.63,26104.33,26118.21,169.30577,2023-08-28 23:30:00
1693266300000,26118.22,26127.88,26111.95,26120.0,98.55972,2023-08-28 23:45:00
1693267200000,26120.0,26135.2,26110.02,26122.87,129.2069,2023-08-29 00:00:00
1693268100000,26122.88,26132.38,26092.91,26092.91,115.61893,2023-08-29 00:15:00
1693269000000,26092.92,26121.82,26084.07,26121.82,155.61425,2023-08-29 00:30:00
1693269900000,26121.82,26165.99,26121.81,26140.44,217.36743,2023-08-29 00:45:00
1693270800000,26140.44,26149.73,26105.78,26116.64,121.00872,2023-08-29 01:00:00
1693271700000,26116.65,26206.24,26116.64,26127.64,474.85079,2023-08-29 01:15:00
1693272600000,26127.64,26153.48,26127.0,26134.31,230.54611,2023-08-29 01:30:00
1693273500000,26134.3,26145.94,26093.46,26106.34,281.63784,2023-08-29 01:45:00
1693274400000,26106.34,26106.34,26090.0,26090.0,96.71631,2023-08-29 02:00:00
1693275300000,26090.01,26117.57,26085.2,26103.75,222.96858,2023-08-29 02:15:00
1693276200000,26103.75,26107.98,26097.96,26102.68,74.66058,2023-08-29 02:30:00
1693277100000,26102.67,26105.67,26080.19,26104.69,122.80988,2023-08-29 02:45:00
1693278000000,26104.69,26105.9,26080.42,26081.89,113.92339,2023-08-29 03:00:00
1693278900000,26081.9,26097.78,26066.36,26078.78,132.41799,2023-08-29 03:15:00
1693279800000,26078.77,26087.93,26078.02,26082.1,69.62314,2023-08-29 03:30:00
1693280700000,26082.1,26091.78,26082.08,26083.19,81.31033,2023-08-29 03:45:00
1693281600000,26083.18,26083.19,26064.7,26068.32,147.23974,2023-08-29 04:00:00
1693282500000,26068.31,26085.03,26068.31,26085.02,97.4011,2023-08-29 04:15:00
1693283400000,26085.03,26091.36,26076.67,26076.67,87.32913,2023-08-29 04:30:00
1693284300000,26076.68,26078.61,26051.0,26057.87,164.77671,2023-08-29 04:45:00
1693285200000,26057.86,26079.58,26052.69,26058.92,495.7693,2023-08-29 05:00:00
1693286100000,26058.91,26095.08,26032.07,26067.22,1101.04584,2023-08-29 05:15:00
1693287000000,26067.21,26082.9,26042.83,26079.73,531.50917,2023-08-29 05:30:00
1693287900000,26079.73,26089.35,26065.15,26065.15,73.9313,2023-08-29 05:45:00
1693288800000,26065.15,26065.16,26042.0,26042.0,117.08832,2023-08-29 06:00:00
1693289700000,26042.01,26047.89,26015.98,26037.14,173.82033,2023-08-29 06:15:00
1693290600000,26037.14,26050.0,26018.93,26038.72,142.93223,2023-08-29 06:30:00
1693291500000,26038.72,26039.98,26005.0,26008.66,229.25386,2023-08-29 06:45:00
1693292400000,26008.67,26019.07,26000.62,26009.13,164.6398,2023-08-29 07:00:00
1693293300000,26009.12,26040.0,26009.12,26036.78,150.70766,2023-08-29 07:15:00
1693294200000,26036.77,26049.23,25995.61,26002.96,266.01455,2023-08-29 07:30:00
1693295100000,26002.96,26008.07,25990.58,26004.2,207.53376,2023-08-29 07:45:00
1693296000000,26004.2,26005.89,25963.24,25998.65,352.72234,2023-08-29 08:00:00
1693296900000,25998.64,26015.72,25984.77,25992.64,245.05163,2023-08-29 08:15:00
1693297800000,25992.63,26002.43,25982.9,25985.17,327.77779,2023-08-29 08:30:00
1693298700000,25985.18,25993.82,25950.0,25956.43,382.64705,2023-08-29 08:45:00
1693299600000,25956.44,25969.65,25950.74,25961.86,260.16845,2023-08-29 09:00:00
1693300500000,25961.85,25980.0,25959.79,25977.23,160.73345,2023-08-29 09:15:00
1693301400000,25977.22,25984.56,25965.12,25981.97,155.02643,2023-08-29 09:30:00
1693302300000,25981.97,25992.23,25970.0,25992.23,154.08,2023-08-29 09:45:00
1693303200000,25992.23,25992.23,25977.16,25977.16,96.07297,2023-08-29 10:00:00
1693304100000,25977.17,25977.17,25953.13,25962.02,350.74329,2023-08-29 10:15:00
1693305000000,25962.01,25973.2,25922.0,25973.2,295.00699,2023-08-29 10:30:00
1693305900000,25973.2,25991.4,25960.4,25981.27,183.76497,2023-08-29 10:45:00
1693306800000,25981.27,26046.0,25978.03,26020.89,324.63633,2023-08-29 11:00:00
1693307700000,26020.89,26038.26,26003.51,26007.14,221.24141,2023-08-29 11:15:00
1693308600000,26007.14,26011.01,25964.1,25964.1,215.63173,2023-08-29 11:30:00
1693309500000,25964.1,25990.9,25961.97,25975.55,132.96455,2023-08-29 11:45:00
1693310400000,25975.54,25988.13,25970.28,25970.63,126.48758,2023-08-29 12:00:00
1693311300000,25970.63,25994.23,25964.79,25988.89,116.88802,2023-08-29 12:15:00
1693312200000,25988.89,26029.71,25988.88,26024.04,166.24479,2023-08-29 12:30:00
1693313100000,26024.03,26044.51,26007.03,26044.51,162.65543,2023-08-29 12:45:00
1693314000000,26044.5,26055.93,26010.0,26013.03,188.95206,2023-08-29 13:00:00
1693314900000,26013.04,26021.71,26008.2,26015.2,114.02998,2023-08-29 13:15:00
1693315800000,26015.2,26073.62,26006.0,26064.83,283.40367,2023-08-29 13:30:00
1693316700000,26064.83,26103.43,26047.0,26052.0,333.73597,2023-08-29 13:45:00
1693317600000,26052.0,26237.0,26052.0,26190.0,1349.41117,2023-08-29 14:00:00
1693318500000,26189.99,27200.0,26181.84,26951.04,8423.8515,2023-08-29 14:15:00
1693319400000,26951.04,27633.68,26916.18,27547.95,8244.9758,2023-08-29 14:30:00
1693320300000,27547.96,27692.0,27231.52,27492.03,5490.31504,2023-08-29 14:45:00
1693321200000,27492.03,27550.0,27352.13,27415.1,3213.91523,2023-08-29 15:00:00
1693322100000,27415.1,27463.06,27265.24,27407.09,2019.54079,2023-08-29 15:15:00
1693323000000,27407.1,27504.87,27382.45,27450.78,1677.98164,2023-08-29 15:30:00
1693323900000,27450.78,27499.97,27356.15,27423.44,1213.69773,2023-08-29 15:45:00
1693324800000,27423.44,27880.0,27350.01,27638.24,2604.94056,2023-08-29 16:00:00
1693325700000,27638.24,28142.85,27604.19,27908.06,6124.58481,2023-08-29 16:15:00
1693326600000,27908.06,27930.0,27759.77,27871.61,2300.61198,2023-08-29 16:30:00
1693327500000,27871.61,28034.99,27845.95,27999.99,1911.18779,2023-08-29 16:45:00
1693328400000,27999.99,28097.91,27895.25,27933.94,1705.44632,2023-08-29 17:00:00
1693329300000,27933.95,28004.13,27893.5,27948.71,980.00909,2023-08-29 17:15:00
1693330200000,27948.71,28059.31,27894.9,27926.61,1118.82896,2023-08-29 17:30:00
1693331100000,27926.6,27972.99,27793.33,27892.07,1599.61199,2023-08-29 17:45:00
1693332000000,27892.08,27973.14,27835.84,27939.33,537.53102,2023-08-29 18:00:00
1693332900000,27939.34,27956.0,27875.99,27949.82,680.37491,2023-08-29 18:15:00
1693333800000,27949.83,28020.73,27910.7,27968.15,778.76156,2023-08-29 18:30:00
1693334700000,27968.15,28005.0,27955.76,27971.79,644.14087,2023-08-29 18:45:00
1693335600000,27971.78,27995.0,27893.38,27977.88,733.62713,2023-08-29 19:00:00
1693336500000,27977.88,27978.62,27900.01,27926.08,342.06413,2023-08-29 19:15:00
1693337400000,27926.09,27937.94,27880.36,27916.86,387.88817,2023-08-29 19:30:00
1693338300000,27916.86,27919.9,27823.91,27831.33,658.7802,2023-08-29 19:45:00
1693339200000,27831.33,27872.75,27827.35,27872.74,540.75431,2023-08-29 20:00:00
1693340100000,27872.75,27883.61,27844.3,27858.99,391.71139,2023-08-29 20:15:00
1693341000000,27859.0,27859.0,27690.84,27724.14,894.18867,2023-08-29 20:30:00
1693341900000,27724.14,27747.89,27561.24,27569.28,953.05309,2023-08-29 20:45:00
1693342800000,27569.28,27700.0,27564.39,27689.19,529.64972,2023-08-29 21:00:00
1693343700000,27689.18,27733.32,27650.72,27685.9,444.06137,2023-08-29 21:15:00
1693344600000,27685.89,27709.4,27626.95,27639.84,323.64434,2023-08-29 21:30:00
1693345500000,27639.84,27663.76,27617.76,27658.99,240.88957,2023-08-29 21:45:00
1693346400000,27658.98,27693.98,27646.87,27686.22,269.50384,2023-08-29 22:00:00
1693347300000,27686.22,27686.22,27532.79,27564.72,582.17226,2023-08-29 22:15:00
1693348200000,27564.72,27626.76,27538.91,27624.4,233.64074,2023-08-29 22:30:00
1693349100000,27624.41,27645.0,27598.76,27638.28,212.01565,2023-08-29 22:45:00
1693350000000,27638.29,27650.0,27610.67,27615.55,195.59066,2023-08-29 23:00:00
1693350900000,27615.55,27620.0,27567.7,27615.67,399.93219,2023-08-29 23:15:00
1693351800000,27615.66,27703.97,27587.39,27675.15,590.78051,2023-08-29 23:30:00
1693352700000,27675.15,27779.12,27675.15,27716.34,566.38733,2023-08-29 23:45:00
1693353600000,27716.34,27748.4,27695.96,27702.31,394.202,2023-08-30 00:00:00
1693354500000,27702.32,27768.57,27669.27,27701.13,530.02169,2023-08-30 00:15:00
1693355400000,27701.13,27758.48,27701.12,27716.0,322.44699,2023-08-30 00:30:00
1693356300000,27715.99,27716.0,27622.24,27622.24,479.67666,2023-08-30 00:45:00
1693357200000,27622.24,27643.03,27455.91,27542.61,772.30813,2023-08-30 01:00:00
1693358100000,27542.62,27576.74,27485.02,27529.85,494.97508,2023-08-30 01:15:00
1693359000000,27529.84,27554.76,27482.64,27541.42,328.87157,2023-08-30 01:30:00
1693359900000,27541.42,27560.38,27530.25,27552.62,379.01217,2023-08-30 01:45:00
1693360800000,27552.63,27562.07,27430.96,27436.05,751.96552,2023-08-30 02:00:00
1693361700000,27436.06,27456.93,27349.39,27370.01,843.95471,2023-08-30 02:15:00
1693362600000,27370.01,27446.21,27359.16,27395.99,288.4785,2023-08-30 02:30:00
1693363500000,27395.98,27444.21,27394.17,27400.56,328.2983,2023-08-30 02:45:00
1693364400000,27400.55,27400.56,27365.21,27373.74,354.12684,2023-08-30 03:00:00
1693365300000,27373.74,27398.42,27280.99,27340.36,712.75643,2023-08-30 03:15:00
1693366200000,27340.36,27404.11,27334.24,27404.11,340.68878,2023-08-30 03:30:00
1693367100000,27404.11,27426.35,27383.21,27391.13,325.70513,2023-08-30 03:45:00
1693368000000,27391.14,27444.36,27391.13,27428.38,378.57404,2023-08-30 04:00:00
1693368900000,27428.38,27441.35,27410.46,27421.85,165.4134,2023-08-30 04:15:00
1693369800000,27421.86,27442.53,27411.43,27432.24,103.96754,2023-08-30 04:30:00
1693370700000,27432.24,27446.8,27430.05,27443.0,93.88004,2023-08-30 04:45:00
1693371600000,27443.0,27475.0,27438.71,27473.99,187.28124,2023-08-30 05:00:00
1693372500000,27473.99,27476.03,27451.66,27469.72,177.73768,2023-08-30 05:15:00
1693373400000,27469.71,27469.72,27435.64,27459.07,144.6775,2023-08-30 05:30:00
1693374300000,27459.08,27470.63,27453.43,27469.04,114.15778,2023-08-30 05:45:00
1693375200000,27469.05,27469.05,27432.5,27453.14,199.40916,2023-08-30 06:00:00
1693376100000,27453.13,27458.1,27409.92,27431.41,182.61543,2023-08-30 06:15:00
1693377000000,27431.4,27433.43,27414.06,27419.78,158.36051,2023-08-30 06:30:00
1693377900000,27419.78,27419.78,27371.94,27382.21,335.4275,2023-08-30 06:45:00
1693378800000,27382.21,27427.12,27382.21,27422.9,253.41919,2023-08-30 07:00:00
1693379700000,27422.9,27460.62,27415.49,27460.61,182.55743,2023-08-30 07:15:00
1693380600000,27460.62,27464.8,27442.0,27461.25,305.26846,2023-08-30 07:30:00
1693381500000,27461.26,27461.26,27430.86,27436.25,216.19245,2023-08-30 07:45:00
1693382400000,27436.25,27441.7,27406.65,27416.5,321.29014,2023-08-30 08:00:00
1693383300000,27416.5,27447.52,27407.81,27435.44,249.81894,2023-08-30 08:15:00
1693384200000,27435.43,27499.0,27435.16,27489.19,403.91424,2023-08-30 08:30:00
1693385100000,27489.2,27489.2,27466.31,27470.98,204.66214,2023-08-30 08:45:00
1693386000000,27470.97,27471.92,27435.27,27440.65,196.52758,2023-08-30 09:00:00
1693386900000,27440.64,27443.73,27337.22,27343.38,588.08044,2023-08-30 09:15:00
1693387800000,27343.38,27413.18,27310.05,27400.83,486.0851,2023-08-30 09:30:00
1693388700000,27400.83,27435.0,27397.64,27426.8,206.46024,2023-08-30 09:45:00
1693389600000,27426.79,27426.8,27400.0,27401.11,157.90341,2023-08-30 10:00:00
1693390500000,27401.1,27434.9,27401.1,27434.9,155.73573,2023-08-30 10:15:00
1693391400000,27434.89,27448.86,27433.88,27448.85,181.4314,2023-08-30 10:30:00
1693392300000,27448.85,27448.86,27435.44,27435.44,73.72615,2023-08-30 10:45:00
1693393200000,27435.44,27435.45,27400.01,27400.02,189.02326,2023-08-30 11:00:00
1693394100000,27400.01,27408.34,27352.4,27380.0,383.29634,2023-08-30 11:15:00
1693395000000,27380.0,27380.0,27339.45,27341.36,216.13224,2023-08-30 11:30:00
1693395900000,27341.35,27380.89,27331.45,27338.51,278.23605,2023-08-30 11:45:00
1693396800000,27338.52,27380.55,27318.2,27371.18,417.18854,2023-08-30 12:00:00
1693397700000,27371.17,27412.68,27371.17,27412.1,378.74116,2023-08-30 12:15:00
1693398600000,27412.1,27425.0,27292.24,27296.39,505.56004,2023-08-30 12:30:00
1693399500000,27296.39,27413.57,27296.38,27353.64,365.02182,2023-08-30 12:45:00
1693400400000,27353.64,27422.06,27329.6,27422.05,389.60835,2023-08-30 13:00:00
1693401300000,27422.05,27464.45,27408.99,27426.53,431.42669,2023-08-30 13:15:00
1693402200000,27426.53,27437.65,27145.23,27297.83,1589.93347,2023-08-30 13:30:00
1693403100000,27297.83,27399.99,27287.0,27376.07,804.93832,2023-08-30 13:45:00
1693404000000,27376.07,27424.4,27345.0,27380.69,611.12125,2023-08-30 14:00:00
1693404900000,27380.68,27389.84,27263.0,27301.06,946.83208,2023-08-30 14:15:00
1693405800000,27301.05,27343.64,27202.05,27211.46,945.96092,2023-08-30 14:30:00
1693406700000,27211.47,27272.72,27017.24,27110.01,2121.001,2023-08-30 14:45:00
1693407600000,27110.0,27191.53,27036.66,27172.3,1164.81925,2023-08-30 15:00:00
1693408500000,27172.3,27228.1,27125.7,27185.41,729.03992,2023-08-30 15:15:00
1693409400000,27185.41,27293.9,27185.41,27253.92,512.27727,2023-08-30 15:30:00
1693410300000,27253.93,27253.93,27188.12,27201.63,525.65318,2023-08-30 15:45:00
1693411200000,27201.63,27210.84,27147.68,27153.22,350.71505,2023-08-30 16:00:00
1693412100000,27153.23,27169.57,27076.49,27167.25,547.03247,2023-08-30 16:15:00
1693413000000,27167.26,27181.51,27067.9,27144.25,481.46558,2023-08-30 16:30:00
1693413900000,27144.26,27166.25,27101.44,27155.37,303.21857,2023-08-30 16:45:00
1693414800000,27155.37,27218.63,27117.0,27195.01,455.52537,2023-08-30 17:00:00
1693415700000,27195.0,27240.0,27195.0,27237.0,353.87472,2023-08-30 17:15:00
1693416600000,27237.0,27249.99,27202.11,27202.12,227.16226,2023-08-30 17:30:00
1693417500000,27202.11,27222.56,27155.2,27167.98,229.65654,2023-08-30 17:45:00
1693418400000,27167.97,27168.12,27100.0,27149.42,417.9584,2023-08-30 18:00:00
1693419300000,27149.42,27175.38,27127.35,27135.52,256.46875,2023-08-30 18:15:00
1693420200000,27135.52,27212.12,27135.52,27208.28,167.75189,2023-08-30 18:30:00
1693421100000,27208.29,27286.88,27207.02,27279.98,304.35255,2023-08-30 18:45:00
1693422000000,27279.98,27286.88,27248.72,27258.64,298.85688,2023-08-30 19:00:00
1693422900000,27258.64,27258.64,27222.72,27236.73,162.2714,2023-08-30 19:15:00
1693423800000,27236.72,27256.91,27236.18,27256.87,163.38656,2023-08-30 19:30:00
1693424700000,27256.88,27269.8,27178.26,27178.28,323.68199,2023-08-30 19:45:00
1693425600000,27178.27,27266.08,27178.27,27254.53,312.64743,2023-08-30 20:00:00
1693426500000,27254.54,27282.52,27242.2,27269.65,158.83429,2023-08-30 20:15:00
1693427400000,27269.64,27291.34,27257.18,27260.59,151.45584,2023-08-30 20:30:00
1693428300000,27260.58,27279.99,27236.99,27250.15,175.11896,2023-08-30 20:45:00
1693429200000,27250.15,27337.78,27250.15,27298.54,323.89305,2023-08-30 21:00:00
1693430100000,27298.54,27324.04,27255.08,27266.92,200.51836,2023-08-30 21:15:00
1693431000000,27266.92,27285.59,27252.03,27255.94,132.55257,2023-08-30 21:30:00
1693431900000,27255.94,27281.68,27255.94,27259.69,91.72946,2023-08-30 21:45:00
1693432800000,27259.69,27326.87,27259.69,27282.29,258.59903,2023-08-30 22:00:00
1693433700000,27282.3,27290.0,27257.24,27257.25,157.60948,2023-08-30 22:15:00
1693434600000,27257.24,27276.12,27245.49,27246.99,262.11857,2023-08-30 22:30:00
1693435500000,27246.99,27266.0,27241.0,27241.0,107.09888,2023-08-30 22:45:00
1693436400000,27241.0,27279.63,27228.0,27272.72,160.44343,2023-08-30 23:00:00
1693437300000,27272.72,27317.24,27270.08,27305.4,160.53072,2023-08-30 23:15:00
1693438200000,27305.39,27309.43,27292.61,27308.15,74.07766,2023-08-30 23:30:00
1693439100000,27308.15,27319.88,27288.95,27299.99,99.77726,2023-08-30 23:45:00
1693440000000,27299.99,27303.36,27264.53,27267.79,129.92606,2023-08-31 00:00:00
1693440900000,27267.78,27267.79,27246.23,27246.23,100.9787,2023-08-31 00:15:00
1693441800000,27246.24,27246.24,27202.0,27215.41,135.07907,2023-08-31 00:30:00
1693442700000,27215.41,27223.59,27198.7,27222.13,158.80656,2023-08-31 00:45:00
1693443600000,27222.13,27222.13,27194.23,27209.12,99.98214,2023-08-31 01:00:00
1693444500000,27209.13,27235.66,27206.01,27230.44,181.94519,2023-08-31 01:15:00
1693445400000,27230.45,27240.69,27226.19,27238.33,112.63684,2023-08-31 01:30:00
1693446300000,27238.33,27239.82,27179.12,27196.48,235.09002,2023-08-31 01:45:00
1693447200000,27196.48,27223.13,27192.72,27223.13,159.45484,2023-08-31 02:00:00
1693448100000,27223.12,27233.75,27196.07,27199.95,112.87579,2023-08-31 02:15:00
1693449000000,27199.94,27219.48,27190.0,27190.96,182.48516,2023-08-31 02:30:00
1693449900000,27190.96,27208.25,27186.3,27190.01,101.99982,2023-08-31 02:45:00
1693450800000,27190.01,27206.96,27190.0,27206.95,99.23404,2023-08-31 03:00:00
1693451700000,27206.96,27210.0,27188.84,27188.85,90.62683,2023-08-31 03:15:00
1693452600000,27188.85,27200.95,27178.88,27192.17,170.9103,2023-08-31 03:30:00
1693453500000,27192.18,27217.28,27192.17,27217.27,87.37177,2023-08-31 03:45:00
1693454400000,27217.28,27223.56,27215.0,27219.32,92.87208,2023-08-31 04:00:00
1693455300000,27219.33,27255.0,27219.32,27254.74,142.02188,2023-08-31 04:15:00
1693456200000,27254.74,27285.68,27251.59,27251.6,188.0342,2023-08-31 04:30:00
1693457100000,27251.6,27267.11,27245.0,27252.3,90.59718,2023-08-31 04:45:00
1693458000000,27252.3,27266.28,27227.33,27231.63,101.08464,2023-08-31 05:00:00
1693458900000,27231.63,27246.74,27226.38,27243.36,129.81548,2023-08-31 05:15:00
1693459800000,27243.36,27274.31,27235.0,27265.01,120.35002,2023-08-31 05:30:00
1693460700000,27265.0,27265.01,27250.28,27251.29,112.35788,2023-08-31 05:45:00
1693461600000,27251.29,27253.34,27237.69,27248.28,91.94556,2023-08-31 06:00:00
1693462500000,27248.27,27267.05,27237.25,27239.03,150.67754,2023-08-31 06:15:00
1693463400000,27239.03,27264.78,27233.28,27260.15,106.00567,2023-08-31 06:30:00
1693464300000,27260.15,27290.95,27251.52,27253.2,156.5373,2023-08-31 06:45:00
1693465200000,27253.2,27270.47,27253.19,27255.49,106.17453,2023-08-31 07:00:00
1693466100000,27255.48,27293.45,27243.12,27291.4,169.90811,2023-08-31 07:15:00
1693467000000,27291.41,27294.97,27239.47,27246.3,294.64221,2023-08-31 07:30:00
1693467900000,27246.29,27261.12,27232.88,27261.03,153.13753,2023-08-31 07:45:00
1693468800000,27261.03,27273.97,27240.02,27247.69,209.79474,2023-08-31 08:00:00
1693469700000,27247.7,27265.88,27230.56,27238.21,156.98756,2023-08-31 08:15:00
1693470600000,27238.21,27239.93,27224.03,27232.59,256.82504,2023-08-31 08:30:00
1693471500000,27232.59,27235.09,27222.01,27235.08,122.79878,2023-08-31 08:45:00
1693472400000,27235.08,27235.09,27194.93,27221.1,191.58123,2023-08-31 09:00:00
1693473300000,27221.1,27226.08,27192.95,27199.75,294.78321,2023-08-31 09:15:00
1693474200000,27199.74,27222.84,27184.99,27213.83,439.65311,2023-08-31 09:30:00
1693475100000,27213.83,27219.16,27197.04,27198.27,136.76796,2023-08-31 09:45:00
1693476000000,27198.26,27212.57,27191.48,27202.98,172.77331,2023-08-31 10:00:00
1693476900000,27202.98,27210.26,27202.98,27206.41,77.63878,2023-08-31 10:15:00
1693477800000,27206.41,27226.18,27206.4,27212.85,154.58066,2023-08-31 10:30:00
1693478700000,27212.86,27216.74,27201.01,27201.83,122.70126,2023-08-31 10:45:00
1693479600000,27201.83,27252.74,27201.17,27238.14,243.87865,2023-08-31 11:00:00
1693480500000,27238.15,27339.0,27230.56,27300.45,616.53436,2023-08-31 11:15:00
1693481400000,27300.45,27587.51,27273.81,27469.57,1494.69111,2023-08-31 11:30:00
1693482300000,27469.57,27515.14,27302.06,27303.96,1395.66936,2023-08-31 11:45:00
1693483200000,27303.95,27315.47,27063.08,27266.0,1756.76559,2023-08-31 12:00:00
1693484100000,27265.99,27266.0,27180.0,27224.97,414.57391,2023-08-31 12:15:00
1693485000000,27224.97,27249.99,27193.16,27234.49,456.25262,2023-08-31 12:30:00
1693485900000,27234.48,27243.29,27192.62,27192.62,232.42947,2023-08-31 12:45:00
1693486800000,27192.62,27199.17,27126.17,27196.22,636.10158,2023-08-31 13:00:00
1693487700000,27196.23,27196.23,27144.0,27165.03,294.47027,2023-08-31 13:15:00
1693488600000,27165.02,27205.32,27140.98,27163.98,419.73167,2023-08-31 13:30:00
1693489500000,27163.98,27195.95,27073.14,27149.99,915.57711,2023-08-31 13:45:00
1693490400000,27149.99,27156.65,27076.88,27099.69,557.1701,2023-08-31 14:00:00
1693491300000,27099.68,27149.99,27027.0,27137.39,736.38792,2023-08-31 14:15:00
1693492200000,27137.39,27144.4,27110.0,27120.89,351.32721,2023-08-31 14:30:00
1693493100000,27120.9,27192.78,27111.17,27175.66,427.67364,2023-08-31 14:45:00
1693494000000,27175.67,27175.67,27150.0,27174.97,352.23979,2023-08-31 15:00:00
1693494900000,27174.97,27179.74,27125.75,27144.66,332.82813,2023-08-31 15:15:00
1693495800000,27144.66,27149.14,26803.73,26915.71,2304.2143,2023-08-31 15:30:00
1693496700000,26915.71,26966.59,26866.37,26922.01,1179.19605,2023-08-31 15:45:00
1693497600000,26922.01,26924.87,26840.0,26846.79,903.49188,2023-08-31 16:00:00
1693498500000,26846.79,26873.28,26669.04,26715.89,2379.09846,2023-08-31 16:15:00
1693499400000,26715.9,26715.9,26471.26,26491.65,3169.65114,2023-08-31 16:30:00
1693500300000,26491.66,26534.33,26218.65,26234.23,2885.575,2023-08-31 16:45:00
1693501200000,26234.22,26390.15,26133.94,26389.94,2528.17485,2023-08-31 17:00:00
1693502100000,26389.94,26400.0,26280.0,26385.33,804.34931,2023-08-31 17:15:00
1693503000000,26385.34,26400.43,26331.17,26341.67,464.3601,2023-08-31 17:30:00
1693503900000,26341.68,26346.89,26286.35,26329.07,528.03347,2023-08-31 17:45:00
1693504800000,26329.08,26387.32,26300.0,26364.28,392.91433,2023-08-31 18:00:00
1693505700000,26364.28,26364.29,26301.17,26310.13,288.64805,2023-08-31 18:15:00
1693506600000,26310.13,26326.06,26242.22,26257.93,381.65967,2023-08-31 18:30:00
1693507500000,26257.93,26330.0,26189.77,26292.23,764.2424,2023-08-31 18:45:00
1693508400000,26292.24,26319.4,25928.0,26134.39,2351.11623,2023-08-31 19:00:00
1693509300000,26134.4,26281.41,26100.12,26156.77,1259.44911,2023-08-31 19:15:00
1693510200000,26156.77,26269.77,26156.77,26258.31,535.86386,2023-08-31 19:30:00
1693511100000,26258.31,26267.67,26150.0,26162.79,375.48352,2023-08-31 19:45:00
1693512000000,26162.79,26185.34,26065.0,26142.37,915.51532,2023-08-31 20:00:00
1693512900000,26142.36,26182.51,26111.34,26177.88,356.85738,2023-08-31 20:15:00
1693513800000,26177.87,26194.86,26115.99,26125.39,349.495,2023-08-31 20:30:00
1693514700000,26125.38,26131.31,25959.72,26022.61,807.90836,2023-08-31 20:45:00
1693515600000,26022.61,26029.47,25655.01,25874.08,2947.40951,2023-08-31 21:00:00
1693516500000,25874.08,26010.48,25857.79,25923.92,978.89216,2023-08-31 21:15:00
1693517400000,25923.91,25969.32,25900.2,25958.01,286.58939,2023-08-31 21:30:00
1693518300000,25958.0,26037.97,25948.5,26024.57,360.16423,2023-08-31 21:45:00
1693519200000,26024.57,26025.45,25976.15,26004.99,282.05348,2023-08-31 22:00:00
1693520100000,26004.99,26035.11,25986.35,25995.47,406.3713,2023-08-31 22:15:00
1693521000000,25995.47,26030.55,25995.46,25997.82,211.13084,2023-08-31 22:30:00
1693521900000,25997.81,26072.73,25997.81,26053.96,240.84619,2023-08-31 22:45:00
1693522800000,26053.95,26057.99,26006.13,26009.09,194.11965,2023-08-31 23:00:00
1693523700000,26009.1,26016.84,25950.12,25954.11,251.29895,2023-08-31 23:15:00
1693524600000,25954.11,25979.99,25951.43,25976.24,245.21169,2023-08-31 23:30:00
1693525500000,25976.23,25976.24,25912.01,25940.78,366.66576,2023-08-31 23:45:00
