timestamp,open,high,low,close,volume,datetime
1693526400000,25940.77,25998.33,25931.11,25990.71,408.52328,2023-09-01 00:00:00
1693527300000,25990.71,26034.97,25988.16,26028.72,298.25273,2023-09-01 00:15:00
1693528200000,26028.72,26070.0,26017.41,26041.34,189.86777,2023-09-01 00:30:00
1693529100000,26041.34,26059.78,26034.33,26051.97,144.29706,2023-09-01 00:45:00
1693530000000,26051.97,26057.9,26002.5,26022.71,400.97954,2023-09-01 01:00:00
1693530900000,26022.71,26022.71,25989.78,25997.84,243.8986,2023-09-01 01:15:00
1693531800000,25997.84,26001.72,25980.97,25990.27,243.78721,2023-09-01 01:30:00
1693532700000,25990.26,26003.92,25974.13,25985.72,219.10158,2023-09-01 01:45:00
1693533600000,25985.71,26019.18,25985.71,25998.85,310.49485,2023-09-01 02:00:00
1693534500000,25998.85,26052.75,25998.84,26047.93,197.76796,2023-09-01 02:15:00
1693535400000,26047.93,26094.8,26041.15,26086.37,267.55318,2023-09-01 02:30:00
1693536300000,26086.36,26100.0,26049.0,26058.62,190.17071,2023-09-01 02:45:00
1693537200000,26058.62,26062.24,26045.0,26047.39,171.93438,2023-09-01 03:00:00
1693538100000,26047.38,26053.59,26043.63,26045.06,132.8434,2023-09-01 03:15:00
1693539000000,26045.06,26079.43,26045.05,26072.29,110.88693,2023-09-01 03:30:00
1693539900000,26072.28,26094.9,26072.28,26081.01,123.17387,2023-09-01 03:45:00
1693540800000,26081.0,26095.0,26076.07,26093.13,174.80675,2023-09-01 04:00:00
1693541700000,26093.14,26093.14,26050.0,26056.72,204.38574,2023-09-01 04:15:00
1693542600000,26056.71,26056.72,26039.0,26046.61,122.51403,2023-09-01 04:30:00
1693543500000,26046.6,26053.83,26042.34,26044.46,75.76788,2023-09-01 04:45:00
1693544400000,26044.46,26057.54,26029.56,26038.08,109.59792,2023-09-01 05:00:00
1693545300000,26038.07,26050.0,26029.56,26044.25,114.33081,2023-09-01 05:15:00
1693546200000,26044.24,26044.25,26025.72,26034.19,118.90683,2023-09-01 05:30:00
1693547100000,26034.18,26055.26,26025.4,26027.27,214.6787,2023-09-01 05:45:00
1693548000000,26027.26,26042.9,26027.26,26034.52,122.79883,2023-09-01 06:00:00
1693548900000,26034.52,26034.52,26016.12,26016.16,135.53703,2023-09-01 06:15:00
1693549800000,26016.15,26018.14,25979.71,26013.91,266.37018,2023-09-01 06:30:00
1693550700000,26013.91,26025.77,25978.0,25997.0,313.60439,2023-09-01 06:45:00
1693551600000,25996.99,26012.38,25990.19,26009.3,179.45511,2023-09-01 07:00:00
1693552500000,26009.31,26015.0,25979.35,25987.03,278.72238,2023-09-01 07:15:00
1693553400000,25987.03,26011.5,25986.22,25990.18,217.85718,2023-09-01 07:30:00
1693554300000,25990.17,26005.94,25990.17,25990.92,190.09189,2023-09-01 07:45:00
1693555200000,25990.92,26014.45,25990.91,25998.49,129.88792,2023-09-01 08:00:00
1693556100000,25998.49,25998.5,25957.37,25963.59,203.75075,2023-09-01 08:15:00
1693557000000,25963.59,25994.55,25962.65,25976.75,140.33154,2023-09-01 08:30:00
1693557900000,25976.75,25980.47,25966.92,25980.46,148.51396,2023-09-01 08:45:00
1693558800000,25980.46,26010.12,25975.24,26010.12,142.02838,2023-09-01 09:00:00
1693559700000,26010.11,26049.83,26006.61,26025.07,267.65262,2023-09-01 09:15:00
1693560600000,26025.07,26029.21,26004.47,26021.55,161.45745,2023-09-01 09:30:00
1693561500000,26021.55,26048.63,26010.06,26033.97,219.33886,2023-09-01 09:45:00
1693562400000,26033.98,26041.75,26018.85,26039.52,218.55956,2023-09-01 10:00:00
1693563300000,26039.53,26047.39,26015.23,26015.23,202.21437,2023-09-01 10:15:00
1693564200000,26015.24,26033.25,25991.58,25991.59,190.96167,2023-09-01 10:30:00
1693565100000,25991.59,26004.72,25987.0,25999.31,99.36116,2023-09-01 10:45:00
1693566000000,25999.32,26030.43,25985.0,25993.93,281.7394,2023-09-01 11:00:00
1693566900000,25993.94,26004.4,25981.79,25981.8,192.77225,2023-09-01 11:15:00
1693567800000,25981.8,26055.26,25981.79,26038.79,353.18209,2023-09-01 11:30:00
1693568700000,26038.79,26072.34,26038.78,26047.49,382.41874,2023-09-01 11:45:00
1693569600000,26047.5,26094.9,26045.92,26090.51,306.0975,2023-09-01 12:00:00
1693570500000,26090.51,26156.0,26064.27,26068.16,674.76013,2023-09-01 12:15:00
1693571400000,26068.16,26124.71,25993.19,26006.4,1480.96972,2023-09-01 12:30:00
1693572300000,26006.4,26063.27,25990.61,26063.27,452.72017,2023-09-01 12:45:00
1693573200000,26063.27,26064.66,26037.66,26037.67,260.13341,2023-09-01 13:00:00
1693574100000,26037.67,26052.23,26027.84,26036.18,166.83863,2023-09-01 13:15:00
1693575000000,26036.18,26051.54,25979.5,25991.74,374.48107,2023-09-01 13:30:00
1693575900000,25991.74,26016.57,25874.05,26000.0,1338.61103,2023-09-01 13:45:00
1693576800000,26000.01,26000.01,25914.03,25922.89,527.89861,2023-09-01 14:00:00
1693577700000,25922.9,25953.32,25894.71,25917.83,415.10821,2023-09-01 14:15:00
1693578600000,25917.83,25917.83,25800.0,25854.71,818.48507,2023-09-01 14:30:00
1693579500000,25854.7,25863.68,25691.6,25717.0,1472.86081,2023-09-01 14:45:00
1693580400000,25717.01,25800.0,25566.53,25791.9,1891.11012,2023-09-01 15:00:00
1693581300000,25791.9,25935.7,25785.0,25862.2,1118.34106,2023-09-01 15:15:00
1693582200000,25862.2,25935.0,25862.19,25875.64,599.96448,2023-09-01 15:30:00
1693583100000,25875.65,25876.1,25810.74,25811.0,491.21498,2023-09-01 15:45:00
1693584000000,25811.0,25820.0,25755.0,25805.01,765.22451,2023-09-01 16:00:00
1693584900000,25805.0,25924.94,25775.74,25901.85,791.89226,2023-09-01 16:15:00
1693585800000,25901.85,25964.17,25827.74,25827.75,685.65017,2023-09-01 16:30:00
1693586700000,25827.75,25873.03,25789.77,25789.78,544.50364,2023-09-01 16:45:00
1693587600000,25789.77,25800.15,25610.0,25615.82,1194.3104,2023-09-01 17:00:00
1693588500000,25615.82,25691.03,25350.0,25381.58,3003.15438,2023-09-01 17:15:00
1693589400000,25381.59,25490.0,25333.75,25435.0,1637.90351,2023-09-01 17:30:00
1693590300000,25435.0,25545.05,25385.62,25478.86,938.48747,2023-09-01 17:45:00
1693591200000,25478.85,25565.14,25455.41,25536.71,604.41032,2023-09-01 18:00:00
1693592100000,25536.71,25547.49,25465.35,25480.11,368.96206,2023-09-01 18:15:00
1693593000000,25480.12,25669.6,25456.84,25637.84,753.25342,2023-09-01 18:30:00
1693593900000,25637.83,25834.86,25637.83,25654.23,1434.24444,2023-09-01 18:45:00
1693594800000,25654.22,25676.12,25605.55,25625.77,323.00128,2023-09-01 19:00:00
1693595700000,25625.77,25679.88,25593.22,25665.69,348.29801,2023-09-01 19:15:00
1693596600000,25665.7,25672.97,25623.33,25638.92,282.45338,2023-09-01 19:30:00
1693597500000,25638.91,25645.88,25581.24,25645.66,267.76877,2023-09-01 19:45:00
1693598400000,25645.65,25650.0,25565.55,25638.32,327.03304,2023-09-01 20:00:00
1693599300000,25638.31,25745.0,25631.5,25738.02,491.78812,2023-09-01 20:15:00
1693600200000,25738.02,25937.42,25735.64,25783.65,1287.21191,2023-09-01 20:30:00
1693601100000,25783.66,25795.58,25745.8,25776.62,290.48467,2023-09-01 20:45:00
1693602000000,25776.62,25831.68,25741.53,25804.86,376.82291,2023-09-01 21:00:00
1693602900000,25804.86,25862.77,25751.65,25757.68,363.14977,2023-09-01 21:15:00
1693603800000,25757.69,25784.99,25734.92,25770.01,163.66941,2023-09-01 21:30:00
1693604700000,25770.02,25824.11,25753.57,25804.49,181.63965,2023-09-01 21:45:00
1693605600000,25804.49,25816.88,25780.0,25790.39,168.31426,2023-09-01 22:00:00
1693606500000,25790.39,25826.71,25790.38,25808.22,171.1897,2023-09-01 22:15:00
1693607400000,25808.22,25818.28,25784.15,25811.24,212.54918,2023-09-01 22:30:00
1693608300000,25811.25,25820.64,25763.2,25764.3,166.33451,2023-09-01 22:45:00
1693609200000,25764.31,25789.45,25752.47,25778.26,219.10326,2023-09-01 23:00:00
1693610100000,25778.26,25810.0,25773.73,25801.92,133.59973,2023-09-01 23:15:00
1693611000000,25801.93,25833.04,25799.2,25823.87,156.47965,2023-09-01 23:30:00
1693611900000,25823.86,25835.0,25802.54,25805.05,162.53835,2023-09-01 23:45:00
1693612800000,25805.04,25810.89,25790.34,25809.47,147.77935,2023-09-02 00:00:00
1693613700000,25809.47,25834.0,25801.94,25832.72,120.09843,2023-09-02 00:15:00
1693614600000,25832.73,25840.0,25813.1,25824.08,130.16312,2023-09-02 00:30:00
1693615500000,25824.09,25824.09,25781.4,25789.12,163.77689,2023-09-02 00:45:00
1693616400000,25789.12,25806.12,25773.95,25806.11,165.0227,2023-09-02 01:00:00
1693617300000,25806.11,25814.0,25793.67,25799.57,122.31533,2023-09-02 01:15:00
1693618200000,25799.58,25815.55,25789.04,25801.82,91.40751,2023-09-02 01:30:00
1693619100000,25801.82,25801.83,25773.67,25773.68,126.05161,2023-09-02 01:45:00
1693620000000,25773.68,25788.92,25766.28,25779.83,131.55206,2023-09-02 02:00:00
1693620900000,25779.82,25795.69,25768.0,25795.69,100.21272,2023-09-02 02:15:00
1693621800000,25795.69,25795.87,25769.01,25785.66,81.35407,2023-09-02 02:30:00
1693622700000,25785.66,25794.72,25752.47,25761.91,184.88874,2023-09-02 02:45:00
1693623600000,25761.91,25791.08,25761.91,25775.63,144.07113,2023-09-02 03:00:00
1693624500000,25775.63,25777.57,25757.57,25768.37,176.31698,2023-09-02 03:15:00
1693625400000,25768.37,25798.07,25765.59,25796.22,132.33547,2023-09-02 03:30:00
1693626300000,25796.21,25811.23,25796.21,25798.08,109.65694,2023-09-02 03:45:00
1693627200000,25798.07,25805.05,25789.31,25805.03,94.08095,2023-09-02 04:00:00
1693628100000,25805.03,25805.04,25768.4,25768.41,155.6497,2023-09-02 04:15:00
1693629000000,25768.4,25776.14,25766.75,25774.78,67.5627,2023-09-02 04:30:00
1693629900000,25774.78,25779.72,25766.75,25779.72,87.71652,2023-09-02 04:45:00
1693630800000,25779.72,25812.34,25779.71,25812.15,426.20209,2023-09-02 05:00:00
1693631700000,25812.15,25839.0,25806.81,25836.1,138.51651,2023-09-02 05:15:00
1693632600000,25836.11,25853.03,25805.99,25805.99,166.25701,2023-09-02 05:30:00
1693633500000,25805.99,25827.0,25790.95,25821.38,175.79535,2023-09-02 05:45:00
1693634400000,25821.37,25832.91,25821.37,25830.0,84.54273,2023-09-02 06:00:00
1693635300000,25830.0,25830.0,25800.89,25800.9,74.46911,2023-09-02 06:15:00
1693636200000,25800.9,25815.0,25795.24,25811.32,93.0062,2023-09-02 06:30:00
1693637100000,25811.33,25811.33,25798.93,25801.4,126.90797,2023-09-02 06:45:00
1693638000000,25801.39,25842.06,25781.42,25794.2,223.02176,2023-09-02 07:00:00
1693638900000,25794.2,25799.18,25788.15,25792.82,100.13592,2023-09-02 07:15:00
1693639800000,25792.83,25805.0,25792.82,25805.0,92.75877,2023-09-02 07:30:00
1693640700000,25805.0,25809.82,25795.37,25795.47,102.66737,2023-09-02 07:45:00
1693641600000,25795.46,25799.16,25780.0,25790.97,159.72107,2023-09-02 08:00:00
1693642500000,25790.97,25790.97,25774.81,25776.71,117.24775,2023-09-02 08:15:00
1693643400000,25776.71,25790.89,25776.7,25787.02,146.88392,2023-09-02 08:30:00
1693644300000,25787.03,25801.88,25779.83,25782.25,149.88622,2023-09-02 08:45:00
1693645200000,25782.24,25794.13,25775.13,25793.59,142.66468,2023-09-02 09:00:00
1693646100000,25793.6,25822.05,25793.59,25802.69,155.57957,2023-09-02 09:15:00
1693647000000,25802.7,25817.67,25798.09,25817.67,170.30192,2023-09-02 09:30:00
1693647900000,25817.67,25825.67,25808.84,25810.54,188.5237,2023-09-02 09:45:00
1693648800000,25810.54,25843.79,25810.41,25837.02,167.13183,2023-09-02 10:00:00
1693649700000,25837.02,25844.78,25818.36,25822.78,160.25311,2023-09-02 10:15:00
1693650600000,25822.77,25849.91,25821.9,25842.06,210.12996,2023-09-02 10:30:00
1693651500000,25842.06,25855.49,25825.37,25832.89,149.80564,2023-09-02 10:45:00
1693652400000,25832.89,25855.02,25832.89,25852.61,170.84065,2023-09-02 11:00:00
1693653300000,25852.61,25860.0,25815.12,25826.7,232.02382,2023-09-02 11:15:00
1693654200000,25826.7,25849.89,25781.55,25806.9,291.12802,2023-09-02 11:30:00
1693655100000,25806.89,25825.29,25799.99,25813.54,167.48045,2023-09-02 11:45:00
1693656000000,25813.55,25835.83,25813.54,25829.15,169.89892,2023-09-02 12:00:00
1693656900000,25829.16,25831.17,25814.44,25821.13,121.63647,2023-09-02 12:15:00
1693657800000,25821.13,25824.15,25807.92,25807.92,163.29783,2023-09-02 12:30:00
1693658700000,25807.93,25810.69,25802.71,25808.72,141.64732,2023-09-02 12:45:00
1693659600000,25808.73,25810.88,25794.67,25794.68,197.03807,2023-09-02 13:00:00
1693660500000,25794.68,25809.44,25785.64,25809.43,189.02662,2023-09-02 13:15:00
1693661400000,25809.44,25853.76,25809.43,25839.99,232.36004,2023-09-02 13:30:00
1693662300000,25839.99,25841.84,25815.27,25825.01,148.03561,2023-09-02 13:45:00
1693663200000,25825.0,25852.56,25825.0,25840.92,185.53836,2023-09-02 14:00:00
1693664100000,25840.92,25843.23,25808.07,25808.21,175.78767,2023-09-02 14:15:00
1693665000000,25808.2,25888.0,25808.2,25869.23,289.65117,2023-09-02 14:30:00
1693665900000,25869.22,25894.48,25860.87,25866.0,328.75218,2023-09-02 14:45:00
1693666800000,25866.0,25945.83,25866.0,25916.64,579.45415,2023-09-02 15:00:00
1693667700000,25916.65,25958.43,25910.01,25945.86,456.77462,2023-09-02 15:15:00
1693668600000,25945.86,25987.5,25927.49,25937.43,479.77327,2023-09-02 15:30:00
1693669500000,25937.42,25945.0,25881.64,25894.76,358.58978,2023-09-02 15:45:00
1693670400000,25894.77,25935.49,25894.49,25935.48,220.13868,2023-09-02 16:00:00
1693671300000,25935.49,25937.91,25875.54,25875.54,297.06149,2023-09-02 16:15:00
1693672200000,25875.54,25880.71,25843.93,25862.99,270.06896,2023-09-02 16:30:00
1693673100000,25862.99,25877.59,25855.66,25861.42,256.0933,2023-09-02 16:45:00
1693674000000,25861.41,25873.88,25847.09,25849.98,215.25359,2023-09-02 17:00:00
1693674900000,25849.98,25869.47,25849.97,25862.82,119.29393,2023-09-02 17:15:00
1693675800000,25862.82,25867.71,25831.61,25841.3,196.87923,2023-09-02 17:30:00
1693676700000,25841.3,25841.31,25813.01,25813.58,227.32342,2023-09-02 17:45:00
1693677600000,25813.58,25822.35,25781.29,25796.22,356.13077,2023-09-02 18:00:00
1693678500000,25796.23,25796.23,25765.6,25767.82,325.55458,2023-09-02 18:15:00
1693679400000,25767.82,25824.85,25763.2,25795.01,255.11113,2023-09-02 18:30:00
1693680300000,25795.01,25816.9,25788.48,25809.63,132.51692,2023-09-02 18:45:00
1693681200000,25809.62,25820.0,25800.0,25820.0,132.07994,2023-09-02 19:00:00
1693682100000,25819.99,25838.58,25812.08,25812.09,143.77497,2023-09-02 19:15:00
1693683000000,25812.08,25834.26,25807.34,25834.26,123.39519,2023-09-02 19:30:00
1693683900000,25834.25,25846.07,25827.22,25833.39,137.18088,2023-09-02 19:45:00
1693684800000,25833.4,25837.51,25819.25,25836.89,133.17086,2023-09-02 20:00:00
1693685700000,25836.89,25846.88,25826.66,25826.66,77.13013,2023-09-02 20:15:00
1693686600000,25826.66,25840.34,25817.84,25838.85,92.85497,2023-09-02 20:30:00
1693687500000,25838.85,25848.99,25833.39,25848.99,98.67674,2023-09-02 20:45:00
1693688400000,25848.98,25861.46,25841.66,25861.45,98.57792,2023-09-02 21:00:00
1693689300000,25861.45,25888.64,25847.28,25869.43,172.6057,2023-09-02 21:15:00
1693690200000,25869.42,25881.66,25849.64,25872.48,98.57316,2023-09-02 21:30:00
1693691100000,25872.48,25872.48,25848.7,25858.85,81.38226,2023-09-02 21:45:00
1693692000000,25858.84,25860.0,25845.66,25853.48,114.4515,2023-09-02 22:00:00
1693692900000,25853.48,25858.63,25849.19,25849.19,45.66532,2023-09-02 22:15:00
1693693800000,25849.19,25851.79,25846.0,25846.01,56.37894,2023-09-02 22:30:00
1693694700000,25846.01,25861.51,25845.86,25861.51,47.47406,2023-09-02 22:45:00
1693695600000,25861.51,25863.33,25855.06,25863.32,50.31831,2023-09-02 23:00:00
1693696500000,25863.32,25907.09,25863.32,25887.54,212.17218,2023-09-02 23:15:00
1693697400000,25887.54,25887.54,25863.55,25865.32,65.73297,2023-09-02 23:30:00
1693698300000,25865.31,25869.52,25855.0,25869.51,64.59688,2023-09-02 23:45:00
1693699200000,25869.52,25872.62,25858.09,25868.09,121.92833,2023-09-03 00:00:00
1693700100000,25868.08,25868.09,25849.76,25860.01,97.67244,2023-09-03 00:15:00
1693701000000,25860.0,25860.01,25826.29,25848.49,130.4203,2023-09-03 00:30:00
1693701900000,25848.48,25870.0,25848.48,25869.99,74.04373,2023-09-03 00:45:00
1693702800000,25869.99,25907.53,25869.99,25900.01,154.43154,2023-09-03 01:00:00
1693703700000,25900.01,25900.01,25874.91,25877.19,60.36268,2023-09-03 01:15:00
1693704600000,25877.18,25879.66,25857.41,25864.1,268.46274,2023-09-03 01:30:00
1693705500000,25864.1,25870.01,25855.48,25867.4,222.54463,2023-09-03 01:45:00
1693706400000,25867.4,25870.0,25856.31,25869.99,115.4676,2023-09-03 02:00:00
1693707300000,25869.99,25880.86,25869.99,25880.86,107.16397,2023-09-03 02:15:00
1693708200000,25880.85,25880.86,25870.22,25879.91,64.87791,2023-09-03 02:30:00
1693709100000,25879.9,25879.91,25855.76,25860.46,69.35332,2023-09-03 02:45:00
1693710000000,25860.46,25873.51,25860.46,25873.51,38.1223,2023-09-03 03:00:00
1693710900000,25873.51,25873.51,25855.45,25856.05,130.80511,2023-09-03 03:15:00
1693711800000,25856.05,25860.51,25850.0,25860.0,123.51829,2023-09-03 03:30:00
1693712700000,25859.99,25863.91,25852.33,25863.91,59.68394,2023-09-03 03:45:00
1693713600000,25863.91,25875.5,25863.9,25872.1,56.97705,2023-09-03 04:00:00
1693714500000,25872.1,25874.41,25868.73,25868.73,38.47325,2023-09-03 04:15:00
1693715400000,25868.73,25880.05,25868.73,25880.04,37.46587,2023-09-03 04:30:00
1693716300000,25880.04,25880.05,25869.56,25874.99,43.4708,2023-09-03 04:45:00
1693717200000,25874.98,25886.09,25873.5,25886.08,51.77973,2023-09-03 05:00:00
1693718100000,25886.08,25897.09,25886.08,25897.09,57.34665,2023-09-03 05:15:00
1693719000000,25897.08,25905.0,25878.7,25878.71,83.76682,2023-09-03 05:30:00
1693719900000,25878.7,25904.75,25877.3,25900.06,74.62657,2023-09-03 05:45:00
1693720800000,25900.06,25906.58,25898.08,25901.66,62.49553,2023-09-03 06:00:00
1693721700000,25901.66,25901.66,25892.51,25892.52,50.02275,2023-09-03 06:15:00
1693722600000,25892.52,25946.59,25892.51,25935.3,153.10224,2023-09-03 06:30:00
1693723500000,25935.29,25935.3,25905.15,25910.0,165.27234,2023-09-03 06:45:00
1693724400000,25909.99,25926.42,25899.96,25921.3,245.20239,2023-09-03 07:00:00
1693725300000,25921.3,25941.65,25910.3,25910.59,300.82318,2023-09-03 07:15:00
1693726200000,25910.59,25934.86,25903.6,25931.02,310.88759,2023-09-03 07:30:00
1693727100000,25931.01,25956.24,25931.01,25956.22,311.5875,2023-09-03 07:45:00
1693728000000,25956.23,25956.3,25894.08,25908.53,235.8517,2023-09-03 08:00:00
1693728900000,25908.53,25912.35,25888.16,25888.8,147.32122,2023-09-03 08:15:00
1693729800000,25888.81,25900.01,25880.0,25882.83,120.53106,2023-09-03 08:30:00
1693730700000,25882.83,25891.46,25878.33,25882.18,84.79421,2023-09-03 08:45:00
1693731600000,25882.18,25902.33,25877.3,25897.63,223.53676,2023-09-03 09:00:00
1693732500000,25897.63,25943.41,25897.62,25931.92,328.17486,2023-09-03 09:15:00
1693733400000,25931.91,25931.92,25910.0,25917.3,105.83738,2023-09-03 09:30:00
1693734300000,25917.3,25918.02,25905.01,25905.02,120.41129,2023-09-03 09:45:00
1693735200000,25905.01,25906.57,25887.96,25902.65,145.76822,2023-09-03 10:00:00
1693736100000,25902.66,25913.16,25902.16,25902.17,59.71818,2023-09-03 10:15:00
1693737000000,25902.17,25909.93,25902.16,25909.42,67.32174,2023-09-03 10:30:00
1693737900000,25909.41,25938.43,25909.41,25932.97,150.95082,2023-09-03 10:45:00
1693738800000,25932.96,25932.97,25927.51,25931.88,169.19489,2023-09-03 11:00:00
1693739700000,25931.88,25931.88,25913.64,25919.87,146.89259,2023-09-03 11:15:00
1693740600000,25919.87,25934.27,25919.87,25934.27,64.65848,2023-09-03 11:30:00
1693741500000,25934.26,25945.92,25930.62,25943.38,81.18229,2023-09-03 11:45:00
1693742400000,25943.39,25947.78,25919.87,25919.88,126.25094,2023-09-03 12:00:00
1693743300000,25919.87,25941.03,25901.37,25941.03,143.05628,2023-09-03 12:15:00
1693744200000,25941.03,26085.01,25936.79,26027.0,876.84625,2023-09-03 12:30:00
1693745100000,26026.99,26054.84,25880.86,25896.06,630.02129,2023-09-03 12:45:00
1693746000000,25896.07,25903.96,25807.32,25903.95,590.74942,2023-09-03 13:00:00
1693746900000,25903.95,25938.17,25903.95,25934.4,218.5303,2023-09-03 13:15:00
1693747800000,25934.41,25947.42,25912.56,25938.4,161.3099,2023-09-03 13:30:00
1693748700000,25938.39,25941.61,25889.56,25890.46,153.88626,2023-09-03 13:45:00
1693749600000,25890.47,25916.31,25883.0,25894.0,156.74071,2023-09-03 14:00:00
1693750500000,25894.0,25915.04,25893.99,25895.69,116.19534,2023-09-03 14:15:00
1693751400000,25895.7,25936.93,25895.17,25927.77,110.67196,2023-09-03 14:30:00
1693752300000,25927.77,25936.32,25915.51,25926.96,83.9266,2023-09-03 14:45:00
1693753200000,25926.96,25928.96,25897.96,25897.97,135.38735,2023-09-03 15:00:00
1693754100000,25897.96,25909.35,25891.25,25899.99,94.60293,2023-09-03 15:15:00
1693755000000,25899.99,25912.16,25860.0,25860.0,192.33699,2023-09-03 15:30:00
1693755900000,25860.0,25877.44,25850.0,25873.5,180.95155,2023-09-03 15:45:00
1693756800000,25873.5,25880.0,25844.15,25874.45,235.08117,2023-09-03 16:00:00
1693757700000,25874.45,25897.04,25870.0,25870.01,133.22091,2023-09-03 16:15:00
1693758600000,25870.0,25884.44,25800.0,25830.05,453.64851,2023-09-03 16:30:00
1693759500000,25830.05,25860.01,25826.45,25846.9,844.18367,2023-09-03 16:45:00
1693760400000,25846.91,25874.47,25837.71,25868.85,143.36403,2023-09-03 17:00:00
1693761300000,25868.85,25873.93,25832.98,25836.65,172.23999,2023-09-03 17:15:00
1693762200000,25836.65,25857.59,25836.65,25855.67,112.87156,2023-09-03 17:30:00
1693763100000,25855.68,25888.0,25855.67,25888.0,130.4278,2023-09-03 17:45:00
1693764000000,25887.99,25926.99,25882.27,25902.03,183.09378,2023-09-03 18:00:00
1693764900000,25902.03,26039.99,25896.18,25924.0,676.50519,2023-09-03 18:15:00
1693765800000,25924.0,25985.0,25914.03,25967.18,188.38292,2023-09-03 18:30:00
1693766700000,25967.18,25979.55,25917.84,25934.01,122.79498,2023-09-03 18:45:00
1693767600000,25934.0,25965.0,25929.8,25955.23,148.18662,2023-09-03 19:00:00
1693768500000,25955.23,25956.37,25937.87,25956.33,126.26319,2023-09-03 19:15:00
1693769400000,25956.33,26014.94,25952.65,25999.66,263.95874,2023-09-03 19:30:00
1693770300000,25999.66,26014.48,25972.23,26011.16,171.74513,2023-09-03 19:45:00
1693771200000,26011.16,26035.96,25978.01,25978.02,224.6974,2023-09-03 20:00:00
1693772100000,25978.02,26015.0,25962.61,25993.42,185.44277,2023-09-03 20:15:00
1693773000000,25993.42,26015.0,25981.29,25997.29,119.33447,2023-09-03 20:30:00
1693773900000,25997.29,26135.0,25997.28,26048.18,886.07411,2023-09-03 20:45:00
1693774800000,26048.18,26071.95,26013.2,26015.14,310.38124,2023-09-03 21:00:00
1693775700000,26015.14,26030.91,25950.0,26003.01,286.45779,2023-09-03 21:15:00
1693776600000,26003.01,26018.56,25975.86,25986.29,202.21075,2023-09-03 21:30:00
1693777500000,25986.29,25986.3,25960.0,25967.7,74.30828,2023-09-03 21:45:00
1693778400000,25967.7,25985.0,25960.21,25980.38,117.71976,2023-09-03 22:00:00
1693779300000,25980.39,25980.39,25945.45,25954.54,150.612,2023-09-03 22:15:00
1693780200000,25954.54,25965.65,25932.77,25956.38,132.23226,2023-09-03 22:30:00
1693781100000,25956.39,25963.54,25942.34,25950.6,99.40733,2023-09-03 22:45:00
1693782000000,25950.59,25957.05,25927.94,25947.74,214.08037,2023-09-03 23:00:00
1693782900000,25947.74,25974.9,25947.74,25958.85,92.10029,2023-09-03 23:15:00
1693783800000,25958.86,25964.58,25953.65,25964.57,66.80027,2023-09-03 23:30:00
1693784700000,25964.57,25982.08,25964.57,25971.21,100.88054,2023-09-03 23:45:00
1693785600000,25971.21,25974.19,25931.01,25939.99,140.28743,2023-09-04 00:00:00
1693786500000,25939.99,25945.0,25927.81,25938.27,86.19108,2023-09-04 00:15:00
1693787400000,25938.28,25949.35,25921.03,25943.88,128.2159,2023-09-04 00:30:00
1693788300000,25943.88,25947.01,25897.06,25910.09,175.30775,2023-09-04 00:45:00
1693789200000,25910.1,25926.46,25904.03,25926.46,88.62085,2023-09-04 01:00:00
1693790100000,25926.46,25926.46,25890.0,25890.01,94.82366,2023-09-04 01:15:00
1693791000000,25890.0,25913.99,25877.66,25910.57,182.31495,2023-09-04 01:30:00
1693791900000,25910.57,25910.58,25892.84,25908.49,108.42413,2023-09-04 01:45:00
1693792800000,25908.49,25909.85,25901.22,25901.76,62.67752,2023-09-04 02:00:00
1693793700000,25901.76,25916.89,25895.36,25910.45,85.54,2023-09-04 02:15:00
1693794600000,25910.45,25972.78,25910.45,25962.36,334.8644,2023-09-04 02:30:00
1693795500000,25962.36,26030.0,25953.58,25983.16,249.55439,2023-09-04 02:45:00
1693796400000,25983.17,26074.09,25975.67,26040.59,286.32787,2023-09-04 03:00:00
1693797300000,26040.6,26108.02,26005.53,26008.88,411.57726,2023-09-04 03:15:00
1693798200000,26008.88,26021.88,25993.84,26006.6,187.19275,2023-09-04 03:30:00
1693799100000,26006.59,26019.15,25987.56,25987.56,120.37841,2023-09-04 03:45:00
1693800000000,25987.56,26016.94,25982.08,26011.87,185.05179,2023-09-04 04:00:00
1693800900000,26011.87,26018.12,25990.61,25990.62,142.54562,2023-09-04 04:15:00
1693801800000,25990.61,26011.39,25990.61,26003.42,147.02086,2023-09-04 04:30:00
1693802700000,26003.42,26003.43,25982.47,25982.64,149.11847,2023-09-04 04:45:00
1693803600000,25982.63,25992.35,25966.0,25970.67,138.34959,2023-09-04 05:00:00
1693804500000,25970.66,25978.79,25959.39,25978.78,102.52284,2023-09-04 05:15:00
1693805400000,25978.79,25978.79,25955.94,25965.0,82.40936,2023-09-04 05:30:00
1693806300000,25965.01,25965.01,25934.44,25934.44,202.92231,2023-09-04 05:45:00
1693807200000,25934.44,25974.15,25912.21,25960.26,291.22065,2023-09-04 06:00:00
1693808100000,25960.25,25990.0,25958.84,25984.73,151.13368,2023-09-04 06:15:00
1693809000000,25984.74,25992.25,25963.31,25986.47,108.14062,2023-09-04 06:30:00
1693809900000,25986.47,25986.47,25966.77,25967.48,124.8561,2023-09-04 06:45:00
1693810800000,25967.49,25984.67,25967.48,25976.96,202.7216,2023-09-04 07:00:00
1693811700000,25976.96,26010.0,25976.96,25981.86,188.9151,2023-09-04 07:15:00
1693812600000,25981.87,26008.81,25981.8,25984.99,158.40777,2023-09-04 07:30:00
1693813500000,25984.99,25985.0,25964.96,25964.96,130.82266,2023-09-04 07:45:00
1693814400000,25964.97,25998.55,25961.59,25997.1,172.10207,2023-09-04 08:00:00
1693815300000,25997.1,26009.84,25986.52,25994.46,149.51471,2023-09-04 08:15:00
1693816200000,25994.46,26011.24,25990.0,25990.0,153.38853,2023-09-04 08:30:00
1693817100000,25990.0,25995.25,25985.02,25986.08,96.64751,2023-09-04 08:45:00
1693818000000,25986.08,25986.52,25964.44,25976.02,109.006,2023-09-04 09:00:00
1693818900000,25976.02,25981.19,25965.6,25965.6,99.91461,2023-09-04 09:15:00
1693819800000,25965.61,25967.88,25929.78,25935.17,269.87924,2023-09-04 09:30:00
1693820700000,25935.17,25952.22,25918.5,25952.21,194.44234,2023-09-04 09:45:00
1693821600000,25952.22,25967.25,25933.23,25947.27,160.88201,2023-09-04 10:00:00
1693822500000,25947.27,25947.28,25931.87,25939.3,124.40509,2023-09-04 10:15:00
1693823400000,25939.3,25947.4,25867.07,25890.13,503.25615,2023-09-04 10:30:00
1693824300000,25890.14,25914.75,25880.99,25907.79,226.93547,2023-09-04 10:45:00
1693825200000,25907.8,25942.28,25907.79,25918.47,246.08535,2023-09-04 11:00:00
1693826100000,25918.47,25918.48,25865.57,25881.77,361.03931,2023-09-04 11:15:00
1693827000000,25881.77,25919.09,25879.19,25919.08,152.33289,2023-09-04 11:30:00
1693827900000,25919.08,25919.09,25892.49,25892.49,191.86054,2023-09-04 11:45:00
1693828800000,25892.49,25902.29,25840.0,25873.18,364.82805,2023-09-04 12:00:00
1693829700000,25873.17,25880.76,25815.0,25880.75,393.29165,2023-09-04 12:15:00
1693830600000,25880.76,25887.05,25850.0,25860.41,202.28183,2023-09-04 12:30:00
1693831500000,25860.42,25860.42,25830.46,25858.38,255.32327,2023-09-04 12:45:00
1693832400000,25858.37,25889.94,25842.01,25889.93,202.31713,2023-09-04 13:00:00
1693833300000,25889.93,25911.75,25884.76,25908.1,206.59662,2023-09-04 13:15:00
1693834200000,25908.11,25908.11,25882.68,25908.1,269.4383,2023-09-04 13:30:00
1693835100000,25908.1,25909.75,25880.0,25883.35,147.98245,2023-09-04 13:45:00
1693836000000,25883.34,25902.86,25867.64,25902.86,148.63537,2023-09-04 14:00:00
1693836900000,25902.86,25909.21,25872.0,25878.59,152.39737,2023-09-04 14:15:00
1693837800000,25878.59,25897.62,25876.37,25887.51,162.42081,2023-09-04 14:30:00
1693838700000,25887.5,25887.51,25830.83,25854.41,226.28047,2023-09-04 14:45:00
1693839600000,25854.4,25875.61,25717.04,25790.87,1251.64525,2023-09-04 15:00:00
1693840500000,25790.87,25835.03,25745.82,25821.51,575.04214,2023-09-04 15:15:00
1693841400000,25821.5,25966.8,25770.0,25797.41,845.8032,2023-09-04 15:30:00
1693842300000,25797.4,25846.99,25768.0,25814.23,443.25536,2023-09-04 15:45:00
1693843200000,25814.24,25879.37,25812.42,25837.96,337.48726,2023-09-04 16:00:00
1693844100000,25837.95,25858.0,25810.0,25846.87,182.51603,2023-09-04 16:15:00
1693845000000,25846.87,25856.21,25835.45,25848.95,159.4163,2023-09-04 16:30:00
1693845900000,25848.96,25866.44,25840.41,25864.08,109.26662,2023-09-04 16:45:00
1693846800000,25864.08,25929.99,25850.47,25917.06,194.6411,2023-09-04 17:00:00
1693847700000,25917.06,25941.48,25864.13,25883.33,254.9969,2023-09-04 17:15:00
1693848600000,25883.32,25901.3,25868.34,25883.08,160.75125,2023-09-04 17:30:00
1693849500000,25883.09,25914.07,25883.08,25907.48,119.42417,2023-09-04 17:45:00
1693850400000,25907.47,25917.89,25887.31,25891.43,117.92627,2023-09-04 18:00:00
1693851300000,25891.42,25915.0,25886.45,25900.56,199.17781,2023-09-04 18:15:00
1693852200000,25900.57,25924.71,25895.13,25924.7,216.60428,2023-09-04 18:30:00
1693853100000,25924.7,25948.15,25913.21,25915.66,151.49035,2023-09-04 18:45:00
1693854000000,25915.66,25915.67,25865.51,25885.02,192.45451,2023-09-04 19:00:00
1693854900000,25885.01,25885.02,25853.15,25859.45,156.88981,2023-09-04 19:15:00
1693855800000,25859.45,25900.0,25859.44,25900.0,105.15386,2023-09-04 19:30:00
1693856700000,25900.0,25916.83,25881.74,25893.18,92.03333,2023-09-04 19:45:00
1693857600000,25893.19,25920.0,25893.18,25912.73,147.6099,2023-09-04 20:00:00
1693858500000,25912.72,25912.73,25857.06,25868.05,140.50129,2023-09-04 20:15:00
1693859400000,25868.06,25874.81,25806.41,25845.43,309.26953,2023-09-04 20:30:00
1693860300000,25845.43,25848.16,25823.11,25836.68,142.55809,2023-09-04 20:45:00
1693861200000,25836.68,25842.23,25763.45,25771.64,392.43393,2023-09-04 21:00:00
1693862100000,25771.64,25776.21,25666.01,25769.13,793.54379,2023-09-04 21:15:00
1693863000000,25769.14,25769.14,25673.22,25741.32,245.26316,2023-09-04 21:30:00
1693863900000,25741.33,25766.18,25631.21,25677.71,424.86847,2023-09-04 21:45:00
1693864800000,25677.72,25738.11,25632.61,25737.13,288.65027,2023-09-04 22:00:00
1693865700000,25737.14,25777.71,25720.03,25757.26,246.52943,2023-09-04 22:15:00
1693866600000,25757.26,25798.54,25735.44,25768.22,200.89806,2023-09-04 22:30:00
1693867500000,25768.22,25783.98,25757.2,25775.01,103.73339,2023-09-04 22:45:00
1693868400000,25775.02,25788.34,25770.81,25779.01,120.0916,2023-09-04 23:00:00
1693869300000,25779.01,25799.72,25764.02,25783.2,147.04655,2023-09-04 23:15:00
1693870200000,25783.2,25874.97,25780.0,25822.01,768.12147,2023-09-04 23:30:00
1693871100000,25822.0,25850.0,25814.0,25826.02,248.55885,2023-09-04 23:45:00
1693872000000,25826.03,25844.48,25806.95,25813.18,231.47687,2023-09-05 00:00:00
1693872900000,25813.18,25813.18,25761.0,25772.19,426.00513,2023-09-05 00:15:00
1693873800000,25772.18,25790.2,25758.32,25758.32,82.27524,2023-09-05 00:30:00
1693874700000,25758.32,25768.5,25737.69,25768.49,120.61794,2023-09-05 00:45:00
1693875600000,25768.5,25779.32,25761.7,25762.94,150.54174,2023-09-05 01:00:00
1693876500000,25762.95,25770.44,25745.03,25770.0,114.44642,2023-09-05 01:15:00
1693877400000,25770.0,25803.94,25769.99,25801.73,90.03781,2023-09-05 01:30:00
1693878300000,25801.74,25801.74,25747.99,25753.14,152.31146,2023-09-05 01:45:00
1693879200000,25753.15,25757.08,25741.73,25741.74,97.60652,2023-09-05 02:00:00
1693880100000,25741.73,25758.68,25735.24,25735.57,106.25902,2023-09-05 02:15:00
1693881000000,25735.57,25742.84,25694.22,25708.95,192.50898,2023-09-05 02:30:00
1693881900000,25708.95,25718.02,25670.0,25670.49,206.20578,2023-09-05 02:45:00
1693882800000,25670.5,25685.98,25562.62,25625.8,737.716,2023-09-05 03:00:00
1693883700000,25625.8,25652.65,25593.85,25634.2,288.74,2023-09-05 03:15:00
1693884600000,25634.21,25668.87,25631.47,25653.8,181.47959,2023-09-05 03:30:00
1693885500000,25653.8,25694.29,25653.8,25692.45,207.87968,2023-09-05 03:45:00
1693886400000,25692.45,25716.88,25689.93,25707.83,170.14803,2023-09-05 04:00:00
1693887300000,25707.82,25731.19,25678.06,25692.15,238.254,2023-09-05 04:15:00
1693888200000,25692.15,25726.22,25692.15,25702.65,160.11518,2023-09-05 04:30:00
1693889100000,25702.65,25710.21,25684.23,25698.24,97.95796,2023-09-05 04:45:00
1693890000000,25698.23,25756.72,25688.73,25755.42,208.66128,2023-09-05 05:00:00
1693890900000,25755.43,25755.43,25721.88,25721.88,133.34524,2023-09-05 05:15:00
1693891800000,25721.89,25721.89,25710.0,25710.0,97.02427,2023-09-05 05:30:00
1693892700000,25710.0,25749.93,25708.08,25733.31,147.77433,2023-09-05 05:45:00
1693893600000,25733.31,25739.06,25722.85,25736.03,110.90088,2023-09-05 06:00:00
1693894500000,25736.03,25741.46,25710.22,25710.22,109.55472,2023-09-05 06:15:00
1693895400000,25710.22,25710.23,25688.42,25700.48,135.73943,2023-09-05 06:30:00
1693896300000,25700.48,25711.98,25682.55,25690.0,224.91063,2023-09-05 06:45:00
1693897200000,25690.0,25714.99,25690.0,25709.55,173.20103,2023-09-05 07:00:00
1693898100000,25709.56,25721.21,25687.57,25721.2,180.67969,2023-09-05 07:15:00
1693899000000,25721.21,25722.09,25698.31,25713.52,135.64151,2023-09-05 07:30:00
1693899900000,25713.52,25736.22,25713.52,25735.56,156.03442,2023-09-05 07:45:00
1693900800000,25735.57,25812.09,25732.02,25743.98,411.75362,2023-09-05 08:00:00
1693901700000,25743.99,25754.18,25700.21,25703.34,234.46453,2023-09-05 08:15:00
1693902600000,25703.34,25709.32,25654.0,25666.56,307.78355,2023-09-05 08:30:00
1693903500000,25666.55,25713.72,25663.05,25710.92,242.78189,2023-09-05 08:45:00
1693904400000,25710.92,25723.02,25700.44,25722.7,242.65754,2023-09-05 09:00:00
1693905300000,25722.7,25747.24,25702.26,25716.43,223.35266,2023-09-05 09:15:00
1693906200000,25716.43,25769.99,25716.43,25754.7,125.54892,2023-09-05 09:30:00
1693907100000,25754.69,25794.38,25751.98,25752.27,188.20366,2023-09-05 09:45:00
1693908000000,25752.26,25780.8,25747.2,25780.8,128.38178,2023-09-05 10:00:00
1693908900000,25780.79,25810.16,25770.98,25795.47,186.70817,2023-09-05 10:15:00
1693909800000,25795.46,25801.91,25757.21,25757.22,202.77444,2023-09-05 10:30:00
1693910700000,25757.21,25771.72,25753.85,25758.01,125.88098,2023-09-05 10:45:00
1693911600000,25758.0,25773.04,25746.14,25751.88,163.29075,2023-09-05 11:00:00
1693912500000,25751.87,25770.18,25746.37,25769.99,382.15294,2023-09-05 11:15:00
1693913400000,25770.0,25771.79,25759.31,25760.0,105.55439,2023-09-05 11:30:00
1693914300000,25760.01,25796.97,25760.0,25783.68,271.19756,2023-09-05 11:45:00
1693915200000,25783.69,25791.18,25741.73,25759.01,261.38773,2023-09-05 12:00:00
1693916100000,25759.02,25765.93,25703.41,25725.47,274.83212,2023-09-05 12:15:00
1693917000000,25725.47,25777.0,25700.0,25771.19,280.79797,2023-09-05 12:30:00
1693917900000,25771.18,25839.0,25750.39,25824.26,431.60448,2023-09-05 12:45:00
1693918800000,25824.26,25832.23,25770.56,25788.18,284.6817,2023-09-05 13:00:00
1693919700000,25788.18,25804.41,25781.85,25782.26,187.59851,2023-09-05 13:15:00
1693920600000,25782.26,25789.44,25736.03,25756.5,276.09583,2023-09-05 13:30:00
1693921500000,25756.5,25776.75,25736.25,25736.25,316.77147,2023-09-05 13:45:00
1693922400000,25736.26,25766.08,25706.59,25717.16,319.89769,2023-09-05 14:00:00
1693923300000,25717.16,25734.37,25681.18,25698.04,364.20939,2023-09-05 14:15:00
1693924200000,25698.04,25708.51,25625.03,25679.15,435.42063,2023-09-05 14:30:00
1693925100000,25679.15,25717.71,25662.09,25716.23,282.07494,2023-09-05 14:45:00
1693926000000,25716.24,25831.77,25707.29,25823.2,723.94356,2023-09-05 15:00:00
1693926900000,25823.2,25915.49,25688.12,25694.56,1285.32791,2023-09-05 15:15:00
1693927800000,25694.57,25786.18,25671.41,25774.21,420.32199,2023-09-05 15:30:00
1693928700000,25774.2,25797.4,25746.01,25759.37,236.90526,2023-09-05 15:45:00
1693929600000,25759.38,25814.7,25735.52,25814.7,270.5987,2023-09-05 16:00:00
1693930500000,25814.69,25817.68,25774.16,25780.3,286.19879,2023-09-05 16:15:00
1693931400000,25780.3,25833.12,25780.29,25825.79,265.31285,2023-09-05 16:30:00
1693932300000,25825.79,25845.0,25741.43,25753.62,599.08174,2023-09-05 16:45:00
1693933200000,25753.61,25753.62,25715.51,25739.58,350.72905,2023-09-05 17:00:00
1693934100000,25739.57,25757.65,25706.53,25747.23,253.50453,2023-09-05 17:15:00
1693935000000,25747.23,25768.46,25747.23,25766.39,210.01016,2023-09-05 17:30:00
1693935900000,25766.4,25774.77,25745.0,25749.08,121.44151,2023-09-05 17:45:00
1693936800000,25749.09,25762.98,25730.0,25735.42,170.64572,2023-09-05 18:00:00
1693937700000,25735.42,25754.15,25715.27,25715.27,125.84046,2023-09-05 18:15:00
1693938600000,25715.27,25740.55,25715.27,25734.3,122.45363,2023-09-05 18:30:00
1693939500000,25734.31,25750.0,25721.6,25742.39,109.16352,2023-09-05 18:45:00
1693940400000,25742.38,25772.37,25735.82,25740.76,239.93917,2023-09-05 19:00:00
1693941300000,25740.77,25759.45,25729.74,25732.65,143.80582,2023-09-05 19:15:00
1693942200000,25732.66,25743.21,25719.04,25723.97,99.67107,2023-09-05 19:30:00
1693943100000,25723.96,25732.79,25683.93,25683.93,158.48763,2023-09-05 19:45:00
1693944000000,25683.93,25738.0,25675.0,25722.19,196.985,2023-09-05 20:00:00
1693944900000,25722.2,25730.0,25704.32,25717.25,141.51456,2023-09-05 20:15:00
1693945800000,25717.25,25718.05,25675.01,25690.73,181.8605,2023-09-05 20:30:00
1693946700000,25690.73,25718.81,25683.64,25714.41,188.87709,2023-09-05 20:45:00
1693947600000,25714.41,25758.0,25714.4,25751.43,146.23357,2023-09-05 21:00:00
1693948500000,25751.42,25759.16,25730.07,25752.73,114.20449,2023-09-05 21:15:00
1693949400000,25752.73,25769.19,25712.48,25743.93,265.79305,2023-09-05 21:30:00
1693950300000,25743.93,25746.37,25729.45,25735.02,66.58197,2023-09-05 21:45:00
1693951200000,25735.01,25748.82,25727.54,25746.68,91.33765,2023-09-05 22:00:00
1693952100000,25746.68,25760.0,25744.75,25759.67,129.26224,2023-09-05 22:15:00
1693953000000,25759.67,25769.44,25750.01,25751.73,78.56195,2023-09-05 22:30:00
1693953900000,25751.74,25771.68,25750.02,25768.29,70.08467,2023-09-05 22:45:00
1693954800000,25768.29,25775.61,25768.02,25775.6,51.21763,2023-09-05 23:00:00
1693955700000,25775.61,25788.69,25775.6,25786.2,74.88261,2023-09-05 23:15:00
1693956600000,25786.19,25802.73,25785.0,25800.02,87.75521,2023-09-05 23:30:00
1693957500000,25800.01,25800.02,25775.01,25792.1,120.94749,2023-09-05 23:45:00
1693958400000,25792.11,25825.76,25778.71,25802.01,290.20686,2023-09-06 00:00:00
1693959300000,25802.0,25818.5,25789.03,25792.39,139.97877,2023-09-06 00:15:00
1693960200000,25792.39,25798.12,25780.02,25789.34,132.44614,2023-09-06 00:30:00
1693961100000,25789.33,25803.43,25783.73,25803.43,110.91658,2023-09-06 00:45:00
1693962000000,25803.42,25820.69,25798.63,25817.59,101.67098,2023-09-06 01:00:00
1693962900000,25817.59,25828.8,25799.31,25807.59,125.63344,2023-09-06 01:15:00
1693963800000,25807.6,25810.39,25791.24,25791.24,143.88859,2023-09-06 01:30:00
1693964700000,25791.25,25791.25,25773.12,25783.33,82.68533,2023-09-06 01:45:00
1693965600000,25783.34,25791.95,25774.18,25790.86,90.69929,2023-09-06 02:00:00
1693966500000,25790.86,25823.97,25790.86,25806.81,139.48229,2023-09-06 02:15:00
1693967400000,25806.8,25836.24,25806.8,25829.08,113.31066,2023-09-06 02:30:00
1693968300000,25829.08,25859.42,25828.17,25849.65,106.60045,2023-09-06 02:45:00
1693969200000,25849.65,25870.51,25830.0,25844.99,166.43204,2023-09-06 03:00:00
1693970100000,25845.0,25847.94,25805.35,25805.35,149.67554,2023-09-06 03:15:00
1693971000000,25805.35,25808.07,25783.82,25784.7,102.18265,2023-09-06 03:30:00
1693971900000,25784.7,25790.0,25777.53,25782.86,112.98289,2023-09-06 03:45:00
1693972800000,25782.87,25787.53,25768.45,25773.91,146.49556,2023-09-06 04:00:00
1693973700000,25773.91,25788.66,25769.02,25778.17,82.55915,2023-09-06 04:15:00
1693974600000,25778.18,25792.25,25767.29,25767.44,99.93016,2023-09-06 04:30:00
1693975500000,25767.44,25767.44,25755.38,25755.39,99.34105,2023-09-06 04:45:00
1693976400000,25755.39,25766.95,25751.06,25752.2,95.86115,2023-09-06 05:00:00
1693977300000,25752.21,25758.8,25750.0,25758.25,85.76448,2023-09-06 05:15:00
1693978200000,25758.26,25758.26,25742.41,25742.41,88.21111,2023-09-06 05:30:00
1693979100000,25742.41,25746.74,25740.13,25746.55,100.48262,2023-09-06 05:45:00
1693980000000,25746.55,25764.14,25740.91,25755.65,162.96848,2023-09-06 06:00:00
1693980900000,25755.64,25788.8,25755.64,25767.01,128.79148,2023-09-06 06:15:00
1693981800000,25767.01,25773.65,25764.0,25766.7,171.19379,2023-09-06 06:30:00
1693982700000,25766.7,25791.32,25766.66,25780.01,391.24628,2023-09-06 06:45:00
1693983600000,25780.0,25780.01,25765.0,25766.37,240.40098,2023-09-06 07:00:00
1693984500000,25766.38,25778.28,25764.0,25778.27,203.36891,2023-09-06 07:15:00
1693985400000,25778.28,25784.57,25772.88,25778.03,87.88241,2023-09-06 07:30:00
1693986300000,25778.03,25778.04,25723.65,25728.93,380.96204,2023-09-06 07:45:00
1693987200000,25728.93,25740.39,25724.99,25735.11,133.42313,2023-09-06 08:00:00
1693988100000,25735.11,25750.39,25727.78,25738.53,142.23454,2023-09-06 08:15:00
1693989000000,25738.52,25753.94,25738.52,25746.26,137.13389,2023-09-06 08:30:00
1693989900000,25746.27,25759.4,25746.26,25749.93,103.37568,2023-09-06 08:45:00
1693990800000,25749.93,25758.54,25726.9,25728.04,149.06279,2023-09-06 09:00:00
1693991700000,25728.04,25739.58,25715.16,25734.78,236.00345,2023-09-06 09:15:00
1693992600000,25734.79,25750.67,25734.78,25749.94,97.54618,2023-09-06 09:30:00
1693993500000,25749.95,25772.48,25749.94,25753.47,122.57521,2023-09-06 09:45:00
1693994400000,25753.46,25777.2,25746.86,25773.44,94.93735,2023-09-06 10:00:00
1693995300000,25773.45,25773.45,25751.74,25751.75,101.41347,2023-09-06 10:15:00
1693996200000,25751.75,25758.06,25749.95,25749.95,82.42696,2023-09-06 10:30:00
1693997100000,25749.96,25749.96,25722.14,25726.92,140.29831,2023-09-06 10:45:00
1693998000000,25726.92,25738.37,25722.79,25737.39,104.6512,2023-09-06 11:00:00
1693998900000,25737.4,25765.54,25737.39,25763.49,104.06072,2023-09-06 11:15:00
1693999800000,25763.5,25771.14,25742.62,25742.63,113.66435,2023-09-06 11:30:00
1694000700000,25742.62,25744.36,25723.0,25733.29,145.68025,2023-09-06 11:45:00
1694001600000,25733.28,25740.94,25718.4,25729.12,104.63119,2023-09-06 12:00:00
1694002500000,25729.12,25744.29,25720.0,25744.28,162.45921,2023-09-06 12:15:00
1694003400000,25744.29,25746.19,25715.0,25720.14,170.94151,2023-09-06 12:30:00
1694004300000,25720.14,25724.83,25693.52,25713.63,268.25358,2023-09-06 12:45:00
1694005200000,25713.64,25745.6,25688.12,25703.21,256.32638,2023-09-06 13:00:00
1694006100000,25703.21,25722.7,25687.63,25700.0,193.14734,2023-09-06 13:15:00
1694007000000,25700.0,25760.0,25690.53,25760.0,310.52721,2023-09-06 13:30:00
1694007900000,25760.0,25778.0,25701.13,25741.82,427.90064,2023-09-06 13:45:00
1694008800000,25741.83,25741.83,25620.43,25665.84,769.89288,2023-09-06 14:00:00
1694009700000,25665.84,25699.65,25595.0,25596.0,601.72639,2023-09-06 14:15:00
1694010600000,25596.01,25639.25,25575.99,25578.1,511.26611,2023-09-06 14:30:00
1694011500000,25578.1,25633.52,25540.0,25615.93,553.97683,2023-09-06 14:45:00
1694012400000,25615.92,25639.72,25580.8,25584.15,290.34164,2023-09-06 15:00:00
1694013300000,25584.15,25624.8,25546.87,25605.75,519.9877,2023-09-06 15:15:00
1694014200000,25605.75,25658.6,25594.08,25655.79,352.43045,2023-09-06 15:30:00
1694015100000,25655.8,25655.8,25586.1,25588.02,251.98613,2023-09-06 15:45:00
1694016000000,25588.01,25599.27,25563.39,25567.41,260.85049,2023-09-06 16:00:00
1694016900000,25567.41,25601.4,25552.76,25568.87,294.03755,2023-09-06 16:15:00
1694017800000,25568.86,25608.47,25557.93,25587.79,256.87125,2023-09-06 16:30:00
1694018700000,25587.79,25638.5,25584.84,25595.2,224.33765,2023-09-06 16:45:00
1694019600000,25595.19,25601.0,25372.51,25526.52,2336.16549,2023-09-06 17:00:00
1694020500000,25526.51,25646.91,25492.95,25623.05,792.39501,2023-09-06 17:15:00
1694021400000,25623.05,25705.82,25601.17,25675.96,748.94919,2023-09-06 17:30:00
1694022300000,25675.95,26040.0,25653.75,25860.01,2620.58577,2023-09-06 17:45:00
1694023200000,25860.0,25959.52,25774.67,25810.56,1035.50105,2023-09-06 18:00:00
1694024100000,25810.57,25816.37,25588.0,25687.04,960.69514,2023-09-06 18:15:00
1694025000000,25687.04,25732.25,25630.58,25716.16,536.90187,2023-09-06 18:30:00
1694025900000,25716.16,25745.6,25630.0,25630.0,293.48436,2023-09-06 18:45:00
1694026800000,25630.0,25664.33,25592.19,25662.71,521.72506,2023-09-06 19:00:00
1694027700000,25662.71,25712.06,25660.88,25698.99,322.59716,2023-09-06 19:15:00
1694028600000,25698.25,25728.73,25680.47,25685.0,281.71228,2023-09-06 19:30:00
1694029500000,25685.0,25697.0,25660.0,25689.54,183.23895,2023-09-06 19:45:00
1694030400000,25689.54,25720.09,25687.15,25698.58,185.87895,2023-09-06 20:00:00
1694031300000,25698.59,25703.41,25655.02,25661.52,165.97411,2023-09-06 20:15:00
1694032200000,25661.53,25717.08,25658.19,25717.07,183.65115,2023-09-06 20:30:00
1694033100000,25717.08,25718.01,25677.0,25681.37,179.49368,2023-09-06 20:45:00
1694034000000,25681.38,25713.53,25673.46,25713.52,149.84309,2023-09-06 21:00:00
1694034900000,25713.52,25749.5,25709.54,25747.43,134.56976,2023-09-06 21:15:00
1694035800000,25747.43,25775.0,25714.99,25723.2,169.4178,2023-09-06 21:30:00
1694036700000,25723.2,25755.97,25723.19,25725.62,116.2729,2023-09-06 21:45:00
1694037600000,25725.63,25776.72,25725.62,25744.5,261.45122,2023-09-06 22:00:00
1694038500000,25744.5,25769.37,25720.27,25756.99,303.46395,2023-09-06 22:15:00
1694039400000,25757.0,25770.94,25743.41,25759.43,514.36546,2023-09-06 22:30:00
1694040300000,25759.42,25759.43,25736.0,25748.24,392.80701,2023-09-06 22:45:00
1694041200000,25748.25,25767.73,25737.55,25767.73,107.58048,2023-09-06 23:00:00
1694042100000,25767.73,25786.51,25767.72,25781.94,95.65003,2023-09-06 23:15:00
1694043000000,25781.94,25781.95,25739.55,25763.9,152.22722,2023-09-06 23:30:00
1694043900000,25763.89,25775.0,25759.4,25759.95,51.29396,2023-09-06 23:45:00
1694044800000,25759.95,25771.51,25759.94,25766.22,58.98039,2023-09-07 00:00:00
1694045700000,25766.22,25767.0,25743.76,25746.49,85.94415,2023-09-07 00:15:00
1694046600000,25746.49,25755.22,25743.62,25746.49,93.18813,2023-09-07 00:30:00
1694047500000,25746.49,25759.99,25733.75,25758.64,68.31687,2023-09-07 00:45:00
1694048400000,25758.63,25774.06,25754.87,25762.9,106.71329,2023-09-07 01:00:00
1694049300000,25762.9,25775.27,25734.07,25734.08,146.29003,2023-09-07 01:15:00
1694050200000,25734.08,25744.06,25724.78,25737.5,165.31516,2023-09-07 01:30:00
1694051100000,25737.5,25754.59,25736.97,25745.71,94.15238,2023-09-07 01:45:00
1694052000000,25745.71,25767.36,25733.35,25762.57,201.53553,2023-09-07 02:00:00
1694052900000,25762.57,25781.75,25733.21,25778.61,134.23534,2023-09-07 02:15:00
1694053800000,25778.62,25778.62,25746.58,25754.05,100.31518,2023-09-07 02:30:00
1694054700000,25754.05,25770.94,25747.87,25750.01,95.97286,2023-09-07 02:45:00
1694055600000,25750.01,25765.98,25750.0,25765.97,46.66724,2023-09-07 03:00:00
1694056500000,25765.97,25805.0,25765.97,25800.3,158.82024,2023-09-07 03:15:00
1694057400000,25800.29,25823.52,25785.6,25799.2,148.69358,2023-09-07 03:30:00
1694058300000,25799.21,25839.5,25799.2,25837.88,187.85884,2023-09-07 03:45:00
1694059200000,25837.88,25850.0,25817.08,25829.99,167.33889,2023-09-07 04:00:00
1694060100000,25830.0,25844.99,25790.13,25798.19,178.32154,2023-09-07 04:15:00
1694061000000,25798.19,25809.96,25794.78,25798.45,55.60922,2023-09-07 04:30:00
1694061900000,25798.44,25818.92,25785.01,25816.09,115.53972,2023-09-07 04:45:00
1694062800000,25816.1,25820.0,25798.4,25798.4,69.08999,2023-09-07 05:00:00
1694063700000,25798.4,25799.24,25786.07,25788.44,50.06554,2023-09-07 05:15:00
1694064600000,25788.45,25790.08,25776.87,25783.16,101.18681,2023-09-07 05:30:00
1694065500000,25783.16,25810.0,25780.0,25788.92,95.91134,2023-09-07 05:45:00
1694066400000,25788.91,25794.33,25772.96,25781.4,112.06673,2023-09-07 06:00:00
1694067300000,25781.4,25795.62,25778.01,25795.62,95.20943,2023-09-07 06:15:00
1694068200000,25795.62,25795.62,25771.49,25784.43,113.84727,2023-09-07 06:30:00
1694069100000,25784.44,25784.44,25761.86,25761.87,121.13418,2023-09-07 06:45:00
1694070000000,25761.87,25762.35,25745.94,25756.16,306.00198,2023-09-07 07:00:00
1694070900000,25756.16,25764.83,25746.68,25746.85,134.63432,2023-09-07 07:15:00
1694071800000,25746.86,25769.42,25746.85,25769.42,130.19784,2023-09-07 07:30:00
1694072700000,25769.41,25769.42,25756.4,25762.89,126.41781,2023-09-07 07:45:00
1694073600000,25762.89,25762.9,25736.96,25741.22,150.14446,2023-09-07 08:00:00
1694074500000,25741.22,25754.47,25730.27,25739.88,140.49668,2023-09-07 08:15:00
1694075400000,25739.87,25752.73,25739.87,25750.06,115.54224,2023-09-07 08:30:00
1694076300000,25750.05,25751.28,25744.99,25744.99,67.59274,2023-09-07 08:45:00
1694077200000,25744.99,25758.24,25740.0,25758.24,133.88535,2023-09-07 09:00:00
1694078100000,25758.24,25758.55,25750.84,25758.55,95.59373,2023-09-07 09:15:00
1694079000000,25758.54,25760.61,25746.18,25746.18,115.05248,2023-09-07 09:30:00
1694079900000,25746.19,25746.19,25734.07,25735.35,94.03757,2023-09-07 09:45:00
1694080800000,25735.36,25748.21,25735.35,25748.21,81.35948,2023-09-07 10:00:00
1694081700000,25748.21,25748.21,25740.0,25743.88,112.85534,2023-09-07 10:15:00
1694082600000,25743.88,25743.88,25724.16,25731.44,115.91851,2023-09-07 10:30:00
1694083500000,25731.45,25748.77,25719.06,25748.76,152.11339,2023-09-07 10:45:00
1694084400000,25748.77,25757.43,25744.76,25744.76,104.2284,2023-09-07 11:00:00
1694085300000,25744.77,25744.77,25707.4,25717.08,155.48012,2023-09-07 11:15:00
1694086200000,25717.07,25723.45,25697.66,25706.93,245.90608,2023-09-07 11:30:00
1694087100000,25706.92,25710.0,25691.07,25708.6,136.3336,2023-09-07 11:45:00
1694088000000,25708.6,25716.62,25701.11,25708.96,145.36574,2023-09-07 12:00:00
1694088900000,25708.96,25718.7,25692.25,25718.69,172.12716,2023-09-07 12:15:00
1694089800000,25718.69,25718.86,25661.07,25671.26,330.63205,2023-09-07 12:30:00
1694090700000,25671.27,25676.47,25636.72,25660.0,280.82406,2023-09-07 12:45:00
1694091600000,25660.01,25705.0,25656.07,25682.14,311.5764,2023-09-07 13:00:00
1694092500000,25682.15,25695.42,25670.12,25682.29,129.51108,2023-09-07 13:15:00
1694093400000,25682.3,25773.72,25636.67,25721.6,472.28912,2023-09-07 13:30:00
1694094300000,25721.61,25721.61,25627.7,25646.63,333.87153,2023-09-07 13:45:00
1694095200000,25646.64,25721.15,25615.38,25688.59,422.0352,2023-09-07 14:00:00
1694096100000,25688.6,25715.37,25666.34,25673.0,200.43636,2023-09-07 14:15:00
1694097000000,25673.0,25746.53,25640.32,25740.44,294.39634,2023-09-07 14:30:00
1694097900000,25740.45,25768.84,25722.81,25768.76,284.40273,2023-09-07 14:45:00
1694098800000,25768.76,25816.16,25750.06,25784.99,477.05142,2023-09-07 15:00:00
1694099700000,25785.0,25834.52,25743.34,25743.93,729.39406,2023-09-07 15:15:00
1694100600000,25743.93,25799.33,25741.27,25772.5,246.45258,2023-09-07 15:30:00
1694101500000,25772.51,25798.45,25764.39,25779.35,162.44733,2023-09-07 15:45:00
1694102400000,25779.35,25806.95,25773.52,25803.61,251.82859,2023-09-07 16:00:00
1694103300000,25803.61,25878.0,25790.01,25835.53,342.06376,2023-09-07 16:15:00
1694104200000,25835.54,25913.52,25832.89,25884.34,598.68504,2023-09-07 16:30:00
1694105100000,25884.33,25976.66,25824.4,25828.71,635.60499,2023-09-07 16:45:00
1694106000000,25828.72,25828.83,25794.54,25825.85,326.04015,2023-09-07 17:00:00
1694106900000,25825.86,25875.0,25809.98,25868.95,350.00691,2023-09-07 17:15:00
1694107800000,25868.95,25918.1,25856.33,25882.79,290.91123,2023-09-07 17:30:00
1694108700000,25882.8,25965.0,25882.79,25931.18,549.07197,2023-09-07 17:45:00
1694109600000,25931.19,25977.75,25890.0,25909.69,428.6579,2023-09-07 18:00:00
1694110500000,25909.69,25926.18,25875.77,25878.28,229.78976,2023-09-07 18:15:00
1694111400000,25878.28,25899.52,25853.33,25883.8,228.8774,2023-09-07 18:30:00
1694112300000,25883.8,25905.0,25875.0,25902.88,136.24796,2023-09-07 18:45:00
1694113200000,25902.87,25915.0,25838.51,25844.23,274.02807,2023-09-07 19:00:00
1694114100000,25844.22,25878.45,25836.76,25872.23,108.58833,2023-09-07 19:15:00
1694115000000,25872.23,25890.0,25857.53,25884.34,145.51224,2023-09-07 19:30:00
1694115900000,25884.33,25895.85,25870.0,25880.01,179.23816,2023-09-07 19:45:00
1694116800000,25880.01,25897.68,25858.21,25896.28,193.28546,2023-09-07 20:00:00
1694117700000,25896.28,25942.31,25878.86,25941.1,341.84676,2023-09-07 20:15:00
1694118600000,25941.1,25956.45,25909.52,25954.1,439.64714,2023-09-07 20:30:00
1694119500000,25954.09,26025.0,25936.78,26006.25,695.41698,2023-09-07 20:45:00
1694120400000,26006.24,26355.0,26006.24,26221.88,2916.31578,2023-09-07 21:00:00
1694121300000,26221.87,26443.14,26170.31,26205.3,2048.62195,2023-09-07 21:15:00
1694122200000,26205.31,26252.75,26152.08,26188.0,575.13571,2023-09-07 21:30:00
1694123100000,26188.0,26245.77,26148.12,26160.0,244.91565,2023-09-07 21:45:00
1694124000000,26159.99,26275.0,26159.99,26231.4,521.41066,2023-09-07 22:00:00
1694124900000,26231.4,26281.27,26230.03,26275.0,267.77886,2023-09-07 22:15:00
1694125800000,26275.0,26403.37,26259.86,26368.26,1064.61831,2023-09-07 22:30:00
1694126700000,26368.25,26433.33,26323.98,26323.99,764.66544,2023-09-07 22:45:00
1694127600000,26323.99,26358.07,26236.09,26238.0,487.82166,2023-09-07 23:00:00
1694128500000,26238.0,26255.8,26170.04,26190.37,380.54065,2023-09-07 23:15:00
1694129400000,26190.38,26214.18,26134.5,26189.99,420.64449,2023-09-07 23:30:00
1694130300000,26189.98,26255.04,26172.36,26255.0,374.75256,2023-09-07 23:45:00
1694131200000,26255.0,26268.66,26222.52,26222.53,316.93451,2023-09-08 00:00:00
1694132100000,26222.52,26289.04,26222.52,26275.01,287.86739,2023-09-08 00:15:00
1694133000000,26275.01,26396.9,26275.01,26366.02,316.20915,2023-09-08 00:30:00
1694133900000,26366.02,26445.5,26320.0,26359.08,404.30908,2023-09-08 00:45:00
1694134800000,26359.09,26385.48,26288.6,26298.08,421.20501,2023-09-08 01:00:00
1694135700000,26298.08,26321.46,26290.01,26308.99,262.48499,2023-09-08 01:15:00
1694136600000,26308.99,26324.06,26296.59,26315.98,369.03292,2023-09-08 01:30:00
1694137500000,26315.97,26315.98,26238.77,26244.79,455.48236,2023-09-08 01:45:00
1694138400000,26244.79,26271.95,26244.78,26266.09,147.48586,2023-09-08 02:00:00
1694139300000,26266.1,26286.09,26240.0,26267.59,200.22566,2023-09-08 02:15:00
1694140200000,26267.58,26267.59,26198.91,26216.48,266.56356,2023-09-08 02:30:00
1694141100000,26216.47,26255.08,26214.48,26248.33,454.7409,2023-09-08 02:45:00
1694142000000,26248.32,26263.16,26215.36,26224.99,293.45759,2023-09-08 03:00:00
1694142900000,26224.98,26242.19,26224.98,26228.73,243.70722,2023-09-08 03:15:00
1694143800000,26228.72,26267.98,26228.72,26267.97,239.40373,2023-09-08 03:30:00
1694144700000,26267.98,26272.86,26252.8,26252.8,131.8838,2023-09-08 03:45:00
1694145600000,26252.81,26310.59,26252.8,26302.52,263.67859,2023-09-08 04:00:00
1694146500000,26302.52,26310.3,26282.13,26282.13,160.20474,2023-09-08 04:15:00
1694147400000,26282.14,26347.08,26282.13,26347.07,368.92217,2023-09-08 04:30:00
1694148300000,26347.07,26382.65,26305.95,26345.8,404.21218,2023-09-08 04:45:00
1694149200000,26345.79,26385.0,26324.8,26332.77,416.08931,2023-09-08 05:00:00
1694150100000,26332.76,26365.0,26328.64,26349.96,178.64471,2023-09-08 05:15:00
1694151000000,26349.96,26354.99,26286.66,26307.53,241.446,2023-09-08 05:30:00
1694151900000,26307.53,26307.54,26239.43,26239.43,406.4811,2023-09-08 05:45:00
1694152800000,26239.44,26252.29,26222.36,26222.36,289.33634,2023-09-08 06:00:00
1694153700000,26222.36,26257.79,26214.0,26257.49,184.80209,2023-09-08 06:15:00
1694154600000,26257.48,26257.49,26190.0,26212.93,288.31896,2023-09-08 06:30:00
1694155500000,26212.92,26232.29,26212.92,26224.85,99.02104,2023-09-08 06:45:00
1694156400000,26224.86,26259.38,26224.85,26259.37,143.04916,2023-09-08 07:00:00
1694157300000,26259.37,26289.13,26251.71,26286.73,204.57577,2023-09-08 07:15:00
1694158200000,26286.74,26286.74,26240.48,26240.49,168.89418,2023-09-08 07:30:00
1694159100000,26240.48,26263.32,26233.99,26256.22,170.21128,2023-09-08 07:45:00
1694160000000,26256.21,26266.93,26213.61,26213.61,308.29126,2023-09-08 08:00:00
1694160900000,26213.62,26231.07,26196.65,26217.73,250.28654,2023-09-08 08:15:00
1694161800000,26217.73,26230.0,26192.25,26202.33,261.60201,2023-09-08 08:30:00
1694162700000,26202.33,26212.55,26188.23,26200.04,242.50807,2023-09-08 08:45:00
1694163600000,26200.04,26200.04,26128.83,26172.01,467.43278,2023-09-08 09:00:00
1694164500000,26172.0,26182.19,26099.16,26124.03,345.99312,2023-09-08 09:15:00
1694165400000,26124.03,26140.0,26066.0,26115.38,470.77239,2023-09-08 09:30:00
1694166300000,26115.39,26132.6,26035.99,26044.08,555.48376,2023-09-08 09:45:00
1694167200000,26044.08,26044.08,25647.26,25736.72,3198.90149,2023-09-08 10:00:00
1694168100000,25736.72,25806.53,25676.41,25802.41,667.85898,2023-09-08 10:15:00
1694169000000,25802.41,25855.7,25781.49,25845.29,569.10731,2023-09-08 10:30:00
1694169900000,25845.29,25855.0,25818.17,25831.21,268.92515,2023-09-08 10:45:00
1694170800000,25831.21,25879.95,25817.08,25869.0,319.94084,2023-09-08 11:00:00
1694171700000,25868.99,25896.24,25846.16,25846.17,227.36102,2023-09-08 11:15:00
1694172600000,25846.16,25852.17,25828.28,25838.46,222.71641,2023-09-08 11:30:00
1694173500000,25838.46,25846.79,25820.19,25839.51,160.60688,2023-09-08 11:45:00
1694174400000,25839.52,25839.52,25795.45,25834.22,339.12099,2023-09-08 12:00:00
1694175300000,25834.23,25875.0,25834.22,25866.13,200.66881,2023-09-08 12:15:00
1694176200000,25866.12,25905.0,25860.61,25873.22,228.00199,2023-09-08 12:30:00
1694177100000,25873.22,25878.66,25851.34,25854.03,179.98965,2023-09-08 12:45:00
1694178000000,25854.03,25863.81,25825.25,25830.67,179.93036,2023-09-08 13:00:00
1694178900000,25830.67,25876.76,25830.67,25870.01,264.54047,2023-09-08 13:15:00
1694179800000,25870.01,25955.0,25869.54,25910.0,486.78083,2023-09-08 13:30:00
1694180700000,25910.0,25933.7,25876.49,25887.46,301.47839,2023-09-08 13:45:00
1694181600000,25887.46,25933.33,25881.45,25896.41,318.08472,2023-09-08 14:00:00
1694182500000,25896.41,25944.19,25896.4,25936.8,213.43965,2023-09-08 14:15:00
1694183400000,25936.81,25936.81,25902.82,25905.01,235.619,2023-09-08 14:30:00
1694184300000,25905.01,25908.53,25831.24,25831.25,337.97905,2023-09-08 14:45:00
1694185200000,25831.24,25899.99,25818.4,25887.08,346.53683,2023-09-08 15:00:00
1694186100000,25887.09,25900.0,25840.82,25854.99,386.03068,2023-09-08 15:15:00
1694187000000,25855.0,25890.37,25853.94,25877.04,478.12216,2023-09-08 15:30:00
1694187900000,25877.05,25877.05,25832.25,25844.64,466.07198,2023-09-08 15:45:00
1694188800000,25844.64,25875.15,25840.66,25862.66,432.88931,2023-09-08 16:00:00
1694189700000,25862.65,25870.0,25832.91,25835.16,210.16605,2023-09-08 16:15:00
1694190600000,25835.16,25854.34,25719.8,25758.29,834.71828,2023-09-08 16:30:00
1694191500000,25758.29,25805.17,25731.0,25796.69,294.61896,2023-09-08 16:45:00
1694192400000,25796.69,25803.94,25771.19,25793.76,209.02769,2023-09-08 17:00:00
1694193300000,25793.76,25818.11,25746.0,25812.92,308.83067,2023-09-08 17:15:00
1694194200000,25812.92,25845.0,25795.53,25827.79,196.7843,2023-09-08 17:30:00
1694195100000,25827.79,25849.1,25820.0,25829.01,153.47897,2023-09-08 17:45:00
1694196000000,25829.01,25834.97,25803.03,25803.03,195.24535,2023-09-08 18:00:00
1694196900000,25803.03,25817.66,25801.15,25801.4,128.31881,2023-09-08 18:15:00
1694197800000,25801.41,25818.81,25766.21,25814.6,242.99569,2023-09-08 18:30:00
1694198700000,25814.6,25814.6,25773.54,25798.34,144.02904,2023-09-08 18:45:00
1694199600000,25798.34,25818.82,25781.84,25810.35,178.04716,2023-09-08 19:00:00
1694200500000,25810.35,25848.56,25789.54,25843.94,235.89122,2023-09-08 19:15:00
1694201400000,25843.95,25887.94,25843.05,25887.94,257.38754,2023-09-08 19:30:00
1694202300000,25887.93,25895.63,25857.22,25895.62,245.02262,2023-09-08 19:45:00
1694203200000,25895.63,25896.02,25860.5,25885.94,208.10105,2023-09-08 20:00:00
1694204100000,25885.95,25885.95,25850.13,25866.76,149.25784,2023-09-08 20:15:00
1694205000000,25866.75,25899.0,25863.39,25884.84,157.66638,2023-09-08 20:30:00
1694205900000,25884.84,25910.0,25875.25,25908.81,249.13034,2023-09-08 20:45:00
1694206800000,25908.81,25932.36,25877.64,25890.9,311.88183,2023-09-08 21:00:00
1694207700000,25890.9,25895.32,25867.55,25879.19,183.7841,2023-09-08 21:15:00
1694208600000,25879.2,25909.4,25871.76,25871.77,244.98182,2023-09-08 21:30:00
1694209500000,25871.76,25914.86,25871.76,25894.23,195.11871,2023-09-08 21:45:00
1694210400000,25894.22,25902.89,25889.56,25902.88,99.46399,2023-09-08 22:00:00
1694211300000,25902.87,25911.66,25893.15,25893.15,88.14287,2023-09-08 22:15:00
1694212200000,25893.15,25910.09,25893.15,25909.14,78.36719,2023-09-08 22:30:00
1694213100000,25909.14,25910.05,25901.23,25905.74,75.73165,2023-09-08 22:45:00
1694214000000,25905.74,25934.36,25905.73,25926.6,177.68924,2023-09-08 23:00:00
1694214900000,25926.6,25926.61,25904.2,25904.2,79.7016,2023-09-08 23:15:00
1694215800000,25904.21,25909.46,25897.91,25903.7,94.67538,2023-09-08 23:30:00
1694216700000,25903.69,25910.5,25903.69,25910.5,39.55414,2023-09-08 23:45:00
1694217600000,25910.5,25910.5,25897.44,25900.9,119.68288,2023-09-09 00:00:00
1694218500000,25900.9,25900.91,25892.85,25893.29,97.78952,2023-09-09 00:15:00
1694219400000,25893.29,25895.98,25860.88,25879.89,189.06799,2023-09-09 00:30:00
1694220300000,25879.9,25879.9,25855.32,25860.65,221.56535,2023-09-09 00:45:00
1694221200000,25860.65,25887.34,25860.64,25882.84,87.6034,2023-09-09 01:00:00
1694222100000,25882.85,25882.86,25852.0,25870.51,130.19616,2023-09-09 01:15:00
1694223000000,25870.52,25886.92,25870.51,25886.23,96.30865,2023-09-09 01:30:00
1694223900000,25886.22,25889.42,25859.64,25865.23,290.22068,2023-09-09 01:45:00
1694224800000,25865.22,25878.04,25850.82,25868.99,159.18258,2023-09-09 02:00:00
1694225700000,25868.99,25876.94,25858.91,25876.92,96.74735,2023-09-09 02:15:00
1694226600000,25876.91,25888.38,25876.91,25882.67,77.2128,2023-09-09 02:30:00
1694227500000,25882.68,25893.65,25882.67,25888.0,112.32314,2023-09-09 02:45:00
1694228400000,25888.0,25888.0,25871.26,25874.03,86.51425,2023-09-09 03:00:00
1694229300000,25874.02,25876.45,25866.0,25871.35,93.39468,2023-09-09 03:15:00
1694230200000,25871.36,25877.35,25871.35,25873.26,52.52563,2023-09-09 03:30:00
1694231100000,25873.25,25875.0,25873.25,25875.0,31.61981,2023-09-09 03:45:00
1694232000000,25874.99,25880.82,25863.4,25868.21,107.24303,2023-09-09 04:00:00
1694232900000,25868.21,25868.22,25863.43,25863.44,66.54271,2023-09-09 04:15:00
1694233800000,25863.44,25873.9,25863.43,25869.05,147.75892,2023-09-09 04:30:00
1694234700000,25869.06,25878.89,25867.91,25873.37,117.67759,2023-09-09 04:45:00
1694235600000,25873.38,25888.0,25863.48,25871.32,142.95613,2023-09-09 05:00:00
1694236500000,25871.33,25872.72,25871.32,25872.72,50.65328,2023-09-09 05:15:00
1694237400000,25872.71,25880.08,25867.53,25867.53,120.2271,2023-09-09 05:30:00
1694238300000,25867.53,25870.06,25836.49,25844.92,109.89418,2023-09-09 05:45:00
1694239200000,25844.92,25864.68,25844.92,25864.67,68.59339,2023-09-09 06:00:00
1694240100000,25864.67,25866.74,25864.67,25866.74,30.53773,2023-09-09 06:15:00
1694241000000,25866.74,25874.44,25866.73,25874.43,46.79307,2023-09-09 06:30:00
1694241900000,25874.44,25881.27,25874.43,25881.27,63.96318,2023-09-09 06:45:00
1694242800000,25881.27,25894.21,25881.26,25886.61,114.42886,2023-09-09 07:00:00
1694243700000,25886.62,25886.62,25873.12,25877.84,65.98704,2023-09-09 07:15:00
1694244600000,25877.84,25884.78,25877.84,25880.96,77.61381,2023-09-09 07:30:00
1694245500000,25880.96,25894.16,25872.56,25886.15,98.58384,2023-09-09 07:45:00
1694246400000,25886.14,25888.01,25875.64,25875.65,96.0633,2023-09-09 08:00:00
1694247300000,25875.65,25891.91,25875.1,25877.4,88.28666,2023-09-09 08:15:00
1694248200000,25877.39,25882.57,25874.51,25882.57,68.33754,2023-09-09 08:30:00
1694249100000,25882.56,25907.75,25866.74,25870.48,226.86132,2023-09-09 08:45:00
1694250000000,25870.49,25874.51,25870.48,25873.43,55.78897,2023-09-09 09:00:00
1694250900000,25873.42,25880.46,25871.01,25879.26,104.13186,2023-09-09 09:15:00
1694251800000,25879.25,25907.22,25879.25,25900.55,172.80916,2023-09-09 09:30:00
1694252700000,25900.54,25900.55,25869.59,25882.91,138.35113,2023-09-09 09:45:00
1694253600000,25882.91,25896.29,25868.8,25870.94,204.10686,2023-09-09 10:00:00
1694254500000,25870.95,25877.73,25866.62,25867.01,94.52584,2023-09-09 10:15:00
1694255400000,25867.0,25867.01,25855.5,25858.0,100.02301,2023-09-09 10:30:00
1694256300000,25857.99,25868.5,25856.49,25868.49,93.39558,2023-09-09 10:45:00
1694257200000,25868.5,25878.11,25857.88,25863.05,171.64594,2023-09-09 11:00:00
1694258100000,25863.06,25863.06,25849.05,25859.23,54.66154,2023-09-09 11:15:00
1694259000000,25859.23,25871.51,25859.22,25863.03,131.81412,2023-09-09 11:30:00
1694259900000,25863.02,25869.77,25863.02,25863.03,49.45697,2023-09-09 11:45:00
1694260800000,25863.03,25867.08,25849.67,25858.51,158.67944,2023-09-09 12:00:00
1694261700000,25858.5,25858.51,25855.95,25855.97,52.9479,2023-09-09 12:15:00
1694262600000,25855.96,25855.97,25854.73,25854.74,49.55575,2023-09-09 12:30:00
1694263500000,25854.73,25854.74,25852.73,25852.74,61.93656,2023-09-09 12:45:00
1694264400000,25852.74,25870.17,25852.74,25870.01,165.38811,2023-09-09 13:00:00
1694265300000,25870.0,25870.01,25838.51,25849.51,257.67865,2023-09-09 13:15:00
1694266200000,25849.51,25858.21,25796.64,25818.52,373.41699,2023-09-09 13:30:00
1694267100000,25818.52,25836.93,25817.16,25824.6,116.09047,2023-09-09 13:45:00
1694268000000,25824.59,25834.97,25822.33,25829.99,133.55963,2023-09-09 14:00:00
1694268900000,25829.99,25845.0,25829.99,25839.71,104.88785,2023-09-09 14:15:00
1694269800000,25839.7,25839.71,25827.2,25839.45,127.76568,2023-09-09 14:30:00
1694270700000,25839.46,25859.5,25839.45,25847.38,136.16099,2023-09-09 14:45:00
1694271600000,25847.37,25928.66,25847.37,25880.01,421.92198,2023-09-09 15:00:00
1694272500000,25880.01,25895.42,25867.41,25874.21,125.43497,2023-09-09 15:15:00
1694273400000,25874.21,25909.26,25874.21,25898.63,244.4085,2023-09-09 15:30:00
1694274300000,25898.64,25911.94,25889.4,25894.09,316.09354,2023-09-09 15:45:00
1694275200000,25894.1,25905.0,25879.99,25902.21,161.86915,2023-09-09 16:00:00
1694276100000,25902.21,25912.54,25902.14,25903.78,140.68532,2023-09-09 16:15:00
1694277000000,25903.78,25945.09,25885.79,25893.01,179.42766,2023-09-09 16:30:00
1694277900000,25893.0,25899.64,25883.95,25895.84,90.03069,2023-09-09 16:45:00
1694278800000,25895.85,25905.73,25878.57,25884.8,93.54341,2023-09-09 17:00:00
1694279700000,25884.8,25888.92,25875.2,25876.59,115.47726,2023-09-09 17:15:00
1694280600000,25876.58,25885.39,25870.8,25885.38,104.60693,2023-09-09 17:30:00
1694281500000,25885.38,25890.17,25872.04,25879.0,105.76552,2023-09-09 17:45:00
1694282400000,25879.01,25879.01,25859.97,25862.34,112.75638,2023-09-09 18:00:00
1694283300000,25862.35,25862.35,25849.85,25854.35,96.90439,2023-09-09 18:15:00
1694284200000,25854.34,25865.38,25845.7,25858.83,77.54741,2023-09-09 18:30:00
1694285100000,25858.83,25864.43,25854.98,25861.91,65.24672,2023-09-09 18:45:00
1694286000000,25861.9,25873.09,25854.51,25867.07,122.86489,2023-09-09 19:00:00
1694286900000,25867.08,25867.08,25857.24,25867.0,54.58842,2023-09-09 19:15:00
1694287800000,25867.0,25878.35,25861.65,25861.72,52.23944,2023-09-09 19:30:00
1694288700000,25861.72,25873.76,25855.0,25868.43,96.07622,2023-09-09 19:45:00
1694289600000,25868.42,25868.43,25862.62,25867.26,84.51747,2023-09-09 20:00:00
1694290500000,25867.26,25889.49,25857.74,25881.7,189.37339,2023-09-09 20:15:00
1694291400000,25881.7,25881.71,25866.07,25869.85,69.38652,2023-09-09 20:30:00
1694292300000,25869.85,25869.86,25863.0,25863.01,57.03433,2023-09-09 20:45:00
1694293200000,25863.0,25900.0,25862.42,25892.96,110.17592,2023-09-09 21:00:00
1694294100000,25892.96,25892.96,25874.44,25874.44,77.21148,2023-09-09 21:15:00
1694295000000,25874.45,25874.45,25862.13,25862.13,50.99781,2023-09-09 21:30:00
1694295900000,25862.13,25892.55,25862.13,25891.28,83.95816,2023-09-09 21:45:00
1694296800000,25891.28,25903.47,25881.0,25903.47,73.20901,2023-09-09 22:00:00
1694297700000,25903.46,25919.5,25900.2,25903.16,97.20279,2023-09-09 22:15:00
1694298600000,25903.16,25910.56,25900.6,25908.49,63.45534,2023-09-09 22:30:00
1694299500000,25908.48,25913.94,25906.01,25908.53,43.50452,2023-09-09 22:45:00
1694300400000,25908.53,25918.19,25901.92,25901.93,53.28269,2023-09-09 23:00:00
1694301300000,25901.93,25901.93,25897.24,25897.25,70.3863,2023-09-09 23:15:00
1694302200000,25897.25,25903.54,25888.97,25903.54,81.17035,2023-09-09 23:30:00
1694303100000,25903.53,25905.36,25893.1,25901.61,38.53134,2023-09-09 23:45:00
1694304000000,25901.6,25902.68,25889.42,25889.52,49.38438,2023-09-10 00:00:00
1694304900000,25889.52,25889.52,25862.25,25869.25,137.97049,2023-09-10 00:15:00
1694305800000,25869.25,25872.36,25863.77,25864.47,50.69683,2023-09-10 00:30:00
1694306700000,25864.46,25871.65,25862.94,25871.65,34.19283,2023-09-10 00:45:00
1694307600000,25871.64,25871.65,25857.05,25860.93,83.56418,2023-09-10 01:00:00
1694308500000,25860.92,25863.23,25831.09,25853.84,123.26208,2023-09-10 01:15:00
1694309400000,25853.83,25853.84,25836.9,25853.22,92.54449,2023-09-10 01:30:00
1694310300000,25853.21,25856.91,25846.15,25852.75,64.43376,2023-09-10 01:45:00
1694311200000,25852.74,25858.75,25852.74,25853.88,55.67721,2023-09-10 02:00:00
1694312100000,25853.88,25858.81,25847.45,25847.45,103.6878,2023-09-10 02:15:00
1694313000000,25847.46,25847.46,25842.75,25842.75,53.03948,2023-09-10 02:30:00
1694313900000,25842.76,25854.45,25842.75,25853.35,80.23424,2023-09-10 02:45:00
1694314800000,25853.36,25860.97,25853.35,25855.21,100.79636,2023-09-10 03:00:00
1694315700000,25855.21,25855.21,25825.8,25835.74,250.14698,2023-09-10 03:15:00
1694316600000,25835.74,25878.04,25832.78,25873.0,316.97676,2023-09-10 03:30:00
1694317500000,25873.01,25873.01,25861.38,25861.39,36.0284,2023-09-10 03:45:00
1694318400000,25861.39,25862.19,25848.82,25852.48,83.94059,2023-09-10 04:00:00
1694319300000,25852.47,25852.48,25750.35,25781.28,879.41422,2023-09-10 04:15:00
1694320200000,25781.28,25826.03,25763.67,25801.36,202.82023,2023-09-10 04:30:00
1694321100000,25801.37,25835.71,25799.44,25832.82,125.38025,2023-09-10 04:45:00
1694322000000,25832.82,25832.82,25810.0,25815.43,160.47499,2023-09-10 05:00:00
1694322900000,25815.44,25851.09,25811.15,25851.08,181.53084,2023-09-10 05:15:00
1694323800000,25851.08,25853.15,25836.5,25837.71,79.60624,2023-09-10 05:30:00
1694324700000,25837.7,25853.17,25837.7,25847.81,102.01599,2023-09-10 05:45:00
1694325600000,25847.82,25858.92,25840.45,25858.91,105.947,2023-09-10 06:00:00
1694326500000,25858.92,25869.99,25858.91,25862.4,103.81622,2023-09-10 06:15:00
1694327400000,25862.4,25862.4,25851.61,25854.64,70.25183,2023-09-10 06:30:00
1694328300000,25854.65,25859.39,25852.0,25852.01,52.23423,2023-09-10 06:45:00
1694329200000,25852.01,25867.11,25852.0,25867.11,113.41582,2023-09-10 07:00:00
1694330100000,25867.11,25873.96,25861.71,25861.71,91.37793,2023-09-10 07:15:00
1694331000000,25861.72,25863.83,25856.07,25856.07,130.15193,2023-09-10 07:30:00
1694331900000,25856.08,25856.08,25850.0,25852.25,65.39412,2023-09-10 07:45:00
1694332800000,25852.25,25852.25,25826.33,25832.36,128.29727,2023-09-10 08:00:00
1694333700000,25832.37,25872.11,25832.36,25865.19,181.80694,2023-09-10 08:15:00
1694334600000,25865.18,25865.19,25853.2,25853.49,88.90276,2023-09-10 08:30:00
1694335500000,25853.48,25865.0,25853.48,25863.1,163.07995,2023-09-10 08:45:00
1694336400000,25863.11,25863.11,25844.48,25855.26,112.6966,2023-09-10 09:00:00
1694337300000,25855.25,25865.82,25855.25,25856.69,123.88223,2023-09-10 09:15:00
1694338200000,25856.7,25857.88,25840.0,25843.16,169.04878,2023-09-10 09:30:00
1694339100000,25843.17,25843.17,25824.28,25830.01,128.27574,2023-09-10 09:45:00
1694340000000,25830.0,25844.26,25820.22,25829.32,183.65492,2023-09-10 10:00:00
1694340900000,25829.32,25832.03,25815.33,25829.1,100.78443,2023-09-10 10:15:00
1694341800000,25829.11,25829.11,25806.57,25811.21,83.85339,2023-09-10 10:30:00
1694342700000,25811.21,25814.32,25805.0,25805.01,62.60237,2023-09-10 10:45:00
1694343600000,25805.0,25824.4,25797.0,25824.4,127.11768,2023-09-10 11:00:00
1694344500000,25824.39,25824.4,25812.24,25816.25,78.16225,2023-09-10 11:15:00
1694345400000,25816.25,25823.76,25801.04,25813.57,87.48933,2023-09-10 11:30:00
1694346300000,25813.57,25815.0,25795.33,25795.33,161.68065,2023-09-10 11:45:00
1694347200000,25795.33,25819.0,25793.4,25815.19,98.96459,2023-09-10 12:00:00
1694348100000,25815.18,25816.67,25801.86,25806.32,60.23539,2023-09-10 12:15:00
1694349000000,25806.33,25810.0,25796.21,25810.0,134.08368,2023-09-10 12:30:00
1694349900000,25810.0,25810.0,25800.15,25802.47,82.28738,2023-09-10 12:45:00
1694350800000,25802.47,25802.47,25784.69,25787.21,171.32128,2023-09-10 13:00:00
1694351700000,25787.21,25795.0,25767.5,25795.0,212.706,2023-09-10 13:15:00
1694352600000,25794.99,25807.43,25785.0,25800.01,107.28796,2023-09-10 13:30:00
1694353500000,25800.01,25834.82,25800.0,25809.06,361.50057,2023-09-10 13:45:00
1694354400000,25809.06,25822.25,25809.05,25815.95,102.02658,2023-09-10 14:00:00
1694355300000,25815.95,25815.96,25802.56,25802.56,85.62024,2023-09-10 14:15:00
1694356200000,25802.57,25802.57,25771.0,25774.2,200.11895,2023-09-10 14:30:00
1694357100000,25774.19,25794.84,25742.26,25773.24,270.61848,2023-09-10 14:45:00
1694358000000,25773.24,25775.55,25712.6,25756.7,464.68161,2023-09-10 15:00:00
1694358900000,25756.69,25776.74,25747.57,25749.52,94.89558,2023-09-10 15:15:00
1694359800000,25749.52,25797.49,25747.4,25794.19,190.29119,2023-09-10 15:30:00
1694360700000,25794.19,25794.19,25775.0,25775.01,125.12795,2023-09-10 15:45:00
1694361600000,25775.02,25780.0,25771.09,25773.92,100.88709,2023-09-10 16:00:00
1694362500000,25773.93,25790.0,25738.44,25761.43,182.79952,2023-09-10 16:15:00
1694363400000,25761.43,25769.04,25745.87,25768.99,173.48739,2023-09-10 16:30:00
1694364300000,25768.99,25791.17,25650.0,25791.17,928.30755,2023-09-10 16:45:00
1694365200000,25791.16,25792.71,25705.0,25721.52,282.81493,2023-09-10 17:00:00
1694366100000,25721.52,25729.63,25693.2,25713.44,352.98193,2023-09-10 17:15:00
1694367000000,25713.43,25723.5,25675.6,25695.55,186.88888,2023-09-10 17:30:00
1694367900000,25695.55,25723.92,25672.65,25695.6,267.37654,2023-09-10 17:45:00
1694368800000,25695.59,25734.13,25687.77,25733.65,194.00764,2023-09-10 18:00:00
1694369700000,25733.66,25754.21,25733.65,25743.92,97.54622,2023-09-10 18:15:00
1694370600000,25743.93,25754.2,25731.55,25731.55,82.35457,2023-09-10 18:30:00
1694371500000,25731.55,25733.0,25724.24,25728.23,116.92259,2023-09-10 18:45:00
1694372400000,25728.23,25739.62,25720.65,25724.07,113.6538,2023-09-10 19:00:00
1694373300000,25724.07,25724.65,25710.0,25716.57,108.0198,2023-09-10 19:15:00
1694374200000,25716.57,25726.75,25570.57,25724.82,990.86908,2023-09-10 19:30:00
1694375100000,25724.82,25860.0,25696.96,25800.0,691.29316,2023-09-10 19:45:00
1694376000000,25799.99,25858.21,25771.3,25835.39,404.9877,2023-09-10 20:00:00
1694376900000,25835.39,25911.0,25825.0,25846.44,977.22466,2023-09-10 20:15:00
1694377800000,25846.45,25858.41,25788.98,25802.25,459.88142,2023-09-10 20:30:00
1694378700000,25802.24,25830.0,25788.63,25820.35,359.50639,2023-09-10 20:45:00
1694379600000,25820.35,25884.71,25815.5,25883.23,262.66058,2023-09-10 21:00:00
1694380500000,25883.22,25908.95,25872.58,25891.2,269.4266,2023-09-10 21:15:00
1694381400000,25891.21,25898.06,25872.83,25885.0,91.58842,2023-09-10 21:30:00
1694382300000,25885.01,25902.82,25845.76,25902.81,139.36451,2023-09-10 21:45:00
1694383200000,25902.82,25933.33,25857.47,25886.93,249.69203,2023-09-10 22:00:00
1694384100000,25886.93,25936.44,25886.93,25915.16,370.19899,2023-09-10 22:15:00
1694385000000,25915.17,26033.66,25879.62,25887.93,708.33625,2023-09-10 22:30:00
1694385900000,25887.93,25887.94,25851.85,25852.34,191.83428,2023-09-10 22:45:00
1694386800000,25852.34,25864.99,25845.0,25849.01,165.0104,2023-09-10 23:00:00
1694387700000,25849.0,25849.01,25820.0,25824.83,111.58064,2023-09-10 23:15:00
1694388600000,25824.83,25851.0,25818.39,25840.26,88.35128,2023-09-10 23:30:00
1694389500000,25840.26,25856.37,25840.25,25841.61,94.90288,2023-09-10 23:45:00
1694390400000,25841.6,25873.66,25832.87,25873.66,140.61227,2023-09-11 00:00:00
1694391300000,25873.65,25876.73,25780.0,25797.81,509.55317,2023-09-11 00:15:00
1694392200000,25797.81,25804.79,25687.0,25705.62,542.81679,2023-09-11 00:30:00
1694393100000,25705.62,25733.93,25652.78,25726.35,279.5793,2023-09-11 00:45:00
1694394000000,25726.35,25755.0,25717.7,25742.52,223.02297,2023-09-11 01:00:00
1694394900000,25742.53,25756.57,25716.28,25716.29,110.10481,2023-09-11 01:15:00
1694395800000,25716.29,25716.29,25666.59,25679.11,206.96409,2023-09-11 01:30:00
1694396700000,25679.11,25727.67,25671.55,25687.32,154.06067,2023-09-11 01:45:00
1694397600000,25687.33,25688.84,25659.82,25679.99,167.79568,2023-09-11 02:00:00
1694398500000,25679.98,25722.2,25679.98,25722.19,94.69953,2023-09-11 02:15:00
1694399400000,25722.2,25741.26,25720.45,25739.62,77.31692,2023-09-11 02:30:00
1694400300000,25739.62,25742.46,25722.63,25735.72,99.98328,2023-09-11 02:45:00
1694401200000,25735.73,25757.31,25735.72,25754.99,62.07893,2023-09-11 03:00:00
1694402100000,25754.99,25786.96,25732.94,25735.92,174.30824,2023-09-11 03:15:00
1694403000000,25735.92,25750.62,25735.91,25747.63,96.21594,2023-09-11 03:30:00
1694403900000,25747.62,25747.63,25734.23,25740.39,42.01331,2023-09-11 03:45:00
1694404800000,25740.38,25740.39,25720.82,25723.71,168.89798,2023-09-11 04:00:00
1694405700000,25723.71,25771.56,25723.71,25763.78,254.4716,2023-09-11 04:15:00
1694406600000,25763.78,25775.0,25760.18,25763.08,77.84651,2023-09-11 04:30:00
1694407500000,25763.09,25784.32,25763.08,25778.07,118.65359,2023-09-11 04:45:00
1694408400000,25778.06,25793.0,25776.29,25776.3,79.43648,2023-09-11 05:00:00
1694409300000,25776.3,25796.31,25776.29,25785.01,98.30811,2023-09-11 05:15:00
1694410200000,25785.0,25880.0,25785.0,25840.61,324.87202,2023-09-11 05:30:00
1694411100000,25840.6,25894.48,25834.03,25892.97,182.30445,2023-09-11 05:45:00
1694412000000,25892.96,25900.69,25863.01,25869.99,264.71078,2023-09-11 06:00:00
1694412900000,25870.0,25890.09,25849.63,25859.15,226.2698,2023-09-11 06:15:00
1694413800000,25859.15,25879.71,25842.71,25859.09,126.09492,2023-09-11 06:30:00
1694414700000,25859.09,25865.88,25820.0,25839.55,226.75257,2023-09-11 06:45:00
1694415600000,25839.55,25843.65,25800.0,25816.46,254.06474,2023-09-11 07:00:00
1694416500000,25816.46,25829.51,25801.17,25812.83,139.42897,2023-09-11 07:15:00
1694417400000,25812.82,25814.69,25797.86,25803.33,129.68485,2023-09-11 07:30:00
1694418300000,25803.33,25816.88,25803.33,25813.65,120.24978,2023-09-11 07:45:00
1694419200000,25813.65,25830.95,25788.93,25792.38,235.79169,2023-09-11 08:00:00
1694420100000,25792.39,25792.39,25761.47,25762.67,236.70167,2023-09-11 08:15:00
1694421000000,25762.68,25799.7,25752.46,25793.39,245.55235,2023-09-11 08:30:00
1694421900000,25793.38,25824.93,25788.71,25805.26,170.46623,2023-09-11 08:45:00
1694422800000,25805.25,25811.55,25796.06,25805.71,105.82812,2023-09-11 09:00:00
1694423700000,25805.71,25805.71,25672.83,25672.83,1030.10041,2023-09-11 09:15:00
1694424600000,25672.84,25750.42,25663.81,25719.87,433.03772,2023-09-11 09:30:00
1694425500000,25719.88,25749.75,25719.87,25736.49,171.82549,2023-09-11 09:45:00
1694426400000,25736.49,25740.65,25689.99,25710.0,303.06771,2023-09-11 10:00:00
1694427300000,25710.01,25725.11,25577.3,25644.59,1192.96577,2023-09-11 10:15:00
1694428200000,25644.6,25684.3,25600.0,25670.0,475.64234,2023-09-11 10:30:00
1694429100000,25670.01,25726.0,25650.46,25711.52,368.524,2023-09-11 10:45:00
1694430000000,25711.53,25717.92,25686.64,25691.1,173.5847,2023-09-11 11:00:00
1694430900000,25691.09,25691.1,25622.0,25629.72,355.68431,2023-09-11 11:15:00
1694431800000,25629.71,25661.35,25610.04,25614.51,257.51294,2023-09-11 11:30:00
1694432700000,25614.52,25629.9,25589.0,25601.27,286.60282,2023-09-11 11:45:00
1694433600000,25601.27,25681.57,25589.12,25650.36,487.17254,2023-09-11 12:00:00
1694434500000,25650.37,25654.52,25602.81,25636.02,194.54159,2023-09-11 12:15:00
1694435400000,25636.01,25697.84,25636.01,25684.78,258.69007,2023-09-11 12:30:00
1694436300000,25684.79,25718.01,25671.03,25718.0,239.85444,2023-09-11 12:45:00
1694437200000,25718.01,25729.0,25692.23,25696.65,218.3034,2023-09-11 13:00:00
1694438100000,25696.64,25696.65,25674.54,25681.84,127.17734,2023-09-11 13:15:00
1694439000000,25681.83,25755.09,25652.08,25669.91,526.56628,2023-09-11 13:30:00
1694439900000,25669.91,25679.38,25605.0,25617.5,370.90476,2023-09-11 13:45:00
1694440800000,25617.5,25634.93,25225.0,25375.32,3930.99487,2023-09-11 14:00:00
1694441700000,25375.33,25453.44,25282.6,25387.73,1381.86262,2023-09-11 14:15:00
1694442600000,25387.73,25472.55,25130.7,25253.23,2105.02092,2023-09-11 14:30:00
1694443500000,25253.23,25255.0,25004.0,25147.75,3101.444,2023-09-11 14:45:00
1694444400000,25147.76,25203.65,25050.0,25065.5,1953.97487,2023-09-11 15:00:00
1694445300000,25065.49,25154.52,24951.0,25132.71,2170.24391,2023-09-11 15:15:00
1694446200000,25132.71,25162.32,25096.31,25142.65,708.18507,2023-09-11 15:30:00
1694447100000,25142.65,25152.17,25084.88,25115.97,806.70068,2023-09-11 15:45:00
1694448000000,25115.98,25250.49,25102.22,25169.98,1001.15329,2023-09-11 16:00:00
1694448900000,25169.97,25216.47,25117.45,25205.0,500.29356,2023-09-11 16:15:00
1694449800000,25205.01,25215.0,25138.49,25152.05,346.98146,2023-09-11 16:30:00
1694450700000,25152.06,25215.0,25143.27,25185.01,335.21494,2023-09-11 16:45:00
1694451600000,25185.01,25199.44,25130.09,25148.08,287.28501,2023-09-11 17:00:00
1694452500000,25148.07,25148.08,25051.01,25130.69,463.78325,2023-09-11 17:15:00
1694453400000,25130.69,25190.0,25116.12,25137.52,295.16287,2023-09-11 17:30:00
1694454300000,25137.52,25229.43,25127.07,25223.92,375.86754,2023-09-11 17:45:00
1694455200000,25223.92,25227.96,25172.86,25190.31,300.38069,2023-09-11 18:00:00
1694456100000,25190.31,25209.99,25169.37,25197.49,190.81155,2023-09-11 18:15:00
1694457000000,25197.49,25222.13,25182.0,25220.06,222.99238,2023-09-11 18:30:00
1694457900000,25220.07,25220.07,25152.94,25163.6,330.62182,2023-09-11 18:45:00
1694458800000,25163.59,25164.97,25141.54,25164.7,203.21058,2023-09-11 19:00:00
1694459700000,25164.7,25164.71,25033.48,25120.01,794.05497,2023-09-11 19:15:00
1694460600000,25120.0,25126.16,24990.38,25014.99,907.31229,2023-09-11 19:30:00
1694461500000,25014.99,25075.0,24992.65,25020.66,511.14963,2023-09-11 19:45:00
1694462400000,25020.66,25099.0,24901.0,25096.05,1182.81751,2023-09-11 20:00:00
1694463300000,25096.05,25121.48,25076.26,25099.6,391.97971,2023-09-11 20:15:00
1694464200000,25099.61,25133.38,25095.57,25108.75,253.10807,2023-09-11 20:30:00
1694465100000,25108.76,25127.74,25082.16,25099.99,189.05237,2023-09-11 20:45:00
1694466000000,25099.99,25198.63,25077.51,25187.13,390.08251,2023-09-11 21:00:00
1694466900000,25187.13,25217.0,25155.2,25160.61,301.45486,2023-09-11 21:15:00
1694467800000,25160.62,25183.41,25122.33,25128.04,150.03916,2023-09-11 21:30:00
1694468700000,25128.05,25157.29,25125.28,25147.99,86.70209,2023-09-11 21:45:00
1694469600000,25147.99,25156.87,25126.48,25139.32,148.48196,2023-09-11 22:00:00
1694470500000,25139.33,25197.31,25139.32,25175.8,172.10298,2023-09-11 22:15:00
1694471400000,25175.79,25185.0,25129.72,25154.79,189.20011,2023-09-11 22:30:00
1694472300000,25154.79,25154.8,25134.26,25148.62,135.85918,2023-09-11 22:45:00
1694473200000,25148.61,25157.31,25133.8,25153.03,104.76166,2023-09-11 23:00:00
1694474100000,25153.02,25155.1,25084.25,25122.14,192.01534,2023-09-11 23:15:00
1694475000000,25122.13,25159.99,25122.13,25155.99,149.55101,2023-09-11 23:30:00
1694475900000,25155.99,25177.5,25130.06,25162.52,181.13697,2023-09-11 23:45:00
1694476800000,25162.53,25192.41,25154.15,25191.05,234.22375,2023-09-12 00:00:00
1694477700000,25191.06,25192.41,25144.23,25163.53,253.12998,2023-09-12 00:15:00
1694478600000,25163.52,25182.49,25146.2,25179.23,165.52472,2023-09-12 00:30:00
1694479500000,25179.23,25234.99,25176.87,25202.39,287.27291,2023-09-12 00:45:00
1694480400000,25202.38,25214.21,25163.08,25163.09,210.37728,2023-09-12 01:00:00
1694481300000,25163.09,25170.0,25143.11,25153.53,173.0591,2023-09-12 01:15:00
1694482200000,25153.53,25159.93,25133.06,25139.22,135.0064,2023-09-12 01:30:00
1694483100000,25139.22,25159.61,25131.48,25141.58,133.03269,2023-09-12 01:45:00
1694484000000,25141.57,25165.0,25136.07,25163.28,118.65133,2023-09-12 02:00:00
1694484900000,25163.29,25170.0,25157.65,25169.99,93.95271,2023-09-12 02:15:00
1694485800000,25170.0,25218.04,25166.65,25189.16,246.75057,2023-09-12 02:30:00
1694486700000,25189.15,25212.5,25189.15,25209.39,96.57728,2023-09-12 02:45:00
1694487600000,25209.39,25436.36,25209.38,25395.36,1322.0893,2023-09-12 03:00:00
1694488500000,25395.36,25950.0,25390.64,25869.15,4160.99097,2023-09-12 03:15:00
1694489400000,25869.14,25912.07,25757.46,25772.55,1131.73956,2023-09-12 03:30:00
1694490300000,25772.56,25885.94,25732.99,25797.97,708.95565,2023-09-12 03:45:00
1694491200000,25797.98,25990.0,25797.97,25861.37,1891.56938,2023-09-12 04:00:00
1694492100000,25861.38,25894.08,25823.52,25870.01,616.36577,2023-09-12 04:15:00
1694493000000,25870.0,25899.0,25814.8,25819.99,545.03139,2023-09-12 04:30:00
1694493900000,25819.99,25828.85,25742.82,25760.81,735.51141,2023-09-12 04:45:00
1694494800000,25760.8,25763.49,25631.96,25687.58,956.78314,2023-09-12 05:00:00
1694495700000,25687.59,25687.59,25612.7,25645.58,513.10044,2023-09-12 05:15:00
1694496600000,25645.59,25750.2,25630.0,25706.26,582.76974,2023-09-12 05:30:00
1694497500000,25706.27,25782.1,25705.49,25773.08,417.67549,2023-09-12 05:45:00
1694498400000,25773.07,25850.53,25737.05,25769.12,708.65724,2023-09-12 06:00:00
1694499300000,25769.11,25806.1,25729.21,25787.48,607.59687,2023-09-12 06:15:00
1694500200000,25787.47,25799.47,25723.27,25751.23,578.4018,2023-09-12 06:30:00
1694501100000,25751.22,25776.99,25735.0,25763.73,460.06301,2023-09-12 06:45:00
1694502000000,25763.74,25817.37,25730.86,25736.42,482.88549,2023-09-12 07:00:00
1694502900000,25736.42,25763.88,25724.63,25749.76,413.32217,2023-09-12 07:15:00
1694503800000,25749.76,25818.17,25749.76,25811.69,471.36509,2023-09-12 07:30:00
1694504700000,25811.69,25874.99,25799.99,25822.71,662.95273,2023-09-12 07:45:00
1694505600000,25822.71,25839.26,25789.36,25829.13,720.55801,2023-09-12 08:00:00
1694506500000,25829.12,25871.06,25827.93,25838.7,415.17254,2023-09-12 08:15:00
1694507400000,25838.7,25841.55,25806.09,25807.38,154.00285,2023-09-12 08:30:00
1694508300000,25807.38,25810.02,25735.29,25766.93,604.21629,2023-09-12 08:45:00
1694509200000,25766.93,25807.31,25736.12,25768.35,496.62911,2023-09-12 09:00:00
1694510100000,25768.35,25832.85,25768.35,25813.1,336.41856,2023-09-12 09:15:00
1694511000000,25813.11,25826.49,25794.0,25823.09,265.06629,2023-09-12 09:30:00
1694511900000,25823.09,25875.85,25817.38,25869.97,357.24363,2023-09-12 09:45:00
1694512800000,25869.96,25873.13,25841.38,25859.66,381.05847,2023-09-12 10:00:00
1694513700000,25859.66,26331.38,25852.8,26249.99,3892.52439,2023-09-12 10:15:00
1694514600000,26250.0,26273.05,26056.27,26116.93,1714.81601,2023-09-12 10:30:00
1694515500000,26116.93,26163.3,26070.67,26159.98,673.13345,2023-09-12 10:45:00
1694516400000,26159.98,26175.97,26120.17,26131.04,698.23931,2023-09-12 11:00:00
1694517300000,26131.04,26147.96,26067.71,26110.0,475.6368,2023-09-12 11:15:00
1694518200000,26110.0,26110.01,26031.63,26053.84,664.52785,2023-09-12 11:30:00
1694519100000,26053.85,26099.46,26040.0,26098.99,277.99581,2023-09-12 11:45:00
1694520000000,26098.98,26162.95,26095.4,26158.45,379.51592,2023-09-12 12:00:00
1694520900000,26158.44,26174.99,26129.86,26152.1,327.45853,2023-09-12 12:15:00
1694521800000,26152.1,26215.0,26114.88,26195.88,525.11582,2023-09-12 12:30:00
1694522700000,26195.88,26230.0,26107.66,26121.84,454.47957,2023-09-12 12:45:00
1694523600000,26121.84,26130.42,26076.43,26078.85,359.96067,2023-09-12 13:00:00
1694524500000,26078.85,26108.71,26033.73,26087.06,1092.68317,2023-09-12 13:15:00
1694525400000,26087.06,26176.01,26060.31,26176.01,350.71873,2023-09-12 13:30:00
1694526300000,26176.01,26328.99,26157.37,26275.36,1057.59447,2023-09-12 13:45:00
1694527200000,26275.36,26392.0,26173.06,26233.47,1274.84293,2023-09-12 14:00:00
1694528100000,26233.46,26235.71,26100.0,26149.78,681.39071,2023-09-12 14:15:00
1694529000000,26149.78,26208.68,26080.0,26123.32,767.94332,2023-09-12 14:30:00
1694529900000,26123.31,26149.91,26047.05,26114.39,897.21159,2023-09-12 14:45:00
1694530800000,26114.39,26187.0,26114.39,26132.52,424.57051,2023-09-12 15:00:00
1694531700000,26132.51,26200.0,26111.11,26194.35,414.19492,2023-09-12 15:15:00
1694532600000,26194.34,26230.0,26166.63,26221.08,372.56322,2023-09-12 15:30:00
1694533500000,26221.08,26228.95,26164.0,26205.97,399.59289,2023-09-12 15:45:00
1694534400000,26205.98,26256.22,26160.83,26165.15,507.03976,2023-09-12 16:00:00
1694535300000,26165.14,26319.42,26150.49,26306.55,630.87338,2023-09-12 16:15:00
1694536200000,26306.54,26567.0,26214.94,26231.05,2673.10033,2023-09-12 16:30:00
1694537100000,26231.06,26237.4,26070.0,26109.32,1116.08397,2023-09-12 16:45:00
1694538000000,26109.32,26166.94,26058.4,26102.94,433.4065,2023-09-12 17:00:00
1694538900000,26102.95,26105.8,25892.42,26029.49,1394.72141,2023-09-12 17:15:00
1694539800000,26029.5,26058.25,25970.37,25992.41,349.31137,2023-09-12 17:30:00
1694540700000,25992.41,26026.06,25902.0,25903.04,369.43,2023-09-12 17:45:00
1694541600000,25903.04,25979.25,25882.43,25977.86,497.4613,2023-09-12 18:00:00
1694542500000,25977.86,26021.4,25961.32,25971.94,300.40316,2023-09-12 18:15:00
1694543400000,25971.94,25984.89,25946.07,25946.08,168.66795,2023-09-12 18:30:00
1694544300000,25946.08,25982.58,25936.66,25980.28,226.39273,2023-09-12 18:45:00
1694545200000,25980.29,26086.0,25980.28,26070.0,525.48202,2023-09-12 19:00:00
1694546100000,26070.01,26265.98,26070.0,26110.09,1087.7279,2023-09-12 19:15:00
1694547000000,26110.1,26124.79,26084.41,26085.0,168.65453,2023-09-12 19:30:00
1694547900000,26085.01,26117.53,26065.9,26066.33,168.30788,2023-09-12 19:45:00
1694548800000,26066.34,26096.94,26053.15,26091.77,168.4647,2023-09-12 20:00:00
1694549700000,26091.77,26114.51,26073.72,26096.97,138.91589,2023-09-12 20:15:00
1694550600000,26096.96,26117.7,26096.96,26106.55,121.3676,2023-09-12 20:30:00
1694551500000,26106.54,26114.13,26072.77,26073.9,112.74699,2023-09-12 20:45:00
1694552400000,26073.9,26159.11,26063.61,26129.92,179.45132,2023-09-12 21:00:00
1694553300000,26129.93,26144.74,26122.36,26133.16,99.72503,2023-09-12 21:15:00
1694554200000,26133.17,26133.17,26074.01,26089.0,130.82566,2023-09-12 21:30:00
1694555100000,26089.01,26105.62,26089.0,26102.98,91.21803,2023-09-12 21:45:00
1694556000000,26102.99,26102.99,25970.08,25980.52,495.10813,2023-09-12 22:00:00
1694556900000,25980.51,26009.99,25920.0,25970.27,271.01987,2023-09-12 22:15:00
1694557800000,25970.27,26009.41,25966.16,25994.99,141.57453,2023-09-12 22:30:00
1694558700000,25994.99,26005.3,25967.74,25970.01,257.15731,2023-09-12 22:45:00
1694559600000,25970.01,25970.01,25790.0,25856.76,857.39766,2023-09-12 23:00:00
1694560500000,25856.75,25910.46,25831.21,25864.99,334.03883,2023-09-12 23:15:00
1694561400000,25865.0,25896.99,25814.82,25852.14,210.57966,2023-09-12 23:30:00
1694562300000,25852.14,25864.02,25818.65,25840.1,185.26827,2023-09-12 23:45:00
1694563200000,25840.1,25889.87,25764.17,25868.82,756.02299,2023-09-13 00:00:00
1694564100000,25868.81,25899.35,25865.67,25893.5,231.41539,2023-09-13 00:15:00
1694565000000,25893.5,25985.91,25893.49,25949.83,473.3422,2023-09-13 00:30:00
1694565900000,25949.82,25949.83,25917.3,25919.51,155.47443,2023-09-13 00:45:00
1694566800000,25919.52,25963.63,25905.44,25956.19,166.88878,2023-09-13 01:00:00
1694567700000,25956.19,25961.68,25912.26,25927.59,185.70465,2023-09-13 01:15:00
1694568600000,25927.59,25956.92,25908.41,25945.95,437.32999,2023-09-13 01:30:00
1694569500000,25945.94,25957.47,25905.74,25957.47,278.088,2023-09-13 01:45:00
1694570400000,25957.46,25970.03,25934.78,25947.72,190.27327,2023-09-13 02:00:00
1694571300000,25947.73,25947.73,25925.39,25936.73,109.21446,2023-09-13 02:15:00
1694572200000,25936.74,25936.74,25909.01,25934.99,325.49198,2023-09-13 02:30:00
1694573100000,25935.0,25936.74,25906.67,25910.5,470.5032,2023-09-13 02:45:00
1694574000000,25910.49,25924.1,25882.59,25912.21,217.85944,2023-09-13 03:00:00
1694574900000,25912.21,25912.21,25867.25,25867.25,174.26973,2023-09-13 03:15:00
1694575800000,25867.25,25914.88,25858.32,25872.12,132.56519,2023-09-13 03:30:00
1694576700000,25872.12,25879.25,25836.96,25879.24,175.13124,2023-09-13 03:45:00
1694577600000,25879.24,25897.63,25864.32,25864.32,186.29918,2023-09-13 04:00:00
1694578500000,25864.33,25945.0,25864.32,25928.23,176.76365,2023-09-13 04:15:00
1694579400000,25928.23,25949.19,25917.93,25928.84,137.46235,2023-09-13 04:30:00
1694580300000,25928.83,25940.34,25911.88,25926.36,64.4552,2023-09-13 04:45:00
1694581200000,25926.37,25927.98,25906.66,25924.07,85.72503,2023-09-13 05:00:00
1694582100000,25924.07,25924.99,25850.91,25877.44,219.65256,2023-09-13 05:15:00
1694583000000,25877.45,25886.93,25853.78,25884.94,120.89894,2023-09-13 05:30:00
1694583900000,25884.94,25920.0,25881.17,25900.01,109.99541,2023-09-13 05:45:00
1694584800000,25900.0,25900.01,25866.73,25891.84,157.94999,2023-09-13 06:00:00
1694585700000,25891.84,25918.81,25891.84,25918.81,111.00673,2023-09-13 06:15:00
1694586600000,25918.8,25953.08,25898.58,25951.29,203.05687,2023-09-13 06:30:00
1694587500000,25951.29,25995.0,25928.91,25956.65,248.12171,2023-09-13 06:45:00
1694588400000,25956.65,26004.58,25956.65,25981.72,257.78631,2023-09-13 07:00:00
1694589300000,25981.72,25990.0,25955.0,25971.67,169.76065,2023-09-13 07:15:00
1694590200000,25971.67,26109.94,25913.66,25950.95,1011.74477,2023-09-13 07:30:00
1694591100000,25950.95,25970.58,25855.17,25879.91,743.55289,2023-09-13 07:45:00
1694592000000,25879.91,25944.0,25866.17,25935.0,237.95246,2023-09-13 08:00:00
1694592900000,25935.01,25966.65,25914.17,25952.54,184.36948,2023-09-13 08:15:00
1694593800000,25952.55,25966.96,25945.77,25958.72,128.45565,2023-09-13 08:30:00
1694594700000,25958.72,25966.27,25943.9,25952.88,121.1708,2023-09-13 08:45:00
1694595600000,25952.88,25952.89,25928.54,25937.34,125.28175,2023-09-13 09:00:00
1694596500000,25937.33,26051.16,25928.72,26018.06,361.73677,2023-09-13 09:15:00
1694597400000,26018.07,26150.0,25996.9,26086.99,737.78459,2023-09-13 09:30:00
1694598300000,26086.98,26205.89,26060.0,26154.98,711.24895,2023-09-13 09:45:00
1694599200000,26154.98,26233.16,26149.99,26175.0,595.2515,2023-09-13 10:00:00
1694600100000,26175.0,26185.0,26096.85,26100.01,541.08386,2023-09-13 10:15:00
1694601000000,26100.01,26127.28,26094.53,26123.86,250.43917,2023-09-13 10:30:00
1694601900000,26123.85,26152.85,26103.94,26151.9,149.1725,2023-09-13 10:45:00
1694602800000,26151.9,26162.9,26113.63,26116.42,193.11731,2023-09-13 11:00:00
1694603700000,26116.42,26198.48,26107.83,26181.96,469.96034,2023-09-13 11:15:00
1694604600000,26181.96,26200.0,26161.87,26198.42,207.55406,2023-09-13 11:30:00
1694605500000,26198.42,26247.79,26174.99,26198.41,288.78123,2023-09-13 11:45:00
1694606400000,26198.41,26268.54,26158.62,26215.0,319.08597,2023-09-13 12:00:00
1694607300000,26215.0,26247.08,26162.13,26193.99,519.64443,2023-09-13 12:15:00
1694608200000,26193.99,26245.0,26016.22,26119.51,1878.87657,2023-09-13 12:30:00
1694609100000,26119.51,26220.22,26079.84,26212.51,602.01912,2023-09-13 12:45:00
1694610000000,26212.51,26232.46,26125.0,26125.0,484.30433,2023-09-13 13:00:00
1694610900000,26125.0,26167.0,26110.32,26112.94,287.77205,2023-09-13 13:15:00
1694611800000,26112.94,26198.07,26112.93,26156.96,340.63768,2023-09-13 13:30:00
1694612700000,26156.95,26199.0,26083.8,26124.87,454.72471,2023-09-13 13:45:00
1694613600000,26124.88,26135.89,26068.73,26127.8,439.6972,2023-09-13 14:00:00
1694614500000,26127.79,26199.0,26110.1,26169.98,312.81017,2023-09-13 14:15:00
1694615400000,26169.98,26349.17,26169.98,26291.78,1096.00823,2023-09-13 14:30:00
1694616300000,26291.78,26293.68,26180.0,26214.37,378.50298,2023-09-13 14:45:00
1694617200000,26214.38,26270.0,26181.57,26264.93,280.7478,2023-09-13 15:00:00
1694618100000,26264.93,26321.41,26215.38,26267.5,402.69819,2023-09-13 15:15:00
1694619000000,26267.49,26329.0,26253.34,26300.88,359.70295,2023-09-13 15:30:00
1694619900000,26300.87,26387.76,26234.8,26241.31,762.17471,2023-09-13 15:45:00
1694620800000,26241.31,26280.0,26201.75,26265.61,572.65868,2023-09-13 16:00:00
1694621700000,26265.62,26383.85,26265.61,26374.19,557.53105,2023-09-13 16:15:00
1694622600000,26374.19,26405.22,26300.41,26318.01,754.53293,2023-09-13 16:30:00
1694623500000,26318.01,26347.65,26275.2,26280.05,334.33237,2023-09-13 16:45:00
1694624400000,26280.05,26329.19,26265.01,26329.19,236.97942,2023-09-13 17:00:00
1694625300000,26329.18,26355.1,26159.5,26188.65,845.0849,2023-09-13 17:15:00
1694626200000,26188.66,26251.41,26121.01,26153.45,1203.63874,2023-09-13 17:30:00
1694627100000,26153.46,26181.34,26084.17,26094.13,816.47581,2023-09-13 17:45:00
1694628000000,26094.13,26156.69,26094.12,26141.86,228.80532,2023-09-13 18:00:00
1694628900000,26141.87,26164.41,26115.0,26130.33,147.76085,2023-09-13 18:15:00
1694629800000,26130.32,26157.58,26095.0,26140.28,219.74554,2023-09-13 18:30:00
1694630700000,26140.28,26157.53,26086.2,26111.48,158.19388,2023-09-13 18:45:00
1694631600000,26111.49,26139.75,26055.0,26113.64,310.92436,2023-09-13 19:00:00
1694632500000,26113.64,26150.0,26111.38,26149.99,106.51758,2023-09-13 19:15:00
1694633400000,26149.99,26201.49,26140.23,26185.15,233.4252,2023-09-13 19:30:00
1694634300000,26185.15,26201.61,26140.0,26140.01,221.29619,2023-09-13 19:45:00
1694635200000,26140.0,26178.81,26140.0,26178.8,108.72378,2023-09-13 20:00:00
1694636100000,26178.81,26208.46,26176.06,26190.79,116.39182,2023-09-13 20:15:00
1694637000000,26190.78,26222.0,26190.78,26201.5,143.95518,2023-09-13 20:30:00
1694637900000,26201.5,26250.4,26201.5,26218.04,199.48445,2023-09-13 20:45:00
1694638800000,26218.04,26248.85,26206.09,26248.84,88.81737,2023-09-13 21:00:00
1694639700000,26248.85,26248.85,26230.18,26247.26,97.50931,2023-09-13 21:15:00
1694640600000,26247.26,26272.31,26210.44,26232.55,210.5536,2023-09-13 21:30:00
1694641500000,26232.55,26235.98,26221.37,26226.77,55.25891,2023-09-13 21:45:00
1694642400000,26226.77,26263.78,26226.77,26261.59,118.24937,2023-09-13 22:00:00
1694643300000,26261.6,26305.46,26259.99,26285.32,167.80655,2023-09-13 22:15:00
1694644200000,26285.32,26285.32,26245.86,26245.86,118.49673,2023-09-13 22:30:00
1694645100000,26245.86,26245.87,26232.99,26242.18,85.04796,2023-09-13 22:45:00
1694646000000,26242.18,26263.58,26242.17,26249.76,103.43894,2023-09-13 23:00:00
1694646900000,26249.76,26261.68,26207.94,26209.26,163.5635,2023-09-13 23:15:00
1694647800000,26209.25,26217.84,26200.0,26207.55,75.75199,2023-09-13 23:30:00
1694648700000,26207.56,26225.15,26207.55,26222.0,103.30056,2023-09-13 23:45:00
1694649600000,26222.0,26229.88,26184.63,26214.25,319.23484,2023-09-14 00:00:00
1694650500000,26214.25,26218.33,26187.45,26187.46,107.16265,2023-09-14 00:15:00
1694651400000,26187.46,26289.79,26186.85,26249.99,360.28642,2023-09-14 00:30:00
1694652300000,26249.99,26525.0,26249.99,26522.0,1480.33081,2023-09-14 00:45:00
1694653200000,26522.0,26541.77,26298.89,26353.6,1345.23672,2023-09-14 01:00:00
1694654100000,26353.61,26355.0,26126.77,26214.74,1373.69219,2023-09-14 01:15:00
1694655000000,26214.73,26278.6,26201.31,26228.83,477.5156,2023-09-14 01:30:00
1694655900000,26228.82,26228.83,26158.95,26173.37,275.89759,2023-09-14 01:45:00
1694656800000,26173.37,26221.48,26168.62,26215.09,146.69452,2023-09-14 02:00:00
1694657700000,26215.08,26216.57,26182.49,26212.78,161.04218,2023-09-14 02:15:00
1694658600000,26212.78,26249.77,26210.4,26249.76,206.97658,2023-09-14 02:30:00
1694659500000,26249.76,26285.02,26241.26,26284.99,274.29724,2023-09-14 02:45:00
1694660400000,26284.99,26299.0,26262.89,26285.61,195.72805,2023-09-14 03:00:00
1694661300000,26285.6,26300.0,26263.42,26263.62,193.37226,2023-09-14 03:15:00
1694662200000,26263.63,26271.7,26254.34,26270.0,105.81021,2023-09-14 03:30:00
1694663100000,26269.99,26271.0,26255.05,26265.68,87.28777,2023-09-14 03:45:00
1694664000000,26265.69,26280.3,26265.68,26278.67,117.79868,2023-09-14 04:00:00
1694664900000,26278.67,26278.67,26220.07,26238.74,187.18017,2023-09-14 04:15:00
1694665800000,26238.74,26258.89,26227.32,26229.24,361.9359,2023-09-14 04:30:00
1694666700000,26229.25,26237.3,26196.62,26214.13,271.07418,2023-09-14 04:45:00
1694667600000,26214.14,26241.84,26203.26,26225.95,123.93053,2023-09-14 05:00:00
1694668500000,26225.96,26225.96,26173.19,26179.25,171.27173,2023-09-14 05:15:00
1694669400000,26179.25,26194.49,26168.87,26181.76,114.83573,2023-09-14 05:30:00
1694670300000,26181.76,26198.79,26163.96,26194.76,346.25604,2023-09-14 05:45:00
1694671200000,26194.77,26234.95,26183.95,26231.75,263.8817,2023-09-14 06:00:00
1694672100000,26231.74,26272.31,26226.45,26262.19,273.9343,2023-09-14 06:15:00
1694673000000,26262.19,26262.2,26247.55,26258.61,83.81002,2023-09-14 06:30:00
1694673900000,26258.61,26295.0,26252.53,26291.88,143.68857,2023-09-14 06:45:00
1694674800000,26291.88,26300.0,26270.0,26275.15,148.58239,2023-09-14 07:00:00
1694675700000,26275.16,26277.65,26262.41,26266.41,103.25726,2023-09-14 07:15:00
1694676600000,26266.4,26368.15,26262.34,26345.42,498.49808,2023-09-14 07:30:00
1694677500000,26345.42,26390.1,26326.57,26344.45,396.51445,2023-09-14 07:45:00
1694678400000,26344.44,26357.86,26331.14,26340.83,181.45796,2023-09-14 08:00:00
1694679300000,26340.83,26340.84,26314.88,26328.04,135.44513,2023-09-14 08:15:00
1694680200000,26328.04,26337.95,26313.23,26335.99,433.95528,2023-09-14 08:30:00
1694681100000,26335.99,26335.99,26275.0,26306.51,332.96301,2023-09-14 08:45:00
1694682000000,26306.5,26306.51,26286.73,26295.82,203.84701,2023-09-14 09:00:00
1694682900000,26295.82,26298.33,26277.24,26278.13,144.26757,2023-09-14 09:15:00
1694683800000,26278.13,26279.7,26270.0,26272.07,155.83377,2023-09-14 09:30:00
1694684700000,26272.07,26287.6,26271.43,26287.6,104.44064,2023-09-14 09:45:00
1694685600000,26287.6,26314.96,26283.1,26314.3,173.0342,2023-09-14 10:00:00
1694686500000,26314.29,26337.49,26306.81,26337.48,211.55932,2023-09-14 10:15:00
1694687400000,26337.48,26341.9,26291.7,26302.83,219.92182,2023-09-14 10:30:00
1694688300000,26302.82,26337.23,26295.95,26334.44,142.73395,2023-09-14 10:45:00
1694689200000,26334.43,26352.94,26331.0,26352.93,249.12873,2023-09-14 11:00:00
1694690100000,26352.93,26375.0,26341.71,26374.0,360.9508,2023-09-14 11:15:00
1694691000000,26374.01,26405.0,26360.44,26367.31,525.70868,2023-09-14 11:30:00
1694691900000,26367.31,26489.5,26366.64,26446.15,826.97586,2023-09-14 11:45:00
1694692800000,26446.15,26507.51,26426.67,26497.93,514.13501,2023-09-14 12:00:00
1694693700000,26497.94,26592.95,26389.3,26408.45,1277.87393,2023-09-14 12:15:00
1694694600000,26408.45,26451.89,26342.08,26414.52,1131.5184,2023-09-14 12:30:00
1694695500000,26414.53,26483.74,26411.69,26458.68,330.10242,2023-09-14 12:45:00
1694696400000,26458.68,26550.0,26458.67,26506.19,529.66006,2023-09-14 13:00:00
1694697300000,26506.18,26737.23,26506.18,26661.87,2128.53777,2023-09-14 13:15:00
1694698200000,26661.87,26766.0,26586.03,26632.19,1651.36254,2023-09-14 13:30:00
1694699100000,26632.18,26652.22,26507.77,26582.42,1110.06074,2023-09-14 13:45:00
1694700000000,26582.43,26622.77,26528.24,26597.92,721.53114,2023-09-14 14:00:00
1694700900000,26597.92,26699.4,26550.0,26674.62,573.30475,2023-09-14 14:15:00
1694701800000,26674.61,26698.82,26585.0,26640.01,629.78874,2023-09-14 14:30:00
1694702700000,26640.01,26750.0,26640.0,26731.4,767.67115,2023-09-14 14:45:00
1694703600000,26731.39,26798.5,26639.73,26688.5,1019.07106,2023-09-14 15:00:00
1694704500000,26688.51,26694.96,26583.63,26598.95,701.29179,2023-09-14 15:15:00
1694705400000,26598.94,26633.72,26590.34,26624.03,640.59527,2023-09-14 15:30:00
1694706300000,26624.03,26697.33,26620.07,26693.97,699.62747,2023-09-14 15:45:00
1694707200000,26693.97,26731.21,26635.64,26646.99,491.91071,2023-09-14 16:00:00
1694708100000,26646.98,26668.5,26603.01,26648.85,325.47316,2023-09-14 16:15:00
1694709000000,26648.85,26673.54,26546.6,26617.79,551.1409,2023-09-14 16:30:00
1694709900000,26617.79,26626.59,26567.01,26621.67,327.73386,2023-09-14 16:45:00
1694710800000,26621.68,26680.0,26601.0,26601.01,232.24593,2023-09-14 17:00:00
1694711700000,26601.0,26607.85,26569.65,26580.0,243.44361,2023-09-14 17:15:00
1694712600000,26579.99,26652.76,26575.0,26621.63,516.48927,2023-09-14 17:30:00
1694713500000,26621.62,26670.0,26608.62,26645.63,233.86874,2023-09-14 17:45:00
1694714400000,26645.63,26699.0,26645.62,26687.89,243.17089,2023-09-14 18:00:00
1694715300000,26687.89,26723.64,26670.78,26696.78,239.58464,2023-09-14 18:15:00
1694716200000,26696.79,26860.49,26666.0,26672.52,925.29305,2023-09-14 18:30:00
1694717100000,26672.53,26677.41,26581.0,26581.0,583.31678,2023-09-14 18:45:00
1694718000000,26581.01,26631.99,26558.0,26595.5,270.78521,2023-09-14 19:00:00
1694718900000,26595.5,26651.77,26595.49,26631.85,210.88805,2023-09-14 19:15:00
1694719800000,26631.84,26646.84,26600.01,26615.51,149.36592,2023-09-14 19:30:00
1694720700000,26615.52,26682.87,26615.51,26678.14,250.11173,2023-09-14 19:45:00
1694721600000,26678.13,26723.64,26608.31,26608.31,289.73449,2023-09-14 20:00:00
1694722500000,26608.31,26630.68,26585.0,26625.59,261.96728,2023-09-14 20:15:00
1694723400000,26625.58,26625.59,26602.87,26602.99,107.34529,2023-09-14 20:30:00
1694724300000,26603.0,26603.0,26558.02,26568.72,233.86391,2023-09-14 20:45:00
1694725200000,26568.72,26622.03,26558.15,26598.03,193.60281,2023-09-14 21:00:00
1694726100000,26598.04,26614.99,26596.51,26596.51,139.1437,2023-09-14 21:15:00
1694727000000,26596.51,26596.52,26558.01,26558.01,117.44564,2023-09-14 21:30:00
1694727900000,26558.01,26559.67,26473.0,26534.84,350.57783,2023-09-14 21:45:00
1694728800000,26534.84,26580.0,26510.0,26579.17,297.95988,2023-09-14 22:00:00
1694729700000,26579.16,26620.29,26570.0,26610.66,153.54747,2023-09-14 22:15:00
1694730600000,26610.66,26619.81,26602.98,26610.8,86.84333,2023-09-14 22:30:00
1694731500000,26610.79,26620.0,26591.64,26601.15,99.09712,2023-09-14 22:45:00
1694732400000,26601.14,26621.0,26579.27,26621.0,106.21553,2023-09-14 23:00:00
1694733300000,26620.99,26628.76,26585.52,26585.53,121.00595,2023-09-14 23:15:00
1694734200000,26585.53,26585.53,26497.07,26515.52,294.99082,2023-09-14 23:30:00
1694735100000,26515.53,26534.36,26510.7,26522.73,139.63767,2023-09-14 23:45:00
1694736000000,26522.73,26522.74,26493.37,26504.91,224.86991,2023-09-15 00:00:00
1694736900000,26504.92,26509.35,26470.0,26508.92,183.50202,2023-09-15 00:15:00
1694737800000,26508.92,26548.12,26508.91,26542.84,196.78377,2023-09-15 00:30:00
1694738700000,26542.85,26560.0,26476.36,26481.44,182.88522,2023-09-15 00:45:00
1694739600000,26481.43,26509.02,26448.19,26477.9,312.27768,2023-09-15 01:00:00
1694740500000,26477.9,26520.51,26462.45,26509.33,210.76681,2023-09-15 01:15:00
1694741400000,26509.34,26519.98,26476.81,26492.35,124.48271,2023-09-15 01:30:00
1694742300000,26492.34,26502.74,26485.09,26502.66,108.4235,2023-09-15 01:45:00
1694743200000,26502.66,26573.83,26502.65,26560.0,256.02387,2023-09-15 02:00:00
1694744100000,26560.0,26600.0,26559.99,26593.3,181.43566,2023-09-15 02:15:00
1694745000000,26593.3,26608.61,26583.5,26603.67,138.55727,2023-09-15 02:30:00
1694745900000,26603.68,26609.98,26588.91,26608.59,162.79188,2023-09-15 02:45:00
1694746800000,26608.59,26616.57,26583.22,26593.51,134.84642,2023-09-15 03:00:00
1694747700000,26593.51,26603.1,26577.7,26585.19,109.90698,2023-09-15 03:15:00
1694748600000,26585.18,26619.71,26573.63,26576.82,226.10533,2023-09-15 03:30:00
1694749500000,26576.83,26624.52,26576.82,26615.39,205.05632,2023-09-15 03:45:00
1694750400000,26615.4,26655.84,26615.39,26637.71,238.55596,2023-09-15 04:00:00
1694751300000,26637.71,26654.84,26615.94,26615.95,223.83741,2023-09-15 04:15:00
1694752200000,26615.94,26629.99,26600.39,26625.62,131.79342,2023-09-15 04:30:00
1694753100000,26625.61,26654.83,26625.61,26642.16,146.32309,2023-09-15 04:45:00
1694754000000,26642.15,26642.83,26632.78,26637.38,131.71951,2023-09-15 05:00:00
1694754900000,26637.37,26637.38,26605.87,26605.87,145.59567,2023-09-15 05:15:00
1694755800000,26605.87,26619.03,26590.77,26591.52,113.15253,2023-09-15 05:30:00
1694756700000,26591.53,26598.03,26575.0,26588.99,126.76787,2023-09-15 05:45:00
1694757600000,26588.98,26588.99,26570.67,26583.03,120.10857,2023-09-15 06:00:00
1694758500000,26583.04,26609.88,26572.85,26597.18,128.8518,2023-09-15 06:15:00
1694759400000,26597.18,26597.27,26565.7,26567.25,134.26926,2023-09-15 06:30:00
1694760300000,26567.25,26586.81,26564.28,26576.02,104.05818,2023-09-15 06:45:00
1694761200000,26576.01,26594.83,26564.53,26566.26,256.68432,2023-09-15 07:00:00
1694762100000,26566.26,26579.47,26550.99,26575.88,221.78227,2023-09-15 07:15:00
1694763000000,26575.87,26581.0,26572.85,26578.49,243.40027,2023-09-15 07:30:00
1694763900000,26578.49,26581.0,26563.13,26565.69,296.54309,2023-09-15 07:45:00
1694764800000,26565.69,26565.7,26545.22,26546.48,190.5907,2023-09-15 08:00:00
1694765700000,26546.48,26573.67,26540.61,26573.67,140.20865,2023-09-15 08:15:00
1694766600000,26573.66,26599.64,26573.66,26596.73,251.38969,2023-09-15 08:30:00
1694767500000,26596.74,26637.08,26596.73,26633.41,206.88914,2023-09-15 08:45:00
1694768400000,26633.41,26690.0,26608.46,26610.29,364.09385,2023-09-15 09:00:00
1694769300000,26610.3,26610.3,26578.53,26589.79,159.19091,2023-09-15 09:15:00
1694770200000,26589.79,26669.93,26586.24,26632.64,294.00768,2023-09-15 09:30:00
1694771100000,26632.64,26653.44,26611.83,26613.78,223.9716,2023-09-15 09:45:00
1694772000000,26613.78,26633.21,26597.12,26633.21,197.03591,2023-09-15 10:00:00
1694772900000,26633.21,26657.84,26624.77,26642.13,231.5736,2023-09-15 10:15:00
1694773800000,26642.13,26642.14,26613.64,26618.88,268.44121,2023-09-15 10:30:00
1694774700000,26618.88,26639.65,26615.05,26639.64,126.87153,2023-09-15 10:45:00
1694775600000,26639.64,26639.65,26543.19,26546.33,376.09938,2023-09-15 11:00:00
1694776500000,26546.33,26562.35,26493.07,26516.15,655.27591,2023-09-15 11:15:00
1694777400000,26516.15,26533.68,26478.49,26487.28,495.67133,2023-09-15 11:30:00
1694778300000,26487.28,26503.4,26375.01,26425.16,743.53384,2023-09-15 11:45:00
1694779200000,26425.17,26470.73,26393.75,26469.43,385.47739,2023-09-15 12:00:00
1694780100000,26469.43,26470.01,26431.96,26431.96,338.05317,2023-09-15 12:15:00
1694781000000,26431.96,26450.08,26334.13,26390.87,723.53753,2023-09-15 12:30:00
1694781900000,26390.87,26398.82,26357.63,26364.66,323.57657,2023-09-15 12:45:00
1694782800000,26364.67,26430.0,26362.42,26413.99,348.74482,2023-09-15 13:00:00
1694783700000,26413.99,26434.24,26399.42,26410.0,192.60224,2023-09-15 13:15:00
1694784600000,26409.99,26526.99,26400.7,26476.53,604.97505,2023-09-15 13:30:00
1694785500000,26476.54,26476.54,26364.11,26364.97,337.45706,2023-09-15 13:45:00
1694786400000,26364.97,26416.89,26364.97,26380.0,553.86227,2023-09-15 14:00:00
1694787300000,26380.01,26406.3,26343.94,26367.13,329.17096,2023-09-15 14:15:00
1694788200000,26367.13,26370.16,26269.26,26280.09,693.22776,2023-09-15 14:30:00
1694789100000,26280.09,26309.19,26224.0,26238.14,862.12233,2023-09-15 14:45:00
1694790000000,26238.13,26300.0,26225.54,26273.55,417.08079,2023-09-15 15:00:00
1694790900000,26273.56,26299.97,26265.24,26282.41,283.01706,2023-09-15 15:15:00
1694791800000,26282.42,26321.55,26274.35,26319.32,227.07919,2023-09-15 15:30:00
1694792700000,26319.32,26329.6,26304.07,26321.21,185.90519,2023-09-15 15:45:00
1694793600000,26321.2,26355.85,26315.02,26350.93,266.76707,2023-09-15 16:00:00
1694794500000,26350.92,26363.61,26333.56,26355.61,181.68583,2023-09-15 16:15:00
1694795400000,26355.61,26377.96,26324.52,26344.43,191.38646,2023-09-15 16:30:00
1694796300000,26344.44,26388.36,26336.87,26379.97,235.0352,2023-09-15 16:45:00
1694797200000,26379.97,26379.97,26352.38,26359.62,125.15124,2023-09-15 17:00:00
1694798100000,26359.62,26374.89,26330.33,26335.84,165.81084,2023-09-15 17:15:00
1694799000000,26335.83,26375.63,26317.01,26375.63,207.21107,2023-09-15 17:30:00
1694799900000,26375.63,26378.38,26338.5,26338.5,122.41652,2023-09-15 17:45:00
1694800800000,26338.51,26359.87,26331.97,26359.86,164.44455,2023-09-15 18:00:00
1694801700000,26359.86,26359.98,26337.82,26350.3,140.67233,2023-09-15 18:15:00
1694802600000,26350.3,26405.44,26350.29,26377.14,211.28038,2023-09-15 18:30:00
1694803500000,26377.14,26377.93,26331.99,26347.38,144.8956,2023-09-15 18:45:00
1694804400000,26347.39,26404.97,26340.68,26404.97,107.68437,2023-09-15 19:00:00
1694805300000,26404.97,26439.77,26396.0,26430.91,308.47716,2023-09-15 19:15:00
1694806200000,26430.91,26439.28,26406.06,26417.83,115.47255,2023-09-15 19:30:00
1694807100000,26417.84,26444.45,26395.02,26397.38,160.96866,2023-09-15 19:45:00
1694808000000,26397.38,26405.61,26373.21,26387.33,150.31869,2023-09-15 20:00:00
1694808900000,26387.34,26419.38,26382.03,26402.85,127.7216,2023-09-15 20:15:00
1694809800000,26402.85,26429.51,26395.61,26429.5,114.083,2023-09-15 20:30:00
1694810700000,26429.5,26444.1,26400.51,26415.78,228.00447,2023-09-15 20:45:00
1694811600000,26415.78,26506.26,26415.77,26479.47,542.25231,2023-09-15 21:00:00
1694812500000,26479.46,26489.94,26445.76,26453.67,195.20612,2023-09-15 21:15:00
1694813400000,26453.67,26469.1,26438.78,26454.79,153.87335,2023-09-15 21:30:00
1694814300000,26454.79,26480.85,26454.79,26469.14,86.19933,2023-09-15 21:45:00
1694815200000,26469.14,26494.8,26469.13,26487.53,157.29776,2023-09-15 22:00:00
1694816100000,26487.52,26507.19,26487.52,26503.63,139.44983,2023-09-15 22:15:00
1694817000000,26503.62,26770.0,26503.62,26712.43,1131.78014,2023-09-15 22:30:00
1694817900000,26712.43,26847.72,26684.87,26776.31,1034.61622,2023-09-15 22:45:00
1694818800000,26776.32,26888.0,26752.6,26752.6,882.84481,2023-09-15 23:00:00
1694819700000,26752.6,26760.99,26671.03,26674.72,343.61925,2023-09-15 23:15:00
1694820600000,26674.71,26724.17,26666.66,26666.67,311.27685,2023-09-15 23:30:00
1694821500000,26666.66,26669.98,26591.73,26600.0,326.49725,2023-09-15 23:45:00
1694822400000,26599.99,26643.82,26571.42,26610.07,458.77691,2023-09-16 00:00:00
1694823300000,26610.07,26667.32,26596.54,26657.59,181.05629,2023-09-16 00:15:00
1694824200000,26657.59,26672.41,26616.87,26624.44,267.26226,2023-09-16 00:30:00
1694825100000,26624.43,26652.35,26620.0,26630.17,93.86959,2023-09-16 00:45:00
1694826000000,26630.17,26679.18,26630.17,26669.21,136.01408,2023-09-16 01:00:00
1694826900000,26669.22,26694.18,26598.87,26598.88,211.17703,2023-09-16 01:15:00
1694827800000,26598.88,26618.93,26594.2,26617.55,143.87365,2023-09-16 01:30:00
1694828700000,26617.56,26659.97,26608.97,26653.31,108.89434,2023-09-16 01:45:00
1694829600000,26653.3,26728.42,26653.3,26721.91,365.58889,2023-09-16 02:00:00
1694830500000,26721.91,26777.0,26680.0,26680.28,434.9626,2023-09-16 02:15:00
1694831400000,26680.27,26695.0,26666.03,26694.94,136.16812,2023-09-16 02:30:00
1694832300000,26694.93,26726.57,26675.0,26675.01,165.44026,2023-09-16 02:45:00
1694833200000,26675.01,26700.0,26654.55,26657.59,173.90597,2023-09-16 03:00:00
1694834100000,26657.58,26690.82,26648.13,26673.94,111.43774,2023-09-16 03:15:00
1694835000000,26673.94,26673.95,26647.37,26650.59,184.33961,2023-09-16 03:30:00
1694835900000,26650.58,26650.59,26604.75,26616.43,171.72245,2023-09-16 03:45:00
1694836800000,26616.44,26621.36,26579.87,26579.87,270.87808,2023-09-16 04:00:00
1694837700000,26579.87,26618.77,26539.89,26583.24,275.73294,2023-09-16 04:15:00
1694838600000,26583.24,26615.32,26583.24,26603.87,267.82351,2023-09-16 04:30:00
1694839500000,26603.87,26610.53,26550.75,26555.28,123.06041,2023-09-16 04:45:00
1694840400000,26555.28,26583.29,26534.11,26564.1,320.61271,2023-09-16 05:00:00
1694841300000,26564.11,26573.65,26515.0,26551.25,203.10558,2023-09-16 05:15:00
1694842200000,26551.25,26551.26,26523.04,26537.99,106.4614,2023-09-16 05:30:00
1694843100000,26537.99,26549.99,26528.89,26537.76,112.41572,2023-09-16 05:45:00
1694844000000,26537.76,26537.77,26500.0,26502.89,248.53938,2023-09-16 06:00:00
1694844900000,26502.89,26509.67,26480.0,26481.26,174.60164,2023-09-16 06:15:00
1694845800000,26481.25,26496.39,26473.67,26478.61,176.66958,2023-09-16 06:30:00
1694846700000,26478.61,26487.39,26467.45,26487.38,156.26321,2023-09-16 06:45:00
1694847600000,26487.39,26509.99,26483.7,26497.25,122.0424,2023-09-16 07:00:00
1694848500000,26497.25,26504.98,26485.0,26504.97,63.35861,2023-09-16 07:15:00
1694849400000,26504.97,26506.15,26480.54,26480.55,153.51446,2023-09-16 07:30:00
1694850300000,26480.54,26498.92,26480.0,26494.5,131.01149,2023-09-16 07:45:00
1694851200000,26494.5,26494.51,26475.0,26475.0,147.33082,2023-09-16 08:00:00
1694852100000,26475.0,26489.53,26470.91,26487.87,118.84846,2023-09-16 08:15:00
1694853000000,26487.88,26533.37,26487.87,26515.24,140.83,2023-09-16 08:30:00
1694853900000,26515.23,26536.35,26496.84,26508.08,168.53047,2023-09-16 08:45:00
1694854800000,26508.07,26525.0,26508.07,26511.18,115.21637,2023-09-16 09:00:00
1694855700000,26511.18,26533.73,26511.17,26532.39,98.75384,2023-09-16 09:15:00
1694856600000,26532.39,26575.0,26532.39,26559.71,144.93737,2023-09-16 09:30:00
1694857500000,26559.7,26581.98,26499.73,26501.44,271.23287,2023-09-16 09:45:00
1694858400000,26501.44,26522.18,26445.0,26507.36,399.33906,2023-09-16 10:00:00
1694859300000,26507.35,26528.4,26490.9,26518.45,123.01089,2023-09-16 10:15:00
1694860200000,26518.45,26537.71,26518.44,26533.19,115.54667,2023-09-16 10:30:00
1694861100000,26533.2,26545.19,26527.32,26545.18,70.5013,2023-09-16 10:45:00
1694862000000,26545.18,26545.19,26520.0,26520.0,91.51539,2023-09-16 11:00:00
1694862900000,26520.01,26536.25,26500.0,26500.0,119.29853,2023-09-16 11:15:00
1694863800000,26500.0,26546.31,26485.15,26546.31,112.51188,2023-09-16 11:30:00
1694864700000,26546.31,26550.0,26515.36,26524.09,169.15638,2023-09-16 11:45:00
1694865600000,26524.08,26524.09,26500.95,26507.24,122.0028,2023-09-16 12:00:00
1694866500000,26507.25,26534.98,26500.32,26534.98,104.94951,2023-09-16 12:15:00
1694867400000,26534.98,26554.2,26531.81,26554.19,114.39152,2023-09-16 12:30:00
1694868300000,26554.2,26576.38,26543.0,26550.68,143.95197,2023-09-16 12:45:00
1694869200000,26550.69,26570.65,26533.02,26536.6,124.8642,2023-09-16 13:00:00
1694870100000,26536.6,26543.68,26516.83,26543.68,110.33101,2023-09-16 13:15:00
1694871000000,26543.67,26559.5,26531.46,26543.7,137.68314,2023-09-16 13:30:00
1694871900000,26543.71,26557.51,26541.72,26550.65,69.27665,2023-09-16 13:45:00
1694872800000,26550.66,26560.16,26547.67,26555.89,102.30882,2023-09-16 14:00:00
1694873700000,26555.9,26555.9,26540.09,26543.34,78.89033,2023-09-16 14:15:00
1694874600000,26543.34,26555.0,26540.09,26540.09,122.69576,2023-09-16 14:30:00
1694875500000,26540.09,26540.1,26490.31,26500.61,422.58337,2023-09-16 14:45:00
1694876400000,26500.61,26524.97,26481.87,26519.02,181.55635,2023-09-16 15:00:00
1694877300000,26519.02,26537.69,26505.37,26521.91,133.2636,2023-09-16 15:15:00
1694878200000,26521.9,26534.49,26515.76,26530.54,80.05182,2023-09-16 15:30:00
1694879100000,26530.55,26533.83,26506.88,26507.12,84.63477,2023-09-16 15:45:00
1694880000000,26507.12,26520.9,26504.7,26520.9,103.84994,2023-09-16 16:00:00
1694880900000,26520.89,26527.77,26496.14,26503.27,132.10888,2023-09-16 16:15:00
1694881800000,26503.27,26530.24,26502.73,26530.04,75.40016,2023-09-16 16:30:00
1694882700000,26530.03,26530.04,26514.62,26527.19,147.11111,2023-09-16 16:45:00
1694883600000,26527.18,26527.47,26512.74,26514.37,83.24656,2023-09-16 17:00:00
1694884500000,26514.36,26538.1,26514.36,26538.09,128.61391,2023-09-16 17:15:00
1694885400000,26538.1,26622.22,26538.09,26604.54,341.02178,2023-09-16 17:30:00
1694886300000,26604.54,26604.55,26565.77,26566.98,151.38852,2023-09-16 17:45:00
1694887200000,26566.98,26622.15,26558.55,26572.22,207.4539,2023-09-16 18:00:00
1694888100000,26572.22,26584.91,26554.99,26567.65,107.76343,2023-09-16 18:15:00
1694889000000,26567.65,26578.56,26556.76,26560.46,100.24639,2023-09-16 18:30:00
1694889900000,26560.46,26581.26,26555.1,26581.25,90.85289,2023-09-16 18:45:00
1694890800000,26581.26,26582.91,26531.4,26543.6,112.12101,2023-09-16 19:00:00
1694891700000,26543.59,26543.6,26514.5,26532.55,106.83847,2023-09-16 19:15:00
1694892600000,26532.56,26535.7,26525.0,26527.79,52.133,2023-09-16 19:30:00
1694893500000,26527.8,26534.62,26505.4,26532.8,109.53201,2023-09-16 19:45:00
1694894400000,26532.79,26546.23,26530.0,26546.22,51.57956,2023-09-16 20:00:00
1694895300000,26546.23,26547.02,26526.18,26534.93,64.77484,2023-09-16 20:15:00
1694896200000,26534.93,26562.63,26534.93,26549.91,61.68619,2023-09-16 20:30:00
1694897100000,26549.9,26549.91,26527.4,26527.41,38.90538,2023-09-16 20:45:00
1694898000000,26527.41,26542.7,26526.15,26542.7,87.70431,2023-09-16 21:00:00
1694898900000,26542.69,26579.99,26542.69,26557.16,101.35096,2023-09-16 21:15:00
1694899800000,26557.15,26578.37,26546.82,26560.79,88.3794,2023-09-16 21:30:00
1694900700000,26560.79,26573.89,26560.78,26570.01,84.91488,2023-09-16 21:45:00
1694901600000,26570.01,26573.89,26566.0,26567.29,49.57499,2023-09-16 22:00:00
1694902500000,26567.28,26572.72,26566.05,26572.71,37.33849,2023-09-16 22:15:00
1694903400000,26572.71,26573.42,26566.67,26566.68,65.25076,2023-09-16 22:30:00
1694904300000,26566.68,26568.34,26560.0,26560.01,53.86951,2023-09-16 22:45:00
1694905200000,26560.0,26571.87,26550.48,26568.17,100.81974,2023-09-16 23:00:00
1694906100000,26568.17,26568.18,26507.0,26529.38,115.12118,2023-09-16 23:15:00
1694907000000,26529.37,26546.64,26522.9,26546.64,69.72489,2023-09-16 23:30:00
1694907900000,26546.63,26559.68,26546.63,26559.67,49.67964,2023-09-16 23:45:00
1694908800000,26559.67,26559.68,26500.01,26514.14,193.57899,2023-09-17 00:00:00
1694909700000,26514.14,26526.08,26486.7,26501.4,171.43033,2023-09-17 00:15:00
1694910600000,26501.4,26519.25,26501.39,26519.24,99.95087,2023-09-17 00:30:00
1694911500000,26519.25,26523.1,26434.05,26468.67,350.19597,2023-09-17 00:45:00
1694912400000,26468.67,26477.68,26416.16,26467.89,586.64657,2023-09-17 01:00:00
1694913300000,26467.89,26497.5,26463.8,26477.57,123.74779,2023-09-17 01:15:00
1694914200000,26477.57,26506.19,26477.56,26506.18,86.02509,2023-09-17 01:30:00
1694915100000,26506.19,26515.17,26496.34,26496.35,79.93502,2023-09-17 01:45:00
1694916000000,26496.34,26499.98,26492.63,26492.63,61.22331,2023-09-17 02:00:00
1694916900000,26492.64,26516.28,26492.63,26502.95,105.88405,2023-09-17 02:15:00
1694917800000,26502.94,26519.79,26490.89,26519.41,260.67458,2023-09-17 02:30:00
1694918700000,26519.4,26530.07,26501.19,26502.51,252.48284,2023-09-17 02:45:00
1694919600000,26502.5,26517.7,26499.76,26517.69,90.63006,2023-09-17 03:00:00
1694920500000,26517.69,26532.96,26517.69,26532.96,66.31127,2023-09-17 03:15:00
1694921400000,26532.96,26535.24,26515.75,26517.59,119.29484,2023-09-17 03:30:00
1694922300000,26517.6,26531.63,26517.59,26529.25,62.32401,2023-09-17 03:45:00
1694923200000,26529.25,26531.07,26508.96,26513.07,104.84809,2023-09-17 04:00:00
1694924100000,26513.07,26528.15,26513.07,26517.05,69.61183,2023-09-17 04:15:00
1694925000000,26517.04,26534.14,26517.04,26534.13,43.34542,2023-09-17 04:30:00
1694925900000,26534.13,26570.0,26534.13,26552.85,157.19183,2023-09-17 04:45:00
1694926800000,26552.85,26560.0,26540.32,26549.43,70.97136,2023-09-17 05:00:00
1694927700000,26549.43,26549.44,26526.33,26533.52,81.057,2023-09-17 05:15:00
1694928600000,26533.53,26537.51,26520.0,26524.44,72.57602,2023-09-17 05:30:00
1694929500000,26524.44,26543.79,26524.44,26543.79,141.77304,2023-09-17 05:45:00
1694930400000,26543.79,26543.79,26524.37,26526.57,69.50242,2023-09-17 06:00:00
1694931300000,26526.57,26536.94,26526.57,26536.94,67.73135,2023-09-17 06:15:00
1694932200000,26536.93,26543.05,26530.13,26530.14,66.63705,2023-09-17 06:30:00
1694933100000,26530.14,26545.98,26525.02,26545.41,127.44433,2023-09-17 06:45:00
1694934000000,26545.42,26547.37,26536.13,26542.19,106.42609,2023-09-17 07:00:00
1694934900000,26542.18,26547.37,26542.18,26543.84,67.42987,2023-09-17 07:15:00
1694935800000,26543.83,26543.84,26521.84,26521.84,136.29819,2023-09-17 07:30:00
1694936700000,26521.85,26521.85,26490.88,26495.93,143.16108,2023-09-17 07:45:00
1694937600000,26495.94,26521.14,26493.13,26518.23,297.39254,2023-09-17 08:00:00
1694938500000,26518.24,26528.74,26507.52,26528.73,90.98346,2023-09-17 08:15:00
1694939400000,26528.74,26553.99,26528.73,26541.72,124.09737,2023-09-17 08:30:00
1694940300000,26541.71,26553.81,26541.71,26551.14,106.41135,2023-09-17 08:45:00
1694941200000,26551.15,26567.0,26545.71,26548.94,148.64093,2023-09-17 09:00:00
1694942100000,26548.93,26554.01,26542.07,26544.89,66.29415,2023-09-17 09:15:00
1694943000000,26544.88,26549.46,26542.76,26542.96,80.37185,2023-09-17 09:30:00
1694943900000,26542.95,26582.05,26542.95,26578.69,287.97681,2023-09-17 09:45:00
1694944800000,26578.7,26590.41,26568.73,26575.12,148.53201,2023-09-17 10:00:00
1694945700000,26575.13,26590.0,26571.31,26589.26,99.52001,2023-09-17 10:15:00
1694946600000,26589.26,26599.0,26589.25,26597.99,124.89079,2023-09-17 10:30:00
1694947500000,26598.0,26611.98,26590.08,26597.73,222.25888,2023-09-17 10:45:00
1694948400000,26597.73,26603.1,26587.42,26587.59,127.03774,2023-09-17 11:00:00
1694949300000,26587.59,26600.23,26585.61,26594.54,113.71338,2023-09-17 11:15:00
1694950200000,26594.54,26610.66,26591.89,26610.12,126.5623,2023-09-17 11:30:00
1694951100000,26610.12,26623.25,26566.67,26566.67,188.45687,2023-09-17 11:45:00
1694952000000,26566.68,26583.46,26566.67,26573.92,70.89622,2023-09-17 12:00:00
1694952900000,26573.92,26573.92,26557.04,26573.73,87.14157,2023-09-17 12:15:00
1694953800000,26573.73,26576.98,26573.73,26576.97,54.33593,2023-09-17 12:30:00
1694954700000,26576.98,26576.98,26564.93,26576.85,64.92193,2023-09-17 12:45:00
1694955600000,26576.86,26576.86,26546.66,26556.06,84.94916,2023-09-17 13:00:00
1694956500000,26556.06,26566.76,26556.05,26566.75,67.6255,2023-09-17 13:15:00
1694957400000,26566.76,26567.79,26551.84,26558.02,78.8814,2023-09-17 13:30:00
1694958300000,26558.03,26558.03,26527.4,26543.94,265.14857,2023-09-17 13:45:00
1694959200000,26543.94,26550.67,26542.61,26550.49,73.91834,2023-09-17 14:00:00
1694960100000,26550.48,26564.89,26542.13,26564.89,88.26524,2023-09-17 14:15:00
1694961000000,26564.89,26589.19,26556.95,26560.85,101.34779,2023-09-17 14:30:00
1694961900000,26560.84,26566.41,26525.28,26538.87,118.84536,2023-09-17 14:45:00
1694962800000,26538.87,26600.0,26538.86,26559.19,284.92605,2023-09-17 15:00:00
1694963700000,26559.2,26567.21,26540.5,26567.21,180.98413,2023-09-17 15:15:00
1694964600000,26567.21,26567.85,26538.47,26549.32,391.95602,2023-09-17 15:30:00
1694965500000,26549.33,26557.15,26546.73,26549.98,185.57052,2023-09-17 15:45:00
1694966400000,26549.98,26551.0,26531.33,26533.35,97.61053,2023-09-17 16:00:00
1694967300000,26533.36,26536.03,26505.01,26535.01,152.25117,2023-09-17 16:15:00
1694968200000,26535.0,26535.01,26500.0,26500.0,124.83689,2023-09-17 16:30:00
1694969100000,26500.01,26517.06,26491.0,26511.23,125.39566,2023-09-17 16:45:00
1694970000000,26511.23,26511.23,26483.16,26502.96,274.57395,2023-09-17 17:00:00
1694970900000,26502.95,26528.09,26491.97,26511.1,139.97958,2023-09-17 17:15:00
1694971800000,26511.1,26531.16,26505.45,26528.07,117.04441,2023-09-17 17:30:00
1694972700000,26528.06,26528.07,26480.0,26480.0,117.53163,2023-09-17 17:45:00
1694973600000,26480.01,26518.78,26464.64,26510.0,214.47044,2023-09-17 18:00:00
1694974500000,26510.0,26510.0,26506.55,26506.56,49.14029,2023-09-17 18:15:00
1694975400000,26506.56,26515.0,26506.55,26510.98,63.88489,2023-09-17 18:30:00
1694976300000,26510.98,26514.44,26494.74,26494.76,57.80801,2023-09-17 18:45:00
1694977200000,26494.76,26509.84,26494.76,26508.03,63.24046,2023-09-17 19:00:00
1694978100000,26508.02,26508.03,26493.39,26493.39,59.29681,2023-09-17 19:15:00
1694979000000,26493.4,26520.76,26490.53,26509.36,156.84482,2023-09-17 19:30:00
1694979900000,26509.35,26509.36,26495.6,26505.15,45.49439,2023-09-17 19:45:00
1694980800000,26505.14,26505.15,26490.59,26503.99,206.74978,2023-09-17 20:00:00
1694981700000,26503.99,26504.51,26496.95,26496.96,61.05987,2023-09-17 20:15:00
1694982600000,26496.96,26501.7,26456.69,26463.92,292.92698,2023-09-17 20:30:00
1694983500000,26463.93,26463.93,26422.0,26436.35,310.46281,2023-09-17 20:45:00
1694984400000,26436.34,26451.5,26399.0,26435.7,371.5346,2023-09-17 21:00:00
1694985300000,26435.71,26485.65,26435.7,26455.15,100.52506,2023-09-17 21:15:00
1694986200000,26455.15,26497.53,26455.06,26495.59,99.44822,2023-09-17 21:30:00
1694987100000,26495.59,26495.6,26473.69,26484.92,88.27666,2023-09-17 21:45:00
1694988000000,26484.91,26484.92,26438.61,26459.51,105.03872,2023-09-17 22:00:00
1694988900000,26459.51,26485.83,26459.51,26485.83,88.9931,2023-09-17 22:15:00
1694989800000,26485.82,26485.83,26450.18,26454.03,75.96441,2023-09-17 22:30:00
1694990700000,26454.02,26492.0,26450.0,26491.99,96.32754,2023-09-17 22:45:00
1694991600000,26491.99,26505.0,26455.0,26457.71,139.89995,2023-09-17 23:00:00
1694992500000,26457.71,26480.92,26450.0,26480.92,52.61509,2023-09-17 23:15:00
1694993400000,26480.92,26500.0,26470.19,26497.46,101.96978,2023-09-17 23:30:00
1694994300000,26497.45,26534.09,26497.45,26527.51,157.71154,2023-09-17 23:45:00
1694995200000,26527.5,26553.56,26524.34,26525.95,171.3,2023-09-18 00:00:00
1694996100000,26525.96,26536.18,26485.91,26487.4,140.25027,2023-09-18 00:15:00
1694997000000,26487.4,26501.4,26377.35,26496.28,833.5344,2023-09-18 00:30:00
1694997900000,26496.29,26519.87,26458.1,26462.41,164.63271,2023-09-18 00:45:00
1694998800000,26462.4,26485.0,26442.83,26481.83,114.88592,2023-09-18 01:00:00
1694999700000,26481.82,26489.38,26445.03,26481.43,235.73319,2023-09-18 01:15:00
1695000600000,26481.43,26481.44,26446.51,26470.38,139.66262,2023-09-18 01:30:00
1695001500000,26470.38,26476.98,26448.8,26462.63,118.84536,2023-09-18 01:45:00
1695002400000,26462.63,26500.0,26458.63,26492.55,96.45742,2023-09-18 02:00:00
1695003300000,26492.54,26709.47,26492.54,26652.66,1013.50004,2023-09-18 02:15:00
1695004200000,26652.65,26750.0,26587.26,26622.2,904.20098,2023-09-18 02:30:00
1695005100000,26622.2,26720.52,26621.78,26663.12,340.85742,2023-09-18 02:45:00
1695006000000,26663.12,26668.21,26600.0,26601.41,216.82806,2023-09-18 03:00:00
1695006900000,26601.41,26644.23,26581.71,26633.82,252.49218,2023-09-18 03:15:00
1695007800000,26633.81,26670.0,26630.0,26653.13,192.30192,2023-09-18 03:30:00
1695008700000,26653.13,26688.0,26646.84,26658.66,235.13242,2023-09-18 03:45:00
1695009600000,26658.66,26680.0,26618.07,26636.95,217.30136,2023-09-18 04:00:00
1695010500000,26636.94,26636.95,26599.99,26599.99,180.84958,2023-09-18 04:15:00
1695011400000,26600.0,26602.19,26567.09,26581.93,195.30121,2023-09-18 04:30:00
1695012300000,26581.93,26627.6,26574.32,26621.75,135.47423,2023-09-18 04:45:00
1695013200000,26621.76,26640.0,26605.32,26639.99,185.3097,2023-09-18 05:00:00
1695014100000,26639.99,26654.18,26633.69,26644.53,106.5734,2023-09-18 05:15:00
1695015000000,26644.53,26680.0,26642.63,26647.59,145.53057,2023-09-18 05:30:00
1695015900000,26647.59,26670.0,26647.45,26647.45,105.12949,2023-09-18 05:45:00
1695016800000,26647.45,26684.56,26639.55,26669.99,119.58041,2023-09-18 06:00:00
1695017700000,26670.0,26699.07,26669.99,26680.0,120.65045,2023-09-18 06:15:00
1695018600000,26680.0,26698.41,26665.89,26674.54,108.74088,2023-09-18 06:30:00
1695019500000,26674.54,26690.0,26622.77,26622.83,155.28222,2023-09-18 06:45:00
1695020400000,26622.82,26655.34,26622.82,26655.34,162.84791,2023-09-18 07:00:00
1695021300000,26655.34,26748.73,26655.33,26741.65,476.6629,2023-09-18 07:15:00
1695022200000,26741.65,26800.0,26680.0,26685.02,374.05511,2023-09-18 07:30:00
1695023100000,26685.03,26710.68,26668.11,26710.67,174.70473,2023-09-18 07:45:00
1695024000000,26710.67,26729.6,26692.86,26720.56,213.05025,2023-09-18 08:00:00
1695024900000,26720.55,26720.56,26692.05,26692.16,106.50398,2023-09-18 08:15:00
1695025800000,26692.16,26697.62,26684.02,26684.27,328.90173,2023-09-18 08:30:00
1695026700000,26684.28,26724.81,26684.27,26724.8,242.97002,2023-09-18 08:45:00
1695027600000,26724.8,26775.24,26724.8,26775.23,255.05779,2023-09-18 09:00:00
1695028500000,26775.24,26788.88,26743.47,26743.48,186.64825,2023-09-18 09:15:00
1695029400000,26743.47,26883.94,26743.47,26831.6,1826.47498,2023-09-18 09:30:00
1695030300000,26831.6,26945.55,26802.81,26872.31,791.60916,2023-09-18 09:45:00
1695031200000,26872.3,26979.75,26872.3,26913.1,911.12077,2023-09-18 10:00:00
1695032100000,26913.09,27025.0,26913.09,26986.27,1174.28294,2023-09-18 10:15:00
1695033000000,26986.27,27142.16,26986.27,27082.72,1489.7415,2023-09-18 10:30:00
1695033900000,27082.73,27189.22,27060.32,27129.11,949.90214,2023-09-18 10:45:00
1695034800000,27129.12,27217.02,27129.11,27171.91,1028.10304,2023-09-18 11:00:00
1695035700000,27171.9,27240.0,27160.31,27205.95,692.40163,2023-09-18 11:15:00
1695036600000,27205.96,27218.98,27100.0,27147.11,526.45404,2023-09-18 11:30:00
1695037500000,27147.11,27196.98,27135.88,27196.98,243.7429,2023-09-18 11:45:00
1695038400000,27196.98,27288.0,27151.0,27194.17,1168.09813,2023-09-18 12:00:00
1695039300000,27194.17,27288.0,27170.63,27258.03,448.89989,2023-09-18 12:15:00
1695040200000,27258.03,27400.0,27258.02,27340.0,1461.80818,2023-09-18 12:30:00
1695041100000,27340.01,27406.73,27320.83,27371.35,925.39113,2023-09-18 12:45:00
1695042000000,27371.36,27409.0,27324.07,27335.46,900.46636,2023-09-18 13:00:00
1695042900000,27335.47,27350.0,27268.79,27268.8,708.64847,2023-09-18 13:15:00
1695043800000,27268.79,27322.52,27222.4,27240.01,667.78799,2023-09-18 13:30:00
1695044700000,27240.0,27275.0,27203.0,27255.21,636.89027,2023-09-18 13:45:00
1695045600000,27255.22,27279.58,27130.0,27197.27,751.07491,2023-09-18 14:00:00
1695046500000,27197.27,27270.67,27170.62,27238.38,492.96971,2023-09-18 14:15:00
1695047400000,27238.38,27269.93,27217.4,27237.0,429.25,2023-09-18 14:30:00
1695048300000,27236.99,27292.68,27229.32,27260.46,267.29378,2023-09-18 14:45:00
1695049200000,27260.46,27299.36,27260.46,27298.26,307.72612,2023-09-18 15:00:00
1695050100000,27298.25,27312.16,27270.01,27295.0,300.45098,2023-09-18 15:15:00
1695051000000,27295.0,27342.49,27270.58,27322.92,519.65014,2023-09-18 15:30:00
1695051900000,27322.91,27357.0,27253.08,27269.42,356.73099,2023-09-18 15:45:00
1695052800000,27269.43,27310.0,27255.42,27275.0,375.12065,2023-09-18 16:00:00
1695053700000,27274.99,27280.77,27197.89,27211.79,428.34065,2023-09-18 16:15:00
1695054600000,27211.8,27253.42,27203.89,27250.8,529.19386,2023-09-18 16:30:00
1695055500000,27250.8,27264.99,27240.26,27246.0,149.18357,2023-09-18 16:45:00
1695056400000,27245.99,27268.52,27170.0,27205.65,230.20744,2023-09-18 17:00:00
1695057300000,27205.64,27205.65,26900.0,26904.98,1806.75251,2023-09-18 17:15:00
1695058200000,26904.98,26948.39,26669.94,26815.22,2885.65769,2023-09-18 17:30:00
1695059100000,26815.21,26843.52,26740.01,26760.49,538.45688,2023-09-18 17:45:00
1695060000000,26760.48,26828.83,26737.09,26828.82,461.96343,2023-09-18 18:00:00
1695060900000,26828.82,26842.93,26715.73,26715.73,487.27186,2023-09-18 18:15:00
1695061800000,26715.74,26750.0,26631.0,26684.42,763.89501,2023-09-18 18:30:00
1695062700000,26684.42,26744.78,26672.04,26710.0,561.75116,2023-09-18 18:45:00
1695063600000,26710.0,26750.0,26680.92,26735.01,299.93835,2023-09-18 19:00:00
1695064500000,26735.01,26757.69,26696.09,26757.48,185.27801,2023-09-18 19:15:00
1695065400000,26757.47,26908.69,26731.15,26901.66,549.65677,2023-09-18 19:30:00
1695066300000,26901.65,26943.83,26812.41,26814.79,453.9329,2023-09-18 19:45:00
1695067200000,26814.78,26841.63,26777.77,26805.0,314.9977,2023-09-18 20:00:00
1695068100000,26805.0,26805.0,26756.57,26760.6,261.03471,2023-09-18 20:15:00
1695069000000,26760.59,26779.48,26736.13,26776.81,160.29586,2023-09-18 20:30:00
1695069900000,26776.8,26784.94,26751.26,26765.95,145.58081,2023-09-18 20:45:00
1695070800000,26765.95,26775.52,26732.23,26773.87,104.11893,2023-09-18 21:00:00
1695071700000,26773.86,26815.85,26761.64,26803.67,220.83073,2023-09-18 21:15:00
1695072600000,26803.66,26813.27,26781.11,26809.32,91.3195,2023-09-18 21:30:00
1695073500000,26809.32,26846.76,26794.13,26839.13,134.52975,2023-09-18 21:45:00
1695074400000,26839.13,26850.0,26797.7,26832.36,161.81275,2023-09-18 22:00:00
1695075300000,26832.35,26838.26,26820.89,26830.57,132.38089,2023-09-18 22:15:00
1695076200000,26830.58,26830.58,26782.95,26826.0,138.42952,2023-09-18 22:30:00
1695077100000,26826.0,26881.45,26823.37,26872.13,209.4949,2023-09-18 22:45:00
1695078000000,26872.12,26872.13,26798.84,26798.84,230.40636,2023-09-18 23:00:00
1695078900000,26798.85,26803.3,26755.73,26762.44,148.09002,2023-09-18 23:15:00
1695079800000,26762.44,26766.0,26730.18,26740.01,201.76244,2023-09-18 23:30:00
1695080700000,26740.0,26772.48,26728.0,26762.51,194.03572,2023-09-18 23:45:00
1695081600000,26762.5,26787.56,26753.86,26759.66,221.2897,2023-09-19 00:00:00
1695082500000,26759.66,26759.67,26670.27,26688.9,476.30427,2023-09-19 00:15:00
1695083400000,26688.89,26729.15,26667.79,26714.99,210.24808,2023-09-19 00:30:00
1695084300000,26715.0,26715.0,26669.91,26677.12,278.44887,2023-09-19 00:45:00
1695085200000,26677.12,26720.0,26669.91,26706.66,135.72924,2023-09-19 01:00:00
1695086100000,26706.66,26734.77,26694.38,26719.56,148.44769,2023-09-19 01:15:00
1695087000000,26719.55,26726.72,26703.09,26719.28,206.1331,2023-09-19 01:30:00
1695087900000,26719.28,26719.28,26690.27,26699.99,107.40961,2023-09-19 01:45:00
1695088800000,26700.0,26736.08,26684.79,26721.25,196.40771,2023-09-19 02:00:00
1695089700000,26721.25,26749.68,26720.05,26742.22,125.34968,2023-09-19 02:15:00
1695090600000,26742.22,26782.65,26740.0,26774.43,121.76851,2023-09-19 02:30:00
1695091500000,26774.43,26821.58,26774.42,26821.57,240.25017,2023-09-19 02:45:00
1695092400000,26821.58,26840.67,26795.31,26813.24,263.20973,2023-09-19 03:00:00
1695093300000,26813.23,26813.24,26787.37,26794.54,81.41137,2023-09-19 03:15:00
1695094200000,26794.53,26833.19,26792.53,26826.51,166.70079,2023-09-19 03:30:00
1695095100000,26826.51,26828.94,26809.96,26818.42,134.72176,2023-09-19 03:45:00
1695096000000,26818.41,26838.8,26807.19,26838.79,81.90319,2023-09-19 04:00:00
1695096900000,26838.8,26845.44,26830.47,26832.51,101.85919,2023-09-19 04:15:00
1695097800000,26832.5,26846.48,26831.43,26831.44,116.82449,2023-09-19 04:30:00
1695098700000,26831.43,26860.0,26829.98,26859.9,153.27941,2023-09-19 04:45:00
1695099600000,26859.9,26859.91,26837.01,26855.16,123.96431,2023-09-19 05:00:00
1695100500000,26855.16,26855.17,26830.78,26841.75,135.07681,2023-09-19 05:15:00
1695101400000,26841.74,26848.82,26812.17,26821.52,125.29083,2023-09-19 05:30:00
1695102300000,26821.53,26842.1,26793.77,26796.26,172.07644,2023-09-19 05:45:00
1695103200000,26796.26,26796.26,26750.88,26781.99,144.44565,2023-09-19 06:00:00
1695104100000,26781.99,26794.99,26768.48,26775.0,113.96638,2023-09-19 06:15:00
1695105000000,26775.0,26829.26,26769.65,26823.56,108.56674,2023-09-19 06:30:00
1695105900000,26823.57,26830.0,26812.9,26829.86,147.41593,2023-09-19 06:45:00
1695106800000,26829.86,26832.21,26814.94,26832.2,124.87692,2023-09-19 07:00:00
1695107700000,26832.2,26859.24,26827.14,26856.49,182.44845,2023-09-19 07:15:00
1695108600000,26856.49,26870.82,26840.0,26846.08,212.65212,2023-09-19 07:30:00
1695109500000,26846.09,26874.73,26839.99,26847.21,395.25765,2023-09-19 07:45:00
1695110400000,26847.21,26904.47,26847.21,26904.46,523.5698,2023-09-19 08:00:00
1695111300000,26904.47,26940.99,26887.06,26940.98,346.32353,2023-09-19 08:15:00
1695112200000,26940.99,26997.7,26919.21,26993.35,461.36286,2023-09-19 08:30:00
1695113100000,26993.36,27077.35,26919.12,27066.74,723.41005,2023-09-19 08:45:00
1695114000000,27066.74,27154.91,27027.7,27120.0,727.67576,2023-09-19 09:00:00
1695114900000,27119.99,27299.99,27119.99,27270.09,992.50476,2023-09-19 09:15:00
1695115800000,27270.1,27466.0,27270.09,27329.0,1430.12136,2023-09-19 09:30:00
1695116700000,27328.99,27349.29,27240.56,27288.96,715.08851,2023-09-19 09:45:00
1695117600000,27288.95,27314.7,27183.12,27211.54,676.34157,2023-09-19 10:00:00
1695118500000,27211.54,27259.33,27050.02,27104.74,699.95764,2023-09-19 10:15:00
1695119400000,27104.74,27195.42,27096.02,27190.71,454.32092,2023-09-19 10:30:00
1695120300000,27190.71,27196.68,27100.52,27170.73,438.02917,2023-09-19 10:45:00
1695121200000,27170.73,27200.01,27106.19,27106.46,470.75997,2023-09-19 11:00:00
1695122100000,27106.46,27158.01,27092.83,27158.01,302.29823,2023-09-19 11:15:00
1695123000000,27158.01,27168.45,27121.4,27150.0,241.28179,2023-09-19 11:30:00
1695123900000,27150.0,27240.0,27149.99,27237.56,423.74546,2023-09-19 11:45:00
1695124800000,27237.57,27244.51,27176.9,27206.54,370.68047,2023-09-19 12:00:00
1695125700000,27206.55,27288.0,27201.42,27273.94,360.46042,2023-09-19 12:15:00
1695126600000,27273.94,27284.08,27100.98,27117.06,628.62049,2023-09-19 12:30:00
1695127500000,27117.07,27178.41,27072.56,27139.15,905.05504,2023-09-19 12:45:00
1695128400000,27139.16,27183.09,27095.36,27151.28,399.29352,2023-09-19 13:00:00
1695129300000,27151.28,27199.37,27151.27,27167.25,421.83592,2023-09-19 13:15:00
1695130200000,27167.24,27210.01,27135.0,27175.92,321.62575,2023-09-19 13:30:00
1695131100000,27175.92,27195.0,26917.84,26968.77,1355.87517,2023-09-19 13:45:00
1695132000000,26968.78,27084.5,26881.37,27077.1,1122.48013,2023-09-19 14:00:00
1695132900000,27077.09,27193.43,27059.41,27133.57,728.17753,2023-09-19 14:15:00
1695133800000,27133.56,27162.1,27075.0,27144.84,245.84377,2023-09-19 14:30:00
1695134700000,27144.83,27200.0,27105.48,27169.0,332.46887,2023-09-19 14:45:00
1695135600000,27169.0,27278.4,27138.08,27224.16,799.84634,2023-09-19 15:00:00
1695136500000,27224.16,27379.99,27197.72,27329.8,694.47742,2023-09-19 15:15:00
1695137400000,27329.8,27480.0,27283.76,27306.08,1573.18161,2023-09-19 15:30:00
1695138300000,27306.08,27479.7,27237.44,27422.24,1276.90753,2023-09-19 15:45:00
1695139200000,27422.24,27468.99,27353.73,27463.46,584.18836,2023-09-19 16:00:00
1695140100000,27463.47,27483.57,27292.92,27334.76,659.04642,2023-09-19 16:15:00
1695141000000,27334.76,27378.97,27295.0,27378.23,464.1816,2023-09-19 16:30:00
1695141900000,27378.24,27378.24,27236.52,27285.72,416.59615,2023-09-19 16:45:00
1695142800000,27285.71,27289.38,27079.68,27200.0,734.31823,2023-09-19 17:00:00
1695143700000,27199.99,27200.0,27139.95,27172.14,283.00363,2023-09-19 17:15:00
1695144600000,27172.14,27232.86,27172.13,27207.86,296.4447,2023-09-19 17:30:00
1695145500000,27207.86,27223.79,27130.1,27133.88,786.82147,2023-09-19 17:45:00
1695146400000,27133.88,27179.79,27087.55,27168.98,502.72371,2023-09-19 18:00:00
1695147300000,27168.98,27199.48,27130.67,27130.68,177.01643,2023-09-19 18:15:00
1695148200000,27130.68,27167.4,27105.0,27111.25,497.3176,2023-09-19 18:30:00
1695149100000,27111.25,27140.65,27080.0,27123.01,472.88035,2023-09-19 18:45:00
1695150000000,27123.02,27139.59,27097.82,27118.5,189.97035,2023-09-19 19:00:00
1695150900000,27118.5,27170.0,27069.9,27145.01,236.54373,2023-09-19 19:15:00
1695151800000,27145.01,27184.45,27145.0,27170.56,188.6551,2023-09-19 19:30:00
1695152700000,27170.56,27204.99,27150.17,27185.44,148.35361,2023-09-19 19:45:00
1695153600000,27185.43,27212.5,27115.7,27208.32,342.88174,2023-09-19 20:00:00
1695154500000,27208.33,27208.33,27134.79,27157.1,240.31735,2023-09-19 20:15:00
1695155400000,27157.1,27179.72,27148.33,27174.99,100.40125,2023-09-19 20:30:00
1695156300000,27174.99,27203.55,27173.88,27183.67,139.30589,2023-09-19 20:45:00
1695157200000,27183.67,27183.68,27135.93,27135.94,121.42156,2023-09-19 21:00:00
1695158100000,27135.94,27140.47,26990.01,27028.46,627.62604,2023-09-19 21:15:00
1695159000000,27028.46,27119.66,27008.48,27100.25,173.12136,2023-09-19 21:30:00
1695159900000,27100.25,27185.0,27072.04,27157.97,161.18673,2023-09-19 21:45:00
1695160800000,27157.98,27157.98,27128.7,27133.26,112.15058,2023-09-19 22:00:00
1695161700000,27133.26,27145.0,27091.53,27132.84,141.51189,2023-09-19 22:15:00
1695162600000,27132.85,27187.01,27108.41,27181.78,118.37211,2023-09-19 22:30:00
1695163500000,27181.78,27199.0,27181.78,27189.46,101.89238,2023-09-19 22:45:00
1695164400000,27189.45,27221.14,27173.64,27198.82,161.45852,2023-09-19 23:00:00
1695165300000,27198.82,27222.81,27198.81,27215.26,89.55744,2023-09-19 23:15:00
1695166200000,27215.26,27220.53,27189.34,27206.17,103.41997,2023-09-19 23:30:00
1695167100000,27206.18,27221.59,27193.02,27210.26,100.47947,2023-09-19 23:45:00
1695168000000,27210.25,27257.85,27184.96,27246.0,288.57045,2023-09-20 00:00:00
1695168900000,27246.0,27254.43,27172.7,27182.16,176.12102,2023-09-20 00:15:00
1695169800000,27182.15,27183.69,27146.01,27154.51,152.07872,2023-09-20 00:30:00
1695170700000,27154.51,27206.69,27147.03,27206.68,144.01444,2023-09-20 00:45:00
1695171600000,27206.69,27285.0,27194.64,27265.01,318.35625,2023-09-20 01:00:00
1695172500000,27265.0,27283.12,27240.02,27257.57,139.67377,2023-09-20 01:15:00
1695173400000,27257.57,27342.56,27242.24,27313.04,284.91304,2023-09-20 01:30:00
1695174300000,27313.04,27349.91,27280.01,27345.77,236.57473,2023-09-20 01:45:00
1695175200000,27345.77,27388.63,27250.01,27255.19,554.05695,2023-09-20 02:00:00
1695176100000,27255.19,27282.08,27211.76,27232.4,272.11772,2023-09-20 02:15:00
1695177000000,27232.39,27239.46,27161.92,27192.44,269.47049,2023-09-20 02:30:00
1695177900000,27192.45,27206.33,27140.89,27165.48,319.36265,2023-09-20 02:45:00
1695178800000,27165.48,27202.67,27158.79,27195.71,235.11349,2023-09-20 03:00:00
1695179700000,27195.71,27195.71,27135.57,27135.58,283.14119,2023-09-20 03:15:00
1695180600000,27135.57,27155.02,27097.1,27155.02,360.84323,2023-09-20 03:30:00
1695181500000,27155.01,27155.02,27085.0,27119.48,484.17403,2023-09-20 03:45:00
1695182400000,27119.48,27119.48,27085.01,27108.01,282.53361,2023-09-20 04:00:00
1695183300000,27108.0,27127.84,27075.01,27126.1,214.92118,2023-09-20 04:15:00
1695184200000,27126.11,27151.64,27104.56,27136.03,236.56938,2023-09-20 04:30:00
1695185100000,27136.02,27159.91,27070.0,27071.8,194.33863,2023-09-20 04:45:00
1695186000000,27071.79,27100.0,27043.98,27061.77,278.15229,2023-09-20 05:00:00
1695186900000,27061.77,27106.1,27025.0,27103.87,412.20399,2023-09-20 05:15:00
1695187800000,27103.86,27103.87,27064.68,27068.15,127.32004,2023-09-20 05:30:00
1695188700000,27068.15,27086.39,27007.0,27025.0,212.09564,2023-09-20 05:45:00
1695189600000,27024.99,27054.09,26936.79,27050.04,1050.67826,2023-09-20 06:00:00
1695190500000,27050.04,27075.39,27033.75,27064.92,348.76389,2023-09-20 06:15:00
1695191400000,27064.93,27064.93,27025.0,27049.16,272.93377,2023-09-20 06:30:00
1695192300000,27049.17,27068.39,27020.0,27064.07,274.07495,2023-09-20 06:45:00
1695193200000,27064.06,27077.07,27050.34,27050.35,213.63957,2023-09-20 07:00:00
1695194100000,27050.34,27097.73,27045.58,27081.41,281.59613,2023-09-20 07:15:00
1695195000000,27081.42,27142.03,27077.52,27126.02,288.85406,2023-09-20 07:30:00
1695195900000,27126.01,27132.01,27090.48,27105.62,308.4819,2023-09-20 07:45:00
1695196800000,27105.61,27131.75,27092.39,27114.76,310.71378,2023-09-20 08:00:00
1695197700000,27114.75,27148.73,27110.55,27141.74,193.87403,2023-09-20 08:15:00
1695198600000,27141.74,27159.3,27124.62,27159.3,169.75687,2023-09-20 08:30:00
1695199500000,27159.3,27197.66,27152.69,27188.4,385.67514,2023-09-20 08:45:00
1695200400000,27188.4,27195.0,27116.12,27130.19,349.1489,2023-09-20 09:00:00
1695201300000,27130.18,27133.58,27091.53,27096.1,402.16161,2023-09-20 09:15:00
1695202200000,27096.11,27097.19,27055.51,27080.8,336.87919,2023-09-20 09:30:00
1695203100000,27080.79,27080.8,26950.83,27055.38,929.27701,2023-09-20 09:45:00
1695204000000,27055.38,27070.35,26977.93,26986.82,570.50192,2023-09-20 10:00:00
1695204900000,26986.82,27042.32,26950.0,27028.1,434.7436,2023-09-20 10:15:00
1695205800000,27028.09,27043.88,27010.8,27042.32,244.14615,2023-09-20 10:30:00
1695206700000,27042.32,27081.32,27042.32,27081.31,200.35397,2023-09-20 10:45:00
1695207600000,27081.31,27089.99,27061.22,27089.74,150.35033,2023-09-20 11:00:00
1695208500000,27089.75,27110.0,27086.3,27103.07,247.48053,2023-09-20 11:15:00
1695209400000,27103.07,27119.06,27071.16,27114.24,194.56897,2023-09-20 11:30:00
1695210300000,27114.24,27117.2,27088.43,27098.08,130.37581,2023-09-20 11:45:00
1695211200000,27098.07,27127.89,27098.07,27102.11,225.35461,2023-09-20 12:00:00
1695212100000,27102.11,27130.0,27080.54,27090.0,384.10007,2023-09-20 12:15:00
1695213000000,27089.99,27090.0,27010.07,27029.23,418.1386,2023-09-20 12:30:00
1695213900000,27029.23,27080.42,26997.94,27068.28,266.32336,2023-09-20 12:45:00
1695214800000,27068.29,27102.8,27067.08,27099.11,215.87135,2023-09-20 13:00:00
1695215700000,27099.11,27118.49,27014.32,27049.65,325.05849,2023-09-20 13:15:00
1695216600000,27049.66,27099.7,27017.0,27098.17,253.09388,2023-09-20 13:30:00
1695217500000,27098.18,27199.31,27090.36,27160.09,696.70754,2023-09-20 13:45:00
1695218400000,27160.1,27237.87,27108.78,27111.53,1034.97399,2023-09-20 14:00:00
1695219300000,27111.52,27189.49,27051.23,27174.4,701.1324,2023-09-20 14:15:00
1695220200000,27174.39,27189.65,27135.01,27158.11,264.81305,2023-09-20 14:30:00
1695221100000,27158.1,27162.86,27117.97,27124.99,308.0477,2023-09-20 14:45:00
1695222000000,27125.0,27166.04,27101.38,27135.84,310.81942,2023-09-20 15:00:00
1695222900000,27135.84,27172.08,27102.17,27111.92,240.96383,2023-09-20 15:15:00
1695223800000,27111.92,27172.43,27106.29,27172.03,327.60021,2023-09-20 15:30:00
1695224700000,27172.03,27199.0,27167.97,27180.63,263.27737,2023-09-20 15:45:00
1695225600000,27180.62,27198.63,27170.85,27185.01,194.68507,2023-09-20 16:00:00
1695226500000,27185.01,27198.05,27140.05,27156.93,283.51637,2023-09-20 16:15:00
1695227400000,27156.92,27200.0,27146.3,27174.99,204.2304,2023-09-20 16:30:00
1695228300000,27175.0,27225.0,27145.45,27161.15,364.55876,2023-09-20 16:45:00
1695229200000,27161.14,27229.45,27155.64,27217.89,237.21103,2023-09-20 17:00:00
1695230100000,27217.9,27277.36,27217.89,27255.0,430.80273,2023-09-20 17:15:00
1695231000000,27255.0,27270.0,27158.0,27197.73,339.08694,2023-09-20 17:30:00
1695231900000,27197.72,27243.0,27181.02,27195.12,309.54088,2023-09-20 17:45:00
1695232800000,27195.13,27255.0,27079.38,27176.66,1298.00903,2023-09-20 18:00:00
1695233700000,27176.65,27224.58,27165.29,27174.99,212.76974,2023-09-20 18:15:00
1695234600000,27175.0,27300.0,27085.2,27170.58,954.04975,2023-09-20 18:30:00
1695235500000,27170.57,27199.49,27103.01,27165.0,441.25939,2023-09-20 18:45:00
1695236400000,27165.0,27187.19,27096.45,27101.61,270.05992,2023-09-20 19:00:00
1695237300000,27101.61,27125.08,26800.0,26942.72,2401.49168,2023-09-20 19:15:00
1695238200000,26942.73,26967.26,26877.15,26898.83,715.61551,2023-09-20 19:30:00
1695239100000,26898.83,26963.15,26850.0,26930.61,321.7254,2023-09-20 19:45:00
1695240000000,26930.62,26993.52,26921.7,26993.52,285.94596,2023-09-20 20:00:00
1695240900000,26993.52,27006.9,26963.61,26991.32,213.74516,2023-09-20 20:15:00
1695241800000,26991.32,27021.87,26963.61,27010.06,165.25086,2023-09-20 20:30:00
1695242700000,27010.07,27098.73,27005.72,27098.73,384.6407,2023-09-20 20:45:00
1695243600000,27098.73,27105.0,27061.64,27102.01,232.53916,2023-09-20 21:00:00
1695244500000,27102.01,27241.31,27098.19,27184.65,808.60147,2023-09-20 21:15:00
1695245400000,27184.65,27215.0,27150.73,27153.26,323.79046,2023-09-20 21:30:00
1695246300000,27153.27,27159.83,27090.95,27111.16,151.06297,2023-09-20 21:45:00
1695247200000,27111.16,27123.46,27059.13,27063.97,216.56408,2023-09-20 22:00:00
1695248100000,27063.97,27099.59,27051.22,27090.7,325.60663,2023-09-20 22:15:00
1695249000000,27090.7,27116.08,27052.22,27105.5,242.08079,2023-09-20 22:30:00
1695249900000,27105.49,27122.22,27080.0,27095.93,237.92343,2023-09-20 22:45:00
1695250800000,27095.93,27103.76,27078.59,27089.02,147.98298,2023-09-20 23:00:00
1695251700000,27089.01,27155.59,27089.0,27150.13,230.47398,2023-09-20 23:15:00
1695252600000,27150.13,27155.0,27133.85,27138.32,82.22535,2023-09-20 23:30:00
1695253500000,27138.32,27153.26,27118.55,27125.0,178.14895,2023-09-20 23:45:00
1695254400000,27125.01,27125.01,27085.1,27112.62,313.14691,2023-09-21 00:00:00
1695255300000,27112.63,27112.63,27077.73,27095.0,198.97958,2023-09-21 00:15:00
1695256200000,27095.0,27138.32,27088.44,27138.31,194.77596,2023-09-21 00:30:00
1695257100000,27138.32,27159.6,27044.8,27046.33,307.42789,2023-09-21 00:45:00
1695258000000,27046.32,27052.59,26996.06,27005.4,435.22253,2023-09-21 01:00:00
1695258900000,27005.39,27029.69,26979.28,26982.21,234.07311,2023-09-21 01:15:00
1695259800000,26982.2,27023.82,26981.93,27008.37,323.69432,2023-09-21 01:30:00
1695260700000,27008.36,27033.26,27008.36,27029.54,133.12695,2023-09-21 01:45:00
1695261600000,27029.55,27056.21,27029.54,27044.32,142.59823,2023-09-21 02:00:00
1695262500000,27044.32,27048.68,26946.74,26961.77,424.13609,2023-09-21 02:15:00
1695263400000,26961.77,26981.77,26936.66,26940.83,290.78624,2023-09-21 02:30:00
1695264300000,26940.82,26970.79,26940.0,26970.79,101.50304,2023-09-21 02:45:00
1695265200000,26970.78,26995.0,26970.78,26995.0,138.28143,2023-09-21 03:00:00
1695266100000,26994.99,26995.0,26965.68,26989.18,166.27226,2023-09-21 03:15:00
1695267000000,26989.19,27031.2,26978.42,27022.42,218.79175,2023-09-21 03:30:00
1695267900000,27022.41,27035.44,27010.47,27035.0,91.26838,2023-09-21 03:45:00
1695268800000,27034.99,27046.87,26991.06,27029.21,214.29918,2023-09-21 04:00:00
1695269700000,27029.2,27050.0,27025.11,27028.95,165.97959,2023-09-21 04:15:00
1695270600000,27028.94,27096.73,27028.94,27089.15,221.46427,2023-09-21 04:30:00
1695271500000,27089.15,27103.17,27077.72,27093.24,158.93023,2023-09-21 04:45:00
1695272400000,27093.24,27096.36,27055.29,27059.01,113.25509,2023-09-21 05:00:00
1695273300000,27059.02,27071.17,27032.55,27041.82,122.67685,2023-09-21 05:15:00
1695274200000,27041.82,27085.2,27041.81,27085.19,122.06097,2023-09-21 05:30:00
1695275100000,27085.19,27086.09,27063.09,27071.02,176.97917,2023-09-21 05:45:00
1695276000000,27071.03,27071.03,27032.55,27033.93,180.93349,2023-09-21 06:00:00
1695276900000,27033.93,27050.92,27010.09,27010.12,151.41641,2023-09-21 06:15:00
1695277800000,27010.12,27034.36,27005.0,27030.93,213.46505,2023-09-21 06:30:00
1695278700000,27030.94,27073.09,27030.93,27070.0,135.94018,2023-09-21 06:45:00
1695279600000,27070.0,27070.09,27012.77,27017.0,193.54556,2023-09-21 07:00:00
1695280500000,27017.0,27029.62,27013.38,27029.61,143.06808,2023-09-21 07:15:00
1695281400000,27029.62,27029.62,27000.0,27000.0,244.92524,2023-09-21 07:30:00
1695282300000,27000.0,27003.82,26979.92,26990.11,335.01493,2023-09-21 07:45:00
1695283200000,26990.11,27017.0,26973.83,27014.17,228.40399,2023-09-21 08:00:00
1695284100000,27014.18,27014.18,26957.0,26969.6,239.90357,2023-09-21 08:15:00
1695285000000,26969.6,26976.71,26928.01,26976.7,348.17759,2023-09-21 08:30:00
1695285900000,26976.7,26995.0,26905.67,26926.74,364.55058,2023-09-21 08:45:00
1695286800000,26926.75,26942.53,26894.21,26927.62,390.82911,2023-09-21 09:00:00
1695287700000,26927.62,26927.63,26826.26,26826.26,553.90712,2023-09-21 09:15:00
1695288600000,26826.26,26848.45,26715.25,26798.06,1143.24506,2023-09-21 09:30:00
1695289500000,26798.05,26798.06,26689.84,26747.3,775.25001,2023-09-21 09:45:00
1695290400000,26747.3,26778.06,26725.0,26749.92,446.46005,2023-09-21 10:00:00
1695291300000,26749.92,26780.59,26671.43,26764.22,624.80786,2023-09-21 10:15:00
1695292200000,26764.22,26799.6,26714.56,26784.61,463.48133,2023-09-21 10:30:00
1695293100000,26784.62,26797.02,26635.37,26649.89,1055.27338,2023-09-21 10:45:00
1695294000000,26649.9,26749.79,26618.9,26748.94,708.29401,2023-09-21 11:00:00
1695294900000,26748.95,26792.65,26734.25,26738.0,384.55749,2023-09-21 11:15:00
1695295800000,26738.0,26744.65,26704.86,26721.92,288.55304,2023-09-21 11:30:00
1695296700000,26721.92,26763.55,26713.48,26730.78,235.48743,2023-09-21 11:45:00
1695297600000,26730.77,26776.98,26712.62,26712.62,293.79979,2023-09-21 12:00:00
1695298500000,26712.62,26715.27,26666.01,26695.01,504.1339,2023-09-21 12:15:00
1695299400000,26695.0,26704.47,26559.01,26642.25,1688.47701,2023-09-21 12:30:00
1695300300000,26642.25,26666.66,26577.5,26642.32,630.39644,2023-09-21 12:45:00
1695301200000,26642.33,26655.0,26580.0,26585.24,629.59445,2023-09-21 13:00:00
1695302100000,26585.23,26588.59,26501.63,26558.53,927.1157,2023-09-21 13:15:00
1695303000000,26558.52,26564.12,26393.72,26413.69,1983.78285,2023-09-21 13:30:00
1695303900000,26413.69,26456.62,26380.0,26419.86,1115.87753,2023-09-21 13:45:00
1695304800000,26419.87,26528.3,26377.7,26510.0,1234.64358,2023-09-21 14:00:00
1695305700000,26510.0,26560.0,26490.08,26523.08,903.3441,2023-09-21 14:15:00
1695306600000,26523.07,26582.35,26505.63,26561.19,696.9375,2023-09-21 14:30:00
1695307500000,26561.19,26599.0,26547.02,26582.5,549.61352,2023-09-21 14:45:00
1695308400000,26582.5,26610.0,26550.31,26593.3,412.26238,2023-09-21 15:00:00
1695309300000,26593.31,26606.09,26558.36,26567.19,532.33339,2023-09-21 15:15:00
1695310200000,26567.2,26595.48,26541.21,26595.47,455.49747,2023-09-21 15:30:00
1695311100000,26595.47,26659.12,26584.01,26584.02,468.72363,2023-09-21 15:45:00
1695312000000,26584.01,26593.94,26545.82,26561.0,580.25103,2023-09-21 16:00:00
1695312900000,26561.0,26585.12,26554.21,26565.02,248.06795,2023-09-21 16:15:00
1695313800000,26565.01,26579.68,26552.65,26559.69,196.97889,2023-09-21 16:30:00
1695314700000,26559.69,26603.0,26551.22,26583.82,218.05362,2023-09-21 16:45:00
1695315600000,26583.81,26679.75,26577.96,26669.99,302.81509,2023-09-21 17:00:00
1695316500000,26670.0,26675.0,26620.0,26645.0,269.54324,2023-09-21 17:15:00
1695317400000,26645.0,26661.5,26627.37,26661.49,206.63837,2023-09-21 17:30:00
1695318300000,26661.49,26696.6,26646.65,26651.55,499.87194,2023-09-21 17:45:00
1695319200000,26651.56,26687.35,26645.0,26654.48,172.47956,2023-09-21 18:00:00
1695320100000,26654.48,26657.41,26631.88,26642.5,179.11914,2023-09-21 18:15:00
1695321000000,26642.51,26647.03,26628.15,26633.98,106.58917,2023-09-21 18:30:00
1695321900000,26633.98,26637.45,26602.5,26606.44,271.27002,2023-09-21 18:45:00
1695322800000,26606.43,26607.44,26556.73,26569.16,287.41892,2023-09-21 19:00:00
1695323700000,26569.16,26599.56,26555.68,26589.09,271.77694,2023-09-21 19:15:00
1695324600000,26589.09,26596.4,26570.47,26587.27,242.12193,2023-09-21 19:30:00
1695325500000,26587.27,26623.07,26579.95,26599.95,226.25072,2023-09-21 19:45:00
1695326400000,26599.95,26606.64,26561.07,26575.88,150.26644,2023-09-21 20:00:00
1695327300000,26575.87,26587.29,26497.94,26541.7,393.20663,2023-09-21 20:15:00
1695328200000,26541.69,26571.84,26513.91,26568.23,194.16847,2023-09-21 20:30:00
1695329100000,26568.23,26597.1,26568.23,26594.26,123.37238,2023-09-21 20:45:00
1695330000000,26594.27,26619.21,26585.43,26619.21,182.87306,2023-09-21 21:00:00
1695330900000,26619.2,26621.57,26579.16,26580.09,138.68065,2023-09-21 21:15:00
1695331800000,26580.09,26587.98,26560.82,26587.89,101.73441,2023-09-21 21:30:00
1695332700000,26587.88,26613.68,26577.64,26613.67,86.30321,2023-09-21 21:45:00
1695333600000,26613.68,26617.28,26562.63,26578.12,144.7471,2023-09-21 22:00:00
1695334500000,26578.12,26582.88,26552.83,26567.27,189.30975,2023-09-21 22:15:00
1695335400000,26567.26,26573.22,26550.0,26568.41,102.46777,2023-09-21 22:30:00
1695336300000,26568.4,26590.06,26568.4,26590.06,75.85917,2023-09-21 22:45:00
1695337200000,26590.06,26617.58,26586.27,26586.27,127.48295,2023-09-21 23:00:00
1695338100000,26586.27,26595.95,26575.33,26579.53,89.58639,2023-09-21 23:15:00
1695339000000,26579.53,26579.54,26558.87,26562.7,121.6862,2023-09-21 23:30:00
1695339900000,26562.7,26576.24,26556.97,26568.08,90.08169,2023-09-21 23:45:00
1695340800000,26568.08,26598.59,26551.68,26553.48,202.85144,2023-09-22 00:00:00
1695341700000,26553.48,26570.69,26468.77,26533.97,459.73271,2023-09-22 00:15:00
1695342600000,26533.97,26647.45,26527.15,26620.99,451.11132,2023-09-22 00:30:00
1695343500000,26621.0,26649.99,26603.4,26643.38,238.36849,2023-09-22 00:45:00
1695344400000,26643.37,26646.35,26566.48,26588.85,203.29493,2023-09-22 01:00:00
1695345300000,26588.86,26667.32,26588.85,26648.47,220.93302,2023-09-22 01:15:00
1695346200000,26648.47,26670.13,26603.47,26642.68,302.46378,2023-09-22 01:30:00
1695347100000,26642.69,26646.11,26616.13,26630.22,110.34087,2023-09-22 01:45:00
1695348000000,26630.22,26644.77,26611.42,26620.1,163.38857,2023-09-22 02:00:00
1695348900000,26620.1,26620.1,26578.0,26584.82,233.60124,2023-09-22 02:15:00
1695349800000,26584.83,26595.05,26564.94,26566.92,160.91,2023-09-22 02:30:00
1695350700000,26566.91,26583.06,26565.89,26567.66,130.85927,2023-09-22 02:45:00
1695351600000,26567.65,26620.77,26550.65,26616.07,216.10596,2023-09-22 03:00:00
1695352500000,26616.07,26640.0,26601.16,26603.74,139.24345,2023-09-22 03:15:00
1695353400000,26603.75,26608.4,26581.72,26589.76,109.54842,2023-09-22 03:30:00
1695354300000,26589.76,26630.81,26589.76,26627.77,110.65291,2023-09-22 03:45:00
1695355200000,26627.77,26649.9,26619.66,26636.11,155.92699,2023-09-22 04:00:00
1695356100000,26636.1,26648.0,26635.0,26641.25,79.54288,2023-09-22 04:15:00
1695357000000,26641.24,26661.42,26626.08,26654.51,128.8856,2023-09-22 04:30:00
1695357900000,26654.51,26658.23,26640.12,26647.69,135.68148,2023-09-22 04:45:00
1695358800000,26647.7,26647.7,26622.77,26628.78,148.64257,2023-09-22 05:00:00
1695359700000,26628.78,26635.32,26609.13,26616.56,131.92227,2023-09-22 05:15:00
1695360600000,26616.55,26638.07,26610.13,26638.0,105.9193,2023-09-22 05:30:00
1695361500000,26638.0,26670.15,26638.0,26666.23,258.10927,2023-09-22 05:45:00
1695362400000,26666.23,26686.04,26641.0,26641.0,175.8147,2023-09-22 06:00:00
1695363300000,26641.01,26659.2,26640.68,26654.67,95.00281,2023-09-22 06:15:00
1695364200000,26654.67,26667.41,26615.99,26622.11,245.09553,2023-09-22 06:30:00
1695365100000,26622.11,26624.99,26601.5,26619.99,188.39392,2023-09-22 06:45:00
1695366000000,26619.99,26628.69,26601.82,26628.68,148.8667,2023-09-22 07:00:00
1695366900000,26628.69,26633.3,26573.93,26582.66,167.14009,2023-09-22 07:15:00
1695367800000,26582.67,26609.97,26582.66,26609.97,186.37534,2023-09-22 07:30:00
1695368700000,26609.96,26705.46,26609.96,26674.8,624.74004,2023-09-22 07:45:00
1695369600000,26674.8,26743.38,26668.62,26726.0,504.23008,2023-09-22 08:00:00
1695370500000,26726.01,26734.87,26673.48,26688.96,282.56823,2023-09-22 08:15:00
1695371400000,26688.96,26717.75,26680.14,26680.15,203.70187,2023-09-22 08:30:00
1695372300000,26680.15,26682.75,26665.27,26672.82,146.35802,2023-09-22 08:45:00
1695373200000,26672.82,26673.98,26634.68,26641.38,185.49982,2023-09-22 09:00:00
1695374100000,26641.39,26656.88,26620.41,26625.33,176.79837,2023-09-22 09:15:00
1695375000000,26625.33,26654.94,26625.33,26650.92,155.70422,2023-09-22 09:30:00
1695375900000,26650.91,26654.29,26635.83,26635.84,161.52324,2023-09-22 09:45:00
1695376800000,26635.84,26656.59,26635.83,26651.15,163.53929,2023-09-22 10:00:00
1695377700000,26651.15,26651.16,26590.49,26613.44,377.33152,2023-09-22 10:15:00
1695378600000,26613.44,26621.18,26594.27,26600.38,145.13992,2023-09-22 10:30:00
1695379500000,26600.38,26612.87,26590.0,26591.81,140.39769,2023-09-22 10:45:00
1695380400000,26591.81,26617.32,26591.8,26617.32,107.6501,2023-09-22 11:00:00
1695381300000,26617.32,26633.48,26610.0,26627.86,121.56678,2023-09-22 11:15:00
1695382200000,26627.87,26650.57,26622.55,26643.67,139.304,2023-09-22 11:30:00
1695383100000,26643.67,26649.98,26636.31,26640.26,109.09363,2023-09-22 11:45:00
1695384000000,26640.26,26653.12,26628.18,26628.19,109.25088,2023-09-22 12:00:00
1695384900000,26628.18,26646.97,26621.01,26646.97,106.74951,2023-09-22 12:15:00
1695385800000,26646.96,26651.19,26595.79,26623.3,166.2038,2023-09-22 12:30:00
1695386700000,26623.3,26625.34,26580.63,26585.71,146.74547,2023-09-22 12:45:00
1695387600000,26585.72,26596.3,26570.06,26591.88,190.10979,2023-09-22 13:00:00
1695388500000,26591.89,26612.04,26591.88,26609.85,104.96905,2023-09-22 13:15:00
1695389400000,26609.85,26620.0,26562.46,26581.49,261.18517,2023-09-22 13:30:00
1695390300000,26581.48,26617.98,26556.6,26609.99,570.94425,2023-09-22 13:45:00
1695391200000,26610.0,26691.91,26591.8,26627.24,581.27696,2023-09-22 14:00:00
1695392100000,26627.25,26640.99,26590.0,26631.47,291.70214,2023-09-22 14:15:00
1695393000000,26631.46,26681.0,26631.46,26660.07,265.13678,2023-09-22 14:30:00
1695393900000,26660.07,26688.79,26605.0,26679.08,339.97376,2023-09-22 14:45:00
1695394800000,26679.09,26686.28,26629.13,26637.27,264.75559,2023-09-22 15:00:00
1695395700000,26637.26,26681.02,26630.86,26667.72,155.89759,2023-09-22 15:15:00
1695396600000,26667.71,26698.29,26657.94,26669.0,187.59063,2023-09-22 15:30:00
1695397500000,26669.0,26678.38,26629.52,26631.01,164.21404,2023-09-22 15:45:00
1695398400000,26631.01,26644.98,26613.03,26620.89,147.85957,2023-09-22 16:00:00
1695399300000,26620.89,26643.57,26620.89,26624.39,125.66288,2023-09-22 16:15:00
1695400200000,26624.39,26643.23,26597.99,26607.16,205.84228,2023-09-22 16:30:00
1695401100000,26607.16,26607.17,26580.0,26597.89,192.3861,2023-09-22 16:45:00
1695402000000,26597.89,26628.71,26591.64,26600.0,135.95298,2023-09-22 17:00:00
1695402900000,26600.0,26609.78,26555.55,26585.77,211.29367,2023-09-22 17:15:00
1695403800000,26585.78,26585.78,26531.01,26557.41,225.71667,2023-09-22 17:30:00
1695404700000,26557.41,26596.0,26535.57,26576.22,260.76568,2023-09-22 17:45:00
1695405600000,26576.22,26595.0,26538.73,26547.87,169.34985,2023-09-22 18:00:00
1695406500000,26547.86,26589.73,26545.01,26572.45,96.65714,2023-09-22 18:15:00
1695407400000,26572.45,26584.36,26554.97,26564.43,135.49485,2023-09-22 18:30:00
1695408300000,26564.43,26607.58,26560.91,26593.65,199.88412,2023-09-22 18:45:00
1695409200000,26593.66,26635.73,26593.65,26607.07,163.86317,2023-09-22 19:00:00
1695410100000,26607.08,26635.0,26604.83,26606.68,115.01704,2023-09-22 19:15:00
1695411000000,26606.68,26606.68,26566.07,26566.07,87.94422,2023-09-22 19:30:00
1695411900000,26566.07,26574.98,26532.24,26540.1,186.21198,2023-09-22 19:45:00
1695412800000,26540.1,26554.98,26533.49,26553.5,142.45183,2023-09-22 20:00:00
1695413700000,26553.51,26565.69,26544.36,26544.37,116.14568,2023-09-22 20:15:00
1695414600000,26544.37,26544.37,26511.0,26523.52,149.65819,2023-09-22 20:30:00
1695415500000,26523.52,26539.97,26515.35,26539.06,80.34572,2023-09-22 20:45:00
1695416400000,26539.06,26539.58,26488.0,26507.28,227.47124,2023-09-22 21:00:00
1695417300000,26507.28,26548.96,26499.14,26537.84,177.90182,2023-09-22 21:15:00
1695418200000,26537.83,26574.1,26535.69,26571.02,121.93825,2023-09-22 21:30:00
1695419100000,26571.03,26575.58,26560.79,26569.07,117.57878,2023-09-22 21:45:00
1695420000000,26569.07,26585.85,26545.17,26563.19,162.11547,2023-09-22 22:00:00
1695420900000,26563.19,26574.05,26559.33,26561.2,89.31588,2023-09-22 22:15:00
1695421800000,26561.2,26578.46,26550.06,26558.47,93.63229,2023-09-22 22:30:00
1695422700000,26558.47,26584.41,26558.47,26584.41,69.51328,2023-09-22 22:45:00
1695423600000,26584.4,26587.12,26565.0,26569.44,121.89989,2023-09-22 23:00:00
1695424500000,26569.43,26589.63,26550.38,26581.02,174.81334,2023-09-22 23:15:00
1695425400000,26581.02,26597.96,26576.5,26592.77,155.40854,2023-09-22 23:30:00
1695426300000,26592.76,26592.77,26570.6,26580.14,81.55874,2023-09-22 23:45:00
1695427200000,26580.14,26614.98,26576.94,26606.14,206.51595,2023-09-23 00:00:00
1695428100000,26606.14,26609.24,26590.53,26603.26,129.18691,2023-09-23 00:15:00
1695429000000,26603.25,26603.26,26571.15,26573.7,133.82594,2023-09-23 00:30:00
1695429900000,26573.71,26603.11,26570.31,26603.1,102.67733,2023-09-23 00:45:00
1695430800000,26603.11,26603.11,26559.37,26564.16,88.25223,2023-09-23 01:00:00
1695431700000,26564.15,26585.59,26564.15,26579.2,86.05555,2023-09-23 01:15:00
1695432600000,26579.19,26595.96,26579.19,26595.96,54.87034,2023-09-23 01:30:00
1695433500000,26595.95,26596.05,26570.83,26579.99,71.83923,2023-09-23 01:45:00
1695434400000,26579.99,26583.31,26563.31,26566.31,70.4548,2023-09-23 02:00:00
1695435300000,26566.32,26566.32,26547.29,26547.3,135.54251,2023-09-23 02:15:00
1695436200000,26547.29,26564.32,26546.1,26550.0,134.53892,2023-09-23 02:30:00
1695437100000,26550.0,26555.7,26545.0,26545.57,87.7891,2023-09-23 02:45:00
1695438000000,26545.56,26552.44,26524.59,26539.0,183.66454,2023-09-23 03:00:00
1695438900000,26539.0,26557.45,26528.97,26554.45,86.54492,2023-09-23 03:15:00
1695439800000,26554.45,26561.58,26543.98,26547.33,90.74122,2023-09-23 03:30:00
1695440700000,26547.33,26547.33,26526.93,26532.2,77.04825,2023-09-23 03:45:00
1695441600000,26532.21,26535.94,26509.0,26535.94,119.97785,2023-09-23 04:00:00
1695442500000,26535.94,26548.68,26527.83,26548.68,75.1806,2023-09-23 04:15:00
1695443400000,26548.68,26554.06,26545.34,26548.96,45.55047,2023-09-23 04:30:00
1695444300000,26548.96,26553.29,26544.52,26550.17,51.3434,2023-09-23 04:45:00
1695445200000,26550.16,26555.0,26550.16,26554.98,76.69013,2023-09-23 05:00:00
1695446100000,26554.99,26555.0,26550.78,26554.99,87.5602,2023-09-23 05:15:00
1695447000000,26554.99,26555.0,26552.55,26554.88,47.21005,2023-09-23 05:30:00
1695447900000,26554.87,26554.88,26541.81,26542.46,76.26084,2023-09-23 05:45:00
1695448800000,26542.46,26569.71,26542.45,26563.47,187.70919,2023-09-23 06:00:00
1695449700000,26563.46,26578.71,26563.46,26578.07,173.44446,2023-09-23 06:15:00
1695450600000,26578.08,26579.57,26571.23,26575.5,221.19706,2023-09-23 06:30:00
1695451500000,26575.49,26582.61,26570.01,26582.61,214.20361,2023-09-23 06:45:00
1695452400000,26582.61,26586.75,26580.46,26580.47,71.03026,2023-09-23 07:00:00
1695453300000,26580.47,26580.47,26573.05,26576.88,63.3077,2023-09-23 07:15:00
1695454200000,26576.88,26586.01,26573.05,26573.05,101.19017,2023-09-23 07:30:00
1695455100000,26573.06,26585.32,26541.67,26585.31,186.13218,2023-09-23 07:45:00
1695456000000,26585.32,26594.78,26572.37,26581.89,167.74293,2023-09-23 08:00:00
1695456900000,26581.89,26583.43,26563.45,26566.85,90.07954,2023-09-23 08:15:00
1695457800000,26566.86,26566.86,26564.43,26564.43,53.11138,2023-09-23 08:30:00
1695458700000,26564.44,26573.61,26554.49,26573.6,67.74703,2023-09-23 08:45:00
1695459600000,26573.59,26580.16,26562.97,26565.04,88.55855,2023-09-23 09:00:00
1695460500000,26565.03,26566.05,26555.02,26555.03,59.33057,2023-09-23 09:15:00
1695461400000,26555.03,26561.09,26555.0,26557.86,62.21281,2023-09-23 09:30:00
1695462300000,26557.85,26573.88,26557.85,26573.87,95.55978,2023-09-23 09:45:00
1695463200000,26573.88,26581.9,26571.72,26575.81,93.4022,2023-09-23 10:00:00
1695464100000,26575.82,26577.28,26569.11,26569.11,70.53787,2023-09-23 10:15:00
1695465000000,26569.11,26575.62,26569.11,26570.78,92.67215,2023-09-23 10:30:00
1695465900000,26570.78,26574.77,26567.25,26567.26,49.51883,2023-09-23 10:45:00
1695466800000,26567.26,26568.26,26559.55,26559.55,68.7772,2023-09-23 11:00:00
1695467700000,26559.55,26562.28,26556.74,26561.62,64.48659,2023-09-23 11:15:00
1695468600000,26561.62,26568.63,26561.62,26568.63,59.98996,2023-09-23 11:30:00
1695469500000,26568.63,26575.21,26565.19,26575.21,52.9474,2023-09-23 11:45:00
1695470400000,26575.21,26579.82,26575.2,26575.61,86.08529,2023-09-23 12:00:00
1695471300000,26575.62,26579.82,26569.5,26579.81,61.82283,2023-09-23 12:15:00
1695472200000,26579.81,26583.48,26571.97,26583.47,89.81725,2023-09-23 12:30:00
1695473100000,26583.47,26588.5,26559.5,26574.99,120.9357,2023-09-23 12:45:00
1695474000000,26574.99,26582.34,26565.02,26565.02,91.41047,2023-09-23 13:00:00
1695474900000,26565.02,26573.69,26556.74,26569.35,100.62114,2023-09-23 13:15:00
1695475800000,26569.34,26583.66,26569.34,26572.05,74.64864,2023-09-23 13:30:00
1695476700000,26572.05,26576.65,26564.72,26575.13,100.9158,2023-09-23 13:45:00
1695477600000,26575.13,26575.48,26557.36,26557.37,156.57578,2023-09-23 14:00:00
1695478500000,26557.36,26575.36,26557.36,26575.22,140.52418,2023-09-23 14:15:00
1695479400000,26575.23,26577.73,26571.09,26571.1,116.85696,2023-09-23 14:30:00
1695480300000,26571.1,26571.1,26563.49,26566.83,140.74093,2023-09-23 14:45:00
1695481200000,26566.83,26569.97,26562.15,26567.99,209.48003,2023-09-23 15:00:00
1695482100000,26567.99,26570.71,26546.2,26547.26,163.69828,2023-09-23 15:15:00
1695483000000,26547.26,26559.95,26547.25,26555.8,108.43408,2023-09-23 15:30:00
1695483900000,26555.8,26585.06,26555.79,26581.55,252.21241,2023-09-23 15:45:00
1695484800000,26581.55,26581.56,26565.12,26565.13,90.90207,2023-09-23 16:00:00
1695485700000,26565.12,26566.97,26559.83,26559.83,83.5947,2023-09-23 16:15:00
1695486600000,26559.84,26571.77,26559.83,26571.77,163.33724,2023-09-23 16:30:00
1695487500000,26571.77,26608.18,26571.76,26606.31,149.43882,2023-09-23 16:45:00
1695488400000,26606.31,26610.0,26583.49,26583.87,122.4525,2023-09-23 17:00:00
1695489300000,26583.88,26593.79,26574.71,26592.34,108.80552,2023-09-23 17:15:00
1695490200000,26592.33,26592.34,26581.59,26590.86,99.49176,2023-09-23 17:30:00
1695491100000,26590.86,26598.52,26590.86,26598.31,67.74252,2023-09-23 17:45:00
1695492000000,26598.31,26630.58,26598.31,26630.57,210.91697,2023-09-23 18:00:00
1695492900000,26630.57,26632.81,26619.67,26624.81,122.31046,2023-09-23 18:15:00
1695493800000,26624.81,26629.77,26612.62,26619.2,90.68275,2023-09-23 18:30:00
1695494700000,26619.21,26619.21,26609.54,26615.3,59.05523,2023-09-23 18:45:00
1695495600000,26615.29,26617.05,26597.01,26597.03,71.97268,2023-09-23 19:00:00
1695496500000,26597.02,26609.52,26597.02,26609.52,56.02187,2023-09-23 19:15:00
1695497400000,26609.51,26611.1,26604.72,26611.1,57.78866,2023-09-23 19:30:00
1695498300000,26611.09,26612.61,26610.08,26610.09,45.10934,2023-09-23 19:45:00
1695499200000,26610.09,26612.61,26605.71,26605.72,54.72274,2023-09-23 20:00:00
1695500100000,26605.71,26605.72,26591.36,26597.5,61.20618,2023-09-23 20:15:00
1695501000000,26597.5,26597.51,26590.29,26590.29,38.82679,2023-09-23 20:30:00
1695501900000,26590.29,26590.3,26581.91,26587.75,71.92109,2023-09-23 20:45:00
1695502800000,26587.75,26587.76,26574.71,26581.13,71.64812,2023-09-23 21:00:00
1695503700000,26581.12,26594.26,26581.12,26594.26,53.8127,2023-09-23 21:15:00
1695504600000,26594.26,26594.26,26561.38,26572.53,140.10481,2023-09-23 21:30:00
1695505500000,26572.53,26572.53,26568.79,26568.8,36.02113,2023-09-23 21:45:00
1695506400000,26568.8,26580.82,26568.6,26577.88,82.60539,2023-09-23 22:00:00
1695507300000,26577.88,26577.89,26572.72,26577.68,50.43888,2023-09-23 22:15:00
1695508200000,26577.68,26577.69,26568.6,26574.35,85.61371,2023-09-23 22:30:00
1695509100000,26574.35,26574.46,26561.01,26562.2,64.47592,2023-09-23 22:45:00
1695510000000,26562.2,26575.7,26558.07,26574.01,102.85172,2023-09-23 23:00:00
1695510900000,26574.0,26575.68,26566.13,26568.29,38.08268,2023-09-23 23:15:00
1695511800000,26568.29,26573.68,26568.29,26568.55,54.55302,2023-09-23 23:30:00
1695512700000,26568.55,26575.97,26568.3,26575.96,45.20416,2023-09-23 23:45:00
1695513600000,26575.97,26575.97,26571.41,26571.41,65.19996,2023-09-24 00:00:00
1695514500000,26571.41,26577.69,26571.41,26577.68,47.74751,2023-09-24 00:15:00
1695515400000,26577.68,26584.32,26564.93,26564.94,72.64409,2023-09-24 00:30:00
1695516300000,26564.93,26571.65,26560.84,26567.07,76.41529,2023-09-24 00:45:00
1695517200000,26567.07,26567.61,26558.85,26558.85,68.66855,2023-09-24 01:00:00
1695518100000,26558.85,26576.58,26558.85,26576.58,61.7817,2023-09-24 01:15:00
1695519000000,26576.58,26588.15,26576.57,26585.18,49.86437,2023-09-24 01:30:00
1695519900000,26585.18,26585.18,26581.79,26584.4,32.02677,2023-09-24 01:45:00
1695520800000,26584.41,26589.95,26584.4,26589.94,32.83568,2023-09-24 02:00:00
1695521700000,26589.94,26589.95,26581.47,26581.47,73.75116,2023-09-24 02:15:00
1695522600000,26581.48,26584.02,26577.56,26584.02,34.74684,2023-09-24 02:30:00
1695523500000,26584.02,26590.01,26582.12,26586.05,113.32456,2023-09-24 02:45:00
1695524400000,26586.05,26586.06,26581.47,26583.4,31.76041,2023-09-24 03:00:00
1695525300000,26583.4,26583.41,26580.75,26580.76,24.05379,2023-09-24 03:15:00
1695526200000,26580.75,26584.38,26580.75,26583.41,39.83904,2023-09-24 03:30:00
1695527100000,26583.4,26583.41,26565.19,26570.93,52.66495,2023-09-24 03:45:00
1695528000000,26570.93,26573.7,26570.92,26573.69,31.26617,2023-09-24 04:00:00
1695528900000,26573.69,26573.7,26565.19,26567.81,56.1552,2023-09-24 04:15:00
1695529800000,26567.81,26567.81,26555.48,26555.5,77.39231,2023-09-24 04:30:00
1695530700000,26555.5,26569.77,26555.5,26569.77,59.07432,2023-09-24 04:45:00
1695531600000,26569.77,26569.77,26567.71,26567.72,47.31385,2023-09-24 05:00:00
1695532500000,26567.72,26570.77,26551.68,26567.82,427.16489,2023-09-24 05:15:00
1695533400000,26567.81,26567.82,26550.0,26556.98,59.23496,2023-09-24 05:30:00
1695534300000,26556.97,26562.74,26556.97,26557.99,80.14631,2023-09-24 05:45:00
1695535200000,26557.99,26558.0,26553.3,26554.25,64.44796,2023-09-24 06:00:00
1695536100000,26554.25,26561.85,26553.92,26561.84,61.9457,2023-09-24 06:15:00
1695537000000,26561.84,26561.85,26560.55,26560.55,91.27202,2023-09-24 06:30:00
1695537900000,26560.56,26560.56,26549.31,26553.1,120.97415,2023-09-24 06:45:00
1695538800000,26553.1,26559.42,26550.25,26558.56,130.4147,2023-09-24 07:00:00
1695539700000,26558.56,26558.56,26552.83,26557.28,79.40464,2023-09-24 07:15:00
1695540600000,26557.28,26557.37,26556.8,26557.37,76.10396,2023-09-24 07:30:00
1695541500000,26557.37,26563.44,26557.36,26563.44,106.20297,2023-09-24 07:45:00
1695542400000,26563.43,26567.61,26563.43,26567.6,75.70371,2023-09-24 08:00:00
1695543300000,26567.61,26574.79,26567.6,26574.79,95.533,2023-09-24 08:15:00
1695544200000,26574.78,26579.44,26574.78,26579.42,46.91192,2023-09-24 08:30:00
1695545100000,26579.43,26590.01,26579.42,26590.0,95.42277,2023-09-24 08:45:00
1695546000000,26590.0,26611.8,26590.0,26605.21,130.57299,2023-09-24 09:00:00
1695546900000,26605.22,26605.22,26591.31,26591.32,151.06276,2023-09-24 09:15:00
1695547800000,26591.32,26591.32,26584.35,26584.36,111.11546,2023-09-24 09:30:00
1695548700000,26584.35,26589.09,26581.82,26589.08,69.41118,2023-09-24 09:45:00
1695549600000,26589.08,26590.22,26587.07,26587.08,78.80149,2023-09-24 10:00:00
1695550500000,26587.08,26587.08,26580.0,26580.0,35.2877,2023-09-24 10:15:00
1695551400000,26580.0,26580.01,26578.83,26578.84,37.04819,2023-09-24 10:30:00
1695552300000,26578.84,26579.79,26574.91,26579.78,81.13234,2023-09-24 10:45:00
1695553200000,26579.78,26587.56,26579.78,26587.56,95.08215,2023-09-24 11:00:00
1695554100000,26587.56,26605.22,26587.55,26605.22,142.04947,2023-09-24 11:15:00
1695555000000,26605.22,26605.22,26593.24,26593.25,105.48115,2023-09-24 11:30:00
1695555900000,26593.25,26598.16,26593.24,26596.71,75.49865,2023-09-24 11:45:00
1695556800000,26596.71,26606.95,26596.7,26604.9,128.0041,2023-09-24 12:00:00
1695557700000,26604.9,26604.91,26588.76,26588.76,98.51569,2023-09-24 12:15:00
1695558600000,26588.77,26590.17,26585.9,26590.17,66.77104,2023-09-24 12:30:00
1695559500000,26590.17,26610.84,26590.16,26606.54,128.32956,2023-09-24 12:45:00
1695560400000,26606.55,26628.8,26597.31,26597.32,124.41887,2023-09-24 13:00:00
1695561300000,26597.32,26597.32,26586.73,26589.97,84.71783,2023-09-24 13:15:00
1695562200000,26589.97,26589.98,26588.37,26588.38,45.81474,2023-09-24 13:30:00
1695563100000,26588.37,26605.49,26588.37,26588.77,131.26704,2023-09-24 13:45:00
1695564000000,26588.76,26588.77,26573.14,26583.82,187.38636,2023-09-24 14:00:00
1695564900000,26583.81,26592.06,26583.81,26585.97,113.05197,2023-09-24 14:15:00
1695565800000,26585.98,26588.25,26584.19,26588.25,79.93263,2023-09-24 14:30:00
1695566700000,26588.24,26589.37,26585.79,26588.1,70.00421,2023-09-24 14:45:00
1695567600000,26588.09,26592.56,26573.61,26573.61,119.87205,2023-09-24 15:00:00
1695568500000,26573.61,26574.5,26567.62,26574.5,157.50525,2023-09-24 15:15:00
1695569400000,26574.5,26574.5,26563.8,26571.76,69.61521,2023-09-24 15:30:00
1695570300000,26571.77,26578.25,26570.02,26578.06,77.6129,2023-09-24 15:45:00
1695571200000,26578.06,26579.77,26577.97,26579.77,83.13992,2023-09-24 16:00:00
1695572100000,26579.76,26581.04,26565.03,26565.03,90.17651,2023-09-24 16:15:00
1695573000000,26565.03,26572.65,26563.17,26572.64,79.76449,2023-09-24 16:30:00
1695573900000,26572.64,26574.9,26572.64,26573.1,67.02503,2023-09-24 16:45:00
1695574800000,26573.1,26575.21,26567.01,26575.2,90.00073,2023-09-24 17:00:00
1695575700000,26575.21,26595.35,26575.2,26584.82,92.11688,2023-09-24 17:15:00
1695576600000,26584.82,26597.53,26574.51,26596.52,106.52135,2023-09-24 17:30:00
1695577500000,26596.53,26719.63,26596.52,26673.07,683.05728,2023-09-24 17:45:00
1695578400000,26673.07,26738.54,26673.06,26692.31,659.16288,2023-09-24 18:00:00
1695579300000,26692.3,26692.31,26423.97,26558.14,1598.68201,2023-09-24 18:15:00
1695580200000,26558.15,26640.0,26521.26,26608.25,462.92664,2023-09-24 18:30:00
1695581100000,26608.25,26629.99,26577.96,26591.85,98.67346,2023-09-24 18:45:00
1695582000000,26591.84,26591.85,26515.02,26528.9,213.14424,2023-09-24 19:00:00
1695582900000,26528.9,26535.44,26335.81,26440.21,1156.42696,2023-09-24 19:15:00
1695583800000,26440.21,26510.47,26420.0,26469.2,489.6068,2023-09-24 19:30:00
1695584700000,26469.21,26484.92,26449.17,26449.17,214.99446,2023-09-24 19:45:00
1695585600000,26449.18,26473.88,26436.73,26438.03,273.06212,2023-09-24 20:00:00
1695586500000,26438.03,26460.0,26400.81,26437.77,230.1662,2023-09-24 20:15:00
1695587400000,26437.76,26485.89,26437.76,26470.45,142.75609,2023-09-24 20:30:00
1695588300000,26470.45,26511.95,26465.33,26502.0,150.20012,2023-09-24 20:45:00
1695589200000,26502.01,26519.52,26461.95,26462.7,152.70308,2023-09-24 21:00:00
1695590100000,26462.69,26492.86,26450.0,26490.01,132.70071,2023-09-24 21:15:00
1695591000000,26490.0,26494.12,26481.45,26494.11,54.17533,2023-09-24 21:30:00
1695591900000,26494.12,26521.67,26494.11,26519.35,93.02263,2023-09-24 21:45:00
1695592800000,26519.35,26519.36,26472.52,26474.83,130.1921,2023-09-24 22:00:00
1695593700000,26474.83,26506.49,26474.82,26500.38,92.43271,2023-09-24 22:15:00
1695594600000,26500.38,26506.15,26493.65,26498.02,43.50842,2023-09-24 22:30:00
1695595500000,26498.02,26505.2,26490.84,26490.85,59.46052,2023-09-24 22:45:00
1695596400000,26490.84,26490.85,26440.01,26440.01,109.54779,2023-09-24 23:00:00
1695597300000,26440.01,26443.98,26122.08,26244.49,1560.47817,2023-09-24 23:15:00
1695598200000,26244.48,26285.16,26199.02,26268.28,531.74536,2023-09-24 23:30:00
1695599100000,26268.28,26280.38,26201.19,26248.38,210.31356,2023-09-24 23:45:00
1695600000000,26248.39,26248.39,26149.35,26190.3,563.78706,2023-09-25 00:00:00
1695600900000,26190.29,26199.6,26000.0,26143.55,1570.32126,2023-09-25 00:15:00
1695601800000,26143.54,26151.92,26041.75,26136.53,557.69205,2023-09-25 00:30:00
1695602700000,26136.54,26248.17,26115.57,26248.17,390.10141,2023-09-25 00:45:00
1695603600000,26248.16,26343.1,26220.0,26320.7,965.75987,2023-09-25 01:00:00
1695604500000,26320.69,26333.56,26295.63,26301.43,271.41979,2023-09-25 01:15:00
1695605400000,26301.43,26301.43,26245.0,26255.79,212.04147,2023-09-25 01:30:00
1695606300000,26255.78,26255.79,26163.0,26164.01,197.82355,2023-09-25 01:45:00
1695607200000,26164.0,26210.0,26156.97,26206.19,257.44677,2023-09-25 02:00:00
1695608100000,26206.18,26252.8,26175.0,26176.59,245.53989,2023-09-25 02:15:00
1695609000000,26176.58,26189.26,26158.19,26182.61,219.51537,2023-09-25 02:30:00
1695609900000,26182.61,26226.8,26160.01,26207.39,160.04898,2023-09-25 02:45:00
1695610800000,26207.39,26238.85,26205.02,26212.64,134.90463,2023-09-25 03:00:00
1695611700000,26212.65,26212.65,26174.32,26182.47,87.24705,2023-09-25 03:15:00
1695612600000,26182.47,26235.0,26175.53,26181.37,173.66811,2023-09-25 03:30:00
1695613500000,26181.37,26181.38,26154.95,26157.45,205.86665,2023-09-25 03:45:00
1695614400000,26157.44,26182.35,26140.09,26169.01,178.05336,2023-09-25 04:00:00
1695615300000,26169.02,26195.44,26169.01,26177.69,126.07043,2023-09-25 04:15:00
1695616200000,26177.69,26177.7,26113.6,26115.57,198.72582,2023-09-25 04:30:00
1695617100000,26115.58,26153.32,26112.88,26149.06,99.19244,2023-09-25 04:45:00
1695618000000,26149.07,26150.0,26133.58,26135.6,139.2494,2023-09-25 05:00:00
1695618900000,26135.6,26151.5,26103.53,26105.74,153.64165,2023-09-25 05:15:00
1695619800000,26105.75,26116.63,26095.82,26114.27,250.96374,2023-09-25 05:30:00
1695620700000,26114.27,26125.23,26077.0,26113.81,179.8999,2023-09-25 05:45:00
1695621600000,26113.81,26139.34,26040.12,26051.8,337.67918,2023-09-25 06:00:00
1695622500000,26051.8,26142.64,26051.8,26131.97,330.32835,2023-09-25 06:15:00
1695623400000,26131.97,26172.08,26131.6,26168.35,208.75308,2023-09-25 06:30:00
1695624300000,26168.34,26168.35,26138.0,26138.01,176.64406,2023-09-25 06:45:00
1695625200000,26138.0,26140.0,26104.41,26136.74,186.3728,2023-09-25 07:00:00
1695626100000,26136.73,26152.01,26130.99,26135.47,162.7014,2023-09-25 07:15:00
1695627000000,26135.46,26170.01,26106.05,26170.0,194.50519,2023-09-25 07:30:00
1695627900000,26170.01,26192.28,26170.0,26189.21,244.71374,2023-09-25 07:45:00
1695628800000,26189.21,26233.43,26182.46,26182.47,294.01906,2023-09-25 08:00:00
1695629700000,26182.46,26182.47,26137.58,26137.58,140.00314,2023-09-25 08:15:00
1695630600000,26137.58,26137.59,26115.01,26115.01,157.51364,2023-09-25 08:30:00
1695631500000,26115.02,26143.84,26110.0,26142.99,270.5083,2023-09-25 08:45:00
1695632400000,26142.99,26146.46,26125.63,26129.29,374.28891,2023-09-25 09:00:00
1695633300000,26129.29,26138.77,26096.74,26120.34,228.58985,2023-09-25 09:15:00
1695634200000,26120.33,26121.61,26048.95,26056.22,277.6235,2023-09-25 09:30:00
1695635100000,26056.21,26096.19,26056.21,26063.09,174.3391,2023-09-25 09:45:00
1695636000000,26063.08,26088.43,26051.01,26088.43,273.40271,2023-09-25 10:00:00
1695636900000,26088.42,26110.71,26076.88,26109.7,193.33896,2023-09-25 10:15:00
1695637800000,26109.69,26116.23,26092.57,26092.75,127.91192,2023-09-25 10:30:00
1695638700000,26092.76,26106.13,26091.69,26094.81,126.36198,2023-09-25 10:45:00
1695639600000,26094.8,26110.37,26063.98,26063.99,141.33283,2023-09-25 11:00:00
1695640500000,26063.98,26071.37,26047.46,26053.66,210.93109,2023-09-25 11:15:00
1695641400000,26053.67,26082.88,26020.01,26064.48,352.73611,2023-09-25 11:30:00
1695642300000,26064.48,26080.0,26050.11,26075.41,182.91567,2023-09-25 11:45:00
1695643200000,26075.4,26118.99,26056.73,26056.74,313.00492,2023-09-25 12:00:00
1695644100000,26056.74,26102.86,25990.46,26090.01,638.37748,2023-09-25 12:15:00
1695645000000,26090.0,26095.87,26040.28,26088.73,266.89089,2023-09-25 12:30:00
1695645900000,26088.72,26108.63,26077.7,26103.57,221.96558,2023-09-25 12:45:00
1695646800000,26103.58,26145.56,26087.94,26129.55,404.15316,2023-09-25 13:00:00
1695647700000,26129.54,26152.22,26120.23,26152.22,326.94774,2023-09-25 13:15:00
1695648600000,26152.22,26158.71,26116.0,26120.53,250.10548,2023-09-25 13:30:00
1695649500000,26120.52,26190.91,26110.78,26161.62,378.72069,2023-09-25 13:45:00
1695650400000,26161.62,26180.49,26140.01,26155.02,259.86794,2023-09-25 14:00:00
1695651300000,26155.01,26157.14,26118.0,26121.84,250.33482,2023-09-25 14:15:00
1695652200000,26121.84,26149.0,26116.93,26143.52,233.51604,2023-09-25 14:30:00
1695653100000,26143.53,26150.39,26120.43,26133.9,195.56997,2023-09-25 14:45:00
1695654000000,26133.89,26182.18,26133.89,26167.18,228.01338,2023-09-25 15:00:00
1695654900000,26167.19,26286.36,26167.18,26253.63,641.75708,2023-09-25 15:15:00
1695655800000,26253.63,26300.0,26197.2,26263.11,513.30348,2023-09-25 15:30:00
1695656700000,26263.11,26300.0,26226.0,26243.72,326.23193,2023-09-25 15:45:00
1695657600000,26243.73,26366.66,26243.72,26366.05,762.19998,2023-09-25 16:00:00
1695658500000,26366.05,26425.63,26318.07,26376.35,807.88997,2023-09-25 16:15:00
1695659400000,26376.34,26385.37,26342.67,26350.91,302.9494,2023-09-25 16:30:00
1695660300000,26350.9,26392.58,26324.77,26324.78,345.99413,2023-09-25 16:45:00
1695661200000,26324.77,26362.96,26318.74,26346.48,284.61227,2023-09-25 17:00:00
1695662100000,26346.49,26375.87,26222.32,26251.94,557.06903,2023-09-25 17:15:00
1695663000000,26251.95,26303.82,26240.0,26296.91,356.01449,2023-09-25 17:30:00
1695663900000,26296.91,26364.46,26296.91,26358.41,474.14742,2023-09-25 17:45:00
1695664800000,26358.41,26372.9,26331.21,26335.24,265.1274,2023-09-25 18:00:00
1695665700000,26335.24,26363.46,26315.58,26315.59,210.39986,2023-09-25 18:15:00
1695666600000,26315.59,26356.99,26315.58,26352.61,207.65072,2023-09-25 18:30:00
1695667500000,26352.61,26389.09,26329.34,26331.58,200.37045,2023-09-25 18:45:00
1695668400000,26331.58,26343.36,26280.27,26288.62,294.80312,2023-09-25 19:00:00
1695669300000,26288.63,26303.55,26280.49,26286.97,194.33384,2023-09-25 19:15:00
1695670200000,26286.97,26300.91,26269.59,26295.01,128.74152,2023-09-25 19:30:00
1695671100000,26295.0,26352.94,26295.0,26331.83,282.31486,2023-09-25 19:45:00
1695672000000,26331.84,26423.52,26331.83,26405.44,448.16465,2023-09-25 20:00:00
1695672900000,26405.44,26446.15,26350.45,26353.01,325.71642,2023-09-25 20:15:00
1695673800000,26353.01,26360.0,26330.12,26337.26,173.32192,2023-09-25 20:30:00
1695674700000,26337.27,26342.07,26282.27,26287.56,198.83551,2023-09-25 20:45:00
1695675600000,26287.56,26312.79,26276.24,26298.86,137.33939,2023-09-25 21:00:00
1695676500000,26298.85,26311.92,26276.74,26303.0,109.65845,2023-09-25 21:15:00
1695677400000,26303.0,26306.82,26270.9,26276.01,135.01364,2023-09-25 21:30:00
1695678300000,26276.0,26279.62,26263.83,26279.61,87.86581,2023-09-25 21:45:00
1695679200000,26279.61,26281.54,26270.0,26274.99,68.11957,2023-09-25 22:00:00
1695680100000,26274.99,26289.12,26274.99,26284.37,79.32339,2023-09-25 22:15:00
1695681000000,26284.37,26284.37,26275.0,26275.01,59.07913,2023-09-25 22:30:00
1695681900000,26275.0,26292.68,26272.0,26281.85,95.89827,2023-09-25 22:45:00
1695682800000,26281.85,26301.02,26281.84,26301.02,81.55504,2023-09-25 23:00:00
1695683700000,26301.02,26303.26,26296.26,26296.27,58.01427,2023-09-25 23:15:00
1695684600000,26296.27,26296.27,26273.89,26273.9,53.45085,2023-09-25 23:30:00
1695685500000,26273.9,26316.27,26270.0,26304.81,124.97333,2023-09-25 23:45:00
1695686400000,26304.8,26307.73,26286.22,26286.23,171.49414,2023-09-26 00:00:00
1695687300000,26286.19,26297.17,26271.99,26283.71,93.88384,2023-09-26 00:15:00
1695688200000,26283.71,26283.72,26250.0,26270.02,159.72741,2023-09-26 00:30:00
1695689100000,26270.02,26293.06,26266.0,26266.0,115.28829,2023-09-26 00:45:00
1695690000000,26266.01,26297.22,26255.36,26297.22,129.76156,2023-09-26 01:00:00
1695690900000,26297.22,26299.74,26260.92,26269.15,169.56297,2023-09-26 01:15:00
1695691800000,26269.14,26269.15,26234.37,26238.66,193.36168,2023-09-26 01:30:00
1695692700000,26238.67,26297.61,26238.66,26297.6,144.99587,2023-09-26 01:45:00
1695693600000,26297.6,26313.49,26295.0,26307.27,140.60525,2023-09-26 02:00:00
1695694500000,26307.26,26326.12,26285.0,26316.72,199.10614,2023-09-26 02:15:00
1695695400000,26316.71,26320.0,26296.03,26320.0,75.42279,2023-09-26 02:30:00
1695696300000,26319.99,26360.0,26311.87,26357.14,149.08599,2023-09-26 02:45:00
1695697200000,26357.14,26376.26,26345.28,26347.11,282.41912,2023-09-26 03:00:00
1695698100000,26347.1,26378.72,26347.1,26378.58,190.37783,2023-09-26 03:15:00
1695699000000,26378.57,26397.46,26373.6,26384.99,219.9585,2023-09-26 03:30:00
1695699900000,26384.98,26384.99,26353.86,26353.87,187.1784,2023-09-26 03:45:00
1695700800000,26353.87,26363.84,26339.87,26360.74,129.45412,2023-09-26 04:00:00
1695701700000,26360.75,26360.75,26337.16,26337.17,65.09916,2023-09-26 04:15:00
1695702600000,26337.17,26341.59,26330.41,26338.65,84.13153,2023-09-26 04:30:00
1695703500000,26338.64,26344.67,26337.23,26344.67,77.30509,2023-09-26 04:45:00
1695704400000,26344.67,26349.34,26344.66,26349.0,66.73265,2023-09-26 05:00:00
1695705300000,26349.01,26349.01,26332.63,26333.92,106.23193,2023-09-26 05:15:00
1695706200000,26333.92,26340.08,26322.0,26335.53,147.66809,2023-09-26 05:30:00
1695707100000,26335.53,26335.53,26307.67,26320.9,116.1143,2023-09-26 05:45:00
1695708000000,26320.91,26339.06,26308.6,26310.75,118.24708,2023-09-26 06:00:00
1695708900000,26310.74,26312.54,26290.08,26293.06,178.48892,2023-09-26 06:15:00
1695709800000,26293.07,26295.35,26270.79,26286.94,133.37605,2023-09-26 06:30:00
1695710700000,26286.95,26292.9,26270.32,26292.9,139.43052,2023-09-26 06:45:00
1695711600000,26292.9,26292.9,26271.62,26277.87,125.01415,2023-09-26 07:00:00
1695712500000,26277.88,26289.87,26272.39,26279.92,129.74279,2023-09-26 07:15:00
1695713400000,26279.91,26279.92,26258.42,26260.9,181.84326,2023-09-26 07:30:00
1695714300000,26260.9,26283.76,26253.64,26272.01,137.56925,2023-09-26 07:45:00
1695715200000,26272.0,26285.54,26267.72,26275.61,161.58531,2023-09-26 08:00:00
1695716100000,26275.62,26275.62,26257.61,26259.11,153.5523,2023-09-26 08:15:00
1695717000000,26259.11,26276.56,26255.0,26274.15,108.84632,2023-09-26 08:30:00
1695717900000,26274.15,26282.86,26274.14,26274.29,142.25071,2023-09-26 08:45:00
1695718800000,26274.28,26277.81,26230.01,26230.39,276.20647,2023-09-26 09:00:00
1695719700000,26230.4,26255.18,26226.54,26247.3,217.05556,2023-09-26 09:15:00
1695720600000,26247.31,26309.49,26244.27,26297.08,244.73017,2023-09-26 09:30:00
1695721500000,26297.07,26334.75,26265.0,26272.07,212.21626,2023-09-26 09:45:00
1695722400000,26272.07,26278.03,26255.18,26255.19,150.72733,2023-09-26 10:00:00
1695723300000,26255.2,26255.2,26225.63,26245.7,206.07925,2023-09-26 10:15:00
1695724200000,26245.7,26259.51,26235.9,26246.54,185.84309,2023-09-26 10:30:00
1695725100000,26246.53,26254.42,26240.42,26249.77,109.67955,2023-09-26 10:45:00
1695726000000,26249.77,26249.77,26188.26,26195.45,439.75182,2023-09-26 11:00:00
1695726900000,26195.45,26227.96,26190.83,26226.9,142.31459,2023-09-26 11:15:00
1695727800000,26226.9,26288.98,26225.07,26250.0,226.00258,2023-09-26 11:30:00
1695728700000,26250.0,26273.83,26230.0,26273.83,146.71179,2023-09-26 11:45:00
1695729600000,26273.82,26306.39,26260.15,26260.15,253.4043,2023-09-26 12:00:00
1695730500000,26260.16,26288.65,26253.14,26262.0,148.5604,2023-09-26 12:15:00
1695731400000,26262.01,26262.01,26200.0,26230.83,297.79212,2023-09-26 12:30:00
1695732300000,26230.84,26232.0,26205.0,26213.19,186.2004,2023-09-26 12:45:00
1695733200000,26213.18,26213.19,26193.57,26198.96,252.03342,2023-09-26 13:00:00
1695734100000,26198.96,26218.38,26191.43,26197.17,160.40703,2023-09-26 13:15:00
1695735000000,26197.16,26253.35,26165.0,26247.15,553.11212,2023-09-26 13:30:00
1695735900000,26247.15,26257.49,26142.07,26181.55,483.56419,2023-09-26 13:45:00
1695736800000,26181.55,26214.99,26150.43,26156.51,411.88617,2023-09-26 14:00:00
1695737700000,26156.52,26186.0,26120.11,26156.38,407.73274,2023-09-26 14:15:00
1695738600000,26156.38,26184.8,26145.0,26184.79,278.9921,2023-09-26 14:30:00
1695739500000,26184.8,26205.24,26180.5,26196.39,270.56477,2023-09-26 14:45:00
1695740400000,26196.4,26204.22,26155.66,26177.11,196.23848,2023-09-26 15:00:00
1695741300000,26177.11,26199.22,26121.49,26123.8,213.67025,2023-09-26 15:15:00
1695742200000,26123.8,26162.99,26116.16,26141.65,280.08211,2023-09-26 15:30:00
1695743100000,26141.66,26151.69,26088.34,26126.66,559.02984,2023-09-26 15:45:00
1695744000000,26126.66,26182.63,26115.0,26182.62,221.86148,2023-09-26 16:00:00
1695744900000,26182.63,26260.0,26182.62,26232.12,540.27201,2023-09-26 16:15:00
1695745800000,26232.12,26295.99,26212.54,26265.0,305.47335,2023-09-26 16:30:00
1695746700000,26265.0,26278.22,26216.51,26217.95,209.90239,2023-09-26 16:45:00
1695747600000,26217.95,26264.99,26217.95,26240.0,230.30483,2023-09-26 17:00:00
1695748500000,26240.0,26241.82,26211.31,26211.79,135.57705,2023-09-26 17:15:00
1695749400000,26211.78,26224.4,26144.24,26147.41,274.16528,2023-09-26 17:30:00
1695750300000,26147.41,26186.52,26147.4,26175.01,185.65618,2023-09-26 17:45:00
1695751200000,26175.0,26207.67,26158.43,26166.68,214.86593,2023-09-26 18:00:00
1695752100000,26166.67,26186.19,26150.0,26150.01,166.45317,2023-09-26 18:15:00
1695753000000,26150.01,26159.3,26144.96,26148.52,122.76795,2023-09-26 18:30:00
1695753900000,26148.51,26184.99,26148.51,26184.98,134.34811,2023-09-26 18:45:00
1695754800000,26184.99,26226.34,26170.64,26190.28,157.34615,2023-09-26 19:00:00
1695755700000,26190.28,26213.0,26190.27,26205.02,104.27465,2023-09-26 19:15:00
1695756600000,26205.01,26250.94,26205.01,26242.89,167.35673,2023-09-26 19:30:00
1695757500000,26242.88,26275.72,26226.44,26247.7,239.58556,2023-09-26 19:45:00
1695758400000,26247.7,26288.68,26243.81,26266.99,279.49819,2023-09-26 20:00:00
1695759300000,26266.98,26274.26,26216.25,26237.44,157.09429,2023-09-26 20:15:00
1695760200000,26237.44,26255.0,26227.91,26231.33,128.94152,2023-09-26 20:30:00
1695761100000,26231.32,26242.27,26152.94,26164.19,259.20757,2023-09-26 20:45:00
1695762000000,26164.19,26181.71,26156.0,26172.85,151.1932,2023-09-26 21:00:00
1695762900000,26172.86,26178.15,26100.0,26151.43,303.73721,2023-09-26 21:15:00
1695763800000,26151.43,26190.0,26145.44,26182.73,123.24457,2023-09-26 21:30:00
1695764700000,26182.74,26192.71,26165.39,26165.4,88.54741,2023-09-26 21:45:00
1695765600000,26165.39,26192.04,26161.9,26192.03,144.75496,2023-09-26 22:00:00
1695766500000,26192.04,26207.89,26185.0,26197.79,99.55269,2023-09-26 22:15:00
1695767400000,26197.78,26201.72,26174.17,26174.18,85.37276,2023-09-26 22:30:00
1695768300000,26174.18,26176.91,26152.65,26157.65,130.75405,2023-09-26 22:45:00
1695769200000,26157.65,26206.81,26150.08,26206.81,103.162,2023-09-26 23:00:00
1695770100000,26206.8,26206.81,26175.0,26178.46,107.79904,2023-09-26 23:15:00
1695771000000,26178.46,26238.06,26176.35,26238.06,186.99228,2023-09-26 23:30:00
1695771900000,26238.05,26240.0,26210.06,26221.67,99.78589,2023-09-26 23:45:00
1695772800000,26221.68,26260.0,26213.81,26237.66,284.57087,2023-09-27 00:00:00
1695773700000,26237.67,26247.71,26209.0,26209.0,142.45957,2023-09-27 00:15:00
1695774600000,26209.01,26227.0,26202.96,26210.82,156.55255,2023-09-27 00:30:00
1695775500000,26210.81,26257.54,26210.81,26257.54,154.38362,2023-09-27 00:45:00
1695776400000,26257.54,26264.77,26230.83,26231.77,108.70915,2023-09-27 01:00:00
1695777300000,26231.76,26240.0,26219.12,26240.0,96.90607,2023-09-27 01:15:00
1695778200000,26239.99,26264.85,26239.99,26246.21,117.87542,2023-09-27 01:30:00
1695779100000,26246.2,26265.0,26246.2,26260.27,81.53075,2023-09-27 01:45:00
1695780000000,26260.27,26263.94,26250.34,26250.35,72.80016,2023-09-27 02:00:00
1695780900000,26250.34,26277.54,26249.23,26277.53,79.52696,2023-09-27 02:15:00
1695781800000,26277.54,26277.54,26220.4,26225.53,168.94764,2023-09-27 02:30:00
1695782700000,26225.54,26240.86,26221.49,26228.04,90.32464,2023-09-27 02:45:00
1695783600000,26228.03,26238.86,26227.72,26238.85,79.83174,2023-09-27 03:00:00
1695784500000,26238.86,26264.8,26238.85,26263.14,75.00178,2023-09-27 03:15:00
1695785400000,26263.15,26268.71,26260.0,26262.18,63.8777,2023-09-27 03:30:00
1695786300000,26262.18,26289.5,26262.17,26278.04,131.23375,2023-09-27 03:45:00
1695787200000,26278.03,26289.0,26263.67,26266.78,124.98265,2023-09-27 04:00:00
1695788100000,26266.79,26274.73,26255.76,26256.1,105.44144,2023-09-27 04:15:00
1695789000000,26256.11,26260.9,26247.93,26259.0,136.55755,2023-09-27 04:30:00
1695789900000,26259.01,26259.21,26248.7,26248.71,45.0126,2023-09-27 04:45:00
1695790800000,26248.7,26257.01,26236.46,26253.74,114.59453,2023-09-27 05:00:00
1695791700000,26253.74,26253.75,26237.82,26245.46,90.18675,2023-09-27 05:15:00
1695792600000,26245.45,26260.4,26245.45,26258.66,96.1814,2023-09-27 05:30:00
1695793500000,26258.67,26258.67,26231.74,26255.89,154.03646,2023-09-27 05:45:00
1695794400000,26255.89,26271.3,26255.89,26271.3,128.763,2023-09-27 06:00:00
1695795300000,26271.29,26271.3,26236.74,26238.37,92.75648,2023-09-27 06:15:00
1695796200000,26238.36,26265.7,26237.99,26254.19,114.22857,2023-09-27 06:30:00
1695797100000,26254.19,26262.27,26245.9,26257.77,79.83184,2023-09-27 06:45:00
1695798000000,26257.77,26264.78,26257.77,26264.27,109.36392,2023-09-27 07:00:00
1695798900000,26264.28,26264.28,26242.93,26243.1,96.22028,2023-09-27 07:15:00
1695799800000,26243.1,26250.98,26243.1,26247.51,106.31177,2023-09-27 07:30:00
1695800700000,26247.51,26247.51,26246.02,26246.34,144.46838,2023-09-27 07:45:00
1695801600000,26246.35,26246.35,26237.17,26237.67,151.12295,2023-09-27 08:00:00
1695802500000,26237.66,26240.74,26223.72,26234.27,105.36345,2023-09-27 08:15:00
1695803400000,26234.28,26254.08,26234.05,26253.99,130.48186,2023-09-27 08:30:00
1695804300000,26253.99,26264.36,26253.99,26259.81,120.09233,2023-09-27 08:45:00
1695805200000,26259.81,26262.0,26257.73,26261.68,141.78403,2023-09-27 09:00:00
1695806100000,26261.67,26285.0,26261.67,26285.0,210.04904,2023-09-27 09:15:00
1695807000000,26284.99,26358.0,26275.82,26311.97,644.13507,2023-09-27 09:30:00
1695807900000,26311.97,26404.0,26298.63,26397.79,996.26368,2023-09-27 09:45:00
1695808800000,26397.79,26442.67,26366.57,26423.68,775.18014,2023-09-27 10:00:00
1695809700000,26423.68,26425.99,26356.05,26408.63,579.67933,2023-09-27 10:15:00
1695810600000,26408.63,26490.15,26400.59,26428.58,694.49017,2023-09-27 10:30:00
1695811500000,26428.58,26470.11,26424.36,26442.59,354.4723,2023-09-27 10:45:00
1695812400000,26442.59,26508.13,26437.45,26477.24,588.80823,2023-09-27 11:00:00
1695813300000,26477.24,26584.5,26477.24,26578.29,1111.97944,2023-09-27 11:15:00
1695814200000,26578.29,26720.48,26566.56,26681.79,1809.93143,2023-09-27 11:30:00
1695815100000,26681.8,26848.07,26661.49,26766.7,2026.52815,2023-09-27 11:45:00
1695816000000,26766.69,26850.0,26760.0,26776.4,1249.15805,2023-09-27 12:00:00
1695816900000,26776.39,26833.14,26743.58,26749.98,775.6441,2023-09-27 12:15:00
1695817800000,26749.99,26814.78,26688.83,26688.83,613.51843,2023-09-27 12:30:00
1695818700000,26688.83,26737.06,26685.0,26722.48,449.4553,2023-09-27 12:45:00
1695819600000,26722.47,26805.07,26722.47,26775.8,431.46534,2023-09-27 13:00:00
1695820500000,26775.81,26804.93,26742.85,26742.85,362.02818,2023-09-27 13:15:00
1695821400000,26742.86,26773.91,26694.45,26695.9,511.13914,2023-09-27 13:30:00
1695822300000,26695.9,26700.0,26536.86,26621.54,1063.3897,2023-09-27 13:45:00
1695823200000,26621.54,26633.71,26571.8,26571.8,530.33396,2023-09-27 14:00:00
1695824100000,26571.8,26571.81,26215.86,26338.99,2671.36073,2023-09-27 14:15:00
1695825000000,26338.99,26338.99,26169.38,26242.65,1586.91814,2023-09-27 14:30:00
1695825900000,26242.65,26250.9,26173.45,26192.91,1032.8506,2023-09-27 14:45:00
1695826800000,26192.91,26315.95,26179.31,26296.07,878.23705,2023-09-27 15:00:00
1695827700000,26296.06,26332.35,26244.82,26327.0,697.44236,2023-09-27 15:15:00
1695828600000,26327.0,26327.0,26258.42,26258.43,468.73693,2023-09-27 15:30:00
1695829500000,26258.42,26307.37,26256.16,26304.42,219.60206,2023-09-27 15:45:00
1695830400000,26304.42,26313.79,26268.53,26285.01,299.2472,2023-09-27 16:00:00
1695831300000,26285.01,26311.99,26265.94,26302.01,224.74409,2023-09-27 16:15:00
1695832200000,26302.02,26313.59,26270.05,26273.97,229.4818,2023-09-27 16:30:00
1695833100000,26273.97,26281.96,26226.42,26241.07,338.14914,2023-09-27 16:45:00
1695834000000,26241.08,26268.42,26219.9,26253.84,269.72642,2023-09-27 17:00:00
1695834900000,26253.84,26272.43,26206.58,26207.08,301.48758,2023-09-27 17:15:00
1695835800000,26207.07,26226.43,26158.63,26218.37,363.99939,2023-09-27 17:30:00
1695836700000,26218.37,26255.0,26215.34,26231.39,247.21113,2023-09-27 17:45:00
1695837600000,26231.39,26231.39,26112.06,26177.65,705.3264,2023-09-27 18:00:00
1695838500000,26177.65,26237.26,26145.01,26232.46,304.46891,2023-09-27 18:15:00
1695839400000,26232.46,26282.5,26232.46,26280.48,293.52039,2023-09-27 18:30:00
1695840300000,26280.49,26281.43,26248.78,26249.42,155.5078,2023-09-27 18:45:00
1695841200000,26249.42,26293.0,26249.41,26281.42,143.52465,2023-09-27 19:00:00
1695842100000,26281.43,26294.82,26258.8,26285.86,317.2014,2023-09-27 19:15:00
1695843000000,26285.86,26290.0,26251.59,26257.21,137.80327,2023-09-27 19:30:00
1695843900000,26257.22,26267.81,26253.77,26267.8,88.33008,2023-09-27 19:45:00
1695844800000,26267.81,26267.81,26249.95,26249.95,157.33695,2023-09-27 20:00:00
1695845700000,26249.95,26294.0,26249.95,26285.0,141.69828,2023-09-27 20:15:00
1695846600000,26285.0,26285.01,26228.05,26230.71,220.0862,2023-09-27 20:30:00
1695847500000,26230.71,26285.55,26226.91,26257.75,255.46503,2023-09-27 20:45:00
1695848400000,26257.75,26276.97,26249.1,26272.73,192.76423,2023-09-27 21:00:00
1695849300000,26272.74,26303.0,26272.73,26302.99,106.0923,2023-09-27 21:15:00
1695850200000,26302.99,26304.14,26242.5,26268.36,147.25894,2023-09-27 21:30:00
1695851100000,26268.35,26279.94,26268.35,26279.94,73.32866,2023-09-27 21:45:00
1695852000000,26279.94,26313.5,26279.93,26313.5,144.20369,2023-09-27 22:00:00
1695852900000,26313.5,26333.0,26297.0,26324.86,202.98917,2023-09-27 22:15:00
1695853800000,26324.87,26350.0,26317.0,26323.18,159.24242,2023-09-27 22:30:00
1695854700000,26323.19,26334.13,26305.72,26334.12,146.07321,2023-09-27 22:45:00
1695855600000,26334.12,26362.6,26315.87,26315.88,263.21766,2023-09-27 23:00:00
1695856500000,26315.88,26315.88,26297.61,26311.69,140.58384,2023-09-27 23:15:00
1695857400000,26311.69,26385.0,26308.42,26383.53,231.79321,2023-09-27 23:30:00
1695858300000,26383.54,26383.54,26359.31,26372.99,144.60468,2023-09-27 23:45:00
1695859200000,26373.0,26419.99,26362.5,26419.98,305.2499,2023-09-28 00:00:00
1695860100000,26419.99,26550.0,26397.35,26539.71,817.20861,2023-09-28 00:15:00
1695861000000,26539.72,26557.75,26430.0,26473.24,475.19198,2023-09-28 00:30:00
1695861900000,26473.24,26505.0,26427.0,26446.73,276.14257,2023-09-28 00:45:00
1695862800000,26446.74,26455.0,26349.75,26405.01,388.51039,2023-09-28 01:00:00
1695863700000,26405.01,26459.99,26373.08,26451.94,241.22959,2023-09-28 01:15:00
1695864600000,26451.94,26451.95,26387.41,26415.58,151.55471,2023-09-28 01:30:00
1695865500000,26415.58,26462.39,26411.59,26451.46,147.76965,2023-09-28 01:45:00
1695866400000,26451.46,26533.32,26435.65,26437.75,355.33688,2023-09-28 02:00:00
1695867300000,26437.75,26454.51,26389.13,26397.09,251.84948,2023-09-28 02:15:00
1695868200000,26397.09,26410.0,26383.45,26389.98,148.10754,2023-09-28 02:30:00
1695869100000,26389.98,26393.4,26365.0,26386.26,143.21127,2023-09-28 02:45:00
1695870000000,26386.27,26391.87,26342.4,26352.11,154.80843,2023-09-28 03:00:00
1695870900000,26352.12,26378.15,26344.79,26371.25,211.71231,2023-09-28 03:15:00
1695871800000,26371.24,26377.94,26361.16,26373.98,217.66539,2023-09-28 03:30:00
1695872700000,26373.99,26381.38,26365.66,26379.15,149.2099,2023-09-28 03:45:00
1695873600000,26379.15,26400.59,26347.17,26349.07,200.80821,2023-09-28 04:00:00
1695874500000,26349.08,26397.4,26349.07,26395.4,142.27019,2023-09-28 04:15:00
1695875400000,26395.4,26421.32,26381.48,26421.31,169.81356,2023-09-28 04:30:00
1695876300000,26421.31,26465.46,26420.19,26444.83,235.33114,2023-09-28 04:45:00
1695877200000,26444.83,26458.81,26401.25,26427.11,241.69037,2023-09-28 05:00:00
1695878100000,26427.11,26483.0,26415.93,26483.0,198.09959,2023-09-28 05:15:00
1695879000000,26483.0,26486.85,26455.09,26476.06,172.11934,2023-09-28 05:30:00
1695879900000,26476.06,26476.07,26425.0,26449.95,209.22231,2023-09-28 05:45:00
1695880800000,26449.96,26451.04,26422.05,26424.93,167.22343,2023-09-28 06:00:00
1695881700000,26424.93,26436.47,26413.7,26425.49,97.09463,2023-09-28 06:15:00
1695882600000,26425.5,26425.5,26405.44,26425.0,157.71859,2023-09-28 06:30:00
1695883500000,26425.0,26485.91,26424.99,26477.93,311.19268,2023-09-28 06:45:00
1695884400000,26477.94,26490.07,26456.21,26478.62,287.34144,2023-09-28 07:00:00
1695885300000,26478.62,26497.78,26446.23,26460.47,246.09947,2023-09-28 07:15:00
1695886200000,26460.47,26498.56,26437.98,26489.35,425.09226,2023-09-28 07:30:00
1695887100000,26489.35,26513.46,26452.86,26459.99,424.84349,2023-09-28 07:45:00
1695888000000,26459.99,26469.51,26421.48,26421.48,178.63365,2023-09-28 08:00:00
1695888900000,26421.49,26433.55,26402.37,26418.23,182.91032,2023-09-28 08:15:00
1695889800000,26418.23,26430.64,26402.78,26430.64,146.81628,2023-09-28 08:30:00
1695890700000,26430.64,26430.64,26400.28,26410.0,284.60238,2023-09-28 08:45:00
1695891600000,26410.01,26418.8,26396.06,26415.05,154.19194,2023-09-28 09:00:00
1695892500000,26415.06,26431.85,26392.06,26392.06,176.68398,2023-09-28 09:15:00
1695893400000,26392.07,26416.3,26389.29,26416.29,185.21269,2023-09-28 09:30:00
1695894300000,26416.29,26451.1,26408.0,26428.69,190.3799,2023-09-28 09:45:00
1695895200000,26428.69,26450.51,26428.68,26430.0,201.94316,2023-09-28 10:00:00
1695896100000,26430.0,26447.12,26415.52,26441.21,165.9841,2023-09-28 10:15:00
1695897000000,26441.2,26623.84,26441.2,26562.23,984.80215,2023-09-28 10:30:00
1695897900000,26562.23,26602.04,26517.41,26570.62,713.04029,2023-09-28 10:45:00
1695898800000,26570.63,26589.98,26483.3,26485.0,450.09639,2023-09-28 11:00:00
1695899700000,26485.01,26519.65,26467.85,26492.03,289.39099,2023-09-28 11:15:00
1695900600000,26492.04,26546.02,26467.72,26475.0,280.52014,2023-09-28 11:30:00
1695901500000,26475.0,26480.0,26440.83,26476.93,253.29445,2023-09-28 11:45:00
1695902400000,26476.93,26500.0,26476.31,26491.55,301.37454,2023-09-28 12:00:00
1695903300000,26491.55,26509.99,26481.65,26507.87,187.87833,2023-09-28 12:15:00
1695904200000,26507.87,26570.0,26488.0,26510.0,373.41658,2023-09-28 12:30:00
1695905100000,26510.0,26510.0,26460.0,26479.3,463.18167,2023-09-28 12:45:00
1695906000000,26479.3,26534.91,26467.96,26502.62,300.22604,2023-09-28 13:00:00
1695906900000,26502.62,26555.0,26502.61,26546.51,254.36038,2023-09-28 13:15:00
1695907800000,26546.51,26558.89,26486.0,26492.05,371.39018,2023-09-28 13:30:00
1695908700000,26492.05,26584.87,26476.36,26580.69,478.15838,2023-09-28 13:45:00
1695909600000,26580.7,26624.76,26555.09,26591.68,716.83595,2023-09-28 14:00:00
1695910500000,26591.68,26679.39,26557.98,26617.71,754.01256,2023-09-28 14:15:00
1695911400000,26617.71,26810.0,26588.63,26792.36,1907.85339,2023-09-28 14:30:00
1695912300000,26792.36,26913.47,26768.68,26793.37,2215.00314,2023-09-28 14:45:00
1695913200000,26793.36,26908.71,26788.35,26886.41,1329.41813,2023-09-28 15:00:00
1695914100000,26886.41,26905.33,26790.0,26860.18,984.10312,2023-09-28 15:15:00
1695915000000,26860.17,26950.0,26830.03,26911.3,1112.60468,2023-09-28 15:30:00
1695915900000,26911.3,27064.0,26844.01,27020.0,1744.44458,2023-09-28 15:45:00
1695916800000,27019.99,27200.0,27019.99,27076.96,2354.51899,2023-09-28 16:00:00
1695917700000,27076.96,27308.48,27076.95,27226.18,1942.70332,2023-09-28 16:15:00
1695918600000,27226.18,27262.98,27135.11,27141.57,1131.5788,2023-09-28 16:30:00
1695919500000,27141.58,27189.89,27051.99,27059.99,940.68309,2023-09-28 16:45:00
1695920400000,27060.0,27182.97,27058.12,27171.01,725.6962,2023-09-28 17:00:00
1695921300000,27171.01,27185.0,27072.27,27091.92,747.20231,2023-09-28 17:15:00
1695922200000,27091.91,27150.29,27083.28,27136.07,440.22794,2023-09-28 17:30:00
1695923100000,27136.07,27171.09,27123.88,27160.13,471.51459,2023-09-28 17:45:00
1695924000000,27160.14,27231.94,27155.0,27219.19,694.50146,2023-09-28 18:00:00
1695924900000,27219.19,27231.58,27123.52,27127.74,515.96534,2023-09-28 18:15:00
1695925800000,27127.74,27131.84,27019.07,27029.61,756.96175,2023-09-28 18:30:00
1695926700000,27029.6,27029.61,26848.71,26959.34,1109.11525,2023-09-28 18:45:00
1695927600000,26959.34,27004.76,26917.33,26963.93,405.73671,2023-09-28 19:00:00
1695928500000,26963.93,27117.82,26963.93,27075.79,589.07253,2023-09-28 19:15:00
1695929400000,27075.79,27119.56,27050.73,27109.37,426.03206,2023-09-28 19:30:00
1695930300000,27109.37,27138.58,27054.14,27100.0,950.21537,2023-09-28 19:45:00
1695931200000,27100.0,27166.42,27075.0,27108.67,621.75545,2023-09-28 20:00:00
1695932100000,27108.66,27159.81,27103.2,27138.42,267.27832,2023-09-28 20:15:00
1695933000000,27138.42,27138.42,27101.99,27102.8,247.41929,2023-09-28 20:30:00
1695933900000,27102.81,27102.81,27040.0,27082.26,355.18027,2023-09-28 20:45:00
1695934800000,27082.27,27100.67,27018.88,27025.04,230.56137,2023-09-28 21:00:00
1695935700000,27025.04,27025.05,26907.13,26971.52,393.89729,2023-09-28 21:15:00
1695936600000,26971.53,27052.35,26895.0,26990.01,377.26155,2023-09-28 21:30:00
1695937500000,26990.0,27026.77,26967.77,27002.81,164.28569,2023-09-28 21:45:00
1695938400000,27002.82,27039.46,26949.83,26962.98,277.9207,2023-09-28 22:00:00
1695939300000,26962.98,27028.13,26958.08,27023.99,189.4662,2023-09-28 22:15:00
1695940200000,27023.99,27048.75,27021.32,27040.18,146.02876,2023-09-28 22:30:00
1695941100000,27040.19,27040.19,27009.98,27010.99,98.45675,2023-09-28 22:45:00
1695942000000,27010.98,27068.2,26996.06,27054.68,209.0477,2023-09-28 23:00:00
1695942900000,27054.69,27071.33,27028.88,27033.22,106.56723,2023-09-28 23:15:00
1695943800000,27033.22,27045.18,27020.76,27025.43,102.92039,2023-09-28 23:30:00
1695944700000,27025.43,27025.43,27012.1,27021.39,74.57848,2023-09-28 23:45:00
1695945600000,27021.39,27068.87,27013.7,27068.87,220.84453,2023-09-29 00:00:00
1695946500000,27068.87,27101.23,27064.91,27092.49,252.53759,2023-09-29 00:15:00
1695947400000,27092.5,27134.16,27010.61,27013.23,372.85849,2023-09-29 00:30:00
1695948300000,27013.22,27079.44,26970.65,27066.78,340.01225,2023-09-29 00:45:00
1695949200000,27066.79,27084.57,27054.15,27054.16,159.32975,2023-09-29 01:00:00
1695950100000,27054.16,27111.18,27000.0,27003.94,296.72124,2023-09-29 01:15:00
1695951000000,27003.93,27095.0,27003.93,27047.2,619.3625,2023-09-29 01:30:00
1695951900000,27047.2,27061.53,27020.0,27045.01,174.5909,2023-09-29 01:45:00
1695952800000,27045.02,27085.0,27011.92,27033.24,375.93316,2023-09-29 02:00:00
1695953700000,27033.24,27037.19,26962.28,26995.84,274.71058,2023-09-29 02:15:00
1695954600000,26995.83,26995.84,26859.7,26915.15,649.54127,2023-09-29 02:30:00
1695955500000,26915.15,26950.02,26886.21,26895.21,473.73071,2023-09-29 02:45:00
1695956400000,26895.21,26935.0,26885.01,26912.91,250.90315,2023-09-29 03:00:00
1695957300000,26912.91,26925.0,26885.71,26890.29,158.16587,2023-09-29 03:15:00
1695958200000,26890.29,26961.15,26885.13,26937.46,201.84679,2023-09-29 03:30:00
1695959100000,26937.45,26959.46,26937.45,26957.99,122.44651,2023-09-29 03:45:00
1695960000000,26958.0,26958.0,26938.78,26944.42,142.54289,2023-09-29 04:00:00
1695960900000,26944.42,26944.42,26921.2,26921.51,115.36464,2023-09-29 04:15:00
1695961800000,26921.5,26968.41,26895.94,26964.47,242.77646,2023-09-29 04:30:00
1695962700000,26964.47,26972.45,26960.1,26972.45,123.57731,2023-09-29 04:45:00
1695963600000,26972.45,26980.46,26967.5,26977.64,133.35397,2023-09-29 05:00:00
1695964500000,26977.63,26983.32,26955.82,26955.83,157.50996,2023-09-29 05:15:00
1695965400000,26955.82,26975.95,26955.82,26958.71,98.96976,2023-09-29 05:30:00
1695966300000,26958.72,26985.0,26954.98,26977.11,120.23471,2023-09-29 05:45:00
1695967200000,26977.12,26977.12,26957.53,26957.81,107.17968,2023-09-29 06:00:00
1695968100000,26957.82,26965.0,26950.0,26956.54,149.9192,2023-09-29 06:15:00
1695969000000,26956.54,27010.0,26954.16,27009.99,215.22582,2023-09-29 06:30:00
1695969900000,27009.99,27078.38,27005.0,27075.28,447.61409,2023-09-29 06:45:00
1695970800000,27075.27,27075.28,27039.56,27039.57,324.36911,2023-09-29 07:00:00
1695971700000,27039.57,27056.21,27039.56,27050.39,299.68858,2023-09-29 07:15:00
1695972600000,27050.38,27244.89,27047.7,27151.09,1587.65348,2023-09-29 07:30:00
1695973500000,27151.09,27210.0,27119.99,27179.98,684.63635,2023-09-29 07:45:00
1695974400000,27179.99,27179.99,27120.9,27144.93,301.37509,2023-09-29 08:00:00
1695975300000,27144.94,27144.94,27078.0,27104.4,420.65551,2023-09-29 08:15:00
1695976200000,27104.4,27104.4,27050.77,27053.02,208.26114,2023-09-29 08:30:00
1695977100000,27053.02,27092.59,26992.63,27003.58,315.1754,2023-09-29 08:45:00
1695978000000,27003.58,27083.57,26993.52,27070.61,285.62737,2023-09-29 09:00:00
1695978900000,27070.61,27070.61,27000.0,27008.8,205.96431,2023-09-29 09:15:00
1695979800000,27008.8,27020.06,26968.48,27017.93,219.29584,2023-09-29 09:30:00
1695980700000,27017.93,27044.1,27002.1,27035.57,161.25725,2023-09-29 09:45:00
1695981600000,27035.57,27046.69,27012.17,27014.92,210.44613,2023-09-29 10:00:00
1695982500000,27014.92,27054.83,27014.1,27053.75,188.48692,2023-09-29 10:15:00
1695983400000,27053.75,27058.82,27028.0,27050.01,194.0553,2023-09-29 10:30:00
1695984300000,27050.01,27062.98,27028.96,27028.96,134.98396,2023-09-29 10:45:00
1695985200000,27028.96,27065.0,27013.53,27013.54,193.28027,2023-09-29 11:00:00
1695986100000,27013.53,27024.74,26990.88,26990.89,210.29544,2023-09-29 11:15:00
1695987000000,26990.88,27016.26,26973.38,27007.12,214.70057,2023-09-29 11:30:00
1695987900000,27007.12,27015.09,26963.7,26970.78,164.00542,2023-09-29 11:45:00
1695988800000,26970.78,26976.65,26918.68,26926.48,499.03268,2023-09-29 12:00:00
1695989700000,26926.47,26957.61,26897.0,26951.71,482.17422,2023-09-29 12:15:00
1695990600000,26951.7,26999.99,26940.36,26995.39,479.95348,2023-09-29 12:30:00
1695991500000,26995.39,27013.68,26980.08,27001.0,293.34987,2023-09-29 12:45:00
1695992400000,27001.01,27018.13,26973.98,27010.46,164.74676,2023-09-29 13:00:00
1695993300000,27010.47,27012.57,26976.74,27006.37,184.70003,2023-09-29 13:15:00
1695994200000,27006.37,27048.88,26895.0,26951.92,487.4565,2023-09-29 13:30:00
1695995100000,26951.93,26951.93,26891.1,26895.0,373.10038,2023-09-29 13:45:00
1695996000000,26895.01,26909.22,26665.16,26798.42,1883.11465,2023-09-29 14:00:00
1695996900000,26798.42,26830.98,26735.0,26781.83,638.06146,2023-09-29 14:15:00
1695997800000,26781.82,27149.05,26780.44,27002.34,1497.9515,2023-09-29 14:30:00
1695998700000,27002.34,27056.11,26834.97,26908.12,922.46031,2023-09-29 14:45:00
1695999600000,26908.12,26933.91,26847.07,26855.58,464.02066,2023-09-29 15:00:00
1696000500000,26855.57,26923.47,26805.0,26827.29,367.28947,2023-09-29 15:15:00
1696001400000,26827.29,26880.64,26791.48,26877.45,418.64473,2023-09-29 15:30:00
1696002300000,26877.45,26899.79,26840.62,26888.57,304.82138,2023-09-29 15:45:00
1696003200000,26888.57,26907.75,26831.65,26851.29,307.96826,2023-09-29 16:00:00
1696004100000,26851.3,26882.91,26842.75,26864.88,221.79412,2023-09-29 16:15:00
1696005000000,26864.87,26869.6,26819.83,26819.83,279.48693,2023-09-29 16:30:00
1696005900000,26819.84,26875.0,26809.57,26875.0,202.25395,2023-09-29 16:45:00
1696006800000,26875.0,26880.0,26849.25,26880.0,131.95166,2023-09-29 17:00:00
1696007700000,26879.99,26882.91,26830.83,26845.27,211.52522,2023-09-29 17:15:00
1696008600000,26845.28,26866.13,26826.41,26862.18,185.41002,2023-09-29 17:30:00
1696009500000,26862.18,26869.62,26838.36,26840.95,118.94981,2023-09-29 17:45:00
1696010400000,26840.95,26840.95,26760.38,26760.38,347.35533,2023-09-29 18:00:00
1696011300000,26760.39,26835.0,26750.0,26823.88,174.35358,2023-09-29 18:15:00
1696012200000,26823.88,26880.0,26823.54,26876.35,277.77328,2023-09-29 18:30:00
1696013100000,26876.35,26934.06,26865.01,26920.0,375.1353,2023-09-29 18:45:00
1696014000000,26919.99,26944.99,26895.0,26930.01,241.73874,2023-09-29 19:00:00
1696014900000,26930.01,26942.69,26902.54,26931.82,145.26147,2023-09-29 19:15:00
1696015800000,26931.81,26935.03,26910.35,26914.09,112.66634,2023-09-29 19:30:00
1696016700000,26914.1,26954.09,26914.09,26926.52,172.56753,2023-09-29 19:45:00
1696017600000,26926.53,26984.99,26914.45,26922.61,233.0192,2023-09-29 20:00:00
1696018500000,26922.62,26926.05,26872.67,26887.97,201.81576,2023-09-29 20:15:00
1696019400000,26887.97,26922.2,26887.96,26902.6,147.73359,2023-09-29 20:30:00
1696020300000,26902.6,26910.48,26894.54,26910.48,120.48571,2023-09-29 20:45:00
1696021200000,26910.47,26914.69,26880.0,26893.48,88.86211,2023-09-29 21:00:00
1696022100000,26893.49,26920.0,26893.48,26919.63,107.24835,2023-09-29 21:15:00
1696023000000,26919.62,26919.63,26888.2,26895.12,126.25886,2023-09-29 21:30:00
1696023900000,26895.13,26899.5,26869.99,26870.0,102.03496,2023-09-29 21:45:00
1696024800000,26870.0,26912.32,26869.98,26906.5,127.68009,2023-09-29 22:00:00
1696025700000,26906.51,26906.51,26867.01,26889.21,166.57862,2023-09-29 22:15:00
1696026600000,26889.22,26892.84,26866.13,26872.07,110.69357,2023-09-29 22:30:00
1696027500000,26872.07,26896.81,26872.07,26887.2,108.4299,2023-09-29 22:45:00
1696028400000,26887.2,26904.99,26876.34,26904.99,78.19539,2023-09-29 23:00:00
1696029300000,26904.98,26926.56,26895.23,26895.24,110.52516,2023-09-29 23:15:00
1696030200000,26895.24,26924.79,26895.23,26910.58,94.74102,2023-09-29 23:30:00
1696031100000,26910.57,26920.13,26906.96,26906.96,65.37306,2023-09-29 23:45:00
1696032000000,26906.96,26917.77,26891.65,26917.76,90.98981,2023-09-30 00:00:00
1696032900000,26917.76,26927.99,26895.87,26895.87,90.86619,2023-09-30 00:15:00
1696033800000,26895.87,26929.82,26895.87,26929.45,68.87995,2023-09-30 00:30:00
1696034700000,26929.44,26946.98,26929.01,26936.11,125.5969,2023-09-30 00:45:00
1696035600000,26936.11,26941.69,26921.92,26921.92,116.42059,2023-09-30 01:00:00
1696036500000,26921.92,26932.28,26913.71,26915.81,114.40303,2023-09-30 01:15:00
1696037400000,26915.81,26924.53,26900.27,26900.27,85.24349,2023-09-30 01:30:00
1696038300000,26900.28,26913.04,26891.26,26894.65,96.61186,2023-09-30 01:45:00
1696039200000,26894.65,26898.89,26889.66,26898.85,74.38094,2023-09-30 02:00:00
1696040100000,26898.85,26909.43,26886.31,26886.89,41.94681,2023-09-30 02:15:00
1696041000000,26886.89,26916.8,26886.88,26914.85,66.48076,2023-09-30 02:30:00
1696041900000,26914.84,26918.2,26898.89,26909.42,71.38873,2023-09-30 02:45:00
1696042800000,26909.41,26927.01,26909.41,26917.59,70.87258,2023-09-30 03:00:00
1696043700000,26917.6,26933.56,26917.0,26917.01,53.54994,2023-09-30 03:15:00
1696044600000,26917.0,26917.01,26897.45,26903.75,41.17819,2023-09-30 03:30:00
1696045500000,26903.76,26916.24,26893.63,26915.3,66.63377,2023-09-30 03:45:00
1696046400000,26915.3,26918.41,26911.51,26918.0,106.90776,2023-09-30 04:00:00
1696047300000,26917.99,26938.78,26917.99,26938.77,73.42154,2023-09-30 04:15:00
1696048200000,26938.78,26941.62,26935.09,26935.68,169.2846,2023-09-30 04:30:00
1696049100000,26935.68,26939.11,26924.62,26924.62,34.31921,2023-09-30 04:45:00
1696050000000,26924.62,26937.55,26924.62,26937.54,53.75697,2023-09-30 05:00:00
1696050900000,26937.54,26955.91,26937.54,26947.84,74.43503,2023-09-30 05:15:00
1696051800000,26947.83,26947.84,26928.38,26928.39,52.14175,2023-09-30 05:30:00
1696052700000,26928.38,26937.33,26926.88,26934.9,94.84882,2023-09-30 05:45:00
1696053600000,26934.91,26940.0,26929.46,26936.27,100.1482,2023-09-30 06:00:00
1696054500000,26936.26,26942.22,26933.32,26933.32,65.65499,2023-09-30 06:15:00
1696055400000,26933.33,26951.97,26933.32,26941.46,90.73643,2023-09-30 06:30:00
1696056300000,26941.47,26941.47,26927.48,26927.49,89.79292,2023-09-30 06:45:00
1696057200000,26927.49,26927.49,26924.18,26926.58,65.32928,2023-09-30 07:00:00
1696058100000,26926.58,26940.26,26919.36,26938.15,252.36267,2023-09-30 07:15:00
1696059000000,26938.15,26958.04,26938.14,26944.02,176.86484,2023-09-30 07:30:00
1696059900000,26944.02,26944.02,26931.75,26931.75,183.4667,2023-09-30 07:45:00
1696060800000,26931.76,26933.28,26925.08,26933.15,146.54856,2023-09-30 08:00:00
1696061700000,26933.14,26937.2,26923.18,26926.54,116.22196,2023-09-30 08:15:00
1696062600000,26926.53,26935.17,26923.42,26935.16,132.19878,2023-09-30 08:30:00
1696063500000,26935.17,26938.32,26926.71,26929.09,134.26573,2023-09-30 08:45:00
1696064400000,26929.09,26956.99,26929.09,26950.65,157.79395,2023-09-30 09:00:00
1696065300000,26950.64,26959.0,26950.0,26957.26,102.25429,2023-09-30 09:15:00
1696066200000,26957.26,26957.27,26952.18,26952.18,66.11002,2023-09-30 09:30:00
1696067100000,26952.19,26952.19,26939.57,26947.64,62.07037,2023-09-30 09:45:00
1696068000000,26947.63,26960.37,26947.63,26960.36,127.89629,2023-09-30 10:00:00
1696068900000,26960.37,26975.02,26960.36,26975.02,100.59183,2023-09-30 10:15:00
1696069800000,26975.01,26978.04,26960.0,26978.04,161.85499,2023-09-30 10:30:00
1696070700000,26978.04,26987.84,26974.67,26978.94,115.87697,2023-09-30 10:45:00
1696071600000,26978.95,26978.95,26966.59,26974.67,80.2413,2023-09-30 11:00:00
1696072500000,26974.67,26997.0,26971.21,26975.85,145.36786,2023-09-30 11:15:00
1696073400000,26975.85,26975.86,26924.2,26924.2,211.40453,2023-09-30 11:30:00
1696074300000,26924.2,26949.94,26923.54,26936.02,152.81378,2023-09-30 11:45:00
1696075200000,26936.02,26948.78,26929.98,26945.04,169.65257,2023-09-30 12:00:00
1696076100000,26945.04,26948.78,26935.62,26945.8,128.70924,2023-09-30 12:15:00
1696077000000,26945.8,26954.4,26928.5,26928.5,163.44348,2023-09-30 12:30:00
1696077900000,26928.5,26939.51,26909.94,26928.06,168.28428,2023-09-30 12:45:00
1696078800000,26928.05,26928.06,26903.01,26918.49,214.07386,2023-09-30 13:00:00
1696079700000,26918.5,26931.6,26913.72,26931.6,155.03306,2023-09-30 13:15:00
1696080600000,26931.6,26943.69,26931.59,26935.98,100.32592,2023-09-30 13:30:00
1696081500000,26935.98,26979.0,26928.2,26973.39,225.53436,2023-09-30 13:45:00
1696082400000,26973.4,27000.0,26957.26,26994.13,364.48002,2023-09-30 14:00:00
1696083300000,26994.12,27006.41,26963.3,26978.66,308.94908,2023-09-30 14:15:00
1696084200000,26978.66,26995.11,26964.19,26994.12,154.03487,2023-09-30 14:30:00
1696085100000,26994.12,27004.89,26988.23,26992.38,128.74627,2023-09-30 14:45:00
1696086000000,26992.39,27027.8,26979.73,27021.75,170.31748,2023-09-30 15:00:00
1696086900000,27021.75,27070.24,27007.76,27016.41,463.4292,2023-09-30 15:15:00
1696087800000,27016.41,27047.94,27000.37,27040.11,131.61084,2023-09-30 15:30:00
1696088700000,27040.1,27094.99,26982.52,26996.29,512.08941,2023-09-30 15:45:00
1696089600000,26996.29,27024.62,26987.39,27009.5,195.38943,2023-09-30 16:00:00
1696090500000,27009.5,27009.5,26975.45,26989.45,210.14773,2023-09-30 16:15:00
1696091400000,26989.45,27039.42,26989.44,27026.89,266.93703,2023-09-30 16:30:00
1696092300000,27026.9,27043.61,27014.29,27020.92,161.75713,2023-09-30 16:45:00
1696093200000,27020.91,27020.92,26970.72,26986.47,224.34763,2023-09-30 17:00:00
1696094100000,26986.47,27013.26,26986.46,27013.26,111.21105,2023-09-30 17:15:00
1696095000000,27013.26,27028.31,27000.0,27028.3,82.0056,2023-09-30 17:30:00
1696095900000,27028.31,27030.18,27014.32,27017.55,88.76396,2023-09-30 17:45:00
1696096800000,27017.54,27017.55,27003.64,27014.0,107.95623,2023-09-30 18:00:00
1696097700000,27013.99,27014.0,26997.21,27008.69,91.18821,2023-09-30 18:15:00
1696098600000,27008.69,27013.4,26989.57,26995.6,105.64411,2023-09-30 18:30:00
1696099500000,26995.6,27003.25,26990.03,26999.98,85.92549,2023-09-30 18:45:00
1696100400000,26999.98,27003.25,26987.78,26994.01,169.65764,2023-09-30 19:00:00
1696101300000,26994.02,27000.0,26990.45,26999.0,87.57213,2023-09-30 19:15:00
1696102200000,26999.01,27037.04,26999.0,27034.53,222.70199,2023-09-30 19:30:00
1696103100000,27034.53,27034.53,27016.88,27020.7,171.22378,2023-09-30 19:45:00
1696104000000,27020.7,27047.67,27020.69,27038.9,113.52857,2023-09-30 20:00:00
1696104900000,27038.89,27054.44,27027.23,27029.71,117.19979,2023-09-30 20:15:00
1696105800000,27029.7,27068.59,27029.7,27067.0,85.54681,2023-09-30 20:30:00
1696106700000,27067.0,27073.11,27060.0,27064.15,116.39665,2023-09-30 20:45:00
1696107600000,27064.15,27080.41,27064.14,27076.6,113.58631,2023-09-30 21:00:00
1696108500000,27076.6,27081.78,27065.8,27065.8,100.28139,2023-09-30 21:15:00
1696109400000,27065.8,27065.81,26963.89,26998.74,237.528,2023-09-30 21:30:00
1696110300000,26998.73,26999.99,26946.73,26999.28,199.31438,2023-09-30 21:45:00
1696111200000,26999.29,27019.2,26977.16,27016.99,178.17615,2023-09-30 22:00:00
1696112100000,27017.0,27029.28,27015.65,27029.28,90.88489,2023-09-30 22:15:00
1696113000000,27029.27,27029.28,27004.49,27009.45,103.42714,2023-09-30 22:30:00
1696113900000,27009.44,27012.0,27000.0,27010.29,66.41801,2023-09-30 22:45:00
1696114800000,27010.28,27011.0,26984.84,26984.85,87.29383,2023-09-30 23:00:00
1696115700000,26984.84,26996.5,26965.99,26965.99,81.23784,2023-09-30 23:15:00
1696116600000,26966.0,26988.08,26957.15,26962.97,122.45377,2023-09-30 23:30:00
1696117500000,26962.98,26974.12,26956.16,26962.56,77.78,2023-09-30 23:45:00
