timestamp,open,high,low,close,volume,datetime
1675209600000,23125.13,23168.9,23037.43,23092.98,4483.43366,2023-02-01 00:00:00
1675210500000,23092.25,23094.92,23030.67,23044.19,2262.33653,2023-02-01 00:15:00
1675211400000,23042.67,23090.0,22997.1,23077.61,2955.25522,2023-02-01 00:30:00
1675212300000,23077.99,23115.25,23073.02,23085.73,2420.61478,2023-02-01 00:45:00
1675213200000,23085.36,23120.0,23081.39,23112.66,2056.48407,2023-02-01 01:00:00
1675214100000,23113.4,23119.15,23055.25,23062.38,2351.46868,2023-02-01 01:15:00
1675215000000,23062.12,23161.33,23057.45,23155.83,2645.07375,2023-02-01 01:30:00
1675215900000,23156.77,23184.29,23115.21,23123.09,2459.32055,2023-02-01 01:45:00
1675216800000,23123.1,23130.93,23091.67,23096.31,1789.10293,2023-02-01 02:00:00
1675217700000,23096.3,23108.73,23078.5,23086.21,1958.95861,2023-02-01 02:15:00
1675218600000,23086.92,23114.97,23078.68,23089.15,1848.94785,2023-02-01 02:30:00
1675219500000,23089.63,23110.0,23080.8,23108.43,1511.80678,2023-02-01 02:45:00
1675220400000,23107.17,23112.94,23088.75,23100.49,1543.07987,2023-02-01 03:00:00
1675221300000,23100.49,23104.85,23063.57,23082.78,1806.90091,2023-02-01 03:15:00
1675222200000,23082.26,23106.68,23038.07,23101.75,1973.12005,2023-02-01 03:30:00
1675223100000,23101.75,23134.59,23100.1,23130.19,1640.04793,2023-02-01 03:45:00
1675224000000,23130.7,23144.98,23124.58,23124.76,1534.65897,2023-02-01 04:00:00
1675224900000,23124.76,23157.41,23107.83,23137.68,1858.99718,2023-02-01 04:15:00
1675225800000,23137.68,23154.1,23110.59,23149.46,1877.25161,2023-02-01 04:30:00
1675226700000,23149.46,23149.7,23123.9,23135.98,1578.26111,2023-02-01 04:45:00
1675227600000,23136.75,23159.61,23132.09,23159.21,1958.86553,2023-02-01 05:00:00
1675228500000,23158.43,23164.0,23136.67,23159.3,1693.14331,2023-02-01 05:15:00
1675229400000,23159.98,23167.39,23127.06,23135.71,1978.25081,2023-02-01 05:30:00
1675230300000,23135.79,23137.86,23111.39,23118.67,1573.29792,2023-02-01 05:45:00
1675231200000,23118.68,23131.98,23103.98,23118.34,1821.36614,2023-02-01 06:00:00
1675232100000,23118.88,23119.3,23066.81,23103.81,2462.50609,2023-02-01 06:15:00
1675233000000,23104.51,23126.95,23083.44,23084.67,2009.46897,2023-02-01 06:30:00
1675233900000,23084.67,23098.97,23048.25,23065.77,2757.00098,2023-02-01 06:45:00
1675234800000,23065.77,23081.85,23017.07,23077.71,3604.85235,2023-02-01 07:00:00
1675235700000,23076.61,23113.96,23071.42,23111.14,2186.18067,2023-02-01 07:15:00
1675236600000,23110.15,23115.54,23082.53,23087.5,1856.70619,2023-02-01 07:30:00
1675237500000,23088.09,23093.0,23063.33,23076.68,1766.66608,2023-02-01 07:45:00
1675238400000,23076.67,23087.43,23049.0,23054.61,2600.95395,2023-02-01 08:00:00
1675239300000,23055.28,23062.37,22940.0,22967.56,4668.83707,2023-02-01 08:15:00
1675240200000,22967.56,23006.16,22938.16,22992.28,2751.5346,2023-02-01 08:30:00
1675241100000,22993.58,23012.11,22966.54,22982.03,2308.26571,2023-02-01 08:45:00
1675242000000,22982.15,22990.5,22919.33,22988.69,2922.30889,2023-02-01 09:00:00
1675242900000,22987.53,23018.76,22975.0,23017.68,2178.69932,2023-02-01 09:15:00
1675243800000,23017.68,23021.87,22969.51,22980.7,1779.26308,2023-02-01 09:30:00
1675244700000,22980.7,23004.69,22967.22,22991.86,1700.61816,2023-02-01 09:45:00
1675245600000,22992.69,23007.76,22976.75,23001.28,1923.515,2023-02-01 10:00:00
1675246500000,23001.85,23011.87,22974.12,22977.85,1681.17284,2023-02-01 10:15:00
1675247400000,22978.45,22986.99,22942.84,22981.59,1799.0975,2023-02-01 10:30:00
1675248300000,22981.39,23007.56,22979.44,22996.3,1451.11867,2023-02-01 10:45:00
1675249200000,22996.3,23031.85,22987.6,23017.66,2139.66673,2023-02-01 11:00:00
1675250100000,23016.76,23100.0,23015.1,23087.99,3437.61152,2023-02-01 11:15:00
1675251000000,23086.83,23096.12,23064.24,23077.14,2325.66214,2023-02-01 11:30:00
1675251900000,23077.14,23085.7,23056.27,23077.52,1570.33626,2023-02-01 11:45:00
1675252800000,23078.43,23098.8,23063.96,23096.39,2282.82215,2023-02-01 12:00:00
1675253700000,23096.39,23108.09,23075.0,23093.66,2215.20175,2023-02-01 12:15:00
1675254600000,23093.67,23096.82,23076.27,23078.56,1527.94755,2023-02-01 12:30:00
1675255500000,23078.56,23092.99,23048.1,23060.63,2001.91778,2023-02-01 12:45:00
1675256400000,23061.34,23069.28,23015.34,23068.95,2976.97554,2023-02-01 13:00:00
1675257300000,23068.95,23140.89,23063.0,23104.77,5634.31395,2023-02-01 13:15:00
1675258200000,23104.77,23125.96,23068.55,23070.33,2493.55104,2023-02-01 13:30:00
1675259100000,23071.22,23108.0,23066.0,23086.1,2015.08647,2023-02-01 13:45:00
1675260000000,23086.78,23102.94,23078.02,23099.89,2237.02684,2023-02-01 14:00:00
1675260900000,23099.89,23138.19,23088.01,23092.1,2885.89246,2023-02-01 14:15:00
1675261800000,23092.1,23125.66,23028.88,23118.4,5574.48366,2023-02-01 14:30:00
1675262700000,23117.05,23144.85,23091.14,23101.0,3821.56745,2023-02-01 14:45:00
1675263600000,23101.0,23111.78,23031.91,23075.08,5279.62718,2023-02-01 15:00:00
1675264500000,23074.15,23084.19,23018.05,23045.53,3717.28146,2023-02-01 15:15:00
1675265400000,23045.52,23061.94,23007.35,23012.19,3225.0467,2023-02-01 15:30:00
1675266300000,23012.3,23025.87,22938.36,22979.73,5937.61721,2023-02-01 15:45:00
1675267200000,22979.73,23025.37,22946.32,23015.77,2115.4367,2023-02-01 16:00:00
1675268100000,23015.86,23036.63,23004.31,23015.45,1917.45931,2023-02-01 16:15:00
1675269000000,23015.45,23017.0,22982.74,23007.48,1456.57562,2023-02-01 16:30:00
1675269900000,23006.75,23011.42,22918.2,22999.85,2077.96128,2023-02-01 16:45:00
1675270800000,23000.62,23005.67,22968.1,22977.89,1422.84623,2023-02-01 17:00:00
1675271700000,22977.89,23038.93,22970.0,23011.94,1889.82545,2023-02-01 17:15:00
1675272600000,23011.35,23021.86,22971.7,22977.19,1722.72335,2023-02-01 17:30:00
1675273500000,22977.19,23003.68,22929.0,22994.27,3212.68696,2023-02-01 17:45:00
1675274400000,22993.32,23014.69,22943.47,22967.15,2503.24055,2023-02-01 18:00:00
1675275300000,22967.13,23116.21,22960.1,23105.0,3237.68187,2023-02-01 18:15:00
1675276200000,23104.99,23124.36,23039.8,23072.67,3406.69853,2023-02-01 18:30:00
1675277100000,23070.92,23128.0,23027.18,23077.26,4608.04535,2023-02-01 18:45:00
1675278000000,23075.53,23200.51,22915.0,23082.05,11387.25484,2023-02-01 19:00:00
1675278900000,23080.48,23084.58,22996.59,22996.95,4276.69657,2023-02-01 19:15:00
1675279800000,22998.27,23318.0,22760.23,23268.98,19986.13646,2023-02-01 19:30:00
1675280700000,23265.34,23494.77,23155.21,23385.99,12712.33688,2023-02-01 19:45:00
1675281600000,23385.99,23466.25,23327.96,23394.35,8925.22488,2023-02-01 20:00:00
1675282500000,23392.53,23554.81,23320.01,23553.13,7663.88412,2023-02-01 20:15:00
1675283400000,23551.13,23650.0,23547.42,23564.73,7897.43997,2023-02-01 20:30:00
1675284300000,23564.73,23595.0,23482.0,23573.11,4542.76252,2023-02-01 20:45:00
1675285200000,23571.72,23749.48,23535.27,23700.52,7932.73098,2023-02-01 21:00:00
1675286100000,23702.26,23800.0,23692.11,23720.69,6369.272,2023-02-01 21:15:00
1675287000000,23718.99,23778.91,23689.17,23696.47,4420.09406,2023-02-01 21:30:00
1675287900000,23697.66,23710.0,23611.3,23681.05,4125.47855,2023-02-01 21:45:00
1675288800000,23681.05,23761.58,23679.9,23753.29,2920.38618,2023-02-01 22:00:00
1675289700000,23754.31,23812.66,23710.92,23726.26,3833.5451,2023-02-01 22:15:00
1675290600000,23727.93,23751.17,23654.83,23657.88,2195.44274,2023-02-01 22:30:00
1675291500000,23656.56,23729.99,23656.39,23714.5,1886.31454,2023-02-01 22:45:00
1675292400000,23713.81,23770.93,23699.0,23751.39,3581.08833,2023-02-01 23:00:00
1675293300000,23750.56,23786.38,23724.54,23763.11,2543.3454,2023-02-01 23:15:00
1675294200000,23763.98,23769.04,23693.66,23708.26,2334.12345,2023-02-01 23:30:00
1675295100000,23708.3,23736.12,23682.94,23732.66,2397.23723,2023-02-01 23:45:00
1675296000000,23731.41,23765.45,23690.02,23721.03,4352.32269,2023-02-02 00:00:00
1675296900000,23721.03,23799.0,23710.01,23728.85,3817.87935,2023-02-02 00:15:00
1675297800000,23728.85,24177.44,23726.59,24172.23,10740.6037,2023-02-02 00:30:00
1675298700000,24172.23,24255.0,24066.85,24189.85,7496.355,2023-02-02 00:45:00
1675299600000,24188.09,24209.91,24045.29,24063.89,4840.94455,2023-02-02 01:00:00
1675300500000,24062.36,24127.81,24047.42,24052.11,4210.19742,2023-02-02 01:15:00
1675301400000,24052.1,24060.11,23947.1,23985.86,5068.76955,2023-02-02 01:30:00
1675302300000,23986.85,23995.73,23946.59,23950.55,2420.22845,2023-02-02 01:45:00
1675303200000,23950.55,23988.26,23932.18,23942.85,2574.84676,2023-02-02 02:00:00
1675304100000,23942.84,23959.04,23863.0,23905.23,2988.634,2023-02-02 02:15:00
1675305000000,23906.01,23920.0,23830.02,23897.61,3308.79372,2023-02-02 02:30:00
1675305900000,23897.61,23915.67,23876.34,23885.19,1686.80832,2023-02-02 02:45:00
1675306800000,23884.85,23913.42,23870.88,23888.19,1784.23262,2023-02-02 03:00:00
1675307700000,23888.19,23895.42,23854.94,23891.97,1977.35253,2023-02-02 03:15:00
1675308600000,23891.32,23934.0,23887.0,23927.35,2098.20074,2023-02-02 03:30:00
1675309500000,23927.35,23930.93,23847.28,23848.6,2060.26467,2023-02-02 03:45:00
1675310400000,23848.6,23873.69,23838.3,23851.68,2195.91597,2023-02-02 04:00:00
1675311300000,23851.68,23903.33,23843.42,23889.99,2055.12391,2023-02-02 04:15:00
1675312200000,23889.99,23905.57,23870.01,23899.23,1766.18495,2023-02-02 04:30:00
1675313100000,23899.23,23907.79,23877.87,23882.87,1767.19446,2023-02-02 04:45:00
1675314000000,23882.87,23921.0,23872.35,23919.71,1999.47173,2023-02-02 05:00:00
1675314900000,23920.12,23921.1,23855.88,23861.57,2284.78548,2023-02-02 05:15:00
1675315800000,23860.91,23874.21,23848.05,23857.84,1812.46399,2023-02-02 05:30:00
1675316700000,23858.29,23879.0,23800.0,23804.61,2458.46723,2023-02-02 05:45:00
1675317600000,23803.74,23831.17,23727.99,23746.57,3796.56297,2023-02-02 06:00:00
1675318500000,23745.41,23771.5,23658.2,23732.22,3902.18579,2023-02-02 06:15:00
1675319400000,23732.22,23799.11,23729.48,23789.86,2517.01063,2023-02-02 06:30:00
1675320300000,23789.86,23805.0,23755.63,23786.46,1760.92766,2023-02-02 06:45:00
1675321200000,23786.46,23830.37,23776.02,23809.68,2210.72141,2023-02-02 07:00:00
1675322100000,23809.68,23832.28,23802.66,23814.16,1767.36391,2023-02-02 07:15:00
1675323000000,23814.16,23827.16,23762.93,23766.12,2189.94421,2023-02-02 07:30:00
1675323900000,23766.69,23788.07,23738.75,23781.12,2290.03111,2023-02-02 07:45:00
1675324800000,23780.65,23820.96,23766.16,23801.98,2469.85668,2023-02-02 08:00:00
1675325700000,23801.98,23852.75,23799.23,23839.37,2756.39884,2023-02-02 08:15:00
1675326600000,23839.38,23847.99,23785.73,23794.09,2643.91841,2023-02-02 08:30:00
1675327500000,23793.72,23806.43,23787.01,23799.59,1663.47269,2023-02-02 08:45:00
1675328400000,23799.16,23816.28,23751.86,23756.26,2293.35484,2023-02-02 09:00:00
1675329300000,23756.25,23779.0,23750.0,23768.12,2201.57388,2023-02-02 09:15:00
1675330200000,23767.17,23804.42,23766.42,23800.62,1885.68563,2023-02-02 09:30:00
1675331100000,23801.08,23836.0,23785.85,23830.91,2548.38695,2023-02-02 09:45:00
1675332000000,23830.23,23835.0,23791.32,23801.84,2004.80361,2023-02-02 10:00:00
1675332900000,23801.43,23814.51,23795.72,23802.81,1637.51166,2023-02-02 10:15:00
1675333800000,23803.37,23805.75,23770.8,23800.7,2140.14786,2023-02-02 10:30:00
1675334700000,23800.7,23804.31,23775.36,23780.17,1651.29828,2023-02-02 10:45:00
1675335600000,23780.84,23816.99,23772.68,23813.28,2002.10884,2023-02-02 11:00:00
1675336500000,23813.7,23839.0,23799.0,23834.75,2055.21034,2023-02-02 11:15:00
1675337400000,23834.12,23850.68,23815.44,23837.7,2326.56612,2023-02-02 11:30:00
1675338300000,23837.7,23841.84,23798.01,23820.49,2061.45047,2023-02-02 11:45:00
1675339200000,23820.49,23831.92,23791.5,23823.51,2516.83386,2023-02-02 12:00:00
1675340100000,23823.72,23827.86,23794.67,23809.75,1915.20022,2023-02-02 12:15:00
1675341000000,23809.76,23815.97,23760.83,23777.17,2752.7287,2023-02-02 12:30:00
1675341900000,23777.16,23807.26,23766.13,23800.76,2427.99583,2023-02-02 12:45:00
1675342800000,23800.77,23804.23,23753.59,23780.8,2929.5892,2023-02-02 13:00:00
1675343700000,23779.21,23813.94,23762.02,23798.96,3008.87116,2023-02-02 13:15:00
1675344600000,23798.13,23816.92,23737.08,23772.02,4058.68931,2023-02-02 13:30:00
1675345500000,23772.9,23774.81,23715.41,23766.53,3393.12619,2023-02-02 13:45:00
1675346400000,23766.53,23811.31,23753.02,23807.15,3271.5332,2023-02-02 14:00:00
1675347300000,23807.95,23945.68,23795.42,23900.84,6368.27853,2023-02-02 14:15:00
1675348200000,23901.69,23940.0,23760.0,23766.57,7652.09856,2023-02-02 14:30:00
1675349100000,23765.36,23847.15,23525.0,23609.11,13695.45678,2023-02-02 14:45:00
1675350000000,23609.11,23694.69,23550.8,23578.54,9388.79641,2023-02-02 15:00:00
1675350900000,23578.54,23690.99,23573.03,23676.91,5667.32443,2023-02-02 15:15:00
1675351800000,23676.0,23824.82,23671.76,23795.77,7501.50852,2023-02-02 15:30:00
1675352700000,23796.32,23927.21,23773.13,23839.5,6937.56493,2023-02-02 15:45:00
1675353600000,23839.5,23898.58,23780.01,23794.64,6080.69278,2023-02-02 16:00:00
1675354500000,23796.28,23863.08,23765.09,23851.97,4764.69095,2023-02-02 16:15:00
1675355400000,23851.97,23898.98,23777.84,23842.64,5327.92362,2023-02-02 16:30:00
1675356300000,23841.01,23850.0,23785.01,23790.35,3525.4084,2023-02-02 16:45:00
1675357200000,23790.35,23844.58,23780.01,23819.47,3843.2584,2023-02-02 17:00:00
1675358100000,23820.91,23851.7,23811.0,23826.96,3310.7859,2023-02-02 17:15:00
1675359000000,23828.14,23899.0,23822.41,23882.99,3488.15943,2023-02-02 17:30:00
1675359900000,23884.0,23935.05,23865.91,23893.33,3384.80333,2023-02-02 17:45:00
1675360800000,23894.1,23999.0,23889.88,23992.31,5002.60496,2023-02-02 18:00:00
1675361700000,23992.31,24144.62,23967.36,24008.0,9899.94923,2023-02-02 18:15:00
1675362600000,24006.46,24114.04,23975.43,24110.21,5539.55003,2023-02-02 18:30:00
1675363500000,24110.21,24114.23,24049.5,24054.54,3784.96723,2023-02-02 18:45:00
1675364400000,24055.71,24071.0,23846.97,23896.75,7067.30885,2023-02-02 19:00:00
1675365300000,23895.37,23906.78,23750.0,23832.71,7466.37589,2023-02-02 19:15:00
1675366200000,23832.71,23853.0,23725.76,23752.8,5967.63099,2023-02-02 19:30:00
1675367100000,23752.81,23828.42,23738.17,23802.57,4773.34057,2023-02-02 19:45:00
1675368000000,23802.57,23820.64,23748.55,23816.8,4972.25126,2023-02-02 20:00:00
1675368900000,23816.8,23821.91,23770.15,23778.91,3518.3566,2023-02-02 20:15:00
1675369800000,23779.69,23826.74,23765.01,23782.08,3259.25244,2023-02-02 20:30:00
1675370700000,23782.08,23878.0,23776.23,23872.75,4130.21042,2023-02-02 20:45:00
1675371600000,23872.76,23924.81,23710.87,23777.51,8652.44577,2023-02-02 21:00:00
1675372500000,23777.51,23794.95,23722.85,23761.2,3224.82999,2023-02-02 21:15:00
1675373400000,23760.1,23776.37,23600.0,23708.92,6752.36624,2023-02-02 21:30:00
1675374300000,23708.92,23718.95,23413.02,23455.65,6217.34028,2023-02-02 21:45:00
1675375200000,23455.65,23539.99,23363.27,23500.74,5993.6396,2023-02-02 22:00:00
1675376100000,23500.74,23589.44,23496.36,23524.87,3747.72503,2023-02-02 22:15:00
1675377000000,23524.6,23574.79,23522.45,23552.1,1835.35426,2023-02-02 22:30:00
1675377900000,23551.57,23618.98,23520.25,23556.13,1931.35593,2023-02-02 22:45:00
1675378800000,23556.7,23595.5,23539.23,23571.28,2392.00077,2023-02-02 23:00:00
1675379700000,23571.26,23571.28,23481.39,23490.31,2599.89391,2023-02-02 23:15:00
1675380600000,23490.52,23541.78,23459.01,23467.37,2503.32021,2023-02-02 23:30:00
1675381500000,23467.37,23503.87,23423.75,23488.94,3191.28383,2023-02-02 23:45:00
1675382400000,23489.33,23583.99,23488.07,23574.9,3814.2803,2023-02-03 00:00:00
1675383300000,23574.89,23585.04,23547.81,23561.45,2105.2415,2023-02-03 00:15:00
1675384200000,23561.45,23562.83,23436.06,23521.37,4178.50379,2023-02-03 00:30:00
1675385100000,23521.85,23565.3,23521.37,23552.89,2077.906,2023-02-03 00:45:00
1675386000000,23553.32,23583.33,23533.88,23559.63,2230.67591,2023-02-03 01:00:00
1675386900000,23559.64,23585.24,23534.67,23575.24,1896.68642,2023-02-03 01:15:00
1675387800000,23575.24,23590.11,23538.0,23541.32,2051.30918,2023-02-03 01:30:00
1675388700000,23540.75,23573.16,23522.7,23555.12,2164.82502,2023-02-03 01:45:00
1675389600000,23555.12,23580.6,23531.96,23534.64,2060.66191,2023-02-03 02:00:00
1675390500000,23535.52,23549.13,23460.0,23473.71,2986.10276,2023-02-03 02:15:00
1675391400000,23473.71,23521.78,23411.47,23422.72,3374.29165,2023-02-03 02:30:00
1675392300000,23422.85,23484.88,23419.08,23475.45,2606.39933,2023-02-03 02:45:00
1675393200000,23475.46,23494.36,23422.97,23434.94,2401.63225,2023-02-03 03:00:00
1675394100000,23434.94,23514.52,23413.01,23501.03,3269.1919,2023-02-03 03:15:00
1675395000000,23501.04,23534.69,23488.5,23525.59,2516.51118,2023-02-03 03:30:00
1675395900000,23525.59,23536.35,23510.79,23534.18,1874.71545,2023-02-03 03:45:00
1675396800000,23533.64,23539.57,23507.21,23524.61,1780.02104,2023-02-03 04:00:00
1675397700000,23524.61,23554.93,23520.92,23536.89,2027.78584,2023-02-03 04:15:00
1675398600000,23536.89,23566.18,23530.46,23549.71,2012.50856,2023-02-03 04:30:00
1675399500000,23549.71,23550.45,23507.93,23516.73,1782.03832,2023-02-03 04:45:00
1675400400000,23516.73,23536.57,23501.24,23534.73,1847.0456,2023-02-03 05:00:00
1675401300000,23534.73,23549.37,23513.42,23517.42,1670.13414,2023-02-03 05:15:00
1675402200000,23517.42,23542.85,23515.79,23536.36,1915.07006,2023-02-03 05:30:00
1675403100000,23536.36,23538.33,23517.41,23523.58,1933.4675,2023-02-03 05:45:00
1675404000000,23523.57,23552.4,23520.3,23547.69,2076.7496,2023-02-03 06:00:00
1675404900000,23547.69,23549.16,23507.09,23520.73,1984.15432,2023-02-03 06:15:00
1675405800000,23521.15,23540.18,23514.55,23530.98,1869.15853,2023-02-03 06:30:00
1675406700000,23530.98,23534.0,23505.9,23513.55,1930.82435,2023-02-03 06:45:00
1675407600000,23512.71,23531.0,23475.87,23524.24,2949.2241,2023-02-03 07:00:00
1675408500000,23524.24,23545.28,23476.12,23477.35,2652.04909,2023-02-03 07:15:00
1675409400000,23477.34,23503.4,23449.16,23471.37,3777.1547,2023-02-03 07:30:00
1675410300000,23471.99,23485.0,23447.25,23456.23,2781.49003,2023-02-03 07:45:00
1675411200000,23456.22,23472.0,23322.3,23388.87,6006.38385,2023-02-03 08:00:00
1675412100000,23389.91,23421.21,23350.01,23392.15,3296.0255,2023-02-03 08:15:00
1675413000000,23391.48,23420.08,23370.96,23398.8,2729.86293,2023-02-03 08:30:00
1675413900000,23397.61,23430.0,23372.2,23423.52,2510.82931,2023-02-03 08:45:00
1675414800000,23423.52,23442.54,23399.78,23440.87,2711.60036,2023-02-03 09:00:00
1675415700000,23440.87,23447.24,23406.75,23428.72,2350.65906,2023-02-03 09:15:00
1675416600000,23429.5,23447.0,23415.33,23441.27,2532.43821,2023-02-03 09:30:00
1675417500000,23441.97,23442.72,23408.77,23423.17,1993.56048,2023-02-03 09:45:00
1675418400000,23423.17,23427.69,23410.1,23413.65,2249.65881,2023-02-03 10:00:00
1675419300000,23413.63,23414.7,23352.79,23376.12,3367.118,2023-02-03 10:15:00
1675420200000,23375.72,23436.22,23361.33,23434.46,2662.96793,2023-02-03 10:30:00
1675421100000,23434.46,23443.5,23414.15,23431.91,2518.75452,2023-02-03 10:45:00
1675422000000,23431.91,23445.98,23416.23,23434.05,2825.50377,2023-02-03 11:00:00
1675422900000,23434.05,23486.81,23422.37,23465.75,3296.27374,2023-02-03 11:15:00
1675423800000,23465.98,23519.94,23462.68,23512.94,3534.59045,2023-02-03 11:30:00
1675424700000,23513.35,23541.7,23490.53,23534.13,3310.49855,2023-02-03 11:45:00
1675425600000,23533.32,23555.0,23509.59,23517.92,3418.63998,2023-02-03 12:00:00
1675426500000,23517.92,23529.45,23486.13,23526.43,3126.90894,2023-02-03 12:15:00
1675427400000,23525.88,23549.14,23512.5,23541.11,2532.3853,2023-02-03 12:30:00
1675428300000,23540.52,23570.76,23513.29,23524.75,3163.82501,2023-02-03 12:45:00
1675429200000,23524.2,23546.34,23500.0,23537.42,2860.34163,2023-02-03 13:00:00
1675430100000,23537.18,23541.15,23458.52,23505.27,3995.52512,2023-02-03 13:15:00
1675431000000,23506.89,23509.0,23244.11,23375.24,14555.31106,2023-02-03 13:30:00
1675431900000,23376.45,23377.54,23270.0,23346.63,7056.04243,2023-02-03 13:45:00
1675432800000,23346.63,23378.33,23291.13,23334.72,5156.12714,2023-02-03 14:00:00
1675433700000,23335.37,23365.7,23227.16,23315.23,5036.61696,2023-02-03 14:15:00
1675434600000,23316.28,23537.59,23298.74,23480.22,10009.91451,2023-02-03 14:30:00
1675435500000,23480.22,23597.68,23442.35,23518.32,9240.29559,2023-02-03 14:45:00
1675436400000,23518.42,23535.12,23408.76,23528.33,9426.4722,2023-02-03 15:00:00
1675437300000,23529.71,23710.8,23507.27,23614.2,11043.11709,2023-02-03 15:15:00
1675438200000,23612.89,23703.02,23570.84,23666.36,6439.05185,2023-02-03 15:30:00
1675439100000,23666.42,23691.25,23580.14,23603.36,5164.7898,2023-02-03 15:45:00
1675440000000,23604.62,23651.63,23586.14,23643.34,4550.67829,2023-02-03 16:00:00
1675440900000,23643.82,23673.98,23600.21,23671.98,3826.15187,2023-02-03 16:15:00
1675441800000,23671.98,23715.7,23581.84,23593.24,5985.27245,2023-02-03 16:30:00
1675442700000,23593.24,23608.01,23513.73,23519.21,4940.85969,2023-02-03 16:45:00
1675443600000,23518.92,23552.35,23502.4,23525.88,3962.08577,2023-02-03 17:00:00
1675444500000,23525.05,23578.62,23521.59,23569.25,3269.8584,2023-02-03 17:15:00
1675445400000,23569.25,23662.39,23560.0,23633.22,4119.1163,2023-02-03 17:30:00
1675446300000,23631.93,23649.07,23501.2,23506.58,4441.35027,2023-02-03 17:45:00
1675447200000,23508.21,23527.79,23411.06,23460.76,6699.89615,2023-02-03 18:00:00
1675448100000,23459.56,23481.27,23411.74,23422.29,3911.98566,2023-02-03 18:15:00
1675449000000,23423.17,23457.33,23366.0,23412.27,4871.08292,2023-02-03 18:30:00
1675449900000,23412.26,23450.0,23387.24,23418.3,3340.77036,2023-02-03 18:45:00
1675450800000,23417.75,23434.59,23383.97,23434.18,3490.58758,2023-02-03 19:00:00
1675451700000,23433.61,23435.0,23335.0,23390.52,3339.24445,2023-02-03 19:15:00
1675452600000,23389.93,23439.16,23350.4,23399.87,3710.4091,2023-02-03 19:30:00
1675453500000,23399.87,23403.95,23300.76,23307.99,4271.48287,2023-02-03 19:45:00
1675454400000,23308.05,23340.6,23204.62,23323.85,6160.84944,2023-02-03 20:00:00
1675455300000,23324.76,23377.0,23312.12,23355.33,3259.76784,2023-02-03 20:15:00
1675456200000,23355.33,23403.94,23336.58,23359.04,3368.4354,2023-02-03 20:30:00
1675457100000,23359.69,23373.85,23316.95,23338.35,3074.17634,2023-02-03 20:45:00
1675458000000,23337.66,23371.81,23328.7,23364.61,2130.83715,2023-02-03 21:00:00
1675458900000,23364.61,23394.35,23351.14,23371.59,1733.75555,2023-02-03 21:15:00
1675459800000,23371.59,23381.34,23345.49,23352.14,1355.3368,2023-02-03 21:30:00
1675460700000,23351.92,23391.82,23302.48,23379.01,1924.13164,2023-02-03 21:45:00
1675461600000,23379.01,23400.63,23377.66,23389.35,1448.05858,2023-02-03 22:00:00
1675462500000,23389.6,23430.0,23381.03,23387.88,1892.50553,2023-02-03 22:15:00
1675463400000,23388.45,23438.04,23375.88,23422.26,1850.46377,2023-02-03 22:30:00
1675464300000,23422.26,23443.36,23402.92,23421.02,1615.32027,2023-02-03 22:45:00
1675465200000,23421.72,23454.0,23402.86,23418.29,2591.14815,2023-02-03 23:00:00
1675466100000,23418.29,23453.36,23416.45,23451.43,1541.36077,2023-02-03 23:15:00
1675467000000,23450.18,23472.0,23434.37,23456.12,1609.50788,2023-02-03 23:30:00
1675467900000,23456.58,23460.0,23417.29,23431.9,1564.64139,2023-02-03 23:45:00
1675468800000,23431.9,23447.4,23382.01,23404.4,2202.72413,2023-02-04 00:00:00
1675469700000,23404.4,23443.57,23388.77,23440.81,1550.83506,2023-02-04 00:15:00
1675470600000,23440.81,23465.15,23438.17,23458.95,2121.28116,2023-02-04 00:30:00
1675471500000,23458.95,23463.12,23400.0,23411.3,1913.18369,2023-02-04 00:45:00
1675472400000,23411.39,23442.24,23405.07,23430.64,1576.06372,2023-02-04 01:00:00
1675473300000,23430.64,23432.88,23394.43,23398.37,1886.50315,2023-02-04 01:15:00
1675474200000,23398.36,23441.9,23396.32,23417.43,1367.15008,2023-02-04 01:30:00
1675475100000,23417.43,23418.41,23365.0,23373.87,1691.19283,2023-02-04 01:45:00
1675476000000,23373.87,23390.05,23365.5,23380.96,1296.94912,2023-02-04 02:00:00
1675476900000,23380.96,23384.73,23347.72,23357.84,1608.4725,2023-02-04 02:15:00
1675477800000,23358.45,23389.61,23357.14,23359.02,1600.70548,2023-02-04 02:30:00
1675478700000,23359.02,23399.0,23358.32,23386.89,1191.91283,2023-02-04 02:45:00
1675479600000,23386.53,23393.89,23362.0,23371.15,1307.07258,2023-02-04 03:00:00
1675480500000,23370.53,23393.22,23359.57,23363.14,1254.45508,2023-02-04 03:15:00
1675481400000,23363.48,23369.44,23333.33,23341.93,1278.25144,2023-02-04 03:30:00
1675482300000,23341.51,23357.94,23331.16,23343.43,1193.30241,2023-02-04 03:45:00
1675483200000,23343.12,23356.66,23333.15,23356.03,1283.13682,2023-02-04 04:00:00
1675484100000,23355.22,23361.33,23325.88,23346.78,1743.16508,2023-02-04 04:15:00
1675485000000,23346.78,23346.79,23314.14,23326.7,1473.41823,2023-02-04 04:30:00
1675485900000,23326.7,23341.81,23317.56,23337.71,1136.25285,2023-02-04 04:45:00
1675486800000,23337.7,23338.78,23303.7,23310.25,1457.17863,2023-02-04 05:00:00
1675487700000,23310.25,23320.84,23263.44,23275.91,2435.61946,2023-02-04 05:15:00
1675488600000,23275.91,23316.98,23270.27,23307.55,1491.95221,2023-02-04 05:30:00
1675489500000,23307.55,23316.27,23297.92,23312.38,1037.47899,2023-02-04 05:45:00
1675490400000,23312.76,23314.21,23253.96,23292.18,1749.03663,2023-02-04 06:00:00
1675491300000,23292.18,23336.61,23285.64,23327.07,1820.35439,2023-02-04 06:15:00
1675492200000,23327.07,23338.48,23308.87,23321.61,1347.4035,2023-02-04 06:30:00
1675493100000,23320.96,23347.62,23314.28,23338.23,1322.91874,2023-02-04 06:45:00
1675494000000,23338.23,23356.15,23327.2,23331.22,1882.87451,2023-02-04 07:00:00
1675494900000,23330.67,23334.08,23301.82,23328.3,1273.5241,2023-02-04 07:15:00
1675495800000,23327.85,23330.64,23293.55,23302.0,1118.95518,2023-02-04 07:30:00
1675496700000,23302.0,23357.33,23301.49,23329.18,2426.50646,2023-02-04 07:45:00
1675497600000,23329.18,23345.91,23323.25,23340.18,1220.33469,2023-02-04 08:00:00
1675498500000,23339.82,23341.87,23301.82,23321.9,1725.48873,2023-02-04 08:15:00
1675499400000,23321.91,23325.65,23301.8,23305.76,1250.70567,2023-02-04 08:30:00
1675500300000,23305.76,23319.13,23296.01,23297.59,1248.49993,2023-02-04 08:45:00
1675501200000,23297.83,23320.0,23292.19,23312.62,1675.0154,2023-02-04 09:00:00
1675502100000,23313.39,23340.24,23312.57,23331.91,2021.80525,2023-02-04 09:15:00
1675503000000,23331.44,23353.76,23318.94,23339.86,1566.82686,2023-02-04 09:30:00
1675503900000,23339.39,23349.97,23330.0,23340.02,1748.66398,2023-02-04 09:45:00
1675504800000,23340.02,23363.95,23331.44,23340.02,1920.83919,2023-02-04 10:00:00
1675505700000,23340.02,23369.4,23331.28,23333.81,2183.94556,2023-02-04 10:15:00
1675506600000,23333.81,23359.09,23331.24,23356.29,1062.66942,2023-02-04 10:30:00
1675507500000,23356.29,23359.25,23331.65,23335.83,1152.34459,2023-02-04 10:45:00
1675508400000,23336.09,23357.58,23332.55,23354.79,1230.94055,2023-02-04 11:00:00
1675509300000,23355.39,23376.27,23344.62,23352.32,1523.21355,2023-02-04 11:15:00
1675510200000,23352.48,23366.69,23350.0,23360.33,1039.37808,2023-02-04 11:30:00
1675511100000,23360.71,23364.8,23348.37,23363.76,1044.15942,2023-02-04 11:45:00
1675512000000,23364.14,23381.4,23353.67,23369.19,1561.28897,2023-02-04 12:00:00
1675512900000,23368.82,23374.19,23340.44,23356.33,1525.00135,2023-02-04 12:15:00
1675513800000,23356.33,23385.0,23353.22,23364.32,1620.50338,2023-02-04 12:30:00
1675514700000,23364.32,23417.52,23363.07,23412.84,2208.72509,2023-02-04 12:45:00
1675515600000,23412.84,23521.18,23408.19,23498.34,6746.05825,2023-02-04 13:00:00
1675516500000,23498.35,23587.78,23480.62,23541.96,6361.39233,2023-02-04 13:15:00
1675517400000,23540.84,23569.47,23499.79,23517.07,3307.4134,2023-02-04 13:30:00
1675518300000,23516.53,23527.46,23474.3,23503.73,2080.00002,2023-02-04 13:45:00
1675519200000,23503.75,23510.0,23450.0,23466.33,2234.65253,2023-02-04 14:00:00
1675520100000,23467.08,23475.88,23393.32,23448.14,3034.45568,2023-02-04 14:15:00
1675521000000,23448.14,23469.27,23425.58,23452.24,2091.35841,2023-02-04 14:30:00
1675521900000,23452.24,23471.24,23432.5,23464.36,1356.14326,2023-02-04 14:45:00
1675522800000,23464.36,23473.47,23447.8,23468.01,1420.83192,2023-02-04 15:00:00
1675523700000,23468.01,23469.61,23416.33,23418.56,2320.17788,2023-02-04 15:15:00
1675524600000,23418.85,23436.14,23391.22,23406.7,2003.99509,2023-02-04 15:30:00
1675525500000,23406.7,23430.6,23387.67,23421.45,1507.55043,2023-02-04 15:45:00
1675526400000,23421.45,23422.8,23402.38,23409.49,1353.7151,2023-02-04 16:00:00
1675527300000,23409.93,23430.04,23358.57,23429.36,2811.92339,2023-02-04 16:15:00
1675528200000,23428.81,23455.52,23393.53,23408.98,2710.31975,2023-02-04 16:30:00
1675529100000,23408.98,23410.74,23386.1,23407.83,1624.85887,2023-02-04 16:45:00
1675530000000,23408.28,23433.72,23396.4,23425.63,1881.94147,2023-02-04 17:00:00
1675530900000,23426.29,23430.55,23392.28,23427.89,1879.73155,2023-02-04 17:15:00
1675531800000,23427.3,23432.0,23395.0,23421.06,1557.37061,2023-02-04 17:30:00
1675532700000,23421.06,23465.0,23416.63,23439.63,2284.50004,2023-02-04 17:45:00
1675533600000,23439.01,23472.5,23438.37,23449.17,1752.64849,2023-02-04 18:00:00
1675534500000,23449.28,23459.47,23423.82,23439.23,1642.13933,2023-02-04 18:15:00
1675535400000,23439.23,23443.2,23402.22,23434.46,1831.00139,2023-02-04 18:30:00
1675536300000,23434.46,23454.21,23426.0,23445.66,1275.51268,2023-02-04 18:45:00
1675537200000,23445.66,23454.94,23441.02,23450.97,1147.53747,2023-02-04 19:00:00
1675538100000,23450.97,23452.19,23428.3,23434.58,1031.53118,2023-02-04 19:15:00
1675539000000,23434.59,23438.79,23415.01,23434.64,1122.72958,2023-02-04 19:30:00
1675539900000,23435.02,23442.02,23423.29,23425.89,976.07319,2023-02-04 19:45:00
1675540800000,23425.28,23442.27,23397.9,23437.82,2035.60513,2023-02-04 20:00:00
1675541700000,23437.34,23438.26,23421.52,23425.35,1048.49439,2023-02-04 20:15:00
1675542600000,23424.96,23425.39,23389.0,23396.19,1503.69416,2023-02-04 20:30:00
1675543500000,23396.19,23417.98,23394.12,23412.48,896.59048,2023-02-04 20:45:00
1675544400000,23412.48,23418.12,23393.42,23412.06,1245.30178,2023-02-04 21:00:00
1675545300000,23412.06,23417.53,23403.52,23406.42,928.84854,2023-02-04 21:15:00
1675546200000,23406.76,23411.37,23372.92,23400.23,1446.13442,2023-02-04 21:30:00
1675547100000,23400.74,23418.42,23395.7,23413.98,994.35742,2023-02-04 21:45:00
1675548000000,23413.54,23417.81,23407.0,23413.16,859.53612,2023-02-04 22:00:00
1675548900000,23413.16,23415.45,23405.0,23412.91,956.67591,2023-02-04 22:15:00
1675549800000,23412.63,23449.96,23406.67,23406.77,1522.09089,2023-02-04 22:30:00
1675550700000,23406.77,23435.0,23391.26,23402.89,1299.99799,2023-02-04 22:45:00
1675551600000,23402.89,23423.67,23400.92,23404.8,1600.68543,2023-02-04 23:00:00
1675552500000,23404.82,23421.92,23397.56,23417.15,1108.62742,2023-02-04 23:15:00
1675553400000,23417.15,23418.79,23259.62,23298.81,4133.32646,2023-02-04 23:30:00
1675554300000,23300.43,23330.81,23278.71,23326.84,2628.76242,2023-02-04 23:45:00
1675555200000,23327.66,23371.99,23314.9,23335.83,1977.21075,2023-02-05 00:00:00
1675556100000,23335.37,23336.77,23280.48,23314.06,2152.21615,2023-02-05 00:15:00
1675557000000,23314.05,23349.5,23277.29,23342.0,2114.43936,2023-02-05 00:30:00
1675557900000,23342.0,23343.94,23230.0,23291.0,3427.37583,2023-02-05 00:45:00
1675558800000,23290.99,23317.0,23261.22,23303.83,1944.90536,2023-02-05 01:00:00
1675559700000,23303.83,23330.58,23295.19,23328.24,1412.25428,2023-02-05 01:15:00
1675560600000,23329.46,23333.06,23290.66,23297.76,1356.99768,2023-02-05 01:30:00
1675561500000,23297.76,23324.35,23295.18,23319.48,1069.04059,2023-02-05 01:45:00
1675562400000,23319.86,23345.49,23312.4,23336.03,1627.11294,2023-02-05 02:00:00
1675563300000,23336.44,23347.59,23330.13,23334.6,1236.54554,2023-02-05 02:15:00
1675564200000,23335.19,23342.72,23317.54,23320.75,1256.73237,2023-02-05 02:30:00
1675565100000,23321.43,23326.67,23292.0,23292.21,1323.70077,2023-02-05 02:45:00
1675566000000,23292.22,23339.0,23289.4,23327.73,1899.36673,2023-02-05 03:00:00
1675566900000,23328.34,23334.82,23304.2,23313.82,1319.10573,2023-02-05 03:15:00
1675567800000,23313.82,23324.53,23301.34,23316.44,1212.03948,2023-02-05 03:30:00
1675568700000,23316.91,23349.73,23311.26,23344.53,1721.77679,2023-02-05 03:45:00
1675569600000,23344.53,23345.6,23333.42,23341.33,1175.21441,2023-02-05 04:00:00
1675570500000,23341.11,23343.0,23326.23,23338.42,1040.5651,2023-02-05 04:15:00
1675571400000,23338.95,23362.66,23337.48,23361.06,1580.40097,2023-02-05 04:30:00
1675572300000,23360.4,23377.54,23351.75,23364.0,1241.03312,2023-02-05 04:45:00
1675573200000,23364.33,23374.98,23360.73,23371.16,1075.05562,2023-02-05 05:00:00
1675574100000,23371.51,23390.0,23362.23,23369.61,1225.37437,2023-02-05 05:15:00
1675575000000,23370.09,23387.95,23361.91,23381.31,1266.70284,2023-02-05 05:30:00
1675575900000,23381.3,23387.99,23364.84,23375.6,1173.65961,2023-02-05 05:45:00
1675576800000,23375.12,23381.62,23362.12,23369.1,1477.2818,2023-02-05 06:00:00
1675577700000,23369.1,23372.44,23343.51,23352.44,1515.85818,2023-02-05 06:15:00
1675578600000,23353.0,23433.33,23347.19,23402.64,2414.3267,2023-02-05 06:30:00
1675579500000,23402.18,23404.29,23386.52,23392.8,1057.68413,2023-02-05 06:45:00
1675580400000,23392.35,23404.6,23381.44,23384.13,1266.46744,2023-02-05 07:00:00
1675581300000,23384.59,23387.31,23360.92,23386.08,1112.78994,2023-02-05 07:15:00
1675582200000,23386.11,23391.97,23373.65,23384.66,984.63473,2023-02-05 07:30:00
1675583100000,23384.14,23386.42,23371.95,23377.4,867.67421,2023-02-05 07:45:00
1675584000000,23377.03,23393.61,23369.2,23375.73,1480.81673,2023-02-05 08:00:00
1675584900000,23375.14,23380.01,23365.65,23377.59,1079.18646,2023-02-05 08:15:00
1675585800000,23377.58,23419.74,23363.98,23408.42,2006.89365,2023-02-05 08:30:00
1675586700000,23408.42,23408.97,23385.0,23393.26,1357.99474,2023-02-05 08:45:00
1675587600000,23393.26,23397.77,23387.79,23396.5,1149.7661,2023-02-05 09:00:00
1675588500000,23396.03,23398.2,23370.0,23377.68,1389.79936,2023-02-05 09:15:00
1675589400000,23377.13,23377.69,23356.46,23372.46,1696.62839,2023-02-05 09:30:00
1675590300000,23372.96,23377.71,23356.4,23365.02,1168.66403,2023-02-05 09:45:00
1675591200000,23365.02,23376.22,23360.86,23368.37,1267.59814,2023-02-05 10:00:00
1675592100000,23367.86,23396.73,23364.94,23368.52,1681.96867,2023-02-05 10:15:00
1675593000000,23368.09,23403.76,23367.43,23401.85,1419.33079,2023-02-05 10:30:00
1675593900000,23402.51,23404.23,23380.66,23395.57,1418.37433,2023-02-05 10:45:00
1675594800000,23396.12,23404.53,23386.35,23389.94,1572.27646,2023-02-05 11:00:00
1675595700000,23390.35,23399.76,23383.0,23384.95,1226.02533,2023-02-05 11:15:00
1675596600000,23384.92,23389.7,23355.0,23369.86,2362.82095,2023-02-05 11:30:00
1675597500000,23370.46,23371.24,23345.0,23356.33,1849.57762,2023-02-05 11:45:00
1675598400000,23356.86,23374.8,23350.86,23355.07,1552.66231,2023-02-05 12:00:00
1675599300000,23354.99,23363.52,23331.45,23359.94,2047.85031,2023-02-05 12:15:00
1675600200000,23359.3,23367.0,23316.0,23320.01,2201.13393,2023-02-05 12:30:00
1675601100000,23320.0,23336.68,23000.01,23170.56,9634.03017,2023-02-05 12:45:00
1675602000000,23170.56,23170.56,23070.02,23090.66,6274.80101,2023-02-05 13:00:00
1675602900000,23090.14,23158.78,23083.95,23150.16,3505.30562,2023-02-05 13:15:00
1675603800000,23150.11,23218.28,23124.58,23191.66,3862.45449,2023-02-05 13:30:00
1675604700000,23191.65,23209.71,23152.11,23167.62,2254.57654,2023-02-05 13:45:00
1675605600000,23166.96,23200.0,23146.58,23165.55,2297.85469,2023-02-05 14:00:00
1675606500000,23165.55,23193.99,23140.0,23190.03,2354.05887,2023-02-05 14:15:00
1675607400000,23191.04,23212.16,23167.38,23174.29,2510.01108,2023-02-05 14:30:00
1675608300000,23174.29,23187.13,23152.53,23163.45,2343.55759,2023-02-05 14:45:00
1675609200000,23163.45,23203.64,23155.21,23187.36,2130.26186,2023-02-05 15:00:00
1675610100000,23187.36,23201.28,23150.67,23155.47,1980.21317,2023-02-05 15:15:00
1675611000000,23156.37,23165.85,23072.53,23098.47,3889.54444,2023-02-05 15:30:00
1675611900000,23098.47,23120.74,23060.01,23096.16,2713.88595,2023-02-05 15:45:00
1675612800000,23096.92,23125.0,23034.97,23073.93,3890.5909,2023-02-05 16:00:00
1675613700000,23072.75,23148.95,22990.8,23140.16,4720.47939,2023-02-05 16:15:00
1675614600000,23140.16,23157.75,23082.42,23103.28,2265.03863,2023-02-05 16:30:00
1675615500000,23103.28,23126.33,23061.34,23075.54,1948.02657,2023-02-05 16:45:00
1675616400000,23075.53,23088.8,23011.16,23026.87,2826.03996,2023-02-05 17:00:00
1675617300000,23025.6,23108.3,22892.23,23055.22,6197.12505,2023-02-05 17:15:00
1675618200000,23054.52,23056.37,22889.0,22916.68,5874.18432,2023-02-05 17:30:00
1675619100000,22916.47,22932.56,22807.99,22851.48,7047.91389,2023-02-05 17:45:00
1675620000000,22851.48,22904.86,22815.0,22897.41,3185.43543,2023-02-05 18:00:00
1675620900000,22897.41,22950.9,22870.0,22885.73,2835.41343,2023-02-05 18:15:00
1675621800000,22886.48,22906.3,22836.58,22876.49,2196.86224,2023-02-05 18:30:00
1675622700000,22875.46,22912.56,22826.0,22843.92,2329.63763,2023-02-05 18:45:00
1675623600000,22843.92,22869.99,22805.0,22848.5,2818.23186,2023-02-05 19:00:00
1675624500000,22847.41,22885.0,22743.0,22868.71,3910.67141,2023-02-05 19:15:00
1675625400000,22870.35,22911.69,22846.49,22904.14,2809.19241,2023-02-05 19:30:00
1675626300000,22904.14,22916.33,22887.61,22891.8,1729.31107,2023-02-05 19:45:00
1675627200000,22892.65,22900.0,22869.32,22891.9,1630.55077,2023-02-05 20:00:00
1675628100000,22891.18,22942.03,22871.15,22929.71,1899.17625,2023-02-05 20:15:00
1675629000000,22929.71,22931.61,22852.92,22864.25,2015.63007,2023-02-05 20:30:00
1675629900000,22864.26,22889.28,22852.01,22886.3,1427.68628,2023-02-05 20:45:00
1675630800000,22886.9,22891.21,22795.01,22841.23,2750.45835,2023-02-05 21:00:00
1675631700000,22841.23,22886.99,22832.59,22886.6,1355.43674,2023-02-05 21:15:00
1675632600000,22886.6,22897.7,22852.88,22881.64,1500.33488,2023-02-05 21:30:00
1675633500000,22881.64,22897.86,22866.0,22896.41,1107.94628,2023-02-05 21:45:00
1675634400000,22896.41,22973.22,22887.13,22959.51,2166.46088,2023-02-05 22:00:00
1675635300000,22960.63,23018.08,22927.29,22970.0,2583.42357,2023-02-05 22:15:00
1675636200000,22970.0,23027.48,22962.54,23006.7,1613.19097,2023-02-05 22:30:00
1675637100000,23007.3,23030.0,22972.96,22979.51,1335.32029,2023-02-05 22:45:00
1675638000000,22979.51,23005.81,22928.75,22966.06,3117.98761,2023-02-05 23:00:00
1675638900000,22965.0,22981.26,22931.61,22933.9,1525.48839,2023-02-05 23:15:00
1675639800000,22933.9,22966.23,22900.91,22953.94,2027.98589,2023-02-05 23:30:00
1675640700000,22953.94,22965.22,22925.15,22932.91,1404.64046,2023-02-05 23:45:00
1675641600000,22932.91,23004.0,22918.61,23000.3,2229.05089,2023-02-06 00:00:00
1675642500000,23000.3,23062.0,22980.0,23052.94,2176.44245,2023-02-06 00:15:00
1675643400000,23052.94,23094.92,23025.24,23076.26,2454.16159,2023-02-06 00:30:00
1675644300000,23076.26,23089.17,23038.11,23054.44,1563.17141,2023-02-06 00:45:00
1675645200000,23055.04,23066.02,23017.33,23025.05,1851.55512,2023-02-06 01:00:00
1675646100000,23025.85,23044.79,23001.8,23006.15,1515.07336,2023-02-06 01:15:00
1675647000000,23006.15,23026.85,22964.16,23011.11,1895.68955,2023-02-06 01:30:00
1675647900000,23012.11,23024.5,22971.04,22978.08,1477.31329,2023-02-06 01:45:00
1675648800000,22977.72,23003.83,22975.37,22995.09,1271.25774,2023-02-06 02:00:00
1675649700000,22995.12,22998.94,22954.67,22961.11,1513.28943,2023-02-06 02:15:00
1675650600000,22960.67,22975.7,22941.26,22959.0,1496.7432,2023-02-06 02:30:00
1675651500000,22959.0,22959.41,22869.03,22877.82,2690.15659,2023-02-06 02:45:00
1675652400000,22878.52,22916.12,22823.0,22911.79,2761.80374,2023-02-06 03:00:00
1675653300000,22910.92,22923.25,22895.42,22914.3,1753.59543,2023-02-06 03:15:00
1675654200000,22914.81,22923.25,22882.52,22917.84,1517.13071,2023-02-06 03:30:00
1675655100000,22917.84,22924.85,22883.42,22895.48,1406.45085,2023-02-06 03:45:00
1675656000000,22895.48,22928.2,22888.35,22924.2,1372.85539,2023-02-06 04:00:00
1675656900000,22924.19,22926.35,22890.83,22910.36,1392.9407,2023-02-06 04:15:00
1675657800000,22910.36,22922.39,22898.37,22910.36,1321.62291,2023-02-06 04:30:00
1675658700000,22910.25,22910.47,22868.86,22873.12,1947.79825,2023-02-06 04:45:00
1675659600000,22873.11,22890.56,22869.15,22874.61,1540.95706,2023-02-06 05:00:00
1675660500000,22874.07,22879.14,22628.13,22707.96,6239.31978,2023-02-06 05:15:00
1675661400000,22706.66,22749.67,22636.05,22732.49,4922.71248,2023-02-06 05:30:00
1675662300000,22732.49,22777.6,22719.9,22774.76,2789.71957,2023-02-06 05:45:00
1675663200000,22773.91,22777.7,22731.89,22733.64,2199.87103,2023-02-06 06:00:00
1675664100000,22733.64,22786.97,22720.0,22786.91,2407.34441,2023-02-06 06:15:00
1675665000000,22786.91,22795.0,22745.01,22792.48,1714.02633,2023-02-06 06:30:00
1675665900000,22792.48,22803.6,22780.0,22783.44,2116.48052,2023-02-06 06:45:00
1675666800000,22783.44,22799.8,22753.03,22799.42,2138.99855,2023-02-06 07:00:00
1675667700000,22799.42,22840.64,22778.35,22826.57,2618.04238,2023-02-06 07:15:00
1675668600000,22826.57,22856.24,22817.55,22846.53,2166.0348,2023-02-06 07:30:00
1675669500000,22847.2,22887.99,22840.31,22879.69,2327.28677,2023-02-06 07:45:00
1675670400000,22880.91,22939.99,22875.5,22897.17,3576.3504,2023-02-06 08:00:00
1675671300000,22897.17,22899.92,22840.51,22843.31,2527.75573,2023-02-06 08:15:00
1675672200000,22842.61,22888.49,22833.65,22884.11,2108.7585,2023-02-06 08:30:00
1675673100000,22884.12,22887.09,22850.52,22862.99,2011.53238,2023-02-06 08:45:00
1675674000000,22862.53,22870.83,22848.13,22852.58,1849.78312,2023-02-06 09:00:00
1675674900000,22851.84,22858.79,22815.62,22824.57,2325.41136,2023-02-06 09:15:00
1675675800000,22824.57,22883.64,22822.0,22846.87,2362.03113,2023-02-06 09:30:00
1675676700000,22847.54,22852.98,22821.7,22837.98,1989.73283,2023-02-06 09:45:00
1675677600000,22837.49,22855.55,22819.23,22854.22,1870.96331,2023-02-06 10:00:00
1675678500000,22853.82,22870.0,22835.03,22849.54,1896.68239,2023-02-06 10:15:00
1675679400000,22848.88,22858.0,22804.33,22824.96,2781.70566,2023-02-06 10:30:00
1675680300000,22825.39,22844.68,22810.77,22842.41,1791.45787,2023-02-06 10:45:00
1675681200000,22842.86,22846.47,22770.69,22795.0,3206.49295,2023-02-06 11:00:00
1675682100000,22795.01,22807.74,22736.0,22752.91,2909.76658,2023-02-06 11:15:00
1675683000000,22754.09,22806.2,22735.46,22791.44,2521.99423,2023-02-06 11:30:00
1675683900000,22790.79,22895.0,22774.0,22878.23,4281.82609,2023-02-06 11:45:00
1675684800000,22878.23,22935.27,22856.56,22858.39,3963.91551,2023-02-06 12:00:00
1675685700000,22859.28,22869.87,22828.54,22868.21,2319.1833,2023-02-06 12:15:00
1675686600000,22868.21,22928.69,22852.15,22910.62,2653.89882,2023-02-06 12:30:00
1675687500000,22910.61,22929.0,22871.2,22885.94,2536.35885,2023-02-06 12:45:00
1675688400000,22885.44,22923.81,22877.52,22887.48,2211.73753,2023-02-06 13:00:00
1675689300000,22887.48,22909.17,22863.01,22866.66,2203.30932,2023-02-06 13:15:00
1675690200000,22866.66,22889.28,22848.0,22887.45,2362.90131,2023-02-06 13:30:00
1675691100000,22887.45,22889.65,22807.28,22828.79,3439.07623,2023-02-06 13:45:00
1675692000000,22828.79,22835.02,22802.0,22808.55,2590.58298,2023-02-06 14:00:00
1675692900000,22808.13,22853.9,22780.23,22822.42,3088.11391,2023-02-06 14:15:00
1675693800000,22822.01,22900.0,22783.81,22811.8,6386.90754,2023-02-06 14:30:00
1675694700000,22811.8,22870.17,22777.01,22842.47,5072.16982,2023-02-06 14:45:00
1675695600000,22842.47,22877.56,22819.77,22830.93,3796.02655,2023-02-06 15:00:00
1675696500000,22830.93,22832.92,22745.01,22775.96,4529.9076,2023-02-06 15:15:00
1675697400000,22775.8,22828.18,22753.77,22812.53,3307.47227,2023-02-06 15:30:00
1675698300000,22812.53,23054.66,22808.6,23041.39,8231.11869,2023-02-06 15:45:00
1675699200000,23042.86,23143.1,23011.0,23083.58,8626.90296,2023-02-06 16:00:00
1675700100000,23084.48,23158.25,23079.47,23080.27,5330.0131,2023-02-06 16:15:00
1675701000000,23081.6,23097.78,22921.25,22959.1,5871.15776,2023-02-06 16:30:00
1675701900000,22957.79,23030.0,22925.93,22999.62,4130.89592,2023-02-06 16:45:00
1675702800000,22998.82,23020.69,22974.0,22992.74,3411.80016,2023-02-06 17:00:00
1675703700000,22991.76,23014.51,22952.2,23003.91,2823.00899,2023-02-06 17:15:00
1675704600000,23002.78,23071.26,23001.08,23012.97,2847.98831,2023-02-06 17:30:00
1675705500000,23012.22,23067.79,23010.09,23035.78,2668.35645,2023-02-06 17:45:00
1675706400000,23035.78,23061.99,23010.0,23056.02,2661.15958,2023-02-06 18:00:00
1675707300000,23055.54,23076.66,22993.02,22998.65,2585.71686,2023-02-06 18:15:00
1675708200000,22997.94,23014.85,22953.89,22980.87,2898.66573,2023-02-06 18:30:00
1675709100000,22979.65,23021.8,22972.22,23018.13,2035.24772,2023-02-06 18:45:00
1675710000000,23018.7,23074.4,23012.86,23065.56,2296.0073,2023-02-06 19:00:00
1675710900000,23066.47,23124.98,23042.23,23064.86,3150.30816,2023-02-06 19:15:00
1675711800000,23065.3,23066.5,22980.59,23013.0,3106.19917,2023-02-06 19:30:00
1675712700000,23013.0,23036.05,22992.22,23031.03,2050.82081,2023-02-06 19:45:00
1675713600000,23030.29,23032.13,22972.4,22981.49,2112.20667,2023-02-06 20:00:00
1675714500000,22980.78,23030.0,22968.66,22984.64,2063.32256,2023-02-06 20:15:00
1675715400000,22984.12,23022.57,22963.12,23008.34,2147.97334,2023-02-06 20:30:00
1675716300000,23009.27,23019.86,22986.89,23005.84,1981.95261,2023-02-06 20:45:00
1675717200000,23004.61,23011.5,22963.76,22981.7,1575.73921,2023-02-06 21:00:00
1675718100000,22982.32,23006.1,22971.94,22978.75,1320.2515,2023-02-06 21:15:00
1675719000000,22978.75,22987.99,22963.79,22976.15,1058.15103,2023-02-06 21:30:00
1675719900000,22976.15,22978.12,22901.0,22915.05,2311.5669,2023-02-06 21:45:00
1675720800000,22915.05,22926.13,22840.0,22867.68,2707.04862,2023-02-06 22:00:00
1675721700000,22867.32,22904.31,22849.69,22885.37,1523.0932,2023-02-06 22:15:00
1675722600000,22885.37,22903.16,22872.2,22894.88,1092.38965,2023-02-06 22:30:00
1675723500000,22895.56,22923.64,22874.0,22879.37,1275.01945,2023-02-06 22:45:00
1675724400000,22879.93,22890.34,22671.28,22735.15,8061.30094,2023-02-06 23:00:00
1675725300000,22735.15,22739.79,22638.0,22720.7,6421.38911,2023-02-06 23:15:00
1675726200000,22722.22,22764.66,22673.6,22753.03,3383.33724,2023-02-06 23:30:00
1675727100000,22753.03,22784.0,22741.01,22762.52,2348.79485,2023-02-06 23:45:00
1675728000000,22762.52,22817.41,22745.78,22813.3,2724.78531,2023-02-07 00:00:00
1675728900000,22813.45,22826.03,22772.97,22817.59,2007.37243,2023-02-07 00:15:00
1675729800000,22818.4,22819.17,22756.58,22769.58,2095.9164,2023-02-07 00:30:00
1675730700000,22769.59,22822.49,22761.36,22795.13,1973.67789,2023-02-07 00:45:00
1675731600000,22795.72,22848.56,22791.0,22844.42,2392.86313,2023-02-07 01:00:00
1675732500000,22844.42,22864.28,22817.87,22855.13,1960.3263,2023-02-07 01:15:00
1675733400000,22855.86,22860.0,22824.84,22832.75,1798.71134,2023-02-07 01:30:00
1675734300000,22832.45,22864.0,22829.21,22849.16,1870.95088,2023-02-07 01:45:00
1675735200000,22849.16,22860.5,22809.04,22815.95,2066.32701,2023-02-07 02:00:00
1675736100000,22815.33,22839.0,22805.0,22825.61,1423.03563,2023-02-07 02:15:00
1675737000000,22825.35,22828.85,22808.51,22823.33,1489.09275,2023-02-07 02:30:00
1675737900000,22823.16,22889.61,22821.25,22883.71,2835.43792,2023-02-07 02:45:00
1675738800000,22883.71,22889.49,22856.37,22865.12,1755.09735,2023-02-07 03:00:00
1675739700000,22865.12,22883.75,22850.62,22874.4,2312.67031,2023-02-07 03:15:00
1675740600000,22874.4,22897.67,22860.83,22883.26,2990.35331,2023-02-07 03:30:00
1675741500000,22883.78,22894.81,22864.6,22877.99,1800.75078,2023-02-07 03:45:00
1675742400000,22877.99,22885.79,22866.43,22880.97,1653.19513,2023-02-07 04:00:00
1675743300000,22881.15,22900.0,22870.02,22891.29,2254.81921,2023-02-07 04:15:00
1675744200000,22891.1,22928.39,22861.45,22871.82,3717.07959,2023-02-07 04:30:00
1675745100000,22871.02,22886.18,22866.43,22870.35,1768.2331,2023-02-07 04:45:00
1675746000000,22870.94,22906.31,22864.37,22895.72,2204.86175,2023-02-07 05:00:00
1675746900000,22896.03,22949.05,22891.78,22925.17,2722.13859,2023-02-07 05:15:00
1675747800000,22925.17,22946.6,22907.96,22917.03,2203.95127,2023-02-07 05:30:00
1675748700000,22917.42,22949.74,22912.42,22936.72,2083.85263,2023-02-07 05:45:00
1675749600000,22935.92,22947.86,22920.32,22932.71,2022.61811,2023-02-07 06:00:00
1675750500000,22932.7,22986.71,22931.14,22972.25,3037.36671,2023-02-07 06:15:00
1675751400000,22972.47,22975.73,22927.63,22948.14,2193.74248,2023-02-07 06:30:00
1675752300000,22948.14,22949.6,22922.45,22927.38,1833.70038,2023-02-07 06:45:00
1675753200000,22926.9,22948.84,22912.03,22939.86,2037.1497,2023-02-07 07:00:00
1675754100000,22939.86,22960.83,22925.42,22932.2,2174.37465,2023-02-07 07:15:00
1675755000000,22932.2,22935.0,22888.11,22909.89,2632.22867,2023-02-07 07:30:00
1675755900000,22909.88,22921.75,22900.32,22910.91,1960.03796,2023-02-07 07:45:00
1675756800000,22910.91,22921.27,22870.57,22882.2,3905.59012,2023-02-07 08:00:00
1675757700000,22882.19,22904.71,22879.52,22897.38,2722.4125,2023-02-07 08:15:00
1675758600000,22897.38,22910.26,22886.72,22896.39,2264.13207,2023-02-07 08:30:00
1675759500000,22896.39,22903.59,22862.85,22872.67,2625.89281,2023-02-07 08:45:00
1675760400000,22872.95,22966.33,22871.12,22959.78,4245.44656,2023-02-07 09:00:00
1675761300000,22960.52,22965.53,22912.12,22924.96,3130.69038,2023-02-07 09:15:00
1675762200000,22924.53,22971.78,22919.61,22960.8,2777.98263,2023-02-07 09:30:00
1675763100000,22960.8,23044.86,22953.32,23011.79,4257.9181,2023-02-07 09:45:00
1675764000000,23010.93,23032.89,22971.84,23024.32,3224.5808,2023-02-07 10:00:00
1675764900000,23024.32,23064.56,23019.28,23041.42,3336.82773,2023-02-07 10:15:00
1675765800000,23041.42,23046.89,23003.66,23006.14,1956.95959,2023-02-07 10:30:00
1675766700000,23006.77,23007.04,22980.27,22983.51,1837.23157,2023-02-07 10:45:00
1675767600000,22984.04,23022.82,22976.1,22978.9,2350.57197,2023-02-07 11:00:00
1675768500000,22978.11,23004.64,22971.41,23002.14,1833.17112,2023-02-07 11:15:00
1675769400000,23002.18,23005.1,22965.01,22986.69,2239.85102,2023-02-07 11:30:00
1675770300000,22986.11,22995.02,22975.48,22977.24,1570.73346,2023-02-07 11:45:00
1675771200000,22977.24,23009.03,22963.63,22975.71,2556.49618,2023-02-07 12:00:00
1675772100000,22975.71,23017.0,22974.09,22996.2,2009.16264,2023-02-07 12:15:00
1675773000000,22996.2,23019.99,22977.3,23010.47,2041.35275,2023-02-07 12:30:00
1675773900000,23009.82,23035.74,22992.34,23023.67,2530.34906,2023-02-07 12:45:00
1675774800000,23023.67,23042.0,22996.89,23006.93,2130.72905,2023-02-07 13:00:00
1675775700000,23006.94,23020.23,22970.0,22974.92,2464.88294,2023-02-07 13:15:00
1675776600000,22974.92,23013.63,22938.13,22998.42,3772.13074,2023-02-07 13:30:00
1675777500000,22998.42,23007.19,22966.97,22982.54,2300.51918,2023-02-07 13:45:00
1675778400000,22982.65,22990.2,22961.69,22983.16,2551.30657,2023-02-07 14:00:00
1675779300000,22983.16,23016.0,22969.0,22972.69,2387.17263,2023-02-07 14:15:00
1675780200000,22972.69,23017.4,22932.0,23007.07,6881.96321,2023-02-07 14:30:00
1675781100000,23007.07,23018.46,22962.12,22976.86,4469.05451,2023-02-07 14:45:00
1675782000000,22976.85,22983.0,22926.66,22948.83,4489.00618,2023-02-07 15:00:00
1675782900000,22949.73,22971.97,22888.88,22904.64,4363.82639,2023-02-07 15:15:00
1675783800000,22904.64,22950.0,22876.35,22946.91,3728.22814,2023-02-07 15:30:00
1675784700000,22946.91,22955.6,22885.21,22904.89,3756.17097,2023-02-07 15:45:00
1675785600000,22904.89,22944.67,22894.96,22925.33,2723.81897,2023-02-07 16:00:00
1675786500000,22926.02,22945.0,22870.23,22936.96,3597.79681,2023-02-07 16:15:00
1675787400000,22937.79,23026.96,22933.82,22965.58,4156.55463,2023-02-07 16:30:00
1675788300000,22964.6,23015.62,22956.03,22977.98,3262.54897,2023-02-07 16:45:00
1675789200000,22977.98,22993.69,22963.1,22972.28,2458.44315,2023-02-07 17:00:00
1675790100000,22972.28,22972.93,22890.01,22900.5,3147.81686,2023-02-07 17:15:00
1675791000000,22900.51,23051.79,22892.0,23002.81,5234.15693,2023-02-07 17:30:00
1675791900000,23005.15,23337.0,23001.8,23282.92,14958.68332,2023-02-07 17:45:00
1675792800000,23282.92,23350.25,23126.77,23154.63,10685.6417,2023-02-07 18:00:00
1675793700000,23155.96,23168.03,22793.0,22793.63,13280.97705,2023-02-07 18:15:00
1675794600000,22793.63,22955.41,22769.05,22895.96,6053.6162,2023-02-07 18:30:00
1675795500000,22894.79,22937.48,22840.03,22932.28,5223.53481,2023-02-07 18:45:00
1675796400000,22931.98,23120.55,22921.88,23055.34,8319.43359,2023-02-07 19:00:00
1675797300000,23055.33,23106.07,23026.37,23059.81,5314.40105,2023-02-07 19:15:00
1675798200000,23059.12,23138.86,23046.1,23077.15,4841.7671,2023-02-07 19:30:00
1675799100000,23077.15,23113.2,23045.15,23091.9,3856.3022,2023-02-07 19:45:00
1675800000000,23092.87,23149.0,23029.11,23067.19,4806.99029,2023-02-07 20:00:00
1675800900000,23067.2,23197.72,23067.02,23192.02,4003.72332,2023-02-07 20:15:00
1675801800000,23193.02,23234.74,23147.03,23192.31,4858.79471,2023-02-07 20:30:00
1675802700000,23190.42,23250.0,23186.08,23194.36,4286.01032,2023-02-07 20:45:00
1675803600000,23194.36,23269.53,23191.72,23227.57,2990.70275,2023-02-07 21:00:00
1675804500000,23227.57,23258.7,23194.68,23237.42,2274.70712,2023-02-07 21:15:00
1675805400000,23238.67,23255.08,23176.8,23193.55,2630.28567,2023-02-07 21:30:00
1675806300000,23192.69,23221.4,23185.01,23196.25,1846.42722,2023-02-07 21:45:00
1675807200000,23196.25,23218.04,23141.56,23188.97,2323.95442,2023-02-07 22:00:00
1675808100000,23188.48,23203.74,23156.4,23175.49,1380.55852,2023-02-07 22:15:00
1675809000000,23174.83,23279.95,23168.24,23241.9,1803.19665,2023-02-07 22:30:00
1675809900000,23241.9,23309.29,23212.53,23228.69,2683.56828,2023-02-07 22:45:00
1675810800000,23228.15,23274.72,23228.09,23245.44,2517.79961,2023-02-07 23:00:00
1675811700000,23244.05,23288.41,23236.12,23275.2,1997.68157,2023-02-07 23:15:00
1675812600000,23274.81,23296.2,23238.82,23268.21,2010.12071,2023-02-07 23:30:00
1675813500000,23269.17,23280.0,23239.5,23240.46,1767.64808,2023-02-07 23:45:00
1675814400000,23242.42,23269.89,23228.83,23243.45,2434.98016,2023-02-08 00:00:00
1675815300000,23244.39,23273.87,23235.07,23256.72,2241.57486,2023-02-08 00:15:00
1675816200000,23256.72,23330.55,23232.0,23280.28,3958.14697,2023-02-08 00:30:00
1675817100000,23280.28,23361.64,23271.54,23326.4,3774.17775,2023-02-08 00:45:00
1675818000000,23326.4,23452.0,23302.21,23376.16,4398.00841,2023-02-08 01:00:00
1675818900000,23377.75,23428.02,23301.4,23313.16,3726.54894,2023-02-08 01:15:00
1675819800000,23313.16,23344.5,23289.42,23300.59,2808.61011,2023-02-08 01:30:00
1675820700000,23300.12,23308.82,23279.16,23287.66,1940.16228,2023-02-08 01:45:00
1675821600000,23287.66,23309.18,23266.0,23272.69,2294.50988,2023-02-08 02:00:00
1675822500000,23271.73,23299.75,23258.04,23287.95,1956.88437,2023-02-08 02:15:00
1675823400000,23287.95,23297.69,23268.16,23284.14,1655.50275,2023-02-08 02:30:00
1675824300000,23283.72,23285.48,23237.54,23244.6,1979.80219,2023-02-08 02:45:00
1675825200000,23244.6,23256.24,23235.06,23240.51,1851.52258,2023-02-08 03:00:00
1675826100000,23240.51,23273.1,23225.19,23263.18,2026.26372,2023-02-08 03:15:00
1675827000000,23263.17,23268.76,23252.76,23257.77,1479.79311,2023-02-08 03:30:00
1675827900000,23258.4,23279.25,23254.83,23255.34,1779.28781,2023-02-08 03:45:00
1675828800000,23255.34,23287.3,23254.63,23258.25,1711.1454,2023-02-08 04:00:00
1675829700000,23259.09,23278.39,23257.12,23271.73,1283.32069,2023-02-08 04:15:00
1675830600000,23272.08,23274.55,23240.01,23241.52,1492.37273,2023-02-08 04:30:00
1675831500000,23241.52,23259.81,23239.62,23246.71,1772.90972,2023-02-08 04:45:00
1675832400000,23246.71,23258.0,23237.1,23242.15,1771.43958,2023-02-08 05:00:00
1675833300000,23242.77,23246.91,23210.15,23219.94,2127.42635,2023-02-08 05:15:00
1675834200000,23219.94,23231.09,23183.17,23199.06,2914.75326,2023-02-08 05:30:00
1675835100000,23199.78,23237.51,23198.16,23224.39,1960.02347,2023-02-08 05:45:00
1675836000000,23223.74,23235.92,23188.01,23231.33,2566.69229,2023-02-08 06:00:00
1675836900000,23231.69,23236.9,23185.89,23205.48,2020.88194,2023-02-08 06:15:00
1675837800000,23204.87,23228.0,23200.01,23202.18,1903.44957,2023-02-08 06:30:00
1675838700000,23202.18,23210.56,23190.83,23198.27,1798.51772,2023-02-08 06:45:00
1675839600000,23198.83,23220.03,23184.05,23215.43,2254.94674,2023-02-08 07:00:00
1675840500000,23215.32,23239.33,23203.83,23228.93,2008.15235,2023-02-08 07:15:00
1675841400000,23228.93,23234.55,23200.11,23219.73,1883.85961,2023-02-08 07:30:00
1675842300000,23219.74,23236.99,23212.47,23232.68,1933.49177,2023-02-08 07:45:00
1675843200000,23233.23,23239.44,23187.66,23195.67,2725.71544,2023-02-08 08:00:00
1675844100000,23195.67,23219.76,23187.24,23187.58,2469.50773,2023-02-08 08:15:00
1675845000000,23187.58,23215.0,23163.0,23207.95,3113.15836,2023-02-08 08:30:00
1675845900000,23207.95,23212.88,23192.96,23205.96,1896.84803,2023-02-08 08:45:00
1675846800000,23206.4,23224.9,23184.12,23216.83,1982.6879,2023-02-08 09:00:00
1675847700000,23216.33,23224.06,23200.0,23205.28,1883.89236,2023-02-08 09:15:00
1675848600000,23204.44,23214.92,23185.0,23186.22,2051.84616,2023-02-08 09:30:00
1675849500000,23186.99,23203.34,23175.81,23202.9,2024.89619,2023-02-08 09:45:00
1675850400000,23202.9,23205.78,23146.73,23166.08,2502.64178,2023-02-08 10:00:00
1675851300000,23165.68,23184.65,23157.28,23176.61,1806.16211,2023-02-08 10:15:00
1675852200000,23176.62,23182.5,23132.21,23152.63,2787.708,2023-02-08 10:30:00
1675853100000,23153.12,23173.0,23150.0,23159.81,1623.79843,2023-02-08 10:45:00
1675854000000,23160.16,23169.71,23136.1,23165.86,2083.88705,2023-02-08 11:00:00
1675854900000,23165.86,23174.98,23153.85,23173.86,1628.38811,2023-02-08 11:15:00
1675855800000,23173.86,23184.63,23148.6,23152.09,1861.5821,2023-02-08 11:30:00
1675856700000,23151.36,23178.91,23142.51,23159.07,1991.08721,2023-02-08 11:45:00
1675857600000,23159.07,23197.97,23157.6,23192.53,2167.99487,2023-02-08 12:00:00
1675858500000,23191.72,23199.58,23167.41,23171.86,2042.31947,2023-02-08 12:15:00
1675859400000,23171.86,23191.73,23171.2,23176.6,1804.58406,2023-02-08 12:30:00
1675860300000,23176.15,23180.39,23085.89,23123.44,3974.11565,2023-02-08 12:45:00
1675861200000,23122.88,23141.8,23082.47,23116.56,4006.11567,2023-02-08 13:00:00
1675862100000,23117.43,23119.72,23060.01,23065.6,3760.8914,2023-02-08 13:15:00
1675863000000,23064.93,23131.16,23043.72,23128.69,3851.42511,2023-02-08 13:30:00
1675863900000,23128.69,23133.13,23099.08,23114.88,2615.22007,2023-02-08 13:45:00
1675864800000,23114.87,23114.87,23061.0,23075.95,2825.4952,2023-02-08 14:00:00
1675865700000,23075.95,23101.83,23039.29,23063.98,3003.8938,2023-02-08 14:15:00
1675866600000,23063.44,23132.36,23005.0,23114.16,6242.51475,2023-02-08 14:30:00
1675867500000,23112.93,23129.14,22990.14,23051.91,7013.12513,2023-02-08 14:45:00
1675868400000,23050.6,23051.91,22937.59,22942.82,6808.20864,2023-02-08 15:00:00
1675869300000,22942.82,23000.0,22922.0,22953.75,4484.44833,2023-02-08 15:15:00
1675870200000,22953.75,22955.0,22870.0,22903.25,5762.14582,2023-02-08 15:30:00
1675871100000,22902.07,22920.0,22857.0,22872.28,4804.92651,2023-02-08 15:45:00
1675872000000,22871.28,22889.99,22800.0,22808.7,6347.80525,2023-02-08 16:00:00
1675872900000,22808.7,22833.15,22665.85,22803.19,10091.32492,2023-02-08 16:15:00
1675873800000,22803.19,22892.71,22728.51,22863.92,6683.33138,2023-02-08 16:30:00
1675874700000,22865.04,22971.52,22837.91,22966.3,6190.89943,2023-02-08 16:45:00
1675875600000,22965.01,22970.21,22908.25,22930.24,4866.90027,2023-02-08 17:00:00
1675876500000,22930.24,23027.0,22912.24,23004.0,4435.90286,2023-02-08 17:15:00
1675877400000,23003.87,23012.74,22911.46,22946.5,4293.18173,2023-02-08 17:30:00
1675878300000,22945.33,23013.64,22937.32,23004.04,3587.54465,2023-02-08 17:45:00
1675879200000,23005.12,23042.95,22982.34,22992.41,3883.05783,2023-02-08 18:00:00
1675880100000,22992.41,23002.28,22936.03,22945.83,2797.73388,2023-02-08 18:15:00
1675881000000,22945.09,22949.99,22888.88,22913.83,3701.3719,2023-02-08 18:30:00
1675881900000,22913.83,22914.4,22832.53,22893.03,4098.38876,2023-02-08 18:45:00
1675882800000,22893.96,22924.62,22866.65,22892.16,3388.20336,2023-02-08 19:00:00
1675883700000,22893.46,22928.78,22856.74,22858.11,2730.52087,2023-02-08 19:15:00
1675884600000,22857.41,22886.14,22821.75,22856.63,3323.90243,2023-02-08 19:30:00
1675885500000,22856.63,22886.67,22829.75,22874.89,2587.6061,2023-02-08 19:45:00
1675886400000,22873.9,22882.59,22778.93,22806.56,4064.85478,2023-02-08 20:00:00
1675887300000,22806.56,22883.28,22803.0,22878.23,3189.67009,2023-02-08 20:15:00
1675888200000,22878.23,22909.83,22858.77,22885.13,2819.43283,2023-02-08 20:30:00
1675889100000,22884.16,22912.6,22824.7,22829.87,3917.7866,2023-02-08 20:45:00
1675890000000,22829.87,22897.0,22818.37,22891.67,2263.40001,2023-02-08 21:00:00
1675890900000,22891.01,22920.0,22887.85,22918.43,1534.18827,2023-02-08 21:15:00
1675891800000,22918.0,22969.39,22914.83,22965.27,1997.60381,2023-02-08 21:30:00
1675892700000,22964.22,22980.3,22925.81,22955.37,1581.28213,2023-02-08 21:45:00
1675893600000,22956.11,22967.92,22943.92,22952.52,1128.52128,2023-02-08 22:00:00
1675894500000,22952.92,22970.89,22942.86,22955.8,1183.81127,2023-02-08 22:15:00
1675895400000,22955.8,22974.04,22946.94,22959.09,1069.98757,2023-02-08 22:30:00
1675896300000,22958.53,22975.57,22915.72,22928.75,1547.72919,2023-02-08 22:45:00
1675897200000,22929.28,22953.16,22878.7,22888.13,3302.50227,2023-02-08 23:00:00
1675898100000,22888.64,22935.78,22873.6,22914.03,2405.22193,2023-02-08 23:15:00
1675899000000,22914.03,22957.74,22912.11,22950.51,1942.54294,2023-02-08 23:30:00
1675899900000,22949.9,22970.61,22926.47,22963.0,1789.70606,2023-02-08 23:45:00
1675900800000,22961.85,23011.39,22947.4,22953.98,3037.56164,2023-02-09 00:00:00
1675901700000,22953.29,22998.95,22926.35,22988.08,1722.24691,2023-02-09 00:15:00
1675902600000,22988.08,22989.61,22936.01,22941.12,1999.48939,2023-02-09 00:30:00
1675903500000,22941.82,22992.26,22936.38,22980.64,2375.60846,2023-02-09 00:45:00
1675904400000,22980.12,22993.9,22933.6,22959.66,2574.55491,2023-02-09 01:00:00
1675905300000,22960.52,22986.94,22941.57,22952.04,2244.46139,2023-02-09 01:15:00
1675906200000,22951.41,22984.57,22951.21,22968.71,1973.48319,2023-02-09 01:30:00
1675907100000,22968.16,22973.12,22942.07,22948.13,1663.49986,2023-02-09 01:45:00
1675908000000,22948.13,22956.92,22891.26,22893.06,2730.34161,2023-02-09 02:00:00
1675908900000,22893.05,22937.37,22890.0,22924.33,2245.25736,2023-02-09 02:15:00
1675909800000,22923.73,22944.97,22868.37,22885.14,2288.03193,2023-02-09 02:30:00
1675910700000,22885.14,22907.55,22801.15,22806.76,4604.78326,2023-02-09 02:45:00
1675911600000,22806.76,22816.77,22424.48,22572.22,16785.28324,2023-02-09 03:00:00
1675912500000,22574.22,22640.12,22486.63,22523.4,7598.25153,2023-02-09 03:15:00
1675913400000,22522.11,22563.82,22451.11,22549.16,6945.99548,2023-02-09 03:30:00
1675914300000,22549.16,22568.0,22491.89,22518.44,4365.31811,2023-02-09 03:45:00
1675915200000,22519.56,22545.98,22353.71,22529.05,7744.29258,2023-02-09 04:00:00
1675916100000,22527.61,22599.99,22520.04,22538.75,4720.59495,2023-02-09 04:15:00
1675917000000,22540.25,22611.56,22530.75,22600.13,3136.94638,2023-02-09 04:30:00
1675917900000,22600.17,22602.04,22546.9,22568.57,2339.51679,2023-02-09 04:45:00
1675918800000,22569.04,22596.01,22548.85,22564.6,2477.01959,2023-02-09 05:00:00
1675919700000,22565.06,22585.99,22533.84,22574.59,2679.80368,2023-02-09 05:15:00
1675920600000,22574.59,22611.0,22540.54,22603.76,3873.5958,2023-02-09 05:30:00
1675921500000,22603.76,22641.16,22571.01,22603.08,4239.6099,2023-02-09 05:45:00
1675922400000,22602.5,22626.21,22573.9,22592.77,3108.19487,2023-02-09 06:00:00
1675923300000,22592.78,22618.51,22584.45,22594.31,1897.00273,2023-02-09 06:15:00
1675924200000,22594.31,22612.46,22577.05,22610.74,2128.75726,2023-02-09 06:30:00
1675925100000,22610.74,22733.54,22607.44,22719.25,5747.95391,2023-02-09 06:45:00
1675926000000,22719.22,22737.48,22657.15,22661.28,3793.75153,2023-02-09 07:00:00
1675926900000,22661.28,22684.25,22648.94,22650.98,2483.18844,2023-02-09 07:15:00
1675927800000,22650.99,22697.55,22645.05,22682.3,2397.6461,2023-02-09 07:30:00
1675928700000,22681.76,22700.0,22660.32,22676.41,2307.72618,2023-02-09 07:45:00
1675929600000,22676.41,22705.0,22665.13,22683.34,2915.74554,2023-02-09 08:00:00
1675930500000,22683.93,22770.0,22681.19,22743.41,3869.59054,2023-02-09 08:15:00
1675931400000,22742.26,22751.27,22695.47,22702.72,3092.66116,2023-02-09 08:30:00
1675932300000,22702.03,22735.23,22700.36,22720.65,2241.40571,2023-02-09 08:45:00
1675933200000,22720.65,22738.37,22713.79,22730.77,2301.93307,2023-02-09 09:00:00
1675934100000,22730.77,22746.55,22682.74,22687.3,2639.04311,2023-02-09 09:15:00
1675935000000,22687.3,22712.22,22680.0,22697.0,2158.6559,2023-02-09 09:30:00
1675935900000,22697.62,22745.33,22696.5,22738.69,2707.39394,2023-02-09 09:45:00
1675936800000,22738.69,22741.2,22716.05,22722.98,2072.85211,2023-02-09 10:00:00
1675937700000,22722.98,22733.93,22707.84,22708.6,2200.95945,2023-02-09 10:15:00
1675938600000,22708.3,22716.97,22685.0,22688.13,2229.4751,2023-02-09 10:30:00
1675939500000,22687.19,22715.79,22670.6,22698.53,2514.05609,2023-02-09 10:45:00
1675940400000,22698.9,22706.2,22663.32,22672.45,2554.75685,2023-02-09 11:00:00
1675941300000,22672.96,22704.17,22671.22,22692.53,2183.92093,2023-02-09 11:15:00
1675942200000,22693.22,22717.81,22684.0,22712.55,2590.76162,2023-02-09 11:30:00
1675943100000,22712.04,22739.69,22666.81,22685.79,3423.11337,2023-02-09 11:45:00
1675944000000,22685.79,22700.78,22667.55,22676.99,2951.07346,2023-02-09 12:00:00
1675944900000,22676.99,22691.0,22650.0,22652.65,2813.84216,2023-02-09 12:15:00
1675945800000,22651.98,22690.98,22564.4,22677.63,6269.91678,2023-02-09 12:30:00
1675946700000,22678.69,22782.0,22677.63,22705.5,7395.956,2023-02-09 12:45:00
1675947600000,22706.09,22745.62,22691.58,22717.08,3147.44916,2023-02-09 13:00:00
1675948500000,22716.45,22736.61,22683.74,22691.86,2990.92557,2023-02-09 13:15:00
1675949400000,22691.86,22769.31,22690.81,22693.63,4572.24974,2023-02-09 13:30:00
1675950300000,22695.32,22756.83,22691.0,22747.58,2846.17737,2023-02-09 13:45:00
1675951200000,22747.58,22761.62,22730.38,22738.68,3361.46519,2023-02-09 14:00:00
1675952100000,22738.68,22777.0,22736.16,22760.1,3205.47186,2023-02-09 14:15:00
1675953000000,22759.98,22831.41,22687.49,22693.55,8767.89932,2023-02-09 14:30:00
1675953900000,22694.81,22765.0,22673.46,22694.29,5889.8068,2023-02-09 14:45:00
1675954800000,22693.22,22712.56,22671.08,22680.11,4038.62931,2023-02-09 15:00:00
1675955700000,22681.08,22709.28,22586.0,22623.17,5855.45888,2023-02-09 15:15:00
1675956600000,22622.84,22645.97,22556.32,22581.81,6317.16042,2023-02-09 15:30:00
1675957500000,22581.81,22654.73,22575.71,22610.94,3925.9284,2023-02-09 15:45:00
1675958400000,22610.94,22623.41,22540.0,22607.02,4840.44708,2023-02-09 16:00:00
1675959300000,22605.81,22610.13,22500.0,22553.65,5499.82131,2023-02-09 16:15:00
1675960200000,22553.65,22558.88,22460.0,22541.06,6043.55929,2023-02-09 16:30:00
1675961100000,22541.06,22561.45,22452.0,22511.8,5128.17163,2023-02-09 16:45:00
1675962000000,22510.24,22589.5,22488.34,22575.47,4404.4028,2023-02-09 17:00:00
1675962900000,22575.47,22599.85,22546.82,22571.3,3272.28243,2023-02-09 17:15:00
1675963800000,22572.16,22582.02,22450.0,22516.43,5455.27606,2023-02-09 17:30:00
1675964700000,22516.43,22539.2,22465.96,22537.33,4320.76858,2023-02-09 17:45:00
1675965600000,22536.33,22562.65,22489.78,22560.95,4707.16011,2023-02-09 18:00:00
1675966500000,22560.95,22600.0,22536.67,22539.93,3634.74435,2023-02-09 18:15:00
1675967400000,22538.5,22584.61,22502.99,22504.51,3552.0355,2023-02-09 18:30:00
1675968300000,22504.51,22520.85,22464.28,22514.75,3969.35002,2023-02-09 18:45:00
1675969200000,22514.75,22530.0,22396.5,22434.13,5667.69971,2023-02-09 19:00:00
1675970100000,22434.13,22467.96,22100.08,22180.29,13360.75666,2023-02-09 19:15:00
1675971000000,22180.28,22180.49,21881.0,22020.2,12236.01064,2023-02-09 19:30:00
1675971900000,22020.2,22047.15,21893.21,22032.71,6958.74043,2023-02-09 19:45:00
1675972800000,22030.99,22032.71,21890.01,21898.02,6829.89918,2023-02-09 20:00:00
1675973700000,21896.26,21970.42,21836.0,21922.54,7021.90038,2023-02-09 20:15:00
1675974600000,21922.54,22065.0,21875.23,22042.57,6002.8999,2023-02-09 20:30:00
1675975500000,22042.59,22084.46,21983.12,21994.21,5985.92339,2023-02-09 20:45:00
1675976400000,21994.21,22006.91,21891.61,21922.08,4442.52877,2023-02-09 21:00:00
1675977300000,21923.36,21968.65,21861.54,21862.74,3938.98748,2023-02-09 21:15:00
1675978200000,21862.74,21923.45,21695.0,21814.57,10490.57591,2023-02-09 21:30:00
1675979100000,21815.04,21863.76,21745.05,21856.3,5250.80527,2023-02-09 21:45:00
1675980000000,21856.3,21904.0,21800.52,21890.23,2732.95494,2023-02-09 22:00:00
1675980900000,21890.23,21955.14,21850.32,21886.79,2343.9183,2023-02-09 22:15:00
1675981800000,21886.79,21918.63,21827.8,21832.3,1743.82419,2023-02-09 22:30:00
1675982700000,21832.3,21862.75,21688.0,21767.53,4371.25663,2023-02-09 22:45:00
1675983600000,21767.53,21851.5,21743.0,21838.88,4234.87337,2023-02-09 23:00:00
1675984500000,21838.88,21854.73,21812.84,21831.41,2833.36549,2023-02-09 23:15:00
1675985400000,21832.91,21855.74,21790.74,21820.01,2712.15823,2023-02-09 23:30:00
1675986300000,21821.39,21835.43,21777.65,21796.35,2632.0936,2023-02-09 23:45:00
1675987200000,21797.83,21864.11,21756.0,21856.25,4367.86577,2023-02-10 00:00:00
1675988100000,21856.26,21863.94,21817.42,21838.78,3356.59547,2023-02-10 00:15:00
1675989000000,21839.81,21880.18,21802.88,21852.38,3573.42288,2023-02-10 00:30:00
1675989900000,21852.38,21855.58,21792.39,21824.09,2570.21181,2023-02-10 00:45:00
1675990800000,21824.09,21872.39,21795.07,21863.83,2980.29638,2023-02-10 01:00:00
1675991700000,21864.68,21866.62,21812.8,21818.74,2691.50745,2023-02-10 01:15:00
1675992600000,21818.74,21869.77,21810.0,21854.29,2787.80431,2023-02-10 01:30:00
1675993500000,21854.95,21897.24,21850.74,21894.16,2587.99233,2023-02-10 01:45:00
1675994400000,21894.63,21908.04,21876.04,21902.35,2528.40091,2023-02-10 02:00:00
1675995300000,21901.65,21907.85,21854.01,21865.59,2497.17029,2023-02-10 02:15:00
1675996200000,21866.89,21904.41,21863.0,21904.36,1935.96882,2023-02-10 02:30:00
1675997100000,21904.15,21938.16,21896.24,21917.77,2643.44728,2023-02-10 02:45:00
1675998000000,21918.73,21929.27,21872.22,21884.34,2850.60052,2023-02-10 03:00:00
1675998900000,21883.84,21893.25,21862.49,21865.86,2216.72802,2023-02-10 03:15:00
1675999800000,21866.22,21885.56,21842.02,21851.4,2335.40169,2023-02-10 03:30:00
1676000700000,21851.4,21853.01,21818.18,21825.59,2179.87391,2023-02-10 03:45:00
1676001600000,21825.59,21833.28,21704.0,21772.52,5502.68449,2023-02-10 04:00:00
1676002500000,21771.62,21824.5,21756.36,21816.53,3024.3358,2023-02-10 04:15:00
1676003400000,21815.58,21818.86,21771.42,21798.76,2513.83059,2023-02-10 04:30:00
1676004300000,21798.76,21824.05,21763.5,21786.08,2716.54375,2023-02-10 04:45:00
1676005200000,21786.07,21822.01,21747.94,21813.11,3187.85969,2023-02-10 05:00:00
1676006100000,21813.11,21822.84,21755.0,21761.76,3134.38299,2023-02-10 05:15:00
1676007000000,21762.53,21843.73,21622.4,21832.58,7949.18295,2023-02-10 05:30:00
1676007900000,21831.52,21839.18,21787.76,21796.78,3424.48181,2023-02-10 05:45:00
1676008800000,21796.78,21849.99,21777.02,21837.36,3435.9282,2023-02-10 06:00:00
1676009700000,21837.72,21852.42,21824.2,21848.24,2198.68943,2023-02-10 06:15:00
1676010600000,21848.66,21880.0,21836.45,21853.52,3058.38632,2023-02-10 06:30:00
1676011500000,21854.44,21878.3,21842.48,21874.73,2569.34422,2023-02-10 06:45:00
1676012400000,21874.73,21885.25,21837.51,21848.08,3497.4216,2023-02-10 07:00:00
1676013300000,21847.46,21894.0,21829.01,21835.21,3572.10985,2023-02-10 07:15:00
1676014200000,21835.96,21888.17,21829.87,21883.98,2966.44071,2023-02-10 07:30:00
1676015100000,21884.38,21926.2,21863.96,21911.71,4297.89126,2023-02-10 07:45:00
1676016000000,21910.61,21926.91,21882.11,21897.26,3924.40115,2023-02-10 08:00:00
1676016900000,21897.26,21909.85,21878.68,21881.18,2937.52032,2023-02-10 08:15:00
1676017800000,21881.19,21901.13,21861.45,21878.38,3192.60749,2023-02-10 08:30:00
1676018700000,21878.04,21905.01,21874.14,21889.38,2963.66679,2023-02-10 08:45:00
1676019600000,21888.75,21905.29,21868.35,21874.33,2958.83677,2023-02-10 09:00:00
1676020500000,21874.33,21895.7,21852.89,21888.01,2773.17611,2023-02-10 09:15:00
1676021400000,21888.87,21890.19,21861.63,21866.1,2433.88061,2023-02-10 09:30:00
1676022300000,21866.55,21878.0,21811.71,21820.23,3815.58055,2023-02-10 09:45:00
1676023200000,21820.22,21833.2,21800.0,21819.58,3283.41824,2023-02-10 10:00:00
1676024100000,21818.82,21837.94,21803.45,21806.88,2600.17731,2023-02-10 10:15:00
1676025000000,21807.17,21841.0,21796.98,21827.97,3061.65703,2023-02-10 10:30:00
1676025900000,21827.97,21855.47,21827.05,21849.38,2080.56116,2023-02-10 10:45:00
1676026800000,21850.24,21851.9,21777.91,21833.89,3551.31649,2023-02-10 11:00:00
1676027700000,21833.88,21847.6,21780.09,21792.9,4282.13717,2023-02-10 11:15:00
1676028600000,21792.12,21799.2,21750.0,21780.97,4622.4459,2023-02-10 11:30:00
1676029500000,21781.9,21796.24,21713.96,21733.52,4993.82503,2023-02-10 11:45:00
1676030400000,21732.63,21781.06,21682.44,21766.63,5156.34834,2023-02-10 12:00:00
1676031300000,21767.63,21791.5,21731.6,21758.02,3259.60297,2023-02-10 12:15:00
1676032200000,21758.73,21783.63,21709.68,21776.67,3547.67474,2023-02-10 12:30:00
1676033100000,21777.26,21781.13,21707.33,21718.48,3238.75364,2023-02-10 12:45:00
1676034000000,21719.29,21789.75,21711.76,21776.98,3345.52434,2023-02-10 13:00:00
1676034900000,21777.47,21830.0,21776.98,21795.39,4229.19833,2023-02-10 13:15:00
1676035800000,21794.73,21820.79,21756.45,21814.52,3485.1647,2023-02-10 13:30:00
1676036700000,21814.09,21818.61,21757.02,21767.87,3101.66506,2023-02-10 13:45:00
1676037600000,21767.88,21806.43,21754.82,21802.69,2654.97276,2023-02-10 14:00:00
1676038500000,21802.52,21838.84,21795.89,21806.42,3896.21829,2023-02-10 14:15:00
1676039400000,21806.02,21890.0,21802.0,21817.57,7601.49642,2023-02-10 14:30:00
1676040300000,21817.57,21879.94,21805.08,21841.55,5901.91574,2023-02-10 14:45:00
1676041200000,21841.31,21894.85,21780.0,21874.28,7731.95771,2023-02-10 15:00:00
1676042100000,21873.58,21901.24,21826.86,21840.41,5133.17511,2023-02-10 15:15:00
1676043000000,21840.4,21853.84,21711.15,21722.26,5717.84146,2023-02-10 15:30:00
1676043900000,21723.87,21723.87,21520.0,21654.09,11687.87765,2023-02-10 15:45:00
1676044800000,21652.75,21744.18,21633.32,21689.33,6602.45693,2023-02-10 16:00:00
1676045700000,21689.33,21709.6,21598.4,21630.59,4400.31562,2023-02-10 16:15:00
1676046600000,21630.6,21665.99,21594.19,21608.37,4473.85027,2023-02-10 16:30:00
1676047500000,21607.01,21649.42,21573.47,21607.11,5182.98249,2023-02-10 16:45:00
1676048400000,21607.09,21646.0,21600.0,21606.34,3370.29411,2023-02-10 17:00:00
1676049300000,21607.88,21618.34,21558.13,21573.99,4803.40587,2023-02-10 17:15:00
1676050200000,21575.61,21640.91,21569.12,21617.73,3798.24891,2023-02-10 17:30:00
1676051100000,21616.78,21699.52,21613.21,21692.07,3667.49326,2023-02-10 17:45:00
1676052000000,21693.04,21708.35,21671.67,21693.29,2862.76746,2023-02-10 18:00:00
1676052900000,21693.29,21738.56,21692.12,21710.89,3097.01345,2023-02-10 18:15:00
1676053800000,21711.79,21730.01,21681.36,21689.37,2359.82793,2023-02-10 18:30:00
1676054700000,21689.39,21722.99,21680.68,21703.9,2104.65132,2023-02-10 18:45:00
1676055600000,21703.91,21719.84,21663.25,21672.74,2493.2931,2023-02-10 19:00:00
1676056500000,21673.47,21703.89,21664.65,21697.7,2358.42801,2023-02-10 19:15:00
1676057400000,21698.43,21799.0,21689.32,21751.03,5154.842,2023-02-10 19:30:00
1676058300000,21750.05,21794.15,21737.63,21771.09,3102.1028,2023-02-10 19:45:00
1676059200000,21772.26,21790.92,21750.12,21753.65,2367.23907,2023-02-10 20:00:00
1676060100000,21753.65,21758.48,21733.56,21740.35,1986.14115,2023-02-10 20:15:00
1676061000000,21740.38,21768.43,21733.23,21734.9,2197.7685,2023-02-10 20:30:00
1676061900000,21734.9,21748.91,21714.29,21724.4,2884.24199,2023-02-10 20:45:00
1676062800000,21725.39,21729.04,21627.0,21674.56,3312.97498,2023-02-10 21:00:00
1676063700000,21674.56,21676.59,21604.2,21635.9,2816.7465,2023-02-10 21:15:00
1676064600000,21635.89,21653.61,21451.0,21519.23,6765.35115,2023-02-10 21:30:00
1676065500000,21517.33,21614.64,21495.63,21536.31,4415.3175,2023-02-10 21:45:00
1676066400000,21535.07,21609.99,21522.09,21608.06,2694.86957,2023-02-10 22:00:00
1676067300000,21609.18,21639.84,21546.0,21548.25,2288.33457,2023-02-10 22:15:00
1676068200000,21549.55,21607.64,21519.23,21605.66,1737.21003,2023-02-10 22:30:00
1676069100000,21606.98,21622.08,21560.55,21571.19,1783.00751,2023-02-10 22:45:00
1676070000000,21570.6,21604.54,21551.42,21595.46,2289.14386,2023-02-10 23:00:00
1676070900000,21595.46,21613.64,21564.44,21590.88,1996.48178,2023-02-10 23:15:00
1676071800000,21590.88,21636.09,21572.29,21628.68,2180.4284,2023-02-10 23:30:00
1676072700000,21628.67,21663.07,21619.45,21625.19,2727.3155,2023-02-10 23:45:00
1676073600000,21625.19,21640.0,21599.78,21604.15,2734.85941,2023-02-11 00:00:00
1676074500000,21605.23,21650.24,21601.08,21636.49,2136.51361,2023-02-11 00:15:00
1676075400000,21635.93,21673.93,21623.36,21628.94,2405.58589,2023-02-11 00:30:00
1676076300000,21628.17,21691.63,21618.0,21657.62,2743.46644,2023-02-11 00:45:00
1676077200000,21658.6,21673.72,21649.44,21656.33,1825.32195,2023-02-11 01:00:00
1676078100000,21656.33,21700.77,21647.89,21665.95,2725.80615,2023-02-11 01:15:00
1676079000000,21665.95,21670.68,21652.09,21658.77,1544.22612,2023-02-11 01:30:00
1676079900000,21659.57,21661.02,21611.53,21635.49,2442.24913,2023-02-11 01:45:00
1676080800000,21635.92,21647.0,21623.54,21631.06,1408.54602,2023-02-11 02:00:00
1676081700000,21631.06,21680.0,21619.84,21667.29,2616.70415,2023-02-11 02:15:00
1676082600000,21667.29,21667.79,21639.56,21651.14,1407.32732,2023-02-11 02:30:00
1676083500000,21651.14,21666.19,21638.57,21652.2,1524.63307,2023-02-11 02:45:00
1676084400000,21652.2,21725.95,21646.82,21701.84,2601.46455,2023-02-11 03:00:00
1676085300000,21702.82,21720.66,21683.63,21686.06,2401.69589,2023-02-11 03:15:00
1676086200000,21686.06,21696.44,21676.48,21690.94,1615.78803,2023-02-11 03:30:00
1676087100000,21690.29,21692.5,21673.89,21678.56,1263.25867,2023-02-11 03:45:00
1676088000000,21678.56,21688.77,21665.41,21678.57,1704.78337,2023-02-11 04:00:00
1676088900000,21678.57,21693.86,21665.12,21669.2,1777.60973,2023-02-11 04:15:00
1676089800000,21669.2,21691.33,21665.99,21682.46,1293.45424,2023-02-11 04:30:00
1676090700000,21682.93,21693.54,21676.55,21686.79,1363.97506,2023-02-11 04:45:00
1676091600000,21686.79,21689.8,21679.86,21681.16,1230.61315,2023-02-11 05:00:00
1676092500000,21681.17,21710.76,21679.48,21695.16,1799.8121,2023-02-11 05:15:00
1676093400000,21694.51,21700.14,21687.83,21697.69,1284.46056,2023-02-11 05:30:00
1676094300000,21697.69,21698.96,21668.81,21675.26,1578.43038,2023-02-11 05:45:00
1676095200000,21675.26,21682.12,21655.15,21667.75,1877.75331,2023-02-11 06:00:00
1676096100000,21667.75,21675.31,21659.74,21671.55,1540.71686,2023-02-11 06:15:00
1676097000000,21671.55,21680.46,21662.04,21669.77,1568.21818,2023-02-11 06:30:00
1676097900000,21670.29,21673.0,21657.92,21669.73,1272.18268,2023-02-11 06:45:00
1676098800000,21669.73,21680.18,21666.24,21669.33,1512.38561,2023-02-11 07:00:00
1676099700000,21669.01,21675.0,21648.11,21669.89,2163.66374,2023-02-11 07:15:00
1676100600000,21669.89,21676.88,21640.03,21675.46,1809.25444,2023-02-11 07:30:00
1676101500000,21675.46,21715.38,21671.43,21692.63,2345.83061,2023-02-11 07:45:00
1676102400000,21692.63,21701.62,21684.67,21699.7,1807.42295,2023-02-11 08:00:00
1676103300000,21700.13,21702.0,21681.0,21682.73,1821.78044,2023-02-11 08:15:00
1676104200000,21682.22,21704.87,21678.49,21702.25,2492.74313,2023-02-11 08:30:00
1676105100000,21703.05,21705.0,21682.45,21687.29,1680.14335,2023-02-11 08:45:00
1676106000000,21686.95,21694.04,21679.63,21689.44,1353.42678,2023-02-11 09:00:00
1676106900000,21689.51,21696.42,21675.0,21682.79,1608.39624,2023-02-11 09:15:00
1676107800000,21682.39,21694.33,21674.92,21693.08,1350.11413,2023-02-11 09:30:00
1676108700000,21693.08,21702.59,21686.82,21698.37,1548.17735,2023-02-11 09:45:00
1676109600000,21698.37,21702.42,21682.44,21692.27,1622.4333,2023-02-11 10:00:00
1676110500000,21692.66,21693.06,21666.01,21673.63,1918.22632,2023-02-11 10:15:00
1676111400000,21673.63,21686.52,21658.01,21667.19,2074.82641,2023-02-11 10:30:00
1676112300000,21666.8,21676.51,21658.62,21670.32,1623.6711,2023-02-11 10:45:00
1676113200000,21670.5,21680.38,21664.62,21675.47,1503.52073,2023-02-11 11:00:00
1676114100000,21675.83,21683.0,21669.34,21676.93,1304.57984,2023-02-11 11:15:00
1676115000000,21676.93,21687.99,21676.15,21683.3,1371.17006,2023-02-11 11:30:00
1676115900000,21683.3,21702.78,21680.18,21697.44,1600.44226,2023-02-11 11:45:00
1676116800000,21697.44,21747.94,21691.67,21733.09,2640.05056,2023-02-11 12:00:00
1676117700000,21732.51,21777.54,21710.64,21717.87,3904.7981,2023-02-11 12:15:00
1676118600000,21717.87,21729.34,21689.41,21699.2,2368.56704,2023-02-11 12:30:00
1676119500000,21699.2,21725.79,21662.11,21713.77,2678.79747,2023-02-11 12:45:00
1676120400000,21713.77,21722.34,21698.18,21707.44,1808.55835,2023-02-11 13:00:00
1676121300000,21707.85,21750.0,21695.32,21736.25,2300.28712,2023-02-11 13:15:00
1676122200000,21736.81,21751.23,21727.64,21750.01,1797.80878,2023-02-11 13:30:00
1676123100000,21750.68,21768.0,21736.53,21747.49,2172.00927,2023-02-11 13:45:00
1676124000000,21747.5,21753.91,21734.84,21742.49,1741.24579,2023-02-11 14:00:00
1676124900000,21743.09,21748.44,21728.78,21731.19,1789.54499,2023-02-11 14:15:00
1676125800000,21731.19,21733.01,21714.1,21723.5,1828.21652,2023-02-11 14:30:00
1676126700000,21723.08,21756.98,21721.34,21751.04,2295.44162,2023-02-11 14:45:00
1676127600000,21751.04,21758.63,21735.35,21737.62,1769.30557,2023-02-11 15:00:00
1676128500000,21736.97,21745.68,21726.31,21732.8,1382.1534,2023-02-11 15:15:00
1676129400000,21732.8,21748.33,21721.78,21725.12,1371.17794,2023-02-11 15:30:00
1676130300000,21724.71,21738.06,21718.21,21735.78,1482.48247,2023-02-11 15:45:00
1676131200000,21735.78,21737.89,21721.63,21723.84,1548.38874,2023-02-11 16:00:00
1676132100000,21723.21,21729.7,21701.02,21725.01,1822.99841,2023-02-11 16:15:00
1676133000000,21724.47,21725.91,21685.61,21695.54,1653.29067,2023-02-11 16:30:00
1676133900000,21695.54,21700.0,21679.19,21693.14,1743.31091,2023-02-11 16:45:00
1676134800000,21693.48,21697.56,21682.71,21685.51,1147.00582,2023-02-11 17:00:00
1676135700000,21685.51,21697.34,21683.72,21691.49,1352.80214,2023-02-11 17:15:00
1676136600000,21691.21,21693.45,21663.26,21679.04,1652.53591,2023-02-11 17:30:00
1676137500000,21678.72,21700.0,21676.05,21698.86,1451.07858,2023-02-11 17:45:00
1676138400000,21698.86,21729.0,21697.7,21725.02,1735.51637,2023-02-11 18:00:00
1676139300000,21725.03,21731.49,21674.32,21680.3,2036.78537,2023-02-11 18:15:00
1676140200000,21680.3,21683.85,21620.0,21642.75,3079.25123,2023-02-11 18:30:00
1676141100000,21642.73,21661.51,21618.23,21654.03,1832.9405,2023-02-11 18:45:00
1676142000000,21654.43,21673.68,21650.0,21650.44,1643.13125,2023-02-11 19:00:00
1676142900000,21650.02,21667.0,21645.63,21663.17,1342.9372,2023-02-11 19:15:00
1676143800000,21663.16,21670.18,21650.06,21659.55,1158.73884,2023-02-11 19:30:00
1676144700000,21659.55,21667.98,21652.76,21662.63,1293.85033,2023-02-11 19:45:00
1676145600000,21662.36,21666.99,21645.21,21655.57,1549.91836,2023-02-11 20:00:00
1676146500000,21655.57,21717.14,21648.69,21705.33,2067.26276,2023-02-11 20:15:00
1676147400000,21705.33,21709.01,21674.03,21677.96,1391.97998,2023-02-11 20:30:00
1676148300000,21677.97,21688.14,21664.0,21671.38,1126.47456,2023-02-11 20:45:00
1676149200000,21671.83,21681.99,21661.59,21676.11,1467.0055,2023-02-11 21:00:00
1676150100000,21676.11,21693.23,21673.87,21692.51,1033.54904,2023-02-11 21:15:00
1676151000000,21692.15,21725.42,21681.42,21722.1,1359.7196,2023-02-11 21:30:00
1676151900000,21723.15,21850.0,21719.58,21823.56,5051.15714,2023-02-11 21:45:00
1676152800000,21823.56,21828.3,21786.25,21793.79,2105.57885,2023-02-11 22:00:00
1676153700000,21792.85,21822.39,21778.84,21809.82,1784.77566,2023-02-11 22:15:00
1676154600000,21809.19,21878.99,21804.68,21870.36,2349.38777,2023-02-11 22:30:00
1676155500000,21869.59,21870.99,21816.01,21824.52,1648.22092,2023-02-11 22:45:00
1676156400000,21824.52,21841.66,21809.25,21832.44,2187.4002,2023-02-11 23:00:00
1676157300000,21831.23,21892.24,21824.0,21872.0,2267.21637,2023-02-11 23:15:00
1676158200000,21872.0,21906.32,21858.37,21861.26,2148.75286,2023-02-11 23:30:00
1676159100000,21861.26,21879.0,21853.0,21862.55,1456.51269,2023-02-11 23:45:00
1676160000000,21862.02,21890.16,21840.78,21851.61,2484.76877,2023-02-12 00:00:00
1676160900000,21850.81,21859.0,21839.46,21847.12,1413.84665,2023-02-12 00:15:00
1676161800000,21847.12,21849.54,21814.88,21821.38,1696.19958,2023-02-12 00:30:00
1676162700000,21821.38,21830.83,21803.0,21816.37,1524.11195,2023-02-12 00:45:00
1676163600000,21816.37,21844.81,21804.8,21814.75,1774.19713,2023-02-12 01:00:00
1676164500000,21814.4,21815.0,21785.17,21808.99,1757.952,2023-02-12 01:15:00
1676165400000,21808.84,21825.86,21792.3,21804.69,1441.90669,2023-02-12 01:30:00
1676166300000,21804.69,21812.9,21792.16,21808.28,1374.93476,2023-02-12 01:45:00
1676167200000,21808.28,21809.01,21766.0,21781.77,2058.14552,2023-02-12 02:00:00
1676168100000,21782.33,21797.26,21773.77,21796.35,1204.16939,2023-02-12 02:15:00
1676169000000,21796.35,21815.58,21780.0,21793.05,1714.33907,2023-02-12 02:30:00
1676169900000,21793.7,21821.31,21789.84,21816.22,1483.85114,2023-02-12 02:45:00
1676170800000,21815.61,21821.87,21807.01,21813.94,1086.66914,2023-02-12 03:00:00
1676171700000,21814.23,21818.98,21785.39,21791.11,1479.98424,2023-02-12 03:15:00
1676172600000,21791.49,21811.06,21781.92,21800.8,1678.33671,2023-02-12 03:30:00
1676173500000,21801.51,21812.5,21778.32,21781.38,1577.51907,2023-02-12 03:45:00
1676174400000,21781.38,21790.79,21776.59,21781.42,1606.84746,2023-02-12 04:00:00
1676175300000,21780.66,21784.6,21768.87,21784.38,1635.3882,2023-02-12 04:15:00
1676176200000,21783.44,21785.62,21761.04,21778.97,1762.83199,2023-02-12 04:30:00
1676177100000,21778.39,21783.86,21762.52,21782.97,1706.87892,2023-02-12 04:45:00
1676178000000,21782.97,21791.32,21775.46,21790.21,1450.72918,2023-02-12 05:00:00
1676178900000,21790.78,21796.42,21772.19,21794.24,1431.11121,2023-02-12 05:15:00
1676179800000,21794.42,21799.99,21786.52,21794.38,1248.15454,2023-02-12 05:30:00
1676180700000,21794.61,21803.2,21787.45,21799.98,1483.42741,2023-02-12 05:45:00
1676181600000,21799.5,21811.24,21798.32,21800.43,1778.84684,2023-02-12 06:00:00
1676182500000,21800.7,21805.81,21793.27,21798.29,1557.58193,2023-02-12 06:15:00
1676183400000,21798.29,21817.15,21792.25,21810.24,1523.32583,2023-02-12 06:30:00
1676184300000,21810.24,21814.11,21794.0,21809.62,1556.22252,2023-02-12 06:45:00
1676185200000,21809.77,21813.16,21803.13,21806.76,1628.21993,2023-02-12 07:00:00
1676186100000,21806.76,21811.2,21802.9,21806.98,1452.14668,2023-02-12 07:15:00
1676187000000,21806.98,21807.9,21796.0,21801.27,1479.12747,2023-02-12 07:30:00
1676187900000,21801.52,21805.9,21795.79,21798.42,1427.34411,2023-02-12 07:45:00
1676188800000,21798.42,21810.01,21798.01,21807.83,1564.91817,2023-02-12 08:00:00
1676189700000,21807.83,21811.49,21805.25,21807.95,1280.05669,2023-02-12 08:15:00
1676190600000,21807.95,21849.99,21805.31,21843.99,2125.66001,2023-02-12 08:30:00
1676191500000,21843.99,21852.97,21800.85,21804.89,2217.09081,2023-02-12 08:45:00
1676192400000,21804.89,21838.68,21801.14,21832.44,2252.16212,2023-02-12 09:00:00
1676193300000,21832.44,21873.0,21824.25,21865.87,3034.89176,2023-02-12 09:15:00
1676194200000,21865.19,21868.19,21835.3,21852.51,1784.18089,2023-02-12 09:30:00
1676195100000,21852.51,21960.0,21850.35,21907.0,3951.38954,2023-02-12 09:45:00
1676196000000,21907.0,21922.06,21850.0,21856.69,2823.11961,2023-02-12 10:00:00
1676196900000,21855.9,21872.19,21842.74,21863.26,1985.9682,2023-02-12 10:15:00
1676197800000,21862.47,21899.55,21859.19,21880.0,2085.46848,2023-02-12 10:30:00
1676198700000,21879.4,21896.54,21873.0,21880.47,1357.06565,2023-02-12 10:45:00
1676199600000,21880.03,21890.93,21859.35,21867.89,1908.65275,2023-02-12 11:00:00
1676200500000,21867.89,21879.01,21862.08,21867.43,1282.9134,2023-02-12 11:15:00
1676201400000,21867.43,21886.11,21864.56,21879.92,1485.06547,2023-02-12 11:30:00
1676202300000,21879.36,21893.8,21872.09,21888.31,1446.61069,2023-02-12 11:45:00
1676203200000,21888.31,21895.56,21881.5,21885.0,1737.57218,2023-02-12 12:00:00
1676204100000,21885.0,21893.05,21877.61,21890.71,1468.3822,2023-02-12 12:15:00
1676205000000,21890.3,21897.12,21834.67,21843.92,2795.33084,2023-02-12 12:30:00
1676205900000,21845.14,21867.76,21811.26,21821.6,3316.87852,2023-02-12 12:45:00
1676206800000,21820.7,21836.88,21802.89,21830.22,2197.5355,2023-02-12 13:00:00
1676207700000,21830.22,21833.84,21783.0,21800.18,2546.43725,2023-02-12 13:15:00
1676208600000,21800.18,21807.99,21756.04,21793.17,2567.69714,2023-02-12 13:30:00
1676209500000,21793.17,21819.99,21790.0,21817.51,1987.63643,2023-02-12 13:45:00
1676210400000,21817.81,21822.15,21810.27,21814.3,1334.48303,2023-02-12 14:00:00
1676211300000,21814.9,21845.4,21812.0,21835.13,1809.86487,2023-02-12 14:15:00
1676212200000,21835.94,21995.6,21834.4,21946.33,6446.98807,2023-02-12 14:30:00
1676213100000,21946.34,21954.36,21900.0,21923.78,2862.36861,2023-02-12 14:45:00
1676214000000,21923.78,21944.53,21882.69,21927.8,2862.89592,2023-02-12 15:00:00
1676214900000,21928.66,21976.38,21889.95,21893.7,3798.15111,2023-02-12 15:15:00
1676215800000,21893.7,21931.86,21892.23,21903.4,1531.50098,2023-02-12 15:30:00
1676216700000,21903.4,21959.12,21902.38,21945.3,2373.95755,2023-02-12 15:45:00
1676217600000,21944.14,21977.83,21933.5,21946.09,2799.07637,2023-02-12 16:00:00
1676218500000,21946.09,22002.0,21914.07,21943.73,3420.47971,2023-02-12 16:15:00
1676219400000,21944.37,22090.0,21933.66,22044.48,6764.72082,2023-02-12 16:30:00
1676220300000,22043.66,22063.0,21986.47,22004.65,3083.32362,2023-02-12 16:45:00
1676221200000,22004.65,22054.45,22000.01,22025.45,2549.08309,2023-02-12 17:00:00
1676222100000,22025.45,22034.0,21994.22,22028.11,2109.83598,2023-02-12 17:15:00
1676223000000,22028.11,22050.66,22006.04,22021.88,1679.54605,2023-02-12 17:30:00
1676223900000,22021.88,22021.93,21966.19,21988.25,2664.10694,2023-02-12 17:45:00
1676224800000,21988.25,21993.67,21940.73,21971.08,2962.71627,2023-02-12 18:00:00
1676225700000,21971.85,21990.05,21955.16,21961.07,1341.14157,2023-02-12 18:15:00
1676226600000,21961.78,21986.28,21948.05,21971.95,1303.88283,2023-02-12 18:30:00
1676227500000,21972.44,21979.65,21957.2,21971.86,1022.89214,2023-02-12 18:45:00
1676228400000,21972.02,21980.39,21958.88,21960.27,1296.68649,2023-02-12 19:00:00
1676229300000,21960.27,21968.24,21920.0,21964.1,1776.3103,2023-02-12 19:15:00
1676230200000,21964.75,21993.38,21960.12,21987.81,1401.4753,2023-02-12 19:30:00
1676231100000,21987.81,22031.09,21986.0,21997.18,1991.9909,2023-02-12 19:45:00
1676232000000,21997.18,22028.78,21996.17,22001.11,1829.32918,2023-02-12 20:00:00
1676232900000,22001.64,22014.44,21988.7,21996.42,1365.78065,2023-02-12 20:15:00
1676233800000,21996.42,21999.32,21960.03,21991.77,1413.65725,2023-02-12 20:30:00
1676234700000,21991.77,21991.78,21947.4,21968.06,1286.2994,2023-02-12 20:45:00
1676235600000,21968.4,21978.52,21930.31,21941.81,1629.24708,2023-02-12 21:00:00
1676236500000,21941.81,21950.78,21883.87,21900.26,2161.34824,2023-02-12 21:15:00
1676237400000,21899.7,21915.0,21773.0,21797.05,4765.26327,2023-02-12 21:30:00
1676238300000,21798.22,21834.29,21703.29,21738.38,4551.51315,2023-02-12 21:45:00
1676239200000,21738.38,21757.93,21630.0,21710.5,5943.04475,2023-02-12 22:00:00
1676240100000,21710.5,21798.03,21680.13,21791.05,2999.29819,2023-02-12 22:15:00
1676241000000,21790.19,21829.88,21766.34,21814.31,2468.2775,2023-02-12 22:30:00
1676241900000,21814.31,21822.37,21785.31,21794.52,1376.67336,2023-02-12 22:45:00
1676242800000,21794.52,21835.1,21742.3,21777.8,3417.31475,2023-02-12 23:00:00
1676243700000,21776.83,21794.42,21731.88,21750.77,2301.44164,2023-02-12 23:15:00
1676244600000,21751.56,21798.48,21725.0,21786.87,2264.1206,2023-02-12 23:30:00
1676245500000,21786.06,21799.69,21743.35,21783.54,1793.76377,2023-02-12 23:45:00
1676246400000,21782.37,21809.25,21746.83,21758.84,2360.67305,2023-02-13 00:00:00
1676247300000,21760.14,21771.99,21728.71,21740.84,2555.53167,2023-02-13 00:15:00
1676248200000,21740.59,21770.88,21689.66,21748.81,2966.22212,2023-02-13 00:30:00
1676249100000,21748.81,21876.43,21742.39,21811.28,4679.72127,2023-02-13 00:45:00
1676250000000,21810.45,21834.11,21701.0,21758.66,3981.7305,2023-02-13 01:00:00
1676250900000,21757.68,21769.99,21704.89,21711.36,2653.62508,2023-02-13 01:15:00
1676251800000,21710.33,21766.54,21653.0,21763.98,3971.25123,2023-02-13 01:30:00
1676252700000,21763.98,21775.55,21694.69,21708.4,2850.27262,2023-02-13 01:45:00
1676253600000,21709.1,21739.75,21690.9,21715.74,2486.97193,2023-02-13 02:00:00
1676254500000,21716.88,21737.74,21661.53,21673.41,2923.90099,2023-02-13 02:15:00
1676255400000,21671.86,21747.8,21622.47,21731.37,4066.28771,2023-02-13 02:30:00
1676256300000,21731.7,21765.17,21726.84,21758.01,2143.44456,2023-02-13 02:45:00
1676257200000,21758.39,21769.99,21748.22,21756.82,1447.64089,2023-02-13 03:00:00
1676258100000,21756.13,21820.0,21746.83,21784.08,2890.52332,2023-02-13 03:15:00
1676259000000,21784.08,21811.23,21775.48,21808.01,1680.40064,2023-02-13 03:30:00
1676259900000,21808.01,21812.58,21794.11,21808.6,1350.30522,2023-02-13 03:45:00
1676260800000,21808.6,21832.17,21795.98,21817.83,1813.33105,2023-02-13 04:00:00
1676261700000,21816.9,21865.57,21795.23,21834.98,2979.89285,2023-02-13 04:15:00
1676262600000,21835.92,21849.04,21808.47,21842.0,1650.90812,2023-02-13 04:30:00
1676263500000,21842.47,21850.0,21800.35,21838.38,1812.86914,2023-02-13 04:45:00
1676264400000,21838.38,21856.95,21830.32,21843.46,1347.10565,2023-02-13 05:00:00
1676265300000,21843.97,21855.0,21820.25,21847.69,1680.74552,2023-02-13 05:15:00
1676266200000,21846.94,21860.53,21840.13,21857.2,1093.67089,2023-02-13 05:30:00
1676267100000,21857.2,21869.51,21822.94,21832.95,1584.02371,2023-02-13 05:45:00
1676268000000,21832.95,21846.94,21821.42,21842.35,1384.76097,2023-02-13 06:00:00
1676268900000,21842.35,21852.7,21834.72,21843.39,1371.37542,2023-02-13 06:15:00
1676269800000,21843.82,21847.0,21822.48,21826.12,1309.53839,2023-02-13 06:30:00
1676270700000,21826.12,21833.6,21802.55,21823.04,1598.01444,2023-02-13 06:45:00
1676271600000,21823.82,21831.88,21792.86,21829.51,1858.81695,2023-02-13 07:00:00
1676272500000,21830.64,21894.99,21825.0,21869.28,3425.54892,2023-02-13 07:15:00
1676273400000,21869.99,21876.57,21839.48,21840.79,2022.45434,2023-02-13 07:30:00
1676274300000,21841.31,21883.1,21828.02,21867.69,2994.71517,2023-02-13 07:45:00
1676275200000,21867.74,21874.97,21798.05,21828.4,4032.13406,2023-02-13 08:00:00
1676276100000,21828.41,21836.94,21763.0,21778.08,4075.7286,2023-02-13 08:15:00
1676277000000,21778.08,21808.14,21701.95,21707.32,4467.69648,2023-02-13 08:30:00
1676277900000,21708.15,21762.19,21705.57,21720.67,3442.10955,2023-02-13 08:45:00
1676278800000,21722.0,21756.98,21634.3,21657.29,5892.36881,2023-02-13 09:00:00
1676279700000,21657.3,21661.73,21480.0,21532.39,11201.13983,2023-02-13 09:15:00
1676280600000,21532.39,21604.89,21512.51,21596.03,5537.87514,2023-02-13 09:30:00
1676281500000,21597.15,21649.72,21580.82,21584.74,4047.61209,2023-02-13 09:45:00
1676282400000,21584.74,21650.0,21563.42,21580.05,4083.20787,2023-02-13 10:00:00
1676283300000,21580.05,21596.98,21433.0,21510.86,6223.28651,2023-02-13 10:15:00
1676284200000,21510.86,21563.74,21504.62,21559.11,3977.36809,2023-02-13 10:30:00
1676285100000,21559.11,21596.7,21552.15,21594.16,3171.59288,2023-02-13 10:45:00
1676286000000,21594.16,21617.57,21570.72,21589.16,3236.37004,2023-02-13 11:00:00
1676286900000,21587.97,21637.99,21568.17,21631.66,2872.80996,2023-02-13 11:15:00
1676287800000,21631.66,21635.78,21589.5,21631.92,2335.40446,2023-02-13 11:30:00
1676288700000,21631.77,21633.52,21581.14,21603.11,2433.33699,2023-02-13 11:45:00
1676289600000,21602.8,21655.0,21585.96,21650.49,2767.03985,2023-02-13 12:00:00
1676290500000,21650.49,21698.99,21641.64,21692.86,3750.71248,2023-02-13 12:15:00
1676291400000,21692.29,21701.34,21652.6,21656.51,2758.42103,2023-02-13 12:30:00
1676292300000,21656.51,21689.98,21649.17,21657.47,2189.42552,2023-02-13 12:45:00
1676293200000,21658.15,21669.85,21623.3,21627.83,2380.13308,2023-02-13 13:00:00
1676294100000,21628.84,21651.99,21614.34,21620.93,2519.82505,2023-02-13 13:15:00
1676295000000,21620.93,21643.33,21595.06,21621.26,2666.11109,2023-02-13 13:30:00
1676295900000,21622.01,21636.88,21568.0,21572.88,3094.21126,2023-02-13 13:45:00
1676296800000,21572.88,21613.9,21567.88,21604.36,2440.90674,2023-02-13 14:00:00
1676297700000,21604.36,21613.75,21560.0,21565.02,2704.39447,2023-02-13 14:15:00
1676298600000,21565.94,21677.0,21558.45,21649.06,6251.60516,2023-02-13 14:30:00
1676299500000,21647.42,21687.95,21624.48,21669.64,5013.23557,2023-02-13 14:45:00
1676300400000,21669.65,21680.53,21602.63,21615.14,3386.04422,2023-02-13 15:00:00
1676301300000,21614.24,21650.0,21597.05,21643.38,3101.72136,2023-02-13 15:15:00
1676302200000,21643.38,21672.53,21600.86,21622.03,2835.10939,2023-02-13 15:30:00
1676303100000,21621.09,21631.56,21556.0,21563.02,3809.83682,2023-02-13 15:45:00
1676304000000,21561.84,21645.59,21548.11,21630.06,4117.19365,2023-02-13 16:00:00
1676304900000,21630.06,21635.96,21505.5,21530.24,3514.07379,2023-02-13 16:15:00
1676305800000,21529.27,21550.32,21433.0,21519.13,5794.84555,2023-02-13 16:30:00
1676306700000,21520.0,21585.0,21485.1,21503.76,3809.46494,2023-02-13 16:45:00
1676307600000,21504.46,21546.61,21487.29,21491.49,3456.7779,2023-02-13 17:00:00
1676308500000,21492.6,21534.66,21451.63,21478.6,4094.60971,2023-02-13 17:15:00
1676309400000,21477.8,21519.56,21421.31,21452.18,4590.43083,2023-02-13 17:30:00
1676310300000,21453.57,21512.1,21351.07,21458.38,6286.97703,2023-02-13 17:45:00
1676311200000,21460.44,21564.1,21442.71,21551.44,5095.14441,2023-02-13 18:00:00
1676312100000,21551.96,21589.86,21533.57,21585.18,3224.43712,2023-02-13 18:15:00
1676313000000,21585.18,21650.0,21576.61,21599.13,4254.05095,2023-02-13 18:30:00
1676313900000,21599.92,21678.0,21596.68,21634.6,3571.61002,2023-02-13 18:45:00
1676314800000,21634.63,21663.78,21608.0,21615.43,2815.54739,2023-02-13 19:00:00
1676315700000,21614.5,21648.03,21612.17,21615.25,2018.07398,2023-02-13 19:15:00
1676316600000,21614.49,21622.09,21534.07,21557.22,3323.58901,2023-02-13 19:30:00
1676317500000,21557.59,21613.8,21542.31,21607.81,2836.6868,2023-02-13 19:45:00
1676318400000,21607.81,21636.0,21559.95,21623.15,2979.78225,2023-02-13 20:00:00
1676319300000,21622.01,21644.5,21604.31,21643.43,2162.55481,2023-02-13 20:15:00
1676320200000,21643.43,21672.99,21634.23,21651.95,2380.98677,2023-02-13 20:30:00
1676321100000,21651.95,21664.12,21625.72,21662.68,2600.09691,2023-02-13 20:45:00
1676322000000,21663.57,21678.34,21617.14,21622.32,1820.5209,2023-02-13 21:00:00
1676322900000,21622.32,21626.96,21592.56,21619.58,1352.31377,2023-02-13 21:15:00
1676323800000,21619.58,21627.5,21593.17,21594.9,1396.3228,2023-02-13 21:30:00
1676324700000,21594.9,21625.29,21583.4,21614.52,1372.59717,2023-02-13 21:45:00
1676325600000,21614.52,21628.0,21605.26,21615.28,929.43054,2023-02-13 22:00:00
1676326500000,21614.67,21624.1,21602.44,21613.68,996.42315,2023-02-13 22:15:00
1676327400000,21613.68,21654.99,21611.7,21646.51,1247.72443,2023-02-13 22:30:00
1676328300000,21646.47,21679.36,21635.61,21640.37,1380.97519,2023-02-13 22:45:00
1676329200000,21641.27,21741.66,21633.08,21703.07,3101.92066,2023-02-13 23:00:00
1676330100000,21702.1,21808.16,21694.91,21806.21,4905.68525,2023-02-13 23:15:00
1676331000000,21807.1,21845.79,21775.92,21804.24,4019.65933,2023-02-13 23:30:00
1676331900000,21805.24,21821.81,21766.83,21773.97,2645.21212,2023-02-13 23:45:00
1676332800000,21774.63,21795.0,21738.19,21765.36,3054.58487,2023-02-14 00:00:00
1676333700000,21764.6,21816.62,21737.49,21756.14,2969.48173,2023-02-14 00:15:00
1676334600000,21756.14,21774.19,21742.17,21766.45,1737.2481,2023-02-14 00:30:00
1676335500000,21767.04,21775.06,21729.74,21737.95,1884.81457,2023-02-14 00:45:00
1676336400000,21737.96,21760.29,21726.88,21742.96,1919.31754,2023-02-14 01:00:00
1676337300000,21742.33,21750.85,21701.0,21702.48,2082.35985,2023-02-14 01:15:00
1676338200000,21702.5,21723.86,21677.47,21708.81,2223.53129,2023-02-14 01:30:00
1676339100000,21709.28,21712.25,21693.66,21707.11,1391.26286,2023-02-14 01:45:00
1676340000000,21706.6,21739.76,21693.95,21728.39,2018.1317,2023-02-14 02:00:00
1676340900000,21728.39,21737.67,21709.61,21723.21,1761.06677,2023-02-14 02:15:00
1676341800000,21723.76,21740.74,21702.0,21728.23,1721.52528,2023-02-14 02:30:00
1676342700000,21727.76,21731.99,21707.69,21716.23,1523.50335,2023-02-14 02:45:00
1676343600000,21716.23,21747.97,21710.1,21738.0,1737.40569,2023-02-14 03:00:00
1676344500000,21737.5,21738.76,21695.63,21700.67,1741.7838,2023-02-14 03:15:00
1676345400000,21700.67,21722.27,21690.55,21699.7,1758.84476,2023-02-14 03:30:00
1676346300000,21700.38,21717.83,21690.63,21700.42,1705.89141,2023-02-14 03:45:00
1676347200000,21700.42,21707.4,21684.59,21689.35,1622.46095,2023-02-14 04:00:00
1676348100000,21689.91,21739.72,21686.24,21735.05,2184.60835,2023-02-14 04:15:00
1676349000000,21735.05,21736.68,21709.01,21715.22,1587.37077,2023-02-14 04:30:00
1676349900000,21714.82,21724.89,21704.52,21704.95,1237.92653,2023-02-14 04:45:00
1676350800000,21704.95,21737.6,21702.8,21710.58,2198.54584,2023-02-14 05:00:00
1676351700000,21710.46,21734.68,21708.73,21719.22,1469.21784,2023-02-14 05:15:00
1676352600000,21719.42,21734.64,21709.23,21710.2,1854.51923,2023-02-14 05:30:00
1676353500000,21710.19,21731.02,21697.86,21725.23,2148.83784,2023-02-14 05:45:00
1676354400000,21725.79,21759.8,21718.0,21757.78,2373.48854,2023-02-14 06:00:00
1676355300000,21757.78,21767.98,21737.19,21746.72,2516.8102,2023-02-14 06:15:00
1676356200000,21746.71,21749.35,21723.08,21726.33,2111.99776,2023-02-14 06:30:00
1676357100000,21726.33,21761.64,21724.68,21744.02,1985.96204,2023-02-14 06:45:00
1676358000000,21744.01,21755.22,21740.56,21746.45,1965.67442,2023-02-14 07:00:00
1676358900000,21746.45,21765.0,21736.51,21752.78,2025.62536,2023-02-14 07:15:00
1676359800000,21753.18,21789.46,21743.73,21768.18,2629.31309,2023-02-14 07:30:00
1676360700000,21769.05,21774.5,21750.74,21768.48,1821.22716,2023-02-14 07:45:00
1676361600000,21767.56,21772.86,21711.52,21735.64,2915.54637,2023-02-14 08:00:00
1676362500000,21735.64,21738.84,21707.9,21715.58,2569.9393,2023-02-14 08:15:00
1676363400000,21715.09,21718.2,21666.39,21697.42,2806.22279,2023-02-14 08:30:00
1676364300000,21697.42,21718.99,21683.84,21694.92,2067.94801,2023-02-14 08:45:00
1676365200000,21694.92,21738.94,21680.85,21700.71,3011.21203,2023-02-14 09:00:00
1676366100000,21700.93,21719.13,21693.52,21714.99,2286.79784,2023-02-14 09:15:00
1676367000000,21714.53,21736.76,21704.48,21727.73,2085.59294,2023-02-14 09:30:00
1676367900000,21727.73,21875.42,21725.34,21817.09,7508.92258,2023-02-14 09:45:00
1676368800000,21817.73,21837.66,21785.51,21809.09,3733.02608,2023-02-14 10:00:00
1676369700000,21809.09,21820.0,21781.39,21814.78,2685.2646,2023-02-14 10:15:00
1676370600000,21814.76,21839.97,21799.03,21810.73,2487.88776,2023-02-14 10:30:00
1676371500000,21810.73,21831.94,21788.0,21809.49,2559.7753,2023-02-14 10:45:00
1676372400000,21809.49,21817.17,21774.45,21781.61,2411.48358,2023-02-14 11:00:00
1676373300000,21780.83,21817.17,21776.55,21810.02,2340.88909,2023-02-14 11:15:00
1676374200000,21809.55,21817.98,21789.42,21800.7,1705.61814,2023-02-14 11:30:00
1676375100000,21800.7,21814.44,21791.1,21809.81,1778.32446,2023-02-14 11:45:00
1676376000000,21809.81,21817.93,21794.42,21800.2,2059.17934,2023-02-14 12:00:00
1676376900000,21800.19,21837.8,21797.54,21828.61,2192.72595,2023-02-14 12:15:00
1676377800000,21828.94,21858.94,21816.13,21832.37,2886.75272,2023-02-14 12:30:00
1676378700000,21831.81,21897.0,21831.4,21859.32,3671.26329,2023-02-14 12:45:00
1676379600000,21859.32,21886.1,21849.53,21852.01,3423.61098,2023-02-14 13:00:00
1676380500000,21852.01,21894.18,21788.9,21834.32,6614.1091,2023-02-14 13:15:00
1676381400000,21832.6,21856.15,21532.77,21711.22,18867.67768,2023-02-14 13:30:00
1676382300000,21710.7,21785.4,21674.74,21720.09,8191.77647,2023-02-14 13:45:00
1676383200000,21719.05,21748.99,21617.07,21644.01,8052.95881,2023-02-14 14:00:00
1676384100000,21644.8,21690.0,21600.0,21609.92,5417.61895,2023-02-14 14:15:00
1676385000000,21609.79,21743.43,21570.0,21717.33,9763.69515,2023-02-14 14:30:00
1676385900000,21715.75,22260.0,21713.86,22247.39,20538.81328,2023-02-14 14:45:00
1676386800000,22247.39,22319.08,22171.76,22285.08,13404.07649,2023-02-14 15:00:00
1676387700000,22285.06,22310.0,22132.84,22144.37,8595.10366,2023-02-14 15:15:00
1676388600000,22144.37,22183.45,21859.9,21988.03,13209.62523,2023-02-14 15:30:00
1676389500000,21988.03,22081.57,21901.13,22041.45,9944.57923,2023-02-14 15:45:00
1676390400000,22040.52,22135.75,22007.5,22027.87,8675.32207,2023-02-14 16:00:00
1676391300000,22026.68,22093.39,21970.29,21984.54,6574.98714,2023-02-14 16:15:00
1676392200000,21984.54,22017.35,21943.12,21981.37,5785.11243,2023-02-14 16:30:00
1676393100000,21979.7,22014.5,21917.31,22008.36,5169.40545,2023-02-14 16:45:00
1676394000000,22009.21,22079.98,22003.11,22037.83,5085.17557,2023-02-14 17:00:00
1676394900000,22037.82,22057.45,22007.12,22040.01,3194.45951,2023-02-14 17:15:00
1676395800000,22041.33,22086.75,22026.84,22045.4,3475.85127,2023-02-14 17:30:00
1676396700000,22045.4,22064.35,21996.05,22050.16,3202.05915,2023-02-14 17:45:00
1676397600000,22050.88,22179.6,22045.53,22129.45,7630.73092,2023-02-14 18:00:00
1676398500000,22130.55,22172.18,22100.63,22112.56,4562.49443,2023-02-14 18:15:00
1676399400000,22111.51,22142.93,22085.24,22087.11,3674.28798,2023-02-14 18:30:00
1676400300000,22087.94,22129.58,22086.83,22114.15,2800.90442,2023-02-14 18:45:00
1676401200000,22114.95,22133.3,22064.48,22120.24,4553.48401,2023-02-14 19:00:00
1676402100000,22119.16,22213.37,22111.18,22184.1,4755.2807,2023-02-14 19:15:00
1676403000000,22184.1,22237.69,22180.96,22213.51,4924.80043,2023-02-14 19:30:00
1676403900000,22213.51,22245.0,22188.16,22208.65,3829.9087,2023-02-14 19:45:00
1676404800000,22207.96,22225.9,22168.94,22176.14,3670.75995,2023-02-14 20:00:00
1676405700000,22175.62,22226.16,22168.78,22203.43,3065.59056,2023-02-14 20:15:00
1676406600000,22203.43,22235.52,22185.12,22214.63,2890.38281,2023-02-14 20:30:00
1676407500000,22215.5,22258.94,22205.13,22252.94,3632.85547,2023-02-14 20:45:00
1676408400000,22250.47,22258.4,22122.7,22182.19,4053.62911,2023-02-14 21:00:00
1676409300000,22182.19,22285.0,22148.76,22245.74,3998.36,2023-02-14 21:15:00
1676410200000,22245.74,22251.32,22182.9,22225.08,2017.63398,2023-02-14 21:30:00
1676411100000,22225.08,22255.92,22207.02,22241.14,1834.48927,2023-02-14 21:45:00
1676412000000,22241.89,22250.0,22220.08,22220.91,1317.7215,2023-02-14 22:00:00
1676412900000,22220.41,22234.74,22197.79,22202.69,1481.68657,2023-02-14 22:15:00
1676413800000,22203.17,22215.71,22180.64,22181.5,1268.14637,2023-02-14 22:30:00
1676414700000,22180.86,22191.71,22151.07,22187.69,1438.34575,2023-02-14 22:45:00
1676415600000,22188.07,22261.57,22167.0,22241.93,3214.34451,2023-02-14 23:00:00
1676416500000,22241.93,22252.87,22210.39,22215.08,1999.70087,2023-02-14 23:15:00
1676417400000,22214.3,22241.84,22212.62,22218.04,1603.88279,2023-02-14 23:30:00
1676418300000,22218.04,22229.35,22195.25,22199.84,1824.25071,2023-02-14 23:45:00
1676419200000,22199.84,22200.88,22143.84,22169.57,3375.04589,2023-02-15 00:00:00
1676420100000,22169.57,22183.92,22148.25,22176.27,1943.52887,2023-02-15 00:15:00
1676421000000,22175.66,22189.69,22105.0,22133.02,2955.79886,2023-02-15 00:30:00
1676421900000,22133.52,22158.97,22130.66,22149.74,1870.91798,2023-02-15 00:45:00
1676422800000,22150.21,22170.22,22135.0,22137.59,1855.37908,2023-02-15 01:00:00
1676423700000,22137.11,22158.43,22126.1,22150.55,1741.27001,2023-02-15 01:15:00
1676424600000,22150.94,22160.0,22121.92,22137.38,1811.13416,2023-02-15 01:30:00
1676425500000,22136.59,22140.11,22094.34,22109.62,2317.60461,2023-02-15 01:45:00
1676426400000,22109.62,22128.2,22095.24,22113.18,2160.97588,2023-02-15 02:00:00
1676427300000,22113.18,22122.0,22098.0,22101.11,1595.96562,2023-02-15 02:15:00
1676428200000,22101.11,22104.76,22075.88,22082.37,2340.72921,2023-02-15 02:30:00
1676429100000,22081.98,22083.81,22047.28,22072.85,2868.24842,2023-02-15 02:45:00
1676430000000,22072.24,22099.81,22067.96,22089.86,2226.58964,2023-02-15 03:00:00
1676430900000,22089.86,22137.59,22085.64,22104.59,3736.25433,2023-02-15 03:15:00
1676431800000,22104.59,22114.33,22080.98,22089.75,1904.15769,2023-02-15 03:30:00
1676432700000,22090.32,22112.69,22082.87,22099.49,1656.8575,2023-02-15 03:45:00
1676433600000,22099.13,22117.8,22093.0,22099.55,1721.2014,2023-02-15 04:00:00
1676434500000,22098.94,22117.82,22094.16,22110.02,1853.40258,2023-02-15 04:15:00
1676435400000,22110.02,22118.0,22099.68,22108.57,1793.84679,2023-02-15 04:30:00
1676436300000,22108.57,22113.99,22072.55,22084.9,1976.71744,2023-02-15 04:45:00
1676437200000,22084.34,22120.35,22082.56,22087.6,2057.55355,2023-02-15 05:00:00
1676438100000,22087.6,22107.26,22083.03,22105.43,1501.32428,2023-02-15 05:15:00
1676439000000,22105.02,22148.82,22104.64,22138.06,2428.05625,2023-02-15 05:30:00
1676439900000,22138.06,22141.36,22110.0,22134.08,1966.30609,2023-02-15 05:45:00
1676440800000,22134.08,22158.42,22129.09,22147.96,2114.66803,2023-02-15 06:00:00
1676441700000,22147.13,22149.17,22133.37,22138.21,1489.90375,2023-02-15 06:15:00
1676442600000,22137.96,22140.38,22122.93,22129.97,1905.81602,2023-02-15 06:30:00
1676443500000,22129.97,22134.46,22108.0,22117.68,1910.78824,2023-02-15 06:45:00
1676444400000,22118.05,22145.81,22116.15,22138.8,1924.16091,2023-02-15 07:00:00
1676445300000,22138.8,22170.07,22136.51,22158.29,2106.68354,2023-02-15 07:15:00
1676446200000,22157.63,22199.29,22117.0,22130.53,3115.34769,2023-02-15 07:30:00
1676447100000,22130.53,22134.54,22098.0,22109.89,2424.47503,2023-02-15 07:45:00
1676448000000,22109.89,22120.28,22095.86,22116.92,2789.36353,2023-02-15 08:00:00
1676448900000,22116.91,22127.58,22102.53,22117.93,2114.55466,2023-02-15 08:15:00
1676449800000,22117.93,22131.63,22089.11,22102.14,2414.05182,2023-02-15 08:30:00
1676450700000,22102.55,22108.43,22091.12,22094.02,2021.47064,2023-02-15 08:45:00
1676451600000,22094.62,22122.89,22089.78,22100.71,2375.67766,2023-02-15 09:00:00
1676452500000,22100.71,22122.0,22095.2,22121.73,1779.34909,2023-02-15 09:15:00
1676453400000,22121.73,22140.04,22116.57,22130.6,2335.93873,2023-02-15 09:30:00
1676454300000,22131.18,22199.6,22130.03,22170.51,2910.05647,2023-02-15 09:45:00
1676455200000,22169.7,22175.14,22145.76,22159.98,2134.89647,2023-02-15 10:00:00
1676456100000,22159.98,22181.95,22148.0,22170.73,2096.17778,2023-02-15 10:15:00
1676457000000,22170.73,22227.99,22166.2,22217.0,3340.22767,2023-02-15 10:30:00
1676457900000,22217.0,22257.91,22214.0,22234.96,3645.35855,2023-02-15 10:45:00
1676458800000,22234.74,22277.83,22223.02,22223.8,3040.2773,2023-02-15 11:00:00
1676459700000,22223.29,22252.56,22222.81,22236.88,2245.40976,2023-02-15 11:15:00
1676460600000,22236.18,22500.0,22233.69,22455.27,9427.01186,2023-02-15 11:30:00
1676461500000,22455.78,22489.76,22415.22,22445.13,4594.89093,2023-02-15 11:45:00
1676462400000,22444.28,22748.0,22443.24,22686.98,12740.60683,2023-02-15 12:00:00
1676463300000,22685.64,22916.98,22660.52,22778.06,10604.46577,2023-02-15 12:15:00
1676464200000,22778.06,22838.43,22747.82,22786.5,6097.23747,2023-02-15 12:30:00
1676465100000,22786.5,22822.13,22740.11,22772.21,5316.39155,2023-02-15 12:45:00
1676466000000,22772.21,22783.74,22678.68,22688.97,5262.80582,2023-02-15 13:00:00
1676466900000,22686.69,22773.72,22676.76,22768.16,4769.6446,2023-02-15 13:15:00
1676467800000,22768.16,22768.16,22666.0,22737.31,7691.06821,2023-02-15 13:30:00
1676468700000,22737.92,22769.98,22690.82,22698.86,4678.50779,2023-02-15 13:45:00
1676469600000,22698.81,22722.33,22675.3,22675.32,3929.90528,2023-02-15 14:00:00
1676470500000,22675.94,22703.74,22620.0,22701.42,5188.5391,2023-02-15 14:15:00
1676471400000,22701.42,22755.53,22679.18,22731.1,6036.90534,2023-02-15 14:30:00
1676472300000,22731.1,22797.88,22630.11,22684.47,6783.71978,2023-02-15 14:45:00
1676473200000,22685.6,22741.79,22661.66,22703.94,6023.84163,2023-02-15 15:00:00
1676474100000,22702.78,22781.52,22701.67,22769.06,4813.69403,2023-02-15 15:15:00
1676475000000,22769.9,22822.0,22741.8,22741.93,5414.59103,2023-02-15 15:30:00
1676475900000,22741.8,22884.77,22716.71,22809.46,5425.805,2023-02-15 15:45:00
1676476800000,22809.46,22943.17,22777.09,22842.2,4794.86814,2023-02-15 16:00:00
1676477700000,22842.2,22900.01,22760.25,22836.17,4374.35512,2023-02-15 16:15:00
1676478600000,22835.24,22838.05,22746.36,22801.18,2693.13193,2023-02-15 16:30:00
1676479500000,22801.98,22811.4,22761.3,22763.1,1563.56728,2023-02-15 16:45:00
1676480400000,22763.1,22792.07,22745.03,22787.68,1907.60609,2023-02-15 17:00:00
1676481300000,22787.68,22815.0,22768.0,22794.37,1777.84075,2023-02-15 17:15:00
1676482200000,22795.01,22835.89,22770.77,22816.39,3517.57869,2023-02-15 17:30:00
1676483100000,22816.39,22825.8,22786.51,22805.48,2334.43687,2023-02-15 17:45:00
1676484000000,22805.48,22823.04,22771.86,22799.7,2672.91482,2023-02-15 18:00:00
1676484900000,22800.56,22885.1,22791.46,22871.52,3475.28882,2023-02-15 18:15:00
1676485800000,22872.28,22977.77,22830.54,22948.57,5495.05886,2023-02-15 18:30:00
1676486700000,22950.59,23052.99,22910.37,22973.86,6298.82431,2023-02-15 18:45:00
1676487600000,22974.54,23200.0,22945.54,23170.0,8522.97013,2023-02-15 19:00:00
1676488500000,23171.64,23256.13,23148.06,23242.19,8951.92497,2023-02-15 19:15:00
1676489400000,23243.55,23353.87,23227.26,23304.99,7791.919,2023-02-15 19:30:00
1676490300000,23304.99,23325.0,23250.0,23318.9,4045.80379,2023-02-15 19:45:00
1676491200000,23320.18,23733.38,23296.3,23631.56,11280.08775,2023-02-15 20:00:00
1676492100000,23631.31,23847.0,23630.86,23812.57,8350.00648,2023-02-15 20:15:00
1676493000000,23815.06,24300.0,23810.27,24041.95,14153.73713,2023-02-15 20:30:00
1676493900000,24043.3,24160.09,24026.36,24145.04,5696.68532,2023-02-15 20:45:00
1676494800000,24146.6,24164.65,24009.7,24055.51,4683.46634,2023-02-15 21:00:00
1676495700000,24054.58,24144.14,24051.58,24097.56,3623.69012,2023-02-15 21:15:00
1676496600000,24097.56,24250.0,24074.0,24104.69,4449.87382,2023-02-15 21:30:00
1676497500000,24104.69,24188.89,24057.03,24175.86,2956.22764,2023-02-15 21:45:00
1676498400000,24175.01,24333.0,24143.59,24299.72,5555.30074,2023-02-15 22:00:00
1676499300000,24297.4,24380.0,24213.06,24252.04,6328.38766,2023-02-15 22:15:00
1676500200000,24252.04,24317.92,24247.0,24265.29,2703.90465,2023-02-15 22:30:00
1676501100000,24265.29,24308.27,24108.77,24151.6,3397.12251,2023-02-15 22:45:00
1676502000000,24150.26,24290.0,24148.0,24283.1,3768.43892,2023-02-15 23:00:00
1676502900000,24283.17,24341.91,24240.69,24287.31,3827.16119,2023-02-15 23:15:00
1676503800000,24286.74,24319.59,24274.41,24281.07,2756.91848,2023-02-15 23:30:00
1676504700000,24281.07,24344.0,24279.14,24324.05,3226.9113,2023-02-15 23:45:00
1676505600000,24322.87,24654.0,24278.58,24596.33,8810.92575,2023-02-16 00:00:00
1676506500000,24596.33,24905.0,24593.27,24767.48,9917.72626,2023-02-16 00:15:00
1676507400000,24767.48,24792.55,24590.0,24666.32,5327.91882,2023-02-16 00:30:00
1676508300000,24666.8,24677.62,24559.19,24583.17,3443.16634,2023-02-16 00:45:00
1676509200000,24584.4,24683.81,24560.96,24677.18,3459.26581,2023-02-16 01:00:00
1676510100000,24677.18,24679.38,24575.0,24617.81,2347.52536,2023-02-16 01:15:00
1676511000000,24617.81,24656.97,24585.96,24590.88,2341.99306,2023-02-16 01:30:00
1676511900000,24590.26,24635.94,24563.68,24627.17,2737.56826,2023-02-16 01:45:00
1676512800000,24627.17,24655.0,24604.34,24642.85,2032.67416,2023-02-16 02:00:00
1676513700000,24643.95,24689.88,24620.59,24667.47,2689.60243,2023-02-16 02:15:00
1676514600000,24667.47,24744.75,24651.68,24672.29,3459.388,2023-02-16 02:30:00
1676515500000,24673.27,24719.96,24670.62,24687.88,2431.91753,2023-02-16 02:45:00
1676516400000,24687.88,24758.38,24684.44,24726.97,2840.21364,2023-02-16 03:00:00
1676517300000,24728.62,24730.07,24655.22,24693.6,2957.08333,2023-02-16 03:15:00
1676518200000,24693.03,24745.05,24692.02,24731.73,1933.61091,2023-02-16 03:30:00
1676519100000,24732.28,24740.0,24703.7,24732.42,2119.57197,2023-02-16 03:45:00
1676520000000,24731.6,24756.35,24661.51,24668.15,3237.80141,2023-02-16 04:00:00
1676520900000,24668.15,24698.56,24645.73,24682.25,3345.25904,2023-02-16 04:15:00
1676521800000,24681.07,24719.43,24670.09,24675.66,2115.45092,2023-02-16 04:30:00
1676522700000,24674.95,24683.24,24631.35,24634.15,2913.5225,2023-02-16 04:45:00
1676523600000,24633.46,24659.59,24602.0,24620.28,2958.9711,2023-02-16 05:00:00
1676524500000,24622.58,24713.82,24620.3,24701.61,2966.05078,2023-02-16 05:15:00
1676525400000,24700.77,24714.82,24661.0,24663.9,2284.60508,2023-02-16 05:30:00
1676526300000,24663.91,24701.67,24661.84,24681.94,1986.00021,2023-02-16 05:45:00
1676527200000,24681.94,24696.55,24644.96,24661.03,2866.6566,2023-02-16 06:00:00
1676528100000,24660.5,24734.37,24659.28,24719.37,3736.17756,2023-02-16 06:15:00
1676529000000,24718.86,24731.03,24672.3,24681.66,2126.69385,2023-02-16 06:30:00
1676529900000,24680.89,24715.0,24568.1,24586.08,2798.73051,2023-02-16 06:45:00
1676530800000,24583.9,24629.89,24430.12,24614.34,5774.88096,2023-02-16 07:00:00
1676531700000,24615.38,24657.48,24520.0,24587.81,3709.54253,2023-02-16 07:15:00
1676532600000,24587.81,24609.08,24530.63,24548.63,2617.43548,2023-02-16 07:30:00
1676533500000,24548.63,24614.55,24547.43,24612.95,2613.43829,2023-02-16 07:45:00
1676534400000,24611.51,24616.67,24565.9,24612.62,3149.72045,2023-02-16 08:00:00
1676535300000,24612.62,24644.52,24606.04,24638.51,2188.14099,2023-02-16 08:15:00
1676536200000,24638.1,24664.49,24611.83,24644.41,2536.76295,2023-02-16 08:30:00
1676537100000,24644.61,24647.2,24570.13,24580.34,2205.69139,2023-02-16 08:45:00
1676538000000,24579.25,24604.7,24557.11,24575.89,3059.53521,2023-02-16 09:00:00
1676538900000,24575.89,24612.21,24573.69,24609.83,2189.86965,2023-02-16 09:15:00
1676539800000,24609.83,24631.44,24600.03,24613.04,2332.85785,2023-02-16 09:30:00
1676540700000,24613.04,24652.49,24601.16,24643.64,2030.38057,2023-02-16 09:45:00
1676541600000,24642.73,24659.0,24630.0,24631.26,2291.36058,2023-02-16 10:00:00
1676542500000,24631.26,24647.94,24600.5,24642.08,2406.59778,2023-02-16 10:15:00
1676543400000,24642.27,24643.2,24609.5,24640.73,1789.10973,2023-02-16 10:30:00
1676544300000,24640.35,24641.67,24614.06,24617.72,1803.55652,2023-02-16 10:45:00
1676545200000,24617.2,24624.99,24550.01,24554.96,2869.69822,2023-02-16 11:00:00
1676546100000,24554.97,24590.0,24546.68,24566.79,3340.01299,2023-02-16 11:15:00
1676547000000,24565.39,24586.34,24509.07,24512.32,2875.1033,2023-02-16 11:30:00
1676547900000,24512.32,24577.2,24510.9,24568.55,2416.47107,2023-02-16 11:45:00
1676548800000,24567.93,24574.38,24448.78,24471.16,3714.00481,2023-02-16 12:00:00
1676549700000,24471.79,24553.66,24468.44,24512.84,2803.30282,2023-02-16 12:15:00
1676550600000,24511.98,24578.0,24511.51,24577.01,2261.39332,2023-02-16 12:30:00
1676551500000,24577.01,24609.72,24564.87,24585.55,2718.9351,2023-02-16 12:45:00
1676552400000,24585.54,24609.42,24571.64,24578.79,2671.27829,2023-02-16 13:00:00
1676553300000,24578.12,24589.06,24511.22,24570.44,3135.86729,2023-02-16 13:15:00
1676554200000,24572.0,24663.99,24436.0,24521.51,10045.32308,2023-02-16 13:30:00
1676555100000,24522.16,24527.06,24355.0,24445.81,8994.79121,2023-02-16 13:45:00
1676556000000,24446.19,24497.96,24346.66,24440.97,6922.82523,2023-02-16 14:00:00
1676556900000,24440.4,24457.41,24361.0,24391.75,5231.81369,2023-02-16 14:15:00
1676557800000,24391.75,24449.23,24283.35,24363.33,8871.13519,2023-02-16 14:30:00
1676558700000,24362.35,24456.92,24322.8,24423.8,6520.89092,2023-02-16 14:45:00
1676559600000,24423.8,24526.71,24381.14,24494.38,6155.90484,2023-02-16 15:00:00
1676560500000,24494.38,24590.0,24461.05,24540.3,5909.87338,2023-02-16 15:15:00
1676561400000,24539.05,24788.0,24525.0,24770.59,8332.63977,2023-02-16 15:30:00
1676562300000,24770.59,25091.0,24766.4,25072.67,17504.49732,2023-02-16 15:45:00
1676563200000,25072.67,25250.0,24606.14,24751.28,23800.37881,2023-02-16 16:00:00
1676564100000,24753.3,24874.9,24656.89,24836.54,12321.76694,2023-02-16 16:15:00
1676565000000,24836.54,25049.92,24807.57,24866.85,13672.88824,2023-02-16 16:30:00
1676565900000,24866.85,25016.88,24850.0,24898.43,7166.56027,2023-02-16 16:45:00
1676566800000,24897.39,24937.72,24817.97,24873.17,6390.36986,2023-02-16 17:00:00
1676567700000,24872.8,24918.23,24766.0,24842.76,6207.22995,2023-02-16 17:15:00
1676568600000,24842.76,24952.75,24825.42,24949.57,4945.63089,2023-02-16 17:30:00
1676569500000,24949.35,24960.46,24870.5,24891.88,4191.6913,2023-02-16 17:45:00
1676570400000,24891.88,24946.21,24855.0,24930.79,4930.43478,2023-02-16 18:00:00
1676571300000,24930.79,24933.26,24866.34,24880.47,3424.00067,2023-02-16 18:15:00
1676572200000,24879.38,25040.32,24874.0,25014.58,4942.91851,2023-02-16 18:30:00
1676573100000,25014.58,25022.02,24935.01,24971.47,3690.28199,2023-02-16 18:45:00
1676574000000,24970.77,24998.68,24916.8,24923.37,3245.81695,2023-02-16 19:00:00
1676574900000,24922.61,24955.9,24832.33,24884.28,3880.51092,2023-02-16 19:15:00
1676575800000,24882.43,24907.75,24843.12,24878.3,2971.35227,2023-02-16 19:30:00
1676576700000,24879.35,24915.3,24831.45,24872.58,3024.25987,2023-02-16 19:45:00
1676577600000,24872.58,24879.81,24752.47,24770.43,5779.72874,2023-02-16 20:00:00
1676578500000,24770.43,24779.18,24447.47,24473.92,10230.56744,2023-02-16 20:15:00
1676579400000,24472.13,24648.78,24456.84,24553.81,7194.69354,2023-02-16 20:30:00
1676580300000,24553.81,24621.98,24477.27,24565.36,5316.57065,2023-02-16 20:45:00
1676581200000,24565.36,24578.58,24433.11,24540.13,4603.56148,2023-02-16 21:00:00
1676582100000,24540.13,24556.21,24446.4,24478.38,3137.13752,2023-02-16 21:15:00
1676583000000,24479.48,24557.53,24357.83,24460.86,5477.31569,2023-02-16 21:30:00
1676583900000,24459.14,24539.0,24450.58,24537.04,2731.81459,2023-02-16 21:45:00
1676584800000,24538.38,24552.46,24440.04,24449.5,2615.86008,2023-02-16 22:00:00
1676585700000,24449.5,24465.45,24323.14,24357.82,4334.28274,2023-02-16 22:15:00
1676586600000,24357.82,24360.93,23966.2,24114.37,10176.78454,2023-02-16 22:30:00
1676587500000,24114.37,24156.49,23989.91,23994.76,3615.22284,2023-02-16 22:45:00
1676588400000,23994.78,24096.7,23881.0,24061.66,6046.58043,2023-02-16 23:00:00
1676589300000,24063.22,24073.53,23820.0,23857.04,5767.11538,2023-02-16 23:15:00
1676590200000,23857.04,23938.05,23699.98,23787.76,7183.55654,2023-02-16 23:30:00
1676591100000,23784.84,23788.41,23505.25,23517.72,8883.08528,2023-02-16 23:45:00
1676592000000,23517.72,23698.99,23339.37,23529.29,14044.22994,2023-02-17 00:00:00
1676592900000,23529.29,23633.0,23506.01,23630.01,4810.93131,2023-02-17 00:15:00
1676593800000,23630.95,23777.77,23628.36,23758.58,7097.9668,2023-02-17 00:30:00
1676594700000,23758.58,23778.22,23643.07,23713.37,5329.60476,2023-02-17 00:45:00
1676595600000,23713.37,23759.71,23638.63,23734.91,4467.94473,2023-02-17 01:00:00
1676596500000,23734.91,23771.68,23683.17,23757.23,3444.85429,2023-02-17 01:15:00
1676597400000,23757.23,23768.68,23705.0,23750.75,2771.82206,2023-02-17 01:30:00
1676598300000,23750.75,23880.0,23706.79,23849.87,4694.72851,2023-02-17 01:45:00
1676599200000,23849.87,23853.32,23751.85,23784.65,4222.47032,2023-02-17 02:00:00
1676600100000,23784.65,23854.46,23774.74,23833.85,2657.63251,2023-02-17 02:15:00
1676601000000,23833.85,23854.85,23815.3,23851.95,2189.70756,2023-02-17 02:30:00
1676601900000,23851.26,23852.21,23772.03,23772.31,2762.17354,2023-02-17 02:45:00
1676602800000,23772.31,23828.74,23757.14,23827.8,1929.42869,2023-02-17 03:00:00
1676603700000,23827.8,23886.48,23820.66,23872.59,3125.10882,2023-02-17 03:15:00
1676604600000,23871.55,23914.58,23833.8,23848.25,2953.65765,2023-02-17 03:30:00
1676605500000,23848.83,23881.96,23827.69,23838.64,2733.53092,2023-02-17 03:45:00
1676606400000,23838.64,23883.12,23829.55,23844.78,2198.36422,2023-02-17 04:00:00
1676607300000,23844.77,23852.48,23769.87,23776.88,3072.47245,2023-02-17 04:15:00
1676608200000,23777.62,23817.0,23722.61,23779.25,3945.81756,2023-02-17 04:30:00
1676609100000,23779.25,23814.95,23755.62,23805.15,2082.57638,2023-02-17 04:45:00
1676610000000,23805.14,23812.29,23731.07,23744.99,1981.08281,2023-02-17 05:00:00
1676610900000,23744.99,23766.74,23719.58,23728.93,2296.99923,2023-02-17 05:15:00
1676611800000,23729.8,23764.73,23691.0,23759.25,2477.67453,2023-02-17 05:30:00
1676612700000,23759.25,23764.99,23686.29,23707.55,2582.8021,2023-02-17 05:45:00
1676613600000,23708.43,23746.89,23680.53,23741.97,2474.96278,2023-02-17 06:00:00
1676614500000,23741.97,23751.09,23683.64,23725.46,2500.62089,2023-02-17 06:15:00
1676615400000,23724.18,23730.0,23634.05,23656.37,2860.88055,2023-02-17 06:30:00
1676616300000,23656.37,23692.84,23612.0,23668.1,2535.37772,2023-02-17 06:45:00
1676617200000,23668.1,23766.64,23633.7,23746.1,4015.42603,2023-02-17 07:00:00
1676618100000,23745.07,23786.11,23723.28,23763.81,2697.0842,2023-02-17 07:15:00
1676619000000,23763.81,23768.8,23714.09,23745.78,2493.61909,2023-02-17 07:30:00
1676619900000,23745.78,23752.2,23628.36,23637.04,3565.6229,2023-02-17 07:45:00
1676620800000,23635.84,23687.56,23587.35,23677.36,4307.43335,2023-02-17 08:00:00
1676621700000,23678.0,23689.6,23616.37,23623.72,2731.18053,2023-02-17 08:15:00
1676622600000,23623.98,23673.99,23532.69,23660.58,5793.60828,2023-02-17 08:30:00
1676623500000,23659.76,23814.31,23635.81,23797.21,4925.19368,2023-02-17 08:45:00
1676624400000,23797.9,23861.78,23733.72,23758.6,6725.33814,2023-02-17 09:00:00
1676625300000,23757.81,23782.4,23727.53,23751.41,3252.88762,2023-02-17 09:15:00
1676626200000,23751.3,23811.22,23730.0,23732.01,3424.45066,2023-02-17 09:30:00
1676627100000,23732.01,23765.98,23712.21,23743.22,2464.39926,2023-02-17 09:45:00
1676628000000,23743.01,23769.67,23672.62,23710.33,3644.49266,2023-02-17 10:00:00
1676628900000,23710.33,23774.89,23696.61,23735.87,3033.6293,2023-02-17 10:15:00
1676629800000,23735.87,23790.0,23722.0,23781.47,2767.87006,2023-02-17 10:30:00
1676630700000,23780.49,23786.77,23736.0,23753.42,2937.21777,2023-02-17 10:45:00
1676631600000,23754.17,23772.64,23739.9,23742.56,2449.7199,2023-02-17 11:00:00
1676632500000,23743.4,23831.62,23735.68,23821.71,3649.77077,2023-02-17 11:15:00
1676633400000,23820.31,23842.02,23779.8,23807.35,3435.21145,2023-02-17 11:30:00
1676634300000,23807.34,23816.46,23772.25,23789.82,2686.04662,2023-02-17 11:45:00
1676635200000,23789.12,23828.67,23766.62,23821.45,2981.0124,2023-02-17 12:00:00
1676636100000,23822.05,23837.45,23780.95,23816.26,2617.6935,2023-02-17 12:15:00
1676637000000,23817.04,23909.87,23805.31,23895.06,3926.11714,2023-02-17 12:30:00
1676637900000,23895.05,23895.05,23842.43,23869.46,3509.865,2023-02-17 12:45:00
1676638800000,23870.38,23888.96,23840.0,23873.99,3082.9274,2023-02-17 13:00:00
1676639700000,23873.99,23879.52,23772.63,23803.29,4484.37112,2023-02-17 13:15:00
1676640600000,23803.29,23820.35,23777.14,23780.84,2789.10859,2023-02-17 13:30:00
1676641500000,23780.78,23817.14,23753.0,23782.23,3506.48703,2023-02-17 13:45:00
1676642400000,23783.12,23844.55,23777.18,23832.85,2970.3389,2023-02-17 14:00:00
1676643300000,23833.74,23966.02,23823.52,23876.92,6767.16021,2023-02-17 14:15:00
1676644200000,23876.92,24247.38,23868.29,24205.72,17320.86491,2023-02-17 14:30:00
1676645100000,24207.28,24207.28,23710.0,23865.86,18859.5214,2023-02-17 14:45:00
1676646000000,23863.31,24120.34,23850.08,24050.0,13445.41609,2023-02-17 15:00:00
1676646900000,24050.0,24170.0,23977.52,24028.17,11253.78043,2023-02-17 15:15:00
1676647800000,24028.18,24280.0,24017.29,24147.14,12665.37174,2023-02-17 15:30:00
1676648700000,24147.14,24212.73,24088.88,24130.5,8261.07074,2023-02-17 15:45:00
1676649600000,24130.5,24332.75,24103.15,24271.54,10714.41024,2023-02-17 16:00:00
1676650500000,24271.54,24280.72,23963.05,24026.57,10222.73781,2023-02-17 16:15:00
1676651400000,24024.98,24128.99,23917.65,24118.2,7806.74267,2023-02-17 16:30:00
1676652300000,24118.2,24185.97,24022.0,24091.21,6572.67967,2023-02-17 16:45:00
1676653200000,24091.21,24401.47,24084.84,24361.87,11699.41698,2023-02-17 17:00:00
1676654100000,24360.42,24485.8,24294.05,24379.13,10613.9295,2023-02-17 17:15:00
1676655000000,24377.87,24520.0,24365.04,24413.83,9193.81649,2023-02-17 17:30:00
1676655900000,24412.52,24448.05,24278.36,24298.35,7456.41239,2023-02-17 17:45:00
1676656800000,24298.35,24394.5,24250.74,24358.51,6404.97823,2023-02-17 18:00:00
1676657700000,24359.08,24416.65,24309.55,24353.57,4889.06134,2023-02-17 18:15:00
1676658600000,24353.57,24377.0,24219.23,24323.57,5118.70557,2023-02-17 18:30:00
1676659500000,24324.3,24389.55,24319.33,24360.66,3713.70882,2023-02-17 18:45:00
1676660400000,24360.66,24386.09,24251.15,24275.73,4173.72913,2023-02-17 19:00:00
1676661300000,24275.73,24439.19,24237.26,24386.15,5614.25326,2023-02-17 19:15:00
1676662200000,24387.71,24537.19,24383.92,24490.28,5995.48999,2023-02-17 19:30:00
1676663100000,24488.81,24560.64,24486.97,24524.49,5008.85413,2023-02-17 19:45:00
1676664000000,24524.49,24981.73,24515.0,24956.43,14736.2788,2023-02-17 20:00:00
1676664900000,24955.0,25021.11,24846.92,24888.65,10995.90263,2023-02-17 20:15:00
1676665800000,24890.14,24955.0,24737.88,24754.13,8266.40239,2023-02-17 20:30:00
1676666700000,24754.13,24829.41,24730.24,24820.92,5774.40157,2023-02-17 20:45:00
1676667600000,24820.92,24835.06,24756.36,24786.03,3117.4706,2023-02-17 21:00:00
1676668500000,24784.26,24795.83,24670.42,24693.82,4245.99698,2023-02-17 21:15:00
1676669400000,24693.82,24722.95,24644.42,24678.3,2949.33803,2023-02-17 21:30:00
1676670300000,24677.39,24690.7,24405.88,24476.42,4206.93115,2023-02-17 21:45:00
1676671200000,24476.42,24502.87,24051.73,24167.97,10571.58242,2023-02-17 22:00:00
1676672100000,24166.44,24383.95,24089.53,24372.33,5144.88655,2023-02-17 22:15:00
1676673000000,24372.33,24710.0,24368.95,24578.56,5877.02927,2023-02-17 22:30:00
1676673900000,24578.56,24737.84,24467.97,24679.14,3575.07818,2023-02-17 22:45:00
1676674800000,24678.09,24750.0,24572.12,24578.19,4247.15059,2023-02-17 23:00:00
1676675700000,24579.98,24652.99,24536.16,24594.76,2286.5888,2023-02-17 23:15:00
1676676600000,24594.76,24678.0,24577.31,24632.91,2481.10345,2023-02-17 23:30:00
1676677500000,24632.91,24665.16,24511.81,24569.97,3451.41363,2023-02-17 23:45:00
1676678400000,24568.24,24624.56,24533.54,24619.62,2993.4799,2023-02-18 00:00:00
1676679300000,24619.62,24787.5,24613.29,24722.01,5162.1611,2023-02-18 00:15:00
1676680200000,24722.01,24740.62,24626.98,24647.13,3455.71962,2023-02-18 00:30:00
1676681100000,24645.87,24695.23,24616.0,24632.74,2436.74243,2023-02-18 00:45:00
1676682000000,24631.51,24664.4,24572.32,24643.61,2526.25946,2023-02-18 01:00:00
1676682900000,24643.61,24660.0,24585.62,24657.42,2052.88671,2023-02-18 01:15:00
1676683800000,24657.42,24659.52,24582.72,24588.77,2091.81488,2023-02-18 01:30:00
1676684700000,24588.77,24683.73,24580.99,24660.14,2137.21081,2023-02-18 01:45:00
1676685600000,24660.14,24674.31,24604.22,24623.8,1947.23231,2023-02-18 02:00:00
1676686500000,24622.77,24623.69,24547.96,24552.52,1920.38667,2023-02-18 02:15:00
1676687400000,24552.52,24580.56,24503.49,24576.32,2016.33802,2023-02-18 02:30:00
1676688300000,24576.32,24586.33,24520.93,24555.86,1466.99113,2023-02-18 02:45:00
1676689200000,24556.61,24567.62,24535.32,24539.08,1408.27728,2023-02-18 03:00:00
1676690100000,24539.08,24623.51,24538.23,24556.17,2455.50208,2023-02-18 03:15:00
1676691000000,24557.05,24639.55,24555.49,24616.26,2138.27768,2023-02-18 03:30:00
1676691900000,24616.26,24622.65,24578.95,24609.68,1779.87659,2023-02-18 03:45:00
1676692800000,24609.68,24653.86,24592.88,24640.57,2671.70319,2023-02-18 04:00:00
1676693700000,24640.57,24651.77,24614.0,24631.99,1523.94058,2023-02-18 04:15:00
1676694600000,24631.17,24650.35,24609.09,24638.27,1589.68124,2023-02-18 04:30:00
1676695500000,24638.27,24650.0,24621.68,24624.01,1261.69442,2023-02-18 04:45:00
1676696400000,24624.01,24646.78,24617.9,24626.75,1515.36127,2023-02-18 05:00:00
1676697300000,24626.75,24634.17,24612.79,24622.79,1465.48302,2023-02-18 05:15:00
1676698200000,24623.49,24636.0,24600.0,24622.36,2029.71725,2023-02-18 05:30:00
1676699100000,24622.43,24644.0,24609.8,24641.42,1222.90115,2023-02-18 05:45:00
1676700000000,24641.8,24676.9,24615.7,24616.27,2207.08218,2023-02-18 06:00:00
1676700900000,24616.29,24659.57,24615.15,24649.45,1640.80085,2023-02-18 06:15:00
1676701800000,24650.16,24665.29,24622.63,24636.65,1152.45226,2023-02-18 06:30:00
1676702700000,24636.18,24648.75,24607.42,24626.66,1742.96319,2023-02-18 06:45:00
1676703600000,24625.86,24626.65,24555.01,24575.03,3353.66406,2023-02-18 07:00:00
1676704500000,24574.48,24590.07,24545.49,24561.87,1852.26294,2023-02-18 07:15:00
1676705400000,24561.87,24578.33,24516.01,24560.57,2274.85534,2023-02-18 07:30:00
1676706300000,24560.07,24565.42,24430.0,24519.01,3847.68773,2023-02-18 07:45:00
1676707200000,24519.01,24551.1,24458.82,24488.83,3150.84148,2023-02-18 08:00:00
1676708100000,24488.06,24552.39,24487.85,24550.65,2399.59314,2023-02-18 08:15:00
1676709000000,24550.65,24561.82,24522.57,24561.07,2302.17808,2023-02-18 08:30:00
1676709900000,24561.06,24607.82,24545.67,24588.51,2195.54179,2023-02-18 08:45:00
1676710800000,24588.51,24596.02,24546.17,24566.3,2060.10883,2023-02-18 09:00:00
1676711700000,24566.3,24590.28,24545.66,24566.75,1619.1705,2023-02-18 09:15:00
1676712600000,24566.32,24575.43,24540.49,24551.28,1708.91017,2023-02-18 09:30:00
1676713500000,24551.88,24581.86,24549.21,24553.04,1565.5133,2023-02-18 09:45:00
1676714400000,24553.43,24566.32,24511.76,24527.21,1826.24637,2023-02-18 10:00:00
1676715300000,24527.21,24542.36,24487.48,24537.35,2196.08847,2023-02-18 10:15:00
1676716200000,24537.35,24539.16,24478.24,24489.63,1986.3752,2023-02-18 10:30:00
1676717100000,24489.63,24505.88,24453.23,24456.81,2353.14006,2023-02-18 10:45:00
1676718000000,24456.72,24501.86,24436.46,24485.78,2663.2515,2023-02-18 11:00:00
1676718900000,24485.78,24517.99,24458.82,24490.88,1900.48601,2023-02-18 11:15:00
1676719800000,24490.88,24555.89,24490.02,24524.07,2457.91178,2023-02-18 11:30:00
1676720700000,24524.07,24538.07,24510.87,24519.42,1572.35346,2023-02-18 11:45:00
1676721600000,24519.93,24615.0,24488.43,24592.29,3719.44701,2023-02-18 12:00:00
1676722500000,24592.29,24647.94,24575.33,24611.71,3581.03231,2023-02-18 12:15:00
1676723400000,24610.88,24614.86,24571.42,24581.71,2005.98912,2023-02-18 12:30:00
1676724300000,24581.71,24634.52,24574.96,24620.33,2455.73296,2023-02-18 12:45:00
1676725200000,24619.18,24639.3,24595.0,24616.77,2352.39034,2023-02-18 13:00:00
1676726100000,24616.99,24644.06,24595.2,24606.46,2278.03729,2023-02-18 13:15:00
1676727000000,24607.28,24613.16,24575.0,24585.19,2097.37764,2023-02-18 13:30:00
1676727900000,24585.95,24604.58,24559.02,24581.77,2182.4189,2023-02-18 13:45:00
1676728800000,24581.77,24585.0,24531.68,24567.95,2660.24162,2023-02-18 14:00:00
1676729700000,24567.96,24593.63,24540.73,24590.67,1829.12561,2023-02-18 14:15:00
1676730600000,24590.67,24630.0,24569.87,24581.9,3206.10779,2023-02-18 14:30:00
1676731500000,24581.9,24734.32,24576.88,24691.13,5014.78914,2023-02-18 14:45:00
1676732400000,24692.09,24723.92,24627.07,24644.96,4331.3263,2023-02-18 15:00:00
1676733300000,24644.96,24696.32,24640.03,24678.04,2510.15036,2023-02-18 15:15:00
1676734200000,24678.68,24723.52,24667.81,24696.69,2481.46069,2023-02-18 15:30:00
1676735100000,24697.53,24717.85,24666.47,24668.26,2294.89635,2023-02-18 15:45:00
1676736000000,24667.02,24681.38,24640.0,24679.6,2402.16434,2023-02-18 16:00:00
1676736900000,24680.36,24694.01,24645.48,24654.06,2291.76385,2023-02-18 16:15:00
1676737800000,24654.06,24682.68,24637.52,24641.15,2432.71871,2023-02-18 16:30:00
1676738700000,24641.15,24665.0,24635.01,24642.84,1769.28616,2023-02-18 16:45:00
1676739600000,24642.19,24669.52,24641.05,24649.5,1778.84143,2023-02-18 17:00:00
1676740500000,24649.5,24713.09,24624.82,24694.08,3269.49537,2023-02-18 17:15:00
1676741400000,24693.77,24700.0,24577.0,24635.77,3455.53442,2023-02-18 17:30:00
1676742300000,24635.77,24698.0,24603.35,24686.0,2508.27412,2023-02-18 17:45:00
1676743200000,24685.26,24877.0,24666.06,24813.82,5685.81813,2023-02-18 18:00:00
1676744100000,24815.1,24834.85,24737.22,24774.02,4258.18103,2023-02-18 18:15:00
1676745000000,24774.92,24780.84,24640.13,24703.81,4754.51956,2023-02-18 18:30:00
1676745900000,24703.81,24742.9,24697.33,24710.54,2068.21508,2023-02-18 18:45:00
1676746800000,24710.18,24734.14,24670.12,24702.96,2001.97966,2023-02-18 19:00:00
1676747700000,24702.96,24705.24,24664.1,24684.05,1421.1242,2023-02-18 19:15:00
1676748600000,24683.37,24700.0,24586.53,24593.62,2450.48267,2023-02-18 19:30:00
1676749500000,24594.17,24636.53,24567.9,24608.34,2965.05909,2023-02-18 19:45:00
1676750400000,24608.34,24626.5,24514.03,24569.51,3693.59942,2023-02-18 20:00:00
1676751300000,24569.05,24608.94,24562.75,24606.37,1755.63053,2023-02-18 20:15:00
1676752200000,24606.37,24628.62,24567.29,24604.81,1957.90737,2023-02-18 20:30:00
1676753100000,24605.45,24618.45,24583.2,24594.7,1338.57421,2023-02-18 20:45:00
1676754000000,24594.69,24614.12,24580.62,24586.58,1342.49841,2023-02-18 21:00:00
1676754900000,24586.05,24639.4,24585.84,24631.14,1517.74898,2023-02-18 21:15:00
1676755800000,24630.61,24634.83,24601.84,24616.61,1110.95566,2023-02-18 21:30:00
1676756700000,24616.61,24621.6,24588.5,24615.83,980.71838,2023-02-18 21:45:00
1676757600000,24616.31,24650.22,24614.05,24648.4,1363.77836,2023-02-18 22:00:00
1676758500000,24647.91,24664.9,24603.52,24658.91,1333.12515,2023-02-18 22:15:00
1676759400000,24658.91,24659.86,24600.0,24617.23,1275.61042,2023-02-18 22:30:00
1676760300000,24617.23,24643.01,24599.22,24627.32,876.66983,2023-02-18 22:45:00
1676761200000,24627.32,24666.0,24619.29,24630.68,1515.50443,2023-02-18 23:00:00
1676762100000,24631.44,24646.92,24619.66,24635.5,990.61152,2023-02-18 23:15:00
1676763000000,24636.12,24641.99,24618.67,24631.24,963.5423,2023-02-18 23:30:00
1676763900000,24631.92,24654.97,24621.0,24631.95,1087.67843,2023-02-18 23:45:00
1676764800000,24632.05,24645.62,24622.18,24645.2,1165.19551,2023-02-19 00:00:00
1676765700000,24645.2,24729.67,24633.69,24728.23,2239.65292,2023-02-19 00:15:00
1676766600000,24728.22,24730.33,24685.98,24724.53,1900.03794,2023-02-19 00:30:00
1676767500000,24723.48,24764.85,24691.63,24739.25,2182.9478,2023-02-19 00:45:00
1676768400000,24739.23,24770.67,24724.35,24763.28,2043.35611,2023-02-19 01:00:00
1676769300000,24763.28,24767.9,24635.94,24658.79,2393.86705,2023-02-19 01:15:00
1676770200000,24659.65,24725.0,24655.0,24719.52,1684.07791,2023-02-19 01:30:00
1676771100000,24720.12,24720.58,24669.18,24707.49,1517.79188,2023-02-19 01:45:00
1676772000000,24708.1,24733.29,24689.92,24708.52,1702.40288,2023-02-19 02:00:00
1676772900000,24708.52,24720.0,24682.93,24687.1,1111.47902,2023-02-19 02:15:00
1676773800000,24687.1,24700.83,24667.3,24677.85,1171.96381,2023-02-19 02:30:00
1676774700000,24677.84,24689.59,24667.49,24683.57,939.67364,2023-02-19 02:45:00
1676775600000,24683.02,24710.0,24675.58,24700.2,1427.30896,2023-02-19 03:00:00
1676776500000,24700.2,24702.81,24678.06,24685.28,1042.25479,2023-02-19 03:15:00
1676777400000,24686.02,24691.63,24677.0,24683.18,913.35698,2023-02-19 03:30:00
1676778300000,24683.51,24685.0,24660.05,24681.69,1120.9493,2023-02-19 03:45:00
1676779200000,24682.1,24704.99,24675.14,24685.94,1426.56487,2023-02-19 04:00:00
1676780100000,24685.94,24697.05,24672.5,24677.21,1070.31186,2023-02-19 04:15:00
1676781000000,24677.95,24725.13,24674.0,24691.29,1653.56114,2023-02-19 04:30:00
1676781900000,24691.0,24729.2,24687.86,24712.85,1392.71083,2023-02-19 04:45:00
1676782800000,24712.38,24760.35,24709.87,24747.04,2398.51284,2023-02-19 05:00:00
1676783700000,24747.04,24850.0,24735.46,24823.33,4878.36452,2023-02-19 05:15:00
1676784600000,24823.89,24832.83,24743.41,24744.79,2834.05157,2023-02-19 05:30:00
1676785500000,24744.79,24770.0,24706.39,24757.63,2986.92782,2023-02-19 05:45:00
1676786400000,24758.16,24760.79,24735.8,24749.65,1757.33853,2023-02-19 06:00:00
1676787300000,24748.38,24750.0,24684.5,24686.61,2647.08144,2023-02-19 06:15:00
1676788200000,24686.61,24690.0,24633.0,24677.62,3145.84554,2023-02-19 06:30:00
1676789100000,24678.46,24680.0,24610.2,24628.59,3155.01889,2023-02-19 06:45:00
1676790000000,24629.41,24666.57,24615.74,24659.76,2187.87542,2023-02-19 07:00:00
1676790900000,24659.76,24662.53,24570.6,24618.19,2579.30215,2023-02-19 07:15:00
1676791800000,24618.19,24649.99,24595.39,24615.67,1860.82518,2023-02-19 07:30:00
1676792700000,24615.66,24616.79,24563.23,24582.62,2302.08222,2023-02-19 07:45:00
1676793600000,24582.62,24617.0,24572.34,24606.96,1642.15023,2023-02-19 08:00:00
1676794500000,24606.96,24628.47,24571.58,24586.5,1969.78511,2023-02-19 08:15:00
1676795400000,24586.5,24612.51,24584.0,24596.72,1654.76086,2023-02-19 08:30:00
1676796300000,24596.72,24607.17,24560.47,24569.06,2003.13341,2023-02-19 08:45:00
1676797200000,24569.69,24617.0,24566.42,24609.36,1971.975,2023-02-19 09:00:00
1676798100000,24609.36,24629.99,24599.56,24600.64,1717.75632,2023-02-19 09:15:00
1676799000000,24600.02,24604.32,24575.1,24589.29,1388.89183,2023-02-19 09:30:00
1676799900000,24588.83,24614.52,24577.08,24599.42,1660.44727,2023-02-19 09:45:00
1676800800000,24599.42,24618.88,24581.0,24592.32,2042.85457,2023-02-19 10:00:00
1676801700000,24592.32,24637.0,24587.01,24634.48,1667.6733,2023-02-19 10:15:00
1676802600000,24634.64,24676.79,24606.07,24669.06,2341.59803,2023-02-19 10:30:00
1676803500000,24669.05,24683.74,24626.38,24654.81,2550.15157,2023-02-19 10:45:00
1676804400000,24654.16,24667.56,24647.21,24666.6,1461.45474,2023-02-19 11:00:00
1676805300000,24666.91,24706.77,24664.86,24692.07,2643.24477,2023-02-19 11:15:00
1676806200000,24692.95,24700.6,24646.68,24653.05,2157.32271,2023-02-19 11:30:00
1676807100000,24653.55,24681.52,24645.52,24669.43,1503.26059,2023-02-19 11:45:00
1676808000000,24669.43,24698.0,24660.21,24692.05,1903.63987,2023-02-19 12:00:00
1676808900000,24692.05,24700.0,24675.0,24681.64,1982.44209,2023-02-19 12:15:00
1676809800000,24681.22,24687.99,24656.44,24685.23,1687.75221,2023-02-19 12:30:00
1676810700000,24684.55,24705.5,24672.02,24696.68,2216.58106,2023-02-19 12:45:00
1676811600000,24696.68,24703.37,24685.02,24698.59,1932.5495,2023-02-19 13:00:00
1676812500000,24697.84,24714.0,24671.28,24690.44,2636.94052,2023-02-19 13:15:00
1676813400000,24690.44,24708.05,24678.0,24696.67,1982.48617,2023-02-19 13:30:00
1676814300000,24696.24,24701.45,24668.75,24669.99,1947.34642,2023-02-19 13:45:00
1676815200000,24670.72,24686.92,24668.38,24677.03,1801.44999,2023-02-19 14:00:00
1676816100000,24677.03,24752.84,24674.66,24734.45,3600.75951,2023-02-19 14:15:00
1676817000000,24735.07,24780.0,24707.71,24720.72,3500.21515,2023-02-19 14:30:00
1676817900000,24720.72,24800.0,24712.48,24758.6,3727.22926,2023-02-19 14:45:00
1676818800000,24757.79,24819.49,24740.97,24798.75,4091.79963,2023-02-19 15:00:00
1676819700000,24799.1,25046.0,24733.4,24799.7,15097.47193,2023-02-19 15:15:00
1676820600000,24797.44,24949.99,24790.42,24893.7,6480.18158,2023-02-19 15:30:00
1676821500000,24893.71,24942.15,24837.0,24922.21,4905.73163,2023-02-19 15:45:00
1676822400000,24922.21,25184.0,24893.26,25157.82,9572.92151,2023-02-19 16:00:00
1676823300000,25155.76,25192.0,25024.39,25071.89,8528.17517,2023-02-19 16:15:00
1676824200000,25070.41,25084.43,24869.42,24922.3,9107.12477,2023-02-19 16:30:00
1676825100000,24922.95,24939.2,24660.0,24777.62,9806.78596,2023-02-19 16:45:00
1676826000000,24777.62,24807.96,24425.09,24534.61,14703.15724,2023-02-19 17:00:00
1676826900000,24536.08,24655.94,24512.99,24624.97,6223.52917,2023-02-19 17:15:00
1676827800000,24624.19,24679.98,24559.88,24608.3,4392.72803,2023-02-19 17:30:00
1676828700000,24609.26,24609.26,24318.39,24361.74,8146.56231,2023-02-19 17:45:00
1676829600000,24364.38,24443.78,24277.53,24350.2,5819.35839,2023-02-19 18:00:00
1676830500000,24347.08,24483.73,24341.29,24456.21,4813.96921,2023-02-19 18:15:00
1676831400000,24457.25,24531.91,24421.8,24436.23,4217.14842,2023-02-19 18:30:00
1676832300000,24436.23,24498.24,24416.66,24464.45,2638.31389,2023-02-19 18:45:00
1676833200000,24465.4,24569.86,24455.56,24543.76,4012.54518,2023-02-19 19:00:00
1676834100000,24544.88,24566.55,24500.0,24534.0,2799.38149,2023-02-19 19:15:00
1676835000000,24534.0,24568.87,24512.0,24539.55,2607.51602,2023-02-19 19:30:00
1676835900000,24539.55,24563.0,24507.87,24523.79,2314.40332,2023-02-19 19:45:00
1676836800000,24523.04,24525.58,24372.0,24426.62,5579.40124,2023-02-19 20:00:00
1676837700000,24426.62,24434.4,24252.67,24321.94,6053.97021,2023-02-19 20:15:00
1676838600000,24322.02,24431.94,24307.69,24426.33,3404.35908,2023-02-19 20:30:00
1676839500000,24426.33,24533.79,24412.69,24518.52,3820.2088,2023-02-19 20:45:00
1676840400000,24518.52,24580.28,24483.51,24569.1,3246.32203,2023-02-19 21:00:00
1676841300000,24568.73,24576.8,24492.19,24522.1,2620.74292,2023-02-19 21:15:00
1676842200000,24520.97,24534.36,24479.35,24519.25,2115.83332,2023-02-19 21:30:00
1676843100000,24519.25,24543.95,24483.54,24541.08,1521.46581,2023-02-19 21:45:00
1676844000000,24541.87,24565.4,24485.49,24556.04,2114.86489,2023-02-19 22:00:00
1676844900000,24555.5,24560.97,24506.92,24543.51,1553.93781,2023-02-19 22:15:00
1676845800000,24543.51,24550.19,24446.86,24482.18,1657.07991,2023-02-19 22:30:00
1676846700000,24482.18,24496.48,24447.48,24491.15,1242.96165,2023-02-19 22:45:00
1676847600000,24491.84,24492.59,24363.0,24446.45,3427.39563,2023-02-19 23:00:00
1676848500000,24446.45,24467.29,24380.01,24394.64,2935.49559,2023-02-19 23:15:00
1676849400000,24394.64,24432.67,24336.47,24361.2,2618.91965,2023-02-19 23:30:00
1676850300000,24359.62,24379.78,24192.57,24271.76,4075.68865,2023-02-19 23:45:00
1676851200000,24272.51,24404.42,24265.6,24381.07,4491.31075,2023-02-20 00:00:00
1676852100000,24381.07,24411.52,24319.29,24320.35,2653.86287,2023-02-20 00:15:00
1676853000000,24320.35,24380.51,24287.85,24299.6,2287.14628,2023-02-20 00:30:00
1676853900000,24298.37,24319.77,24141.3,24211.07,4345.09165,2023-02-20 00:45:00
1676854800000,24210.49,24235.0,23851.0,23857.06,9216.96427,2023-02-20 01:00:00
1676855700000,23853.41,24034.7,23840.83,24002.87,7047.70607,2023-02-20 01:15:00
1676856600000,24002.88,24174.73,23991.9,24168.14,5044.07391,2023-02-20 01:30:00
1676857500000,24168.14,24298.0,24142.0,24236.97,5062.75693,2023-02-20 01:45:00
1676858400000,24236.97,24341.19,24154.1,24333.5,4359.46577,2023-02-20 02:00:00
1676859300000,24332.23,24339.21,24261.39,24285.66,3349.64617,2023-02-20 02:15:00
1676860200000,24286.42,24317.79,24250.01,24296.71,1946.75595,2023-02-20 02:30:00
1676861100000,24296.71,24385.0,24264.28,24344.03,3009.61851,2023-02-20 02:45:00
1676862000000,24344.03,24372.4,24316.4,24328.46,2416.37536,2023-02-20 03:00:00
1676862900000,24328.46,24421.45,24323.25,24415.48,2523.14487,2023-02-20 03:15:00
1676863800000,24415.48,24480.44,24382.73,24410.37,3651.99943,2023-02-20 03:30:00
1676864700000,24409.71,24455.97,24395.31,24418.95,1984.5841,2023-02-20 03:45:00
1676865600000,24417.86,24520.0,24402.87,24486.51,2870.22308,2023-02-20 04:00:00
1676866500000,24485.2,24555.0,24458.82,24468.5,3911.36267,2023-02-20 04:15:00
1676867400000,24467.58,24499.36,24437.76,24468.46,2244.15776,2023-02-20 04:30:00
1676868300000,24468.46,24512.24,24447.63,24484.26,2025.6905,2023-02-20 04:45:00
1676869200000,24484.26,24509.54,24447.9,24464.41,2438.12666,2023-02-20 05:00:00
1676870100000,24464.82,24471.5,24423.66,24453.43,2004.67032,2023-02-20 05:15:00
1676871000000,24454.12,24488.5,24450.98,24478.67,1732.69026,2023-02-20 05:30:00
1676871900000,24478.68,24505.8,24439.78,24492.32,1799.46361,2023-02-20 05:45:00
1676872800000,24491.18,24535.91,24471.06,24500.46,2657.60158,2023-02-20 06:00:00
1676873700000,24499.11,24523.0,24442.56,24461.72,2480.23633,2023-02-20 06:15:00
1676874600000,24461.73,24468.69,24419.45,24430.64,1899.48951,2023-02-20 06:30:00
1676875500000,24432.24,24524.99,24429.55,24501.55,2356.56499,2023-02-20 06:45:00
1676876400000,24502.62,24540.0,24476.59,24478.65,2416.18935,2023-02-20 07:00:00
1676877300000,24479.75,24494.0,24453.13,24468.24,2442.63478,2023-02-20 07:15:00
1676878200000,24468.23,24534.0,24459.55,24515.09,2611.7351,2023-02-20 07:30:00
1676879100000,24515.82,24538.32,24500.78,24503.65,2116.73441,2023-02-20 07:45:00
1676880000000,24503.65,24521.96,24495.97,24510.53,2145.15098,2023-02-20 08:00:00
1676880900000,24511.25,24570.04,24469.0,24471.81,3613.34429,2023-02-20 08:15:00
1676881800000,24471.8,24485.39,24405.05,24477.23,3648.59748,2023-02-20 08:30:00
1676882700000,24478.62,24507.44,24436.77,24459.14,2354.81124,2023-02-20 08:45:00
1676883600000,24459.14,24487.0,24437.0,24438.28,2540.77501,2023-02-20 09:00:00
1676884500000,24437.67,24528.5,24373.33,24524.04,4401.05982,2023-02-20 09:15:00
1676885400000,24523.14,24845.96,24479.06,24768.56,8365.87317,2023-02-20 09:30:00
1676886300000,24768.56,24945.0,24765.95,24884.3,7906.48816,2023-02-20 09:45:00
1676887200000,24882.56,24983.71,24765.15,24958.65,8867.11116,2023-02-20 10:00:00
1676888100000,24959.63,24977.44,24800.39,24833.41,6261.81619,2023-02-20 10:15:00
1676889000000,24834.4,24910.5,24770.71,24894.06,6959.19457,2023-02-20 10:30:00
1676889900000,24894.06,24960.0,24863.82,24907.56,4801.32484,2023-02-20 10:45:00
1676890800000,24908.44,24929.65,24843.75,24886.87,3475.34769,2023-02-20 11:00:00
1676891700000,24886.87,24926.31,24800.78,24855.19,3807.2598,2023-02-20 11:15:00
1676892600000,24856.57,24901.83,24677.47,24892.81,5425.65123,2023-02-20 11:30:00
1676893500000,24891.49,24958.38,24861.5,24890.0,5071.93452,2023-02-20 11:45:00
1676894400000,24889.0,24918.21,24841.96,24842.22,3547.09696,2023-02-20 12:00:00
1676895300000,24842.22,24883.65,24808.59,24843.99,3185.54981,2023-02-20 12:15:00
1676896200000,24843.99,24865.43,24758.27,24792.19,3904.99277,2023-02-20 12:30:00
1676897100000,24792.19,24829.95,24720.0,24815.98,5158.98774,2023-02-20 12:45:00
1676898000000,24815.97,24869.04,24809.69,24853.86,2901.75013,2023-02-20 13:00:00
1676898900000,24853.84,24919.09,24800.8,24912.38,3741.59497,2023-02-20 13:15:00
1676899800000,24913.15,24925.0,24846.75,24894.63,3153.01925,2023-02-20 13:30:00
1676900700000,24894.63,24909.01,24839.97,24855.25,2529.03378,2023-02-20 13:45:00
1676901600000,24854.37,24919.52,24794.82,24892.02,3524.09633,2023-02-20 14:00:00
1676902500000,24893.31,25000.0,24834.64,24838.31,6551.48646,2023-02-20 14:15:00
1676903400000,24835.81,25121.23,24783.44,24870.43,11414.82317,2023-02-20 14:30:00
1676904300000,24873.84,24999.88,24808.27,24971.0,7724.43451,2023-02-20 14:45:00
1676905200000,24970.0,25100.0,24866.0,24898.43,9313.86768,2023-02-20 15:00:00
1676906100000,24898.43,24986.0,24860.0,24911.47,5636.52537,2023-02-20 15:15:00
1676907000000,24912.98,25036.33,24894.0,24993.59,5179.16425,2023-02-20 15:30:00
1676907900000,24993.59,25007.32,24920.01,24942.87,3498.45324,2023-02-20 15:45:00
1676908800000,24942.87,24957.32,24806.53,24846.73,6667.94506,2023-02-20 16:00:00
1676909700000,24846.73,24888.53,24718.0,24788.36,6865.31715,2023-02-20 16:15:00
1676910600000,24789.65,24846.48,24622.0,24793.23,7062.61296,2023-02-20 16:30:00
1676911500000,24792.07,24933.85,24774.17,24884.2,5798.95401,2023-02-20 16:45:00
1676912400000,24883.03,24904.84,24767.32,24840.54,4110.85119,2023-02-20 17:00:00
1676913300000,24840.54,24841.12,24761.87,24832.85,2770.15591,2023-02-20 17:15:00
1676914200000,24833.39,24906.38,24785.69,24859.0,3031.5107,2023-02-20 17:30:00
1676915100000,24858.06,24889.48,24802.46,24810.05,2527.49444,2023-02-20 17:45:00
1676916000000,24810.51,24842.06,24751.28,24812.12,2668.93103,2023-02-20 18:00:00
1676916900000,24811.32,24825.23,24757.0,24801.25,2890.35659,2023-02-20 18:15:00
1676917800000,24800.35,24828.7,24750.0,24826.16,2054.53701,2023-02-20 18:30:00
1676918700000,24826.16,24835.0,24796.39,24819.67,1546.25186,2023-02-20 18:45:00
1676919600000,24820.46,24869.16,24803.39,24867.46,2508.32755,2023-02-20 19:00:00
1676920500000,24867.46,24888.23,24820.14,24854.62,2332.84358,2023-02-20 19:15:00
1676921400000,24853.96,24866.86,24829.0,24847.77,1594.73327,2023-02-20 19:30:00
1676922300000,24847.77,24879.3,24825.05,24872.19,2031.53532,2023-02-20 19:45:00
1676923200000,24872.18,24887.2,24806.52,24818.55,2527.69228,2023-02-20 20:00:00
1676924100000,24818.56,24832.63,24782.0,24811.41,1909.98912,2023-02-20 20:15:00
1676925000000,24811.42,24824.98,24780.0,24796.62,1716.45618,2023-02-20 20:30:00
1676925900000,24796.62,24824.87,24768.01,24800.92,1718.24978,2023-02-20 20:45:00
1676926800000,24800.92,24809.85,24758.0,24790.56,1635.21066,2023-02-20 21:00:00
1676927700000,24791.22,24804.01,24762.4,24788.75,1541.07131,2023-02-20 21:15:00
1676928600000,24788.75,24828.04,24751.77,24827.89,1638.16419,2023-02-20 21:30:00
1676929500000,24827.89,24828.5,24765.0,24769.57,1511.42745,2023-02-20 21:45:00
1676930400000,24768.7,24783.43,24752.88,24774.04,1298.56385,2023-02-20 22:00:00
1676931300000,24774.04,24777.03,24655.0,24695.12,2665.21132,2023-02-20 22:15:00
1676932200000,24695.12,24749.7,24680.14,24707.66,1757.06456,2023-02-20 22:30:00
1676933100000,24708.22,24768.44,24692.18,24704.52,1674.3203,2023-02-20 22:45:00
1676934000000,24704.18,24823.71,24697.27,24823.71,2545.24891,2023-02-20 23:00:00
1676934900000,24822.09,24826.31,24760.63,24790.75,1408.31017,2023-02-20 23:15:00
1676935800000,24790.0,24803.88,24762.26,24775.37,1285.66457,2023-02-20 23:30:00
1676936700000,24774.73,24848.22,24771.46,24842.2,1634.87732,2023-02-20 23:45:00
1676937600000,24843.89,24848.22,24787.6,24821.84,2120.21436,2023-02-21 00:00:00
1676938500000,24821.16,24827.11,24781.5,24817.89,1801.20176,2023-02-21 00:15:00
1676939400000,24817.89,24940.0,24814.17,24911.82,3669.69511,2023-02-21 00:30:00
1676940300000,24911.82,24912.92,24846.36,24858.6,1981.06024,2023-02-21 00:45:00
1676941200000,24858.6,24872.56,24822.32,24854.33,2158.66856,2023-02-21 01:00:00
1676942100000,24855.0,24888.88,24805.38,24826.55,2122.73926,2023-02-21 01:15:00
1676943000000,24825.66,24881.02,24802.34,24865.98,2055.18872,2023-02-21 01:30:00
1676943900000,24865.25,24931.26,24854.44,24863.71,2549.79635,2023-02-21 01:45:00
1676944800000,24862.93,24910.0,24856.04,24886.8,2163.08323,2023-02-21 02:00:00
1676945700000,24886.71,24943.0,24876.8,24926.46,2365.13126,2023-02-21 02:15:00
1676946600000,24925.59,25093.23,24919.93,25072.35,7186.95831,2023-02-21 02:30:00
1676947500000,25071.56,25076.67,24887.83,24911.51,4463.66225,2023-02-21 02:45:00
1676948400000,24910.32,24979.97,24847.0,24949.44,4808.74314,2023-02-21 03:00:00
1676949300000,24949.44,25004.88,24907.01,24975.71,2893.99567,2023-02-21 03:15:00
1676950200000,24975.66,25014.35,24921.74,24928.32,3078.18093,2023-02-21 03:30:00
1676951100000,24928.99,24953.45,24911.01,24926.56,2071.58076,2023-02-21 03:45:00
1676952000000,24926.56,24944.6,24893.26,24905.74,2120.5641,2023-02-21 04:00:00
1676952900000,24905.74,24929.0,24866.11,24928.3,2155.36954,2023-02-21 04:15:00
1676953800000,24927.23,24928.32,24854.18,24875.03,2106.36519,2023-02-21 04:30:00
1676954700000,24874.33,24917.74,24860.01,24904.14,1945.36537,2023-02-21 04:45:00
1676955600000,24904.98,24917.02,24870.27,24884.02,1908.64558,2023-02-21 05:00:00
1676956500000,24883.39,24917.0,24877.13,24903.56,1749.75768,2023-02-21 05:15:00
1676957400000,24902.82,24938.56,24899.03,24911.42,2040.49953,2023-02-21 05:30:00
1676958300000,24911.42,24964.4,24908.36,24945.37,2167.39759,2023-02-21 05:45:00
1676959200000,24946.44,24980.66,24929.33,24975.33,2509.36898,2023-02-21 06:00:00
1676960100000,24974.76,24984.63,24931.14,24945.15,2139.2692,2023-02-21 06:15:00
1676961000000,24944.73,24979.99,24923.34,24971.61,2050.16492,2023-02-21 06:30:00
1676961900000,24971.61,25045.04,24958.2,25032.42,3505.75666,2023-02-21 06:45:00
1676962800000,25033.02,25034.7,24936.99,25019.05,4021.80646,2023-02-21 07:00:00
1676963700000,25019.05,25020.75,24980.0,24993.93,2029.26822,2023-02-21 07:15:00
1676964600000,24993.93,25014.61,24971.55,24987.92,2140.50963,2023-02-21 07:30:00
1676965500000,24988.79,25050.0,24980.11,24999.95,3276.9247,2023-02-21 07:45:00
1676966400000,24999.77,25076.1,24980.19,25036.02,4118.51015,2023-02-21 08:00:00
1676967300000,25036.02,25250.0,25013.0,25051.68,10394.9359,2023-02-21 08:15:00
1676968200000,25051.68,25090.98,24767.01,24812.11,13988.02898,2023-02-21 08:30:00
1676969100000,24813.11,24814.66,24627.44,24689.23,9840.46642,2023-02-21 08:45:00
1676970000000,24689.66,24763.51,24555.55,24657.51,5727.72813,2023-02-21 09:00:00
1676970900000,24657.51,24750.0,24651.01,24720.29,3097.97407,2023-02-21 09:15:00
1676971800000,24720.79,24836.98,24707.29,24798.4,5328.4334,2023-02-21 09:30:00
1676972700000,24798.4,24834.06,24752.0,24799.99,3913.06052,2023-02-21 09:45:00
1676973600000,24799.99,24806.98,24733.99,24735.6,3058.47437,2023-02-21 10:00:00
1676974500000,24734.64,24776.98,24698.73,24766.21,3558.16401,2023-02-21 10:15:00
1676975400000,24766.21,24777.0,24687.88,24719.63,3364.13053,2023-02-21 10:30:00
1676976300000,24719.63,24749.93,24675.39,24702.72,3823.99743,2023-02-21 10:45:00
1676977200000,24703.2,24724.97,24647.75,24662.71,3721.46454,2023-02-21 11:00:00
1676978100000,24663.76,24755.0,24652.39,24730.14,3014.27077,2023-02-21 11:15:00
1676979000000,24730.14,24752.0,24656.41,24687.74,3629.98998,2023-02-21 11:30:00
1676979900000,24688.92,24698.97,24561.58,24572.83,5599.20341,2023-02-21 11:45:00
1676980800000,24572.83,24642.2,24488.0,24611.74,7620.10969,2023-02-21 12:00:00
1676981700000,24612.7,24613.85,24516.82,24600.12,4465.73074,2023-02-21 12:15:00
1676982600000,24600.12,24665.31,24582.79,24599.58,4186.40742,2023-02-21 12:30:00
1676983500000,24599.98,24654.9,24597.13,24634.0,2224.69096,2023-02-21 12:45:00
1676984400000,24633.99,24664.6,24617.02,24649.66,2802.72219,2023-02-21 13:00:00
1676985300000,24650.34,24697.54,24607.0,24637.91,3464.60069,2023-02-21 13:15:00
1676986200000,24637.92,24698.0,24616.09,24624.43,3226.52284,2023-02-21 13:30:00
1676987100000,24625.04,24653.26,24510.27,24569.8,5354.36816,2023-02-21 13:45:00
1676988000000,24569.73,24625.0,24548.33,24604.7,3928.1812,2023-02-21 14:00:00
1676988900000,24605.48,24666.99,24595.25,24643.12,3721.25733,2023-02-21 14:15:00
1676989800000,24643.11,24790.0,24598.79,24745.12,8144.16528,2023-02-21 14:30:00
1676990700000,24744.94,24754.09,24652.36,24684.93,7246.11726,2023-02-21 14:45:00
1676991600000,24684.7,24722.0,24580.0,24596.92,5599.13032,2023-02-21 15:00:00
1676992500000,24596.92,24602.67,24408.0,24519.03,8552.33629,2023-02-21 15:15:00
1676993400000,24519.02,24625.77,24475.01,24590.56,5097.34888,2023-02-21 15:30:00
1676994300000,24589.92,24632.9,24540.33,24558.09,3970.06512,2023-02-21 15:45:00
1676995200000,24556.81,24588.33,24376.0,24452.62,5553.3518,2023-02-21 16:00:00
1676996100000,24450.5,24468.85,24311.04,24372.0,7400.16882,2023-02-21 16:15:00
1676997000000,24373.05,24436.35,24279.35,24406.21,6763.4932,2023-02-21 16:30:00
1676997900000,24407.59,24445.58,24369.37,24403.27,4458.97423,2023-02-21 16:45:00
1676998800000,24402.23,24444.06,24378.39,24385.86,3204.29519,2023-02-21 17:00:00
1676999700000,24384.28,24445.46,24370.83,24406.98,3160.51034,2023-02-21 17:15:00
1677000600000,24408.03,24511.1,24398.96,24478.14,3493.90724,2023-02-21 17:30:00
1677001500000,24478.14,24660.78,24470.19,24655.45,5896.93014,2023-02-21 17:45:00
1677002400000,24656.65,24745.78,24575.42,24657.1,8979.16935,2023-02-21 18:00:00
1677003300000,24657.48,24686.66,24619.85,24637.58,4087.01243,2023-02-21 18:15:00
1677004200000,24636.72,24650.56,24560.0,24597.15,3990.52545,2023-02-21 18:30:00
1677005100000,24597.15,24730.48,24581.06,24685.06,4553.97936,2023-02-21 18:45:00
1677006000000,24685.84,24692.29,24624.18,24649.01,3128.0317,2023-02-21 19:00:00
1677006900000,24648.23,24651.28,24555.15,24633.43,3591.34733,2023-02-21 19:15:00
1677007800000,24633.43,24697.35,24550.0,24611.2,4659.42743,2023-02-21 19:30:00
1677008700000,24610.29,24636.16,24581.0,24602.88,2601.7715,2023-02-21 19:45:00
1677009600000,24602.88,24639.56,24550.44,24557.8,2851.56488,2023-02-21 20:00:00
1677010500000,24557.8,24595.0,24436.81,24459.96,4128.63876,2023-02-21 20:15:00
1677011400000,24460.6,24528.33,24419.74,24474.11,3493.05074,2023-02-21 20:30:00
1677012300000,24474.11,24498.15,24441.66,24465.63,3126.86557,2023-02-21 20:45:00
1677013200000,24464.31,24538.52,24354.0,24379.29,3864.49174,2023-02-21 21:00:00
1677014100000,24380.66,24400.87,24148.34,24225.15,8089.43538,2023-02-21 21:15:00
1677015000000,24225.15,24337.74,24207.4,24279.37,3755.83974,2023-02-21 21:30:00
1677015900000,24277.96,24295.65,24160.0,24201.2,3639.48123,2023-02-21 21:45:00
1677016800000,24201.2,24322.38,24154.98,24252.93,3386.43425,2023-02-21 22:00:00
1677017700000,24252.93,24312.83,24235.2,24295.68,1993.31934,2023-02-21 22:15:00
1677018600000,24295.68,24365.86,24270.25,24354.54,1857.67938,2023-02-21 22:30:00
1677019500000,24355.05,24425.0,24330.0,24384.11,2104.12323,2023-02-21 22:45:00
1677020400000,24383.8,24403.41,24342.5,24390.03,2232.86217,2023-02-21 23:00:00
1677021300000,24390.04,24392.3,24335.6,24354.34,1519.1681,2023-02-21 23:15:00
1677022200000,24354.13,24402.23,24344.94,24375.15,1511.53497,2023-02-21 23:30:00
1677023100000,24376.37,24459.12,24366.53,24452.16,1783.92345,2023-02-21 23:45:00
1677024000000,24450.67,24476.05,24414.36,24445.41,3039.51438,2023-02-22 00:00:00
1677024900000,24444.51,24468.88,24397.01,24421.58,2282.18902,2023-02-22 00:15:00
1677025800000,24422.68,24425.44,24351.06,24357.54,2206.92675,2023-02-22 00:30:00
1677026700000,24358.68,24420.52,24264.27,24412.47,3832.9302,2023-02-22 00:45:00
1677027600000,24411.32,24436.01,24348.0,24373.06,3047.66194,2023-02-22 01:00:00
1677028500000,24372.07,24419.0,24337.92,24357.6,1906.41501,2023-02-22 01:15:00
1677029400000,24357.6,24393.97,24261.84,24327.74,2913.71938,2023-02-22 01:30:00
1677030300000,24327.74,24331.09,24108.0,24175.5,6180.58064,2023-02-22 01:45:00
1677031200000,24175.72,24179.47,23951.64,24046.23,11603.11412,2023-02-22 02:00:00
1677032100000,24046.23,24140.0,23999.01,24030.31,4827.67688,2023-02-22 02:15:00
1677033000000,24031.84,24152.95,23855.55,24140.37,7845.09796,2023-02-22 02:30:00
1677033900000,24139.1,24192.32,24109.12,24170.47,3955.11812,2023-02-22 02:45:00
1677034800000,24172.23,24270.88,24120.35,24209.32,4327.69378,2023-02-22 03:00:00
1677035700000,24209.32,24235.01,24159.59,24213.18,2705.92901,2023-02-22 03:15:00
1677036600000,24212.79,24228.94,24150.15,24161.75,2950.14435,2023-02-22 03:30:00
1677037500000,24161.24,24251.39,24160.0,24201.85,3328.47211,2023-02-22 03:45:00
1677038400000,24202.67,24220.0,24168.66,24207.83,2493.13964,2023-02-22 04:00:00
1677039300000,24206.72,24221.6,24138.01,24144.18,2823.27568,2023-02-22 04:15:00
1677040200000,24143.63,24161.17,24023.47,24096.05,3632.39431,2023-02-22 04:30:00
1677041100000,24096.73,24170.44,24024.58,24155.23,3377.13415,2023-02-22 04:45:00
1677042000000,24156.53,24172.01,24077.66,24096.45,2571.43336,2023-02-22 05:00:00
1677042900000,24096.45,24122.0,23992.93,24018.19,3770.99129,2023-02-22 05:15:00
1677043800000,24018.19,24091.32,24008.7,24043.73,3554.80549,2023-02-22 05:30:00
1677044700000,24042.84,24115.06,24025.2,24107.02,2693.18666,2023-02-22 05:45:00
1677045600000,24105.55,24129.1,24073.37,24089.37,2566.40841,2023-02-22 06:00:00
1677046500000,24090.1,24097.13,24021.33,24040.45,2901.37593,2023-02-22 06:15:00
1677047400000,24039.45,24049.31,23951.57,23988.82,4538.32091,2023-02-22 06:30:00
1677048300000,23988.82,24048.62,23931.09,23950.15,4327.60748,2023-02-22 06:45:00
1677049200000,23950.15,24024.39,23931.0,24003.58,3940.67783,2023-02-22 07:00:00
1677050100000,24004.9,24088.98,23981.59,23981.59,3709.70038,2023-02-22 07:15:00
1677051000000,23981.59,24048.99,23966.73,24039.94,2901.33486,2023-02-22 07:30:00
1677051900000,24039.94,24101.62,24022.93,24060.95,3457.37851,2023-02-22 07:45:00
1677052800000,24059.73,24070.98,23993.46,24003.61,3283.53293,2023-02-22 08:00:00
1677053700000,24004.44,24043.11,23958.77,24000.41,3059.27878,2023-02-22 08:15:00
1677054600000,24001.61,24007.3,23860.61,23874.16,6269.87984,2023-02-22 08:30:00
1677055500000,23872.74,23977.95,23860.88,23965.78,3903.54161,2023-02-22 08:45:00
1677056400000,23965.78,23998.0,23941.83,23993.48,3634.2647,2023-02-22 09:00:00
1677057300000,23993.47,24085.42,23970.01,24077.5,3770.20578,2023-02-22 09:15:00
1677058200000,24077.5,24116.0,24001.08,24109.34,4990.79233,2023-02-22 09:30:00
1677059100000,24109.34,24171.9,24088.37,24105.6,4353.0182,2023-02-22 09:45:00
1677060000000,24107.54,24143.66,24083.88,24091.28,3021.88966,2023-02-22 10:00:00
1677060900000,24091.27,24145.03,24076.06,24096.99,2632.3278,2023-02-22 10:15:00
1677061800000,24098.11,24197.99,24087.15,24168.05,3057.56634,2023-02-22 10:30:00
1677062700000,24168.05,24200.0,24149.96,24181.69,2500.37411,2023-02-22 10:45:00
1677063600000,24182.38,24199.87,24149.51,24152.69,2694.45548,2023-02-22 11:00:00
1677064500000,24153.37,24216.55,24087.91,24097.84,4002.13759,2023-02-22 11:15:00
1677065400000,24098.99,24143.62,24043.43,24126.59,4341.10249,2023-02-22 11:30:00
1677066300000,24128.07,24170.45,24081.11,24160.87,2899.25685,2023-02-22 11:45:00
1677067200000,24160.87,24184.04,24138.68,24175.34,2645.9974,2023-02-22 12:00:00
1677068100000,24175.34,24235.37,24159.77,24210.53,3479.89667,2023-02-22 12:15:00
1677069000000,24211.35,24216.24,24166.21,24169.71,2872.19828,2023-02-22 12:30:00
1677069900000,24168.72,24190.35,24086.19,24129.68,4082.56893,2023-02-22 12:45:00
1677070800000,24130.67,24155.37,23958.0,24018.68,5960.20817,2023-02-22 13:00:00
1677071700000,24017.52,24119.98,23980.7,24071.6,4066.95044,2023-02-22 13:15:00
1677072600000,24072.88,24126.87,24026.59,24108.83,3111.00065,2023-02-22 13:30:00
1677073500000,24110.13,24142.49,24091.47,24109.71,2892.60076,2023-02-22 13:45:00
1677074400000,24110.8,24118.51,23980.2,24002.33,5277.56262,2023-02-22 14:00:00
1677075300000,24001.21,24028.08,23936.0,23974.51,5403.6185,2023-02-22 14:15:00
1677076200000,23976.85,24063.18,23970.96,24035.54,6510.40922,2023-02-22 14:30:00
1677077100000,24035.54,24074.15,23916.32,23939.75,5911.68889,2023-02-22 14:45:00
1677078000000,23939.75,24005.11,23738.0,23818.2,11881.69412,2023-02-22 15:00:00
1677078900000,23817.15,23849.75,23627.08,23754.52,10630.75495,2023-02-22 15:15:00
1677079800000,23752.55,23783.94,23677.52,23745.72,6744.15769,2023-02-22 15:30:00
1677080700000,23745.72,23793.96,23702.34,23713.61,4780.10004,2023-02-22 15:45:00
1677081600000,23714.94,23766.68,23688.18,23697.03,5078.84486,2023-02-22 16:00:00
1677082500000,23695.44,23750.09,23612.02,23684.03,4594.88864,2023-02-22 16:15:00
1677083400000,23683.98,23716.64,23633.0,23704.59,4814.26637,2023-02-22 16:30:00
1677084300000,23703.29,23711.0,23574.69,23634.98,4975.13216,2023-02-22 16:45:00
1677085200000,23633.64,23661.6,23588.63,23599.42,3983.47636,2023-02-22 17:00:00
1677086100000,23599.42,23737.0,23598.2,23700.19,4270.51035,2023-02-22 17:15:00
1677087000000,23700.84,23785.79,23697.56,23759.78,3790.5989,2023-02-22 17:30:00
1677087900000,23759.77,23773.28,23715.87,23745.83,2544.91171,2023-02-22 17:45:00
1677088800000,23745.83,23816.0,23727.57,23782.14,3199.71066,2023-02-22 18:00:00
1677089700000,23780.87,23834.32,23773.0,23822.65,2775.05812,2023-02-22 18:15:00
1677090600000,23821.8,23831.73,23778.44,23819.26,2835.1511,2023-02-22 18:30:00
1677091500000,23819.22,23823.53,23720.0,23740.08,3352.39067,2023-02-22 18:45:00
1677092400000,23740.08,23972.97,23650.0,23825.95,13187.24274,2023-02-22 19:00:00
1677093300000,23824.53,23917.09,23723.68,23825.71,6542.36924,2023-02-22 19:15:00
1677094200000,23827.45,23832.58,23729.69,23787.73,4769.90883,2023-02-22 19:30:00
1677095100000,23787.73,23902.0,23755.34,23791.67,4055.28064,2023-02-22 19:45:00
1677096000000,23791.68,23849.0,23768.0,23807.61,3471.74085,2023-02-22 20:00:00
1677096900000,23806.12,23877.99,23797.41,23813.19,3367.66059,2023-02-22 20:15:00
1677097800000,23813.19,23821.1,23750.0,23759.77,2814.78583,2023-02-22 20:30:00
1677098700000,23759.77,23799.49,23735.19,23799.49,2709.07706,2023-02-22 20:45:00
1677099600000,23798.25,23848.81,23789.12,23795.69,2020.25187,2023-02-22 21:00:00
1677100500000,23795.05,23829.08,23787.55,23827.15,1170.489,2023-02-22 21:15:00
1677101400000,23827.15,23831.85,23747.92,23758.14,1611.9454,2023-02-22 21:30:00
1677102300000,23758.74,23820.64,23740.0,23801.77,1570.97547,2023-02-22 21:45:00
1677103200000,23802.73,23842.79,23780.74,23833.24,1443.74851,2023-02-22 22:00:00
1677104100000,23833.24,23979.98,23830.02,23975.18,3199.61539,2023-02-22 22:15:00
1677105000000,23976.21,24090.0,23920.0,24002.28,3304.64818,2023-02-22 22:30:00
1677105900000,24004.4,24105.01,24000.33,24100.68,2155.66202,2023-02-22 22:45:00
1677106800000,24102.93,24214.5,24077.64,24192.84,4260.1291,2023-02-22 23:00:00
1677107700000,24192.84,24218.64,24119.37,24183.1,2646.15679,2023-02-22 23:15:00
1677108600000,24182.72,24186.33,24109.87,24132.48,1799.33021,2023-02-22 23:30:00
1677109500000,24133.98,24218.92,24102.57,24182.21,2232.41567,2023-02-22 23:45:00
1677110400000,24182.21,24216.0,24155.46,24207.02,2740.30013,2023-02-23 00:00:00
1677111300000,24207.78,24246.06,24166.99,24184.89,2985.53808,2023-02-23 00:15:00
1677112200000,24184.9,24224.06,24128.94,24154.77,2724.84927,2023-02-23 00:30:00
1677113100000,24153.71,24167.33,24124.33,24129.22,1710.99896,2023-02-23 00:45:00
1677114000000,24129.96,24182.83,24125.16,24147.64,1955.5914,2023-02-23 01:00:00
1677114900000,24147.1,24167.42,24128.62,24149.48,1609.01786,2023-02-23 01:15:00
1677115800000,24149.23,24208.16,24143.32,24151.78,2376.7677,2023-02-23 01:30:00
1677116700000,24151.05,24200.0,24141.01,24189.43,1705.98942,2023-02-23 01:45:00
1677117600000,24189.43,24271.49,24179.63,24185.6,4994.47215,2023-02-23 02:00:00
1677118500000,24186.68,24284.41,24165.77,24257.43,3282.91423,2023-02-23 02:15:00
1677119400000,24257.43,24551.9,24250.02,24537.62,10060.71673,2023-02-23 02:30:00
1677120300000,24539.98,24594.0,24500.0,24531.61,6937.2618,2023-02-23 02:45:00
1677121200000,24531.61,24599.59,24499.16,24517.81,4853.86502,2023-02-23 03:00:00
1677122100000,24519.46,24586.61,24515.88,24531.63,3369.25723,2023-02-23 03:15:00
1677123000000,24530.76,24560.0,24490.1,24498.03,3218.75347,2023-02-23 03:30:00
1677123900000,24498.03,24514.51,24433.83,24454.85,3501.76104,2023-02-23 03:45:00
1677124800000,24454.85,24491.24,24436.09,24438.84,2889.10431,2023-02-23 04:00:00
1677125700000,24438.84,24479.82,24421.48,24448.98,2603.10459,2023-02-23 04:15:00
1677126600000,24448.43,24475.06,24428.64,24473.9,1846.10369,2023-02-23 04:30:00
1677127500000,24473.15,24526.08,24451.79,24521.24,2231.07194,2023-02-23 04:45:00
1677128400000,24519.92,24523.56,24480.67,24498.6,2453.55234,2023-02-23 05:00:00
1677129300000,24498.6,24517.32,24456.63,24466.81,2423.65362,2023-02-23 05:15:00
1677130200000,24467.51,24476.34,24369.74,24393.72,4272.71761,2023-02-23 05:30:00
1677131100000,24392.98,24417.57,24346.32,24391.34,2999.36326,2023-02-23 05:45:00
1677132000000,24391.34,24416.11,24363.46,24388.86,2356.4008,2023-02-23 06:00:00
1677132900000,24389.77,24391.88,24362.94,24367.48,1866.15756,2023-02-23 06:15:00
1677133800000,24368.16,24373.87,24311.35,24363.0,2908.83733,2023-02-23 06:30:00
1677134700000,24364.38,24401.73,24352.81,24390.36,2015.31813,2023-02-23 06:45:00
1677135600000,24389.6,24426.51,24366.0,24401.69,2834.32974,2023-02-23 07:00:00
1677136500000,24400.62,24429.72,24397.5,24415.06,2548.64372,2023-02-23 07:15:00
1677137400000,24416.0,24423.69,24383.38,24388.91,2117.13532,2023-02-23 07:30:00
1677138300000,24388.91,24430.0,24361.77,24376.27,2527.47323,2023-02-23 07:45:00
1677139200000,24377.12,24427.83,24362.41,24426.55,2419.55552,2023-02-23 08:00:00
1677140100000,24426.55,24494.28,24375.0,24432.73,4457.7611,2023-02-23 08:15:00
1677141000000,24432.73,24482.73,24409.1,24437.12,3044.78124,2023-02-23 08:30:00
1677141900000,24438.2,24457.09,24400.83,24406.78,2382.03223,2023-02-23 08:45:00
1677142800000,24406.78,24437.63,24397.13,24433.58,2217.6585,2023-02-23 09:00:00
1677143700000,24434.0,24468.75,24380.54,24397.1,3407.65849,2023-02-23 09:15:00
1677144600000,24398.37,24401.37,24331.53,24367.96,2922.35332,2023-02-23 09:30:00
1677145500000,24367.96,24379.16,24264.58,24282.42,3635.15279,2023-02-23 09:45:00
1677146400000,24282.42,24301.89,24190.0,24246.34,5452.26968,2023-02-23 10:00:00
1677147300000,24246.29,24312.61,24226.4,24310.36,3225.49062,2023-02-23 10:15:00
1677148200000,24309.58,24314.34,24233.91,24266.52,3061.617,2023-02-23 10:30:00
1677149100000,24266.52,24282.75,24227.63,24255.92,2340.01178,2023-02-23 10:45:00
1677150000000,24255.93,24268.61,24219.29,24232.87,2759.77366,2023-02-23 11:00:00
1677150900000,24232.29,24234.88,23850.0,23865.59,10584.59456,2023-02-23 11:15:00
1677151800000,23863.46,23937.99,23660.0,23783.3,14158.09455,2023-02-23 11:30:00
1677152700000,23783.3,23794.59,23647.46,23780.2,6888.89422,2023-02-23 11:45:00
1677153600000,23780.21,23783.01,23608.0,23747.33,7808.97719,2023-02-23 12:00:00
1677154500000,23745.87,23863.0,23726.09,23824.84,6795.10009,2023-02-23 12:15:00
1677155400000,23824.84,23859.35,23790.6,23829.38,3725.70356,2023-02-23 12:30:00
1677156300000,23829.38,24008.0,23797.63,23912.09,7692.69698,2023-02-23 12:45:00
1677157200000,23912.82,24163.0,23909.95,24106.9,7471.6589,2023-02-23 13:00:00
1677158100000,24108.81,24228.44,24053.2,24146.82,9123.39862,2023-02-23 13:15:00
1677159000000,24146.82,24195.79,23989.47,24084.13,10602.71986,2023-02-23 13:30:00
1677159900000,24085.44,24111.3,23837.67,24010.23,9911.29516,2023-02-23 13:45:00
1677160800000,24007.81,24160.44,23955.06,24086.1,7067.4749,2023-02-23 14:00:00
1677161700000,24084.46,24152.49,24020.0,24046.67,5203.22016,2023-02-23 14:15:00
1677162600000,24046.67,24108.55,23911.94,23941.89,8564.96333,2023-02-23 14:30:00
1677163500000,23942.73,24096.38,23937.85,24011.3,7021.00663,2023-02-23 14:45:00
1677164400000,24012.02,24035.0,23861.45,23940.97,7209.14218,2023-02-23 15:00:00
1677165300000,23939.89,24038.84,23904.8,23990.91,5545.71317,2023-02-23 15:15:00
1677166200000,23990.46,24064.3,23900.0,24002.15,6273.3103,2023-02-23 15:30:00
1677167100000,24002.16,24022.71,23913.0,23950.92,4914.78417,2023-02-23 15:45:00
1677168000000,23951.83,24008.76,23890.38,23918.99,5448.26865,2023-02-23 16:00:00
1677168900000,23918.99,23949.15,23859.63,23921.51,4919.42111,2023-02-23 16:15:00
1677169800000,23920.19,23946.0,23851.92,23881.23,4230.01009,2023-02-23 16:30:00
1677170700000,23882.5,23908.43,23752.93,23762.61,6077.43434,2023-02-23 16:45:00
1677171600000,23760.23,23878.16,23745.0,23847.85,4885.73359,2023-02-23 17:00:00
1677172500000,23847.85,23899.5,23797.0,23822.9,4150.29218,2023-02-23 17:15:00
1677173400000,23823.93,23965.95,23789.5,23962.76,5011.18603,2023-02-23 17:30:00
1677174300000,23962.76,23985.02,23755.1,23840.97,6698.19303,2023-02-23 17:45:00
1677175200000,23840.97,23892.46,23725.1,23787.4,5674.58193,2023-02-23 18:00:00
1677176100000,23788.42,23851.88,23759.08,23832.59,3193.40988,2023-02-23 18:15:00
1677177000000,23831.44,23867.14,23777.6,23848.34,3334.44772,2023-02-23 18:30:00
1677177900000,23848.35,23907.14,23830.0,23861.72,2910.13909,2023-02-23 18:45:00
1677178800000,23861.72,23976.19,23835.0,23945.92,3565.32438,2023-02-23 19:00:00
1677179700000,23945.02,24045.77,23944.97,23996.92,5184.19109,2023-02-23 19:15:00
1677180600000,23998.37,24056.0,23953.26,23982.13,3722.44567,2023-02-23 19:30:00
1677181500000,23982.13,24013.6,23938.11,23971.5,3617.31838,2023-02-23 19:45:00
1677182400000,23971.51,24069.87,23971.0,24024.11,4283.52077,2023-02-23 20:00:00
1677183300000,24024.11,24044.25,23979.39,24006.95,2633.84196,2023-02-23 20:15:00
1677184200000,24005.96,24035.67,23976.96,24001.94,2862.04184,2023-02-23 20:30:00
1677185100000,24001.94,24001.94,23902.04,23943.8,3519.14407,2023-02-23 20:45:00
1677186000000,23943.8,23965.61,23923.0,23962.46,1664.60575,2023-02-23 21:00:00
1677186900000,23962.46,24014.48,23936.29,23951.69,2407.02044,2023-02-23 21:15:00
1677187800000,23951.69,23966.33,23927.08,23940.65,1624.11619,2023-02-23 21:30:00
1677188700000,23941.61,23947.22,23862.44,23873.57,2280.90324,2023-02-23 21:45:00
1677189600000,23874.98,23902.38,23756.77,23783.87,3536.07636,2023-02-23 22:00:00
1677190500000,23785.71,23855.26,23766.41,23840.44,2676.24785,2023-02-23 22:15:00
1677191400000,23841.43,23850.09,23761.48,23812.03,1760.97239,2023-02-23 22:30:00
1677192300000,23812.03,23896.73,23790.17,23866.11,1723.05584,2023-02-23 22:45:00
1677193200000,23866.11,23907.6,23857.0,23859.85,2215.61738,2023-02-23 23:00:00
1677194100000,23859.85,23889.0,23825.0,23886.5,1876.74268,2023-02-23 23:15:00
1677195000000,23887.54,23926.18,23864.76,23888.03,1635.67215,2023-02-23 23:30:00
1677195900000,23888.03,23958.0,23877.39,23940.2,2268.59216,2023-02-23 23:45:00
1677196800000,23940.2,24022.87,23916.08,23974.03,3399.77322,2023-02-24 00:00:00
1677197700000,23974.03,24015.6,23941.08,23943.36,2251.30063,2023-02-24 00:15:00
1677198600000,23944.45,23949.19,23890.0,23903.37,2341.42305,2023-02-24 00:30:00
1677199500000,23902.62,23965.13,23896.49,23958.71,1454.60461,2023-02-24 00:45:00
1677200400000,23958.71,24132.35,23956.8,24087.01,5336.13651,2023-02-24 01:00:00
1677201300000,24087.01,24129.03,24023.81,24035.39,3501.18026,2023-02-24 01:15:00
1677202200000,24035.39,24076.82,24008.32,24066.74,2333.67403,2023-02-24 01:30:00
1677203100000,24066.74,24076.9,23989.73,24002.85,2047.59138,2023-02-24 01:45:00
1677204000000,24001.78,24020.44,23935.58,23966.33,2746.26916,2023-02-24 02:00:00
1677204900000,23967.15,23991.99,23940.57,23988.82,2226.32904,2023-02-24 02:15:00
1677205800000,23988.82,24029.91,23972.08,23986.66,1968.49071,2023-02-24 02:30:00
1677206700000,23986.66,23995.53,23907.15,23940.42,2500.27121,2023-02-24 02:45:00
1677207600000,23940.42,23973.38,23921.46,23964.76,1777.14923,2023-02-24 03:00:00
1677208500000,23963.54,23998.1,23946.95,23965.28,1486.46643,2023-02-24 03:15:00
1677209400000,23964.54,23985.36,23945.53,23948.71,1177.14961,2023-02-24 03:30:00
1677210300000,23947.89,23983.0,23937.09,23954.05,1214.72228,2023-02-24 03:45:00
1677211200000,23954.5,23981.48,23950.45,23974.77,1375.63648,2023-02-24 04:00:00
1677212100000,23975.61,23979.25,23923.88,23954.58,1931.33452,2023-02-24 04:15:00
1677213000000,23955.26,23978.89,23947.22,23971.56,1645.35878,2023-02-24 04:30:00
1677213900000,23971.99,23986.12,23941.01,23942.21,1519.19312,2023-02-24 04:45:00
1677214800000,23941.77,23948.15,23850.0,23883.51,3504.47404,2023-02-24 05:00:00
1677215700000,23884.25,23929.46,23851.84,23918.97,2487.71109,2023-02-24 05:15:00
1677216600000,23918.35,23925.71,23890.9,23899.65,1518.85021,2023-02-24 05:30:00
1677217500000,23900.21,23922.25,23876.0,23896.6,1500.85466,2023-02-24 05:45:00
1677218400000,23896.6,23899.48,23783.54,23800.54,4000.90789,2023-02-24 06:00:00
1677219300000,23801.44,23874.63,23780.0,23869.4,2686.12199,2023-02-24 06:15:00
1677220200000,23869.4,23895.2,23842.27,23852.8,1816.39051,2023-02-24 06:30:00
1677221100000,23852.8,23913.59,23851.94,23892.06,2119.27161,2023-02-24 06:45:00
1677222000000,23891.19,23905.0,23851.39,23879.89,1924.67939,2023-02-24 07:00:00
1677222900000,23879.12,23880.36,23766.6,23795.32,3695.43359,2023-02-24 07:15:00
1677223800000,23794.51,23847.48,23775.26,23843.94,3047.5535,2023-02-24 07:30:00
1677224700000,23843.94,23869.74,23820.33,23830.32,2514.07981,2023-02-24 07:45:00
1677225600000,23831.22,23857.61,23760.01,23762.98,3242.70686,2023-02-24 08:00:00
1677226500000,23762.99,23850.69,23754.03,23849.78,3004.26424,2023-02-24 08:15:00
1677227400000,23850.68,23973.79,23837.91,23898.39,4788.03502,2023-02-24 08:30:00
1677228300000,23899.28,23905.9,23856.73,23900.34,2249.89209,2023-02-24 08:45:00
1677229200000,23900.34,23934.28,23885.52,23899.87,2310.2968,2023-02-24 09:00:00
1677230100000,23900.58,23910.0,23872.02,23889.34,1609.93545,2023-02-24 09:15:00
1677231000000,23889.97,23898.48,23811.03,23838.11,2616.97777,2023-02-24 09:30:00
1677231900000,23837.52,23880.0,23820.13,23829.03,2023.37055,2023-02-24 09:45:00
1677232800000,23829.03,23863.55,23809.79,23821.17,2235.96877,2023-02-24 10:00:00
1677233700000,23821.17,23853.68,23778.0,23846.08,2962.05556,2023-02-24 10:15:00
1677234600000,23846.08,23860.0,23835.11,23848.47,1600.06916,2023-02-24 10:30:00
1677235500000,23848.47,23886.47,23843.58,23861.86,2037.34816,2023-02-24 10:45:00
1677236400000,23860.81,23897.33,23845.19,23867.65,1791.0383,2023-02-24 11:00:00
1677237300000,23868.0,23893.51,23832.99,23860.16,2462.41153,2023-02-24 11:15:00
1677238200000,23860.15,23877.79,23848.0,23870.73,1750.34377,2023-02-24 11:30:00
1677239100000,23871.76,23895.47,23860.06,23883.72,1648.03761,2023-02-24 11:45:00
1677240000000,23883.72,23958.09,23876.08,23933.98,3198.63836,2023-02-24 12:00:00
1677240900000,23933.98,24027.44,23881.04,23901.92,5318.0915,2023-02-24 12:15:00
1677241800000,23901.92,23939.97,23882.59,23900.1,2125.19177,2023-02-24 12:30:00
1677242700000,23900.1,23906.53,23858.75,23886.7,2376.77644,2023-02-24 12:45:00
1677243600000,23886.7,23899.12,23838.59,23857.62,2477.39471,2023-02-24 13:00:00
1677244500000,23857.62,24005.0,23851.47,23895.43,3940.99091,2023-02-24 13:15:00
1677245400000,23896.37,23913.99,23680.0,23776.89,10875.47193,2023-02-24 13:30:00
1677246300000,23776.89,23813.0,23732.69,23781.76,4493.25124,2023-02-24 13:45:00
1677247200000,23781.76,23810.0,23685.27,23728.66,4573.13126,2023-02-24 14:00:00
1677248100000,23728.66,23753.07,23700.21,23734.3,2886.90458,2023-02-24 14:15:00
1677249000000,23734.3,23860.88,23723.16,23793.6,6153.13314,2023-02-24 14:30:00
1677249900000,23795.63,23855.0,23761.93,23810.2,3950.35088,2023-02-24 14:45:00
1677250800000,23810.2,23846.26,23706.58,23722.75,6011.67285,2023-02-24 15:00:00
1677251700000,23723.52,23729.34,23550.0,23597.87,9514.88083,2023-02-24 15:15:00
1677252600000,23597.87,23613.76,23365.62,23418.44,11313.57386,2023-02-24 15:30:00
1677253500000,23418.44,23473.6,23322.01,23351.31,9116.49674,2023-02-24 15:45:00
1677254400000,23349.25,23353.1,22940.0,23094.29,17753.07485,2023-02-24 16:00:00
1677255300000,23092.9,23158.95,22979.28,23142.35,10375.32569,2023-02-24 16:15:00
1677256200000,23143.83,23246.54,23107.01,23235.61,7746.30778,2023-02-24 16:30:00
1677257100000,23236.55,23257.49,23160.01,23191.67,5960.56201,2023-02-24 16:45:00
1677258000000,23191.68,23194.24,23113.51,23151.74,4675.27947,2023-02-24 17:00:00
1677258900000,23151.74,23197.26,23096.59,23116.01,4382.68294,2023-02-24 17:15:00
1677259800000,23117.21,23144.49,23064.0,23124.2,3897.2123,2023-02-24 17:30:00
1677260700000,23124.2,23134.85,23019.27,23066.45,4434.7207,2023-02-24 17:45:00
1677261600000,23066.45,23120.31,23040.58,23046.8,3563.51903,2023-02-24 18:00:00
1677262500000,23046.8,23150.0,23013.0,23113.37,4129.69451,2023-02-24 18:15:00
1677263400000,23114.97,23138.88,23059.01,23126.28,3024.05883,2023-02-24 18:30:00
1677264300000,23127.02,23149.99,23085.0,23087.59,2290.04764,2023-02-24 18:45:00
1677265200000,23087.36,23108.91,23003.11,23016.43,3891.39899,2023-02-24 19:00:00
1677266100000,23015.03,23071.65,23010.34,23049.81,3057.96872,2023-02-24 19:15:00
1677267000000,23049.53,23095.0,22841.19,22990.72,8641.37899,2023-02-24 19:30:00
1677267900000,22992.56,23190.72,22970.9,23182.27,6625.46989,2023-02-24 19:45:00
1677268800000,23182.27,23292.57,23163.38,23186.85,7223.9125,2023-02-24 20:00:00
1677269700000,23186.86,23332.79,23171.0,23268.09,6075.42755,2023-02-24 20:15:00
1677270600000,23268.09,23277.71,23188.18,23202.02,4141.52969,2023-02-24 20:30:00
1677271500000,23202.02,23254.99,23147.72,23213.62,4696.70761,2023-02-24 20:45:00
1677272400000,23213.62,23239.25,23179.31,23215.67,2220.88533,2023-02-24 21:00:00
1677273300000,23215.26,23218.7,23160.37,23170.94,1815.16304,2023-02-24 21:15:00
1677274200000,23170.84,23195.5,23135.78,23139.23,1602.27202,2023-02-24 21:30:00
1677275100000,23138.51,23153.0,23062.3,23102.59,3479.07463,2023-02-24 21:45:00
1677276000000,23103.97,23134.51,23052.47,23133.21,2713.02868,2023-02-24 22:00:00
1677276900000,23132.52,23171.18,23068.2,23070.41,1961.03104,2023-02-24 22:15:00
1677277800000,23070.41,23095.93,22974.3,23057.76,2849.63672,2023-02-24 22:30:00
1677278700000,23058.6,23120.0,23055.0,23119.86,1408.65167,2023-02-24 22:45:00
1677279600000,23119.86,23169.62,23030.0,23164.15,2532.81487,2023-02-24 23:00:00
1677280500000,23163.48,23197.78,23137.63,23181.52,1758.40554,2023-02-24 23:15:00
1677281400000,23181.52,23200.0,23145.76,23154.6,1629.10303,2023-02-24 23:30:00
1677282300000,23154.6,23209.42,23147.22,23185.29,1317.14308,2023-02-24 23:45:00
1677283200000,23184.04,23199.38,23161.08,23176.97,1867.99918,2023-02-25 00:00:00
1677284100000,23176.97,23203.93,23161.11,23199.29,1676.16986,2023-02-25 00:15:00
1677285000000,23198.59,23202.34,23120.01,23129.15,2202.72103,2023-02-25 00:30:00
1677285900000,23128.13,23169.67,23108.77,23165.61,1803.54065,2023-02-25 00:45:00
1677286800000,23165.61,23186.33,23132.96,23181.44,1233.2663,2023-02-25 01:00:00
1677287700000,23182.05,23185.36,23144.41,23159.89,1492.57189,2023-02-25 01:15:00
1677288600000,23159.89,23189.6,23155.91,23169.3,1247.71317,2023-02-25 01:30:00
1677289500000,23169.69,23207.71,23167.42,23182.56,1227.26956,2023-02-25 01:45:00
1677290400000,23182.56,23219.13,23171.1,23172.63,1642.43404,2023-02-25 02:00:00
1677291300000,23172.62,23174.62,23104.35,23124.2,2312.3967,2023-02-25 02:15:00
1677292200000,23123.74,23137.8,23060.0,23078.39,2259.84041,2023-02-25 02:30:00
1677293100000,23076.65,23119.6,23050.0,23085.01,2081.2882,2023-02-25 02:45:00
1677294000000,23085.01,23099.13,23045.33,23096.1,1657.47437,2023-02-25 03:00:00
1677294900000,23096.84,23124.88,23087.43,23100.58,1229.01891,2023-02-25 03:15:00
1677295800000,23101.01,23118.96,23080.0,23091.58,1192.11652,2023-02-25 03:30:00
1677296700000,23092.38,23128.04,23066.58,23077.64,1585.31128,2023-02-25 03:45:00
1677297600000,23077.12,23088.84,23057.47,23083.07,1386.66996,2023-02-25 04:00:00
1677298500000,23083.07,23099.55,23055.02,23080.89,1478.68047,2023-02-25 04:15:00
1677299400000,23080.89,23122.0,23079.52,23098.17,1648.3598,2023-02-25 04:30:00
1677300300000,23097.44,23129.65,23096.61,23127.22,1440.93917,2023-02-25 04:45:00
1677301200000,23127.73,23129.1,23101.24,23110.84,1409.22922,2023-02-25 05:00:00
1677302100000,23110.84,23122.64,23026.56,23066.63,2674.45387,2023-02-25 05:15:00
1677303000000,23066.63,23075.02,23023.23,23059.36,2158.27028,2023-02-25 05:30:00
1677303900000,23059.36,23061.84,23034.73,23040.57,1610.08594,2023-02-25 05:45:00
1677304800000,23040.57,23083.97,23038.34,23076.75,1367.67383,2023-02-25 06:00:00
1677305700000,23076.75,23097.0,23063.78,23076.88,1303.71494,2023-02-25 06:15:00
1677306600000,23076.27,23106.35,23065.01,23071.93,1422.11948,2023-02-25 06:30:00
1677307500000,23072.02,23092.5,23070.13,23088.6,1024.33183,2023-02-25 06:45:00
1677308400000,23089.06,23094.56,23083.6,23091.17,997.17311,2023-02-25 07:00:00
1677309300000,23091.17,23112.0,23081.34,23090.81,1603.50843,2023-02-25 07:15:00
1677310200000,23090.8,23102.25,23084.0,23085.36,1505.10665,2023-02-25 07:30:00
1677311100000,23085.36,23123.7,23069.03,23117.16,1777.75355,2023-02-25 07:45:00
1677312000000,23117.1,23147.82,23100.84,23145.1,2004.08864,2023-02-25 08:00:00
1677312900000,23144.45,23158.16,23127.24,23147.27,1529.84953,2023-02-25 08:15:00
1677313800000,23146.71,23148.85,23109.57,23120.0,1621.18291,2023-02-25 08:30:00
1677314700000,23119.74,23130.1,23096.99,23100.98,1485.89072,2023-02-25 08:45:00
1677315600000,23101.27,23122.93,23091.47,23099.46,1414.8598,2023-02-25 09:00:00
1677316500000,23099.07,23101.61,23034.14,23038.85,3643.70722,2023-02-25 09:15:00
1677317400000,23038.85,23069.96,23036.01,23047.89,1584.09244,2023-02-25 09:30:00
1677318300000,23048.5,23062.5,23000.0,23059.24,3066.77805,2023-02-25 09:45:00
1677319200000,23059.24,23066.59,23045.33,23047.23,1382.84598,2023-02-25 10:00:00
1677320100000,23047.23,23052.21,22996.05,23010.0,1805.42054,2023-02-25 10:15:00
1677321000000,23010.55,23018.89,22941.8,22948.26,3495.59372,2023-02-25 10:30:00
1677321900000,22947.79,22993.73,22925.22,22931.05,3136.12515,2023-02-25 10:45:00
1677322800000,22931.05,23009.62,22906.5,22981.75,3163.06319,2023-02-25 11:00:00
1677323700000,22981.75,23013.33,22931.46,23006.98,2359.74069,2023-02-25 11:15:00
1677324600000,23006.98,23014.92,22955.71,22976.76,1947.06163,2023-02-25 11:30:00
1677325500000,22975.9,22994.9,22944.0,22983.85,1866.44387,2023-02-25 11:45:00
1677326400000,22983.85,22997.6,22965.61,22970.73,1387.5024,2023-02-25 12:00:00
1677327300000,22971.03,22974.18,22932.23,22947.84,2049.68199,2023-02-25 12:15:00
1677328200000,22948.42,22954.52,22890.01,22900.14,2870.3618,2023-02-25 12:30:00
1677329100000,22900.48,23021.36,22858.35,23018.34,5751.78743,2023-02-25 12:45:00
1677330000000,23017.47,23050.0,22990.33,23002.38,3019.4479,2023-02-25 13:00:00
1677330900000,23003.06,23040.0,22995.0,23028.54,1775.12837,2023-02-25 13:15:00
1677331800000,23028.1,23086.0,23027.96,23038.83,2151.45997,2023-02-25 13:30:00
1677332700000,23038.23,23047.21,22997.01,23004.12,1556.53712,2023-02-25 13:45:00
1677333600000,23003.34,23023.58,22978.7,22991.0,1819.66655,2023-02-25 14:00:00
1677334500000,22991.0,23049.0,22976.29,23046.17,1753.671,2023-02-25 14:15:00
1677335400000,23046.17,23049.0,22980.03,22983.51,1741.00538,2023-02-25 14:30:00
1677336300000,22982.5,23032.32,22981.9,23001.87,1607.82714,2023-02-25 14:45:00
1677337200000,23001.87,23028.49,22997.42,23005.46,1323.55764,2023-02-25 15:00:00
1677338100000,23005.46,23033.44,22991.16,23017.87,1157.52857,2023-02-25 15:15:00
1677339000000,23018.38,23030.0,22982.83,22989.28,1594.03398,2023-02-25 15:30:00
1677339900000,22989.28,23015.0,22970.17,23006.18,1803.86974,2023-02-25 15:45:00
1677340800000,23006.18,23077.92,23005.05,23076.06,2396.44014,2023-02-25 16:00:00
1677341700000,23076.47,23078.0,23022.4,23045.73,2046.04026,2023-02-25 16:15:00
1677342600000,23045.02,23086.29,23036.61,23068.99,2026.08426,2023-02-25 16:30:00
1677343500000,23068.99,23072.04,22995.04,23012.55,2342.00776,2023-02-25 16:45:00
1677344400000,23012.95,23048.46,23002.48,23040.26,2090.57378,2023-02-25 17:00:00
1677345300000,23039.58,23052.29,23008.56,23019.86,1274.59925,2023-02-25 17:15:00
1677346200000,23019.6,23043.34,23006.78,23025.28,1288.14529,2023-02-25 17:30:00
1677347100000,23025.67,23050.0,23012.92,23042.52,1131.06585,2023-02-25 17:45:00
1677348000000,23042.05,23051.31,23031.46,23047.78,1154.3501,2023-02-25 18:00:00
1677348900000,23047.74,23047.99,22997.19,23021.63,1727.19335,2023-02-25 18:15:00
1677349800000,23022.18,23030.55,22969.31,23021.7,2855.75434,2023-02-25 18:30:00
1677350700000,23021.7,23028.6,22971.0,22979.3,2525.21831,2023-02-25 18:45:00
1677351600000,22979.3,23017.11,22964.67,23005.87,2184.79356,2023-02-25 19:00:00
1677352500000,23004.98,23012.0,22931.28,22944.01,2419.98743,2023-02-25 19:15:00
1677353400000,22945.15,22960.41,22916.0,22941.84,2355.78693,2023-02-25 19:30:00
1677354300000,22941.68,22990.62,22912.1,22983.05,2166.8646,2023-02-25 19:45:00
1677355200000,22983.78,22999.35,22961.16,22968.79,1605.40193,2023-02-25 20:00:00
1677356100000,22968.13,22975.73,22915.0,22915.24,2017.60691,2023-02-25 20:15:00
1677357000000,22915.87,22939.65,22863.9,22894.69,2705.69305,2023-02-25 20:30:00
1677357900000,22892.77,22950.49,22722.0,22922.58,6829.27247,2023-02-25 20:45:00
1677358800000,22923.32,22961.95,22894.08,22908.91,2536.28564,2023-02-25 21:00:00
1677359700000,22909.66,22938.39,22847.15,22932.34,3017.36926,2023-02-25 21:15:00
1677360600000,22931.03,22948.0,22895.24,22903.22,1814.206,2023-02-25 21:30:00
1677361500000,22903.77,22945.92,22877.08,22934.42,1459.00528,2023-02-25 21:45:00
1677362400000,22933.68,22978.88,22901.88,22972.86,1765.28963,2023-02-25 22:00:00
1677363300000,22972.84,23058.0,22967.14,23053.46,2970.28277,2023-02-25 22:15:00
1677364200000,23052.88,23098.13,23046.18,23066.64,2268.64363,2023-02-25 22:30:00
1677365100000,23067.48,23172.0,23052.5,23118.73,2434.55493,2023-02-25 22:45:00
1677366000000,23117.99,23160.0,23094.8,23111.75,2231.89319,2023-02-25 23:00:00
1677366900000,23110.67,23185.0,23109.02,23183.05,2077.80383,2023-02-25 23:15:00
1677367800000,23182.57,23185.99,23125.0,23152.95,1820.45793,2023-02-25 23:30:00
1677368700000,23152.81,23179.82,23141.0,23157.07,1384.12478,2023-02-25 23:45:00
1677369600000,23157.07,23166.91,23085.64,23102.02,1786.50112,2023-02-26 00:00:00
1677370500000,23101.29,23136.29,23096.95,23113.79,1249.99917,2023-02-26 00:15:00
1677371400000,23114.31,23144.99,23084.11,23113.1,1590.84308,2023-02-26 00:30:00
1677372300000,23112.41,23119.59,23080.09,23097.97,1130.60273,2023-02-26 00:45:00
1677373200000,23097.25,23124.25,23077.1,23121.82,1037.65884,2023-02-26 01:00:00
1677374100000,23122.17,23126.88,23107.18,23111.65,1124.98285,2023-02-26 01:15:00
1677375000000,23110.84,23113.19,23068.51,23096.23,1240.43201,2023-02-26 01:30:00
1677375900000,23095.59,23120.0,23092.98,23112.7,1015.24063,2023-02-26 01:45:00
1677376800000,23112.7,23114.99,23061.71,23068.36,1484.61569,2023-02-26 02:00:00
1677377700000,23068.88,23104.8,23059.18,23084.13,1517.48915,2023-02-26 02:15:00
1677378600000,23084.56,23168.15,23079.99,23164.3,1771.02568,2023-02-26 02:30:00
1677379500000,23163.67,23249.99,23155.03,23236.01,3225.76402,2023-02-26 02:45:00
1677380400000,23237.29,23243.98,23184.1,23220.42,1959.88211,2023-02-26 03:00:00
1677381300000,23220.42,23239.71,23193.93,23216.3,1758.13477,2023-02-26 03:15:00
1677382200000,23216.3,23250.0,23211.0,23245.66,1908.87082,2023-02-26 03:30:00
1677383100000,23245.66,23250.0,23210.67,23214.53,1741.9833,2023-02-26 03:45:00
1677384000000,23214.53,23224.53,23194.82,23199.16,1502.21049,2023-02-26 04:00:00
1677384900000,23199.71,23227.17,23194.68,23211.01,1144.51786,2023-02-26 04:15:00
1677385800000,23211.23,23214.0,23170.03,23172.01,1159.75721,2023-02-26 04:30:00
1677386700000,23171.28,23203.5,23152.35,23189.27,1715.49916,2023-02-26 04:45:00
1677387600000,23189.59,23202.0,23164.01,23175.6,1358.54962,2023-02-26 05:00:00
1677388500000,23174.82,23192.68,23162.35,23164.4,1140.11524,2023-02-26 05:15:00
1677389400000,23164.41,23178.41,23150.77,23167.7,1301.61493,2023-02-26 05:30:00
1677390300000,23167.7,23172.76,23125.0,23127.06,1313.92025,2023-02-26 05:45:00
1677391200000,23126.44,23150.94,23091.17,23096.54,2050.06457,2023-02-26 06:00:00
1677392100000,23097.38,23147.53,23090.0,23136.09,1458.07924,2023-02-26 06:15:00
1677393000000,23136.09,23159.93,23130.26,23156.86,1227.62527,2023-02-26 06:30:00
1677393900000,23156.5,23171.0,23145.03,23167.4,1269.86551,2023-02-26 06:45:00
1677394800000,23167.72,23184.51,23149.24,23153.98,1337.5269,2023-02-26 07:00:00
1677395700000,23153.98,23175.0,23148.51,23159.3,1126.78463,2023-02-26 07:15:00
1677396600000,23159.3,23188.98,23157.9,23178.95,1277.21237,2023-02-26 07:30:00
1677397500000,23178.61,23209.96,23138.4,23154.57,2208.25157,2023-02-26 07:45:00
1677398400000,23154.57,23162.43,23128.0,23141.14,1362.98904,2023-02-26 08:00:00
1677399300000,23141.14,23141.41,23112.35,23135.72,1454.49061,2023-02-26 08:15:00
1677400200000,23135.15,23164.62,23120.03,23161.7,1388.49107,2023-02-26 08:30:00
1677401100000,23161.7,23175.36,23151.38,23151.95,1126.59855,2023-02-26 08:45:00
1677402000000,23152.39,23199.9,23150.33,23189.9,1780.60135,2023-02-26 09:00:00
1677402900000,23189.9,23231.29,23162.37,23226.1,1903.6913,2023-02-26 09:15:00
1677403800000,23226.11,23250.0,23193.27,23240.48,2581.90905,2023-02-26 09:30:00
1677404700000,23241.12,23293.97,23226.25,23279.5,4055.01469,2023-02-26 09:45:00
1677405600000,23278.19,23282.25,23226.13,23242.27,2170.98093,2023-02-26 10:00:00
1677406500000,23241.92,23254.66,23225.28,23238.48,1254.29894,2023-02-26 10:15:00
1677407400000,23238.48,23259.45,23207.19,23230.09,1571.08166,2023-02-26 10:30:00
1677408300000,23230.09,23243.1,23215.85,23236.81,1030.50357,2023-02-26 10:45:00
1677409200000,23236.91,23246.73,23215.0,23215.99,1380.98511,2023-02-26 11:00:00
1677410100000,23216.51,23229.59,23200.03,23218.74,1628.5489,2023-02-26 11:15:00
1677411000000,23218.74,23244.85,23212.15,23216.87,1591.53401,2023-02-26 11:30:00
1677411900000,23216.87,23260.0,23215.02,23253.44,1604.3571,2023-02-26 11:45:00
1677412800000,23253.44,23280.84,23181.28,23196.04,3081.13633,2023-02-26 12:00:00
1677413700000,23196.04,23254.76,23192.04,23238.0,1985.97027,2023-02-26 12:15:00
1677414600000,23238.0,23239.48,23172.58,23183.85,2080.01784,2023-02-26 12:30:00
1677415500000,23183.85,23193.36,23126.47,23161.99,2745.25603,2023-02-26 12:45:00
1677416400000,23162.46,23185.0,23137.0,23152.49,1894.60495,2023-02-26 13:00:00
1677417300000,23153.74,23190.21,23152.04,23183.67,1485.70782,2023-02-26 13:15:00
1677418200000,23183.67,23198.61,23168.06,23181.71,1471.21728,2023-02-26 13:30:00
1677419100000,23182.4,23219.31,23172.76,23214.15,1411.89742,2023-02-26 13:45:00
1677420000000,23213.15,23280.0,23203.44,23276.01,2552.84819,2023-02-26 14:00:00
1677420900000,23276.01,23331.26,23221.51,23225.82,3739.14267,2023-02-26 14:15:00
1677421800000,23225.82,23237.3,23180.02,23225.79,2465.36884,2023-02-26 14:30:00
1677422700000,23226.23,23290.0,23191.12,23193.65,3594.78322,2023-02-26 14:45:00
1677423600000,23194.36,23243.14,23175.42,23215.83,2320.62893,2023-02-26 15:00:00
1677424500000,23215.83,23229.27,23180.18,23198.8,1839.05402,2023-02-26 15:15:00
1677425400000,23199.64,23236.17,23182.78,23218.36,1454.31894,2023-02-26 15:30:00
1677426300000,23218.36,23250.0,23205.81,23247.23,1416.41497,2023-02-26 15:45:00
1677427200000,23247.96,23254.96,23218.03,23254.55,1136.96397,2023-02-26 16:00:00
1677428100000,23254.93,23256.65,23199.01,23202.04,1389.50753,2023-02-26 16:15:00
1677429000000,23202.04,23211.2,23166.41,23187.05,1978.97284,2023-02-26 16:30:00
1677429900000,23187.03,23209.4,23164.04,23184.92,1460.71775,2023-02-26 16:45:00
1677430800000,23184.92,23191.57,23137.0,23179.44,1790.86856,2023-02-26 17:00:00
1677431700000,23180.12,23193.87,23146.0,23167.6,1345.01637,2023-02-26 17:15:00
1677432600000,23166.88,23185.68,23155.37,23181.43,899.49004,2023-02-26 17:30:00
1677433500000,23182.0,23244.6,23176.46,23239.54,1863.79262,2023-02-26 17:45:00
1677434400000,23239.54,23286.72,23227.15,23257.89,2854.59155,2023-02-26 18:00:00
1677435300000,23257.89,23276.0,23222.82,23223.3,1206.75009,2023-02-26 18:15:00
1677436200000,23223.3,23464.4,23221.82,23437.01,5647.15824,2023-02-26 18:30:00
1677437100000,23437.02,23539.94,23415.0,23486.43,7502.45797,2023-02-26 18:45:00
1677438000000,23487.3,23502.57,23366.87,23448.38,4410.24812,2023-02-26 19:00:00
1677438900000,23448.38,23515.67,23416.49,23463.11,3472.8917,2023-02-26 19:15:00
1677439800000,23463.94,23509.88,23456.73,23476.56,2086.42626,2023-02-26 19:30:00
1677440700000,23476.56,23544.93,23474.6,23499.33,3177.59023,2023-02-26 19:45:00
1677441600000,23499.33,23546.55,23484.17,23490.37,2931.18174,2023-02-26 20:00:00
1677442500000,23490.01,23592.08,23461.89,23585.0,3091.2182,2023-02-26 20:15:00
1677443400000,23585.63,23689.99,23547.19,23654.63,6486.83157,2023-02-26 20:30:00
1677444300000,23654.63,23661.64,23615.55,23639.68,2745.91237,2023-02-26 20:45:00
1677445200000,23639.68,23648.46,23581.18,23645.41,3084.22673,2023-02-26 21:00:00
1677446100000,23645.39,23653.0,23590.02,23600.65,1903.88082,2023-02-26 21:15:00
1677447000000,23600.65,23612.7,23567.77,23587.53,1695.74973,2023-02-26 21:30:00
1677447900000,23587.53,23611.36,23550.75,23560.6,1582.7411,2023-02-26 21:45:00
1677448800000,23560.61,23595.76,23541.05,23567.87,2030.67892,2023-02-26 22:00:00
1677449700000,23567.87,23569.14,23349.15,23371.53,5301.32225,2023-02-26 22:15:00
1677450600000,23372.83,23435.55,23323.42,23431.99,3565.73885,2023-02-26 22:30:00
1677451500000,23431.99,23479.76,23376.8,23476.41,2016.51591,2023-02-26 22:45:00
1677452400000,23477.14,23637.88,23455.0,23545.03,5199.26226,2023-02-26 23:00:00
1677453300000,23543.39,23579.81,23489.0,23522.15,3089.32808,2023-02-26 23:15:00
1677454200000,23521.5,23588.65,23507.04,23529.1,2388.16107,2023-02-26 23:30:00
1677455100000,23528.33,23564.36,23516.58,23554.85,1427.4784,2023-02-26 23:45:00
1677456000000,23554.85,23567.69,23471.83,23498.61,2997.96404,2023-02-27 00:00:00
1677456900000,23497.9,23529.99,23470.28,23471.87,1829.3958,2023-02-27 00:15:00
1677457800000,23471.4,23511.87,23451.66,23476.4,1901.07935,2023-02-27 00:30:00
1677458700000,23476.4,23504.67,23472.51,23492.64,1265.25941,2023-02-27 00:45:00
1677459600000,23492.15,23501.13,23432.76,23452.93,1922.87992,2023-02-27 01:00:00
1677460500000,23451.86,23482.55,23436.35,23467.2,1547.16973,2023-02-27 01:15:00
1677461400000,23467.78,23520.28,23467.12,23519.32,1579.85111,2023-02-27 01:30:00
1677462300000,23519.67,23563.0,23518.03,23552.76,2062.85307,2023-02-27 01:45:00
1677463200000,23553.52,23644.65,23551.42,23563.6,3107.32713,2023-02-27 02:00:00
1677464100000,23563.64,23588.67,23532.62,23537.94,1737.36166,2023-02-27 02:15:00
1677465000000,23537.94,23558.27,23522.72,23543.03,1394.13174,2023-02-27 02:30:00
1677465900000,23544.91,23567.1,23538.74,23558.64,1150.11772,2023-02-27 02:45:00
1677466800000,23558.64,23591.16,23541.43,23589.98,1842.11145,2023-02-27 03:00:00
1677467700000,23589.98,23642.0,23587.71,23594.9,3052.74015,2023-02-27 03:15:00
1677468600000,23594.9,23617.58,23561.52,23567.1,1623.30916,2023-02-27 03:30:00
1677469500000,23567.63,23591.29,23540.74,23551.62,1778.95919,2023-02-27 03:45:00
1677470400000,23551.99,23561.34,23510.01,23519.72,1671.29424,2023-02-27 04:00:00
1677471300000,23519.72,23533.07,23483.0,23497.92,2468.81625,2023-02-27 04:15:00
1677472200000,23497.92,23514.2,23463.47,23483.6,1693.80442,2023-02-27 04:30:00
1677473100000,23483.73,23509.68,23465.0,23491.46,1794.27797,2023-02-27 04:45:00
1677474000000,23490.81,23509.94,23450.0,23462.73,1896.65355,2023-02-27 05:00:00
1677474900000,23463.64,23487.89,23443.0,23479.82,1635.03583,2023-02-27 05:15:00
1677475800000,23479.47,23484.59,23450.0,23455.37,1561.69089,2023-02-27 05:30:00
1677476700000,23455.81,23458.32,23346.16,23391.52,4830.0499,2023-02-27 05:45:00
1677477600000,23391.13,23422.89,23370.34,23420.13,2272.01071,2023-02-27 06:00:00
1677478500000,23420.14,23435.93,23386.91,23389.12,1634.63493,2023-02-27 06:15:00
1677479400000,23390.07,23409.39,23373.46,23397.54,1436.73553,2023-02-27 06:30:00
1677480300000,23397.55,23429.0,23390.0,23405.39,1238.79168,2023-02-27 06:45:00
1677481200000,23405.82,23453.16,23401.55,23431.54,1669.70326,2023-02-27 07:00:00
1677482100000,23430.68,23456.76,23412.55,23454.19,1493.53123,2023-02-27 07:15:00
1677483000000,23453.32,23456.85,23415.19,23434.17,1557.79904,2023-02-27 07:30:00
1677483900000,23434.17,23447.98,23414.49,23423.31,1429.12119,2023-02-27 07:45:00
1677484800000,23423.88,23455.31,23373.46,23387.68,2719.25368,2023-02-27 08:00:00
1677485700000,23387.89,23408.41,23342.67,23350.32,2290.7248,2023-02-27 08:15:00
1677486600000,23350.32,23422.28,23340.0,23405.04,2452.84875,2023-02-27 08:30:00
1677487500000,23405.89,23420.23,23355.73,23358.91,1967.52908,2023-02-27 08:45:00
1677488400000,23359.32,23393.5,23332.65,23377.98,2366.48497,2023-02-27 09:00:00
1677489300000,23377.98,23412.75,23364.06,23412.09,1658.01283,2023-02-27 09:15:00
1677490200000,23411.52,23439.76,23400.0,23414.29,1735.45511,2023-02-27 09:30:00
1677491100000,23413.73,23417.02,23382.7,23389.37,1268.70571,2023-02-27 09:45:00
1677492000000,23388.94,23406.39,23372.0,23395.87,1264.86088,2023-02-27 10:00:00
1677492900000,23395.87,23400.01,23368.03,23393.15,1157.07382,2023-02-27 10:15:00
1677493800000,23393.15,23394.4,23348.74,23373.77,1655.07433,2023-02-27 10:30:00
1677494700000,23373.04,23420.0,23364.36,23378.79,2012.31723,2023-02-27 10:45:00
1677495600000,23378.79,23411.92,23369.36,23406.34,1396.56549,2023-02-27 11:00:00
1677496500000,23407.01,23425.9,23400.39,23417.81,1513.61728,2023-02-27 11:15:00
1677497400000,23417.81,23446.67,23414.54,23422.55,1654.46806,2023-02-27 11:30:00
1677498300000,23423.3,23448.43,23409.9,23428.87,1382.86193,2023-02-27 11:45:00
1677499200000,23428.87,23440.94,23398.16,23398.16,1640.42781,2023-02-27 12:00:00
1677500100000,23399.06,23420.0,23380.01,23390.12,1613.84015,2023-02-27 12:15:00
1677501000000,23389.71,23415.0,23380.65,23406.8,1636.83523,2023-02-27 12:30:00
1677501900000,23406.8,23436.69,23379.25,23403.18,2033.91368,2023-02-27 12:45:00
1677502800000,23403.18,23448.0,23397.35,23432.49,1933.99662,2023-02-27 13:00:00
1677503700000,23432.99,23560.02,23430.6,23558.81,4868.55592,2023-02-27 13:15:00
1677504600000,23558.81,23800.45,23535.86,23742.05,11915.68544,2023-02-27 13:30:00
1677505500000,23741.17,23777.99,23687.0,23703.01,6321.63297,2023-02-27 13:45:00
1677506400000,23704.29,23756.82,23675.5,23690.41,5010.15602,2023-02-27 14:00:00
1677507300000,23691.65,23862.29,23681.65,23787.99,6001.11169,2023-02-27 14:15:00
1677508200000,23787.08,23805.17,23720.01,23743.19,6413.65476,2023-02-27 14:30:00
1677509100000,23743.19,23825.03,23720.01,23803.46,5439.30445,2023-02-27 14:45:00
1677510000000,23803.46,23897.99,23769.39,23840.94,6518.4835,2023-02-27 15:00:00
1677510900000,23841.45,23856.37,23807.0,23815.89,4158.77314,2023-02-27 15:15:00
1677511800000,23816.28,23818.87,23465.1,23573.56,10290.87506,2023-02-27 15:30:00
1677512700000,23575.38,23632.12,23505.15,23559.4,7818.78048,2023-02-27 15:45:00
1677513600000,23557.66,23618.3,23195.27,23314.41,10238.62205,2023-02-27 16:00:00
1677514500000,23314.79,23356.09,23242.11,23324.03,6689.7492,2023-02-27 16:15:00
1677515400000,23324.03,23423.6,23159.33,23402.16,7942.73131,2023-02-27 16:30:00
1677516300000,23402.16,23454.99,23351.23,23391.49,4250.40895,2023-02-27 16:45:00
1677517200000,23391.55,23410.0,23310.0,23366.75,3837.00437,2023-02-27 17:00:00
1677518100000,23367.89,23380.0,23266.66,23338.76,3310.47523,2023-02-27 17:15:00
1677519000000,23337.79,23425.0,23331.65,23363.02,3308.24601,2023-02-27 17:30:00
1677519900000,23364.12,23408.5,23330.0,23334.4,2822.29761,2023-02-27 17:45:00
1677520800000,23333.49,23370.0,23267.81,23329.11,3637.81713,2023-02-27 18:00:00
1677521700000,23330.03,23330.48,23163.0,23203.88,5744.71138,2023-02-27 18:15:00
1677522600000,23203.88,23252.59,23150.0,23227.38,4359.36336,2023-02-27 18:30:00
1677523500000,23228.38,23290.54,23201.46,23288.77,2632.44525,2023-02-27 18:45:00
1677524400000,23288.55,23360.0,23252.27,23298.83,4076.63779,2023-02-27 19:00:00
1677525300000,23298.06,23324.32,23218.56,23317.87,3940.0232,2023-02-27 19:15:00
1677526200000,23317.87,23336.52,23255.0,23288.91,2572.66024,2023-02-27 19:30:00
1677527100000,23288.91,23306.17,23253.36,23276.35,2093.40607,2023-02-27 19:45:00
1677528000000,23276.34,23276.34,23106.77,23225.42,5816.31368,2023-02-27 20:00:00
1677528900000,23226.44,23269.71,23187.0,23258.07,2901.09808,2023-02-27 20:15:00
1677529800000,23259.65,23263.64,23192.09,23245.38,3020.47625,2023-02-27 20:30:00
1677530700000,23244.56,23329.83,23236.38,23321.37,3254.97771,2023-02-27 20:45:00
1677531600000,23320.38,23368.44,23294.47,23336.85,2364.75807,2023-02-27 21:00:00
1677532500000,23337.62,23368.5,23304.59,23350.68,1869.11054,2023-02-27 21:15:00
1677533400000,23350.54,23397.34,23342.96,23380.82,2194.49558,2023-02-27 21:30:00
1677534300000,23379.88,23393.0,23358.8,23381.38,1430.71209,2023-02-27 21:45:00
1677535200000,23381.38,23440.0,23361.26,23389.14,2391.7751,2023-02-27 22:00:00
1677536100000,23389.14,23422.78,23361.07,23379.54,1678.52172,2023-02-27 22:15:00
1677537000000,23379.86,23418.15,23376.28,23397.31,1209.31447,2023-02-27 22:30:00
1677537900000,23397.31,23557.79,23390.54,23482.13,3276.98671,2023-02-27 22:45:00
1677538800000,23481.28,23508.27,23448.2,23467.31,2209.1611,2023-02-27 23:00:00
1677539700000,23467.89,23525.88,23466.17,23490.51,1624.0767,2023-02-27 23:15:00
1677540600000,23491.18,23555.24,23480.79,23534.67,1677.60643,2023-02-27 23:30:00
1677541500000,23534.09,23582.98,23485.02,23492.09,2141.7604,2023-02-27 23:45:00
1677542400000,23492.09,23515.9,23470.4,23483.83,1813.38013,2023-02-28 00:00:00
1677543300000,23484.62,23549.99,23472.0,23484.13,2118.41198,2023-02-28 00:15:00
1677544200000,23484.14,23525.84,23439.45,23473.58,2226.03085,2023-02-28 00:30:00
1677545100000,23473.07,23484.04,23409.79,23420.55,2055.68133,2023-02-28 00:45:00
1677546000000,23420.55,23457.85,23394.06,23456.99,1758.51147,2023-02-28 01:00:00
1677546900000,23455.69,23460.01,23409.67,23422.06,1252.99448,2023-02-28 01:15:00
1677547800000,23421.79,23442.86,23349.57,23366.41,1992.12215,2023-02-28 01:30:00
1677548700000,23366.41,23453.86,23359.06,23433.16,1760.84177,2023-02-28 01:45:00
1677549600000,23433.16,23440.89,23386.79,23438.86,1557.83239,2023-02-28 02:00:00
1677550500000,23439.6,23475.73,23424.77,23470.37,1383.13451,2023-02-28 02:15:00
1677551400000,23470.37,23471.06,23423.0,23426.22,1095.09996,2023-02-28 02:30:00
1677552300000,23426.22,23457.6,23410.4,23441.76,1339.58393,2023-02-28 02:45:00
1677553200000,23441.76,23526.0,23436.12,23496.67,1677.40081,2023-02-28 03:00:00
1677554100000,23497.38,23509.7,23466.65,23476.65,1425.94251,2023-02-28 03:15:00
1677555000000,23476.65,23490.73,23456.88,23487.81,1298.36021,2023-02-28 03:30:00
1677555900000,23487.42,23490.83,23450.35,23467.52,1141.78094,2023-02-28 03:45:00
1677556800000,23467.01,23470.44,23421.04,23426.1,1581.93883,2023-02-28 04:00:00
1677557700000,23426.13,23441.6,23394.68,23426.07,2111.11023,2023-02-28 04:15:00
1677558600000,23426.67,23430.61,23387.0,23413.19,1069.51603,2023-02-28 04:30:00
1677559500000,23413.55,23442.78,23386.31,23415.0,1731.67925,2023-02-28 04:45:00
1677560400000,23414.64,23436.15,23405.89,23432.31,1175.28107,2023-02-28 05:00:00
1677561300000,23432.31,23447.76,23407.0,23428.49,1203.89003,2023-02-28 05:15:00
1677562200000,23428.49,23430.19,23364.01,23397.38,2061.57669,2023-02-28 05:30:00
1677563100000,23397.38,23409.67,23372.62,23378.45,1368.39683,2023-02-28 05:45:00
1677564000000,23377.69,23404.03,23366.11,23401.21,1442.46716,2023-02-28 06:00:00
1677564900000,23400.98,23409.65,23370.0,23373.11,1216.73729,2023-02-28 06:15:00
1677565800000,23373.11,23407.4,23362.25,23401.83,1246.34244,2023-02-28 06:30:00
1677566700000,23402.46,23414.34,23386.0,23392.3,1293.90015,2023-02-28 06:45:00
1677567600000,23391.69,23394.12,23366.48,23389.58,1552.79158,2023-02-28 07:00:00
1677568500000,23389.58,23397.58,23351.76,23355.35,1556.2547,2023-02-28 07:15:00
1677569400000,23354.44,23378.59,23279.42,23309.51,3780.20484,2023-02-28 07:30:00
1677570300000,23309.43,23312.4,23212.8,23236.68,4741.21498,2023-02-28 07:45:00
1677571200000,23235.63,23281.7,23200.0,23268.12,3701.85296,2023-02-28 08:00:00
1677572100000,23268.12,23297.47,23235.29,23291.24,2182.4762,2023-02-28 08:15:00
1677573000000,23291.24,23302.94,23262.61,23280.47,1735.55943,2023-02-28 08:30:00
1677573900000,23280.81,23301.34,23242.0,23264.21,2012.88034,2023-02-28 08:45:00
1677574800000,23263.3,23321.76,23258.0,23303.47,2112.27667,2023-02-28 09:00:00
1677575700000,23303.47,23311.47,23276.0,23288.21,1435.86716,2023-02-28 09:15:00
1677576600000,23288.21,23290.64,23244.21,23276.51,1823.82629,2023-02-28 09:30:00
1677577500000,23275.99,23298.64,23255.0,23267.79,1476.90313,2023-02-28 09:45:00
1677578400000,23268.43,23298.63,23253.5,23287.52,1628.24988,2023-02-28 10:00:00
1677579300000,23287.52,23313.72,23270.0,23294.57,1725.01613,2023-02-28 10:15:00
1677580200000,23294.99,23356.8,23286.56,23353.06,2291.945,2023-02-28 10:30:00
1677581100000,23352.51,23391.03,23344.22,23363.9,2680.44329,2023-02-28 10:45:00
1677582000000,23363.9,23376.96,23335.47,23341.5,1849.00501,2023-02-28 11:00:00
1677582900000,23340.84,23368.51,23337.09,23347.48,1633.85026,2023-02-28 11:15:00
1677583800000,23347.48,23421.98,23345.33,23405.18,2775.79086,2023-02-28 11:30:00
1677584700000,23405.18,23419.75,23380.87,23392.69,2012.55861,2023-02-28 11:45:00
1677585600000,23391.96,23453.19,23385.29,23432.38,2871.12891,2023-02-28 12:00:00
1677586500000,23432.38,23504.83,23425.74,23493.77,4127.4827,2023-02-28 12:15:00
1677587400000,23494.84,23506.11,23450.0,23455.53,2706.50361,2023-02-28 12:30:00
1677588300000,23455.5,23471.44,23436.42,23454.54,2267.80476,2023-02-28 12:45:00
1677589200000,23454.01,23487.78,23393.41,23426.86,3398.40782,2023-02-28 13:00:00
1677590100000,23426.87,23440.0,23368.79,23408.89,2626.17337,2023-02-28 13:15:00
1677591000000,23408.89,23419.4,23374.13,23391.08,3030.69224,2023-02-28 13:30:00
1677591900000,23391.08,23447.2,23391.07,23403.17,2404.04559,2023-02-28 13:45:00
1677592800000,23403.17,23432.44,23380.19,23393.61,2331.48815,2023-02-28 14:00:00
1677593700000,23393.61,23429.0,23384.3,23395.35,2248.64899,2023-02-28 14:15:00
1677594600000,23394.44,23562.26,23315.42,23501.75,9434.69829,2023-02-28 14:30:00
1677595500000,23502.58,23579.12,23405.43,23425.94,8707.35394,2023-02-28 14:45:00
1677596400000,23425.19,23532.97,23403.45,23439.35,7057.56942,2023-02-28 15:00:00
1677597300000,23438.58,23546.25,23405.35,23470.5,5877.82667,2023-02-28 15:15:00
1677598200000,23470.5,23546.32,23454.32,23522.73,5241.50915,2023-02-28 15:30:00
1677599100000,23523.61,23534.24,23473.0,23518.3,4055.27769,2023-02-28 15:45:00
1677600000000,23519.08,23600.0,23497.74,23506.0,5382.7445,2023-02-28 16:00:00
1677600900000,23506.0,23534.54,23460.0,23488.32,3961.12353,2023-02-28 16:15:00
1677601800000,23487.53,23500.0,23448.46,23451.13,2820.54842,2023-02-28 16:30:00
1677602700000,23450.38,23477.95,23426.47,23456.05,3017.18768,2023-02-28 16:45:00
1677603600000,23456.05,23511.82,23447.5,23501.69,2655.47996,2023-02-28 17:00:00
1677604500000,23500.87,23542.0,23481.84,23504.28,2696.47985,2023-02-28 17:15:00
1677605400000,23504.28,23509.04,23475.0,23503.75,2290.41419,2023-02-28 17:30:00
1677606300000,23503.3,23558.34,23495.99,23526.54,2420.64186,2023-02-28 17:45:00
1677607200000,23525.9,23550.0,23511.05,23511.05,2169.33573,2023-02-28 18:00:00
1677608100000,23511.98,23515.14,23436.88,23483.13,3627.64932,2023-02-28 18:15:00
1677609000000,23483.13,23498.24,23441.91,23485.0,2684.49723,2023-02-28 18:30:00
1677609900000,23484.2,23499.48,23456.83,23481.63,2153.49909,2023-02-28 18:45:00
1677610800000,23481.63,23492.84,23432.18,23461.17,2244.65759,2023-02-28 19:00:00
1677611700000,23461.17,23465.0,23217.89,23230.29,7764.44633,2023-02-28 19:15:00
1677612600000,23230.29,23322.52,23205.06,23277.27,5111.68954,2023-02-28 19:30:00
1677613500000,23277.27,23314.41,23250.5,23264.36,3116.45349,2023-02-28 19:45:00
1677614400000,23263.38,23312.43,23166.35,23304.0,6036.426,2023-02-28 20:00:00
1677615300000,23304.62,23304.83,23243.04,23258.49,2420.99126,2023-02-28 20:15:00
1677616200000,23258.49,23310.0,23228.0,23303.66,3133.50198,2023-02-28 20:30:00
1677617100000,23304.93,23343.55,23270.57,23272.05,3642.15639,2023-02-28 20:45:00
1677618000000,23270.59,23277.98,23110.0,23167.24,6587.52123,2023-02-28 21:00:00
1677618900000,23166.46,23209.49,23150.0,23194.45,2909.90237,2023-02-28 21:15:00
1677619800000,23195.37,23197.46,23020.97,23090.74,6428.2801,2023-02-28 21:30:00
1677620700000,23089.79,23154.03,23039.75,23139.89,3827.23571,2023-02-28 21:45:00
1677621600000,23138.89,23228.05,23094.69,23221.81,3432.82733,2023-02-28 22:00:00
1677622500000,23221.81,23240.82,23177.22,23194.03,2684.72398,2023-02-28 22:15:00
1677623400000,23193.32,23225.48,23172.21,23223.3,1508.15508,2023-02-28 22:30:00
1677624300000,23223.3,23229.7,23122.07,23161.38,2219.8352,2023-02-28 22:45:00
1677625200000,23160.47,23168.83,23123.18,23153.41,2614.03135,2023-02-28 23:00:00
1677626100000,23153.74,23199.96,23122.43,23127.21,1902.82984,2023-02-28 23:15:00
1677627000000,23127.21,23175.65,23098.35,23136.94,2293.734,2023-02-28 23:30:00
1677627900000,23135.83,23160.79,23112.33,23141.57,1886.47477,2023-02-28 23:45:00
