timestamp,open,high,low,close,volume,datetime
1680307200000,28465.36,28500.0,28448.94,28500.0,329.11997,2023-04-01 00:00:00
1680308100000,28499.99,28547.2,28468.06,28488.65,455.03282,2023-04-01 00:15:00
1680309000000,28488.66,28499.82,28411.38,28439.81,429.12763,2023-04-01 00:30:00
1680309900000,28439.8,28448.15,28408.57,28438.27,311.53677,2023-04-01 00:45:00
1680310800000,28438.26,28460.03,28410.35,28432.83,240.11132,2023-04-01 01:00:00
1680311700000,28432.83,28449.99,28430.0,28437.58,208.50928,2023-04-01 01:15:00
1680312600000,28437.59,28486.99,28437.58,28472.33,262.71054,2023-04-01 01:30:00
1680313500000,28472.32,28625.61,28465.97,28610.63,747.26165,2023-04-01 01:45:00
1680314400000,28610.62,28819.71,28596.39,28672.39,1784.20902,2023-04-01 02:00:00
1680315300000,28672.39,28693.06,28530.01,28605.21,704.00749,2023-04-01 02:15:00
1680316200000,28605.21,28607.85,28467.31,28511.29,641.18857,2023-04-01 02:30:00
1680317100000,28511.28,28590.36,28511.28,28583.36,392.93858,2023-04-01 02:45:00
1680318000000,28583.36,28603.78,28528.77,28570.82,333.58992,2023-04-01 03:00:00
1680318900000,28570.83,28579.49,28521.41,28522.99,371.89136,2023-04-01 03:15:00
1680319800000,28523.0,28560.28,28503.29,28528.06,197.52648,2023-04-01 03:30:00
1680320700000,28528.06,28561.12,28528.06,28541.1,185.35221,2023-04-01 03:45:00
1680321600000,28541.1,28585.3,28526.59,28565.71,363.95399,2023-04-01 04:00:00
1680322500000,28565.71,28597.93,28554.95,28592.77,268.20419,2023-04-01 04:15:00
1680323400000,28592.76,28614.45,28581.04,28590.58,180.41279,2023-04-01 04:30:00
1680324300000,28590.57,28625.1,28570.0,28580.0,304.96987,2023-04-01 04:45:00
1680325200000,28580.01,28589.13,28555.0,28563.51,186.45706,2023-04-01 05:00:00
1680326100000,28563.5,28573.18,28532.62,28532.62,241.24604,2023-04-01 05:15:00
1680327000000,28532.62,28557.98,28530.59,28556.23,214.97205,2023-04-01 05:30:00
1680327900000,28556.23,28571.08,28555.2,28571.08,165.67036,2023-04-01 05:45:00
1680328800000,28571.08,28572.93,28514.47,28524.86,389.53135,2023-04-01 06:00:00
1680329700000,28524.85,28525.01,28421.55,28428.82,774.08269,2023-04-01 06:15:00
1680330600000,28428.81,28488.44,28353.78,28479.91,852.61463,2023-04-01 06:30:00
1680331500000,28479.91,28490.66,28452.79,28482.72,311.30763,2023-04-01 06:45:00
1680332400000,28482.71,28482.72,28393.48,28399.99,353.1483,2023-04-01 07:00:00
1680333300000,28400.0,28411.54,28351.35,28402.05,617.68382,2023-04-01 07:15:00
1680334200000,28402.05,28424.45,28386.89,28408.58,208.3082,2023-04-01 07:30:00
1680335100000,28408.58,28439.15,28398.72,28424.99,240.64324,2023-04-01 07:45:00
1680336000000,28424.98,28441.5,28412.45,28438.0,236.2976,2023-04-01 08:00:00
1680336900000,28437.99,28480.97,28389.37,28474.13,484.8224,2023-04-01 08:15:00
1680337800000,28474.14,28485.11,28446.64,28480.15,362.23063,2023-04-01 08:30:00
1680338700000,28480.15,28482.6,28435.6,28440.56,362.71923,2023-04-01 08:45:00
1680339600000,28440.56,28448.09,28423.3,28423.31,205.41964,2023-04-01 09:00:00
1680340500000,28423.3,28446.36,28420.54,28428.01,159.51037,2023-04-01 09:15:00
1680341400000,28428.0,28464.65,28421.57,28457.86,202.48481,2023-04-01 09:30:00
1680342300000,28457.85,28459.11,28421.89,28425.49,187.99839,2023-04-01 09:45:00
1680343200000,28425.49,28430.0,28394.43,28395.31,263.7722,2023-04-01 10:00:00
1680344100000,28395.32,28434.4,28389.77,28427.91,184.35451,2023-04-01 10:15:00
1680345000000,28427.91,28441.15,28422.26,28441.14,155.16544,2023-04-01 10:30:00
1680345900000,28441.14,28474.15,28429.18,28465.32,249.39818,2023-04-01 10:45:00
1680346800000,28465.32,28475.97,28440.79,28441.02,243.88118,2023-04-01 11:00:00
1680347700000,28441.01,28448.52,28419.74,28432.01,289.25617,2023-04-01 11:15:00
1680348600000,28432.01,28443.68,28414.52,28417.32,176.65808,2023-04-01 11:30:00
1680349500000,28417.31,28420.0,28360.65,28372.85,370.13987,2023-04-01 11:45:00
1680350400000,28372.84,28388.99,28320.35,28388.99,513.54677,2023-04-01 12:00:00
1680351300000,28388.99,28420.0,28383.06,28419.96,281.52487,2023-04-01 12:15:00
1680352200000,28419.96,28419.96,28367.0,28404.93,162.28057,2023-04-01 12:30:00
1680353100000,28404.94,28424.05,28367.26,28422.89,374.16173,2023-04-01 12:45:00
1680354000000,28422.88,28442.45,28409.77,28412.55,228.39833,2023-04-01 13:00:00
1680354900000,28412.54,28424.37,28377.63,28424.35,256.67164,2023-04-01 13:15:00
1680355800000,28424.35,28429.86,28387.74,28411.01,170.93949,2023-04-01 13:30:00
1680356700000,28411.0,28473.9,28392.42,28417.8,278.61567,2023-04-01 13:45:00
1680357600000,28417.81,28420.88,28396.44,28396.45,133.63539,2023-04-01 14:00:00
1680358500000,28396.45,28402.62,28338.0,28365.34,424.57857,2023-04-01 14:15:00
1680359400000,28365.33,28374.36,28292.32,28352.4,387.55779,2023-04-01 14:30:00
1680360300000,28352.41,28379.5,28318.04,28318.04,370.27229,2023-04-01 14:45:00
1680361200000,28318.04,28370.23,28220.27,28324.24,874.73547,2023-04-01 15:00:00
1680362100000,28324.23,28358.62,28324.23,28358.61,252.24881,2023-04-01 15:15:00
1680363000000,28358.61,28389.98,28349.03,28366.62,260.38702,2023-04-01 15:30:00
1680363900000,28366.61,28405.31,28358.14,28400.07,218.07574,2023-04-01 15:45:00
1680364800000,28400.07,28443.04,28383.85,28441.29,380.89701,2023-04-01 16:00:00
1680365700000,28441.29,28441.3,28412.07,28421.76,221.06617,2023-04-01 16:15:00
1680366600000,28421.76,28430.0,28388.73,28390.0,241.99565,2023-04-01 16:30:00
1680367500000,28389.99,28390.0,28280.0,28326.0,685.39554,2023-04-01 16:45:00
1680368400000,28326.0,28377.48,28317.39,28370.44,236.98621,2023-04-01 17:00:00
1680369300000,28370.44,28371.16,28348.91,28364.03,145.35707,2023-04-01 17:15:00
1680370200000,28364.02,28380.48,28341.07,28380.48,143.40149,2023-04-01 17:30:00
1680371100000,28380.47,28383.32,28330.0,28372.37,157.27899,2023-04-01 17:45:00
1680372000000,28372.36,28380.8,28366.87,28376.92,120.78645,2023-04-01 18:00:00
1680372900000,28376.91,28382.9,28333.19,28344.57,208.27517,2023-04-01 18:15:00
1680373800000,28344.58,28370.26,28333.26,28354.78,176.54761,2023-04-01 18:30:00
1680374700000,28354.78,28376.74,28338.39,28376.74,119.86145,2023-04-01 18:45:00
1680375600000,28376.74,28384.23,28368.36,28372.25,167.46004,2023-04-01 19:00:00
1680376500000,28372.25,28375.11,28343.81,28375.1,139.33911,2023-04-01 19:15:00
1680377400000,28375.1,28380.77,28364.95,28368.56,101.96645,2023-04-01 19:30:00
1680378300000,28368.56,28382.97,28354.67,28381.98,150.63885,2023-04-01 19:45:00
1680379200000,28381.97,28445.59,28379.63,28400.96,332.3323,2023-04-01 20:00:00
1680380100000,28400.96,28429.92,28400.95,28424.1,173.38405,2023-04-01 20:15:00
1680381000000,28424.09,28577.0,28413.88,28503.04,1003.47647,2023-04-01 20:30:00
1680381900000,28503.04,28512.32,28445.53,28446.78,241.20634,2023-04-01 20:45:00
1680382800000,28446.79,28512.81,28429.93,28484.08,233.26384,2023-04-01 21:00:00
1680383700000,28484.08,28517.44,28477.71,28477.72,187.62118,2023-04-01 21:15:00
1680384600000,28477.71,28484.55,28468.59,28480.28,123.4763,2023-04-01 21:30:00
1680385500000,28480.29,28499.04,28459.36,28477.72,130.35165,2023-04-01 21:45:00
1680386400000,28477.73,28507.11,28477.72,28492.01,168.06417,2023-04-01 22:00:00
1680387300000,28492.01,28523.07,28489.75,28514.14,269.94577,2023-04-01 22:15:00
1680388200000,28514.15,28538.08,28494.69,28508.17,288.07949,2023-04-01 22:30:00
1680389100000,28508.17,28532.95,28507.64,28517.94,173.83175,2023-04-01 22:45:00
1680390000000,28517.95,28531.13,28510.98,28529.58,173.38833,2023-04-01 23:00:00
1680390900000,28529.58,28555.0,28495.0,28501.4,363.44386,2023-04-01 23:15:00
1680391800000,28501.41,28501.41,28445.0,28459.35,211.76228,2023-04-01 23:30:00
1680392700000,28459.35,28474.88,28450.0,28452.73,178.50782,2023-04-01 23:45:00
1680393600000,28452.74,28478.22,28452.73,28471.67,151.57396,2023-04-02 00:00:00
1680394500000,28471.67,28499.99,28460.68,28464.22,160.72379,2023-04-02 00:15:00
1680395400000,28464.22,28464.23,28395.26,28423.59,336.98488,2023-04-02 00:30:00
1680396300000,28423.59,28425.56,28355.0,28366.3,265.50991,2023-04-02 00:45:00
1680397200000,28366.3,28396.57,28355.54,28385.28,200.44011,2023-04-02 01:00:00
1680398100000,28385.27,28425.0,28375.05,28410.0,221.47063,2023-04-02 01:15:00
1680399000000,28410.01,28434.68,28410.0,28414.54,135.48415,2023-04-02 01:30:00
1680399900000,28414.55,28429.08,28388.34,28388.34,184.52937,2023-04-02 01:45:00
1680400800000,28388.35,28416.99,28375.0,28414.5,209.39096,2023-04-02 02:00:00
1680401700000,28414.5,28429.07,28375.29,28420.51,235.54906,2023-04-02 02:15:00
1680402600000,28420.51,28430.29,28405.85,28409.18,165.90622,2023-04-02 02:30:00
1680403500000,28409.19,28414.36,28401.32,28406.13,113.35226,2023-04-02 02:45:00
1680404400000,28406.13,28416.96,28401.41,28414.93,165.18411,2023-04-02 03:00:00
1680405300000,28414.93,28500.42,28414.92,28497.26,401.36297,2023-04-02 03:15:00
1680406200000,28497.25,28530.0,28474.46,28486.26,434.80971,2023-04-02 03:30:00
1680407100000,28486.25,28486.26,28462.89,28476.59,288.83083,2023-04-02 03:45:00
1680408000000,28476.58,28485.18,28456.32,28464.44,113.54168,2023-04-02 04:00:00
1680408900000,28464.43,28475.0,28446.39,28461.38,115.39836,2023-04-02 04:15:00
1680409800000,28461.38,28461.38,28425.12,28427.75,154.94269,2023-04-02 04:30:00
1680410700000,28427.76,28437.48,28383.37,28386.09,191.80788,2023-04-02 04:45:00
1680411600000,28386.1,28401.75,28381.54,28401.37,134.29848,2023-04-02 05:00:00
1680412500000,28401.37,28437.9,28401.37,28422.29,163.87981,2023-04-02 05:15:00
1680413400000,28422.29,28465.32,28422.28,28463.97,175.2395,2023-04-02 05:30:00
1680414300000,28463.96,28473.16,28438.45,28470.01,212.66191,2023-04-02 05:45:00
1680415200000,28470.01,28473.56,28433.2,28433.2,156.49294,2023-04-02 06:00:00
1680416100000,28433.2,28439.59,28414.36,28426.0,204.06372,2023-04-02 06:15:00
1680417000000,28426.0,28456.0,28425.99,28454.89,125.05564,2023-04-02 06:30:00
1680417900000,28454.9,28490.4,28454.89,28458.26,164.87708,2023-04-02 06:45:00
1680418800000,28458.26,28477.78,28445.12,28469.3,232.41748,2023-04-02 07:00:00
1680419700000,28469.3,28473.38,28449.98,28459.13,179.48432,2023-04-02 07:15:00
1680420600000,28459.13,28462.04,28433.56,28433.57,106.73954,2023-04-02 07:30:00
1680421500000,28433.56,28446.37,28413.3,28416.38,343.43636,2023-04-02 07:45:00
1680422400000,28416.37,28422.21,28385.41,28390.72,264.97572,2023-04-02 08:00:00
1680423300000,28390.72,28414.39,28375.59,28414.39,188.97294,2023-04-02 08:15:00
1680424200000,28414.38,28414.39,28374.65,28390.93,219.4612,2023-04-02 08:30:00
1680425100000,28390.94,28391.06,28364.57,28381.37,181.57516,2023-04-02 08:45:00
1680426000000,28381.36,28395.15,28368.53,28392.07,223.60387,2023-04-02 09:00:00
1680426900000,28392.06,28415.21,28387.57,28398.1,161.26578,2023-04-02 09:15:00
1680427800000,28398.09,28413.0,28394.73,28404.2,85.69517,2023-04-02 09:30:00
1680428700000,28404.2,28450.9,28403.78,28410.57,261.83476,2023-04-02 09:45:00
1680429600000,28410.57,28413.71,28379.0,28379.01,145.70535,2023-04-02 10:00:00
1680430500000,28379.0,28390.49,28379.0,28390.48,96.99349,2023-04-02 10:15:00
1680431400000,28390.48,28408.95,28361.0,28397.31,302.49955,2023-04-02 10:30:00
1680432300000,28397.31,28397.32,28364.08,28367.25,154.0532,2023-04-02 10:45:00
1680433200000,28367.25,28372.53,28306.8,28372.52,605.53157,2023-04-02 11:00:00
1680434100000,28372.52,28390.43,28343.27,28373.88,352.99515,2023-04-02 11:15:00
1680435000000,28373.88,28381.48,28352.22,28381.48,97.54284,2023-04-02 11:30:00
1680435900000,28381.48,28390.95,28350.0,28357.93,139.40453,2023-04-02 11:45:00
1680436800000,28357.93,28361.0,28301.93,28341.35,327.24389,2023-04-02 12:00:00
1680437700000,28341.34,28349.61,28274.31,28302.68,541.18644,2023-04-02 12:15:00
1680438600000,28302.68,28313.25,28251.92,28313.24,598.04717,2023-04-02 12:30:00
1680439500000,28313.25,28314.12,28240.17,28265.26,475.96399,2023-04-02 12:45:00
1680440400000,28265.25,28265.26,28135.8,28185.56,1263.34115,2023-04-02 13:00:00
1680441300000,28185.55,28290.1,28159.94,28265.8,1005.86471,2023-04-02 13:15:00
1680442200000,28265.8,28346.05,28253.72,28295.56,819.45788,2023-04-02 13:30:00
1680443100000,28295.56,28329.1,28258.98,28279.53,330.50166,2023-04-02 13:45:00
1680444000000,28279.52,28303.48,28256.47,28261.2,252.27906,2023-04-02 14:00:00
1680444900000,28261.21,28320.55,28239.45,28314.52,271.1262,2023-04-02 14:15:00
1680445800000,28314.51,28350.0,28294.13,28297.79,263.32112,2023-04-02 14:30:00
1680446700000,28297.79,28313.49,28273.1,28273.1,243.52009,2023-04-02 14:45:00
1680447600000,28273.1,28275.73,28037.59,28103.19,1871.51303,2023-04-02 15:00:00
1680448500000,28103.2,28158.22,28041.26,28105.54,772.18907,2023-04-02 15:15:00
1680449400000,28105.54,28132.52,28060.0,28089.0,754.35975,2023-04-02 15:30:00
1680450300000,28088.99,28137.3,28065.3,28124.81,620.88472,2023-04-02 15:45:00
1680451200000,28124.8,28143.54,28101.0,28133.79,350.83164,2023-04-02 16:00:00
1680452100000,28133.78,28133.94,27961.86,27991.17,1281.73147,2023-04-02 16:15:00
1680453000000,27991.17,28088.28,27927.0,28064.29,968.24638,2023-04-02 16:30:00
1680453900000,28064.29,28132.53,28052.33,28121.97,892.61975,2023-04-02 16:45:00
1680454800000,28121.97,28150.95,28118.56,28132.07,375.61348,2023-04-02 17:00:00
1680455700000,28132.08,28158.77,28109.16,28109.17,383.74138,2023-04-02 17:15:00
1680456600000,28109.16,28225.0,28109.16,28191.09,1148.37327,2023-04-02 17:30:00
1680457500000,28191.1,28229.9,28178.46,28194.39,419.20613,2023-04-02 17:45:00
1680458400000,28194.4,28213.39,28190.51,28190.68,217.61527,2023-04-02 18:00:00
1680459300000,28190.68,28190.68,28154.56,28171.32,277.97611,2023-04-02 18:15:00
1680460200000,28171.33,28198.0,28152.8,28178.0,202.72621,2023-04-02 18:30:00
1680461100000,28177.99,28181.91,28155.69,28156.98,204.74085,2023-04-02 18:45:00
1680462000000,28156.97,28172.76,28116.87,28128.27,295.015,2023-04-02 19:00:00
1680462900000,28128.27,28133.73,28091.02,28120.95,491.91032,2023-04-02 19:15:00
1680463800000,28120.95,28125.85,27856.43,27948.85,1326.5902,2023-04-02 19:30:00
1680464700000,27948.84,28000.0,27918.07,27943.85,711.82717,2023-04-02 19:45:00
1680465600000,27943.84,27989.23,27902.71,27988.03,437.96036,2023-04-02 20:00:00
1680466500000,27988.03,28045.34,27950.46,28040.92,375.83615,2023-04-02 20:15:00
1680467400000,28040.92,28085.17,28015.5,28083.24,405.10598,2023-04-02 20:30:00
1680468300000,28083.24,28088.38,28041.61,28058.75,401.15288,2023-04-02 20:45:00
1680469200000,28058.75,28156.34,28048.68,28124.03,591.49821,2023-04-02 21:00:00
1680470100000,28124.03,28130.91,28078.77,28111.85,392.34899,2023-04-02 21:15:00
1680471000000,28111.84,28115.58,28050.21,28050.55,256.93045,2023-04-02 21:30:00
1680471900000,28050.55,28051.18,27981.0,28014.8,361.42192,2023-04-02 21:45:00
1680472800000,28014.8,28023.05,27866.0,27899.68,899.54826,2023-04-02 22:00:00
1680473700000,27899.69,27990.73,27858.29,27963.15,750.85812,2023-04-02 22:15:00
1680474600000,27963.16,27985.09,27933.17,27965.32,384.04177,2023-04-02 22:30:00
1680475500000,27965.31,28115.76,27955.59,28105.81,749.54068,2023-04-02 22:45:00
1680476400000,28105.8,28117.89,28044.23,28091.97,369.75734,2023-04-02 23:00:00
1680477300000,28091.98,28136.27,28048.08,28112.38,244.27781,2023-04-02 23:15:00
1680478200000,28112.38,28175.49,28112.37,28143.17,490.01698,2023-04-02 23:30:00
1680479100000,28143.16,28203.35,28143.16,28171.87,368.24587,2023-04-02 23:45:00
1680480000000,28171.87,28182.17,28149.3,28157.34,320.08622,2023-04-03 00:00:00
1680480900000,28157.34,28170.19,28099.39,28142.0,278.1277,2023-04-03 00:15:00
1680481800000,28142.0,28142.55,28064.52,28087.9,338.56876,2023-04-03 00:30:00
1680482700000,28087.0,28114.63,28075.18,28114.62,183.01357,2023-04-03 00:45:00
1680483600000,28114.63,28144.12,28087.43,28093.3,246.90749,2023-04-03 01:00:00
1680484500000,28093.31,28098.82,28017.19,28018.38,292.27214,2023-04-03 01:15:00
1680485400000,28018.38,28044.41,27600.76,27714.88,2934.36684,2023-04-03 01:30:00
1680486300000,27714.88,27726.18,27560.0,27709.94,2109.62923,2023-04-03 01:45:00
1680487200000,27709.85,27780.0,27658.36,27777.62,724.31702,2023-04-03 02:00:00
1680488100000,27777.63,27810.38,27744.12,27776.88,540.86837,2023-04-03 02:15:00
1680489000000,27776.87,27799.2,27720.45,27782.72,410.80506,2023-04-03 02:30:00
1680489900000,27782.72,27815.42,27702.84,27719.09,598.51932,2023-04-03 02:45:00
1680490800000,27719.09,27734.16,27623.45,27680.5,893.86172,2023-04-03 03:00:00
1680491700000,27680.51,27725.0,27652.87,27725.0,494.22431,2023-04-03 03:15:00
1680492600000,27724.99,27741.7,27668.46,27733.67,407.17261,2023-04-03 03:30:00
1680493500000,27733.68,27777.72,27731.0,27753.85,377.50333,2023-04-03 03:45:00
1680494400000,27753.85,27756.72,27707.0,27708.4,415.56398,2023-04-03 04:00:00
1680495300000,27708.4,27708.4,27646.9,27688.63,405.16305,2023-04-03 04:15:00
1680496200000,27688.64,27716.41,27632.0,27633.09,476.68031,2023-04-03 04:30:00
1680497100000,27633.09,27704.4,27588.0,27704.39,791.33229,2023-04-03 04:45:00
1680498000000,27704.4,27714.56,27690.02,27697.96,368.35206,2023-04-03 05:00:00
1680498900000,27697.96,27735.0,27697.96,27714.78,366.71064,2023-04-03 05:15:00
1680499800000,27714.78,27764.86,27713.99,27727.89,352.49494,2023-04-03 05:30:00
1680500700000,27727.9,27727.9,27660.0,27679.57,308.39191,2023-04-03 05:45:00
1680501600000,27679.58,27686.23,27644.5,27681.87,359.4744,2023-04-03 06:00:00
1680502500000,27681.87,27713.36,27650.0,27711.19,342.64338,2023-04-03 06:15:00
1680503400000,27711.19,27750.3,27681.58,27697.68,378.57576,2023-04-03 06:30:00
1680504300000,27697.68,27793.25,27697.16,27779.48,428.08783,2023-04-03 06:45:00
1680505200000,27779.47,27832.04,27771.09,27796.75,653.72608,2023-04-03 07:00:00
1680506100000,27796.75,27932.43,27794.64,27919.0,912.69436,2023-04-03 07:15:00
1680507000000,27919.0,27936.84,27875.64,27877.36,603.16429,2023-04-03 07:30:00
1680507900000,27877.35,27962.9,27873.19,27958.74,577.40578,2023-04-03 07:45:00
1680508800000,27958.73,28181.06,27958.73,28127.62,2066.85593,2023-04-03 08:00:00
1680509700000,28127.62,28418.0,28127.61,28382.25,3491.99186,2023-04-03 08:15:00
1680510600000,28382.25,28450.0,28304.27,28316.77,1785.72736,2023-04-03 08:30:00
1680511500000,28316.76,28357.98,28279.38,28335.0,630.33534,2023-04-03 08:45:00
1680512400000,28335.0,28362.0,28300.0,28302.69,579.64502,2023-04-03 09:00:00
1680513300000,28302.69,28391.61,28302.69,28327.01,975.46189,2023-04-03 09:15:00
1680514200000,28327.01,28398.0,28300.0,28317.72,928.73548,2023-04-03 09:30:00
1680515100000,28317.71,28349.0,28304.07,28327.33,550.05936,2023-04-03 09:45:00
1680516000000,28327.33,28358.53,28309.88,28326.26,607.90144,2023-04-03 10:00:00
1680516900000,28326.26,28446.0,28326.12,28409.4,830.55176,2023-04-03 10:15:00
1680517800000,28409.41,28500.99,28357.36,28357.36,1172.55614,2023-04-03 10:30:00
1680518700000,28357.37,28390.17,28301.13,28303.77,629.47972,2023-04-03 10:45:00
1680519600000,28303.76,28319.58,28218.57,28241.05,917.20078,2023-04-03 11:00:00
1680520500000,28241.05,28309.57,28238.81,28270.97,526.81963,2023-04-03 11:15:00
1680521400000,28270.97,28296.39,28215.59,28284.93,471.41594,2023-04-03 11:30:00
1680522300000,28284.93,28288.11,28221.29,28253.73,587.28926,2023-04-03 11:45:00
1680523200000,28253.73,28257.69,28210.72,28233.0,445.51081,2023-04-03 12:00:00
1680524100000,28233.0,28251.71,28100.51,28134.47,923.75637,2023-04-03 12:15:00
1680525000000,28134.47,28181.96,28092.12,28101.13,1184.65226,2023-04-03 12:30:00
1680525900000,28101.13,28176.57,28063.17,28163.01,837.08256,2023-04-03 12:45:00
1680526800000,28163.0,28179.0,28134.91,28141.35,386.66502,2023-04-03 13:00:00
1680527700000,28141.35,28225.0,28116.02,28214.71,587.49745,2023-04-03 13:15:00
1680528600000,28214.71,28214.72,28139.09,28194.36,729.57806,2023-04-03 13:30:00
1680529500000,28194.36,28375.0,28194.36,28258.78,1493.82796,2023-04-03 13:45:00
1680530400000,28258.79,28303.25,28220.1,28237.66,1029.28319,2023-04-03 14:00:00
1680531300000,28237.66,28249.99,28207.47,28243.02,429.03071,2023-04-03 14:15:00
1680532200000,28243.03,28246.86,27982.24,28087.98,1130.59317,2023-04-03 14:30:00
1680533100000,28087.97,28095.3,27945.19,27995.04,1280.66252,2023-04-03 14:45:00
1680534000000,27995.04,28062.67,27951.57,27961.69,825.17399,2023-04-03 15:00:00
1680534900000,27961.69,28100.0,27955.4,28074.85,532.12132,2023-04-03 15:15:00
1680535800000,28074.86,28112.99,28028.1,28028.1,535.51962,2023-04-03 15:30:00
1680536700000,28028.1,28077.33,27986.12,28051.48,493.01204,2023-04-03 15:45:00
1680537600000,28051.48,28129.99,28028.27,28093.75,455.19547,2023-04-03 16:00:00
1680538500000,28093.75,28102.98,28026.57,28042.96,484.05995,2023-04-03 16:15:00
1680539400000,28042.97,28064.57,28005.25,28011.19,541.61117,2023-04-03 16:30:00
1680540300000,28011.18,28027.32,27918.45,27930.84,752.82354,2023-04-03 16:45:00
1680541200000,27930.83,28006.82,27875.0,27996.78,662.63965,2023-04-03 17:00:00
1680542100000,27996.78,28001.78,27973.79,27980.98,393.34708,2023-04-03 17:15:00
1680543000000,27980.98,28084.62,27935.75,27988.69,801.22216,2023-04-03 17:30:00
1680543900000,27988.69,28058.28,27946.23,27986.48,661.97351,2023-04-03 17:45:00
1680544800000,27986.48,28048.3,27970.4,27984.11,705.92525,2023-04-03 18:00:00
1680545700000,27984.12,28111.61,27938.46,28094.0,970.65378,2023-04-03 18:15:00
1680546600000,28094.01,28237.0,28052.59,28129.99,1257.23573,2023-04-03 18:30:00
1680547500000,28130.0,28225.68,28117.0,28152.0,1025.46944,2023-04-03 18:45:00
1680548400000,28152.0,28238.53,28106.22,28156.73,769.16773,2023-04-03 19:00:00
1680549300000,28156.73,28156.73,28097.0,28125.04,431.86745,2023-04-03 19:15:00
1680550200000,28125.03,28165.86,28106.49,28159.36,382.00072,2023-04-03 19:30:00
1680551100000,28159.36,28159.57,28037.2,28081.08,520.17191,2023-04-03 19:45:00
1680552000000,28081.08,28093.56,27670.0,27712.99,2006.3264,2023-04-03 20:00:00
1680552900000,27713.0,27794.01,27626.52,27757.8,1877.61147,2023-04-03 20:15:00
1680553800000,27757.8,27812.62,27670.01,27794.56,1203.03228,2023-04-03 20:30:00
1680554700000,27794.57,27794.57,27460.0,27582.78,2365.02737,2023-04-03 20:45:00
1680555600000,27582.77,27583.98,27200.24,27427.09,2772.09982,2023-04-03 21:00:00
1680556500000,27427.09,27600.0,27371.93,27524.99,1317.937,2023-04-03 21:15:00
1680557400000,27525.0,27590.31,27500.77,27571.51,650.56365,2023-04-03 21:30:00
1680558300000,27571.5,27765.0,27563.65,27714.56,958.02097,2023-04-03 21:45:00
1680559200000,27714.57,27776.48,27668.0,27758.67,673.89184,2023-04-03 22:00:00
1680560100000,27758.67,27936.84,27730.85,27900.08,1343.43032,2023-04-03 22:15:00
1680561000000,27900.09,27943.62,27847.59,27860.0,1064.91183,2023-04-03 22:30:00
1680561900000,27860.0,27884.81,27777.35,27799.99,691.25104,2023-04-03 22:45:00
1680562800000,27800.0,28000.0,27790.8,27882.16,1042.81186,2023-04-03 23:00:00
1680563700000,27882.17,27946.5,27877.7,27877.7,441.62146,2023-04-03 23:15:00
1680564600000,27878.01,27886.16,27781.42,27854.21,773.22942,2023-04-03 23:30:00
1680565500000,27854.21,27886.0,27739.75,27800.0,696.18407,2023-04-03 23:45:00
1680566400000,27800.0,27816.65,27750.55,27761.66,578.32645,2023-04-04 00:00:00
1680567300000,27761.65,27868.31,27739.67,27758.32,581.15157,2023-04-04 00:15:00
1680568200000,27758.31,27800.45,27662.79,27726.77,770.20865,2023-04-04 00:30:00
1680569100000,27726.77,27787.14,27724.12,27760.58,444.91592,2023-04-04 00:45:00
1680570000000,27760.58,27786.0,27693.8,27716.31,506.16259,2023-04-04 01:00:00
1680570900000,27716.32,27877.75,27702.01,27877.2,646.55529,2023-04-04 01:15:00
1680571800000,27877.19,27900.24,27793.83,27825.88,565.39091,2023-04-04 01:30:00
1680572700000,27825.87,27835.07,27789.19,27816.16,327.69077,2023-04-04 01:45:00
1680573600000,27816.16,27842.1,27780.79,27842.09,396.26974,2023-04-04 02:00:00
1680574500000,27842.09,27916.73,27815.04,27915.05,478.43374,2023-04-04 02:15:00
1680575400000,27915.05,27950.62,27880.01,27917.69,642.58862,2023-04-04 02:30:00
1680576300000,27917.68,27917.69,27853.33,27857.35,299.11409,2023-04-04 02:45:00
1680577200000,27857.35,27878.01,27850.0,27878.01,278.34192,2023-04-04 03:00:00
1680578100000,27878.0,27945.78,27869.45,27933.62,291.71098,2023-04-04 03:15:00
1680579000000,27933.61,27965.0,27880.0,27880.01,365.17493,2023-04-04 03:30:00
1680579900000,27880.01,27893.2,27854.24,27855.06,206.70952,2023-04-04 03:45:00
1680580800000,27855.06,27885.28,27852.54,27879.69,187.55892,2023-04-04 04:00:00
1680581700000,27879.7,27879.7,27834.31,27852.08,296.03802,2023-04-04 04:15:00
1680582600000,27852.09,27852.09,27775.37,27780.73,384.29527,2023-04-04 04:30:00
1680583500000,27780.72,27832.12,27777.47,27813.86,261.18918,2023-04-04 04:45:00
1680584400000,27813.86,27853.47,27813.86,27846.91,209.3103,2023-04-04 05:00:00
1680585300000,27846.91,27939.18,27846.91,27893.15,527.54265,2023-04-04 05:15:00
1680586200000,27893.14,27929.79,27879.16,27900.0,255.43387,2023-04-04 05:30:00
1680587100000,27899.99,27913.93,27890.0,27890.01,230.10442,2023-04-04 05:45:00
1680588000000,27890.01,27923.68,27871.16,27879.99,245.79582,2023-04-04 06:00:00
1680588900000,27879.99,27903.07,27860.17,27903.07,253.22075,2023-04-04 06:15:00
1680589800000,27903.06,28077.0,27876.47,28029.28,1220.14148,2023-04-04 06:30:00
1680590700000,28029.28,28145.0,28017.19,28078.14,1148.92372,2023-04-04 06:45:00
1680591600000,28078.13,28143.03,28045.72,28105.63,656.74668,2023-04-04 07:00:00
1680592500000,28105.62,28112.37,28022.94,28029.17,496.23605,2023-04-04 07:15:00
1680593400000,28029.16,28029.32,27962.47,27966.67,625.71879,2023-04-04 07:30:00
1680594300000,27966.68,28044.36,27965.69,28021.3,403.14166,2023-04-04 07:45:00
1680595200000,28021.31,28034.66,28000.01,28000.01,298.39241,2023-04-04 08:00:00
1680596100000,28000.01,28009.76,27931.2,28004.76,425.2222,2023-04-04 08:15:00
1680597000000,28004.77,28092.59,28003.59,28088.64,320.72614,2023-04-04 08:30:00
1680597900000,28088.65,28137.98,28054.8,28103.48,535.24478,2023-04-04 08:45:00
1680598800000,28103.49,28139.63,28028.79,28037.57,639.00973,2023-04-04 09:00:00
1680599700000,28037.58,28122.44,28037.57,28071.07,338.82776,2023-04-04 09:15:00
1680600600000,28071.08,28185.0,28071.07,28160.0,541.33395,2023-04-04 09:30:00
1680601500000,28160.01,28207.27,28136.57,28198.76,647.22519,2023-04-04 09:45:00
1680602400000,28198.77,28290.48,28172.48,28219.13,1332.13096,2023-04-04 10:00:00
1680603300000,28219.12,28350.0,28219.12,28255.73,1172.23639,2023-04-04 10:15:00
1680604200000,28255.74,28283.26,28196.88,28210.29,505.70159,2023-04-04 10:30:00
1680605100000,28210.28,28246.85,28197.31,28219.63,341.28501,2023-04-04 10:45:00
1680606000000,28219.64,28444.44,28201.95,28333.5,1898.74901,2023-04-04 11:00:00
1680606900000,28333.49,28416.62,28236.41,28296.16,1153.72486,2023-04-04 11:15:00
1680607800000,28296.17,28326.27,28164.33,28245.37,795.24547,2023-04-04 11:30:00
1680608700000,28245.37,28318.02,28237.17,28289.52,382.55476,2023-04-04 11:45:00
1680609600000,28289.51,28345.0,28225.24,28238.27,508.9165,2023-04-04 12:00:00
1680610500000,28238.28,28360.7,28233.99,28315.26,576.58158,2023-04-04 12:15:00
1680611400000,28315.25,28381.19,28205.67,28253.18,798.53372,2023-04-04 12:30:00
1680612300000,28253.17,28285.45,28206.86,28267.68,496.12967,2023-04-04 12:45:00
1680613200000,28267.69,28399.0,28245.29,28294.14,857.25432,2023-04-04 13:00:00
1680614100000,28294.14,28311.42,28265.21,28269.09,507.92303,2023-04-04 13:15:00
1680615000000,28269.09,28300.0,28175.28,28180.0,647.62187,2023-04-04 13:30:00
1680615900000,28180.01,28232.04,28061.0,28111.04,1187.80459,2023-04-04 13:45:00
1680616800000,28111.03,28213.91,28111.03,28188.76,632.07961,2023-04-04 14:00:00
1680617700000,28188.75,28198.75,28079.69,28154.29,869.55654,2023-04-04 14:15:00
1680618600000,28154.28,28257.0,28146.47,28174.04,1060.4394,2023-04-04 14:30:00
1680619500000,28174.05,28212.05,28105.69,28123.0,455.3476,2023-04-04 14:45:00
1680620400000,28123.0,28144.58,28039.99,28082.19,804.08924,2023-04-04 15:00:00
1680621300000,28082.19,28100.0,27947.59,28004.34,1276.91572,2023-04-04 15:15:00
1680622200000,28004.34,28051.01,27969.99,28050.0,742.78355,2023-04-04 15:30:00
1680623100000,28050.0,28083.06,28023.16,28030.04,405.86847,2023-04-04 15:45:00
1680624000000,28030.05,28031.16,27971.07,28000.23,535.26342,2023-04-04 16:00:00
1680624900000,28000.23,28059.13,27982.12,28059.1,531.23358,2023-04-04 16:15:00
1680625800000,28059.11,28118.0,28019.99,28116.61,590.13569,2023-04-04 16:30:00
1680626700000,28116.6,28131.35,28067.82,28098.99,356.39411,2023-04-04 16:45:00
1680627600000,28098.98,28132.52,28079.99,28089.8,324.30043,2023-04-04 17:00:00
1680628500000,28089.8,28187.89,28089.78,28140.25,473.28027,2023-04-04 17:15:00
1680629400000,28140.25,28221.1,28138.08,28204.76,634.51117,2023-04-04 17:30:00
1680630300000,28204.77,28235.04,28172.5,28226.99,361.23738,2023-04-04 17:45:00
1680631200000,28226.98,28260.0,28168.36,28168.36,502.99495,2023-04-04 18:00:00
1680632100000,28168.36,28169.06,28119.2,28123.18,391.37861,2023-04-04 18:15:00
1680633000000,28123.18,28187.49,28112.02,28187.49,407.43596,2023-04-04 18:30:00
1680633900000,28187.48,28213.14,28083.33,28114.42,405.10069,2023-04-04 18:45:00
1680634800000,28114.42,28133.82,28098.37,28124.51,289.71848,2023-04-04 19:00:00
1680635700000,28124.52,28167.46,28070.7,28094.41,444.60248,2023-04-04 19:15:00
1680636600000,28094.41,28160.43,28094.11,28155.62,351.18388,2023-04-04 19:30:00
1680637500000,28155.62,28199.0,28112.35,28189.25,370.52656,2023-04-04 19:45:00
1680638400000,28189.25,28207.36,28176.67,28192.09,286.37336,2023-04-04 20:00:00
1680639300000,28192.1,28227.93,28174.44,28179.99,269.74709,2023-04-04 20:15:00
1680640200000,28180.0,28300.0,28179.58,28252.17,593.99081,2023-04-04 20:30:00
1680641100000,28252.16,28305.0,28233.99,28250.04,560.24877,2023-04-04 20:45:00
1680642000000,28250.04,28254.11,28211.57,28233.38,328.3168,2023-04-04 21:00:00
1680642900000,28233.38,28243.01,28196.91,28210.7,252.04019,2023-04-04 21:15:00
1680643800000,28210.7,28225.15,28160.95,28185.55,254.02292,2023-04-04 21:30:00
1680644700000,28185.56,28223.63,28160.51,28223.62,197.38849,2023-04-04 21:45:00
1680645600000,28223.62,28258.93,28197.4,28254.6,279.22075,2023-04-04 22:00:00
1680646500000,28254.6,28254.61,28212.13,28237.0,197.11974,2023-04-04 22:15:00
1680647400000,28237.01,28251.59,28188.91,28210.37,216.2924,2023-04-04 22:30:00
1680648300000,28210.38,28210.38,28182.22,28187.26,160.96832,2023-04-04 22:45:00
1680649200000,28187.25,28211.86,28161.15,28186.1,188.35598,2023-04-04 23:00:00
1680650100000,28186.11,28186.11,28104.99,28116.62,377.52014,2023-04-04 23:15:00
1680651000000,28116.63,28132.09,28078.63,28113.21,437.20185,2023-04-04 23:30:00
1680651900000,28113.22,28190.71,28104.29,28165.47,218.85275,2023-04-04 23:45:00
1680652800000,28165.47,28168.76,28133.22,28133.22,218.07093,2023-04-05 00:00:00
1680653700000,28133.22,28276.43,28099.68,28249.32,711.05357,2023-04-05 00:15:00
1680654600000,28249.32,28479.99,28247.22,28426.59,2145.52097,2023-04-05 00:30:00
1680655500000,28426.6,28733.0,28418.39,28661.81,3083.61873,2023-04-05 00:45:00
1680656400000,28661.81,28740.0,28543.34,28624.7,1523.55338,2023-04-05 01:00:00
1680657300000,28624.71,28654.99,28557.01,28610.36,907.51601,2023-04-05 01:15:00
1680658200000,28610.37,28660.0,28577.49,28588.43,638.03031,2023-04-05 01:30:00
1680659100000,28588.43,28619.0,28559.95,28571.41,420.8896,2023-04-05 01:45:00
1680660000000,28571.42,28663.62,28559.95,28635.31,767.42248,2023-04-05 02:00:00
1680660900000,28635.31,28692.49,28628.08,28642.4,517.3347,2023-04-05 02:15:00
1680661800000,28642.41,28775.0,28549.85,28562.47,1254.75118,2023-04-05 02:30:00
1680662700000,28562.46,28607.94,28522.99,28565.57,601.34121,2023-04-05 02:45:00
1680663600000,28565.58,28575.79,28479.72,28479.98,603.41448,2023-04-05 03:00:00
1680664500000,28479.97,28498.8,28428.69,28447.71,572.30652,2023-04-05 03:15:00
1680665400000,28447.71,28517.25,28435.71,28500.0,508.80994,2023-04-05 03:30:00
1680666300000,28499.99,28548.58,28499.99,28544.72,371.37868,2023-04-05 03:45:00
1680667200000,28544.73,28577.38,28508.85,28508.85,508.5567,2023-04-05 04:00:00
1680668100000,28508.85,28573.94,28508.85,28539.43,281.61345,2023-04-05 04:15:00
1680669000000,28539.42,28556.99,28521.2,28523.05,201.08104,2023-04-05 04:30:00
1680669900000,28523.06,28528.26,28483.09,28506.62,244.56168,2023-04-05 04:45:00
1680670800000,28506.61,28536.31,28480.67,28536.31,318.134,2023-04-05 05:00:00
1680671700000,28536.3,28619.76,28536.3,28588.14,515.52929,2023-04-05 05:15:00
1680672600000,28588.13,28624.35,28546.27,28550.54,427.45903,2023-04-05 05:30:00
1680673500000,28550.55,28587.98,28537.79,28582.84,291.78237,2023-04-05 05:45:00
1680674400000,28582.84,28603.59,28561.43,28566.73,363.38757,2023-04-05 06:00:00
1680675300000,28566.73,28582.79,28537.31,28556.06,282.60203,2023-04-05 06:15:00
1680676200000,28556.05,28559.2,28493.97,28506.69,374.44108,2023-04-05 06:30:00
1680677100000,28506.69,28537.93,28491.29,28534.42,361.97051,2023-04-05 06:45:00
1680678000000,28534.43,28540.0,28505.7,28513.47,301.51333,2023-04-05 07:00:00
1680678900000,28513.47,28513.48,28455.0,28485.98,418.40983,2023-04-05 07:15:00
1680679800000,28485.98,28516.76,28462.27,28511.0,362.48356,2023-04-05 07:30:00
1680680700000,28510.99,28530.0,28497.0,28525.21,306.40375,2023-04-05 07:45:00
1680681600000,28525.2,28532.0,28457.11,28464.63,478.94465,2023-04-05 08:00:00
1680682500000,28464.62,28600.0,28450.5,28570.83,884.74516,2023-04-05 08:15:00
1680683400000,28570.83,28593.59,28556.79,28561.22,382.55621,2023-04-05 08:30:00
1680684300000,28561.23,28569.74,28541.81,28543.8,310.12518,2023-04-05 08:45:00
1680685200000,28543.8,28559.27,28534.33,28559.26,205.33293,2023-04-05 09:00:00
1680686100000,28559.27,28595.94,28502.49,28519.69,440.60678,2023-04-05 09:15:00
1680687000000,28519.68,28525.36,28502.16,28511.32,401.74972,2023-04-05 09:30:00
1680687900000,28511.33,28523.29,28503.39,28508.76,254.65579,2023-04-05 09:45:00
1680688800000,28508.75,28529.72,28507.58,28529.72,169.01133,2023-04-05 10:00:00
1680689700000,28529.72,28529.72,28496.24,28496.24,319.45557,2023-04-05 10:15:00
1680690600000,28496.25,28504.06,28476.24,28499.13,293.65173,2023-04-05 10:30:00
1680691500000,28499.13,28520.0,28484.74,28510.0,252.79113,2023-04-05 10:45:00
1680692400000,28510.0,28510.62,28480.72,28487.17,210.92279,2023-04-05 11:00:00
1680693300000,28487.17,28567.85,28483.52,28524.78,503.93913,2023-04-05 11:15:00
1680694200000,28524.79,28548.95,28514.39,28544.99,288.34601,2023-04-05 11:30:00
1680695100000,28545.0,28556.16,28536.11,28554.38,222.81529,2023-04-05 11:45:00
1680696000000,28554.37,28599.53,28554.37,28565.0,501.45458,2023-04-05 12:00:00
1680696900000,28565.0,28652.17,28498.64,28539.16,980.64513,2023-04-05 12:15:00
1680697800000,28539.16,28560.0,28312.5,28479.93,1616.20032,2023-04-05 12:30:00
1680698700000,28479.92,28750.0,28453.72,28568.95,2147.54557,2023-04-05 12:45:00
1680699600000,28568.57,28600.5,28524.51,28553.94,599.93488,2023-04-05 13:00:00
1680700500000,28553.93,28578.0,28434.71,28494.92,547.37227,2023-04-05 13:15:00
1680701400000,28494.92,28511.6,28300.0,28384.81,1585.21913,2023-04-05 13:30:00
1680702300000,28384.81,28408.72,28314.4,28404.58,751.21127,2023-04-05 13:45:00
1680703200000,28404.57,28476.81,28105.0,28140.0,2559.57342,2023-04-05 14:00:00
1680704100000,28140.0,28263.0,28118.15,28177.28,1066.24629,2023-04-05 14:15:00
1680705000000,28177.28,28235.99,28087.0,28153.04,946.91123,2023-04-05 14:30:00
1680705900000,28153.04,28176.46,28090.0,28105.2,775.79157,2023-04-05 14:45:00
1680706800000,28105.19,28106.05,27860.0,28035.51,2777.77852,2023-04-05 15:00:00
1680707700000,28035.52,28047.0,27912.37,28009.98,1221.06981,2023-04-05 15:15:00
1680708600000,28009.98,28081.03,27985.0,28054.82,778.85222,2023-04-05 15:30:00
1680709500000,28054.81,28127.0,28026.0,28031.09,777.57579,2023-04-05 15:45:00
1680710400000,28031.09,28053.88,27872.36,27893.47,1538.77074,2023-04-05 16:00:00
1680711300000,27893.48,27956.66,27805.1,27918.0,1468.62518,2023-04-05 16:15:00
1680712200000,27917.99,28008.08,27882.07,27953.82,669.25364,2023-04-05 16:30:00
1680713100000,27953.82,27983.0,27909.61,27947.99,536.06145,2023-04-05 16:45:00
1680714000000,27947.99,28020.72,27919.23,28014.21,651.97941,2023-04-05 17:00:00
1680714900000,28014.2,28084.69,28007.54,28070.52,663.70307,2023-04-05 17:15:00
1680715800000,28070.52,28120.0,27997.59,28002.09,650.45235,2023-04-05 17:30:00
1680716700000,28002.09,28065.59,27992.96,28023.74,358.56368,2023-04-05 17:45:00
1680717600000,28023.75,28060.0,28004.66,28043.44,371.6543,2023-04-05 18:00:00
1680718500000,28043.44,28047.1,27943.22,27962.0,360.03757,2023-04-05 18:15:00
1680719400000,27962.0,28031.29,27935.71,27998.66,463.86915,2023-04-05 18:30:00
1680720300000,27998.65,28031.92,27985.89,28030.2,243.62621,2023-04-05 18:45:00
1680721200000,28030.19,28069.6,27967.8,28068.2,391.33906,2023-04-05 19:00:00
1680722100000,28068.2,28226.38,28068.19,28203.04,1268.03064,2023-04-05 19:15:00
1680723000000,28203.04,28300.0,28180.41,28299.99,869.13116,2023-04-05 19:30:00
1680723900000,28299.99,28308.04,28238.43,28240.64,506.64864,2023-04-05 19:45:00
1680724800000,28240.64,28256.88,28180.0,28248.12,414.71726,2023-04-05 20:00:00
1680725700000,28248.12,28300.0,28195.24,28208.14,401.96886,2023-04-05 20:15:00
1680726600000,28208.13,28241.28,28201.83,28208.45,231.02672,2023-04-05 20:30:00
1680727500000,28208.46,28208.46,28132.82,28150.61,351.33326,2023-04-05 20:45:00
1680728400000,28150.61,28199.99,28146.53,28195.67,221.76002,2023-04-05 21:00:00
1680729300000,28195.67,28217.37,28173.99,28189.27,230.67206,2023-04-05 21:15:00
1680730200000,28189.26,28204.28,28152.77,28155.18,197.90148,2023-04-05 21:30:00
1680731100000,28155.18,28182.78,28134.39,28181.06,179.60277,2023-04-05 21:45:00
1680732000000,28181.06,28181.07,28133.99,28144.38,251.67598,2023-04-05 22:00:00
1680732900000,28144.37,28156.43,28134.09,28136.54,188.48771,2023-04-05 22:15:00
1680733800000,28136.54,28189.51,28132.16,28189.51,231.33586,2023-04-05 22:30:00
1680734700000,28189.5,28236.15,28175.28,28175.28,390.06361,2023-04-05 22:45:00
1680735600000,28175.28,28175.29,28137.67,28167.58,331.62162,2023-04-05 23:00:00
1680736500000,28167.58,28211.83,28167.58,28174.51,167.792,2023-04-05 23:15:00
1680737400000,28174.51,28199.74,28171.97,28180.03,131.91768,2023-04-05 23:30:00
1680738300000,28180.04,28212.5,28170.0,28170.01,146.05087,2023-04-05 23:45:00
1680739200000,28170.01,28182.05,28027.34,28094.49,702.50419,2023-04-06 00:00:00
1680740100000,28094.5,28125.98,28042.02,28113.46,356.31153,2023-04-06 00:15:00
1680741000000,28113.45,28129.0,27957.0,28000.01,583.55144,2023-04-06 00:30:00
1680741900000,28000.0,28022.1,27918.35,27999.15,549.99295,2023-04-06 00:45:00
1680742800000,27999.14,28039.38,27931.05,28011.44,504.75627,2023-04-06 01:00:00
1680743700000,28011.45,28036.37,27878.6,27963.24,639.22073,2023-04-06 01:15:00
1680744600000,27963.24,28037.81,27884.66,28037.81,469.83684,2023-04-06 01:30:00
1680745500000,28037.8,28090.0,28014.1,28064.46,338.33205,2023-04-06 01:45:00
1680746400000,28064.45,28095.71,28048.65,28070.54,252.28651,2023-04-06 02:00:00
1680747300000,28070.53,28084.37,28040.0,28072.01,210.75629,2023-04-06 02:15:00
1680748200000,28072.0,28074.84,28009.19,28056.51,352.65965,2023-04-06 02:30:00
1680749100000,28056.51,28062.79,27978.21,28039.73,381.39543,2023-04-06 02:45:00
1680750000000,28039.74,28079.48,28022.48,28073.29,205.48653,2023-04-06 03:00:00
1680750900000,28073.29,28095.72,28048.0,28080.01,206.3406,2023-04-06 03:15:00
1680751800000,28080.01,28098.6,28053.81,28075.18,422.82912,2023-04-06 03:30:00
1680752700000,28075.19,28153.69,28063.6,28128.42,264.99334,2023-04-06 03:45:00
1680753600000,28128.42,28130.0,28105.79,28113.04,270.43526,2023-04-06 04:00:00
1680754500000,28113.03,28118.84,28084.9,28092.48,177.94243,2023-04-06 04:15:00
1680755400000,28092.47,28104.93,28086.58,28093.52,175.35957,2023-04-06 04:30:00
1680756300000,28093.52,28111.36,28067.28,28068.91,200.39217,2023-04-06 04:45:00
1680757200000,28068.91,28073.58,28020.42,28067.99,194.22221,2023-04-06 05:00:00
1680758100000,28067.99,28081.06,28062.96,28071.29,163.45624,2023-04-06 05:15:00
1680759000000,28071.29,28073.67,27969.61,28001.09,433.25417,2023-04-06 05:30:00
1680759900000,28001.09,28046.98,27985.08,28036.75,448.72169,2023-04-06 05:45:00
1680760800000,28036.75,28048.08,28006.46,28017.74,402.2609,2023-04-06 06:00:00
1680761700000,28017.75,28039.33,28012.75,28039.0,145.68748,2023-04-06 06:15:00
1680762600000,28039.01,28073.92,28039.0,28071.2,276.15033,2023-04-06 06:30:00
1680763500000,28071.19,28072.01,28049.0,28063.91,226.38682,2023-04-06 06:45:00
1680764400000,28063.91,28088.88,28055.54,28055.54,206.74192,2023-04-06 07:00:00
1680765300000,28055.55,28055.55,28007.51,28030.0,365.50962,2023-04-06 07:15:00
1680766200000,28029.99,28042.09,27970.78,27992.33,333.40657,2023-04-06 07:30:00
1680767100000,27992.34,27999.41,27907.77,27910.97,878.67084,2023-04-06 07:45:00
1680768000000,27910.97,27943.86,27850.0,27942.3,1023.06023,2023-04-06 08:00:00
1680768900000,27942.29,27942.3,27859.12,27912.01,521.55386,2023-04-06 08:15:00
1680769800000,27912.02,27988.58,27911.25,27968.18,514.38396,2023-04-06 08:30:00
1680770700000,27968.19,27977.29,27931.19,27953.62,298.22441,2023-04-06 08:45:00
1680771600000,27953.61,27972.64,27941.05,27972.63,253.96167,2023-04-06 09:00:00
1680772500000,27972.64,28028.6,27971.36,28009.58,365.05157,2023-04-06 09:15:00
1680773400000,28009.59,28009.59,27967.66,27967.67,221.37565,2023-04-06 09:30:00
1680774300000,27967.67,27973.96,27900.0,27904.04,394.70735,2023-04-06 09:45:00
1680775200000,27904.04,27904.05,27800.0,27867.25,1239.30941,2023-04-06 10:00:00
1680776100000,27867.26,27900.0,27837.32,27895.51,528.59365,2023-04-06 10:15:00
1680777000000,27895.5,27907.59,27711.0,27834.14,1248.46647,2023-04-06 10:30:00
1680777900000,27834.15,27858.02,27770.0,27850.0,480.55561,2023-04-06 10:45:00
1680778800000,27849.99,27912.23,27846.12,27910.51,372.60108,2023-04-06 11:00:00
1680779700000,27910.51,27923.44,27871.58,27902.77,347.044,2023-04-06 11:15:00
1680780600000,27902.76,27936.22,27891.53,27935.22,363.23228,2023-04-06 11:30:00
1680781500000,27935.22,27954.42,27922.64,27945.52,325.59928,2023-04-06 11:45:00
1680782400000,27945.51,27958.59,27903.07,27908.61,312.3286,2023-04-06 12:00:00
1680783300000,27908.61,28026.8,27874.05,27997.63,696.42727,2023-04-06 12:15:00
1680784200000,27997.63,28085.0,27909.08,27911.85,1079.25103,2023-04-06 12:30:00
1680785100000,27911.85,27912.77,27856.54,27903.73,472.85303,2023-04-06 12:45:00
1680786000000,27903.73,27942.82,27866.81,27940.44,418.11794,2023-04-06 13:00:00
1680786900000,27940.43,27979.01,27933.49,27933.51,362.15863,2023-04-06 13:15:00
1680787800000,27933.5,27950.04,27795.0,27847.02,1133.25103,2023-04-06 13:30:00
1680788700000,27847.02,27894.47,27750.0,27891.16,974.24076,2023-04-06 13:45:00
1680789600000,27891.16,27978.54,27888.26,27934.4,778.41459,2023-04-06 14:00:00
1680790500000,27934.41,27961.98,27914.82,27936.35,522.23388,2023-04-06 14:15:00
1680791400000,27936.35,27961.53,27902.0,27918.86,429.57422,2023-04-06 14:30:00
1680792300000,27918.86,27970.08,27913.36,27952.78,488.05194,2023-04-06 14:45:00
1680793200000,27952.78,28078.11,27943.76,28047.71,786.93774,2023-04-06 15:00:00
1680794100000,28047.71,28112.93,28009.86,28073.89,911.18188,2023-04-06 15:15:00
1680795000000,28073.89,28181.05,28050.0,28137.02,913.40815,2023-04-06 15:30:00
1680795900000,28137.01,28147.19,28086.21,28090.39,654.15268,2023-04-06 15:45:00
1680796800000,28090.39,28126.6,28088.45,28110.91,501.50345,2023-04-06 16:00:00
1680797700000,28110.78,28145.23,28089.4,28103.33,431.22585,2023-04-06 16:15:00
1680798600000,28103.33,28165.88,28103.33,28125.04,465.58901,2023-04-06 16:30:00
1680799500000,28125.05,28133.95,28046.88,28065.14,369.38367,2023-04-06 16:45:00
1680800400000,28065.15,28081.91,28041.0,28047.56,322.56935,2023-04-06 17:00:00
1680801300000,28047.56,28084.0,28047.56,28077.29,263.71748,2023-04-06 17:15:00
1680802200000,28077.3,28084.18,28045.75,28056.89,303.98636,2023-04-06 17:30:00
1680803100000,28056.9,28062.88,28014.99,28041.4,339.21521,2023-04-06 17:45:00
1680804000000,28041.41,28059.05,28018.85,28059.04,246.9288,2023-04-06 18:00:00
1680804900000,28059.04,28094.3,28055.46,28094.29,198.473,2023-04-06 18:15:00
1680805800000,28094.29,28094.41,27954.06,27992.43,504.02882,2023-04-06 18:30:00
1680806700000,27992.42,28022.48,27958.72,27963.35,255.82832,2023-04-06 18:45:00
1680807600000,27963.34,27993.65,27950.9,27993.64,305.54147,2023-04-06 19:00:00
1680808500000,27993.64,28024.31,27977.53,28003.25,264.67734,2023-04-06 19:15:00
1680809400000,28003.25,28046.22,28003.25,28039.42,237.66251,2023-04-06 19:30:00
1680810300000,28039.42,28056.67,28015.79,28017.77,283.50574,2023-04-06 19:45:00
1680811200000,28017.77,28057.98,28003.02,28057.97,266.75614,2023-04-06 20:00:00
1680812100000,28057.98,28093.62,28057.97,28089.04,256.29914,2023-04-06 20:15:00
1680813000000,28089.03,28121.87,28074.38,28077.76,268.91787,2023-04-06 20:30:00
1680813900000,28077.76,28078.09,27966.0,27975.85,612.24087,2023-04-06 20:45:00
1680814800000,27975.85,28023.75,27957.04,28003.84,319.21061,2023-04-06 21:00:00
1680815700000,28003.84,28052.8,28003.84,28020.28,255.29413,2023-04-06 21:15:00
1680816600000,28020.28,28022.45,27985.1,27986.92,160.71343,2023-04-06 21:30:00
1680817500000,27986.91,28011.28,27979.0,27989.16,139.9388,2023-04-06 21:45:00
1680818400000,27989.15,28007.87,27916.66,27931.7,423.27516,2023-04-06 22:00:00
1680819300000,27931.7,27954.78,27900.0,27924.02,257.08063,2023-04-06 22:15:00
1680820200000,27924.01,27987.6,27924.01,27981.34,167.75618,2023-04-06 22:30:00
1680821100000,27981.35,28008.43,27981.34,28007.86,186.60379,2023-04-06 22:45:00
1680822000000,28007.87,28055.62,28007.86,28040.55,218.6316,2023-04-06 23:00:00
1680822900000,28040.55,28046.39,28018.7,28040.14,161.28799,2023-04-06 23:15:00
1680823800000,28040.15,28046.55,28015.79,28031.84,185.80249,2023-04-06 23:30:00
1680824700000,28031.84,28038.08,28015.0,28033.82,175.14888,2023-04-06 23:45:00
1680825600000,28033.83,28033.92,28018.14,28018.28,144.47114,2023-04-07 00:00:00
1680826500000,28018.28,28051.58,27998.04,28025.12,243.98265,2023-04-07 00:15:00
1680827400000,28025.11,28070.63,28021.84,28052.28,271.61335,2023-04-07 00:30:00
1680828300000,28052.28,28100.0,28050.11,28097.99,236.05813,2023-04-07 00:45:00
1680829200000,28097.99,28098.2,28064.09,28068.95,226.6143,2023-04-07 01:00:00
1680830100000,28068.95,28072.09,28036.63,28054.01,162.57487,2023-04-07 01:15:00
1680831000000,28054.02,28079.13,28052.64,28079.12,154.6621,2023-04-07 01:30:00
1680831900000,28079.12,28079.13,28056.08,28056.51,117.29793,2023-04-07 01:45:00
1680832800000,28056.51,28063.15,28045.05,28063.14,130.87043,2023-04-07 02:00:00
1680833700000,28063.14,28072.94,28012.38,28012.38,194.3853,2023-04-07 02:15:00
1680834600000,28012.39,28012.69,27926.52,27988.02,457.92781,2023-04-07 02:30:00
1680835500000,27988.02,28031.92,27960.77,28017.22,264.84998,2023-04-07 02:45:00
1680836400000,28017.22,28023.63,28006.17,28012.61,121.87707,2023-04-07 03:00:00
1680837300000,28012.62,28012.62,27985.1,27988.79,135.43789,2023-04-07 03:15:00
1680838200000,27988.79,28047.61,27979.75,28047.61,150.46237,2023-04-07 03:30:00
1680839100000,28047.61,28049.84,28038.66,28038.66,131.55364,2023-04-07 03:45:00
1680840000000,28038.67,28040.0,28026.64,28028.99,148.00327,2023-04-07 04:00:00
1680840900000,28028.99,28052.93,28009.81,28052.93,173.23702,2023-04-07 04:15:00
1680841800000,28052.93,28061.84,28052.68,28061.74,123.58703,2023-04-07 04:30:00
1680842700000,28061.73,28062.73,27999.9,28021.77,165.10263,2023-04-07 04:45:00
1680843600000,28021.77,28021.77,28004.0,28004.0,131.79093,2023-04-07 05:00:00
1680844500000,28004.01,28012.16,27950.16,27984.25,306.5337,2023-04-07 05:15:00
1680845400000,27984.26,27984.26,27863.23,27961.88,634.85346,2023-04-07 05:30:00
1680846300000,27961.88,27989.4,27950.76,27980.0,301.53367,2023-04-07 05:45:00
1680847200000,27980.0,27984.75,27947.0,27947.0,254.59851,2023-04-07 06:00:00
1680848100000,27947.01,27972.12,27920.84,27947.38,321.68418,2023-04-07 06:15:00
1680849000000,27947.39,27947.39,27900.0,27919.8,254.50504,2023-04-07 06:30:00
1680849900000,27919.81,27962.39,27911.51,27960.09,219.19547,2023-04-07 06:45:00
1680850800000,27960.09,27960.1,27942.31,27945.69,176.93781,2023-04-07 07:00:00
1680851700000,27945.68,27945.69,27911.26,27926.85,251.86204,2023-04-07 07:15:00
1680852600000,27926.86,27926.86,27819.84,27859.93,630.95411,2023-04-07 07:30:00
1680853500000,27859.94,27875.98,27766.94,27839.78,873.04867,2023-04-07 07:45:00
1680854400000,27839.79,27871.85,27785.0,27871.65,445.86436,2023-04-07 08:00:00
1680855300000,27871.65,27932.68,27845.0,27927.44,426.58882,2023-04-07 08:15:00
1680856200000,27927.43,27937.82,27876.91,27884.6,354.96346,2023-04-07 08:30:00
1680857100000,27884.6,27888.36,27816.75,27816.76,525.17045,2023-04-07 08:45:00
1680858000000,27816.76,27878.17,27790.1,27859.15,544.89846,2023-04-07 09:00:00
1680858900000,27859.16,27878.97,27836.73,27836.74,222.56261,2023-04-07 09:15:00
1680859800000,27836.73,27889.33,27831.37,27889.32,203.2813,2023-04-07 09:30:00
1680860700000,27889.33,27894.99,27869.42,27869.48,213.3751,2023-04-07 09:45:00
1680861600000,27869.48,27882.45,27863.7,27867.72,201.13025,2023-04-07 10:00:00
1680862500000,27867.72,27952.96,27861.38,27925.87,488.99579,2023-04-07 10:15:00
1680863400000,27925.88,27960.07,27914.83,27948.72,352.16508,2023-04-07 10:30:00
1680864300000,27948.73,27961.67,27931.6,27933.36,293.39402,2023-04-07 10:45:00
1680865200000,27933.36,27935.98,27892.4,27892.41,213.13462,2023-04-07 11:00:00
1680866100000,27892.41,27912.67,27887.73,27905.0,159.64139,2023-04-07 11:15:00
1680867000000,27904.99,27929.9,27867.19,27871.53,248.35524,2023-04-07 11:30:00
1680867900000,27871.53,27871.53,27800.0,27840.9,670.00165,2023-04-07 11:45:00
1680868800000,27840.89,27920.02,27817.99,27889.71,585.03072,2023-04-07 12:00:00
1680869700000,27889.7,27920.05,27850.0,27914.44,321.94442,2023-04-07 12:15:00
1680870600000,27914.44,27981.0,27800.0,27924.03,1224.47754,2023-04-07 12:30:00
1680871500000,27924.03,27949.0,27882.9,27892.63,408.54699,2023-04-07 12:45:00
1680872400000,27892.63,27910.0,27877.0,27901.9,245.09539,2023-04-07 13:00:00
1680873300000,27901.89,27929.37,27850.0,27851.93,279.01818,2023-04-07 13:15:00
1680874200000,27851.92,27922.0,27833.97,27887.56,357.10547,2023-04-07 13:30:00
1680875100000,27887.56,27906.49,27872.89,27896.93,228.86728,2023-04-07 13:45:00
1680876000000,27896.92,27935.66,27893.26,27931.04,249.58137,2023-04-07 14:00:00
1680876900000,27931.04,27956.66,27897.01,27956.52,316.33188,2023-04-07 14:15:00
1680877800000,27956.53,27984.75,27923.89,27930.13,391.62848,2023-04-07 14:30:00
1680878700000,27930.14,27951.79,27913.8,27914.64,152.91799,2023-04-07 14:45:00
1680879600000,27914.64,27947.51,27907.69,27920.8,236.68712,2023-04-07 15:00:00
1680880500000,27920.79,27949.71,27908.09,27912.88,190.40675,2023-04-07 15:15:00
1680881400000,27912.88,27938.47,27912.88,27928.41,371.12556,2023-04-07 15:30:00
1680882300000,27928.41,27954.51,27918.12,27944.1,203.00461,2023-04-07 15:45:00
1680883200000,27944.09,27953.47,27931.67,27931.68,255.18378,2023-04-07 16:00:00
1680884100000,27931.68,27931.68,27891.62,27908.44,184.466,2023-04-07 16:15:00
1680885000000,27908.44,27908.75,27882.0,27882.01,204.50448,2023-04-07 16:30:00
1680885900000,27882.0,27887.95,27856.0,27879.3,245.56557,2023-04-07 16:45:00
1680886800000,27879.3,27901.38,27879.3,27901.37,149.81464,2023-04-07 17:00:00
1680887700000,27901.38,27922.44,27899.99,27919.04,144.02295,2023-04-07 17:15:00
1680888600000,27919.03,27926.15,27917.64,27926.15,148.33842,2023-04-07 17:30:00
1680889500000,27926.14,27941.11,27904.39,27911.51,130.18048,2023-04-07 17:45:00
1680890400000,27911.5,27924.81,27910.0,27910.01,99.16638,2023-04-07 18:00:00
1680891300000,27910.01,27930.0,27900.0,27924.98,144.84784,2023-04-07 18:15:00
1680892200000,27924.97,27924.98,27894.36,27894.36,140.18726,2023-04-07 18:30:00
1680893100000,27894.37,27898.75,27874.13,27891.77,172.70777,2023-04-07 18:45:00
1680894000000,27891.76,27893.81,27869.26,27874.29,128.03816,2023-04-07 19:00:00
1680894900000,27874.28,27899.47,27873.2,27890.19,171.95566,2023-04-07 19:15:00
1680895800000,27890.19,27899.93,27886.03,27899.59,136.37227,2023-04-07 19:30:00
1680896700000,27899.58,27905.15,27890.24,27897.52,95.01316,2023-04-07 19:45:00
1680897600000,27897.51,27908.62,27897.51,27906.37,84.26549,2023-04-07 20:00:00
1680898500000,27906.36,27922.99,27886.06,27891.0,139.23968,2023-04-07 20:15:00
1680899400000,27891.0,27895.56,27870.0,27894.24,164.88815,2023-04-07 20:30:00
1680900300000,27894.23,27894.56,27839.02,27864.2,307.18519,2023-04-07 20:45:00
1680901200000,27864.21,27898.0,27864.2,27898.0,115.03981,2023-04-07 21:00:00
1680902100000,27897.99,27909.27,27874.41,27875.83,149.30412,2023-04-07 21:15:00
1680903000000,27875.83,27879.06,27858.3,27870.01,114.50631,2023-04-07 21:30:00
1680903900000,27870.01,27894.71,27868.72,27891.13,66.70844,2023-04-07 21:45:00
1680904800000,27891.13,27891.15,27866.34,27867.75,160.55176,2023-04-07 22:00:00
1680905700000,27867.75,27890.0,27864.99,27882.26,111.37183,2023-04-07 22:15:00
1680906600000,27882.26,27948.13,27880.98,27932.55,238.67913,2023-04-07 22:30:00
1680907500000,27932.55,27980.74,27932.55,27955.99,442.5061,2023-04-07 22:45:00
1680908400000,27955.99,27973.04,27917.71,27931.57,318.69325,2023-04-07 23:00:00
1680909300000,27931.57,27931.8,27894.32,27904.03,151.29694,2023-04-07 23:15:00
1680910200000,27904.02,27922.68,27904.02,27919.74,92.52555,2023-04-07 23:30:00
1680911100000,27919.74,27933.3,27902.21,27906.33,117.60845,2023-04-07 23:45:00
1680912000000,27906.34,27907.43,27891.53,27891.57,126.48931,2023-04-08 00:00:00
1680912900000,27891.56,27902.48,27871.12,27896.96,224.51447,2023-04-08 00:15:00
1680913800000,27896.95,27919.61,27870.0,27870.04,165.13115,2023-04-08 00:30:00
1680914700000,27870.04,27882.02,27859.02,27880.27,383.00814,2023-04-08 00:45:00
1680915600000,27880.26,27895.25,27880.26,27895.24,115.92998,2023-04-08 01:00:00
1680916500000,27895.25,27898.94,27880.02,27896.39,143.26803,2023-04-08 01:15:00
1680917400000,27896.39,27935.15,27896.39,27917.89,237.29977,2023-04-08 01:30:00
1680918300000,27917.9,27917.9,27895.9,27903.24,127.05752,2023-04-08 01:45:00
1680919200000,27903.24,27907.68,27903.24,27907.67,118.95762,2023-04-08 02:00:00
1680920100000,27907.67,27920.48,27907.67,27920.48,91.10127,2023-04-08 02:15:00
1680921000000,27920.47,27930.06,27902.95,27911.38,139.67837,2023-04-08 02:30:00
1680921900000,27911.37,27965.76,27911.37,27956.76,257.66619,2023-04-08 02:45:00
1680922800000,27956.77,27980.0,27945.63,27953.37,310.54598,2023-04-08 03:00:00
1680923700000,27953.37,28059.39,27939.46,28046.41,551.74307,2023-04-08 03:15:00
1680924600000,28046.41,28052.25,27993.74,27998.58,413.33236,2023-04-08 03:30:00
1680925500000,27998.58,28027.31,27981.0,28023.39,209.01262,2023-04-08 03:45:00
1680926400000,28023.39,28040.72,28022.09,28032.91,192.28535,2023-04-08 04:00:00
1680927300000,28032.9,28033.12,27993.0,28010.02,186.41121,2023-04-08 04:15:00
1680928200000,28010.01,28010.02,27981.88,28001.22,138.70278,2023-04-08 04:30:00
1680929100000,28001.22,28001.23,27974.14,27984.98,111.4796,2023-04-08 04:45:00
1680930000000,27984.97,28012.0,27979.03,28011.49,200.51169,2023-04-08 05:00:00
1680930900000,28011.48,28032.81,28010.39,28013.91,214.57999,2023-04-08 05:15:00
1680931800000,28013.91,28041.68,28013.9,28041.67,133.28209,2023-04-08 05:30:00
1680932700000,28041.68,28154.99,28033.39,28140.92,789.33115,2023-04-08 05:45:00
1680933600000,28140.91,28152.57,28097.8,28109.97,461.36792,2023-04-08 06:00:00
1680934500000,28109.97,28144.58,28086.28,28127.56,347.14885,2023-04-08 06:15:00
1680935400000,28127.57,28140.64,28095.98,28111.04,206.58852,2023-04-08 06:30:00
1680936300000,28111.03,28141.18,28106.82,28113.12,220.90096,2023-04-08 06:45:00
1680937200000,28113.13,28122.38,28096.05,28096.05,181.63877,2023-04-08 07:00:00
1680938100000,28096.06,28106.39,28096.05,28103.23,178.89306,2023-04-08 07:15:00
1680939000000,28103.22,28104.69,28088.01,28088.02,199.15676,2023-04-08 07:30:00
1680939900000,28088.02,28089.51,28063.89,28086.22,271.82198,2023-04-08 07:45:00
1680940800000,28086.22,28092.0,28075.04,28092.0,153.00381,2023-04-08 08:00:00
1680941700000,28091.99,28114.94,28091.99,28097.99,220.15327,2023-04-08 08:15:00
1680942600000,28097.99,28100.01,28090.1,28090.11,203.04837,2023-04-08 08:30:00
1680943500000,28090.1,28090.11,28018.61,28025.53,285.08447,2023-04-08 08:45:00
1680944400000,28025.53,28052.06,28013.15,28052.05,185.31366,2023-04-08 09:00:00
1680945300000,28052.05,28058.99,28041.0,28058.99,92.70512,2023-04-08 09:15:00
1680946200000,28058.98,28062.28,28042.14,28058.31,162.74799,2023-04-08 09:30:00
1680947100000,28058.31,28058.6,28013.25,28032.49,191.60585,2023-04-08 09:45:00
1680948000000,28032.49,28034.68,28021.27,28030.01,175.36594,2023-04-08 10:00:00
1680948900000,28030.01,28032.23,28012.91,28017.16,190.73074,2023-04-08 10:15:00
1680949800000,28017.15,28030.0,27994.7,27995.26,171.428,2023-04-08 10:30:00
1680950700000,27995.27,28011.62,27995.26,28011.62,151.61007,2023-04-08 10:45:00
1680951600000,28011.61,28021.7,28009.62,28009.62,113.15797,2023-04-08 11:00:00
1680952500000,28009.63,28026.73,27990.57,28026.72,160.68524,2023-04-08 11:15:00
1680953400000,28026.72,28032.64,28016.85,28017.88,109.33382,2023-04-08 11:30:00
1680954300000,28017.88,28024.35,28007.18,28016.09,98.18712,2023-04-08 11:45:00
1680955200000,28016.09,28016.1,27992.57,27993.6,203.20925,2023-04-08 12:00:00
1680956100000,27993.59,28005.58,27988.11,28005.57,114.86179,2023-04-08 12:15:00
1680957000000,28005.57,28032.08,27950.0,27962.95,237.33689,2023-04-08 12:30:00
1680957900000,27962.96,28000.21,27951.43,27987.57,253.10162,2023-04-08 12:45:00
1680958800000,27987.58,28000.0,27985.94,27997.92,131.88321,2023-04-08 13:00:00
1680959700000,27997.93,27998.0,27978.55,27980.4,118.28796,2023-04-08 13:15:00
1680960600000,27980.4,28003.2,27970.08,28002.99,242.16137,2023-04-08 13:30:00
1680961500000,28003.0,28046.26,28002.9,28020.66,241.58557,2023-04-08 13:45:00
1680962400000,28020.66,28035.92,28017.59,28021.75,273.10397,2023-04-08 14:00:00
1680963300000,28021.75,28057.0,28010.4,28049.58,265.36042,2023-04-08 14:15:00
1680964200000,28049.57,28049.58,28030.0,28030.01,171.96612,2023-04-08 14:30:00
1680965100000,28030.01,28030.73,28027.66,28027.67,147.31096,2023-04-08 14:45:00
1680966000000,28027.66,28028.7,27985.38,28010.72,202.86559,2023-04-08 15:00:00
1680966900000,28010.72,28010.72,27990.0,28007.62,140.2188,2023-04-08 15:15:00
1680967800000,28007.63,28007.63,27990.0,27990.12,137.37512,2023-04-08 15:30:00
1680968700000,27990.12,28014.71,27990.0,28014.7,122.12201,2023-04-08 15:45:00
1680969600000,28014.71,28020.0,28011.73,28014.96,155.9916,2023-04-08 16:00:00
1680970500000,28014.96,28020.0,27999.0,27999.0,118.84063,2023-04-08 16:15:00
1680971400000,27999.01,28007.6,27995.93,28005.41,139.91483,2023-04-08 16:30:00
1680972300000,28005.41,28005.56,28000.99,28002.53,113.82745,2023-04-08 16:45:00
1680973200000,28002.52,28003.99,27997.03,28000.9,133.12951,2023-04-08 17:00:00
1680974100000,28000.89,28017.04,27999.22,27999.59,121.86088,2023-04-08 17:15:00
1680975000000,27999.58,27999.59,27975.15,27982.14,152.10911,2023-04-08 17:30:00
1680975900000,27982.14,27982.14,27897.26,27935.11,542.46242,2023-04-08 17:45:00
1680976800000,27935.11,27955.0,27890.0,27954.69,407.10483,2023-04-08 18:00:00
1680977700000,27954.68,27955.0,27938.81,27943.46,195.99061,2023-04-08 18:15:00
1680978600000,27943.47,27950.41,27916.95,27932.82,245.26083,2023-04-08 18:30:00
1680979500000,27932.82,27932.82,27872.11,27904.38,397.20512,2023-04-08 18:45:00
1680980400000,27904.37,27938.46,27875.96,27938.46,360.29701,2023-04-08 19:00:00
1680981300000,27938.46,27938.46,27906.08,27925.97,200.9246,2023-04-08 19:15:00
1680982200000,27925.98,27926.36,27904.6,27926.35,191.32764,2023-04-08 19:30:00
1680983100000,27926.36,27952.17,27919.24,27924.13,143.46898,2023-04-08 19:45:00
1680984000000,27924.13,27939.14,27924.13,27937.46,98.11062,2023-04-08 20:00:00
1680984900000,27937.47,27955.0,27933.89,27953.98,269.46718,2023-04-08 20:15:00
1680985800000,27953.98,27953.99,27936.06,27936.35,129.79634,2023-04-08 20:30:00
1680986700000,27936.36,27936.36,27911.41,27911.69,154.92699,2023-04-08 20:45:00
1680987600000,27911.7,27931.8,27900.44,27931.79,139.67141,2023-04-08 21:00:00
1680988500000,27931.8,27935.09,27925.21,27925.21,103.84977,2023-04-08 21:15:00
1680989400000,27925.22,27925.22,27916.63,27919.45,102.85162,2023-04-08 21:30:00
1680990300000,27919.44,27929.81,27919.44,27929.8,155.23119,2023-04-08 21:45:00
1680991200000,27929.8,27939.29,27916.74,27927.78,177.30067,2023-04-08 22:00:00
1680992100000,27927.78,27927.78,27888.7,27888.71,183.48043,2023-04-08 22:15:00
1680993000000,27888.7,27915.82,27885.86,27915.59,173.92133,2023-04-08 22:30:00
1680993900000,27915.58,27951.0,27915.02,27937.77,130.13022,2023-04-08 22:45:00
1680994800000,27937.77,27987.41,27933.06,27969.57,249.59037,2023-04-08 23:00:00
1680995700000,27969.56,27973.46,27956.2,27960.7,174.03088,2023-04-08 23:15:00
1680996600000,27960.69,27962.97,27927.71,27942.29,193.81242,2023-04-08 23:30:00
1680997500000,27942.28,27946.48,27930.19,27938.38,108.33124,2023-04-08 23:45:00
1680998400000,27938.38,27954.41,27924.9,27954.4,193.89956,2023-04-09 00:00:00
1680999300000,27954.41,28015.29,27954.4,28010.06,265.05847,2023-04-09 00:15:00
1681000200000,28010.06,28042.85,27995.85,28033.86,350.38687,2023-04-09 00:30:00
1681001100000,28033.86,28075.0,28024.8,28036.76,282.72298,2023-04-09 00:45:00
1681002000000,28036.76,28070.0,28031.97,28050.14,189.23438,2023-04-09 01:00:00
1681002900000,28050.14,28064.08,28047.89,28061.24,158.49784,2023-04-09 01:15:00
1681003800000,28061.24,28074.65,28030.0,28053.83,210.37776,2023-04-09 01:30:00
1681004700000,28053.84,28082.1,28047.88,28077.78,337.58994,2023-04-09 01:45:00
1681005600000,28077.78,28083.45,28060.55,28060.55,287.81881,2023-04-09 02:00:00
1681006500000,28060.55,28076.6,28056.85,28064.0,289.20046,2023-04-09 02:15:00
1681007400000,28064.01,28065.43,28034.0,28056.16,221.92359,2023-04-09 02:30:00
1681008300000,28056.16,28066.83,28031.08,28036.3,309.96581,2023-04-09 02:45:00
1681009200000,28036.31,28036.31,28018.63,28027.36,145.96974,2023-04-09 03:00:00
1681010100000,28027.36,28046.65,28022.94,28046.64,175.86332,2023-04-09 03:15:00
1681011000000,28046.64,28054.01,28039.57,28047.02,175.0416,2023-04-09 03:30:00
1681011900000,28047.01,28047.02,28027.7,28027.71,89.00738,2023-04-09 03:45:00
1681012800000,28027.71,28031.19,28010.0,28022.72,243.96204,2023-04-09 04:00:00
1681013700000,28022.72,28034.49,28022.71,28033.73,93.25483,2023-04-09 04:15:00
1681014600000,28033.72,28041.06,28017.05,28033.33,131.28797,2023-04-09 04:30:00
1681015500000,28033.33,28039.95,28033.33,28037.39,81.19356,2023-04-09 04:45:00
1681016400000,28037.38,28054.2,28037.38,28054.2,122.66249,2023-04-09 05:00:00
1681017300000,28054.19,28067.46,28054.19,28063.03,126.87191,2023-04-09 05:15:00
1681018200000,28063.03,28066.9,28038.34,28041.68,125.99463,2023-04-09 05:30:00
1681019100000,28041.68,28041.68,27991.43,27999.25,181.9009,2023-04-09 05:45:00
1681020000000,27999.25,27999.25,27912.0,27953.47,906.80515,2023-04-09 06:00:00
1681020900000,27953.46,27954.06,27919.84,27948.71,296.30943,2023-04-09 06:15:00
1681021800000,27948.72,27962.9,27918.66,27918.67,240.31686,2023-04-09 06:30:00
1681022700000,27918.67,27933.01,27851.0,27880.13,728.75677,2023-04-09 06:45:00
1681023600000,27880.12,27883.49,27840.51,27867.23,593.88553,2023-04-09 07:00:00
1681024500000,27867.23,27914.9,27850.0,27908.38,464.11952,2023-04-09 07:15:00
1681025400000,27908.38,27915.34,27858.17,27887.22,311.36679,2023-04-09 07:30:00
1681026300000,27887.22,27910.11,27876.86,27903.02,359.58043,2023-04-09 07:45:00
1681027200000,27903.01,27910.66,27898.01,27908.33,249.70158,2023-04-09 08:00:00
1681028100000,27908.33,27922.31,27868.0,27885.3,316.55852,2023-04-09 08:15:00
1681029000000,27885.3,27891.9,27855.0,27872.54,229.93744,2023-04-09 08:30:00
1681029900000,27872.54,27881.65,27800.0,27881.64,510.48472,2023-04-09 08:45:00
1681030800000,27881.65,27911.14,27881.64,27911.14,189.2272,2023-04-09 09:00:00
1681031700000,27911.14,27938.86,27896.55,27897.1,339.92146,2023-04-09 09:15:00
1681032600000,27897.11,27924.62,27882.05,27919.22,213.71653,2023-04-09 09:30:00
1681033500000,27919.21,27929.67,27898.58,27898.58,159.92056,2023-04-09 09:45:00
1681034400000,27898.59,27903.42,27895.56,27902.74,149.51893,2023-04-09 10:00:00
1681035300000,27902.74,27914.29,27876.15,27907.68,197.41965,2023-04-09 10:15:00
1681036200000,27907.68,27907.69,27892.98,27895.75,92.18815,2023-04-09 10:30:00
1681037100000,27895.76,27899.33,27861.55,27893.22,169.40208,2023-04-09 10:45:00
1681038000000,27893.23,27902.21,27883.66,27883.67,86.62543,2023-04-09 11:00:00
1681038900000,27883.67,27883.67,27866.87,27866.89,101.16315,2023-04-09 11:15:00
1681039800000,27866.89,27922.53,27866.88,27921.8,219.70811,2023-04-09 11:30:00
1681040700000,27921.8,27949.99,27910.01,27930.2,244.53471,2023-04-09 11:45:00
1681041600000,27930.2,27933.31,27919.4,27925.19,154.71913,2023-04-09 12:00:00
1681042500000,27925.19,27969.0,27922.68,27960.01,280.31193,2023-04-09 12:15:00
1681043400000,27960.01,27973.39,27928.24,27956.5,312.83634,2023-04-09 12:30:00
1681044300000,27956.49,27956.5,27922.13,27930.07,184.34004,2023-04-09 12:45:00
1681045200000,27930.07,27930.08,27914.37,27914.38,174.11415,2023-04-09 13:00:00
1681046100000,27914.38,27914.38,27873.46,27901.37,253.32337,2023-04-09 13:15:00
1681047000000,27901.38,27909.83,27889.25,27904.99,181.3499,2023-04-09 13:30:00
1681047900000,27904.99,27905.63,27904.87,27905.62,81.45575,2023-04-09 13:45:00
1681048800000,27905.62,27918.71,27905.62,27918.01,129.22827,2023-04-09 14:00:00
1681049700000,27918.01,27925.01,27800.0,27844.58,701.26694,2023-04-09 14:15:00
1681050600000,27844.59,27871.17,27820.91,27863.48,203.49618,2023-04-09 14:30:00
1681051500000,27863.49,27882.03,27839.5,27866.49,255.9947,2023-04-09 14:45:00
1681052400000,27866.48,27891.56,27835.26,27888.95,299.26316,2023-04-09 15:00:00
1681053300000,27888.96,27888.97,27870.0,27887.49,189.46277,2023-04-09 15:15:00
1681054200000,27887.48,27914.0,27861.35,27912.6,223.30338,2023-04-09 15:30:00
1681055100000,27912.61,27918.26,27884.2,27891.91,193.80411,2023-04-09 15:45:00
1681056000000,27891.91,27913.98,27890.75,27913.98,132.19274,2023-04-09 16:00:00
1681056900000,27913.97,27920.0,27909.14,27911.08,116.95175,2023-04-09 16:15:00
1681057800000,27911.07,27942.55,27910.51,27921.21,258.08221,2023-04-09 16:30:00
1681058700000,27921.21,27933.1,27893.98,27896.98,180.33855,2023-04-09 16:45:00
1681059600000,27896.97,27904.37,27894.0,27900.32,115.37918,2023-04-09 17:00:00
1681060500000,27900.32,27903.23,27879.97,27885.86,140.33549,2023-04-09 17:15:00
1681061400000,27885.86,27906.29,27876.68,27876.7,172.80474,2023-04-09 17:30:00
1681062300000,27876.69,27930.1,27876.68,27906.68,152.05086,2023-04-09 17:45:00
1681063200000,27906.67,27936.24,27906.67,27936.23,134.31039,2023-04-09 18:00:00
1681064100000,27936.24,27941.77,27924.26,27925.24,105.74402,2023-04-09 18:15:00
1681065000000,27925.25,27943.75,27918.78,27942.98,152.64273,2023-04-09 18:30:00
1681065900000,27942.98,28050.0,27937.63,28026.72,760.42514,2023-04-09 18:45:00
1681066800000,28027.18,28085.0,27998.88,28084.99,588.04115,2023-04-09 19:00:00
1681067700000,28085.0,28250.0,28084.99,28189.93,2114.12388,2023-04-09 19:15:00
1681068600000,28189.93,28232.28,28081.3,28099.38,1037.09794,2023-04-09 19:30:00
1681069500000,28099.38,28150.0,28086.85,28140.4,366.86954,2023-04-09 19:45:00
1681070400000,28140.41,28160.67,28113.63,28116.87,283.39943,2023-04-09 20:00:00
1681071300000,28116.88,28129.13,28094.5,28115.32,255.60884,2023-04-09 20:15:00
1681072200000,28115.33,28149.85,28113.99,28120.79,204.15251,2023-04-09 20:30:00
1681073100000,28120.8,28121.15,28100.0,28114.63,179.96379,2023-04-09 20:45:00
1681074000000,28114.63,28194.41,28114.63,28174.6,389.15819,2023-04-09 21:00:00
1681074900000,28174.59,28345.63,28147.37,28315.68,808.03546,2023-04-09 21:15:00
1681075800000,28316.18,28398.0,28231.92,28324.72,877.56859,2023-04-09 21:30:00
1681076700000,28324.73,28476.34,28324.72,28437.19,1344.91553,2023-04-09 21:45:00
1681077600000,28437.2,28530.0,28395.92,28409.46,1680.32711,2023-04-09 22:00:00
1681078500000,28409.46,28456.47,28395.72,28429.09,669.09019,2023-04-09 22:15:00
1681079400000,28429.08,28446.92,28365.59,28373.15,821.21748,2023-04-09 22:30:00
1681080300000,28373.15,28410.0,28360.0,28371.39,493.75579,2023-04-09 22:45:00
1681081200000,28371.38,28403.5,28334.16,28360.01,673.72699,2023-04-09 23:00:00
1681082100000,28360.0,28429.55,28359.22,28368.13,506.0043,2023-04-09 23:15:00
1681083000000,28368.14,28375.04,28292.54,28300.82,467.42537,2023-04-09 23:30:00
1681083900000,28300.81,28336.86,28299.85,28323.76,370.29547,2023-04-09 23:45:00
1681084800000,28323.76,28384.04,28285.61,28364.48,643.16642,2023-04-10 00:00:00
1681085700000,28364.47,28382.14,28349.63,28381.03,315.04892,2023-04-10 00:15:00
1681086600000,28381.03,28425.43,28349.63,28400.01,395.9713,2023-04-10 00:30:00
1681087500000,28400.0,28419.29,28352.0,28381.25,386.9771,2023-04-10 00:45:00
1681088400000,28381.24,28381.25,28321.34,28327.92,344.69307,2023-04-10 01:00:00
1681089300000,28327.92,28337.78,28256.98,28257.42,546.35345,2023-04-10 01:15:00
1681090200000,28257.42,28299.12,28244.18,28290.4,418.24344,2023-04-10 01:30:00
1681091100000,28290.4,28320.0,28290.39,28304.05,303.77149,2023-04-10 01:45:00
1681092000000,28304.04,28314.83,28297.32,28302.98,204.79434,2023-04-10 02:00:00
1681092900000,28302.98,28304.82,28271.14,28303.34,264.68483,2023-04-10 02:15:00
1681093800000,28303.34,28350.0,28303.34,28325.84,325.93603,2023-04-10 02:30:00
1681094700000,28325.85,28326.67,28296.0,28296.0,227.45571,2023-04-10 02:45:00
1681095600000,28296.01,28319.1,28266.01,28286.42,335.3179,2023-04-10 03:00:00
1681096500000,28286.41,28304.48,28274.62,28304.47,227.66052,2023-04-10 03:15:00
1681097400000,28304.47,28319.55,28293.21,28308.45,218.61506,2023-04-10 03:30:00
1681098300000,28308.45,28308.45,28278.35,28278.45,213.57318,2023-04-10 03:45:00
1681099200000,28278.45,28300.15,28278.44,28296.29,292.88075,2023-04-10 04:00:00
1681100100000,28296.28,28317.61,28281.02,28299.93,234.54955,2023-04-10 04:15:00
1681101000000,28299.92,28304.26,28291.81,28291.99,106.56733,2023-04-10 04:30:00
1681101900000,28291.99,28299.0,28212.28,28234.51,411.96856,2023-04-10 04:45:00
1681102800000,28234.52,28246.1,28200.01,28218.78,408.65102,2023-04-10 05:00:00
1681103700000,28218.78,28233.27,28196.61,28233.27,358.4391,2023-04-10 05:15:00
1681104600000,28233.26,28301.94,28233.26,28288.58,959.14423,2023-04-10 05:30:00
1681105500000,28288.59,28314.27,28262.59,28282.16,329.75181,2023-04-10 05:45:00
1681106400000,28282.17,28290.87,28281.45,28287.61,196.29138,2023-04-10 06:00:00
1681107300000,28287.62,28287.62,28258.99,28258.99,166.05339,2023-04-10 06:15:00
1681108200000,28258.99,28270.35,28253.7,28270.35,154.93922,2023-04-10 06:30:00
1681109100000,28270.34,28305.0,28270.34,28277.94,253.42144,2023-04-10 06:45:00
1681110000000,28277.94,28325.43,28270.26,28287.49,234.35986,2023-04-10 07:00:00
1681110900000,28287.49,28287.5,28275.03,28275.03,174.92116,2023-04-10 07:15:00
1681111800000,28275.03,28287.4,28233.8,28274.48,393.73137,2023-04-10 07:30:00
1681112700000,28274.48,28300.0,28267.41,28284.57,319.57436,2023-04-10 07:45:00
1681113600000,28284.57,28357.83,28284.57,28339.78,537.10342,2023-04-10 08:00:00
1681114500000,28339.77,28346.83,28313.57,28343.05,383.09661,2023-04-10 08:15:00
1681115400000,28343.05,28375.02,28310.63,28326.36,638.70032,2023-04-10 08:30:00
1681116300000,28326.35,28326.36,28294.34,28295.16,317.29078,2023-04-10 08:45:00
1681117200000,28295.17,28308.53,28275.29,28308.53,305.77574,2023-04-10 09:00:00
1681118100000,28308.53,28328.13,28303.37,28320.03,378.63296,2023-04-10 09:15:00
1681119000000,28320.02,28350.02,28298.25,28314.27,358.36748,2023-04-10 09:30:00
1681119900000,28314.27,28314.28,28305.46,28310.29,137.60978,2023-04-10 09:45:00
1681120800000,28310.28,28333.17,28305.96,28314.46,225.01808,2023-04-10 10:00:00
1681121700000,28314.46,28314.99,28293.67,28300.72,198.90402,2023-04-10 10:15:00
1681122600000,28300.71,28315.0,28298.66,28314.99,153.70514,2023-04-10 10:30:00
1681123500000,28315.0,28361.51,28314.99,28331.88,363.14416,2023-04-10 10:45:00
1681124400000,28331.88,28369.99,28329.09,28348.87,400.67761,2023-04-10 11:00:00
1681125300000,28348.87,28348.87,28317.82,28337.69,278.17417,2023-04-10 11:15:00
1681126200000,28337.68,28337.69,28289.03,28303.39,310.07219,2023-04-10 11:30:00
1681127100000,28303.38,28320.0,28275.01,28305.6,248.0504,2023-04-10 11:45:00
1681128000000,28305.59,28305.6,28281.03,28281.04,257.33384,2023-04-10 12:00:00
1681128900000,28281.04,28317.81,28255.0,28271.58,540.64271,2023-04-10 12:15:00
1681129800000,28271.57,28302.25,28260.87,28301.67,265.45806,2023-04-10 12:30:00
1681130700000,28301.67,28301.68,28277.55,28277.86,242.01351,2023-04-10 12:45:00
1681131600000,28277.85,28297.36,28264.0,28281.51,300.01267,2023-04-10 13:00:00
1681132500000,28281.51,28283.43,28250.86,28255.0,296.01104,2023-04-10 13:15:00
1681133400000,28255.0,28262.24,28225.01,28231.72,770.81019,2023-04-10 13:30:00
1681134300000,28231.71,28250.77,28170.0,28217.46,997.15303,2023-04-10 13:45:00
1681135200000,28217.45,28260.71,28199.3,28251.17,522.55599,2023-04-10 14:00:00
1681136100000,28251.18,28260.04,28235.99,28237.4,311.45896,2023-04-10 14:15:00
1681137000000,28237.39,28315.75,28235.01,28307.8,393.764,2023-04-10 14:30:00
1681137900000,28307.81,28341.97,28296.17,28305.43,542.59902,2023-04-10 14:45:00
1681138800000,28305.42,28453.87,28305.42,28445.38,1071.73624,2023-04-10 15:00:00
1681139700000,28445.38,28500.0,28385.8,28415.01,1247.60103,2023-04-10 15:15:00
1681140600000,28415.01,28575.04,28376.21,28497.56,1435.83825,2023-04-10 15:30:00
1681141500000,28497.56,28521.47,28435.12,28439.38,942.41313,2023-04-10 15:45:00
1681142400000,28439.39,28469.19,28356.51,28407.92,990.07049,2023-04-10 16:00:00
1681143300000,28407.93,28454.19,28397.16,28443.19,381.90098,2023-04-10 16:15:00
1681144200000,28443.19,28629.96,28443.19,28558.74,1625.19806,2023-04-10 16:30:00
1681145100000,28558.74,29150.0,28558.74,29036.85,6503.03699,2023-04-10 16:45:00
1681146000000,29036.85,29292.52,29000.0,29134.02,4780.3601,2023-04-10 17:00:00
1681146900000,29134.02,29207.5,29011.17,29100.67,2350.67276,2023-04-10 17:15:00
1681147800000,29100.67,29380.0,29044.7,29118.67,2241.15816,2023-04-10 17:30:00
1681148700000,29118.67,29164.38,29068.86,29160.0,993.22252,2023-04-10 17:45:00
1681149600000,29160.0,29235.02,29136.36,29136.38,1049.46845,2023-04-10 18:00:00
1681150500000,29136.38,29182.13,29115.0,29125.36,851.84042,2023-04-10 18:15:00
1681151400000,29125.35,29211.35,29119.99,29174.2,980.14679,2023-04-10 18:30:00
1681152300000,29174.2,29289.99,29174.2,29273.14,1262.57877,2023-04-10 18:45:00
1681153200000,29273.14,29295.46,29170.8,29174.55,925.86987,2023-04-10 19:00:00
1681154100000,29174.56,29209.99,29057.04,29097.26,1026.54294,2023-04-10 19:15:00
1681155000000,29097.26,29169.84,29080.0,29131.09,575.11631,2023-04-10 19:30:00
1681155900000,29131.08,29203.46,29125.18,29173.06,498.10395,2023-04-10 19:45:00
1681156800000,29173.05,29215.02,29111.31,29121.33,885.64763,2023-04-10 20:00:00
1681157700000,29121.34,29155.94,29095.0,29109.81,505.42304,2023-04-10 20:15:00
1681158600000,29109.81,29140.0,29069.1,29114.95,487.56612,2023-04-10 20:30:00
1681159500000,29114.96,29124.35,29099.54,29115.11,353.26788,2023-04-10 20:45:00
1681160400000,29115.11,29170.02,29090.34,29119.93,372.0272,2023-04-10 21:00:00
1681161300000,29119.92,29225.57,29119.92,29223.32,631.22022,2023-04-10 21:15:00
1681162200000,29223.32,29278.78,29187.53,29205.05,624.89454,2023-04-10 21:30:00
1681163100000,29205.05,29245.39,29205.04,29222.34,442.38347,2023-04-10 21:45:00
1681164000000,29222.34,29747.01,29222.34,29500.25,3546.83749,2023-04-10 22:00:00
1681164900000,29500.25,29639.0,29500.25,29569.57,1299.39105,2023-04-10 22:15:00
1681165800000,29569.15,29702.86,29569.14,29671.36,1109.8299,2023-04-10 22:30:00
1681166700000,29671.35,29686.08,29593.08,29594.0,781.80941,2023-04-10 22:45:00
1681167600000,29594.0,29770.0,29593.99,29747.38,1386.77125,2023-04-10 23:00:00
1681168500000,29747.38,29758.0,29654.47,29675.83,964.65627,2023-04-10 23:15:00
1681169400000,29675.83,29733.0,29640.33,29647.0,934.73812,2023-04-10 23:30:00
1681170300000,29647.01,29674.9,29590.0,29637.34,653.07923,2023-04-10 23:45:00
1681171200000,29637.35,29665.99,29590.0,29665.98,790.33255,2023-04-11 00:00:00
1681172100000,29665.99,29700.76,29650.08,29675.51,466.87786,2023-04-11 00:15:00
1681173000000,29675.51,29990.0,29654.82,29789.02,2669.22982,2023-04-11 00:30:00
1681173900000,29789.03,29935.87,29761.8,29928.86,1367.82568,2023-04-11 00:45:00
1681174800000,29928.85,29940.73,29780.0,29801.33,727.16141,2023-04-11 01:00:00
1681175700000,29801.34,29836.04,29754.49,29824.7,637.4037,2023-04-11 01:15:00
1681176600000,29824.7,29918.62,29824.69,29908.06,907.96803,2023-04-11 01:30:00
1681177500000,29908.07,30308.23,29888.96,30189.9,3914.10745,2023-04-11 01:45:00
1681178400000,30189.9,30430.0,30118.76,30273.34,2232.39637,2023-04-11 02:00:00
1681179300000,30273.34,30394.61,30240.0,30293.86,1229.74211,2023-04-11 02:15:00
1681180200000,30293.85,30300.0,30026.72,30078.22,1460.838,2023-04-11 02:30:00
1681181100000,30078.21,30150.0,29987.6,30083.01,1052.52057,2023-04-11 02:45:00
1681182000000,30083.01,30083.02,29954.91,30001.43,1077.84089,2023-04-11 03:00:00
1681182900000,30001.44,30050.67,29936.91,29985.24,1112.20745,2023-04-11 03:15:00
1681183800000,29985.25,30070.05,29980.66,30038.67,462.6283,2023-04-11 03:30:00
1681184700000,30038.66,30124.12,30036.15,30115.95,719.1125,2023-04-11 03:45:00
1681185600000,30115.95,30126.67,30058.85,30094.76,777.55606,2023-04-11 04:00:00
1681186500000,30094.77,30169.14,30075.92,30108.52,743.3205,2023-04-11 04:15:00
1681187400000,30108.53,30123.42,30017.37,30072.48,663.92157,2023-04-11 04:30:00
1681188300000,30072.49,30120.01,30072.48,30109.01,404.21736,2023-04-11 04:45:00
1681189200000,30109.01,30120.29,30082.75,30107.89,364.2977,2023-04-11 05:00:00
1681190100000,30107.89,30147.0,30063.36,30070.75,417.18343,2023-04-11 05:15:00
1681191000000,30070.74,30092.28,29984.47,29997.34,600.07996,2023-04-11 05:30:00
1681191900000,29997.35,30000.26,29800.0,29883.84,1747.99825,2023-04-11 05:45:00
1681192800000,29883.84,30030.0,29878.92,30026.79,874.91513,2023-04-11 06:00:00
1681193700000,30026.78,30087.0,29999.0,30087.0,616.52539,2023-04-11 06:15:00
1681194600000,30086.99,30087.77,30049.44,30070.71,381.99778,2023-04-11 06:30:00
1681195500000,30070.71,30075.0,30035.78,30035.78,367.07933,2023-04-11 06:45:00
1681196400000,30035.78,30109.24,30035.59,30108.82,510.58055,2023-04-11 07:00:00
1681197300000,30108.81,30160.53,30089.5,30098.21,769.01135,2023-04-11 07:15:00
1681198200000,30098.21,30129.89,30055.0,30126.19,581.53867,2023-04-11 07:30:00
1681199100000,30126.19,30154.19,30100.29,30106.89,465.28369,2023-04-11 07:45:00
1681200000000,30106.9,30119.66,30076.94,30083.44,321.7407,2023-04-11 08:00:00
1681200900000,30083.45,30116.17,30071.03,30114.96,318.4936,2023-04-11 08:15:00
1681201800000,30114.95,30147.38,30073.05,30087.31,563.4513,2023-04-11 08:30:00
1681202700000,30087.31,30097.03,30045.0,30093.9,564.83229,2023-04-11 08:45:00
1681203600000,30093.91,30094.01,30032.44,30055.01,792.8453,2023-04-11 09:00:00
1681204500000,30055.01,30061.15,29974.0,30056.75,763.0321,2023-04-11 09:15:00
1681205400000,30056.76,30079.99,30015.06,30015.06,413.09437,2023-04-11 09:30:00
1681206300000,30015.07,30057.59,30000.56,30052.38,462.67732,2023-04-11 09:45:00
1681207200000,30052.38,30054.93,30008.95,30035.34,383.73703,2023-04-11 10:00:00
1681208100000,30035.34,30072.1,30032.21,30061.72,266.5699,2023-04-11 10:15:00
1681209000000,30061.72,30128.88,30059.99,30111.78,490.82906,2023-04-11 10:30:00
1681209900000,30111.78,30144.83,30096.41,30122.5,475.11396,2023-04-11 10:45:00
1681210800000,30122.49,30122.5,30095.14,30104.42,291.13727,2023-04-11 11:00:00
1681211700000,30104.43,30121.17,30079.37,30104.25,417.38297,2023-04-11 11:15:00
1681212600000,30104.24,30123.91,30063.25,30076.08,376.92915,2023-04-11 11:30:00
1681213500000,30076.08,30082.49,30050.69,30055.15,437.62114,2023-04-11 11:45:00
1681214400000,30055.14,30134.37,30045.51,30134.37,701.55424,2023-04-11 12:00:00
1681215300000,30134.36,30200.58,30010.41,30065.78,1209.4255,2023-04-11 12:15:00
1681216200000,30065.78,30130.1,30047.59,30119.02,423.10702,2023-04-11 12:30:00
1681217100000,30119.02,30134.83,30075.57,30098.92,322.3146,2023-04-11 12:45:00
1681218000000,30098.92,30111.87,30073.01,30097.65,312.04581,2023-04-11 13:00:00
1681218900000,30097.64,30175.04,30089.98,30171.0,558.33455,2023-04-11 13:15:00
1681219800000,30171.01,30200.0,30100.0,30122.18,825.2892,2023-04-11 13:30:00
1681220700000,30122.19,30250.0,30115.46,30246.31,844.27847,2023-04-11 13:45:00
1681221600000,30246.3,30280.0,30190.33,30220.32,832.80034,2023-04-11 14:00:00
1681222500000,30220.31,30222.44,30160.0,30210.58,608.43916,2023-04-11 14:15:00
1681223400000,30210.58,30210.58,29990.33,30018.32,1484.31951,2023-04-11 14:30:00
1681224300000,30018.32,30079.89,29975.0,30060.39,856.67302,2023-04-11 14:45:00
1681225200000,30060.39,30246.26,30044.65,30211.05,750.76665,2023-04-11 15:00:00
1681226100000,30211.04,30220.92,30162.92,30181.11,630.46685,2023-04-11 15:15:00
1681227000000,30181.11,30195.75,30136.98,30167.99,510.93485,2023-04-11 15:30:00
1681227900000,30167.99,30222.0,30156.57,30194.22,443.41179,2023-04-11 15:45:00
1681228800000,30194.23,30263.71,30182.12,30199.43,631.61323,2023-04-11 16:00:00
1681229700000,30199.43,30203.6,30100.0,30203.01,739.27758,2023-04-11 16:15:00
1681230600000,30203.01,30229.48,30132.65,30188.0,455.9072,2023-04-11 16:30:00
1681231500000,30187.99,30188.0,30110.36,30127.98,415.37969,2023-04-11 16:45:00
1681232400000,30127.98,30141.11,30074.35,30115.4,793.43725,2023-04-11 17:00:00
1681233300000,30115.4,30156.57,30040.0,30155.01,519.08992,2023-04-11 17:15:00
1681234200000,30155.01,30169.09,30124.91,30162.53,274.27792,2023-04-11 17:30:00
1681235100000,30162.52,30220.0,30162.52,30207.57,413.24041,2023-04-11 17:45:00
1681236000000,30207.57,30240.0,30193.07,30208.3,472.71094,2023-04-11 18:00:00
1681236900000,30208.3,30234.71,30151.68,30178.0,372.50338,2023-04-11 18:15:00
1681237800000,30178.0,30209.81,30170.36,30191.45,257.09489,2023-04-11 18:30:00
1681238700000,30191.45,30230.24,30191.44,30230.24,347.22413,2023-04-11 18:45:00
1681239600000,30230.23,30262.28,30189.63,30260.06,436.28681,2023-04-11 19:00:00
1681240500000,30260.05,30550.0,30260.05,30419.65,2539.25475,2023-04-11 19:15:00
1681241400000,30419.64,30425.21,30150.01,30179.3,1241.54451,2023-04-11 19:30:00
1681242300000,30179.29,30206.07,30105.01,30130.02,1061.3175,2023-04-11 19:45:00
1681243200000,30130.02,30162.95,30013.07,30109.83,1238.45012,2023-04-11 20:00:00
1681244100000,30109.83,30109.84,29940.0,30075.05,1406.23347,2023-04-11 20:15:00
1681245000000,30075.05,30130.69,30055.0,30129.99,403.18438,2023-04-11 20:30:00
1681245900000,30129.99,30173.76,30115.47,30164.23,361.84939,2023-04-11 20:45:00
1681246800000,30164.24,30225.06,30133.63,30210.25,392.40072,2023-04-11 21:00:00
1681247700000,30210.25,30210.25,30171.89,30180.73,285.56916,2023-04-11 21:15:00
1681248600000,30180.73,30239.59,30130.23,30130.86,449.04575,2023-04-11 21:30:00
1681249500000,30130.86,30213.64,30130.85,30189.52,219.09628,2023-04-11 21:45:00
1681250400000,30189.51,30198.84,30147.64,30195.72,284.72963,2023-04-11 22:00:00
1681251300000,30195.72,30202.27,30181.15,30182.25,229.55617,2023-04-11 22:15:00
1681252200000,30182.26,30230.22,30182.25,30207.75,253.91313,2023-04-11 22:30:00
1681253100000,30207.76,30272.28,30202.7,30263.75,461.94292,2023-04-11 22:45:00
1681254000000,30263.74,30274.19,30228.04,30230.16,291.34917,2023-04-11 23:00:00
1681254900000,30230.16,30230.17,30184.71,30194.0,299.17406,2023-04-11 23:15:00
1681255800000,30194.0,30247.9,30160.0,30238.47,484.60257,2023-04-11 23:30:00
1681256700000,30238.46,30238.47,30200.42,30200.42,191.47075,2023-04-11 23:45:00
1681257600000,30200.43,30262.24,30200.0,30262.24,408.35111,2023-04-12 00:00:00
1681258500000,30262.23,30350.07,30234.43,30309.15,537.83373,2023-04-12 00:15:00
1681259400000,30309.15,30309.15,30250.0,30290.9,329.9749,2023-04-12 00:30:00
1681260300000,30290.9,30311.77,30193.67,30224.78,527.69101,2023-04-12 00:45:00
1681261200000,30224.77,30237.23,30164.6,30237.22,455.16307,2023-04-12 01:00:00
1681262100000,30237.22,30292.44,30226.18,30228.14,279.66922,2023-04-12 01:15:00
1681263000000,30228.14,30258.4,30175.0,30175.01,398.34084,2023-04-12 01:30:00
1681263900000,30175.01,30192.32,30122.72,30170.8,555.48706,2023-04-12 01:45:00
1681264800000,30170.8,30170.8,30014.11,30045.64,1111.04615,2023-04-12 02:00:00
1681265700000,30045.64,30045.64,29860.21,29933.64,2469.97822,2023-04-12 02:15:00
1681266600000,29933.64,29978.34,29831.47,29943.33,910.09493,2023-04-12 02:30:00
1681267500000,29943.32,29949.79,29811.82,29916.16,1134.22035,2023-04-12 02:45:00
1681268400000,29916.16,29950.0,29887.5,29950.0,658.98329,2023-04-12 03:00:00
1681269300000,29949.99,29988.75,29902.55,29988.75,578.0928,2023-04-12 03:15:00
1681270200000,29988.74,29989.19,29923.29,29925.99,480.54136,2023-04-12 03:30:00
1681271100000,29925.99,29944.65,29858.19,29922.04,559.50374,2023-04-12 03:45:00
1681272000000,29922.04,29943.86,29887.03,29940.42,498.53409,2023-04-12 04:00:00
1681272900000,29940.43,29960.1,29920.73,29960.1,301.37571,2023-04-12 04:15:00
1681273800000,29960.1,29961.36,29940.22,29956.05,285.0138,2023-04-12 04:30:00
1681274700000,29956.04,29995.35,29941.49,29978.58,454.81854,2023-04-12 04:45:00
1681275600000,29978.59,29999.23,29939.22,29952.51,471.38008,2023-04-12 05:00:00
1681276500000,29952.52,29963.71,29921.0,29925.94,309.36051,2023-04-12 05:15:00
1681277400000,29925.94,29943.28,29909.0,29938.53,298.15035,2023-04-12 05:30:00
1681278300000,29938.52,29938.53,29891.46,29920.0,415.04091,2023-04-12 05:45:00
1681279200000,29919.99,29938.53,29871.7,29880.49,308.78675,2023-04-12 06:00:00
1681280100000,29880.49,29915.36,29850.0,29904.38,463.51247,2023-04-12 06:15:00
1681281000000,29904.38,29925.59,29888.16,29917.14,323.11657,2023-04-12 06:30:00
1681281900000,29917.14,29956.81,29917.13,29932.89,317.10896,2023-04-12 06:45:00
1681282800000,29932.88,29971.34,29924.26,29968.98,295.03022,2023-04-12 07:00:00
1681283700000,29968.97,30060.0,29948.05,30040.98,564.62827,2023-04-12 07:15:00
1681284600000,30040.99,30070.42,30001.0,30006.99,469.18643,2023-04-12 07:30:00
1681285500000,30006.98,30006.99,29970.87,29987.0,294.44056,2023-04-12 07:45:00
1681286400000,29986.99,30028.7,29986.99,30027.2,366.46029,2023-04-12 08:00:00
1681287300000,30027.2,30050.47,29972.93,29984.0,420.73563,2023-04-12 08:15:00
1681288200000,29984.0,30009.64,29975.58,29975.59,277.81307,2023-04-12 08:30:00
1681289100000,29975.59,29979.74,29913.71,29914.97,403.78122,2023-04-12 08:45:00
1681290000000,29914.97,29932.11,29895.98,29932.1,523.77848,2023-04-12 09:00:00
1681290900000,29932.1,29986.03,29932.1,29986.02,377.50432,2023-04-12 09:15:00
1681291800000,29986.03,30004.32,29959.24,29993.85,290.78743,2023-04-12 09:30:00
1681292700000,29993.85,30007.83,29960.13,30007.68,310.58708,2023-04-12 09:45:00
1681293600000,30007.67,30008.42,29980.0,29991.91,279.59591,2023-04-12 10:00:00
1681294500000,29991.9,30029.37,29988.9,30021.98,332.43444,2023-04-12 10:15:00
1681295400000,30021.97,30028.51,29984.93,30002.5,318.70891,2023-04-12 10:30:00
1681296300000,30002.51,30004.56,29978.13,29996.27,225.11382,2023-04-12 10:45:00
1681297200000,29996.28,30005.39,29947.25,29990.63,283.61794,2023-04-12 11:00:00
1681298100000,29990.62,30000.0,29930.95,29982.47,456.1916,2023-04-12 11:15:00
1681299000000,29982.47,29989.87,29960.73,29963.67,351.88189,2023-04-12 11:30:00
1681299900000,29963.66,30019.65,29963.65,30016.3,365.44483,2023-04-12 11:45:00
1681300800000,30016.31,30037.34,29959.34,29973.51,521.30463,2023-04-12 12:00:00
1681301700000,29973.51,30025.7,29919.0,30007.13,663.43584,2023-04-12 12:15:00
1681302600000,30007.12,30486.0,30003.4,30293.94,5470.5108,2023-04-12 12:30:00
1681303500000,30293.94,30316.29,30157.09,30157.09,2057.64314,2023-04-12 12:45:00
1681304400000,30157.09,30263.09,30085.01,30231.14,1477.1894,2023-04-12 13:00:00
1681305300000,30231.15,30340.22,30140.42,30173.11,1253.63627,2023-04-12 13:15:00
1681306200000,30173.1,30219.16,30091.93,30114.69,1066.63707,2023-04-12 13:30:00
1681307100000,30114.69,30124.58,29964.0,30053.73,1919.0983,2023-04-12 13:45:00
1681308000000,30053.72,30218.23,30021.25,30136.38,1525.93137,2023-04-12 14:00:00
1681308900000,30136.38,30215.0,30110.0,30212.36,1031.90624,2023-04-12 14:15:00
1681309800000,30212.37,30263.4,30080.0,30105.69,1295.85187,2023-04-12 14:30:00
1681310700000,30105.69,30167.81,30016.95,30024.69,1036.29188,2023-04-12 14:45:00
1681311600000,30024.69,30066.96,29637.4,29803.69,3533.48188,2023-04-12 15:00:00
1681312500000,29803.7,29953.8,29794.84,29922.89,1603.58779,2023-04-12 15:15:00
1681313400000,29922.88,29948.28,29884.77,29921.51,1005.04016,2023-04-12 15:30:00
1681314300000,29922.04,30010.06,29921.51,29964.02,846.97988,2023-04-12 15:45:00
1681315200000,29964.03,29983.32,29919.57,29969.45,616.13563,2023-04-12 16:00:00
1681316100000,29969.46,30034.99,29932.51,29991.84,537.2152,2023-04-12 16:15:00
1681317000000,29991.85,30011.38,29933.26,29933.59,424.06329,2023-04-12 16:30:00
1681317900000,29933.6,29970.3,29915.01,29939.02,394.84889,2023-04-12 16:45:00
1681318800000,29939.02,30019.52,29907.14,29990.77,725.84664,2023-04-12 17:00:00
1681319700000,29990.77,30027.19,29979.35,30008.12,435.99435,2023-04-12 17:15:00
1681320600000,30008.12,30091.01,30008.11,30040.01,518.67878,2023-04-12 17:30:00
1681321500000,30040.0,30044.76,30021.0,30023.92,386.21739,2023-04-12 17:45:00
1681322400000,30023.93,30057.52,29981.71,30040.15,547.51805,2023-04-12 18:00:00
1681323300000,30040.16,30051.0,29940.72,29952.72,519.46751,2023-04-12 18:15:00
1681324200000,29952.73,29981.82,29925.95,29943.06,683.32643,2023-04-12 18:30:00
1681325100000,29943.06,29957.34,29845.01,29917.26,640.13009,2023-04-12 18:45:00
1681326000000,29917.27,29949.76,29865.65,29870.8,417.15448,2023-04-12 19:00:00
1681326900000,29870.81,29908.76,29793.92,29824.68,617.39162,2023-04-12 19:15:00
1681327800000,29824.68,29895.29,29819.62,29875.3,452.04471,2023-04-12 19:30:00
1681328700000,29875.31,29900.0,29760.13,29798.59,612.46751,2023-04-12 19:45:00
1681329600000,29798.59,29858.87,29775.68,29840.53,392.70204,2023-04-12 20:00:00
1681330500000,29840.52,29888.55,29826.54,29885.45,247.94153,2023-04-12 20:15:00
1681331400000,29885.45,29894.59,29871.49,29888.89,144.51686,2023-04-12 20:30:00
1681332300000,29888.89,29955.0,29870.81,29947.47,277.91202,2023-04-12 20:45:00
1681333200000,29947.48,29957.61,29926.28,29937.81,164.81226,2023-04-12 21:00:00
1681334100000,29937.82,29979.1,29930.18,29944.11,219.14898,2023-04-12 21:15:00
1681335000000,29944.12,29979.74,29924.7,29950.89,169.00078,2023-04-12 21:30:00
1681335900000,29950.89,29950.89,29900.77,29944.12,206.70677,2023-04-12 21:45:00
1681336800000,29944.12,29950.0,29907.07,29925.27,204.5252,2023-04-12 22:00:00
1681337700000,29925.26,29975.41,29909.86,29933.77,220.29886,2023-04-12 22:15:00
1681338600000,29933.77,29954.28,29846.26,29906.63,445.99934,2023-04-12 22:30:00
1681339500000,29906.63,29947.74,29796.21,29841.35,414.32651,2023-04-12 22:45:00
1681340400000,29841.35,29883.56,29823.45,29880.05,288.78657,2023-04-12 23:00:00
1681341300000,29880.05,29939.61,29869.43,29911.84,365.2595,2023-04-12 23:15:00
1681342200000,29911.85,29933.39,29870.49,29876.66,250.07148,2023-04-12 23:30:00
1681343100000,29876.65,29903.55,29866.67,29888.07,151.55586,2023-04-12 23:45:00
1681344000000,29888.07,29925.0,29885.87,29922.12,283.97634,2023-04-13 00:00:00
1681344900000,29922.11,29954.93,29854.59,29949.96,383.07378,2023-04-13 00:15:00
1681345800000,29949.96,30025.56,29949.96,30016.78,455.04141,2023-04-13 00:30:00
1681346700000,30016.78,30035.28,29972.41,29984.69,319.48992,2023-04-13 00:45:00
1681347600000,29984.7,30013.43,29945.64,29990.89,381.73581,2023-04-13 01:00:00
1681348500000,29990.88,29994.73,29953.07,29974.63,216.93522,2023-04-13 01:15:00
1681349400000,29974.64,30074.83,29947.74,30047.14,405.8543,2023-04-13 01:30:00
1681350300000,30047.14,30077.49,30035.98,30065.13,260.15563,2023-04-13 01:45:00
1681351200000,30065.13,30083.51,30019.13,30028.79,333.31935,2023-04-13 02:00:00
1681352100000,30028.8,30040.69,29997.51,30040.68,260.35821,2023-04-13 02:15:00
1681353000000,30040.68,30200.0,30027.01,30147.84,812.36852,2023-04-13 02:30:00
1681353900000,30148.13,30155.72,30102.0,30116.51,348.70421,2023-04-13 02:45:00
1681354800000,30116.51,30121.7,30089.69,30089.69,273.36179,2023-04-13 03:00:00
1681355700000,30089.7,30099.02,30055.0,30088.51,279.23036,2023-04-13 03:15:00
1681356600000,30088.52,30089.28,30040.0,30073.01,279.04121,2023-04-13 03:30:00
1681357500000,30073.0,30082.97,30053.12,30072.17,192.77248,2023-04-13 03:45:00
1681358400000,30072.17,30079.75,30041.22,30071.56,198.81815,2023-04-13 04:00:00
1681359300000,30071.55,30100.0,30061.39,30088.79,291.4064,2023-04-13 04:15:00
1681360200000,30088.79,30106.16,30050.0,30055.61,193.79204,2023-04-13 04:30:00
1681361100000,30055.61,30079.83,30046.31,30053.65,111.59786,2023-04-13 04:45:00
1681362000000,30053.65,30078.93,30041.48,30041.49,157.90423,2023-04-13 05:00:00
1681362900000,30041.48,30079.57,30041.48,30077.33,153.08496,2023-04-13 05:15:00
1681363800000,30077.34,30093.3,30064.74,30083.89,178.14063,2023-04-13 05:30:00
1681364700000,30083.89,30128.59,30071.8,30105.08,244.50463,2023-04-13 05:45:00
1681365600000,30105.08,30116.87,30059.92,30079.65,479.85127,2023-04-13 06:00:00
1681366500000,30079.64,30088.0,30044.08,30071.02,211.26667,2023-04-13 06:15:00
1681367400000,30071.03,30090.0,30041.89,30051.84,288.69058,2023-04-13 06:30:00
1681368300000,30051.84,30051.84,29986.64,30016.54,964.72669,2023-04-13 06:45:00
1681369200000,30016.53,30064.01,29982.93,30060.23,634.05698,2023-04-13 07:00:00
1681370100000,30060.23,30068.72,30031.21,30055.71,318.99964,2023-04-13 07:15:00
1681371000000,30055.71,30065.82,30031.12,30059.98,240.41242,2023-04-13 07:30:00
1681371900000,30059.99,30107.1,30059.98,30068.6,420.39076,2023-04-13 07:45:00
1681372800000,30068.6,30079.13,30043.46,30043.46,327.31816,2023-04-13 08:00:00
1681373700000,30043.46,30071.0,30039.0,30071.0,256.91169,2023-04-13 08:15:00
1681374600000,30070.99,30165.02,30052.99,30104.38,1268.15818,2023-04-13 08:30:00
1681375500000,30104.39,30269.0,30056.0,30188.14,1585.67768,2023-04-13 08:45:00
1681376400000,30188.15,30310.0,30172.76,30293.13,1398.2816,2023-04-13 09:00:00
1681377300000,30293.14,30374.87,30246.31,30246.32,1383.09196,2023-04-13 09:15:00
1681378200000,30246.32,30263.28,30150.5,30177.05,830.84732,2023-04-13 09:30:00
1681379100000,30177.05,30217.41,30153.1,30204.85,417.92243,2023-04-13 09:45:00
1681380000000,30204.85,30214.58,30167.23,30167.24,375.39582,2023-04-13 10:00:00
1681380900000,30167.24,30208.88,30152.0,30204.74,447.75646,2023-04-13 10:15:00
1681381800000,30204.74,30239.29,30191.29,30199.51,392.56986,2023-04-13 10:30:00
1681382700000,30199.5,30244.09,30199.5,30203.14,383.36911,2023-04-13 10:45:00
1681383600000,30203.13,30235.0,30190.0,30190.01,631.44728,2023-04-13 11:00:00
1681384500000,30190.0,30217.25,30171.64,30202.5,395.14916,2023-04-13 11:15:00
1681385400000,30202.5,30202.5,30171.4,30193.14,355.29765,2023-04-13 11:30:00
1681386300000,30193.13,30200.0,30151.0,30159.82,300.30193,2023-04-13 11:45:00
1681387200000,30159.81,30194.79,30159.47,30176.55,313.90961,2023-04-13 12:00:00
1681388100000,30176.54,30249.0,30175.94,30181.07,634.50843,2023-04-13 12:15:00
1681389000000,30181.08,30269.05,30134.16,30211.7,1100.53485,2023-04-13 12:30:00
1681389900000,30211.7,30303.64,30210.41,30272.14,984.05738,2023-04-13 12:45:00
1681390800000,30272.13,30328.91,30241.25,30242.94,873.33059,2023-04-13 13:00:00
1681391700000,30242.95,30260.24,30203.42,30257.6,488.95703,2023-04-13 13:15:00
1681392600000,30257.59,30258.74,30187.87,30208.32,544.51025,2023-04-13 13:30:00
1681393500000,30208.32,30241.52,30165.01,30175.75,548.57795,2023-04-13 13:45:00
1681394400000,30175.75,30220.56,30173.94,30217.86,397.56879,2023-04-13 14:00:00
1681395300000,30217.87,30308.0,30217.86,30300.8,775.74986,2023-04-13 14:15:00
1681396200000,30300.8,30449.98,30285.0,30382.78,1931.68921,2023-04-13 14:30:00
1681397100000,30382.77,30530.0,30378.23,30435.34,1777.65907,2023-04-13 14:45:00
1681398000000,30435.33,30595.0,30300.0,30339.93,2254.89773,2023-04-13 15:00:00
1681398900000,30339.93,30410.53,30300.0,30406.73,834.10229,2023-04-13 15:15:00
1681399800000,30406.73,30459.05,30368.11,30393.22,584.10655,2023-04-13 15:30:00
1681400700000,30393.21,30453.57,30389.27,30441.43,727.43016,2023-04-13 15:45:00
1681401600000,30441.43,30476.42,30342.96,30355.45,980.59416,2023-04-13 16:00:00
1681402500000,30355.45,30366.88,30334.73,30357.66,447.41678,2023-04-13 16:15:00
1681403400000,30357.66,30382.98,30319.27,30319.27,556.51058,2023-04-13 16:30:00
1681404300000,30319.27,30332.0,30262.4,30322.37,742.76048,2023-04-13 16:45:00
1681405200000,30322.38,30386.88,30283.72,30377.92,821.51144,2023-04-13 17:00:00
1681406100000,30377.92,30397.99,30345.37,30358.26,466.36901,2023-04-13 17:15:00
1681407000000,30358.26,30364.51,30319.58,30361.99,558.94615,2023-04-13 17:30:00
1681407900000,30361.99,30435.48,30361.99,30425.85,508.92227,2023-04-13 17:45:00
1681408800000,30425.85,30519.9,30409.78,30484.96,723.56327,2023-04-13 18:00:00
1681409700000,30484.96,30535.76,30426.0,30427.17,619.8988,2023-04-13 18:15:00
1681410600000,30427.18,30467.0,30424.22,30438.47,374.38008,2023-04-13 18:30:00
1681411500000,30438.46,30474.02,30438.46,30440.78,419.35938,2023-04-13 18:45:00
1681412400000,30440.79,30440.79,30328.42,30387.52,976.61381,2023-04-13 19:00:00
1681413300000,30387.52,30387.53,30347.35,30358.61,365.18044,2023-04-13 19:15:00
1681414200000,30358.61,30372.18,30330.98,30343.37,431.29051,2023-04-13 19:30:00
1681415100000,30343.37,30359.87,30307.09,30335.13,464.71561,2023-04-13 19:45:00
1681416000000,30335.13,30335.14,30205.0,30230.56,1089.02377,2023-04-13 20:00:00
1681416900000,30230.55,30269.68,30229.7,30245.36,617.7897,2023-04-13 20:15:00
1681417800000,30245.36,30300.77,30237.63,30245.0,517.1753,2023-04-13 20:30:00
1681418700000,30245.01,30282.64,30245.0,30251.97,375.78145,2023-04-13 20:45:00
1681419600000,30251.96,30287.52,30245.01,30287.51,352.58115,2023-04-13 21:00:00
1681420500000,30287.51,30288.33,30268.11,30283.39,223.89916,2023-04-13 21:15:00
1681421400000,30283.38,30327.83,30283.38,30317.21,376.40346,2023-04-13 21:30:00
1681422300000,30317.2,30328.42,30283.69,30283.7,273.30766,2023-04-13 21:45:00
1681423200000,30283.7,30349.31,30283.69,30346.83,358.13656,2023-04-13 22:00:00
1681424100000,30346.83,30360.99,30323.72,30350.0,287.00878,2023-04-13 22:15:00
1681425000000,30350.0,30394.7,30327.02,30329.97,424.02883,2023-04-13 22:30:00
1681425900000,30329.96,30333.31,30287.66,30296.09,384.6382,2023-04-13 22:45:00
1681426800000,30296.09,30309.29,30280.11,30289.06,208.62591,2023-04-13 23:00:00
1681427700000,30289.06,30335.89,30289.05,30303.73,234.79238,2023-04-13 23:15:00
1681428600000,30303.73,30339.5,30291.74,30326.46,226.12941,2023-04-13 23:30:00
1681429500000,30326.47,30388.71,30326.46,30373.84,432.61433,2023-04-13 23:45:00
1681430400000,30373.84,30385.68,30351.84,30361.13,402.69503,2023-04-14 00:00:00
1681431300000,30361.13,30416.33,30310.03,30399.11,586.90084,2023-04-14 00:15:00
1681432200000,30399.11,30799.61,30380.11,30726.76,3748.31243,2023-04-14 00:30:00
1681433100000,30726.75,30766.64,30640.0,30745.73,1649.64619,2023-04-14 00:45:00
1681434000000,30745.72,30849.0,30711.37,30813.15,1828.01027,2023-04-14 01:00:00
1681434900000,30813.14,30829.2,30682.09,30777.23,1356.03906,2023-04-14 01:15:00
1681435800000,30777.24,30829.79,30723.07,30812.93,1278.79162,2023-04-14 01:30:00
1681436700000,30812.94,30893.79,30752.91,30775.34,1543.15861,2023-04-14 01:45:00
1681437600000,30775.34,30808.78,30719.27,30807.92,965.46543,2023-04-14 02:00:00
1681438500000,30807.93,30807.93,30733.33,30737.98,480.1935,2023-04-14 02:15:00
1681439400000,30737.99,30754.6,30635.0,30654.48,828.39814,2023-04-14 02:30:00
1681440300000,30654.49,30654.49,30520.0,30595.8,1219.57641,2023-04-14 02:45:00
1681441200000,30595.8,30620.0,30549.33,30619.99,632.34442,2023-04-14 03:00:00
1681442100000,30620.0,30697.27,30619.99,30674.19,755.75423,2023-04-14 03:15:00
1681443000000,30674.19,30710.98,30641.7,30688.11,678.71879,2023-04-14 03:30:00
1681443900000,30688.1,30738.64,30678.96,30690.88,569.28443,2023-04-14 03:45:00
1681444800000,30690.89,30742.09,30690.88,30731.8,479.0075,2023-04-14 04:00:00
1681445700000,30731.8,30754.05,30709.89,30709.9,571.53603,2023-04-14 04:15:00
1681446600000,30709.89,30737.25,30692.0,30704.88,526.69731,2023-04-14 04:30:00
1681447500000,30704.88,30726.16,30674.53,30708.82,422.38058,2023-04-14 04:45:00
1681448400000,30708.82,30786.69,30698.25,30770.02,466.24118,2023-04-14 05:00:00
1681449300000,30770.01,30782.81,30743.87,30757.12,310.73707,2023-04-14 05:15:00
1681450200000,30757.12,30822.7,30757.12,30821.69,757.252,2023-04-14 05:30:00
1681451100000,30821.69,30836.54,30775.6,30796.28,765.41838,2023-04-14 05:45:00
1681452000000,30796.27,30797.47,30714.5,30763.89,775.86371,2023-04-14 06:00:00
1681452900000,30763.9,30830.01,30754.99,30818.01,614.8479,2023-04-14 06:15:00
1681453800000,30818.0,30963.0,30788.93,30849.52,1126.30957,2023-04-14 06:30:00
1681454700000,30849.51,31000.0,30849.51,30942.87,1604.44294,2023-04-14 06:45:00
1681455600000,30942.86,30943.42,30850.24,30900.9,787.56195,2023-04-14 07:00:00
1681456500000,30900.9,30963.69,30900.0,30942.14,563.03009,2023-04-14 07:15:00
1681457400000,30942.14,30942.14,30750.0,30786.76,1184.50611,2023-04-14 07:30:00
1681458300000,30786.77,30796.37,30725.01,30733.72,955.02495,2023-04-14 07:45:00
1681459200000,30733.73,30782.73,30720.0,30754.6,679.02464,2023-04-14 08:00:00
1681460100000,30754.61,30788.47,30685.28,30696.05,760.07454,2023-04-14 08:15:00
1681461000000,30696.04,30747.64,30693.59,30693.6,606.50588,2023-04-14 08:30:00
1681461900000,30693.61,30734.0,30657.14,30730.22,479.77199,2023-04-14 08:45:00
1681462800000,30730.22,30736.27,30700.0,30700.01,536.46387,2023-04-14 09:00:00
1681463700000,30700.0,30753.52,30700.0,30743.99,390.07312,2023-04-14 09:15:00
1681464600000,30744.0,30790.44,30722.05,30790.1,538.69919,2023-04-14 09:30:00
1681465500000,30790.1,30798.29,30764.79,30794.16,332.93941,2023-04-14 09:45:00
1681466400000,30794.16,30827.27,30793.84,30806.69,663.3814,2023-04-14 10:00:00
1681467300000,30806.7,30813.37,30773.4,30811.0,566.12982,2023-04-14 10:15:00
1681468200000,30811.0,30812.0,30780.03,30789.01,290.75915,2023-04-14 10:30:00
1681469100000,30789.02,30789.25,30758.89,30766.01,392.44883,2023-04-14 10:45:00
1681470000000,30766.01,30797.85,30760.72,30789.64,337.53025,2023-04-14 11:00:00
1681470900000,30789.64,30800.0,30727.63,30766.48,419.97197,2023-04-14 11:15:00
1681471800000,30766.48,30775.19,30749.27,30757.84,275.18482,2023-04-14 11:30:00
1681472700000,30757.84,30806.7,30757.39,30801.89,358.80557,2023-04-14 11:45:00
1681473600000,30801.89,30843.0,30782.48,30841.06,586.2305,2023-04-14 12:00:00
1681474500000,30841.06,30850.0,30759.65,30819.99,511.46559,2023-04-14 12:15:00
1681475400000,30820.0,30840.0,30750.0,30763.85,898.81357,2023-04-14 12:30:00
1681476300000,30763.86,30763.86,30575.0,30616.98,1980.31194,2023-04-14 12:45:00
1681477200000,30616.98,30682.7,30610.03,30665.02,1084.77497,2023-04-14 13:00:00
1681478100000,30665.02,30683.39,30623.27,30674.88,681.91483,2023-04-14 13:15:00
1681479000000,30674.88,30729.45,30628.49,30718.23,960.24445,2023-04-14 13:30:00
1681479900000,30718.23,30749.58,30710.0,30721.54,591.01446,2023-04-14 13:45:00
1681480800000,30721.54,30757.6,30586.81,30617.28,1299.66651,2023-04-14 14:00:00
1681481700000,30617.28,30687.14,30543.75,30602.9,1251.12015,2023-04-14 14:15:00
1681482600000,30602.9,30634.32,30483.21,30606.49,1298.4921,2023-04-14 14:30:00
1681483500000,30606.49,30638.0,30510.46,30599.89,1118.85613,2023-04-14 14:45:00
1681484400000,30599.89,30629.0,30358.99,30419.29,1710.454,2023-04-14 15:00:00
1681485300000,30419.3,30482.56,30159.0,30233.53,2347.14832,2023-04-14 15:15:00
1681486200000,30233.52,30280.96,30101.0,30273.14,2301.85949,2023-04-14 15:30:00
1681487100000,30273.14,30321.45,30200.02,30237.89,1011.34903,2023-04-14 15:45:00
1681488000000,30237.88,30269.41,30161.67,30269.4,915.97323,2023-04-14 16:00:00
1681488900000,30269.41,30269.41,30128.6,30200.32,790.34177,2023-04-14 16:15:00
1681489800000,30200.33,30200.33,30011.35,30125.8,1625.77479,2023-04-14 16:30:00
1681490700000,30125.81,30154.88,29966.0,30147.49,1730.38306,2023-04-14 16:45:00
1681491600000,30147.49,30241.88,30131.0,30222.94,1244.88807,2023-04-14 17:00:00
1681492500000,30222.94,30279.01,30200.86,30240.54,801.71418,2023-04-14 17:15:00
1681493400000,30240.55,30276.0,30195.09,30227.18,629.16257,2023-04-14 17:30:00
1681494300000,30227.17,30282.08,30215.35,30276.62,661.6532,2023-04-14 17:45:00
1681495200000,30276.62,30351.0,30275.0,30345.55,975.02227,2023-04-14 18:00:00
1681496100000,30345.55,30352.04,30296.38,30352.03,484.56832,2023-04-14 18:15:00
1681497000000,30352.04,30357.8,30243.22,30283.99,445.35005,2023-04-14 18:30:00
1681497900000,30283.99,30295.52,30257.74,30277.1,335.80932,2023-04-14 18:45:00
1681498800000,30277.11,30277.16,30203.29,30214.39,371.81587,2023-04-14 19:00:00
1681499700000,30214.39,30280.0,30200.76,30262.19,386.24659,2023-04-14 19:15:00
1681500600000,30262.19,30346.99,30262.19,30330.0,448.19304,2023-04-14 19:30:00
1681501500000,30330.0,30335.84,30293.69,30324.09,383.60685,2023-04-14 19:45:00
1681502400000,30324.09,30338.31,30272.25,30328.2,499.00009,2023-04-14 20:00:00
1681503300000,30328.2,30438.0,30310.0,30429.99,722.0256,2023-04-14 20:15:00
1681504200000,30430.0,30522.07,30405.49,30490.85,1215.34892,2023-04-14 20:30:00
1681505100000,30490.86,30514.3,30438.2,30448.82,421.5158,2023-04-14 20:45:00
1681506000000,30448.82,30462.32,30393.26,30454.61,332.71228,2023-04-14 21:00:00
1681506900000,30454.6,30470.77,30425.4,30470.77,261.27253,2023-04-14 21:15:00
1681507800000,30470.77,30500.52,30470.76,30484.07,319.81575,2023-04-14 21:30:00
1681508700000,30484.06,30510.15,30400.22,30454.09,345.49988,2023-04-14 21:45:00
1681509600000,30454.09,30454.09,30412.31,30425.37,288.5179,2023-04-14 22:00:00
1681510500000,30425.37,30436.24,30410.96,30420.29,257.73172,2023-04-14 22:15:00
1681511400000,30420.29,30451.04,30420.29,30429.98,200.74114,2023-04-14 22:30:00
1681512300000,30429.99,30452.33,30415.33,30435.34,193.87122,2023-04-14 22:45:00
1681513200000,30435.33,30481.87,30430.38,30432.93,256.59911,2023-04-14 23:00:00
1681514100000,30432.93,30432.94,30370.52,30416.88,308.98223,2023-04-14 23:15:00
1681515000000,30416.88,30428.12,30388.0,30390.5,150.95192,2023-04-14 23:30:00
1681515900000,30390.49,30478.97,30390.49,30466.93,283.47809,2023-04-14 23:45:00
1681516800000,30466.93,30470.0,30428.2,30443.5,380.0776,2023-04-15 00:00:00
1681517700000,30443.51,30595.6,30431.77,30544.97,604.27087,2023-04-15 00:15:00
1681518600000,30544.97,30544.98,30388.33,30396.09,542.19816,2023-04-15 00:30:00
1681519500000,30396.08,30427.46,30372.48,30372.48,474.15123,2023-04-15 00:45:00
1681520400000,30372.48,30389.51,30316.76,30346.48,637.07463,2023-04-15 01:00:00
1681521300000,30346.48,30367.31,30278.08,30324.13,563.35321,2023-04-15 01:15:00
1681522200000,30324.14,30383.96,30324.13,30383.96,368.0218,2023-04-15 01:30:00
1681523100000,30383.95,30399.0,30370.0,30370.01,166.05251,2023-04-15 01:45:00
1681524000000,30370.01,30441.17,30368.24,30390.8,288.61875,2023-04-15 02:00:00
1681524900000,30390.8,30403.78,30373.09,30387.39,240.34871,2023-04-15 02:15:00
1681525800000,30387.39,30400.19,30346.4,30390.69,303.92382,2023-04-15 02:30:00
1681526700000,30390.69,30408.83,30380.0,30380.0,228.46468,2023-04-15 02:45:00
1681527600000,30380.0,30421.94,30377.28,30390.67,197.53012,2023-04-15 03:00:00
1681528500000,30390.67,30405.73,30382.46,30387.94,156.87148,2023-04-15 03:15:00
1681529400000,30387.93,30402.18,30364.57,30379.55,359.17923,2023-04-15 03:30:00
1681530300000,30379.55,30386.14,30362.62,30376.14,236.807,2023-04-15 03:45:00
1681531200000,30376.13,30393.8,30341.04,30361.88,189.29583,2023-04-15 04:00:00
1681532100000,30361.88,30388.6,30337.97,30340.01,491.8785,2023-04-15 04:15:00
1681533000000,30340.01,30394.5,30340.0,30361.44,233.69851,2023-04-15 04:30:00
1681533900000,30361.45,30385.0,30342.38,30356.11,215.39678,2023-04-15 04:45:00
1681534800000,30356.1,30404.0,30352.52,30396.1,168.59171,2023-04-15 05:00:00
1681535700000,30396.11,30408.58,30382.25,30401.38,217.70126,2023-04-15 05:15:00
1681536600000,30401.37,30417.33,30391.93,30408.79,603.75804,2023-04-15 05:30:00
1681537500000,30408.79,30434.83,30400.0,30427.05,231.74618,2023-04-15 05:45:00
1681538400000,30427.05,30436.46,30400.88,30400.89,243.72329,2023-04-15 06:00:00
1681539300000,30400.88,30406.06,30395.66,30395.67,134.90575,2023-04-15 06:15:00
1681540200000,30395.66,30401.52,30365.42,30377.33,188.22953,2023-04-15 06:30:00
1681541100000,30377.33,30394.65,30363.23,30390.99,318.0128,2023-04-15 06:45:00
1681542000000,30390.99,30410.45,30390.99,30410.43,159.85591,2023-04-15 07:00:00
1681542900000,30410.44,30453.42,30407.85,30434.55,256.10206,2023-04-15 07:15:00
1681543800000,30434.55,30446.29,30389.35,30419.09,199.27078,2023-04-15 07:30:00
1681544700000,30419.09,30467.92,30394.85,30433.3,302.23283,2023-04-15 07:45:00
1681545600000,30433.29,30456.73,30419.66,30419.66,284.36554,2023-04-15 08:00:00
1681546500000,30419.67,30421.97,30406.1,30418.58,139.61722,2023-04-15 08:15:00
1681547400000,30418.58,30455.57,30387.25,30387.25,268.76815,2023-04-15 08:30:00
1681548300000,30387.26,30387.26,30364.7,30385.12,217.53027,2023-04-15 08:45:00
1681549200000,30385.13,30415.45,30385.12,30412.56,171.96466,2023-04-15 09:00:00
1681550100000,30412.55,30436.11,30407.7,30407.7,144.55104,2023-04-15 09:15:00
1681551000000,30407.7,30457.93,30407.7,30427.92,354.82682,2023-04-15 09:30:00
1681551900000,30427.92,30464.9,30427.91,30459.94,269.24889,2023-04-15 09:45:00
1681552800000,30459.94,30470.0,30439.07,30442.65,264.02495,2023-04-15 10:00:00
1681553700000,30442.66,30450.0,30428.84,30430.94,146.42387,2023-04-15 10:15:00
1681554600000,30430.95,30430.95,30373.41,30402.28,282.526,2023-04-15 10:30:00
1681555500000,30402.27,30426.38,30402.27,30417.07,187.44788,2023-04-15 10:45:00
1681556400000,30417.06,30422.32,30404.13,30411.65,202.32591,2023-04-15 11:00:00
1681557300000,30411.65,30439.7,30389.0,30405.2,295.86748,2023-04-15 11:15:00
1681558200000,30405.19,30414.7,30389.19,30414.7,175.43395,2023-04-15 11:30:00
1681559100000,30414.7,30414.7,30365.56,30385.3,262.90233,2023-04-15 11:45:00
1681560000000,30385.31,30401.73,30377.38,30397.02,202.45423,2023-04-15 12:00:00
1681560900000,30397.01,30405.88,30392.58,30392.59,120.71442,2023-04-15 12:15:00
1681561800000,30392.58,30444.0,30392.58,30418.34,229.15792,2023-04-15 12:30:00
1681562700000,30418.34,30440.0,30418.33,30423.28,174.59791,2023-04-15 12:45:00
1681563600000,30423.29,30430.09,30419.89,30427.88,158.9395,2023-04-15 13:00:00
1681564500000,30427.89,30442.66,30408.51,30417.33,160.67596,2023-04-15 13:15:00
1681565400000,30417.33,30417.34,30291.47,30355.3,756.45487,2023-04-15 13:30:00
1681566300000,30355.29,30355.3,30285.0,30335.19,356.7217,2023-04-15 13:45:00
1681567200000,30335.19,30360.43,30302.24,30360.38,273.32403,2023-04-15 14:00:00
1681568100000,30360.39,30376.28,30338.35,30364.79,283.81688,2023-04-15 14:15:00
1681569000000,30364.79,30376.95,30364.78,30375.57,172.73088,2023-04-15 14:30:00
1681569900000,30375.57,30375.58,30352.0,30359.39,191.31798,2023-04-15 14:45:00
1681570800000,30359.38,30412.81,30347.68,30394.43,284.08752,2023-04-15 15:00:00
1681571700000,30394.42,30417.76,30394.42,30400.0,185.10942,2023-04-15 15:15:00
1681572600000,30400.01,30420.0,30398.92,30402.53,202.09013,2023-04-15 15:30:00
1681573500000,30402.53,30418.76,30323.41,30325.27,520.27701,2023-04-15 15:45:00
1681574400000,30325.27,30339.35,30261.95,30278.28,582.05627,2023-04-15 16:00:00
1681575300000,30278.28,30324.19,30278.28,30307.74,449.75524,2023-04-15 16:15:00
1681576200000,30307.74,30337.78,30291.67,30305.09,559.49661,2023-04-15 16:30:00
1681577100000,30305.1,30321.69,30263.74,30319.98,334.79878,2023-04-15 16:45:00
1681578000000,30319.98,30319.99,30270.2,30290.0,218.54276,2023-04-15 17:00:00
1681578900000,30289.99,30293.0,30220.0,30272.48,320.43315,2023-04-15 17:15:00
1681579800000,30272.48,30274.04,30202.0,30249.99,343.87584,2023-04-15 17:30:00
1681580700000,30250.0,30262.38,30210.0,30246.21,228.01153,2023-04-15 17:45:00
1681581600000,30246.22,30266.63,30244.75,30266.62,213.12849,2023-04-15 18:00:00
1681582500000,30266.63,30287.9,30260.04,30280.69,175.37871,2023-04-15 18:15:00
1681583400000,30280.68,30301.72,30280.64,30291.6,131.21364,2023-04-15 18:30:00
1681584300000,30291.6,30300.78,30291.46,30300.77,100.31113,2023-04-15 18:45:00
1681585200000,30300.76,30311.63,30291.46,30291.46,260.76987,2023-04-15 19:00:00
1681586100000,30291.47,30316.26,30291.46,30291.46,237.44054,2023-04-15 19:15:00
1681587000000,30291.46,30315.05,30256.95,30256.95,171.46129,2023-04-15 19:30:00
1681587900000,30256.95,30331.75,30226.72,30331.74,400.17437,2023-04-15 19:45:00
1681588800000,30331.74,30344.84,30313.55,30316.73,342.10178,2023-04-15 20:00:00
1681589700000,30316.73,30322.15,30303.02,30322.14,164.11798,2023-04-15 20:15:00
1681590600000,30322.15,30322.15,30300.28,30314.99,131.36322,2023-04-15 20:30:00
1681591500000,30314.99,30315.0,30261.33,30280.65,267.23506,2023-04-15 20:45:00
1681592400000,30280.65,30287.19,30239.86,30250.7,193.94919,2023-04-15 21:00:00
1681593300000,30250.71,30285.91,30250.7,30285.9,131.03377,2023-04-15 21:15:00
1681594200000,30285.9,30308.76,30282.51,30303.35,118.92513,2023-04-15 21:30:00
1681595100000,30303.36,30303.36,30250.7,30263.77,196.63519,2023-04-15 21:45:00
1681596000000,30263.77,30325.82,30236.39,30319.37,261.73937,2023-04-15 22:00:00
1681596900000,30319.36,30342.43,30308.91,30339.99,205.28389,2023-04-15 22:15:00
1681597800000,30340.0,30356.64,30334.54,30353.31,175.44894,2023-04-15 22:30:00
1681598700000,30353.3,30360.19,30327.46,30350.98,149.22364,2023-04-15 22:45:00
1681599600000,30350.99,30359.92,30340.61,30340.62,134.32118,2023-04-15 23:00:00
1681600500000,30340.61,30340.62,30315.0,30327.49,135.31148,2023-04-15 23:15:00
1681601400000,30327.5,30332.6,30290.01,30306.77,145.48224,2023-04-15 23:30:00
1681602300000,30306.77,30306.77,30282.35,30295.09,109.15331,2023-04-15 23:45:00
1681603200000,30295.1,30309.37,30278.17,30278.18,181.60746,2023-04-16 00:00:00
1681604100000,30278.18,30315.23,30277.61,30284.54,133.96695,2023-04-16 00:15:00
1681605000000,30284.54,30319.04,30284.53,30319.03,120.16838,2023-04-16 00:30:00
1681605900000,30319.04,30319.04,30270.11,30277.54,167.77785,2023-04-16 00:45:00
1681606800000,30277.53,30277.54,30120.0,30173.36,628.22219,2023-04-16 01:00:00
1681607700000,30173.35,30235.08,30120.0,30229.45,444.58741,2023-04-16 01:15:00
1681608600000,30229.44,30253.74,30221.3,30226.63,230.36673,2023-04-16 01:30:00
1681609500000,30226.64,30263.96,30219.68,30236.95,292.37894,2023-04-16 01:45:00
1681610400000,30236.96,30279.77,30224.43,30270.76,205.04332,2023-04-16 02:00:00
1681611300000,30270.77,30284.78,30260.0,30261.55,168.97467,2023-04-16 02:15:00
1681612200000,30261.55,30273.8,30259.0,30266.63,160.7311,2023-04-16 02:30:00
1681613100000,30266.63,30275.74,30262.65,30264.2,103.95342,2023-04-16 02:45:00
1681614000000,30264.2,30269.33,30249.8,30254.95,131.88379,2023-04-16 03:00:00
1681614900000,30254.96,30254.96,30236.84,30236.84,95.47258,2023-04-16 03:15:00
1681615800000,30236.85,30264.97,30230.01,30236.36,156.20562,2023-04-16 03:30:00
1681616700000,30236.35,30262.25,30229.34,30249.37,162.91974,2023-04-16 03:45:00
1681617600000,30249.36,30255.0,30245.82,30255.0,105.46423,2023-04-16 04:00:00
1681618500000,30255.0,30268.62,30254.99,30268.61,138.10009,2023-04-16 04:15:00
1681619400000,30268.61,30316.0,30268.61,30283.01,333.61777,2023-04-16 04:30:00
1681620300000,30283.02,30299.89,30283.01,30298.52,115.48192,2023-04-16 04:45:00
1681621200000,30298.53,30337.09,30295.97,30332.97,258.7193,2023-04-16 05:00:00
1681622100000,30332.96,30340.06,30301.87,30318.48,374.19943,2023-04-16 05:15:00
1681623000000,30318.47,30326.4,30300.0,30309.99,169.77048,2023-04-16 05:30:00
1681623900000,30310.0,30314.54,30306.1,30306.32,92.0845,2023-04-16 05:45:00
1681624800000,30306.32,30319.9,30302.68,30319.89,144.76981,2023-04-16 06:00:00
1681625700000,30319.89,30325.44,30307.78,30322.22,127.77309,2023-04-16 06:15:00
1681626600000,30322.21,30347.38,30319.74,30330.18,154.57193,2023-04-16 06:30:00
1681627500000,30330.18,30332.38,30306.01,30306.07,140.58761,2023-04-16 06:45:00
1681628400000,30306.06,30308.63,30303.32,30303.33,103.81457,2023-04-16 07:00:00
1681629300000,30303.32,30339.26,30300.0,30339.25,134.3916,2023-04-16 07:15:00
1681630200000,30339.25,30399.4,30335.0,30347.1,368.52376,2023-04-16 07:30:00
1681631100000,30347.09,30365.0,30344.97,30344.97,159.42452,2023-04-16 07:45:00
1681632000000,30344.97,30349.2,30332.14,30340.42,176.93617,2023-04-16 08:00:00
1681632900000,30340.42,30353.96,30330.09,30330.1,178.12283,2023-04-16 08:15:00
1681633800000,30330.09,30340.38,30328.01,30330.85,109.61076,2023-04-16 08:30:00
1681634700000,30330.84,30348.15,30330.84,30337.4,101.10672,2023-04-16 08:45:00
1681635600000,30337.4,30337.41,30314.27,30314.27,159.10871,2023-04-16 09:00:00
1681636500000,30314.28,30320.0,30284.35,30300.81,244.63845,2023-04-16 09:15:00
1681637400000,30300.81,30313.92,30254.99,30283.02,572.10149,2023-04-16 09:30:00
1681638300000,30283.01,30312.74,30260.0,30279.34,340.73504,2023-04-16 09:45:00
1681639200000,30279.34,30279.34,30257.21,30270.99,266.42961,2023-04-16 10:00:00
1681640100000,30271.0,30287.35,30258.73,30284.12,316.42974,2023-04-16 10:15:00
1681641000000,30284.12,30287.41,30271.9,30287.01,125.86566,2023-04-16 10:30:00
1681641900000,30287.01,30290.16,30258.1,30290.15,242.52162,2023-04-16 10:45:00
1681642800000,30290.15,30321.6,30285.88,30295.98,188.21534,2023-04-16 11:00:00
1681643700000,30295.98,30295.99,30266.05,30268.87,138.93526,2023-04-16 11:15:00
1681644600000,30268.86,30277.08,30230.0,30246.92,256.61268,2023-04-16 11:30:00
1681645500000,30246.92,30253.57,30220.4,30226.45,227.77701,2023-04-16 11:45:00
1681646400000,30226.46,30254.65,30220.09,30254.65,194.14337,2023-04-16 12:00:00
1681647300000,30254.64,30277.38,30219.71,30243.3,251.51748,2023-04-16 12:15:00
1681648200000,30243.31,30263.11,30222.09,30244.86,570.85703,2023-04-16 12:30:00
1681649100000,30244.85,30277.36,30241.67,30260.0,259.41398,2023-04-16 12:45:00
1681650000000,30260.01,30260.01,30240.39,30240.39,159.68282,2023-04-16 13:00:00
1681650900000,30240.4,30243.61,30202.7,30239.04,322.04444,2023-04-16 13:15:00
1681651800000,30239.05,30243.34,30207.53,30235.83,233.28334,2023-04-16 13:30:00
1681652700000,30235.83,30260.0,30160.4,30249.99,614.33271,2023-04-16 13:45:00
1681653600000,30249.99,30300.0,30245.01,30251.01,296.42157,2023-04-16 14:00:00
1681654500000,30251.01,30298.41,30250.0,30274.26,256.00883,2023-04-16 14:15:00
1681655400000,30274.25,30316.55,30270.01,30297.45,391.53801,2023-04-16 14:30:00
1681656300000,30297.45,30320.0,30297.12,30311.83,198.1551,2023-04-16 14:45:00
1681657200000,30311.83,30313.7,30300.0,30310.7,250.58981,2023-04-16 15:00:00
1681658100000,30310.71,30348.0,30303.03,30336.2,192.63134,2023-04-16 15:15:00
1681659000000,30336.2,30362.0,30327.33,30339.99,282.35286,2023-04-16 15:30:00
1681659900000,30340.0,30356.99,30332.98,30332.98,200.60258,2023-04-16 15:45:00
1681660800000,30332.98,30332.99,30307.64,30307.65,183.33854,2023-04-16 16:00:00
1681661700000,30307.65,30308.29,30281.88,30281.89,248.10797,2023-04-16 16:15:00
1681662600000,30281.89,30293.98,30259.69,30293.52,292.621,2023-04-16 16:30:00
1681663500000,30293.53,30335.0,30293.52,30335.0,424.76571,2023-04-16 16:45:00
1681664400000,30335.0,30379.62,30322.72,30335.24,532.98916,2023-04-16 17:00:00
1681665300000,30335.23,30337.41,30326.35,30334.16,168.02731,2023-04-16 17:15:00
1681666200000,30334.17,30334.17,30300.0,30305.68,214.30063,2023-04-16 17:30:00
1681667100000,30305.68,30311.24,30300.0,30300.0,187.93321,2023-04-16 17:45:00
1681668000000,30300.0,30312.32,30300.0,30312.16,221.25423,2023-04-16 18:00:00
1681668900000,30312.17,30354.68,30312.16,30344.63,164.67015,2023-04-16 18:15:00
1681669800000,30344.63,30349.34,30326.96,30326.97,149.16164,2023-04-16 18:30:00
1681670700000,30326.96,30480.0,30298.87,30478.43,750.46471,2023-04-16 18:45:00
1681671600000,30478.43,30549.99,30422.53,30498.28,1296.34682,2023-04-16 19:00:00
1681672500000,30498.28,30523.05,30468.79,30514.67,714.56607,2023-04-16 19:15:00
1681673400000,30514.67,30546.11,30425.69,30468.65,612.68334,2023-04-16 19:30:00
1681674300000,30468.65,30476.96,30281.69,30309.06,718.21759,2023-04-16 19:45:00
1681675200000,30309.05,30336.71,30192.0,30308.24,931.74737,2023-04-16 20:00:00
1681676100000,30308.24,30358.09,30296.11,30356.3,357.61378,2023-04-16 20:15:00
1681677000000,30356.29,30390.0,30325.64,30384.02,383.84931,2023-04-16 20:30:00
1681677900000,30384.02,30407.98,30328.4,30343.04,346.4519,2023-04-16 20:45:00
1681678800000,30343.04,30380.0,30267.31,30298.21,345.38616,2023-04-16 21:00:00
1681679700000,30298.22,30333.17,30282.45,30311.17,252.48548,2023-04-16 21:15:00
1681680600000,30311.18,30364.0,30311.17,30362.67,224.02204,2023-04-16 21:30:00
1681681500000,30362.67,30390.0,30326.08,30385.62,266.9045,2023-04-16 21:45:00
1681682400000,30385.61,30404.82,30366.21,30371.14,312.25228,2023-04-16 22:00:00
1681683300000,30371.15,30372.74,30318.75,30322.41,280.63568,2023-04-16 22:15:00
1681684200000,30322.42,30331.95,30300.72,30331.93,172.38551,2023-04-16 22:30:00
1681685100000,30331.94,30337.83,30311.61,30331.04,167.33402,2023-04-16 22:45:00
1681686000000,30331.03,30349.65,30293.86,30313.47,219.4196,2023-04-16 23:00:00
1681686900000,30313.47,30316.17,30280.44,30280.45,206.74135,2023-04-16 23:15:00
1681687800000,30280.44,30287.8,30245.0,30280.35,257.70359,2023-04-16 23:30:00
1681688700000,30280.34,30308.25,30266.81,30304.65,203.33545,2023-04-16 23:45:00
1681689600000,30304.66,30316.06,30247.83,30301.0,244.54791,2023-04-17 00:00:00
1681690500000,30301.01,30304.06,30033.0,30055.7,1405.44086,2023-04-17 00:15:00
1681691400000,30055.7,30117.0,29810.0,29911.0,3481.75419,2023-04-17 00:30:00
1681692300000,29910.99,29911.0,29790.01,29842.86,1201.27824,2023-04-17 00:45:00
1681693200000,29842.86,29914.91,29740.64,29914.91,1287.56452,2023-04-17 01:00:00
1681694100000,29914.9,29973.6,29885.63,29944.75,908.35856,2023-04-17 01:15:00
1681695000000,29944.76,29993.89,29928.38,29980.0,654.13952,2023-04-17 01:30:00
1681695900000,29980.01,29990.0,29918.88,29946.22,596.35092,2023-04-17 01:45:00
1681696800000,29946.22,29951.9,29890.57,29926.29,453.76837,2023-04-17 02:00:00
1681697700000,29926.29,29984.06,29910.17,29984.05,406.5264,2023-04-17 02:15:00
1681698600000,29984.05,30101.31,29950.01,30062.61,722.99339,2023-04-17 02:30:00
1681699500000,30062.61,30062.62,30016.13,30020.0,448.03537,2023-04-17 02:45:00
1681700400000,30020.0,30040.64,30006.21,30006.22,404.4777,2023-04-17 03:00:00
1681701300000,30006.21,30024.8,29984.95,29991.74,245.63361,2023-04-17 03:15:00
1681702200000,29991.74,29999.0,29967.94,29975.29,220.26846,2023-04-17 03:30:00
1681703100000,29975.3,30000.0,29950.0,29982.8,423.89901,2023-04-17 03:45:00
1681704000000,29982.8,29985.27,29959.54,29964.0,255.6613,2023-04-17 04:00:00
1681704900000,29964.01,29984.66,29938.64,29944.46,419.99289,2023-04-17 04:15:00
1681705800000,29944.46,29967.86,29909.17,29967.85,473.70781,2023-04-17 04:30:00
1681706700000,29967.86,29983.65,29960.72,29981.18,226.6841,2023-04-17 04:45:00
1681707600000,29981.18,29993.49,29975.1,29990.0,192.70765,2023-04-17 05:00:00
1681708500000,29990.01,30007.56,29930.99,29960.54,474.61312,2023-04-17 05:15:00
1681709400000,29960.55,29967.09,29946.46,29960.0,247.60568,2023-04-17 05:30:00
1681710300000,29959.99,29997.9,29959.99,29997.89,201.55731,2023-04-17 05:45:00
1681711200000,29997.9,30004.33,29972.35,29992.01,240.2531,2023-04-17 06:00:00
1681712100000,29992.02,29996.11,29911.95,29954.27,303.18497,2023-04-17 06:15:00
1681713000000,29954.28,29954.28,29906.78,29909.79,354.3025,2023-04-17 06:30:00
1681713900000,29909.79,29930.0,29888.0,29901.28,376.43558,2023-04-17 06:45:00
1681714800000,29901.27,29928.42,29864.46,29919.99,309.09603,2023-04-17 07:00:00
1681715700000,29919.99,29940.0,29886.77,29903.4,392.92242,2023-04-17 07:15:00
1681716600000,29903.4,29918.9,29873.25,29880.33,466.26036,2023-04-17 07:30:00
1681717500000,29880.34,29902.29,29832.0,29838.3,638.0901,2023-04-17 07:45:00
1681718400000,29838.3,29858.48,29801.0,29830.27,728.6165,2023-04-17 08:00:00
1681719300000,29830.28,29900.0,29830.27,29873.1,490.44409,2023-04-17 08:15:00
1681720200000,29873.11,29917.18,29859.7,29913.99,584.35916,2023-04-17 08:30:00
1681721100000,29913.99,29919.15,29881.0,29918.1,457.21682,2023-04-17 08:45:00
1681722000000,29918.1,29922.5,29908.0,29922.49,217.45948,2023-04-17 09:00:00
1681722900000,29922.5,29922.5,29882.07,29904.02,281.55241,2023-04-17 09:15:00
1681723800000,29904.01,29916.66,29867.88,29877.97,289.0058,2023-04-17 09:30:00
1681724700000,29877.98,29893.71,29845.95,29876.97,370.47224,2023-04-17 09:45:00
1681725600000,29876.96,29888.56,29846.21,29886.15,336.6778,2023-04-17 10:00:00
1681726500000,29886.15,29886.25,29820.58,29845.84,542.20862,2023-04-17 10:15:00
1681727400000,29845.83,29882.59,29764.28,29881.13,1660.52393,2023-04-17 10:30:00
1681728300000,29881.12,29888.88,29864.75,29884.66,710.81047,2023-04-17 10:45:00
1681729200000,29884.67,29889.16,29864.97,29871.9,530.90281,2023-04-17 11:00:00
1681730100000,29871.9,29872.0,29750.4,29765.0,550.85304,2023-04-17 11:15:00
1681731000000,29764.99,29798.24,29366.0,29559.47,3317.12336,2023-04-17 11:30:00
1681731900000,29559.46,29611.0,29501.0,29570.81,889.7128,2023-04-17 11:45:00
1681732800000,29570.8,29593.14,29521.13,29557.16,981.68474,2023-04-17 12:00:00
1681733700000,29557.15,29582.49,29472.62,29520.69,1367.29685,2023-04-17 12:15:00
1681734600000,29520.69,29520.7,29452.27,29492.62,909.8404,2023-04-17 12:30:00
1681735500000,29492.63,29550.04,29442.91,29529.85,881.99901,2023-04-17 12:45:00
1681736400000,29529.86,29536.51,29453.14,29477.75,754.89752,2023-04-17 13:00:00
1681737300000,29477.74,29477.75,29306.53,29360.17,1572.87794,2023-04-17 13:15:00
1681738200000,29360.16,29469.98,29250.0,29430.47,1498.80393,2023-04-17 13:30:00
1681739100000,29430.46,29440.6,29358.06,29402.2,727.24534,2023-04-17 13:45:00
1681740000000,29402.2,29436.77,29359.55,29432.82,644.06266,2023-04-17 14:00:00
1681740900000,29432.83,29481.96,29432.82,29452.21,693.06709,2023-04-17 14:15:00
1681741800000,29452.22,29477.51,29356.75,29388.76,593.9315,2023-04-17 14:30:00
1681742700000,29388.76,29443.81,29357.0,29440.42,520.62916,2023-04-17 14:45:00
1681743600000,29440.41,29464.06,29403.51,29423.14,399.35408,2023-04-17 15:00:00
1681744500000,29423.15,29449.57,29388.79,29388.79,409.22036,2023-04-17 15:15:00
1681745400000,29388.79,29388.8,29240.65,29314.39,1233.98898,2023-04-17 15:30:00
1681746300000,29314.39,29362.52,29279.47,29358.31,561.56258,2023-04-17 15:45:00
1681747200000,29358.3,29397.07,29337.44,29390.94,596.8858,2023-04-17 16:00:00
1681748100000,29390.94,29417.4,29330.85,29414.29,901.87966,2023-04-17 16:15:00
1681749000000,29414.28,29480.0,29405.3,29451.06,894.28997,2023-04-17 16:30:00
1681749900000,29451.05,29477.36,29424.73,29464.43,423.72328,2023-04-17 16:45:00
1681750800000,29464.42,29527.26,29447.63,29509.32,395.70343,2023-04-17 17:00:00
1681751700000,29509.33,29524.13,29462.67,29475.52,504.28394,2023-04-17 17:15:00
1681752600000,29475.52,29511.79,29462.31,29474.25,322.78273,2023-04-17 17:30:00
1681753500000,29474.24,29504.8,29458.87,29462.67,248.5523,2023-04-17 17:45:00
1681754400000,29462.67,29503.59,29458.09,29471.69,361.53919,2023-04-17 18:00:00
1681755300000,29471.69,29525.76,29471.69,29522.15,218.34849,2023-04-17 18:15:00
1681756200000,29522.14,29549.69,29486.51,29535.14,379.09114,2023-04-17 18:30:00
1681757100000,29535.14,29572.0,29506.83,29524.97,310.25539,2023-04-17 18:45:00
1681758000000,29524.96,29545.7,29500.0,29518.64,419.72441,2023-04-17 19:00:00
1681758900000,29518.64,29564.7,29505.36,29552.47,259.24105,2023-04-17 19:15:00
1681759800000,29552.47,29580.17,29483.71,29492.4,514.53905,2023-04-17 19:30:00
1681760700000,29492.4,29520.0,29458.0,29467.24,561.8178,2023-04-17 19:45:00
1681761600000,29467.25,29492.8,29467.24,29470.52,225.27004,2023-04-17 20:00:00
1681762500000,29470.51,29486.82,29430.0,29446.0,331.47083,2023-04-17 20:15:00
1681763400000,29446.01,29483.27,29446.0,29457.26,218.59126,2023-04-17 20:30:00
1681764300000,29457.25,29463.99,29421.11,29443.75,485.83239,2023-04-17 20:45:00
1681765200000,29443.75,29462.59,29425.74,29440.02,456.2503,2023-04-17 21:00:00
1681766100000,29440.03,29451.99,29391.92,29438.59,433.65283,2023-04-17 21:15:00
1681767000000,29438.59,29471.97,29438.59,29469.41,226.78798,2023-04-17 21:30:00
1681767900000,29469.42,29469.42,29450.69,29452.22,163.44787,2023-04-17 21:45:00
1681768800000,29452.22,29499.08,29452.21,29480.0,414.00175,2023-04-17 22:00:00
1681769700000,29479.99,29510.23,29479.99,29502.2,343.77748,2023-04-17 22:15:00
1681770600000,29502.19,29536.93,29502.19,29515.68,244.29549,2023-04-17 22:30:00
1681771500000,29515.68,29525.0,29480.54,29502.28,233.59189,2023-04-17 22:45:00
1681772400000,29502.28,29510.6,29479.99,29480.01,151.64543,2023-04-17 23:00:00
1681773300000,29480.0,29485.77,29470.01,29470.02,185.53091,2023-04-17 23:15:00
1681774200000,29470.01,29481.52,29431.51,29438.79,346.65067,2023-04-17 23:30:00
1681775100000,29438.78,29453.54,29396.88,29430.27,281.8431,2023-04-17 23:45:00
1681776000000,29430.27,29450.29,29421.69,29449.15,183.70129,2023-04-18 00:00:00
1681776900000,29449.15,29449.15,29390.77,29399.2,262.5957,2023-04-18 00:15:00
1681777800000,29399.2,29427.35,29280.01,29326.74,587.49194,2023-04-18 00:30:00
1681778700000,29326.74,29369.2,29325.29,29364.16,323.42265,2023-04-18 00:45:00
1681779600000,29364.16,29377.95,29152.01,29205.19,993.61907,2023-04-18 01:00:00
1681780500000,29205.2,29287.34,29096.78,29280.31,1609.64241,2023-04-18 01:15:00
1681781400000,29280.32,29414.28,29278.19,29395.78,643.44534,2023-04-18 01:30:00
1681782300000,29395.77,29399.29,29372.1,29373.53,333.06457,2023-04-18 01:45:00
1681783200000,29373.53,29438.52,29373.52,29415.57,525.70427,2023-04-18 02:00:00
1681784100000,29415.56,29468.97,29405.75,29428.78,368.24838,2023-04-18 02:15:00
1681785000000,29428.77,29475.19,29420.01,29471.07,284.66596,2023-04-18 02:30:00
1681785900000,29471.08,29489.47,29446.16,29465.84,292.41433,2023-04-18 02:45:00
1681786800000,29465.83,29485.07,29456.61,29485.07,254.95098,2023-04-18 03:00:00
1681787700000,29485.06,29500.0,29444.94,29453.42,286.66822,2023-04-18 03:15:00
1681788600000,29453.42,29479.02,29453.3,29479.02,180.39061,2023-04-18 03:30:00
1681789500000,29479.02,29479.44,29442.54,29446.99,210.01922,2023-04-18 03:45:00
1681790400000,29447.0,29452.8,29442.56,29447.74,174.5263,2023-04-18 04:00:00
1681791300000,29447.74,29492.2,29442.56,29459.68,167.90952,2023-04-18 04:15:00
1681792200000,29459.67,29504.7,29456.76,29504.16,296.78148,2023-04-18 04:30:00
1681793100000,29504.16,29506.76,29480.6,29494.69,242.3993,2023-04-18 04:45:00
1681794000000,29494.7,29515.0,29494.69,29514.69,274.15211,2023-04-18 05:00:00
1681794900000,29514.69,29566.7,29500.64,29544.74,603.24248,2023-04-18 05:15:00
1681795800000,29544.74,29593.39,29542.83,29545.77,840.44609,2023-04-18 05:30:00
1681796700000,29545.77,29560.0,29518.17,29542.14,395.67037,2023-04-18 05:45:00
1681797600000,29542.15,29595.0,29542.14,29569.96,412.54032,2023-04-18 06:00:00
1681798500000,29569.96,29740.0,29564.55,29705.46,1307.91809,2023-04-18 06:15:00
1681799400000,29705.46,29727.16,29666.94,29672.38,532.09734,2023-04-18 06:30:00
1681800300000,29672.37,29722.93,29655.22,29720.98,525.96838,2023-04-18 06:45:00
1681801200000,29720.98,29742.97,29672.87,29710.92,457.60553,2023-04-18 07:00:00
1681802100000,29710.91,29739.47,29683.2,29726.56,495.03143,2023-04-18 07:15:00
1681803000000,29726.56,29779.0,29720.53,29736.81,653.5384,2023-04-18 07:30:00
1681803900000,29736.8,29803.0,29736.8,29775.62,623.53473,2023-04-18 07:45:00
1681804800000,29775.61,29831.0,29767.24,29784.08,558.3569,2023-04-18 08:00:00
1681805700000,29784.09,29784.09,29709.0,29722.89,556.17823,2023-04-18 08:15:00
1681806600000,29722.89,29732.03,29693.1,29701.57,435.48666,2023-04-18 08:30:00
1681807500000,29701.58,29731.47,29696.01,29703.89,308.71332,2023-04-18 08:45:00
1681808400000,29703.89,29733.67,29700.0,29717.32,544.48581,2023-04-18 09:00:00
1681809300000,29717.33,29833.21,29717.32,29825.82,615.04296,2023-04-18 09:15:00
1681810200000,29825.81,29910.0,29825.81,29878.6,1043.46631,2023-04-18 09:30:00
1681811100000,29878.6,29939.99,29862.28,29897.68,539.65649,2023-04-18 09:45:00
1681812000000,29897.69,29929.0,29868.03,29879.49,479.46663,2023-04-18 10:00:00
1681812900000,29879.48,29971.71,29879.28,29927.15,699.56484,2023-04-18 10:15:00
1681813800000,29926.88,29935.98,29884.49,29887.06,541.18478,2023-04-18 10:30:00
1681814700000,29887.05,29903.98,29880.19,29899.26,644.95176,2023-04-18 10:45:00
1681815600000,29899.26,29930.56,29888.9,29927.73,712.75956,2023-04-18 11:00:00
1681816500000,29927.73,30015.0,29920.01,29991.34,1386.79419,2023-04-18 11:15:00
1681817400000,29991.33,30348.5,29987.02,30316.45,2968.04493,2023-04-18 11:30:00
1681818300000,30316.45,30381.68,30270.63,30380.59,1906.94457,2023-04-18 11:45:00
1681819200000,30380.59,30458.0,30350.0,30427.98,2197.70654,2023-04-18 12:00:00
1681820100000,30427.98,30485.0,30371.78,30394.55,1526.63198,2023-04-18 12:15:00
1681821000000,30394.56,30409.16,30287.3,30287.31,1127.2483,2023-04-18 12:30:00
1681821900000,30287.3,30443.7,30279.8,30303.14,1286.07286,2023-04-18 12:45:00
1681822800000,30303.14,30341.9,30282.63,30303.93,708.82814,2023-04-18 13:00:00
1681823700000,30303.93,30338.11,30295.61,30334.49,523.44415,2023-04-18 13:15:00
1681824600000,30334.49,30376.27,30295.0,30361.41,970.02164,2023-04-18 13:30:00
1681825500000,30361.42,30433.18,30361.41,30381.31,1225.46027,2023-04-18 13:45:00
1681826400000,30381.32,30390.96,30235.92,30299.84,1101.46775,2023-04-18 14:00:00
1681827300000,30299.85,30313.8,30155.0,30181.51,1131.75368,2023-04-18 14:15:00
1681828200000,30181.52,30261.83,30118.41,30257.19,859.1839,2023-04-18 14:30:00
1681829100000,30257.2,30281.69,30236.98,30247.81,566.57618,2023-04-18 14:45:00
1681830000000,30247.81,30284.78,30122.72,30124.37,848.21827,2023-04-18 15:00:00
1681830900000,30124.37,30187.2,30099.37,30187.19,910.46932,2023-04-18 15:15:00
1681831800000,30187.19,30236.27,30115.06,30152.73,795.50896,2023-04-18 15:30:00
1681832700000,30152.73,30192.26,30104.28,30184.86,489.85987,2023-04-18 15:45:00
1681833600000,30184.85,30257.3,30174.15,30256.57,674.05569,2023-04-18 16:00:00
1681834500000,30256.56,30262.3,30196.04,30204.91,470.72655,2023-04-18 16:15:00
1681835400000,30205.01,30250.0,30158.33,30232.22,467.77515,2023-04-18 16:30:00
1681836300000,30232.22,30259.99,30188.59,30220.85,402.35804,2023-04-18 16:45:00
1681837200000,30220.85,30262.86,30212.99,30237.93,425.3515,2023-04-18 17:00:00
1681838100000,30237.92,30244.09,30170.84,30179.94,391.19602,2023-04-18 17:15:00
1681839000000,30179.94,30227.58,30127.1,30152.11,547.897,2023-04-18 17:30:00
1681839900000,30152.1,30181.74,30014.14,30025.51,1040.04937,2023-04-18 17:45:00
1681840800000,30025.51,30054.15,29945.58,30032.91,1459.90202,2023-04-18 18:00:00
1681841700000,30032.92,30249.83,30029.15,30231.69,1101.94788,2023-04-18 18:15:00
1681842600000,30231.69,30274.21,30160.37,30174.81,736.40787,2023-04-18 18:30:00
1681843500000,30174.82,30185.45,30066.72,30144.5,693.4736,2023-04-18 18:45:00
1681844400000,30144.5,30187.24,30100.0,30167.63,413.36987,2023-04-18 19:00:00
1681845300000,30167.62,30225.0,30128.38,30160.95,488.70806,2023-04-18 19:15:00
1681846200000,30160.95,30196.8,30138.55,30196.8,305.08231,2023-04-18 19:30:00
1681847100000,30196.8,30236.9,30156.0,30221.52,358.62633,2023-04-18 19:45:00
1681848000000,30221.53,30277.53,30150.0,30247.69,490.45832,2023-04-18 20:00:00
1681848900000,30247.68,30261.93,30227.41,30260.97,281.10341,2023-04-18 20:15:00
1681849800000,30260.96,30335.98,30222.67,30329.41,459.88144,2023-04-18 20:30:00
1681850700000,30329.42,30450.0,30300.49,30419.12,974.207,2023-04-18 20:45:00
1681851600000,30419.12,30442.73,30343.81,30347.27,542.39237,2023-04-18 21:00:00
1681852500000,30347.26,30373.69,30317.0,30346.69,380.57189,2023-04-18 21:15:00
1681853400000,30346.69,30346.7,30278.79,30318.44,353.48854,2023-04-18 21:30:00
1681854300000,30318.44,30385.84,30285.61,30371.69,306.11473,2023-04-18 21:45:00
1681855200000,30371.68,30404.19,30331.81,30331.82,294.19173,2023-04-18 22:00:00
1681856100000,30331.81,30358.66,30312.79,30335.08,275.70919,2023-04-18 22:15:00
1681857000000,30335.07,30347.62,30295.23,30312.76,321.07145,2023-04-18 22:30:00
1681857900000,30312.75,30370.86,30312.75,30370.86,349.32971,2023-04-18 22:45:00
1681858800000,30370.85,30371.65,30320.44,30345.66,575.61783,2023-04-18 23:00:00
1681859700000,30345.65,30362.33,30305.66,30332.79,252.25182,2023-04-18 23:15:00
1681860600000,30332.79,30395.64,30317.01,30381.28,353.23967,2023-04-18 23:30:00
1681861500000,30381.29,30408.44,30351.79,30380.01,265.38142,2023-04-18 23:45:00
1681862400000,30380.01,30380.01,30338.88,30365.59,310.16843,2023-04-19 00:00:00
1681863300000,30365.59,30413.53,30307.0,30314.36,512.14471,2023-04-19 00:15:00
1681864200000,30314.35,30329.7,30282.95,30305.45,339.82884,2023-04-19 00:30:00
1681865100000,30305.45,30358.08,30291.59,30319.25,274.49873,2023-04-19 00:45:00
1681866000000,30319.25,30348.28,30243.16,30278.15,507.69559,2023-04-19 01:00:00
1681866900000,30278.15,30310.88,30269.17,30310.08,224.72047,2023-04-19 01:15:00
1681867800000,30310.09,30327.12,30254.27,30298.38,319.49055,2023-04-19 01:30:00
1681868700000,30298.38,30299.77,30223.12,30233.42,327.64082,2023-04-19 01:45:00
1681869600000,30233.42,30248.15,30126.0,30192.13,547.2293,2023-04-19 02:00:00
1681870500000,30192.13,30256.45,30131.23,30249.32,292.18601,2023-04-19 02:15:00
1681871400000,30249.32,30259.4,30191.07,30210.99,405.88781,2023-04-19 02:30:00
1681872300000,30210.98,30220.15,30167.02,30200.63,462.21656,2023-04-19 02:45:00
1681873200000,30200.63,30218.71,30192.18,30210.55,193.24893,2023-04-19 03:00:00
1681874100000,30210.56,30277.32,30210.55,30265.39,194.36987,2023-04-19 03:15:00
1681875000000,30265.39,30265.39,30210.9,30210.91,181.67419,2023-04-19 03:30:00
1681875900000,30210.9,30226.3,30172.59,30211.23,236.78499,2023-04-19 03:45:00
1681876800000,30211.23,30211.24,30171.07,30178.5,317.06575,2023-04-19 04:00:00
1681877700000,30178.51,30227.85,30148.0,30225.0,383.3615,2023-04-19 04:15:00
1681878600000,30225.0,30237.69,30209.03,30219.79,222.06522,2023-04-19 04:30:00
1681879500000,30219.8,30219.8,30176.28,30202.57,277.73201,2023-04-19 04:45:00
1681880400000,30202.57,30230.0,30177.66,30229.99,260.58679,2023-04-19 05:00:00
1681881300000,30229.99,30249.86,30209.9,30225.2,220.02057,2023-04-19 05:15:00
1681882200000,30225.19,30296.59,30220.0,30281.0,374.84583,2023-04-19 05:30:00
1681883100000,30281.01,30325.51,30253.62,30268.27,468.60492,2023-04-19 05:45:00
1681884000000,30268.28,30272.77,30220.0,30220.69,464.88396,2023-04-19 06:00:00
1681884900000,30220.69,30220.69,30050.92,30110.0,1111.76514,2023-04-19 06:15:00
1681885800000,30110.0,30135.83,30080.0,30110.34,471.75029,2023-04-19 06:30:00
1681886700000,30110.35,30117.85,30006.0,30008.13,713.81645,2023-04-19 06:45:00
1681887600000,30008.13,30077.0,29980.0,30030.42,844.25771,2023-04-19 07:00:00
1681888500000,30030.41,30113.33,30030.41,30108.48,475.95518,2023-04-19 07:15:00
1681889400000,30108.48,30124.21,30077.87,30095.01,477.54257,2023-04-19 07:30:00
1681890300000,30095.0,30108.35,30050.0,30077.76,388.21455,2023-04-19 07:45:00
1681891200000,30077.76,30077.76,29324.33,29465.52,4623.39113,2023-04-19 08:00:00
1681892100000,29465.51,29559.99,29000.0,29283.85,6405.78957,2023-04-19 08:15:00
1681893000000,29283.85,29440.42,29184.1,29281.54,5296.04908,2023-04-19 08:30:00
1681893900000,29281.55,29430.0,29154.65,29168.47,3665.24117,2023-04-19 08:45:00
1681894800000,29168.47,29231.49,29040.0,29217.38,2224.93336,2023-04-19 09:00:00
1681895700000,29217.37,29221.56,29100.0,29218.22,1646.50922,2023-04-19 09:15:00
1681896600000,29218.22,29327.21,29182.17,29267.78,989.58406,2023-04-19 09:30:00
1681897500000,29267.78,29268.85,29185.0,29200.57,743.52504,2023-04-19 09:45:00
1681898400000,29200.58,29224.33,29124.36,29165.24,727.58217,2023-04-19 10:00:00
1681899300000,29165.24,29215.55,29124.36,29195.35,717.2881,2023-04-19 10:15:00
1681900200000,29195.35,29195.7,29100.0,29156.97,1115.38734,2023-04-19 10:30:00
1681901100000,29156.96,29286.64,29126.0,29257.26,1223.91588,2023-04-19 10:45:00
1681902000000,29257.26,29284.54,29235.53,29271.71,675.77297,2023-04-19 11:00:00
1681902900000,29271.7,29299.0,29251.09,29269.42,845.47599,2023-04-19 11:15:00
1681903800000,29269.41,29333.0,29269.41,29285.04,1107.17338,2023-04-19 11:30:00
1681904700000,29285.03,29310.65,29263.14,29310.65,609.40366,2023-04-19 11:45:00
1681905600000,29310.64,29310.65,29222.93,29222.93,772.66945,2023-04-19 12:00:00
1681906500000,29222.93,29263.94,29210.0,29247.65,551.11766,2023-04-19 12:15:00
1681907400000,29247.64,29261.71,29185.0,29235.34,604.25466,2023-04-19 12:30:00
1681908300000,29235.35,29238.16,29194.72,29218.66,673.04123,2023-04-19 12:45:00
1681909200000,29218.66,29234.47,29181.65,29208.7,889.58193,2023-04-19 13:00:00
1681910100000,29208.7,29272.57,29207.87,29263.11,421.26491,2023-04-19 13:15:00
1681911000000,29263.11,29317.63,29240.38,29282.09,756.43912,2023-04-19 13:30:00
1681911900000,29282.08,29333.0,29274.42,29333.0,770.88104,2023-04-19 13:45:00
1681912800000,29333.0,29463.6,29330.66,29445.2,1641.05783,2023-04-19 14:00:00
1681913700000,29445.21,29456.25,29368.01,29398.95,684.23676,2023-04-19 14:15:00
1681914600000,29398.94,29500.0,29398.94,29463.5,894.13663,2023-04-19 14:30:00
1681915500000,29463.5,29471.44,29381.45,29393.46,666.48291,2023-04-19 14:45:00
1681916400000,29393.46,29428.9,29329.14,29379.65,628.48647,2023-04-19 15:00:00
1681917300000,29379.65,29409.09,29364.41,29378.68,448.77333,2023-04-19 15:15:00
1681918200000,29378.68,29391.9,29100.0,29232.8,1666.02807,2023-04-19 15:30:00
1681919100000,29232.8,29297.0,29159.39,29260.44,917.49801,2023-04-19 15:45:00
1681920000000,29260.43,29305.16,29240.01,29303.61,527.83951,2023-04-19 16:00:00
1681920900000,29303.6,29370.0,29295.0,29314.73,585.1325,2023-04-19 16:15:00
1681921800000,29314.72,29361.73,29310.83,29330.4,466.46819,2023-04-19 16:30:00
1681922700000,29330.4,29343.04,29309.31,29315.24,342.05043,2023-04-19 16:45:00
1681923600000,29315.24,29325.73,29263.15,29270.0,404.09462,2023-04-19 17:00:00
1681924500000,29270.0,29292.24,29181.33,29256.56,713.29881,2023-04-19 17:15:00
1681925400000,29256.55,29262.0,29080.0,29212.41,941.1121,2023-04-19 17:30:00
1681926300000,29212.42,29318.15,29199.13,29318.14,511.26618,2023-04-19 17:45:00
1681927200000,29318.14,29354.3,29302.45,29319.31,766.68027,2023-04-19 18:00:00
1681928100000,29319.3,29336.3,29257.0,29292.94,719.09343,2023-04-19 18:15:00
1681929000000,29292.93,29298.41,29220.01,29242.19,538.10965,2023-04-19 18:30:00
1681929900000,29242.18,29283.47,29220.92,29277.45,617.54417,2023-04-19 18:45:00
1681930800000,29277.46,29321.42,29237.3,29321.41,508.19796,2023-04-19 19:00:00
1681931700000,29321.42,29344.59,29292.93,29293.51,355.1721,2023-04-19 19:15:00
1681932600000,29293.51,29331.94,29250.0,29257.47,391.19236,2023-04-19 19:30:00
1681933500000,29257.47,29257.47,29200.0,29227.07,515.74562,2023-04-19 19:45:00
1681934400000,29227.06,29315.61,29188.0,29257.28,809.23271,2023-04-19 20:00:00
1681935300000,29257.29,29278.52,29192.0,29212.86,629.831,2023-04-19 20:15:00
1681936200000,29212.87,29221.86,29147.27,29210.61,743.12063,2023-04-19 20:30:00
1681937100000,29210.6,29240.93,29200.38,29237.71,383.0691,2023-04-19 20:45:00
1681938000000,29237.71,29240.15,29162.3,29205.2,278.5197,2023-04-19 21:00:00
1681938900000,29205.21,29220.0,28917.2,29057.06,2221.06795,2023-04-19 21:15:00
1681939800000,29057.06,29084.5,28813.88,28940.01,1628.15716,2023-04-19 21:30:00
1681940700000,28940.0,29170.0,28935.82,29170.0,899.60935,2023-04-19 21:45:00
1681941600000,29169.99,29237.29,29101.26,29178.15,585.11044,2023-04-19 22:00:00
1681942500000,29178.14,29202.94,29060.25,29081.3,550.09948,2023-04-19 22:15:00
1681943400000,29081.29,29173.98,29075.13,29147.05,528.4869,2023-04-19 22:30:00
1681944300000,29147.04,29147.05,29036.95,29076.2,392.10014,2023-04-19 22:45:00
1681945200000,29076.2,29088.18,28906.32,28944.21,1204.72737,2023-04-19 23:00:00
1681946100000,28944.22,28981.94,28550.0,28728.64,3818.1405,2023-04-19 23:15:00
1681947000000,28728.87,28789.76,28520.0,28775.46,2319.82951,2023-04-19 23:30:00
1681947900000,28775.45,28865.06,28621.62,28797.1,2276.16035,2023-04-19 23:45:00
1681948800000,28797.1,28818.02,28716.6,28726.93,1151.02399,2023-04-20 00:00:00
1681949700000,28726.93,28918.66,28650.58,28894.09,1342.68298,2023-04-20 00:15:00
1681950600000,28894.08,28965.99,28857.65,28922.49,723.64709,2023-04-20 00:30:00
1681951500000,28922.49,28963.6,28897.74,28920.01,396.77614,2023-04-20 00:45:00
1681952400000,28920.01,28954.03,28838.47,28870.56,700.91267,2023-04-20 01:00:00
1681953300000,28870.57,28900.0,28852.28,28861.24,454.31117,2023-04-20 01:15:00
1681954200000,28861.24,29000.0,28861.23,28962.77,731.91872,2023-04-20 01:30:00
1681955100000,28962.77,28964.57,28912.28,28934.07,474.64074,2023-04-20 01:45:00
1681956000000,28934.07,28958.06,28878.9,28891.4,437.98656,2023-04-20 02:00:00
1681956900000,28891.4,28901.83,28824.91,28882.11,458.11952,2023-04-20 02:15:00
1681957800000,28882.1,28882.11,28812.5,28829.04,331.41003,2023-04-20 02:30:00
1681958700000,28829.03,28829.04,28716.08,28742.57,879.60252,2023-04-20 02:45:00
1681959600000,28742.58,28817.72,28549.0,28795.49,1566.34129,2023-04-20 03:00:00
1681960500000,28795.49,28858.13,28769.07,28831.16,857.55678,2023-04-20 03:15:00
1681961400000,28831.16,28859.3,28800.0,28829.3,399.02196,2023-04-20 03:30:00
1681962300000,28829.31,28883.3,28825.0,28862.52,423.88953,2023-04-20 03:45:00
1681963200000,28862.51,28938.52,28850.85,28887.57,658.12989,2023-04-20 04:00:00
1681964100000,28887.57,28942.45,28860.64,28932.52,418.2636,2023-04-20 04:15:00
1681965000000,28932.53,28956.19,28894.56,28897.14,362.49446,2023-04-20 04:30:00
1681965900000,28897.13,28930.74,28845.71,28867.52,473.38583,2023-04-20 04:45:00
1681966800000,28867.52,28945.0,28867.52,28902.24,295.56927,2023-04-20 05:00:00
1681967700000,28902.24,28916.85,28846.35,28868.63,334.09659,2023-04-20 05:15:00
1681968600000,28868.62,28889.32,28818.8,28848.18,506.1018,2023-04-20 05:30:00
1681969500000,28848.19,28902.25,28821.75,28893.52,278.72822,2023-04-20 05:45:00
1681970400000,28893.53,28993.2,28893.52,28971.45,501.53787,2023-04-20 06:00:00
1681971300000,28971.45,29088.3,28971.14,28971.14,1055.84246,2023-04-20 06:15:00
1681972200000,28971.15,28994.37,28940.57,28940.97,449.60442,2023-04-20 06:30:00
1681973100000,28940.97,28986.43,28921.32,28925.58,442.49806,2023-04-20 06:45:00
1681974000000,28925.58,28947.16,28892.49,28896.17,453.32425,2023-04-20 07:00:00
1681974900000,28896.16,28926.9,28896.16,28915.0,337.52326,2023-04-20 07:15:00
1681975800000,28915.0,28916.88,28860.68,28887.44,668.82624,2023-04-20 07:30:00
1681976700000,28887.44,28906.28,28852.17,28869.66,433.63769,2023-04-20 07:45:00
1681977600000,28869.66,28920.8,28835.8,28920.79,560.75244,2023-04-20 08:00:00
1681978500000,28920.79,28951.0,28897.17,28924.24,457.59321,2023-04-20 08:15:00
1681979400000,28924.24,28946.16,28729.0,28812.65,865.028,2023-04-20 08:30:00
1681980300000,28812.66,28863.86,28802.59,28826.6,467.02924,2023-04-20 08:45:00
1681981200000,28826.61,28876.45,28822.13,28840.88,409.43266,2023-04-20 09:00:00
1681982100000,28840.89,28867.07,28832.38,28857.07,260.12213,2023-04-20 09:15:00
1681983000000,28857.07,28909.86,28857.07,28879.1,391.54285,2023-04-20 09:30:00
1681983900000,28879.1,28888.51,28856.88,28866.0,302.5486,2023-04-20 09:45:00
1681984800000,28866.0,28906.5,28833.36,28833.36,361.82805,2023-04-20 10:00:00
1681985700000,28833.37,28853.43,28788.57,28817.91,415.03124,2023-04-20 10:15:00
1681986600000,28817.92,28847.99,28778.57,28832.81,376.3294,2023-04-20 10:30:00
1681987500000,28832.81,28867.52,28826.09,28855.22,320.40584,2023-04-20 10:45:00
1681988400000,28855.23,28860.23,28750.01,28777.71,515.67019,2023-04-20 11:00:00
1681989300000,28777.7,28784.14,28667.64,28755.38,1033.08581,2023-04-20 11:15:00
1681990200000,28755.39,28760.0,28645.67,28688.6,756.53499,2023-04-20 11:30:00
1681991100000,28688.61,28697.6,28590.0,28607.13,1244.46586,2023-04-20 11:45:00
1681992000000,28607.12,28698.07,28566.0,28638.97,1116.27545,2023-04-20 12:00:00
1681992900000,28638.96,28788.07,28334.0,28720.78,3031.86281,2023-04-20 12:15:00
1681993800000,28720.78,28913.23,28720.78,28815.1,1990.19412,2023-04-20 12:30:00
1681994700000,28815.09,28978.69,28815.09,28893.0,1300.00988,2023-04-20 12:45:00
1681995600000,28892.99,28898.57,28823.11,28857.13,596.98372,2023-04-20 13:00:00
1681996500000,28857.13,28857.13,28760.39,28778.01,915.7922,2023-04-20 13:15:00
1681997400000,28778.01,28879.62,28715.92,28756.99,1007.32373,2023-04-20 13:30:00
1681998300000,28756.99,28874.43,28720.0,28820.08,830.70669,2023-04-20 13:45:00
1681999200000,28820.07,28875.47,28774.59,28853.24,622.85658,2023-04-20 14:00:00
1682000100000,28853.24,28853.25,28769.79,28772.72,560.79814,2023-04-20 14:15:00
1682001000000,28772.72,28815.4,28717.15,28764.74,659.50069,2023-04-20 14:30:00
1682001900000,28764.74,28782.19,28676.0,28719.71,652.2702,2023-04-20 14:45:00
1682002800000,28719.72,28725.71,28660.18,28699.85,1069.96929,2023-04-20 15:00:00
1682003700000,28699.85,28734.93,28645.0,28697.59,935.9626,2023-04-20 15:15:00
1682004600000,28697.6,28697.6,28500.51,28556.68,1320.77221,2023-04-20 15:30:00
1682005500000,28556.68,28644.1,28440.66,28506.69,1847.45882,2023-04-20 15:45:00
1682006400000,28506.7,28548.08,28260.0,28541.62,3253.36896,2023-04-20 16:00:00
1682007300000,28541.63,28658.81,28505.51,28571.79,1643.83601,2023-04-20 16:15:00
1682008200000,28571.78,28620.32,28550.62,28614.01,753.06824,2023-04-20 16:30:00
1682009100000,28614.01,28634.32,28442.56,28442.56,983.5862,2023-04-20 16:45:00
1682010000000,28442.56,28508.8,28351.86,28508.79,1348.1827,2023-04-20 17:00:00
1682010900000,28508.79,28607.54,28458.25,28569.47,788.6856,2023-04-20 17:15:00
1682011800000,28569.46,28589.21,28478.27,28516.14,557.06633,2023-04-20 17:30:00
1682012700000,28516.13,28561.05,28451.94,28452.2,744.68067,2023-04-20 17:45:00
1682013600000,28452.21,28526.93,28411.0,28515.05,848.33354,2023-04-20 18:00:00
1682014500000,28515.05,28517.23,28346.94,28346.95,1052.17161,2023-04-20 18:15:00
1682015400000,28346.94,28375.09,28281.98,28312.44,1380.90745,2023-04-20 18:30:00
1682016300000,28312.44,28391.83,28280.96,28360.49,1028.61429,2023-04-20 18:45:00
1682017200000,28360.48,28361.83,28213.0,28255.97,1298.84719,2023-04-20 19:00:00
1682018100000,28255.97,28277.78,28011.0,28083.6,3151.31421,2023-04-20 19:15:00
1682019000000,28083.6,28214.56,28010.0,28184.48,1761.96061,2023-04-20 19:30:00
1682019900000,28184.48,28218.34,28091.58,28104.38,870.1553,2023-04-20 19:45:00
1682020800000,28104.38,28210.0,28045.85,28106.59,998.9526,2023-04-20 20:00:00
1682021700000,28106.6,28234.92,28012.0,28215.71,947.94029,2023-04-20 20:15:00
1682022600000,28215.71,28321.69,28215.7,28240.01,804.0787,2023-04-20 20:30:00
1682023500000,28240.01,28266.87,28172.93,28204.56,419.00774,2023-04-20 20:45:00
1682024400000,28204.57,28253.01,28173.13,28237.75,605.07163,2023-04-20 21:00:00
1682025300000,28237.74,28286.4,28192.09,28201.46,543.93303,2023-04-20 21:15:00
1682026200000,28201.45,28219.23,28160.0,28219.22,433.63581,2023-04-20 21:30:00
1682027100000,28219.22,28230.41,28171.11,28230.4,358.90819,2023-04-20 21:45:00
1682028000000,28230.41,28357.4,28177.42,28314.69,982.52359,2023-04-20 22:00:00
1682028900000,28314.69,28365.5,28264.48,28285.83,351.6828,2023-04-20 22:15:00
1682029800000,28285.83,28285.84,28210.43,28215.99,351.63265,2023-04-20 22:30:00
1682030700000,28215.98,28268.14,28206.27,28249.1,684.19546,2023-04-20 22:45:00
1682031600000,28249.1,28318.65,28249.1,28299.21,293.78021,2023-04-20 23:00:00
1682032500000,28299.22,28301.0,28183.97,28224.9,718.20337,2023-04-20 23:15:00
1682033400000,28224.91,28258.08,28203.53,28230.94,184.96271,2023-04-20 23:30:00
1682034300000,28230.94,28263.0,28224.0,28243.65,540.26279,2023-04-20 23:45:00
1682035200000,28243.65,28312.82,28220.82,28289.74,894.64396,2023-04-21 00:00:00
1682036100000,28289.73,28320.61,28115.0,28147.36,968.31754,2023-04-21 00:15:00
1682037000000,28147.35,28300.02,28090.0,28277.81,971.33311,2023-04-21 00:30:00
1682037900000,28277.8,28374.02,28267.11,28291.26,581.38881,2023-04-21 00:45:00
1682038800000,28291.25,28320.25,28199.88,28240.16,452.28066,2023-04-21 01:00:00
1682039700000,28240.15,28271.77,28216.01,28250.01,296.60238,2023-04-21 01:15:00
1682040600000,28250.0,28276.61,28209.18,28220.65,264.35611,2023-04-21 01:30:00
1682041500000,28220.65,28239.52,28192.08,28200.91,263.07372,2023-04-21 01:45:00
1682042400000,28200.91,28239.31,28177.62,28239.31,327.52659,2023-04-21 02:00:00
1682043300000,28239.3,28244.13,28170.65,28170.66,272.32241,2023-04-21 02:15:00
1682044200000,28170.65,28220.0,28136.63,28217.58,287.51821,2023-04-21 02:30:00
1682045100000,28217.58,28248.46,28208.91,28247.5,320.08078,2023-04-21 02:45:00
1682046000000,28247.49,28273.06,28239.99,28273.06,336.78434,2023-04-21 03:00:00
1682046900000,28273.06,28310.4,28265.12,28303.05,354.61731,2023-04-21 03:15:00
1682047800000,28303.06,28319.83,28271.55,28293.62,312.62525,2023-04-21 03:30:00
1682048700000,28293.61,28333.6,28290.82,28321.41,233.01142,2023-04-21 03:45:00
1682049600000,28321.42,28348.0,28312.92,28325.46,330.37795,2023-04-21 04:00:00
1682050500000,28325.47,28339.94,28303.14,28303.31,220.89156,2023-04-21 04:15:00
1682051400000,28303.31,28313.05,28256.57,28260.63,301.44052,2023-04-21 04:30:00
1682052300000,28260.64,28279.12,28226.38,28236.16,308.79227,2023-04-21 04:45:00
1682053200000,28236.15,28254.46,28215.37,28238.65,266.25438,2023-04-21 05:00:00
1682054100000,28238.65,28245.34,28204.81,28222.0,387.9849,2023-04-21 05:15:00
1682055000000,28222.01,28254.35,28222.0,28235.0,290.18667,2023-04-21 05:30:00
1682055900000,28235.0,28257.7,28154.73,28158.21,581.64448,2023-04-21 05:45:00
1682056800000,28158.22,28182.64,28100.0,28161.97,855.61741,2023-04-21 06:00:00
1682057700000,28161.96,28216.1,28160.7,28164.66,424.16939,2023-04-21 06:15:00
1682058600000,28164.67,28168.39,27850.0,28021.35,3080.73955,2023-04-21 06:30:00
1682059500000,28021.36,28049.73,27815.89,27916.88,2472.59505,2023-04-21 06:45:00
1682060400000,27916.87,28041.4,27881.35,27995.15,1289.93801,2023-04-21 07:00:00
1682061300000,27995.15,28011.53,27861.85,27861.85,867.91713,2023-04-21 07:15:00
1682062200000,27861.86,27968.23,27839.31,27952.4,1420.76916,2023-04-21 07:30:00
1682063100000,27952.39,28173.94,27950.51,28155.03,1865.33759,2023-04-21 07:45:00
1682064000000,28155.02,28237.3,28081.19,28081.19,1088.49285,2023-04-21 08:00:00
1682064900000,28081.19,28156.96,28080.85,28125.15,603.03836,2023-04-21 08:15:00
1682065800000,28125.14,28131.94,28015.71,28049.75,727.7162,2023-04-21 08:30:00
1682066700000,28049.76,28095.11,28032.79,28071.9,428.68774,2023-04-21 08:45:00
1682067600000,28071.89,28112.5,28018.18,28029.12,436.35907,2023-04-21 09:00:00
1682068500000,28029.13,28097.25,28000.0,28003.19,587.26048,2023-04-21 09:15:00
1682069400000,28003.19,28081.69,27967.09,28081.68,613.56113,2023-04-21 09:30:00
1682070300000,28081.68,28095.24,28054.68,28060.85,308.23984,2023-04-21 09:45:00
1682071200000,28060.85,28082.37,28032.27,28082.37,365.64555,2023-04-21 10:00:00
1682072100000,28082.36,28152.62,28080.3,28111.1,548.56981,2023-04-21 10:15:00
1682073000000,28111.1,28122.38,28000.0,28051.29,550.21042,2023-04-21 10:30:00
1682073900000,28051.29,28057.47,27936.8,28001.96,626.33189,2023-04-21 10:45:00
1682074800000,28001.96,28012.04,27934.82,27958.0,492.81393,2023-04-21 11:00:00
1682075700000,27958.0,28028.16,27919.69,28008.59,802.14708,2023-04-21 11:15:00
1682076600000,28008.59,28047.66,27996.33,28013.43,514.57201,2023-04-21 11:30:00
1682077500000,28013.43,28093.55,27970.0,28066.21,792.70705,2023-04-21 11:45:00
1682078400000,28066.22,28111.99,27962.65,28099.43,980.46117,2023-04-21 12:00:00
1682079300000,28099.42,28210.21,28084.68,28175.98,953.18191,2023-04-21 12:15:00
1682080200000,28175.98,28230.43,28158.07,28177.87,579.54718,2023-04-21 12:30:00
1682081100000,28177.86,28229.12,28155.34,28218.64,456.3596,2023-04-21 12:45:00
1682082000000,28218.65,28234.47,28184.81,28203.32,570.83834,2023-04-21 13:00:00
1682082900000,28203.33,28216.83,28164.26,28164.27,386.96785,2023-04-21 13:15:00
1682083800000,28164.26,28308.45,28156.69,28268.23,1178.782,2023-04-21 13:30:00
1682084700000,28268.23,28292.95,28091.99,28113.44,1144.87362,2023-04-21 13:45:00
1682085600000,28113.44,28131.83,28057.44,28084.62,940.8726,2023-04-21 14:00:00
1682086500000,28084.62,28225.93,28039.83,28180.56,886.35615,2023-04-21 14:15:00
1682087400000,28180.57,28189.85,28074.14,28074.14,665.45153,2023-04-21 14:30:00
1682088300000,28074.14,28118.78,28034.64,28060.86,1554.23327,2023-04-21 14:45:00
1682089200000,28060.87,28110.1,28053.43,28061.51,745.08944,2023-04-21 15:00:00
1682090100000,28061.51,28100.0,28020.93,28082.25,595.04717,2023-04-21 15:15:00
1682091000000,28082.25,28139.22,28069.05,28120.75,819.31671,2023-04-21 15:30:00
1682091900000,28120.75,28139.62,27985.45,28040.7,1638.12645,2023-04-21 15:45:00
1682092800000,28040.7,28053.61,27972.98,28051.53,749.76768,2023-04-21 16:00:00
1682093700000,28051.52,28090.54,27952.49,27977.35,758.58342,2023-04-21 16:15:00
1682094600000,27977.15,28051.12,27951.9,28050.23,784.64572,2023-04-21 16:30:00
1682095500000,28050.24,28082.31,28009.88,28042.71,411.9784,2023-04-21 16:45:00
1682096400000,28042.71,28057.67,28007.48,28043.71,387.01271,2023-04-21 17:00:00
1682097300000,28043.71,28043.72,27777.01,27892.24,2200.46677,2023-04-21 17:15:00
1682098200000,27892.25,27941.33,27825.49,27923.97,1045.71059,2023-04-21 17:30:00
1682099100000,27923.97,27988.47,27880.89,27901.63,608.62416,2023-04-21 17:45:00
1682100000000,27901.64,27941.96,27884.56,27932.79,432.92759,2023-04-21 18:00:00
1682100900000,27932.79,27989.68,27921.58,27936.34,592.52537,2023-04-21 18:15:00
1682101800000,27936.33,27939.56,27832.9,27840.21,531.32971,2023-04-21 18:30:00
1682102700000,27840.2,27851.94,27712.75,27783.96,1344.16606,2023-04-21 18:45:00
1682103600000,27783.97,27801.0,27275.44,27384.86,5431.57731,2023-04-21 19:00:00
1682104500000,27384.86,27477.76,27336.66,27382.89,1738.5622,2023-04-21 19:15:00
1682105400000,27382.88,27397.41,27184.54,27349.9,2563.71322,2023-04-21 19:30:00
1682106300000,27349.9,27356.18,27236.22,27279.91,1197.52204,2023-04-21 19:45:00
1682107200000,27279.9,27352.13,27166.0,27319.05,1867.28559,2023-04-21 20:00:00
1682108100000,27319.05,27399.99,27318.24,27370.47,770.25495,2023-04-21 20:15:00
1682109000000,27370.48,27409.62,27252.09,27294.59,919.80693,2023-04-21 20:30:00
1682109900000,27294.59,27339.23,27242.23,27270.88,1079.91566,2023-04-21 20:45:00
1682110800000,27270.87,27350.84,27233.63,27342.99,828.13965,2023-04-21 21:00:00
1682111700000,27343.0,27360.06,27291.19,27358.28,495.47028,2023-04-21 21:15:00
1682112600000,27358.28,27377.29,27294.07,27303.4,331.00182,2023-04-21 21:30:00
1682113500000,27303.4,27334.4,27265.05,27279.99,543.12466,2023-04-21 21:45:00
1682114400000,27279.99,27351.29,27256.85,27316.5,639.65297,2023-04-21 22:00:00
1682115300000,27316.51,27327.23,27239.72,27260.93,670.34048,2023-04-21 22:15:00
1682116200000,27260.93,27270.0,27125.0,27239.0,1118.76016,2023-04-21 22:30:00
1682117100000,27239.01,27272.88,27220.89,27266.08,400.41496,2023-04-21 22:45:00
1682118000000,27266.07,27330.67,27250.04,27316.06,489.71095,2023-04-21 23:00:00
1682118900000,27316.06,27336.13,27293.39,27297.58,235.73103,2023-04-21 23:15:00
1682119800000,27297.57,27341.63,27286.89,27301.71,339.02184,2023-04-21 23:30:00
1682120700000,27301.7,27301.71,27199.39,27262.84,494.026,2023-04-21 23:45:00
1682121600000,27262.84,27318.4,27255.39,27318.39,403.70994,2023-04-22 00:00:00
1682122500000,27318.4,27331.99,27282.0,27282.01,297.16993,2023-04-22 00:15:00
1682123400000,27282.01,27284.75,27227.95,27227.96,408.77008,2023-04-22 00:30:00
1682124300000,27227.95,27250.1,27217.16,27225.08,333.22952,2023-04-22 00:45:00
1682125200000,27225.07,27263.16,27177.0,27177.01,497.44395,2023-04-22 01:00:00
1682126100000,27177.01,27243.55,27140.35,27225.68,565.10827,2023-04-22 01:15:00
1682127000000,27225.69,27278.43,27208.25,27277.84,327.4445,2023-04-22 01:30:00
1682127900000,27277.84,27310.0,27267.65,27291.67,265.94423,2023-04-22 01:45:00
1682128800000,27291.66,27321.69,27268.19,27298.92,338.44447,2023-04-22 02:00:00
1682129700000,27298.92,27298.92,27240.88,27254.22,241.3535,2023-04-22 02:15:00
1682130600000,27254.21,27289.08,27238.54,27238.54,299.03043,2023-04-22 02:30:00
1682131500000,27238.55,27268.97,27233.71,27241.52,266.75547,2023-04-22 02:45:00
1682132400000,27241.53,27259.35,27235.89,27247.27,191.48643,2023-04-22 03:00:00
1682133300000,27247.27,27290.44,27236.42,27289.65,182.09162,2023-04-22 03:15:00
1682134200000,27289.65,27326.24,27279.92,27303.6,302.33486,2023-04-22 03:30:00
1682135100000,27303.6,27367.77,27303.15,27322.16,489.86238,2023-04-22 03:45:00
1682136000000,27322.15,27330.54,27307.55,27321.29,204.80299,2023-04-22 04:00:00
1682136900000,27321.29,27330.68,27303.0,27330.67,172.49233,2023-04-22 04:15:00
1682137800000,27330.67,27355.44,27310.78,27319.46,261.62175,2023-04-22 04:30:00
1682138700000,27319.46,27371.01,27319.45,27347.99,373.9261,2023-04-22 04:45:00
1682139600000,27347.98,27354.87,27308.0,27308.01,285.19364,2023-04-22 05:00:00
1682140500000,27308.01,27339.03,27308.0,27339.03,194.26341,2023-04-22 05:15:00
1682141400000,27339.03,27363.87,27339.02,27363.87,180.32566,2023-04-22 05:30:00
1682142300000,27363.86,27397.63,27353.6,27397.63,241.99377,2023-04-22 05:45:00
1682143200000,27397.62,27397.63,27339.92,27346.99,339.3169,2023-04-22 06:00:00
1682144100000,27346.99,27346.99,27305.0,27316.51,267.93343,2023-04-22 06:15:00
1682145000000,27316.51,27333.8,27303.27,27331.25,254.518,2023-04-22 06:30:00
1682145900000,27331.26,27346.51,27326.94,27346.5,143.53568,2023-04-22 06:45:00
1682146800000,27346.51,27351.94,27331.15,27333.82,162.63153,2023-04-22 07:00:00
1682147700000,27333.81,27346.11,27315.44,27329.86,182.18244,2023-04-22 07:15:00
1682148600000,27330.0,27346.02,27300.02,27301.0,189.23337,2023-04-22 07:30:00
1682149500000,27301.01,27304.77,27225.0,27277.76,736.26101,2023-04-22 07:45:00
1682150400000,27277.75,27284.74,27247.7,27266.03,231.93342,2023-04-22 08:00:00
1682151300000,27266.03,27308.07,27240.0,27240.0,326.9114,2023-04-22 08:15:00
1682152200000,27240.0,27269.38,27225.0,27262.8,340.81229,2023-04-22 08:30:00
1682153100000,27262.79,27271.38,27188.0,27211.42,496.5419,2023-04-22 08:45:00
1682154000000,27211.42,27247.82,27211.41,27243.02,269.58196,2023-04-22 09:00:00
1682154900000,27243.02,27269.46,27231.89,27231.9,284.18926,2023-04-22 09:15:00
1682155800000,27231.9,27271.48,27213.89,27263.78,270.05508,2023-04-22 09:30:00
1682156700000,27263.78,27271.67,27239.06,27239.06,159.09506,2023-04-22 09:45:00
1682157600000,27239.07,27251.0,27221.29,27250.99,237.47975,2023-04-22 10:00:00
1682158500000,27250.99,27251.0,27200.0,27221.34,472.13045,2023-04-22 10:15:00
1682159400000,27221.33,27230.62,27202.32,27208.42,320.47054,2023-04-22 10:30:00
1682160300000,27208.41,27267.99,27184.24,27250.04,382.37318,2023-04-22 10:45:00
1682161200000,27250.05,27273.59,27238.85,27265.51,259.15547,2023-04-22 11:00:00
1682162100000,27265.52,27267.13,27241.33,27255.0,259.02415,2023-04-22 11:15:00
1682163000000,27254.99,27295.27,27246.18,27284.99,196.06854,2023-04-22 11:30:00
1682163900000,27284.99,27324.58,27276.81,27286.65,345.54723,2023-04-22 11:45:00
1682164800000,27286.65,27317.14,27283.18,27290.91,384.14525,2023-04-22 12:00:00
1682165700000,27290.91,27324.91,27290.9,27307.29,219.66181,2023-04-22 12:15:00
1682166600000,27307.3,27336.77,27307.29,27336.77,270.1803,2023-04-22 12:30:00
1682167500000,27336.77,27359.06,27318.22,27338.04,383.99398,2023-04-22 12:45:00
1682168400000,27338.05,27354.76,27325.97,27353.8,221.66555,2023-04-22 13:00:00
1682169300000,27353.8,27358.41,27286.1,27286.2,251.09012,2023-04-22 13:15:00
1682170200000,27286.19,27305.02,27231.0,27268.08,350.04804,2023-04-22 13:30:00
1682171100000,27268.08,27286.41,27245.11,27254.99,187.01062,2023-04-22 13:45:00
1682172000000,27255.0,27266.99,27244.56,27266.99,250.93214,2023-04-22 14:00:00
1682172900000,27266.98,27335.0,27264.43,27306.84,290.15028,2023-04-22 14:15:00
1682173800000,27306.84,27324.56,27293.96,27314.87,200.13851,2023-04-22 14:30:00
1682174700000,27314.88,27497.99,27314.87,27476.09,1304.70893,2023-04-22 14:45:00
1682175600000,27476.1,27562.17,27388.64,27435.99,1419.69317,2023-04-22 15:00:00
1682176500000,27435.98,27480.49,27382.07,27465.67,400.39091,2023-04-22 15:15:00
1682177400000,27465.67,27511.71,27447.38,27457.65,414.30493,2023-04-22 15:30:00
1682178300000,27457.66,27502.49,27441.77,27488.93,317.97495,2023-04-22 15:45:00
1682179200000,27488.93,27693.46,27484.63,27657.01,1392.90799,2023-04-22 16:00:00
1682180100000,27657.02,27677.34,27577.77,27608.99,830.72938,2023-04-22 16:15:00
1682181000000,27608.99,27669.96,27572.62,27644.72,640.51347,2023-04-22 16:30:00
1682181900000,27644.72,27696.0,27575.0,27586.57,532.05154,2023-04-22 16:45:00
1682182800000,27586.56,27659.0,27567.6,27641.18,406.6345,2023-04-22 17:00:00
1682183700000,27641.17,27748.36,27641.17,27704.88,690.08352,2023-04-22 17:15:00
1682184600000,27704.88,27804.38,27667.9,27703.64,803.49581,2023-04-22 17:30:00
1682185500000,27703.63,27707.33,27665.92,27668.63,331.71474,2023-04-22 17:45:00
1682186400000,27668.62,27676.64,27619.7,27643.73,418.5766,2023-04-22 18:00:00
1682187300000,27643.72,27643.87,27583.0,27592.61,301.37646,2023-04-22 18:15:00
1682188200000,27592.61,27600.9,27523.67,27578.2,404.402,2023-04-22 18:30:00
1682189100000,27578.19,27633.12,27578.19,27601.29,297.58639,2023-04-22 18:45:00
1682190000000,27601.3,27656.03,27586.32,27634.99,405.83247,2023-04-22 19:00:00
1682190900000,27634.99,27658.52,27613.88,27622.38,367.10674,2023-04-22 19:15:00
1682191800000,27622.37,27648.81,27596.83,27643.18,374.32303,2023-04-22 19:30:00
1682192700000,27643.19,27654.22,27622.61,27622.61,192.19282,2023-04-22 19:45:00
1682193600000,27622.61,27665.8,27622.61,27661.44,252.25835,2023-04-22 20:00:00
1682194500000,27661.44,27700.07,27656.12,27659.02,378.48446,2023-04-22 20:15:00
1682195400000,27659.02,27692.66,27649.35,27682.84,189.51809,2023-04-22 20:30:00
1682196300000,27682.85,27692.53,27632.29,27634.45,278.3639,2023-04-22 20:45:00
1682197200000,27634.45,27639.99,27566.91,27603.33,328.37012,2023-04-22 21:00:00
1682198100000,27603.33,27628.75,27581.0,27616.38,188.57366,2023-04-22 21:15:00
1682199000000,27616.38,27656.69,27603.38,27647.58,192.58088,2023-04-22 21:30:00
1682199900000,27647.57,27669.09,27619.53,27669.09,150.26807,2023-04-22 21:45:00
1682200800000,27669.09,27802.0,27650.63,27799.99,741.94663,2023-04-22 22:00:00
1682201700000,27799.99,27800.03,27697.78,27743.39,802.17677,2023-04-22 22:15:00
1682202600000,27743.4,27875.06,27735.54,27840.38,1033.07675,2023-04-22 22:30:00
1682203500000,27840.37,27858.33,27804.32,27853.28,452.85013,2023-04-22 22:45:00
1682204400000,27853.28,27882.72,27805.76,27820.17,524.70354,2023-04-22 23:00:00
1682205300000,27820.17,27825.0,27804.67,27804.68,199.62903,2023-04-22 23:15:00
1682206200000,27804.68,27872.32,27804.67,27838.65,363.01868,2023-04-22 23:30:00
1682207100000,27838.66,27838.66,27800.8,27816.85,240.47958,2023-04-22 23:45:00
1682208000000,27816.85,27816.85,27745.26,27746.8,369.11341,2023-04-23 00:00:00
1682208900000,27746.79,27760.41,27725.1,27725.1,293.37159,2023-04-23 00:15:00
1682209800000,27725.1,27729.0,27415.56,27506.56,1448.47169,2023-04-23 00:30:00
1682210700000,27506.56,27550.62,27498.92,27541.8,390.43641,2023-04-23 00:45:00
1682211600000,27541.79,27636.97,27532.33,27635.04,346.10091,2023-04-23 01:00:00
1682212500000,27635.04,27661.97,27597.09,27660.76,316.64058,2023-04-23 01:15:00
1682213400000,27660.77,27661.48,27477.03,27480.32,597.34287,2023-04-23 01:30:00
1682214300000,27480.33,27555.0,27480.14,27551.15,270.41907,2023-04-23 01:45:00
1682215200000,27551.14,27555.0,27495.68,27495.68,233.96621,2023-04-23 02:00:00
1682216100000,27495.69,27555.0,27483.68,27554.02,387.99633,2023-04-23 02:15:00
1682217000000,27554.03,27600.0,27552.42,27597.87,522.24326,2023-04-23 02:30:00
1682217900000,27597.87,27600.0,27583.84,27592.02,149.05782,2023-04-23 02:45:00
1682218800000,27592.02,27594.92,27556.09,27557.48,207.77397,2023-04-23 03:00:00
1682219700000,27557.47,27643.57,27533.76,27624.61,644.82032,2023-04-23 03:15:00
1682220600000,27624.6,27634.18,27570.83,27570.84,183.8163,2023-04-23 03:30:00
1682221500000,27570.84,27570.84,27539.02,27557.84,221.23269,2023-04-23 03:45:00
1682222400000,27557.83,27566.0,27547.04,27559.79,174.81233,2023-04-23 04:00:00
1682223300000,27559.8,27600.0,27559.79,27580.9,169.64032,2023-04-23 04:15:00
1682224200000,27580.91,27600.0,27578.56,27593.62,184.37062,2023-04-23 04:30:00
1682225100000,27593.63,27627.44,27590.15,27605.82,290.90943,2023-04-23 04:45:00
1682226000000,27605.82,27607.91,27569.86,27589.27,180.47009,2023-04-23 05:00:00
1682226900000,27589.28,27601.55,27552.55,27587.3,176.26272,2023-04-23 05:15:00
1682227800000,27587.3,27620.18,27531.85,27564.66,244.98717,2023-04-23 05:30:00
1682228700000,27564.65,27586.03,27548.49,27585.14,221.67321,2023-04-23 05:45:00
1682229600000,27585.13,27605.63,27577.54,27592.15,172.81192,2023-04-23 06:00:00
1682230500000,27592.14,27623.77,27590.96,27594.91,193.48325,2023-04-23 06:15:00
1682231400000,27594.9,27624.95,27590.57,27590.76,179.28199,2023-04-23 06:30:00
1682232300000,27590.77,27603.94,27555.7,27588.14,278.72407,2023-04-23 06:45:00
1682233200000,27588.15,27593.65,27552.39,27567.46,232.09613,2023-04-23 07:00:00
1682234100000,27567.47,27597.77,27550.83,27594.77,134.77415,2023-04-23 07:15:00
1682235000000,27594.77,27697.24,27594.76,27683.88,728.7193,2023-04-23 07:30:00
1682235900000,27683.89,27751.47,27680.05,27718.9,509.90845,2023-04-23 07:45:00
1682236800000,27718.89,27777.0,27684.76,27720.03,524.64164,2023-04-23 08:00:00
1682237700000,27720.02,27720.07,27669.27,27679.24,318.5798,2023-04-23 08:15:00
1682238600000,27679.24,27748.6,27678.46,27703.64,245.00781,2023-04-23 08:30:00
1682239500000,27703.65,27740.0,27695.35,27710.51,324.44568,2023-04-23 08:45:00
1682240400000,27710.51,27724.49,27676.66,27701.03,243.39189,2023-04-23 09:00:00
1682241300000,27701.03,27701.04,27639.67,27669.12,214.06919,2023-04-23 09:15:00
1682242200000,27669.13,27669.13,27611.87,27624.79,326.50693,2023-04-23 09:30:00
1682243100000,27624.78,27648.89,27587.09,27628.95,251.93616,2023-04-23 09:45:00
1682244000000,27628.95,27642.89,27605.24,27634.98,245.60686,2023-04-23 10:00:00
1682244900000,27634.99,27634.99,27544.07,27555.97,376.57718,2023-04-23 10:15:00
1682245800000,27555.97,27560.0,27482.79,27543.46,526.61816,2023-04-23 10:30:00
1682246700000,27543.46,27545.01,27485.42,27527.61,352.42276,2023-04-23 10:45:00
1682247600000,27527.61,27555.0,27511.29,27554.73,302.77339,2023-04-23 11:00:00
1682248500000,27554.72,27555.0,27508.57,27546.74,228.63327,2023-04-23 11:15:00
1682249400000,27546.74,27592.1,27545.31,27576.75,412.35208,2023-04-23 11:30:00
1682250300000,27576.75,27648.43,27570.0,27642.9,295.94941,2023-04-23 11:45:00
1682251200000,27642.89,27653.3,27615.24,27615.24,218.32557,2023-04-23 12:00:00
1682252100000,27615.25,27710.84,27589.44,27670.02,341.96563,2023-04-23 12:15:00
1682253000000,27670.03,27735.25,27630.63,27639.42,306.11947,2023-04-23 12:30:00
1682253900000,27639.41,27668.22,27599.66,27605.99,243.54572,2023-04-23 12:45:00
1682254800000,27605.99,27631.72,27592.94,27604.22,197.76017,2023-04-23 13:00:00
1682255700000,27604.22,27632.16,27604.21,27611.96,172.41779,2023-04-23 13:15:00
1682256600000,27611.97,27659.58,27572.55,27645.19,261.12178,2023-04-23 13:30:00
1682257500000,27645.18,27663.08,27626.68,27630.76,201.82878,2023-04-23 13:45:00
1682258400000,27630.76,27643.94,27594.24,27628.13,236.90364,2023-04-23 14:00:00
1682259300000,27628.13,27662.9,27626.71,27639.15,164.07661,2023-04-23 14:15:00
1682260200000,27639.15,27680.03,27620.21,27639.43,213.92721,2023-04-23 14:30:00
1682261100000,27639.43,27651.51,27500.0,27552.51,585.96834,2023-04-23 14:45:00
1682262000000,27552.51,27576.92,27449.2,27526.1,687.93996,2023-04-23 15:00:00
1682262900000,27526.09,27532.9,27311.25,27401.83,1294.59923,2023-04-23 15:15:00
1682263800000,27401.84,27448.36,27381.43,27430.0,456.50339,2023-04-23 15:30:00
1682264700000,27430.0,27494.85,27405.0,27474.47,360.17619,2023-04-23 15:45:00
1682265600000,27474.47,27481.23,27368.72,27398.73,418.46909,2023-04-23 16:00:00
1682266500000,27398.74,27560.0,27398.73,27539.12,491.5081,2023-04-23 16:15:00
1682267400000,27539.12,27678.5,27518.93,27629.59,741.86166,2023-04-23 16:30:00
1682268300000,27629.58,27689.83,27573.34,27584.42,460.8667,2023-04-23 16:45:00
1682269200000,27584.43,27614.69,27562.83,27612.49,320.60143,2023-04-23 17:00:00
1682270100000,27612.5,27632.31,27535.19,27542.33,397.49682,2023-04-23 17:15:00
1682271000000,27542.33,27556.06,27515.73,27538.62,233.74015,2023-04-23 17:30:00
1682271900000,27538.62,27564.53,27479.83,27512.97,427.35268,2023-04-23 17:45:00
1682272800000,27512.97,27529.86,27414.0,27493.01,492.06513,2023-04-23 18:00:00
1682273700000,27493.02,27493.02,27390.79,27431.28,841.67179,2023-04-23 18:15:00
1682274600000,27431.29,27543.49,27423.58,27526.27,763.89345,2023-04-23 18:30:00
1682275500000,27526.27,27526.27,27330.0,27455.7,927.22426,2023-04-23 18:45:00
1682276400000,27455.69,27499.99,27411.93,27480.49,387.3706,2023-04-23 19:00:00
1682277300000,27480.49,27500.0,27440.0,27453.54,415.39552,2023-04-23 19:15:00
1682278200000,27453.53,27526.81,27447.12,27488.01,398.16845,2023-04-23 19:30:00
1682279100000,27488.01,27521.91,27455.14,27465.77,519.752,2023-04-23 19:45:00
1682280000000,27465.78,27493.74,27402.88,27489.95,384.79371,2023-04-23 20:00:00
1682280900000,27489.95,27546.83,27482.68,27518.11,524.00416,2023-04-23 20:15:00
1682281800000,27518.1,27536.8,27490.0,27505.4,246.37445,2023-04-23 20:30:00
1682282700000,27505.4,27531.54,27494.43,27504.62,143.46587,2023-04-23 20:45:00
1682283600000,27504.62,27552.76,27504.61,27529.53,212.816,2023-04-23 21:00:00
1682284500000,27529.52,27529.53,27490.61,27506.87,175.59811,2023-04-23 21:15:00
1682285400000,27506.87,27512.85,27490.0,27512.84,255.4803,2023-04-23 21:30:00
1682286300000,27512.85,27521.07,27510.66,27517.83,360.05397,2023-04-23 21:45:00
1682287200000,27517.83,27517.84,27442.68,27443.63,412.09284,2023-04-23 22:00:00
1682288100000,27443.63,27537.2,27423.46,27534.46,195.20122,2023-04-23 22:15:00
1682289000000,27534.46,27642.03,27533.96,27585.61,475.28709,2023-04-23 22:30:00
1682289900000,27585.62,27602.93,27576.11,27591.73,188.11312,2023-04-23 22:45:00
1682290800000,27591.73,27626.47,27590.12,27611.85,170.77293,2023-04-23 23:00:00
1682291700000,27611.85,27650.28,27601.57,27629.41,421.5498,2023-04-23 23:15:00
1682292600000,27629.4,27636.25,27567.55,27568.03,378.46625,2023-04-23 23:30:00
1682293500000,27568.02,27606.74,27543.47,27590.6,242.16789,2023-04-23 23:45:00
1682294400000,27590.59,27590.6,27562.17,27562.17,254.67893,2023-04-24 00:00:00
1682295300000,27562.17,27570.59,27450.0,27450.01,458.49837,2023-04-24 00:15:00
1682296200000,27450.0,27480.83,27427.3,27454.65,312.09765,2023-04-24 00:30:00
1682297100000,27454.64,27871.69,27446.26,27807.49,1544.08648,2023-04-24 00:45:00
1682298000000,27807.5,27958.0,27807.35,27897.98,1309.82554,2023-04-24 01:00:00
1682298900000,27897.99,28000.0,27814.07,27819.24,1072.75766,2023-04-24 01:15:00
1682299800000,27819.25,27819.25,27685.0,27791.78,569.43288,2023-04-24 01:30:00
1682300700000,27791.79,27845.0,27752.47,27752.48,332.36163,2023-04-24 01:45:00
1682301600000,27752.47,27797.56,27725.5,27789.3,318.30459,2023-04-24 02:00:00
1682302500000,27789.29,27827.53,27714.14,27715.87,415.76059,2023-04-24 02:15:00
1682303400000,27715.88,27746.77,27677.29,27677.29,372.1118,2023-04-24 02:30:00
1682304300000,27677.3,27745.17,27670.28,27745.17,255.60748,2023-04-24 02:45:00
1682305200000,27745.17,27756.58,27735.35,27737.37,218.72914,2023-04-24 03:00:00
1682306100000,27737.36,27737.48,27677.12,27727.98,272.39429,2023-04-24 03:15:00
1682307000000,27727.98,27791.91,27711.66,27770.66,242.25499,2023-04-24 03:30:00
1682307900000,27770.65,27790.97,27742.86,27790.48,229.43781,2023-04-24 03:45:00
1682308800000,27790.49,27800.0,27756.11,27763.23,213.56473,2023-04-24 04:00:00
1682309700000,27763.24,27764.37,27721.24,27759.07,178.18345,2023-04-24 04:15:00
1682310600000,27759.07,27775.81,27703.62,27727.24,239.31183,2023-04-24 04:30:00
1682311500000,27727.24,27729.67,27696.12,27702.34,194.56723,2023-04-24 04:45:00
1682312400000,27702.33,27740.01,27690.87,27740.0,238.95135,2023-04-24 05:00:00
1682313300000,27740.01,27758.48,27736.24,27741.6,255.44224,2023-04-24 05:15:00
1682314200000,27741.59,27756.76,27670.23,27683.94,309.71591,2023-04-24 05:30:00
1682315100000,27683.94,27690.28,27633.17,27654.83,322.38108,2023-04-24 05:45:00
1682316000000,27654.83,27703.85,27654.12,27698.29,261.43214,2023-04-24 06:00:00
1682316900000,27698.3,27703.24,27641.34,27669.87,268.6706,2023-04-24 06:15:00
1682317800000,27669.87,27688.85,27590.28,27613.59,431.64059,2023-04-24 06:30:00
1682318700000,27613.58,27620.17,27466.75,27546.68,833.85657,2023-04-24 06:45:00
1682319600000,27546.69,27546.69,27391.95,27438.77,820.78489,2023-04-24 07:00:00
1682320500000,27438.77,27482.78,27350.0,27472.78,856.98281,2023-04-24 07:15:00
1682321400000,27472.78,27479.11,27408.99,27463.39,463.29671,2023-04-24 07:30:00
1682322300000,27463.39,27481.53,27434.98,27451.97,312.20454,2023-04-24 07:45:00
1682323200000,27451.98,27519.74,27411.5,27501.52,457.32087,2023-04-24 08:00:00
1682324100000,27501.51,27501.77,27368.2,27393.32,506.18814,2023-04-24 08:15:00
1682325000000,27393.32,27418.78,27225.0,27313.9,1209.25599,2023-04-24 08:30:00
1682325900000,27313.9,27336.14,27157.14,27185.75,1287.86461,2023-04-24 08:45:00
1682326800000,27185.74,27283.68,27167.1,27275.3,1123.39387,2023-04-24 09:00:00
1682327700000,27275.3,27333.33,27263.29,27300.05,533.29072,2023-04-24 09:15:00
1682328600000,27300.05,27357.73,27288.3,27352.53,585.70149,2023-04-24 09:30:00
1682329500000,27352.53,27373.21,27284.43,27313.1,566.16366,2023-04-24 09:45:00
1682330400000,27313.1,27398.03,27307.66,27332.01,449.79853,2023-04-24 10:00:00
1682331300000,27332.01,27356.75,27326.38,27354.94,909.80729,2023-04-24 10:15:00
1682332200000,27354.94,27379.98,27342.29,27350.61,290.97869,2023-04-24 10:30:00
1682333100000,27350.6,27436.13,27350.6,27418.91,504.67313,2023-04-24 10:45:00
1682334000000,27418.91,27456.0,27418.91,27425.54,495.37201,2023-04-24 11:00:00
1682334900000,27425.54,27425.55,27378.42,27401.95,405.25865,2023-04-24 11:15:00
1682335800000,27401.94,27481.0,27401.94,27455.41,413.87886,2023-04-24 11:30:00
1682336700000,27455.4,27553.24,27455.4,27550.84,574.96273,2023-04-24 11:45:00
1682337600000,27550.83,27580.0,27477.01,27481.89,575.84909,2023-04-24 12:00:00
1682338500000,27481.89,27505.0,27465.4,27495.27,280.21917,2023-04-24 12:15:00
1682339400000,27495.27,27516.1,27425.95,27481.15,425.85555,2023-04-24 12:30:00
1682340300000,27481.14,27502.04,27431.04,27443.85,343.06025,2023-04-24 12:45:00
1682341200000,27443.84,27487.95,27429.11,27447.59,336.96264,2023-04-24 13:00:00
1682342100000,27447.59,27483.69,27409.93,27415.42,245.66132,2023-04-24 13:15:00
1682343000000,27415.41,27684.3,27389.49,27674.63,1597.73357,2023-04-24 13:30:00
1682343900000,27674.62,27720.57,27614.0,27624.25,1415.98887,2023-04-24 13:45:00
1682344800000,27624.24,27683.11,27593.72,27648.58,559.91219,2023-04-24 14:00:00
1682345700000,27648.59,27700.0,27590.36,27610.7,572.53272,2023-04-24 14:15:00
1682346600000,27610.69,27625.65,27280.09,27330.37,1426.8661,2023-04-24 14:30:00
1682347500000,27330.37,27434.38,27291.42,27430.19,792.20797,2023-04-24 14:45:00
1682348400000,27430.19,27431.78,27363.17,27372.97,508.24775,2023-04-24 15:00:00
1682349300000,27372.98,27377.5,27236.0,27246.94,1120.71549,2023-04-24 15:15:00
1682350200000,27246.93,27316.85,27223.81,27248.84,613.33307,2023-04-24 15:30:00
1682351100000,27248.83,27298.98,27200.0,27267.05,605.0823,2023-04-24 15:45:00
1682352000000,27267.06,27352.56,27240.29,27300.13,838.60244,2023-04-24 16:00:00
1682352900000,27300.14,27366.92,27264.12,27323.82,435.86914,2023-04-24 16:15:00
1682353800000,27323.83,27394.52,27320.3,27371.55,314.89448,2023-04-24 16:30:00
1682354700000,27371.54,27371.55,27028.64,27110.55,2087.22239,2023-04-24 16:45:00
1682355600000,27110.56,27289.99,26942.82,27263.53,2189.01162,2023-04-24 17:00:00
1682356500000,27263.53,27381.0,27255.3,27343.49,1034.66192,2023-04-24 17:15:00
1682357400000,27343.49,27396.65,27294.54,27377.3,587.96359,2023-04-24 17:30:00
1682358300000,27377.29,27409.46,27355.92,27381.49,524.97783,2023-04-24 17:45:00
1682359200000,27381.48,27390.4,27348.31,27366.49,519.91731,2023-04-24 18:00:00
1682360100000,27366.49,27579.8,27356.64,27449.58,1304.26089,2023-04-24 18:15:00
1682361000000,27449.59,27454.63,27300.0,27334.37,673.63079,2023-04-24 18:30:00
1682361900000,27334.37,27370.0,27290.0,27339.9,381.2925,2023-04-24 18:45:00
1682362800000,27339.91,27381.6,27325.06,27381.32,344.44737,2023-04-24 19:00:00
1682363700000,27381.33,27381.58,27321.68,27345.04,355.09602,2023-04-24 19:15:00
1682364600000,27345.05,27416.15,27333.01,27398.81,314.14531,2023-04-24 19:30:00
1682365500000,27398.82,27410.09,27353.5,27383.29,403.42486,2023-04-24 19:45:00
1682366400000,27383.28,27452.05,27340.15,27435.74,340.20396,2023-04-24 20:00:00
1682367300000,27435.75,27483.0,27421.0,27421.01,361.76864,2023-04-24 20:15:00
1682368200000,27421.0,27421.44,27382.57,27393.96,335.80027,2023-04-24 20:30:00
1682369100000,27393.97,27460.45,27393.96,27460.44,220.68788,2023-04-24 20:45:00
1682370000000,27460.44,27460.45,27417.0,27432.66,208.16214,2023-04-24 21:00:00
1682370900000,27432.65,27439.78,27320.47,27370.85,244.83096,2023-04-24 21:15:00
1682371800000,27370.84,27386.37,27330.16,27381.35,193.05487,2023-04-24 21:30:00
1682372700000,27381.34,27427.99,27381.34,27414.64,267.61856,2023-04-24 21:45:00
1682373600000,27414.64,27414.65,27382.6,27414.33,305.64461,2023-04-24 22:00:00
1682374500000,27414.33,27485.16,27414.32,27450.17,280.3672,2023-04-24 22:15:00
1682375400000,27450.16,27465.18,27442.91,27461.26,207.3931,2023-04-24 22:30:00
1682376300000,27461.26,27518.2,27461.26,27463.87,318.33947,2023-04-24 22:45:00
1682377200000,27463.86,27508.63,27443.58,27489.8,269.46736,2023-04-24 23:00:00
1682378100000,27489.8,27553.99,27473.32,27546.16,382.58081,2023-04-24 23:15:00
1682379000000,27546.16,27560.73,27490.39,27503.36,427.70914,2023-04-24 23:30:00
1682379900000,27503.36,27527.5,27494.46,27510.93,325.05752,2023-04-24 23:45:00
1682380800000,27510.93,27569.98,27493.47,27530.22,764.45085,2023-04-25 00:00:00
1682381700000,27530.23,27590.28,27469.87,27483.91,648.12871,2023-04-25 00:15:00
1682382600000,27483.91,27486.9,27451.48,27465.78,260.93335,2023-04-25 00:30:00
1682383500000,27465.77,27476.99,27432.01,27459.04,277.15223,2023-04-25 00:45:00
1682384400000,27459.04,27517.0,27452.49,27470.55,212.34565,2023-04-25 01:00:00
1682385300000,27470.56,27475.7,27437.92,27472.21,215.21714,2023-04-25 01:15:00
1682386200000,27472.22,27473.47,27400.0,27416.45,323.26394,2023-04-25 01:30:00
1682387100000,27416.46,27422.14,27368.86,27403.24,405.36903,2023-04-25 01:45:00
1682388000000,27403.25,27429.99,27344.57,27344.57,315.04992,2023-04-25 02:00:00
1682388900000,27344.57,27384.94,27321.58,27374.33,290.648,2023-04-25 02:15:00
1682389800000,27374.33,27411.44,27357.34,27402.39,245.11124,2023-04-25 02:30:00
1682390700000,27402.39,27427.59,27369.24,27402.81,322.11345,2023-04-25 02:45:00
1682391600000,27402.82,27406.21,27361.48,27403.04,228.83772,2023-04-25 03:00:00
1682392500000,27403.04,27432.62,27403.03,27409.78,217.03852,2023-04-25 03:15:00
1682393400000,27409.77,27418.33,27388.28,27418.28,175.79293,2023-04-25 03:30:00
1682394300000,27418.28,27425.36,27313.74,27345.72,408.61593,2023-04-25 03:45:00
1682395200000,27345.71,27376.01,27331.41,27369.96,269.71345,2023-04-25 04:00:00
1682396100000,27369.96,27390.0,27369.96,27370.15,230.78726,2023-04-25 04:15:00
1682397000000,27370.14,27405.59,27354.08,27405.58,186.85426,2023-04-25 04:30:00
1682397900000,27405.59,27445.99,27404.08,27410.0,389.91233,2023-04-25 04:45:00
1682398800000,27409.99,27418.17,27331.2,27333.58,277.15574,2023-04-25 05:00:00
1682399700000,27333.59,27382.64,27320.5,27382.63,273.88411,2023-04-25 05:15:00
1682400600000,27382.64,27396.34,27373.03,27394.26,193.94401,2023-04-25 05:30:00
1682401500000,27394.25,27459.58,27386.44,27413.2,268.76198,2023-04-25 05:45:00
1682402400000,27413.2,27422.78,27396.57,27407.12,291.60946,2023-04-25 06:00:00
1682403300000,27407.12,27438.34,27404.48,27431.2,208.89168,2023-04-25 06:15:00
1682404200000,27431.2,27446.13,27422.06,27422.79,172.52547,2023-04-25 06:30:00
1682405100000,27422.78,27422.78,27345.39,27357.31,281.59375,2023-04-25 06:45:00
1682406000000,27357.32,27405.25,27327.17,27372.07,468.2992,2023-04-25 07:00:00
1682406900000,27372.06,27402.0,27339.84,27346.13,375.89187,2023-04-25 07:15:00
1682407800000,27346.12,27356.17,27240.8,27267.64,877.63461,2023-04-25 07:30:00
1682408700000,27267.63,27311.89,27260.0,27266.54,372.85203,2023-04-25 07:45:00
1682409600000,27266.54,27298.0,27224.64,27293.97,498.97172,2023-04-25 08:00:00
1682410500000,27293.97,27322.2,27192.0,27317.07,710.7957,2023-04-25 08:15:00
1682411400000,27317.06,27363.26,27294.54,27362.58,513.07298,2023-04-25 08:30:00
1682412300000,27362.59,27443.63,27326.57,27430.87,474.2354,2023-04-25 08:45:00
1682413200000,27430.87,27441.84,27393.55,27393.56,404.16026,2023-04-25 09:00:00
1682414100000,27393.56,27410.12,27331.2,27346.61,402.40938,2023-04-25 09:15:00
1682415000000,27346.6,27357.55,27284.12,27350.0,443.51191,2023-04-25 09:30:00
1682415900000,27349.99,27350.0,27300.0,27323.0,281.19564,2023-04-25 09:45:00
1682416800000,27323.0,27335.09,27300.38,27324.32,275.08864,2023-04-25 10:00:00
1682417700000,27324.32,27341.06,27286.9,27306.66,441.50807,2023-04-25 10:15:00
1682418600000,27306.66,27345.83,27296.36,27345.82,275.472,2023-04-25 10:30:00
1682419500000,27345.83,27350.56,27321.6,27331.01,333.22909,2023-04-25 10:45:00
1682420400000,27331.01,27397.97,27314.48,27394.46,345.65502,2023-04-25 11:00:00
1682421300000,27394.46,27394.46,27314.67,27332.91,283.04069,2023-04-25 11:15:00
1682422200000,27332.92,27425.39,27324.04,27405.5,623.91619,2023-04-25 11:30:00
1682423100000,27405.51,27434.28,27383.01,27390.96,325.7138,2023-04-25 11:45:00
1682424000000,27390.96,27399.97,27375.42,27385.98,242.94323,2023-04-25 12:00:00
1682424900000,27385.97,27478.5,27385.97,27410.64,488.92094,2023-04-25 12:15:00
1682425800000,27410.65,27413.02,27359.52,27372.69,364.44503,2023-04-25 12:30:00
1682426700000,27372.68,27400.0,27357.2,27394.26,254.0573,2023-04-25 12:45:00
1682427600000,27394.25,27430.06,27388.95,27409.82,319.7566,2023-04-25 13:00:00
1682428500000,27409.81,27456.83,27401.0,27401.01,330.87948,2023-04-25 13:15:00
1682429400000,27401.0,27482.71,27339.42,27384.82,799.0216,2023-04-25 13:30:00
1682430300000,27384.81,27384.82,27320.99,27344.62,573.24382,2023-04-25 13:45:00
1682431200000,27344.62,27396.84,27267.42,27293.46,830.9327,2023-04-25 14:00:00
1682432100000,27293.46,27327.41,27273.74,27298.06,549.2176,2023-04-25 14:15:00
1682433000000,27298.05,27317.36,27199.17,27261.59,1203.89156,2023-04-25 14:30:00
1682433900000,27261.59,27305.0,27255.23,27294.69,609.40014,2023-04-25 14:45:00
1682434800000,27294.68,27413.0,27272.69,27396.62,1054.22068,2023-04-25 15:00:00
1682435700000,27396.62,27433.96,27361.74,27363.38,562.75482,2023-04-25 15:15:00
1682436600000,27363.38,27370.0,27320.95,27352.79,314.59833,2023-04-25 15:30:00
1682437500000,27352.79,27370.76,27301.81,27345.0,349.32059,2023-04-25 15:45:00
1682438400000,27345.0,27354.29,27316.74,27350.01,336.17819,2023-04-25 16:00:00
1682439300000,27350.0,27414.53,27316.2,27386.01,372.1531,2023-04-25 16:15:00
1682440200000,27386.02,27419.06,27350.27,27406.04,387.71586,2023-04-25 16:30:00
1682441100000,27406.03,27406.91,27366.09,27393.27,335.49659,2023-04-25 16:45:00
1682442000000,27393.27,27398.26,27347.07,27347.08,231.9782,2023-04-25 17:00:00
1682442900000,27347.07,27369.05,27320.0,27362.19,411.06709,2023-04-25 17:15:00
1682443800000,27362.19,27579.99,27333.42,27558.99,1237.07969,2023-04-25 17:30:00
1682444700000,27559.0,27650.1,27477.38,27617.65,1390.6247,2023-04-25 17:45:00
1682445600000,27617.66,27697.0,27553.3,27665.3,980.64613,2023-04-25 18:00:00
1682446500000,27665.3,27736.99,27633.98,27695.55,997.7606,2023-04-25 18:15:00
1682447400000,27695.56,27790.19,27615.0,27618.56,887.18231,2023-04-25 18:30:00
1682448300000,27618.55,27663.49,27563.31,27577.66,576.41611,2023-04-25 18:45:00
1682449200000,27577.66,27599.65,27483.43,27483.43,667.98043,2023-04-25 19:00:00
1682450100000,27483.43,27535.38,27478.22,27506.57,367.59756,2023-04-25 19:15:00
1682451000000,27506.56,27585.28,27506.56,27539.98,366.08132,2023-04-25 19:30:00
1682451900000,27539.98,27660.07,27528.26,27611.4,583.51853,2023-04-25 19:45:00
1682452800000,27611.39,27948.03,27611.01,27861.28,1923.94587,2023-04-25 20:00:00
1682453700000,27861.28,27980.0,27835.0,27927.8,948.54854,2023-04-25 20:15:00
1682454600000,27927.79,28047.39,27872.62,27955.8,1262.40695,2023-04-25 20:30:00
1682455500000,27955.79,28047.24,27955.79,27975.01,752.13801,2023-04-25 20:45:00
1682456400000,27975.01,28200.0,27975.01,28182.21,1927.99331,2023-04-25 21:00:00
1682457300000,28182.22,28264.43,28121.87,28232.72,1464.96065,2023-04-25 21:15:00
1682458200000,28232.73,28245.0,28160.87,28177.58,726.51907,2023-04-25 21:30:00
1682459100000,28177.59,28309.61,28177.58,28262.89,792.03916,2023-04-25 21:45:00
1682460000000,28262.89,28399.99,28241.92,28251.24,1866.34452,2023-04-25 22:00:00
1682460900000,28251.24,28269.25,28195.6,28237.32,779.53644,2023-04-25 22:15:00
1682461800000,28237.31,28276.13,28213.89,28263.11,591.91947,2023-04-25 22:30:00
1682462700000,28263.11,28276.25,28231.67,28233.25,452.25713,2023-04-25 22:45:00
1682463600000,28233.26,28255.0,28161.54,28167.14,748.28726,2023-04-25 23:00:00
1682464500000,28167.14,28283.53,28167.14,28269.02,679.52883,2023-04-25 23:15:00
1682465400000,28269.02,28311.38,28255.0,28286.5,676.72362,2023-04-25 23:30:00
1682466300000,28286.49,28359.14,28273.94,28300.79,672.5604,2023-04-25 23:45:00
1682467200000,28300.8,28462.0,28266.17,28377.02,1018.83112,2023-04-26 00:00:00
1682468100000,28377.02,28481.0,28352.86,28422.07,1235.12462,2023-04-26 00:15:00
1682469000000,28422.07,28463.95,28380.38,28384.35,739.82378,2023-04-26 00:30:00
1682469900000,28384.36,28398.66,28289.6,28299.63,780.77639,2023-04-26 00:45:00
1682470800000,28299.63,28354.99,28250.2,28269.77,619.25949,2023-04-26 01:00:00
1682471700000,28269.77,28312.48,28244.62,28296.7,506.89144,2023-04-26 01:15:00
1682472600000,28296.7,28330.98,28280.0,28330.21,343.67544,2023-04-26 01:30:00
1682473500000,28330.2,28401.41,28326.69,28392.01,925.07637,2023-04-26 01:45:00
1682474400000,28392.02,28412.34,28359.18,28383.47,715.42045,2023-04-26 02:00:00
1682475300000,28383.46,28398.87,28345.45,28366.38,357.61251,2023-04-26 02:15:00
1682476200000,28366.37,28376.33,28350.14,28352.48,228.80668,2023-04-26 02:30:00
1682477100000,28352.48,28389.29,28349.17,28389.28,197.63646,2023-04-26 02:45:00
1682478000000,28389.28,28461.85,28370.82,28388.03,1022.8672,2023-04-26 03:00:00
1682478900000,28388.02,28391.32,28319.99,28328.11,575.29408,2023-04-26 03:15:00
1682479800000,28328.11,28362.92,28328.06,28335.57,295.04179,2023-04-26 03:30:00
1682480700000,28335.57,28342.75,28306.01,28309.1,232.30694,2023-04-26 03:45:00
1682481600000,28309.09,28346.01,28301.05,28338.88,575.4523,2023-04-26 04:00:00
1682482500000,28338.88,28370.0,28338.84,28364.65,312.34428,2023-04-26 04:15:00
1682483400000,28364.65,28370.93,28337.71,28337.71,308.35153,2023-04-26 04:30:00
1682484300000,28337.71,28343.3,28306.0,28328.94,487.06342,2023-04-26 04:45:00
1682485200000,28328.94,28362.83,28328.94,28362.83,310.59071,2023-04-26 05:00:00
1682486100000,28362.82,28418.55,28362.82,28394.37,474.54982,2023-04-26 05:15:00
1682487000000,28394.37,28413.93,28377.44,28393.56,497.78781,2023-04-26 05:30:00
1682487900000,28393.57,28408.14,28378.78,28395.25,338.05778,2023-04-26 05:45:00
1682488800000,28395.26,28599.0,28391.76,28439.0,1310.64875,2023-04-26 06:00:00
1682489700000,28439.01,28448.13,28359.65,28363.88,825.88356,2023-04-26 06:15:00
1682490600000,28363.88,28381.2,28339.51,28366.75,466.78829,2023-04-26 06:30:00
1682491500000,28366.74,28413.23,28366.74,28395.01,414.35057,2023-04-26 06:45:00
1682492400000,28395.0,28405.93,28381.25,28390.01,293.42249,2023-04-26 07:00:00
1682493300000,28390.0,28404.54,28322.3,28357.29,690.48791,2023-04-26 07:15:00
1682494200000,28357.28,28367.75,28319.88,28332.46,414.30544,2023-04-26 07:30:00
1682495100000,28332.45,28379.85,28314.4,28376.18,721.40171,2023-04-26 07:45:00
1682496000000,28376.19,28408.83,28371.99,28402.36,441.34082,2023-04-26 08:00:00
1682496900000,28402.37,28753.65,28402.36,28660.0,2157.54421,2023-04-26 08:15:00
1682497800000,28659.99,28780.0,28610.0,28649.26,1498.31702,2023-04-26 08:30:00
1682498700000,28649.26,28773.81,28645.94,28727.19,1729.67831,2023-04-26 08:45:00
1682499600000,28727.19,28834.2,28689.35,28747.5,1547.91222,2023-04-26 09:00:00
1682500500000,28747.51,28809.57,28683.83,28767.47,1053.96241,2023-04-26 09:15:00
1682501400000,28767.48,28902.14,28750.0,28814.48,1653.66401,2023-04-26 09:30:00
1682502300000,28814.48,28935.81,28814.47,28867.5,1115.21566,2023-04-26 09:45:00
1682503200000,28867.5,28886.83,28809.74,28812.24,1094.00914,2023-04-26 10:00:00
1682504100000,28812.25,28878.15,28779.75,28860.68,915.31424,2023-04-26 10:15:00
1682505000000,28860.68,28996.18,28830.0,28972.55,1420.78522,2023-04-26 10:30:00
1682505900000,28972.54,29105.36,28958.11,28998.82,2492.69617,2023-04-26 10:45:00
1682506800000,28998.81,29138.83,28908.2,28923.35,1759.15199,2023-04-26 11:00:00
1682507700000,28923.35,28976.48,28858.57,28929.09,1506.73196,2023-04-26 11:15:00
1682508600000,28929.08,28972.74,28922.43,28963.68,491.49235,2023-04-26 11:30:00
1682509500000,28963.67,28985.0,28930.01,28952.32,460.43861,2023-04-26 11:45:00
1682510400000,28952.31,29110.0,28952.31,29091.97,759.89257,2023-04-26 12:00:00
1682511300000,29091.98,29800.0,29072.57,29743.93,4741.60127,2023-04-26 12:15:00
1682512200000,29743.93,30020.0,29624.45,29800.77,5620.7216,2023-04-26 12:30:00
1682513100000,29800.77,30000.0,29791.23,29965.45,2516.05346,2023-04-26 12:45:00
1682514000000,29965.45,30036.0,29832.89,29841.1,2384.05444,2023-04-26 13:00:00
1682514900000,29841.09,29875.35,29773.33,29829.0,1654.04906,2023-04-26 13:15:00
1682515800000,29828.99,29869.99,29652.9,29723.92,2448.82798,2023-04-26 13:30:00
1682516700000,29723.93,29880.01,29723.92,29847.06,1305.07376,2023-04-26 13:45:00
1682517600000,29847.07,29898.41,29764.71,29770.47,1037.04604,2023-04-26 14:00:00
1682518500000,29770.47,29790.0,29534.53,29646.38,1989.65414,2023-04-26 14:15:00
1682519400000,29646.38,29673.52,29524.55,29629.5,1296.03552,2023-04-26 14:30:00
1682520300000,29629.49,29720.0,29627.47,29700.22,728.92094,2023-04-26 14:45:00
1682521200000,29700.22,29776.45,29680.02,29775.09,726.67752,2023-04-26 15:00:00
1682522100000,29775.09,29796.73,29686.88,29699.53,837.82503,2023-04-26 15:15:00
1682523000000,29699.52,29841.7,29697.06,29799.92,808.06666,2023-04-26 15:30:00
1682523900000,29799.93,29856.96,29779.96,29820.03,703.07383,2023-04-26 15:45:00
1682524800000,29820.02,29900.0,29815.9,29827.27,1034.52187,2023-04-26 16:00:00
1682525700000,29827.26,29890.0,29731.45,29810.22,1076.40833,2023-04-26 16:15:00
1682526600000,29810.23,29822.11,29754.08,29781.43,621.00651,2023-04-26 16:30:00
1682527500000,29781.43,29832.34,29745.15,29810.28,743.28549,2023-04-26 16:45:00
1682528400000,29810.27,29823.58,29769.35,29802.32,414.92491,2023-04-26 17:00:00
1682529300000,29802.32,29802.32,29752.38,29795.42,394.89059,2023-04-26 17:15:00
1682530200000,29795.41,29847.8,29775.73,29824.25,481.39916,2023-04-26 17:30:00
1682531100000,29824.25,29828.94,29650.0,29720.92,921.52362,2023-04-26 17:45:00
1682532000000,29720.92,29758.57,29708.67,29739.15,912.3887,2023-04-26 18:00:00
1682532900000,29739.15,29803.13,29723.0,29788.94,773.18871,2023-04-26 18:15:00
1682533800000,29788.94,29808.69,29723.0,29723.01,468.21168,2023-04-26 18:30:00
1682534700000,29723.01,29760.57,29710.8,29741.53,396.61991,2023-04-26 18:45:00
1682535600000,29741.52,29741.53,29573.82,29600.94,835.52809,2023-04-26 19:00:00
1682536500000,29600.93,29604.99,29030.23,29077.12,3989.27771,2023-04-26 19:15:00
1682537400000,29077.13,29152.21,28177.0,28272.38,7191.34888,2023-04-26 19:30:00
1682538300000,28272.38,28304.62,27694.06,27884.24,7701.02447,2023-04-26 19:45:00
1682539200000,27884.25,27884.25,27235.0,27736.14,7780.34402,2023-04-26 20:00:00
1682540100000,27736.14,27992.69,27516.21,27550.37,2920.75703,2023-04-26 20:15:00
1682541000000,27550.37,28194.77,27542.96,28102.25,3976.34522,2023-04-26 20:30:00
1682541900000,28102.24,28420.9,27913.2,28413.39,3114.11703,2023-04-26 20:45:00
1682542800000,28413.38,28444.0,28150.0,28222.12,2181.96175,2023-04-26 21:00:00
1682543700000,28222.13,28296.75,28088.88,28296.74,1733.18425,2023-04-26 21:15:00
1682544600000,28296.74,28300.0,28117.02,28252.38,977.74131,2023-04-26 21:30:00
1682545500000,28252.38,28704.23,28190.09,28677.65,1366.62724,2023-04-26 21:45:00
1682546400000,28677.65,28739.99,28471.46,28575.98,1408.53781,2023-04-26 22:00:00
1682547300000,28575.99,28610.54,28311.89,28374.8,1698.8695,2023-04-26 22:15:00
1682548200000,28374.79,28378.62,28168.74,28298.54,1669.85927,2023-04-26 22:30:00
1682549100000,28298.55,28366.03,28257.77,28298.25,784.04361,2023-04-26 22:45:00
1682550000000,28298.26,28450.17,28261.58,28450.16,752.45129,2023-04-26 23:00:00
1682550900000,28450.16,28450.17,28330.18,28379.74,609.33515,2023-04-26 23:15:00
1682551800000,28379.74,28454.29,28288.27,28325.5,693.04978,2023-04-26 23:30:00
1682552700000,28325.5,28431.5,28305.01,28415.29,473.87185,2023-04-26 23:45:00
1682553600000,28415.29,28608.39,28378.86,28572.53,1094.79288,2023-04-27 00:00:00
1682554500000,28572.52,29480.5,28567.98,29397.69,4968.27495,2023-04-27 00:15:00
1682555400000,29397.7,29454.85,29075.47,29178.8,2515.90002,2023-04-27 00:30:00
1682556300000,29178.8,29374.67,29064.97,29225.54,1850.80557,2023-04-27 00:45:00
1682557200000,29225.54,29343.35,29043.77,29058.68,1242.66971,2023-04-27 01:00:00
1682558100000,29058.67,29128.87,28553.74,28848.33,2621.35091,2023-04-27 01:15:00
1682559000000,28848.34,28934.63,28800.01,28860.0,1135.7388,2023-04-27 01:30:00
1682559900000,28860.01,28869.99,28660.87,28741.72,1311.11426,2023-04-27 01:45:00
1682560800000,28741.72,29107.66,28741.71,29093.45,1082.45296,2023-04-27 02:00:00
1682561700000,29093.45,29098.84,28921.8,28949.73,833.53865,2023-04-27 02:15:00
1682562600000,28949.73,29090.11,28925.61,28972.31,517.56311,2023-04-27 02:30:00
1682563500000,28972.31,29084.38,28936.9,29034.33,634.20781,2023-04-27 02:45:00
1682564400000,29034.33,29050.0,28851.58,28893.48,1024.11392,2023-04-27 03:00:00
1682565300000,28893.48,28972.84,28890.79,28942.7,332.15871,2023-04-27 03:15:00
1682566200000,28942.71,28996.14,28901.86,28969.95,452.19179,2023-04-27 03:30:00
1682567100000,28969.96,29032.1,28835.0,28885.79,830.88662,2023-04-27 03:45:00
1682568000000,28885.78,28963.64,28870.81,28963.63,408.83663,2023-04-27 04:00:00
1682568900000,28963.64,28986.5,28885.34,28963.45,467.95415,2023-04-27 04:15:00
1682569800000,28963.44,29050.57,28904.21,29038.68,726.18244,2023-04-27 04:30:00
1682570700000,29038.69,29153.0,29005.07,29096.12,814.65891,2023-04-27 04:45:00
1682571600000,29096.11,29106.82,29055.12,29069.99,408.04749,2023-04-27 05:00:00
1682572500000,29069.99,29209.06,29050.68,29163.67,696.33267,2023-04-27 05:15:00
1682573400000,29163.67,29278.88,29090.09,29124.81,1326.57608,2023-04-27 05:30:00
1682574300000,29124.81,29171.34,29071.24,29083.11,513.37904,2023-04-27 05:45:00
1682575200000,29083.12,29096.54,28960.47,29034.79,808.84537,2023-04-27 06:00:00
1682576100000,29034.79,29043.51,28977.84,28982.73,536.85963,2023-04-27 06:15:00
1682577000000,28982.73,29065.57,28964.5,29004.3,539.64148,2023-04-27 06:30:00
1682577900000,29004.29,29004.3,28632.25,28793.3,2315.64805,2023-04-27 06:45:00
1682578800000,28793.3,28895.0,28697.51,28848.87,1046.69805,2023-04-27 07:00:00
1682579700000,28848.87,28905.35,28787.58,28829.95,590.81659,2023-04-27 07:15:00
1682580600000,28829.95,28956.62,28826.55,28873.2,775.8856,2023-04-27 07:30:00
1682581500000,28873.19,28943.66,28845.21,28893.83,452.39761,2023-04-27 07:45:00
1682582400000,28893.84,28897.82,28788.07,28795.14,682.54593,2023-04-27 08:00:00
1682583300000,28795.13,29068.75,28780.45,28977.21,1191.78226,2023-04-27 08:15:00
1682584200000,28977.21,29094.75,28936.03,28990.56,974.51324,2023-04-27 08:30:00
1682585100000,28990.56,29028.29,28949.38,28955.43,484.95771,2023-04-27 08:45:00
1682586000000,28955.43,29007.04,28925.34,28942.11,534.2177,2023-04-27 09:00:00
1682586900000,28942.1,28970.0,28870.0,28912.01,557.05404,2023-04-27 09:15:00
1682587800000,28912.01,29023.06,28902.78,28989.43,517.81349,2023-04-27 09:30:00
1682588700000,28989.42,29035.08,28920.61,28931.71,530.05019,2023-04-27 09:45:00
1682589600000,28931.71,28987.58,28890.0,28972.98,656.26589,2023-04-27 10:00:00
1682590500000,28972.99,29011.11,28945.0,28949.54,470.5813,2023-04-27 10:15:00
1682591400000,28949.54,29026.52,28949.54,29019.62,439.44795,2023-04-27 10:30:00
1682592300000,29019.63,29035.91,28959.64,28990.77,549.09239,2023-04-27 10:45:00
1682593200000,28990.76,29139.85,28971.96,29094.53,1323.77456,2023-04-27 11:00:00
1682594100000,29094.54,29095.0,29043.64,29052.8,595.52782,2023-04-27 11:15:00
1682595000000,29052.81,29071.63,28915.0,28937.9,864.78353,2023-04-27 11:30:00
1682595900000,28937.89,28949.67,28882.0,28934.21,711.7718,2023-04-27 11:45:00
1682596800000,28934.21,29008.43,28930.7,29000.54,456.59125,2023-04-27 12:00:00
1682597700000,29000.54,29054.46,28941.55,29001.82,625.79876,2023-04-27 12:15:00
1682598600000,29001.82,29045.29,28661.58,28760.57,2530.96037,2023-04-27 12:30:00
1682599500000,28760.57,28899.74,28740.0,28862.13,835.7642,2023-04-27 12:45:00
1682600400000,28862.14,28956.33,28856.6,28907.84,761.42105,2023-04-27 13:00:00
1682601300000,28907.85,28942.77,28870.0,28887.37,513.36359,2023-04-27 13:15:00
1682602200000,28887.38,28955.58,28852.82,28870.57,748.05097,2023-04-27 13:30:00
1682603100000,28870.57,28960.26,28855.69,28936.32,575.7314,2023-04-27 13:45:00
1682604000000,28936.33,29090.0,28936.32,29051.32,1294.96027,2023-04-27 14:00:00
1682604900000,29051.32,29090.0,28979.59,29009.32,712.3533,2023-04-27 14:15:00
1682605800000,29009.32,29067.34,28979.06,29043.0,808.24037,2023-04-27 14:30:00
1682606700000,29043.0,29043.01,28950.0,28974.54,462.9006,2023-04-27 14:45:00
1682607600000,28974.54,29076.99,28974.54,29019.11,614.54759,2023-04-27 15:00:00
1682608500000,29019.11,29555.0,29015.46,29274.08,3364.28003,2023-04-27 15:15:00
1682609400000,29274.08,29407.34,28974.67,28974.67,1939.1578,2023-04-27 15:30:00
1682610300000,28974.67,29186.68,28831.06,29149.73,1691.91938,2023-04-27 15:45:00
1682611200000,29149.74,29215.79,29079.79,29083.88,866.97295,2023-04-27 16:00:00
1682612100000,29083.89,29138.13,29013.44,29131.63,832.50687,2023-04-27 16:15:00
1682613000000,29131.63,29150.0,29038.55,29091.51,394.83416,2023-04-27 16:30:00
1682613900000,29091.52,29136.9,29040.85,29129.75,461.07468,2023-04-27 16:45:00
1682614800000,29129.74,29203.61,29092.08,29174.04,527.97426,2023-04-27 17:00:00
1682615700000,29174.04,29275.0,29167.51,29260.61,779.37864,2023-04-27 17:15:00
1682616600000,29260.61,29358.13,29222.04,29290.68,932.31391,2023-04-27 17:30:00
1682617500000,29290.67,29443.43,29272.79,29296.14,1335.45365,2023-04-27 17:45:00
1682618400000,29296.14,29390.02,29232.79,29340.0,768.5333,2023-04-27 18:00:00
1682619300000,29340.0,29740.56,29340.0,29629.26,2985.04541,2023-04-27 18:15:00
1682620200000,29629.25,29890.0,29615.88,29884.57,2726.37963,2023-04-27 18:30:00
1682621100000,29884.58,29890.0,29754.09,29772.12,1769.72496,2023-04-27 18:45:00
1682622000000,29772.12,29858.19,29450.98,29571.36,2572.74839,2023-04-27 19:00:00
1682622900000,29571.37,29689.73,29511.75,29650.0,1530.0268,2023-04-27 19:15:00
1682623800000,29650.0,29806.93,29628.99,29775.2,1474.75006,2023-04-27 19:30:00
1682624700000,29775.2,29779.99,29628.38,29673.98,889.38718,2023-04-27 19:45:00
1682625600000,29673.98,29754.99,29477.76,29533.84,1613.41156,2023-04-27 20:00:00
1682626500000,29533.84,29584.67,29467.99,29559.41,1053.089,2023-04-27 20:15:00
1682627400000,29559.41,29680.76,29520.01,29606.1,696.90877,2023-04-27 20:30:00
1682628300000,29606.09,29635.0,29568.87,29619.3,382.13852,2023-04-27 20:45:00
1682629200000,29619.3,29783.15,29618.53,29752.72,858.94756,2023-04-27 21:00:00
1682630100000,29752.72,29772.89,29692.72,29702.83,643.60724,2023-04-27 21:15:00
1682631000000,29702.82,29702.83,29590.56,29613.0,549.72536,2023-04-27 21:30:00
1682631900000,29613.0,29656.43,29536.36,29647.07,262.044,2023-04-27 21:45:00
1682632800000,29647.08,29664.01,29563.74,29601.81,574.31228,2023-04-27 22:00:00
1682633700000,29601.81,29620.0,29582.48,29586.4,232.84688,2023-04-27 22:15:00
1682634600000,29586.39,29597.88,29490.85,29541.99,665.52822,2023-04-27 22:30:00
1682635500000,29542.0,29542.0,29255.53,29385.2,1394.79709,2023-04-27 22:45:00
1682636400000,29385.21,29499.99,29377.0,29408.24,640.14119,2023-04-27 23:00:00
1682637300000,29408.24,29483.27,29387.57,29473.54,386.4238,2023-04-27 23:15:00
1682638200000,29473.53,29493.4,29400.0,29433.24,382.57243,2023-04-27 23:30:00
1682639100000,29433.23,29488.57,29414.3,29472.77,350.48437,2023-04-27 23:45:00
1682640000000,29472.77,29532.46,29425.31,29427.39,856.33139,2023-04-28 00:00:00
1682640900000,29427.38,29472.62,29366.67,29385.4,562.67757,2023-04-28 00:15:00
1682641800000,29385.41,29456.48,29354.23,29413.26,502.96276,2023-04-28 00:30:00
1682642700000,29413.26,29563.01,29413.25,29554.25,864.03969,2023-04-28 00:45:00
1682643600000,29554.25,29599.54,29470.0,29478.66,934.86038,2023-04-28 01:00:00
1682644500000,29478.66,29508.08,29453.96,29471.17,345.30034,2023-04-28 01:15:00
1682645400000,29471.17,29550.0,29400.62,29535.75,678.57038,2023-04-28 01:30:00
1682646300000,29535.76,29565.0,29512.22,29516.32,606.15197,2023-04-28 01:45:00
1682647200000,29516.33,29544.38,29459.26,29461.96,266.17364,2023-04-28 02:00:00
1682648100000,29461.95,29487.56,29432.12,29475.37,387.98946,2023-04-28 02:15:00
1682649000000,29475.38,29475.38,29400.9,29410.99,425.35686,2023-04-28 02:30:00
1682649900000,29410.98,29443.26,29373.4,29395.89,635.21547,2023-04-28 02:45:00
1682650800000,29395.89,29418.83,29353.02,29391.7,433.34195,2023-04-28 03:00:00
1682651700000,29391.7,29396.62,29330.0,29361.81,576.82518,2023-04-28 03:15:00
1682652600000,29361.81,29436.61,29361.16,29407.68,609.3528,2023-04-28 03:30:00
1682653500000,29407.68,29426.6,29394.17,29420.52,386.73846,2023-04-28 03:45:00
1682654400000,29420.52,29488.68,29409.0,29482.19,462.27395,2023-04-28 04:00:00
1682655300000,29482.19,29499.24,29458.94,29470.34,429.72939,2023-04-28 04:15:00
1682656200000,29470.35,29488.76,29458.79,29478.62,306.95242,2023-04-28 04:30:00
1682657100000,29478.62,29540.0,29452.09,29501.91,350.65531,2023-04-28 04:45:00
1682658000000,29501.91,29501.92,29456.56,29486.32,306.61872,2023-04-28 05:00:00
1682658900000,29486.31,29509.65,29479.47,29488.23,236.7129,2023-04-28 05:15:00
1682659800000,29488.23,29543.78,29460.17,29530.42,317.40467,2023-04-28 05:30:00
1682660700000,29530.43,29566.92,29473.94,29473.95,356.68795,2023-04-28 05:45:00
1682661600000,29473.94,29490.17,29460.86,29479.46,479.10499,2023-04-28 06:00:00
1682662500000,29479.46,29516.01,29401.61,29430.22,683.41616,2023-04-28 06:15:00
1682663400000,29430.21,29470.0,29396.89,29429.88,828.76323,2023-04-28 06:30:00
1682664300000,29429.89,29470.0,29405.47,29467.12,540.70721,2023-04-28 06:45:00
1682665200000,29467.11,29507.79,29450.68,29499.33,519.48532,2023-04-28 07:00:00
1682666100000,29499.34,29522.0,29445.5,29450.47,454.72662,2023-04-28 07:15:00
1682667000000,29450.48,29496.72,29432.0,29491.62,544.58112,2023-04-28 07:30:00
1682667900000,29491.62,29520.03,29470.13,29488.83,721.77535,2023-04-28 07:45:00
1682668800000,29488.83,29495.34,29414.9,29423.11,628.815,2023-04-28 08:00:00
1682669700000,29423.11,29423.11,29347.23,29362.5,560.15932,2023-04-28 08:15:00
1682670600000,29362.5,29391.02,29142.25,29209.99,1739.60148,2023-04-28 08:30:00
1682671500000,29210.0,29279.98,29165.44,29251.98,766.40623,2023-04-28 08:45:00
1682672400000,29251.99,29277.1,29137.76,29216.83,592.56889,2023-04-28 09:00:00
1682673300000,29216.84,29301.13,29200.49,29218.95,621.60789,2023-04-28 09:15:00
1682674200000,29218.95,29242.71,29202.98,29239.25,284.78431,2023-04-28 09:30:00
1682675100000,29239.25,29240.0,29185.13,29199.44,372.74465,2023-04-28 09:45:00
1682676000000,29199.44,29216.26,29175.6,29205.84,420.11332,2023-04-28 10:00:00
1682676900000,29205.85,29332.19,29201.63,29286.98,523.88608,2023-04-28 10:15:00
1682677800000,29286.99,29348.09,29275.36,29307.9,615.92336,2023-04-28 10:30:00
1682678700000,29307.9,29325.21,29252.18,29262.33,343.47664,2023-04-28 10:45:00
1682679600000,29262.34,29303.65,29237.21,29299.1,398.71548,2023-04-28 11:00:00
1682680500000,29299.1,29324.83,29271.3,29296.48,591.88893,2023-04-28 11:15:00
1682681400000,29296.48,29296.48,29250.01,29286.96,424.81538,2023-04-28 11:30:00
1682682300000,29286.96,29298.41,29200.0,29235.36,661.34234,2023-04-28 11:45:00
1682683200000,29235.36,29268.15,29186.67,29268.15,692.47415,2023-04-28 12:00:00
1682684100000,29268.15,29337.34,29256.62,29331.11,338.6396,2023-04-28 12:15:00
1682685000000,29331.12,29467.36,29243.97,29329.6,1503.23459,2023-04-28 12:30:00
1682685900000,29329.6,29332.73,29205.55,29229.29,686.4467,2023-04-28 12:45:00
1682686800000,29229.28,29274.78,29201.0,29267.97,452.34714,2023-04-28 13:00:00
1682687700000,29267.97,29345.74,29250.0,29319.99,435.9411,2023-04-28 13:15:00
1682688600000,29320.0,29357.92,28920.01,28950.09,2080.65394,2023-04-28 13:30:00
1682689500000,28950.08,29070.64,28891.0,29029.48,1758.58103,2023-04-28 13:45:00
1682690400000,29029.49,29180.0,29003.24,29166.29,1049.22894,2023-04-28 14:00:00
1682691300000,29166.29,29301.45,29145.15,29239.15,1359.29906,2023-04-28 14:15:00
1682692200000,29239.14,29266.0,29135.94,29136.13,820.54203,2023-04-28 14:30:00
1682693100000,29136.13,29230.43,29040.0,29096.69,815.30033,2023-04-28 14:45:00
1682694000000,29096.69,29099.57,28938.1,29013.2,2450.59386,2023-04-28 15:00:00
1682694900000,29013.2,29101.43,28996.66,29073.44,600.21025,2023-04-28 15:15:00
1682695800000,29073.45,29107.02,29052.48,29095.43,453.05391,2023-04-28 15:30:00
1682696700000,29095.44,29175.9,29088.13,29146.89,557.53494,2023-04-28 15:45:00
1682697600000,29146.88,29273.09,29137.36,29255.71,776.54145,2023-04-28 16:00:00
1682698500000,29255.71,29255.72,29101.28,29144.44,637.97208,2023-04-28 16:15:00
1682699400000,29144.43,29195.5,29119.02,29174.66,394.51379,2023-04-28 16:30:00
1682700300000,29174.65,29300.0,29174.65,29273.42,519.55796,2023-04-28 16:45:00
1682701200000,29273.42,29286.35,29220.0,29220.0,481.47777,2023-04-28 17:00:00
1682702100000,29220.0,29227.41,29144.28,29221.77,468.66551,2023-04-28 17:15:00
1682703000000,29221.77,29258.28,29177.0,29253.99,480.27052,2023-04-28 17:30:00
1682703900000,29253.99,29262.16,29199.39,29239.36,370.36076,2023-04-28 17:45:00
1682704800000,29239.37,29255.4,29120.0,29166.35,458.36413,2023-04-28 18:00:00
1682705700000,29166.36,29214.62,29140.24,29173.71,314.4243,2023-04-28 18:15:00
1682706600000,29173.7,29193.66,29128.18,29180.01,339.94467,2023-04-28 18:30:00
1682707500000,29180.01,29252.0,29179.14,29242.66,250.89952,2023-04-28 18:45:00
1682708400000,29242.67,29437.81,29242.66,29350.01,1126.20922,2023-04-28 19:00:00
1682709300000,29350.01,29379.99,29299.81,29313.1,465.517,2023-04-28 19:15:00
1682710200000,29313.11,29429.74,29289.32,29390.01,511.31248,2023-04-28 19:30:00
1682711100000,29390.0,29395.4,29318.4,29328.53,443.52179,2023-04-28 19:45:00
1682712000000,29328.53,29408.35,29328.53,29367.66,371.89266,2023-04-28 20:00:00
1682712900000,29367.65,29380.65,29298.47,29323.06,278.94032,2023-04-28 20:15:00
1682713800000,29323.06,29334.26,29301.56,29320.37,259.75148,2023-04-28 20:30:00
1682714700000,29320.38,29370.0,29298.98,29338.01,371.00047,2023-04-28 20:45:00
1682715600000,29338.0,29358.8,29303.28,29342.19,344.07782,2023-04-28 21:00:00
1682716500000,29342.19,29366.53,29326.47,29331.67,259.3921,2023-04-28 21:15:00
1682717400000,29331.68,29345.15,29313.05,29322.24,176.17737,2023-04-28 21:30:00
1682718300000,29322.24,29340.0,29319.2,29328.6,159.507,2023-04-28 21:45:00
1682719200000,29328.61,29394.0,29322.97,29380.73,229.95734,2023-04-28 22:00:00
1682720100000,29380.73,29395.29,29337.12,29388.12,234.87959,2023-04-28 22:15:00
1682721000000,29388.12,29405.57,29363.69,29405.56,229.94658,2023-04-28 22:30:00
1682721900000,29405.57,29429.36,29341.31,29345.34,348.18552,2023-04-28 22:45:00
1682722800000,29345.35,29391.25,29338.62,29374.75,176.83504,2023-04-28 23:00:00
1682723700000,29374.74,29375.97,29276.75,29300.16,304.64089,2023-04-28 23:15:00
1682724600000,29300.17,29332.55,29290.55,29327.11,166.99825,2023-04-28 23:30:00
1682725500000,29327.12,29335.45,29307.38,29311.7,134.01592,2023-04-28 23:45:00
1682726400000,29311.69,29400.0,29297.71,29305.23,408.78855,2023-04-29 00:00:00
1682727300000,29305.23,29326.96,29298.26,29306.34,215.25768,2023-04-29 00:15:00
1682728200000,29306.33,29322.18,29285.76,29301.39,175.84599,2023-04-29 00:30:00
1682729100000,29301.39,29313.4,29195.58,29262.02,461.52635,2023-04-29 00:45:00
1682730000000,29262.03,29265.19,29215.37,29252.95,244.32671,2023-04-29 01:00:00
1682730900000,29252.95,29282.35,29236.82,29280.61,146.86235,2023-04-29 01:15:00
1682731800000,29280.6,29299.0,29268.88,29268.89,116.53967,2023-04-29 01:30:00
1682732700000,29268.89,29282.71,29264.17,29272.64,143.82707,2023-04-29 01:45:00
1682733600000,29272.65,29307.64,29270.76,29290.85,271.6617,2023-04-29 02:00:00
1682734500000,29290.86,29347.79,29290.85,29321.33,310.6091,2023-04-29 02:15:00
1682735400000,29321.34,29370.06,29321.33,29355.98,442.34586,2023-04-29 02:30:00
1682736300000,29355.99,29396.55,29350.12,29374.87,459.903,2023-04-29 02:45:00
1682737200000,29374.88,29384.65,29353.1,29363.43,294.69093,2023-04-29 03:00:00
1682738100000,29363.43,29373.9,29338.93,29373.89,216.0516,2023-04-29 03:15:00
1682739000000,29373.9,29397.59,29353.76,29357.12,270.79302,2023-04-29 03:30:00
1682739900000,29357.11,29367.37,29345.74,29345.74,87.73326,2023-04-29 03:45:00
1682740800000,29345.75,29366.84,29342.0,29355.32,184.45976,2023-04-29 04:00:00
1682741700000,29355.32,29448.88,29355.31,29409.98,409.64025,2023-04-29 04:15:00
1682742600000,29409.98,29409.98,29360.77,29365.95,223.67322,2023-04-29 04:30:00
1682743500000,29365.95,29375.7,29353.49,29372.66,115.18314,2023-04-29 04:45:00
1682744400000,29372.67,29419.98,29368.18,29406.58,235.62551,2023-04-29 05:00:00
1682745300000,29406.59,29431.63,29375.88,29377.52,227.52917,2023-04-29 05:15:00
1682746200000,29377.52,29385.95,29355.71,29363.9,143.67818,2023-04-29 05:30:00
1682747100000,29363.9,29365.91,29353.27,29356.03,103.62777,2023-04-29 05:45:00
1682748000000,29356.03,29382.09,29351.65,29356.51,140.78958,2023-04-29 06:00:00
1682748900000,29356.51,29371.4,29318.11,29318.11,219.4295,2023-04-29 06:15:00
1682749800000,29318.12,29330.21,29313.02,29322.02,158.47447,2023-04-29 06:30:00
1682750700000,29322.01,29337.58,29289.44,29328.64,289.61938,2023-04-29 06:45:00
1682751600000,29328.64,29369.07,29328.64,29340.01,277.82592,2023-04-29 07:00:00
1682752500000,29340.01,29367.99,29296.19,29316.93,390.21234,2023-04-29 07:15:00
1682753400000,29316.94,29350.0,29294.65,29339.23,215.94686,2023-04-29 07:30:00
1682754300000,29339.24,29354.46,29339.23,29345.54,149.66259,2023-04-29 07:45:00
1682755200000,29345.54,29360.0,29302.0,29319.07,237.78769,2023-04-29 08:00:00
1682756100000,29319.06,29333.26,29272.16,29301.88,341.47937,2023-04-29 08:15:00
1682757000000,29301.88,29315.97,29279.08,29315.97,219.78717,2023-04-29 08:30:00
1682757900000,29315.96,29331.99,29303.34,29313.87,140.27662,2023-04-29 08:45:00
1682758800000,29313.86,29316.59,29258.25,29272.1,347.49821,2023-04-29 09:00:00
1682759700000,29272.11,29297.77,29250.96,29295.04,228.13873,2023-04-29 09:15:00
1682760600000,29295.03,29296.97,29269.98,29280.0,178.36065,2023-04-29 09:30:00
1682761500000,29280.0,29310.0,29279.99,29298.84,167.57288,2023-04-29 09:45:00
1682762400000,29298.85,29309.4,29287.5,29287.8,128.21182,2023-04-29 10:00:00
1682763300000,29287.8,29288.79,29245.45,29264.94,144.94254,2023-04-29 10:15:00
1682764200000,29264.93,29280.87,29241.55,29268.11,180.06318,2023-04-29 10:30:00
1682765100000,29268.12,29287.22,29255.38,29267.56,158.87002,2023-04-29 10:45:00
1682766000000,29267.56,29273.64,29245.99,29273.13,105.51528,2023-04-29 11:00:00
1682766900000,29273.13,29275.76,29255.58,29256.88,122.36244,2023-04-29 11:15:00
1682767800000,29256.89,29297.36,29234.39,29287.71,277.33,2023-04-29 11:30:00
1682768700000,29287.71,29334.63,29287.7,29332.11,252.79833,2023-04-29 11:45:00
1682769600000,29332.11,29340.0,29309.82,29320.24,199.85799,2023-04-29 12:00:00
1682770500000,29320.25,29323.66,29298.78,29306.64,120.80468,2023-04-29 12:15:00
1682771400000,29306.63,29309.19,29293.0,29304.87,126.33259,2023-04-29 12:30:00
1682772300000,29304.86,29316.03,29281.36,29281.37,116.46723,2023-04-29 12:45:00
1682773200000,29281.37,29305.65,29281.29,29301.34,123.29923,2023-04-29 13:00:00
1682774100000,29301.34,29360.0,29301.34,29347.42,307.93891,2023-04-29 13:15:00
1682775000000,29347.43,29355.83,29324.55,29340.41,170.65436,2023-04-29 13:30:00
1682775900000,29340.41,29391.52,29324.76,29384.1,433.77581,2023-04-29 13:45:00
1682776800000,29384.1,29393.39,29351.72,29357.0,426.0692,2023-04-29 14:00:00
1682777700000,29357.01,29363.14,29337.6,29363.13,170.98738,2023-04-29 14:15:00
1682778600000,29363.13,29372.48,29339.94,29350.0,341.23483,2023-04-29 14:30:00
1682779500000,29350.0,29355.46,29325.34,29336.06,231.71443,2023-04-29 14:45:00
1682780400000,29336.05,29336.06,29312.44,29312.44,146.5878,2023-04-29 15:00:00
1682781300000,29312.45,29345.72,29312.44,29335.43,171.11881,2023-04-29 15:15:00
1682782200000,29335.43,29339.17,29319.15,29336.52,159.72159,2023-04-29 15:30:00
1682783100000,29336.53,29344.4,29210.24,29271.21,372.7104,2023-04-29 15:45:00
1682784000000,29271.21,29300.0,29261.1,29271.84,171.75313,2023-04-29 16:00:00
1682784900000,29271.84,29277.97,29244.88,29265.23,134.29347,2023-04-29 16:15:00
1682785800000,29265.24,29276.92,29256.45,29263.81,140.99759,2023-04-29 16:30:00
1682786700000,29263.8,29286.88,29263.8,29281.78,159.5092,2023-04-29 16:45:00
1682787600000,29281.78,29281.78,29252.1,29254.25,210.6449,2023-04-29 17:00:00
1682788500000,29254.24,29271.8,29241.04,29241.04,173.77721,2023-04-29 17:15:00
1682789400000,29241.05,29241.05,29031.0,29155.01,1089.4996,2023-04-29 17:30:00
1682790300000,29155.0,29166.94,29118.42,29155.24,238.53164,2023-04-29 17:45:00
1682791200000,29155.24,29216.07,29150.35,29216.06,184.0901,2023-04-29 18:00:00
1682792100000,29216.06,29218.29,29180.87,29188.17,154.45824,2023-04-29 18:15:00
1682793000000,29188.18,29190.0,29128.84,29161.84,243.61708,2023-04-29 18:30:00
1682793900000,29161.84,29176.97,29156.96,29176.0,119.55076,2023-04-29 18:45:00
1682794800000,29176.0,29202.91,29165.08,29185.75,141.02302,2023-04-29 19:00:00
1682795700000,29185.75,29269.33,29185.74,29248.33,283.49677,2023-04-29 19:15:00
1682796600000,29248.34,29309.05,29248.2,29271.33,283.02155,2023-04-29 19:30:00
1682797500000,29271.33,29273.62,29237.41,29240.67,149.72058,2023-04-29 19:45:00
1682798400000,29240.68,29247.6,29218.04,29232.89,178.40169,2023-04-29 20:00:00
1682799300000,29232.88,29253.37,29232.88,29253.2,94.69265,2023-04-29 20:15:00
1682800200000,29253.2,29265.0,29222.0,29228.93,114.49425,2023-04-29 20:30:00
1682801100000,29228.93,29233.33,29201.11,29221.43,101.71094,2023-04-29 20:45:00
1682802000000,29221.44,29237.88,29220.41,29232.2,125.72268,2023-04-29 21:00:00
1682802900000,29232.21,29240.11,29219.39,29227.02,82.19336,2023-04-29 21:15:00
1682803800000,29227.01,29256.51,29171.46,29248.74,217.1146,2023-04-29 21:30:00
1682804700000,29248.73,29256.49,29216.01,29230.0,88.55883,2023-04-29 21:45:00
1682805600000,29229.99,29236.73,29181.15,29192.96,169.05265,2023-04-29 22:00:00
1682806500000,29192.95,29206.97,29184.82,29206.96,101.15221,2023-04-29 22:15:00
1682807400000,29206.97,29224.78,29200.07,29224.77,79.05504,2023-04-29 22:30:00
1682808300000,29224.78,29230.0,29200.65,29200.65,83.22577,2023-04-29 22:45:00
1682809200000,29200.66,29202.95,29138.25,29191.5,188.84598,2023-04-29 23:00:00
1682810100000,29191.5,29205.4,29174.12,29174.12,96.10583,2023-04-29 23:15:00
1682811000000,29174.12,29220.0,29166.0,29211.12,152.96866,2023-04-29 23:30:00
1682811900000,29211.11,29241.72,29201.05,29230.45,113.13995,2023-04-29 23:45:00
1682812800000,29230.45,29230.49,29210.53,29213.02,123.88431,2023-04-30 00:00:00
1682813700000,29213.01,29216.53,29193.51,29214.44,140.04234,2023-04-30 00:15:00
1682814600000,29214.44,29214.44,29179.88,29185.01,102.40592,2023-04-30 00:30:00
1682815500000,29185.0,29185.01,29120.43,29136.0,156.69063,2023-04-30 00:45:00
1682816400000,29136.01,29151.38,29128.38,29146.95,150.75644,2023-04-30 01:00:00
1682817300000,29146.96,29168.46,29117.27,29138.46,99.31143,2023-04-30 01:15:00
1682818200000,29138.46,29145.53,29100.04,29133.5,295.14282,2023-04-30 01:30:00
1682819100000,29133.49,29154.58,29086.28,29096.99,186.03653,2023-04-30 01:45:00
1682820000000,29097.0,29132.4,29079.59,29118.85,184.96615,2023-04-30 02:00:00
1682820900000,29118.85,29132.84,29111.32,29120.04,197.10937,2023-04-30 02:15:00
1682821800000,29120.04,29150.01,29118.71,29143.63,181.44504,2023-04-30 02:30:00
1682822700000,29143.63,29180.0,29135.0,29176.96,104.90098,2023-04-30 02:45:00
1682823600000,29176.95,29190.45,29165.68,29165.69,118.50257,2023-04-30 03:00:00
1682824500000,29165.69,29165.69,29143.81,29160.88,87.00784,2023-04-30 03:15:00
1682825400000,29160.89,29177.69,29154.65,29169.12,69.76714,2023-04-30 03:30:00
1682826300000,29169.13,29190.27,29151.09,29178.87,144.29846,2023-04-30 03:45:00
1682827200000,29178.88,29190.86,29171.22,29180.28,122.57344,2023-04-30 04:00:00
1682828100000,29180.27,29200.0,29175.99,29181.36,108.68524,2023-04-30 04:15:00
1682829000000,29181.37,29200.0,29181.36,29197.41,66.4094,2023-04-30 04:30:00
1682829900000,29197.42,29217.17,29197.41,29210.61,106.12701,2023-04-30 04:45:00
1682830800000,29210.62,29239.11,29205.65,29239.1,132.82107,2023-04-30 05:00:00
1682831700000,29239.1,29250.0,29218.12,29237.11,135.45773,2023-04-30 05:15:00
1682832600000,29237.12,29247.35,29220.0,29237.32,135.48779,2023-04-30 05:30:00
1682833500000,29237.32,29265.0,29230.31,29258.49,166.63043,2023-04-30 05:45:00
1682834400000,29258.49,29281.18,29253.32,29261.16,173.73775,2023-04-30 06:00:00
1682835300000,29261.16,29274.39,29240.01,29240.02,212.21472,2023-04-30 06:15:00
1682836200000,29240.02,29266.34,29239.14,29266.33,115.13251,2023-04-30 06:30:00
1682837100000,29266.33,29279.22,29263.04,29271.38,119.89962,2023-04-30 06:45:00
1682838000000,29271.39,29281.47,29264.82,29276.73,119.25643,2023-04-30 07:00:00
1682838900000,29276.73,29295.65,29276.72,29284.16,175.4653,2023-04-30 07:15:00
1682839800000,29284.17,29295.96,29275.92,29288.89,129.54466,2023-04-30 07:30:00
1682840700000,29288.88,29288.89,29266.25,29266.43,91.89142,2023-04-30 07:45:00
1682841600000,29266.43,29273.96,29242.09,29266.61,161.97823,2023-04-30 08:00:00
1682842500000,29266.61,29300.0,29246.98,29290.55,172.60992,2023-04-30 08:15:00
1682843400000,29290.54,29348.31,29287.06,29295.07,377.29167,2023-04-30 08:30:00
1682844300000,29295.06,29295.07,29245.88,29269.99,131.97771,2023-04-30 08:45:00
1682845200000,29270.0,29283.19,29251.34,29260.0,131.37365,2023-04-30 09:00:00
1682846100000,29260.0,29260.01,29223.73,29254.0,194.25322,2023-04-30 09:15:00
1682847000000,29254.0,29255.0,29226.47,29243.94,116.30282,2023-04-30 09:30:00
1682847900000,29243.94,29260.8,29243.94,29258.6,76.17845,2023-04-30 09:45:00
1682848800000,29258.61,29300.32,29258.6,29294.65,203.87346,2023-04-30 10:00:00
1682849700000,29294.64,29315.0,29280.24,29280.24,139.26294,2023-04-30 10:15:00
1682850600000,29280.24,29280.25,29222.14,29222.15,149.5699,2023-04-30 10:30:00
1682851500000,29222.15,29231.67,29178.56,29221.93,312.19283,2023-04-30 10:45:00
1682852400000,29221.92,29235.99,29220.14,29223.87,102.65644,2023-04-30 11:00:00
1682853300000,29223.88,29252.32,29201.2,29214.77,198.47874,2023-04-30 11:15:00
1682854200000,29214.76,29214.77,29178.33,29186.98,149.9347,2023-04-30 11:30:00
1682855100000,29186.98,29206.32,29160.53,29197.01,167.94946,2023-04-30 11:45:00
1682856000000,29197.02,29204.74,29189.91,29204.74,135.36124,2023-04-30 12:00:00
1682856900000,29204.74,29225.8,29186.68,29203.67,139.60069,2023-04-30 12:15:00
1682857800000,29203.67,29223.83,29182.74,29223.82,172.14475,2023-04-30 12:30:00
1682858700000,29223.83,29249.97,29223.82,29238.2,128.98886,2023-04-30 12:45:00
1682859600000,29238.2,29274.43,29237.29,29260.62,141.68354,2023-04-30 13:00:00
1682860500000,29260.63,29330.14,29260.62,29281.2,330.30803,2023-04-30 13:15:00
1682861400000,29281.2,29301.23,29255.13,29274.56,240.60517,2023-04-30 13:30:00
1682862300000,29274.55,29297.52,29274.55,29292.51,122.82429,2023-04-30 13:45:00
1682863200000,29292.51,29300.0,29276.19,29280.34,152.07039,2023-04-30 14:00:00
1682864100000,29280.33,29280.34,29255.0,29271.96,129.22021,2023-04-30 14:15:00
1682865000000,29271.97,29436.49,29263.32,29358.94,851.34009,2023-04-30 14:30:00
1682865900000,29358.95,29406.65,29330.07,29395.01,432.51859,2023-04-30 14:45:00
1682866800000,29395.01,29649.0,29395.0,29574.91,2167.42308,2023-04-30 15:00:00
1682867700000,29574.9,29865.97,29574.9,29820.99,3158.2189,2023-04-30 15:15:00
1682868600000,29820.98,29969.39,29820.98,29866.38,2214.84542,2023-04-30 15:30:00
1682869500000,29866.39,29890.0,29557.49,29655.18,2255.55433,2023-04-30 15:45:00
1682870400000,29655.18,29870.22,29655.18,29729.36,1689.62761,2023-04-30 16:00:00
1682871300000,29729.37,29823.14,29620.3,29632.08,1174.83701,2023-04-30 16:15:00
1682872200000,29632.09,29734.04,29625.21,29690.92,511.86773,2023-04-30 16:30:00
1682873100000,29690.92,29770.53,29690.92,29717.55,410.11029,2023-04-30 16:45:00
1682874000000,29717.55,29763.37,29671.14,29715.23,545.95695,2023-04-30 17:00:00
1682874900000,29715.23,29794.59,29710.06,29770.14,417.17441,2023-04-30 17:15:00
1682875800000,29770.14,29825.41,29750.0,29765.31,309.7017,2023-04-30 17:30:00
1682876700000,29765.32,29765.32,29644.36,29644.37,490.14326,2023-04-30 17:45:00
1682877600000,29644.37,29657.06,29513.0,29654.38,1211.62844,2023-04-30 18:00:00
1682878500000,29654.39,29671.69,29610.98,29645.41,363.09634,2023-04-30 18:15:00
1682879400000,29645.41,29645.51,29589.94,29616.47,297.73048,2023-04-30 18:30:00
1682880300000,29616.46,29632.18,29556.17,29577.09,449.07282,2023-04-30 18:45:00
1682881200000,29577.09,29594.35,29340.33,29379.13,1712.84838,2023-04-30 19:00:00
1682882100000,29379.14,29415.67,29211.28,29359.75,1785.77551,2023-04-30 19:15:00
1682883000000,29359.75,29386.13,29297.34,29367.72,643.41736,2023-04-30 19:30:00
1682883900000,29367.73,29384.41,29308.84,29361.13,457.03018,2023-04-30 19:45:00
1682884800000,29361.13,29361.13,29168.0,29208.47,1487.08143,2023-04-30 20:00:00
1682885700000,29208.47,29326.01,29160.96,29312.59,751.99494,2023-04-30 20:15:00
1682886600000,29312.59,29335.72,29278.57,29320.0,375.17631,2023-04-30 20:30:00
1682887500000,29320.01,29334.47,29285.83,29329.89,305.45339,2023-04-30 20:45:00
1682888400000,29329.9,29447.41,29316.39,29437.76,628.41496,2023-04-30 21:00:00
1682889300000,29437.76,29478.43,29363.98,29472.61,512.17539,2023-04-30 21:15:00
1682890200000,29472.61,29486.5,29359.34,29372.47,351.26773,2023-04-30 21:30:00
1682891100000,29372.48,29447.98,29372.47,29411.21,208.921,2023-04-30 21:45:00
1682892000000,29411.21,29430.0,29377.62,29410.61,233.7398,2023-04-30 22:00:00
1682892900000,29410.6,29421.73,29385.04,29418.12,201.63203,2023-04-30 22:15:00
1682893800000,29418.11,29432.15,29367.42,29398.33,215.02126,2023-04-30 22:30:00
1682894700000,29398.32,29403.87,29367.15,29378.72,134.0279,2023-04-30 22:45:00
1682895600000,29378.72,29420.23,29328.16,29399.45,298.33805,2023-04-30 23:00:00
1682896500000,29399.45,29399.45,29329.01,29391.74,249.1,2023-04-30 23:15:00
1682897400000,29391.73,29417.14,29365.32,29392.34,467.68344,2023-04-30 23:30:00
1682898300000,29392.33,29392.34,29177.92,29233.21,850.29689,2023-04-30 23:45:00
