timestamp,open,high,low,close,volume,datetime
1730419200000,70292.01,70461.99,70248.96,70461.99,282.23452,2024-11-01 00:00:00
1730420100000,70461.99,70470.0,70360.01,70428.0,128.25643,2024-11-01 00:15:00
1730421000000,70428.0,70428.0,70146.8,70256.0,277.84636,2024-11-01 00:30:00
1730421900000,70255.99,70381.0,70173.72,70173.73,152.11559,2024-11-01 00:45:00
1730422800000,70173.72,70360.0,70165.79,70340.0,155.67758,2024-11-01 01:00:00
1730423700000,70340.0,70340.0,70014.0,70043.35,284.9734,2024-11-01 01:15:00
1730424600000,70043.34,70043.34,69520.0,69929.78,873.82669,2024-11-01 01:30:00
1730425500000,69929.78,70062.0,69313.74,69402.01,857.23623,2024-11-01 01:45:00
1730426400000,69402.0,69538.0,68830.0,69042.01,1619.47777,2024-11-01 02:00:00
1730427300000,69042.01,69427.2,69042.01,69390.01,543.76755,2024-11-01 02:15:00
1730428200000,69390.0,69510.0,69304.6,69326.02,319.1222,2024-11-01 02:30:00
1730429100000,69326.01,69600.0,69140.07,69579.89,319.73466,2024-11-01 02:45:00
1730430000000,69579.89,69646.9,69494.0,69561.16,362.36795,2024-11-01 03:00:00
1730430900000,69561.17,69714.45,69540.0,69646.0,148.82856,2024-11-01 03:15:00
1730431800000,69645.99,69670.21,69455.32,69466.55,180.02316,2024-11-01 03:30:00
1730432700000,69466.54,69489.75,69334.0,69369.99,230.5939,2024-11-01 03:45:00
1730433600000,69369.99,69459.52,69342.01,69429.99,193.6414,2024-11-01 04:00:00
1730434500000,69429.99,69500.0,69356.01,69499.99,176.08345,2024-11-01 04:15:00
1730435400000,69499.99,69572.0,69486.01,69570.01,109.53899,2024-11-01 04:30:00
1730436300000,69570.01,69623.99,69528.23,69592.0,191.14486,2024-11-01 04:45:00
1730437200000,69592.0,69636.78,69526.0,69553.96,96.03762,2024-11-01 05:00:00
1730438100000,69553.96,69648.0,69526.01,69617.18,131.14998,2024-11-01 05:15:00
1730439000000,69617.19,69650.01,69582.0,69632.0,106.63173,2024-11-01 05:30:00
1730439900000,69632.0,69670.9,69580.0,69609.29,108.08488,2024-11-01 05:45:00
1730440800000,69609.28,69699.14,69400.0,69400.01,383.77941,2024-11-01 06:00:00
1730441700000,69400.01,69455.41,69299.96,69308.0,430.89599,2024-11-01 06:15:00
1730442600000,69308.01,69516.01,69278.47,69438.94,248.27856,2024-11-01 06:30:00
1730443500000,69438.94,69536.0,69212.12,69212.13,244.36163,2024-11-01 06:45:00
1730444400000,69212.13,69333.34,69080.0,69100.86,442.50951,2024-11-01 07:00:00
1730445300000,69100.87,69302.0,69082.0,69254.01,202.91756,2024-11-01 07:15:00
1730446200000,69254.01,69420.13,69254.01,69294.61,508.81095,2024-11-01 07:30:00
1730447100000,69294.61,69401.44,69227.71,69273.7,266.2669,2024-11-01 07:45:00
1730448000000,69273.7,69446.0,69237.26,69442.0,265.06108,2024-11-01 08:00:00
1730448900000,69442.0,69538.0,69415.45,69462.0,275.72156,2024-11-01 08:15:00
1730449800000,69461.99,69515.16,69354.77,69430.0,181.89979,2024-11-01 08:30:00
1730450700000,69430.0,69496.72,69307.44,69376.1,159.73659,2024-11-01 08:45:00
1730451600000,69376.1,69488.0,69324.0,69483.99,121.55839,2024-11-01 09:00:00
1730452500000,69483.99,69500.0,69400.0,69428.0,88.37608,2024-11-01 09:15:00
1730453400000,69428.01,69550.0,69406.0,69533.99,128.73322,2024-11-01 09:30:00
1730454300000,69533.99,69588.0,69499.91,69534.9,147.43097,2024-11-01 09:45:00
1730455200000,69534.9,69656.0,69524.28,69647.5,146.93142,2024-11-01 10:00:00
1730456100000,69647.5,70000.0,69647.49,69994.0,730.50248,2024-11-01 10:15:00
1730457000000,69994.01,70156.0,69814.0,69832.51,589.88051,2024-11-01 10:30:00
1730457900000,69832.51,70051.1,69748.68,69989.65,292.55306,2024-11-01 10:45:00
1730458800000,69989.64,70210.0,69989.64,70176.0,472.23638,2024-11-01 11:00:00
1730459700000,70176.0,70228.0,70103.92,70187.99,306.92238,2024-11-01 11:15:00
1730460600000,70188.0,70190.07,70083.6,70173.99,187.96468,2024-11-01 11:30:00
1730461500000,70174.0,70174.59,69987.77,70002.01,163.11867,2024-11-01 11:45:00
1730462400000,70002.01,70218.0,69990.0,70167.95,207.96925,2024-11-01 12:00:00
1730463300000,70167.96,70254.0,70055.46,70094.0,280.97675,2024-11-01 12:15:00
1730464200000,70094.01,70450.7,69897.02,70279.17,932.76602,2024-11-01 12:30:00
1730465100000,70279.18,70467.65,70234.0,70354.87,455.10516,2024-11-01 12:45:00
1730466000000,70354.86,70354.86,70142.0,70202.83,296.44821,2024-11-01 13:00:00
1730466900000,70202.83,70335.0,70176.0,70222.0,271.03578,2024-11-01 13:15:00
1730467800000,70222.0,70900.0,70169.5,70636.0,1195.99126,2024-11-01 13:30:00
1730468700000,70636.0,71220.0,70488.51,71200.44,1221.78717,2024-11-01 13:45:00
1730469600000,71200.43,71414.4,70949.12,71352.01,944.8148,2024-11-01 14:00:00
1730470500000,71352.01,71552.59,71248.22,71505.94,788.26957,2024-11-01 14:15:00
1730471400000,71505.94,71632.95,71139.9,71220.0,828.07819,2024-11-01 14:30:00
1730472300000,71220.0,71326.3,70912.6,71271.17,751.08454,2024-11-01 14:45:00
1730473200000,71271.17,71360.0,70922.0,71090.9,592.76948,2024-11-01 15:00:00
1730474100000,71090.9,71090.91,70654.0,70873.98,555.28576,2024-11-01 15:15:00
1730475000000,70873.98,70878.0,69740.0,69945.71,1467.90209,2024-11-01 15:30:00
1730475900000,69945.71,69954.0,69044.0,69387.77,1792.96889,2024-11-01 15:45:00
1730476800000,69387.78,70032.61,69352.0,70032.61,1008.36647,2024-11-01 16:00:00
1730477700000,70032.6,70515.16,69951.32,70224.01,863.69977,2024-11-01 16:15:00
1730478600000,70224.01,70396.0,69865.89,69965.94,544.47133,2024-11-01 16:30:00
1730479500000,69965.94,70228.0,69879.9,69920.73,456.07975,2024-11-01 16:45:00
1730480400000,69920.72,70020.0,69475.0,69894.0,821.33794,2024-11-01 17:00:00
1730481300000,69894.0,70181.83,69878.78,70045.53,470.9035,2024-11-01 17:15:00
1730482200000,70045.54,70060.0,69600.0,69670.0,438.39795,2024-11-01 17:30:00
1730483100000,69670.01,69933.64,69534.32,69586.01,529.47981,2024-11-01 17:45:00
1730484000000,69586.01,69636.37,69368.0,69434.0,364.45173,2024-11-01 18:00:00
1730484900000,69433.99,69575.76,69272.72,69459.91,352.03602,2024-11-01 18:15:00
1730485800000,69459.9,69534.0,69264.0,69351.99,229.28168,2024-11-01 18:30:00
1730486700000,69351.99,69380.0,69066.07,69151.66,509.68684,2024-11-01 18:45:00
1730487600000,69151.66,69313.73,68820.14,68880.0,790.73211,2024-11-01 19:00:00
1730488500000,68880.0,69196.0,68850.0,69053.99,433.69683,2024-11-01 19:15:00
1730489400000,69054.0,69454.0,69039.2,69198.0,388.03251,2024-11-01 19:30:00
1730490300000,69198.0,69354.53,68929.56,69268.0,521.60895,2024-11-01 19:45:00
1730491200000,69268.0,69378.66,69179.9,69343.19,148.57631,2024-11-01 20:00:00
1730492100000,69343.19,69452.0,69209.91,69408.95,214.31197,2024-11-01 20:15:00
1730493000000,69408.95,69460.0,69359.9,69438.16,175.84457,2024-11-01 20:30:00
1730493900000,69438.15,69440.0,69168.6,69248.95,183.92067,2024-11-01 20:45:00
1730494800000,69248.95,69358.77,69172.0,69240.0,97.65458,2024-11-01 21:00:00
1730495700000,69239.99,69274.0,68922.0,68960.51,265.14203,2024-11-01 21:15:00
1730496600000,68960.51,69154.0,68854.5,68972.41,260.63254,2024-11-01 21:30:00
1730497500000,68972.41,69312.88,68972.4,69263.99,78.88682,2024-11-01 21:45:00
1730498400000,69264.0,69415.62,69253.88,69410.0,131.68313,2024-11-01 22:00:00
1730499300000,69410.01,69438.0,69234.0,69274.01,108.90064,2024-11-01 22:15:00
1730500200000,69274.01,69455.28,69250.0,69440.0,95.57351,2024-11-01 22:30:00
1730501100000,69440.0,69455.95,69402.0,69440.01,45.81107,2024-11-01 22:45:00
1730502000000,69440.01,69580.0,69364.0,69571.57,131.79591,2024-11-01 23:00:00
1730502900000,69571.5,69627.0,69461.03,69559.99,80.53091,2024-11-01 23:15:00
1730503800000,69560.0,69560.0,69479.9,69489.83,60.99193,2024-11-01 23:30:00
1730504700000,69489.83,69560.0,69472.0,69496.01,81.25162,2024-11-01 23:45:00
1730505600000,69496.0,69646.8,69479.91,69632.01,167.59805,2024-11-02 00:00:00
1730506500000,69632.0,69660.0,69500.0,69628.01,293.16898,2024-11-02 00:15:00
1730507400000,69628.01,69631.5,69564.83,69606.81,61.83709,2024-11-02 00:30:00
1730508300000,69606.81,69675.92,69600.0,69665.99,76.19426,2024-11-02 00:45:00
1730509200000,69665.99,69696.97,69590.44,69600.0,131.96883,2024-11-02 01:00:00
1730510100000,69600.0,69600.01,69506.72,69576.56,131.18728,2024-11-02 01:15:00
1730511000000,69576.57,69671.0,69528.91,69670.99,50.26717,2024-11-02 01:30:00
1730511900000,69670.99,69689.95,69632.57,69668.1,52.86602,2024-11-02 01:45:00
1730512800000,69668.1,69757.58,69668.09,69746.0,118.80267,2024-11-02 02:00:00
1730513700000,69746.01,69914.37,69746.0,69896.01,234.96081,2024-11-02 02:15:00
1730514600000,69896.0,69896.0,69790.34,69806.0,73.13553,2024-11-02 02:30:00
1730515500000,69806.0,69806.0,69655.47,69661.96,185.79685,2024-11-02 02:45:00
1730516400000,69661.95,69787.74,69661.95,69759.21,58.01024,2024-11-02 03:00:00
1730517300000,69759.22,69762.0,69672.0,69676.11,62.76575,2024-11-02 03:15:00
1730518200000,69676.12,69714.02,69618.53,69683.66,100.48155,2024-11-02 03:30:00
1730519100000,69683.27,69699.0,69563.22,69599.99,89.9384,2024-11-02 03:45:00
1730520000000,69599.99,69599.99,69523.78,69577.99,100.50962,2024-11-02 04:00:00
1730520900000,69578.0,69627.9,69528.0,69536.0,51.35152,2024-11-02 04:15:00
1730521800000,69536.0,69554.0,69468.05,69487.98,89.42012,2024-11-02 04:30:00
1730522700000,69487.98,69585.99,69470.49,69568.0,78.85374,2024-11-02 04:45:00
1730523600000,69568.0,69575.07,69446.0,69575.07,78.78888,2024-11-02 05:00:00
1730524500000,69575.07,69654.71,69575.06,69578.11,73.31237,2024-11-02 05:15:00
1730525400000,69578.11,69705.43,69556.0,69680.0,73.90977,2024-11-02 05:30:00
1730526300000,69680.01,69727.28,69650.0,69710.0,65.00236,2024-11-02 05:45:00
1730527200000,69709.99,69748.16,69645.21,69645.21,63.96634,2024-11-02 06:00:00
1730528100000,69645.21,69645.22,69576.32,69640.01,68.78421,2024-11-02 06:15:00
1730529000000,69640.01,69674.0,69587.98,69660.0,73.28468,2024-11-02 06:30:00
1730529900000,69660.0,69744.86,69659.99,69744.86,69.2442,2024-11-02 06:45:00
1730530800000,69744.86,69763.79,69708.0,69732.99,142.48981,2024-11-02 07:00:00
1730531700000,69733.0,69746.0,69684.0,69691.99,59.80971,2024-11-02 07:15:00
1730532600000,69692.0,69816.76,69682.0,69734.91,108.12177,2024-11-02 07:30:00
1730533500000,69734.9,69823.94,69728.0,69813.91,101.29851,2024-11-02 07:45:00
1730534400000,69813.91,69838.62,69730.0,69730.01,92.49223,2024-11-02 08:00:00
1730535300000,69730.0,69736.0,69642.85,69642.85,72.91771,2024-11-02 08:15:00
1730536200000,69642.85,69691.5,69580.81,69610.0,73.68483,2024-11-02 08:30:00
1730537100000,69610.0,69682.0,69609.42,69630.95,61.95944,2024-11-02 08:45:00
1730538000000,69630.95,69651.86,69546.39,69621.99,102.97406,2024-11-02 09:00:00
1730538900000,69621.99,69650.0,69586.8,69647.12,84.51313,2024-11-02 09:15:00
1730539800000,69647.12,69670.0,69618.53,69666.66,62.22748,2024-11-02 09:30:00
1730540700000,69666.66,69669.3,69510.91,69558.86,98.70356,2024-11-02 09:45:00
1730541600000,69558.86,69558.87,69439.9,69481.99,129.79902,2024-11-02 10:00:00
1730542500000,69482.0,69552.87,69426.0,69432.95,89.3941,2024-11-02 10:15:00
1730543400000,69432.95,69575.76,69417.88,69567.14,83.74405,2024-11-02 10:30:00
1730544300000,69567.14,69628.0,69546.84,69623.63,56.17978,2024-11-02 10:45:00
1730545200000,69623.63,69632.87,69589.96,69589.96,62.78378,2024-11-02 11:00:00
1730546100000,69589.96,69684.09,69588.83,69630.0,87.39425,2024-11-02 11:15:00
1730547000000,69630.01,69672.0,69630.0,69646.48,33.56924,2024-11-02 11:30:00
1730547900000,69646.49,69701.68,69576.0,69608.0,87.26364,2024-11-02 11:45:00
1730548800000,69608.0,69680.0,69600.0,69636.37,44.2983,2024-11-02 12:00:00
1730549700000,69636.36,69656.15,69520.0,69529.32,67.26971,2024-11-02 12:15:00
1730550600000,69529.32,69626.0,69479.9,69573.37,146.37531,2024-11-02 12:30:00
1730551500000,69573.38,69599.99,69390.09,69459.05,226.80622,2024-11-02 12:45:00
1730552400000,69459.05,69562.5,69393.22,69529.99,238.78528,2024-11-02 13:00:00
1730553300000,69530.0,69711.59,69529.99,69679.99,285.89479,2024-11-02 13:15:00
1730554200000,69679.99,69680.0,69438.84,69581.93,242.39302,2024-11-02 13:30:00
1730555100000,69581.92,69592.0,69358.87,69365.99,148.95591,2024-11-02 13:45:00
1730556000000,69366.0,69437.85,69248.0,69309.3,414.21327,2024-11-02 14:00:00
1730556900000,69309.3,69323.87,69099.96,69151.19,316.92451,2024-11-02 14:15:00
1730557800000,69151.2,69253.16,69120.0,69143.57,248.54318,2024-11-02 14:30:00
1730558700000,69143.57,69268.13,69000.14,69263.48,296.18791,2024-11-02 14:45:00
1730559600000,69263.49,69279.23,69139.9,69206.01,263.79998,2024-11-02 15:00:00
1730560500000,69206.01,69369.75,69172.44,69348.0,168.23717,2024-11-02 15:15:00
1730561400000,69348.0,69450.01,69280.27,69283.98,128.78305,2024-11-02 15:30:00
1730562300000,69283.98,69440.0,69280.68,69393.17,127.66343,2024-11-02 15:45:00
1730563200000,69393.18,69478.5,69359.3,69380.72,114.93827,2024-11-02 16:00:00
1730564100000,69380.72,69478.0,69321.99,69472.01,74.09152,2024-11-02 16:15:00
1730565000000,69472.01,69593.59,69472.0,69580.01,251.32915,2024-11-02 16:30:00
1730565900000,69580.0,69616.0,69550.0,69587.98,69.16544,2024-11-02 16:45:00
1730566800000,69587.98,69600.0,69474.0,69552.0,155.02446,2024-11-02 17:00:00
1730567700000,69552.0,69552.01,69443.54,69450.49,100.727,2024-11-02 17:15:00
1730568600000,69450.49,69520.56,69340.0,69340.01,89.14504,2024-11-02 17:30:00
1730569500000,69340.0,69432.0,69340.0,69401.99,62.71058,2024-11-02 17:45:00
1730570400000,69401.99,69429.44,69215.0,69275.0,198.70371,2024-11-02 18:00:00
1730571300000,69275.0,69342.63,69255.0,69286.0,42.56239,2024-11-02 18:15:00
1730572200000,69285.99,69477.15,69280.0,69464.0,69.7456,2024-11-02 18:30:00
1730573100000,69464.01,69481.48,69412.0,69422.93,59.17691,2024-11-02 18:45:00
1730574000000,69422.94,69495.14,69384.0,69465.99,47.66173,2024-11-02 19:00:00
1730574900000,69466.0,69487.84,69440.0,69455.94,33.22055,2024-11-02 19:15:00
1730575800000,69455.94,69532.0,69455.93,69531.99,127.18898,2024-11-02 19:30:00
1730576700000,69532.0,69562.0,69502.0,69510.0,58.12652,2024-11-02 19:45:00
1730577600000,69510.0,69551.32,69462.29,69545.45,61.8972,2024-11-02 20:00:00
1730578500000,69545.46,69568.23,69508.23,69519.98,43.26994,2024-11-02 20:15:00
1730579400000,69519.99,69560.0,69484.0,69556.0,41.75296,2024-11-02 20:30:00
1730580300000,69556.01,69571.99,69505.23,69540.0,46.52977,2024-11-02 20:45:00
1730581200000,69539.99,69560.0,69450.0,69450.01,39.99265,2024-11-02 21:00:00
1730582100000,69450.0,69466.11,69449.84,69466.0,34.38315,2024-11-02 21:15:00
1730583000000,69466.0,69514.29,69450.0,69464.0,44.30178,2024-11-02 21:30:00
1730583900000,69463.99,69464.0,69442.0,69442.0,20.92433,2024-11-02 21:45:00
1730584800000,69442.01,69550.68,69363.08,69515.15,105.61146,2024-11-02 22:00:00
1730585700000,69515.16,69528.0,69452.0,69472.0,42.31524,2024-11-02 22:15:00
1730586600000,69471.99,69498.58,69452.67,69498.58,27.41283,2024-11-02 22:30:00
1730587500000,69498.58,69498.58,69408.5,69434.0,37.39406,2024-11-02 22:45:00
1730588400000,69434.0,69446.0,69187.06,69278.0,191.28714,2024-11-02 23:00:00
1730589300000,69277.99,69293.99,69149.0,69174.01,167.30458,2024-11-02 23:15:00
1730590200000,69174.01,69258.0,69166.0,69248.99,61.95843,2024-11-02 23:30:00
1730591100000,69249.0,69376.13,69248.99,69374.74,169.96063,2024-11-02 23:45:00
1730592000000,69374.74,69391.0,69206.89,69368.01,193.4511,2024-11-03 00:00:00
1730592900000,69368.01,69368.01,69272.12,69303.4,77.65489,2024-11-03 00:15:00
1730593800000,69303.4,69359.99,69172.2,69222.99,119.57687,2024-11-03 00:30:00
1730594700000,69223.0,69272.0,69159.76,69159.76,74.13791,2024-11-03 00:45:00
1730595600000,69159.77,69204.0,69100.01,69110.9,148.0037,2024-11-03 01:00:00
1730596500000,69110.91,69167.7,69001.99,69118.68,342.70825,2024-11-03 01:15:00
1730597400000,69118.68,69189.7,69078.46,69146.79,183.73408,2024-11-03 01:30:00
1730598300000,69146.8,69225.03,69000.21,69010.13,201.92006,2024-11-03 01:45:00
1730599200000,69010.14,69028.72,68633.49,68686.0,828.29411,2024-11-03 02:00:00
1730600100000,68686.0,68730.0,68186.03,68232.01,1124.18526,2024-11-03 02:15:00
1730601000000,68232.0,68356.62,67864.16,68113.39,1073.00022,2024-11-03 02:30:00
1730601900000,68113.39,68287.3,67900.0,68214.91,530.38925,2024-11-03 02:45:00
1730602800000,68214.91,68454.55,68018.79,68379.5,435.09987,2024-11-03 03:00:00
1730603700000,68379.51,68430.0,68262.0,68272.0,217.3417,2024-11-03 03:15:00
1730604600000,68272.0,68382.0,68223.22,68373.74,159.3719,2024-11-03 03:30:00
1730605500000,68373.74,68441.43,68368.21,68379.89,137.54003,2024-11-03 03:45:00
1730606400000,68379.9,68452.0,68303.99,68435.12,118.47488,2024-11-03 04:00:00
1730607300000,68435.11,68562.55,68422.0,68548.87,179.03972,2024-11-03 04:15:00
1730608200000,68548.88,68696.97,68548.87,68551.43,223.06298,2024-11-03 04:30:00
1730609100000,68551.43,68630.8,68510.0,68592.01,129.93802,2024-11-03 04:45:00
1730610000000,68592.0,68693.99,68528.22,68666.67,174.78427,2024-11-03 05:00:00
1730610900000,68666.66,68672.54,68484.84,68484.84,75.51699,2024-11-03 05:15:00
1730611800000,68484.84,68592.91,68430.0,68564.0,92.72086,2024-11-03 05:30:00
1730612700000,68564.0,68573.0,68428.54,68432.0,95.32709,2024-11-03 05:45:00
1730613600000,68432.0,68519.99,68400.0,68418.65,91.06509,2024-11-03 06:00:00
1730614500000,68418.66,68530.5,68407.99,68478.96,87.9039,2024-11-03 06:15:00
1730615400000,68478.96,68626.0,68454.54,68622.01,78.94591,2024-11-03 06:30:00
1730616300000,68622.0,68771.58,68560.09,68569.99,163.98251,2024-11-03 06:45:00
1730617200000,68570.0,68703.68,68521.44,68693.01,126.72814,2024-11-03 07:00:00
1730618100000,68693.01,68696.0,68453.0,68454.0,121.96468,2024-11-03 07:15:00
1730619000000,68454.0,68460.0,68407.99,68428.7,85.37012,2024-11-03 07:30:00
1730619900000,68428.7,68483.75,68379.9,68397.42,116.81674,2024-11-03 07:45:00
1730620800000,68397.42,68427.49,68299.62,68349.99,154.606,2024-11-03 08:00:00
1730621700000,68349.99,68406.83,68300.32,68406.83,132.00832,2024-11-03 08:15:00
1730622600000,68406.83,68520.0,68373.69,68502.3,230.58854,2024-11-03 08:30:00
1730623500000,68502.29,68603.58,68480.0,68480.01,197.1103,2024-11-03 08:45:00
1730624400000,68480.01,68523.32,68432.0,68521.31,96.88906,2024-11-03 09:00:00
1730625300000,68521.31,68527.78,68399.9,68402.01,132.59177,2024-11-03 09:15:00
1730626200000,68402.01,68420.0,68220.57,68248.0,142.22993,2024-11-03 09:30:00
1730627100000,68248.0,68315.02,68200.01,68242.43,180.98852,2024-11-03 09:45:00
1730628000000,68242.43,68390.74,68242.42,68390.74,173.80685,2024-11-03 10:00:00
1730628900000,68390.74,68564.0,68343.03,68563.99,320.96427,2024-11-03 10:15:00
1730629800000,68563.99,68571.94,68424.49,68548.01,172.71038,2024-11-03 10:30:00
1730630700000,68548.01,68564.57,68429.0,68441.99,66.55267,2024-11-03 10:45:00
1730631600000,68442.0,68560.0,68361.93,68556.02,148.07746,2024-11-03 11:00:00
1730632500000,68556.02,68589.5,68474.0,68496.0,87.63412,2024-11-03 11:15:00
1730633400000,68495.99,68496.0,68356.01,68402.03,119.45681,2024-11-03 11:30:00
1730634300000,68402.03,68432.0,68316.52,68358.86,104.58849,2024-11-03 11:45:00
1730635200000,68358.86,68431.62,68316.5,68350.0,117.91886,2024-11-03 12:00:00
1730636100000,68350.0,68500.12,68269.7,68491.26,184.07216,2024-11-03 12:15:00
1730637000000,68491.26,68544.0,68434.0,68539.63,138.10907,2024-11-03 12:30:00
1730637900000,68539.64,68560.0,68469.66,68486.05,113.62682,2024-11-03 12:45:00
1730638800000,68486.04,68504.92,68312.34,68337.28,189.3344,2024-11-03 13:00:00
1730639700000,68337.28,68393.0,68271.96,68375.63,235.82751,2024-11-03 13:15:00
1730640600000,68375.63,68379.33,68180.0,68224.0,323.97158,2024-11-03 13:30:00
1730641500000,68224.0,68224.0,67972.0,68048.13,592.37829,2024-11-03 13:45:00
1730642400000,68048.13,68187.5,67924.0,68060.0,442.1167,2024-11-03 14:00:00
1730643300000,68060.0,68134.0,67672.0,67709.99,630.29097,2024-11-03 14:15:00
1730644200000,67710.0,68000.0,67686.0,67711.99,589.96476,2024-11-03 14:30:00
1730645100000,67711.99,67932.32,67588.61,67777.0,602.39077,2024-11-03 14:45:00
1730646000000,67776.99,67913.65,67601.0,67734.0,512.4824,2024-11-03 15:00:00
1730646900000,67734.0,67774.0,67570.0,67624.59,335.06282,2024-11-03 15:15:00
1730647800000,67624.6,67758.93,67478.73,67692.05,475.18298,2024-11-03 15:30:00
1730648700000,67692.05,68222.0,67564.76,68090.9,560.04965,2024-11-03 15:45:00
1730649600000,68090.91,68547.98,68054.0,68454.55,693.65501,2024-11-03 16:00:00
1730650500000,68454.55,68534.25,68362.0,68414.82,371.71264,2024-11-03 16:15:00
1730651400000,68414.82,68423.18,68092.0,68232.09,869.31041,2024-11-03 16:30:00
1730652300000,68232.1,68272.73,68134.01,68152.01,189.32884,2024-11-03 16:45:00
1730653200000,68152.0,68456.0,68132.16,68417.53,219.14463,2024-11-03 17:00:00
1730654100000,68417.52,68462.0,68286.44,68367.5,141.30165,2024-11-03 17:15:00
1730655000000,68367.5,68482.0,68367.49,68416.09,198.85515,2024-11-03 17:30:00
1730655900000,68416.08,68416.09,68275.0,68359.98,175.29826,2024-11-03 17:45:00
1730656800000,68359.98,68446.0,68358.0,68360.99,130.71791,2024-11-03 18:00:00
1730657700000,68361.0,68365.22,68282.0,68304.01,157.49894,2024-11-03 18:15:00
1730658600000,68304.01,68304.01,67907.22,67913.54,354.01828,2024-11-03 18:30:00
1730659500000,67913.55,68060.32,67667.21,68018.0,511.9292,2024-11-03 18:45:00
1730660400000,68018.0,68358.76,68000.0,68351.76,186.37117,2024-11-03 19:00:00
1730661300000,68351.75,68508.0,68279.9,68456.25,169.25281,2024-11-03 19:15:00
1730662200000,68456.25,68693.81,68414.76,68640.0,260.04636,2024-11-03 19:30:00
1730663100000,68640.0,68689.31,68585.4,68679.0,182.79053,2024-11-03 19:45:00
1730664000000,68679.0,68800.0,68531.0,68560.0,208.87777,2024-11-03 20:00:00
1730664900000,68560.0,68655.5,68499.9,68624.25,91.51527,2024-11-03 20:15:00
1730665800000,68624.25,68937.33,68613.66,68789.6,555.23969,2024-11-03 20:30:00
1730666700000,68789.01,68979.76,68780.0,68970.07,210.69463,2024-11-03 20:45:00
1730667600000,68970.06,69199.66,68966.65,69044.51,394.95281,2024-11-03 21:00:00
1730668500000,69044.5,69338.99,69044.5,69321.98,444.79791,2024-11-03 21:15:00
1730669400000,69321.97,69358.0,69088.0,69225.99,324.07633,2024-11-03 21:30:00
1730670300000,69226.0,69234.0,69092.87,69145.35,130.78036,2024-11-03 21:45:00
1730671200000,69145.35,69301.0,69114.0,69202.34,161.30307,2024-11-03 22:00:00
1730672100000,69202.33,69222.0,69082.43,69082.44,80.56914,2024-11-03 22:15:00
1730673000000,69082.43,69108.81,68784.1,68883.52,192.38685,2024-11-03 22:30:00
1730673900000,68883.52,69004.0,68811.06,68880.01,125.82046,2024-11-03 22:45:00
1730674800000,68880.0,68909.1,68492.82,68749.99,405.97916,2024-11-03 23:00:00
1730675700000,68750.0,68810.09,68575.76,68800.0,269.25236,2024-11-03 23:15:00
1730676600000,68800.01,68897.89,68689.39,68796.97,168.70196,2024-11-03 23:30:00
1730677500000,68796.97,68915.0,68724.0,68775.99,107.88854,2024-11-03 23:45:00
1730678400000,68775.99,68775.99,68588.12,68641.37,182.93017,2024-11-04 00:00:00
1730679300000,68641.37,68700.0,68524.0,68529.15,157.72021,2024-11-04 00:15:00
1730680200000,68529.14,68600.0,68240.61,68416.01,328.17962,2024-11-04 00:30:00
1730681100000,68416.01,68712.0,68359.9,68712.0,193.10595,2024-11-04 00:45:00
1730682000000,68712.0,68841.48,68568.0,68708.01,240.33706,2024-11-04 01:00:00
1730682900000,68708.0,69037.03,68648.0,68830.01,342.89036,2024-11-04 01:15:00
1730683800000,68830.0,68964.0,68684.0,68821.57,213.90538,2024-11-04 01:30:00
1730684700000,68821.58,69004.26,68756.31,68970.01,175.62542,2024-11-04 01:45:00
1730685600000,68970.0,69118.21,68884.0,68891.99,183.94031,2024-11-04 02:00:00
1730686500000,68892.0,69173.21,68882.0,69173.21,167.07108,2024-11-04 02:15:00
1730687400000,69173.21,69254.0,69083.33,69164.0,364.56681,2024-11-04 02:30:00
1730688300000,69164.0,69338.58,69138.88,69305.56,216.59877,2024-11-04 02:45:00
1730689200000,69305.55,69500.0,69157.42,69200.01,342.85526,2024-11-04 03:00:00
1730690100000,69200.0,69232.0,69122.0,69166.67,155.6565,2024-11-04 03:15:00
1730691000000,69166.66,69248.0,69086.0,69151.0,96.87175,2024-11-04 03:30:00
1730691900000,69151.0,69193.29,69004.0,69047.86,169.56419,2024-11-04 03:45:00
1730692800000,69047.86,69180.0,69047.85,69170.0,126.07986,2024-11-04 04:00:00
1730693700000,69170.01,69346.28,69134.44,69346.28,175.57757,2024-11-04 04:15:00
1730694600000,69346.27,69401.55,69126.0,69165.68,160.15283,2024-11-04 04:30:00
1730695500000,69165.68,69231.41,69089.99,69150.31,99.37787,2024-11-04 04:45:00
1730696400000,69150.3,69166.67,69056.0,69131.01,127.77907,2024-11-04 05:00:00
1730697300000,69131.01,69177.37,68974.0,68974.0,162.75738,2024-11-04 05:15:00
1730698200000,68974.0,69030.0,68854.0,68854.0,217.96487,2024-11-04 05:30:00
1730699100000,68854.01,68867.11,68699.9,68820.01,209.31054,2024-11-04 05:45:00
1730700000000,68820.01,69070.0,68820.0,68991.99,201.18441,2024-11-04 06:00:00
1730700900000,68992.0,69150.0,68975.9,69096.38,174.45099,2024-11-04 06:15:00
1730701800000,69096.38,69096.38,68965.85,68992.0,154.58275,2024-11-04 06:30:00
1730702700000,68992.01,69170.01,68934.0,69126.18,190.39753,2024-11-04 06:45:00
1730703600000,69126.18,69175.97,69016.0,69030.01,135.15396,2024-11-04 07:00:00
1730704500000,69030.01,69055.94,68916.0,68926.01,105.55876,2024-11-04 07:15:00
1730705400000,68926.0,68926.01,68738.0,68756.01,300.07505,2024-11-04 07:30:00
1730706300000,68756.0,68756.0,68618.0,68618.0,212.85471,2024-11-04 07:45:00
1730707200000,68618.0,68755.24,68579.9,68683.99,218.56798,2024-11-04 08:00:00
1730708100000,68683.99,68726.94,68563.79,68640.01,150.37263,2024-11-04 08:15:00
1730709000000,68640.0,68640.01,68500.0,68527.99,186.29823,2024-11-04 08:30:00
1730709900000,68527.99,68705.7,68470.0,68699.99,250.05623,2024-11-04 08:45:00
1730710800000,68699.98,68850.0,68693.25,68850.0,222.37272,2024-11-04 09:00:00
1730711700000,68849.99,68924.0,68750.0,68750.01,176.71139,2024-11-04 09:15:00
1730712600000,68750.0,68750.01,68480.01,68648.0,224.91108,2024-11-04 09:30:00
1730713500000,68648.01,68694.45,68576.0,68640.83,216.07761,2024-11-04 09:45:00
1730714400000,68640.83,68870.68,68602.0,68810.44,216.30952,2024-11-04 10:00:00
1730715300000,68810.43,68921.28,68761.0,68761.31,285.70459,2024-11-04 10:15:00
1730716200000,68761.3,68910.32,68750.0,68900.01,156.83009,2024-11-04 10:30:00
1730717100000,68900.0,68911.22,68766.0,68834.05,113.43271,2024-11-04 10:45:00
1730718000000,68834.04,68900.89,68700.0,68839.43,201.54545,2024-11-04 11:00:00
1730718900000,68839.42,69036.0,68764.0,68777.99,224.71702,2024-11-04 11:15:00
1730719800000,68778.0,68851.44,68750.0,68799.99,97.38407,2024-11-04 11:30:00
1730720700000,68800.0,68892.0,68762.0,68792.71,120.39041,2024-11-04 11:45:00
1730721600000,68792.72,68979.44,68739.9,68915.64,174.37169,2024-11-04 12:00:00
1730722500000,68915.64,69014.0,68873.64,68934.01,222.57568,2024-11-04 12:15:00
1730723400000,68934.0,68984.5,68823.38,68878.65,145.38371,2024-11-04 12:30:00
1730724300000,68878.66,69019.16,68868.81,68978.2,251.80056,2024-11-04 12:45:00
1730725200000,68978.19,69247.52,68950.01,69154.23,312.38404,2024-11-04 13:00:00
1730726100000,69154.23,69264.52,69076.0,69087.99,302.51677,2024-11-04 13:15:00
1730727000000,69088.0,69166.67,68864.0,68890.0,383.56682,2024-11-04 13:30:00
1730727900000,68889.99,68962.04,68650.0,68662.39,436.43228,2024-11-04 13:45:00
1730728800000,68662.39,68688.0,68511.0,68587.99,526.10377,2024-11-04 14:00:00
1730729700000,68587.99,68722.0,68522.0,68646.33,390.39336,2024-11-04 14:15:00
1730730600000,68646.33,68680.0,68272.0,68382.57,913.86456,2024-11-04 14:30:00
1730731500000,68382.57,68488.12,68202.99,68394.01,683.28339,2024-11-04 14:45:00
1730732400000,68394.01,68509.46,68257.57,68257.57,637.76901,2024-11-04 15:00:00
1730733300000,68257.58,68498.0,68234.0,68470.0,374.40824,2024-11-04 15:15:00
1730734200000,68470.0,68480.0,68328.0,68426.0,353.48516,2024-11-04 15:30:00
1730735100000,68425.99,68758.0,68330.0,68646.01,394.55896,2024-11-04 15:45:00
1730736000000,68646.01,68814.32,68466.0,68651.88,375.7185,2024-11-04 16:00:00
1730736900000,68651.87,68651.88,68236.61,68282.01,384.89898,2024-11-04 16:15:00
1730737800000,68282.0,68340.0,67841.1,67966.0,910.4094,2024-11-04 16:30:00
1730738700000,67966.01,68047.42,67613.91,67756.0,962.44923,2024-11-04 16:45:00
1730739600000,67756.0,67756.0,67432.76,67448.0,966.8749,2024-11-04 17:00:00
1730740500000,67448.0,67880.0,67251.5,67798.0,896.92343,2024-11-04 17:15:00
1730741400000,67798.0,67934.39,67675.64,67810.0,290.06768,2024-11-04 17:30:00
1730742300000,67810.0,67897.93,67720.0,67830.0,161.90382,2024-11-04 17:45:00
1730743200000,67830.0,67858.78,67535.96,67688.0,387.90271,2024-11-04 18:00:00
1730744100000,67688.0,68098.05,67659.9,67784.02,322.86535,2024-11-04 18:15:00
1730745000000,67784.02,67856.69,67644.94,67678.0,253.41861,2024-11-04 18:30:00
1730745900000,67678.0,67740.0,67640.0,67651.81,162.72196,2024-11-04 18:45:00
1730746800000,67651.81,68100.0,67642.07,68020.01,348.27533,2024-11-04 19:00:00
1730747700000,68020.0,68067.73,67904.87,67977.87,193.08555,2024-11-04 19:15:00
1730748600000,67977.88,67977.88,67814.25,67838.0,252.11375,2024-11-04 19:30:00
1730749500000,67838.0,67950.0,67820.0,67856.0,152.97515,2024-11-04 19:45:00
1730750400000,67856.01,67856.01,67680.76,67684.0,270.0646,2024-11-04 20:00:00
1730751300000,67684.0,67744.0,67579.9,67666.0,199.00604,2024-11-04 20:15:00
1730752200000,67666.0,67678.0,67465.07,67568.36,350.40427,2024-11-04 20:30:00
1730753100000,67568.37,67596.45,67316.0,67348.0,494.11362,2024-11-04 20:45:00
1730754000000,67347.99,67553.68,67334.0,67505.73,289.82904,2024-11-04 21:00:00
1730754900000,67505.72,67622.0,67092.0,67492.0,682.76827,2024-11-04 21:15:00
1730755800000,67492.01,67524.0,66905.3,67012.0,1183.84204,2024-11-04 21:30:00
1730756700000,67011.99,67248.0,66835.0,67120.57,752.67781,2024-11-04 21:45:00
1730757600000,67120.56,67687.94,67059.9,67687.93,911.3242,2024-11-04 22:00:00
1730758500000,67687.93,67832.0,67605.87,67703.98,535.61382,2024-11-04 22:15:00
1730759400000,67703.98,67831.85,67646.0,67766.29,176.19318,2024-11-04 22:30:00
1730760300000,67766.29,68106.07,67766.28,67920.01,231.61107,2024-11-04 22:45:00
1730761200000,67920.0,68030.0,67788.4,67833.99,300.65254,2024-11-04 23:00:00
1730762100000,67833.99,67919.99,67692.0,67746.03,193.11879,2024-11-04 23:15:00
1730763000000,67746.03,67960.0,67734.0,67735.29,222.11954,2024-11-04 23:30:00
1730763900000,67736.0,67867.99,67639.9,67850.01,134.79197,2024-11-04 23:45:00
1730764800000,67850.01,68064.66,67788.0,67930.0,403.56844,2024-11-05 00:00:00
1730765700000,67930.01,68100.0,67873.06,68000.0,194.33053,2024-11-05 00:15:00
1730766600000,67999.99,68114.0,67957.26,68022.01,151.84862,2024-11-05 00:30:00
1730767500000,68022.0,68180.0,67976.04,68030.0,255.60602,2024-11-05 00:45:00
1730768400000,68030.0,68097.07,67930.17,67978.01,297.36465,2024-11-05 01:00:00
1730769300000,67978.02,68036.5,67588.88,67636.0,450.22394,2024-11-05 01:15:00
1730770200000,67636.0,67868.27,67476.63,67864.03,341.66528,2024-11-05 01:30:00
1730771100000,67864.02,68066.0,67860.0,67997.31,330.55308,2024-11-05 01:45:00
1730772000000,67997.32,68075.48,67927.22,68021.99,168.91814,2024-11-05 02:00:00
1730772900000,68021.99,68050.61,67870.02,68008.0,145.62716,2024-11-05 02:15:00
1730773800000,68007.99,68062.0,67888.88,67888.89,139.81477,2024-11-05 02:30:00
1730774700000,67888.89,67921.63,67830.0,67880.77,106.77274,2024-11-05 02:45:00
1730775600000,67880.78,68083.34,67880.0,68056.82,223.9769,2024-11-05 03:00:00
1730776500000,68056.81,68127.49,67989.79,68127.49,135.92599,2024-11-05 03:15:00
1730777400000,68127.49,68149.9,68010.0,68099.99,106.57907,2024-11-05 03:30:00
1730778300000,68099.99,68255.0,68036.0,68243.0,178.52819,2024-11-05 03:45:00
1730779200000,68243.01,68368.0,68218.51,68357.99,165.80536,2024-11-05 04:00:00
1730780100000,68357.99,68466.39,68357.99,68389.99,168.89504,2024-11-05 04:15:00
1730781000000,68390.0,68450.0,68334.75,68443.8,233.72603,2024-11-05 04:30:00
1730781900000,68443.81,68500.0,68322.94,68323.01,210.99554,2024-11-05 04:45:00
1730782800000,68323.0,68423.13,68300.0,68393.39,147.26092,2024-11-05 05:00:00
1730783700000,68393.4,68428.0,68333.14,68397.1,184.38627,2024-11-05 05:15:00
1730784600000,68397.1,68566.01,68392.0,68485.79,232.24079,2024-11-05 05:30:00
1730785500000,68485.8,68796.88,68485.79,68741.5,362.53026,2024-11-05 05:45:00
1730786400000,68741.5,68786.42,68573.81,68610.0,254.78636,2024-11-05 06:00:00
1730787300000,68610.0,68681.46,68565.99,68607.73,159.71935,2024-11-05 06:15:00
1730788200000,68607.73,68721.99,68607.72,68682.0,155.75226,2024-11-05 06:30:00
1730789100000,68682.0,68803.04,68660.19,68779.9,194.89466,2024-11-05 06:45:00
1730790000000,68779.91,68796.53,68724.0,68734.87,243.48282,2024-11-05 07:00:00
1730790900000,68734.86,68734.87,68570.24,68584.0,196.1363,2024-11-05 07:15:00
1730791800000,68583.99,68964.0,68583.99,68918.0,352.55918,2024-11-05 07:30:00
1730792700000,68918.01,68976.0,68820.0,68893.99,264.51334,2024-11-05 07:45:00
1730793600000,68894.0,69000.0,68850.0,68887.59,295.28095,2024-11-05 08:00:00
1730794500000,68887.59,68932.58,68812.0,68827.53,160.69161,2024-11-05 08:15:00
1730795400000,68827.53,68863.64,68786.0,68790.79,147.49053,2024-11-05 08:30:00
1730796300000,68790.79,69050.0,68790.79,69038.01,211.1363,2024-11-05 08:45:00
1730797200000,69038.0,69100.0,68831.0,68997.49,605.23963,2024-11-05 09:00:00
1730798100000,68997.49,68997.5,68826.0,68826.0,151.71402,2024-11-05 09:15:00
1730799000000,68826.0,68900.0,68746.0,68851.99,166.13423,2024-11-05 09:30:00
1730799900000,68852.0,68884.76,68741.36,68776.49,128.86839,2024-11-05 09:45:00
1730800800000,68776.49,68780.37,68630.26,68682.58,222.90733,2024-11-05 10:00:00
1730801700000,68682.58,68816.91,68615.11,68816.9,165.17746,2024-11-05 10:15:00
1730802600000,68816.91,68855.5,68714.0,68743.14,209.10408,2024-11-05 10:30:00
1730803500000,68743.15,68777.78,68672.07,68764.29,80.0908,2024-11-05 10:45:00
1730804400000,68764.29,68906.33,68758.47,68900.01,183.10669,2024-11-05 11:00:00
1730805300000,68900.01,68907.0,68800.0,68829.96,105.18943,2024-11-05 11:15:00
1730806200000,68829.96,68964.0,68775.24,68775.99,146.26005,2024-11-05 11:30:00
1730807100000,68775.98,68860.0,68772.72,68810.03,126.74572,2024-11-05 11:45:00
1730808000000,68810.03,68898.11,68790.0,68796.96,177.03878,2024-11-05 12:00:00
1730808900000,68796.95,68797.41,68666.0,68708.2,226.20569,2024-11-05 12:15:00
1730809800000,68708.2,68948.0,68678.5,68873.99,201.78842,2024-11-05 12:30:00
1730810700000,68873.99,68936.7,68805.25,68865.09,141.08769,2024-11-05 12:45:00
1730811600000,68865.09,68893.94,68711.54,68753.99,170.59453,2024-11-05 13:00:00
1730812500000,68753.99,68785.14,68671.98,68733.99,123.74502,2024-11-05 13:15:00
1730813400000,68734.0,68844.0,68730.0,68786.01,223.32095,2024-11-05 13:30:00
1730814300000,68786.0,68914.02,68726.0,68820.0,251.00375,2024-11-05 13:45:00
1730815200000,68820.01,68905.88,68766.03,68905.87,155.02122,2024-11-05 14:00:00
1730816100000,68905.87,69480.0,68858.0,69333.34,967.16609,2024-11-05 14:15:00
1730817000000,69333.34,70017.92,69333.33,69980.27,1719.20226,2024-11-05 14:30:00
1730817900000,69980.27,70325.06,69624.08,69964.0,1745.45574,2024-11-05 14:45:00
1730818800000,69964.01,70071.43,69579.91,69946.0,1012.74404,2024-11-05 15:00:00
1730819700000,69945.99,69966.99,69345.62,69408.0,856.19117,2024-11-05 15:15:00
1730820600000,69407.99,69736.8,69216.5,69715.36,891.9392,2024-11-05 15:30:00
1730821500000,69715.35,69766.66,69432.0,69639.99,411.32532,2024-11-05 15:45:00
1730822400000,69640.0,69960.0,69530.0,69818.02,563.29348,2024-11-05 16:00:00
1730823300000,69818.02,69992.51,69798.01,69979.99,464.44235,2024-11-05 16:15:00
1730824200000,69979.99,70577.91,69963.83,70144.0,1076.09534,2024-11-05 16:30:00
1730825100000,70144.01,70310.01,69877.65,70191.98,659.89674,2024-11-05 16:45:00
1730826000000,70191.98,70440.6,70074.0,70434.0,404.26555,2024-11-05 17:00:00
1730826900000,70434.0,70468.35,70133.93,70133.94,319.99406,2024-11-05 17:15:00
1730827800000,70133.94,70199.99,69979.9,70106.0,427.59999,2024-11-05 17:30:00
1730828700000,70106.0,70120.0,69890.0,69949.66,521.64763,2024-11-05 17:45:00
1730829600000,69949.65,70108.96,69739.9,69779.92,452.89904,2024-11-05 18:00:00
1730830500000,69779.92,70006.0,69744.0,70004.51,339.76842,2024-11-05 18:15:00
1730831400000,70004.52,70212.0,69932.84,70150.9,245.04498,2024-11-05 18:30:00
1730832300000,70150.9,70260.0,70042.85,70229.99,224.23246,2024-11-05 18:45:00
1730833200000,70229.99,70267.95,69996.01,70000.29,256.22329,2024-11-05 19:00:00
1730834100000,70000.29,70090.0,69850.0,70026.26,233.52543,2024-11-05 19:15:00
1730835000000,70026.26,70026.26,69873.21,69965.5,156.10147,2024-11-05 19:30:00
1730835900000,69965.99,70040.0,68732.77,68995.99,1906.85983,2024-11-05 19:45:00
1730836800000,68995.99,69539.81,68786.91,69498.0,1186.49762,2024-11-05 20:00:00
1730837700000,69498.0,69500.0,69187.4,69469.5,444.58685,2024-11-05 20:15:00
1730838600000,69469.5,69663.01,69368.59,69512.01,475.69893,2024-11-05 20:30:00
1730839500000,69512.0,69600.0,69409.09,69445.99,387.41248,2024-11-05 20:45:00
1730840400000,69446.0,69551.72,69300.0,69524.01,286.88516,2024-11-05 21:00:00
1730841300000,69524.0,69585.72,69320.0,69511.02,282.95018,2024-11-05 21:15:00
1730842200000,69511.01,69620.0,69484.0,69484.0,110.18929,2024-11-05 21:30:00
1730843100000,69484.0,69484.01,69085.26,69160.0,283.18189,2024-11-05 21:45:00
1730844000000,69160.0,69300.97,69054.3,69198.9,151.83227,2024-11-05 22:00:00
1730844900000,69197.64,69233.97,68888.88,69228.0,453.98847,2024-11-05 22:15:00
1730845800000,69227.99,69546.56,69227.99,69393.39,358.5551,2024-11-05 22:30:00
1730846700000,69393.39,69600.0,69330.0,69594.0,105.77298,2024-11-05 22:45:00
1730847600000,69594.01,69695.23,69490.39,69620.0,236.0814,2024-11-05 23:00:00
1730848500000,69619.99,69809.41,69562.0,69809.41,210.16652,2024-11-05 23:15:00
1730849400000,69809.41,69898.02,69436.61,69459.43,298.37961,2024-11-05 23:30:00
1730850300000,69459.43,69507.14,69294.99,69372.01,293.04498,2024-11-05 23:45:00
1730851200000,69372.01,69765.03,69298.0,69725.99,400.03125,2024-11-06 00:00:00
1730852100000,69725.99,70358.0,69525.0,70319.98,980.36378,2024-11-06 00:15:00
1730853000000,70319.98,71226.0,70314.75,71203.45,1815.73328,2024-11-06 00:30:00
1730853900000,71203.46,71455.0,71000.0,71096.04,1239.4344,2024-11-06 00:45:00
1730854800000,71096.03,71412.03,71096.03,71318.0,1106.31728,2024-11-06 01:00:00
1730855700000,71317.99,71354.0,70606.0,71047.99,1553.21229,2024-11-06 01:15:00
1730856600000,71048.0,71251.0,70876.0,71026.03,893.95491,2024-11-06 01:30:00
1730857500000,71026.04,71281.3,70976.0,71128.81,673.04716,2024-11-06 01:45:00
1730858400000,71128.81,71483.39,70950.22,71299.91,837.69355,2024-11-06 02:00:00
1730859300000,71299.91,72500.0,71290.39,72396.7,2379.67702,2024-11-06 02:15:00
1730860200000,72396.7,72880.0,72380.0,72843.97,1460.5155,2024-11-06 02:30:00
1730861100000,72843.97,73287.21,72766.82,73077.05,2505.80938,2024-11-06 02:45:00
1730862000000,73077.05,75000.0,73070.05,74057.39,7741.013097,2024-11-06 03:00:00
1730862900000,74057.39,74690.9,73500.0,73953.07,2789.84278,2024-11-06 03:15:00
1730863800000,73953.06,74439.52,73796.73,74379.5,1718.29901,2024-11-06 03:30:00
1730864700000,74379.5,74416.74,74133.33,74348.53,1336.25225,2024-11-06 03:45:00
1730865600000,74348.53,74686.98,73912.0,74385.11,1658.59476,2024-11-06 04:00:00
1730866500000,74385.1,74894.72,74342.75,74696.02,1991.29237,2024-11-06 04:15:00
1730867400000,74696.02,74966.7,74466.36,74637.99,1335.20845,2024-11-06 04:30:00
1730868300000,74637.99,74777.42,74228.77,74261.07,1036.85093,2024-11-06 04:45:00
1730869200000,74261.06,74346.0,73638.97,73971.97,1690.91487,2024-11-06 05:00:00
1730870100000,73971.97,74465.54,73890.18,74370.6,1264.17539,2024-11-06 05:15:00
1730871000000,74370.59,74611.1,74276.01,74575.76,925.92386,2024-11-06 05:30:00
1730871900000,74575.75,74850.0,74500.0,74768.38,1036.00278,2024-11-06 05:45:00
1730872800000,74768.38,75118.99,74464.73,74891.99,2631.53114,2024-11-06 06:00:00
1730873700000,74891.98,75407.1,74696.96,74736.76,2329.997731,2024-11-06 06:15:00
1730874600000,74736.76,75076.0,74567.89,74705.16,1587.83087,2024-11-06 06:30:00
1730875500000,74705.16,74790.0,74200.01,74252.57,1399.34073,2024-11-06 06:45:00
1730876400000,74252.56,74659.99,74238.44,74491.68,1000.99949,2024-11-06 07:00:00
1730877300000,74491.68,74630.0,74144.6,74157.99,1234.34885,2024-11-06 07:15:00
1730878200000,74157.98,74282.04,72900.0,73627.98,2465.67591,2024-11-06 07:30:00
1730879100000,73627.99,73834.95,72727.0,73370.89,2476.20989,2024-11-06 07:45:00
1730880000000,73370.89,73539.53,72656.31,73339.9,2208.81809,2024-11-06 08:00:00
1730880900000,73339.9,73401.8,72784.9,73017.99,1217.31827,2024-11-06 08:15:00
1730881800000,73017.99,73374.5,72672.33,73343.99,1310.61652,2024-11-06 08:30:00
1730882700000,73344.0,73514.7,73199.9,73456.04,770.34669,2024-11-06 08:45:00
1730883600000,73456.05,73867.91,73456.04,73763.92,812.34965,2024-11-06 09:00:00
1730884500000,73763.91,73894.92,73567.17,73745.41,665.36141,2024-11-06 09:15:00
1730885400000,73745.41,74083.01,73671.13,73864.0,772.73123,2024-11-06 09:30:00
1730886300000,73863.99,73936.67,73669.99,73756.34,1202.1264,2024-11-06 09:45:00
1730887200000,73756.35,73816.49,73314.85,73458.33,1044.50761,2024-11-06 10:00:00
1730888100000,73458.33,73612.94,73393.93,73528.01,444.11346,2024-11-06 10:15:00
1730889000000,73528.0,73921.89,73401.43,73867.38,598.66223,2024-11-06 10:30:00
1730889900000,73867.39,73944.27,73787.87,73830.01,402.13703,2024-11-06 10:45:00
1730890800000,73830.01,73873.99,73657.27,73829.99,399.65852,2024-11-06 11:00:00
1730891700000,73829.98,74320.79,73822.02,74289.81,832.75887,2024-11-06 11:15:00
1730892600000,74289.81,74475.47,74194.93,74220.01,642.44292,2024-11-06 11:30:00
1730893500000,74220.0,74328.0,74018.14,74272.01,666.44359,2024-11-06 11:45:00
1730894400000,74272.0,74757.58,74266.72,74564.05,834.67056,2024-11-06 12:00:00
1730895300000,74564.05,74680.0,74374.9,74435.26,604.61894,2024-11-06 12:15:00
1730896200000,74435.26,74513.22,74302.62,74367.12,427.97215,2024-11-06 12:30:00
1730897100000,74367.12,74426.02,74166.21,74171.47,486.40756,2024-11-06 12:45:00
1730898000000,74171.48,74271.99,73948.02,74093.88,742.6091,2024-11-06 13:00:00
1730898900000,74093.89,74209.62,73585.78,73900.0,709.65931,2024-11-06 13:15:00
1730899800000,73900.0,74044.0,73777.45,73778.9,384.15378,2024-11-06 13:30:00
1730900700000,73778.91,74060.0,73750.01,73987.05,429.16435,2024-11-06 13:45:00
1730901600000,73987.06,74200.0,73577.22,73848.0,1138.10958,2024-11-06 14:00:00
1730902500000,73848.0,74182.0,73740.0,74168.0,570.73367,2024-11-06 14:15:00
1730903400000,74168.01,74736.03,74108.0,74375.55,1850.14643,2024-11-06 14:30:00
1730904300000,74375.55,74375.56,73488.0,73640.0,1647.20706,2024-11-06 14:45:00
1730905200000,73639.99,74394.0,73514.0,74344.0,1318.7087,2024-11-06 15:00:00
1730906100000,74344.0,74494.65,74084.12,74309.93,870.94601,2024-11-06 15:15:00
1730907000000,74310.01,74313.18,73872.07,74158.34,974.85153,2024-11-06 15:30:00
1730907900000,74159.87,74499.0,74138.01,74298.0,990.08664,2024-11-06 15:45:00
1730908800000,74297.99,74540.0,74182.05,74540.0,797.0679,2024-11-06 16:00:00
1730909700000,74539.99,74566.99,74164.0,74302.01,730.80162,2024-11-06 16:15:00
1730910600000,74302.02,74447.99,74181.81,74192.59,414.6836,2024-11-06 16:30:00
1730911500000,74192.58,74334.0,74150.0,74333.99,494.67182,2024-11-06 16:45:00
1730912400000,74333.99,74576.23,74151.52,74540.58,736.1468,2024-11-06 17:00:00
1730913300000,74540.59,74666.0,74454.89,74522.86,546.23923,2024-11-06 17:15:00
1730914200000,74522.86,74637.29,74456.93,74587.99,449.23466,2024-11-06 17:30:00
1730915100000,74587.98,74625.26,74396.0,74452.01,244.62252,2024-11-06 17:45:00
1730916000000,74452.0,74912.71,74404.57,74839.26,832.01507,2024-11-06 18:00:00
1730916900000,74839.25,74960.0,74736.58,74948.59,687.59363,2024-11-06 18:15:00
1730917800000,74948.6,75000.0,74741.23,74990.0,662.42051,2024-11-06 18:30:00
1730918700000,74990.0,75230.0,74914.0,75229.99,906.87609,2024-11-06 18:45:00
1730919600000,75229.99,75398.0,75046.0,75370.0,855.69929,2024-11-06 19:00:00
1730920500000,75370.0,75522.44,75272.72,75306.01,964.579021,2024-11-06 19:15:00
1730921400000,75306.0,75482.0,75037.87,75472.0,740.99102,2024-11-06 19:30:00
1730922300000,75472.0,75850.0,75413.19,75823.55,1436.748291,2024-11-06 19:45:00
1730923200000,75823.55,75990.0,75540.15,75943.99,1598.534806,2024-11-06 20:00:00
1730924100000,75944.0,75999.99,75614.91,75646.0,792.80947,2024-11-06 20:15:00
1730925000000,75646.0,75753.99,75507.1,75747.0,673.53558,2024-11-06 20:30:00
1730925900000,75747.02,76400.0,75676.65,76101.99,1671.067601,2024-11-06 20:45:00
1730926800000,76101.98,76170.13,75850.0,76070.64,735.92685,2024-11-06 21:00:00
1730927700000,76070.64,76131.6,75762.25,75774.14,515.22455,2024-11-06 21:15:00
1730928600000,75774.15,75858.0,75658.2,75824.12,519.47725,2024-11-06 21:30:00
1730929500000,75824.11,75902.52,75681.67,75890.0,289.7791,2024-11-06 21:45:00
1730930400000,75890.0,76035.5,75714.57,75729.83,359.28648,2024-11-06 22:00:00
1730931300000,75729.83,75890.0,75615.21,75701.97,252.55901,2024-11-06 22:15:00
1730932200000,75701.98,75750.01,75519.94,75621.15,391.18835,2024-11-06 22:30:00
1730933100000,75621.15,75878.52,75600.0,75638.49,344.98131,2024-11-06 22:45:00
1730934000000,75638.5,75724.0,75575.75,75637.09,373.38731,2024-11-06 23:00:00
1730934900000,75637.09,75837.47,75576.2,75816.14,244.50543,2024-11-06 23:15:00
1730935800000,75816.13,75822.0,75560.34,75560.46,186.06506,2024-11-06 23:30:00
1730936700000,75560.45,75639.66,75552.78,75571.99,211.74274,2024-11-06 23:45:00
1730937600000,75571.99,75643.64,75333.45,75411.58,462.35724,2024-11-07 00:00:00
1730938500000,75411.58,75452.0,75178.36,75206.54,376.88493,2024-11-07 00:15:00
1730939400000,75206.53,75323.11,75106.38,75225.76,345.29428,2024-11-07 00:30:00
1730940300000,75225.76,75350.38,75050.0,75349.08,332.39738,2024-11-07 00:45:00
1730941200000,75349.07,75460.14,75228.0,75458.14,455.09131,2024-11-07 01:00:00
1730942100000,75458.14,75623.09,75262.27,75536.0,788.65428,2024-11-07 01:15:00
1730943000000,75536.0,76022.79,75392.36,75396.01,1030.15392,2024-11-07 01:30:00
1730943900000,75396.0,75464.43,75240.37,75386.0,496.67842,2024-11-07 01:45:00
1730944800000,75386.0,75458.0,75258.33,75280.25,317.62141,2024-11-07 02:00:00
1730945700000,75280.26,75423.3,75208.0,75218.74,407.13406,2024-11-07 02:15:00
1730946600000,75218.74,75340.0,75154.19,75165.35,358.71058,2024-11-07 02:30:00
1730947500000,75165.36,75314.6,75141.51,75276.01,378.24719,2024-11-07 02:45:00
1730948400000,75276.01,75276.01,75012.0,75154.02,340.55193,2024-11-07 03:00:00
1730949300000,75154.02,75392.67,75012.0,75358.48,498.79148,2024-11-07 03:15:00
1730950200000,75358.48,75358.48,75079.9,75176.49,320.26747,2024-11-07 03:30:00
1730951100000,75176.5,75221.75,75003.83,75048.01,261.41631,2024-11-07 03:45:00
1730952000000,75048.01,75048.01,74850.0,74860.0,515.86213,2024-11-07 04:00:00
1730952900000,74860.0,74897.43,74794.0,74842.0,492.56569,2024-11-07 04:15:00
1730953800000,74842.0,74888.0,74631.48,74640.0,492.65459,2024-11-07 04:30:00
1730954700000,74639.99,74770.0,74611.5,74707.34,578.71249,2024-11-07 04:45:00
1730955600000,74707.34,74798.8,74670.0,74756.0,330.01394,2024-11-07 05:00:00
1730956500000,74756.0,74889.5,74702.54,74872.0,254.71646,2024-11-07 05:15:00
1730957400000,74872.0,74880.86,74769.4,74769.66,169.58812,2024-11-07 05:30:00
1730958300000,74769.66,74861.5,74721.74,74755.49,137.45824,2024-11-07 05:45:00
1730959200000,74755.49,74760.0,74416.0,74423.38,402.64532,2024-11-07 06:00:00
1730960100000,74423.37,74765.47,74423.37,74717.71,290.53499,2024-11-07 06:15:00
1730961000000,74717.71,74831.07,74460.3,74519.98,347.38571,2024-11-07 06:30:00
1730961900000,74519.98,74778.02,74436.0,74768.27,366.80564,2024-11-07 06:45:00
1730962800000,74768.28,74878.79,74673.67,74844.0,233.98247,2024-11-07 07:00:00
1730963700000,74844.0,74864.0,74776.28,74776.28,217.87021,2024-11-07 07:15:00
1730964600000,74776.28,74944.0,74774.65,74912.0,340.89447,2024-11-07 07:30:00
1730965500000,74912.0,74964.87,74757.57,74757.58,263.42456,2024-11-07 07:45:00
1730966400000,74757.58,75060.6,74649.54,75026.01,506.53109,2024-11-07 08:00:00
1730967300000,75026.01,75137.99,74958.04,75016.27,332.41358,2024-11-07 08:15:00
1730968200000,75016.28,75122.49,74982.49,75064.27,249.56125,2024-11-07 08:30:00
1730969100000,75064.27,75150.0,74990.0,75150.0,220.33417,2024-11-07 08:45:00
1730970000000,75149.99,75150.11,75068.27,75091.99,204.0208,2024-11-07 09:00:00
1730970900000,75092.0,75140.84,74982.0,75090.01,154.37558,2024-11-07 09:15:00
1730971800000,75090.0,75090.0,74935.25,74935.25,140.4543,2024-11-07 09:30:00
1730972700000,74935.25,75018.0,74809.63,74916.76,200.08899,2024-11-07 09:45:00
1730973600000,74916.76,75012.0,74766.0,74999.99,251.93686,2024-11-07 10:00:00
1730974500000,74999.99,75012.0,74848.48,74861.63,185.27697,2024-11-07 10:15:00
1730975400000,74861.63,74912.81,74766.06,74851.97,305.04216,2024-11-07 10:30:00
1730976300000,74851.98,75040.0,74851.97,75031.2,177.66757,2024-11-07 10:45:00
1730977200000,75031.2,75043.5,74880.0,74971.2,149.61589,2024-11-07 11:00:00
1730978100000,74971.2,74981.32,74831.75,74840.55,167.48983,2024-11-07 11:15:00
1730979000000,74840.56,74939.4,74801.0,74826.01,189.3562,2024-11-07 11:30:00
1730979900000,74826.01,74869.16,74691.74,74746.0,332.25939,2024-11-07 11:45:00
1730980800000,74745.99,74981.99,74726.0,74981.98,160.86205,2024-11-07 12:00:00
1730981700000,74981.98,74998.07,74905.85,74958.96,120.02586,2024-11-07 12:15:00
1730982600000,74958.96,75086.05,74910.0,75065.02,165.70844,2024-11-07 12:30:00
1730983500000,75065.02,75118.0,74882.0,74991.88,216.31798,2024-11-07 12:45:00
1730984400000,74991.88,75038.0,74878.78,74928.02,166.53618,2024-11-07 13:00:00
1730985300000,74928.03,74969.47,74795.57,74812.01,201.48434,2024-11-07 13:15:00
1730986200000,74812.0,74812.0,74601.63,74718.0,291.74159,2024-11-07 13:30:00
1730987100000,74717.99,74824.0,74632.92,74672.53,258.88919,2024-11-07 13:45:00
1730988000000,74672.54,74880.0,74577.91,74757.58,377.68483,2024-11-07 14:00:00
1730988900000,74757.58,74900.0,74628.0,74863.49,230.12503,2024-11-07 14:15:00
1730989800000,74863.5,75000.0,74605.13,74668.23,1182.35994,2024-11-07 14:30:00
1730990700000,74668.22,74914.0,74512.19,74822.0,478.33746,2024-11-07 14:45:00
1730991600000,74822.0,75263.08,74675.05,75225.01,816.65396,2024-11-07 15:00:00
1730992500000,75225.01,75456.0,75202.08,75399.99,978.61108,2024-11-07 15:15:00
1730993400000,75399.99,75781.51,75226.88,75663.97,852.41852,2024-11-07 15:30:00
1730994300000,75663.98,76059.69,75534.61,76059.69,1102.19355,2024-11-07 15:45:00
1730995200000,76059.68,76200.0,75689.86,75768.0,953.43331,2024-11-07 16:00:00
1730996100000,75768.0,75768.0,75555.17,75628.87,1127.44677,2024-11-07 16:15:00
1730997000000,75628.88,75830.7,75560.0,75729.98,616.58586,2024-11-07 16:30:00
1730997900000,75729.98,75975.99,75705.98,75893.99,457.90735,2024-11-07 16:45:00
1730998800000,75893.98,76150.0,75739.9,76093.99,638.11173,2024-11-07 17:00:00
1730999700000,76094.0,76283.25,76005.79,76236.01,1274.22465,2024-11-07 17:15:00
1731000600000,76236.01,76378.58,76086.26,76242.46,652.21045,2024-11-07 17:30:00
1731001500000,76242.46,76466.48,76191.27,76257.89,612.6531,2024-11-07 17:45:00
1731002400000,76257.9,76378.0,75671.09,76044.0,1182.30005,2024-11-07 18:00:00
1731003300000,76044.0,76398.0,76020.0,76387.99,822.14875,2024-11-07 18:15:00
1731004200000,76387.98,76667.0,76286.01,76494.01,1712.891325,2024-11-07 18:30:00
1731005100000,76494.01,76718.99,76491.48,76604.01,657.96454,2024-11-07 18:45:00
1731006000000,76604.0,76612.0,76140.0,76477.36,966.6574,2024-11-07 19:00:00
1731006900000,76477.36,76559.67,75906.56,76272.72,797.71231,2024-11-07 19:15:00
1731007800000,76272.72,76392.81,75936.45,76131.99,780.03749,2024-11-07 19:30:00
1731008700000,76131.99,76530.4,76092.96,76530.39,597.99834,2024-11-07 19:45:00
1731009600000,76530.4,76638.0,76440.0,76607.93,718.74648,2024-11-07 20:00:00
1731010500000,76607.93,76849.99,76391.14,76426.35,1160.29901,2024-11-07 20:15:00
1731011400000,76426.35,76666.0,76309.22,76370.0,685.53551,2024-11-07 20:30:00
1731012300000,76370.0,76551.99,76268.52,76431.48,527.32856,2024-11-07 20:45:00
1731013200000,76431.49,76572.0,76376.32,76384.2,426.55911,2024-11-07 21:00:00
1731014100000,76384.2,76410.0,76226.9,76328.01,256.37931,2024-11-07 21:15:00
1731015000000,76328.01,76337.62,76036.5,76055.71,365.98838,2024-11-07 21:30:00
1731015900000,76055.71,76097.99,75860.0,75876.49,405.80879,2024-11-07 21:45:00
1731016800000,75876.49,75984.0,75625.09,75674.0,358.76267,2024-11-07 22:00:00
1731017700000,75673.99,75740.0,75494.0,75631.28,566.77399,2024-11-07 22:15:00
1731018600000,75631.28,75832.0,75631.27,75800.91,203.44354,2024-11-07 22:30:00
1731019500000,75800.91,75872.0,75716.0,75872.0,155.09346,2024-11-07 22:45:00
1731020400000,75872.0,76020.0,75700.0,75817.99,395.47877,2024-11-07 23:00:00
1731021300000,75818.0,75945.42,75799.52,75851.16,227.48339,2024-11-07 23:15:00
1731022200000,75851.17,76020.0,75815.66,76019.99,304.67394,2024-11-07 23:30:00
1731023100000,76019.98,76079.8,75839.52,75857.89,289.04216,2024-11-07 23:45:00
1731024000000,75857.89,76100.0,75844.99,75983.99,374.87077,2024-11-08 00:00:00
1731024900000,75983.99,76317.33,75960.0,76228.0,499.07125,2024-11-08 00:15:00
1731025800000,76227.99,76358.0,76108.1,76157.52,358.36091,2024-11-08 00:30:00
1731026700000,76157.51,76228.38,76000.0,76005.25,335.00301,2024-11-08 00:45:00
1731027600000,76005.24,76167.65,75985.36,76121.21,254.72529,2024-11-08 01:00:00
1731028500000,76121.21,76329.63,76009.53,76223.99,314.04993,2024-11-08 01:15:00
1731029400000,76223.99,76246.0,75832.14,75955.99,338.41439,2024-11-08 01:30:00
1731030300000,75955.98,76120.0,75880.0,75983.91,232.24555,2024-11-08 01:45:00
1731031200000,75983.91,76020.0,75799.99,75803.75,223.01831,2024-11-08 02:00:00
1731032100000,75803.76,75868.0,75660.74,75711.92,183.02756,2024-11-08 02:15:00
1731033000000,75711.91,75814.0,75652.65,75672.01,179.18499,2024-11-08 02:30:00
1731033900000,75672.0,75758.0,75661.03,75711.14,123.9643,2024-11-08 02:45:00
1731034800000,75711.15,75887.4,75555.0,75850.0,587.92271,2024-11-08 03:00:00
1731035700000,75850.01,75878.0,75750.0,75750.01,140.13692,2024-11-08 03:15:00
1731036600000,75750.0,75788.76,75641.4,75785.99,131.04008,2024-11-08 03:30:00
1731037500000,75786.0,75890.8,75780.0,75890.79,141.5415,2024-11-08 03:45:00
1731038400000,75890.79,75938.76,75826.0,75915.99,146.49855,2024-11-08 04:00:00
1731039300000,75915.98,76026.0,75915.98,75954.0,266.56638,2024-11-08 04:15:00
1731040200000,75954.0,76023.75,75871.7,75878.79,156.11783,2024-11-08 04:30:00
1731041100000,75878.79,75916.0,75808.04,75832.14,124.44928,2024-11-08 04:45:00
1731042000000,75832.13,75990.0,75800.0,75948.79,224.91003,2024-11-08 05:00:00
1731042900000,75948.79,75989.99,75835.29,75989.99,219.82032,2024-11-08 05:15:00
1731043800000,75989.99,76139.83,75969.13,76037.55,474.90036,2024-11-08 05:30:00
1731044700000,76037.56,76066.0,75954.0,75975.32,138.66694,2024-11-08 05:45:00
1731045600000,75975.32,75984.13,75880.38,75953.99,193.85734,2024-11-08 06:00:00
1731046500000,75954.0,76012.82,75873.11,75913.99,131.79959,2024-11-08 06:15:00
1731047400000,75913.99,75950.0,75859.9,75908.27,128.98821,2024-11-08 06:30:00
1731048300000,75908.27,75948.7,75830.0,75876.0,141.74751,2024-11-08 06:45:00
1731049200000,75876.0,75900.0,75686.0,75752.0,248.53738,2024-11-08 07:00:00
1731050100000,75752.0,75997.6,75708.0,75997.6,218.79015,2024-11-08 07:15:00
1731051000000,75997.59,76173.04,75935.5,76100.01,899.99635,2024-11-08 07:30:00
1731051900000,76100.0,76220.0,76081.94,76148.49,1285.71502,2024-11-08 07:45:00
1731052800000,76148.49,76164.0,75807.47,75844.42,403.54832,2024-11-08 08:00:00
1731053700000,75844.41,75937.95,75760.0,75894.06,268.33409,2024-11-08 08:15:00
1731054600000,75894.05,75920.0,75771.75,75803.0,177.31904,2024-11-08 08:30:00
1731055500000,75803.0,75877.7,75766.0,75802.0,226.10202,2024-11-08 08:45:00
1731056400000,75802.0,75933.99,75777.16,75899.99,232.1794,2024-11-08 09:00:00
1731057300000,75899.99,76058.0,75898.0,76000.01,193.0851,2024-11-08 09:15:00
1731058200000,76000.01,76073.78,75932.0,76036.52,191.96654,2024-11-08 09:30:00
1731059100000,76036.52,76036.52,75924.55,75947.69,154.56088,2024-11-08 09:45:00
1731060000000,75947.68,75947.69,75780.7,75856.04,192.4132,2024-11-08 10:00:00
1731060900000,75856.04,76013.0,75818.0,76012.99,124.84099,2024-11-08 10:15:00
1731061800000,76013.0,76094.92,75926.51,76094.83,137.04688,2024-11-08 10:30:00
1731062700000,76094.82,76320.0,76036.0,76229.98,313.85846,2024-11-08 10:45:00
1731063600000,76229.97,76284.6,76130.0,76150.0,194.3007,2024-11-08 11:00:00
1731064500000,76149.99,76204.0,76100.0,76140.0,214.07496,2024-11-08 11:15:00
1731065400000,76140.01,76160.0,76060.6,76106.83,149.72464,2024-11-08 11:30:00
1731066300000,76106.83,76132.0,75924.0,75934.46,147.89338,2024-11-08 11:45:00
1731067200000,75934.47,76050.23,75934.46,75971.41,183.51156,2024-11-08 12:00:00
1731068100000,75971.4,76056.92,75941.11,75993.99,156.65637,2024-11-08 12:15:00
1731069000000,75993.99,76166.0,75950.01,76066.41,295.42312,2024-11-08 12:30:00
1731069900000,76066.42,76172.0,76016.28,76067.55,163.53536,2024-11-08 12:45:00
1731070800000,76067.56,76092.58,75864.0,75902.28,336.30722,2024-11-08 13:00:00
1731071700000,75902.27,76002.0,75860.0,75917.46,337.07104,2024-11-08 13:15:00
1731072600000,75917.47,75994.0,75846.09,75988.01,239.73136,2024-11-08 13:30:00
1731073500000,75988.01,76279.71,75988.0,76268.13,348.33826,2024-11-08 13:45:00
1731074400000,76268.13,76309.13,76035.31,76035.31,713.60369,2024-11-08 14:00:00
1731075300000,76035.31,76141.92,75965.0,76139.6,419.90459,2024-11-08 14:15:00
1731076200000,76139.6,76232.74,75672.0,75704.4,1153.84346,2024-11-08 14:30:00
1731077100000,75704.39,75866.0,75630.76,75752.0,737.40877,2024-11-08 14:45:00
1731078000000,75752.01,76000.0,75636.36,75893.08,569.4184,2024-11-08 15:00:00
1731078900000,75893.08,76489.83,75796.01,76399.21,1413.89635,2024-11-08 15:15:00
1731079800000,76399.21,76584.6,76264.0,76288.79,1062.30352,2024-11-08 15:30:00
1731080700000,76288.79,76440.53,75906.41,76427.72,1130.40902,2024-11-08 15:45:00
1731081600000,76427.72,76514.99,76222.93,76329.81,559.88907,2024-11-08 16:00:00
1731082500000,76328.93,76381.98,76182.0,76183.58,329.08598,2024-11-08 16:15:00
1731083400000,76183.59,76212.13,75834.0,75900.0,817.1678,2024-11-08 16:30:00
1731084300000,75899.99,76113.99,75850.0,75919.3,395.88287,2024-11-08 16:45:00
1731085200000,75919.3,76090.39,75826.0,75869.16,369.4022,2024-11-08 17:00:00
1731086100000,75869.16,76027.51,75822.07,75942.0,283.60547,2024-11-08 17:15:00
1731087000000,75942.0,76281.44,75869.83,76261.99,516.76482,2024-11-08 17:30:00
1731087900000,76262.0,76522.0,76206.83,76385.99,747.95457,2024-11-08 17:45:00
1731088800000,76386.0,76491.96,76342.0,76402.36,347.42081,2024-11-08 18:00:00
1731089700000,76402.36,76582.97,76345.35,76570.0,504.44483,2024-11-08 18:15:00
1731090600000,76569.99,76999.0,76530.0,76819.21,1247.39283,2024-11-08 18:30:00
1731091500000,76819.21,76968.0,76675.0,76812.0,516.61058,2024-11-08 18:45:00
1731092400000,76812.0,76987.0,76791.93,76956.63,486.88013,2024-11-08 19:00:00
1731093300000,76956.62,77000.0,76801.0,77000.0,708.29084,2024-11-08 19:15:00
1731094200000,77000.0,77169.37,76699.05,77087.98,790.017083,2024-11-08 19:30:00
1731095100000,77087.99,77199.99,76910.0,76912.58,826.05382,2024-11-08 19:45:00
1731096000000,76912.58,77097.0,76728.0,76742.26,686.43921,2024-11-08 20:00:00
1731096900000,76742.25,76803.99,76421.56,76480.0,961.48602,2024-11-08 20:15:00
1731097800000,76480.0,76648.15,76414.63,76610.0,513.53376,2024-11-08 20:30:00
1731098700000,76610.0,76734.68,76496.96,76591.33,549.55466,2024-11-08 20:45:00
1731099600000,76591.33,76695.99,76560.0,76560.01,475.89798,2024-11-08 21:00:00
1731100500000,76560.0,76560.0,76379.36,76428.01,302.53405,2024-11-08 21:15:00
1731101400000,76428.0,76646.99,76393.93,76500.0,196.66396,2024-11-08 21:30:00
1731102300000,76500.0,76516.3,76405.53,76483.09,129.52437,2024-11-08 21:45:00
1731103200000,76483.08,76600.0,76449.0,76512.64,137.42208,2024-11-08 22:00:00
1731104100000,76512.63,76622.7,76428.0,76612.01,237.72267,2024-11-08 22:15:00
1731105000000,76612.0,76619.74,76421.02,76509.23,142.50947,2024-11-08 22:30:00
1731105900000,76509.02,76509.02,76303.03,76369.12,152.49392,2024-11-08 22:45:00
1731106800000,76369.13,76453.83,76300.23,76446.01,194.22705,2024-11-08 23:00:00
1731107700000,76446.0,76484.0,76390.11,76398.01,117.73833,2024-11-08 23:15:00
1731108600000,76398.0,76466.71,76344.17,76446.23,132.78835,2024-11-08 23:30:00
1731109500000,76446.24,76530.03,76446.23,76509.78,143.1506,2024-11-08 23:45:00
1731110400000,76509.78,76604.0,76424.24,76593.86,117.06397,2024-11-09 00:00:00
1731111300000,76593.86,76638.44,76530.0,76530.0,172.38593,2024-11-09 00:15:00
1731112200000,76530.0,76639.84,76430.0,76620.75,141.25041,2024-11-09 00:30:00
1731113100000,76620.76,76620.76,76363.63,76430.0,379.3347,2024-11-09 00:45:00
1731114000000,76430.0,76541.65,76383.29,76506.35,156.28854,2024-11-09 01:00:00
1731114900000,76506.35,76511.99,76330.15,76332.23,161.17528,2024-11-09 01:15:00
1731115800000,76332.22,76414.0,76256.0,76413.99,150.14244,2024-11-09 01:30:00
1731116700000,76413.99,76414.0,76256.0,76310.0,115.58755,2024-11-09 01:45:00
1731117600000,76310.0,76328.0,76200.0,76223.38,204.4703,2024-11-09 02:00:00
1731118500000,76223.37,76280.0,76136.0,76252.24,206.0857,2024-11-09 02:15:00
1731119400000,76252.24,76323.13,76188.16,76259.72,133.22981,2024-11-09 02:30:00
1731120300000,76259.72,76430.44,76250.55,76422.98,126.02976,2024-11-09 02:45:00
1731121200000,76422.97,76440.0,76271.74,76337.94,138.79349,2024-11-09 03:00:00
1731122100000,76337.94,76355.86,76244.0,76299.74,104.10609,2024-11-09 03:15:00
1731123000000,76299.74,76329.5,76240.08,76329.5,89.00107,2024-11-09 03:30:00
1731123900000,76329.49,76355.86,76266.0,76341.47,103.35209,2024-11-09 03:45:00
1731124800000,76341.47,76392.99,76341.47,76344.64,85.89435,2024-11-09 04:00:00
1731125700000,76344.63,76399.74,76344.63,76362.69,55.36391,2024-11-09 04:15:00
1731126600000,76362.7,76400.0,76294.0,76400.0,125.76242,2024-11-09 04:30:00
1731127500000,76399.99,76406.12,76356.0,76377.99,62.60515,2024-11-09 04:45:00
1731128400000,76377.99,76438.0,76358.6,76405.88,66.72501,2024-11-09 05:00:00
1731129300000,76405.88,76449.0,76367.29,76390.02,128.69324,2024-11-09 05:15:00
1731130200000,76390.02,76632.0,76368.0,76590.0,266.49897,2024-11-09 05:30:00
1731131100000,76590.0,76657.13,76516.75,76552.0,324.22602,2024-11-09 05:45:00
1731132000000,76552.0,76795.69,76504.0,76700.8,333.21751,2024-11-09 06:00:00
1731132900000,76700.8,76725.4,76600.0,76630.69,184.03849,2024-11-09 06:15:00
1731133800000,76630.68,76640.0,76408.01,76480.01,356.77483,2024-11-09 06:30:00
1731134700000,76480.01,76545.53,76439.87,76510.0,175.84482,2024-11-09 06:45:00
1731135600000,76510.01,76527.04,76442.0,76484.0,182.23693,2024-11-09 07:00:00
1731136500000,76484.0,76528.0,76354.0,76392.0,150.29366,2024-11-09 07:15:00
1731137400000,76392.01,76447.81,76378.14,76396.03,120.97636,2024-11-09 07:30:00
1731138300000,76396.03,76529.08,76384.36,76529.08,205.73148,2024-11-09 07:45:00
1731139200000,76529.07,76536.25,76436.0,76521.99,114.80797,2024-11-09 08:00:00
1731140100000,76522.0,76616.37,76522.0,76579.99,108.29008,2024-11-09 08:15:00
1731141000000,76580.0,76646.0,76549.55,76632.09,141.57776,2024-11-09 08:30:00
1731141900000,76632.09,76735.59,76532.3,76539.99,174.12493,2024-11-09 08:45:00
1731142800000,76539.99,76636.37,76539.99,76597.14,131.11695,2024-11-09 09:00:00
1731143700000,76597.15,76620.0,76506.9,76541.99,168.84764,2024-11-09 09:15:00
1731144600000,76541.99,76598.0,76513.43,76540.69,158.35434,2024-11-09 09:30:00
1731145500000,76540.69,76586.27,76534.0,76554.0,64.01373,2024-11-09 09:45:00
1731146400000,76554.0,76594.0,76543.72,76582.0,126.99247,2024-11-09 10:00:00
1731147300000,76582.0,76620.0,76523.98,76523.98,129.98933,2024-11-09 10:15:00
1731148200000,76523.98,76523.99,76415.89,76457.1,169.12139,2024-11-09 10:30:00
1731149100000,76457.1,76494.0,76442.72,76468.01,94.31564,2024-11-09 10:45:00
1731150000000,76468.01,76511.78,76429.5,76437.31,97.23851,2024-11-09 11:00:00
1731150900000,76437.3,76450.0,76358.91,76370.55,121.36994,2024-11-09 11:15:00
1731151800000,76370.55,76433.02,76370.54,76420.0,62.14268,2024-11-09 11:30:00
1731152700000,76419.99,76500.0,76419.99,76487.11,94.34417,2024-11-09 11:45:00
1731153600000,76487.11,76541.53,76393.0,76393.01,130.85694,2024-11-09 12:00:00
1731154500000,76393.01,76448.83,76353.61,76406.02,169.96755,2024-11-09 12:15:00
1731155400000,76406.02,76406.03,76325.1,76342.03,108.51722,2024-11-09 12:30:00
1731156300000,76342.03,76342.43,76280.0,76280.27,209.89089,2024-11-09 12:45:00
1731157200000,76280.26,76348.69,76280.26,76347.99,129.64399,2024-11-09 13:00:00
1731158100000,76347.99,76352.0,76285.24,76333.34,80.35798,2024-11-09 13:15:00
1731159000000,76333.34,76460.0,76291.3,76390.0,197.76094,2024-11-09 13:30:00
1731159900000,76390.01,76495.77,76333.77,76426.39,473.926,2024-11-09 13:45:00
1731160800000,76426.4,76440.82,76293.01,76334.4,140.54865,2024-11-09 14:00:00
1731161700000,76334.4,76351.63,76272.72,76341.64,139.6876,2024-11-09 14:15:00
1731162600000,76341.64,76341.64,76284.0,76284.8,239.66566,2024-11-09 14:30:00
1731163500000,76284.79,76393.0,76284.32,76355.61,136.67113,2024-11-09 14:45:00
1731164400000,76355.61,76372.62,76300.0,76316.01,229.67142,2024-11-09 15:00:00
1731165300000,76316.01,76375.99,76316.0,76339.74,44.81333,2024-11-09 15:15:00
1731166200000,76339.74,76416.52,76339.73,76368.53,86.40677,2024-11-09 15:30:00
1731167100000,76368.54,76368.54,76301.81,76319.9,57.95161,2024-11-09 15:45:00
1731168000000,76319.91,76324.84,76251.0,76251.01,286.32398,2024-11-09 16:00:00
1731168900000,76251.01,76282.0,76066.24,76104.99,685.21423,2024-11-09 16:15:00
1731169800000,76104.99,76188.0,76058.0,76079.2,131.00601,2024-11-09 16:30:00
1731170700000,76079.21,76150.0,76062.0,76087.18,98.16295,2024-11-09 16:45:00
1731171600000,76087.19,76087.19,75853.18,75861.32,393.01105,2024-11-09 17:00:00
1731172500000,75861.32,75985.96,75714.66,75977.08,332.34682,2024-11-09 17:15:00
1731173400000,75977.08,76096.0,75951.23,76025.77,112.87168,2024-11-09 17:30:00
1731174300000,76025.76,76238.77,75999.87,76238.77,139.9512,2024-11-09 17:45:00
1731175200000,76238.77,76280.0,76198.0,76198.99,175.74371,2024-11-09 18:00:00
1731176100000,76199.0,76358.26,76198.0,76308.0,193.9744,2024-11-09 18:15:00
1731177000000,76308.0,76368.0,76292.47,76337.27,73.75891,2024-11-09 18:30:00
1731177900000,76337.27,76387.19,76329.11,76356.53,86.73789,2024-11-09 18:45:00
1731178800000,76356.53,76700.0,76314.0,76498.0,781.81146,2024-11-09 19:00:00
1731179700000,76497.99,76540.0,76358.0,76362.21,212.73947,2024-11-09 19:15:00
1731180600000,76362.21,76362.21,76116.0,76126.24,201.00002,2024-11-09 19:30:00
1731181500000,76126.24,76205.08,76125.24,76204.92,54.02996,2024-11-09 19:45:00
1731182400000,76204.91,76340.0,76179.0,76285.86,93.4187,2024-11-09 20:00:00
1731183300000,76285.86,76360.0,76236.0,76331.89,101.24158,2024-11-09 20:15:00
1731184200000,76331.89,76349.28,76269.24,76333.61,78.0528,2024-11-09 20:30:00
1731185100000,76333.61,76333.62,76227.79,76294.0,61.6319,2024-11-09 20:45:00
1731186000000,76293.99,76306.0,76227.52,76241.61,79.83405,2024-11-09 21:00:00
1731186900000,76241.61,76486.0,76228.35,76448.0,122.43176,2024-11-09 21:15:00
1731187800000,76448.0,76448.0,76341.61,76415.37,138.34015,2024-11-09 21:30:00
1731188700000,76415.38,76460.61,76363.63,76451.6,68.02113,2024-11-09 21:45:00
1731189600000,76451.61,76459.91,76365.25,76387.27,62.29777,2024-11-09 22:00:00
1731190500000,76387.28,76462.87,76375.78,76462.86,63.00554,2024-11-09 22:15:00
1731191400000,76462.86,76518.61,76441.18,76518.61,147.75938,2024-11-09 22:30:00
1731192300000,76518.6,76606.34,76365.95,76519.9,337.56888,2024-11-09 22:45:00
1731193200000,76519.9,76750.9,76474.0,76618.86,402.46368,2024-11-09 23:00:00
1731194100000,76618.86,76858.31,76574.0,76817.24,634.19729,2024-11-09 23:15:00
1731195000000,76817.24,76900.0,76730.0,76894.76,312.05742,2024-11-09 23:30:00
1731195900000,76894.76,76900.0,76581.12,76677.46,424.90789,2024-11-09 23:45:00
1731196800000,76677.46,76714.96,76492.0,76689.47,419.47255,2024-11-10 00:00:00
1731197700000,76689.47,76900.0,76610.88,76796.01,519.27185,2024-11-10 00:15:00
1731198600000,76796.01,76895.0,76666.66,76894.99,181.21472,2024-11-10 00:30:00
1731199500000,76894.99,77100.0,76858.66,76884.01,728.59156,2024-11-10 00:45:00
1731200400000,76884.01,76964.0,76700.0,76707.07,263.59367,2024-11-10 01:00:00
1731201300000,76707.07,76800.0,76679.36,76788.43,250.4055,2024-11-10 01:15:00
1731202200000,76788.44,76849.99,76684.0,76711.06,181.69465,2024-11-10 01:30:00
1731203100000,76711.06,76800.0,76680.0,76702.31,157.40393,2024-11-10 01:45:00
1731204000000,76702.31,76914.0,76661.4,76875.3,261.10179,2024-11-10 02:00:00
1731204900000,76875.31,77498.0,76875.3,77284.0,1197.927865,2024-11-10 02:15:00
1731205800000,77284.0,77397.4,77140.44,77392.53,416.65162,2024-11-10 02:30:00
1731206700000,77392.53,77486.85,77019.46,77033.99,637.29719,2024-11-10 02:45:00
1731207600000,77033.99,77240.0,76985.43,77216.0,367.9619,2024-11-10 03:00:00
1731208500000,77216.0,77426.68,77212.8,77397.99,317.14087,2024-11-10 03:15:00
1731209400000,77397.99,77398.0,77263.35,77347.6,168.9021,2024-11-10 03:30:00
1731210300000,77347.59,77347.6,77184.84,77205.96,168.8332,2024-11-10 03:45:00
1731211200000,77205.97,77336.67,77138.0,77312.84,136.12664,2024-11-10 04:00:00
1731212100000,77312.83,77338.55,77265.06,77288.23,151.38481,2024-11-10 04:15:00
1731213000000,77288.23,77997.0,77288.22,77867.39,1575.079515,2024-11-10 04:30:00
1731213900000,77867.39,79323.74,77867.39,79122.02,3695.089748,2024-11-10 04:45:00
1731214800000,79122.02,79327.0,78803.38,79042.03,2108.22753,2024-11-10 05:00:00
1731215700000,79042.03,79788.96,79042.03,79653.01,1607.758709,2024-11-10 05:15:00
1731216600000,79653.0,79759.2,79378.23,79568.17,1261.0257,2024-11-10 05:30:00
1731217500000,79568.17,79623.34,78994.0,79064.16,1072.41124,2024-11-10 05:45:00
1731218400000,79064.16,79249.97,78906.12,79145.27,800.63123,2024-11-10 06:00:00
1731219300000,79145.27,79152.0,78925.19,78925.2,599.71307,2024-11-10 06:15:00
1731220200000,78925.19,78925.2,78690.0,78739.69,539.59515,2024-11-10 06:30:00
1731221100000,78739.69,78903.42,78612.0,78903.42,439.90773,2024-11-10 06:45:00
1731222000000,78903.42,79098.0,78903.41,79017.49,524.4082,2024-11-10 07:00:00
1731222900000,79017.49,79148.94,78926.0,78940.29,384.80011,2024-11-10 07:15:00
1731223800000,78940.29,79020.0,78814.01,78859.91,346.65238,2024-11-10 07:30:00
1731224700000,78859.91,78899.03,78743.98,78832.37,318.91374,2024-11-10 07:45:00
1731225600000,78832.36,79053.36,78832.36,78972.0,234.49741,2024-11-10 08:00:00
1731226500000,78971.99,79095.31,78928.32,79056.02,302.11619,2024-11-10 08:15:00
1731227400000,79056.02,79087.22,78920.0,78920.01,272.78967,2024-11-10 08:30:00
1731228300000,78920.0,79137.83,78908.12,79130.1,240.38667,2024-11-10 08:45:00
1731229200000,79130.09,79312.82,79122.0,79228.88,379.8903,2024-11-10 09:00:00
1731230100000,79228.88,79397.0,79207.25,79336.56,272.09575,2024-11-10 09:15:00
1731231000000,79336.56,79486.35,79309.78,79441.96,315.24825,2024-11-10 09:30:00
1731231900000,79441.97,79494.67,79324.0,79368.0,323.09961,2024-11-10 09:45:00
1731232800000,79367.99,79450.0,79307.06,79316.39,363.23106,2024-11-10 10:00:00
1731233700000,79316.39,79346.0,79280.0,79293.95,265.40057,2024-11-10 10:15:00
1731234600000,79293.95,79769.88,79290.76,79451.3,756.4157,2024-11-10 10:30:00
1731235500000,79451.3,79627.99,79440.0,79540.74,353.28936,2024-11-10 10:45:00
1731236400000,79540.75,79918.49,79540.74,79756.03,973.229986,2024-11-10 11:00:00
1731237300000,79756.02,79975.68,79644.0,79736.0,595.8492,2024-11-10 11:15:00
1731238200000,79736.0,79949.99,79691.65,79880.0,401.92565,2024-11-10 11:30:00
1731239100000,79880.0,80040.0,79834.0,79844.01,1310.090696,2024-11-10 11:45:00
1731240000000,79844.0,80080.0,79300.0,79425.33,1490.08294,2024-11-10 12:00:00
1731240900000,79425.33,79580.0,79300.0,79300.0,804.40073,2024-11-10 12:15:00
1731241800000,79300.01,79444.22,79268.15,79434.02,563.05206,2024-11-10 12:30:00
1731242700000,79434.02,79674.0,79342.0,79654.0,412.7479,2024-11-10 12:45:00
1731243600000,79654.0,79704.0,79540.0,79594.0,293.3791,2024-11-10 13:00:00
1731244500000,79594.0,79879.97,79550.0,79879.97,411.73611,2024-11-10 13:15:00
1731245400000,79879.96,79899.9,79716.22,79806.0,325.48793,2024-11-10 13:30:00
1731246300000,79805.99,79806.0,79626.0,79728.01,428.26098,2024-11-10 13:45:00
1731247200000,79728.01,79831.0,79598.0,79808.52,354.62143,2024-11-10 14:00:00
1731248100000,79808.52,79960.0,79720.65,79720.65,554.19122,2024-11-10 14:15:00
1731249000000,79720.0,79796.0,79311.5,79382.0,657.38115,2024-11-10 14:30:00
1731249900000,79382.0,79657.44,79200.0,79508.01,1193.30901,2024-11-10 14:45:00
1731250800000,79508.0,79694.0,79379.9,79693.99,361.00243,2024-11-10 15:00:00
1731251700000,79693.99,79756.79,79444.0,79594.0,468.71532,2024-11-10 15:15:00
1731252600000,79594.0,79726.96,79532.0,79696.01,473.7754,2024-11-10 15:30:00
1731253500000,79696.0,79758.88,79655.18,79694.03,224.49112,2024-11-10 15:45:00
1731254400000,79694.03,79764.0,79554.0,79662.0,501.23689,2024-11-10 16:00:00
1731255300000,79662.0,79711.33,79486.01,79711.33,248.13712,2024-11-10 16:15:00
1731256200000,79711.32,79782.29,79669.45,79772.01,378.64938,2024-11-10 16:30:00
1731257100000,79772.0,79782.29,79630.0,79775.99,185.87116,2024-11-10 16:45:00
1731258000000,79776.0,79795.85,79678.04,79678.04,153.10466,2024-11-10 17:00:00
1731258900000,79678.04,79794.0,79648.0,79782.01,117.05591,2024-11-10 17:15:00
1731259800000,79782.01,80349.0,79782.0,80200.01,1377.50164,2024-11-10 17:30:00
1731260700000,80200.01,80703.1,80064.0,80333.01,1439.701699,2024-11-10 17:45:00
1731261600000,80333.01,80875.0,80333.01,80712.01,1041.24352,2024-11-10 18:00:00
1731262500000,80712.0,81069.99,80577.7,80840.0,1276.756802,2024-11-10 18:15:00
1731263400000,80839.99,80941.03,80700.0,80721.9,755.24615,2024-11-10 18:30:00
1731264300000,80721.9,80850.0,80499.98,80538.04,625.10857,2024-11-10 18:45:00
1731265200000,80538.04,80845.19,80480.0,80670.98,463.89812,2024-11-10 19:00:00
1731266100000,80670.98,80670.99,80191.99,80284.01,724.63419,2024-11-10 19:15:00
1731267000000,80284.0,80363.97,79782.29,79798.0,721.83498,2024-11-10 19:30:00
1731267900000,79798.0,79846.78,79324.59,79748.99,1304.78657,2024-11-10 19:45:00
1731268800000,79748.99,79907.66,79373.76,79429.34,825.78147,2024-11-10 20:00:00
1731269700000,79429.33,79547.75,79215.0,79461.02,628.85445,2024-11-10 20:15:00
1731270600000,79461.01,79605.76,79130.27,79216.0,1250.66717,2024-11-10 20:30:00
1731271500000,79216.0,79319.96,78940.77,78950.01,812.52897,2024-11-10 20:45:00
1731272400000,78950.0,79100.0,78473.13,78897.81,1002.19408,2024-11-10 21:00:00
1731273300000,78897.81,79584.0,78890.01,79560.01,665.72345,2024-11-10 21:15:00
1731274200000,79560.0,79714.0,79418.6,79520.95,346.46201,2024-11-10 21:30:00
1731275100000,79520.94,80004.09,79520.94,79873.97,780.5008,2024-11-10 21:45:00
1731276000000,79873.98,80376.0,79788.01,80310.0,665.85373,2024-11-10 22:00:00
1731276900000,80309.99,81500.0,80300.0,80849.73,1842.939025,2024-11-10 22:15:00
1731277800000,80849.72,81067.81,80285.85,80412.37,830.71285,2024-11-10 22:30:00
1731278700000,80412.37,80700.0,80095.19,80614.01,404.76176,2024-11-10 22:45:00
1731279600000,80614.0,80700.0,80166.66,80352.32,629.20522,2024-11-10 23:00:00
1731280500000,80353.98,80571.47,80269.99,80347.99,589.43601,2024-11-10 23:15:00
1731281400000,80348.0,80538.0,79945.23,80218.0,625.00097,2024-11-10 23:30:00
1731282300000,80218.01,80431.99,80138.27,80370.01,439.32974,2024-11-10 23:45:00
1731283200000,80370.01,80513.99,80216.01,80368.0,364.43519,2024-11-11 00:00:00
1731284100000,80368.0,80803.0,80299.99,80722.0,467.57727,2024-11-11 00:15:00
1731285000000,80722.0,80785.0,80461.12,80602.71,328.42058,2024-11-11 00:30:00
1731285900000,80602.7,80666.0,80438.0,80579.99,357.76447,2024-11-11 00:45:00
1731286800000,80579.99,80660.0,80366.02,80530.0,375.45197,2024-11-11 01:00:00
1731287700000,80529.99,80815.63,80406.18,80783.98,407.00135,2024-11-11 01:15:00
1731288600000,80783.98,81326.0,80764.48,81294.37,897.09034,2024-11-11 01:30:00
1731289500000,81294.37,81730.0,81128.26,81214.0,1065.421167,2024-11-11 01:45:00
1731290400000,81213.99,81518.39,81032.0,81316.78,533.43452,2024-11-11 02:00:00
1731291300000,81316.78,81494.0,81241.36,81424.0,348.26613,2024-11-11 02:15:00
1731292200000,81424.0,81519.19,81202.1,81287.13,577.22834,2024-11-11 02:30:00
1731293100000,81287.13,81441.62,81160.0,81431.17,399.51777,2024-11-11 02:45:00
1731294000000,81431.18,81431.18,81208.08,81335.99,323.03445,2024-11-11 03:00:00
1731294900000,81336.0,81340.0,80946.0,80948.0,425.22506,2024-11-11 03:15:00
1731295800000,80948.0,81410.0,80947.99,81380.0,348.98403,2024-11-11 03:30:00
1731296700000,81379.99,81846.71,81374.0,81612.23,647.945565,2024-11-11 03:45:00
1731297600000,81612.23,81727.47,81500.52,81574.02,418.95065,2024-11-11 04:00:00
1731298500000,81574.02,81574.02,81116.53,81206.0,287.63424,2024-11-11 04:15:00
1731299400000,81205.99,81460.0,81145.98,81331.99,349.46304,2024-11-11 04:30:00
1731300300000,81331.99,81473.58,81325.53,81440.01,169.99393,2024-11-11 04:45:00
1731301200000,81440.01,81581.65,81338.44,81341.72,247.60633,2024-11-11 05:00:00
1731302100000,81341.72,81369.99,80784.72,80992.0,458.46103,2024-11-11 05:15:00
1731303000000,80991.99,81120.0,80709.97,80763.05,532.16301,2024-11-11 05:30:00
1731303900000,80763.04,80906.72,80432.0,80731.99,442.89744,2024-11-11 05:45:00
1731304800000,80731.99,80941.53,80590.98,80872.0,500.98594,2024-11-11 06:00:00
1731305700000,80872.0,81184.13,80695.99,81100.98,358.81613,2024-11-11 06:15:00
1731306600000,81100.98,81250.0,80791.65,80792.08,599.18117,2024-11-11 06:30:00
1731307500000,80792.07,80950.0,80780.0,80900.68,405.082,2024-11-11 06:45:00
1731308400000,80900.68,80987.92,80747.58,80987.12,465.46912,2024-11-11 07:00:00
1731309300000,80987.12,80997.65,80780.0,80783.02,231.36648,2024-11-11 07:15:00
1731310200000,80783.03,81000.0,80783.02,80999.0,215.25327,2024-11-11 07:30:00
1731311100000,80999.0,81205.99,80999.0,81109.1,335.528,2024-11-11 07:45:00
1731312000000,81109.11,81366.0,81078.11,81224.0,671.91135,2024-11-11 08:00:00
1731312900000,81224.0,81278.0,81046.9,81075.99,246.19321,2024-11-11 08:15:00
1731313800000,81076.0,81244.19,81023.29,81223.9,234.03845,2024-11-11 08:30:00
1731314700000,81223.89,81368.0,81149.98,81239.53,486.2291,2024-11-11 08:45:00
1731315600000,81239.52,81469.44,81166.0,81440.63,504.80292,2024-11-11 09:00:00
1731316500000,81440.64,81499.0,81318.37,81394.65,326.34512,2024-11-11 09:15:00
1731317400000,81394.65,81588.0,81338.0,81470.01,552.54214,2024-11-11 09:30:00
1731318300000,81470.01,81766.56,81418.6,81695.33,505.20545,2024-11-11 09:45:00
1731319200000,81695.34,82178.07,81668.73,82129.98,1533.403072,2024-11-11 10:00:00
1731320100000,82129.99,82380.94,81845.49,81935.23,792.831719,2024-11-11 10:15:00
1731321000000,81935.23,82136.76,81835.25,82058.72,402.27855,2024-11-11 10:30:00
1731321900000,82058.71,82176.0,81930.0,81984.19,303.20327,2024-11-11 10:45:00
1731322800000,81984.19,82102.15,81842.01,81933.59,443.63692,2024-11-11 11:00:00
1731323700000,81933.59,82158.34,81908.04,82148.87,254.50785,2024-11-11 11:15:00
1731324600000,82148.86,82220.0,81984.0,82034.0,333.71218,2024-11-11 11:30:00
1731325500000,82033.99,82244.67,82003.19,82134.0,455.78416,2024-11-11 11:45:00
1731326400000,82133.99,82471.2,82088.88,82182.01,910.51829,2024-11-11 12:00:00
1731327300000,82182.0,82240.0,81719.21,82117.99,990.64016,2024-11-11 12:15:00
1731328200000,82117.99,82336.0,82082.0,82290.0,362.3845,2024-11-11 12:30:00
1731329100000,82290.01,82350.0,82168.91,82168.91,335.7798,2024-11-11 12:45:00
1731330000000,82168.92,82222.13,81624.54,81680.01,1012.5056,2024-11-11 13:00:00
1731330900000,81680.02,81950.0,81460.19,81874.0,696.36613,2024-11-11 13:15:00
1731331800000,81874.01,81908.0,81604.0,81709.27,393.87203,2024-11-11 13:30:00
1731332700000,81709.27,81898.35,81630.0,81835.74,274.79139,2024-11-11 13:45:00
1731333600000,81835.73,82171.99,81740.0,81748.07,851.37766,2024-11-11 14:00:00
1731334500000,81748.08,81858.0,81518.92,81734.0,602.38754,2024-11-11 14:15:00
1731335400000,81734.0,82580.0,81500.01,81941.98,2041.27526,2024-11-11 14:30:00
1731336300000,81941.98,82538.12,81811.81,82484.9,1086.19019,2024-11-11 14:45:00
1731337200000,82484.91,82970.0,82349.98,82943.63,1914.46798,2024-11-11 15:00:00
1731338100000,82942.08,83745.0,82838.0,83745.0,2304.013096,2024-11-11 15:15:00
1731339000000,83745.0,84263.51,83580.0,83823.74,2348.60655,2024-11-11 15:30:00
1731339900000,83823.73,84134.08,83656.0,84059.54,1432.886,2024-11-11 15:45:00
1731340800000,84059.53,84866.8,84000.0,84768.0,2273.968998,2024-11-11 16:00:00
1731341700000,84768.0,84886.0,84267.08,84349.71,1396.51481,2024-11-11 16:15:00
1731342600000,84349.72,84460.0,83916.0,84213.79,1093.28183,2024-11-11 16:30:00
1731343500000,84213.79,84368.52,83831.84,84200.0,848.62617,2024-11-11 16:45:00
1731344400000,84200.0,84693.24,84196.41,84655.27,859.80316,2024-11-11 17:00:00
1731345300000,84655.27,84696.97,84210.99,84353.99,803.73193,2024-11-11 17:15:00
1731346200000,84354.0,84880.03,84252.19,84848.25,979.95017,2024-11-11 17:30:00
1731347100000,84848.25,84862.41,84560.37,84603.99,602.41581,2024-11-11 17:45:00
1731348000000,84603.99,84633.84,84208.77,84475.01,865.15207,2024-11-11 18:00:00
1731348900000,84475.01,84740.0,84250.0,84731.01,444.08425,2024-11-11 18:15:00
1731349800000,84731.01,85313.99,84695.36,85190.0,1634.759102,2024-11-11 18:30:00
1731350700000,85190.01,85832.65,84956.81,85831.99,1491.917538,2024-11-11 18:45:00
1731351600000,85831.99,86650.0,85314.0,85742.88,2804.116396,2024-11-11 19:00:00
1731352500000,85742.88,86250.87,85551.19,86038.26,1181.69909,2024-11-11 19:15:00
1731353400000,86038.26,86530.9,85926.84,86282.21,1196.39047,2024-11-11 19:30:00
1731354300000,86282.2,86450.0,86000.43,86102.21,795.24354,2024-11-11 19:45:00
1731355200000,86102.21,87174.42,86052.0,87146.04,1515.079443,2024-11-11 20:00:00
1731356100000,87146.04,87300.0,86663.88,86834.74,1171.80027,2024-11-11 20:15:00
1731357000000,86834.74,87147.3,86610.0,86974.5,1019.63965,2024-11-11 20:30:00
1731357900000,86974.5,87386.5,86690.0,86922.65,1653.67631,2024-11-11 20:45:00
1731358800000,86922.66,87300.0,86703.0,87223.37,837.45977,2024-11-11 21:00:00
1731359700000,87222.31,88378.0,87155.68,88242.62,2265.638389,2024-11-11 21:15:00
1731360600000,88242.63,88276.0,87886.99,87940.0,1292.7644,2024-11-11 21:30:00
1731361500000,87940.0,88017.98,87515.19,87900.01,762.63064,2024-11-11 21:45:00
1731362400000,87900.0,88083.47,87281.21,87347.57,983.09709,2024-11-11 22:00:00
1731363300000,87347.57,87400.0,86372.31,86823.7,2029.5462,2024-11-11 22:15:00
1731364200000,86823.69,87244.51,86642.0,87045.68,821.38041,2024-11-11 22:30:00
1731365100000,87045.68,88042.21,86933.0,87979.28,834.01614,2024-11-11 22:45:00
1731366000000,87979.27,89530.54,87979.27,89348.01,3370.622751,2024-11-11 23:00:00
1731366900000,89348.01,89529.4,88713.61,88906.99,2060.73484,2024-11-11 23:15:00
1731367800000,88906.98,89098.55,88206.93,88467.99,1624.56197,2024-11-11 23:30:00
1731368700000,88468.0,88931.34,88402.0,88647.99,1319.02455,2024-11-11 23:45:00
1731369600000,88648.0,88812.0,87622.7,87645.42,1558.7418,2024-11-12 00:00:00
1731370500000,87645.43,88001.0,86561.35,87952.01,2354.88987,2024-11-12 00:15:00
1731371400000,87952.0,88052.0,87455.49,87969.98,950.42784,2024-11-12 00:30:00
1731372300000,87969.97,89012.23,87969.97,88978.57,1338.51645,2024-11-12 00:45:00
1731373200000,88978.56,89407.98,88619.11,89225.85,2087.10353,2024-11-12 01:00:00
1731374100000,89225.86,89470.0,88640.0,88685.43,1682.10474,2024-11-12 01:15:00
1731375000000,88685.42,89156.0,88660.77,88752.85,884.23261,2024-11-12 01:30:00
1731375900000,88752.85,88909.1,88392.51,88542.51,740.6946,2024-11-12 01:45:00
1731376800000,88542.51,88876.0,88450.0,88585.01,539.90492,2024-11-12 02:00:00
1731377700000,88585.01,88640.0,87980.0,88236.0,806.32794,2024-11-12 02:15:00
1731378600000,88236.0,88292.0,87308.29,87476.0,1851.9878,2024-11-12 02:30:00
1731379500000,87476.0,87739.42,86928.68,87694.53,1272.56227,2024-11-12 02:45:00
1731380400000,87694.53,88008.0,87474.19,87770.0,963.69581,2024-11-12 03:00:00
1731381300000,87770.0,87954.17,87581.86,87650.01,826.916,2024-11-12 03:15:00
1731382200000,87650.01,87900.0,87500.0,87740.01,836.90894,2024-11-12 03:30:00
1731383100000,87740.01,88206.93,87612.5,88047.46,757.22074,2024-11-12 03:45:00
1731384000000,88047.45,88145.0,87700.0,87936.02,625.04203,2024-11-12 04:00:00
1731384900000,87936.02,88674.0,87900.0,88652.31,840.67544,2024-11-12 04:15:00
1731385800000,88652.3,88983.93,88508.23,88652.0,612.32532,2024-11-12 04:30:00
1731386700000,88651.99,88783.94,88400.01,88430.57,782.44894,2024-11-12 04:45:00
1731387600000,88430.56,88540.0,88159.99,88413.15,619.20483,2024-11-12 05:00:00
1731388500000,88413.15,88798.93,88368.42,88474.81,747.84413,2024-11-12 05:15:00
1731389400000,88474.81,88646.0,88231.53,88446.9,582.41206,2024-11-12 05:30:00
1731390300000,88446.91,88519.66,88229.29,88378.46,427.53273,2024-11-12 05:45:00
1731391200000,88378.46,88424.81,88160.01,88356.01,478.91468,2024-11-12 06:00:00
1731392100000,88356.01,88575.41,88175.4,88532.06,577.91114,2024-11-12 06:15:00
1731393000000,88532.07,89420.0,88461.42,89419.99,1313.77032,2024-11-12 06:30:00
1731393900000,89420.0,89800.0,89379.33,89545.46,1517.241878,2024-11-12 06:45:00
1731394800000,89545.46,89903.0,89089.34,89836.0,1390.33332,2024-11-12 07:00:00
1731395700000,89836.01,89940.0,89344.0,89347.98,656.149043,2024-11-12 07:15:00
1731396600000,89347.98,89480.0,89196.39,89388.0,1011.93523,2024-11-12 07:30:00
1731397500000,89388.0,89431.99,88953.58,88983.35,1224.38112,2024-11-12 07:45:00
1731398400000,88983.35,89089.0,88720.91,88853.99,731.76069,2024-11-12 08:00:00
1731399300000,88853.99,89050.0,88757.57,88776.01,649.37784,2024-11-12 08:15:00
1731400200000,88776.01,89122.0,88776.01,89122.0,572.58694,2024-11-12 08:30:00
1731401100000,89122.0,89300.0,88912.0,89280.01,1054.08433,2024-11-12 08:45:00
1731402000000,89280.0,89372.0,88200.03,88388.01,1313.94622,2024-11-12 09:00:00
1731402900000,88388.0,88632.0,88164.0,88532.0,694.25522,2024-11-12 09:15:00
1731403800000,88532.0,88716.0,88116.26,88133.33,689.39525,2024-11-12 09:30:00
1731404700000,88133.33,88180.0,87620.0,87630.89,1447.20656,2024-11-12 09:45:00
1731405600000,87630.89,88023.66,86945.04,87817.38,2231.0572,2024-11-12 10:00:00
1731406500000,87817.37,87984.83,87222.0,87448.39,1168.22569,2024-11-12 10:15:00
1731407400000,87448.4,87666.4,86221.51,86261.3,2424.76993,2024-11-12 10:30:00
1731408300000,86261.3,87073.04,85229.0,86787.51,3923.99767,2024-11-12 10:45:00
1731409200000,86787.52,87545.12,86524.14,86765.1,2143.98163,2024-11-12 11:00:00
1731410100000,86765.09,87740.0,86672.01,87407.28,976.18651,2024-11-12 11:15:00
1731411000000,87407.28,87860.75,87392.0,87411.99,633.38289,2024-11-12 11:30:00
1731411900000,87411.99,87644.0,86800.0,87155.55,872.07778,2024-11-12 11:45:00
1731412800000,87155.55,87860.0,86923.69,87708.01,1086.59439,2024-11-12 12:00:00
1731413700000,87708.01,87719.46,87020.5,87077.4,1003.00179,2024-11-12 12:15:00
1731414600000,87077.4,87208.89,86652.0,86678.71,1029.03746,2024-11-12 12:30:00
1731415500000,86678.71,86912.6,86203.83,86348.01,1416.04083,2024-11-12 12:45:00
1731416400000,86348.02,86521.95,85800.0,86496.0,1712.99442,2024-11-12 13:00:00
1731417300000,86496.0,86496.0,85967.94,86050.0,928.57173,2024-11-12 13:15:00
1731418200000,86050.0,86156.9,85130.01,85692.03,1610.86665,2024-11-12 13:30:00
1731419100000,85692.03,86417.93,85072.0,86330.52,1765.47346,2024-11-12 13:45:00
1731420000000,86330.52,86531.99,85830.0,85972.01,1016.13274,2024-11-12 14:00:00
1731420900000,85972.01,86159.27,85760.0,86012.02,661.04339,2024-11-12 14:15:00
1731421800000,86012.02,86348.01,85208.2,86344.7,1445.36256,2024-11-12 14:30:00
1731422700000,86344.71,87074.53,86194.0,87001.51,1245.95215,2024-11-12 14:45:00
1731423600000,87001.51,87441.64,86809.15,87407.97,1015.17194,2024-11-12 15:00:00
1731424500000,87407.97,87493.37,86559.05,86835.99,1137.00075,2024-11-12 15:15:00
1731425400000,86835.99,87235.06,86308.0,86346.01,1171.97676,2024-11-12 15:30:00
1731426300000,86346.0,86720.0,86148.0,86632.0,864.37121,2024-11-12 15:45:00
1731427200000,86632.0,86724.0,85730.35,85756.01,1192.75196,2024-11-12 16:00:00
1731428100000,85756.01,86510.0,85750.0,86490.01,757.98212,2024-11-12 16:15:00
1731429000000,86490.0,87070.0,86440.0,87057.9,1121.69574,2024-11-12 16:30:00
1731429900000,87057.9,87600.0,86761.27,87030.31,1133.57585,2024-11-12 16:45:00
1731430800000,87030.31,87445.93,86968.6,87432.51,751.68864,2024-11-12 17:00:00
1731431700000,87432.51,87740.0,87061.28,87469.99,603.70555,2024-11-12 17:15:00
1731432600000,87470.0,87878.0,87454.54,87575.75,690.55473,2024-11-12 17:30:00
1731433500000,87575.75,87666.67,86850.66,86966.07,889.4951,2024-11-12 17:45:00
1731434400000,86966.07,87700.0,86907.26,87612.0,747.41776,2024-11-12 18:00:00
1731435300000,87612.0,88387.99,87604.07,88360.01,1024.811,2024-11-12 18:15:00
1731436200000,88360.0,88700.0,88256.0,88585.01,892.94401,2024-11-12 18:30:00
1731437100000,88585.01,88877.36,88446.13,88796.41,661.43939,2024-11-12 18:45:00
1731438000000,88796.41,89389.38,88620.01,89311.11,985.21635,2024-11-12 19:00:00
1731438900000,89311.11,89536.0,89002.0,89448.01,1016.9218,2024-11-12 19:15:00
1731439800000,89448.01,89764.38,88911.0,89020.0,1172.16029,2024-11-12 19:30:00
1731440700000,89020.0,89182.0,88630.0,88704.28,844.07404,2024-11-12 19:45:00
1731441600000,88704.28,89356.0,88672.0,89098.99,767.77412,2024-11-12 20:00:00
1731442500000,89098.99,89580.0,88920.0,89462.86,713.85443,2024-11-12 20:15:00
1731443400000,89462.86,89696.29,89313.13,89624.0,648.0858,2024-11-12 20:30:00
1731444300000,89624.0,89876.94,89300.55,89473.1,991.36442,2024-11-12 20:45:00
1731445200000,89472.01,89683.65,88781.01,88832.0,655.6103,2024-11-12 21:00:00
1731446100000,88831.99,88970.0,88458.98,88885.99,728.05111,2024-11-12 21:15:00
1731447000000,88886.0,88901.38,88316.0,88440.0,438.92543,2024-11-12 21:30:00
1731447900000,88439.99,88592.0,88160.27,88240.32,474.90591,2024-11-12 21:45:00
1731448800000,88240.32,88300.0,87612.0,88003.98,640.52981,2024-11-12 22:00:00
1731449700000,88003.98,88274.32,87768.0,88043.99,422.48227,2024-11-12 22:15:00
1731450600000,88043.99,88571.41,88038.33,88505.06,276.41849,2024-11-12 22:30:00
1731451500000,88505.06,88642.0,88386.24,88592.0,282.03302,2024-11-12 22:45:00
1731452400000,88592.0,88592.0,88032.0,88363.17,357.23904,2024-11-12 23:00:00
1731453300000,88363.18,88404.0,87379.59,87970.33,821.3352,2024-11-12 23:15:00
1731454200000,87970.33,88060.61,87718.81,87881.29,317.16977,2024-11-12 23:30:00
1731455100000,87881.29,88177.43,87766.0,87952.01,781.43181,2024-11-12 23:45:00
1731456000000,87952.0,88171.99,87690.0,87708.01,414.18433,2024-11-13 00:00:00
1731456900000,87708.02,88289.82,87604.0,88206.0,694.33311,2024-11-13 00:15:00
1731457800000,88206.0,88453.16,88060.85,88285.61,914.24711,2024-11-13 00:30:00
1731458700000,88285.62,88390.52,87969.69,88040.0,483.37264,2024-11-13 00:45:00
1731459600000,88040.0,88551.26,87818.18,88512.18,684.13386,2024-11-13 01:00:00
1731460500000,88512.17,88562.94,87739.72,87959.98,719.74848,2024-11-13 01:15:00
1731461400000,87959.99,88152.86,87708.0,88086.52,654.7603,2024-11-13 01:30:00
1731462300000,88086.53,88363.64,88032.0,88253.53,431.5402,2024-11-13 01:45:00
1731463200000,88253.54,88320.0,87940.0,88014.09,345.32581,2024-11-13 02:00:00
1731464100000,88014.09,88040.51,87207.16,87516.01,854.68912,2024-11-13 02:15:00
1731465000000,87516.0,87700.0,87004.0,87699.29,569.0873,2024-11-13 02:30:00
1731465900000,87699.28,87898.0,87516.0,87868.0,351.71363,2024-11-13 02:45:00
1731466800000,87868.01,88120.0,87680.0,87979.79,565.71946,2024-11-13 03:00:00
1731467700000,87979.79,88150.0,87282.27,87323.99,622.26026,2024-11-13 03:15:00
1731468600000,87323.99,87626.27,87084.63,87127.99,753.71074,2024-11-13 03:30:00
1731469500000,87128.0,87538.0,87049.52,87136.0,949.79255,2024-11-13 03:45:00
1731470400000,87136.0,87534.0,87136.0,87496.93,380.27017,2024-11-13 04:00:00
1731471300000,87496.94,87692.69,87128.53,87139.25,509.09413,2024-11-13 04:15:00
1731472200000,87139.25,87266.0,86532.0,86667.97,1177.18202,2024-11-13 04:30:00
1731473100000,86667.97,87216.0,86226.15,87172.01,1252.89025,2024-11-13 04:45:00
1731474000000,87172.0,87360.2,86912.7,87182.01,654.72128,2024-11-13 05:00:00
1731474900000,87182.01,87436.67,87152.0,87319.31,407.35582,2024-11-13 05:15:00
1731475800000,87319.3,87369.37,86830.91,86932.82,371.44075,2024-11-13 05:30:00
1731476700000,86932.82,86990.83,86452.78,86545.99,523.91353,2024-11-13 05:45:00
1731477600000,86545.99,86838.4,86446.31,86691.19,379.61151,2024-11-13 06:00:00
1731478500000,86691.19,86950.54,86448.14,86465.34,400.6554,2024-11-13 06:15:00
1731479400000,86465.34,86635.84,86127.99,86613.14,497.66887,2024-11-13 06:30:00
1731480300000,86613.14,86720.0,86369.01,86500.0,419.33578,2024-11-13 06:45:00
1731481200000,86500.0,87000.0,86480.07,86993.04,689.31257,2024-11-13 07:00:00
1731482100000,86993.05,87250.0,86852.66,87132.8,488.83867,2024-11-13 07:15:00
1731483000000,87132.8,87490.0,86968.0,87392.0,801.82274,2024-11-13 07:30:00
1731483900000,87391.99,87492.3,87267.98,87356.0,590.41813,2024-11-13 07:45:00
1731484800000,87356.01,87420.0,87150.14,87306.01,300.07465,2024-11-13 08:00:00
1731485700000,87306.01,87628.86,87305.38,87543.99,445.49929,2024-11-13 08:15:00
1731486600000,87543.99,87684.0,87166.66,87188.01,457.59827,2024-11-13 08:30:00
1731487500000,87188.01,87315.32,87100.0,87228.68,338.31974,2024-11-13 08:45:00
1731488400000,87228.69,87534.04,87082.42,87499.99,310.39148,2024-11-13 09:00:00
1731489300000,87500.0,87550.0,87400.0,87521.99,415.81017,2024-11-13 09:15:00
1731490200000,87522.0,87535.0,87170.0,87418.0,333.29433,2024-11-13 09:30:00
1731491100000,87418.0,87540.0,87337.42,87400.02,347.5874,2024-11-13 09:45:00
1731492000000,87400.03,87492.0,87172.24,87261.97,326.6986,2024-11-13 10:00:00
1731492900000,87261.96,87378.0,87202.64,87328.0,276.23182,2024-11-13 10:15:00
1731493800000,87328.0,87400.0,87124.92,87156.01,268.69015,2024-11-13 10:30:00
1731494700000,87156.0,87553.64,87156.0,87535.55,451.05331,2024-11-13 10:45:00
1731495600000,87535.55,87899.99,87478.0,87857.99,506.7762,2024-11-13 11:00:00
1731496500000,87858.0,88083.0,87454.54,87630.01,657.66661,2024-11-13 11:15:00
1731497400000,87630.0,87832.0,87544.0,87686.01,307.50089,2024-11-13 11:30:00
1731498300000,87686.02,87834.55,87593.18,87669.39,257.20266,2024-11-13 11:45:00
1731499200000,87669.4,87747.87,87502.49,87656.0,389.58594,2024-11-13 12:00:00
1731500100000,87656.0,87831.16,87523.71,87732.0,271.85178,2024-11-13 12:15:00
1731501000000,87732.01,87997.2,87568.0,87947.99,334.19413,2024-11-13 12:30:00
1731501900000,87948.0,87988.0,87620.0,87626.96,424.82475,2024-11-13 12:45:00
1731502800000,87626.95,87740.0,87548.0,87652.47,317.82141,2024-11-13 13:00:00
1731503700000,87652.47,88349.0,87652.46,88259.17,848.1032,2024-11-13 13:15:00
1731504600000,88259.18,89140.0,88167.36,89090.91,1651.40008,2024-11-13 13:30:00
1731505500000,89090.9,89696.97,88836.54,89152.01,2297.78421,2024-11-13 13:45:00
1731506400000,89152.0,89638.18,88623.64,89393.59,1628.70639,2024-11-13 14:00:00
1731507300000,89393.6,89876.0,89332.88,89790.03,1402.45272,2024-11-13 14:15:00
1731508200000,89790.04,91000.0,89539.05,90784.01,4503.343805,2024-11-13 14:30:00
1731509100000,90784.01,91827.09,90438.69,91508.0,2986.229219,2024-11-13 14:45:00
1731510000000,91508.0,91511.96,90432.23,91168.91,2170.39029,2024-11-13 15:00:00
1731510900000,91168.9,91826.0,91004.0,91776.6,1490.45407,2024-11-13 15:15:00
1731511800000,91776.61,92000.0,91171.98,91999.99,1665.705158,2024-11-13 15:30:00
1731512700000,92000.0,92690.0,91834.98,92540.01,2744.002331,2024-11-13 15:45:00
1731513600000,92540.0,93259.81,92177.78,93192.03,2520.186494,2024-11-13 16:00:00
1731514500000,93192.02,93265.64,92600.0,92883.97,1881.96249,2024-11-13 16:15:00
1731515400000,92883.97,93009.43,91467.9,91836.0,2321.85098,2024-11-13 16:30:00
1731516300000,91836.0,92560.0,91836.0,92256.0,1730.24026,2024-11-13 16:45:00
1731517200000,92256.01,92803.0,92184.0,92692.01,1051.51385,2024-11-13 17:00:00
1731518100000,92692.01,92800.0,92148.0,92210.2,786.00832,2024-11-13 17:15:00
1731519000000,92210.21,92295.0,91800.0,91850.01,1012.25777,2024-11-13 17:30:00
1731519900000,91850.01,92266.66,91755.0,92218.87,633.45132,2024-11-13 17:45:00
1731520800000,92218.87,92469.3,92116.95,92330.35,769.1189,2024-11-13 18:00:00
1731521700000,92330.35,92810.3,92050.07,92636.36,823.2713,2024-11-13 18:15:00
1731522600000,92636.36,92750.0,92320.0,92703.76,752.38614,2024-11-13 18:30:00
1731523500000,92703.75,93139.93,92546.11,92824.0,1120.08411,2024-11-13 18:45:00
1731524400000,92824.0,92892.98,90848.87,90890.02,1858.16055,2024-11-13 19:00:00
1731525300000,90890.01,91370.0,90132.78,91162.47,2341.75056,2024-11-13 19:15:00
1731526200000,91162.47,91215.03,89969.87,90619.99,1928.88117,2024-11-13 19:30:00
1731527100000,90620.0,90911.48,90136.21,90193.51,1235.15974,2024-11-13 19:45:00
1731528000000,90193.5,90827.43,89292.0,90741.4,2309.74474,2024-11-13 20:00:00
1731528900000,90741.4,90998.0,90461.07,90556.0,1194.82488,2024-11-13 20:15:00
1731529800000,90556.01,91184.02,90500.0,90751.91,787.07071,2024-11-13 20:30:00
1731530700000,90751.91,90777.78,89500.01,89691.99,854.95099,2024-11-13 20:45:00
1731531600000,89692.0,89796.21,88418.4,88611.09,1724.72595,2024-11-13 21:00:00
1731532500000,88611.04,88957.6,87970.98,88785.75,1393.54975,2024-11-13 21:15:00
1731533400000,88785.75,89435.29,88692.01,89393.18,775.98272,2024-11-13 21:30:00
1731534300000,89393.18,89399.18,88487.96,88539.77,583.88516,2024-11-13 21:45:00
1731535200000,88539.77,89500.0,88350.0,89335.94,683.72035,2024-11-13 22:00:00
1731536100000,89335.94,89680.0,89259.08,89555.27,324.75968,2024-11-13 22:15:00
1731537000000,89555.27,89854.27,89387.56,89641.86,428.481,2024-11-13 22:30:00
1731537900000,89641.87,89804.53,89561.73,89715.12,299.20005,2024-11-13 22:45:00
1731538800000,89715.12,89733.12,89248.28,89587.98,455.85759,2024-11-13 23:00:00
1731539700000,89587.98,90310.53,89530.0,90206.4,751.4381,2024-11-13 23:15:00
1731540600000,90206.39,90482.3,90113.59,90424.24,384.72765,2024-11-13 23:30:00
1731541500000,90424.24,90518.89,90230.01,90375.2,364.25528,2024-11-13 23:45:00
1731542400000,90375.21,90511.63,90100.0,90146.77,413.84097,2024-11-14 00:00:00
1731543300000,90146.78,90359.58,89920.38,90035.99,455.25392,2024-11-14 00:15:00
1731544200000,90035.99,90331.31,89685.1,89718.47,574.43131,2024-11-14 00:30:00
1731545100000,89718.48,90240.28,89696.96,90104.93,536.6057,2024-11-14 00:45:00
1731546000000,90104.93,90410.27,89914.46,90198.15,532.71427,2024-11-14 01:00:00
1731546900000,90198.15,90299.98,89650.27,89700.0,673.85482,2024-11-14 01:15:00
1731547800000,89700.0,89913.53,89458.13,89721.44,629.53902,2024-11-14 01:30:00
1731548700000,89721.45,90444.0,89656.0,90372.01,505.15293,2024-11-14 01:45:00
1731549600000,90372.0,90566.0,90016.49,90123.95,555.93497,2024-11-14 02:00:00
1731550500000,90125.77,90308.0,89752.0,89948.01,284.90687,2024-11-14 02:15:00
1731551400000,89948.0,90030.31,89664.0,89752.0,341.78938,2024-11-14 02:30:00
1731552300000,89752.0,90181.82,89696.09,90104.01,343.52302,2024-11-14 02:45:00
1731553200000,90104.0,90220.0,89705.09,89777.0,312.73868,2024-11-14 03:00:00
1731554100000,89777.01,90055.0,89531.86,89901.42,366.67129,2024-11-14 03:15:00
1731555000000,89901.43,89920.62,89738.82,89840.68,178.47646,2024-11-14 03:30:00
1731555900000,89840.67,90076.0,89840.67,89937.02,648.67194,2024-11-14 03:45:00
1731556800000,89937.03,89971.69,89655.07,89840.0,347.36254,2024-11-14 04:00:00
1731557700000,89839.99,89910.9,89624.74,89675.96,274.09138,2024-11-14 04:15:00
1731558600000,89675.96,89831.99,89320.37,89831.98,419.92615,2024-11-14 04:30:00
1731559500000,89831.98,90192.35,89828.0,90123.99,508.51864,2024-11-14 04:45:00
1731560400000,90123.99,90123.99,89738.04,89748.0,239.32031,2024-11-14 05:00:00
1731561300000,89748.0,90060.61,89703.14,89861.85,405.08866,2024-11-14 05:15:00
1731562200000,89861.86,90026.82,89647.19,89790.24,262.64765,2024-11-14 05:30:00
1731563100000,89790.24,90008.81,89780.0,89957.22,187.75144,2024-11-14 05:45:00
1731564000000,89957.23,90263.99,89920.0,90051.49,350.0679,2024-11-14 06:00:00
1731564900000,90051.48,90308.83,89982.46,89990.0,347.99529,2024-11-14 06:15:00
1731565800000,89990.01,89991.57,89800.0,89879.71,261.47428,2024-11-14 06:30:00
1731566700000,89879.71,89880.0,89283.5,89300.69,505.60291,2024-11-14 06:45:00
1731567600000,89309.41,89664.19,89104.54,89660.0,544.15475,2024-11-14 07:00:00
1731568500000,89660.0,89787.88,89520.0,89767.97,382.90697,2024-11-14 07:15:00
1731569400000,89767.98,90100.0,89607.59,90099.99,417.22123,2024-11-14 07:30:00
1731570300000,90099.99,90850.0,90049.37,90769.42,743.22147,2024-11-14 07:45:00
1731571200000,90769.42,91438.41,90620.27,91387.51,829.38133,2024-11-14 08:00:00
1731572100000,91387.51,91420.0,90870.0,91116.76,507.36539,2024-11-14 08:15:00
1731573000000,91116.77,91216.0,90809.11,90835.64,622.98949,2024-11-14 08:30:00
1731573900000,90835.64,90893.94,90329.8,90558.28,587.53433,2024-11-14 08:45:00
1731574800000,90558.28,90902.71,90456.8,90623.85,467.92041,2024-11-14 09:00:00
1731575700000,90623.84,90785.0,90388.13,90655.99,331.14233,2024-11-14 09:15:00
1731576600000,90655.98,90680.98,90368.0,90627.65,254.89777,2024-11-14 09:30:00
1731577500000,90627.65,90918.18,90500.0,90909.01,305.28979,2024-11-14 09:45:00
1731578400000,90909.01,91424.0,90855.4,91268.91,695.26821,2024-11-14 10:00:00
1731579300000,91268.9,91328.0,91050.76,91104.0,406.43198,2024-11-14 10:15:00
1731580200000,91103.99,91416.5,90840.01,91007.99,403.42686,2024-11-14 10:30:00
1731581100000,91007.99,91353.79,90958.0,91103.0,432.52487,2024-11-14 10:45:00
1731582000000,91102.99,91183.5,90472.0,90845.24,676.63454,2024-11-14 11:00:00
1731582900000,90845.25,91230.0,90476.0,91206.01,595.62062,2024-11-14 11:15:00
1731583800000,91206.01,91206.01,90736.0,91099.99,344.25505,2024-11-14 11:30:00
1731584700000,91099.99,91657.77,91044.0,91491.86,671.32245,2024-11-14 11:45:00
1731585600000,91491.85,91535.45,91125.0,91520.42,475.59215,2024-11-14 12:00:00
1731586500000,91520.42,91599.99,91189.01,91262.89,487.4239,2024-11-14 12:15:00
1731587400000,91262.89,91272.73,90945.0,91093.75,352.91585,2024-11-14 12:30:00
1731588300000,91093.75,91318.0,91009.15,91243.17,271.40193,2024-11-14 12:45:00
1731589200000,91243.17,91380.0,91061.64,91200.0,472.7292,2024-11-14 13:00:00
1731590100000,91200.0,91200.01,90909.09,90927.15,443.44575,2024-11-14 13:15:00
1731591000000,90927.15,91212.64,90559.65,90947.75,677.75655,2024-11-14 13:30:00
1731591900000,90947.75,90984.0,90627.08,90754.42,443.98182,2024-11-14 13:45:00
1731592800000,90754.42,91034.12,90554.52,90927.15,374.28218,2024-11-14 14:00:00
1731593700000,90927.15,91309.79,90670.0,91283.51,613.85475,2024-11-14 14:15:00
1731594600000,91283.5,91790.0,89400.0,89730.94,2370.64441,2024-11-14 14:30:00
1731595500000,89730.93,89741.86,88639.76,88720.03,1912.67627,2024-11-14 14:45:00
1731596400000,88720.03,89422.15,88234.19,89393.5,1757.51747,2024-11-14 15:00:00
1731597300000,89393.51,89638.5,88417.21,89166.51,1261.9229,2024-11-14 15:15:00
1731598200000,89166.52,89166.52,88438.44,88728.0,1389.12498,2024-11-14 15:30:00
1731599100000,88728.01,88803.32,87829.57,87947.99,1812.77359,2024-11-14 15:45:00
1731600000000,87947.99,88224.0,87526.74,87718.78,1457.35644,2024-11-14 16:00:00
1731600900000,87718.78,88536.0,87668.15,88226.78,952.02526,2024-11-14 16:15:00
1731601800000,88226.79,88999.99,88191.88,88816.01,795.67108,2024-11-14 16:30:00
1731602700000,88816.01,89239.79,88519.98,89198.31,658.04824,2024-11-14 16:45:00
1731603600000,89198.32,89227.7,88804.0,88812.12,495.33627,2024-11-14 17:00:00
1731604500000,88812.85,88976.0,88596.27,88598.6,400.60385,2024-11-14 17:15:00
1731605400000,88598.6,89164.0,88584.0,89042.79,417.44485,2024-11-14 17:30:00
1731606300000,89042.78,89449.49,88928.89,89239.35,645.21022,2024-11-14 17:45:00
1731607200000,89239.35,89775.24,89089.41,89616.02,516.1104,2024-11-14 18:00:00
1731608100000,89616.01,89690.06,89310.34,89349.6,405.21336,2024-11-14 18:15:00
1731609000000,89349.6,89410.58,88916.8,89074.36,341.84984,2024-11-14 18:30:00
1731609900000,89074.37,89292.62,88991.65,89111.55,223.45094,2024-11-14 18:45:00
1731610800000,89111.55,89606.07,89111.54,89512.01,318.95252,2024-11-14 19:00:00
1731611700000,89512.0,89642.66,89329.28,89525.57,273.45215,2024-11-14 19:15:00
1731612600000,89525.56,89559.99,89233.06,89463.99,241.67203,2024-11-14 19:30:00
1731613500000,89463.99,89664.19,89169.17,89463.99,389.56181,2024-11-14 19:45:00
1731614400000,89463.99,89464.0,87929.81,88182.0,1232.59688,2024-11-14 20:00:00
1731615300000,88182.0,88647.75,88111.0,88428.42,562.13585,2024-11-14 20:15:00
1731616200000,88428.42,88491.98,87820.0,87952.84,687.46297,2024-11-14 20:30:00
1731617100000,87952.84,88119.76,87565.01,87612.66,890.86878,2024-11-14 20:45:00
1731618000000,87612.67,87939.4,87029.65,87470.4,1425.61207,2024-11-14 21:00:00
1731618900000,87470.4,88129.23,87470.39,88089.69,809.60888,2024-11-14 21:15:00
1731619800000,88089.7,88220.03,87713.88,88029.71,515.33343,2024-11-14 21:30:00
1731620700000,88029.7,88280.91,87956.0,88227.22,654.46232,2024-11-14 21:45:00
1731621600000,88227.23,88360.0,87453.87,87914.52,435.20324,2024-11-14 22:00:00
1731622500000,87914.51,88190.15,87750.0,87750.0,389.92236,2024-11-14 22:15:00
1731623400000,87750.0,87899.99,87050.0,87899.99,610.1082,2024-11-14 22:30:00
1731624300000,87899.99,88107.07,87574.04,87640.01,439.89753,2024-11-14 22:45:00
1731625200000,87640.01,87771.85,86919.03,86960.0,808.54067,2024-11-14 23:00:00
1731626100000,86960.0,87620.0,86957.94,87444.15,615.11971,2024-11-14 23:15:00
1731627000000,87444.14,87444.15,86668.21,87282.91,816.63963,2024-11-14 23:30:00
1731627900000,87282.92,87408.23,86994.23,87325.59,502.53284,2024-11-14 23:45:00
1731628800000,87325.59,88303.27,87252.0,88105.61,890.50317,2024-11-15 00:00:00
1731629700000,88105.61,88336.0,87953.09,88199.87,449.8487,2024-11-15 00:15:00
1731630600000,88199.88,88435.16,88011.82,88046.5,355.87359,2024-11-15 00:30:00
1731631500000,88046.5,88160.0,87848.48,87870.27,406.12292,2024-11-15 00:45:00
1731632400000,87870.26,88168.63,87655.8,87791.71,484.00231,2024-11-15 01:00:00
1731633300000,87791.7,88026.8,87373.45,87631.58,570.40075,2024-11-15 01:15:00
1731634200000,87631.58,88030.31,87573.02,87975.99,386.32533,2024-11-15 01:30:00
1731635100000,87975.99,88168.61,87848.48,88098.99,267.0636,2024-11-15 01:45:00
1731636000000,88098.99,88188.0,87816.93,88090.9,261.61808,2024-11-15 02:00:00
1731636900000,88090.9,88169.69,87736.0,88020.13,351.76384,2024-11-15 02:15:00
1731637800000,88020.14,88397.61,87990.88,88397.6,315.74086,2024-11-15 02:30:00
1731638700000,88397.61,88443.83,88259.26,88364.07,298.2403,2024-11-15 02:45:00
1731639600000,88364.07,88400.0,88148.36,88212.12,199.62952,2024-11-15 03:00:00
1731640500000,88212.13,88336.78,88116.0,88235.72,238.42145,2024-11-15 03:15:00
1731641400000,88235.73,88473.7,88186.07,88384.85,295.99194,2024-11-15 03:30:00
1731642300000,88384.85,88413.21,88186.07,88218.21,260.97554,2024-11-15 03:45:00
1731643200000,88218.22,88242.43,88071.66,88071.67,199.68271,2024-11-15 04:00:00
1731644100000,88071.66,88108.64,87538.0,87808.0,605.08846,2024-11-15 04:15:00
1731645000000,87807.99,87811.34,87083.0,87381.64,912.77935,2024-11-15 04:30:00
1731645900000,87381.65,87540.0,87073.38,87454.57,421.01202,2024-11-15 04:45:00
1731646800000,87454.58,87748.86,87276.01,87608.55,355.20612,2024-11-15 05:00:00
1731647700000,87608.55,87764.7,87324.52,87760.0,355.95395,2024-11-15 05:15:00
1731648600000,87760.0,87857.14,87681.23,87804.0,235.07279,2024-11-15 05:30:00
1731649500000,87803.99,87860.46,87574.37,87724.0,283.54578,2024-11-15 05:45:00
1731650400000,87724.0,88015.51,87700.0,87904.0,336.5884,2024-11-15 06:00:00
1731651300000,87904.0,88080.0,87888.6,87957.83,278.67357,2024-11-15 06:15:00
1731652200000,87957.83,87978.12,87584.2,87708.95,369.69033,2024-11-15 06:30:00
1731653100000,87708.95,88182.69,87694.66,88182.67,440.95755,2024-11-15 06:45:00
1731654000000,88182.68,88284.94,88046.31,88090.91,279.13825,2024-11-15 07:00:00
1731654900000,88090.9,88391.99,88050.62,88246.11,305.22033,2024-11-15 07:15:00
1731655800000,88246.1,88266.92,87770.0,87931.99,717.22744,2024-11-15 07:30:00
1731656700000,87931.99,87959.99,87588.0,87612.0,788.139,2024-11-15 07:45:00
1731657600000,87612.01,87778.23,87368.0,87446.89,385.86964,2024-11-15 08:00:00
1731658500000,87446.89,87724.0,87446.88,87611.68,303.95389,2024-11-15 08:15:00
1731659400000,87611.68,88159.61,87607.68,88087.28,384.68504,2024-11-15 08:30:00
1731660300000,88087.28,88165.91,88000.0,88082.96,273.39235,2024-11-15 08:45:00
1731661200000,88082.96,88824.89,88024.4,88805.08,655.96167,2024-11-15 09:00:00
1731662100000,88805.08,89333.33,88650.0,89188.01,771.35512,2024-11-15 09:15:00
1731663000000,89188.01,89350.0,89047.58,89064.14,475.22028,2024-11-15 09:30:00
1731663900000,89064.14,89261.91,88900.0,89195.99,393.76523,2024-11-15 09:45:00
1731664800000,89195.99,89203.62,88943.53,89136.08,347.27161,2024-11-15 10:00:00
1731665700000,89136.08,89427.46,88997.5,89358.94,439.69613,2024-11-15 10:15:00
1731666600000,89358.93,89358.94,89075.0,89121.39,251.17468,2024-11-15 10:30:00
1731667500000,89121.39,89458.13,89109.59,89354.55,391.78749,2024-11-15 10:45:00
1731668400000,89354.54,89538.73,89208.4,89279.96,469.75435,2024-11-15 11:00:00
1731669300000,89279.96,89333.34,89138.94,89317.28,262.84895,2024-11-15 11:15:00
1731670200000,89317.29,89582.16,89303.01,89432.9,380.68044,2024-11-15 11:30:00
1731671100000,89432.9,89771.99,89409.26,89741.25,453.04163,2024-11-15 11:45:00
1731672000000,89741.24,90707.72,89591.55,90660.54,1010.08725,2024-11-15 12:00:00
1731672900000,90660.54,90709.74,90145.31,90284.19,792.59404,2024-11-15 12:15:00
1731673800000,90284.2,90302.88,89644.3,89823.35,499.26874,2024-11-15 12:30:00
1731674700000,89823.35,89999.3,89687.5,89753.84,325.08491,2024-11-15 12:45:00
1731675600000,89753.84,89971.85,89600.0,89940.04,370.43316,2024-11-15 13:00:00
1731676500000,89940.04,90000.0,89505.0,89599.86,358.67654,2024-11-15 13:15:00
1731677400000,89599.86,89961.21,89241.57,89941.78,582.75364,2024-11-15 13:30:00
1731678300000,89941.77,90482.3,89925.28,90148.0,593.01023,2024-11-15 13:45:00
1731679200000,90148.0,90200.0,89654.17,89763.98,438.25674,2024-11-15 14:00:00
1731680100000,89763.98,89828.54,89242.42,89324.67,535.56938,2024-11-15 14:15:00
1731681000000,89324.67,89440.61,88585.33,89323.06,1410.07065,2024-11-15 14:30:00
1731681900000,89323.06,89976.05,88890.2,89107.98,988.99219,2024-11-15 14:45:00
1731682800000,89107.97,89134.74,88206.89,88490.25,924.23484,2024-11-15 15:00:00
1731683700000,88490.25,88606.03,87754.45,88235.38,1268.81943,2024-11-15 15:15:00
1731684600000,88235.38,88643.55,87800.08,88196.0,941.96017,2024-11-15 15:30:00
1731685500000,88196.0,88836.99,88101.0,88445.41,864.01368,2024-11-15 15:45:00
1731686400000,88445.4,89199.29,88386.99,89152.01,697.99837,2024-11-15 16:00:00
1731687300000,89152.01,89700.0,88880.09,89632.99,915.97515,2024-11-15 16:15:00
1731688200000,89632.99,89768.41,88960.0,89106.57,714.33813,2024-11-15 16:30:00
1731689100000,89106.57,89567.98,88948.71,89375.99,417.53077,2024-11-15 16:45:00
1731690000000,89376.0,89698.98,89287.34,89570.38,468.52788,2024-11-15 17:00:00
1731690900000,89570.37,89832.01,89431.95,89560.15,479.79165,2024-11-15 17:15:00
1731691800000,89560.15,89930.0,89191.47,89892.0,507.18513,2024-11-15 17:30:00
1731692700000,89892.01,89944.0,89324.0,89484.85,380.19743,2024-11-15 17:45:00
1731693600000,89484.84,89696.97,89294.17,89485.1,320.1502,2024-11-15 18:00:00
1731694500000,89485.11,89797.7,89426.61,89767.99,439.30082,2024-11-15 18:15:00
1731695400000,89767.98,89810.0,89525.02,89727.27,310.99992,2024-11-15 18:30:00
1731696300000,89727.28,89780.0,89214.55,89387.99,283.1932,2024-11-15 18:45:00
1731697200000,89388.0,89620.0,89260.0,89487.21,305.35426,2024-11-15 19:00:00
1731698100000,89487.21,89723.34,89340.0,89716.16,259.38963,2024-11-15 19:15:00
1731699000000,89716.17,90590.0,89661.65,90585.0,903.05557,2024-11-15 19:30:00
1731699900000,90585.0,90844.9,90025.89,90377.89,1269.85316,2024-11-15 19:45:00
1731700800000,90377.89,90936.0,90324.85,90925.27,499.79247,2024-11-15 20:00:00
1731701700000,90925.27,91232.46,90740.49,90904.53,1240.4266,2024-11-15 20:15:00
1731702600000,90904.53,91178.02,90571.31,91121.27,668.25985,2024-11-15 20:30:00
1731703500000,91121.27,91461.01,90921.57,91447.98,750.94817,2024-11-15 20:45:00
1731704400000,91447.99,91461.01,91067.6,91304.68,547.05582,2024-11-15 21:00:00
1731705300000,91304.69,91400.0,91078.98,91291.54,517.61086,2024-11-15 21:15:00
1731706200000,91291.55,91419.99,91067.65,91414.99,370.67623,2024-11-15 21:30:00
1731707100000,91414.99,91830.35,91216.36,91678.78,737.70538,2024-11-15 21:45:00
1731708000000,91678.78,91850.0,91212.0,91348.59,372.03526,2024-11-15 22:00:00
1731708900000,91348.59,91430.2,91033.66,91203.77,346.86277,2024-11-15 22:15:00
1731709800000,91203.77,91633.58,91203.76,91450.11,375.37192,2024-11-15 22:30:00
1731710700000,91450.11,91462.55,91161.15,91208.0,184.61647,2024-11-15 22:45:00
1731711600000,91208.0,91433.6,91168.39,91433.59,255.54253,2024-11-15 23:00:00
1731712500000,91433.59,91450.0,91226.92,91247.42,206.69132,2024-11-15 23:15:00
1731713400000,91247.42,91292.0,91036.0,91062.24,269.81355,2024-11-15 23:30:00
1731714300000,91062.25,91100.99,90866.72,91032.07,450.91817,2024-11-15 23:45:00
1731715200000,91032.08,91348.5,90870.42,90870.43,509.06685,2024-11-16 00:00:00
1731716100000,90870.43,91137.17,90850.0,90859.06,360.369,2024-11-16 00:15:00
1731717000000,90859.06,91037.76,90859.05,90969.69,229.81326,2024-11-16 00:30:00
1731717900000,90969.69,91150.0,90869.57,91000.0,231.63266,2024-11-16 00:45:00
1731718800000,91000.0,91339.0,90942.42,91283.49,264.52744,2024-11-16 01:00:00
1731719700000,91283.49,91442.11,91125.87,91333.34,259.44814,2024-11-16 01:15:00
1731720600000,91333.34,91362.83,91144.76,91303.03,207.15765,2024-11-16 01:30:00
1731721500000,91303.03,91398.36,91102.82,91249.29,188.61802,2024-11-16 01:45:00
1731722400000,91249.3,91388.0,91151.51,91388.0,147.22857,2024-11-16 02:00:00
1731723300000,91388.0,91709.06,91387.99,91622.8,414.57096,2024-11-16 02:15:00
1731724200000,91622.81,91650.81,91376.0,91426.81,346.73046,2024-11-16 02:30:00
1731725100000,91426.82,91544.0,91300.0,91405.54,208.01027,2024-11-16 02:45:00
1731726000000,91405.54,91597.08,91332.03,91421.52,193.53593,2024-11-16 03:00:00
1731726900000,91421.53,91500.0,91325.53,91356.0,191.12295,2024-11-16 03:15:00
1731727800000,91356.0,91393.94,91053.48,91223.62,255.10291,2024-11-16 03:30:00
1731728700000,91223.62,91333.34,91084.0,91252.03,243.01885,2024-11-16 03:45:00
1731729600000,91252.04,91400.0,91064.24,91103.99,257.05674,2024-11-16 04:00:00
1731730500000,91103.98,91190.0,91068.0,91171.22,178.36326,2024-11-16 04:15:00
1731731400000,91171.23,91287.08,91133.95,91134.34,118.42457,2024-11-16 04:30:00
1731732300000,91134.33,91356.53,91100.37,91269.69,120.48644,2024-11-16 04:45:00
1731733200000,91269.7,91422.0,91144.74,91422.0,205.1888,2024-11-16 05:00:00
1731734100000,91421.99,91779.66,91362.0,91555.33,359.96477,2024-11-16 05:15:00
1731735000000,91555.33,91620.79,91347.97,91376.75,183.59792,2024-11-16 05:30:00
1731735900000,91376.75,91500.0,91327.51,91350.34,88.27118,2024-11-16 05:45:00
1731736800000,91350.34,91363.64,91217.0,91278.43,238.43879,2024-11-16 06:00:00
1731737700000,91278.42,91447.74,91244.65,91371.66,192.28872,2024-11-16 06:15:00
1731738600000,91371.66,91371.67,91184.0,91272.72,161.99632,2024-11-16 06:30:00
1731739500000,91272.72,91395.14,91149.76,91192.0,207.11656,2024-11-16 06:45:00
1731740400000,91192.0,91388.0,91138.87,91345.55,175.68042,2024-11-16 07:00:00
1731741300000,91345.54,91388.45,91309.94,91320.13,126.45878,2024-11-16 07:15:00
1731742200000,91320.13,91320.14,91104.01,91104.01,220.43652,2024-11-16 07:30:00
1731743100000,91104.0,91195.03,91068.19,91117.53,194.50533,2024-11-16 07:45:00
1731744000000,91117.52,91232.2,91052.31,91076.0,156.3539,2024-11-16 08:00:00
1731744900000,91076.0,91300.0,91025.11,91224.98,249.99596,2024-11-16 08:15:00
1731745800000,91224.97,91430.0,91224.97,91287.51,297.99948,2024-11-16 08:30:00
1731746700000,91287.51,91425.99,91249.42,91425.98,286.69616,2024-11-16 08:45:00
1731747600000,91425.98,91425.99,91303.03,91390.01,116.0165,2024-11-16 09:00:00
1731748500000,91390.01,91403.33,91231.71,91252.25,119.84372,2024-11-16 09:15:00
1731749400000,91252.26,91428.0,91199.18,91384.1,348.12096,2024-11-16 09:30:00
1731750300000,91384.1,91393.22,91235.23,91235.24,140.01593,2024-11-16 09:45:00
1731751200000,91235.23,91385.67,91220.15,91304.1,211.13334,2024-11-16 10:00:00
1731752100000,91304.11,91449.0,91255.13,91423.93,218.65361,2024-11-16 10:15:00
1731753000000,91423.94,91598.13,91417.06,91597.65,419.61986,2024-11-16 10:30:00
1731753900000,91597.66,91597.66,91393.16,91393.93,219.49537,2024-11-16 10:45:00
1731754800000,91393.94,91423.33,91265.36,91340.02,301.26209,2024-11-16 11:00:00
1731755700000,91340.01,91340.02,91067.31,91220.0,379.27039,2024-11-16 11:15:00
1731756600000,91219.99,91220.0,90995.48,91012.01,299.09164,2024-11-16 11:30:00
1731757500000,91012.01,91212.15,90993.15,91169.69,209.13406,2024-11-16 11:45:00
1731758400000,91169.69,91320.0,90525.54,90656.75,716.4132,2024-11-16 12:00:00
1731759300000,90656.74,90924.0,90500.0,90811.29,372.76728,2024-11-16 12:15:00
1731760200000,90811.3,90998.88,90731.27,90928.76,267.37987,2024-11-16 12:30:00
1731761100000,90928.77,90986.65,90848.48,90894.74,187.28447,2024-11-16 12:45:00
1731762000000,90894.75,91190.0,90860.0,91189.99,192.02467,2024-11-16 13:00:00
1731762900000,91189.99,91189.99,90928.05,90928.06,210.98398,2024-11-16 13:15:00
1731763800000,90928.05,90959.53,90772.46,90907.99,213.9502,2024-11-16 13:30:00
1731764700000,90908.0,90908.0,90684.21,90755.99,221.59105,2024-11-16 13:45:00
1731765600000,90756.0,90876.0,90700.0,90811.97,178.99964,2024-11-16 14:00:00
1731766500000,90811.97,91048.32,90608.8,91048.32,255.58653,2024-11-16 14:15:00
1731767400000,91048.31,91074.22,90822.0,90964.9,215.70516,2024-11-16 14:30:00
1731768300000,90964.9,91053.87,90916.57,90968.0,206.18614,2024-11-16 14:45:00
1731769200000,90968.01,91016.93,90522.0,90536.83,519.55235,2024-11-16 15:00:00
1731770100000,90536.83,90719.19,90330.0,90360.0,599.21301,2024-11-16 15:15:00
1731771000000,90360.68,90559.99,90236.85,90402.93,521.36295,2024-11-16 15:30:00
1731771900000,90402.92,90540.25,90056.17,90521.2,543.19603,2024-11-16 15:45:00
1731772800000,90521.2,90575.76,90186.64,90458.22,276.27992,2024-11-16 16:00:00
1731773700000,90458.21,90720.0,90458.21,90679.98,341.60589,2024-11-16 16:15:00
1731774600000,90679.99,90865.48,90522.0,90559.96,459.9295,2024-11-16 16:30:00
1731775500000,90559.95,90720.04,90450.0,90612.65,214.62942,2024-11-16 16:45:00
1731776400000,90612.64,90850.0,90505.39,90800.0,176.7035,2024-11-16 17:00:00
1731777300000,90800.0,90900.0,90752.0,90842.01,177.75809,2024-11-16 17:15:00
1731778200000,90842.01,90918.46,90732.31,90918.45,134.37085,2024-11-16 17:30:00
1731779100000,90918.45,91000.0,90849.25,90904.03,204.60301,2024-11-16 17:45:00
1731780000000,90904.02,91172.0,90840.0,91108.93,349.30908,2024-11-16 18:00:00
1731780900000,91108.93,91250.0,91102.09,91188.01,149.17521,2024-11-16 18:15:00
1731781800000,91188.01,91396.03,91188.01,91292.01,214.99748,2024-11-16 18:30:00
1731782700000,91292.0,91363.63,91221.59,91303.04,126.64774,2024-11-16 18:45:00
1731783600000,91303.04,91332.0,91125.0,91212.01,188.6788,2024-11-16 19:00:00
1731784500000,91212.0,91212.01,90956.0,91000.56,222.17392,2024-11-16 19:15:00
1731785400000,91000.56,91120.02,90949.61,91060.61,119.2786,2024-11-16 19:30:00
1731786300000,91060.6,91158.16,91008.0,91100.24,110.24018,2024-11-16 19:45:00
1731787200000,91100.23,91181.82,90972.23,91014.16,146.96055,2024-11-16 20:00:00
1731788100000,91014.16,91051.6,90670.6,90743.16,270.42087,2024-11-16 20:15:00
1731789000000,90743.16,90955.26,90743.15,90924.0,147.05585,2024-11-16 20:30:00
1731789900000,90924.0,90963.08,90685.0,90752.01,108.36725,2024-11-16 20:45:00
1731790800000,90752.01,90931.99,90702.0,90910.18,119.99564,2024-11-16 21:00:00
1731791700000,90910.18,91039.37,90840.44,91039.37,161.8981,2024-11-16 21:15:00
1731792600000,91039.37,91067.67,90950.61,90976.49,102.27377,2024-11-16 21:30:00
1731793500000,90976.48,91008.0,90855.11,90993.5,135.77339,2024-11-16 21:45:00
1731794400000,90993.49,91000.0,90865.47,90899.31,107.0712,2024-11-16 22:00:00
1731795300000,90899.31,90931.81,90871.56,90878.59,86.3587,2024-11-16 22:15:00
1731796200000,90878.59,90880.18,90713.67,90748.69,127.99771,2024-11-16 22:30:00
1731797100000,90748.69,90749.6,90300.0,90328.39,376.08237,2024-11-16 22:45:00
1731798000000,90328.39,90648.0,90328.0,90560.01,275.98837,2024-11-16 23:00:00
1731798900000,90560.0,90600.0,90400.0,90550.23,184.99181,2024-11-16 23:15:00
1731799800000,90550.24,90651.98,90403.87,90424.24,90.08492,2024-11-16 23:30:00
1731800700000,90424.25,90588.0,90380.0,90586.92,137.04666,2024-11-16 23:45:00
1731801600000,90587.98,90696.97,90576.0,90691.45,130.91087,2024-11-17 00:00:00
1731802500000,90691.46,90848.0,90691.46,90805.73,133.6918,2024-11-17 00:15:00
1731803400000,90805.74,90888.0,90684.93,90692.22,147.07801,2024-11-17 00:30:00
1731804300000,90692.23,90860.0,90680.65,90808.0,90.18722,2024-11-17 00:45:00
1731805200000,90808.0,90876.81,90654.39,90720.0,147.54213,2024-11-17 01:00:00
1731806100000,90719.99,90835.49,90644.83,90676.02,104.53693,2024-11-17 01:15:00
1731807000000,90676.01,90676.02,90168.64,90168.7,562.09666,2024-11-17 01:30:00
1731807900000,90168.69,90328.08,90001.0,90272.74,442.0329,2024-11-17 01:45:00
1731808800000,90272.73,90272.74,89475.96,89482.01,1168.87136,2024-11-17 02:00:00
1731809700000,89482.01,89899.98,89364.0,89734.52,740.92468,2024-11-17 02:15:00
1731810600000,89734.52,89938.0,89552.0,89885.12,334.99853,2024-11-17 02:30:00
1731811500000,89885.11,90120.0,89765.31,90024.01,257.51954,2024-11-17 02:45:00
1731812400000,90024.02,90239.4,89776.06,89776.06,280.30729,2024-11-17 03:00:00
1731813300000,89776.06,90048.0,89775.37,90011.99,183.2716,2024-11-17 03:15:00
1731814200000,90012.0,90148.0,89989.99,90119.99,89.04726,2024-11-17 03:30:00
1731815100000,90119.99,90247.86,90034.01,90247.86,137.70719,2024-11-17 03:45:00
1731816000000,90247.86,90432.7,90158.56,90285.34,231.54368,2024-11-17 04:00:00
1731816900000,90285.35,90516.0,90285.35,90424.25,249.67766,2024-11-17 04:15:00
1731817800000,90424.25,90681.37,90286.32,90627.89,333.49166,2024-11-17 04:30:00
1731818700000,90627.89,90680.0,90324.29,90576.0,291.48849,2024-11-17 04:45:00
1731819600000,90576.01,90888.0,90472.32,90776.0,233.83197,2024-11-17 05:00:00
1731820500000,90776.0,90803.71,90600.0,90637.15,152.27722,2024-11-17 05:15:00
1731821400000,90637.15,90672.0,90374.45,90427.99,208.59328,2024-11-17 05:30:00
1731822300000,90428.0,90600.0,90428.0,90470.13,82.19689,2024-11-17 05:45:00
1731823200000,90470.13,90515.16,90369.72,90412.91,130.74914,2024-11-17 06:00:00
1731824100000,90412.91,90603.24,90409.71,90559.99,81.1458,2024-11-17 06:15:00
1731825000000,90559.99,90769.99,90519.98,90769.99,130.64393,2024-11-17 06:30:00
1731825900000,90769.99,90769.99,90584.0,90645.44,176.20702,2024-11-17 06:45:00
1731826800000,90645.44,90666.67,90368.0,90368.14,203.7126,2024-11-17 07:00:00
1731827700000,90368.13,90547.77,90368.13,90508.76,129.8851,2024-11-17 07:15:00
1731828600000,90508.76,90643.98,90490.73,90643.97,147.72537,2024-11-17 07:30:00
1731829500000,90643.98,90643.98,90485.75,90550.8,190.94583,2024-11-17 07:45:00
1731830400000,90550.8,90796.0,90478.99,90688.0,269.01151,2024-11-17 08:00:00
1731831300000,90688.0,90740.0,90509.99,90607.99,217.74368,2024-11-17 08:15:00
1731832200000,90607.99,90838.31,90548.7,90746.97,274.13595,2024-11-17 08:30:00
1731833100000,90746.97,91050.01,90746.97,90985.11,359.71751,2024-11-17 08:45:00
1731834000000,90985.11,91449.99,90968.8,91249.48,422.00194,2024-11-17 09:00:00
1731834900000,91249.48,91324.89,91115.38,91135.98,215.5658,2024-11-17 09:15:00
1731835800000,91135.98,91276.58,91030.3,91256.0,261.96491,2024-11-17 09:30:00
1731836700000,91256.01,91322.79,91080.0,91295.24,169.68925,2024-11-17 09:45:00
1731837600000,91295.24,91330.88,91140.21,91219.75,188.95202,2024-11-17 10:00:00
1731838500000,91219.76,91235.27,91080.01,91136.0,103.46473,2024-11-17 10:15:00
1731839400000,91135.99,91148.0,91014.88,91028.97,97.90856,2024-11-17 10:30:00
1731840300000,91028.96,91143.8,90882.74,91056.0,151.4615,2024-11-17 10:45:00
1731841200000,91055.99,91076.0,90544.01,90707.24,448.60769,2024-11-17 11:00:00
1731842100000,90707.25,90799.99,90588.22,90720.85,213.22316,2024-11-17 11:15:00
1731843000000,90720.85,90800.0,90564.99,90672.69,286.89282,2024-11-17 11:30:00
1731843900000,90672.69,90832.0,90508.0,90684.19,248.75415,2024-11-17 11:45:00
1731844800000,90684.19,90939.4,90632.0,90839.0,293.08978,2024-11-17 12:00:00
1731845700000,90839.0,90980.0,90741.1,90843.58,224.63641,2024-11-17 12:15:00
1731846600000,90843.58,90989.8,90788.0,90989.79,126.34974,2024-11-17 12:30:00
1731847500000,90989.79,91189.88,90960.0,91080.68,328.74349,2024-11-17 12:45:00
1731848400000,91080.68,91112.0,90829.52,90873.97,232.26023,2024-11-17 13:00:00
1731849300000,90873.98,90873.98,90653.5,90744.46,204.53788,2024-11-17 13:15:00
1731850200000,90744.46,90831.75,90310.0,90456.01,457.015,2024-11-17 13:30:00
1731851100000,90456.01,90636.16,90408.09,90504.01,230.8399,2024-11-17 13:45:00
1731852000000,90504.02,90765.96,90486.0,90678.95,201.34704,2024-11-17 14:00:00
1731852900000,90678.96,90708.0,90095.34,90095.34,323.82946,2024-11-17 14:15:00
1731853800000,90095.34,90343.43,89925.91,90279.98,668.58589,2024-11-17 14:30:00
1731854700000,90279.98,90358.88,90218.56,90310.91,148.43168,2024-11-17 14:45:00
1731855600000,90310.92,90475.27,90114.5,90402.01,281.03068,2024-11-17 15:00:00
1731856500000,90402.01,90440.0,90309.55,90372.0,132.6101,2024-11-17 15:15:00
1731857400000,90372.0,90587.99,90293.87,90472.0,174.72297,2024-11-17 15:30:00
1731858300000,90472.0,90572.0,90235.92,90260.01,138.7839,2024-11-17 15:45:00
1731859200000,90260.01,90403.99,90076.29,90158.02,224.15014,2024-11-17 16:00:00
1731860100000,90158.01,90372.0,90122.77,90333.33,120.39921,2024-11-17 16:15:00
1731861000000,90333.34,90408.0,90216.0,90263.28,164.87456,2024-11-17 16:30:00
1731861900000,90263.28,90523.45,90256.79,90446.92,224.20358,2024-11-17 16:45:00
1731862800000,90446.91,90446.92,90282.82,90282.82,179.47074,2024-11-17 17:00:00
1731863700000,90282.82,90590.98,90150.23,90457.65,241.89486,2024-11-17 17:15:00
1731864600000,90457.65,90640.18,90392.0,90491.65,208.74239,2024-11-17 17:30:00
1731865500000,90491.65,90618.01,90447.85,90578.66,101.49329,2024-11-17 17:45:00
1731866400000,90578.66,90616.78,90220.55,90304.8,138.18123,2024-11-17 18:00:00
1731867300000,90304.81,90304.81,89960.0,90045.31,264.26342,2024-11-17 18:15:00
1731868200000,90045.31,90177.5,89832.44,90108.01,307.75521,2024-11-17 18:30:00
1731869100000,90108.01,90166.3,89933.87,89936.0,142.21971,2024-11-17 18:45:00
1731870000000,89936.0,90041.23,89765.36,89868.0,242.24567,2024-11-17 19:00:00
1731870900000,89868.0,89917.62,89664.34,89897.46,215.18139,2024-11-17 19:15:00
1731871800000,89897.46,90120.26,89832.68,90120.26,167.19575,2024-11-17 19:30:00
1731872700000,90120.25,90140.0,90020.0,90044.0,170.12048,2024-11-17 19:45:00
1731873600000,90044.0,90212.13,90000.0,90156.02,149.47554,2024-11-17 20:00:00
1731874500000,90156.02,90181.82,89500.0,89679.99,359.56402,2024-11-17 20:15:00
1731875400000,89680.0,89820.0,89575.25,89742.01,297.22346,2024-11-17 20:30:00
1731876300000,89742.01,89742.01,89562.01,89636.0,177.76268,2024-11-17 20:45:00
1731877200000,89636.0,89691.0,89468.0,89481.4,222.16674,2024-11-17 21:00:00
1731878100000,89481.4,89748.02,89195.46,89638.97,442.48154,2024-11-17 21:15:00
1731879000000,89638.97,89676.0,89333.33,89430.24,209.04069,2024-11-17 21:30:00
1731879900000,89430.24,89474.95,89002.08,89137.98,335.15592,2024-11-17 21:45:00
1731880800000,89137.97,89394.81,88722.0,89376.0,804.75572,2024-11-17 22:00:00
1731881700000,89375.99,89647.84,89366.69,89519.92,381.26036,2024-11-17 22:15:00
1731882600000,89519.92,89575.76,89278.54,89303.33,190.62267,2024-11-17 22:30:00
1731883500000,89303.32,89600.0,89303.31,89556.0,149.94214,2024-11-17 22:45:00
1731884400000,89556.0,89750.0,89316.98,89453.5,364.59871,2024-11-17 23:00:00
1731885300000,89453.51,89750.0,89345.0,89664.01,274.44152,2024-11-17 23:15:00
1731886200000,89664.01,89815.77,89526.51,89699.99,228.15721,2024-11-17 23:30:00
1731887100000,89699.99,89863.99,89649.8,89855.99,147.7666,2024-11-17 23:45:00
1731888000000,89855.98,89966.4,89617.96,89798.56,251.99897,2024-11-18 00:00:00
1731888900000,89798.57,89923.57,89660.0,89923.57,129.11395,2024-11-18 00:15:00
1731889800000,89923.56,90120.74,89836.0,90023.49,222.92664,2024-11-18 00:30:00
1731890700000,90023.49,90096.26,89852.0,89940.0,140.56481,2024-11-18 00:45:00
1731891600000,89940.0,90169.02,89894.38,90151.52,149.41316,2024-11-18 01:00:00
1731892500000,90151.51,90582.19,90090.78,90572.65,261.07272,2024-11-18 01:15:00
1731893400000,90572.65,90912.62,90572.65,90702.39,456.52249,2024-11-18 01:30:00
1731894300000,90702.39,90935.44,90584.91,90747.57,222.21079,2024-11-18 01:45:00
1731895200000,90747.57,90847.61,90494.54,90568.02,363.0581,2024-11-18 02:00:00
1731896100000,90568.02,90600.0,90405.01,90468.56,134.38352,2024-11-18 02:15:00
1731897000000,90468.56,90632.39,90468.56,90606.06,108.06491,2024-11-18 02:30:00
1731897900000,90606.06,90756.06,90470.83,90493.89,127.9175,2024-11-18 02:45:00
1731898800000,90493.88,90536.0,90300.0,90387.55,163.38813,2024-11-18 03:00:00
1731899700000,90387.54,90484.85,90300.02,90363.73,215.086,2024-11-18 03:15:00
1731900600000,90363.73,90567.28,90363.73,90448.36,142.49339,2024-11-18 03:30:00
1731901500000,90448.35,90676.92,90442.14,90668.58,164.01744,2024-11-18 03:45:00
1731902400000,90668.58,90700.0,90540.0,90540.0,139.16237,2024-11-18 04:00:00
1731903300000,90540.0,90592.01,90500.0,90547.99,87.11615,2024-11-18 04:15:00
1731904200000,90548.0,90596.59,90481.97,90559.99,104.20904,2024-11-18 04:30:00
1731905100000,90560.0,90560.0,90438.85,90441.3,110.36063,2024-11-18 04:45:00
1731906000000,90441.3,90588.0,90441.29,90508.0,204.07249,2024-11-18 05:00:00
1731906900000,90508.0,90809.36,90462.0,90809.35,149.24155,2024-11-18 05:15:00
1731907800000,90809.35,90809.36,90604.0,90656.0,174.1925,2024-11-18 05:30:00
1731908700000,90656.0,90677.75,90575.76,90615.71,178.83581,2024-11-18 05:45:00
1731909600000,90615.72,90800.0,90615.71,90736.0,213.80482,2024-11-18 06:00:00
1731910500000,90736.0,91123.82,90704.0,90947.39,464.25347,2024-11-18 06:15:00
1731911400000,90947.39,91408.0,90928.0,91352.71,690.21116,2024-11-18 06:30:00
1731912300000,91352.72,92079.3,91224.0,92061.84,1481.89846,2024-11-18 06:45:00
1731913200000,92061.84,92300.0,91680.38,91926.93,1086.84318,2024-11-18 07:00:00
1731914100000,91926.93,91926.93,91502.02,91515.99,573.29401,2024-11-18 07:15:00
1731915000000,91516.0,91848.54,91415.79,91807.12,455.45028,2024-11-18 07:30:00
1731915900000,91807.12,91916.0,91702.41,91719.9,265.71893,2024-11-18 07:45:00
1731916800000,91719.9,92041.71,91555.54,92028.01,437.68933,2024-11-18 08:00:00
1731917700000,92028.0,92141.13,91882.39,91888.01,280.08547,2024-11-18 08:15:00
1731918600000,91888.0,91900.0,91637.11,91824.05,276.51421,2024-11-18 08:30:00
1731919500000,91824.04,91963.75,91780.87,91810.61,216.59231,2024-11-18 08:45:00
1731920400000,91810.6,91878.09,91655.88,91728.72,181.89146,2024-11-18 09:00:00
1731921300000,91728.73,92125.0,91728.72,92104.0,360.46684,2024-11-18 09:15:00
1731922200000,92104.0,92211.99,91710.5,91801.2,295.4763,2024-11-18 09:30:00
1731923100000,91801.2,91940.0,91640.0,91710.6,260.93174,2024-11-18 09:45:00
1731924000000,91710.59,91999.0,91708.25,91765.85,276.82255,2024-11-18 10:00:00
1731924900000,91765.85,91988.28,91680.0,91912.59,280.35831,2024-11-18 10:15:00
1731925800000,91912.59,92016.0,91883.44,91934.83,262.65979,2024-11-18 10:30:00
1731926700000,91934.83,91954.64,91757.57,91769.42,279.34623,2024-11-18 10:45:00
1731927600000,91769.43,91816.01,91095.79,91134.72,739.41216,2024-11-18 11:00:00
1731928500000,91134.72,91317.24,90829.51,90961.95,737.44539,2024-11-18 11:15:00
1731929400000,90961.95,91050.86,90340.9,90340.91,753.25975,2024-11-18 11:30:00
1731930300000,90340.91,90520.0,90051.1,90275.13,849.64482,2024-11-18 11:45:00
1731931200000,90275.13,90583.49,90100.5,90276.0,556.76029,2024-11-18 12:00:00
1731932100000,90276.0,90604.01,90276.0,90604.01,531.1502,2024-11-18 12:15:00
1731933000000,90604.65,90757.58,90500.0,90649.73,386.59536,2024-11-18 12:30:00
1731933900000,90649.73,90740.08,90417.16,90517.13,250.45442,2024-11-18 12:45:00
1731934800000,90517.14,90595.98,89666.0,89784.0,1117.95553,2024-11-18 13:00:00
1731935700000,89784.0,89970.29,89460.0,89687.48,613.77613,2024-11-18 13:15:00
1731936600000,89687.48,89960.96,89622.01,89951.28,368.89596,2024-11-18 13:30:00
1731937500000,89951.27,89951.28,89376.9,89502.23,500.11643,2024-11-18 13:45:00
1731938400000,89502.23,90267.92,89436.29,90217.79,691.24871,2024-11-18 14:00:00
1731939300000,90217.79,90408.48,90088.0,90374.2,464.27023,2024-11-18 14:15:00
1731940200000,90374.2,91053.58,90118.55,90591.28,1011.28424,2024-11-18 14:30:00
1731941100000,90591.28,90613.48,89770.5,90308.01,882.92888,2024-11-18 14:45:00
1731942000000,90308.0,90845.34,90242.61,90833.38,699.81326,2024-11-18 15:00:00
1731942900000,90833.38,90843.65,90346.66,90630.0,532.34437,2024-11-18 15:15:00
1731943800000,90630.0,92266.0,90629.99,91887.99,2175.4279,2024-11-18 15:30:00
1731944700000,91887.98,92594.0,91720.0,92309.51,2090.95105,2024-11-18 15:45:00
1731945600000,92309.51,92584.95,91834.89,92075.54,1213.72718,2024-11-18 16:00:00
1731946500000,92075.54,92130.15,91611.75,91955.56,747.54805,2024-11-18 16:15:00
1731947400000,91955.56,92118.64,91700.0,91707.99,516.74464,2024-11-18 16:30:00
1731948300000,91707.99,91787.88,91121.23,91403.12,735.17009,2024-11-18 16:45:00
1731949200000,91403.12,91527.92,91026.18,91391.99,399.34457,2024-11-18 17:00:00
1731950100000,91391.99,92149.85,91244.0,91848.48,872.80639,2024-11-18 17:15:00
1731951000000,91848.48,91900.0,91202.0,91233.83,509.13015,2024-11-18 17:30:00
1731951900000,91233.83,91621.65,90904.25,91564.69,744.40857,2024-11-18 17:45:00
1731952800000,91564.69,91599.0,91271.54,91471.99,335.26838,2024-11-18 18:00:00
1731953700000,91471.99,91660.9,91000.0,91060.0,562.02817,2024-11-18 18:15:00
1731954600000,91060.0,91090.66,90444.44,90450.09,478.84943,2024-11-18 18:30:00
1731955500000,90450.09,90531.76,90100.0,90356.8,654.48743,2024-11-18 18:45:00
1731956400000,90356.8,90447.21,89960.0,90052.0,477.16188,2024-11-18 19:00:00
1731957300000,90052.0,90160.0,89671.15,89843.96,736.05444,2024-11-18 19:15:00
1731958200000,89843.97,90396.04,89667.66,90326.44,605.87766,2024-11-18 19:30:00
1731959100000,90326.45,90640.0,90190.47,90608.26,366.18923,2024-11-18 19:45:00
1731960000000,90608.26,90786.17,90524.3,90598.18,285.78224,2024-11-18 20:00:00
1731960900000,90598.19,91924.04,90412.0,91715.8,1265.63486,2024-11-18 20:15:00
1731961800000,91738.11,91910.37,91253.0,91392.03,1093.38472,2024-11-18 20:30:00
1731962700000,91392.02,91590.62,90924.0,91473.42,905.3232,2024-11-18 20:45:00
1731963600000,91473.43,91964.17,91333.33,91964.16,769.68378,2024-11-18 21:00:00
1731964500000,91964.16,91980.0,91620.76,91652.18,305.65927,2024-11-18 21:15:00
1731965400000,91652.18,91836.0,91528.0,91528.0,233.3581,2024-11-18 21:30:00
1731966300000,91528.01,91571.82,91144.08,91276.33,340.79951,2024-11-18 21:45:00
1731967200000,91276.33,91380.01,91001.0,91217.7,295.7184,2024-11-18 22:00:00
1731968100000,91217.69,91272.73,91104.02,91267.32,143.97431,2024-11-18 22:15:00
1731969000000,91267.32,91461.01,91113.42,91406.98,296.73047,2024-11-18 22:30:00
1731969900000,91406.97,91407.31,91140.73,91148.02,112.33729,2024-11-18 22:45:00
1731970800000,91148.02,91220.0,90704.92,90929.17,262.99681,2024-11-18 23:00:00
1731971700000,90929.18,90939.4,90227.11,90248.0,375.8841,2024-11-18 23:15:00
1731972600000,90248.0,90709.17,90224.02,90624.89,537.40724,2024-11-18 23:30:00
1731973500000,90624.89,90636.37,90407.17,90464.08,372.09693,2024-11-18 23:45:00
1731974400000,90464.07,90647.1,90357.0,90536.01,294.4324,2024-11-19 00:00:00
1731975300000,90536.01,90695.56,90460.45,90578.96,312.04775,2024-11-19 00:15:00
1731976200000,90578.97,90880.0,90424.22,90879.99,219.75073,2024-11-19 00:30:00
1731977100000,90879.99,91228.58,90761.9,91042.94,325.83351,2024-11-19 00:45:00
1731978000000,91042.95,91241.46,90861.07,90888.0,230.96373,2024-11-19 01:00:00
1731978900000,90888.0,91133.34,90868.66,90979.0,123.95125,2024-11-19 01:15:00
1731979800000,90979.0,91020.71,90700.0,91007.99,133.93671,2024-11-19 01:30:00
1731980700000,91008.0,91038.1,90616.0,90714.26,203.83305,2024-11-19 01:45:00
1731981600000,90714.27,90983.05,90702.73,90936.14,138.95442,2024-11-19 02:00:00
1731982500000,90936.15,91243.63,90936.0,91142.85,314.9035,2024-11-19 02:15:00
1731983400000,91142.86,91268.9,90967.81,91260.12,299.47699,2024-11-19 02:30:00
1731984300000,91260.12,91271.65,91122.0,91236.0,142.13274,2024-11-19 02:45:00
1731985200000,91236.0,91300.0,91178.39,91288.0,174.35154,2024-11-19 03:00:00
1731986100000,91287.99,91529.0,91163.9,91349.96,400.30836,2024-11-19 03:15:00
1731987000000,91349.96,91428.57,91244.6,91345.5,129.13676,2024-11-19 03:30:00
1731987900000,91345.49,91487.86,91345.49,91428.0,131.25268,2024-11-19 03:45:00
1731988800000,91428.0,91475.49,91248.01,91294.01,149.62692,2024-11-19 04:00:00
1731989700000,91294.01,91708.94,91271.69,91628.74,412.33677,2024-11-19 04:15:00
1731990600000,91628.74,91816.28,91504.77,91607.19,296.86686,2024-11-19 04:30:00
1731991500000,91607.19,91607.19,91336.0,91528.0,146.71635,2024-11-19 04:45:00
1731992400000,91528.0,91664.43,91416.0,91599.97,179.16708,2024-11-19 05:00:00
1731993300000,91599.98,91640.0,91249.66,91349.92,286.13941,2024-11-19 05:15:00
1731994200000,91349.91,91497.0,91238.09,91466.82,115.318,2024-11-19 05:30:00
1731995100000,91466.82,91891.8,91454.54,91877.0,387.38128,2024-11-19 05:45:00
1731996000000,91877.0,91877.01,91598.5,91672.0,227.4196,2024-11-19 06:00:00
1731996900000,91672.0,91946.35,91600.0,91920.0,227.43572,2024-11-19 06:15:00
1731997800000,91920.0,91933.09,91785.88,91831.67,294.85092,2024-11-19 06:30:00
1731998700000,91831.67,91980.0,91781.23,91959.11,202.00313,2024-11-19 06:45:00
1731999600000,91959.11,92000.0,91735.0,91745.38,291.22128,2024-11-19 07:00:00
1732000500000,91745.39,91876.0,91600.0,91832.0,244.49027,2024-11-19 07:15:00
1732001400000,91832.0,91979.0,91776.0,91776.0,203.19586,2024-11-19 07:30:00
1732002300000,91776.01,91826.0,91600.0,91620.01,229.63524,2024-11-19 07:45:00
1732003200000,91620.0,91727.28,91521.35,91551.33,221.66116,2024-11-19 08:00:00
1732004100000,91551.33,91712.38,91487.2,91632.3,197.54873,2024-11-19 08:15:00
1732005000000,91632.3,91731.99,91400.03,91473.98,138.17313,2024-11-19 08:30:00
1732005900000,91473.97,91781.0,91473.97,91780.99,208.65838,2024-11-19 08:45:00
1732006800000,91780.99,91950.0,91760.77,91820.0,246.78939,2024-11-19 09:00:00
1732007700000,91820.0,91848.0,91215.35,91224.0,332.27529,2024-11-19 09:15:00
1732008600000,91223.99,91396.53,91200.0,91299.99,333.31728,2024-11-19 09:30:00
1732009500000,91300.0,91825.0,91250.0,91694.38,597.73586,2024-11-19 09:45:00
1732010400000,91694.37,91783.99,91485.04,91614.37,199.83016,2024-11-19 10:00:00
1732011300000,91614.37,91916.24,91612.39,91745.67,243.58344,2024-11-19 10:15:00
1732012200000,91745.67,91745.67,91562.18,91721.97,208.9706,2024-11-19 10:30:00
1732013100000,91721.97,91818.18,91696.96,91750.77,128.20962,2024-11-19 10:45:00
1732014000000,91750.78,91842.89,91666.66,91686.7,178.046,2024-11-19 11:00:00
1732014900000,91686.69,91734.35,91524.0,91528.14,191.22908,2024-11-19 11:15:00
1732015800000,91528.14,91763.54,91528.14,91676.13,208.97837,2024-11-19 11:30:00
1732016700000,91676.13,91720.0,91636.95,91652.02,95.94016,2024-11-19 11:45:00
1732017600000,91652.01,92020.01,91652.01,92020.01,541.5737,2024-11-19 12:00:00
1732018500000,92020.01,92454.09,91985.71,92400.0,900.20051,2024-11-19 12:15:00
1732019400000,92400.0,92500.0,92156.0,92264.01,801.36008,2024-11-19 12:30:00
1732020300000,92264.02,92476.0,92100.0,92467.99,761.29006,2024-11-19 12:45:00
1732021200000,92467.99,92788.0,92384.71,92694.87,1113.46382,2024-11-19 13:00:00
1732022100000,92694.87,92699.98,92139.97,92176.36,991.34449,2024-11-19 13:15:00
1732023000000,92176.36,92176.36,91437.4,91448.82,1214.17467,2024-11-19 13:30:00
1732023900000,91448.83,91666.67,91044.15,91142.28,882.54019,2024-11-19 13:45:00
1732024800000,91142.27,91756.0,90975.8,91724.55,1245.54708,2024-11-19 14:00:00
1732025700000,91724.56,91831.29,91288.0,91540.0,679.07215,2024-11-19 14:15:00
1732026600000,91540.01,91974.36,91153.84,91964.01,778.86196,2024-11-19 14:30:00
1732027500000,91964.0,92381.0,91736.58,91824.0,1018.18988,2024-11-19 14:45:00
1732028400000,91824.0,92256.51,91683.64,92034.45,688.62069,2024-11-19 15:00:00
1732029300000,92034.44,92034.45,91500.0,91652.0,680.28756,2024-11-19 15:15:00
1732030200000,91651.99,92275.0,91500.0,92151.51,789.27628,2024-11-19 15:30:00
1732031100000,92151.51,92446.0,92137.22,92391.99,737.8251,2024-11-19 15:45:00
1732032000000,92391.99,92488.0,92201.04,92227.99,349.84354,2024-11-19 16:00:00
1732032900000,92227.99,92628.9,92202.48,92550.01,467.70812,2024-11-19 16:15:00
1732033800000,92550.02,92620.0,92147.12,92313.84,403.799,2024-11-19 16:30:00
1732034700000,92313.85,92588.0,92206.88,92553.79,347.83486,2024-11-19 16:45:00
1732035600000,92553.78,92912.0,92449.0,92743.19,903.26867,2024-11-19 17:00:00
1732036500000,92743.18,92930.0,92339.26,92840.01,528.77413,2024-11-19 17:15:00
1732037400000,92840.01,93265.8,92708.58,92756.01,1370.51254,2024-11-19 17:30:00
1732038300000,92756.01,92864.0,92500.0,92853.76,695.29355,2024-11-19 17:45:00
1732039200000,92853.75,93287.0,92711.5,93286.99,493.61996,2024-11-19 18:00:00
1732040100000,93286.99,93699.26,92891.72,93663.48,1450.25799,2024-11-19 18:15:00
1732041000000,93663.48,93750.0,93317.4,93648.48,1100.50131,2024-11-19 18:30:00
1732041900000,93648.47,93856.0,93437.92,93646.15,1003.99635,2024-11-19 18:45:00
1732042800000,93646.16,93905.51,93120.47,93867.65,937.9094,2024-11-19 19:00:00
1732043700000,93867.65,93875.99,93500.0,93604.0,516.7459,2024-11-19 19:15:00
1732044600000,93604.01,93723.87,93312.92,93545.53,424.36863,2024-11-19 19:30:00
1732045500000,93545.53,93589.74,93060.0,93227.87,456.34335,2024-11-19 19:45:00
1732046400000,93227.87,93571.08,93070.0,93528.79,343.42573,2024-11-19 20:00:00
1732047300000,93528.79,93546.63,92855.01,93126.5,729.93907,2024-11-19 20:15:00
1732048200000,93126.5,93376.5,92748.45,92966.53,520.30741,2024-11-19 20:30:00
1732049100000,92966.53,93000.0,92165.05,92458.0,849.98318,2024-11-19 20:45:00
1732050000000,92457.99,92748.0,92105.0,92196.0,468.1798,2024-11-19 21:00:00
1732050900000,92196.0,92333.34,91800.0,92199.99,709.33247,2024-11-19 21:15:00
1732051800000,92199.99,92448.48,91909.09,92087.51,570.72173,2024-11-19 21:30:00
1732052700000,92087.51,92414.6,92020.0,92196.82,256.20888,2024-11-19 21:45:00
1732053600000,92196.82,92424.25,92188.94,92360.14,209.48845,2024-11-19 22:00:00
1732054500000,92360.14,92415.99,91891.15,91922.87,323.99208,2024-11-19 22:15:00
1732055400000,91922.87,91922.88,91320.0,91709.8,822.56009,2024-11-19 22:30:00
1732056300000,91709.8,91843.7,91562.37,91826.19,246.56345,2024-11-19 22:45:00
1732057200000,91826.19,91826.2,91585.3,91754.79,314.25301,2024-11-19 23:00:00
1732058100000,91754.79,92118.02,91684.45,92053.94,409.89862,2024-11-19 23:15:00
1732059000000,92053.94,92271.71,92000.0,92228.01,220.0206,2024-11-19 23:30:00
1732059900000,92228.01,92333.77,92093.94,92310.79,190.74927,2024-11-19 23:45:00
1732060800000,92310.8,92418.68,92153.88,92179.5,270.00746,2024-11-20 00:00:00
1732061700000,92179.5,92249.79,92028.0,92042.96,172.72238,2024-11-20 00:15:00
1732062600000,92042.96,92320.0,92000.0,92233.7,190.46121,2024-11-20 00:30:00
1732063500000,92233.69,92260.0,92044.18,92044.19,131.73247,2024-11-20 00:45:00
1732064400000,92044.18,92284.53,92010.0,92072.24,159.48492,2024-11-20 01:00:00
1732065300000,92072.23,92080.0,91732.75,91877.9,304.74254,2024-11-20 01:15:00
1732066200000,91877.91,92121.22,91784.0,91815.46,298.09367,2024-11-20 01:30:00
1732067100000,91815.46,92016.0,91720.0,91976.79,325.57064,2024-11-20 01:45:00
1732068000000,91976.79,91976.8,91580.0,91703.57,311.98992,2024-11-20 02:00:00
1732068900000,91703.57,92028.74,91600.0,91962.34,253.2734,2024-11-20 02:15:00
1732069800000,91962.34,91966.04,91680.0,91900.0,218.8694,2024-11-20 02:30:00
1732070700000,91900.0,91959.95,91712.0,91748.0,118.56923,2024-11-20 02:45:00
1732071600000,91748.0,91800.0,91500.0,91664.82,436.75608,2024-11-20 03:00:00
1732072500000,91664.81,91743.59,91552.0,91743.59,225.00719,2024-11-20 03:15:00
1732073400000,91743.59,92024.0,91705.08,91987.13,388.43245,2024-11-20 03:30:00
1732074300000,91987.13,92066.66,91940.0,92039.99,290.51103,2024-11-20 03:45:00
1732075200000,92039.99,92074.67,91850.0,92074.67,188.99136,2024-11-20 04:00:00
1732076100000,92074.66,92222.0,91959.63,92149.91,182.48866,2024-11-20 04:15:00
1732077000000,92149.91,92271.71,92051.28,92252.01,251.46974,2024-11-20 04:30:00
1732077900000,92252.01,92268.99,92104.0,92121.21,138.97278,2024-11-20 04:45:00
1732078800000,92121.21,92149.0,91958.56,92050.3,114.30316,2024-11-20 05:00:00
1732079700000,92050.3,92477.22,92000.0,92429.23,264.54858,2024-11-20 05:15:00
1732080600000,92429.23,92516.0,92252.0,92294.4,226.92232,2024-11-20 05:30:00
1732081500000,92294.4,92515.15,92254.35,92505.47,147.16233,2024-11-20 05:45:00
1732082400000,92505.47,92654.93,92454.54,92501.22,245.63506,2024-11-20 06:00:00
1732083300000,92501.23,92651.13,92454.24,92562.96,206.74011,2024-11-20 06:15:00
1732084200000,92562.95,92636.0,92400.0,92428.01,172.22478,2024-11-20 06:30:00
1732085100000,92428.0,92472.0,92352.59,92372.95,131.69578,2024-11-20 06:45:00
1732086000000,92372.95,92580.0,92300.0,92568.26,222.11965,2024-11-20 07:00:00
1732086900000,92568.26,92800.0,92548.22,92678.62,393.81193,2024-11-20 07:15:00
1732087800000,92678.61,92784.0,92650.0,92713.65,232.53518,2024-11-20 07:30:00
1732088700000,92713.66,92851.09,92687.48,92850.38,357.55713,2024-11-20 07:45:00
1732089600000,92850.38,92982.53,92720.0,92948.73,438.04611,2024-11-20 08:00:00
1732090500000,92948.73,93076.93,92844.0,93000.01,494.17312,2024-11-20 08:15:00
1732091400000,93000.01,93179.49,92956.35,93179.49,259.64743,2024-11-20 08:30:00
1732092300000,93179.49,93333.33,93119.79,93200.0,670.20505,2024-11-20 08:45:00
1732093200000,93200.0,93475.17,93150.06,93464.01,508.06809,2024-11-20 09:00:00
1732094100000,93464.01,93669.98,93296.23,93296.23,631.96058,2024-11-20 09:15:00
1732095000000,93296.24,93324.0,93027.73,93207.2,332.13342,2024-11-20 09:30:00
1732095900000,93207.2,93272.73,92970.0,93100.01,625.88589,2024-11-20 09:45:00
1732096800000,93100.01,93303.04,93009.98,93239.32,339.01871,2024-11-20 10:00:00
1732097700000,93239.32,93454.55,93239.32,93352.54,305.33086,2024-11-20 10:15:00
1732098600000,93352.54,93499.99,93236.0,93499.99,203.50745,2024-11-20 10:30:00
1732099500000,93499.99,93520.0,93269.98,93278.5,192.25161,2024-11-20 10:45:00
1732100400000,93278.5,93310.85,92812.17,92812.18,322.59506,2024-11-20 11:00:00
1732101300000,92812.18,93264.77,92808.0,93201.67,241.5948,2024-11-20 11:15:00
1732102200000,93201.67,93296.0,93072.0,93271.3,275.59163,2024-11-20 11:30:00
1732103100000,93271.3,93614.98,93241.69,93454.65,376.73907,2024-11-20 11:45:00
1732104000000,93454.65,93635.78,93314.49,93617.73,384.14625,2024-11-20 12:00:00
1732104900000,93617.72,93724.47,93473.73,93645.67,548.63053,2024-11-20 12:15:00
1732105800000,93645.68,93750.0,93479.51,93504.0,424.18026,2024-11-20 12:30:00
1732106700000,93504.01,93716.0,93336.0,93531.95,350.28375,2024-11-20 12:45:00
1732107600000,93531.95,93912.01,93531.94,93912.01,522.63331,2024-11-20 13:00:00
1732108500000,93912.0,94300.61,93856.0,94269.55,1796.75352,2024-11-20 13:15:00
1732109400000,94268.01,94450.1,94012.24,94213.72,935.28102,2024-11-20 13:30:00
1732110300000,94213.72,94585.23,94204.66,94382.88,657.783132,2024-11-20 13:45:00
1732111200000,94382.87,94580.0,94210.0,94341.29,677.72113,2024-11-20 14:00:00
1732112100000,94341.3,94543.05,94058.0,94451.44,651.81691,2024-11-20 14:15:00
1732113000000,94451.43,94727.88,93828.0,94213.7,1513.77706,2024-11-20 14:30:00
1732113900000,94213.71,94750.0,94101.0,94627.41,954.17675,2024-11-20 14:45:00
1732114800000,94627.41,94749.99,94050.0,94312.03,1008.34942,2024-11-20 15:00:00
1732115700000,94312.02,94660.01,94206.71,94544.81,810.49207,2024-11-20 15:15:00
1732116600000,94544.82,94807.62,94465.51,94699.13,762.64655,2024-11-20 15:30:00
1732117500000,94699.13,94785.2,94591.99,94739.97,703.87277,2024-11-20 15:45:00
1732118400000,94739.98,94831.97,94166.66,94316.29,947.35896,2024-11-20 16:00:00
1732119300000,94316.29,94343.93,93501.4,93563.59,1262.54254,2024-11-20 16:15:00
1732120200000,93563.59,93878.0,93316.0,93632.0,979.57073,2024-11-20 16:30:00
1732121100000,93632.0,94109.46,93485.0,94048.0,899.66356,2024-11-20 16:45:00
1732122000000,94048.0,94338.99,93830.97,93969.4,597.59492,2024-11-20 17:00:00
1732122900000,93969.4,94129.2,93594.31,94043.06,570.56852,2024-11-20 17:15:00
1732123800000,94043.06,94199.99,93773.27,94164.01,414.42573,2024-11-20 17:30:00
1732124700000,94164.01,94280.0,93916.33,93916.34,432.32126,2024-11-20 17:45:00
1732125600000,93916.34,94272.35,93800.0,94184.38,599.42325,2024-11-20 18:00:00
1732126500000,94184.38,94242.43,93568.01,93929.47,643.3235,2024-11-20 18:15:00
1732127400000,93929.47,94268.0,93328.41,93391.79,1122.10778,2024-11-20 18:30:00
1732128300000,93391.79,93773.9,93138.0,93684.0,706.61714,2024-11-20 18:45:00
1732129200000,93684.0,93836.0,93428.17,93580.41,389.8888,2024-11-20 19:00:00
1732130100000,93580.41,93700.0,93240.12,93383.99,373.04649,2024-11-20 19:15:00
1732131000000,93383.99,93821.35,93369.5,93799.97,428.28512,2024-11-20 19:30:00
1732131900000,93799.98,94000.0,93709.59,94000.0,394.3686,2024-11-20 19:45:00
1732132800000,94000.0,94235.0,93801.45,93926.23,489.17363,2024-11-20 20:00:00
1732133700000,93926.22,94245.68,93827.72,94191.99,333.92067,2024-11-20 20:15:00
1732134600000,94191.99,94599.98,94186.61,94470.76,927.73129,2024-11-20 20:30:00
1732135500000,94470.76,94534.68,94076.92,94271.99,407.74291,2024-11-20 20:45:00
1732136400000,94271.99,94400.0,93999.48,94064.0,462.06816,2024-11-20 21:00:00
1732137300000,94064.0,94351.17,93900.01,94152.0,377.9855,2024-11-20 21:15:00
1732138200000,94152.0,94499.99,94151.61,94499.98,252.26463,2024-11-20 21:30:00
1732139100000,94499.98,94500.0,94328.08,94365.92,146.55146,2024-11-20 21:45:00
1732140000000,94365.92,94439.08,94309.29,94361.66,158.73687,2024-11-20 22:00:00
1732140900000,94361.65,94490.0,94084.46,94165.76,222.3024,2024-11-20 22:15:00
1732141800000,94165.75,94212.0,93933.62,94089.63,295.60562,2024-11-20 22:30:00
1732142700000,94089.63,94204.31,93969.69,94160.55,107.03124,2024-11-20 22:45:00
1732143600000,94160.56,94212.13,93986.99,94059.11,246.06521,2024-11-20 23:00:00
1732144500000,94059.1,94083.96,93770.07,93959.87,250.83122,2024-11-20 23:15:00
1732145400000,93959.86,94144.52,93864.0,94100.01,117.33315,2024-11-20 23:30:00
1732146300000,94100.01,94286.56,94006.23,94286.56,154.052,2024-11-20 23:45:00
1732147200000,94286.56,94393.94,94194.62,94392.0,215.88723,2024-11-21 00:00:00
1732148100000,94392.0,94855.46,94352.0,94819.92,683.0367,2024-11-21 00:15:00
1732149000000,94819.91,94898.0,94589.74,94864.01,501.6694,2024-11-21 00:30:00
1732149900000,94864.0,94925.66,94600.0,94709.61,363.25806,2024-11-21 00:45:00
1732150800000,94709.62,94926.57,94596.0,94870.19,235.00131,2024-11-21 01:00:00
1732151700000,94870.2,94977.0,94700.0,94900.0,433.25954,2024-11-21 01:15:00
1732152600000,94900.0,94909.1,94674.24,94823.14,231.89439,2024-11-21 01:30:00
1732153500000,94823.14,94887.03,94651.55,94702.49,181.13978,2024-11-21 01:45:00
1732154400000,94702.48,94757.57,94420.0,94659.94,366.29316,2024-11-21 02:00:00
1732155300000,94659.94,94712.8,94106.31,94191.99,467.88316,2024-11-21 02:15:00
1732156200000,94191.99,94359.99,94040.0,94116.0,605.39055,2024-11-21 02:30:00
1732157100000,94116.0,94426.66,94115.99,94404.13,391.10068,2024-11-21 02:45:00
1732158000000,94404.14,94909.08,94400.0,94884.86,704.59393,2024-11-21 03:00:00
1732158900000,94884.86,95700.0,94818.18,95692.0,2005.202165,2024-11-21 03:15:00
1732159800000,95692.0,95895.93,95450.14,95598.51,1213.92671,2024-11-21 03:30:00
1732160700000,95598.51,95904.0,95596.32,95798.12,739.52074,2024-11-21 03:45:00
1732161600000,95798.12,96980.0,95798.11,96940.8,2437.978556,2024-11-21 04:00:00
1732162500000,96940.8,96982.0,96456.51,96456.51,1026.35424,2024-11-21 04:15:00
1732163400000,96456.51,96772.0,96231.27,96700.01,829.79017,2024-11-21 04:30:00
1732164300000,96700.01,97662.36,96543.08,97554.22,1708.487919,2024-11-21 04:45:00
1732165200000,97554.22,97561.98,97200.0,97400.94,829.95203,2024-11-21 05:00:00
1732166100000,97400.95,97719.99,97311.0,97656.92,736.81942,2024-11-21 05:15:00
1732167000000,97656.92,97852.0,97425.7,97551.99,855.279214,2024-11-21 05:30:00
1732167900000,97552.0,97575.99,96692.0,97328.0,1033.0642,2024-11-21 05:45:00
1732168800000,97328.01,97388.0,96968.0,97168.02,541.97447,2024-11-21 06:00:00
1732169700000,97168.01,97384.62,96800.01,97100.52,644.85915,2024-11-21 06:15:00
1732170600000,97100.53,97400.0,97090.9,97366.45,588.64903,2024-11-21 06:30:00
1732171500000,97366.44,97366.45,96945.41,97004.02,510.09711,2024-11-21 06:45:00
1732172400000,97004.03,97165.11,96924.0,97116.51,425.2848,2024-11-21 07:00:00
1732173300000,97116.51,97383.95,97050.0,97127.09,394.55238,2024-11-21 07:15:00
1732174200000,97127.1,97384.62,97033.85,97060.01,353.86842,2024-11-21 07:30:00
1732175100000,97060.01,97100.0,96912.0,96912.01,303.17271,2024-11-21 07:45:00
1732176000000,96912.01,97155.01,96829.37,96954.36,477.90282,2024-11-21 08:00:00
1732176900000,96954.36,97116.0,96800.0,96880.04,277.12767,2024-11-21 08:15:00
1732177800000,96880.03,96930.7,96723.96,96788.24,428.0903,2024-11-21 08:30:00
1732178700000,96788.25,97111.98,96772.0,97107.99,361.92038,2024-11-21 08:45:00
1732179600000,97107.99,97699.76,97024.0,97419.49,734.79106,2024-11-21 09:00:00
1732180500000,97419.49,97600.1,97419.48,97424.0,388.31952,2024-11-21 09:15:00
1732181400000,97424.01,97570.46,97333.33,97531.1,437.81582,2024-11-21 09:30:00
1732182300000,97531.1,97650.0,97440.0,97613.24,520.22785,2024-11-21 09:45:00
1732183200000,97613.24,97692.31,97400.0,97430.01,438.95302,2024-11-21 10:00:00
1732184100000,97430.01,97596.0,97272.18,97526.0,428.44407,2024-11-21 10:15:00
1732185000000,97526.0,97676.0,97520.0,97615.0,534.15478,2024-11-21 10:30:00
1732185900000,97614.99,97787.49,97487.99,97756.0,1092.1816,2024-11-21 10:45:00
1732186800000,97756.0,98384.86,97729.77,98257.33,2354.97675,2024-11-21 11:00:00
1732187700000,98257.32,98339.39,97988.0,98019.99,668.59492,2024-11-21 11:15:00
1732188600000,98020.0,98090.32,97750.31,98007.79,547.63629,2024-11-21 11:30:00
1732189500000,98007.79,98052.0,97806.35,97974.99,357.76418,2024-11-21 11:45:00
1732190400000,97975.0,98250.0,97855.38,97886.25,678.91874,2024-11-21 12:00:00
1732191300000,97886.25,98174.72,97685.07,97950.01,927.31637,2024-11-21 12:15:00
1732192200000,97950.01,98035.99,97700.0,97920.0,605.56331,2024-11-21 12:30:00
1732193100000,97920.01,97944.0,97300.0,97317.93,895.20597,2024-11-21 12:45:00
1732194000000,97317.93,97614.38,97300.01,97449.78,737.40798,2024-11-21 13:00:00
1732194900000,97449.77,97500.0,97019.94,97122.09,848.12436,2024-11-21 13:15:00
1732195800000,97122.09,97743.85,97100.0,97492.02,1033.68513,2024-11-21 13:30:00
1732196700000,97492.02,97625.6,97401.83,97512.01,804.54605,2024-11-21 13:45:00
1732197600000,97512.01,97540.0,97200.0,97424.28,942.31726,2024-11-21 14:00:00
1732198500000,97424.28,97558.37,97171.42,97276.0,989.70636,2024-11-21 14:15:00
1732199400000,97276.0,97365.98,96521.73,97249.99,1589.67193,2024-11-21 14:30:00
1732200300000,97250.0,97681.43,96900.01,97042.86,1015.35614,2024-11-21 14:45:00
1732201200000,97042.85,97044.0,96444.0,96911.99,1516.49547,2024-11-21 15:00:00
1732202100000,96912.0,97124.29,96123.0,96156.0,1424.87138,2024-11-21 15:15:00
1732203000000,96156.0,96417.26,95600.0,96234.52,1754.24521,2024-11-21 15:30:00
1732203900000,96234.52,96928.0,96037.54,96672.0,1086.68732,2024-11-21 15:45:00
1732204800000,96672.0,96909.1,96276.69,96739.75,866.33687,2024-11-21 16:00:00
1732205700000,96739.75,97206.38,96640.0,97147.99,821.07035,2024-11-21 16:15:00
1732206600000,97147.99,97251.64,96950.0,97203.29,981.22607,2024-11-21 16:30:00
1732207500000,97203.29,97400.0,97019.73,97147.99,814.99001,2024-11-21 16:45:00
1732208400000,97147.99,97352.0,96927.42,97295.7,548.80325,2024-11-21 17:00:00
1732209300000,97295.7,97650.0,97273.91,97614.44,448.89909,2024-11-21 17:15:00
1732210200000,97614.44,97651.92,97385.71,97600.0,422.69001,2024-11-21 17:30:00
1732211100000,97600.0,98055.99,97515.43,98048.65,714.00291,2024-11-21 17:45:00
1732212000000,98048.65,98149.05,97668.0,97988.0,903.86695,2024-11-21 18:00:00
1732212900000,97988.01,98338.38,97856.0,98331.12,916.05877,2024-11-21 18:15:00
1732213800000,98331.12,98437.5,97984.4,98074.0,798.03469,2024-11-21 18:30:00
1732214700000,98074.01,98366.72,97906.73,98280.01,719.51216,2024-11-21 18:45:00
1732215600000,98280.02,98800.17,98210.37,98789.52,1092.330703,2024-11-21 19:00:00
1732216500000,98789.52,98988.0,98416.0,98699.38,1457.05574,2024-11-21 19:15:00
1732217400000,98699.38,98818.19,98244.99,98360.0,649.73669,2024-11-21 19:30:00
1732218300000,98360.01,98360.01,97721.96,97829.83,855.16687,2024-11-21 19:45:00
1732219200000,97829.84,98468.75,97776.0,98278.55,525.6102,2024-11-21 20:00:00
1732220100000,98278.56,98686.86,98278.56,98562.89,472.72629,2024-11-21 20:15:00
1732221000000,98562.88,98676.0,97850.0,97901.67,584.2988,2024-11-21 20:30:00
1732221900000,97901.67,98300.0,97608.18,98118.16,634.99374,2024-11-21 20:45:00
1732222800000,98118.16,98178.18,97533.18,98135.4,579.88443,2024-11-21 21:00:00
1732223700000,98135.39,98200.0,97832.01,97949.99,433.63965,2024-11-21 21:15:00
1732224600000,97949.99,98040.0,97625.0,97831.46,588.26126,2024-11-21 21:30:00
1732225500000,97831.46,98012.69,97618.0,97973.8,401.69129,2024-11-21 21:45:00
1732226400000,97973.81,98107.76,97850.0,97888.22,353.67212,2024-11-21 22:00:00
1732227300000,97888.22,98189.98,97888.22,98189.98,216.16628,2024-11-21 22:15:00
1732228200000,98189.98,98261.82,98052.33,98239.13,350.99241,2024-11-21 22:30:00
1732229100000,98239.13,98430.23,98150.0,98356.0,242.46587,2024-11-21 22:45:00
1732230000000,98355.99,98723.65,98333.33,98554.55,536.90339,2024-11-21 23:00:00
1732230900000,98554.55,98615.77,98368.0,98375.98,305.12848,2024-11-21 23:15:00
1732231800000,98375.98,98543.82,98305.34,98536.99,247.05854,2024-11-21 23:30:00
1732232700000,98536.99,98537.0,98308.35,98317.12,286.82526,2024-11-21 23:45:00
1732233600000,98317.12,98516.0,98137.61,98236.01,252.95835,2024-11-22 00:00:00
1732234500000,98236.01,98430.48,98175.0,98430.48,375.27116,2024-11-22 00:15:00
1732235400000,98430.47,98475.92,98035.99,98153.98,376.93178,2024-11-22 00:30:00
1732236300000,98153.99,98153.99,97841.57,97987.57,439.89587,2024-11-22 00:45:00
1732237200000,97987.56,98192.55,97840.0,98171.58,402.23313,2024-11-22 01:00:00
1732238100000,98171.58,98377.26,98108.0,98373.72,304.50216,2024-11-22 01:15:00
1732239000000,98373.71,98373.72,97870.95,97900.0,280.09241,2024-11-22 01:30:00
1732239900000,97900.01,98153.27,97840.0,98081.6,300.99346,2024-11-22 01:45:00
1732240800000,98081.61,98303.04,98039.55,98256.48,293.90954,2024-11-22 02:00:00
1732241700000,98256.48,98387.99,98120.27,98337.65,431.68423,2024-11-22 02:15:00
1732242600000,98337.65,98779.62,98290.9,98580.59,653.84298,2024-11-22 02:30:00
1732243500000,98580.6,98765.81,98465.91,98617.46,388.16036,2024-11-22 02:45:00
1732244400000,98617.46,98969.75,98563.63,98913.57,572.34878,2024-11-22 03:00:00
1732245300000,98913.56,99299.99,98600.03,98656.01,1516.822473,2024-11-22 03:15:00
1732246200000,98656.01,98768.72,98422.33,98647.5,619.69057,2024-11-22 03:30:00
1732247100000,98647.5,98868.35,98647.49,98836.5,323.13765,2024-11-22 03:45:00
1732248000000,98836.49,98983.64,98750.0,98773.96,333.1979,2024-11-22 04:00:00
1732248900000,98773.96,98933.31,98669.97,98871.01,331.93347,2024-11-22 04:15:00
1732249800000,98871.01,99100.0,98781.46,99022.59,338.44103,2024-11-22 04:30:00
1732250700000,99022.58,99023.66,98666.67,98797.21,249.21267,2024-11-22 04:45:00
1732251600000,98797.21,98900.03,98517.21,98799.98,412.94251,2024-11-22 05:00:00
1732252500000,98799.98,98950.0,98600.16,98945.45,296.08441,2024-11-22 05:15:00
1732253400000,98945.46,98988.0,98844.0,98863.1,342.21536,2024-11-22 05:30:00
1732254300000,98863.1,98876.26,98790.96,98790.97,198.6909,2024-11-22 05:45:00
1732255200000,98790.97,98878.79,98678.64,98738.49,218.87996,2024-11-22 06:00:00
1732256100000,98738.61,99030.31,98705.31,98765.97,390.63918,2024-11-22 06:15:00
1732257000000,98765.96,98827.8,98624.41,98827.79,242.35433,2024-11-22 06:30:00
1732257900000,98827.79,99000.0,98750.0,98999.99,288.8621,2024-11-22 06:45:00
1732258800000,99000.0,99074.5,98875.82,98972.72,449.01184,2024-11-22 07:00:00
1732259700000,98972.72,99257.65,98912.24,99232.78,945.21084,2024-11-22 07:15:00
1732260600000,99232.77,99419.99,99198.16,99372.92,928.00438,2024-11-22 07:30:00
1732261500000,99373.89,99376.0,99100.0,99173.7,667.18472,2024-11-22 07:45:00
1732262400000,99173.7,99267.19,98990.12,99023.98,538.91062,2024-11-22 08:00:00
1732263300000,99023.99,99151.52,98875.26,99138.75,473.72769,2024-11-22 08:15:00
1732264200000,99138.75,99144.0,98750.0,98785.49,744.12179,2024-11-22 08:30:00
1732265100000,98785.5,98955.91,98769.23,98815.79,210.48503,2024-11-22 08:45:00
1732266000000,98815.79,98847.79,98550.0,98550.0,459.64968,2024-11-22 09:00:00
1732266900000,98550.0,98705.26,98358.0,98468.92,584.44904,2024-11-22 09:15:00
1732267800000,98468.91,98648.0,98432.88,98559.92,499.42934,2024-11-22 09:30:00
1732268700000,98559.93,98750.43,98456.0,98702.0,372.15867,2024-11-22 09:45:00
1732269600000,98702.01,98768.0,98417.81,98496.01,222.534,2024-11-22 10:00:00
1732270500000,98496.0,98576.0,98256.41,98370.74,293.36501,2024-11-22 10:15:00
1732271400000,98370.75,98696.8,98284.74,98414.48,612.93278,2024-11-22 10:30:00
1732272300000,98414.48,98501.25,98300.0,98400.0,199.26444,2024-11-22 10:45:00
1732273200000,98400.0,98639.46,98219.84,98564.33,386.13509,2024-11-22 11:00:00
1732274100000,98564.32,98772.81,98553.79,98711.34,203.76488,2024-11-22 11:15:00
1732275000000,98711.33,98937.0,98711.33,98820.0,281.41421,2024-11-22 11:30:00
1732275900000,98820.0,98900.0,98725.92,98870.38,208.40576,2024-11-22 11:45:00
1732276800000,98870.39,98949.0,98695.56,98735.99,309.59176,2024-11-22 12:00:00
1732277700000,98735.99,98878.79,98536.0,98705.61,222.00718,2024-11-22 12:15:00
1732278600000,98705.62,98764.0,98545.7,98606.06,228.59832,2024-11-22 12:30:00
1732279500000,98606.06,98769.24,98492.0,98621.04,239.08212,2024-11-22 12:45:00
1732280400000,98621.05,98628.87,98232.0,98344.0,386.00963,2024-11-22 13:00:00
1732281300000,98344.0,98407.99,97592.0,97596.3,1238.22957,2024-11-22 13:15:00
1732282200000,97596.29,98116.0,97344.9,97611.03,1272.04215,2024-11-22 13:30:00
1732283100000,97611.03,98216.16,97428.15,97763.54,943.57952,2024-11-22 13:45:00
1732284000000,97763.54,98147.41,97568.0,98013.04,575.85676,2024-11-22 14:00:00
1732284900000,98013.03,98131.99,97626.32,97664.01,464.66302,2024-11-22 14:15:00
1732285800000,97664.01,98000.0,97331.48,97685.98,1007.41505,2024-11-22 14:30:00
1732286700000,97685.99,97875.0,97122.11,97296.0,1287.2374,2024-11-22 14:45:00
1732287600000,97296.0,97989.97,97155.68,97952.0,877.62689,2024-11-22 15:00:00
1732288500000,97951.99,98415.64,97940.01,98292.34,1035.01009,2024-11-22 15:15:00
1732289400000,98292.34,98745.26,98156.0,98702.2,716.23831,2024-11-22 15:30:00
1732290300000,98702.2,98770.0,98597.04,98664.0,460.74774,2024-11-22 15:45:00
1732291200000,98663.99,98664.0,98220.0,98229.42,500.001,2024-11-22 16:00:00
1732292100000,98229.41,98600.0,98228.44,98508.34,536.20965,2024-11-22 16:15:00
1732293000000,98508.34,98761.07,98400.01,98616.09,561.19415,2024-11-22 16:30:00
1732293900000,98616.08,99010.0,98616.08,98865.3,753.49774,2024-11-22 16:45:00
1732294800000,98865.3,99176.25,98753.66,99144.0,705.43854,2024-11-22 17:00:00
1732295700000,99143.99,99275.0,98950.27,99127.99,522.39356,2024-11-22 17:15:00
1732296600000,99127.99,99174.0,98787.87,98878.78,364.49643,2024-11-22 17:30:00
1732297500000,98878.78,99143.97,98757.57,98801.87,389.43891,2024-11-22 17:45:00
1732298400000,98801.87,99174.0,98781.01,99005.22,400.65617,2024-11-22 18:00:00
1732299300000,99005.22,99132.98,98677.37,98703.0,491.17032,2024-11-22 18:15:00
1732300200000,98703.0,99039.01,98703.0,98933.89,441.23273,2024-11-22 18:30:00
1732301100000,98933.89,99174.0,98828.0,99108.87,427.42474,2024-11-22 18:45:00
1732302000000,99108.87,99384.62,99073.22,99212.12,748.24011,2024-11-22 19:00:00
1732302900000,99212.13,99400.0,99041.11,99361.5,723.1352,2024-11-22 19:15:00
1732303800000,99361.49,99588.01,98838.01,99197.94,1504.22349,2024-11-22 19:30:00
1732304700000,99197.93,99484.0,99052.0,99079.74,472.30347,2024-11-22 19:45:00
1732305600000,99079.74,99330.81,98924.01,99244.0,580.27593,2024-11-22 20:00:00
1732306500000,99244.0,99449.0,99128.5,99242.99,429.71592,2024-11-22 20:15:00
1732307400000,99242.98,99264.0,98950.46,98982.89,411.84082,2024-11-22 20:30:00
1732308300000,98982.89,99282.06,98931.95,99163.99,383.22232,2024-11-22 20:45:00
1732309200000,99164.0,99307.27,98823.52,98999.99,382.27047,2024-11-22 21:00:00
1732310100000,98999.99,99127.24,98711.37,98858.38,219.4307,2024-11-22 21:15:00
1732311000000,98858.37,98990.0,98788.01,98990.0,218.38333,2024-11-22 21:30:00
1732311900000,98990.0,99279.99,98872.0,99272.72,303.72797,2024-11-22 21:45:00
1732312800000,99272.72,99369.99,98844.51,98986.99,332.32456,2024-11-22 22:00:00
1732313700000,98986.99,99064.0,98800.0,98900.01,270.73226,2024-11-22 22:15:00
1732314600000,98900.01,98900.01,98535.0,98600.01,329.99777,2024-11-22 22:30:00
1732315500000,98600.0,98666.66,98559.1,98627.35,256.02288,2024-11-22 22:45:00
1732316400000,98627.36,98871.8,98627.35,98811.03,273.24227,2024-11-22 23:00:00
1732317300000,98811.03,98811.04,98576.85,98743.78,247.88102,2024-11-22 23:15:00
1732318200000,98743.79,98804.93,98634.88,98772.47,159.6678,2024-11-22 23:30:00
1732319100000,98772.47,98904.0,98772.46,98892.0,129.49297,2024-11-22 23:45:00
1732320000000,98892.0,98892.0,98612.5,98688.63,231.69987,2024-11-23 00:00:00
1732320900000,98688.63,98908.85,98668.51,98831.55,278.58716,2024-11-23 00:15:00
1732321800000,98831.54,98891.99,98612.53,98612.54,274.0358,2024-11-23 00:30:00
1732322700000,98612.53,98700.0,98550.02,98634.89,239.38622,2024-11-23 00:45:00
1732323600000,98634.88,98650.0,98520.98,98571.57,271.11349,2024-11-23 01:00:00
1732324500000,98571.58,98600.02,98327.9,98370.67,393.47069,2024-11-23 01:15:00
1732325400000,98370.66,98500.01,98313.48,98404.0,395.53741,2024-11-23 01:30:00
1732326300000,98404.0,98655.72,98368.0,98590.0,286.05068,2024-11-23 01:45:00
1732327200000,98590.0,98590.0,98300.01,98338.59,250.33913,2024-11-23 02:00:00
1732328100000,98338.59,98432.34,98321.38,98432.34,237.74421,2024-11-23 02:15:00
1732329000000,98432.33,98530.0,98300.0,98526.88,295.07604,2024-11-23 02:30:00
1732329900000,98526.88,98604.01,98430.23,98483.54,183.67068,2024-11-23 02:45:00
1732330800000,98483.53,98615.74,98404.02,98615.73,147.65716,2024-11-23 03:00:00
1732331700000,98615.73,98789.98,98583.72,98776.0,182.43862,2024-11-23 03:15:00
1732332600000,98775.99,98800.0,98602.38,98617.48,125.87208,2024-11-23 03:30:00
1732333500000,98617.47,98743.81,98617.47,98666.67,125.63476,2024-11-23 03:45:00
1732334400000,98666.66,98695.95,98518.83,98571.45,447.83099,2024-11-23 04:00:00
1732335300000,98571.45,98686.81,98487.66,98556.64,272.24949,2024-11-23 04:15:00
1732336200000,98556.64,98692.92,98419.76,98419.76,264.94635,2024-11-23 04:30:00
1732337100000,98419.77,98614.62,98284.61,98576.14,264.33412,2024-11-23 04:45:00
1732338000000,98576.14,98635.7,98399.83,98515.29,183.63999,2024-11-23 05:00:00
1732338900000,98515.29,98516.53,98454.54,98488.29,83.28129,2024-11-23 05:15:00
1732339800000,98488.29,98700.0,98424.24,98689.47,182.205,2024-11-23 05:30:00
1732340700000,98689.48,98769.24,98681.51,98755.15,153.90548,2024-11-23 05:45:00
1732341600000,98755.15,98791.66,98672.01,98711.0,165.09335,2024-11-23 06:00:00
1732342500000,98711.0,98711.01,98583.72,98629.77,86.50147,2024-11-23 06:15:00
1732343400000,98629.76,98757.04,98602.0,98750.0,96.82293,2024-11-23 06:30:00
1732344300000,98750.0,98800.0,98699.91,98709.9,219.10221,2024-11-23 06:45:00
1732345200000,98709.9,98719.76,98652.37,98662.6,213.30588,2024-11-23 07:00:00
1732346100000,98662.61,98720.0,98605.15,98605.15,239.64426,2024-11-23 07:15:00
1732347000000,98605.16,98605.16,98408.57,98488.01,290.39808,2024-11-23 07:30:00
1732347900000,98488.01,98592.0,98450.0,98560.85,197.11979,2024-11-23 07:45:00
1732348800000,98560.84,98623.76,98432.38,98452.0,303.7682,2024-11-23 08:00:00
1732349700000,98452.0,98506.95,98381.75,98388.01,346.2824,2024-11-23 08:15:00
1732350600000,98388.0,98523.86,98369.0,98487.24,300.97713,2024-11-23 08:30:00
1732351500000,98487.24,98530.0,98419.55,98451.98,245.0977,2024-11-23 08:45:00
1732352400000,98451.98,98489.22,98395.01,98430.24,248.28377,2024-11-23 09:00:00
1732353300000,98430.24,98432.01,98365.61,98432.0,221.20649,2024-11-23 09:15:00
1732354200000,98432.0,98539.69,98424.24,98424.24,137.15856,2024-11-23 09:30:00
1732355100000,98424.24,98449.07,98359.17,98449.07,133.36548,2024-11-23 09:45:00
1732356000000,98449.06,98564.11,98406.21,98527.82,165.5034,2024-11-23 10:00:00
1732356900000,98527.82,98547.88,98322.22,98349.98,239.30408,2024-11-23 10:15:00
1732357800000,98349.99,98405.15,98300.0,98403.43,172.50673,2024-11-23 10:30:00
1732358700000,98403.43,98464.0,98396.35,98408.55,173.80073,2024-11-23 10:45:00
1732359600000,98408.55,98491.21,98374.25,98425.0,126.03876,2024-11-23 11:00:00
1732360500000,98424.99,98499.0,98387.12,98466.87,154.6983,2024-11-23 11:15:00
1732361400000,98466.87,98523.1,98466.86,98483.0,115.355,2024-11-23 11:30:00
1732362300000,98483.0,98483.0,98415.0,98429.99,93.40432,2024-11-23 11:45:00
1732363200000,98430.0,98539.4,98415.0,98537.97,115.56953,2024-11-23 12:00:00
1732364100000,98537.97,98537.98,98449.7,98515.0,232.69897,2024-11-23 12:15:00
1732365000000,98515.0,98608.0,98465.96,98588.0,181.56298,2024-11-23 12:30:00
1732365900000,98587.99,98619.99,98441.31,98598.75,268.40482,2024-11-23 12:45:00
1732366800000,98598.74,98800.0,98572.0,98800.0,245.31542,2024-11-23 13:00:00
1732367700000,98799.99,98847.68,98738.06,98749.9,238.23758,2024-11-23 13:15:00
1732368600000,98749.91,98800.0,98668.97,98706.82,151.24903,2024-11-23 13:30:00
1732369500000,98706.83,98706.83,98532.08,98532.08,202.61494,2024-11-23 13:45:00
1732370400000,98532.09,98589.0,98465.04,98532.55,239.9517,2024-11-23 14:00:00
1732371300000,98532.55,98724.0,98489.0,98651.2,272.58462,2024-11-23 14:15:00
1732372200000,98651.19,98778.43,98542.44,98732.01,386.08137,2024-11-23 14:30:00
1732373100000,98732.01,98783.85,98647.77,98744.37,255.60255,2024-11-23 14:45:00
1732374000000,98744.37,98779.7,98535.38,98630.25,251.85895,2024-11-23 15:00:00
1732374900000,98630.26,98750.77,98580.0,98669.99,283.04194,2024-11-23 15:15:00
1732375800000,98670.0,98670.0,98415.01,98454.5,408.07782,2024-11-23 15:30:00
1732376700000,98454.5,98488.66,98400.0,98400.0,405.8376,2024-11-23 15:45:00
1732377600000,98400.01,98459.56,98250.0,98250.01,341.52494,2024-11-23 16:00:00
1732378500000,98250.0,98250.0,97564.19,97705.82,1675.21861,2024-11-23 16:15:00
1732379400000,97705.81,97964.0,97533.0,97784.01,883.57046,2024-11-23 16:30:00
1732380300000,97784.0,97857.03,97560.46,97708.85,1107.68069,2024-11-23 16:45:00
1732381200000,97708.85,97708.85,97336.06,97517.83,797.27592,2024-11-23 17:00:00
1732382100000,97517.84,97959.78,97472.98,97940.01,482.85001,2024-11-23 17:15:00
1732383000000,97940.0,98051.29,97888.0,98044.47,544.81728,2024-11-23 17:30:00
1732383900000,98044.47,98044.48,97815.79,97900.79,197.82793,2024-11-23 17:45:00
1732384800000,97900.79,98067.66,97636.36,97900.52,449.92079,2024-11-23 18:00:00
1732385700000,97900.53,97910.82,97670.27,97777.38,143.29388,2024-11-23 18:15:00
1732386600000,97777.38,97784.83,97662.79,97717.28,138.71824,2024-11-23 18:30:00
1732387500000,97717.28,97887.5,97713.95,97839.99,102.82883,2024-11-23 18:45:00
1732388400000,97839.99,97840.0,97588.0,97595.07,137.38796,2024-11-23 19:00:00
1732389300000,97595.08,97666.67,97516.0,97516.74,119.75572,2024-11-23 19:15:00
1732390200000,97516.74,97537.98,97362.0,97412.19,213.16265,2024-11-23 19:30:00
1732391100000,97412.2,97606.52,97396.41,97504.0,150.95036,2024-11-23 19:45:00
1732392000000,97504.0,97504.49,97307.22,97311.0,248.87143,2024-11-23 20:00:00
1732392900000,97311.0,97448.69,97136.0,97193.61,369.94026,2024-11-23 20:15:00
1732393800000,97193.6,97698.84,97164.48,97691.54,315.82808,2024-11-23 20:30:00
1732394700000,97691.54,97712.63,97584.16,97703.52,111.459,2024-11-23 20:45:00
1732395600000,97703.53,97793.19,97544.06,97733.49,176.07967,2024-11-23 21:00:00
1732396500000,97733.49,97793.18,97657.58,97789.36,158.08348,2024-11-23 21:15:00
1732397400000,97789.36,97900.0,97752.84,97887.99,169.43785,2024-11-23 21:30:00
1732398300000,97888.0,98015.82,97867.44,97962.8,146.24525,2024-11-23 21:45:00
1732399200000,97962.81,98015.82,97839.7,97887.99,138.45991,2024-11-23 22:00:00
1732400100000,97887.99,97908.34,97720.45,97765.19,124.57719,2024-11-23 22:15:00
1732401000000,97765.2,97765.2,97534.94,97578.43,135.97006,2024-11-23 22:30:00
1732401900000,97578.44,97744.11,97508.83,97631.99,98.13011,2024-11-23 22:45:00
1732402800000,97632.0,97716.08,97536.0,97698.91,109.9264,2024-11-23 23:00:00
1732403700000,97698.91,97727.28,97402.87,97455.87,141.52317,2024-11-23 23:15:00
1732404600000,97455.88,97657.68,97444.27,97637.26,102.79349,2024-11-23 23:30:00
1732405500000,97637.25,97712.82,97509.3,97672.4,129.5985,2024-11-23 23:45:00
1732406400000,97672.4,97900.0,97620.74,97817.74,192.20027,2024-11-24 00:00:00
1732407300000,97817.73,97998.95,97800.0,97989.99,251.17823,2024-11-24 00:15:00
1732408200000,97989.99,97990.0,97776.15,97820.85,268.23965,2024-11-24 00:30:00
1732409100000,97820.84,97969.7,97784.0,97919.5,248.53029,2024-11-24 00:45:00
1732410000000,97919.51,98400.0,97919.5,98327.14,488.11203,2024-11-24 01:00:00
1732410900000,98327.13,98385.0,98056.0,98169.76,238.27978,2024-11-24 01:15:00
1732411800000,98169.77,98276.16,98051.23,98105.0,260.205,2024-11-24 01:30:00
1732412700000,98105.01,98276.16,98105.01,98182.4,244.30823,2024-11-24 01:45:00
1732413600000,98182.4,98500.0,98182.4,98476.72,357.40215,2024-11-24 02:00:00
1732414500000,98476.72,98534.79,98330.75,98525.79,344.7616,2024-11-24 02:15:00
1732415400000,98525.79,98564.0,98436.0,98453.84,276.81197,2024-11-24 02:30:00
1732416300000,98453.85,98487.37,98372.0,98390.66,161.55547,2024-11-24 02:45:00
1732417200000,98390.66,98418.41,98226.22,98399.99,173.83993,2024-11-24 03:00:00
1732418100000,98400.0,98428.0,98225.59,98280.0,159.88302,2024-11-24 03:15:00
1732419000000,98280.0,98280.01,98154.0,98174.69,199.25168,2024-11-24 03:30:00
1732419900000,98174.7,98237.77,98105.01,98200.1,125.02208,2024-11-24 03:45:00
1732420800000,98200.1,98260.0,98141.06,98192.0,95.9544,2024-11-24 04:00:00
1732421700000,98192.0,98192.01,97995.76,98111.43,167.30585,2024-11-24 04:15:00
1732422600000,98111.44,98136.0,97872.2,98022.14,185.68649,2024-11-24 04:30:00
1732423500000,98022.15,98169.31,97995.03,98169.21,136.40339,2024-11-24 04:45:00
1732424400000,98169.22,98256.0,98132.45,98216.04,154.31394,2024-11-24 05:00:00
1732425300000,98216.04,98269.99,98132.45,98151.0,94.78809,2024-11-24 05:15:00
1732426200000,98151.01,98151.01,97915.0,97915.0,200.01198,2024-11-24 05:30:00
1732427100000,97915.0,98269.48,97915.0,98264.44,288.24661,2024-11-24 05:45:00
1732428000000,98264.44,98322.8,98163.14,98163.14,324.29406,2024-11-24 06:00:00
1732428900000,98163.14,98295.62,98028.17,98227.48,321.73814,2024-11-24 06:15:00
1732429800000,98227.49,98282.98,98212.21,98226.33,296.64632,2024-11-24 06:30:00
1732430700000,98226.33,98412.14,98226.33,98360.02,187.28941,2024-11-24 06:45:00
1732431600000,98360.03,98410.04,98305.31,98381.45,279.39509,2024-11-24 07:00:00
1732432500000,98381.45,98389.41,98200.01,98206.49,260.29232,2024-11-24 07:15:00
1732433400000,98206.49,98390.55,98168.62,98319.6,329.13483,2024-11-24 07:30:00
1732434300000,98319.6,98431.06,98248.5,98431.05,261.84923,2024-11-24 07:45:00
1732435200000,98431.05,98472.98,98324.01,98403.37,295.7981,2024-11-24 08:00:00
1732436100000,98403.36,98428.0,98248.0,98272.72,209.13313,2024-11-24 08:15:00
1732437000000,98272.72,98272.73,98081.12,98081.12,134.18347,2024-11-24 08:30:00
1732437900000,98081.12,98100.0,97945.0,98067.75,284.48514,2024-11-24 08:45:00
1732438800000,98067.75,98195.75,98064.62,98173.91,152.46432,2024-11-24 09:00:00
1732439700000,98173.92,98180.49,97816.23,97896.01,302.87197,2024-11-24 09:15:00
1732440600000,97896.02,97969.7,97818.16,97969.7,127.22514,2024-11-24 09:30:00
1732441500000,97969.7,98016.0,97920.21,97936.47,117.94017,2024-11-24 09:45:00
1732442400000,97936.47,97974.12,97844.05,97866.8,109.06479,2024-11-24 10:00:00
1732443300000,97866.81,97920.56,97800.0,97862.41,145.24154,2024-11-24 10:15:00
1732444200000,97862.42,97882.12,97555.0,97583.99,187.31907,2024-11-24 10:30:00
1732445100000,97583.99,97750.0,97435.89,97668.85,268.03159,2024-11-24 10:45:00
1732446000000,97668.85,97732.01,97325.0,97493.5,363.34347,2024-11-24 11:00:00
1732446900000,97493.5,97666.66,97275.0,97424.49,307.51119,2024-11-24 11:15:00
1732447800000,97424.5,97543.14,97284.0,97496.96,247.36286,2024-11-24 11:30:00
1732448700000,97496.97,97544.16,97239.29,97280.03,354.94577,2024-11-24 11:45:00
1732449600000,97280.04,97430.02,97205.0,97360.63,328.71861,2024-11-24 12:00:00
1732450500000,97360.64,97370.24,97027.06,97202.32,347.93957,2024-11-24 12:15:00
1732451400000,97202.32,97202.32,96416.19,96622.75,1697.70443,2024-11-24 12:30:00
1732452300000,96622.75,96900.0,96403.78,96899.99,824.72591,2024-11-24 12:45:00
1732453200000,96899.99,97339.32,96726.0,97217.36,742.19083,2024-11-24 13:00:00
1732454100000,97217.37,97530.78,97167.99,97508.81,326.99048,2024-11-24 13:15:00
1732455000000,97508.82,97606.52,97217.07,97217.07,292.32479,2024-11-24 13:30:00
1732455900000,97217.08,97416.0,97133.03,97214.93,280.44711,2024-11-24 13:45:00
1732456800000,97214.93,97214.94,96707.43,96707.43,442.92962,2024-11-24 14:00:00
1732457700000,96707.43,96873.96,96600.0,96608.96,582.12955,2024-11-24 14:15:00
1732458600000,96608.96,97130.24,96577.52,96891.44,614.30059,2024-11-24 14:30:00
1732459500000,96891.44,97108.67,96797.27,97029.95,258.91879,2024-11-24 14:45:00
1732460400000,97029.96,97091.31,96729.5,96940.7,417.1174,2024-11-24 15:00:00
1732461300000,96940.69,96940.69,96466.48,96643.99,494.63049,2024-11-24 15:15:00
1732462200000,96643.99,96720.24,96150.0,96343.94,910.17282,2024-11-24 15:30:00
1732463100000,96343.94,96343.95,95900.01,95901.51,821.07822,2024-11-24 15:45:00
1732464000000,95901.52,96310.63,95734.77,96130.01,1087.02235,2024-11-24 16:00:00
1732464900000,96130.0,96514.98,95958.15,96514.98,447.25766,2024-11-24 16:15:00
1732465800000,96514.98,96515.99,96228.57,96508.0,394.34432,2024-11-24 16:30:00
1732466700000,96508.0,96747.98,96369.0,96404.0,382.27139,2024-11-24 16:45:00
1732467600000,96403.99,96414.64,95901.0,95901.0,618.15663,2024-11-24 17:00:00
1732468500000,95901.01,96035.94,95820.0,95860.74,349.4919,2024-11-24 17:15:00
1732469400000,95860.75,95999.0,95747.57,95779.25,358.69176,2024-11-24 17:30:00
1732470300000,95779.26,96133.8,95757.06,95902.83,322.887,2024-11-24 17:45:00
1732471200000,95902.83,96135.74,95832.36,96052.01,201.86443,2024-11-24 18:00:00
1732472100000,96052.0,96267.65,96052.0,96200.01,226.05423,2024-11-24 18:15:00
1732473000000,96200.01,96400.0,96176.0,96370.01,199.18724,2024-11-24 18:30:00
1732473900000,96370.02,96563.87,96360.0,96537.56,239.87732,2024-11-24 18:45:00
1732474800000,96537.56,96537.57,96120.92,96260.0,343.22992,2024-11-24 19:00:00
1732475700000,96260.01,96356.21,96148.65,96235.03,281.89715,2024-11-24 19:15:00
1732476600000,96235.03,96383.37,96212.0,96324.0,112.35127,2024-11-24 19:30:00
1732477500000,96324.01,96382.93,96295.44,96320.02,98.28503,2024-11-24 19:45:00
1732478400000,96320.01,96410.26,96195.47,96362.4,137.40985,2024-11-24 20:00:00
1732479300000,96362.41,96712.53,96328.01,96712.53,207.22838,2024-11-24 20:15:00
1732480200000,96712.53,96785.58,96636.39,96780.0,227.38818,2024-11-24 20:30:00
1732481100000,96779.99,96844.46,96675.26,96826.49,145.89459,2024-11-24 20:45:00
1732482000000,96826.48,96844.0,96591.17,96619.68,146.1667,2024-11-24 21:00:00
1732482900000,96619.68,96786.96,96597.89,96712.4,251.81259,2024-11-24 21:15:00
1732483800000,96712.41,96888.29,96652.02,96868.75,231.55127,2024-11-24 21:30:00
1732484700000,96868.76,96997.32,96817.68,96974.89,156.14795,2024-11-24 21:45:00
1732485600000,96974.89,97466.07,96974.89,97437.54,341.12775,2024-11-24 22:00:00
1732486500000,97437.53,97801.49,97437.53,97560.0,507.75162,2024-11-24 22:15:00
1732487400000,97560.0,97760.0,97334.78,97620.33,418.07333,2024-11-24 22:30:00
1732488300000,97620.32,98000.0,97509.3,97999.99,232.75356,2024-11-24 22:45:00
1732489200000,97999.99,98366.0,97918.6,98252.0,718.09452,2024-11-24 23:00:00
1732490100000,98252.0,98369.46,97988.1,97992.01,351.85661,2024-11-24 23:15:00
1732491000000,97992.01,97992.01,97531.0,97696.04,482.81199,2024-11-24 23:30:00
1732491900000,97696.04,98041.14,97600.0,97900.04,419.86743,2024-11-24 23:45:00
1732492800000,97900.05,97968.58,97654.11,97694.5,342.24051,2024-11-25 00:00:00
1732493700000,97694.5,97913.49,97624.0,97624.0,206.56921,2024-11-25 00:15:00
1732494600000,97624.01,97844.61,97518.28,97780.54,248.55148,2024-11-25 00:30:00
1732495500000,97780.54,98050.0,97714.28,97714.28,241.5374,2024-11-25 00:45:00
1732496400000,97714.28,97840.0,97518.13,97555.86,315.67258,2024-11-25 01:00:00
1732497300000,97555.85,97628.0,96888.0,97081.61,462.42142,2024-11-25 01:15:00
1732498200000,97081.62,97260.0,96914.21,97259.99,394.52869,2024-11-25 01:30:00
1732499100000,97260.0,97325.59,97139.0,97205.23,190.71508,2024-11-25 01:45:00
1732500000000,97205.22,97488.0,97202.53,97486.95,181.79098,2024-11-25 02:00:00
1732500900000,97486.95,97714.28,97457.99,97594.01,210.23869,2024-11-25 02:15:00
1732501800000,97594.02,97680.0,97392.57,97590.52,204.8461,2024-11-25 02:30:00
1732502700000,97590.51,97616.74,97297.36,97368.63,175.7024,2024-11-25 02:45:00
1732503600000,97368.62,97506.51,97339.16,97476.32,148.36299,2024-11-25 03:00:00
1732504500000,97476.32,97785.0,97461.01,97626.17,180.14533,2024-11-25 03:15:00
1732505400000,97626.18,97786.99,97529.74,97735.59,137.45248,2024-11-25 03:30:00
1732506300000,97735.59,97898.81,97735.59,97898.8,197.48802,2024-11-25 03:45:00
1732507200000,97898.81,98050.0,97832.0,98009.93,447.33997,2024-11-25 04:00:00
1732508100000,98009.93,98009.93,97644.0,97730.44,248.52552,2024-11-25 04:15:00
1732509000000,97730.44,97806.24,97689.65,97776.0,185.48431,2024-11-25 04:30:00
1732509900000,97776.0,97800.0,97491.66,97800.0,227.19942,2024-11-25 04:45:00
1732510800000,97799.99,97976.97,97776.39,97949.01,289.93047,2024-11-25 05:00:00
1732511700000,97949.02,98190.0,97949.01,98130.01,506.05983,2024-11-25 05:15:00
1732512600000,98130.01,98239.43,98000.0,98100.0,350.79652,2024-11-25 05:30:00
1732513500000,98099.99,98144.0,98004.34,98082.69,275.31341,2024-11-25 05:45:00
1732514400000,98082.69,98340.0,98055.2,98260.39,444.61586,2024-11-25 06:00:00
1732515300000,98260.38,98376.99,98213.5,98252.47,427.42635,2024-11-25 06:15:00
1732516200000,98252.47,98288.0,98123.25,98206.5,276.55724,2024-11-25 06:30:00
1732517100000,98206.49,98234.5,98037.0,98082.86,168.47661,2024-11-25 06:45:00
1732518000000,98082.87,98223.5,98044.85,98219.98,182.94745,2024-11-25 07:00:00
1732518900000,98219.97,98271.63,97900.0,98040.97,375.92812,2024-11-25 07:15:00
1732519800000,98040.97,98044.49,97796.0,97843.61,499.70025,2024-11-25 07:30:00
1732520700000,97843.61,98095.66,97735.29,98047.34,324.41432,2024-11-25 07:45:00
1732521600000,98047.34,98248.0,97850.0,98208.0,330.52446,2024-11-25 08:00:00
1732522500000,98208.01,98263.74,98117.93,98250.83,356.47583,2024-11-25 08:15:00
1732523400000,98250.83,98270.0,98080.0,98186.96,241.38301,2024-11-25 08:30:00
1732524300000,98186.96,98292.0,98185.0,98217.77,187.13961,2024-11-25 08:45:00
1732525200000,98217.77,98680.94,98205.0,98536.01,765.18023,2024-11-25 09:00:00
1732526100000,98536.01,98871.8,98500.0,98654.25,548.40585,2024-11-25 09:15:00
1732527000000,98654.24,98752.0,98571.42,98647.88,279.95041,2024-11-25 09:30:00
1732527900000,98647.88,98649.39,98420.21,98492.96,449.80463,2024-11-25 09:45:00
1732528800000,98492.95,98680.94,98461.22,98520.3,254.6662,2024-11-25 10:00:00
1732529700000,98520.3,98592.0,98203.41,98340.48,369.80551,2024-11-25 10:15:00
1732530600000,98340.47,98490.91,98220.01,98275.03,290.79586,2024-11-25 10:30:00
1732531500000,98275.03,98390.99,98262.98,98319.34,224.71921,2024-11-25 10:45:00
1732532400000,98319.35,98474.08,98285.78,98349.32,228.90644,2024-11-25 11:00:00
1732533300000,98348.36,98553.9,98294.0,98479.99,223.93779,2024-11-25 11:15:00
1732534200000,98480.0,98480.0,98078.0,98108.0,203.41907,2024-11-25 11:30:00
1732535100000,98108.0,98249.35,98031.11,98188.09,240.61718,2024-11-25 11:45:00
1732536000000,98188.09,98313.08,98032.0,98048.69,255.14183,2024-11-25 12:00:00
1732536900000,98048.69,98100.0,97950.0,98023.08,226.19126,2024-11-25 12:15:00
1732537800000,98023.07,98080.22,97885.56,97885.56,204.72113,2024-11-25 12:30:00
1732538700000,97885.56,97999.98,97850.0,97900.0,256.76743,2024-11-25 12:45:00
1732539600000,97900.01,97929.7,97250.0,97500.0,812.82124,2024-11-25 13:00:00
1732540500000,97499.99,97640.29,97222.22,97636.01,468.8822,2024-11-25 13:15:00
1732541400000,97636.01,97828.58,97424.81,97701.76,403.67546,2024-11-25 13:30:00
1732542300000,97701.75,97737.36,97468.29,97468.3,318.49872,2024-11-25 13:45:00
1732543200000,97468.29,97640.0,97450.0,97547.98,285.42137,2024-11-25 14:00:00
1732544100000,97547.99,97565.96,97107.21,97244.0,589.92056,2024-11-25 14:15:00
1732545000000,97244.0,97365.25,96450.0,96595.06,1350.69718,2024-11-25 14:30:00
1732545900000,96595.07,96619.59,95340.0,95385.49,2095.59902,2024-11-25 14:45:00
1732546800000,95385.5,95851.57,94525.0,95252.49,3170.75189,2024-11-25 15:00:00
1732547700000,95252.49,96122.49,95136.01,96109.61,1688.80536,2024-11-25 15:15:00
1732548600000,96109.62,96333.0,95555.01,96140.0,1308.33261,2024-11-25 15:30:00
1732549500000,96140.0,96488.95,95944.93,96000.56,909.26105,2024-11-25 15:45:00
1732550400000,96000.57,96273.75,95686.43,96147.97,1086.45229,2024-11-25 16:00:00
1732551300000,96147.97,96500.0,96001.5,96095.99,550.95452,2024-11-25 16:15:00
1732552200000,96095.99,96378.78,95833.33,95863.99,446.2452,2024-11-25 16:30:00
1732553100000,95863.99,96129.86,95711.2,95912.0,417.11227,2024-11-25 16:45:00
1732554000000,95912.0,95912.0,95050.01,95052.0,759.34764,2024-11-25 17:00:00
1732554900000,95052.01,95374.99,94850.0,95075.92,1030.92993,2024-11-25 17:15:00
1732555800000,95075.93,95601.48,94944.44,94952.0,765.74373,2024-11-25 17:30:00
1732556700000,94951.99,95351.57,94850.0,95238.09,456.809,2024-11-25 17:45:00
1732557600000,95238.1,95675.62,94970.29,95669.35,493.73817,2024-11-25 18:00:00
1732558500000,95669.35,95908.59,95437.38,95458.45,552.76856,2024-11-25 18:15:00
1732559400000,95458.45,95573.38,95004.0,95004.01,527.20243,2024-11-25 18:30:00
1732560300000,95004.01,95194.86,94856.67,95139.99,402.83984,2024-11-25 18:45:00
1732561200000,95140.0,95288.0,94800.0,95184.84,586.72794,2024-11-25 19:00:00
1732562100000,95184.83,95187.99,94400.0,95084.52,897.70002,2024-11-25 19:15:00
1732563000000,95084.51,95199.99,94550.97,95072.0,625.67468,2024-11-25 19:30:00
1732563900000,95072.0,95125.0,94626.42,94669.48,682.89386,2024-11-25 19:45:00
1732564800000,94669.49,94981.52,94498.35,94981.51,673.81596,2024-11-25 20:00:00
1732565700000,94981.51,95171.64,94688.0,95015.87,347.64571,2024-11-25 20:15:00
1732566600000,95015.88,95300.0,94808.15,94829.34,331.32873,2024-11-25 20:30:00
1732567500000,94829.34,95020.0,94608.0,94955.89,569.09264,2024-11-25 20:45:00
1732568400000,94955.89,95166.65,94731.2,94924.01,482.76026,2024-11-25 21:00:00
1732569300000,94924.01,95000.89,94720.0,94873.02,305.3264,2024-11-25 21:15:00
1732570200000,94873.02,94884.0,93964.63,94020.0,888.22219,2024-11-25 21:30:00
1732571100000,94020.01,94200.97,93564.0,93747.8,1301.35952,2024-11-25 21:45:00
1732572000000,93747.81,94233.43,93430.99,94116.23,818.62888,2024-11-25 22:00:00
1732572900000,94116.24,94127.94,93133.34,93384.02,909.13273,2024-11-25 22:15:00
1732573800000,93384.01,93606.33,92600.19,93273.36,1201.77248,2024-11-25 22:30:00
1732574700000,93273.36,94414.17,93207.38,94404.49,1212.17705,2024-11-25 22:45:00
1732575600000,94404.49,94405.93,94016.25,94270.51,725.29662,2024-11-25 23:00:00
1732576500000,94270.51,94270.51,93663.6,93663.6,397.12402,2024-11-25 23:15:00
1732577400000,93663.6,93730.0,92825.17,93207.28,913.73744,2024-11-25 23:30:00
1732578300000,93207.28,93286.02,92820.0,93010.01,876.69164,2024-11-25 23:45:00
1732579200000,93010.01,93512.21,92727.9,93384.01,1179.75245,2024-11-26 00:00:00
1732580100000,93384.02,94304.79,93324.01,94244.02,658.98658,2024-11-26 00:15:00
1732581000000,94244.01,94340.91,94008.0,94277.32,452.293,2024-11-26 00:30:00
1732581900000,94277.33,94356.0,93817.22,93836.5,336.21362,2024-11-26 00:45:00
1732582800000,93836.58,94190.48,93819.87,94023.97,362.40171,2024-11-26 01:00:00
1732583700000,94023.98,94398.97,93968.01,94333.35,350.28004,2024-11-26 01:15:00
1732584600000,94333.35,94812.0,94333.35,94473.22,467.57932,2024-11-26 01:30:00
1732585500000,94473.22,94857.15,94414.29,94857.15,284.54639,2024-11-26 01:45:00
1732586400000,94857.15,94923.69,94581.22,94618.7,434.51255,2024-11-26 02:00:00
1732587300000,94618.71,94712.78,94500.01,94519.11,265.57027,2024-11-26 02:15:00
1732588200000,94519.1,94700.0,94408.76,94690.47,207.76915,2024-11-26 02:30:00
1732589100000,94690.48,94727.33,94532.0,94587.98,209.41355,2024-11-26 02:45:00
1732590000000,94587.99,94691.64,94262.68,94450.43,266.80047,2024-11-26 03:00:00
1732590900000,94450.43,94528.0,94234.59,94335.99,218.7249,2024-11-26 03:15:00
1732591800000,94335.99,94675.72,94253.38,94618.63,309.30441,2024-11-26 03:30:00
1732592700000,94618.63,94700.12,94432.41,94464.0,241.5117,2024-11-26 03:45:00
1732593600000,94464.0,94536.79,94048.49,94194.95,252.34042,2024-11-26 04:00:00
1732594500000,94194.95,94367.99,94096.0,94277.08,212.16673,2024-11-26 04:15:00
1732595400000,94277.07,94523.81,94268.0,94425.63,272.36667,2024-11-26 04:30:00
1732596300000,94425.64,94466.3,94249.2,94309.52,296.70511,2024-11-26 04:45:00
1732597200000,94309.52,94514.28,94204.0,94348.0,313.41139,2024-11-26 05:00:00
1732598100000,94348.0,94424.0,94188.23,94403.88,125.85404,2024-11-26 05:15:00
1732599000000,94403.88,94616.0,94311.0,94580.01,235.95955,2024-11-26 05:30:00
1732599900000,94580.01,94676.0,94478.8,94647.96,262.89683,2024-11-26 05:45:00
1732600800000,94647.96,94810.95,94597.99,94648.65,298.93063,2024-11-26 06:00:00
1732601700000,94648.65,94973.37,94634.5,94896.0,232.90872,2024-11-26 06:15:00
1732602600000,94896.0,94896.0,94666.66,94754.75,163.09,2024-11-26 06:30:00
1732603500000,94754.75,94792.0,94450.0,94495.96,170.03176,2024-11-26 06:45:00
1732604400000,94495.96,94510.48,93927.56,93927.56,307.6515,2024-11-26 07:00:00
1732605300000,93927.57,94020.0,93500.08,93958.41,587.61256,2024-11-26 07:15:00
1732606200000,93958.41,94093.67,93650.0,93804.01,524.83348,2024-11-26 07:30:00
1732607100000,93804.02,93987.65,93612.0,93785.71,465.26677,2024-11-26 07:45:00
1732608000000,93785.72,93785.72,93210.81,93230.02,659.76734,2024-11-26 08:00:00
1732608900000,93230.03,93276.0,92423.5,92484.01,1925.13037,2024-11-26 08:15:00
1732609800000,92484.01,92832.11,92326.31,92780.0,1102.9923,2024-11-26 08:30:00
1732610700000,92780.01,93164.11,92676.0,93142.85,763.6447,2024-11-26 08:45:00
1732611600000,93142.85,93602.62,93064.0,93568.0,668.06633,2024-11-26 09:00:00
1732612500000,93568.0,93732.0,93471.46,93546.59,476.70135,2024-11-26 09:15:00
1732613400000,93546.6,93712.58,93276.47,93409.76,520.85022,2024-11-26 09:30:00
1732614300000,93409.77,93685.53,93130.58,93519.62,532.51685,2024-11-26 09:45:00
1732615200000,93519.61,93750.0,93170.0,93210.94,511.7272,2024-11-26 10:00:00
1732616100000,93210.93,93228.0,92827.5,92996.0,614.84336,2024-11-26 10:15:00
1732617000000,92996.0,93125.79,92566.73,92650.44,610.34645,2024-11-26 10:30:00
1732617900000,92650.44,92690.48,92272.72,92327.99,829.79581,2024-11-26 10:45:00
1732618800000,92327.99,92686.44,92056.0,92526.15,1010.22015,2024-11-26 11:00:00
1732619700000,92526.15,92595.0,91733.0,91764.55,1056.62434,2024-11-26 11:15:00
1732620600000,91764.54,92040.0,91524.79,91528.01,1328.81711,2024-11-26 11:30:00
1732621500000,91528.01,92396.83,91466.52,92356.85,980.892,2024-11-26 11:45:00
1732622400000,92356.84,92626.62,91999.76,92609.99,915.39508,2024-11-26 12:00:00
1732623300000,92610.0,92670.0,92157.82,92224.88,702.05067,2024-11-26 12:15:00
1732624200000,92224.88,92312.68,91894.36,92172.0,812.75153,2024-11-26 12:30:00
1732625100000,92172.0,92219.09,91784.86,92164.21,785.76557,2024-11-26 12:45:00
1732626000000,92164.21,92561.57,91914.61,92456.63,892.70624,2024-11-26 13:00:00
1732626900000,92456.63,92920.0,92456.63,92507.01,649.83114,2024-11-26 13:15:00
1732627800000,92507.01,92560.0,92252.03,92275.99,720.82235,2024-11-26 13:30:00
1732628700000,92275.99,92500.0,92163.79,92168.84,468.48262,2024-11-26 13:45:00
1732629600000,92168.84,92269.85,91812.84,92000.0,721.04269,2024-11-26 14:00:00
1732630500000,91999.99,92451.0,91928.0,92171.79,601.35105,2024-11-26 14:15:00
1732631400000,92158.34,93142.85,91739.7,92909.27,1637.42258,2024-11-26 14:30:00
1732632300000,92909.28,93546.2,92900.0,93274.15,1171.51305,2024-11-26 14:45:00
1732633200000,93274.14,93559.0,92968.26,93204.36,933.28017,2024-11-26 15:00:00
1732634100000,93204.35,93210.52,92316.71,93108.0,889.91093,2024-11-26 15:15:00
1732635000000,93107.99,93417.75,92767.79,93336.0,676.8865,2024-11-26 15:30:00
1732635900000,93336.0,93417.89,92804.0,92813.0,599.91798,2024-11-26 15:45:00
1732636800000,92812.99,93324.0,92692.0,93203.86,605.74498,2024-11-26 16:00:00
1732637700000,93203.86,94345.12,93126.98,94224.0,778.8501,2024-11-26 16:15:00
1732638600000,94224.0,94553.79,94148.25,94551.08,1313.86229,2024-11-26 16:30:00
1732639500000,94551.09,94685.6,94000.0,94029.43,668.65191,2024-11-26 16:45:00
1732640400000,94029.42,94044.0,93514.99,93567.93,648.52621,2024-11-26 17:00:00
1732641300000,93567.93,93845.96,93425.16,93780.01,370.54897,2024-11-26 17:15:00
1732642200000,93780.0,94039.98,93583.99,93700.01,388.36348,2024-11-26 17:30:00
1732643100000,93700.01,93748.0,93452.0,93547.99,418.0718,2024-11-26 17:45:00
1732644000000,93547.99,93632.0,92933.08,93006.16,483.94765,2024-11-26 18:00:00
1732644900000,93006.15,93050.0,92362.4,92395.99,594.16856,2024-11-26 18:15:00
1732645800000,92395.98,92467.48,92000.0,92313.02,803.90752,2024-11-26 18:30:00
1732646700000,92313.02,92704.0,92100.0,92119.99,514.55899,2024-11-26 18:45:00
1732647600000,92120.0,92670.28,91999.54,92384.01,760.54689,2024-11-26 19:00:00
1732648500000,92384.01,92427.99,91828.28,92071.95,966.2931,2024-11-26 19:15:00
1732649400000,92071.95,92198.09,91723.0,91903.45,646.45778,2024-11-26 19:30:00
1732650300000,91903.46,91974.71,91554.11,91683.89,666.06903,2024-11-26 19:45:00
1732651200000,91683.9,92040.0,91400.0,91595.99,1125.50911,2024-11-26 20:00:00
1732652100000,91596.0,91698.42,91108.0,91303.33,973.34811,2024-11-26 20:15:00
1732653000000,91301.66,91420.0,90791.1,91415.98,1341.57669,2024-11-26 20:30:00
1732653900000,91415.98,91809.31,90912.87,91036.01,1055.6577,2024-11-26 20:45:00
1732654800000,91036.0,91473.75,90850.45,91144.01,800.27113,2024-11-26 21:00:00
1732655700000,91144.01,91811.07,91115.99,91645.53,461.98101,2024-11-26 21:15:00
1732656600000,91645.53,91919.83,91468.53,91730.16,327.86749,2024-11-26 21:30:00
1732657500000,91730.16,91890.43,91511.0,91700.08,336.91522,2024-11-26 21:45:00
1732658400000,91700.09,92316.59,91543.86,92133.99,895.88885,2024-11-26 22:00:00
1732659300000,92133.99,92359.0,92007.66,92300.0,278.23258,2024-11-26 22:15:00
1732660200000,92300.01,92364.0,91948.83,92033.29,330.17566,2024-11-26 22:30:00
1732661100000,92033.3,92145.08,91770.7,91811.14,249.62677,2024-11-26 22:45:00
1732662000000,91811.14,91998.75,91588.0,91965.53,520.57924,2024-11-26 23:00:00
1732662900000,91965.53,92068.0,91643.2,91681.87,313.75565,2024-11-26 23:15:00
1732663800000,91681.86,91960.45,91652.83,91960.0,220.75981,2024-11-26 23:30:00
1732664700000,91960.0,92063.9,91930.0,91965.16,258.2648,2024-11-26 23:45:00
1732665600000,91965.16,92428.58,91812.0,92427.99,429.12259,2024-11-27 00:00:00
1732666500000,92427.99,92428.0,92187.27,92219.54,200.10386,2024-11-27 00:15:00
1732667400000,92218.92,92284.72,91808.0,91828.85,387.71318,2024-11-27 00:30:00
1732668300000,91828.85,92047.62,91792.14,91939.33,241.91746,2024-11-27 00:45:00
1732669200000,91939.33,92321.37,91824.34,92296.02,460.07965,2024-11-27 01:00:00
1732670100000,92296.01,92576.09,92289.87,92382.01,449.80507,2024-11-27 01:15:00
1732671000000,92382.0,92632.0,92350.01,92559.2,278.84409,2024-11-27 01:30:00
1732671900000,92559.21,92813.92,92488.76,92753.86,363.57628,2024-11-27 01:45:00
1732672800000,92753.86,92792.7,92333.0,92368.0,331.40568,2024-11-27 02:00:00
1732673700000,92368.0,93037.38,92304.8,92930.27,451.79011,2024-11-27 02:15:00
1732674600000,92930.27,92953.15,92691.63,92714.65,300.93397,2024-11-27 02:30:00
1732675500000,92714.66,92978.44,92708.68,92943.34,253.23392,2024-11-27 02:45:00
1732676400000,92943.34,92943.34,92780.0,92915.79,313.42295,2024-11-27 03:00:00
1732677300000,92915.8,92946.1,92690.46,92800.0,332.07666,2024-11-27 03:15:00
1732678200000,92800.0,92818.51,92618.18,92685.51,438.93327,2024-11-27 03:30:00
1732679100000,92685.51,92776.26,92521.73,92588.0,322.62144,2024-11-27 03:45:00
1732680000000,92588.0,92780.0,92550.03,92715.4,277.69221,2024-11-27 04:00:00
1732680900000,92715.4,93211.2,92664.8,93018.97,659.46888,2024-11-27 04:15:00
1732681800000,93018.98,93036.0,92655.08,92747.98,352.10789,2024-11-27 04:30:00
1732682700000,92747.99,92828.07,92500.0,92568.0,264.28622,2024-11-27 04:45:00
1732683600000,92568.0,92591.88,92361.66,92495.14,247.02549,2024-11-27 05:00:00
1732684500000,92495.14,92731.72,92450.0,92719.03,189.38832,2024-11-27 05:15:00
1732685400000,92719.03,92815.23,92675.39,92755.99,252.2451,2024-11-27 05:30:00
1732686300000,92755.99,92770.48,92630.43,92768.01,197.49832,2024-11-27 05:45:00
1732687200000,92768.01,93140.0,92768.01,93124.05,345.24316,2024-11-27 06:00:00
1732688100000,93124.04,93393.19,93076.8,93204.0,397.48719,2024-11-27 06:15:00
1732689000000,93204.0,93324.53,93120.01,93253.96,344.6658,2024-11-27 06:30:00
1732689900000,93253.97,93253.97,93000.0,93068.16,330.88301,2024-11-27 06:45:00
1732690800000,93068.15,93299.99,93024.0,93279.99,269.1676,2024-11-27 07:00:00
1732691700000,93280.0,93524.0,93200.01,93434.98,250.13161,2024-11-27 07:15:00
1732692600000,93434.99,93530.19,93364.0,93530.19,211.69833,2024-11-27 07:30:00
1732693500000,93530.19,93648.0,93464.03,93597.16,251.28299,2024-11-27 07:45:00
1732694400000,93597.16,93609.93,93305.46,93334.0,295.46514,2024-11-27 08:00:00
1732695300000,93334.0,93484.78,93236.01,93330.33,323.10758,2024-11-27 08:15:00
1732696200000,93330.33,93541.63,93292.48,93480.0,328.3472,2024-11-27 08:30:00
1732697100000,93480.0,93521.87,93380.0,93433.21,249.17483,2024-11-27 08:45:00
1732698000000,93433.2,93492.98,93148.83,93174.5,274.4467,2024-11-27 09:00:00
1732698900000,93174.5,93372.0,93118.26,93308.0,175.20602,2024-11-27 09:15:00
1732699800000,93307.99,93327.96,93109.12,93252.9,216.88164,2024-11-27 09:30:00
1732700700000,93252.91,93444.45,93203.36,93403.5,183.29505,2024-11-27 09:45:00
1732701600000,93403.49,93490.86,93353.82,93456.0,186.11626,2024-11-27 10:00:00
1732702500000,93455.99,93666.0,93455.99,93607.99,231.55455,2024-11-27 10:15:00
1732703400000,93607.99,93869.01,93607.99,93869.0,335.50735,2024-11-27 10:30:00
1732704300000,93869.0,93885.6,93600.0,93821.35,267.19717,2024-11-27 10:45:00
1732705200000,93821.35,93823.34,93618.01,93727.98,243.40626,2024-11-27 11:00:00
1732706100000,93727.99,93727.99,93460.47,93559.0,194.03784,2024-11-27 11:15:00
1732707000000,93558.99,93666.0,93324.0,93393.0,305.87092,2024-11-27 11:30:00
1732707900000,93393.0,93457.57,93316.87,93367.99,184.39738,2024-11-27 11:45:00
1732708800000,93367.99,93396.5,93120.38,93193.97,256.53249,2024-11-27 12:00:00
1732709700000,93193.97,93365.11,92847.84,92856.0,396.16056,2024-11-27 12:15:00
1732710600000,92855.99,93212.59,92855.99,93085.5,333.29518,2024-11-27 12:30:00
1732711500000,93085.5,93500.0,93065.21,93499.99,376.36021,2024-11-27 12:45:00
1732712400000,93499.99,93851.98,93416.0,93666.67,512.54143,2024-11-27 13:00:00
1732713300000,93666.67,93828.14,93472.09,93827.99,366.58872,2024-11-27 13:15:00
1732714200000,93827.99,93930.74,93699.55,93845.25,399.29664,2024-11-27 13:30:00
1732715100000,93845.24,94264.0,93751.32,94264.0,454.46262,2024-11-27 13:45:00
1732716000000,94264.0,94459.98,94106.74,94371.99,694.26699,2024-11-27 14:00:00
1732716900000,94371.99,94520.99,94296.0,94509.83,379.3062,2024-11-27 14:15:00
1732717800000,94509.82,94832.0,94236.13,94731.98,895.43692,2024-11-27 14:30:00
1732718700000,94731.99,94885.0,94370.4,94833.41,718.67769,2024-11-27 14:45:00
1732719600000,94833.42,94890.0,94500.01,94713.86,747.25564,2024-11-27 15:00:00
1732720500000,94713.86,94746.04,94316.0,94550.07,657.48117,2024-11-27 15:15:00
1732721400000,94550.07,95600.0,94500.54,95571.12,1657.76644,2024-11-27 15:30:00
1732722300000,95571.13,95850.0,95370.7,95556.01,1023.17003,2024-11-27 15:45:00
1732723200000,95556.0,95756.0,95184.79,95476.01,986.15136,2024-11-27 16:00:00
1732724100000,95476.0,95850.0,95460.0,95848.18,489.49302,2024-11-27 16:15:00
1732725000000,95848.17,96333.1,95796.96,96070.44,1403.73303,2024-11-27 16:30:00
1732725900000,96070.44,96147.86,95559.14,95689.19,856.60308,2024-11-27 16:45:00
1732726800000,95689.18,95800.0,95300.9,95628.03,600.7635,2024-11-27 17:00:00
1732727700000,95628.02,95888.0,95459.13,95862.35,376.83071,2024-11-27 17:15:00
1732728600000,95862.35,96150.0,95804.0,95903.76,524.44802,2024-11-27 17:30:00
1732729500000,95903.75,96300.0,95864.26,96247.24,670.11276,2024-11-27 17:45:00
1732730400000,96247.24,96526.59,96076.01,96389.94,760.83088,2024-11-27 18:00:00
1732731300000,96389.94,96539.33,96039.5,96142.86,638.71488,2024-11-27 18:15:00
1732732200000,96142.86,96365.08,96004.0,96120.21,366.20924,2024-11-27 18:30:00
1732733100000,96120.21,96300.0,96055.53,96119.51,417.34982,2024-11-27 18:45:00
1732734000000,96119.51,96235.14,95893.13,96225.08,379.77892,2024-11-27 19:00:00
1732734900000,96225.08,96415.0,96004.31,96414.99,311.45808,2024-11-27 19:15:00
1732735800000,96415.0,96498.0,96196.02,96400.94,352.70052,2024-11-27 19:30:00
1732736700000,96400.94,96631.68,96250.0,96627.99,390.70774,2024-11-27 19:45:00
1732737600000,96627.99,96931.71,96557.81,96931.71,725.06559,2024-11-27 20:00:00
1732738500000,96931.7,97208.21,96931.7,97208.2,828.75113,2024-11-27 20:15:00
1732739400000,97208.21,97208.21,96620.01,96657.99,661.60743,2024-11-27 20:30:00
1732740300000,96657.98,96707.54,96312.01,96482.75,553.75491,2024-11-27 20:45:00
1732741200000,96482.96,96595.0,96215.32,96523.99,338.78566,2024-11-27 21:00:00
1732742100000,96523.99,96527.38,96153.84,96255.38,545.09333,2024-11-27 21:15:00
1732743000000,96255.38,96391.98,96182.01,96324.73,334.9777,2024-11-27 21:30:00
1732743900000,96324.72,96324.73,96052.39,96267.86,368.40787,2024-11-27 21:45:00
1732744800000,96267.87,96373.38,96060.0,96224.03,355.30617,2024-11-27 22:00:00
1732745700000,96224.03,96476.95,96116.01,96424.0,313.74675,2024-11-27 22:15:00
1732746600000,96424.0,96520.0,96282.99,96282.99,287.36902,2024-11-27 22:30:00
1732747500000,96283.0,96283.0,96035.0,96047.47,272.4343,2024-11-27 22:45:00
1732748400000,96047.47,96183.01,95817.0,95875.99,530.56439,2024-11-27 23:00:00
1732749300000,95876.0,95979.04,95785.06,95927.97,468.35545,2024-11-27 23:15:00
1732750200000,95927.98,96068.6,95731.72,96068.59,539.32246,2024-11-27 23:30:00
1732751100000,96068.6,96084.35,95792.0,95863.11,245.5365,2024-11-27 23:45:00
1732752000000,95863.11,96037.86,95722.22,95828.0,420.91415,2024-11-28 00:00:00
1732752900000,95828.0,96024.0,95765.07,95865.01,278.10853,2024-11-28 00:15:00
1732753800000,95865.01,96288.87,95865.0,96207.87,346.82248,2024-11-28 00:30:00
1732754700000,96207.87,96564.0,96148.0,96552.01,384.52824,2024-11-28 00:45:00
1732755600000,96552.0,96552.52,96155.7,96245.69,326.34215,2024-11-28 01:00:00
1732756500000,96245.69,96388.0,96093.36,96221.8,351.33957,2024-11-28 01:15:00
1732757400000,96221.8,96344.5,96084.0,96206.35,329.04482,2024-11-28 01:30:00
1732758300000,96206.35,96316.18,96092.87,96273.95,223.43677,2024-11-28 01:45:00
1732759200000,96273.94,96427.87,96152.02,96238.18,315.86958,2024-11-28 02:00:00
1732760100000,96238.17,96439.69,96220.92,96297.22,345.79436,2024-11-28 02:15:00
1732761000000,96297.22,96438.57,96128.01,96128.01,360.16255,2024-11-28 02:30:00
1732761900000,96128.01,96128.02,95624.01,95699.79,552.87469,2024-11-28 02:45:00
1732762800000,95699.79,95789.33,95339.54,95572.29,644.14534,2024-11-28 03:00:00
1732763700000,95572.28,95634.0,95066.0,95164.0,410.83376,2024-11-28 03:15:00
1732764600000,95164.0,95218.03,94822.54,95210.95,648.23978,2024-11-28 03:30:00
1732765500000,95210.95,95584.41,95210.95,95471.43,337.246,2024-11-28 03:45:00
1732766400000,95471.44,95642.8,95338.08,95567.99,361.34753,2024-11-28 04:00:00
1732767300000,95568.0,95772.17,95440.27,95741.2,399.83309,2024-11-28 04:15:00
1732768200000,95741.19,95840.65,95667.91,95747.98,290.81249,2024-11-28 04:30:00
1732769100000,95747.99,95751.81,95561.67,95742.72,296.18693,2024-11-28 04:45:00
1732770000000,95742.73,95922.39,95670.19,95673.73,325.97555,2024-11-28 05:00:00
1732770900000,95673.72,95809.01,95516.5,95619.08,310.43353,2024-11-28 05:15:00
1732771800000,95619.08,95750.0,95400.0,95417.74,280.63034,2024-11-28 05:30:00
1732772700000,95417.75,95476.2,95350.22,95443.43,297.9285,2024-11-28 05:45:00
1732773600000,95443.44,95500.0,95082.92,95130.52,394.57729,2024-11-28 06:00:00
1732774500000,95130.53,95350.0,95063.15,95349.99,362.55647,2024-11-28 06:15:00
1732775400000,95349.99,95677.35,95314.59,95615.17,391.4553,2024-11-28 06:30:00
1732776300000,95615.17,95692.0,95466.99,95479.07,278.61104,2024-11-28 06:45:00
1732777200000,95479.07,95719.98,95420.57,95687.18,296.64757,2024-11-28 07:00:00
1732778100000,95687.19,95757.08,95565.97,95603.16,342.81935,2024-11-28 07:15:00
1732779000000,95603.16,95660.0,95407.72,95407.73,205.99819,2024-11-28 07:30:00
1732779900000,95407.73,95464.0,95218.01,95299.66,179.18575,2024-11-28 07:45:00
1732780800000,95299.66,95400.0,95090.0,95196.48,238.41119,2024-11-28 08:00:00
1732781700000,95196.48,95490.34,95195.08,95488.87,228.82745,2024-11-28 08:15:00
1732782600000,95488.86,95615.45,95345.0,95353.7,296.63394,2024-11-28 08:30:00
1732783500000,95353.69,95518.99,95315.78,95456.01,165.72697,2024-11-28 08:45:00
1732784400000,95456.02,95507.62,95184.68,95196.51,182.62915,2024-11-28 09:00:00
1732785300000,95196.51,95316.0,95136.53,95315.99,169.26026,2024-11-28 09:15:00
1732786200000,95316.0,95412.0,95150.0,95203.99,214.37595,2024-11-28 09:30:00
1732787100000,95204.0,95232.0,94940.1,94976.0,306.2816,2024-11-28 09:45:00
1732788000000,94976.0,95031.75,94640.0,94820.01,596.56489,2024-11-28 10:00:00
1732788900000,94820.02,94992.0,94709.01,94937.49,276.68389,2024-11-28 10:15:00
1732789800000,94937.48,95141.73,94888.0,95119.49,195.02633,2024-11-28 10:30:00
1732790700000,95119.5,95149.61,94736.0,94958.74,607.67168,2024-11-28 10:45:00
1732791600000,94958.74,95118.42,94812.7,94956.02,161.15575,2024-11-28 11:00:00
1732792500000,94956.02,95083.83,94760.84,94915.34,308.0094,2024-11-28 11:15:00
1732793400000,94915.65,95267.5,94828.0,95212.68,212.05928,2024-11-28 11:30:00
1732794300000,95212.69,95780.0,95177.15,95452.01,592.70817,2024-11-28 11:45:00
1732795200000,95452.0,95688.68,95381.68,95514.03,310.26713,2024-11-28 12:00:00
1732796100000,95514.04,95586.44,95322.56,95360.35,193.07671,2024-11-28 12:15:00
1732797000000,95360.34,95475.76,95271.0,95313.65,202.73638,2024-11-28 12:30:00
1732797900000,95313.65,95579.41,95204.0,95484.01,222.49083,2024-11-28 12:45:00
1732798800000,95484.01,95505.09,95064.26,95200.0,274.30932,2024-11-28 13:00:00
1732799700000,95200.0,95336.04,95065.1,95259.28,261.08898,2024-11-28 13:15:00
1732800600000,95259.28,95570.15,95025.13,95565.32,253.66381,2024-11-28 13:30:00
1732801500000,95567.33,95777.76,95450.0,95711.25,371.39192,2024-11-28 13:45:00
1732802400000,95711.24,96221.8,95622.41,95925.65,560.14771,2024-11-28 14:00:00
1732803300000,95925.65,95944.0,95359.18,95528.02,452.61483,2024-11-28 14:15:00
1732804200000,95528.01,95882.35,95429.9,95613.0,417.16586,2024-11-28 14:30:00
1732805100000,95613.0,95775.38,95376.0,95376.04,377.79064,2024-11-28 14:45:00
1732806000000,95376.03,95431.74,95149.91,95323.63,365.44165,2024-11-28 15:00:00
1732806900000,95323.64,95508.94,95060.74,95454.08,502.50594,2024-11-28 15:15:00
1732807800000,95454.09,95454.09,95090.96,95199.76,369.98776,2024-11-28 15:30:00
1732808700000,95199.76,95254.16,94900.0,95007.14,413.60855,2024-11-28 15:45:00
1732809600000,95007.15,95308.0,95007.14,95294.49,248.14713,2024-11-28 16:00:00
1732810500000,95294.5,95308.0,95046.73,95061.6,202.68537,2024-11-28 16:15:00
1732811400000,95061.6,95287.99,95025.15,95191.99,217.85021,2024-11-28 16:30:00
1732812300000,95191.98,95239.88,94817.0,94972.0,361.29319,2024-11-28 16:45:00
1732813200000,94972.0,95222.23,94956.94,95060.0,427.9532,2024-11-28 17:00:00
1732814100000,95059.99,95220.0,95040.48,95219.98,283.35543,2024-11-28 17:15:00
1732815000000,95219.98,95240.0,94850.0,94850.01,180.44057,2024-11-28 17:30:00
1732815900000,94850.01,94923.87,94821.77,94864.31,230.8502,2024-11-28 17:45:00
1732816800000,94864.32,95186.2,94854.16,95130.06,396.53676,2024-11-28 18:00:00
1732817700000,95130.05,95150.0,95040.65,95099.0,105.87011,2024-11-28 18:15:00
1732818600000,95098.99,95300.0,95053.35,95299.99,177.88941,2024-11-28 18:30:00
1732819500000,95299.99,95329.58,95193.0,95290.21,131.69893,2024-11-28 18:45:00
1732820400000,95290.21,95435.68,95025.13,95098.5,403.21166,2024-11-28 19:00:00
1732821300000,95098.5,95161.5,95025.0,95087.98,91.83895,2024-11-28 19:15:00
1732822200000,95087.98,95163.56,95024.0,95136.01,126.4286,2024-11-28 19:30:00
1732823100000,95136.02,95200.0,95064.0,95119.48,92.77649,2024-11-28 19:45:00
1732824000000,95119.48,95131.53,95015.3,95047.95,61.52653,2024-11-28 20:00:00
1732824900000,95047.94,95067.91,94856.01,94868.34,101.67001,2024-11-28 20:15:00
1732825800000,94868.34,94941.46,94698.9,94725.63,318.88607,2024-11-28 20:30:00
1732826700000,94725.62,94921.04,94698.0,94820.01,328.74855,2024-11-28 20:45:00
1732827600000,94820.0,95111.11,94809.52,94919.98,349.29602,2024-11-28 21:00:00
1732828500000,94919.99,95100.0,94855.08,95092.01,304.89528,2024-11-28 21:15:00
1732829400000,95092.01,95092.01,94895.3,95035.99,135.85904,2024-11-28 21:30:00
1732830300000,95036.0,95164.0,94959.24,95099.99,233.48249,2024-11-28 21:45:00
1732831200000,95100.0,95272.0,95008.22,95271.99,321.02355,2024-11-28 22:00:00
1732832100000,95271.99,95415.99,95248.0,95335.16,281.58953,2024-11-28 22:15:00
1732833000000,95335.15,95611.5,95203.55,95590.79,181.18355,2024-11-28 22:30:00
1732833900000,95590.79,95651.82,95488.35,95651.79,123.65119,2024-11-28 22:45:00
1732834800000,95651.78,95739.0,95530.24,95700.0,258.82845,2024-11-28 23:00:00
1732835700000,95700.0,95970.46,95622.01,95896.0,220.08098,2024-11-28 23:15:00
1732836600000,95896.0,96023.48,95662.45,95740.0,182.69287,2024-11-28 23:30:00
1732837500000,95739.99,95739.99,95553.45,95643.98,141.28764,2024-11-28 23:45:00
1732838400000,95643.99,95698.42,95400.0,95500.01,197.84784,2024-11-29 00:00:00
1732839300000,95500.01,95700.0,95489.2,95575.99,165.15404,2024-11-29 00:15:00
1732840200000,95576.0,95820.0,95465.3,95762.02,146.60903,2024-11-29 00:30:00
1732841100000,95762.02,95825.4,95364.99,95476.01,134.04216,2024-11-29 00:45:00
1732842000000,95476.0,95651.82,95407.2,95490.27,159.70365,2024-11-29 01:00:00
1732842900000,95490.27,95790.72,95480.0,95769.92,157.62969,2024-11-29 01:15:00
1732843800000,95769.92,95785.22,95584.01,95742.5,112.96795,2024-11-29 01:30:00
1732844700000,95742.51,95970.56,95696.93,95920.0,111.96267,2024-11-29 01:45:00
1732845600000,95920.01,96612.82,95903.93,96451.98,470.04073,2024-11-29 02:00:00
1732846500000,96451.98,96511.99,96232.0,96422.36,243.44636,2024-11-29 02:15:00
1732847400000,96422.37,96800.0,96334.6,96680.0,271.01186,2024-11-29 02:30:00
1732848300000,96680.01,96859.0,96672.01,96739.98,280.84962,2024-11-29 02:45:00
1732849200000,96739.99,96812.24,96632.0,96671.16,248.35254,2024-11-29 03:00:00
1732850100000,96671.17,96686.7,96436.51,96493.83,217.75362,2024-11-29 03:15:00
1732851000000,96493.82,96731.0,96485.26,96684.0,130.20795,2024-11-29 03:30:00
1732851900000,96684.0,96684.0,96536.0,96590.36,161.1968,2024-11-29 03:45:00
1732852800000,96590.35,96630.09,96363.72,96413.35,232.70845,2024-11-29 04:00:00
1732853700000,96413.35,96440.0,96308.22,96327.26,110.7163,2024-11-29 04:15:00
1732854600000,96327.26,96365.08,96236.99,96301.57,82.30349,2024-11-29 04:30:00
1732855500000,96301.58,96423.99,96247.2,96263.83,163.37428,2024-11-29 04:45:00
1732856400000,96263.84,96340.0,96204.68,96316.01,130.35898,2024-11-29 05:00:00
1732857300000,96316.02,96540.71,96312.01,96460.32,165.55588,2024-11-29 05:15:00
1732858200000,96460.32,96491.46,96371.48,96448.01,95.58165,2024-11-29 05:30:00
1732859100000,96448.0,96448.0,96153.85,96153.86,123.87717,2024-11-29 05:45:00
1732860000000,96153.86,96358.0,96032.75,96049.23,159.45613,2024-11-29 06:00:00
1732860900000,96049.23,96247.72,95997.85,96247.72,189.46487,2024-11-29 06:15:00
1732861800000,96247.71,96357.65,96112.73,96191.92,145.60374,2024-11-29 06:30:00
1732862700000,96191.92,96267.98,96100.54,96266.19,131.56116,2024-11-29 06:45:00
1732863600000,96266.18,96416.34,96148.6,96327.99,144.0153,2024-11-29 07:00:00
1732864500000,96327.99,96328.0,95963.46,96083.45,215.51887,2024-11-29 07:15:00
1732865400000,96083.44,96120.62,95804.93,95804.93,406.23904,2024-11-29 07:30:00
1732866300000,95804.93,95804.93,95600.03,95625.05,420.64768,2024-11-29 07:45:00
1732867200000,95625.05,95910.84,95616.0,95777.0,302.91429,2024-11-29 08:00:00
1732868100000,95777.0,95851.89,95723.24,95836.0,123.84282,2024-11-29 08:15:00
1732869000000,95836.0,95962.56,95759.33,95917.37,173.21173,2024-11-29 08:30:00
1732869900000,95917.37,95998.76,95856.37,95979.99,151.76597,2024-11-29 08:45:00
1732870800000,95980.0,95997.6,95870.71,95913.74,139.27133,2024-11-29 09:00:00
1732871700000,95913.75,96165.04,95913.74,96135.34,172.06021,2024-11-29 09:15:00
1732872600000,96135.35,96482.61,96090.79,96477.31,384.18809,2024-11-29 09:30:00
1732873500000,96477.31,96478.94,96300.38,96355.39,155.99209,2024-11-29 09:45:00
1732874400000,96355.39,96732.0,96293.61,96631.56,438.97112,2024-11-29 10:00:00
1732875300000,96631.55,96636.0,96509.28,96548.36,203.65547,2024-11-29 10:15:00
1732876200000,96548.35,96800.0,96532.01,96800.0,184.70472,2024-11-29 10:30:00
1732877100000,96800.0,96849.0,96737.63,96844.01,289.2004,2024-11-29 10:45:00
1732878000000,96844.0,96849.0,96578.14,96628.6,216.97824,2024-11-29 11:00:00
1732878900000,96628.59,96992.0,96548.0,96976.03,325.69123,2024-11-29 11:15:00
1732879800000,96976.03,97150.0,96928.7,97112.02,536.67114,2024-11-29 11:30:00
1732880700000,97112.02,97358.21,97102.3,97237.91,365.31592,2024-11-29 11:45:00
1732881600000,97237.91,97454.48,97200.11,97400.01,399.04225,2024-11-29 12:00:00
1732882500000,97400.01,97500.0,97170.27,97213.02,717.20593,2024-11-29 12:15:00
1732883400000,97213.02,97268.62,96970.65,96972.0,380.87865,2024-11-29 12:30:00
1732884300000,96972.0,97024.37,96876.82,96929.07,214.11303,2024-11-29 12:45:00
1732885200000,96929.07,97069.42,96800.0,96927.99,235.59204,2024-11-29 13:00:00
1732886100000,96927.99,96927.99,96768.0,96829.16,143.14307,2024-11-29 13:15:00
1732887000000,96829.16,97100.0,96829.16,97031.93,192.56729,2024-11-29 13:30:00
1732887900000,97031.93,97259.27,97000.0,97223.36,162.68089,2024-11-29 13:45:00
1732888800000,97223.35,97265.45,97000.0,97052.03,246.29847,2024-11-29 14:00:00
1732889700000,97052.02,97250.06,96916.66,97246.56,231.16608,2024-11-29 14:15:00
1732890600000,97246.56,97584.0,97139.62,97549.75,651.70491,2024-11-29 14:30:00
1732891500000,97549.75,98052.0,97480.0,98002.01,1462.31429,2024-11-29 14:45:00
1732892400000,98002.01,98546.8,97885.8,98500.0,1615.92167,2024-11-29 15:00:00
1732893300000,98500.0,98619.99,98085.89,98085.89,804.61721,2024-11-29 15:15:00
1732894200000,98085.9,98287.35,97685.46,98192.0,824.09263,2024-11-29 15:30:00
1732895100000,98192.0,98424.77,98010.0,98019.47,576.23792,2024-11-29 15:45:00
1732896000000,98019.46,98343.53,98019.46,98101.0,474.7424,2024-11-29 16:00:00
1732896900000,98100.99,98198.18,97700.0,98198.18,511.74907,2024-11-29 16:15:00
1732897800000,98198.18,98440.0,97801.53,98063.98,656.03451,2024-11-29 16:30:00
1732898700000,98063.99,98079.14,97730.27,97779.99,354.60867,2024-11-29 16:45:00
1732899600000,97779.99,97810.0,97116.17,97143.99,813.82492,2024-11-29 17:00:00
1732900500000,97143.99,97299.38,96952.0,97039.99,616.3668,2024-11-29 17:15:00
1732901400000,97039.99,97375.14,96964.01,97111.47,412.01546,2024-11-29 17:30:00
1732902300000,97111.47,97333.79,96964.01,96968.29,270.81846,2024-11-29 17:45:00
1732903200000,96968.28,97163.03,96853.82,97128.0,276.37879,2024-11-29 18:00:00
1732904100000,97128.0,97283.25,97074.87,97246.93,331.57082,2024-11-29 18:15:00
1732905000000,97246.93,97336.0,97140.01,97252.02,225.07415,2024-11-29 18:30:00
1732905900000,97252.01,97359.36,97108.43,97175.99,165.18713,2024-11-29 18:45:00
1732906800000,97175.99,97190.48,96900.0,96900.0,178.43315,2024-11-29 19:00:00
1732907700000,96900.0,97116.03,96879.53,97088.64,160.05116,2024-11-29 19:15:00
1732908600000,97088.64,97343.18,97066.26,97230.43,214.64159,2024-11-29 19:30:00
1732909500000,97230.44,97481.77,97204.0,97329.73,331.86014,2024-11-29 19:45:00
1732910400000,97329.73,97365.7,97200.0,97356.01,186.96786,2024-11-29 20:00:00
1732911300000,97356.01,97480.0,97320.0,97480.0,194.08113,2024-11-29 20:15:00
1732912200000,97480.0,97624.62,97400.0,97476.0,205.75091,2024-11-29 20:30:00
1732913100000,97476.0,97498.42,97293.24,97307.98,137.67284,2024-11-29 20:45:00
1732914000000,97307.98,97428.0,97270.86,97308.84,101.36359,2024-11-29 21:00:00
1732914900000,97308.84,97328.0,96981.01,97212.02,189.00451,2024-11-29 21:15:00
1732915800000,97212.02,97284.0,97139.43,97263.99,90.31551,2024-11-29 21:30:00
1732916700000,97264.0,97395.97,97263.99,97386.07,121.60773,2024-11-29 21:45:00
1732917600000,97386.07,97421.12,97318.33,97365.14,127.07668,2024-11-29 22:00:00
1732918500000,97365.14,97419.77,97232.0,97330.0,141.12031,2024-11-29 22:15:00
1732919400000,97330.0,97477.01,97330.0,97430.1,84.48219,2024-11-29 22:30:00
1732920300000,97430.1,97468.45,97246.06,97292.69,85.62309,2024-11-29 22:45:00
1732921200000,97292.69,97353.97,97111.47,97238.54,344.11092,2024-11-29 23:00:00
1732922100000,97238.54,97343.99,97208.0,97264.01,243.73603,2024-11-29 23:15:00
1732923000000,97264.01,97411.55,97261.05,97355.73,156.12842,2024-11-29 23:30:00
1732923900000,97355.74,97486.27,97287.6,97460.0,151.61277,2024-11-29 23:45:00
1732924800000,97460.0,97463.95,97224.01,97236.36,137.8746,2024-11-30 00:00:00
1732925700000,97236.36,97361.65,97189.85,97248.18,238.06045,2024-11-30 00:15:00
1732926600000,97248.18,97268.44,96956.0,96984.01,197.62161,2024-11-30 00:30:00
1732927500000,96984.01,97077.05,96946.06,96968.06,140.39554,2024-11-30 00:45:00
1732928400000,96968.06,96968.07,96749.25,96782.01,184.70019,2024-11-30 01:00:00
1732929300000,96782.02,96800.0,96621.39,96700.78,269.73943,2024-11-30 01:15:00
1732930200000,96700.78,96853.4,96647.97,96660.01,264.53333,2024-11-30 01:30:00
1732931100000,96660.0,96735.63,96425.21,96425.22,253.95073,2024-11-30 01:45:00
1732932000000,96425.22,96593.34,96309.85,96580.0,264.20173,2024-11-30 02:00:00
1732932900000,96580.0,96587.17,96416.01,96557.15,228.79492,2024-11-30 02:15:00
1732933800000,96557.16,96703.68,96469.4,96539.99,131.25208,2024-11-30 02:30:00
1732934700000,96539.99,96675.58,96516.0,96609.21,99.85894,2024-11-30 02:45:00
1732935600000,96609.2,96708.44,96551.71,96690.31,149.9125,2024-11-30 03:00:00
1732936500000,96689.56,96689.56,96394.56,96447.64,208.13677,2024-11-30 03:15:00
1732937400000,96447.63,96575.41,96430.0,96563.85,113.95335,2024-11-30 03:30:00
1732938300000,96563.85,96669.0,96510.59,96640.02,169.58823,2024-11-30 03:45:00
1732939200000,96640.02,96730.66,96621.12,96670.25,102.13631,2024-11-30 04:00:00
1732940100000,96670.26,96729.21,96611.32,96611.33,85.69987,2024-11-30 04:15:00
1732941000000,96611.33,96640.0,96532.7,96619.05,82.02488,2024-11-30 04:30:00
1732941900000,96619.04,96694.14,96619.04,96680.18,106.54254,2024-11-30 04:45:00
1732942800000,96680.18,96790.84,96680.17,96775.99,134.72934,2024-11-30 05:00:00
1732943700000,96775.99,96884.0,96775.99,96811.99,99.57861,2024-11-30 05:15:00
1732944600000,96811.99,96825.56,96700.0,96805.08,159.61736,2024-11-30 05:30:00
1732945500000,96805.09,97183.51,96800.0,97102.32,242.56699,2024-11-30 05:45:00
1732946400000,97102.33,97234.02,96836.01,96865.97,696.74811,2024-11-30 06:00:00
1732947300000,96865.97,97016.0,96658.99,96862.76,381.00654,2024-11-30 06:15:00
1732948200000,96862.77,96960.9,96733.0,96949.29,244.39915,2024-11-30 06:30:00
1732949100000,96949.29,96979.8,96602.0,96639.66,249.79579,2024-11-30 06:45:00
1732950000000,96639.67,96803.99,96550.25,96764.43,364.20788,2024-11-30 07:00:00
1732950900000,96764.44,96824.0,96717.91,96732.87,115.53683,2024-11-30 07:15:00
1732951800000,96732.87,96897.95,96724.0,96867.87,150.04741,2024-11-30 07:30:00
1732952700000,96867.86,96920.0,96770.0,96783.38,182.75353,2024-11-30 07:45:00
1732953600000,96783.38,96841.27,96699.97,96841.26,172.56675,2024-11-30 08:00:00
1732954500000,96841.26,96968.78,96840.9,96953.04,144.76853,2024-11-30 08:15:00
1732955400000,96953.03,96953.04,96800.92,96902.49,145.3006,2024-11-30 08:30:00
1732956300000,96902.49,96958.91,96892.0,96953.49,108.96455,2024-11-30 08:45:00
1732957200000,96953.48,96953.49,96725.83,96775.99,162.75136,2024-11-30 09:00:00
1732958100000,96776.0,96783.14,96669.9,96669.91,136.15435,2024-11-30 09:15:00
1732959000000,96669.91,96676.0,96617.05,96666.31,126.88837,2024-11-30 09:30:00
1732959900000,96666.31,96800.0,96665.17,96779.98,83.25011,2024-11-30 09:45:00
1732960800000,96779.98,96802.79,96694.61,96774.31,122.18327,2024-11-30 10:00:00
1732961700000,96774.3,96774.31,96456.0,96500.0,236.38875,2024-11-30 10:15:00
1732962600000,96500.0,96515.68,96358.5,96386.81,212.61203,2024-11-30 10:30:00
1732963500000,96386.8,96401.87,96121.0,96137.48,266.50079,2024-11-30 10:45:00
1732964400000,96137.48,96320.0,96092.01,96275.88,229.16122,2024-11-30 11:00:00
1732965300000,96275.89,96362.74,96275.88,96362.73,110.61556,2024-11-30 11:15:00
1732966200000,96362.73,96444.0,96288.0,96311.01,119.84404,2024-11-30 11:30:00
1732967100000,96311.01,96332.0,96245.31,96267.99,67.6651,2024-11-30 11:45:00
1732968000000,96267.99,96390.0,96242.14,96366.01,72.1108,2024-11-30 12:00:00
1732968900000,96366.0,96508.77,96342.96,96483.0,96.40802,2024-11-30 12:15:00
1732969800000,96482.99,96561.23,96468.3,96512.22,79.46405,2024-11-30 12:30:00
1732970700000,96512.22,96563.98,96460.24,96553.23,171.03086,2024-11-30 12:45:00
1732971600000,96553.23,96637.98,96525.24,96637.98,173.53407,2024-11-30 13:00:00
1732972500000,96637.98,96682.54,96588.01,96588.02,170.03314,2024-11-30 13:15:00
1732973400000,96588.02,96672.7,96545.61,96602.18,154.67127,2024-11-30 13:30:00
1732974300000,96602.18,96643.95,96404.0,96405.34,119.73022,2024-11-30 13:45:00
1732975200000,96405.34,96619.05,96308.0,96589.22,152.61992,2024-11-30 14:00:00
1732976100000,96589.23,96659.99,96564.0,96634.51,119.47318,2024-11-30 14:15:00
1732977000000,96634.52,96720.0,96545.03,96628.99,135.74129,2024-11-30 14:30:00
1732977900000,96628.99,96628.99,96405.65,96462.64,153.48637,2024-11-30 14:45:00
1732978800000,96462.65,96638.74,96403.2,96602.5,126.08791,2024-11-30 15:00:00
1732979700000,96602.51,96659.5,96532.0,96659.5,133.45453,2024-11-30 15:15:00
1732980600000,96659.49,96691.69,96602.01,96634.28,117.43398,2024-11-30 15:30:00
1732981500000,96634.28,96732.15,96602.67,96645.41,85.14427,2024-11-30 15:45:00
1732982400000,96645.42,96757.06,96615.52,96652.01,106.03529,2024-11-30 16:00:00
1732983300000,96652.0,96652.01,96542.7,96555.42,241.85001,2024-11-30 16:15:00
1732984200000,96555.42,96635.13,96531.35,96600.0,173.06312,2024-11-30 16:30:00
1732985100000,96599.99,96960.0,96599.99,96871.31,203.06441,2024-11-30 16:45:00
1732986000000,96871.31,96964.0,96825.02,96831.92,135.92532,2024-11-30 17:00:00
1732986900000,96831.92,96935.95,96803.94,96869.71,113.49308,2024-11-30 17:15:00
1732987800000,96869.71,96913.71,96804.5,96832.0,110.23904,2024-11-30 17:30:00
1732988700000,96831.99,96850.0,96777.77,96780.38,54.88619,2024-11-30 17:45:00
1732989600000,96780.38,96898.29,96780.37,96852.06,79.00552,2024-11-30 18:00:00
1732990500000,96852.06,96895.99,96764.5,96848.0,94.4098,2024-11-30 18:15:00
1732991400000,96848.0,96884.0,96792.0,96852.85,50.18389,2024-11-30 18:30:00
1732992300000,96852.85,97010.0,96822.21,96966.37,141.39364,2024-11-30 18:45:00
1732993200000,96966.37,97000.34,96910.93,96911.62,148.86002,2024-11-30 19:00:00
1732994100000,96911.63,96954.03,96876.51,96912.09,61.35645,2024-11-30 19:15:00
1732995000000,96912.1,97062.5,96884.0,97056.2,52.57846,2024-11-30 19:30:00
1732995900000,97056.2,97056.2,96980.33,97019.68,56.24678,2024-11-30 19:45:00
1732996800000,97019.69,97040.0,96956.14,97040.0,62.5425,2024-11-30 20:00:00
1732997700000,97040.0,97040.0,96933.9,96933.91,86.16463,2024-11-30 20:15:00
1732998600000,96933.9,96942.0,96834.05,96855.48,146.84198,2024-11-30 20:30:00
1732999500000,96855.49,96968.0,96824.78,96967.99,68.09493,2024-11-30 20:45:00
1733000400000,96967.99,96977.69,96832.23,96871.37,55.40642,2024-11-30 21:00:00
1733001300000,96871.37,96888.0,96800.0,96818.34,53.11703,2024-11-30 21:15:00
1733002200000,96818.33,96854.15,96772.35,96854.12,69.35235,2024-11-30 21:30:00
1733003100000,96854.12,96895.99,96792.02,96792.02,129.96333,2024-11-30 21:45:00
1733004000000,96792.03,96831.84,96716.48,96787.99,210.13786,2024-11-30 22:00:00
1733004900000,96787.99,96787.99,96657.25,96657.25,124.8637,2024-11-30 22:15:00
1733005800000,96657.25,96657.26,96544.22,96602.0,108.24835,2024-11-30 22:30:00
1733006700000,96602.01,96602.01,96344.0,96466.11,200.30476,2024-11-30 22:45:00
1733007600000,96466.11,96592.0,96420.0,96449.83,93.28695,2024-11-30 23:00:00
1733008500000,96449.83,96469.34,96320.99,96321.0,97.26351,2024-11-30 23:15:00
1733009400000,96321.0,96482.49,96320.99,96482.49,112.73507,2024-11-30 23:30:00
1733010300000,96482.49,96490.74,96350.0,96407.99,106.91387,2024-11-30 23:45:00
