timestamp,open,high,low,close,volume,datetime
1711929600000,71280.0,71288.23,71107.71,71140.01,377.63986,2024-04-01 00:00:00
1711930500000,71140.0,71184.3,71065.4,71078.0,247.82029,2024-04-01 00:15:00
1711931400000,71077.99,71117.82,70844.14,70919.74,261.39471,2024-04-01 00:30:00
1711932300000,70919.75,71152.87,70880.0,71152.86,229.80483,2024-04-01 00:45:00
1711933200000,71152.86,71172.08,71010.0,71057.44,148.27364,2024-04-01 01:00:00
1711934100000,71057.45,71087.9,70941.18,70948.26,233.9215,2024-04-01 01:15:00
1711935000000,70948.27,71082.0,70818.75,70844.2,240.12137,2024-04-01 01:30:00
1711935900000,70844.19,70908.0,70794.12,70819.25,260.07094,2024-04-01 01:45:00
1711936800000,70819.26,70880.0,70786.0,70823.93,169.42657,2024-04-01 02:00:00
1711937700000,70823.94,70894.12,70801.04,70831.88,186.36751,2024-04-01 02:15:00
1711938600000,70831.89,70849.99,70759.39,70849.98,163.82151,2024-04-01 02:30:00
1711939500000,70849.98,70902.8,70849.98,70866.98,108.86775,2024-04-01 02:45:00
1711940400000,70866.99,70880.0,70705.88,70705.89,103.94223,2024-04-01 03:00:00
1711941300000,70705.89,70785.73,70556.15,70606.14,268.67692,2024-04-01 03:15:00
1711942200000,70606.13,70638.21,70520.51,70562.41,205.50078,2024-04-01 03:30:00
1711943100000,70562.41,70666.55,70562.4,70588.01,155.16376,2024-04-01 03:45:00
1711944000000,70588.01,70648.83,70560.0,70621.2,159.71163,2024-04-01 04:00:00
1711944900000,70621.21,70647.29,70503.92,70601.54,246.33342,2024-04-01 04:15:00
1711945800000,70601.54,70601.76,70490.58,70492.01,171.18712,2024-04-01 04:30:00
1711946700000,70492.01,70531.48,70417.61,70429.99,172.39467,2024-04-01 04:45:00
1711947600000,70429.98,70515.6,70343.29,70449.42,288.04884,2024-04-01 05:00:00
1711948500000,70449.42,70486.51,70345.74,70377.99,240.94848,2024-04-01 05:15:00
1711949400000,70377.99,70400.0,70101.0,70158.01,443.60757,2024-04-01 05:30:00
1711950300000,70158.0,70158.01,69000.0,69167.48,2962.12603,2024-04-01 05:45:00
1711951200000,69167.47,69388.15,68888.0,69272.14,1617.84837,2024-04-01 06:00:00
1711952100000,69272.15,69501.49,69269.72,69365.99,707.26808,2024-04-01 06:15:00
1711953000000,69365.99,69658.05,69300.33,69640.01,673.30981,2024-04-01 06:30:00
1711953900000,69640.01,69671.64,69486.61,69614.96,473.98046,2024-04-01 06:45:00
1711954800000,69614.96,69786.0,69520.0,69702.05,490.75249,2024-04-01 07:00:00
1711955700000,69702.05,69728.97,69640.03,69704.01,388.80657,2024-04-01 07:15:00
1711956600000,69704.01,69760.0,69522.57,69568.32,419.29733,2024-04-01 07:30:00
1711957500000,69568.31,69723.53,69555.78,69594.94,300.87775,2024-04-01 07:45:00
1711958400000,69594.94,69594.94,69389.93,69474.01,500.36953,2024-04-01 08:00:00
1711959300000,69474.01,69552.0,69300.34,69378.01,430.28023,2024-04-01 08:15:00
1711960200000,69378.01,69545.0,69165.35,69519.79,575.63636,2024-04-01 08:30:00
1711961100000,69519.79,69593.75,69366.22,69388.64,347.38795,2024-04-01 08:45:00
1711962000000,69388.64,69616.65,69388.64,69586.01,313.6437,2024-04-01 09:00:00
1711962900000,69586.01,69586.01,69460.58,69479.74,241.58553,2024-04-01 09:15:00
1711963800000,69479.74,69505.97,69421.98,69428.92,222.86396,2024-04-01 09:30:00
1711964700000,69428.92,69539.0,69395.0,69395.0,217.37565,2024-04-01 09:45:00
1711965600000,69395.0,69490.0,69350.01,69468.96,255.98653,2024-04-01 10:00:00
1711966500000,69468.97,69478.44,69280.01,69327.24,276.69761,2024-04-01 10:15:00
1711967400000,69327.23,69474.99,69293.01,69424.0,199.58112,2024-04-01 10:30:00
1711968300000,69424.0,69577.14,69424.0,69554.01,191.95551,2024-04-01 10:45:00
1711969200000,69554.0,69799.98,69532.12,69724.0,323.42335,2024-04-01 11:00:00
1711970100000,69724.01,69760.0,69582.54,69588.08,260.65401,2024-04-01 11:15:00
1711971000000,69588.07,69588.08,69440.0,69510.96,254.29638,2024-04-01 11:30:00
1711971900000,69510.96,69570.83,69455.79,69460.01,174.0074,2024-04-01 11:45:00
1711972800000,69460.0,69621.4,69400.69,69602.1,233.80959,2024-04-01 12:00:00
1711973700000,69602.11,69740.0,69582.01,69731.68,239.05943,2024-04-01 12:15:00
1711974600000,69731.67,69804.14,69672.46,69737.27,189.65071,2024-04-01 12:30:00
1711975500000,69737.26,69841.13,69686.05,69841.13,211.05197,2024-04-01 12:45:00
1711976400000,69841.13,69911.76,69764.71,69805.59,290.36591,2024-04-01 13:00:00
1711977300000,69805.6,70020.0,69654.22,70015.99,418.62056,2024-04-01 13:15:00
1711978200000,70015.99,70080.0,69780.06,69965.33,704.52344,2024-04-01 13:30:00
1711979100000,69965.32,70065.91,69776.92,69880.0,325.5128,2024-04-01 13:45:00
1711980000000,69880.0,69933.93,69628.05,69680.0,399.48061,2024-04-01 14:00:00
1711980900000,69679.99,69757.67,69380.0,69389.38,663.36721,2024-04-01 14:15:00
1711981800000,69389.38,69447.76,69014.0,69038.21,1144.99921,2024-04-01 14:30:00
1711982700000,69038.22,69202.28,68611.45,68906.07,1486.60266,2024-04-01 14:45:00
1711983600000,68906.07,69021.66,68161.48,68470.62,2220.81955,2024-04-01 15:00:00
1711984500000,68470.62,68882.35,68301.0,68816.0,1140.92953,2024-04-01 15:15:00
1711985400000,68816.0,68825.77,68548.01,68625.31,577.21624,2024-04-01 15:30:00
1711986300000,68625.31,68784.99,68185.95,68237.15,764.89538,2024-04-01 15:45:00
1711987200000,68237.15,68500.0,68062.86,68387.37,865.13384,2024-04-01 16:00:00
1711988100000,68387.38,68728.23,68226.32,68657.99,522.45655,2024-04-01 16:15:00
1711989000000,68657.99,68689.96,68503.37,68646.52,395.74318,2024-04-01 16:30:00
1711989900000,68646.51,68784.53,68566.16,68566.16,360.75336,2024-04-01 16:45:00
1711990800000,68566.17,68670.65,68414.93,68536.7,273.93208,2024-04-01 17:00:00
1711991700000,68536.7,68621.57,68323.85,68451.82,368.61136,2024-04-01 17:15:00
1711992600000,68451.82,68524.73,68201.12,68466.35,410.59528,2024-04-01 17:30:00
1711993500000,68466.35,68752.03,68382.01,68750.01,610.81432,2024-04-01 17:45:00
1711994400000,68750.0,68750.01,68450.0,68511.19,716.82029,2024-04-01 18:00:00
1711995300000,68511.18,68750.0,68511.18,68749.99,242.35487,2024-04-01 18:15:00
1711996200000,68750.0,68851.99,68680.0,68750.97,280.29479,2024-04-01 18:30:00
1711997100000,68750.97,68980.25,68737.99,68927.1,379.40829,2024-04-01 18:45:00
1711998000000,68927.1,69120.0,68884.91,69060.61,1044.77736,2024-04-01 19:00:00
1711998900000,69060.61,69540.0,69054.46,69349.99,839.9672,2024-04-01 19:15:00
1711999800000,69349.99,69472.77,69208.12,69323.96,459.97807,2024-04-01 19:30:00
1712000700000,69323.96,69816.24,69309.4,69648.01,570.89655,2024-04-01 19:45:00
1712001600000,69648.01,69785.34,69447.77,69494.0,453.37139,2024-04-01 20:00:00
1712002500000,69494.0,69562.7,69327.66,69416.04,229.12929,2024-04-01 20:15:00
1712003400000,69416.03,69590.58,69372.04,69547.89,298.35106,2024-04-01 20:30:00
1712004300000,69547.88,69730.07,69528.01,69730.06,299.6677,2024-04-01 20:45:00
1712005200000,69730.06,69816.86,69552.48,69740.0,340.68024,2024-04-01 21:00:00
1712006100000,69740.01,69837.5,69650.0,69737.6,201.25403,2024-04-01 21:15:00
1712007000000,69737.61,69900.0,69631.11,69699.99,337.01525,2024-04-01 21:30:00
1712007900000,69699.99,69708.27,69552.1,69586.0,134.78486,2024-04-01 21:45:00
1712008800000,69585.99,69758.33,69577.96,69721.61,275.24466,2024-04-01 22:00:00
1712009700000,69721.61,69739.99,69589.34,69739.98,252.04601,2024-04-01 22:15:00
1712010600000,69739.98,69834.0,69671.64,69814.43,425.32445,2024-04-01 22:30:00
1712011500000,69814.42,69853.87,69710.2,69711.79,276.30306,2024-04-01 22:45:00
1712012400000,69711.8,69847.05,69650.0,69800.85,199.52126,2024-04-01 23:00:00
1712013300000,69800.85,69816.0,69749.1,69761.39,83.34493,2024-04-01 23:15:00
1712014200000,69761.39,69876.04,69758.99,69769.93,157.61098,2024-04-01 23:30:00
1712015100000,69769.93,69847.58,69634.7,69649.8,225.17142,2024-04-01 23:45:00
1712016000000,69649.81,69674.23,69456.66,69577.02,472.62631,2024-04-02 00:00:00
1712016900000,69577.02,69620.0,69282.19,69410.81,356.43447,2024-04-02 00:15:00
1712017800000,69410.81,69484.0,69040.0,69149.25,450.08981,2024-04-02 00:30:00
1712018700000,69149.25,69414.54,69080.0,69349.08,175.16646,2024-04-02 00:45:00
1712019600000,69349.08,69600.0,69250.0,69506.58,273.14499,2024-04-02 01:00:00
1712020500000,69506.59,69547.5,69354.47,69380.08,161.66614,2024-04-02 01:15:00
1712021400000,69380.08,69523.34,69360.0,69459.96,205.14405,2024-04-02 01:30:00
1712022300000,69459.95,69507.5,69330.0,69391.12,156.92489,2024-04-02 01:45:00
1712023200000,69391.12,69417.23,69178.44,69240.01,312.96823,2024-04-02 02:00:00
1712024100000,69240.01,69268.0,68436.93,68447.76,828.44233,2024-04-02 02:15:00
1712025000000,68447.76,68536.0,66000.0,66696.0,5198.75291,2024-04-02 02:30:00
1712025900000,66685.04,67195.6,66572.57,66996.0,2483.95611,2024-04-02 02:45:00
1712026800000,66996.01,67278.78,66831.12,67018.99,1221.12513,2024-04-02 03:00:00
1712027700000,67018.99,67075.52,66509.68,66952.0,1185.99846,2024-04-02 03:15:00
1712028600000,66952.0,66972.0,66620.0,66642.54,718.11766,2024-04-02 03:30:00
1712029500000,66642.54,66861.25,66581.37,66703.97,526.99266,2024-04-02 03:45:00
1712030400000,66703.97,66940.0,66384.0,66536.14,711.56929,2024-04-02 04:00:00
1712031300000,66536.14,66710.0,66322.24,66659.92,671.13142,2024-04-02 04:15:00
1712032200000,66659.92,66874.99,66558.45,66651.34,737.46471,2024-04-02 04:30:00
1712033100000,66651.34,66681.28,66428.58,66592.08,570.96343,2024-04-02 04:45:00
1712034000000,66592.09,66781.67,66518.37,66557.74,524.06934,2024-04-02 05:00:00
1712034900000,66557.74,66557.75,66120.75,66428.11,884.23272,2024-04-02 05:15:00
1712035800000,66428.1,66571.2,66358.86,66571.2,491.42013,2024-04-02 05:30:00
1712036700000,66571.2,66835.39,66500.0,66764.65,634.96008,2024-04-02 05:45:00
1712037600000,66764.64,66955.65,66700.0,66904.0,565.61674,2024-04-02 06:00:00
1712038500000,66903.99,66963.97,66762.12,66853.35,439.43263,2024-04-02 06:15:00
1712039400000,66853.34,67120.0,66812.0,67075.13,466.49162,2024-04-02 06:30:00
1712040300000,67075.13,67120.0,66830.16,66866.97,436.18897,2024-04-02 06:45:00
1712041200000,66866.97,66893.1,66720.01,66786.69,415.53078,2024-04-02 07:00:00
1712042100000,66786.7,66878.48,66736.78,66744.0,309.39946,2024-04-02 07:15:00
1712043000000,66744.0,66797.75,66478.73,66568.18,488.22794,2024-04-02 07:30:00
1712043900000,66568.19,66607.64,66446.22,66455.5,481.70894,2024-04-02 07:45:00
1712044800000,66455.5,66652.0,66380.11,66400.01,550.65859,2024-04-02 08:00:00
1712045700000,66400.0,66587.18,66300.0,66557.16,480.12091,2024-04-02 08:15:00
1712046600000,66557.15,66705.08,66358.68,66459.97,440.38669,2024-04-02 08:30:00
1712047500000,66459.97,66587.99,66106.58,66240.02,606.07418,2024-04-02 08:45:00
1712048400000,66240.02,66358.4,65746.2,66324.98,1685.60083,2024-04-02 09:00:00
1712049300000,66324.97,66536.05,66011.01,66172.0,959.83193,2024-04-02 09:15:00
1712050200000,66172.01,66227.27,65915.81,66119.99,527.11669,2024-04-02 09:30:00
1712051100000,66119.98,66284.67,66032.0,66080.74,331.49172,2024-04-02 09:45:00
1712052000000,66080.74,66139.37,65876.12,65984.0,594.4713,2024-04-02 10:00:00
1712052900000,65984.01,66280.0,65960.4,66252.15,351.02628,2024-04-02 10:15:00
1712053800000,66252.16,66256.01,65844.47,65947.29,425.02562,2024-04-02 10:30:00
1712054700000,65947.28,66035.15,65454.55,65984.0,1174.02337,2024-04-02 10:45:00
1712055600000,65984.01,66037.97,65613.3,65740.0,572.49845,2024-04-02 11:00:00
1712056500000,65740.01,65843.06,65166.0,65215.99,1271.91591,2024-04-02 11:15:00
1712057400000,65216.0,65536.92,65075.0,65387.99,1756.11566,2024-04-02 11:30:00
1712058300000,65388.0,65646.57,65304.01,65622.69,1310.23909,2024-04-02 11:45:00
1712059200000,65622.69,65800.0,65454.55,65673.96,714.64953,2024-04-02 12:00:00
1712060100000,65673.96,65834.0,65673.95,65778.66,490.27182,2024-04-02 12:15:00
1712061000000,65778.66,65779.99,65515.02,65583.94,612.77051,2024-04-02 12:30:00
1712061900000,65583.93,65591.52,65130.01,65345.59,686.56261,2024-04-02 12:45:00
1712062800000,65345.58,65380.0,65012.0,65333.89,871.67685,2024-04-02 13:00:00
1712063700000,65333.89,65448.84,64782.0,64867.99,1426.52862,2024-04-02 13:15:00
1712064600000,64867.99,65116.1,64588.58,65062.71,1897.69821,2024-04-02 13:30:00
1712065500000,65062.7,65300.0,64901.89,65224.2,1133.23214,2024-04-02 13:45:00
1712066400000,65224.2,65565.99,65170.0,65541.07,973.27725,2024-04-02 14:00:00
1712067300000,65541.07,65895.15,65541.07,65876.0,1166.76675,2024-04-02 14:15:00
1712068200000,65876.0,66249.83,65844.01,66140.12,1934.00041,2024-04-02 14:30:00
1712069100000,66140.13,66140.13,65584.89,65702.31,1169.08357,2024-04-02 14:45:00
1712070000000,65702.31,66111.55,65653.06,65944.0,1129.77107,2024-04-02 15:00:00
1712070900000,65944.0,66019.99,65756.01,65828.58,556.65994,2024-04-02 15:15:00
1712071800000,65828.58,65915.78,65283.49,65602.21,1377.96984,2024-04-02 15:30:00
1712072700000,65602.21,65698.71,64666.81,64890.0,1524.12538,2024-04-02 15:45:00
1712073600000,64889.99,65457.95,64550.0,65447.48,1530.31192,2024-04-02 16:00:00
1712074500000,65447.47,65447.48,64851.52,65291.99,700.17361,2024-04-02 16:15:00
1712075400000,65292.0,65519.48,65144.64,65183.99,582.02027,2024-04-02 16:30:00
1712076300000,65183.99,65750.0,65173.49,65543.91,721.25595,2024-04-02 16:45:00
1712077200000,65543.91,65680.0,65420.94,65492.0,410.51003,2024-04-02 17:00:00
1712078100000,65492.0,65658.87,65275.42,65418.0,540.76972,2024-04-02 17:15:00
1712079000000,65418.0,65555.99,65349.48,65448.01,496.21042,2024-04-02 17:30:00
1712079900000,65448.01,65650.0,65300.01,65608.01,399.1522,2024-04-02 17:45:00
1712080800000,65608.02,65750.0,65386.96,65578.05,775.54126,2024-04-02 18:00:00
1712081700000,65578.04,65750.0,65565.07,65608.06,799.22484,2024-04-02 18:15:00
1712082600000,65608.07,65735.07,65499.91,65692.96,345.63348,2024-04-02 18:30:00
1712083500000,65692.96,66050.0,65680.39,65811.01,1004.59109,2024-04-02 18:45:00
1712084400000,65811.01,66064.01,65809.68,65976.0,733.77763,2024-04-02 19:00:00
1712085300000,65976.0,65991.35,65779.23,65897.84,661.65289,2024-04-02 19:15:00
1712086200000,65897.83,66200.0,65851.07,66165.44,816.0828,2024-04-02 19:30:00
1712087100000,66165.44,66196.09,65914.9,65914.9,964.51094,2024-04-02 19:45:00
1712088000000,65914.91,66117.77,65865.0,66093.04,944.71352,2024-04-02 20:00:00
1712088900000,66093.04,66120.0,65935.49,65998.85,438.10309,2024-04-02 20:15:00
1712089800000,65998.85,66000.08,65780.58,65876.62,443.32347,2024-04-02 20:30:00
1712090700000,65876.62,65901.54,65500.98,65650.43,750.52566,2024-04-02 20:45:00
1712091600000,65650.42,65776.26,65521.46,65716.0,436.09842,2024-04-02 21:00:00
1712092500000,65715.99,65821.14,65235.02,65405.07,702.92771,2024-04-02 21:15:00
1712093400000,65405.07,65779.22,65200.0,65741.95,517.38539,2024-04-02 21:30:00
1712094300000,65741.94,65741.95,65495.98,65692.78,286.05992,2024-04-02 21:45:00
1712095200000,65692.77,65738.81,65564.24,65723.4,266.0261,2024-04-02 22:00:00
1712096100000,65723.4,65793.3,65603.6,65708.0,182.30173,2024-04-02 22:15:00
1712097000000,65707.99,65802.22,65672.4,65789.43,127.36234,2024-04-02 22:30:00
1712097900000,65789.43,65933.76,65746.0,65815.96,197.40389,2024-04-02 22:45:00
1712098800000,65815.96,65830.0,65675.59,65725.27,148.75631,2024-04-02 23:00:00
1712099700000,65725.27,65828.0,65561.06,65593.11,175.10818,2024-04-02 23:15:00
1712100600000,65593.11,65598.2,65360.0,65488.77,239.1579,2024-04-02 23:30:00
1712101500000,65488.76,65557.48,65401.4,65463.99,205.55472,2024-04-02 23:45:00
1712102400000,65463.99,65610.0,65326.64,65343.99,440.49393,2024-04-03 00:00:00
1712103300000,65344.0,65574.2,65064.52,65100.0,793.16218,2024-04-03 00:15:00
1712104200000,65099.99,65230.95,64493.07,65179.08,1741.48482,2024-04-03 00:30:00
1712105100000,65179.09,65451.61,65179.08,65387.99,1140.18733,2024-04-03 00:45:00
1712106000000,65388.0,65391.97,65090.0,65264.0,810.59365,2024-04-03 01:00:00
1712106900000,65263.99,65568.96,65263.99,65421.9,486.31478,2024-04-03 01:15:00
1712107800000,65421.91,65612.9,65362.96,65452.0,507.04319,2024-04-03 01:30:00
1712108700000,65451.99,65930.51,65440.01,65792.43,564.56398,2024-04-03 01:45:00
1712109600000,65792.42,66052.0,65788.52,65816.01,518.60114,2024-04-03 02:00:00
1712110500000,65816.0,65929.59,65683.74,65890.14,437.56253,2024-04-03 02:15:00
1712111400000,65890.13,65912.0,65758.8,65795.28,311.3212,2024-04-03 02:30:00
1712112300000,65795.28,65964.0,65795.27,65906.49,333.742,2024-04-03 02:45:00
1712113200000,65906.49,65922.37,65764.0,65843.75,277.56023,2024-04-03 03:00:00
1712114100000,65843.75,66100.0,65826.75,65833.31,410.56281,2024-04-03 03:15:00
1712115000000,65833.31,66067.25,65826.6,66060.1,185.80895,2024-04-03 03:30:00
1712115900000,66060.1,66288.88,65952.01,66225.79,392.12691,2024-04-03 03:45:00
1712116800000,66225.79,66361.63,66188.0,66214.8,317.43415,2024-04-03 04:00:00
1712117700000,66214.8,66346.92,66120.0,66331.14,419.08137,2024-04-03 04:15:00
1712118600000,66331.15,66478.59,66216.0,66240.0,415.64939,2024-04-03 04:30:00
1712119500000,66240.01,66352.15,66234.94,66320.41,197.89272,2024-04-03 04:45:00
1712120400000,66320.41,66363.64,66199.99,66227.99,394.48666,2024-04-03 05:00:00
1712121300000,66228.0,66228.0,66040.0,66136.41,241.11844,2024-04-03 05:15:00
1712122200000,66136.41,66136.41,65921.05,66003.31,355.14007,2024-04-03 05:30:00
1712123100000,66003.34,66092.0,65920.0,66077.1,223.47401,2024-04-03 05:45:00
1712124000000,66077.11,66243.39,66052.0,66150.2,209.76772,2024-04-03 06:00:00
1712124900000,66150.19,66335.77,66120.0,66293.11,307.36578,2024-04-03 06:15:00
1712125800000,66293.12,66354.41,66210.62,66227.01,197.83534,2024-04-03 06:30:00
1712126700000,66227.01,66377.0,66227.0,66350.79,166.67722,2024-04-03 06:45:00
1712127600000,66350.79,66446.41,66168.55,66432.01,304.24082,2024-04-03 07:00:00
1712128500000,66432.01,66483.87,66270.0,66285.78,215.13948,2024-04-03 07:15:00
1712129400000,66285.79,66349.26,66173.3,66317.21,211.17835,2024-04-03 07:30:00
1712130300000,66317.21,66330.86,66113.31,66135.99,345.32796,2024-04-03 07:45:00
1712131200000,66135.98,66138.0,65990.0,66085.39,322.80604,2024-04-03 08:00:00
1712132100000,66085.39,66225.8,66065.1,66156.56,329.77844,2024-04-03 08:15:00
1712133000000,66156.56,66642.36,66156.55,66548.4,914.53935,2024-04-03 08:30:00
1712133900000,66548.39,66630.87,66436.01,66518.04,415.20763,2024-04-03 08:45:00
1712134800000,66518.05,66637.43,66400.01,66424.41,433.70599,2024-04-03 09:00:00
1712135700000,66424.41,66471.27,66383.58,66448.51,286.39101,2024-04-03 09:15:00
1712136600000,66448.51,66527.2,66363.64,66422.54,348.65344,2024-04-03 09:30:00
1712137500000,66422.55,66617.02,66333.0,66484.58,399.0511,2024-04-03 09:45:00
1712138400000,66484.57,66519.79,66332.0,66356.0,256.5774,2024-04-03 10:00:00
1712139300000,66356.01,66428.57,66278.43,66300.9,327.18999,2024-04-03 10:15:00
1712140200000,66300.89,66355.87,66020.0,66116.0,467.18712,2024-04-03 10:30:00
1712141100000,66116.0,66200.0,66039.99,66197.62,451.97043,2024-04-03 10:45:00
1712142000000,66197.63,66224.0,65538.06,65668.76,704.55057,2024-04-03 11:00:00
1712142900000,65668.76,65901.75,65614.59,65855.99,364.07168,2024-04-03 11:15:00
1712143800000,65855.99,66050.0,65830.03,65945.94,185.23001,2024-04-03 11:30:00
1712144700000,65945.95,66183.78,65871.04,66059.76,283.01406,2024-04-03 11:45:00
1712145600000,66059.75,66220.0,65956.7,66156.0,354.50793,2024-04-03 12:00:00
1712146500000,66155.99,66156.0,65865.39,65909.59,293.52024,2024-04-03 12:15:00
1712147400000,65909.58,65940.0,65729.73,65815.95,369.89867,2024-04-03 12:30:00
1712148300000,65815.95,65927.01,65787.24,65899.99,266.29865,2024-04-03 12:45:00
1712149200000,65900.0,66020.83,65894.0,65946.3,247.39599,2024-04-03 13:00:00
1712150100000,65946.31,65946.31,65650.0,65723.34,311.85246,2024-04-03 13:15:00
1712151000000,65723.34,65957.1,65635.01,65696.99,354.71158,2024-04-03 13:30:00
1712151900000,65696.98,65944.95,65650.0,65804.01,254.11949,2024-04-03 13:45:00
1712152800000,65804.01,66730.0,65804.0,66628.84,1243.15589,2024-04-03 14:00:00
1712153700000,66628.84,66903.63,66419.36,66764.88,876.95866,2024-04-03 14:15:00
1712154600000,66764.87,66796.0,66428.58,66472.68,507.71585,2024-04-03 14:30:00
1712155500000,66472.68,66630.0,66400.0,66627.93,308.99292,2024-04-03 14:45:00
1712156400000,66627.93,66648.0,66315.74,66458.0,339.43633,2024-04-03 15:00:00
1712157300000,66458.01,66512.0,66201.0,66279.43,327.95135,2024-04-03 15:15:00
1712158200000,66279.43,66280.0,65715.67,65844.15,915.66817,2024-04-03 15:30:00
1712159100000,65844.15,65978.72,65780.0,65836.01,351.26046,2024-04-03 15:45:00
1712160000000,65836.02,66090.0,65790.21,66090.0,566.98154,2024-04-03 16:00:00
1712160900000,66090.0,66374.85,66045.98,66357.21,457.05346,2024-04-03 16:15:00
1712161800000,66357.2,66550.0,66261.03,66329.35,678.30631,2024-04-03 16:30:00
1712162700000,66329.35,66383.62,66194.5,66194.5,251.26332,2024-04-03 16:45:00
1712163600000,66194.51,66376.0,66096.78,66259.77,267.24215,2024-04-03 17:00:00
1712164500000,66259.78,66259.78,66011.98,66068.0,194.22521,2024-04-03 17:15:00
1712165400000,66068.0,66068.01,65829.87,66011.97,388.34344,2024-04-03 17:30:00
1712166300000,66011.97,66096.77,65900.0,65952.01,263.19288,2024-04-03 17:45:00
1712167200000,65952.0,65974.02,65663.95,65768.01,441.15872,2024-04-03 18:00:00
1712168100000,65768.01,65846.12,65562.01,65636.67,476.07969,2024-04-03 18:15:00
1712169000000,65636.68,65851.06,65451.62,65851.06,436.12734,2024-04-03 18:30:00
1712169900000,65851.06,66119.68,65806.46,66003.07,430.85135,2024-04-03 18:45:00
1712170800000,66003.08,66150.0,65742.31,65760.0,400.79687,2024-04-03 19:00:00
1712171700000,65759.99,65890.77,65714.29,65863.44,370.52025,2024-04-03 19:15:00
1712172600000,65863.43,65900.0,65720.0,65819.15,382.3342,2024-04-03 19:30:00
1712173500000,65819.15,65930.17,65781.42,65784.0,427.52279,2024-04-03 19:45:00
1712174400000,65784.01,65840.0,65619.35,65752.39,614.5156,2024-04-03 20:00:00
1712175300000,65752.39,65790.0,65704.06,65727.99,594.52592,2024-04-03 20:15:00
1712176200000,65727.99,65728.0,65555.27,65556.15,495.75647,2024-04-03 20:30:00
1712177100000,65556.16,65755.96,65531.92,65712.01,353.89356,2024-04-03 20:45:00
1712178000000,65712.0,65712.01,65476.63,65600.0,346.52891,2024-04-03 21:00:00
1712178900000,65599.99,65798.74,65524.0,65759.01,347.1931,2024-04-03 21:15:00
1712179800000,65759.02,65859.47,65739.99,65747.04,328.9602,2024-04-03 21:30:00
1712180700000,65747.04,65935.48,65747.04,65918.71,278.04479,2024-04-03 21:45:00
1712181600000,65918.71,65996.0,65851.07,65980.02,435.20542,2024-04-03 22:00:00
1712182500000,65980.02,66059.45,65935.73,66024.13,568.9826,2024-04-03 22:15:00
1712183400000,66024.13,66225.8,65960.0,66190.0,596.96061,2024-04-03 22:30:00
1712184300000,66189.99,66243.05,66112.6,66140.0,218.80198,2024-04-03 22:45:00
1712185200000,66140.01,66297.4,66130.23,66235.99,174.59506,2024-04-03 23:00:00
1712186100000,66236.0,66248.0,66130.24,66130.75,126.48385,2024-04-03 23:15:00
1712187000000,66130.75,66188.0,66053.67,66157.23,137.96355,2024-04-03 23:30:00
1712187900000,66157.23,66168.83,65950.0,65963.28,150.49863,2024-04-03 23:45:00
1712188800000,65963.27,66220.0,65824.0,66220.0,319.54299,2024-04-04 00:00:00
1712189700000,66219.99,66313.56,66132.0,66181.26,202.07328,2024-04-04 00:15:00
1712190600000,66181.26,66297.87,66100.0,66256.0,156.55036,2024-04-04 00:30:00
1712191500000,66256.01,66354.83,66232.38,66288.0,149.58966,2024-04-04 00:45:00
1712192400000,66288.0,66289.0,66200.95,66268.01,109.76691,2024-04-04 01:00:00
1712193300000,66268.0,66296.0,66183.24,66198.79,112.24871,2024-04-04 01:15:00
1712194200000,66198.8,66218.0,66032.69,66121.98,190.89091,2024-04-04 01:30:00
1712195100000,66121.98,66199.99,66020.0,66143.99,125.4599,2024-04-04 01:45:00
1712196000000,66143.99,66152.0,65997.02,66066.14,185.77797,2024-04-04 02:00:00
1712196900000,66066.14,66077.63,65600.05,65600.06,548.20367,2024-04-04 02:15:00
1712197800000,65600.06,65740.0,65454.55,65686.17,611.40684,2024-04-04 02:30:00
1712198700000,65686.18,65844.15,65668.0,65744.38,224.65412,2024-04-04 02:45:00
1712199600000,65744.38,65790.0,65584.43,65672.0,245.37382,2024-04-04 03:00:00
1712200500000,65672.0,65796.59,65542.03,65600.68,269.44823,2024-04-04 03:15:00
1712201400000,65600.68,65680.01,65552.94,65602.99,179.47081,2024-04-04 03:30:00
1712202300000,65602.99,65723.11,65601.17,65620.01,139.67633,2024-04-04 03:45:00
1712203200000,65620.0,65699.43,65456.0,65475.25,303.91716,2024-04-04 04:00:00
1712204100000,65475.26,65548.04,65064.52,65299.26,767.26084,2024-04-04 04:15:00
1712205000000,65299.25,65515.88,65200.0,65396.17,357.88769,2024-04-04 04:30:00
1712205900000,65396.17,65546.45,65386.31,65480.41,184.58724,2024-04-04 04:45:00
1712206800000,65480.41,65567.31,65392.43,65534.56,188.62419,2024-04-04 05:00:00
1712207700000,65534.55,65535.99,65412.55,65427.16,151.84442,2024-04-04 05:15:00
1712208600000,65427.16,65540.8,65384.0,65496.01,127.04918,2024-04-04 05:30:00
1712209500000,65496.0,65710.58,65434.39,65591.57,257.75125,2024-04-04 05:45:00
1712210400000,65591.57,65707.72,65548.67,65703.99,154.95838,2024-04-04 06:00:00
1712211300000,65703.99,65705.0,65589.21,65659.57,155.96621,2024-04-04 06:15:00
1712212200000,65659.57,65779.22,65642.0,65735.52,191.54165,2024-04-04 06:30:00
1712213100000,65735.53,65814.69,65700.01,65768.0,148.01129,2024-04-04 06:45:00
1712214000000,65768.01,66054.86,65661.05,66050.0,452.04858,2024-04-04 07:00:00
1712214900000,66050.0,66215.76,65985.64,66160.42,742.20629,2024-04-04 07:15:00
1712215800000,66160.41,66290.32,66061.2,66138.0,287.42742,2024-04-04 07:30:00
1712216700000,66137.99,66138.0,65990.12,66091.6,268.23528,2024-04-04 07:45:00
1712217600000,66091.59,66350.0,66028.0,66350.0,280.79286,2024-04-04 08:00:00
1712218500000,66349.99,66435.02,66256.41,66316.77,407.13013,2024-04-04 08:15:00
1712219400000,66316.77,66354.83,66200.0,66200.0,187.00514,2024-04-04 08:30:00
1712220300000,66200.0,66258.05,66156.72,66220.01,126.87425,2024-04-04 08:45:00
1712221200000,66220.02,66406.55,66220.01,66261.16,252.79927,2024-04-04 09:00:00
1712222100000,66261.16,66300.97,66172.0,66282.14,178.82542,2024-04-04 09:15:00
1712223000000,66282.15,66360.01,66188.0,66268.0,146.94569,2024-04-04 09:30:00
1712223900000,66268.0,66320.4,66234.55,66273.37,128.71394,2024-04-04 09:45:00
1712224800000,66273.38,66304.0,66141.27,66219.59,148.21856,2024-04-04 10:00:00
1712225700000,66219.6,66468.99,66205.2,66364.14,355.64771,2024-04-04 10:15:00
1712226600000,66364.15,66387.09,66281.55,66322.17,171.53972,2024-04-04 10:30:00
1712227500000,66322.16,66425.53,66259.87,66278.62,157.84901,2024-04-04 10:45:00
1712228400000,66278.61,66310.18,66108.85,66142.47,139.33925,2024-04-04 11:00:00
1712229300000,66142.46,66262.62,66125.0,66232.06,166.79398,2024-04-04 11:15:00
1712230200000,66232.05,66431.34,66232.05,66411.8,189.31043,2024-04-04 11:30:00
1712231100000,66411.8,66428.13,66315.1,66353.67,390.8566,2024-04-04 11:45:00
1712232000000,66353.68,66580.96,66330.56,66573.56,638.25754,2024-04-04 12:00:00
1712232900000,66573.57,66630.0,66460.56,66572.01,599.75063,2024-04-04 12:15:00
1712233800000,66572.01,66725.42,66493.51,66721.74,391.20144,2024-04-04 12:30:00
1712234700000,66721.73,66816.66,66607.35,66709.0,481.57898,2024-04-04 12:45:00
1712235600000,66709.0,67018.82,66690.0,67015.64,669.67016,2024-04-04 13:00:00
1712236500000,67015.63,67480.0,66980.87,67288.0,1289.5025,2024-04-04 13:15:00
1712237400000,67288.0,67450.0,67178.42,67351.99,895.36678,2024-04-04 13:30:00
1712238300000,67351.99,67500.0,67210.92,67242.15,605.29305,2024-04-04 13:45:00
1712239200000,67242.14,67757.23,67075.7,67588.45,1073.60664,2024-04-04 14:00:00
1712240100000,67588.46,67662.32,67408.83,67514.0,515.42223,2024-04-04 14:15:00
1712241000000,67513.99,67906.92,67450.62,67892.0,964.98356,2024-04-04 14:30:00
1712241900000,67891.99,67927.69,67630.0,67691.97,830.0473,2024-04-04 14:45:00
1712242800000,67691.98,67735.02,67555.22,67651.32,623.04141,2024-04-04 15:00:00
1712243700000,67651.33,67740.0,67428.57,67594.5,493.30069,2024-04-04 15:15:00
1712244600000,67594.5,67733.71,67444.41,67669.9,326.02279,2024-04-04 15:30:00
1712245500000,67669.9,67808.0,67576.0,67647.99,398.254,2024-04-04 15:45:00
1712246400000,67648.0,67700.0,67526.5,67700.0,283.15565,2024-04-04 16:00:00
1712247300000,67699.99,68188.0,67678.4,67936.02,1004.02655,2024-04-04 16:15:00
1712248200000,67936.02,68021.02,67840.0,67857.16,457.08424,2024-04-04 16:30:00
1712249100000,67857.16,68009.16,67794.42,67807.64,343.41021,2024-04-04 16:45:00
1712250000000,67807.65,67871.73,67721.41,67823.88,336.35636,2024-04-04 17:00:00
1712250900000,67823.88,67876.78,67760.0,67861.0,224.21531,2024-04-04 17:15:00
1712251800000,67861.01,68247.48,67824.93,68067.48,508.72336,2024-04-04 17:30:00
1712252700000,68067.48,68896.1,68055.0,68849.18,1203.08364,2024-04-04 17:45:00
1712253600000,68849.18,69309.91,68705.88,68899.68,1680.22889,2024-04-04 18:00:00
1712254500000,68899.67,69155.83,68792.62,68824.0,859.54474,2024-04-04 18:15:00
1712255400000,68824.0,68966.66,68562.29,68924.01,979.82681,2024-04-04 18:30:00
1712256300000,68924.0,69040.0,68510.63,68593.5,849.08116,2024-04-04 18:45:00
1712257200000,68593.5,68624.0,68334.24,68551.53,727.60749,2024-04-04 19:00:00
1712258100000,68551.53,68840.0,68384.0,68701.32,614.09897,2024-04-04 19:15:00
1712259000000,68701.33,69086.23,68684.06,68747.99,601.79708,2024-04-04 19:30:00
1712259900000,68748.0,68798.31,68350.0,68500.0,610.46613,2024-04-04 19:45:00
1712260800000,68500.0,68551.99,67574.95,67773.26,1690.14763,2024-04-04 20:00:00
1712261700000,67773.25,67773.26,67320.0,67761.37,1309.98599,2024-04-04 20:15:00
1712262600000,67761.37,68089.4,67741.31,67850.27,562.90679,2024-04-04 20:30:00
1712263500000,67850.26,67982.4,67812.01,67931.26,305.31815,2024-04-04 20:45:00
1712264400000,67931.26,68148.69,67827.82,67960.0,316.74948,2024-04-04 21:00:00
1712265300000,67959.99,67960.0,67699.77,67934.85,614.81198,2024-04-04 21:15:00
1712266200000,67934.85,67955.98,67495.0,67643.48,297.07622,2024-04-04 21:30:00
1712267100000,67643.48,67866.65,67600.0,67787.9,173.1633,2024-04-04 21:45:00
1712268000000,67787.91,67821.2,67604.93,67683.6,184.93628,2024-04-04 22:00:00
1712268900000,67683.59,67999.98,67630.0,67925.21,199.04522,2024-04-04 22:15:00
1712269800000,67925.2,68051.94,67899.0,67955.59,149.3194,2024-04-04 22:30:00
1712270700000,67955.59,67999.99,67846.15,67937.05,203.73642,2024-04-04 22:45:00
1712271600000,67937.06,68358.0,67889.2,68283.75,526.63932,2024-04-04 23:00:00
1712272500000,68283.74,68487.93,68270.13,68337.12,368.97074,2024-04-04 23:15:00
1712273400000,68337.11,68493.43,68278.33,68486.01,246.45636,2024-04-04 23:30:00
1712274300000,68486.01,68565.54,68395.59,68487.79,345.12142,2024-04-04 23:45:00
1712275200000,68487.8,68492.6,68320.91,68341.08,339.32618,2024-04-05 00:00:00
1712276100000,68341.08,68399.8,68169.01,68220.01,261.23056,2024-04-05 00:15:00
1712277000000,68220.0,68319.78,68166.66,68304.0,228.46178,2024-04-05 00:30:00
1712277900000,68304.0,68756.67,68301.86,68606.0,346.0687,2024-04-05 00:45:00
1712278800000,68606.01,68615.58,68412.75,68448.01,233.82265,2024-04-05 01:00:00
1712279700000,68448.01,68466.9,67940.63,68074.49,633.45343,2024-04-05 01:15:00
1712280600000,68074.48,68136.68,67760.93,68095.49,545.96171,2024-04-05 01:30:00
1712281500000,68095.49,68199.99,67966.67,68160.0,256.95191,2024-04-05 01:45:00
1712282400000,68160.0,68161.82,67838.34,67956.01,336.28308,2024-04-05 02:00:00
1712283300000,67956.01,68051.94,67727.28,67904.01,342.32106,2024-04-05 02:15:00
1712284200000,67904.01,67976.68,67520.0,67672.38,586.6811,2024-04-05 02:30:00
1712285100000,67672.39,67672.76,67435.67,67600.0,450.33203,2024-04-05 02:45:00
1712286000000,67599.99,67853.89,67570.0,67853.89,292.89698,2024-04-05 03:00:00
1712286900000,67853.88,67998.99,67792.36,67913.99,322.07198,2024-04-05 03:15:00
1712287800000,67913.99,68033.33,67757.62,67820.38,349.06343,2024-04-05 03:30:00
1712288700000,67820.38,67919.16,67700.01,67863.99,249.42864,2024-04-05 03:45:00
1712289600000,67864.0,68028.0,67840.86,68012.01,208.9425,2024-04-05 04:00:00
1712290500000,68012.01,68012.01,67773.92,67796.0,179.21158,2024-04-05 04:15:00
1712291400000,67796.0,67798.0,67571.54,67588.0,254.7417,2024-04-05 04:30:00
1712292300000,67588.0,67684.8,67450.01,67647.99,490.76935,2024-04-05 04:45:00
1712293200000,67648.0,67750.99,67450.0,67455.71,246.4818,2024-04-05 05:00:00
1712294100000,67455.72,67489.97,66380.0,66674.01,1653.76436,2024-04-05 05:15:00
1712295000000,66674.0,66844.0,66520.59,66841.4,347.10943,2024-04-05 05:30:00
1712295900000,66841.4,66935.99,66799.99,66888.04,241.13745,2024-04-05 05:45:00
1712296800000,66888.03,66928.18,66775.97,66906.0,234.06895,2024-04-05 06:00:00
1712297700000,66905.99,66996.12,66770.86,66990.0,213.7365,2024-04-05 06:15:00
1712298600000,66990.0,67179.56,66965.77,67062.94,320.20119,2024-04-05 06:30:00
1712299500000,67062.95,67176.79,67000.01,67140.56,252.72257,2024-04-05 06:45:00
1712300400000,67140.56,67144.55,66894.02,66999.99,282.00445,2024-04-05 07:00:00
1712301300000,67000.0,67090.68,66948.05,67007.38,151.17734,2024-04-05 07:15:00
1712302200000,67007.39,67074.0,66908.0,66921.99,358.94143,2024-04-05 07:30:00
1712303100000,66922.0,66983.65,66832.5,66930.74,223.19868,2024-04-05 07:45:00
1712304000000,66930.75,67361.85,66917.74,67310.0,350.16575,2024-04-05 08:00:00
1712304900000,67310.0,67684.26,67203.57,67408.0,537.66452,2024-04-05 08:15:00
1712305800000,67408.0,67513.05,67216.42,67268.0,260.48699,2024-04-05 08:30:00
1712306700000,67268.0,67366.67,67030.57,67151.21,317.006,2024-04-05 08:45:00
1712307600000,67151.2,67151.21,66753.93,66990.99,406.66253,2024-04-05 09:00:00
1712308500000,66991.0,66991.0,66383.01,66646.0,688.11619,2024-04-05 09:15:00
1712309400000,66646.0,66813.82,66530.73,66733.33,554.43881,2024-04-05 09:30:00
1712310300000,66733.34,66838.0,66632.6,66805.98,247.70871,2024-04-05 09:45:00
1712311200000,66805.99,66966.67,66777.81,66948.77,249.18302,2024-04-05 10:00:00
1712312100000,66948.77,66955.38,66708.01,66853.36,229.03494,2024-04-05 10:15:00
1712313000000,66853.36,67213.84,66808.75,67187.88,456.17899,2024-04-05 10:30:00
1712313900000,67187.88,67203.43,67000.01,67034.65,250.32252,2024-04-05 10:45:00
1712314800000,67034.66,67087.98,66866.66,66923.34,247.42237,2024-04-05 11:00:00
1712315700000,66923.33,66979.72,66778.95,66803.36,231.92786,2024-04-05 11:15:00
1712316600000,66803.35,66889.99,66548.0,66782.13,411.87136,2024-04-05 11:30:00
1712317500000,66782.12,66789.04,66388.0,66478.0,482.54374,2024-04-05 11:45:00
1712318400000,66478.0,66704.66,66183.55,66595.74,895.75758,2024-04-05 12:00:00
1712319300000,66595.74,66808.42,66446.16,66739.35,479.45622,2024-04-05 12:15:00
1712320200000,66739.35,66739.36,65952.56,66398.03,1506.79793,2024-04-05 12:30:00
1712321100000,66398.04,66888.0,66375.75,66883.99,796.84826,2024-04-05 12:45:00
1712322000000,66883.99,66904.96,66524.18,66739.01,589.9165,2024-04-05 13:00:00
1712322900000,66739.0,66962.72,66577.5,66904.01,549.16405,2024-04-05 13:15:00
1712323800000,66904.01,67380.0,66845.25,67314.01,854.7775,2024-04-05 13:30:00
1712324700000,67314.02,67589.61,67234.23,67500.0,651.18104,2024-04-05 13:45:00
1712325600000,67500.01,67929.99,67314.11,67860.01,860.34841,2024-04-05 14:00:00
1712326500000,67860.01,67932.8,67407.87,67555.4,829.39569,2024-04-05 14:15:00
1712327400000,67555.4,68261.41,67460.01,68155.75,992.04373,2024-04-05 14:30:00
1712328300000,68155.75,68566.66,68121.25,68139.39,1134.50895,2024-04-05 14:45:00
1712329200000,68139.39,68252.58,67799.99,67943.56,524.58679,2024-04-05 15:00:00
1712330100000,67943.55,67943.56,67628.2,67724.13,327.18905,2024-04-05 15:15:00
1712331000000,67724.14,68058.49,67633.33,68029.92,390.49014,2024-04-05 15:30:00
1712331900000,68029.91,68268.14,67871.73,68190.62,398.68917,2024-04-05 15:45:00
1712332800000,68190.62,68380.0,68034.84,68046.75,437.25059,2024-04-05 16:00:00
1712333700000,68046.75,68185.0,67913.03,67945.0,378.30135,2024-04-05 16:15:00
1712334600000,67945.0,67995.79,67743.7,67829.94,327.87546,2024-04-05 16:30:00
1712335500000,67829.94,67974.79,67680.0,67953.8,332.21612,2024-04-05 16:45:00
1712336400000,67953.79,67986.83,67700.0,67822.81,245.45004,2024-04-05 17:00:00
1712337300000,67822.82,67878.77,67709.66,67726.75,144.7594,2024-04-05 17:15:00
1712338200000,67726.76,67800.0,67501.01,67559.16,267.23923,2024-04-05 17:30:00
1712339100000,67559.17,67608.0,67358.93,67442.49,411.76708,2024-04-05 17:45:00
1712340000000,67442.49,67727.28,67316.0,67668.01,710.09683,2024-04-05 18:00:00
1712340900000,67668.01,67729.54,67480.43,67480.43,227.11853,2024-04-05 18:15:00
1712341800000,67480.44,67717.11,67433.33,67600.54,287.18067,2024-04-05 18:30:00
1712342700000,67600.54,67651.28,67515.09,67629.02,160.82998,2024-04-05 18:45:00
1712343600000,67629.01,67895.96,67612.43,67704.73,311.22666,2024-04-05 19:00:00
1712344500000,67704.73,67874.89,67701.71,67855.26,222.80321,2024-04-05 19:15:00
1712345400000,67855.25,68096.0,67600.0,67600.01,1107.21242,2024-04-05 19:30:00
1712346300000,67600.01,67747.46,67382.6,67412.4,492.85692,2024-04-05 19:45:00
1712347200000,67412.41,67552.29,67342.0,67496.54,402.945,2024-04-05 20:00:00
1712348100000,67496.55,67620.0,67396.15,67620.0,152.45228,2024-04-05 20:15:00
1712349000000,67619.99,67758.04,67566.66,67642.4,184.69919,2024-04-05 20:30:00
1712349900000,67642.4,67695.29,67587.48,67643.48,173.5012,2024-04-05 20:45:00
1712350800000,67643.48,67700.0,67578.26,67679.1,98.18525,2024-04-05 21:00:00
1712351700000,67679.11,67838.07,67673.56,67791.26,170.09752,2024-04-05 21:15:00
1712352600000,67791.26,67813.62,67611.11,67734.56,276.90403,2024-04-05 21:30:00
1712353500000,67734.57,67792.21,67515.44,67515.45,112.55066,2024-04-05 21:45:00
1712354400000,67515.44,67695.71,67503.31,67640.0,214.16629,2024-04-05 22:00:00
1712355300000,67640.0,67720.93,67625.89,67690.0,112.11695,2024-04-05 22:15:00
1712356200000,67690.01,67779.06,67626.2,67779.06,97.03841,2024-04-05 22:30:00
1712357100000,67779.06,67843.55,67566.67,67628.53,159.05011,2024-04-05 22:45:00
1712358000000,67628.53,67855.0,67628.52,67813.98,140.6351,2024-04-05 23:00:00
1712358900000,67813.97,67851.27,67766.66,67839.1,120.74587,2024-04-05 23:15:00
1712359800000,67839.09,67955.43,67826.0,67917.94,111.90434,2024-04-05 23:30:00
1712360700000,67917.95,67966.67,67752.84,67820.62,189.60423,2024-04-05 23:45:00
1712361600000,67820.63,67863.84,67686.23,67792.2,335.74682,2024-04-06 00:00:00
1712362500000,67792.21,67864.39,67734.46,67864.39,186.55301,2024-04-06 00:15:00
1712363400000,67864.39,68065.2,67864.38,67918.0,219.40796,2024-04-06 00:30:00
1712364300000,67917.99,67997.47,67830.0,67900.57,122.38103,2024-04-06 00:45:00
1712365200000,67900.56,67960.0,67806.52,67818.0,177.52132,2024-04-06 01:00:00
1712366100000,67817.99,67977.73,67813.97,67918.0,116.41806,2024-04-06 01:15:00
1712367000000,67918.0,67932.0,67774.0,67794.46,197.24336,2024-04-06 01:30:00
1712367900000,67794.46,67833.34,67643.47,67689.99,261.78998,2024-04-06 01:45:00
1712368800000,67689.99,67765.77,67659.88,67659.89,244.31133,2024-04-06 02:00:00
1712369700000,67659.88,67721.88,67588.01,67595.6,277.82677,2024-04-06 02:15:00
1712370600000,67595.6,67648.0,67447.83,67492.51,399.91426,2024-04-06 02:30:00
1712371500000,67492.51,67588.3,67492.5,67574.59,114.95536,2024-04-06 02:45:00
1712372400000,67574.6,67746.06,67574.59,67715.65,106.68026,2024-04-06 03:00:00
1712373300000,67715.65,67882.5,67697.77,67742.76,145.1057,2024-04-06 03:15:00
1712374200000,67742.76,67784.99,67633.33,67639.99,146.65444,2024-04-06 03:30:00
1712375100000,67639.99,67812.04,67609.99,67788.01,124.26675,2024-04-06 03:45:00
1712376000000,67788.0,67819.13,67742.19,67776.0,101.06487,2024-04-06 04:00:00
1712376900000,67776.01,67793.4,67669.98,67669.99,185.76788,2024-04-06 04:15:00
1712377800000,67669.99,67789.24,67630.0,67676.09,187.31668,2024-04-06 04:30:00
1712378700000,67676.09,67760.7,67602.0,67735.84,97.27866,2024-04-06 04:45:00
1712379600000,67735.84,67978.0,67720.17,67965.85,181.97929,2024-04-06 05:00:00
1712380500000,67965.85,68033.34,67848.0,67999.99,277.51528,2024-04-06 05:15:00
1712381400000,68000.0,68232.14,67999.99,68093.61,457.57592,2024-04-06 05:30:00
1712382300000,68093.6,68108.62,67943.14,68038.74,196.46932,2024-04-06 05:45:00
1712383200000,68038.75,68059.8,67845.2,67980.0,185.24579,2024-04-06 06:00:00
1712384100000,67980.0,68039.37,67922.08,68008.36,147.12155,2024-04-06 06:15:00
1712385000000,68008.36,68110.0,67984.37,68106.74,113.23769,2024-04-06 06:30:00
1712385900000,68106.75,68162.9,68061.65,68109.42,135.95481,2024-04-06 06:45:00
1712386800000,68109.43,68120.02,67996.3,68055.34,179.16372,2024-04-06 07:00:00
1712387700000,68055.33,68078.78,67960.32,67967.53,154.53779,2024-04-06 07:15:00
1712388600000,67967.54,68008.0,67940.54,67989.14,117.91784,2024-04-06 07:30:00
1712389500000,67989.14,68189.33,67953.15,67992.02,352.28499,2024-04-06 07:45:00
1712390400000,67992.02,68106.88,67947.11,68000.35,222.96824,2024-04-06 08:00:00
1712391300000,68000.36,68000.36,67859.53,67938.0,225.71198,2024-04-06 08:15:00
1712392200000,67938.01,67965.1,67886.42,67909.28,169.35181,2024-04-06 08:30:00
1712393100000,67909.27,68074.56,67909.27,68012.14,157.35839,2024-04-06 08:45:00
1712394000000,68012.15,68120.0,67987.01,68086.85,132.4945,2024-04-06 09:00:00
1712394900000,68086.84,68088.0,67962.01,67962.35,82.21355,2024-04-06 09:15:00
1712395800000,67962.34,67973.22,67830.0,67888.81,206.3745,2024-04-06 09:30:00
1712396700000,67888.81,67923.68,67747.86,67792.0,435.2097,2024-04-06 09:45:00
1712397600000,67792.0,67851.11,67792.0,67851.1,164.86976,2024-04-06 10:00:00
1712398500000,67851.11,67886.37,67800.73,67813.99,118.45265,2024-04-06 10:15:00
1712399400000,67814.0,67823.55,67714.72,67809.21,141.47662,2024-04-06 10:30:00
1712400300000,67809.21,67874.42,67773.91,67842.17,78.56168,2024-04-06 10:45:00
1712401200000,67842.18,67904.35,67717.22,67759.68,135.33504,2024-04-06 11:00:00
1712402100000,67759.68,67800.0,67707.12,67743.93,87.36325,2024-04-06 11:15:00
1712403000000,67743.94,67743.94,67633.33,67711.83,146.55914,2024-04-06 11:30:00
1712403900000,67711.83,67739.08,67615.22,67668.16,138.56076,2024-04-06 11:45:00
1712404800000,67668.16,67750.47,67629.71,67725.46,188.66239,2024-04-06 12:00:00
1712405700000,67725.46,67777.11,67687.81,67777.1,182.1361,2024-04-06 12:15:00
1712406600000,67777.1,67796.69,67663.23,67663.23,175.90886,2024-04-06 12:30:00
1712407500000,67663.24,67741.19,67582.3,67738.37,221.48655,2024-04-06 12:45:00
1712408400000,67738.36,67745.13,67620.0,67707.72,171.19054,2024-04-06 13:00:00
1712409300000,67707.72,67707.73,67570.01,67580.0,153.23651,2024-04-06 13:15:00
1712410200000,67580.0,67708.7,67527.78,67678.0,111.71116,2024-04-06 13:30:00
1712411100000,67678.01,67708.7,67617.03,67699.99,243.78568,2024-04-06 13:45:00
1712412000000,67700.0,67820.23,67684.0,67786.0,183.84187,2024-04-06 14:00:00
1712412900000,67786.01,67895.45,67732.0,67777.12,198.69875,2024-04-06 14:15:00
1712413800000,67777.11,68109.13,67774.0,68011.84,346.5029,2024-04-06 14:30:00
1712414700000,68011.84,68014.48,67950.0,67993.99,161.72326,2024-04-06 14:45:00
1712415600000,67994.0,68299.0,67896.48,68242.12,416.40847,2024-04-06 15:00:00
1712416500000,68242.12,68258.59,68120.57,68120.57,489.82722,2024-04-06 15:15:00
1712417400000,68120.57,68170.85,68057.29,68067.4,182.85035,2024-04-06 15:30:00
1712418300000,68067.39,68164.0,68067.39,68104.0,140.29743,2024-04-06 15:45:00
1712419200000,68104.01,68174.0,67990.6,67998.1,190.70778,2024-04-06 16:00:00
1712420100000,67998.09,68074.0,67948.83,67981.95,140.01935,2024-04-06 16:15:00
1712421000000,67981.95,68023.72,67950.0,67990.02,137.63228,2024-04-06 16:30:00
1712421900000,67990.01,68150.0,67985.59,68143.48,124.62917,2024-04-06 16:45:00
1712422800000,68143.48,68143.48,68039.94,68117.98,117.54519,2024-04-06 17:00:00
1712423700000,68117.97,68238.09,68106.0,68146.36,93.67197,2024-04-06 17:15:00
1712424600000,68146.36,68444.0,68146.35,68413.29,224.16301,2024-04-06 17:30:00
1712425500000,68413.29,68484.09,68180.01,68287.3,384.41582,2024-04-06 17:45:00
1712426400000,68287.3,68379.82,68252.0,68266.67,128.1774,2024-04-06 18:00:00
1712427300000,68266.67,68277.51,68186.0,68259.76,109.02937,2024-04-06 18:15:00
1712428200000,68259.76,68286.8,68163.62,68253.71,143.09145,2024-04-06 18:30:00
1712429100000,68253.72,68311.69,68238.01,68307.28,76.19576,2024-04-06 18:45:00
1712430000000,68307.28,68415.0,68218.0,68305.37,207.91892,2024-04-06 19:00:00
1712430900000,68305.36,68371.63,68279.26,68346.0,77.46929,2024-04-06 19:15:00
1712431800000,68346.0,68415.0,68290.9,68360.54,127.43517,2024-04-06 19:30:00
1712432700000,68360.55,68395.67,68242.24,68259.98,81.01665,2024-04-06 19:45:00
1712433600000,68259.99,68264.0,68166.66,68185.99,123.20592,2024-04-06 20:00:00
1712434500000,68185.99,68296.97,68179.02,68296.81,114.55548,2024-04-06 20:15:00
1712435400000,68296.82,68347.41,68256.01,68312.2,74.47001,2024-04-06 20:30:00
1712436300000,68312.2,68395.0,68266.65,68390.0,125.16968,2024-04-06 20:45:00
1712437200000,68390.0,68434.88,68359.99,68387.4,254.94779,2024-04-06 21:00:00
1712438100000,68387.39,68416.0,68352.0,68415.0,109.62967,2024-04-06 21:15:00
1712439000000,68415.0,68415.0,68349.99,68385.84,131.41293,2024-04-06 21:30:00
1712439900000,68385.84,68385.85,68298.82,68299.65,69.50804,2024-04-06 21:45:00
1712440800000,68299.65,68539.19,68286.33,68489.13,252.63183,2024-04-06 22:00:00
1712441700000,68489.14,68740.0,68412.13,68661.82,254.53897,2024-04-06 22:15:00
1712442600000,68661.82,68771.99,68600.46,68705.43,189.48345,2024-04-06 22:30:00
1712443500000,68705.43,69101.0,68699.99,69056.0,1169.99557,2024-04-06 22:45:00
1712444400000,69056.0,69692.0,69051.62,69556.97,1206.10494,2024-04-06 23:00:00
1712445300000,69556.98,69612.99,69345.5,69410.0,513.13353,2024-04-06 23:15:00
1712446200000,69410.0,69424.0,69025.98,69062.01,416.40272,2024-04-06 23:30:00
1712447100000,69062.01,69095.0,68800.0,68896.0,307.64198,2024-04-06 23:45:00
1712448000000,68896.0,69109.45,68824.19,69109.44,249.91936,2024-04-07 00:00:00
1712448900000,69109.45,69150.0,68824.0,68840.0,208.18186,2024-04-07 00:15:00
1712449800000,68839.99,69087.73,68826.8,69076.62,158.65135,2024-04-07 00:30:00
1712450700000,69076.63,69098.0,68976.57,68999.99,94.9809,2024-04-07 00:45:00
1712451600000,68999.99,69317.43,68998.57,69212.02,201.84565,2024-04-07 01:00:00
1712452500000,69212.02,69600.0,69212.01,69499.99,405.28798,2024-04-07 01:15:00
1712453400000,69500.0,69655.16,69318.0,69415.59,449.54253,2024-04-07 01:30:00
1712454300000,69415.58,69607.88,69340.08,69541.65,336.61258,2024-04-07 01:45:00
1712455200000,69541.65,69777.0,69472.62,69479.99,614.03783,2024-04-07 02:00:00
1712456100000,69479.99,69669.61,69415.58,69643.43,199.18755,2024-04-07 02:15:00
1712457000000,69643.44,69668.88,69384.61,69470.31,158.95455,2024-04-07 02:30:00
1712457900000,69470.31,69543.39,69300.0,69300.0,198.56394,2024-04-07 02:45:00
1712458800000,69300.01,69399.8,69250.0,69298.01,371.4373,2024-04-07 03:00:00
1712459700000,69298.0,69453.31,69298.0,69453.31,178.9151,2024-04-07 03:15:00
1712460600000,69453.31,69476.01,69314.48,69382.01,127.90247,2024-04-07 03:30:00
1712461500000,69382.0,69510.0,69382.0,69408.05,116.29055,2024-04-07 03:45:00
1712462400000,69408.04,69493.98,69272.47,69272.74,127.0582,2024-04-07 04:00:00
1712463300000,69272.75,69313.52,69172.69,69204.0,137.3446,2024-04-07 04:15:00
1712464200000,69203.99,69278.58,69053.97,69221.99,374.55287,2024-04-07 04:30:00
1712465100000,69222.0,69326.66,69220.0,69304.44,126.64727,2024-04-07 04:45:00
1712466000000,69304.44,69464.0,69279.72,69394.31,143.72119,2024-04-07 05:00:00
1712466900000,69394.32,69445.0,69267.07,69388.0,112.63529,2024-04-07 05:15:00
1712467800000,69388.0,69439.86,69332.01,69398.68,134.09667,2024-04-07 05:30:00
1712468700000,69398.69,69435.99,69307.24,69397.76,80.68058,2024-04-07 05:45:00
1712469600000,69397.76,69414.87,69285.71,69341.99,122.16763,2024-04-07 06:00:00
1712470500000,69342.0,69342.0,69190.0,69243.31,171.87526,2024-04-07 06:15:00
1712471400000,69243.31,69298.68,69110.81,69261.77,139.70515,2024-04-07 06:30:00
1712472300000,69261.77,69267.08,69158.0,69244.09,136.63956,2024-04-07 06:45:00
1712473200000,69244.08,69330.0,69213.84,69322.34,134.43168,2024-04-07 07:00:00
1712474100000,69322.34,69432.96,69315.4,69420.0,273.09007,2024-04-07 07:15:00
1712475000000,69420.01,69482.44,69364.63,69374.0,169.08549,2024-04-07 07:30:00
1712475900000,69374.01,69422.16,69340.0,69364.01,123.10545,2024-04-07 07:45:00
1712476800000,69364.0,69478.2,69350.01,69462.01,139.57457,2024-04-07 08:00:00
1712477700000,69462.01,69516.22,69333.72,69482.64,221.76265,2024-04-07 08:15:00
1712478600000,69482.65,69550.0,69482.64,69534.0,156.54771,2024-04-07 08:30:00
1712479500000,69533.99,69555.0,69448.64,69479.99,272.58232,2024-04-07 08:45:00
1712480400000,69479.99,69493.25,69415.58,69493.25,264.06698,2024-04-07 09:00:00
1712481300000,69493.24,69493.25,69365.95,69365.95,112.50765,2024-04-07 09:15:00
1712482200000,69365.95,69386.9,69219.0,69223.99,186.01829,2024-04-07 09:30:00
1712483100000,69224.0,69290.0,69199.01,69289.99,119.41776,2024-04-07 09:45:00
1712484000000,69290.0,69338.26,69236.0,69316.98,96.41455,2024-04-07 10:00:00
1712484900000,69316.98,69430.54,69279.71,69384.01,165.3614,2024-04-07 10:15:00
1712485800000,69384.01,69495.15,69354.0,69469.99,99.04871,2024-04-07 10:30:00
1712486700000,69469.99,69470.0,69317.0,69328.14,118.92717,2024-04-07 10:45:00
1712487600000,69328.14,69370.67,69234.84,69275.51,119.05963,2024-04-07 11:00:00
1712488500000,69275.52,69386.4,69200.0,69340.01,161.12295,2024-04-07 11:15:00
1712489400000,69340.01,69384.97,69267.08,69384.96,109.78662,2024-04-07 11:30:00
1712490300000,69384.96,69407.72,69334.0,69357.0,66.77808,2024-04-07 11:45:00
1712491200000,69357.0,69396.0,69267.07,69293.65,147.49368,2024-04-07 12:00:00
1712492100000,69293.65,69327.67,69210.0,69225.99,136.17318,2024-04-07 12:15:00
1712493000000,69225.99,69399.53,69214.0,69390.8,116.47214,2024-04-07 12:30:00
1712493900000,69390.8,69415.59,69222.22,69335.99,137.40278,2024-04-07 12:45:00
1712494800000,69336.0,69459.07,69322.93,69459.07,110.32199,2024-04-07 13:00:00
1712495700000,69459.07,69464.35,69370.56,69408.74,157.93229,2024-04-07 13:15:00
1712496600000,69408.73,69550.0,69285.71,69357.71,268.50185,2024-04-07 13:30:00
1712497500000,69357.7,69414.0,69349.92,69349.93,135.26062,2024-04-07 13:45:00
1712498400000,69349.93,69374.88,69289.87,69291.0,195.3544,2024-04-07 14:00:00
1712499300000,69291.0,69347.3,69220.0,69290.0,153.58151,2024-04-07 14:15:00
1712500200000,69290.01,69520.45,69256.0,69494.82,274.79541,2024-04-07 14:30:00
1712501100000,69494.83,69664.67,69422.17,69578.44,276.44595,2024-04-07 14:45:00
1712502000000,69578.44,69800.0,69540.09,69800.0,409.835,2024-04-07 15:00:00
1712502900000,69799.99,69886.03,69673.55,69736.0,361.53984,2024-04-07 15:15:00
1712503800000,69736.01,69736.01,69360.44,69584.01,411.69325,2024-04-07 15:30:00
1712504700000,69584.01,69718.92,69402.0,69543.74,216.05265,2024-04-07 15:45:00
1712505600000,69543.73,69989.19,69483.9,69900.0,560.69428,2024-04-07 16:00:00
1712506500000,69900.01,70177.7,69770.0,69964.01,1029.40136,2024-04-07 16:15:00
1712507400000,69964.01,70320.88,69934.0,70156.01,791.30554,2024-04-07 16:30:00
1712508300000,70156.0,70326.29,70032.0,70074.0,460.33868,2024-04-07 16:45:00
1712509200000,70074.01,70112.0,69752.7,69854.06,406.28129,2024-04-07 17:00:00
1712510100000,69854.05,70000.0,69817.9,69872.39,227.64758,2024-04-07 17:15:00
1712511000000,69872.39,69894.0,69658.19,69729.12,242.97772,2024-04-07 17:30:00
1712511900000,69729.12,69836.0,69675.81,69798.01,192.93935,2024-04-07 17:45:00
1712512800000,69798.02,69828.0,69509.99,69540.17,310.58121,2024-04-07 18:00:00
1712513700000,69540.18,69614.0,69510.0,69551.78,194.00094,2024-04-07 18:15:00
1712514600000,69551.78,69554.57,69234.14,69393.16,363.21498,2024-04-07 18:30:00
1712515500000,69393.16,69444.0,69320.01,69390.01,160.09081,2024-04-07 18:45:00
1712516400000,69390.01,69390.01,69282.19,69376.0,174.72248,2024-04-07 19:00:00
1712517300000,69376.0,69508.71,69255.98,69445.68,182.12897,2024-04-07 19:15:00
1712518200000,69445.68,69458.0,69257.52,69273.32,312.89271,2024-04-07 19:30:00
1712519100000,69273.32,69320.0,68849.77,69068.01,756.41342,2024-04-07 19:45:00
1712520000000,69068.01,69240.0,68960.01,69219.57,229.85539,2024-04-07 20:00:00
1712520900000,69219.58,69373.28,69194.0,69329.33,170.02094,2024-04-07 20:15:00
1712521800000,69329.33,69400.0,69310.0,69372.0,111.94563,2024-04-07 20:30:00
1712522700000,69372.0,69403.7,69303.33,69309.69,92.82638,2024-04-07 20:45:00
1712523600000,69309.7,69411.74,69229.74,69343.43,137.75683,2024-04-07 21:00:00
1712524500000,69343.44,69413.1,69234.14,69279.73,109.42734,2024-04-07 21:15:00
1712525400000,69279.73,69331.77,69069.51,69201.21,158.38785,2024-04-07 21:30:00
1712526300000,69201.21,69202.61,69031.29,69031.3,77.59071,2024-04-07 21:45:00
1712527200000,69031.3,69201.22,68901.0,69197.18,277.29332,2024-04-07 22:00:00
1712528100000,69197.19,69254.0,69106.89,69209.99,190.89939,2024-04-07 22:15:00
1712529000000,69210.0,69334.14,69150.2,69313.6,132.31078,2024-04-07 22:30:00
1712529900000,69313.6,69344.4,69183.6,69200.0,99.47444,2024-04-07 22:45:00
1712530800000,69200.0,69453.0,69188.05,69410.35,147.22138,2024-04-07 23:00:00
1712531700000,69410.35,69462.5,69324.0,69339.99,155.27931,2024-04-07 23:15:00
1712532600000,69339.99,69455.99,69284.71,69362.01,286.31753,2024-04-07 23:30:00
1712533500000,69362.02,69477.18,69314.47,69360.39,297.52375,2024-04-07 23:45:00
1712534400000,69360.38,69428.76,69168.29,69395.61,252.62924,2024-04-08 00:00:00
1712535300000,69395.61,69432.0,69179.2,69203.98,172.46581,2024-04-08 00:15:00
1712536200000,69203.98,69320.74,69043.24,69280.95,194.89259,2024-04-08 00:30:00
1712537100000,69280.94,69326.0,69249.99,69325.99,91.35812,2024-04-08 00:45:00
1712538000000,69326.0,69551.78,69285.7,69526.02,200.88921,2024-04-08 01:00:00
1712538900000,69526.02,69841.03,69526.01,69720.0,375.75232,2024-04-08 01:15:00
1712539800000,69720.01,69739.6,69584.7,69704.97,153.43586,2024-04-08 01:30:00
1712540700000,69704.97,69716.6,69350.64,69437.02,197.49111,2024-04-08 01:45:00
1712541600000,69437.03,69437.03,69241.83,69301.98,190.42424,2024-04-08 02:00:00
1712542500000,69301.98,69387.6,69260.0,69315.81,138.91873,2024-04-08 02:15:00
1712543400000,69315.8,69389.93,69179.02,69318.0,134.73492,2024-04-08 02:30:00
1712544300000,69318.01,69330.09,69126.36,69228.0,163.55546,2024-04-08 02:45:00
1712545200000,69228.0,69271.23,69134.99,69264.24,168.89267,2024-04-08 03:00:00
1712546100000,69264.23,69303.3,69212.16,69303.29,126.75637,2024-04-08 03:15:00
1712547000000,69303.29,69445.0,69296.36,69416.01,112.76145,2024-04-08 03:30:00
1712547900000,69416.01,69500.0,69383.21,69458.95,108.60537,2024-04-08 03:45:00
1712548800000,69458.95,69500.0,69319.81,69340.0,112.75128,2024-04-08 04:00:00
1712549700000,69340.0,69374.8,69306.0,69356.56,72.39729,2024-04-08 04:15:00
1712550600000,69356.55,69401.54,69280.0,69401.53,101.14307,2024-04-08 04:30:00
1712551500000,69401.54,69439.7,69366.0,69382.0,71.89121,2024-04-08 04:45:00
1712552400000,69382.01,69645.31,69382.0,69626.0,137.14493,2024-04-08 05:00:00
1712553300000,69626.0,69633.77,69509.2,69526.0,147.48389,2024-04-08 05:15:00
1712554200000,69526.0,69698.02,69525.99,69698.02,121.87364,2024-04-08 05:30:00
1712555100000,69698.01,69801.0,69678.85,69701.99,237.7078,2024-04-08 05:45:00
1712556000000,69702.0,69818.04,69660.0,69742.23,206.61234,2024-04-08 06:00:00
1712556900000,69742.23,69781.73,69660.04,69781.72,157.78937,2024-04-08 06:15:00
1712557800000,69781.72,69786.49,69632.73,69662.19,107.18867,2024-04-08 06:30:00
1712558700000,69662.19,69790.29,69650.0,69790.29,217.47043,2024-04-08 06:45:00
1712559600000,69790.29,69948.0,69790.28,69911.66,278.22235,2024-04-08 07:00:00
1712560500000,69911.67,70140.01,69866.0,70088.43,509.04772,2024-04-08 07:15:00
1712561400000,70088.43,70850.0,70088.4,70650.78,2269.05106,2024-04-08 07:30:00
1712562300000,70650.79,70850.0,70550.75,70698.63,996.11512,2024-04-08 07:45:00
1712563200000,70698.64,71333.0,70642.0,71333.0,1728.53061,2024-04-08 08:00:00
1712564100000,71333.0,71485.0,71050.0,71272.0,1407.85313,2024-04-08 08:15:00
1712565000000,71271.99,71312.0,71065.51,71217.0,621.01171,2024-04-08 08:30:00
1712565900000,71217.01,72111.99,71095.89,71968.0,2861.56042,2024-04-08 08:45:00
1712566800000,71968.0,72130.0,71650.32,71985.58,1504.74432,2024-04-08 09:00:00
1712567700000,71985.59,72650.0,71799.39,72367.99,1894.12278,2024-04-08 09:15:00
1712568600000,72368.0,72474.0,72213.0,72292.48,1151.62196,2024-04-08 09:30:00
1712569500000,72292.48,72346.85,72016.67,72197.25,814.14311,2024-04-08 09:45:00
1712570400000,72197.26,72283.1,71850.81,71971.99,913.24863,2024-04-08 10:00:00
1712571300000,71971.99,72101.0,71792.06,72036.71,727.02869,2024-04-08 10:15:00
1712572200000,72036.71,72278.62,71947.06,72230.43,620.42562,2024-04-08 10:30:00
1712573100000,72230.42,72374.0,72178.27,72323.98,603.87126,2024-04-08 10:45:00
1712574000000,72323.99,72390.33,72218.27,72297.32,558.46661,2024-04-08 11:00:00
1712574900000,72297.31,72647.86,72218.29,72522.08,879.82427,2024-04-08 11:15:00
1712575800000,72522.08,72522.09,72225.0,72316.83,568.84086,2024-04-08 11:30:00
1712576700000,72316.83,72410.0,72219.04,72404.0,728.25856,2024-04-08 11:45:00
1712577600000,72404.0,72797.99,72400.0,72719.99,1045.42173,2024-04-08 12:00:00
1712578500000,72719.99,72720.0,72284.46,72292.43,741.10255,2024-04-08 12:15:00
1712579400000,72292.43,72387.82,72137.48,72346.01,1190.00748,2024-04-08 12:30:00
1712580300000,72346.01,72428.05,72177.74,72180.02,496.68194,2024-04-08 12:45:00
1712581200000,72180.01,72310.01,71995.75,72074.03,704.14765,2024-04-08 13:00:00
1712582100000,72074.04,72235.46,71980.0,72188.64,578.68979,2024-04-08 13:15:00
1712583000000,72188.64,72213.8,71691.35,71977.4,1016.82966,2024-04-08 13:30:00
1712583900000,71977.41,72156.32,71875.78,71944.31,549.33597,2024-04-08 13:45:00
1712584800000,71944.31,71985.38,71572.0,71871.18,701.12627,2024-04-08 14:00:00
1712585700000,71871.17,71896.38,71401.3,71576.07,937.22555,2024-04-08 14:15:00
1712586600000,71576.07,71724.01,71331.13,71392.52,875.0086,2024-04-08 14:30:00
1712587500000,71392.53,71749.02,71245.17,71726.0,787.50275,2024-04-08 14:45:00
1712588400000,71725.99,71968.5,71694.42,71912.0,567.95888,2024-04-08 15:00:00
1712589300000,71912.0,71973.62,71598.45,71654.0,493.36089,2024-04-08 15:15:00
1712590200000,71654.01,71888.01,71598.92,71874.21,364.75674,2024-04-08 15:30:00
1712591100000,71874.21,71987.0,71721.38,71773.98,345.09037,2024-04-08 15:45:00
1712592000000,71773.98,72021.56,71681.52,71832.0,370.6633,2024-04-08 16:00:00
1712592900000,71832.01,71957.3,71556.53,71808.01,379.16308,2024-04-08 16:15:00
1712593800000,71808.0,71977.42,71740.01,71857.99,263.53287,2024-04-08 16:30:00
1712594700000,71858.0,71926.0,71720.0,71740.1,302.13374,2024-04-08 16:45:00
1712595600000,71740.1,71800.0,71574.1,71647.67,254.82197,2024-04-08 17:00:00
1712596500000,71647.67,71685.09,71307.59,71337.62,392.64216,2024-04-08 17:15:00
1712597400000,71337.62,71559.23,71300.0,71518.1,327.21397,2024-04-08 17:30:00
1712598300000,71518.11,71779.82,71498.62,71699.23,301.31383,2024-04-08 17:45:00
1712599200000,71699.23,71848.48,71672.34,71745.02,309.85488,2024-04-08 18:00:00
1712600100000,71745.02,71940.0,71740.68,71904.0,204.58349,2024-04-08 18:15:00
1712601000000,71904.0,72104.05,71874.19,72064.14,352.24123,2024-04-08 18:30:00
1712601900000,72064.14,72064.15,71818.79,71908.61,215.77897,2024-04-08 18:45:00
1712602800000,71908.6,71973.6,71854.56,71911.0,250.66609,2024-04-08 19:00:00
1712603700000,71911.0,71915.05,71667.75,71843.74,417.77269,2024-04-08 19:15:00
1712604600000,71843.74,71887.0,71752.69,71752.7,349.31379,2024-04-08 19:30:00
1712605500000,71752.69,71818.77,71564.51,71766.0,517.81236,2024-04-08 19:45:00
1712606400000,71766.0,71818.77,71622.45,71628.0,478.02282,2024-04-08 20:00:00
1712607300000,71627.99,71641.98,71514.33,71518.0,201.06283,2024-04-08 20:15:00
1712608200000,71518.0,71736.56,71500.37,71708.63,178.33871,2024-04-08 20:30:00
1712609100000,71708.62,71723.62,71608.0,71711.99,142.37417,2024-04-08 20:45:00
1712610000000,71711.98,71900.0,71691.99,71861.99,186.4362,2024-04-08 21:00:00
1712610900000,71862.0,71887.23,71728.83,71810.77,207.12578,2024-04-08 21:15:00
1712611800000,71810.78,71810.78,71691.35,71693.38,90.30928,2024-04-08 21:30:00
1712612700000,71693.38,71759.81,71628.01,71692.01,176.17682,2024-04-08 21:45:00
1712613600000,71692.01,71750.0,71635.97,71664.22,175.27001,2024-04-08 22:00:00
1712614500000,71664.22,71805.38,71623.45,71719.02,114.01688,2024-04-08 22:15:00
1712615400000,71719.02,71750.0,71599.9,71636.02,127.41712,2024-04-08 22:30:00
1712616300000,71636.02,71960.0,71612.0,71916.09,225.28684,2024-04-08 22:45:00
1712617200000,71916.08,72000.0,71738.0,71833.66,232.18871,2024-04-08 23:00:00
1712618100000,71833.67,71923.37,71796.0,71831.46,114.31025,2024-04-08 23:15:00
1712619000000,71831.46,71868.0,71649.92,71707.87,208.64267,2024-04-08 23:30:00
1712619900000,71707.87,71719.35,71610.01,71620.0,152.13573,2024-04-08 23:45:00
1712620800000,71620.0,71700.0,71600.0,71699.99,218.27307,2024-04-09 00:00:00
1712621700000,71699.99,71758.19,71392.47,71436.4,245.70106,2024-04-09 00:15:00
1712622600000,71436.39,71656.79,71388.01,71450.01,293.67392,2024-04-09 00:30:00
1712623500000,71450.0,71498.93,71320.01,71419.99,198.48694,2024-04-09 00:45:00
1712624400000,71420.0,71439.8,70833.33,71073.41,786.34706,2024-04-09 01:00:00
1712625300000,71073.41,71297.97,70910.76,71230.01,451.86387,2024-04-09 01:15:00
1712626200000,71230.01,71308.03,71080.24,71301.78,235.67673,2024-04-09 01:30:00
1712627100000,71301.79,71341.24,71192.87,71275.46,222.91189,2024-04-09 01:45:00
1712628000000,71275.45,71385.81,71156.77,71379.23,166.94116,2024-04-09 02:00:00
1712628900000,71379.23,71618.95,71353.08,71494.67,266.36106,2024-04-09 02:15:00
1712629800000,71494.67,71552.97,71405.03,71455.91,185.19165,2024-04-09 02:30:00
1712630700000,71455.9,71563.38,71435.24,71477.44,166.10506,2024-04-09 02:45:00
1712631600000,71477.44,71589.51,71385.71,71589.51,177.76536,2024-04-09 03:00:00
1712632500000,71589.51,71641.97,71467.25,71500.0,196.84063,2024-04-09 03:15:00
1712633400000,71500.01,71500.01,71289.66,71289.66,220.97452,2024-04-09 03:30:00
1712634300000,71289.66,71365.25,71186.02,71285.0,258.67618,2024-04-09 03:45:00
1712635200000,71285.0,71285.0,71108.22,71117.21,291.55131,2024-04-09 04:00:00
1712636100000,71117.21,71210.87,70917.2,71176.0,341.58893,2024-04-09 04:15:00
1712637000000,71176.01,71317.91,71082.79,71293.83,183.54333,2024-04-09 04:30:00
1712637900000,71293.82,71339.79,71160.69,71208.01,165.39828,2024-04-09 04:45:00
1712638800000,71208.02,71323.66,71054.19,71069.24,207.77569,2024-04-09 05:00:00
1712639700000,71069.24,71226.0,71032.0,71218.87,152.82849,2024-04-09 05:15:00
1712640600000,71218.88,71218.88,70957.0,70981.53,211.13988,2024-04-09 05:30:00
1712641500000,70981.53,71117.21,70965.72,71056.0,231.39398,2024-04-09 05:45:00
1712642400000,71055.99,71138.45,70962.84,71082.36,245.31482,2024-04-09 06:00:00
1712643300000,71082.36,71140.0,70962.14,71132.88,264.82644,2024-04-09 06:15:00
1712644200000,71132.89,71265.47,70621.51,70776.01,627.86533,2024-04-09 06:30:00
1712645100000,70776.02,70960.0,70560.0,70765.69,570.51067,2024-04-09 06:45:00
1712646000000,70765.7,70898.84,70726.06,70896.64,241.08935,2024-04-09 07:00:00
1712646900000,70896.64,70940.9,70539.94,70612.01,473.63715,2024-04-09 07:15:00
1712647800000,70612.01,70696.0,70421.92,70472.01,775.54786,2024-04-09 07:30:00
1712648700000,70472.01,70485.67,70110.0,70383.99,1206.34754,2024-04-09 07:45:00
1712649600000,70383.98,70384.0,69576.61,69883.63,1692.97987,2024-04-09 08:00:00
1712650500000,69883.63,70122.03,69796.0,70119.99,597.66417,2024-04-09 08:15:00
1712651400000,70120.0,70265.43,69993.82,70173.13,373.71999,2024-04-09 08:30:00
1712652300000,70173.13,70600.0,70164.98,70500.01,496.98911,2024-04-09 08:45:00
1712653200000,70500.01,70860.65,70496.0,70755.76,575.47676,2024-04-09 09:00:00
1712654100000,70755.76,70766.16,70566.66,70568.36,284.4592,2024-04-09 09:15:00
1712655000000,70568.35,70662.45,70500.01,70501.01,202.62519,2024-04-09 09:30:00
1712655900000,70501.01,70507.44,70256.98,70392.18,333.55378,2024-04-09 09:45:00
1712656800000,70392.18,70497.85,70234.99,70355.99,314.10545,2024-04-09 10:00:00
1712657700000,70356.0,70549.57,70351.75,70403.99,261.21643,2024-04-09 10:15:00
1712658600000,70403.99,70476.0,70342.15,70444.21,326.37976,2024-04-09 10:30:00
1712659500000,70444.21,70697.04,70444.2,70566.64,349.43847,2024-04-09 10:45:00
1712660400000,70566.63,70900.0,70566.63,70898.04,395.85453,2024-04-09 11:00:00
1712661300000,70898.04,70905.26,70760.01,70808.64,325.05603,2024-04-09 11:15:00
1712662200000,70808.64,70816.87,70677.83,70680.0,235.01179,2024-04-09 11:30:00
1712663100000,70679.99,70794.85,70640.2,70794.85,208.13643,2024-04-09 11:45:00
1712664000000,70794.84,70898.02,70672.83,70712.0,255.85337,2024-04-09 12:00:00
1712664900000,70712.01,70790.93,70654.38,70748.47,310.99935,2024-04-09 12:15:00
1712665800000,70748.47,70883.53,70675.53,70807.16,466.35949,2024-04-09 12:30:00
1712666700000,70807.15,70977.0,70690.0,70690.0,335.88627,2024-04-09 12:45:00
1712667600000,70690.0,70732.44,70505.82,70616.02,348.97426,2024-04-09 13:00:00
1712668500000,70616.01,70706.8,70419.21,70638.32,378.86091,2024-04-09 13:15:00
1712669400000,70638.32,70920.0,70470.22,70527.99,483.72651,2024-04-09 13:30:00
1712670300000,70528.0,70528.0,69921.62,69928.0,1109.37358,2024-04-09 13:45:00
1712671200000,69928.0,70333.33,69714.0,70289.5,781.23775,2024-04-09 14:00:00
1712672100000,70289.49,70429.04,69878.49,69977.99,427.03919,2024-04-09 14:15:00
1712673000000,69977.99,70000.0,68890.0,69184.01,2652.82108,2024-04-09 14:30:00
1712673900000,69184.0,69358.33,68611.0,69358.32,1714.2832,2024-04-09 14:45:00
1712674800000,69358.32,69360.0,68535.03,68888.01,1322.89312,2024-04-09 15:00:00
1712675700000,68888.0,69183.94,68850.0,68883.99,661.22945,2024-04-09 15:15:00
1712676600000,68884.0,69182.23,68850.79,69011.94,566.63173,2024-04-09 15:30:00
1712677500000,69011.93,69264.01,68991.24,69264.0,340.07889,2024-04-09 15:45:00
1712678400000,69264.0,69320.0,68907.4,69045.38,532.0622,2024-04-09 16:00:00
1712679300000,69045.39,69215.47,68766.0,69111.83,617.80988,2024-04-09 16:15:00
1712680200000,69111.84,69111.84,68700.0,68790.25,582.31999,2024-04-09 16:30:00
1712681100000,68790.26,68873.46,68516.15,68601.24,677.7359,2024-04-09 16:45:00
1712682000000,68601.25,68791.76,68210.0,68395.99,1116.12206,2024-04-09 17:00:00
1712682900000,68396.0,68894.3,68255.99,68790.77,668.86001,2024-04-09 17:15:00
1712683800000,68790.76,68956.23,68753.78,68856.11,298.14709,2024-04-09 17:30:00
1712684700000,68856.12,68962.43,68705.88,68823.99,266.26707,2024-04-09 17:45:00
1712685600000,68823.99,68941.37,68769.79,68806.77,251.12233,2024-04-09 18:00:00
1712686500000,68806.77,69025.89,68781.84,68967.99,270.49443,2024-04-09 18:15:00
1712687400000,68968.0,68998.8,68844.56,68877.84,142.53469,2024-04-09 18:30:00
1712688300000,68877.83,68950.0,68814.17,68879.23,180.33463,2024-04-09 18:45:00
1712689200000,68879.22,68879.23,68656.08,68721.13,292.31226,2024-04-09 19:00:00
1712690100000,68721.14,69174.0,68721.13,69118.36,275.55725,2024-04-09 19:15:00
1712691000000,69118.35,69139.73,68924.27,68984.68,234.47279,2024-04-09 19:30:00
1712691900000,68984.68,69139.72,68866.29,69000.77,236.75431,2024-04-09 19:45:00
1712692800000,69000.78,69164.0,68962.31,69108.0,276.40939,2024-04-09 20:00:00
1712693700000,69107.99,69208.2,69060.0,69088.0,210.99419,2024-04-09 20:15:00
1712694600000,69088.0,69107.01,69018.75,69052.01,150.21346,2024-04-09 20:30:00
1712695500000,69052.01,69171.19,69036.0,69171.19,155.42292,2024-04-09 20:45:00
1712696400000,69171.18,69186.54,68935.64,69039.99,208.50763,2024-04-09 21:00:00
1712697300000,69040.0,69128.51,68950.73,69085.24,173.02916,2024-04-09 21:15:00
1712698200000,69085.24,69217.39,69085.24,69140.01,148.80228,2024-04-09 21:30:00
1712699100000,69140.0,69250.0,69117.49,69213.83,132.16,2024-04-09 21:45:00
1712700000000,69213.83,69269.0,69144.59,69207.79,123.75878,2024-04-09 22:00:00
1712700900000,69207.8,69309.0,69178.43,69240.01,161.26916,2024-04-09 22:15:00
1712701800000,69240.01,69439.6,69240.0,69360.32,215.06752,2024-04-09 22:30:00
1712702700000,69360.32,69407.38,69286.71,69325.65,148.31955,2024-04-09 22:45:00
1712703600000,69325.64,69332.0,69083.1,69161.08,211.09323,2024-04-09 23:00:00
1712704500000,69161.09,69161.09,68889.1,68986.34,309.90719,2024-04-09 23:15:00
1712705400000,68986.34,69168.0,68888.47,69167.99,187.11252,2024-04-09 23:30:00
1712706300000,69167.99,69269.82,69124.53,69146.0,227.86423,2024-04-09 23:45:00
1712707200000,69146.0,69300.0,69100.0,69272.0,207.46582,2024-04-10 00:00:00
1712708100000,69272.0,69304.26,69200.0,69271.79,153.92039,2024-04-10 00:15:00
1712709000000,69271.8,69296.0,69025.97,69172.01,188.72963,2024-04-10 00:30:00
1712709900000,69172.01,69243.6,69033.53,69138.81,165.45331,2024-04-10 00:45:00
1712710800000,69138.81,69138.81,68770.0,68871.99,322.8868,2024-04-10 01:00:00
1712711700000,68871.99,68905.73,68603.92,68860.74,372.16167,2024-04-10 01:15:00
1712712600000,68860.73,68966.57,68664.03,68832.01,250.80531,2024-04-10 01:30:00
1712713500000,68832.0,69269.76,68735.94,69269.75,329.51409,2024-04-10 01:45:00
1712714400000,69269.75,69594.15,69240.0,69363.74,413.70258,2024-04-10 02:00:00
1712715300000,69363.74,69387.99,68999.99,69068.01,433.07814,2024-04-10 02:15:00
1712716200000,69068.0,69075.9,68733.13,68748.02,267.21451,2024-04-10 02:30:00
1712717100000,68748.01,68857.14,68466.63,68651.98,522.0577,2024-04-10 02:45:00
1712718000000,68651.98,68833.6,68625.61,68807.99,292.09365,2024-04-10 03:00:00
1712718900000,68807.99,69019.42,68753.73,68880.0,257.10684,2024-04-10 03:15:00
1712719800000,68880.01,69060.0,68880.0,68963.01,176.40949,2024-04-10 03:30:00
1712720700000,68963.0,69180.0,68917.47,69150.18,187.9861,2024-04-10 03:45:00
1712721600000,69150.18,69199.99,69005.55,69123.98,205.70915,2024-04-10 04:00:00
1712722500000,69123.98,69182.64,69026.79,69100.01,203.51995,2024-04-10 04:15:00
1712723400000,69100.0,69105.67,69028.13,69098.7,104.37847,2024-04-10 04:30:00
1712724300000,69098.7,69166.79,69064.68,69134.33,150.45304,2024-04-10 04:45:00
1712725200000,69134.34,69294.99,69121.35,69272.0,210.6368,2024-04-10 05:00:00
1712726100000,69272.0,69399.02,69229.37,69319.99,316.45136,2024-04-10 05:15:00
1712727000000,69320.0,69414.2,69270.23,69381.08,158.72905,2024-04-10 05:30:00
1712727900000,69381.09,69390.83,69240.0,69255.82,174.6307,2024-04-10 05:45:00
1712728800000,69255.82,69346.51,69227.62,69236.3,104.58503,2024-04-10 06:00:00
1712729700000,69236.3,69474.0,69233.59,69457.42,167.76285,2024-04-10 06:15:00
1712730600000,69457.42,69479.8,69338.12,69476.1,152.73443,2024-04-10 06:30:00
1712731500000,69476.09,69476.1,69356.5,69369.25,122.94006,2024-04-10 06:45:00
1712732400000,69369.25,69461.17,69369.24,69461.17,134.17553,2024-04-10 07:00:00
1712733300000,69461.17,69515.0,69310.34,69359.23,156.34637,2024-04-10 07:15:00
1712734200000,69359.24,69440.0,69359.23,69421.42,88.89215,2024-04-10 07:30:00
1712735100000,69421.42,69448.65,69268.47,69336.28,191.55759,2024-04-10 07:45:00
1712736000000,69336.27,69336.28,68800.0,69030.03,618.36076,2024-04-10 08:00:00
1712736900000,69030.04,69243.99,68900.91,69063.98,335.55248,2024-04-10 08:15:00
1712737800000,69063.99,69106.0,68867.0,68962.99,451.62826,2024-04-10 08:30:00
1712738700000,68962.98,69019.0,68887.74,69011.92,244.91626,2024-04-10 08:45:00
1712739600000,69011.92,69077.17,68917.69,69054.19,146.67281,2024-04-10 09:00:00
1712740500000,69054.19,69171.75,69028.79,69100.61,155.92624,2024-04-10 09:15:00
1712741400000,69100.61,69100.62,68902.43,69044.57,157.7723,2024-04-10 09:30:00
1712742300000,69044.56,69139.2,68929.95,69139.2,182.01331,2024-04-10 09:45:00
1712743200000,69139.19,69180.0,68916.0,68936.17,243.66727,2024-04-10 10:00:00
1712744100000,68936.18,68942.74,68629.99,68848.0,674.95058,2024-04-10 10:15:00
1712745000000,68848.0,68858.02,68650.44,68806.76,249.058,2024-04-10 10:30:00
1712745900000,68806.76,68991.09,68671.62,68932.01,442.14822,2024-04-10 10:45:00
1712746800000,68932.01,69047.58,68853.83,69026.63,143.21724,2024-04-10 11:00:00
1712747700000,69026.63,69078.25,68952.0,69070.2,194.69737,2024-04-10 11:15:00
1712748600000,69070.19,69132.61,68956.62,69045.86,317.10589,2024-04-10 11:30:00
1712749500000,69045.86,69075.99,68949.71,69043.0,251.71299,2024-04-10 11:45:00
1712750400000,69043.0,69204.28,68880.0,69019.13,353.15772,2024-04-10 12:00:00
1712751300000,69019.13,69077.03,68723.35,68972.28,494.9984,2024-04-10 12:15:00
1712752200000,68972.28,68972.28,67559.99,67959.99,3681.40012,2024-04-10 12:30:00
1712753100000,67959.99,68155.43,67808.09,67976.0,987.04547,2024-04-10 12:45:00
1712754000000,67975.99,67976.0,67592.95,67616.02,908.78762,2024-04-10 13:00:00
1712754900000,67616.01,67878.07,67600.41,67698.96,582.2617,2024-04-10 13:15:00
1712755800000,67698.97,67890.81,67590.0,67886.01,577.60405,2024-04-10 13:30:00
1712756700000,67886.02,68313.1,67518.0,68259.77,1003.40274,2024-04-10 13:45:00
1712757600000,68259.77,68339.8,68009.94,68235.13,507.49478,2024-04-10 14:00:00
1712758500000,68235.12,68814.76,68144.36,68588.24,1141.67954,2024-04-10 14:15:00
1712759400000,68588.25,68974.58,68398.06,68829.5,1247.39953,2024-04-10 14:30:00
1712760300000,68829.5,68955.0,68633.33,68703.05,581.45691,2024-04-10 14:45:00
1712761200000,68703.04,68752.05,68264.0,68370.0,639.74892,2024-04-10 15:00:00
1712762100000,68370.01,68634.33,68340.0,68632.25,433.51672,2024-04-10 15:15:00
1712763000000,68632.25,68760.71,68479.38,68500.0,336.81589,2024-04-10 15:30:00
1712763900000,68499.99,68706.78,68492.21,68657.32,272.23768,2024-04-10 15:45:00
1712764800000,68657.31,68873.45,68607.47,68732.01,556.02137,2024-04-10 16:00:00
1712765700000,68732.0,68960.01,68556.0,68917.63,507.60061,2024-04-10 16:15:00
1712766600000,68917.63,69262.68,68852.58,69076.73,834.85504,2024-04-10 16:30:00
1712767500000,69076.74,69536.0,69076.73,69500.0,1289.11168,2024-04-10 16:45:00
1712768400000,69499.99,69536.0,69184.73,69261.24,593.76835,2024-04-10 17:00:00
1712769300000,69261.23,69910.96,69195.85,69594.8,855.25132,2024-04-10 17:15:00
1712770200000,69594.8,69649.99,69240.0,69302.64,494.28953,2024-04-10 17:30:00
1712771100000,69302.64,69448.02,69142.81,69350.11,369.31355,2024-04-10 17:45:00
1712772000000,69350.1,69388.12,69172.04,69375.99,333.29696,2024-04-10 18:00:00
1712772900000,69376.0,69411.34,69100.24,69239.35,456.91407,2024-04-10 18:15:00
1712773800000,69239.36,69392.06,69071.0,69376.43,418.06724,2024-04-10 18:30:00
1712774700000,69376.43,69407.99,69238.73,69314.33,204.62825,2024-04-10 18:45:00
1712775600000,69314.33,69365.2,69219.14,69365.19,256.64894,2024-04-10 19:00:00
1712776500000,69365.19,69597.09,69343.06,69519.85,344.18757,2024-04-10 19:15:00
1712777400000,69519.85,69752.16,69421.97,69732.31,582.87338,2024-04-10 19:30:00
1712778300000,69732.32,70098.89,69699.99,70083.99,1201.80586,2024-04-10 19:45:00
1712779200000,70084.0,70088.0,69740.0,69876.51,427.80334,2024-04-10 20:00:00
1712780100000,69876.52,70136.0,69827.55,69843.9,405.8805,2024-04-10 20:15:00
1712781000000,69843.89,69925.13,69800.97,69897.02,225.23214,2024-04-10 20:30:00
1712781900000,69897.02,69897.02,69772.77,69812.01,158.20165,2024-04-10 20:45:00
1712782800000,69812.01,69970.88,69733.33,69852.27,272.53519,2024-04-10 21:00:00
1712783700000,69852.28,69860.01,69581.03,69623.99,221.63697,2024-04-10 21:15:00
1712784600000,69624.0,69750.0,69593.88,69593.88,177.0284,2024-04-10 21:30:00
1712785500000,69593.88,70036.81,69593.88,70017.0,430.2707,2024-04-10 21:45:00
1712786400000,70017.01,70579.79,70017.0,70494.41,1226.69845,2024-04-10 22:00:00
1712787300000,70494.4,71172.08,70428.02,70917.31,1498.69347,2024-04-10 22:15:00
1712788200000,70917.3,71100.0,70702.62,70775.76,725.4563,2024-04-10 22:30:00
1712789100000,70775.75,70799.09,70500.0,70528.0,377.28408,2024-04-10 22:45:00
1712790000000,70528.0,70799.99,70528.0,70655.37,257.55426,2024-04-10 23:00:00
1712790900000,70655.37,70693.9,70537.03,70587.17,232.98031,2024-04-10 23:15:00
1712791800000,70587.18,70664.86,70537.03,70537.04,173.26643,2024-04-10 23:30:00
1712792700000,70537.03,70664.46,70488.38,70631.08,154.37153,2024-04-10 23:45:00
1712793600000,70631.08,70663.21,70335.0,70462.17,372.47056,2024-04-11 00:00:00
1712794500000,70462.17,70480.59,70340.0,70364.03,211.75258,2024-04-11 00:15:00
1712795400000,70364.03,70495.95,70285.13,70362.81,229.11904,2024-04-11 00:30:00
1712796300000,70362.8,70574.09,70347.99,70520.01,192.02221,2024-04-11 00:45:00
1712797200000,70520.0,70684.0,70484.0,70633.67,307.56777,2024-04-11 01:00:00
1712798100000,70633.67,70760.0,70514.57,70514.58,238.32965,2024-04-11 01:15:00
1712799000000,70514.58,70747.38,70469.12,70549.83,224.36876,2024-04-11 01:30:00
1712799900000,70549.84,70668.0,70530.0,70553.28,262.57318,2024-04-11 01:45:00
1712800800000,70553.28,70900.0,70500.0,70760.02,293.52213,2024-04-11 02:00:00
1712801700000,70760.01,70930.0,70709.55,70808.71,240.96549,2024-04-11 02:15:00
1712802600000,70808.72,70932.36,70737.66,70904.29,245.93284,2024-04-11 02:30:00
1712803500000,70904.28,71062.0,70756.0,70995.66,509.31906,2024-04-11 02:45:00
1712804400000,70995.66,71027.99,70820.38,70854.54,242.6311,2024-04-11 03:00:00
1712805300000,70854.54,71000.0,70773.58,70881.2,200.4605,2024-04-11 03:15:00
1712806200000,70881.2,70932.8,70804.78,70910.0,121.67932,2024-04-11 03:30:00
1712807100000,70909.99,70912.01,70792.59,70851.67,121.01077,2024-04-11 03:45:00
1712808000000,70851.66,70888.35,70512.75,70597.76,311.69037,2024-04-11 04:00:00
1712808900000,70597.77,70625.24,70400.0,70511.81,244.51827,2024-04-11 04:15:00
1712809800000,70511.8,70560.0,70378.11,70531.06,199.73557,2024-04-11 04:30:00
1712810700000,70531.06,70614.52,70450.0,70604.01,129.68224,2024-04-11 04:45:00
1712811600000,70604.01,70680.0,70557.48,70680.0,151.75292,2024-04-11 05:00:00
1712812500000,70680.0,70680.0,70461.15,70570.36,190.80046,2024-04-11 05:15:00
1712813400000,70570.35,70616.51,70451.01,70490.6,112.25503,2024-04-11 05:30:00
1712814300000,70490.59,70600.0,70444.0,70583.99,109.97406,2024-04-11 05:45:00
1712815200000,70583.99,70848.76,70564.0,70783.14,241.03614,2024-04-11 06:00:00
1712816100000,70783.14,70832.0,70646.06,70669.96,152.96624,2024-04-11 06:15:00
1712817000000,70669.95,70803.99,70669.95,70727.98,233.77072,2024-04-11 06:30:00
1712817900000,70727.99,70775.2,70672.0,70717.82,162.74802,2024-04-11 06:45:00
1712818800000,70717.81,70990.5,70717.81,70890.3,263.03088,2024-04-11 07:00:00
1712819700000,70890.29,71305.89,70890.29,70931.26,585.24645,2024-04-11 07:15:00
1712820600000,70931.26,71024.28,70849.45,70940.02,327.43163,2024-04-11 07:30:00
1712821500000,70940.02,71058.26,70729.16,70735.99,360.43502,2024-04-11 07:45:00
1712822400000,70736.0,70833.54,70617.25,70833.54,290.66006,2024-04-11 08:00:00
1712823300000,70833.53,70919.92,70755.55,70828.02,231.83747,2024-04-11 08:15:00
1712824200000,70828.02,71190.87,70808.64,71123.99,546.68832,2024-04-11 08:30:00
1712825100000,71123.99,71256.27,71006.5,71039.39,369.59255,2024-04-11 08:45:00
1712826000000,71039.4,71053.61,70850.12,70916.01,253.22877,2024-04-11 09:00:00
1712826900000,70916.01,70976.45,70747.54,70844.78,191.26245,2024-04-11 09:15:00
1712827800000,70844.78,70856.74,70642.79,70751.95,315.7308,2024-04-11 09:30:00
1712828700000,70751.95,70830.5,70596.43,70604.0,302.26142,2024-04-11 09:45:00
1712829600000,70604.0,70754.62,70556.5,70627.99,274.00964,2024-04-11 10:00:00
1712830500000,70628.0,70785.05,70627.99,70687.17,189.86984,2024-04-11 10:15:00
1712831400000,70687.17,70766.02,70525.01,70568.0,173.08972,2024-04-11 10:30:00
1712832300000,70568.01,70631.09,70421.56,70459.99,293.45386,2024-04-11 10:45:00
1712833200000,70460.0,70560.0,70325.23,70514.57,365.90259,2024-04-11 11:00:00
1712834100000,70514.56,70596.0,70504.0,70553.14,162.21765,2024-04-11 11:15:00
1712835000000,70553.14,70553.14,70036.57,70324.01,589.7266,2024-04-11 11:30:00
1712835900000,70324.01,70349.72,69881.31,69983.16,602.06945,2024-04-11 11:45:00
1712836800000,69983.16,70225.68,69983.16,70144.55,397.95828,2024-04-11 12:00:00
1712837700000,70144.55,70299.25,69867.76,69992.76,377.7839,2024-04-11 12:15:00
1712838600000,69992.75,71100.0,69943.97,70824.01,1834.14696,2024-04-11 12:30:00
1712839500000,70824.01,70994.16,70710.0,70858.83,636.28011,2024-04-11 12:45:00
1712840400000,70858.82,70988.0,70794.18,70878.83,340.04374,2024-04-11 13:00:00
1712841300000,70878.83,70978.32,70616.5,70722.08,610.8733,2024-04-11 13:15:00
1712842200000,70722.07,70898.79,69699.99,69820.0,1602.43889,2024-04-11 13:30:00
1712843100000,69820.0,70519.99,69669.75,70284.0,1443.86023,2024-04-11 13:45:00
1712844000000,70284.01,70350.01,69841.49,69966.66,756.34683,2024-04-11 14:00:00
1712844900000,69966.65,69966.66,69599.23,69828.0,796.97201,2024-04-11 14:15:00
1712845800000,69827.99,70120.0,69724.0,69985.01,536.79233,2024-04-11 14:30:00
1712846700000,69985.0,70100.0,69584.0,69600.54,480.05404,2024-04-11 14:45:00
1712847600000,69600.55,69858.26,69567.21,69760.01,481.26493,2024-04-11 15:00:00
1712848500000,69760.0,69920.0,69631.06,69696.0,390.64992,2024-04-11 15:15:00
1712849400000,69696.01,69970.0,69610.38,69881.5,303.47918,2024-04-11 15:30:00
1712850300000,69881.5,70026.25,69720.0,70000.0,358.18561,2024-04-11 15:45:00
1712851200000,70000.0,70133.17,69945.28,70008.96,333.92573,2024-04-11 16:00:00
1712852100000,70008.96,70022.98,69740.75,69796.02,241.82613,2024-04-11 16:15:00
1712853000000,69796.01,69845.76,69574.88,69718.92,402.88667,2024-04-11 16:30:00
1712853900000,69718.92,70101.77,69625.6,70011.99,354.34088,2024-04-11 16:45:00
1712854800000,70011.99,70321.8,70000.0,70259.47,328.86826,2024-04-11 17:00:00
1712855700000,70259.47,70446.03,70192.92,70322.9,501.48063,2024-04-11 17:15:00
1712856600000,70322.9,70351.99,70111.82,70185.43,225.18956,2024-04-11 17:30:00
1712857500000,70185.42,70304.7,70176.39,70203.99,160.28293,2024-04-11 17:45:00
1712858400000,70203.99,70429.32,70160.0,70225.14,381.03408,2024-04-11 18:00:00
1712859300000,70225.15,70236.0,70120.0,70122.7,139.37325,2024-04-11 18:15:00
1712860200000,70122.7,70225.68,69951.18,70225.68,242.94284,2024-04-11 18:30:00
1712861100000,70225.68,70251.47,70038.83,70099.75,134.55039,2024-04-11 18:45:00
1712862000000,70099.75,70170.93,70008.0,70149.63,194.33339,2024-04-11 19:00:00
1712862900000,70149.62,70330.91,70106.79,70313.8,232.34568,2024-04-11 19:15:00
1712863800000,70313.79,70529.73,70293.24,70502.54,342.91132,2024-04-11 19:30:00
1712864700000,70502.54,70502.55,70241.77,70459.67,358.07908,2024-04-11 19:45:00
1712865600000,70459.67,70572.0,70383.8,70550.4,281.52167,2024-04-11 20:00:00
1712866500000,70550.4,70746.09,70500.72,70678.51,510.43501,2024-04-11 20:15:00
1712867400000,70678.52,70700.0,70500.66,70523.99,281.2215,2024-04-11 20:30:00
1712868300000,70523.98,70582.53,70450.7,70499.62,129.60282,2024-04-11 20:45:00
1712869200000,70499.63,70504.99,70400.73,70480.58,140.09632,2024-04-11 21:00:00
1712870100000,70480.59,70480.59,70183.59,70203.98,233.07614,2024-04-11 21:15:00
1712871000000,70203.98,70320.0,70111.0,70156.55,152.39738,2024-04-11 21:30:00
1712871900000,70156.54,70253.74,70000.0,70115.41,288.99504,2024-04-11 21:45:00
1712872800000,70115.41,70192.87,70033.52,70192.86,167.3319,2024-04-11 22:00:00
1712873700000,70192.86,70259.46,70163.0,70250.0,65.61508,2024-04-11 22:15:00
1712874600000,70250.0,70250.0,70040.6,70160.01,123.18737,2024-04-11 22:30:00
1712875500000,70160.0,70259.46,70100.0,70151.26,159.77884,2024-04-11 22:45:00
1712876400000,70151.26,70196.0,70055.36,70055.37,86.85636,2024-04-11 23:00:00
1712877300000,70055.36,70072.82,69804.87,69961.99,227.82491,2024-04-11 23:15:00
1712878200000,69962.0,70056.76,69952.01,70056.76,101.29736,2024-04-11 23:30:00
1712879100000,70056.75,70135.55,70006.21,70006.23,104.117,2024-04-11 23:45:00
1712880000000,70006.22,70304.96,70002.22,70242.73,254.85121,2024-04-12 00:00:00
1712880900000,70242.73,70336.38,70137.23,70260.01,289.31113,2024-04-12 00:15:00
1712881800000,70260.01,70307.77,70230.0,70307.77,110.22226,2024-04-12 00:30:00
1712882700000,70307.76,70332.0,70267.99,70301.63,111.71467,2024-04-12 00:45:00
1712883600000,70301.63,70367.29,70160.52,70199.99,128.67138,2024-04-12 01:00:00
1712884500000,70199.99,70259.1,70158.19,70179.13,90.23452,2024-04-12 01:15:00
1712885400000,70179.12,70258.19,70113.6,70222.8,69.71037,2024-04-12 01:30:00
1712886300000,70222.8,70324.9,70222.79,70280.01,132.25309,2024-04-12 01:45:00
1712887200000,70280.01,70547.63,70208.73,70534.74,224.71,2024-04-12 02:00:00
1712888100000,70534.73,70762.48,70448.01,70714.13,259.30789,2024-04-12 02:15:00
1712889000000,70714.14,70764.0,70669.21,70687.99,167.6346,2024-04-12 02:30:00
1712889900000,70687.99,70775.0,70634.1,70635.93,203.19607,2024-04-12 02:45:00
1712890800000,70635.92,70752.43,70635.92,70737.27,137.81715,2024-04-12 03:00:00
1712891700000,70737.27,70945.0,70641.71,70914.0,1745.2696,2024-04-12 03:15:00
1712892600000,70914.01,70979.0,70786.39,70818.63,338.29206,2024-04-12 03:30:00
1712893500000,70818.63,70996.91,70812.0,70977.27,281.97793,2024-04-12 03:45:00
1712894400000,70977.27,70998.0,70827.2,70890.62,204.42894,2024-04-12 04:00:00
1712895300000,70890.61,70920.0,70836.92,70837.44,121.2914,2024-04-12 04:15:00
1712896200000,70837.44,70999.98,70812.56,70999.97,169.88343,2024-04-12 04:30:00
1712897100000,70999.97,71227.46,70999.97,71115.99,486.1146,2024-04-12 04:45:00
1712898000000,71116.0,71175.99,70924.51,71015.99,228.98043,2024-04-12 05:00:00
1712898900000,71016.0,71056.38,70925.52,71039.81,160.60354,2024-04-12 05:15:00
1712899800000,71039.81,71056.37,70922.15,70951.95,141.40731,2024-04-12 05:30:00
1712900700000,70951.94,71024.28,70887.72,70956.32,182.79368,2024-04-12 05:45:00
1712901600000,70956.32,71012.0,70833.38,70833.38,147.20713,2024-04-12 06:00:00
1712902500000,70833.38,70908.3,70713.7,70809.33,179.1467,2024-04-12 06:15:00
1712903400000,70809.33,70906.4,70730.0,70875.6,210.75634,2024-04-12 06:30:00
1712904300000,70875.6,70913.55,70820.38,70871.05,106.51146,2024-04-12 06:45:00
1712905200000,70871.04,70967.92,70795.18,70804.0,172.36688,2024-04-12 07:00:00
1712906100000,70804.0,70850.0,70732.89,70833.22,203.66216,2024-04-12 07:15:00
1712907000000,70833.22,70865.93,70566.02,70680.12,571.79947,2024-04-12 07:30:00
1712907900000,70680.12,70766.21,70592.0,70764.01,400.55031,2024-04-12 07:45:00
1712908800000,70764.0,70864.57,70736.0,70851.94,207.38299,2024-04-12 08:00:00
1712909700000,70851.95,70893.58,70724.13,70784.01,257.38287,2024-04-12 08:15:00
1712910600000,70784.02,70786.4,70582.52,70754.44,254.24212,2024-04-12 08:30:00
1712911500000,70754.43,70788.0,70679.08,70759.99,285.7847,2024-04-12 08:45:00
1712912400000,70759.99,70863.51,70684.46,70744.7,267.95177,2024-04-12 09:00:00
1712913300000,70744.7,70760.14,70607.16,70669.85,339.82454,2024-04-12 09:15:00
1712914200000,70669.85,70731.99,70582.76,70608.0,280.7015,2024-04-12 09:30:00
1712915100000,70607.99,70669.24,70509.58,70652.0,329.31946,2024-04-12 09:45:00
1712916000000,70652.0,70730.0,70601.23,70720.0,278.28278,2024-04-12 10:00:00
1712916900000,70720.01,70752.43,70657.46,70730.7,163.11219,2024-04-12 10:15:00
1712917800000,70730.69,70868.0,70624.01,70788.0,217.19848,2024-04-12 10:30:00
1712918700000,70788.01,70840.0,70732.0,70786.4,152.8388,2024-04-12 10:45:00
1712919600000,70786.41,70924.64,70760.01,70816.27,205.0305,2024-04-12 11:00:00
1712920500000,70816.26,70880.01,70769.35,70792.01,207.74635,2024-04-12 11:15:00
1712921400000,70792.01,70943.38,70792.01,70925.61,234.06191,2024-04-12 11:30:00
1712922300000,70925.61,70972.0,70862.69,70904.01,247.19366,2024-04-12 11:45:00
1712923200000,70904.0,70975.54,70864.71,70872.57,261.67187,2024-04-12 12:00:00
1712924100000,70872.58,70872.58,70733.57,70852.71,306.93122,2024-04-12 12:15:00
1712925000000,70852.71,70852.72,70323.96,70396.69,615.76248,2024-04-12 12:30:00
1712925900000,70396.69,70556.0,70357.37,70534.24,456.06265,2024-04-12 12:45:00
1712926800000,70534.23,70534.24,70027.0,70295.7,781.15022,2024-04-12 13:00:00
1712927700000,70295.7,70297.19,70011.12,70147.98,472.65784,2024-04-12 13:15:00
1712928600000,70147.99,70282.95,69767.45,69808.03,776.22961,2024-04-12 13:30:00
1712929500000,69808.02,69991.34,69631.06,69888.0,901.8234,2024-04-12 13:45:00
1712930400000,69888.0,70090.55,69614.94,69776.06,660.59328,2024-04-12 14:00:00
1712931300000,69776.06,69950.0,69647.08,69737.71,501.65812,2024-04-12 14:15:00
1712932200000,69737.7,69932.0,69427.19,69620.02,906.88533,2024-04-12 14:30:00
1712933100000,69620.02,69628.0,69236.95,69270.01,1595.41663,2024-04-12 14:45:00
1712934000000,69270.02,69500.0,69248.33,69384.0,1291.26878,2024-04-12 15:00:00
1712934900000,69383.99,69718.35,69334.54,69703.95,380.76841,2024-04-12 15:15:00
1712935800000,69703.95,69716.0,69352.13,69421.43,472.67085,2024-04-12 15:30:00
1712936700000,69421.44,69495.15,69319.06,69347.3,287.13103,2024-04-12 15:45:00
1712937600000,69347.3,69580.0,69096.77,69135.99,752.11091,2024-04-12 16:00:00
1712938500000,69136.0,69200.0,68679.61,68970.66,1725.86907,2024-04-12 16:15:00
1712939400000,68970.67,69019.42,68720.02,68720.03,790.46101,2024-04-12 16:30:00
1712940300000,68720.02,69051.21,68685.0,68840.54,709.49325,2024-04-12 16:45:00
1712941200000,68840.54,68960.0,68500.0,68571.88,928.79663,2024-04-12 17:00:00
1712942100000,68571.89,68711.99,67444.0,67872.0,2509.67221,2024-04-12 17:15:00
1712943000000,67872.0,68312.36,67545.94,68156.55,2037.87217,2024-04-12 17:30:00
1712943900000,68156.55,68500.0,68040.0,68140.02,1035.03769,2024-04-12 17:45:00
1712944800000,68140.01,68383.63,67968.78,68168.87,832.6681,2024-04-12 18:00:00
1712945700000,68168.88,68172.0,67500.0,67624.44,1058.31888,2024-04-12 18:15:00
1712946600000,67624.44,67889.9,65086.86,66547.02,6828.88614,2024-04-12 18:30:00
1712947500000,66544.0,66856.45,66047.02,66492.0,2225.96148,2024-04-12 18:45:00
1712948400000,66492.0,66887.18,66329.19,66592.0,1253.36475,2024-04-12 19:00:00
1712949300000,66592.0,66973.63,66433.6,66808.02,1063.70467,2024-04-12 19:15:00
1712950200000,66808.01,67335.22,66761.43,67091.22,1379.98424,2024-04-12 19:30:00
1712951100000,67091.21,67126.28,66756.0,66843.98,1074.36811,2024-04-12 19:45:00
1712952000000,66843.98,67314.86,66700.0,67291.05,858.76884,2024-04-12 20:00:00
1712952900000,67291.05,67440.0,67199.16,67356.01,780.4248,2024-04-12 20:15:00
1712953800000,67356.01,67429.04,67180.21,67285.72,611.7128,2024-04-12 20:30:00
1712954700000,67285.72,67307.88,66913.1,67120.0,522.64331,2024-04-12 20:45:00
1712955600000,67119.99,67128.64,66781.86,66856.03,548.25806,2024-04-12 21:00:00
1712956500000,66856.04,66990.0,66731.76,66895.26,457.89038,2024-04-12 21:15:00
1712957400000,66895.26,66895.26,66680.84,66781.73,388.09237,2024-04-12 21:30:00
1712958300000,66781.72,66979.4,66781.04,66960.01,237.82848,2024-04-12 21:45:00
1712959200000,66960.0,67153.85,66828.01,67121.8,373.97587,2024-04-12 22:00:00
1712960100000,67121.79,67270.53,67077.19,67077.2,396.4176,2024-04-12 22:15:00
1712961000000,67077.2,67129.04,66986.48,67015.99,264.41061,2024-04-12 22:30:00
1712961900000,67015.99,67053.34,66923.07,67053.33,266.93188,2024-04-12 22:45:00
1712962800000,67053.33,67057.0,66818.12,66900.3,326.154,2024-04-12 23:00:00
1712963700000,66900.3,66993.92,66812.0,66974.23,321.98652,2024-04-12 23:15:00
1712964600000,66974.22,67150.0,66931.99,67111.65,364.78231,2024-04-12 23:30:00
1712965500000,67111.65,67230.19,67080.0,67116.52,316.6011,2024-04-12 23:45:00
1712966400000,67116.52,67142.86,66935.48,66945.47,456.31801,2024-04-13 00:00:00
1712967300000,66945.47,67033.33,66900.0,67033.32,250.06035,2024-04-13 00:15:00
1712968200000,67033.33,67090.9,66750.0,66788.25,278.02295,2024-04-13 00:30:00
1712969100000,66788.24,66939.13,66737.64,66913.27,328.96989,2024-04-13 00:45:00
1712970000000,66913.27,66928.0,66401.81,66501.82,738.47284,2024-04-13 01:00:00
1712970900000,66501.81,66664.05,66452.0,66561.13,433.2242,2024-04-13 01:15:00
1712971800000,66561.13,66561.13,66133.33,66272.56,721.77883,2024-04-13 01:30:00
1712972700000,66272.56,66303.99,65731.27,65886.63,1211.93014,2024-04-13 01:45:00
1712973600000,65886.64,66432.0,65871.49,66412.02,658.66088,2024-04-13 02:00:00
1712974500000,66412.02,66541.32,66263.73,66526.67,451.86527,2024-04-13 02:15:00
1712975400000,66526.67,66593.41,66308.0,66533.4,411.18125,2024-04-13 02:30:00
1712976300000,66533.39,66572.0,66418.77,66535.99,334.10993,2024-04-13 02:45:00
1712977200000,66536.0,66734.96,66483.87,66530.76,385.66305,2024-04-13 03:00:00
1712978100000,66530.77,66777.77,66512.0,66777.77,324.02388,2024-04-13 03:15:00
1712979000000,66777.76,67009.46,66734.63,66973.3,431.33345,2024-04-13 03:30:00
1712979900000,66973.29,67168.0,66907.45,67160.55,331.44064,2024-04-13 03:45:00
1712980800000,67160.55,67246.95,67012.67,67241.57,400.32205,2024-04-13 04:00:00
1712981700000,67241.57,67383.6,67119.0,67383.6,422.18381,2024-04-13 04:15:00
1712982600000,67383.59,67744.94,67295.6,67706.66,668.18884,2024-04-13 04:30:00
1712983500000,67706.66,67929.0,67535.79,67587.62,683.27161,2024-04-13 04:45:00
1712984400000,67587.63,67907.84,67578.01,67741.55,838.00342,2024-04-13 05:00:00
1712985300000,67741.55,67748.0,67611.98,67669.45,240.96153,2024-04-13 05:15:00
1712986200000,67669.44,67669.45,67392.81,67535.05,479.59072,2024-04-13 05:30:00
1712987100000,67535.05,67584.0,67300.3,67345.48,314.1983,2024-04-13 05:45:00
1712988000000,67345.48,67511.0,67345.47,67389.21,244.16712,2024-04-13 06:00:00
1712988900000,67389.22,67396.0,67258.63,67381.36,218.92664,2024-04-13 06:15:00
1712989800000,67381.35,67436.47,67285.71,67422.87,210.09473,2024-04-13 06:30:00
1712990700000,67422.87,67492.32,67308.09,67476.02,168.23802,2024-04-13 06:45:00
1712991600000,67476.01,67563.66,67366.63,67368.69,240.24415,2024-04-13 07:00:00
1712992500000,67368.69,67368.7,67120.87,67351.65,340.98615,2024-04-13 07:15:00
1712993400000,67351.64,67513.31,67269.57,67450.55,217.14862,2024-04-13 07:30:00
1712994300000,67450.54,67499.12,67344.32,67446.52,189.81729,2024-04-13 07:45:00
1712995200000,67446.53,67455.0,67226.14,67235.0,248.33198,2024-04-13 08:00:00
1712996100000,67235.0,67396.64,67153.84,67389.48,204.81307,2024-04-13 08:15:00
1712997000000,67389.49,67400.0,67258.66,67279.99,177.73606,2024-04-13 08:30:00
1712997900000,67279.98,67285.38,67090.83,67176.0,317.52923,2024-04-13 08:45:00
1712998800000,67175.99,67264.0,67136.14,67148.01,305.58925,2024-04-13 09:00:00
1712999700000,67148.01,67285.72,67148.0,67201.03,161.81951,2024-04-13 09:15:00
1713000600000,67201.02,67393.44,67180.02,67368.0,203.92251,2024-04-13 09:30:00
1713001500000,67367.99,67475.0,67341.42,67393.85,168.33838,2024-04-13 09:45:00
1713002400000,67393.84,67446.72,67318.68,67424.5,178.35381,2024-04-13 10:00:00
1713003300000,67424.5,67458.66,67311.77,67327.67,133.67881,2024-04-13 10:15:00
1713004200000,67327.68,67480.2,67327.67,67387.99,154.08421,2024-04-13 10:30:00
1713005100000,67387.99,67478.17,67372.5,67428.25,148.41775,2024-04-13 10:45:00
1713006000000,67428.25,67825.91,67425.19,67559.05,410.05925,2024-04-13 11:00:00
1713006900000,67559.05,67730.5,67445.98,67445.99,248.35963,2024-04-13 11:15:00
1713007800000,67445.98,67580.0,67445.34,67508.89,137.65225,2024-04-13 11:30:00
1713008700000,67508.89,67511.36,67302.93,67360.0,177.46527,2024-04-13 11:45:00
1713009600000,67360.01,67443.18,67169.97,67227.98,291.09832,2024-04-13 12:00:00
1713010500000,67227.98,67328.0,67224.76,67272.01,139.2839,2024-04-13 12:15:00
1713011400000,67272.01,67679.99,67272.0,67452.0,288.01757,2024-04-13 12:30:00
1713012300000,67452.0,67632.0,67436.01,67514.69,165.42859,2024-04-13 12:45:00
1713013200000,67514.7,67754.07,67512.0,67647.99,233.18672,2024-04-13 13:00:00
1713014100000,67648.0,67774.2,67582.41,67692.0,236.78985,2024-04-13 13:15:00
1713015000000,67692.0,67708.47,67450.54,67512.65,224.30911,2024-04-13 13:30:00
1713015900000,67512.65,67607.59,67508.01,67552.03,104.54653,2024-04-13 13:45:00
1713016800000,67552.02,67660.0,67493.08,67658.48,144.88155,2024-04-13 14:00:00
1713017700000,67658.49,67720.0,67586.0,67692.99,143.01484,2024-04-13 14:15:00
1713018600000,67692.99,67706.15,67369.67,67499.99,296.96463,2024-04-13 14:30:00
1713019500000,67499.99,67573.73,67390.8,67559.56,163.08705,2024-04-13 14:45:00
1713020400000,67559.57,67643.99,67437.8,67466.68,213.27013,2024-04-13 15:00:00
1713021300000,67466.67,67926.0,67466.67,67884.0,276.90377,2024-04-13 15:15:00
1713022200000,67884.31,67895.91,67733.33,67823.11,332.24414,2024-04-13 15:30:00
1713023100000,67823.11,67871.93,67639.72,67676.0,201.13996,2024-04-13 15:45:00
1713024000000,67675.99,67752.85,67433.61,67489.01,387.68719,2024-04-13 16:00:00
1713024900000,67489.01,67577.53,67224.0,67410.03,422.57579,2024-04-13 16:15:00
1713025800000,67410.03,67580.0,67388.0,67540.0,190.33849,2024-04-13 16:30:00
1713026700000,67539.99,67540.0,67333.33,67432.37,246.79703,2024-04-13 16:45:00
1713027600000,67432.38,67437.56,67020.74,67047.24,624.59544,2024-04-13 17:00:00
1713028500000,67047.25,67200.0,66600.0,66788.71,1110.79423,2024-04-13 17:15:00
1713029400000,66788.7,67044.0,66500.0,66972.0,829.60585,2024-04-13 17:30:00
1713030300000,66971.99,67066.67,66698.0,66730.87,397.17041,2024-04-13 17:45:00
1713031200000,66730.86,66800.0,66444.0,66738.38,954.14637,2024-04-13 18:00:00
1713032100000,66738.39,66980.0,66738.38,66875.29,449.6642,2024-04-13 18:15:00
1713033000000,66875.28,67178.3,66736.66,67144.0,417.89234,2024-04-13 18:30:00
1713033900000,67144.0,67243.47,66994.41,67156.27,336.61489,2024-04-13 18:45:00
1713034800000,67156.27,67219.79,67025.22,67025.22,205.95629,2024-04-13 19:00:00
1713035700000,67025.23,67054.95,66903.22,67048.81,168.38132,2024-04-13 19:15:00
1713036600000,67048.82,67241.55,66791.2,66791.2,276.4092,2024-04-13 19:30:00
1713037500000,66791.21,66814.57,63750.01,64788.01,5158.3422,2024-04-13 19:45:00
1713038400000,64788.01,64853.9,60660.57,62543.0,8491.63012,2024-04-13 20:00:00
1713039300000,62544.0,62768.15,61252.88,62097.45,4862.95765,2024-04-13 20:15:00
1713040200000,62096.23,62828.21,62065.44,62507.47,3259.79017,2024-04-13 20:30:00
1713041100000,62507.47,62580.0,61333.33,61816.02,3650.59513,2024-04-13 20:45:00
1713042000000,61816.01,62666.67,61816.01,62080.02,2449.22029,2024-04-13 21:00:00
1713042900000,62080.02,62319.14,61693.0,61794.11,1851.70681,2024-04-13 21:15:00
1713043800000,61794.11,62417.23,61750.0,62324.99,1105.5415,2024-04-13 21:30:00
1713044700000,62324.98,62959.48,62238.8,62928.01,1267.23062,2024-04-13 21:45:00
1713045600000,62928.0,62928.01,62118.56,62372.02,1152.59097,2024-04-13 22:00:00
1713046500000,62372.01,62908.62,62348.02,62791.06,965.07203,2024-04-13 22:15:00
1713047400000,62791.06,64615.38,62772.0,64558.38,2299.74327,2024-04-13 22:30:00
1713048300000,64558.37,64585.84,63909.09,64293.46,1623.84644,2024-04-13 22:45:00
1713049200000,64293.47,65608.09,64278.17,65019.19,2214.55398,2024-04-13 23:00:00
1713050100000,65019.19,65338.8,64158.19,64408.01,1592.31955,2024-04-13 23:15:00
1713051000000,64408.0,64695.62,64337.0,64340.48,897.42885,2024-04-13 23:30:00
1713051900000,64340.48,64586.2,63651.15,63924.51,1080.30538,2024-04-13 23:45:00
1713052800000,63924.52,64303.87,63747.53,63874.97,1277.41175,2024-04-14 00:00:00
1713053700000,63874.96,64030.31,62888.0,63556.99,1808.6983,2024-04-14 00:15:00
1713054600000,63557.0,64254.02,63486.76,64099.48,1072.81899,2024-04-14 00:30:00
1713055500000,64099.48,64271.61,63547.26,63672.18,827.83973,2024-04-14 00:45:00
1713056400000,63672.19,63796.85,63248.7,63508.57,832.584,2024-04-14 01:00:00
1713057300000,63508.56,63906.49,63417.01,63782.31,800.90769,2024-04-14 01:15:00
1713058200000,63782.31,64085.7,63711.34,63867.39,622.1128,2024-04-14 01:30:00
1713059100000,63867.4,63979.83,63651.84,63743.11,455.86332,2024-04-14 01:45:00
1713060000000,63743.1,63953.75,63588.0,63657.0,448.79695,2024-04-14 02:00:00
1713060900000,63657.0,63659.97,63317.0,63507.38,524.74599,2024-04-14 02:15:00
1713061800000,63507.37,63531.1,63042.87,63158.6,718.12014,2024-04-14 02:30:00
1713062700000,63158.6,63350.85,63016.23,63084.18,758.82802,2024-04-14 02:45:00
1713063600000,63084.18,63150.0,62134.0,62183.58,1540.12016,2024-04-14 03:00:00
1713064500000,62183.57,62832.24,62161.68,62735.62,1007.21877,2024-04-14 03:15:00
1713065400000,62735.61,63462.14,62700.0,63397.0,977.61815,2024-04-14 03:30:00
1713066300000,63396.99,63576.36,63060.6,63437.55,762.19771,2024-04-14 03:45:00
1713067200000,63437.55,63754.9,63394.0,63691.28,623.66882,2024-04-14 04:00:00
1713068100000,63691.29,64176.46,63671.64,64148.3,1136.40703,2024-04-14 04:15:00
1713069000000,64148.3,64148.3,63820.89,63941.63,612.28626,2024-04-14 04:30:00
1713069900000,63941.64,64107.94,63861.43,63956.99,477.88156,2024-04-14 04:45:00
1713070800000,63957.0,64412.37,63921.0,64388.7,684.20115,2024-04-14 05:00:00
1713071700000,64388.7,64415.26,64037.0,64268.1,514.40934,2024-04-14 05:15:00
1713072600000,64268.09,64466.0,64151.52,64405.5,601.76274,2024-04-14 05:30:00
1713073500000,64405.49,64460.09,64262.95,64383.99,509.60841,2024-04-14 05:45:00
1713074400000,64384.0,64436.49,64107.09,64217.63,540.00139,2024-04-14 06:00:00
1713075300000,64217.62,64668.14,64127.46,64656.1,531.47194,2024-04-14 06:15:00
1713076200000,64656.1,64872.96,64505.16,64833.92,791.10879,2024-04-14 06:30:00
1713077100000,64833.92,64856.99,64566.14,64649.96,593.43665,2024-04-14 06:45:00
1713078000000,64649.97,64837.07,64541.57,64648.97,526.39582,2024-04-14 07:00:00
1713078900000,64648.97,64806.02,64511.0,64580.01,405.55748,2024-04-14 07:15:00
1713079800000,64580.0,64738.48,64555.02,64578.08,342.70057,2024-04-14 07:30:00
1713080700000,64578.07,64597.0,64243.65,64464.3,776.47446,2024-04-14 07:45:00
1713081600000,64464.3,64625.8,64372.04,64601.16,343.51206,2024-04-14 08:00:00
1713082500000,64601.15,64850.0,64518.68,64847.32,565.69422,2024-04-14 08:15:00
1713083400000,64847.33,64887.99,64600.0,64650.0,481.02438,2024-04-14 08:30:00
1713084300000,64649.99,64650.0,64417.0,64530.67,446.2525,2024-04-14 08:45:00
1713085200000,64530.67,64721.65,64350.52,64408.02,574.36619,2024-04-14 09:00:00
1713086100000,64408.01,64460.5,64195.88,64340.76,427.0253,2024-04-14 09:15:00
1713087000000,64340.76,64454.55,63908.31,64088.03,697.22297,2024-04-14 09:30:00
1713087900000,64088.04,64220.44,63954.83,64134.19,481.14289,2024-04-14 09:45:00
1713088800000,64134.18,64345.94,64134.18,64303.04,462.16691,2024-04-14 10:00:00
1713089700000,64303.04,64328.19,64151.51,64292.3,287.59561,2024-04-14 10:15:00
1713090600000,64292.29,64659.8,64292.29,64516.39,408.48385,2024-04-14 10:30:00
1713091500000,64516.38,64594.5,64435.42,64457.23,250.02636,2024-04-14 10:45:00
1713092400000,64457.23,64591.44,64181.81,64239.16,382.56432,2024-04-14 11:00:00
1713093300000,64239.15,64252.6,63942.29,64110.13,580.18835,2024-04-14 11:15:00
1713094200000,64110.13,64200.0,63855.45,63870.0,481.32244,2024-04-14 11:30:00
1713095100000,63869.99,64194.87,63869.99,64166.05,474.33479,2024-04-14 11:45:00
1713096000000,64166.05,64418.81,64069.79,64213.56,611.81382,2024-04-14 12:00:00
1713096900000,64213.56,64471.3,64213.55,64230.82,426.05148,2024-04-14 12:15:00
1713097800000,64230.82,64507.0,64221.36,64492.26,323.41825,2024-04-14 12:30:00
1713098700000,64492.26,64848.49,64384.14,64525.25,566.50388,2024-04-14 12:45:00
1713099600000,64525.25,64845.37,64348.3,64693.81,508.01989,2024-04-14 13:00:00
1713100500000,64693.81,64783.51,64526.93,64597.9,411.55743,2024-04-14 13:15:00
1713101400000,64597.9,64642.36,64396.41,64464.3,393.92479,2024-04-14 13:30:00
1713102300000,64464.3,64567.02,64346.0,64373.42,377.19892,2024-04-14 13:45:00
1713103200000,64373.43,64400.0,63909.09,64036.56,991.6951,2024-04-14 14:00:00
1713104100000,64036.56,64110.0,63797.3,63999.99,1335.91111,2024-04-14 14:15:00
1713105000000,63999.99,64180.0,63437.55,63835.48,2185.6543,2024-04-14 14:30:00
1713105900000,63835.49,63969.33,63626.83,63918.01,853.43814,2024-04-14 14:45:00
1713106800000,63918.02,64156.39,63900.0,64006.31,475.19452,2024-04-14 15:00:00
1713107700000,64006.31,64450.0,63931.38,64327.39,433.03965,2024-04-14 15:15:00
1713108600000,64327.4,64475.37,64020.21,64106.2,375.54289,2024-04-14 15:30:00
1713109500000,64106.21,64212.13,64006.9,64180.97,309.68784,2024-04-14 15:45:00
1713110400000,64180.98,64393.94,64126.03,64349.73,346.91262,2024-04-14 16:00:00
1713111300000,64349.73,64697.0,64334.32,64628.73,482.08247,2024-04-14 16:15:00
1713112200000,64628.73,64747.25,64358.39,64439.92,402.412,2024-04-14 16:30:00
1713113100000,64439.92,64484.85,64319.58,64412.37,226.96913,2024-04-14 16:45:00
1713114000000,64412.38,64580.01,63582.08,63757.0,713.77767,2024-04-14 17:00:00
1713114900000,63757.0,63919.07,62573.66,63113.42,2421.29923,2024-04-14 17:15:00
1713115800000,63113.42,64212.13,63077.0,63874.29,1922.00304,2024-04-14 17:30:00
1713116700000,63874.3,64039.32,63579.99,63868.58,749.48593,2024-04-14 17:45:00
1713117600000,63868.57,64363.64,63757.0,64257.74,633.85985,2024-04-14 18:00:00
1713118500000,64257.75,64443.3,64080.1,64333.38,612.1398,2024-04-14 18:15:00
1713119400000,64333.37,64695.4,64312.98,64505.16,516.14381,2024-04-14 18:30:00
1713120300000,64505.15,64545.47,64350.51,64397.67,238.36064,2024-04-14 18:45:00
1713121200000,64397.67,64474.23,64079.26,64097.15,288.99499,2024-04-14 19:00:00
1713122100000,64097.14,64181.82,63940.3,64004.56,350.77866,2024-04-14 19:15:00
1713123000000,64004.57,64300.0,63957.31,64263.42,325.69068,2024-04-14 19:30:00
1713123900000,64263.41,64369.3,64137.01,64168.62,208.35249,2024-04-14 19:45:00
1713124800000,64168.62,64350.0,63943.79,64036.73,396.44538,2024-04-14 20:00:00
1713125700000,64036.73,64157.0,63986.33,64120.42,242.3187,2024-04-14 20:15:00
1713126600000,64120.43,64257.0,64060.6,64113.55,196.74644,2024-04-14 20:30:00
1713127500000,64113.55,64117.9,63699.2,63842.36,478.96195,2024-04-14 20:45:00
1713128400000,63842.35,63848.49,63546.39,63695.61,379.01888,2024-04-14 21:00:00
1713129300000,63695.62,63815.15,63326.42,63630.44,503.77687,2024-04-14 21:15:00
1713130200000,63630.45,63722.95,63422.95,63460.49,180.4891,2024-04-14 21:30:00
1713131100000,63460.48,63780.25,63438.45,63682.15,180.06345,2024-04-14 21:45:00
1713132000000,63682.15,65399.87,63641.79,64933.48,2063.27029,2024-04-14 22:00:00
1713132900000,64933.47,65396.83,64700.0,65306.7,716.79988,2024-04-14 22:15:00
1713133800000,65306.69,65463.56,65018.16,65130.32,862.00422,2024-04-14 22:30:00
1713134700000,65130.32,65366.81,64899.11,65330.3,551.30802,2024-04-14 22:45:00
1713135600000,65330.29,65377.0,65057.01,65345.68,449.97402,2024-04-14 23:00:00
1713136500000,65345.68,65840.0,65220.15,65532.02,853.07505,2024-04-14 23:15:00
1713137400000,65532.01,65772.69,65381.1,65765.17,541.49334,2024-04-14 23:30:00
1713138300000,65765.17,65765.17,65540.51,65661.84,539.33955,2024-04-14 23:45:00
1713139200000,65661.85,65867.45,65397.0,65712.77,728.42137,2024-04-15 00:00:00
1713140100000,65712.78,65743.44,65380.05,65489.37,474.98727,2024-04-15 00:15:00
1713141000000,65489.36,65720.31,65283.11,65630.6,572.69135,2024-04-15 00:30:00
1713141900000,65630.6,65743.03,65356.44,65485.23,662.19743,2024-04-15 00:45:00
1713142800000,65485.22,65527.12,65291.2,65386.96,456.30709,2024-04-15 01:00:00
1713143700000,65386.97,65573.18,65350.42,65572.97,301.84611,2024-04-15 01:15:00
1713144600000,65572.97,65706.53,65383.0,65383.01,321.67786,2024-04-15 01:30:00
1713145500000,65383.01,65383.01,65042.98,65275.62,419.01999,2024-04-15 01:45:00
1713146400000,65275.63,65361.47,65140.1,65140.12,597.65907,2024-04-15 02:00:00
1713147300000,65140.11,65309.71,65095.73,65214.6,264.85229,2024-04-15 02:15:00
1713148200000,65214.6,65272.4,64937.01,65074.47,345.98717,2024-04-15 02:30:00
1713149100000,65074.47,65207.33,64988.04,65129.74,207.28213,2024-04-15 02:45:00
1713150000000,65129.73,65307.9,65030.88,65199.98,221.58928,2024-04-15 03:00:00
1713150900000,65199.97,65307.82,65170.21,65226.07,211.72719,2024-04-15 03:15:00
1713151800000,65226.06,65323.77,65176.81,65323.41,213.67723,2024-04-15 03:30:00
1713152700000,65323.41,65323.42,65106.38,65138.19,221.21374,2024-04-15 03:45:00
1713153600000,65138.2,65170.22,64711.98,64791.83,426.95446,2024-04-15 04:00:00
1713154500000,64791.83,64943.0,64683.01,64943.0,239.38625,2024-04-15 04:15:00
1713155400000,64942.99,64988.81,64787.23,64904.3,376.48016,2024-04-15 04:30:00
1713156300000,64904.3,64943.0,64828.78,64906.14,200.87764,2024-04-15 04:45:00
1713157200000,64906.13,65059.97,64903.6,64955.73,222.01905,2024-04-15 05:00:00
1713158100000,64955.73,65195.15,64915.05,65111.73,245.46778,2024-04-15 05:15:00
1713159000000,65111.73,65383.84,65085.07,65252.81,293.53456,2024-04-15 05:30:00
1713159900000,65252.8,65512.2,65235.66,65466.74,462.25854,2024-04-15 05:45:00
1713160800000,65466.73,65695.13,65355.45,65624.31,473.09319,2024-04-15 06:00:00
1713161700000,65624.31,66382.98,65598.51,66339.51,1142.15327,2024-04-15 06:15:00
1713162600000,66339.51,66500.0,66142.08,66324.12,1183.09565,2024-04-15 06:30:00
1713163500000,66324.12,66558.78,66080.09,66463.63,1195.28673,2024-04-15 06:45:00
1713164400000,66463.63,66582.84,66213.41,66308.69,527.59157,2024-04-15 07:00:00
1713165300000,66308.68,66538.71,66220.11,66464.41,756.84985,2024-04-15 07:15:00
1713166200000,66464.42,66510.01,66308.36,66317.29,566.07054,2024-04-15 07:30:00
1713167100000,66317.28,66400.75,66151.41,66263.84,578.58702,2024-04-15 07:45:00
1713168000000,66263.84,66450.53,66064.48,66086.78,472.35048,2024-04-15 08:00:00
1713168900000,66086.77,66294.7,66069.99,66185.7,404.63814,2024-04-15 08:15:00
1713169800000,66185.7,66457.88,66184.75,66367.95,524.59432,2024-04-15 08:30:00
1713170700000,66367.96,66386.22,66167.64,66287.21,223.15317,2024-04-15 08:45:00
1713171600000,66287.22,66300.0,66119.12,66257.97,293.46219,2024-04-15 09:00:00
1713172500000,66257.97,66867.07,66242.85,66644.51,655.64741,2024-04-15 09:15:00
1713173400000,66644.5,66757.0,66512.0,66712.14,553.38119,2024-04-15 09:30:00
1713174300000,66712.14,66785.83,66546.33,66578.39,615.23904,2024-04-15 09:45:00
1713175200000,66578.39,66646.18,66450.68,66545.24,308.54634,2024-04-15 10:00:00
1713176100000,66545.25,66579.2,66378.03,66477.0,467.41114,2024-04-15 10:15:00
1713177000000,66477.0,66523.69,66400.55,66506.76,162.32844,2024-04-15 10:30:00
1713177900000,66506.77,66578.49,66445.79,66465.56,239.35266,2024-04-15 10:45:00
1713178800000,66465.57,66720.64,66191.48,66250.04,515.96161,2024-04-15 11:00:00
1713179700000,66250.05,66317.05,66100.15,66196.65,401.54615,2024-04-15 11:15:00
1713180600000,66196.66,66217.0,65840.8,65999.99,414.82432,2024-04-15 11:30:00
1713181500000,65999.99,66095.75,65807.25,65860.12,343.21134,2024-04-15 11:45:00
1713182400000,65860.12,66144.03,65797.73,66131.31,439.48162,2024-04-15 12:00:00
1713183300000,66131.32,66166.65,65883.26,66022.06,272.33091,2024-04-15 12:15:00
1713184200000,66022.07,66243.12,65900.0,66105.73,389.46295,2024-04-15 12:30:00
1713185100000,66105.74,66164.2,65992.75,66028.17,196.80791,2024-04-15 12:45:00
1713186000000,66028.17,66240.44,65904.25,66156.45,318.14174,2024-04-15 13:00:00
1713186900000,66156.45,66257.0,66025.9,66150.0,241.76382,2024-04-15 13:15:00
1713187800000,66149.99,66267.14,65809.13,66228.97,556.03156,2024-04-15 13:30:00
1713188700000,66228.97,66399.0,65684.65,65865.77,815.87223,2024-04-15 13:45:00
1713189600000,65865.78,65977.0,65178.75,65205.43,971.84956,2024-04-15 14:00:00
1713190500000,65205.43,65557.0,65149.25,65359.21,789.92309,2024-04-15 14:15:00
1713191400000,65359.21,65457.0,64700.02,64848.18,1073.9326,2024-04-15 14:30:00
1713192300000,64848.17,64921.92,64183.99,64235.24,1812.05583,2024-04-15 14:45:00
1713193200000,64235.25,64512.86,63810.0,64509.2,1506.69965,2024-04-15 15:00:00
1713194100000,64509.2,64792.88,64342.9,64656.65,808.4362,2024-04-15 15:15:00
1713195000000,64656.66,64705.58,64300.0,64332.79,852.3645,2024-04-15 15:30:00
1713195900000,64332.79,64673.21,64306.39,64568.81,852.62486,2024-04-15 15:45:00
1713196800000,64568.8,64868.28,64462.19,64537.02,575.93472,2024-04-15 16:00:00
1713197700000,64537.02,64587.86,64049.56,64114.74,763.9401,2024-04-15 16:15:00
1713198600000,64114.73,64351.83,63892.88,64138.36,972.09811,2024-04-15 16:30:00
1713199500000,64138.35,64309.83,64010.0,64148.61,546.53235,2024-04-15 16:45:00
1713200400000,64148.61,64745.2,64100.0,64519.75,674.68835,2024-04-15 17:00:00
1713201300000,64519.75,64550.0,63618.77,63797.68,967.87034,2024-04-15 17:15:00
1713202200000,63797.69,64170.74,63688.12,63694.4,773.7782,2024-04-15 17:30:00
1713203100000,63694.41,64039.91,63310.99,63908.48,1047.88555,2024-04-15 17:45:00
1713204000000,63908.48,64060.34,63737.18,63742.15,451.5284,2024-04-15 18:00:00
1713204900000,63742.15,63742.15,63111.0,63476.99,1029.43696,2024-04-15 18:15:00
1713205800000,63476.99,63863.22,63295.41,63853.35,815.50224,2024-04-15 18:30:00
1713206700000,63853.34,63875.0,63129.0,63170.87,665.77484,2024-04-15 18:45:00
1713207600000,63170.86,63195.13,62274.4,63021.88,1753.32839,2024-04-15 19:00:00
1713208500000,63021.87,63307.69,62597.0,63123.71,749.15845,2024-04-15 19:15:00
1713209400000,63123.7,63471.7,63040.57,63320.32,819.67308,2024-04-15 19:30:00
1713210300000,63320.33,63632.5,63292.63,63301.11,592.13318,2024-04-15 19:45:00
1713211200000,63301.11,63633.02,63289.2,63441.64,470.88551,2024-04-15 20:00:00
1713212100000,63441.63,63455.53,62942.82,63270.31,534.95606,2024-04-15 20:15:00
1713213000000,63270.31,63397.27,63139.11,63319.34,268.56428,2024-04-15 20:30:00
1713213900000,63319.35,63319.35,62982.32,63112.96,309.97183,2024-04-15 20:45:00
1713214800000,63112.96,63474.55,63112.96,63295.74,307.87605,2024-04-15 21:00:00
1713215700000,63295.74,63326.08,62666.0,63028.63,540.72938,2024-04-15 21:15:00
1713216600000,63028.63,63028.63,62632.0,62911.81,407.76212,2024-04-15 21:30:00
1713217500000,62911.82,63363.37,62909.25,63262.94,273.30061,2024-04-15 21:45:00
1713218400000,63262.94,63285.9,62900.0,62986.59,447.41499,2024-04-15 22:00:00
1713219300000,62986.58,63054.89,62700.0,63048.0,363.86115,2024-04-15 22:15:00
1713220200000,63048.0,63527.31,63032.01,63387.56,454.90924,2024-04-15 22:30:00
1713221100000,63387.57,63459.99,63209.68,63459.98,239.38422,2024-04-15 22:45:00
1713222000000,63459.98,63540.61,63340.62,63540.61,247.56769,2024-04-15 23:00:00
1713222900000,63540.61,63558.0,63179.21,63288.84,304.18982,2024-04-15 23:15:00
1713223800000,63288.85,63440.0,63210.62,63440.0,176.96244,2024-04-15 23:30:00
1713224700000,63440.0,63525.34,63318.68,63419.99,237.66224,2024-04-15 23:45:00
1713225600000,63419.99,63581.83,63308.0,63581.83,348.94723,2024-04-16 00:00:00
1713226500000,63581.82,63719.98,63228.01,63268.0,489.54566,2024-04-16 00:15:00
1713227400000,63268.0,63388.0,63038.0,63062.54,370.33457,2024-04-16 00:30:00
1713228300000,63062.53,63255.48,62933.33,63254.74,270.52513,2024-04-16 00:45:00
1713229200000,63254.74,63551.75,63089.0,63516.0,340.26471,2024-04-16 01:00:00
1713230100000,63515.99,63718.16,63407.97,63624.0,348.5144,2024-04-16 01:15:00
1713231000000,63624.01,63899.69,63355.65,63508.0,396.45768,2024-04-16 01:30:00
1713231900000,63508.0,63554.48,63116.73,63147.5,370.92199,2024-04-16 01:45:00
1713232800000,63147.5,63174.38,62842.06,63068.0,467.25696,2024-04-16 02:00:00
1713233700000,63068.0,63116.0,62750.0,62795.53,530.49148,2024-04-16 02:15:00
1713234600000,62795.53,63253.23,62795.52,63225.94,327.1068,2024-04-16 02:30:00
1713235500000,63225.94,63500.0,63164.63,63401.55,316.9055,2024-04-16 02:45:00
1713236400000,63401.56,63554.99,63319.0,63438.0,291.43252,2024-04-16 03:00:00
1713237300000,63438.01,63438.01,63100.0,63140.0,459.14184,2024-04-16 03:15:00
1713238200000,63139.99,63170.0,62872.0,62885.34,345.68865,2024-04-16 03:30:00
1713239100000,62885.33,63112.23,62799.32,62956.0,1106.52316,2024-04-16 03:45:00
1713240000000,62956.0,63029.13,62304.29,62504.39,1655.08735,2024-04-16 04:00:00
1713240900000,62504.39,62691.82,62271.0,62431.66,1171.58692,2024-04-16 04:15:00
1713241800000,62431.66,62643.47,62000.0,62061.33,1117.60809,2024-04-16 04:30:00
1713242700000,62061.32,62487.0,61680.0,62487.0,1290.4329,2024-04-16 04:45:00
1713243600000,62487.0,62615.04,62366.44,62524.6,725.658,2024-04-16 05:00:00
1713244500000,62524.6,62739.34,62467.28,62698.72,462.68621,2024-04-16 05:15:00
1713245400000,62698.71,62812.74,62610.19,62797.22,384.10167,2024-04-16 05:30:00
1713246300000,62797.23,62888.0,62582.55,62700.41,478.90709,2024-04-16 05:45:00
1713247200000,62700.41,62949.87,62636.73,62843.73,375.54932,2024-04-16 06:00:00
1713248100000,62843.73,63075.64,62810.0,62941.74,442.68485,2024-04-16 06:15:00
1713249000000,62941.74,63043.18,62863.62,62964.99,269.88459,2024-04-16 06:30:00
1713249900000,62965.0,63254.88,62964.99,63195.12,349.41093,2024-04-16 06:45:00
1713250800000,63195.13,63270.32,63104.4,63169.68,313.19305,2024-04-16 07:00:00
1713251700000,63169.68,63422.04,63124.09,63288.76,365.81462,2024-04-16 07:15:00
1713252600000,63288.75,63800.0,63204.49,63322.63,1017.67691,2024-04-16 07:30:00
1713253500000,63322.63,63578.3,63271.81,63516.19,473.42929,2024-04-16 07:45:00
1713254400000,63516.18,63660.0,63344.43,63369.99,428.77997,2024-04-16 08:00:00
1713255300000,63369.99,63395.59,63199.05,63241.99,450.01848,2024-04-16 08:15:00
1713256200000,63241.99,63415.0,63151.71,63165.35,251.61083,2024-04-16 08:30:00
1713257100000,63165.35,63331.21,63077.02,63288.48,309.00788,2024-04-16 08:45:00
1713258000000,63288.48,63461.01,63241.01,63290.01,276.29636,2024-04-16 09:00:00
1713258900000,63290.0,63578.34,63259.6,63493.21,267.86896,2024-04-16 09:15:00
1713259800000,63493.21,63547.26,63329.74,63331.01,213.47095,2024-04-16 09:30:00
1713260700000,63331.0,63373.23,63198.67,63242.19,318.08287,2024-04-16 09:45:00
1713261600000,63242.18,63340.66,63095.8,63158.06,416.56843,2024-04-16 10:00:00
1713262500000,63158.05,63158.06,61750.0,61899.99,1974.82633,2024-04-16 10:15:00
1713263400000,61899.99,62499.86,61600.0,62310.8,1916.75511,2024-04-16 10:30:00
1713264300000,62310.8,62641.5,62290.6,62559.23,628.41646,2024-04-16 10:45:00
1713265200000,62559.22,62843.96,62486.67,62692.24,576.48398,2024-04-16 11:00:00
1713266100000,62692.23,62779.6,62451.55,62592.96,365.27616,2024-04-16 11:15:00
1713267000000,62592.96,62717.64,62366.44,62440.61,402.29669,2024-04-16 11:30:00
1713267900000,62440.61,63269.95,62436.08,63094.77,764.95961,2024-04-16 11:45:00
1713268800000,63094.76,63094.77,62811.87,62943.05,449.72841,2024-04-16 12:00:00
1713269700000,62943.04,63236.52,62815.0,63174.38,308.46607,2024-04-16 12:15:00
1713270600000,63174.38,63422.97,63072.57,63138.99,485.6597,2024-04-16 12:30:00
1713271500000,63139.0,63198.16,62910.33,63047.89,416.81019,2024-04-16 12:45:00
1713272400000,63047.88,63221.35,62871.52,62979.9,392.44868,2024-04-16 13:00:00
1713273300000,62979.89,63342.52,62658.26,63175.78,635.59096,2024-04-16 13:15:00
1713274200000,63175.78,63330.22,62319.0,62551.3,1443.56391,2024-04-16 13:30:00
1713275100000,62551.31,62756.0,62136.28,62692.41,1309.74461,2024-04-16 13:45:00
1713276000000,62692.41,62908.82,62459.68,62880.41,734.96775,2024-04-16 14:00:00
1713276900000,62880.41,63100.0,62397.52,62424.17,823.70402,2024-04-16 14:15:00
1713277800000,62424.18,62569.28,62020.01,62501.9,897.45164,2024-04-16 14:30:00
1713278700000,62501.89,62570.71,62082.46,62092.13,581.11891,2024-04-16 14:45:00
1713279600000,62092.12,62415.0,61888.0,62004.27,792.81304,2024-04-16 15:00:00
1713280500000,62004.27,62374.83,61947.03,62259.21,553.70181,2024-04-16 15:15:00
1713281400000,62259.2,62314.96,61858.72,61947.16,697.95736,2024-04-16 15:30:00
1713282300000,61947.15,62065.01,61735.42,61762.2,851.99798,2024-04-16 15:45:00
1713283200000,61762.19,62002.1,61700.0,61922.51,720.46696,2024-04-16 16:00:00
1713284100000,61922.51,62110.64,61694.02,61868.29,619.59897,2024-04-16 16:15:00
1713285000000,61868.29,62219.15,61753.33,62096.31,611.10897,2024-04-16 16:30:00
1713285900000,62096.31,62730.9,61992.05,62730.9,1064.65874,2024-04-16 16:45:00
1713286800000,62730.89,62991.31,62515.0,62798.79,895.16333,2024-04-16 17:00:00
1713287700000,62798.8,63280.75,62754.03,63011.48,824.13059,2024-04-16 17:15:00
1713288600000,63011.48,63027.98,62535.8,62817.99,840.31391,2024-04-16 17:30:00
1713289500000,62817.99,62913.1,62282.01,62490.36,690.31588,2024-04-16 17:45:00
1713290400000,62490.37,63041.85,62427.24,62774.8,673.97123,2024-04-16 18:00:00
1713291300000,62774.8,62784.36,62487.96,62674.57,632.61295,2024-04-16 18:15:00
1713292200000,62674.57,62918.89,62650.94,62747.75,468.28501,2024-04-16 18:30:00
1713293100000,62747.76,63004.2,62705.34,63003.92,464.39881,2024-04-16 18:45:00
1713294000000,63003.93,63094.8,62843.92,62873.44,350.06943,2024-04-16 19:00:00
1713294900000,62873.44,63072.29,62772.41,62958.05,301.6323,2024-04-16 19:15:00
1713295800000,62958.05,62961.01,62648.26,62680.81,327.84459,2024-04-16 19:30:00
1713296700000,62680.8,62805.09,62650.55,62721.43,454.80612,2024-04-16 19:45:00
1713297600000,62721.43,62829.27,62555.0,62701.24,278.94503,2024-04-16 20:00:00
1713298500000,62701.24,62924.42,62685.75,62924.42,150.32734,2024-04-16 20:15:00
1713299400000,62924.42,62960.8,62839.32,62884.11,215.64956,2024-04-16 20:30:00
1713300300000,62884.1,63050.0,62829.11,63019.72,192.83093,2024-04-16 20:45:00
1713301200000,63019.73,63447.5,62973.83,63263.62,443.24255,2024-04-16 21:00:00
1713302100000,63263.62,63780.0,63221.35,63659.15,681.82549,2024-04-16 21:15:00
1713303000000,63659.15,63993.26,63543.63,63975.79,544.06259,2024-04-16 21:30:00
1713303900000,63975.79,64365.0,63915.19,64007.12,758.26827,2024-04-16 21:45:00
1713304800000,64007.11,64080.0,63781.82,63848.4,458.57025,2024-04-16 22:00:00
1713305700000,63848.41,63848.41,63613.71,63678.82,175.91924,2024-04-16 22:15:00
1713306600000,63678.83,63805.2,63656.88,63695.27,186.4656,2024-04-16 22:30:00
1713307500000,63695.26,63824.08,63688.01,63782.57,152.65374,2024-04-16 22:45:00
1713308400000,63782.56,63814.94,63623.32,63702.63,139.53359,2024-04-16 23:00:00
1713309300000,63702.63,63876.64,63690.02,63833.85,151.03398,2024-04-16 23:15:00
1713310200000,63833.84,63843.25,63720.35,63829.89,175.91891,2024-04-16 23:30:00
1713311100000,63829.88,63829.89,63641.89,63793.39,180.45427,2024-04-16 23:45:00
1713312000000,63793.4,63822.14,63581.16,63690.75,538.16261,2024-04-17 00:00:00
1713312900000,63690.75,63865.0,63592.4,63727.33,407.2551,2024-04-17 00:15:00
1713313800000,63727.33,63813.29,63673.67,63806.14,183.51758,2024-04-17 00:30:00
1713314700000,63806.15,64239.67,63801.68,64022.59,381.54615,2024-04-17 00:45:00
1713315600000,64022.6,64024.1,63651.27,63753.55,300.23279,2024-04-17 01:00:00
1713316500000,63753.54,63950.02,63615.0,63949.99,252.84127,2024-04-17 01:15:00
1713317400000,63949.99,63950.02,63771.9,63835.6,149.41462,2024-04-17 01:30:00
1713318300000,63835.61,64048.79,63786.0,64017.64,175.55283,2024-04-17 01:45:00
1713319200000,64017.64,64295.0,63989.16,64072.39,447.77418,2024-04-17 02:00:00
1713320100000,64072.39,64080.55,63750.01,63849.16,225.57943,2024-04-17 02:15:00
1713321000000,63849.15,63964.36,63816.05,63884.83,159.21951,2024-04-17 02:30:00
1713321900000,63884.83,63911.23,63694.28,63840.08,583.10972,2024-04-17 02:45:00
1713322800000,63840.09,64026.79,63802.5,64014.78,144.89507,2024-04-17 03:00:00
1713323700000,64014.78,64067.41,63938.14,64016.47,149.66221,2024-04-17 03:15:00
1713324600000,64016.48,64048.79,63915.19,63915.19,143.73505,2024-04-17 03:30:00
1713325500000,63915.19,63926.16,63733.92,63842.02,165.60311,2024-04-17 03:45:00
1713326400000,63842.03,63896.29,63767.64,63807.5,155.71641,2024-04-17 04:00:00
1713327300000,63807.5,63817.18,63672.26,63780.92,151.90238,2024-04-17 04:15:00
1713328200000,63780.92,64205.0,63780.92,64117.9,305.95272,2024-04-17 04:30:00
1713329100000,64117.9,64247.55,64067.03,64101.11,312.9482,2024-04-17 04:45:00
1713330000000,64101.11,64285.0,64021.0,64274.99,271.53207,2024-04-17 05:00:00
1713330900000,64274.99,64499.0,64143.41,64197.48,462.61473,2024-04-17 05:15:00
1713331800000,64197.48,64305.45,64080.14,64081.37,200.34079,2024-04-17 05:30:00
1713332700000,64081.38,64081.38,63827.72,63928.01,328.41911,2024-04-17 05:45:00
1713333600000,63928.01,63960.65,63781.19,63899.53,337.88302,2024-04-17 06:00:00
1713334500000,63899.52,63921.4,63735.2,63844.61,358.2571,2024-04-17 06:15:00
1713335400000,63844.61,64000.0,63830.78,63958.7,115.20205,2024-04-17 06:30:00
1713336300000,63958.7,63958.71,63833.39,63880.92,238.69253,2024-04-17 06:45:00
1713337200000,63880.92,63935.56,63268.0,63524.91,782.42019,2024-04-17 07:00:00
1713338100000,63524.92,63626.09,63368.59,63606.54,318.96665,2024-04-17 07:15:00
1713339000000,63606.54,63635.43,63477.27,63585.87,210.94089,2024-04-17 07:30:00
1713339900000,63585.86,63606.14,63181.81,63297.84,219.05935,2024-04-17 07:45:00
1713340800000,63297.85,63578.29,63289.33,63465.61,413.40677,2024-04-17 08:00:00
1713341700000,63465.61,63584.0,63320.0,63583.99,248.57487,2024-04-17 08:15:00
1713342600000,63583.99,63587.88,63372.38,63400.0,128.14077,2024-04-17 08:30:00
1713343500000,63400.0,63409.08,63150.1,63325.75,274.58343,2024-04-17 08:45:00
1713344400000,63325.76,63514.32,63265.07,63415.47,153.72212,2024-04-17 09:00:00
1713345300000,63415.47,63539.99,63390.05,63503.91,165.21627,2024-04-17 09:15:00
1713346200000,63503.91,63534.41,63299.84,63344.33,241.21981,2024-04-17 09:30:00
1713347100000,63344.33,63389.37,63227.82,63320.16,289.7138,2024-04-17 09:45:00
1713348000000,63320.16,63338.72,62752.31,62898.6,749.31605,2024-04-17 10:00:00
1713348900000,62898.6,63060.0,62763.25,62963.3,395.65567,2024-04-17 10:15:00
1713349800000,62963.29,63092.63,62888.24,62954.07,222.08287,2024-04-17 10:30:00
1713350700000,62954.07,62960.67,62823.97,62898.04,201.87196,2024-04-17 10:45:00
1713351600000,62898.05,63064.42,62893.43,63025.45,174.23096,2024-04-17 11:00:00
1713352500000,63025.46,63163.11,62954.14,62988.5,168.16575,2024-04-17 11:15:00
1713353400000,62988.49,63064.94,62882.33,63015.3,166.28214,2024-04-17 11:30:00
1713354300000,63015.3,63015.3,62541.13,62595.04,536.67406,2024-04-17 11:45:00
1713355200000,62595.04,62836.12,62595.03,62662.72,299.44843,2024-04-17 12:00:00
1713356100000,62662.71,62805.37,62336.35,62428.16,523.08022,2024-04-17 12:15:00
1713357000000,62428.17,62496.29,62061.44,62260.72,717.2671,2024-04-17 12:30:00
1713357900000,62260.71,62413.25,62151.95,62317.75,415.80397,2024-04-17 12:45:00
1713358800000,62317.76,62456.65,62143.86,62214.41,347.08852,2024-04-17 13:00:00
1713359700000,62214.41,62379.03,62128.99,62338.44,382.52318,2024-04-17 13:15:00
1713360600000,62338.45,62974.88,62229.23,62755.35,683.40526,2024-04-17 13:30:00
1713361500000,62755.35,62968.0,62601.39,62635.88,756.70446,2024-04-17 13:45:00
1713362400000,62635.88,62657.55,61875.0,62115.23,1220.05215,2024-04-17 14:00:00
1713363300000,62115.22,62158.54,61034.57,61492.65,2730.86909,2024-04-17 14:15:00
1713364200000,61492.65,61867.78,60741.0,61833.31,2301.18871,2024-04-17 14:30:00
1713365100000,61833.3,61957.98,61098.14,61279.66,1111.10416,2024-04-17 14:45:00
1713366000000,61279.65,61538.35,60743.71,60802.94,1328.22456,2024-04-17 15:00:00
1713366900000,60798.37,61113.8,60423.21,60423.21,1844.06673,2024-04-17 15:15:00
1713367800000,60423.22,60600.0,59888.0,60448.08,3280.69165,2024-04-17 15:30:00
1713368700000,60448.07,60715.05,60086.14,60304.95,1760.04449,2024-04-17 15:45:00
1713369600000,60304.95,61050.0,59678.16,60977.04,2348.90546,2024-04-17 16:00:00
1713370500000,60977.05,61100.0,60438.61,60751.83,1414.22803,2024-04-17 16:15:00
1713371400000,60751.84,60779.38,60050.0,60100.57,1255.51396,2024-04-17 16:30:00
1713372300000,60100.58,60442.85,59901.11,60194.95,756.83438,2024-04-17 16:45:00
1713373200000,60194.96,60572.66,60119.11,60357.24,627.46041,2024-04-17 17:00:00
1713374100000,60357.25,60800.0,60357.24,60765.3,636.75823,2024-04-17 17:15:00
1713375000000,60765.3,60909.15,60578.11,60753.09,555.22221,2024-04-17 17:30:00
1713375900000,60753.08,61365.98,60607.22,61275.37,701.86097,2024-04-17 17:45:00
1713376800000,61275.36,61780.0,61159.42,61659.04,1099.30504,2024-04-17 18:00:00
1713377700000,61659.05,61956.42,61518.01,61790.73,748.05177,2024-04-17 18:15:00
1713378600000,61790.73,61852.69,61435.57,61819.1,702.79124,2024-04-17 18:30:00
1713379500000,61819.09,61819.1,61386.71,61445.57,350.63888,2024-04-17 18:45:00
1713380400000,61445.57,61473.94,61052.92,61159.42,498.11378,2024-04-17 19:00:00
1713381300000,61159.43,61268.0,60900.0,60997.51,410.13636,2024-04-17 19:15:00
1713382200000,60997.51,61232.32,60727.38,60958.81,431.65932,2024-04-17 19:30:00
1713383100000,60958.8,61325.95,60910.62,61022.35,552.84347,2024-04-17 19:45:00
1713384000000,61022.36,61233.56,60918.24,61037.95,430.83128,2024-04-17 20:00:00
1713384900000,61037.96,61446.09,61000.0,61363.55,267.30636,2024-04-17 20:15:00
1713385800000,61363.55,61457.58,61149.99,61153.93,202.72266,2024-04-17 20:30:00
1713386700000,61153.93,61245.93,60777.0,60846.79,306.55009,2024-04-17 20:45:00
1713387600000,60846.79,61514.18,60846.78,61448.36,311.90384,2024-04-17 21:00:00
1713388500000,61448.36,61660.05,61345.17,61389.8,427.276,2024-04-17 21:15:00
1713389400000,61389.8,61544.49,61024.09,61118.0,291.05171,2024-04-17 21:30:00
1713390300000,61117.99,61340.7,61067.88,61300.92,217.50977,2024-04-17 21:45:00
1713391200000,61300.93,61355.08,61160.34,61263.55,263.83773,2024-04-17 22:00:00
1713392100000,61263.55,61418.0,61254.2,61380.0,167.76842,2024-04-17 22:15:00
1713393000000,61380.01,61601.8,61364.61,61507.26,242.24331,2024-04-17 22:30:00
1713393900000,61507.26,61719.29,61478.26,61689.94,216.15594,2024-04-17 22:45:00
1713394800000,61689.95,61763.07,61544.11,61582.79,214.08136,2024-04-17 23:00:00
1713395700000,61582.79,61582.8,61255.14,61275.36,232.23561,2024-04-17 23:15:00
1713396600000,61275.36,61367.16,61194.93,61321.95,189.01628,2024-04-17 23:30:00
1713397500000,61321.94,61377.0,61239.61,61277.37,130.36182,2024-04-17 23:45:00
1713398400000,61277.38,61490.8,61059.98,61118.0,508.23048,2024-04-18 00:00:00
1713399300000,61118.0,61225.72,60939.92,61168.01,472.48527,2024-04-18 00:15:00
1713400200000,61168.0,61272.0,60948.82,61212.0,337.50554,2024-04-18 00:30:00
1713401100000,61212.0,61525.91,61190.46,61514.69,326.17237,2024-04-18 00:45:00
1713402000000,61514.68,61666.0,61486.87,61587.99,312.37569,2024-04-18 01:00:00
1713402900000,61588.0,61641.72,61382.92,61592.0,357.89561,2024-04-18 01:15:00
1713403800000,61592.0,61592.0,61420.28,61522.0,265.13062,2024-04-18 01:30:00
1713404700000,61522.01,61655.5,61450.75,61639.26,181.49739,2024-04-18 01:45:00
1713405600000,61639.26,61920.0,61576.64,61722.51,260.22654,2024-04-18 02:00:00
1713406500000,61722.51,61722.52,61457.73,61510.0,204.65385,2024-04-18 02:15:00
1713407400000,61510.0,61704.75,61491.0,61607.54,166.22054,2024-04-18 02:30:00
1713408300000,61607.54,61696.37,61552.0,61666.43,172.64636,2024-04-18 02:45:00
1713409200000,61666.42,62150.85,61666.42,62073.4,456.52413,2024-04-18 03:00:00
1713410100000,62073.39,62200.99,61925.95,61942.12,328.77492,2024-04-18 03:15:00
1713411000000,61942.12,62229.9,61847.49,62039.3,486.92388,2024-04-18 03:30:00
1713411900000,62039.3,62090.0,61942.04,61988.0,274.79443,2024-04-18 03:45:00
1713412800000,61987.99,62075.46,61923.91,61923.92,347.90011,2024-04-18 04:00:00
1713413700000,61923.92,62047.99,61800.67,62028.01,178.33009,2024-04-18 04:15:00
1713414600000,62028.0,62060.0,61750.98,61788.0,275.10739,2024-04-18 04:30:00
1713415500000,61788.01,61788.01,61556.47,61640.06,329.75708,2024-04-18 04:45:00
1713416400000,61640.06,61735.53,61608.22,61612.94,260.8138,2024-04-18 05:00:00
1713417300000,61612.95,61722.4,61606.56,61710.37,135.94019,2024-04-18 05:15:00
1713418200000,61710.37,61814.61,61246.37,61363.26,665.75812,2024-04-18 05:30:00
1713419100000,61363.26,61420.29,60992.0,61072.02,467.46955,2024-04-18 05:45:00
1713420000000,61072.02,61320.0,61012.29,61228.0,490.84692,2024-04-18 06:00:00
1713420900000,61227.99,61286.5,61001.01,61153.67,354.83518,2024-04-18 06:15:00
1713421800000,61153.66,61169.0,60803.35,60900.01,477.47857,2024-04-18 06:30:00
1713422700000,60900.01,61147.83,60900.0,61147.83,324.17991,2024-04-18 06:45:00
1713423600000,61147.82,61307.79,61076.0,61223.54,196.09728,2024-04-18 07:00:00
1713424500000,61223.54,61362.32,61164.01,61188.4,245.05507,2024-04-18 07:15:00
1713425400000,61188.4,61223.52,60941.17,61056.82,353.55869,2024-04-18 07:30:00
1713426300000,61056.83,61307.3,61056.82,61178.08,286.48839,2024-04-18 07:45:00
1713427200000,61178.08,61270.68,60876.0,60968.62,332.95077,2024-04-18 08:00:00
1713428100000,60968.63,61138.81,60864.0,61138.8,478.5323,2024-04-18 08:15:00
1713429000000,61138.81,61550.0,61138.81,61410.75,610.60292,2024-04-18 08:30:00
1713429900000,61410.74,61478.27,61277.77,61335.99,283.33465,2024-04-18 08:45:00
1713430800000,61335.99,61710.14,61320.34,61538.32,460.38073,2024-04-18 09:00:00
1713431700000,61538.33,61580.55,61430.0,61472.8,287.55165,2024-04-18 09:15:00
1713432600000,61472.8,61602.74,61362.31,61404.33,217.06832,2024-04-18 09:30:00
1713433500000,61404.33,61636.51,61384.14,61636.5,212.79298,2024-04-18 09:45:00
1713434400000,61636.51,61696.36,61513.79,61541.95,257.33994,2024-04-18 10:00:00
1713435300000,61541.95,61700.0,61500.0,61657.8,281.65369,2024-04-18 10:15:00
1713436200000,61657.8,61783.81,61598.53,61606.56,417.45284,2024-04-18 10:30:00
1713437100000,61606.57,61925.63,61606.56,61821.75,415.96303,2024-04-18 10:45:00
1713438000000,61821.76,62471.99,61821.75,62405.49,1410.00595,2024-04-18 11:00:00
1713438900000,62405.48,63072.27,62400.0,62933.34,2066.01773,2024-04-18 11:15:00
1713439800000,62933.34,63072.0,62624.08,62630.9,668.19184,2024-04-18 11:30:00
1713440700000,62630.9,62763.57,62547.75,62597.92,454.19487,2024-04-18 11:45:00
1713441600000,62597.92,62730.18,62322.76,62439.51,506.86046,2024-04-18 12:00:00
1713442500000,62439.52,62460.58,62111.0,62120.19,312.43874,2024-04-18 12:15:00
1713443400000,62120.2,62264.97,61580.71,62257.33,1003.36716,2024-04-18 12:30:00
1713444300000,62257.32,62307.97,62025.54,62232.96,342.0158,2024-04-18 12:45:00
1713445200000,62232.96,62374.18,62106.87,62236.2,385.2803,2024-04-18 13:00:00
1713446100000,62236.2,62476.0,62085.4,62420.73,407.3131,2024-04-18 13:15:00
1713447000000,62420.73,62560.64,61896.9,62376.02,859.22987,2024-04-18 13:30:00
1713447900000,62376.02,62833.34,62304.73,62810.0,975.33413,2024-04-18 13:45:00
1713448800000,62810.01,63471.42,62564.91,63462.04,1684.15791,2024-04-18 14:00:00
1713449700000,63462.04,63840.0,63326.0,63681.31,1731.36133,2024-04-18 14:15:00
1713450600000,63681.31,63970.81,63468.04,63705.21,1201.59562,2024-04-18 14:30:00
1713451500000,63705.22,63833.7,63385.34,63816.57,762.8117,2024-04-18 14:45:00
1713452400000,63816.56,64117.09,63692.3,63884.08,1220.62725,2024-04-18 15:00:00
1713453300000,63884.09,63963.04,63558.82,63573.13,659.02378,2024-04-18 15:15:00
1713454200000,63573.14,63779.5,63523.61,63696.25,675.29796,2024-04-18 15:30:00
1713455100000,63696.26,63700.0,63427.47,63498.7,452.53146,2024-04-18 15:45:00
1713456000000,63498.69,63597.0,63282.48,63383.49,509.86299,2024-04-18 16:00:00
1713456900000,63383.5,63866.19,63300.0,63803.18,501.66299,2024-04-18 16:15:00
1713457800000,63803.19,63807.02,63471.55,63542.82,516.30995,2024-04-18 16:30:00
1713458700000,63542.81,63641.05,63376.0,63536.72,321.76385,2024-04-18 16:45:00
1713459600000,63536.71,63624.38,63327.55,63505.35,346.02812,2024-04-18 17:00:00
1713460500000,63505.34,63550.82,63234.0,63378.92,364.25444,2024-04-18 17:15:00
1713461400000,63378.91,63432.12,63102.91,63197.55,355.22582,2024-04-18 17:30:00
1713462300000,63197.55,63282.49,62628.6,62782.75,796.0209,2024-04-18 17:45:00
1713463200000,62782.74,62907.68,62310.03,62386.55,678.64519,2024-04-18 18:00:00
1713464100000,62386.55,63030.56,62376.0,62910.33,539.31998,2024-04-18 18:15:00
1713465000000,62910.33,63200.84,62735.4,63181.8,416.8855,2024-04-18 18:30:00
1713465900000,63181.81,63219.0,62991.78,63104.68,298.50585,2024-04-18 18:45:00
1713466800000,63104.67,63446.16,63095.5,63138.46,582.70228,2024-04-18 19:00:00
1713467700000,63138.45,63415.39,63107.69,63254.74,370.01546,2024-04-18 19:15:00
1713468600000,63254.75,63420.0,63195.42,63303.11,259.51135,2024-04-18 19:30:00
1713469500000,63303.11,63576.0,63214.61,63477.04,526.80825,2024-04-18 19:45:00
1713470400000,63477.04,63526.0,63272.0,63450.0,440.40454,2024-04-18 20:00:00
1713471300000,63450.0,63524.84,63363.34,63476.92,273.17129,2024-04-18 20:15:00
1713472200000,63476.93,63536.21,63372.0,63514.48,277.96278,2024-04-18 20:30:00
1713473100000,63514.48,63637.5,63409.09,63490.98,272.26369,2024-04-18 20:45:00
1713474000000,63490.99,63663.86,63426.0,63625.64,244.41628,2024-04-18 21:00:00
1713474900000,63625.65,63825.74,63343.95,63378.92,342.90547,2024-04-18 21:15:00
1713475800000,63378.92,63630.0,63313.02,63607.45,156.95277,2024-04-18 21:30:00
1713476700000,63607.44,63692.31,63426.0,63473.28,163.87637,2024-04-18 21:45:00
1713477600000,63473.27,63592.0,63326.89,63392.03,280.31777,2024-04-18 22:00:00
1713478500000,63392.03,63425.99,63162.77,63416.4,254.11108,2024-04-18 22:15:00
1713479400000,63416.41,63651.66,63387.15,63535.99,234.60852,2024-04-18 22:30:00
1713480300000,63536.0,63551.83,63441.36,63499.73,166.67214,2024-04-18 22:45:00
1713481200000,63499.73,63636.37,63400.0,63636.36,155.71298,2024-04-18 23:00:00
1713482100000,63636.37,63665.5,63479.0,63487.47,167.4237,2024-04-18 23:15:00
1713483000000,63487.47,63538.47,63400.41,63438.37,140.78593,2024-04-18 23:30:00
1713483900000,63438.38,63503.83,63376.0,63470.08,111.54621,2024-04-18 23:45:00
1713484800000,63470.09,63470.09,62912.64,62913.99,509.80388,2024-04-19 00:00:00
1713485700000,62914.0,63106.57,62913.99,62972.97,252.45677,2024-04-19 00:15:00
1713486600000,62972.96,63194.5,62954.62,63035.42,207.58503,2024-04-19 00:30:00
1713487500000,63035.42,63100.0,62654.56,62711.08,353.77411,2024-04-19 00:45:00
1713488400000,62711.08,62776.0,62124.65,62133.99,1058.91891,2024-04-19 01:00:00
1713489300000,62134.0,62294.9,61866.66,62076.0,1113.38848,2024-04-19 01:15:00
1713490200000,62076.01,62175.19,60926.0,61041.76,2353.44595,2024-04-19 01:30:00
1713491100000,61041.99,61367.16,60618.97,61022.0,1870.93169,2024-04-19 01:45:00
1713492000000,61021.99,61182.86,60626.0,60703.73,1037.22185,2024-04-19 02:00:00
1713492900000,60703.74,60773.8,59679.0,59679.0,3086.68901,2024-04-19 02:15:00
1713493800000,59679.01,60334.42,59600.01,60272.26,1552.35436,2024-04-19 02:30:00
1713494700000,60272.26,61390.0,60019.95,61359.58,1615.62359,2024-04-19 02:45:00
1713495600000,61359.57,61899.62,61140.0,61885.59,1501.75731,2024-04-19 03:00:00
1713496500000,61885.58,62108.34,61600.0,62001.4,1184.09256,2024-04-19 03:15:00
1713497400000,62001.4,62052.3,61674.74,61846.12,832.5739,2024-04-19 03:30:00
1713498300000,61846.13,61976.01,61650.0,61785.14,393.84893,2024-04-19 03:45:00
1713499200000,61785.14,62492.31,61766.79,62276.93,1173.67008,2024-04-19 04:00:00
1713500100000,62276.93,62399.26,62150.0,62151.66,536.91627,2024-04-19 04:15:00
1713501000000,62151.66,62800.07,62150.0,62459.55,1122.0222,2024-04-19 04:30:00
1713501900000,62459.56,62519.7,62346.83,62439.49,383.00329,2024-04-19 04:45:00
1713502800000,62439.49,62589.12,62097.79,62131.01,490.86053,2024-04-19 05:00:00
1713503700000,62131.0,62182.5,61864.41,62004.81,482.93562,2024-04-19 05:15:00
1713504600000,62004.81,62200.14,61739.68,62147.4,524.69119,2024-04-19 05:30:00
1713505500000,62147.39,62404.9,61964.96,62073.38,532.60906,2024-04-19 05:45:00
1713506400000,62073.39,62083.83,61809.93,61922.74,391.10229,2024-04-19 06:00:00
1713507300000,61922.75,62007.35,61835.4,62007.34,353.89879,2024-04-19 06:15:00
1713508200000,62007.34,63638.77,62001.3,63630.76,1983.89992,2024-04-19 06:30:00
1713509100000,63630.76,64953.85,63620.46,64624.37,3824.33222,2024-04-19 06:45:00
1713510000000,64624.37,65179.0,64225.14,64277.76,1850.42321,2024-04-19 07:00:00
1713510900000,64277.76,64763.29,64184.61,64439.87,989.11084,2024-04-19 07:15:00
1713511800000,64439.86,64631.19,64309.25,64438.37,784.30835,2024-04-19 07:30:00
1713512700000,64438.37,64679.99,64419.12,64547.18,876.72034,2024-04-19 07:45:00
1713513600000,64547.18,65099.0,64435.42,64657.52,1033.37551,2024-04-19 08:00:00
1713514500000,64657.52,65046.15,64615.38,64644.08,1106.19245,2024-04-19 08:15:00
1713515400000,64644.08,64669.68,64098.13,64441.83,1254.99049,2024-04-19 08:30:00
1713516300000,64441.83,64681.8,64354.39,64639.02,502.43861,2024-04-19 08:45:00
1713517200000,64639.02,64770.18,64490.0,64678.5,563.61252,2024-04-19 09:00:00
1713518100000,64678.49,64799.0,64554.0,64608.78,396.12132,2024-04-19 09:15:00
1713519000000,64608.78,64792.75,64540.0,64640.77,401.66985,2024-04-19 09:30:00
1713519900000,64640.77,64943.87,64640.76,64775.93,431.00658,2024-04-19 09:45:00
1713520800000,64775.94,65213.31,64672.01,64772.83,839.23193,2024-04-19 10:00:00
1713521700000,64772.84,64923.08,64723.87,64750.01,464.47908,2024-04-19 10:15:00
1713522600000,64750.0,64767.86,64420.0,64517.88,558.19244,2024-04-19 10:30:00
1713523500000,64517.87,64794.11,64432.93,64777.7,302.82116,2024-04-19 10:45:00
1713524400000,64777.7,65037.51,64762.23,64865.34,532.57111,2024-04-19 11:00:00
1713525300000,64865.35,64960.73,64691.28,64715.46,548.47665,2024-04-19 11:15:00
1713526200000,64715.45,65450.0,64715.45,65353.85,1134.67154,2024-04-19 11:30:00
1713527100000,65353.84,65353.85,64805.8,64870.74,690.69913,2024-04-19 11:45:00
1713528000000,64870.73,65146.54,64770.0,65055.28,802.30913,2024-04-19 12:00:00
1713528900000,65055.27,65440.57,65042.81,65311.18,598.18487,2024-04-19 12:15:00
1713529800000,65311.19,65384.61,65079.33,65223.11,409.6112,2024-04-19 12:30:00
1713530700000,65223.12,65384.62,64825.86,64965.19,650.92996,2024-04-19 12:45:00
1713531600000,64965.19,65069.07,64534.0,64711.77,900.74229,2024-04-19 13:00:00
1713532500000,64711.78,64744.98,64436.51,64703.15,603.00454,2024-04-19 13:15:00
1713533400000,64703.15,64944.75,64523.69,64887.55,1026.21575,2024-04-19 13:30:00
1713534300000,64887.56,65046.15,64656.3,64903.71,902.59197,2024-04-19 13:45:00
1713535200000,64903.71,64965.78,64535.84,64560.89,531.08634,2024-04-19 14:00:00
1713536100000,64560.9,64670.0,63820.57,64013.31,1140.118,2024-04-19 14:15:00
1713537000000,64013.31,64564.68,64013.3,64496.23,735.31305,2024-04-19 14:30:00
1713537900000,64496.22,64745.5,64400.0,64452.12,555.34617,2024-04-19 14:45:00
1713538800000,64452.12,64663.38,64335.62,64562.79,484.70945,2024-04-19 15:00:00
1713539700000,64562.79,64613.05,64385.36,64574.35,490.80743,2024-04-19 15:15:00
1713540600000,64574.34,64707.7,64333.33,64534.92,506.68703,2024-04-19 15:30:00
1713541500000,64534.91,64670.0,64341.38,64437.17,358.03061,2024-04-19 15:45:00
1713542400000,64437.18,64533.29,64070.0,64139.86,506.92534,2024-04-19 16:00:00
1713543300000,64139.87,64276.62,63506.57,63799.36,1305.49039,2024-04-19 16:15:00
1713544200000,63798.45,64170.0,63647.39,64026.76,589.63783,2024-04-19 16:30:00
1713545100000,64026.75,64361.27,63860.0,64005.76,547.58269,2024-04-19 16:45:00
1713546000000,64005.76,64256.0,63967.47,64217.51,462.431,2024-04-19 17:00:00
1713546900000,64217.51,64346.98,63929.18,64014.21,365.88154,2024-04-19 17:15:00
1713547800000,64014.21,64720.0,64009.09,64517.07,613.03451,2024-04-19 17:30:00
1713548700000,64521.16,64808.54,64404.13,64627.8,443.87111,2024-04-19 17:45:00
1713549600000,64627.8,64660.86,64300.51,64390.01,322.80057,2024-04-19 18:00:00
1713550500000,64390.02,64476.01,64227.46,64264.4,267.87971,2024-04-19 18:15:00
1713551400000,64264.4,64412.22,64093.04,64162.35,367.25396,2024-04-19 18:30:00
1713552300000,64162.35,64338.47,64084.86,64202.63,367.3953,2024-04-19 18:45:00
1713553200000,64202.63,64384.0,64085.44,64350.22,373.51814,2024-04-19 19:00:00
1713554100000,64350.23,64379.92,64257.34,64359.45,212.08082,2024-04-19 19:15:00
1713555000000,64359.44,64393.96,64101.0,64116.25,274.69202,2024-04-19 19:30:00
1713555900000,64116.25,64365.17,64101.07,64325.25,317.90102,2024-04-19 19:45:00
1713556800000,64325.26,64334.84,64008.88,64067.36,232.26189,2024-04-19 20:00:00
1713557700000,64067.37,64169.24,64053.96,64144.87,183.10515,2024-04-19 20:15:00
1713558600000,64144.88,64181.0,63780.75,63860.55,315.02829,2024-04-19 20:30:00
1713559500000,63860.55,64044.12,63677.36,64044.11,524.69403,2024-04-19 20:45:00
1713560400000,64044.12,64250.0,64044.11,64169.98,252.65445,2024-04-19 21:00:00
1713561300000,64169.98,64380.46,64123.07,64320.97,186.14102,2024-04-19 21:15:00
1713562200000,64320.96,64444.91,64255.02,64335.68,168.74344,2024-04-19 21:30:00
1713563100000,64335.69,64398.32,64261.08,64398.32,122.75765,2024-04-19 21:45:00
1713564000000,64398.31,64494.03,64293.78,64472.7,220.44451,2024-04-19 22:00:00
1713564900000,64472.7,64472.7,64259.47,64268.43,197.02467,2024-04-19 22:15:00
1713565800000,64268.44,64366.88,64000.07,64212.51,319.51187,2024-04-19 22:30:00
1713566700000,64212.5,64258.0,64000.01,64012.5,207.0334,2024-04-19 22:45:00
1713567600000,64012.49,64012.5,62953.9,63501.36,1661.38146,2024-04-19 23:00:00
1713568500000,63501.36,63670.0,63357.43,63470.08,408.89059,2024-04-19 23:15:00
1713569400000,63470.09,63829.07,63432.0,63815.38,342.88793,2024-04-19 23:30:00
1713570300000,63815.38,64124.0,63774.28,63818.01,412.15772,2024-04-19 23:45:00
1713571200000,63818.01,63968.0,63643.08,63732.6,513.95754,2024-04-20 00:00:00
1713572100000,63732.6,64263.41,63418.0,63862.0,888.94765,2024-04-20 00:15:00
1713573000000,63861.99,63997.37,63723.53,63830.0,299.43936,2024-04-20 00:30:00
1713573900000,63830.0,63924.39,63444.0,63444.51,405.09825,2024-04-20 00:45:00
1713574800000,63444.51,63594.0,63090.07,63492.0,700.17778,2024-04-20 01:00:00
1713575700000,63492.01,63630.74,63430.0,63522.79,191.93855,2024-04-20 01:15:00
1713576600000,63522.78,63661.29,63462.0,63619.29,225.75316,2024-04-20 01:30:00
1713577500000,63619.29,63777.03,63556.09,63656.0,165.98347,2024-04-20 01:45:00
1713578400000,63656.0,63855.42,63608.92,63684.51,233.32327,2024-04-20 02:00:00
1713579300000,63684.5,63800.0,63530.0,63745.44,174.62821,2024-04-20 02:15:00
1713580200000,63745.44,64000.0,63630.76,63996.0,246.6695,2024-04-20 02:30:00
1713581100000,63996.0,64092.29,63813.23,63834.02,227.92246,2024-04-20 02:45:00
1713582000000,63834.01,63988.5,63766.0,63925.86,208.83881,2024-04-20 03:00:00
1713582900000,63925.86,64040.67,63855.38,63988.38,184.97178,2024-04-20 03:15:00
1713583800000,63988.38,63990.81,63888.0,63979.99,101.8867,2024-04-20 03:30:00
1713584700000,63979.98,63979.99,63857.05,63956.0,138.41647,2024-04-20 03:45:00
1713585600000,63956.01,63970.59,63840.0,63840.01,117.68179,2024-04-20 04:00:00
1713586500000,63840.0,63959.47,63815.53,63949.43,100.1829,2024-04-20 04:15:00
1713587400000,63949.43,64220.0,63858.62,64185.81,203.91304,2024-04-20 04:30:00
1713588300000,64185.81,64268.58,63983.18,64133.07,328.88993,2024-04-20 04:45:00
1713589200000,64133.08,64172.37,63987.17,64053.94,133.59591,2024-04-20 05:00:00
1713590100000,64053.93,64116.84,63990.82,64101.32,155.0158,2024-04-20 05:15:00
1713591000000,64101.33,64250.08,64053.51,64250.05,184.70518,2024-04-20 05:30:00
1713591900000,64250.06,64250.06,64141.15,64159.0,274.37422,2024-04-20 05:45:00
1713592800000,64159.01,64159.7,63939.0,64046.53,247.69742,2024-04-20 06:00:00
1713593700000,64046.53,64084.87,63995.9,64074.15,79.98027,2024-04-20 06:15:00
1713594600000,64074.15,64139.51,64019.11,64066.57,121.45846,2024-04-20 06:30:00
1713595500000,64066.57,64222.22,64030.0,64046.07,168.9998,2024-04-20 06:45:00
1713596400000,64046.08,64159.99,64030.77,64030.78,116.47517,2024-04-20 07:00:00
1713597300000,64030.77,64070.58,63980.0,63984.92,208.87716,2024-04-20 07:15:00
1713598200000,63984.92,64046.0,63984.92,64016.65,118.55428,2024-04-20 07:30:00
1713599100000,64016.64,64026.42,63922.36,63961.22,127.58489,2024-04-20 07:45:00
1713600000000,63961.22,63988.0,63712.31,63784.61,210.01981,2024-04-20 08:00:00
1713600900000,63784.61,63926.54,63705.88,63891.31,159.48293,2024-04-20 08:15:00
1713601800000,63891.31,63914.88,63837.73,63876.38,90.97585,2024-04-20 08:30:00
1713602700000,63876.38,63876.39,63661.54,63729.45,182.04772,2024-04-20 08:45:00
1713603600000,63729.44,63778.32,63500.99,63547.28,309.31097,2024-04-20 09:00:00
1713604500000,63547.28,63671.35,63500.0,63591.42,243.71037,2024-04-20 09:15:00
1713605400000,63591.41,63673.91,63507.52,63548.01,159.54605,2024-04-20 09:30:00
1713606300000,63548.01,63646.0,63277.0,63615.01,424.972,2024-04-20 09:45:00
1713607200000,63615.0,63781.82,63546.0,63639.0,195.91537,2024-04-20 10:00:00
1713608100000,63639.0,63639.0,63377.22,63527.15,221.91676,2024-04-20 10:15:00
1713609000000,63527.16,63684.9,63527.15,63678.08,152.51191,2024-04-20 10:30:00
1713609900000,63678.09,63753.85,63556.62,63567.28,141.47199,2024-04-20 10:45:00
1713610800000,63567.29,63870.01,63557.74,63826.67,233.91178,2024-04-20 11:00:00
1713611700000,63826.66,63924.05,63690.46,63726.71,214.67569,2024-04-20 11:15:00
1713612600000,63726.72,63813.14,63643.57,63695.32,130.14745,2024-04-20 11:30:00
1713613500000,63695.33,63776.45,63687.13,63707.17,140.25484,2024-04-20 11:45:00
1713614400000,63707.18,63836.52,63705.54,63824.66,133.33712,2024-04-20 12:00:00
1713615300000,63824.67,63824.67,63575.83,63670.73,120.24761,2024-04-20 12:15:00
1713616200000,63670.73,63848.47,63595.44,63816.61,154.87976,2024-04-20 12:30:00
1713617100000,63816.62,63935.32,63784.61,63824.08,168.21006,2024-04-20 12:45:00
1713618000000,63824.08,64047.92,63818.35,63870.47,272.96578,2024-04-20 13:00:00
1713618900000,63870.47,63937.53,63798.92,63936.89,298.95199,2024-04-20 13:15:00
1713619800000,63936.88,64030.0,63893.0,63928.02,161.80528,2024-04-20 13:30:00
1713620700000,63928.01,63928.02,63850.65,63875.53,80.20234,2024-04-20 13:45:00
1713621600000,63875.53,63954.34,63839.08,63864.02,156.0886,2024-04-20 14:00:00
1713622500000,63864.01,63934.27,63746.0,63829.05,146.06232,2024-04-20 14:15:00
1713623400000,63829.05,63888.82,63746.19,63888.81,116.75194,2024-04-20 14:30:00
1713624300000,63888.82,63984.79,63884.14,63935.33,73.01573,2024-04-20 14:45:00
1713625200000,63935.33,63964.27,63790.0,63858.94,120.10267,2024-04-20 15:00:00
1713626100000,63858.93,63963.89,63858.93,63955.2,102.32042,2024-04-20 15:15:00
1713627000000,63955.2,64676.49,63940.0,64568.96,820.59114,2024-04-20 15:30:00
1713627900000,64568.96,64960.37,64566.78,64808.35,808.27327,2024-04-20 15:45:00
1713628800000,64808.35,64969.39,64456.54,64608.1,585.01985,2024-04-20 16:00:00
1713629700000,64608.09,64868.5,64539.75,64730.56,433.45955,2024-04-20 16:15:00
1713630600000,64730.57,64844.44,64610.0,64747.68,233.63796,2024-04-20 16:30:00
1713631500000,64747.68,64830.0,64657.56,64739.24,224.44859,2024-04-20 16:45:00
1713632400000,64739.24,65196.0,64739.23,65000.0,405.15603,2024-04-20 17:00:00
1713633300000,64999.99,65400.0,64998.36,65254.37,737.17528,2024-04-20 17:15:00
1713634200000,65254.37,65419.0,65100.0,65335.81,522.43012,2024-04-20 17:30:00
1713635100000,65335.81,65367.09,65113.97,65200.0,437.68992,2024-04-20 17:45:00
1713636000000,65199.99,65310.99,64837.19,65087.92,586.56335,2024-04-20 18:00:00
1713636900000,65087.91,65087.92,64912.46,64995.0,302.2535,2024-04-20 18:15:00
1713637800000,64994.99,65126.62,64931.56,64987.49,179.56712,2024-04-20 18:30:00
1713638700000,64987.5,65031.25,64876.18,64964.09,216.61377,2024-04-20 18:45:00
1713639600000,64964.1,65000.01,64791.79,64798.6,499.08187,2024-04-20 19:00:00
1713640500000,64798.61,64920.0,64796.0,64806.6,502.45914,2024-04-20 19:15:00
1713641400000,64806.61,64917.15,64798.62,64901.1,417.49145,2024-04-20 19:30:00
1713642300000,64901.1,64910.96,64800.0,64866.44,154.9891,2024-04-20 19:45:00
1713643200000,64866.45,65031.25,64866.44,64915.4,212.05967,2024-04-20 20:00:00
1713644100000,64915.4,64962.53,64622.12,64718.1,300.64877,2024-04-20 20:15:00
1713645000000,64718.09,64862.5,64718.09,64772.78,109.78606,2024-04-20 20:30:00
1713645900000,64772.78,64800.0,64670.78,64727.64,98.88257,2024-04-20 20:45:00
1713646800000,64727.63,64800.0,64684.65,64790.75,78.62799,2024-04-20 21:00:00
1713647700000,64790.74,64798.62,64649.14,64675.26,116.84679,2024-04-20 21:15:00
1713648600000,64675.26,64802.1,64638.36,64802.09,122.42958,2024-04-20 21:30:00
1713649500000,64802.1,64825.39,64622.13,64725.98,99.73606,2024-04-20 21:45:00
1713650400000,64725.98,64752.0,64555.0,64599.99,199.92565,2024-04-20 22:00:00
1713651300000,64600.0,64767.48,64599.99,64708.0,141.63143,2024-04-20 22:15:00
1713652200000,64708.01,64778.0,64613.92,64643.47,93.80573,2024-04-20 22:30:00
1713653100000,64643.47,64696.0,64600.0,64613.51,94.72355,2024-04-20 22:45:00
1713654000000,64613.51,64796.0,64613.51,64788.01,131.96336,2024-04-20 23:00:00
1713654900000,64788.02,64947.25,64788.0,64919.99,121.67652,2024-04-20 23:15:00
1713655800000,64920.0,64941.11,64821.79,64902.99,147.61202,2024-04-20 23:30:00
1713656700000,64902.98,64988.92,64838.22,64940.59,88.4207,2024-04-20 23:45:00
1713657600000,64940.58,64960.0,64739.0,64872.0,229.16028,2024-04-21 00:00:00
1713658500000,64872.01,64905.99,64806.69,64876.01,84.21409,2024-04-21 00:15:00
1713659400000,64876.0,64876.01,64626.0,64697.99,140.25003,2024-04-21 00:30:00
1713660300000,64698.0,64777.11,64608.0,64759.98,87.83105,2024-04-21 00:45:00
1713661200000,64759.97,64932.76,64737.5,64899.85,112.12949,2024-04-21 01:00:00
1713662100000,64899.84,65100.0,64878.19,65031.24,259.87323,2024-04-21 01:15:00
1713663000000,65031.23,65068.0,64970.93,64993.99,126.16434,2024-04-21 01:30:00
1713663900000,64994.0,65014.0,64902.12,64946.0,112.28593,2024-04-21 01:45:00
1713664800000,64946.0,65061.92,64921.0,65045.52,153.49524,2024-04-21 02:00:00
1713665700000,65045.51,65315.91,64987.5,65315.9,354.2808,2024-04-21 02:15:00
1713666600000,65315.91,65377.0,65100.54,65160.43,240.10038,2024-04-21 02:30:00
1713667500000,65160.43,65321.43,65126.02,65297.99,157.80567,2024-04-21 02:45:00
1713668400000,65298.0,65695.56,65224.79,65574.0,601.21904,2024-04-21 03:00:00
1713669300000,65573.99,65596.43,65149.17,65168.0,353.33651,2024-04-21 03:15:00
1713670200000,65167.99,65323.99,65093.99,65139.99,245.72681,2024-04-21 03:30:00
1713671100000,65140.0,65244.64,65096.27,65170.0,195.13762,2024-04-21 03:45:00
1713672000000,65170.01,65195.98,64908.14,64988.01,265.18125,2024-04-21 04:00:00
1713672900000,64988.0,65019.53,64843.98,64973.33,197.69654,2024-04-21 04:15:00
1713673800000,64973.33,65069.92,64875.0,65040.0,231.84092,2024-04-21 04:30:00
1713674700000,65040.01,65140.0,65004.0,65056.0,147.22655,2024-04-21 04:45:00
1713675600000,65055.99,65234.32,65055.99,65204.67,134.22553,2024-04-21 05:00:00
1713676500000,65204.67,65244.65,65090.32,65090.32,115.93985,2024-04-21 05:15:00
1713677400000,65090.33,65144.64,65062.5,65081.82,68.60848,2024-04-21 05:30:00
1713678300000,65081.83,65101.98,64984.44,65027.81,110.22937,2024-04-21 05:45:00
1713679200000,65027.82,65069.79,64941.79,65014.0,206.43255,2024-04-21 06:00:00
1713680100000,65013.99,65200.0,64990.2,65165.99,135.74671,2024-04-21 06:15:00
1713681000000,65165.99,65181.35,65108.99,65108.99,73.41142,2024-04-21 06:30:00
1713681900000,65109.0,65137.48,65048.0,65048.01,127.28418,2024-04-21 06:45:00
1713682800000,65048.01,65130.49,65010.9,65018.44,146.46329,2024-04-21 07:00:00
1713683700000,65018.44,65061.92,64910.84,64944.75,367.59559,2024-04-21 07:15:00
1713684600000,64944.75,65086.12,64899.84,65064.46,181.96097,2024-04-21 07:30:00
1713685500000,65064.47,65175.0,65031.48,65150.66,131.40455,2024-04-21 07:45:00
1713686400000,65150.67,65222.07,65093.21,65097.96,235.18284,2024-04-21 08:00:00
1713687300000,65097.97,65153.36,64950.14,65009.56,367.33868,2024-04-21 08:15:00
1713688200000,65009.55,65086.22,64960.0,64973.34,179.80663,2024-04-21 08:30:00
1713689100000,64973.34,65014.46,64920.26,64926.83,134.48164,2024-04-21 08:45:00
1713690000000,64926.83,64986.72,64869.21,64870.01,259.53191,2024-04-21 09:00:00
1713690900000,64870.01,64930.51,64763.15,64916.01,286.18267,2024-04-21 09:15:00
1713691800000,64916.0,64916.01,64811.08,64850.01,142.83885,2024-04-21 09:30:00
1713692700000,64850.01,64915.65,64818.0,64900.32,89.49083,2024-04-21 09:45:00
1713693600000,64900.33,64930.0,64785.04,64866.0,170.19092,2024-04-21 10:00:00
1713694500000,64866.0,64913.9,64800.0,64886.2,103.75918,2024-04-21 10:15:00
1713695400000,64886.2,64985.68,64876.0,64960.93,122.33114,2024-04-21 10:30:00
1713696300000,64960.93,64986.0,64900.0,64954.51,111.59751,2024-04-21 10:45:00
1713697200000,64954.51,65228.09,64954.5,65183.99,395.44233,2024-04-21 11:00:00
1713698100000,65183.99,65440.95,65146.0,65154.51,360.92658,2024-04-21 11:15:00
1713699000000,65154.52,65347.6,65046.41,65282.15,303.77575,2024-04-21 11:30:00
1713699900000,65282.15,65375.41,65196.0,65234.01,187.26382,2024-04-21 11:45:00
1713700800000,65234.02,65370.0,65226.01,65322.0,189.88215,2024-04-21 12:00:00
1713701700000,65322.0,65375.41,65087.18,65158.01,169.32182,2024-04-21 12:15:00
1713702600000,65158.01,65232.27,65113.8,65195.17,87.56542,2024-04-21 12:30:00
1713703500000,65195.18,65227.99,64934.0,65004.24,212.45385,2024-04-21 12:45:00
1713704400000,65004.24,65076.92,64835.95,65076.91,250.84037,2024-04-21 13:00:00
1713705300000,65076.92,65244.9,65043.95,65117.98,165.25217,2024-04-21 13:15:00
1713706200000,65117.99,65135.99,64901.24,64998.0,148.14039,2024-04-21 13:30:00
1713707100000,64998.0,64998.0,64778.69,64882.0,334.22618,2024-04-21 13:45:00
1713708000000,64882.0,65036.27,64835.47,65000.0,257.79288,2024-04-21 14:00:00
1713708900000,64999.99,65036.82,64922.96,64990.2,111.55093,2024-04-21 14:15:00
1713709800000,64990.21,65027.98,64894.0,64910.0,143.68708,2024-04-21 14:30:00
1713710700000,64910.0,64950.01,64790.0,64893.5,124.62187,2024-04-21 14:45:00
1713711600000,64893.49,65019.23,64880.0,64987.51,111.86689,2024-04-21 15:00:00
1713712500000,64987.5,65132.07,64950.0,64958.02,140.11717,2024-04-21 15:15:00
1713713400000,64958.02,65114.0,64883.46,65084.83,136.00939,2024-04-21 15:30:00
1713714300000,65084.84,65112.5,64996.48,65043.69,112.27847,2024-04-21 15:45:00
1713715200000,65043.7,65087.92,64430.55,64510.0,1208.31904,2024-04-21 16:00:00
1713716100000,64510.0,64663.08,64437.56,64634.02,423.20686,2024-04-21 16:15:00
1713717000000,64634.02,64680.42,64237.5,64447.66,678.47453,2024-04-21 16:30:00
1713717900000,64447.65,64603.15,64368.99,64578.37,344.78038,2024-04-21 16:45:00
1713718800000,64578.37,64668.32,64530.89,64586.93,190.22064,2024-04-21 17:00:00
1713719700000,64586.93,64693.92,64550.0,64660.01,152.81948,2024-04-21 17:15:00
1713720600000,64660.01,64803.84,64645.47,64750.16,185.59466,2024-04-21 17:30:00
1713721500000,64750.15,64875.98,64746.0,64822.0,143.03319,2024-04-21 17:45:00
1713722400000,64822.0,64862.5,64596.09,64846.59,186.01949,2024-04-21 18:00:00
1713723300000,64846.6,64846.6,64720.0,64834.16,139.24509,2024-04-21 18:15:00
1713724200000,64834.15,64834.16,64750.01,64799.99,68.69453,2024-04-21 18:30:00
1713725100000,64800.0,64800.0,64722.13,64772.0,56.42186,2024-04-21 18:45:00
1713726000000,64772.0,64856.05,64696.0,64714.0,119.1249,2024-04-21 19:00:00
1713726900000,64713.99,64759.56,64617.62,64718.82,87.96605,2024-04-21 19:15:00
1713727800000,64718.83,64778.94,64696.0,64768.48,72.99214,2024-04-21 19:30:00
1713728700000,64768.48,64775.94,64528.38,64538.0,119.18846,2024-04-21 19:45:00
1713729600000,64538.0,64636.79,64362.5,64566.0,301.48351,2024-04-21 20:00:00
1713730500000,64565.99,64722.04,64540.0,64608.01,185.35462,2024-04-21 20:15:00
1713731400000,64608.0,64617.74,64492.35,64522.33,75.58773,2024-04-21 20:30:00
1713732300000,64522.33,64671.07,64470.58,64646.17,154.88348,2024-04-21 20:45:00
1713733200000,64646.16,65167.19,64646.16,64974.01,575.32825,2024-04-21 21:00:00
1713734100000,64974.01,65010.78,64846.0,64948.01,117.38571,2024-04-21 21:15:00
1713735000000,64948.01,64948.01,64649.13,64754.99,166.57992,2024-04-21 21:30:00
1713735900000,64755.0,64820.32,64656.0,64661.7,86.39394,2024-04-21 21:45:00
1713736800000,64661.69,65064.32,64569.07,65020.01,389.82756,2024-04-21 22:00:00
1713737700000,65020.01,65050.0,64896.0,64966.63,149.33693,2024-04-21 22:15:00
1713738600000,64966.62,65110.0,64901.24,65078.19,141.05319,2024-04-21 22:30:00
1713739500000,65078.19,65094.0,64987.51,65030.42,138.08787,2024-04-21 22:45:00
1713740400000,65030.41,65052.0,64866.0,64956.0,106.58145,2024-04-21 23:00:00
1713741300000,64955.99,64992.05,64875.0,64989.18,132.79535,2024-04-21 23:15:00
1713742200000,64989.18,65014.8,64925.0,65014.79,92.62977,2024-04-21 23:30:00
1713743100000,65014.79,65063.0,64896.83,64941.15,87.00437,2024-04-21 23:45:00
1713744000000,64941.15,65143.75,64915.86,65110.0,170.49086,2024-04-22 00:00:00
1713744900000,65110.01,65158.08,64981.77,65029.25,163.698,2024-04-22 00:15:00
1713745800000,65029.25,65029.25,64758.93,64862.33,234.88391,2024-04-22 00:30:00
1713746700000,64862.34,64931.2,64826.19,64908.96,120.2297,2024-04-22 00:45:00
1713747600000,64908.96,64940.59,64736.87,64917.92,145.66563,2024-04-22 01:00:00
1713748500000,64917.92,65640.0,64908.39,64913.99,1459.67907,2024-04-22 01:15:00
1713749400000,64914.0,64968.75,64604.56,64792.99,895.01298,2024-04-22 01:30:00
1713750300000,64793.0,64917.65,64618.5,64658.0,290.11357,2024-04-22 01:45:00
1713751200000,64657.99,64852.69,64500.0,64754.0,409.81557,2024-04-22 02:00:00
1713752100000,64754.0,64810.23,64636.2,64761.97,244.46871,2024-04-22 02:15:00
1713753000000,64761.97,64862.5,64670.0,64743.12,235.70945,2024-04-22 02:30:00
1713753900000,64743.12,64813.74,64720.0,64806.69,144.87391,2024-04-22 02:45:00
1713754800000,64806.69,65109.0,64754.0,65099.67,338.4538,2024-04-22 03:00:00
1713755700000,65099.68,65300.0,65005.65,65287.98,279.22407,2024-04-22 03:15:00
1713756600000,65287.99,65700.0,65200.0,65688.81,1031.40325,2024-04-22 03:30:00
1713757500000,65688.8,66090.69,65686.4,65703.5,1756.24051,2024-04-22 03:45:00
1713758400000,65703.49,65878.17,65580.01,65596.89,613.42632,2024-04-22 04:00:00
1713759300000,65596.89,65769.69,65509.24,65680.0,337.54954,2024-04-22 04:15:00
1713760200000,65680.0,65800.0,65594.34,65684.0,357.42578,2024-04-22 04:30:00
1713761100000,65684.0,65849.99,65634.18,65738.48,354.92528,2024-04-22 04:45:00
1713762000000,65738.48,65873.28,65701.99,65825.35,245.32342,2024-04-22 05:00:00
1713762900000,65825.35,66066.47,65807.3,65958.34,430.23325,2024-04-22 05:15:00
1713763800000,65958.34,66258.69,65846.0,66137.66,528.61452,2024-04-22 05:30:00
1713764700000,66137.66,66414.81,66064.45,66377.99,543.40973,2024-04-22 05:45:00
1713765600000,66377.99,66412.6,66167.09,66187.52,439.95471,2024-04-22 06:00:00
1713766500000,66187.51,66345.0,66150.8,66272.58,374.53188,2024-04-22 06:15:00
1713767400000,66272.57,66336.24,66184.0,66269.99,278.98037,2024-04-22 06:30:00
1713768300000,66269.99,66374.6,66230.01,66300.0,247.78485,2024-04-22 06:45:00
1713769200000,66300.01,66479.8,66097.36,66111.94,462.57514,2024-04-22 07:00:00
1713770100000,66111.93,66181.41,66011.0,66037.79,327.1954,2024-04-22 07:15:00
1713771000000,66037.78,66134.92,66013.2,66014.36,229.58576,2024-04-22 07:30:00
1713771900000,66014.36,66117.83,65979.33,65980.0,326.85946,2024-04-22 07:45:00
1713772800000,65980.01,66120.85,65937.5,66045.98,330.99767,2024-04-22 08:00:00
1713773700000,66045.99,66169.9,66031.36,66138.43,194.01836,2024-04-22 08:15:00
1713774600000,66138.42,66204.44,66035.17,66049.8,195.17262,2024-04-22 08:30:00
1713775500000,66049.8,66075.0,65905.73,65961.59,193.32753,2024-04-22 08:45:00
1713776400000,65961.58,66055.17,65920.01,65972.01,212.31684,2024-04-22 09:00:00
1713777300000,65972.01,66014.36,65896.5,65960.0,150.22293,2024-04-22 09:15:00
1713778200000,65960.0,65992.74,65801.76,65900.0,278.25493,2024-04-22 09:30:00
1713779100000,65900.0,65938.0,65855.94,65938.0,157.66797,2024-04-22 09:45:00
1713780000000,65938.0,66071.67,65890.0,66008.4,196.01222,2024-04-22 10:00:00
1713780900000,66008.4,66154.87,65970.27,66015.38,193.88088,2024-04-22 10:15:00
1713781800000,66015.38,66039.2,65950.0,66019.99,201.56188,2024-04-22 10:30:00
1713782700000,66020.0,66095.28,66002.34,66048.18,202.23309,2024-04-22 10:45:00
1713783600000,66048.18,66108.0,65850.27,65930.23,191.09139,2024-04-22 11:00:00
1713784500000,65930.23,66020.0,65868.37,65913.52,216.34166,2024-04-22 11:15:00
1713785400000,65913.52,65930.24,65702.0,65842.22,241.64795,2024-04-22 11:30:00
1713786300000,65842.23,65923.54,65793.3,65877.47,250.82078,2024-04-22 11:45:00
1713787200000,65877.47,65940.0,65796.0,65825.67,219.66801,2024-04-22 12:00:00
1713788100000,65825.68,65945.13,65626.87,65927.35,436.61586,2024-04-22 12:15:00
1713789000000,65927.34,65946.0,65847.02,65896.0,198.2247,2024-04-22 12:30:00
1713789900000,65896.01,65995.48,65819.99,65995.48,178.14721,2024-04-22 12:45:00
1713790800000,65995.48,66260.54,65995.47,66131.18,381.34863,2024-04-22 13:00:00
1713791700000,66131.19,66177.11,65954.72,66075.83,236.26398,2024-04-22 13:15:00
1713792600000,66075.84,66109.4,65693.98,65924.28,543.32141,2024-04-22 13:30:00
1713793500000,65924.27,66214.95,65902.3,66114.0,371.61929,2024-04-22 13:45:00
1713794400000,66113.48,66299.0,66064.82,66273.99,332.59808,2024-04-22 14:00:00
1713795300000,66273.99,66455.04,66110.63,66455.03,489.00047,2024-04-22 14:15:00
1713796200000,66455.04,66477.53,66216.44,66259.67,504.08384,2024-04-22 14:30:00
1713797100000,66259.67,66307.83,65962.16,66031.77,379.76109,2024-04-22 14:45:00
1713798000000,66031.78,66085.46,65665.86,65762.1,502.72645,2024-04-22 15:00:00
1713798900000,65762.1,65850.0,65706.02,65807.99,298.07223,2024-04-22 15:15:00
1713799800000,65808.0,66080.86,65800.0,65962.96,246.04759,2024-04-22 15:30:00
1713800700000,65962.96,66028.97,65881.89,65994.38,143.91788,2024-04-22 15:45:00
1713801600000,65994.39,66220.45,65926.17,66187.09,233.98137,2024-04-22 16:00:00
1713802500000,66187.1,66419.56,66122.31,66211.6,398.31201,2024-04-22 16:15:00
1713803400000,66211.61,66211.61,65913.52,66030.0,214.87721,2024-04-22 16:30:00
1713804300000,66030.0,66156.25,66019.52,66154.73,172.43146,2024-04-22 16:45:00
1713805200000,66154.73,66383.1,66133.35,66364.58,296.01974,2024-04-22 17:00:00
1713806100000,66364.59,66767.46,66293.21,66734.0,624.63752,2024-04-22 17:15:00
1713807000000,66734.0,66821.0,66547.1,66705.32,513.55178,2024-04-22 17:30:00
1713807900000,66705.33,66824.28,66540.0,66540.0,397.15374,2024-04-22 17:45:00
1713808800000,66540.01,66691.22,66466.93,66578.0,198.97829,2024-04-22 18:00:00
1713809700000,66578.01,66620.0,66470.0,66473.99,187.6636,2024-04-22 18:15:00
1713810600000,66474.0,66534.66,66393.24,66437.9,241.59711,2024-04-22 18:30:00
1713811500000,66437.91,66454.0,66293.05,66331.17,194.66745,2024-04-22 18:45:00
1713812400000,66331.16,66446.0,66292.09,66368.0,186.98379,2024-04-22 19:00:00
1713813300000,66368.01,66426.21,66141.07,66272.02,246.58735,2024-04-22 19:15:00
1713814200000,66272.01,66413.04,66201.35,66374.0,193.80519,2024-04-22 19:30:00
1713815100000,66374.0,66609.33,66360.0,66524.77,273.3653,2024-04-22 19:45:00
1713816000000,66524.77,66696.64,66461.24,66672.58,249.32338,2024-04-22 20:00:00
1713816900000,66672.57,66760.56,66584.61,66594.43,217.21663,2024-04-22 20:15:00
1713817800000,66594.43,66594.44,66464.01,66483.23,121.4369,2024-04-22 20:30:00
1713818700000,66483.23,66509.51,66394.52,66509.5,144.0043,2024-04-22 20:45:00
1713819600000,66509.5,66546.0,66440.12,66440.13,122.04358,2024-04-22 21:00:00
1713820500000,66440.13,66524.54,66440.0,66492.0,60.29253,2024-04-22 21:15:00
1713821400000,66492.0,66558.91,66342.1,66489.57,146.39377,2024-04-22 21:30:00
1713822300000,66489.56,66550.0,66460.0,66526.94,152.38104,2024-04-22 21:45:00
1713823200000,66526.94,66767.46,66526.94,66767.46,439.702,2024-04-22 22:00:00
1713824100000,66767.45,66767.46,66612.05,66696.0,203.82134,2024-04-22 22:15:00
1713825000000,66696.0,66796.0,66640.94,66684.99,156.49004,2024-04-22 22:30:00
1713825900000,66684.99,67200.0,66670.0,67027.97,801.54125,2024-04-22 22:45:00
1713826800000,67027.98,67232.35,66920.0,67195.15,514.85078,2024-04-22 23:00:00
1713827700000,67195.14,67220.0,67023.0,67028.14,266.09632,2024-04-22 23:15:00
1713828600000,67028.14,67040.0,66812.77,66844.18,230.03451,2024-04-22 23:30:00
1713829500000,66844.17,66893.96,66790.0,66819.32,112.42861,2024-04-22 23:45:00
1713830400000,66819.32,66869.75,66747.1,66808.01,299.4749,2024-04-23 00:00:00
1713831300000,66808.0,66857.18,66712.96,66763.99,204.65181,2024-04-23 00:15:00
1713832200000,66763.99,66964.28,66758.42,66867.17,160.01204,2024-04-23 00:30:00
1713833100000,66867.17,67032.83,66827.62,67028.14,291.63743,2024-04-23 00:45:00
1713834000000,67028.15,67183.01,66964.78,67156.31,268.43634,2024-04-23 01:00:00
1713834900000,67156.3,67156.31,66901.42,66980.01,198.55697,2024-04-23 01:15:00
1713835800000,66980.0,67058.56,66930.0,66947.5,265.84508,2024-04-23 01:30:00
1713836700000,66947.5,66951.98,66777.4,66780.0,205.38367,2024-04-23 01:45:00
1713837600000,66780.0,66912.0,66780.0,66884.02,177.55531,2024-04-23 02:00:00
1713838500000,66884.02,66884.02,66803.6,66828.59,98.16963,2024-04-23 02:15:00
1713839400000,66828.59,66846.0,66788.0,66806.43,84.27085,2024-04-23 02:30:00
1713840300000,66806.42,66847.99,66558.31,66615.79,318.85223,2024-04-23 02:45:00
1713841200000,66615.79,66749.64,66593.99,66741.85,148.8505,2024-04-23 03:00:00
1713842100000,66741.85,66756.0,66655.27,66719.99,106.78427,2024-04-23 03:15:00
1713843000000,66720.0,66720.0,66505.34,66571.98,223.01898,2024-04-23 03:30:00
1713843900000,66571.98,66571.99,66419.55,66435.01,191.5376,2024-04-23 03:45:00
1713844800000,66435.01,66558.96,66398.61,66535.53,247.10626,2024-04-23 04:00:00
1713845700000,66535.54,66582.67,66332.14,66332.16,170.71078,2024-04-23 04:15:00
1713846600000,66332.17,66451.19,66251.28,66400.0,223.50403,2024-04-23 04:30:00
1713847500000,66400.0,66400.01,66181.1,66244.02,360.24315,2024-04-23 04:45:00
1713848400000,66244.02,66367.5,66222.0,66293.06,211.948,2024-04-23 05:00:00
1713849300000,66293.05,66349.97,66192.0,66349.97,154.2097,2024-04-23 05:15:00
1713850200000,66349.97,66609.31,66349.96,66512.01,363.09047,2024-04-23 05:30:00
1713851100000,66512.0,66540.13,66461.36,66490.01,122.34253,2024-04-23 05:45:00
1713852000000,66490.01,66613.76,66483.48,66556.0,171.79013,2024-04-23 06:00:00
1713852900000,66555.99,66646.0,66509.13,66609.33,105.22203,2024-04-23 06:15:00
1713853800000,66609.33,66635.99,66460.0,66530.38,138.37049,2024-04-23 06:30:00
1713854700000,66530.38,66543.08,66304.0,66378.16,164.85635,2024-04-23 06:45:00
1713855600000,66378.15,66451.19,66286.89,66291.76,216.1819,2024-04-23 07:00:00
1713856500000,66291.76,66362.85,66268.13,66306.96,142.72937,2024-04-23 07:15:00
1713857400000,66306.95,66367.87,66020.0,66170.0,454.07682,2024-04-23 07:30:00
1713858300000,66170.0,66244.31,66064.3,66099.79,258.87479,2024-04-23 07:45:00
1713859200000,66099.79,66181.92,65963.4,65989.66,383.88679,2024-04-23 08:00:00
1713860100000,65989.66,66190.0,65989.66,66139.99,241.36879,2024-04-23 08:15:00
1713861000000,66140.0,66145.99,66050.0,66140.96,155.40532,2024-04-23 08:30:00
1713861900000,66140.95,66260.47,66103.42,66215.07,194.7024,2024-04-23 08:45:00
1713862800000,66215.06,66309.3,66200.0,66280.01,261.85675,2024-04-23 09:00:00
1713863700000,66280.0,66280.01,66150.54,66214.0,153.9554,2024-04-23 09:15:00
1713864600000,66214.01,66249.53,66109.39,66142.74,148.52479,2024-04-23 09:30:00
1713865500000,66142.73,66166.55,66046.63,66058.99,180.81071,2024-04-23 09:45:00
1713866400000,66059.0,66185.44,66058.99,66112.0,190.06928,2024-04-23 10:00:00
1713867300000,66112.0,66205.45,66072.62,66114.37,234.25198,2024-04-23 10:15:00
1713868200000,66114.37,66310.44,66114.37,66277.0,256.7008,2024-04-23 10:30:00
1713869100000,66277.0,66292.0,66190.03,66210.74,179.4123,2024-04-23 10:45:00
1713870000000,66210.74,66236.13,66000.62,66183.99,329.5194,2024-04-23 11:00:00
1713870900000,66183.99,66184.0,66067.01,66086.18,140.53984,2024-04-23 11:15:00
1713871800000,66086.19,66124.65,65852.35,65884.19,374.86082,2024-04-23 11:30:00
1713872700000,65884.19,66052.62,65884.18,66043.99,238.78592,2024-04-23 11:45:00
1713873600000,66043.99,66165.0,65953.4,66025.63,269.7463,2024-04-23 12:00:00
1713874500000,66025.62,66144.0,65946.0,66057.68,210.36572,2024-04-23 12:15:00
1713875400000,66057.69,66107.57,65905.16,65905.17,308.79611,2024-04-23 12:30:00
1713876300000,65905.17,66134.92,65765.81,66134.91,447.94918,2024-04-23 12:45:00
1713877200000,66134.91,66189.43,66055.37,66104.0,193.59215,2024-04-23 13:00:00
1713878100000,66104.0,66125.17,66049.4,66118.01,141.84101,2024-04-23 13:15:00
1713879000000,66118.01,66480.0,66077.71,66409.36,510.29291,2024-04-23 13:30:00
1713879900000,66409.36,66590.92,66285.13,66509.29,973.0637,2024-04-23 13:45:00
1713880800000,66509.3,66949.89,66420.0,66801.05,917.14441,2024-04-23 14:00:00
1713881700000,66801.05,66946.0,66720.0,66733.46,484.3323,2024-04-23 14:15:00
1713882600000,66733.46,67130.0,66584.61,66647.91,859.45228,2024-04-23 14:30:00
1713883500000,66647.92,66988.85,66570.5,66909.78,529.74931,2024-04-23 14:45:00
1713884400000,66909.79,66930.47,66668.93,66728.01,376.31162,2024-04-23 15:00:00
1713885300000,66728.0,66767.46,66547.17,66740.0,306.49318,2024-04-23 15:15:00
1713886200000,66740.0,66774.7,66399.32,66435.14,488.02935,2024-04-23 15:30:00
1713887100000,66435.14,66550.0,66328.44,66419.56,319.29265,2024-04-23 15:45:00
1713888000000,66419.56,66715.63,66350.91,66675.91,294.75407,2024-04-23 16:00:00
1713888900000,66675.92,66735.84,66526.29,66645.99,216.89031,2024-04-23 16:15:00
1713889800000,66645.99,66704.0,66580.0,66703.6,128.17183,2024-04-23 16:30:00
1713890700000,66703.6,66807.91,66680.0,66747.36,166.36702,2024-04-23 16:45:00
1713891600000,66747.35,66792.96,66636.0,66636.0,125.9094,2024-04-23 17:00:00
1713892500000,66636.01,66722.75,66584.61,66693.4,105.55029,2024-04-23 17:15:00
1713893400000,66693.4,66774.7,66628.52,66756.82,127.67796,2024-04-23 17:30:00
1713894300000,66756.83,66905.99,66715.88,66753.71,191.46733,2024-04-23 17:45:00
1713895200000,66753.72,66825.95,66697.1,66756.65,246.48297,2024-04-23 18:00:00
1713896100000,66756.66,66846.0,66747.96,66753.5,117.37916,2024-04-23 18:15:00
1713897000000,66753.5,66773.65,66589.47,66679.65,180.18893,2024-04-23 18:30:00
1713897900000,66679.65,66783.57,66630.94,66783.56,126.84945,2024-04-23 18:45:00
1713898800000,66783.57,66783.57,66679.65,66688.01,147.84987,2024-04-23 19:00:00
1713899700000,66688.0,66688.01,66538.0,66580.53,114.53958,2024-04-23 19:15:00
1713900600000,66580.54,66590.0,66446.0,66501.98,166.97438,2024-04-23 19:30:00
1713901500000,66501.98,66538.31,66390.0,66484.43,158.74766,2024-04-23 19:45:00
1713902400000,66484.43,66484.96,66220.6,66240.0,287.8787,2024-04-23 20:00:00
1713903300000,66240.0,66274.0,65980.0,66174.0,455.70902,2024-04-23 20:15:00
1713904200000,66174.0,66333.38,66114.19,66293.06,180.89503,2024-04-23 20:30:00
1713905100000,66293.06,66352.94,66200.73,66352.94,109.85273,2024-04-23 20:45:00
1713906000000,66352.94,66387.94,66304.0,66338.77,68.15998,2024-04-23 21:00:00
1713906900000,66338.78,66441.52,66286.85,66441.52,110.56226,2024-04-23 21:15:00
1713907800000,66441.51,66464.0,66288.06,66297.34,98.38016,2024-04-23 21:30:00
1713908700000,66297.33,66386.32,66258.86,66352.01,67.09006,2024-04-23 21:45:00
1713909600000,66352.0,66438.0,66278.59,66419.87,160.78123,2024-04-23 22:00:00
1713910500000,66419.86,66455.76,66373.19,66385.99,70.59546,2024-04-23 22:15:00
1713911400000,66385.99,66447.42,66382.69,66443.98,66.59131,2024-04-23 22:30:00
1713912300000,66443.99,66443.99,66280.0,66362.85,127.46948,2024-04-23 22:45:00
1713913200000,66362.84,66362.85,66120.0,66250.01,213.72919,2024-04-23 23:00:00
1713914100000,66250.01,66380.53,66205.29,66350.61,81.30798,2024-04-23 23:15:00
1713915000000,66350.6,66433.31,66350.6,66412.01,86.44943,2024-04-23 23:30:00
1713915900000,66412.0,66422.0,66367.17,66414.0,49.24993,2024-04-23 23:45:00
1713916800000,66414.0,66655.95,66390.0,66602.19,266.17449,2024-04-24 00:00:00
1713917700000,66602.18,66602.19,66399.9,66506.4,273.33801,2024-04-24 00:15:00
1713918600000,66506.39,66720.0,66464.0,66719.99,239.66119,2024-04-24 00:30:00
1713919500000,66719.99,66747.73,66616.29,66742.19,282.16571,2024-04-24 00:45:00
1713920400000,66742.18,66838.0,66684.71,66714.89,196.09719,2024-04-24 01:00:00
1713921300000,66714.89,66798.97,66682.33,66785.38,105.93507,2024-04-24 01:15:00
1713922200000,66785.38,66877.48,66696.73,66876.07,205.53558,2024-04-24 01:30:00
1713923100000,66876.08,66900.0,66743.24,66743.25,121.92126,2024-04-24 01:45:00
1713924000000,66743.25,66766.0,66610.39,66710.0,174.95816,2024-04-24 02:00:00
1713924900000,66710.0,66724.67,66554.28,66557.99,181.32235,2024-04-24 02:15:00
1713925800000,66558.0,66646.0,66441.32,66639.44,185.40476,2024-04-24 02:30:00
1713926700000,66639.44,66649.7,66530.0,66530.01,184.28647,2024-04-24 02:45:00
1713927600000,66530.01,66686.65,66514.44,66653.86,172.92737,2024-04-24 03:00:00
1713928500000,66653.86,66688.0,66558.05,66609.76,110.16275,2024-04-24 03:15:00
1713929400000,66609.76,66714.43,66574.14,66656.69,238.65593,2024-04-24 03:30:00
1713930300000,66656.7,66661.94,66557.29,66608.14,107.81,2024-04-24 03:45:00
1713931200000,66608.14,66700.0,66589.01,66696.44,182.78677,2024-04-24 04:00:00
1713932100000,66696.43,66760.0,66670.03,66726.01,148.30322,2024-04-24 04:15:00
1713933000000,66726.01,66774.4,66672.57,66774.4,161.75008,2024-04-24 04:30:00
1713933900000,66774.39,67065.0,66774.39,67008.0,459.56945,2024-04-24 04:45:00
1713934800000,67008.0,67070.43,66881.82,66940.01,308.86858,2024-04-24 05:00:00
1713935700000,66940.01,66940.01,66767.45,66767.46,186.76288,2024-04-24 05:15:00
1713936600000,66767.46,66780.0,66633.0,66729.91,250.8735,2024-04-24 05:30:00
1713937500000,66729.91,66774.4,66658.0,66735.06,154.5232,2024-04-24 05:45:00
1713938400000,66735.06,66735.07,66600.0,66631.4,189.55945,2024-04-24 06:00:00
1713939300000,66631.39,66692.25,66552.37,66637.99,121.69513,2024-04-24 06:15:00
1713940200000,66637.99,66777.25,66581.8,66764.0,121.31516,2024-04-24 06:30:00
1713941100000,66763.99,66792.0,66704.2,66778.26,168.16222,2024-04-24 06:45:00
1713942000000,66778.25,66823.0,66688.0,66818.21,165.83756,2024-04-24 07:00:00
1713942900000,66818.2,66883.68,66799.08,66816.79,217.45734,2024-04-24 07:15:00
1713943800000,66816.79,66816.8,66660.01,66663.65,153.79766,2024-04-24 07:30:00
1713944700000,66663.64,66688.0,66588.0,66630.9,242.61673,2024-04-24 07:45:00
1713945600000,66630.89,66681.03,66595.72,66626.01,179.0894,2024-04-24 08:00:00
1713946500000,66626.01,66710.0,66485.3,66692.0,319.0909,2024-04-24 08:15:00
1713947400000,66692.0,66743.01,66525.54,66583.74,215.44688,2024-04-24 08:30:00
1713948300000,66583.75,66652.03,66488.0,66533.99,145.29798,2024-04-24 08:45:00
1713949200000,66533.98,66560.51,66350.0,66460.77,228.647,2024-04-24 09:00:00
1713950100000,66460.78,66509.91,66368.0,66437.69,169.69609,2024-04-24 09:15:00
1713951000000,66437.69,66470.37,66272.0,66360.0,192.96147,2024-04-24 09:30:00
1713951900000,66359.99,66388.0,66273.0,66366.01,155.23036,2024-04-24 09:45:00
1713952800000,66366.0,66517.85,66203.05,66286.02,261.84588,2024-04-24 10:00:00
1713953700000,66286.02,66406.0,66286.01,66350.01,158.90364,2024-04-24 10:15:00
1713954600000,66350.0,66464.0,66305.0,66355.31,162.40149,2024-04-24 10:30:00
1713955500000,66355.3,66480.0,66307.4,66432.25,191.70202,2024-04-24 10:45:00
1713956400000,66432.26,66486.0,66380.07,66413.99,164.0329,2024-04-24 11:00:00
1713957300000,66413.99,66608.74,66361.73,66590.33,234.77746,2024-04-24 11:15:00
1713958200000,66590.33,66631.01,66521.24,66567.51,193.41713,2024-04-24 11:30:00
1713959100000,66567.5,66592.0,66440.27,66571.52,136.84682,2024-04-24 11:45:00
1713960000000,66571.52,66737.0,66515.61,66592.0,309.1187,2024-04-24 12:00:00
1713960900000,66591.99,66685.0,66554.83,66659.98,178.33906,2024-04-24 12:15:00
1713961800000,66659.98,66709.58,66461.11,66469.94,222.0263,2024-04-24 12:30:00
1713962700000,66469.94,66469.95,66351.1,66353.02,255.49375,2024-04-24 12:45:00
1713963600000,66353.01,66355.99,65970.0,66145.99,812.96505,2024-04-24 13:00:00
1713964500000,66145.98,66192.14,66010.06,66032.0,346.18292,2024-04-24 13:15:00
1713965400000,66031.99,66289.0,65834.28,66158.19,856.06131,2024-04-24 13:30:00
1713966300000,66158.2,66274.99,65904.7,66054.99,393.56379,2024-04-24 13:45:00
1713967200000,66055.0,66200.0,66035.38,66042.02,289.87151,2024-04-24 14:00:00
1713968100000,66042.02,66109.4,65233.88,65456.01,1384.35284,2024-04-24 14:15:00
1713969000000,65456.01,65456.01,64732.34,64908.0,2138.77612,2024-04-24 14:30:00
1713969900000,64907.99,65301.16,64789.91,65234.85,1278.40795,2024-04-24 14:45:00
1713970800000,65234.86,65243.73,65006.49,65023.18,417.46001,2024-04-24 15:00:00
1713971700000,65023.17,65095.6,64723.52,64801.98,870.97469,2024-04-24 15:15:00
1713972600000,64801.99,65079.65,64519.03,64569.99,730.02566,2024-04-24 15:30:00
1713973500000,64570.0,64785.71,64532.0,64610.11,834.56916,2024-04-24 15:45:00
1713974400000,64610.1,64959.74,64535.0,64706.0,644.29981,2024-04-24 16:00:00
1713975300000,64706.0,64774.06,64368.0,64421.55,808.94625,2024-04-24 16:15:00
1713976200000,64421.54,64810.48,64348.0,64747.04,579.36846,2024-04-24 16:30:00
1713977100000,64747.05,64826.55,64607.97,64798.0,282.23782,2024-04-24 16:45:00
1713978000000,64797.99,65022.34,64766.33,64968.56,495.82805,2024-04-24 17:00:00
1713978900000,64968.55,65000.0,64840.8,64980.05,377.41423,2024-04-24 17:15:00
1713979800000,64980.05,65156.95,64950.0,64966.0,362.71837,2024-04-24 17:30:00
1713980700000,64966.0,64977.2,64842.15,64889.47,275.22732,2024-04-24 17:45:00
1713981600000,64889.47,64920.0,64652.06,64742.87,397.7752,2024-04-24 18:00:00
1713982500000,64742.87,64790.81,64664.0,64693.77,174.51441,2024-04-24 18:15:00
1713983400000,64693.77,64778.8,64581.11,64593.66,272.15246,2024-04-24 18:30:00
1713984300000,64593.67,64599.56,64070.15,64127.04,847.59416,2024-04-24 18:45:00
1713985200000,64127.04,64303.58,63736.7,64246.42,1031.54726,2024-04-24 19:00:00
1713986100000,64246.42,64459.97,64170.19,64400.89,433.15518,2024-04-24 19:15:00
1713987000000,64400.89,64486.0,64335.25,64338.0,262.14774,2024-04-24 19:30:00
1713987900000,64338.0,64430.0,63942.63,63976.06,416.78898,2024-04-24 19:45:00
1713988800000,63976.05,64240.01,63892.21,63940.46,571.76239,2024-04-24 20:00:00
1713989700000,63940.46,64018.45,63606.06,63914.54,1052.33753,2024-04-24 20:15:00
1713990600000,63914.55,64200.0,63878.01,64198.65,510.7746,2024-04-24 20:30:00
1713991500000,64198.65,64202.44,64038.0,64110.0,286.34623,2024-04-24 20:45:00
1713992400000,64110.01,64218.75,64000.0,64144.79,287.34254,2024-04-24 21:00:00
1713993300000,64144.78,64363.8,64100.0,64282.69,300.66041,2024-04-24 21:15:00
1713994200000,64282.68,64447.91,64282.68,64354.33,196.30893,2024-04-24 21:30:00
1713995100000,64354.34,64412.63,64279.99,64399.37,111.62041,2024-04-24 21:45:00
1713996000000,64399.37,64404.0,64307.14,64339.4,158.66874,2024-04-24 22:00:00
1713996900000,64339.41,64339.41,64105.0,64270.07,291.02102,2024-04-24 22:15:00
1713997800000,64270.07,64270.08,64156.25,64240.22,127.11525,2024-04-24 22:30:00
1713998700000,64240.22,64242.75,63956.49,64096.0,295.95104,2024-04-24 22:45:00
1713999600000,64096.0,64206.31,63825.72,64196.0,377.36679,2024-04-24 23:00:00
1714000500000,64196.0,64303.58,64000.0,64066.46,280.81483,2024-04-24 23:15:00
1714001400000,64066.47,64317.19,64065.78,64317.19,184.63038,2024-04-24 23:30:00
1714002300000,64317.19,64339.83,64229.11,64289.59,193.44812,2024-04-24 23:45:00
1714003200000,64289.58,64410.0,64226.6,64390.18,251.67763,2024-04-25 00:00:00
1714004100000,64390.18,64486.0,64343.75,64484.39,274.32167,2024-04-25 00:15:00
1714005000000,64484.4,64741.47,64484.39,64713.09,412.41287,2024-04-25 00:30:00
1714005900000,64713.08,64741.47,64538.0,64557.25,202.72343,2024-04-25 00:45:00
1714006800000,64557.25,64657.15,64456.97,64456.98,240.77503,2024-04-25 01:00:00
1714007700000,64456.98,64551.22,64380.0,64525.35,144.97211,2024-04-25 01:15:00
1714008600000,64525.34,64588.0,64243.42,64344.01,217.02496,2024-04-25 01:30:00
1714009500000,64344.01,64382.98,64046.74,64067.98,366.20441,2024-04-25 01:45:00
1714010400000,64067.99,64237.45,63860.0,64230.01,453.03886,2024-04-25 02:00:00
1714011300000,64230.01,64338.58,64172.0,64334.01,195.67738,2024-04-25 02:15:00
1714012200000,64334.0,64334.01,64177.85,64224.47,154.54484,2024-04-25 02:30:00
1714013100000,64224.48,64299.99,64149.44,64299.98,99.15562,2024-04-25 02:45:00
1714014000000,64299.98,64411.62,64128.3,64152.0,248.27558,2024-04-25 03:00:00
1714014900000,64151.99,64372.74,64151.99,64344.02,155.04031,2024-04-25 03:15:00
1714015800000,64344.01,64464.29,64320.0,64411.99,150.73178,2024-04-25 03:30:00
1714016700000,64411.99,64424.4,64282.01,64282.01,134.84441,2024-04-25 03:45:00
1714017600000,64282.02,64346.53,64058.0,64095.74,229.10565,2024-04-25 04:00:00
1714018500000,64095.73,64218.33,64060.0,64188.02,168.189,2024-04-25 04:15:00
1714019400000,64188.01,64397.78,64188.01,64288.01,140.68903,2024-04-25 04:30:00
1714020300000,64288.0,64365.15,64283.71,64337.99,126.88124,2024-04-25 04:45:00
1714021200000,64338.0,64345.01,64116.0,64188.7,184.77005,2024-04-25 05:00:00
1714022100000,64188.71,64234.15,64025.5,64102.12,200.24884,2024-04-25 05:15:00
1714023000000,64102.12,64311.0,64097.22,64311.0,112.15749,2024-04-25 05:30:00
1714023900000,64311.0,64377.6,64223.35,64223.36,155.94647,2024-04-25 05:45:00
1714024800000,64223.36,64347.32,64195.7,64311.2,82.71727,2024-04-25 06:00:00
1714025700000,64311.2,64312.8,64279.15,64312.79,80.58687,2024-04-25 06:15:00
1714026600000,64312.79,64391.99,64202.46,64220.48,113.21797,2024-04-25 06:30:00
1714027500000,64220.47,64288.0,64220.47,64288.0,87.08593,2024-04-25 06:45:00
1714028400000,64288.0,64345.31,64237.42,64345.3,161.41192,2024-04-25 07:00:00
1714029300000,64345.31,64379.85,64240.71,64246.0,152.44635,2024-04-25 07:15:00
1714030200000,64246.01,64262.7,63904.0,63921.99,346.45416,2024-04-25 07:30:00
1714031100000,63921.98,64069.61,63824.07,64017.99,290.86231,2024-04-25 07:45:00
1714032000000,64017.99,64092.57,63950.0,64083.87,238.99076,2024-04-25 08:00:00
1714032900000,64083.86,64176.86,63906.0,63948.78,275.63233,2024-04-25 08:15:00
1714033800000,63948.79,64053.15,63723.37,63819.09,503.08634,2024-04-25 08:30:00
1714034700000,63819.1,63948.79,63708.2,63948.78,311.56395,2024-04-25 08:45:00
1714035600000,63948.78,64192.0,63894.0,64144.0,286.79399,2024-04-25 09:00:00
1714036500000,64144.0,64162.0,63986.82,64022.48,207.97206,2024-04-25 09:15:00
1714037400000,64022.49,64059.08,63877.47,63915.55,158.93395,2024-04-25 09:30:00
1714038300000,63915.56,63966.03,63809.13,63966.02,180.15634,2024-04-25 09:45:00
1714039200000,63966.03,63966.03,63560.0,63810.66,522.61875,2024-04-25 10:00:00
1714040100000,63810.67,63853.66,63355.0,63447.45,874.01041,2024-04-25 10:15:00
1714041000000,63447.45,63580.0,63337.25,63547.67,687.017,2024-04-25 10:30:00
1714041900000,63547.68,63659.0,63459.62,63462.01,335.22781,2024-04-25 10:45:00
1714042800000,63462.0,63739.99,63447.37,63660.78,322.78275,2024-04-25 11:00:00
1714043700000,63660.77,63907.74,63656.42,63907.73,297.18123,2024-04-25 11:15:00
1714044600000,63907.73,63926.87,63754.0,63926.86,267.31234,2024-04-25 11:30:00
1714045500000,63926.86,63994.23,63834.92,63861.23,315.09182,2024-04-25 11:45:00
1714046400000,63861.24,64168.71,63708.06,64058.0,462.20188,2024-04-25 12:00:00
1714047300000,64057.99,64095.76,63977.99,64064.0,313.25464,2024-04-25 12:15:00
1714048200000,64063.99,64302.99,63676.11,63764.79,1012.47774,2024-04-25 12:30:00
1714049100000,63764.79,63817.63,63267.03,63429.82,806.27858,2024-04-25 12:45:00
1714050000000,63429.83,63571.89,62900.0,63096.0,1412.1638,2024-04-25 13:00:00
1714050900000,63096.0,63247.85,62794.0,63209.1,992.52226,2024-04-25 13:15:00
1714051800000,63209.09,63571.95,62932.67,63457.77,847.02343,2024-04-25 13:30:00
1714052700000,63457.76,63530.0,63241.98,63428.97,471.22157,2024-04-25 13:45:00
1714053600000,63428.97,63835.82,63339.04,63765.33,556.01386,2024-04-25 14:00:00
1714054500000,63765.33,63867.74,63643.82,63673.69,394.571,2024-04-25 14:15:00
1714055400000,63673.7,63717.39,63421.34,63522.87,322.48223,2024-04-25 14:30:00
1714056300000,63522.86,63578.04,63215.99,63384.96,338.7316,2024-04-25 14:45:00
1714057200000,63384.96,63548.2,63265.95,63535.49,339.29176,2024-04-25 15:00:00
1714058100000,63535.49,63703.64,63435.83,63686.4,267.62816,2024-04-25 15:15:00
1714059000000,63686.41,63958.54,63573.38,63844.01,457.62888,2024-04-25 15:30:00
1714059900000,63844.01,64198.4,63758.53,64135.94,547.74448,2024-04-25 15:45:00
1714060800000,64135.93,64270.69,64012.73,64066.78,657.53033,2024-04-25 16:00:00
1714061700000,64066.78,64254.0,63971.48,64167.27,252.68352,2024-04-25 16:15:00
1714062600000,64167.27,64223.31,64065.81,64190.24,266.83167,2024-04-25 16:30:00
1714063500000,64190.23,64503.46,64182.44,64445.45,567.35278,2024-04-25 16:45:00
1714064400000,64445.45,64856.85,64374.95,64624.73,975.2957,2024-04-25 17:00:00
1714065300000,64624.73,64709.75,64414.54,64561.74,594.84287,2024-04-25 17:15:00
1714066200000,64561.74,64689.51,64427.05,64544.15,359.23813,2024-04-25 17:30:00
1714067100000,64544.15,64772.47,64485.88,64704.0,287.01404,2024-04-25 17:45:00
1714068000000,64703.99,64800.0,64580.0,64733.86,270.94736,2024-04-25 18:00:00
1714068900000,64733.85,64975.0,64649.99,64649.99,433.09457,2024-04-25 18:15:00
1714069800000,64649.99,64678.05,64480.34,64513.43,347.10524,2024-04-25 18:30:00
1714070700000,64513.43,64729.18,64452.21,64712.1,216.46291,2024-04-25 18:45:00
1714071600000,64712.11,64786.0,64590.63,64657.73,195.9738,2024-04-25 19:00:00
1714072500000,64657.73,64752.84,64616.55,64752.83,126.47973,2024-04-25 19:15:00
1714073400000,64752.83,64752.84,64561.29,64597.76,206.27537,2024-04-25 19:30:00
1714074300000,64597.76,64747.12,64593.65,64747.11,136.27425,2024-04-25 19:45:00
1714075200000,64747.12,64992.0,64489.3,64579.86,523.85381,2024-04-25 20:00:00
1714076100000,64579.87,64741.45,64546.21,64696.98,147.24989,2024-04-25 20:15:00
1714077000000,64696.99,64889.43,64694.91,64864.66,244.03442,2024-04-25 20:30:00
1714077900000,64864.66,64887.23,64774.62,64794.29,150.7582,2024-04-25 20:45:00
1714078800000,64794.28,64999.0,64775.19,64931.7,294.14822,2024-04-25 21:00:00
1714079700000,64931.71,65297.94,64905.51,64931.65,510.30246,2024-04-25 21:15:00
1714080600000,64931.66,65124.42,64806.27,64806.27,316.993,2024-04-25 21:30:00
1714081500000,64806.27,64860.0,64681.34,64710.01,190.56482,2024-04-25 21:45:00
1714082400000,64710.01,64740.0,64600.02,64680.17,245.48911,2024-04-25 22:00:00
1714083300000,64680.18,64729.99,64582.89,64729.98,156.33248,2024-04-25 22:15:00
1714084200000,64729.99,64729.99,64590.9,64641.15,142.94485,2024-04-25 22:30:00
1714085100000,64641.16,64648.45,64556.0,64602.99,97.127,2024-04-25 22:45:00
1714086000000,64602.99,64747.12,64469.99,64581.7,330.30266,2024-04-25 23:00:00
1714086900000,64581.71,64629.49,64513.02,64520.91,146.74786,2024-04-25 23:15:00
1714087800000,64520.9,64574.07,64461.99,64496.09,123.35613,2024-04-25 23:30:00
1714088700000,64496.09,64539.9,64447.75,64498.34,168.05706,2024-04-25 23:45:00
1714089600000,64498.33,64557.03,64393.53,64424.0,166.36873,2024-04-26 00:00:00
1714090500000,64424.0,64484.92,64220.2,64381.25,287.57541,2024-04-26 00:15:00
1714091400000,64381.24,64382.92,64120.0,64162.29,456.37508,2024-04-26 00:30:00
1714092300000,64162.29,64358.59,64111.01,64307.03,225.15472,2024-04-26 00:45:00
1714093200000,64307.03,64309.55,63912.5,64099.99,495.22955,2024-04-26 01:00:00
1714094100000,64100.0,64162.5,63890.82,64152.76,444.96909,2024-04-26 01:15:00
1714095000000,64152.76,64504.0,64100.0,64447.98,329.69172,2024-04-26 01:30:00
1714095900000,64447.99,64662.5,64381.25,64402.97,306.19032,2024-04-26 01:45:00
1714096800000,64402.98,64631.25,64304.88,64551.22,304.77232,2024-04-26 02:00:00
1714097700000,64551.22,64662.53,64475.0,64475.0,228.71524,2024-04-26 02:15:00
1714098600000,64475.01,64475.01,64385.87,64424.0,159.74991,2024-04-26 02:30:00
1714099500000,64424.01,64537.5,64360.97,64499.91,206.74873,2024-04-26 02:45:00
1714100400000,64499.92,64506.25,64294.78,64371.07,384.6648,2024-04-26 03:00:00
1714101300000,64371.07,64475.0,64312.54,64344.01,154.32481,2024-04-26 03:15:00
1714102200000,64344.0,64430.31,64332.16,64417.18,176.04487,2024-04-26 03:30:00
1714103100000,64417.19,64429.0,64332.61,64381.24,174.52859,2024-04-26 03:45:00
1714104000000,64381.25,64389.93,64215.59,64275.72,192.71977,2024-04-26 04:00:00
1714104900000,64275.71,64391.37,64175.32,64380.0,202.42975,2024-04-26 04:15:00
1714105800000,64380.0,64380.01,64225.0,64272.57,138.23409,2024-04-26 04:30:00
1714106700000,64272.56,64327.27,64202.43,64210.85,118.1645,2024-04-26 04:45:00
1714107600000,64210.84,64210.85,64000.02,64163.99,324.0182,2024-04-26 05:00:00
1714108500000,64163.99,64300.0,64153.25,64217.01,169.66173,2024-04-26 05:15:00
1714109400000,64217.01,64354.0,64208.86,64342.01,144.80042,2024-04-26 05:30:00
1714110300000,64342.01,64574.32,64342.01,64553.99,520.60827,2024-04-26 05:45:00
1714111200000,64553.99,64576.26,64455.09,64455.1,162.86599,2024-04-26 06:00:00
1714112100000,64455.09,64482.55,64404.08,64409.23,120.40586,2024-04-26 06:15:00
1714113000000,64409.24,64446.54,64256.25,64323.17,185.51107,2024-04-26 06:30:00
1714113900000,64323.17,64475.0,64323.17,64377.57,118.69864,2024-04-26 06:45:00
1714114800000,64377.56,64377.57,64272.41,64308.1,202.57676,2024-04-26 07:00:00
1714115700000,64308.1,64610.82,64279.57,64483.64,309.7568,2024-04-26 07:15:00
1714116600000,64483.64,64535.39,64256.26,64336.0,462.57685,2024-04-26 07:30:00
1714117500000,64336.0,64355.93,64240.21,64276.95,447.56495,2024-04-26 07:45:00
1714118400000,64276.94,64439.0,64234.19,64427.44,449.65977,2024-04-26 08:00:00
1714119300000,64427.45,64468.92,64307.74,64360.0,187.76537,2024-04-26 08:15:00
1714120200000,64359.99,64419.0,64304.01,64419.0,117.53173,2024-04-26 08:30:00
1714121100000,64418.99,64449.34,64328.0,64412.5,150.72615,2024-04-26 08:45:00
1714122000000,64412.5,64495.05,64329.42,64431.99,202.80851,2024-04-26 09:00:00
1714122900000,64432.0,64532.95,64412.63,64505.72,142.96003,2024-04-26 09:15:00
1714123800000,64505.71,64581.52,64458.67,64467.18,240.78817,2024-04-26 09:30:00
1714124700000,64467.18,64476.0,64377.7,64474.99,266.69484,2024-04-26 09:45:00
1714125600000,64474.99,64556.45,64412.5,64412.5,109.37476,2024-04-26 10:00:00
1714126500000,64412.5,64457.55,64307.14,64331.61,128.3532,2024-04-26 10:15:00
1714127400000,64331.6,64404.0,64239.67,64278.46,242.22703,2024-04-26 10:30:00
1714128300000,64278.45,64290.0,64059.8,64100.01,733.16656,2024-04-26 10:45:00
1714129200000,64100.01,64204.0,64100.0,64180.9,206.49855,2024-04-26 11:00:00
1714130100000,64180.89,64242.0,64124.11,64124.11,150.75241,2024-04-26 11:15:00
1714131000000,64124.11,64206.25,64070.0,64152.51,142.19982,2024-04-26 11:30:00
1714131900000,64152.52,64264.74,64144.28,64244.02,91.06862,2024-04-26 11:45:00
1714132800000,64244.03,64471.75,64156.92,64373.99,247.20069,2024-04-26 12:00:00
1714133700000,64374.0,64380.0,64271.89,64271.89,128.32401,2024-04-26 12:15:00
1714134600000,64271.9,64517.99,64269.0,64399.99,384.88377,2024-04-26 12:30:00
1714135500000,64400.0,64420.0,63950.0,64142.79,538.88419,2024-04-26 12:45:00
1714136400000,64142.78,64188.47,63831.29,63928.0,408.89839,2024-04-26 13:00:00
1714137300000,63928.0,63986.77,63718.13,63816.89,636.10701,2024-04-26 13:15:00
1714138200000,63816.89,64110.0,63685.94,64109.99,584.61683,2024-04-26 13:30:00
1714139100000,64110.0,64582.93,64092.0,64500.01,882.42546,2024-04-26 13:45:00
1714140000000,64500.0,64782.6,64306.99,64725.0,600.83584,2024-04-26 14:00:00
1714140900000,64725.01,64820.01,64373.92,64377.99,682.93692,2024-04-26 14:15:00
1714141800000,64377.99,64529.42,63900.0,64047.99,866.78769,2024-04-26 14:30:00
1714142700000,64048.0,64056.0,63791.91,63854.16,1017.24833,2024-04-26 14:45:00
1714143600000,63854.15,64030.0,63522.0,63713.05,860.93943,2024-04-26 15:00:00
1714144500000,63713.04,63782.28,63297.48,63432.2,1087.32443,2024-04-26 15:15:00
1714145400000,63432.2,63568.75,63354.0,63568.75,545.8546,2024-04-26 15:30:00
1714146300000,63568.75,63600.0,63478.03,63503.22,217.50169,2024-04-26 15:45:00
1714147200000,63503.22,63662.5,63318.75,63463.07,404.36305,2024-04-26 16:00:00
1714148100000,63463.08,63786.31,63443.19,63710.37,537.76627,2024-04-26 16:15:00
1714149000000,63710.38,63771.25,63611.37,63620.75,273.33012,2024-04-26 16:30:00
1714149900000,63620.74,63776.91,63560.98,63662.51,159.21459,2024-04-26 16:45:00
1714150800000,63662.5,63734.22,63550.97,63714.37,173.20763,2024-04-26 17:00:00
1714151700000,63714.37,63858.82,63645.18,63824.64,249.1541,2024-04-26 17:15:00
1714152600000,63824.64,64004.25,63751.6,63870.46,456.7363,2024-04-26 17:30:00
1714153500000,63870.46,64115.12,63870.46,64008.4,306.7912,2024-04-26 17:45:00
1714154400000,64008.4,64112.44,63960.33,64089.43,231.46903,2024-04-26 18:00:00
1714155300000,64089.42,64089.43,63957.75,63996.27,116.78584,2024-04-26 18:15:00
1714156200000,63996.28,64162.5,63943.82,64000.88,136.96339,2024-04-26 18:30:00
1714157100000,64000.88,64086.16,63947.86,64060.0,100.91782,2024-04-26 18:45:00
1714158000000,64060.01,64131.25,63967.68,63967.69,140.89903,2024-04-26 19:00:00
1714158900000,63967.68,64006.25,63870.18,63914.74,145.72604,2024-04-26 19:15:00
1714159800000,63914.75,63914.75,63806.61,63820.0,86.04692,2024-04-26 19:30:00
1714160700000,63819.99,63943.75,63727.89,63742.05,193.57972,2024-04-26 19:45:00
1714161600000,63742.07,63998.21,63742.05,63970.26,197.52514,2024-04-26 20:00:00
1714162500000,63970.27,64107.32,63891.72,63915.94,202.29608,2024-04-26 20:15:00
1714163400000,63915.93,63993.87,63895.8,63926.49,102.7532,2024-04-26 20:30:00
1714164300000,63926.48,63966.4,63892.28,63966.39,89.17694,2024-04-26 20:45:00
1714165200000,63966.39,64025.77,63886.48,63886.48,94.43128,2024-04-26 21:00:00
1714166100000,63886.48,63933.64,63830.0,63866.9,96.55434,2024-04-26 21:15:00
1714167000000,63866.89,64012.2,63866.89,63991.74,97.23958,2024-04-26 21:30:00
1714167900000,63991.74,64080.56,63949.2,64059.97,90.43418,2024-04-26 21:45:00
1714168800000,64059.96,64059.97,63952.73,63992.01,99.41681,2024-04-26 22:00:00
1714169700000,63992.0,64012.2,63758.62,63821.96,206.44165,2024-04-26 22:15:00
1714170600000,63821.95,63881.25,63739.72,63755.2,129.31004,2024-04-26 22:30:00
1714171500000,63755.2,63821.94,63689.22,63821.93,123.5343,2024-04-26 22:45:00
1714172400000,63821.94,63913.46,63821.93,63844.37,80.97867,2024-04-26 23:00:00
1714173300000,63844.37,63848.8,63756.25,63846.0,78.02949,2024-04-26 23:15:00
1714174200000,63846.01,63846.01,63778.45,63812.0,60.1623,2024-04-26 23:30:00
1714175100000,63812.0,63829.68,63768.88,63770.01,48.91607,2024-04-26 23:45:00
1714176000000,63770.0,63904.0,63750.0,63904.0,127.19991,2024-04-27 00:00:00
1714176900000,63903.99,63923.41,63508.0,63528.6,234.00688,2024-04-27 00:15:00
1714177800000,63528.59,63537.5,62989.44,63007.99,1046.39922,2024-04-27 00:30:00
1714178700000,63008.0,63187.76,62851.0,63181.99,706.52486,2024-04-27 00:45:00
1714179600000,63182.0,63272.72,62992.04,63153.3,669.96039,2024-04-27 01:00:00
1714180500000,63153.3,63180.12,62391.24,62615.58,1264.031,2024-04-27 01:15:00
1714181400000,62615.58,62783.18,62579.31,62696.01,448.25212,2024-04-27 01:30:00
1714182300000,62696.02,62760.0,62541.27,62593.28,403.26584,2024-04-27 01:45:00
1714183200000,62593.28,62900.0,62471.52,62870.0,475.57536,2024-04-27 02:00:00
1714184100000,62869.99,63173.57,62851.31,63167.7,273.23807,2024-04-27 02:15:00
1714185000000,63167.69,63325.12,63015.55,63028.08,292.5979,2024-04-27 02:30:00
1714185900000,63028.08,63056.0,62912.5,62929.97,138.55533,2024-04-27 02:45:00
1714186800000,62929.98,63046.65,62808.0,63044.0,205.38289,2024-04-27 03:00:00
1714187700000,63044.0,63140.0,63000.0,63082.01,134.27941,2024-04-27 03:15:00
1714188600000,63082.01,63108.88,63008.51,63099.0,125.37719,2024-04-27 03:30:00
1714189500000,63099.01,63153.06,62975.0,63082.01,113.12266,2024-04-27 03:45:00
1714190400000,63082.0,63082.01,62958.35,62958.95,106.9195,2024-04-27 04:00:00
1714191300000,62958.95,63140.01,62950.01,63132.0,145.0272,2024-04-27 04:15:00
1714192200000,63132.0,63175.0,63020.28,63042.76,250.03113,2024-04-27 04:30:00
1714193100000,63042.77,63077.78,62943.75,63048.57,133.17136,2024-04-27 04:45:00
1714194000000,63048.57,63091.82,62808.0,62938.0,265.30249,2024-04-27 05:00:00
1714194900000,62937.99,63046.68,62908.28,63026.0,122.73909,2024-04-27 05:15:00
1714195800000,63026.01,63077.78,62984.44,63065.98,81.73151,2024-04-27 05:30:00
1714196700000,63065.98,63065.98,62932.59,62988.25,192.31207,2024-04-27 05:45:00
1714197600000,62988.25,63059.99,62931.46,63018.5,116.11745,2024-04-27 06:00:00
1714198500000,63018.5,63068.6,62910.0,62952.97,129.79731,2024-04-27 06:15:00
1714199400000,62952.97,63024.51,62865.46,62981.99,157.80771,2024-04-27 06:30:00
1714200300000,62982.0,63147.88,62981.99,63028.0,144.13104,2024-04-27 06:45:00
1714201200000,63028.0,63141.99,62986.0,63108.89,90.42767,2024-04-27 07:00:00
1714202100000,63108.88,63139.88,63056.0,63096.66,109.57483,2024-04-27 07:15:00
1714203000000,63096.66,63160.71,63020.1,63039.66,119.22381,2024-04-27 07:30:00
1714203900000,63039.66,63060.66,62946.0,62966.83,78.0904,2024-04-27 07:45:00
1714204800000,62966.84,63025.95,62945.43,62970.8,167.21357,2024-04-27 08:00:00
1714205700000,62970.81,63015.56,62913.48,63004.64,110.65909,2024-04-27 08:15:00
1714206600000,63004.65,63015.53,62933.63,63014.99,86.06384,2024-04-27 08:30:00
1714207500000,63015.0,63060.0,62992.01,63016.01,90.8444,2024-04-27 08:45:00
1714208400000,63016.01,63055.49,62878.78,62898.85,190.38497,2024-04-27 09:00:00
1714209300000,62898.85,62973.48,62898.85,62964.72,84.57131,2024-04-27 09:15:00
1714210200000,62964.71,63028.42,62938.35,62988.0,104.96377,2024-04-27 09:30:00
1714211100000,62987.99,63000.0,62953.33,62984.45,54.10836,2024-04-27 09:45:00
1714212000000,62984.45,62991.54,62904.0,62972.0,86.99693,2024-04-27 10:00:00
1714212900000,62972.01,62988.0,62881.64,62954.67,93.85822,2024-04-27 10:15:00
1714213800000,62954.66,62954.67,62784.67,62824.0,286.85332,2024-04-27 10:30:00
1714214700000,62824.01,62824.01,62730.0,62796.0,207.35711,2024-04-27 10:45:00
1714215600000,62795.99,62857.15,62673.37,62836.0,174.94238,2024-04-27 11:00:00
1714216500000,62836.0,62902.96,62786.05,62885.74,112.8393,2024-04-27 11:15:00
1714217400000,62885.73,62934.12,62850.0,62912.85,119.73842,2024-04-27 11:30:00
1714218300000,62912.86,62950.0,62850.26,62862.14,108.29595,2024-04-27 11:45:00
1714219200000,62862.13,63174.0,62810.29,63140.0,956.32887,2024-04-27 12:00:00
1714220100000,63140.0,63140.01,62957.15,62978.02,252.13418,2024-04-27 12:15:00
1714221000000,62978.01,63054.0,62940.02,63053.99,125.32432,2024-04-27 12:30:00
1714221900000,63053.99,63095.18,62971.34,63034.62,114.59717,2024-04-27 12:45:00
1714222800000,63034.62,63071.06,63006.21,63055.73,113.22791,2024-04-27 13:00:00
1714223700000,63055.74,63250.0,63055.73,63111.24,202.26383,2024-04-27 13:15:00
1714224600000,63111.24,63271.79,63063.82,63206.0,212.95701,2024-04-27 13:30:00
1714225500000,63206.0,63233.34,63160.0,63227.09,204.55664,2024-04-27 13:45:00
1714226400000,63227.09,63381.7,63146.0,63305.58,322.16216,2024-04-27 14:00:00
1714227300000,63305.59,63408.53,63154.1,63154.1,248.64399,2024-04-27 14:15:00
1714228200000,63154.1,63264.03,63078.88,63097.31,122.30265,2024-04-27 14:30:00
1714229100000,63097.3,63146.02,63063.82,63131.65,143.91306,2024-04-27 14:45:00
1714230000000,63131.65,63212.09,63080.54,63135.05,99.47405,2024-04-27 15:00:00
1714230900000,63135.05,63154.0,63015.24,63050.01,99.09743,2024-04-27 15:15:00
1714231800000,63050.0,63077.44,62875.41,62958.01,160.95429,2024-04-27 15:30:00
1714232700000,62958.01,62972.0,62860.0,62951.75,125.91866,2024-04-27 15:45:00
1714233600000,62951.75,63057.48,62940.01,62979.29,212.34444,2024-04-27 16:00:00
1714234500000,62979.3,63111.89,62777.15,62788.01,338.63842,2024-04-27 16:15:00
1714235400000,62788.0,62922.23,62780.88,62882.0,166.91341,2024-04-27 16:30:00
1714236300000,62882.0,62934.0,62750.0,62750.0,230.21378,2024-04-27 16:45:00
1714237200000,62750.0,62866.52,62750.0,62840.0,109.71631,2024-04-27 17:00:00
1714238100000,62839.99,62965.01,62826.43,62930.65,148.73484,2024-04-27 17:15:00
1714239000000,62930.66,63336.0,62879.99,63278.01,493.43849,2024-04-27 17:30:00
1714239900000,63278.0,63650.0,63180.0,63416.21,791.64762,2024-04-27 17:45:00
1714240800000,63416.22,63619.96,63119.74,63203.0,789.04611,2024-04-27 18:00:00
1714241700000,63203.01,63206.44,62821.82,63054.12,588.10152,2024-04-27 18:15:00
1714242600000,63054.13,63267.85,63050.0,63224.0,275.3588,2024-04-27 18:30:00
1714243500000,63224.0,63431.78,63223.99,63339.05,256.17417,2024-04-27 18:45:00
1714244400000,63339.06,63388.42,63192.07,63351.27,138.55135,2024-04-27 19:00:00
1714245300000,63351.26,63387.87,63225.71,63249.99,176.55894,2024-04-27 19:15:00
1714246200000,63249.99,63326.22,63233.33,63303.73,111.20563,2024-04-27 19:30:00
1714247100000,63303.74,63370.0,63298.2,63352.11,87.20868,2024-04-27 19:45:00
1714248000000,63352.11,63461.53,63281.89,63281.9,122.12887,2024-04-27 20:00:00
1714248900000,63281.9,63288.0,63160.0,63171.11,163.05359,2024-04-27 20:15:00
1714249800000,63171.11,63276.0,63171.11,63273.43,75.21407,2024-04-27 20:30:00
1714250700000,63273.43,63284.26,63222.0,63277.99,49.01784,2024-04-27 20:45:00
1714251600000,63277.99,63295.13,63168.52,63168.53,60.76353,2024-04-27 21:00:00
1714252500000,63168.52,63236.0,63157.98,63194.97,81.96439,2024-04-27 21:15:00
1714253400000,63194.96,63300.0,63188.0,63270.02,71.92876,2024-04-27 21:30:00
1714254300000,63270.01,63357.32,63270.01,63289.57,58.31828,2024-04-27 21:45:00
1714255200000,63289.57,63474.99,63286.72,63375.4,242.32998,2024-04-27 22:00:00
1714256100000,63375.4,63387.48,63296.15,63321.01,91.20345,2024-04-27 22:15:00
1714257000000,63321.0,63321.01,63251.59,63264.29,66.54325,2024-04-27 22:30:00
1714257900000,63264.29,63279.52,63233.81,63259.99,66.39817,2024-04-27 22:45:00
1714258800000,63260.0,63430.0,63259.99,63430.0,112.85567,2024-04-27 23:00:00
1714259700000,63430.0,63470.0,63429.99,63454.0,81.05939,2024-04-27 23:15:00
1714260600000,63454.01,63510.0,63431.86,63456.11,94.30378,2024-04-27 23:30:00
1714261500000,63456.11,63555.56,63426.47,63461.98,98.40423,2024-04-27 23:45:00
1714262400000,63461.98,63530.0,63461.98,63493.99,180.77846,2024-04-28 00:00:00
1714263300000,63493.99,63748.55,63456.86,63734.0,279.17853,2024-04-28 00:15:00
1714264200000,63734.01,63734.01,63574.99,63574.99,89.30369,2024-04-28 00:30:00
1714265100000,63575.0,63637.2,63544.69,63616.57,88.35841,2024-04-28 00:45:00
1714266000000,63616.58,63672.4,63596.14,63615.75,116.47618,2024-04-28 01:00:00
1714266900000,63615.75,63615.76,63523.45,63598.0,93.62921,2024-04-28 01:15:00
1714267800000,63597.99,63642.0,63527.86,63641.99,106.05802,2024-04-28 01:30:00
1714268700000,63641.99,63698.74,63603.59,63603.6,89.2582,2024-04-28 01:45:00
1714269600000,63603.6,63621.32,63552.68,63598.32,81.73248,2024-04-28 02:00:00
1714270500000,63598.33,63628.0,63570.01,63594.52,76.2585,2024-04-28 02:15:00
1714271400000,63594.52,63762.25,63561.55,63721.6,137.84351,2024-04-28 02:30:00
1714272300000,63721.61,64050.0,63721.6,63950.0,572.6745,2024-04-28 02:45:00
1714273200000,63950.01,64367.96,63932.78,64306.56,677.59941,2024-04-28 03:00:00
1714274100000,64306.56,64370.0,64026.22,64167.5,425.04087,2024-04-28 03:15:00
1714275000000,64167.5,64190.0,64022.0,64060.0,259.11344,2024-04-28 03:30:00
1714275900000,64060.0,64091.98,64007.7,64021.62,112.33321,2024-04-28 03:45:00
1714276800000,64021.62,64049.99,63936.46,63945.43,201.5331,2024-04-28 04:00:00
1714277700000,63945.43,64041.47,63938.27,64026.0,183.93207,2024-04-28 04:15:00
1714278600000,64026.01,64026.01,63891.41,63913.96,131.48258,2024-04-28 04:30:00
1714279500000,63913.96,63933.64,63827.88,63843.14,128.67741,2024-04-28 04:45:00
1714280400000,63843.14,63896.85,63814.96,63818.01,138.06322,2024-04-28 05:00:00
1714281300000,63818.0,63891.15,63810.0,63877.99,124.02915,2024-04-28 05:15:00
1714282200000,63878.0,63888.32,63854.87,63859.75,67.47488,2024-04-28 05:30:00
1714283100000,63859.76,64000.0,63859.75,63953.99,168.98974,2024-04-28 05:45:00
1714284000000,63954.0,63988.0,63910.0,63910.0,91.82516,2024-04-28 06:00:00
1714284900000,63910.01,63948.18,63800.0,63801.71,132.06338,2024-04-28 06:15:00
1714285800000,63801.72,63942.0,63801.71,63941.99,117.599,2024-04-28 06:30:00
1714286700000,63942.0,64017.29,63850.0,63967.14,301.37634,2024-04-28 06:45:00
1714287600000,63967.14,64042.0,63894.21,64042.0,162.81582,2024-04-28 07:00:00
1714288500000,64042.0,64060.0,63928.0,63966.0,138.68846,2024-04-28 07:15:00
1714289400000,63966.0,64008.0,63900.0,63900.0,129.17552,2024-04-28 07:30:00
1714290300000,63900.0,63948.18,63900.0,63915.5,87.94843,2024-04-28 07:45:00
1714291200000,63915.5,63979.27,63843.17,63915.07,150.90059,2024-04-28 08:00:00
1714292100000,63915.08,63941.61,63884.0,63884.0,150.98574,2024-04-28 08:15:00
1714293000000,63884.0,63899.93,63668.18,63668.19,294.39804,2024-04-28 08:30:00
1714293900000,63668.19,63768.32,63639.17,63709.98,224.64873,2024-04-28 08:45:00
1714294800000,63709.99,63800.0,63676.0,63793.33,127.41705,2024-04-28 09:00:00
1714295700000,63793.33,63823.79,63741.0,63812.02,96.45543,2024-04-28 09:15:00
1714296600000,63812.01,63812.02,63742.74,63770.67,66.13148,2024-04-28 09:30:00
1714297500000,63770.67,63770.68,63682.96,63759.33,113.3966,2024-04-28 09:45:00
1714298400000,63759.34,63792.6,63583.4,63584.0,201.3136,2024-04-28 10:00:00
1714299300000,63584.01,63645.51,63345.55,63579.99,510.86615,2024-04-28 10:15:00
1714300200000,63579.99,63679.14,63563.65,63670.75,106.10355,2024-04-28 10:30:00
1714301100000,63670.76,63706.0,63629.46,63694.5,117.61691,2024-04-28 10:45:00
1714302000000,63694.5,63710.87,63575.55,63628.83,91.41376,2024-04-28 11:00:00
1714302900000,63628.83,63681.87,63406.0,63469.99,278.04067,2024-04-28 11:15:00
1714303800000,63469.99,63523.05,63419.99,63497.99,119.04338,2024-04-28 11:30:00
1714304700000,63497.99,63503.7,63394.68,63484.01,105.39848,2024-04-28 11:45:00
1714305600000,63484.0,63596.93,63415.6,63545.29,156.90029,2024-04-28 12:00:00
1714306500000,63545.28,63588.36,63500.0,63568.01,162.53113,2024-04-28 12:15:00
1714307400000,63568.01,63673.0,63566.74,63567.62,166.72944,2024-04-28 12:30:00
1714308300000,63567.61,63605.98,63544.44,63590.03,98.07753,2024-04-28 12:45:00
1714309200000,63590.03,63790.84,63534.0,63700.01,241.13569,2024-04-28 13:00:00
1714310100000,63700.01,63869.09,63660.0,63699.99,249.03444,2024-04-28 13:15:00
1714311000000,63700.0,63839.35,63676.89,63808.0,147.47274,2024-04-28 13:30:00
1714311900000,63808.0,63808.01,63738.5,63775.43,83.54809,2024-04-28 13:45:00
1714312800000,63775.42,63783.6,63642.0,63720.0,183.38093,2024-04-28 14:00:00
1714313700000,63719.99,63742.0,63550.0,63632.38,164.00157,2024-04-28 14:15:00
1714314600000,63632.39,63728.34,63520.4,63546.85,180.32741,2024-04-28 14:30:00
1714315500000,63546.85,63610.05,63488.0,63607.19,104.16139,2024-04-28 14:45:00
1714316400000,63607.2,63652.0,63527.88,63575.92,142.62002,2024-04-28 15:00:00
1714317300000,63575.92,63582.0,63504.83,63532.0,107.85327,2024-04-28 15:15:00
1714318200000,63532.0,63580.0,63460.0,63574.01,139.72593,2024-04-28 15:30:00
1714319100000,63574.02,63575.0,63485.0,63540.0,94.15981,2024-04-28 15:45:00
1714320000000,63540.0,63646.0,63540.0,63606.09,121.92946,2024-04-28 16:00:00
1714320900000,63606.09,63720.0,63483.18,63696.0,153.61153,2024-04-28 16:15:00
1714321800000,63696.01,63800.4,63668.88,63668.89,208.22647,2024-04-28 16:30:00
1714322700000,63668.89,63720.62,63562.1,63705.38,97.78219,2024-04-28 16:45:00
1714323600000,63705.38,63725.5,63652.46,63712.58,72.21014,2024-04-28 17:00:00
1714324500000,63712.58,63712.59,63570.3,63604.96,112.3963,2024-04-28 17:15:00
1714325400000,63604.96,63724.0,63604.95,63724.0,80.79339,2024-04-28 17:30:00
1714326300000,63724.0,63814.0,63723.99,63768.47,91.23008,2024-04-28 17:45:00
1714327200000,63768.47,63776.0,63710.57,63710.58,84.11011,2024-04-28 18:00:00
1714328100000,63710.58,63760.0,63694.5,63760.0,38.57974,2024-04-28 18:15:00
1714329000000,63759.99,63800.0,63701.04,63773.99,139.62249,2024-04-28 18:30:00
1714329900000,63773.99,63976.0,63762.0,63923.99,253.82882,2024-04-28 18:45:00
1714330800000,63924.0,63928.0,63810.0,63854.87,126.57114,2024-04-28 19:00:00
1714331700000,63854.87,63854.88,63792.68,63800.76,74.4739,2024-04-28 19:15:00
1714332600000,63800.77,63800.77,63715.36,63769.98,87.72917,2024-04-28 19:30:00
1714333500000,63769.99,63798.38,63730.48,63730.49,44.89436,2024-04-28 19:45:00
1714334400000,63730.49,63745.91,63617.95,63626.0,95.57393,2024-04-28 20:00:00
1714335300000,63626.0,63658.0,63588.72,63605.01,81.37194,2024-04-28 20:15:00
1714336200000,63605.01,63682.76,63605.01,63650.62,84.9891,2024-04-28 20:30:00
1714337100000,63650.63,63688.79,63650.62,63686.0,35.95377,2024-04-28 20:45:00
1714338000000,63686.0,63745.86,63622.54,63680.0,130.79509,2024-04-28 21:00:00
1714338900000,63680.0,63681.89,63674.0,63680.49,37.44754,2024-04-28 21:15:00
1714339800000,63680.5,63683.61,63609.0,63665.52,91.28283,2024-04-28 21:30:00
1714340700000,63665.52,63665.53,63614.3,63661.99,43.24099,2024-04-28 21:45:00
1714341600000,63662.0,63714.76,63357.31,63450.6,353.87922,2024-04-28 22:00:00
1714342500000,63450.6,63542.71,63444.98,63480.41,145.8393,2024-04-28 22:15:00
1714343400000,63480.42,63480.42,62870.0,63247.03,1314.2545,2024-04-28 22:30:00
1714344300000,63247.03,63247.04,63105.71,63151.05,426.67813,2024-04-28 22:45:00
1714345200000,63151.06,63151.06,62781.0,62961.39,625.93744,2024-04-28 23:00:00
1714346100000,62961.39,63061.12,62802.17,62967.21,298.64503,2024-04-28 23:15:00
1714347000000,62967.21,63034.83,62828.65,62930.01,298.1079,2024-04-28 23:30:00
1714347900000,62930.0,63164.7,62891.11,63118.62,230.11333,2024-04-28 23:45:00
1714348800000,63118.62,63304.76,63002.86,63304.75,252.12773,2024-04-29 00:00:00
1714349700000,63304.75,63321.9,63189.99,63217.99,207.07531,2024-04-29 00:15:00
1714350600000,63217.99,63251.99,63160.34,63217.99,99.38767,2024-04-29 00:30:00
1714351500000,63218.0,63295.13,63217.99,63257.43,81.24255,2024-04-29 00:45:00
1714352400000,63257.42,63286.27,63122.96,63188.28,145.92768,2024-04-29 01:00:00
1714353300000,63188.28,63194.0,63084.18,63167.7,129.58439,2024-04-29 01:15:00
1714354200000,63167.69,63367.05,63167.69,63230.01,149.40209,2024-04-29 01:30:00
1714355100000,63230.0,63259.52,63184.31,63232.0,114.00754,2024-04-29 01:45:00
1714356000000,63231.99,63285.08,63111.9,63159.99,120.98274,2024-04-29 02:00:00
1714356900000,63160.0,63198.69,63046.85,63127.99,138.31514,2024-04-29 02:15:00
1714357800000,63128.0,63128.0,62570.0,62744.68,592.68318,2024-04-29 02:30:00
1714358700000,62744.68,62867.7,62626.93,62706.33,415.75096,2024-04-29 02:45:00
1714359600000,62706.34,62764.84,62442.5,62550.0,532.41298,2024-04-29 03:00:00
1714360500000,62550.0,62733.4,62517.77,62655.72,275.20293,2024-04-29 03:15:00
1714361400000,62655.71,62684.51,62426.89,62671.87,335.41309,2024-04-29 03:30:00
1714362300000,62671.87,62671.87,62150.52,62279.67,592.85584,2024-04-29 03:45:00
1714363200000,62279.68,62471.91,62200.03,62471.9,328.81395,2024-04-29 04:00:00
1714364100000,62471.91,62560.74,62419.38,62528.0,206.62125,2024-04-29 04:15:00
1714365000000,62528.01,62639.4,62505.12,62631.48,180.11289,2024-04-29 04:30:00
1714365900000,62631.48,62632.31,62510.08,62542.0,252.59742,2024-04-29 04:45:00
1714366800000,62542.0,62542.0,62450.0,62510.0,97.54308,2024-04-29 05:00:00
1714367700000,62510.01,62510.01,62331.11,62344.01,153.77301,2024-04-29 05:15:00
1714368600000,62344.02,62403.75,62059.27,62403.74,485.47231,2024-04-29 05:30:00
1714369500000,62403.75,62453.76,62310.0,62444.88,179.25683,2024-04-29 05:45:00
1714370400000,62444.88,62473.8,62324.13,62335.99,224.47089,2024-04-29 06:00:00
1714371300000,62335.99,62424.4,62231.34,62304.24,206.9901,2024-04-29 06:15:00
1714372200000,62304.24,62304.24,62070.99,62201.99,459.47227,2024-04-29 06:30:00
1714373100000,62202.0,62266.82,61923.13,62199.69,839.45127,2024-04-29 06:45:00
1714374000000,62199.69,62205.0,61942.38,62154.29,479.23711,2024-04-29 07:00:00
1714374900000,62154.28,62301.15,62092.57,62273.2,393.55622,2024-04-29 07:15:00
1714375800000,62273.19,62330.1,62222.98,62316.0,200.79507,2024-04-29 07:30:00
1714376700000,62316.0,62417.85,62262.93,62399.98,289.74201,2024-04-29 07:45:00
1714377600000,62399.98,62498.61,62300.0,62339.43,320.21242,2024-04-29 08:00:00
1714378500000,62339.42,62376.72,62220.01,62376.71,155.69037,2024-04-29 08:15:00
1714379400000,62376.72,62393.3,62227.96,62356.79,192.74972,2024-04-29 08:30:00
1714380300000,62356.8,62422.0,62332.82,62398.0,142.21234,2024-04-29 08:45:00
1714381200000,62397.99,62406.0,62276.73,62382.0,158.42749,2024-04-29 09:00:00
1714382100000,62381.99,62394.0,62294.0,62294.01,117.80397,2024-04-29 09:15:00
1714383000000,62294.01,62369.57,62284.47,62336.0,111.36264,2024-04-29 09:30:00
1714383900000,62336.0,62660.01,62325.3,62536.01,289.16363,2024-04-29 09:45:00
1714384800000,62536.01,62636.34,62491.3,62636.33,194.7031,2024-04-29 10:00:00
1714385700000,62636.34,62673.18,62506.05,62524.0,266.81053,2024-04-29 10:15:00
1714386600000,62524.0,62560.0,62456.0,62456.0,125.50778,2024-04-29 10:30:00
1714387500000,62456.01,62467.95,62388.96,62388.97,171.87438,2024-04-29 10:45:00
1714388400000,62388.96,62421.66,62335.66,62362.54,157.43709,2024-04-29 11:00:00
1714389300000,62362.54,62384.73,62325.6,62342.03,109.07102,2024-04-29 11:15:00
1714390200000,62342.04,62368.23,62236.43,62314.01,279.11717,2024-04-29 11:30:00
1714391100000,62314.01,62314.01,62179.99,62256.0,241.76568,2024-04-29 11:45:00
1714392000000,62256.0,62339.31,62196.4,62339.31,194.51946,2024-04-29 12:00:00
1714392900000,62339.3,62388.43,62282.63,62334.01,181.77004,2024-04-29 12:15:00
1714393800000,62334.01,62530.45,62049.0,62454.0,680.57762,2024-04-29 12:30:00
1714394700000,62454.01,62653.44,62424.0,62602.33,370.11529,2024-04-29 12:45:00
1714395600000,62602.32,62698.55,62511.43,62512.0,323.36952,2024-04-29 13:00:00
1714396500000,62512.0,62616.9,62440.0,62508.0,318.02406,2024-04-29 13:15:00
1714397400000,62508.0,62600.0,61913.04,61976.99,1062.78202,2024-04-29 13:30:00
1714398300000,61977.0,62080.62,61765.53,62014.0,835.71747,2024-04-29 13:45:00
1714399200000,62014.0,62286.57,61878.61,62246.86,780.1253,2024-04-29 14:00:00
1714400100000,62246.86,62882.3,62237.01,62824.0,1018.78369,2024-04-29 14:15:00
1714401000000,62824.0,63014.67,62728.0,62754.01,842.1504,2024-04-29 14:30:00
1714401900000,62754.0,62856.54,62674.0,62834.99,321.99447,2024-04-29 14:45:00
1714402800000,62834.99,62953.05,62735.55,62819.98,326.26126,2024-04-29 15:00:00
1714403700000,62819.98,62935.42,62776.41,62904.0,253.24797,2024-04-29 15:15:00
1714404600000,62904.0,63059.99,62860.0,62966.26,365.3615,2024-04-29 15:30:00
1714405500000,62966.27,63112.29,62894.85,63039.07,337.71538,2024-04-29 15:45:00
1714406400000,63039.07,63158.8,62933.4,63066.62,390.30193,2024-04-29 16:00:00
1714407300000,63066.63,63084.86,62954.15,62978.38,284.95344,2024-04-29 16:15:00
1714408200000,62978.38,62981.85,62800.95,62855.99,301.613,2024-04-29 16:30:00
1714409100000,62856.0,62915.11,62754.0,62792.02,252.15782,2024-04-29 16:45:00
1714410000000,62792.01,63030.0,62774.38,62899.41,194.111,2024-04-29 17:00:00
1714410900000,62899.4,63221.74,62882.01,63184.22,241.7135,2024-04-29 17:15:00
1714411800000,63184.22,63206.0,62965.28,63034.0,162.10634,2024-04-29 17:30:00
1714412700000,63034.0,63123.49,62960.0,63033.23,181.94724,2024-04-29 17:45:00
1714413600000,63033.24,63050.0,62848.27,62891.45,196.60138,2024-04-29 18:00:00
1714414500000,62891.46,62977.99,62878.01,62940.87,102.90522,2024-04-29 18:15:00
1714415400000,62940.88,62950.46,62786.0,62786.01,185.52882,2024-04-29 18:30:00
1714416300000,62786.0,62876.68,62705.88,62870.0,127.2581,2024-04-29 18:45:00
1714417200000,62870.0,62870.01,62582.6,62642.5,392.47029,2024-04-29 19:00:00
1714418100000,62642.49,62699.6,62546.37,62684.96,156.7702,2024-04-29 19:15:00
1714419000000,62684.95,62828.66,62665.94,62750.44,157.40983,2024-04-29 19:30:00
1714419900000,62750.44,62988.0,62740.57,62987.37,176.22908,2024-04-29 19:45:00
1714420800000,62987.37,63134.12,62894.85,63115.98,181.68682,2024-04-29 20:00:00
1714421700000,63115.98,63115.99,63022.38,63022.94,175.51329,2024-04-29 20:15:00
1714422600000,63022.94,63076.0,62962.63,63031.78,89.86351,2024-04-29 20:30:00
1714423500000,63031.79,63031.79,62939.04,62968.82,93.3683,2024-04-29 20:45:00
1714424400000,62968.83,63039.14,62869.83,62869.84,121.28621,2024-04-29 21:00:00
1714425300000,62869.83,62986.6,62820.0,62942.51,124.38263,2024-04-29 21:15:00
1714426200000,62942.52,63002.17,62888.42,62988.64,79.40596,2024-04-29 21:30:00
1714427100000,62988.63,63172.58,62988.63,63092.24,154.05109,2024-04-29 21:45:00
1714428000000,63092.23,63199.0,63041.04,63175.46,193.21511,2024-04-29 22:00:00
1714428900000,63175.45,63497.54,63175.45,63497.53,434.51097,2024-04-29 22:15:00
1714429800000,63497.54,63885.98,63497.53,63746.0,731.55049,2024-04-29 22:30:00
1714430700000,63746.0,63935.91,63745.99,63890.0,377.26323,2024-04-29 22:45:00
1714431600000,63890.01,64228.35,63874.01,63996.0,629.43077,2024-04-29 23:00:00
1714432500000,63995.99,64133.95,63917.78,63960.47,409.37029,2024-04-29 23:15:00
1714433400000,63960.47,64080.0,63870.0,63908.01,252.74189,2024-04-29 23:30:00
1714434300000,63908.01,63934.8,63810.0,63866.0,191.80944,2024-04-29 23:45:00
1714435200000,63866.0,63882.29,63688.04,63727.8,196.06553,2024-04-30 00:00:00
1714436100000,63727.8,63996.32,63720.0,63992.56,212.86196,2024-04-30 00:15:00
1714437000000,63992.57,64202.14,63889.88,64177.99,620.62844,2024-04-30 00:30:00
1714437900000,64178.0,64734.0,64143.77,64580.0,1028.37795,2024-04-30 00:45:00
1714438800000,64579.99,64614.0,64350.0,64356.93,338.12613,2024-04-30 01:00:00
1714439700000,64356.94,64390.01,64165.24,64249.99,274.68869,2024-04-30 01:15:00
1714440600000,64250.0,64250.0,63966.89,64105.46,321.87683,2024-04-30 01:30:00
1714441500000,64105.46,64222.38,63560.5,63606.01,582.05778,2024-04-30 01:45:00
1714442400000,63606.01,63614.0,62995.7,63512.0,1703.83305,2024-04-30 02:00:00
1714443300000,63512.0,63696.61,63456.0,63609.1,223.7353,2024-04-30 02:15:00
1714444200000,63609.1,63868.0,63553.99,63814.01,319.0242,2024-04-30 02:30:00
1714445100000,63814.0,63896.12,63759.49,63780.91,193.76408,2024-04-30 02:45:00
1714446000000,63780.92,63780.92,63561.32,63588.02,209.01138,2024-04-30 03:00:00
1714446900000,63588.02,63753.43,63566.62,63741.68,92.71848,2024-04-30 03:15:00
1714447800000,63741.68,63820.58,63623.26,63627.7,166.5834,2024-04-30 03:30:00
1714448700000,63627.69,63745.15,63623.0,63647.99,158.63814,2024-04-30 03:45:00
1714449600000,63647.99,63708.7,63620.01,63652.92,106.52173,2024-04-30 04:00:00
1714450500000,63652.92,63652.93,63477.04,63506.51,112.31345,2024-04-30 04:15:00
1714451400000,63506.51,63637.33,63478.27,63545.15,122.20009,2024-04-30 04:30:00
1714452300000,63545.15,63545.16,63343.47,63403.98,258.63991,2024-04-30 04:45:00
1714453200000,63403.98,63491.59,63254.0,63440.07,264.52363,2024-04-30 05:00:00
1714454100000,63440.07,63450.61,63350.01,63376.01,105.4441,2024-04-30 05:15:00
1714455000000,63376.01,63376.02,63069.68,63180.0,435.11476,2024-04-30 05:30:00
1714455900000,63180.01,63344.69,63180.0,63330.0,163.48681,2024-04-30 05:45:00
1714456800000,63330.0,63330.01,63227.47,63264.57,131.67539,2024-04-30 06:00:00
1714457700000,63264.57,63420.14,63255.89,63376.91,167.36064,2024-04-30 06:15:00
1714458600000,63376.92,63440.0,63368.0,63410.01,89.46241,2024-04-30 06:30:00
1714459500000,63410.01,63465.1,63355.6,63412.0,94.10821,2024-04-30 06:45:00
1714460400000,63412.0,63429.09,63360.59,63419.42,92.27466,2024-04-30 07:00:00
1714461300000,63419.43,63430.73,63357.71,63370.0,85.30926,2024-04-30 07:15:00
1714462200000,63370.0,63461.96,63255.99,63287.98,362.17579,2024-04-30 07:30:00
1714463100000,63287.99,63340.0,63135.7,63148.74,444.46929,2024-04-30 07:45:00
1714464000000,63148.74,63244.0,62837.49,62837.61,501.7496,2024-04-30 08:00:00
1714464900000,62837.61,62966.07,62734.79,62752.0,671.81195,2024-04-30 08:15:00
1714465800000,62752.0,62760.56,62163.27,62201.13,1724.11517,2024-04-30 08:30:00
1714466700000,62201.13,62228.1,61816.46,61919.32,1388.38613,2024-04-30 08:45:00
1714467600000,61919.32,62095.66,61800.0,62092.02,926.6028,2024-04-30 09:00:00
1714468500000,62092.02,62148.0,61888.36,61989.96,572.52177,2024-04-30 09:15:00
1714469400000,61989.96,61989.96,61600.0,61855.68,828.14137,2024-04-30 09:30:00
1714470300000,61855.68,61893.95,61688.0,61688.01,379.05723,2024-04-30 09:45:00
1714471200000,61688.01,61777.72,61451.01,61729.37,828.25529,2024-04-30 10:00:00
1714472100000,61729.36,61776.99,61559.21,61748.57,422.31548,2024-04-30 10:15:00
1714473000000,61748.57,61753.85,61563.35,61715.54,302.68048,2024-04-30 10:30:00
1714473900000,61715.53,61788.05,61550.8,61782.19,327.88707,2024-04-30 10:45:00
1714474800000,61782.18,61782.19,61544.73,61621.94,351.25056,2024-04-30 11:00:00
1714475700000,61621.94,61661.54,61200.0,61288.93,835.46007,2024-04-30 11:15:00
1714476600000,61288.94,61378.11,61000.0,61206.78,3440.34214,2024-04-30 11:30:00
1714477500000,61206.79,61347.75,61152.17,61204.42,567.55658,2024-04-30 11:45:00
1714478400000,61204.41,61288.7,60737.45,61151.8,1368.57508,2024-04-30 12:00:00
1714479300000,61151.79,61337.78,60881.92,61296.11,814.92261,2024-04-30 12:15:00
1714480200000,61296.11,61329.42,61118.56,61236.92,491.94245,2024-04-30 12:30:00
1714481100000,61236.92,61299.14,61156.8,61230.16,336.60439,2024-04-30 12:45:00
1714482000000,61230.16,61273.92,61033.47,61263.74,467.35085,2024-04-30 13:00:00
1714482900000,61263.73,61313.94,61121.73,61195.54,276.21033,2024-04-30 13:15:00
1714483800000,61195.53,61297.78,61113.61,61285.15,352.03815,2024-04-30 13:30:00
1714484700000,61285.14,61310.94,60779.79,60820.57,728.0395,2024-04-30 13:45:00
1714485600000,60820.58,60986.22,60555.0,60573.89,973.2599,2024-04-30 14:00:00
1714486500000,60573.9,60934.48,60546.22,60829.61,624.04011,2024-04-30 14:15:00
1714487400000,60829.6,61270.75,60780.75,61263.67,759.71133,2024-04-30 14:30:00
1714488300000,61263.68,61559.36,61201.1,61247.87,866.31217,2024-04-30 14:45:00
1714489200000,61247.87,61395.66,60776.31,60846.84,764.1419,2024-04-30 15:00:00
1714490100000,60846.83,61108.15,60768.27,60976.97,594.33271,2024-04-30 15:15:00
1714491000000,60976.98,60982.23,60650.0,60699.99,564.91187,2024-04-30 15:30:00
1714491900000,60700.0,60888.0,60600.72,60796.85,522.47186,2024-04-30 15:45:00
1714492800000,60796.86,60947.55,60346.21,60733.12,901.18515,2024-04-30 16:00:00
1714493700000,60733.13,60806.89,60245.85,60272.38,1163.86986,2024-04-30 16:15:00
1714494600000,60272.37,60538.66,60158.86,60374.2,826.05319,2024-04-30 16:30:00
1714495500000,60374.19,60570.27,60309.8,60336.68,449.60688,2024-04-30 16:45:00
1714496400000,60336.68,60508.47,60208.88,60264.71,408.62537,2024-04-30 17:00:00
1714497300000,60264.7,60514.72,60100.0,60433.39,702.26897,2024-04-30 17:15:00
1714498200000,60433.4,60459.41,60080.0,60179.86,729.20419,2024-04-30 17:30:00
1714499100000,60179.85,60416.01,60110.83,60368.81,703.71519,2024-04-30 17:45:00
1714500000000,60368.82,60538.38,60317.31,60459.31,423.75654,2024-04-30 18:00:00
1714500900000,60459.31,60530.01,60332.85,60332.87,284.06208,2024-04-30 18:15:00
1714501800000,60332.87,60395.98,60170.0,60225.01,514.9584,2024-04-30 18:30:00
1714502700000,60225.01,60406.2,60018.0,60403.67,569.68245,2024-04-30 18:45:00
1714503600000,60403.68,60503.87,60000.0,60000.01,714.96798,2024-04-30 19:00:00
1714504500000,60000.01,60237.38,59751.99,60046.04,1844.25459,2024-04-30 19:15:00
1714505400000,60046.04,60303.32,59967.19,60110.92,619.68978,2024-04-30 19:30:00
1714506300000,60110.92,60189.62,59191.6,59292.95,2407.23084,2024-04-30 19:45:00
1714507200000,59292.95,60059.63,59274.75,59854.19,1538.89415,2024-04-30 20:00:00
1714508100000,59854.19,60039.9,59616.8,59728.51,953.12333,2024-04-30 20:15:00
1714509000000,59728.52,60007.6,59705.57,59961.11,452.6463,2024-04-30 20:30:00
1714509900000,59961.11,60177.46,59800.15,59958.62,470.21667,2024-04-30 20:45:00
1714510800000,59958.62,60229.91,59952.49,60129.18,402.97461,2024-04-30 21:00:00
1714511700000,60129.18,60347.61,60104.47,60339.28,305.15178,2024-04-30 21:15:00
1714512600000,60339.27,60400.0,60166.0,60255.25,217.26842,2024-04-30 21:30:00
1714513500000,60255.25,60340.03,60180.0,60180.0,225.7932,2024-04-30 21:45:00
1714514400000,60180.0,60479.11,60156.0,60426.34,353.70088,2024-04-30 22:00:00
1714515300000,60426.34,60794.0,60376.9,60790.55,416.64793,2024-04-30 22:15:00
1714516200000,60790.54,61070.71,60626.03,60708.42,850.65824,2024-04-30 22:30:00
1714517100000,60708.41,60708.42,60447.44,60589.79,324.23892,2024-04-30 22:45:00
1714518000000,60589.79,60607.91,60416.09,60456.0,187.06916,2024-04-30 23:00:00
1714518900000,60456.01,60638.0,60401.06,60586.73,183.5033,2024-04-30 23:15:00
1714519800000,60586.73,60730.0,60562.0,60678.0,270.15657,2024-04-30 23:30:00
1714520700000,60677.99,60924.16,60631.18,60672.0,282.41006,2024-04-30 23:45:00
