timestamp,open,high,low,close,volume,datetime
1717200000000,67540.01,67703.89,67540.0,67586.61,274.50877,2024-06-01 00:00:00
1717200900000,67586.61,67586.61,67507.39,67559.73,82.60933,2024-06-01 00:15:00
1717201800000,67559.73,67636.28,67552.0,67603.06,139.32988,2024-06-01 00:30:00
1717202700000,67603.06,67689.64,67603.05,67655.66,73.42276,2024-06-01 00:45:00
1717203600000,67655.66,67710.29,67600.0,67621.56,126.42777,2024-06-01 01:00:00
1717204500000,67621.56,67627.47,67520.53,67571.3,143.96083,2024-06-01 01:15:00
1717205400000,67571.3,67588.0,67428.44,67491.22,210.90527,2024-06-01 01:30:00
1717206300000,67491.22,67560.0,67491.22,67560.0,85.26588,2024-06-01 01:45:00
1717207200000,67560.0,67710.0,67546.52,67639.25,121.31399,2024-06-01 02:00:00
1717208100000,67639.25,67665.0,67617.48,67661.6,74.37164,2024-06-01 02:15:00
1717209000000,67661.6,67740.0,67661.59,67684.01,80.91772,2024-06-01 02:30:00
1717209900000,67684.01,67729.05,67684.0,67729.05,51.11623,2024-06-01 02:45:00
1717210800000,67729.05,67739.6,67660.28,67686.75,98.78578,2024-06-01 03:00:00
1717211700000,67686.75,67695.0,67623.24,67655.16,76.1584,2024-06-01 03:15:00
1717212600000,67655.16,67748.66,67655.15,67748.66,65.82069,2024-06-01 03:30:00
1717213500000,67748.66,67757.14,67673.72,67715.31,72.43645,2024-06-01 03:45:00
1717214400000,67715.31,67763.81,67704.2,67708.01,147.95882,2024-06-01 04:00:00
1717215300000,67708.01,67719.56,67656.0,67679.99,64.02976,2024-06-01 04:15:00
1717216200000,67679.99,67725.0,67675.0,67693.63,48.45051,2024-06-01 04:30:00
1717217100000,67693.63,67726.84,67680.0,67680.01,55.52488,2024-06-01 04:45:00
1717218000000,67680.01,67680.01,67623.25,67659.89,50.10285,2024-06-01 05:00:00
1717218900000,67659.89,67685.64,67603.0,67603.01,67.69074,2024-06-01 05:15:00
1717219800000,67603.01,67746.0,67603.0,67737.48,69.29506,2024-06-01 05:30:00
1717220700000,67737.48,67810.0,67676.79,67686.35,129.63531,2024-06-01 05:45:00
1717221600000,67686.35,67729.87,67656.8,67665.98,90.08589,2024-06-01 06:00:00
1717222500000,67665.98,67670.09,67641.15,67662.95,57.76526,2024-06-01 06:15:00
1717223400000,67662.95,67696.0,67607.94,67665.76,63.72041,2024-06-01 06:30:00
1717224300000,67665.75,67693.32,67656.88,67693.32,54.66731,2024-06-01 06:45:00
1717225200000,67693.32,67706.63,67660.0,67664.43,56.70606,2024-06-01 07:00:00
1717226100000,67664.43,67664.44,67606.14,67610.9,49.52403,2024-06-01 07:15:00
1717227000000,67610.91,67694.0,67575.23,67668.0,127.63987,2024-06-01 07:30:00
1717227900000,67668.0,67733.01,67623.4,67632.08,117.93712,2024-06-01 07:45:00
1717228800000,67632.07,67664.12,67618.35,67629.12,98.42376,2024-06-01 08:00:00
1717229700000,67629.13,67650.0,67611.61,67628.99,61.80095,2024-06-01 08:15:00
1717230600000,67628.99,67731.7,67628.99,67731.68,67.15183,2024-06-01 08:30:00
1717231500000,67731.69,67741.06,67658.74,67704.0,149.07126,2024-06-01 08:45:00
1717232400000,67704.0,67760.0,67703.99,67712.73,124.0773,2024-06-01 09:00:00
1717233300000,67712.73,67712.73,67665.01,67665.02,85.41519,2024-06-01 09:15:00
1717234200000,67665.02,67705.79,67635.0,67703.1,82.18104,2024-06-01 09:30:00
1717235100000,67703.1,67709.99,67665.13,67706.69,57.71582,2024-06-01 09:45:00
1717236000000,67706.69,67743.69,67690.23,67733.02,97.9462,2024-06-01 10:00:00
1717236900000,67733.02,67750.0,67668.22,67668.23,78.28229,2024-06-01 10:15:00
1717237800000,67668.23,67703.24,67661.22,67683.89,72.84707,2024-06-01 10:30:00
1717238700000,67683.89,67683.89,67627.32,67627.33,68.55112,2024-06-01 10:45:00
1717239600000,67627.33,67679.5,67627.32,67679.5,85.86696,2024-06-01 11:00:00
1717240500000,67679.5,67679.5,67655.05,67670.66,40.1547,2024-06-01 11:15:00
1717241400000,67670.66,67683.89,67670.65,67680.5,68.39512,2024-06-01 11:30:00
1717242300000,67680.5,67694.0,67660.56,67660.57,55.27273,2024-06-01 11:45:00
1717243200000,67660.57,67718.64,67640.0,67694.01,83.63749,2024-06-01 12:00:00
1717244100000,67694.01,67723.07,67682.21,67721.85,74.43647,2024-06-01 12:15:00
1717245000000,67721.85,67728.47,67695.0,67728.47,65.65634,2024-06-01 12:30:00
1717245900000,67728.47,67872.5,67717.75,67717.76,184.4981,2024-06-01 12:45:00
1717246800000,67717.76,67830.0,67714.28,67788.77,98.42675,2024-06-01 13:00:00
1717247700000,67788.77,67837.0,67778.22,67778.23,115.34054,2024-06-01 13:15:00
1717248600000,67778.23,67822.65,67757.31,67759.83,117.78044,2024-06-01 13:30:00
1717249500000,67759.83,67804.79,67720.0,67720.01,87.72203,2024-06-01 13:45:00
1717250400000,67720.01,67775.22,67673.0,67755.01,97.98919,2024-06-01 14:00:00
1717251300000,67755.01,67820.0,67755.0,67800.0,88.20771,2024-06-01 14:15:00
1717252200000,67800.0,67870.0,67794.0,67805.58,101.13278,2024-06-01 14:30:00
1717253100000,67805.58,67812.99,67761.7,67803.34,91.67552,2024-06-01 14:45:00
1717254000000,67803.33,67824.0,67759.0,67759.01,137.51426,2024-06-01 15:00:00
1717254900000,67759.0,67809.85,67755.01,67777.22,64.41156,2024-06-01 15:15:00
1717255800000,67777.22,67791.77,67770.0,67791.77,46.58435,2024-06-01 15:30:00
1717256700000,67791.77,67791.77,67668.01,67691.28,72.98041,2024-06-01 15:45:00
1717257600000,67691.28,67719.99,67675.67,67676.41,78.89209,2024-06-01 16:00:00
1717258500000,67676.41,67707.0,67612.0,67707.0,96.63731,2024-06-01 16:15:00
1717259400000,67707.0,67719.92,67667.55,67686.16,52.44188,2024-06-01 16:30:00
1717260300000,67686.16,67706.99,67642.92,67700.01,76.90182,2024-06-01 16:45:00
1717261200000,67700.01,67700.01,67616.67,67644.01,85.8334,2024-06-01 17:00:00
1717262100000,67644.01,67677.59,67630.0,67675.95,59.54916,2024-06-01 17:15:00
1717263000000,67675.95,67681.0,67652.01,67652.02,41.68208,2024-06-01 17:30:00
1717263900000,67652.02,67900.0,67556.72,67791.02,990.09817,2024-06-01 17:45:00
1717264800000,67791.02,67821.73,67740.0,67759.27,136.40154,2024-06-01 18:00:00
1717265700000,67759.27,67765.94,67731.13,67733.03,54.34524,2024-06-01 18:15:00
1717266600000,67733.03,67759.0,67726.32,67759.0,49.4806,2024-06-01 18:30:00
1717267500000,67759.0,67773.03,67737.92,67750.71,36.88331,2024-06-01 18:45:00
1717268400000,67750.7,67759.0,67720.0,67720.61,42.86344,2024-06-01 19:00:00
1717269300000,67720.61,67730.47,67685.72,67728.52,43.30051,2024-06-01 19:15:00
1717270200000,67728.52,67782.64,67710.0,67782.64,46.77292,2024-06-01 19:30:00
1717271100000,67782.64,67782.64,67740.0,67753.76,41.59111,2024-06-01 19:45:00
1717272000000,67753.76,67771.53,67700.0,67700.01,158.02448,2024-06-01 20:00:00
1717272900000,67700.01,67742.28,67700.01,67742.28,55.56191,2024-06-01 20:15:00
1717273800000,67742.28,67772.0,67742.27,67772.0,46.83944,2024-06-01 20:30:00
1717274700000,67772.0,67796.54,67731.54,67796.54,76.75812,2024-06-01 20:45:00
1717275600000,67796.54,67796.54,67713.23,67720.66,59.0287,2024-06-01 21:00:00
1717276500000,67720.66,67799.65,67720.65,67760.01,58.85847,2024-06-01 21:15:00
1717277400000,67760.01,67815.74,67758.14,67814.98,84.43449,2024-06-01 21:30:00
1717278300000,67814.98,67820.2,67719.38,67760.01,88.03947,2024-06-01 21:45:00
1717279200000,67760.01,67810.95,67710.0,67796.27,80.57357,2024-06-01 22:00:00
1717280100000,67796.27,67885.0,67764.31,67845.25,81.70741,2024-06-01 22:15:00
1717281000000,67845.25,67845.25,67770.0,67776.04,64.75399,2024-06-01 22:30:00
1717281900000,67776.04,67800.0,67765.4,67765.4,36.41453,2024-06-01 22:45:00
1717282800000,67765.41,67819.78,67765.4,67782.07,74.6066,2024-06-01 23:00:00
1717283700000,67782.08,67796.0,67751.6,67751.61,28.708,2024-06-01 23:15:00
1717284600000,67751.61,67758.65,67726.91,67726.91,24.49121,2024-06-01 23:30:00
1717285500000,67726.91,67768.56,67723.0,67766.85,35.95381,2024-06-01 23:45:00
1717286400000,67766.84,67772.0,67744.0,67753.87,70.20545,2024-06-02 00:00:00
1717287300000,67753.86,67809.81,67753.86,67796.95,81.25177,2024-06-02 00:15:00
1717288200000,67796.94,67814.77,67760.64,67814.77,30.75657,2024-06-02 00:30:00
1717289100000,67814.76,67910.55,67800.82,67889.0,116.55726,2024-06-02 00:45:00
1717290000000,67888.99,67900.0,67764.01,67805.87,153.33565,2024-06-02 01:00:00
1717290900000,67805.87,67865.87,67775.86,67865.86,87.03024,2024-06-02 01:15:00
1717291800000,67865.87,67870.0,67795.02,67814.4,72.45793,2024-06-02 01:30:00
1717292700000,67814.4,67829.4,67710.0,67755.0,95.25238,2024-06-02 01:45:00
1717293600000,67755.0,67794.39,67726.81,67790.33,65.61788,2024-06-02 02:00:00
1717294500000,67790.32,67815.0,67756.0,67756.02,78.04831,2024-06-02 02:15:00
1717295400000,67756.02,67785.0,67726.62,67752.29,103.17627,2024-06-02 02:30:00
1717296300000,67752.29,67752.29,67643.33,67733.26,93.43253,2024-06-02 02:45:00
1717297200000,67733.25,67795.53,67726.31,67795.53,98.9638,2024-06-02 03:00:00
1717298100000,67795.52,67798.83,67743.1,67798.82,64.81445,2024-06-02 03:15:00
1717299000000,67798.81,67807.99,67785.0,67802.59,49.2064,2024-06-02 03:30:00
1717299900000,67802.58,67805.06,67789.47,67789.47,27.12481,2024-06-02 03:45:00
1717300800000,67789.48,67789.48,67745.18,67754.5,53.0034,2024-06-02 04:00:00
1717301700000,67754.5,67812.36,67754.49,67812.36,47.96101,2024-06-02 04:15:00
1717302600000,67812.35,67844.21,67812.35,67844.2,38.14289,2024-06-02 04:30:00
1717303500000,67844.2,67852.63,67811.73,67852.62,40.17786,2024-06-02 04:45:00
1717304400000,67852.62,67867.6,67818.75,67818.76,46.88183,2024-06-02 05:00:00
1717305300000,67818.76,67818.76,67789.12,67803.24,43.94408,2024-06-02 05:15:00
1717306200000,67803.23,67803.24,67749.73,67756.0,52.92253,2024-06-02 05:30:00
1717307100000,67755.99,67794.0,67728.4,67728.4,64.44161,2024-06-02 05:45:00
1717308000000,67728.41,67787.46,67724.6,67787.45,62.73234,2024-06-02 06:00:00
1717308900000,67787.45,67794.0,67776.0,67782.41,67.61739,2024-06-02 06:15:00
1717309800000,67782.4,67823.48,67782.4,67794.0,87.68478,2024-06-02 06:30:00
1717310700000,67794.01,67852.33,67781.44,67841.09,108.54044,2024-06-02 06:45:00
1717311600000,67841.09,67842.91,67778.2,67804.04,66.47698,2024-06-02 07:00:00
1717312500000,67804.03,67804.04,67720.41,67747.99,114.57077,2024-06-02 07:15:00
1717313400000,67748.0,67760.35,67722.05,67750.0,116.34021,2024-06-02 07:30:00
1717314300000,67749.99,67761.27,67721.0,67721.0,45.0938,2024-06-02 07:45:00
1717315200000,67721.01,67768.0,67671.81,67756.55,146.72972,2024-06-02 08:00:00
1717316100000,67756.55,67756.56,67733.76,67753.79,51.93506,2024-06-02 08:15:00
1717317000000,67753.8,67812.57,67753.79,67809.52,118.62209,2024-06-02 08:30:00
1717317900000,67809.52,67809.53,67747.02,67750.67,40.50257,2024-06-02 08:45:00
1717318800000,67750.68,67772.65,67702.96,67735.93,130.18168,2024-06-02 09:00:00
1717319700000,67735.94,67748.0,67585.43,67585.43,245.06146,2024-06-02 09:15:00
1717320600000,67585.44,67617.1,67377.79,67415.58,404.06739,2024-06-02 09:30:00
1717321500000,67415.59,67536.6,67415.58,67529.99,226.76221,2024-06-02 09:45:00
1717322400000,67530.0,67581.97,67491.46,67491.46,127.12435,2024-06-02 10:00:00
1717323300000,67491.46,67506.56,67367.2,67506.55,127.65021,2024-06-02 10:15:00
1717324200000,67506.56,67546.2,67442.42,67546.19,83.26162,2024-06-02 10:30:00
1717325100000,67546.19,67546.2,67464.6,67529.99,43.15216,2024-06-02 10:45:00
1717326000000,67530.0,67566.87,67492.6,67539.99,99.76978,2024-06-02 11:00:00
1717326900000,67540.0,67620.0,67532.0,67619.99,92.22991,2024-06-02 11:15:00
1717327800000,67619.99,67724.67,67612.02,67709.99,125.81693,2024-06-02 11:30:00
1717328700000,67710.0,68320.08,67709.99,68251.52,896.15538,2024-06-02 11:45:00
1717329600000,68251.53,68305.0,68050.12,68144.99,359.1949,2024-06-02 12:00:00
1717330500000,68144.99,68147.99,67920.0,68092.0,278.96636,2024-06-02 12:15:00
1717331400000,68092.0,68143.79,68028.01,68067.44,133.33433,2024-06-02 12:30:00
1717332300000,68067.45,68107.59,67852.24,67934.99,170.32697,2024-06-02 12:45:00
1717333200000,67934.99,67966.99,67800.0,67945.38,203.90744,2024-06-02 13:00:00
1717334100000,67945.39,68092.0,67915.0,68070.0,156.64371,2024-06-02 13:15:00
1717335000000,68070.0,68096.0,67950.0,68065.0,130.41804,2024-06-02 13:30:00
1717335900000,68064.99,68214.66,68058.0,68165.98,231.30727,2024-06-02 13:45:00
1717336800000,68165.97,68175.0,68073.65,68135.99,150.71107,2024-06-02 14:00:00
1717337700000,68135.99,68364.0,68103.21,68345.67,1237.40746,2024-06-02 14:15:00
1717338600000,68345.67,68460.0,68198.61,68198.61,540.31508,2024-06-02 14:30:00
1717339500000,68198.62,68252.51,68119.39,68252.5,156.81931,2024-06-02 14:45:00
1717340400000,68252.51,68297.12,68132.67,68132.68,108.13471,2024-06-02 15:00:00
1717341300000,68132.67,68160.0,68016.19,68072.1,153.89326,2024-06-02 15:15:00
1717342200000,68072.1,68130.0,68046.0,68098.38,110.5805,2024-06-02 15:30:00
1717343100000,68098.38,68168.0,68095.15,68142.17,93.20596,2024-06-02 15:45:00
1717344000000,68142.18,68200.0,68063.18,68085.0,139.02741,2024-06-02 16:00:00
1717344900000,68085.01,68085.01,67980.0,68057.91,134.10658,2024-06-02 16:15:00
1717345800000,68057.91,68120.0,68032.0,68032.0,101.76438,2024-06-02 16:30:00
1717346700000,68032.01,68107.06,68028.0,68103.63,65.37803,2024-06-02 16:45:00
1717347600000,68103.63,68103.64,68000.64,68030.41,112.39297,2024-06-02 17:00:00
1717348500000,68030.41,68032.18,67866.66,67929.64,355.75264,2024-06-02 17:15:00
1717349400000,67929.63,68062.13,67808.66,68016.01,574.72853,2024-06-02 17:30:00
1717350300000,68016.02,68047.75,67863.0,67879.28,139.08273,2024-06-02 17:45:00
1717351200000,67879.27,67879.28,67558.73,67690.01,549.96297,2024-06-02 18:00:00
1717352100000,67690.01,67690.01,67456.88,67590.01,606.70573,2024-06-02 18:15:00
1717353000000,67590.0,67754.63,67517.25,67754.62,228.77814,2024-06-02 18:30:00
1717353900000,67754.62,67754.63,67668.55,67697.14,94.98642,2024-06-02 18:45:00
1717354800000,67697.14,67745.85,67642.69,67646.46,124.51241,2024-06-02 19:00:00
1717355700000,67646.46,67648.43,67257.47,67595.24,1142.16501,2024-06-02 19:15:00
1717356600000,67595.24,67708.33,67560.0,67708.33,184.8624,2024-06-02 19:30:00
1717357500000,67708.32,67798.0,67695.0,67736.95,113.97312,2024-06-02 19:45:00
1717358400000,67736.95,67771.9,67638.41,67677.63,132.37947,2024-06-02 20:00:00
1717359300000,67677.63,67706.99,67577.65,67692.58,111.65948,2024-06-02 20:15:00
1717360200000,67692.57,67763.47,67686.6,67763.47,73.19243,2024-06-02 20:30:00
1717361100000,67763.47,67831.21,67746.02,67831.2,47.80018,2024-06-02 20:45:00
1717362000000,67831.21,67902.12,67792.09,67883.17,122.58854,2024-06-02 21:00:00
1717362900000,67883.17,67883.17,67779.72,67827.83,54.96748,2024-06-02 21:15:00
1717363800000,67827.83,67871.82,67755.0,67871.81,51.7574,2024-06-02 21:30:00
1717364700000,67871.82,67871.82,67774.21,67816.14,33.96607,2024-06-02 21:45:00
1717365600000,67816.13,67900.0,67809.96,67835.21,112.44011,2024-06-02 22:00:00
1717366500000,67835.31,67965.93,67835.31,67947.0,81.29373,2024-06-02 22:15:00
1717367400000,67946.99,67984.01,67895.47,67895.48,81.59172,2024-06-02 22:30:00
1717368300000,67895.48,67928.0,67850.0,67927.99,55.26788,2024-06-02 22:45:00
1717369200000,67928.0,67984.01,67875.48,67891.56,78.87427,2024-06-02 23:00:00
1717370100000,67891.57,67901.7,67863.0,67886.63,75.98573,2024-06-02 23:15:00
1717371000000,67886.63,67886.72,67845.0,67845.01,53.87612,2024-06-02 23:30:00
1717371900000,67845.0,67845.01,67765.62,67765.63,72.5527,2024-06-02 23:45:00
1717372800000,67765.62,67832.38,67680.87,67832.38,155.23532,2024-06-03 00:00:00
1717373700000,67832.37,67860.0,67659.6,67665.4,147.36801,2024-06-03 00:15:00
1717374600000,67665.4,67724.6,67612.48,67683.79,91.38299,2024-06-03 00:30:00
1717375500000,67683.78,67873.87,67660.22,67823.99,151.4342,2024-06-03 00:45:00
1717376400000,67824.0,68256.24,67823.8,68140.0,315.93679,2024-06-03 01:00:00
1717377300000,68140.01,68340.03,68136.0,68225.58,369.86278,2024-06-03 01:15:00
1717378200000,68225.58,68342.2,68175.44,68175.44,245.04489,2024-06-03 01:30:00
1717379100000,68175.44,68553.67,68162.0,68476.01,446.78423,2024-06-03 01:45:00
1717380000000,68476.01,68740.07,68476.0,68686.46,477.84758,2024-06-03 02:00:00
1717380900000,68686.45,68793.97,68612.9,68620.01,316.78882,2024-06-03 02:15:00
1717381800000,68620.0,68660.0,68424.38,68456.35,249.66245,2024-06-03 02:30:00
1717382700000,68456.35,68510.0,68404.51,68416.08,119.1354,2024-06-03 02:45:00
1717383600000,68416.09,68451.07,68201.0,68285.2,320.97656,2024-06-03 03:00:00
1717384500000,68285.2,68371.7,68256.0,68317.99,110.34333,2024-06-03 03:15:00
1717385400000,68317.99,68440.0,68317.99,68434.25,131.72859,2024-06-03 03:30:00
1717386300000,68434.24,68518.7,68336.0,68382.81,159.37839,2024-06-03 03:45:00
1717387200000,68382.8,68447.64,68301.21,68327.53,162.40393,2024-06-03 04:00:00
1717388100000,68327.54,68469.35,68285.29,68327.29,229.64326,2024-06-03 04:15:00
1717389000000,68327.28,68515.84,68327.28,68423.61,228.08764,2024-06-03 04:30:00
1717389900000,68423.61,68600.0,68394.95,68510.0,189.44298,2024-06-03 04:45:00
1717390800000,68510.0,68549.08,68441.16,68501.65,139.35942,2024-06-03 05:00:00
1717391700000,68501.65,68666.66,68501.65,68596.01,218.42644,2024-06-03 05:15:00
1717392600000,68596.01,68763.12,68596.0,68763.11,233.82886,2024-06-03 05:30:00
1717393500000,68763.11,68780.0,68620.91,68700.0,211.49624,2024-06-03 05:45:00
1717394400000,68699.99,68864.0,68632.01,68827.99,392.34596,2024-06-03 06:00:00
1717395300000,68828.0,69099.29,68747.0,69099.28,739.98694,2024-06-03 06:15:00
1717396200000,69099.28,69221.0,68962.1,69166.22,905.8566,2024-06-03 06:30:00
1717397100000,69166.22,69207.09,68990.0,69038.94,453.72846,2024-06-03 06:45:00
1717398000000,69038.94,69179.62,68994.0,69083.93,706.32789,2024-06-03 07:00:00
1717398900000,69083.93,69123.93,68864.11,68881.41,354.53687,2024-06-03 07:15:00
1717399800000,68881.4,68920.0,68804.0,68912.91,234.61034,2024-06-03 07:30:00
1717400700000,68912.9,68912.91,68844.33,68906.7,125.26385,2024-06-03 07:45:00
1717401600000,68906.7,69039.48,68906.69,69026.9,299.75886,2024-06-03 08:00:00
1717402500000,69026.91,69288.0,69026.9,69264.56,380.40671,2024-06-03 08:15:00
1717403400000,69264.56,69333.0,69221.82,69292.99,371.53513,2024-06-03 08:30:00
1717404300000,69292.99,69298.47,69137.0,69142.55,206.23383,2024-06-03 08:45:00
1717405200000,69142.54,69187.06,69045.83,69091.97,189.46789,2024-06-03 09:00:00
1717406100000,69091.97,69104.0,68913.72,69005.0,164.93778,2024-06-03 09:15:00
1717407000000,69004.99,69103.33,69004.99,69042.34,144.30855,2024-06-03 09:30:00
1717407900000,69042.33,69095.0,68998.41,69014.88,170.61658,2024-06-03 09:45:00
1717408800000,69014.89,69156.3,69014.88,69086.9,142.08191,2024-06-03 10:00:00
1717409700000,69086.9,69186.79,69085.01,69175.32,142.72114,2024-06-03 10:15:00
1717410600000,69175.33,69175.33,69106.62,69111.0,197.20842,2024-06-03 10:30:00
1717411500000,69111.01,69115.15,68876.98,68907.99,519.69279,2024-06-03 10:45:00
1717412400000,68908.0,69073.48,68824.0,69071.94,319.56481,2024-06-03 11:00:00
1717413300000,69071.93,69248.99,69050.0,69196.15,202.45826,2024-06-03 11:15:00
1717414200000,69196.15,69240.0,69020.0,69101.23,172.29792,2024-06-03 11:30:00
1717415100000,69101.22,69149.99,68992.95,69080.0,203.62719,2024-06-03 11:45:00
1717416000000,69080.0,69248.0,69075.4,69243.85,269.92809,2024-06-03 12:00:00
1717416900000,69243.85,69444.0,69201.64,69400.0,406.30491,2024-06-03 12:15:00
1717417800000,69399.99,69769.3,69290.0,69649.99,795.86329,2024-06-03 12:30:00
1717418700000,69650.0,69748.97,69480.0,69746.23,414.8116,2024-06-03 12:45:00
1717419600000,69746.23,69760.0,69555.79,69555.8,300.57404,2024-06-03 13:00:00
1717420500000,69555.79,69694.62,69521.04,69687.15,260.96853,2024-06-03 13:15:00
1717421400000,69687.16,69994.0,69682.09,69987.99,970.84246,2024-06-03 13:30:00
1717422300000,69987.99,70288.0,69790.42,69795.34,1217.65227,2024-06-03 13:45:00
1717423200000,69795.33,70077.68,69623.24,70065.28,642.32072,2024-06-03 14:00:00
1717424100000,70065.27,70079.67,69701.53,69815.88,579.57705,2024-06-03 14:15:00
1717425000000,69815.87,69831.89,69030.26,69198.74,1111.30595,2024-06-03 14:30:00
1717425900000,69198.74,69198.74,68500.0,68776.01,1397.85313,2024-06-03 14:45:00
1717426800000,68776.01,69318.18,68760.0,69160.0,633.44862,2024-06-03 15:00:00
1717427700000,69160.0,69349.84,69068.1,69130.0,494.30292,2024-06-03 15:15:00
1717428600000,69130.0,69343.37,69102.32,69240.0,247.24478,2024-06-03 15:30:00
1717429500000,69239.99,69631.16,69144.0,69615.28,488.03051,2024-06-03 15:45:00
1717430400000,69615.27,69715.61,69334.12,69352.02,560.29529,2024-06-03 16:00:00
1717431300000,69352.01,69448.0,69152.63,69243.99,344.25762,2024-06-03 16:15:00
1717432200000,69243.99,69244.0,69011.04,69157.0,432.06242,2024-06-03 16:30:00
1717433100000,69157.0,69280.0,68899.89,69080.02,272.0086,2024-06-03 16:45:00
1717434000000,69080.02,69080.02,68800.0,69076.1,293.79343,2024-06-03 17:00:00
1717434900000,69076.1,69195.99,69039.99,69162.32,188.11946,2024-06-03 17:15:00
1717435800000,69162.32,69389.92,69162.32,69339.07,170.69272,2024-06-03 17:30:00
1717436700000,69339.07,69367.41,69213.6,69268.97,133.41319,2024-06-03 17:45:00
1717437600000,69268.98,69363.12,69162.98,69162.99,171.48787,2024-06-03 18:00:00
1717438500000,69162.98,69341.63,69162.98,69294.52,151.37034,2024-06-03 18:15:00
1717439400000,69294.51,69444.49,69294.51,69377.11,195.2744,2024-06-03 18:30:00
1717440300000,69377.1,69443.36,69260.0,69288.41,134.99195,2024-06-03 18:45:00
1717441200000,69288.41,69296.68,69104.44,69123.05,142.36387,2024-06-03 19:00:00
1717442100000,69123.05,69234.19,69059.99,69111.66,189.91092,2024-06-03 19:15:00
1717443000000,69111.65,69116.37,69021.77,69060.01,156.56277,2024-06-03 19:30:00
1717443900000,69060.01,69233.67,69048.0,69204.0,179.78584,2024-06-03 19:45:00
1717444800000,69204.0,69471.93,69160.01,69437.02,333.13375,2024-06-03 20:00:00
1717445700000,69437.02,69509.38,69398.65,69403.7,378.75322,2024-06-03 20:15:00
1717446600000,69403.7,69403.7,69245.48,69245.87,104.24342,2024-06-03 20:30:00
1717447500000,69245.88,69245.88,69101.27,69101.28,108.7984,2024-06-03 20:45:00
1717448400000,69101.28,69191.86,69025.8,69025.8,128.08427,2024-06-03 21:00:00
1717449300000,69025.8,69105.21,68899.51,69040.01,201.12091,2024-06-03 21:15:00
1717450200000,69040.0,69150.88,68965.34,69140.01,145.31909,2024-06-03 21:30:00
1717451100000,69140.0,69179.7,69046.53,69081.17,86.77724,2024-06-03 21:45:00
1717452000000,69081.17,69081.82,68810.0,68876.0,250.00273,2024-06-03 22:00:00
1717452900000,68876.0,68974.92,68870.07,68970.85,73.15422,2024-06-03 22:15:00
1717453800000,68970.85,69144.33,68964.68,69070.2,196.11027,2024-06-03 22:30:00
1717454700000,69070.19,69099.17,69022.21,69042.51,50.25395,2024-06-03 22:45:00
1717455600000,69042.51,69062.19,68966.49,68966.5,91.28347,2024-06-03 23:00:00
1717456500000,68966.49,68975.87,68860.42,68882.72,125.21351,2024-06-03 23:15:00
1717457400000,68882.73,68918.2,68730.51,68750.96,158.87106,2024-06-03 23:30:00
1717458300000,68750.97,68855.51,68750.96,68809.9,93.66115,2024-06-03 23:45:00
1717459200000,68809.89,68890.0,68800.0,68838.33,231.55098,2024-06-04 00:00:00
1717460100000,68838.33,68938.07,68629.9,68784.01,379.82519,2024-06-04 00:15:00
1717461000000,68784.01,69031.43,68770.19,69001.62,186.73003,2024-06-04 00:30:00
1717461900000,69001.62,69090.9,68985.89,69001.41,87.36988,2024-06-04 00:45:00
1717462800000,69001.4,69110.0,68900.6,69070.01,126.11056,2024-06-04 01:00:00
1717463700000,69070.01,69074.91,68989.08,69012.99,64.7359,2024-06-04 01:15:00
1717464600000,69012.98,69180.0,69001.24,69074.0,115.02848,2024-06-04 01:30:00
1717465500000,69074.01,69215.41,69051.23,69215.4,189.28258,2024-06-04 01:45:00
1717466400000,69215.41,69283.98,69168.39,69266.79,172.49768,2024-06-04 02:00:00
1717467300000,69266.78,69306.67,69214.78,69265.0,77.38143,2024-06-04 02:15:00
1717468200000,69265.0,69265.01,69080.8,69129.35,106.29921,2024-06-04 02:30:00
1717469100000,69129.34,69150.0,69100.0,69139.57,70.51685,2024-06-04 02:45:00
1717470000000,69139.58,69370.01,69114.98,69332.21,131.41065,2024-06-04 03:00:00
1717470900000,69332.22,69350.7,69192.26,69212.25,110.07898,2024-06-04 03:15:00
1717471800000,69212.25,69249.99,69174.2,69230.36,76.9546,2024-06-04 03:30:00
1717472700000,69230.36,69244.67,69152.0,69170.22,70.21792,2024-06-04 03:45:00
1717473600000,69170.22,69250.0,69105.92,69250.0,108.5126,2024-06-04 04:00:00
1717474500000,69249.99,69258.24,69180.0,69228.61,135.20542,2024-06-04 04:15:00
1717475400000,69228.62,69268.27,69164.43,69164.44,72.69375,2024-06-04 04:30:00
1717476300000,69164.43,69196.0,69057.12,69061.22,69.21038,2024-06-04 04:45:00
1717477200000,69061.22,69115.7,68992.46,69115.68,125.11181,2024-06-04 05:00:00
1717478100000,69115.67,69156.16,69088.62,69110.9,75.04618,2024-06-04 05:15:00
1717479000000,69110.9,69110.9,68999.76,68999.77,86.17772,2024-06-04 05:30:00
1717479900000,68999.76,69060.0,68914.28,68956.01,163.79323,2024-06-04 05:45:00
1717480800000,68956.01,68956.02,68745.68,68882.62,702.64269,2024-06-04 06:00:00
1717481700000,68882.62,68948.44,68823.28,68948.44,148.78437,2024-06-04 06:15:00
1717482600000,68948.44,69039.71,68907.95,68907.96,167.50642,2024-06-04 06:30:00
1717483500000,68907.95,69010.01,68900.01,68905.43,133.17045,2024-06-04 06:45:00
1717484400000,68905.43,69052.2,68894.21,69052.2,92.97761,2024-06-04 07:00:00
1717485300000,69052.2,69055.99,68979.0,68993.02,107.24135,2024-06-04 07:15:00
1717486200000,68993.01,69000.0,68945.48,68994.28,89.76709,2024-06-04 07:30:00
1717487100000,68994.28,69074.82,68993.76,69013.63,272.91298,2024-06-04 07:45:00
1717488000000,69013.62,69191.99,68880.99,69110.79,279.52139,2024-06-04 08:00:00
1717488900000,69110.79,69153.39,69040.76,69110.3,192.43467,2024-06-04 08:15:00
1717489800000,69110.3,69110.55,69057.64,69095.93,74.59309,2024-06-04 08:30:00
1717490700000,69095.93,69095.93,68827.0,68836.54,172.81696,2024-06-04 08:45:00
1717491600000,68836.54,68890.01,68686.0,68780.14,468.36645,2024-06-04 09:00:00
1717492500000,68780.14,68780.15,68599.87,68704.81,386.55515,2024-06-04 09:15:00
1717493400000,68704.81,68810.59,68688.0,68723.61,179.46672,2024-06-04 09:30:00
1717494300000,68723.61,68760.0,68567.32,68717.92,219.39624,2024-06-04 09:45:00
1717495200000,68717.92,68850.06,68701.83,68845.02,230.96811,2024-06-04 10:00:00
1717496100000,68845.02,68885.9,68806.8,68806.81,142.17988,2024-06-04 10:15:00
1717497000000,68806.8,68946.28,68789.8,68940.38,185.64996,2024-06-04 10:30:00
1717497900000,68940.37,68958.0,68871.69,68890.66,92.84732,2024-06-04 10:45:00
1717498800000,68890.66,68972.0,68890.65,68900.01,122.65975,2024-06-04 11:00:00
1717499700000,68900.01,68938.01,68852.0,68928.38,125.74816,2024-06-04 11:15:00
1717500600000,68928.37,69030.0,68841.87,68892.0,185.3532,2024-06-04 11:30:00
1717501500000,68892.0,68963.99,68849.11,68955.85,84.72594,2024-06-04 11:45:00
1717502400000,68955.84,69050.0,68843.73,68977.09,399.11101,2024-06-04 12:00:00
1717503300000,68977.08,69093.66,68906.13,69059.0,117.65652,2024-06-04 12:15:00
1717504200000,69059.0,69155.5,68986.89,69071.78,295.58747,2024-06-04 12:30:00
1717505100000,69071.78,69071.79,68884.48,68946.56,169.44189,2024-06-04 12:45:00
1717506000000,68946.56,69255.55,68946.55,69230.79,225.56597,2024-06-04 13:00:00
1717506900000,69230.79,69461.44,69209.11,69429.78,480.95643,2024-06-04 13:15:00
1717507800000,69429.78,69563.83,69198.14,69548.0,653.50201,2024-06-04 13:30:00
1717508700000,69547.99,69830.75,69512.22,69527.99,950.48847,2024-06-04 13:45:00
1717509600000,69527.99,69990.0,69527.99,69827.59,919.91868,2024-06-04 14:00:00
1717510500000,69827.58,70089.99,69679.99,69749.39,1218.13904,2024-06-04 14:15:00
1717511400000,69749.39,69857.36,69319.79,69536.99,850.3404,2024-06-04 14:30:00
1717512300000,69536.99,69720.39,69428.79,69651.49,412.24096,2024-06-04 14:45:00
1717513200000,69651.49,69932.51,69463.83,69829.54,700.48556,2024-06-04 15:00:00
1717514100000,69829.54,70179.66,69762.08,69988.74,978.32108,2024-06-04 15:15:00
1717515000000,69988.73,70179.92,69960.57,70150.0,559.92753,2024-06-04 15:30:00
1717515900000,70149.99,70480.0,70123.19,70445.0,1070.00076,2024-06-04 15:45:00
1717516800000,70445.0,70636.8,70388.17,70517.77,1205.47936,2024-06-04 16:00:00
1717517700000,70517.77,70907.95,70513.56,70863.21,902.68946,2024-06-04 16:15:00
1717518600000,70863.21,70990.0,70680.84,70950.01,828.00017,2024-06-04 16:30:00
1717519500000,70950.01,70999.0,70656.37,70800.0,640.86942,2024-06-04 16:45:00
1717520400000,70800.0,70833.52,70528.71,70685.99,620.04039,2024-06-04 17:00:00
1717521300000,70685.98,70730.0,70483.33,70486.51,339.31162,2024-06-04 17:15:00
1717522200000,70486.52,70539.02,70360.4,70416.2,263.93853,2024-06-04 17:30:00
1717523100000,70416.19,70700.0,70408.18,70564.0,253.91908,2024-06-04 17:45:00
1717524000000,70564.01,70792.11,70564.0,70759.99,376.56065,2024-06-04 18:00:00
1717524900000,70760.0,71063.45,70759.99,70928.99,1175.52335,2024-06-04 18:15:00
1717525800000,70928.99,71000.0,70820.0,70865.73,651.43883,2024-06-04 18:30:00
1717526700000,70865.72,70914.77,70687.56,70693.67,481.49242,2024-06-04 18:45:00
1717527600000,70693.67,70727.76,70509.89,70572.0,336.55611,2024-06-04 19:00:00
1717528500000,70572.0,70644.01,70460.0,70472.0,283.56239,2024-06-04 19:15:00
1717529400000,70472.0,70499.45,70092.5,70336.01,488.93209,2024-06-04 19:30:00
1717530300000,70336.01,70500.0,70207.78,70423.6,404.04066,2024-06-04 19:45:00
1717531200000,70423.61,70440.0,70197.67,70306.76,239.6866,2024-06-04 20:00:00
1717532100000,70306.77,70306.77,70168.67,70262.55,131.58122,2024-06-04 20:15:00
1717533000000,70262.56,70366.09,70223.92,70346.46,128.17133,2024-06-04 20:30:00
1717533900000,70346.45,70550.0,70322.78,70402.69,176.82202,2024-06-04 20:45:00
1717534800000,70402.69,70433.16,70340.41,70423.32,118.23262,2024-06-04 21:00:00
1717535700000,70423.32,70493.88,70374.73,70491.99,100.15418,2024-06-04 21:15:00
1717536600000,70491.99,70547.43,70440.0,70455.01,112.37201,2024-06-04 21:30:00
1717537500000,70455.02,70630.08,70455.01,70620.0,229.60753,2024-06-04 21:45:00
1717538400000,70620.01,70720.41,70529.99,70699.79,274.51481,2024-06-04 22:00:00
1717539300000,70699.79,70736.0,70632.0,70645.41,187.08092,2024-06-04 22:15:00
1717540200000,70645.41,70693.21,70527.3,70551.09,171.44376,2024-06-04 22:30:00
1717541100000,70551.1,70600.0,70510.0,70561.3,123.14044,2024-06-04 22:45:00
1717542000000,70561.31,70591.99,70510.99,70563.24,107.37062,2024-06-04 23:00:00
1717542900000,70563.23,70563.24,70414.9,70414.91,116.12638,2024-06-04 23:15:00
1717543800000,70414.9,70610.0,70414.9,70540.01,115.4939,2024-06-04 23:30:00
1717544700000,70540.01,70609.09,70530.97,70537.84,143.92028,2024-06-04 23:45:00
1717545600000,70537.83,70608.9,70481.4,70481.4,192.60598,2024-06-05 00:00:00
1717546500000,70481.4,70645.0,70423.51,70624.01,252.53281,2024-06-05 00:15:00
1717547400000,70624.0,70866.71,70546.42,70732.51,275.32821,2024-06-05 00:30:00
1717548300000,70732.51,70900.0,70630.25,70776.0,315.60296,2024-06-05 00:45:00
1717549200000,70775.99,70847.99,70674.7,70674.7,178.23753,2024-06-05 01:00:00
1717550100000,70674.7,71007.97,70646.16,71002.12,396.88376,2024-06-05 01:15:00
1717551000000,71002.13,71275.0,70885.2,71003.64,672.62574,2024-06-05 01:30:00
1717551900000,71003.64,71135.47,70918.21,70986.3,279.97855,2024-06-05 01:45:00
1717552800000,70986.29,71011.42,70672.08,70776.02,491.33318,2024-06-05 02:00:00
1717553700000,70776.02,70984.24,70776.01,70977.16,261.76643,2024-06-05 02:15:00
1717554600000,70977.15,71140.3,70872.83,70960.3,389.55645,2024-06-05 02:30:00
1717555500000,70960.31,70960.31,70821.09,70837.96,254.64353,2024-06-05 02:45:00
1717556400000,70837.96,70941.84,70782.06,70824.3,230.35338,2024-06-05 03:00:00
1717557300000,70824.3,70878.8,70792.0,70870.0,170.54125,2024-06-05 03:15:00
1717558200000,70870.0,70907.89,70768.0,70818.0,209.52523,2024-06-05 03:30:00
1717559100000,70818.0,70991.73,70817.99,70947.58,175.91005,2024-06-05 03:45:00
1717560000000,70947.58,70967.56,70826.15,70948.99,217.22637,2024-06-05 04:00:00
1717560900000,70949.0,71045.04,70927.23,71030.9,245.58706,2024-06-05 04:15:00
1717561800000,71030.9,71260.0,71012.0,71208.25,617.47992,2024-06-05 04:30:00
1717562700000,71208.24,71239.13,71097.06,71168.53,277.97826,2024-06-05 04:45:00
1717563600000,71168.54,71196.0,70900.12,70900.12,309.07523,2024-06-05 05:00:00
1717564500000,70900.12,71062.89,70884.61,71034.99,170.42663,2024-06-05 05:15:00
1717565400000,71035.0,71035.0,70890.0,70891.59,157.43334,2024-06-05 05:30:00
1717566300000,70891.6,71046.19,70891.59,70999.99,167.65279,2024-06-05 05:45:00
1717567200000,70999.99,71000.0,70850.0,70874.21,303.37263,2024-06-05 06:00:00
1717568100000,70874.21,71008.0,70850.0,70973.22,265.14049,2024-06-05 06:15:00
1717569000000,70973.23,71100.0,70896.0,71093.01,342.15801,2024-06-05 06:30:00
1717569900000,71093.01,71150.0,70992.0,71119.05,321.03593,2024-06-05 06:45:00
1717570800000,71119.06,71194.78,71076.22,71147.99,217.73184,2024-06-05 07:00:00
1717571700000,71148.0,71214.26,71063.41,71065.39,213.30417,2024-06-05 07:15:00
1717572600000,71065.4,71358.49,71032.6,71346.91,435.53057,2024-06-05 07:30:00
1717573500000,71346.91,71379.21,71100.0,71200.0,431.36634,2024-06-05 07:45:00
1717574400000,71199.99,71243.6,71041.82,71061.88,261.48881,2024-06-05 08:00:00
1717575300000,71061.88,71145.95,71032.6,71103.83,202.1693,2024-06-05 08:15:00
1717576200000,71103.83,71136.0,71010.0,71039.9,179.79312,2024-06-05 08:30:00
1717577100000,71039.91,71075.6,70880.4,70927.57,452.09263,2024-06-05 08:45:00
1717578000000,70927.57,70990.0,70861.0,70902.21,148.64721,2024-06-05 09:00:00
1717578900000,70902.2,71032.08,70902.2,70989.36,218.72574,2024-06-05 09:15:00
1717579800000,70989.36,71013.59,70835.0,70839.46,234.60615,2024-06-05 09:30:00
1717580700000,70839.46,70912.53,70825.0,70894.19,156.72794,2024-06-05 09:45:00
1717581600000,70894.2,70908.59,70801.01,70840.68,175.36527,2024-06-05 10:00:00
1717582500000,70840.67,70862.19,70728.0,70778.82,242.64495,2024-06-05 10:15:00
1717583400000,70778.81,70844.0,70725.03,70777.88,243.19049,2024-06-05 10:30:00
1717584300000,70777.88,70904.57,70750.55,70800.33,199.42855,2024-06-05 10:45:00
1717585200000,70800.33,70861.93,70694.61,70861.92,171.84112,2024-06-05 11:00:00
1717586100000,70861.92,70999.0,70830.9,70900.0,153.42898,2024-06-05 11:15:00
1717587000000,70900.0,70988.97,70855.64,70971.99,159.9592,2024-06-05 11:30:00
1717587900000,70971.99,71093.96,70940.0,70971.71,255.2174,2024-06-05 11:45:00
1717588800000,70971.7,70971.71,70838.0,70847.99,190.50759,2024-06-05 12:00:00
1717589700000,70848.0,71030.0,70652.6,70774.03,368.48113,2024-06-05 12:15:00
1717590600000,70774.03,71021.28,70657.24,71021.27,296.04019,2024-06-05 12:30:00
1717591500000,71021.28,71120.0,70897.06,70940.01,562.80181,2024-06-05 12:45:00
1717592400000,70940.01,71112.98,70886.65,71016.51,524.65118,2024-06-05 13:00:00
1717593300000,71016.51,71169.99,71003.13,71115.6,234.69377,2024-06-05 13:15:00
1717594200000,71115.59,71115.6,70692.29,70823.8,488.37576,2024-06-05 13:30:00
1717595100000,70823.79,70826.99,70588.0,70730.7,437.77409,2024-06-05 13:45:00
1717596000000,70730.7,70751.27,70405.97,70443.41,544.561,2024-06-05 14:00:00
1717596900000,70443.41,70769.24,70383.66,70739.99,407.7352,2024-06-05 14:15:00
1717597800000,70739.99,71010.0,70700.8,70912.12,488.35058,2024-06-05 14:30:00
1717598700000,70912.11,71080.0,70830.15,70867.99,412.76895,2024-06-05 14:45:00
1717599600000,70867.99,70996.19,70775.0,70895.59,287.92634,2024-06-05 15:00:00
1717600500000,70895.59,71574.09,70895.59,71543.57,1274.91376,2024-06-05 15:15:00
1717601400000,71543.57,71731.35,71411.57,71548.0,663.91229,2024-06-05 15:30:00
1717602300000,71547.99,71666.0,71360.72,71580.0,541.1064,2024-06-05 15:45:00
1717603200000,71580.01,71758.0,71414.78,71645.19,456.64578,2024-06-05 16:00:00
1717604100000,71645.18,71701.48,71540.01,71646.29,274.5195,2024-06-05 16:15:00
1717605000000,71646.29,71697.95,71458.22,71516.74,304.32748,2024-06-05 16:30:00
1717605900000,71516.74,71536.0,71268.0,71312.77,484.8409,2024-06-05 16:45:00
1717606800000,71312.78,71555.08,71231.48,71539.99,519.497,2024-06-05 17:00:00
1717607700000,71539.99,71586.81,71372.97,71433.22,250.83522,2024-06-05 17:15:00
1717608600000,71433.22,71568.0,71404.73,71493.33,297.01899,2024-06-05 17:30:00
1717609500000,71493.33,71704.0,71460.0,71628.98,300.55068,2024-06-05 17:45:00
1717610400000,71628.98,71748.22,71306.9,71322.86,396.26849,2024-06-05 18:00:00
1717611300000,71322.87,71389.4,70991.47,71124.93,772.16992,2024-06-05 18:15:00
1717612200000,71124.93,71211.99,71004.0,71060.02,310.42003,2024-06-05 18:30:00
1717613100000,71060.01,71143.82,70895.15,71096.81,299.68052,2024-06-05 18:45:00
1717614000000,71096.8,71181.03,70871.2,70929.64,286.04244,2024-06-05 19:00:00
1717614900000,70929.63,71018.79,70885.2,70943.56,170.21761,2024-06-05 19:15:00
1717615800000,70943.55,71159.99,70907.5,71159.98,160.29314,2024-06-05 19:30:00
1717616700000,71159.99,71398.73,71159.98,71279.95,321.43217,2024-06-05 19:45:00
1717617600000,71279.95,71357.68,71160.0,71231.49,205.36735,2024-06-05 20:00:00
1717618500000,71231.49,71344.16,71190.28,71253.35,191.89915,2024-06-05 20:15:00
1717619400000,71253.35,71254.8,71190.95,71220.0,112.01501,2024-06-05 20:30:00
1717620300000,71219.99,71249.09,71166.93,71196.02,190.17933,2024-06-05 20:45:00
1717621200000,71196.02,71211.34,71100.0,71133.93,98.63342,2024-06-05 21:00:00
1717622100000,71133.93,71144.9,71038.48,71045.34,116.15369,2024-06-05 21:15:00
1717623000000,71045.35,71192.34,71036.31,71134.68,82.48863,2024-06-05 21:30:00
1717623900000,71134.69,71138.43,71074.34,71138.42,65.987,2024-06-05 21:45:00
1717624800000,71138.43,71264.28,71108.0,71200.45,142.42072,2024-06-05 22:00:00
1717625700000,71200.45,71213.62,71090.0,71130.42,72.44044,2024-06-05 22:15:00
1717626600000,71130.42,71240.0,71108.01,71239.99,85.65812,2024-06-05 22:30:00
1717627500000,71239.99,71274.11,71128.4,71144.86,80.93044,2024-06-05 22:45:00
1717628400000,71144.85,71294.47,71124.91,71274.0,145.71211,2024-06-05 23:00:00
1717629300000,71274.0,71274.01,70700.0,70850.0,445.06465,2024-06-05 23:15:00
1717630200000,70850.0,71080.0,70796.8,71076.06,278.95551,2024-06-05 23:30:00
1717631100000,71076.05,71172.0,71016.0,71108.0,164.66386,2024-06-05 23:45:00
1717632000000,71108.0,71178.52,71087.52,71175.18,133.89809,2024-06-06 00:00:00
1717632900000,71175.18,71179.59,71106.01,71152.0,116.44279,2024-06-06 00:15:00
1717633800000,71152.0,71183.99,71006.6,71029.37,112.71885,2024-06-06 00:30:00
1717634700000,71029.36,71047.99,70955.99,71018.06,107.92858,2024-06-06 00:45:00
1717635600000,71018.06,71027.99,70900.0,70955.98,162.51518,2024-06-06 01:00:00
1717636500000,70955.98,71140.0,70937.52,71099.99,113.98384,2024-06-06 01:15:00
1717637400000,71099.99,71189.97,71099.99,71145.97,148.32084,2024-06-06 01:30:00
1717638300000,71145.98,71180.0,71082.5,71124.0,67.10897,2024-06-06 01:45:00
1717639200000,71124.01,71219.94,71103.7,71204.6,113.34761,2024-06-06 02:00:00
1717640100000,71204.61,71237.02,71164.0,71206.19,84.79569,2024-06-06 02:15:00
1717641000000,71206.19,71228.95,71137.0,71152.53,138.59329,2024-06-06 02:30:00
1717641900000,71152.54,71185.08,71121.59,71160.0,117.4476,2024-06-06 02:45:00
1717642800000,71160.01,71180.4,71128.76,71152.52,91.558,2024-06-06 03:00:00
1717643700000,71152.52,71188.0,71145.57,71162.39,55.55879,2024-06-06 03:15:00
1717644600000,71162.39,71170.77,71050.29,71119.19,80.79749,2024-06-06 03:30:00
1717645500000,71119.18,71119.19,71012.34,71050.0,193.3007,2024-06-06 03:45:00
1717646400000,71050.0,71064.0,70948.0,70948.01,145.41082,2024-06-06 04:00:00
1717647300000,70948.0,71002.33,70909.7,70959.8,149.28484,2024-06-06 04:15:00
1717648200000,70959.79,71079.1,70939.32,71056.0,198.78677,2024-06-06 04:30:00
1717649100000,71056.0,71106.46,71029.23,71054.52,98.24278,2024-06-06 04:45:00
1717650000000,71054.51,71084.4,70874.21,70874.22,138.89365,2024-06-06 05:00:00
1717650900000,70874.22,70925.86,70820.36,70830.18,143.41583,2024-06-06 05:15:00
1717651800000,70830.17,70926.66,70821.89,70885.47,168.20389,2024-06-06 05:30:00
1717652700000,70885.47,70932.6,70800.0,70895.45,218.26974,2024-06-06 05:45:00
1717653600000,70895.45,71037.72,70880.0,70982.79,194.90781,2024-06-06 06:00:00
1717654500000,70982.79,71016.0,70907.05,70958.19,129.48451,2024-06-06 06:15:00
1717655400000,70958.2,70958.2,70804.0,70848.98,117.07764,2024-06-06 06:30:00
1717656300000,70848.98,70928.81,70817.91,70887.99,135.92719,2024-06-06 06:45:00
1717657200000,70888.0,70954.84,70853.23,70920.27,109.47363,2024-06-06 07:00:00
1717658100000,70920.27,70970.25,70881.63,70890.05,153.71868,2024-06-06 07:15:00
1717659000000,70890.05,70984.0,70878.71,70943.49,144.63759,2024-06-06 07:30:00
1717659900000,70943.48,71069.62,70900.12,71021.47,196.03909,2024-06-06 07:45:00
1717660800000,71021.46,71039.5,70875.79,70875.79,139.65608,2024-06-06 08:00:00
1717661700000,70875.79,70994.8,70868.31,70975.22,151.98596,2024-06-06 08:15:00
1717662600000,70975.21,70975.22,70877.7,70899.22,95.39882,2024-06-06 08:30:00
1717663500000,70899.22,70950.0,70862.5,70904.01,131.08669,2024-06-06 08:45:00
1717664400000,70904.01,71147.28,70904.0,71078.96,224.65785,2024-06-06 09:00:00
1717665300000,71078.95,71078.96,70950.0,70994.68,143.25111,2024-06-06 09:15:00
1717666200000,70994.68,70994.68,70933.93,70949.98,119.28114,2024-06-06 09:30:00
1717667100000,70949.99,70978.89,70910.0,70978.88,80.26215,2024-06-06 09:45:00
1717668000000,70978.89,70998.87,70892.5,70900.45,88.20841,2024-06-06 10:00:00
1717668900000,70900.46,71000.0,70900.45,70935.34,112.13564,2024-06-06 10:15:00
1717669800000,70935.34,70992.21,70897.44,70923.98,127.40556,2024-06-06 10:30:00
1717670700000,70923.98,71000.0,70910.56,70988.0,98.91853,2024-06-06 10:45:00
1717671600000,70988.01,71104.88,70973.21,70973.21,183.97252,2024-06-06 11:00:00
1717672500000,70973.21,71058.0,70935.01,71010.28,106.85791,2024-06-06 11:15:00
1717673400000,71010.29,71160.0,71000.94,71131.15,153.50412,2024-06-06 11:30:00
1717674300000,71131.16,71204.59,71045.01,71170.01,354.44464,2024-06-06 11:45:00
1717675200000,71170.01,71245.12,71121.28,71173.59,275.39409,2024-06-06 12:00:00
1717676100000,71173.58,71397.2,71162.02,71366.17,358.4302,2024-06-06 12:15:00
1717677000000,71366.16,71443.6,71111.02,71208.42,481.27006,2024-06-06 12:30:00
1717677900000,71208.42,71208.42,71052.97,71187.17,272.05028,2024-06-06 12:45:00
1717678800000,71187.18,71250.01,71000.0,71112.32,365.63088,2024-06-06 13:00:00
1717679700000,71112.31,71184.0,71011.6,71165.83,230.58274,2024-06-06 13:15:00
1717680600000,71165.83,71535.95,71080.46,71493.21,572.76275,2024-06-06 13:30:00
1717681500000,71493.21,71503.99,71123.09,71123.09,749.7266,2024-06-06 13:45:00
1717682400000,71123.1,71239.82,71020.57,71182.83,440.0699,2024-06-06 14:00:00
1717683300000,71182.84,71219.99,71036.79,71191.96,333.67428,2024-06-06 14:15:00
1717684200000,71191.96,71359.99,71182.64,71359.98,306.36849,2024-06-06 14:30:00
1717685100000,71359.98,71520.0,71300.0,71464.57,507.17895,2024-06-06 14:45:00
1717686000000,71464.56,71500.0,71340.01,71402.46,281.26308,2024-06-06 15:00:00
1717686900000,71402.46,71660.0,71400.0,71596.76,453.60096,2024-06-06 15:15:00
1717687800000,71596.77,71700.0,71424.0,71470.63,504.72452,2024-06-06 15:30:00
1717688700000,71470.62,71470.63,71250.61,71300.0,284.72354,2024-06-06 15:45:00
1717689600000,71300.0,71379.93,71099.95,71128.67,716.52039,2024-06-06 16:00:00
1717690500000,71128.67,71171.07,71000.0,71058.34,434.12195,2024-06-06 16:15:00
1717691400000,71058.34,71058.34,70825.0,70914.99,538.59077,2024-06-06 16:30:00
1717692300000,70914.99,71078.14,70873.86,70948.95,517.17959,2024-06-06 16:45:00
1717693200000,70948.95,71044.44,70800.0,70996.0,497.48211,2024-06-06 17:00:00
1717694100000,70996.0,71225.01,70960.0,71180.0,303.2488,2024-06-06 17:15:00
1717695000000,71179.99,71214.29,71068.79,71074.78,275.06907,2024-06-06 17:30:00
1717695900000,71074.77,71100.0,70961.74,71098.31,224.59006,2024-06-06 17:45:00
1717696800000,71098.3,71158.87,70871.57,70909.99,191.74807,2024-06-06 18:00:00
1717697700000,70910.0,71029.84,70885.65,71029.83,123.33927,2024-06-06 18:15:00
1717698600000,71029.84,71087.33,70960.0,71057.14,142.60662,2024-06-06 18:30:00
1717699500000,71057.14,71139.99,71057.14,71075.0,133.73665,2024-06-06 18:45:00
1717700400000,71075.0,71078.73,70900.0,70900.01,198.78817,2024-06-06 19:00:00
1717701300000,70900.0,70979.72,70879.05,70939.98,186.68737,2024-06-06 19:15:00
1717702200000,70939.98,70939.99,70575.99,70731.19,511.54985,2024-06-06 19:30:00
1717703100000,70731.2,70755.98,70450.0,70479.49,519.29502,2024-06-06 19:45:00
1717704000000,70479.49,70500.0,70117.64,70411.98,968.32495,2024-06-06 20:00:00
1717704900000,70411.98,70657.0,70411.97,70579.97,402.45306,2024-06-06 20:15:00
1717705800000,70579.97,70709.86,70579.97,70620.94,149.86397,2024-06-06 20:30:00
1717706700000,70620.94,70742.49,70620.07,70720.01,128.63222,2024-06-06 20:45:00
1717707600000,70720.01,70780.0,70667.0,70749.62,154.66113,2024-06-06 21:00:00
1717708500000,70749.62,70859.81,70693.33,70693.34,126.81099,2024-06-06 21:15:00
1717709400000,70693.33,70842.71,70693.33,70752.61,74.90573,2024-06-06 21:30:00
1717710300000,70752.61,70783.0,70737.86,70740.51,53.0588,2024-06-06 21:45:00
1717711200000,70740.51,70811.76,70736.66,70788.86,105.40585,2024-06-06 22:00:00
1717712100000,70788.86,70788.86,70664.0,70737.51,126.12963,2024-06-06 22:15:00
1717713000000,70737.52,70839.37,70737.52,70816.88,77.8706,2024-06-06 22:30:00
1717713900000,70816.89,70920.76,70768.43,70901.01,347.09812,2024-06-06 22:45:00
1717714800000,70901.01,70958.89,70856.25,70878.19,196.17477,2024-06-06 23:00:00
1717715700000,70878.19,70887.41,70748.8,70803.39,130.23956,2024-06-06 23:15:00
1717716600000,70803.4,70839.87,70764.0,70827.99,121.48008,2024-06-06 23:30:00
1717717500000,70827.99,70840.0,70763.86,70799.06,155.77205,2024-06-06 23:45:00
1717718400000,70799.06,70819.99,70740.0,70770.2,101.5829,2024-06-07 00:00:00
1717719300000,70770.2,70872.4,70760.0,70835.59,92.3222,2024-06-07 00:15:00
1717720200000,70835.6,70880.0,70833.02,70833.9,89.23209,2024-06-07 00:30:00
1717721100000,70833.89,70883.6,70822.75,70883.05,120.6577,2024-06-07 00:45:00
1717722000000,70883.05,70885.3,70800.0,70826.4,133.35236,2024-06-07 01:00:00
1717722900000,70826.39,70826.4,70702.37,70746.21,148.11947,2024-06-07 01:15:00
1717723800000,70746.2,70787.74,70670.48,70787.74,111.02836,2024-06-07 01:30:00
1717724700000,70787.73,70900.0,70787.73,70840.01,100.56349,2024-06-07 01:45:00
1717725600000,70840.0,70872.06,70785.06,70785.06,118.53367,2024-06-07 02:00:00
1717726500000,70785.06,70797.56,70756.34,70756.35,115.70525,2024-06-07 02:15:00
1717727400000,70756.34,70776.74,70663.59,70713.95,116.77607,2024-06-07 02:30:00
1717728300000,70713.95,70827.75,70701.84,70824.08,118.56858,2024-06-07 02:45:00
1717729200000,70824.09,70864.86,70741.2,70816.81,101.31601,2024-06-07 03:00:00
1717730100000,70816.82,70991.47,70787.5,70990.38,148.49199,2024-06-07 03:15:00
1717731000000,70990.38,71015.2,70905.18,70933.12,125.09151,2024-06-07 03:30:00
1717731900000,70933.13,71006.49,70933.12,70989.68,81.17817,2024-06-07 03:45:00
1717732800000,70989.69,71200.0,70989.68,71181.2,266.71723,2024-06-07 04:00:00
1717733700000,71181.2,71227.02,71061.91,71161.13,211.14438,2024-06-07 04:15:00
1717734600000,71161.14,71205.07,71117.44,71117.44,131.87308,2024-06-07 04:30:00
1717735500000,71117.45,71274.7,71115.33,71226.52,431.99879,2024-06-07 04:45:00
1717736400000,71226.52,71300.26,71170.0,71207.92,446.77196,2024-06-07 05:00:00
1717737300000,71207.91,71365.98,71204.0,71320.0,622.52292,2024-06-07 05:15:00
1717738200000,71320.0,71375.0,71269.24,71369.65,281.62221,2024-06-07 05:30:00
1717739100000,71369.64,71449.98,71280.0,71290.6,337.34756,2024-06-07 05:45:00
1717740000000,71290.6,71353.06,71222.81,71222.82,155.38108,2024-06-07 06:00:00
1717740900000,71222.81,71257.25,71222.81,71236.7,70.16673,2024-06-07 06:15:00
1717741800000,71236.7,71324.0,71180.0,71197.0,153.96731,2024-06-07 06:30:00
1717742700000,71197.0,71313.79,71162.38,71265.7,209.93511,2024-06-07 06:45:00
1717743600000,71265.7,71265.71,71170.0,71204.26,182.78705,2024-06-07 07:00:00
1717744500000,71204.26,71310.8,71180.0,71270.62,176.38339,2024-06-07 07:15:00
1717745400000,71270.62,71273.06,71094.94,71119.21,248.74907,2024-06-07 07:30:00
1717746300000,71119.22,71128.0,71068.16,71110.0,246.15958,2024-06-07 07:45:00
1717747200000,71110.01,71130.0,71048.12,71079.99,169.40744,2024-06-07 08:00:00
1717748100000,71080.0,71192.4,71073.7,71168.33,250.04673,2024-06-07 08:15:00
1717749000000,71168.34,71168.34,71080.33,71115.25,208.17574,2024-06-07 08:30:00
1717749900000,71115.26,71139.92,71100.0,71117.2,126.6282,2024-06-07 08:45:00
1717750800000,71117.2,71128.93,71060.5,71115.59,107.15668,2024-06-07 09:00:00
1717751700000,71115.58,71204.92,71099.15,71204.92,192.38781,2024-06-07 09:15:00
1717752600000,71204.92,71234.0,71150.0,71202.09,149.69158,2024-06-07 09:30:00
1717753500000,71202.08,71307.28,71180.48,71302.07,156.49759,2024-06-07 09:45:00
1717754400000,71302.06,71369.88,71274.0,71359.04,151.15181,2024-06-07 10:00:00
1717755300000,71359.03,71366.23,71252.1,71260.74,154.08261,2024-06-07 10:15:00
1717756200000,71260.73,71340.69,71202.4,71330.69,116.99186,2024-06-07 10:30:00
1717757100000,71330.69,71434.86,71304.65,71377.38,155.47101,2024-06-07 10:45:00
1717758000000,71377.37,71410.0,71328.0,71346.97,159.55982,2024-06-07 11:00:00
1717758900000,71346.97,71410.0,71303.4,71401.28,154.93977,2024-06-07 11:15:00
1717759800000,71401.28,71600.0,71401.28,71526.22,510.10826,2024-06-07 11:30:00
1717760700000,71526.22,71700.0,71526.22,71699.99,413.80973,2024-06-07 11:45:00
1717761600000,71700.0,71950.19,71699.99,71880.0,1122.75132,2024-06-07 12:00:00
1717762500000,71880.01,71971.84,71621.09,71933.19,651.23008,2024-06-07 12:15:00
1717763400000,71933.2,71997.02,70633.21,71020.63,2971.48968,2024-06-07 12:30:00
1717764300000,71020.63,71426.59,70845.0,71234.09,914.66389,2024-06-07 12:45:00
1717765200000,71234.09,71290.0,71056.7,71192.02,457.55954,2024-06-07 13:00:00
1717766100000,71192.01,71416.38,71075.67,71377.96,382.10277,2024-06-07 13:15:00
1717767000000,71377.95,71542.12,71205.21,71542.12,359.41058,2024-06-07 13:30:00
1717767900000,71542.12,71655.04,71440.77,71534.6,356.15049,2024-06-07 13:45:00
1717768800000,71534.6,71543.02,71318.24,71373.19,279.1285,2024-06-07 14:00:00
1717769700000,71373.18,71373.19,71170.58,71340.01,240.80863,2024-06-07 14:15:00
1717770600000,71340.01,71479.24,71260.0,71413.45,273.17012,2024-06-07 14:30:00
1717771500000,71413.45,71544.06,71393.25,71430.94,197.96241,2024-06-07 14:45:00
1717772400000,71430.93,71430.93,71250.83,71317.59,205.91496,2024-06-07 15:00:00
1717773300000,71317.58,71330.0,70970.13,71088.85,691.38243,2024-06-07 15:15:00
1717774200000,71088.86,71126.35,70909.7,70945.0,324.6228,2024-06-07 15:30:00
1717775100000,70945.0,71145.16,70850.0,71111.54,428.13106,2024-06-07 15:45:00
1717776000000,71111.55,71116.0,70938.09,71076.47,409.43139,2024-06-07 16:00:00
1717776900000,71076.47,71198.78,71076.47,71181.63,174.31877,2024-06-07 16:15:00
1717777800000,71181.63,71208.89,70990.01,71040.98,172.10785,2024-06-07 16:30:00
1717778700000,71040.98,71040.99,70779.0,70873.47,370.103,2024-06-07 16:45:00
1717779600000,70873.48,70873.48,70633.0,70665.33,429.22603,2024-06-07 17:00:00
1717780500000,70665.34,70665.34,70357.27,70438.04,691.74804,2024-06-07 17:15:00
1717781400000,70438.04,70520.29,70236.01,70260.01,534.36829,2024-06-07 17:30:00
1717782300000,70260.01,70373.66,69800.37,69803.59,930.42232,2024-06-07 17:45:00
1717783200000,69803.59,69887.99,68420.0,68649.99,4399.82659,2024-06-07 18:00:00
1717784100000,68649.99,69395.04,68528.02,69041.01,2400.82512,2024-06-07 18:15:00
1717785000000,69041.01,69249.99,68869.0,69225.13,938.57256,2024-06-07 18:30:00
1717785900000,69225.12,69337.26,69032.24,69154.43,532.11493,2024-06-07 18:45:00
1717786800000,69154.44,69154.44,68890.52,69087.87,583.79459,2024-06-07 19:00:00
1717787700000,69087.87,69200.0,68800.0,69198.57,555.77312,2024-06-07 19:15:00
1717788600000,69198.57,69448.0,69164.0,69447.99,401.73284,2024-06-07 19:30:00
1717789500000,69448.0,69448.0,69240.02,69255.0,392.84088,2024-06-07 19:45:00
1717790400000,69255.01,69266.81,69007.82,69091.99,330.77807,2024-06-07 20:00:00
1717791300000,69092.0,69192.0,68978.52,69070.78,313.56717,2024-06-07 20:15:00
1717792200000,69070.79,69209.99,69016.4,69202.91,224.88265,2024-06-07 20:30:00
1717793100000,69202.92,69318.3,69150.59,69307.99,263.30326,2024-06-07 20:45:00
1717794000000,69308.0,69360.12,69203.08,69360.11,159.93695,2024-06-07 21:00:00
1717794900000,69360.11,69377.85,69245.2,69358.8,121.01231,2024-06-07 21:15:00
1717795800000,69358.8,69358.81,69237.99,69291.33,120.05071,2024-06-07 21:30:00
1717796700000,69291.33,69291.33,69210.0,69250.01,95.62498,2024-06-07 21:45:00
1717797600000,69250.01,69310.0,69184.0,69310.0,149.94669,2024-06-07 22:00:00
1717798500000,69309.99,69369.66,69290.0,69350.0,84.57439,2024-06-07 22:15:00
1717799400000,69350.0,69383.73,69331.8,69356.38,103.26161,2024-06-07 22:30:00
1717800300000,69356.37,69585.96,69356.37,69499.0,245.52107,2024-06-07 22:45:00
1717801200000,69499.0,69499.0,69375.61,69391.33,120.08444,2024-06-07 23:00:00
1717802100000,69391.32,69428.04,69335.01,69335.02,128.86707,2024-06-07 23:15:00
1717803000000,69335.01,69370.0,69323.54,69351.86,84.6567,2024-06-07 23:30:00
1717803900000,69351.86,69389.02,69323.55,69355.6,106.54289,2024-06-07 23:45:00
1717804800000,69355.6,69355.61,69296.41,69339.99,190.37607,2024-06-08 00:00:00
1717805700000,69340.0,69457.3,69339.99,69457.29,161.06801,2024-06-08 00:15:00
1717806600000,69457.29,69482.08,69398.29,69476.73,114.57554,2024-06-08 00:30:00
1717807500000,69476.74,69482.75,69393.7,69401.5,109.14933,2024-06-08 00:45:00
1717808400000,69401.5,69434.98,69339.99,69339.99,104.70959,2024-06-08 01:00:00
1717809300000,69339.99,69398.0,69287.28,69385.8,176.21171,2024-06-08 01:15:00
1717810200000,69385.81,69474.55,69380.5,69441.68,129.76873,2024-06-08 01:30:00
1717811100000,69441.69,69475.04,69437.59,69465.25,120.46694,2024-06-08 01:45:00
1717812000000,69465.24,69465.25,69420.11,69422.53,59.09993,2024-06-08 02:00:00
1717812900000,69422.52,69439.86,69387.6,69401.14,97.74954,2024-06-08 02:15:00
1717813800000,69401.14,69441.85,69395.4,69441.85,64.48922,2024-06-08 02:30:00
1717814700000,69441.85,69441.85,69410.28,69422.11,78.91937,2024-06-08 02:45:00
1717815600000,69422.11,69483.15,69422.1,69483.15,99.84695,2024-06-08 03:00:00
1717816500000,69483.14,69508.59,69467.48,69508.59,104.8845,2024-06-08 03:15:00
1717817400000,69508.58,69525.0,69498.02,69516.98,79.2135,2024-06-08 03:30:00
1717818300000,69516.98,69516.98,69411.3,69432.0,101.11414,2024-06-08 03:45:00
1717819200000,69432.0,69466.92,69407.22,69418.99,86.00999,2024-06-08 04:00:00
1717820100000,69418.99,69428.0,69352.18,69366.21,81.11385,2024-06-08 04:15:00
1717821000000,69366.22,69377.88,69323.52,69352.58,116.34916,2024-06-08 04:30:00
1717821900000,69352.59,69352.59,69277.96,69316.73,142.64137,2024-06-08 04:45:00
1717822800000,69316.74,69316.74,69232.15,69266.2,126.35625,2024-06-08 05:00:00
1717823700000,69266.21,69319.74,69261.28,69306.39,73.22583,2024-06-08 05:15:00
1717824600000,69306.4,69342.79,69260.0,69262.97,86.25729,2024-06-08 05:30:00
1717825500000,69262.97,69320.0,69262.97,69319.99,67.51624,2024-06-08 05:45:00
1717826400000,69320.0,69338.62,69296.26,69334.4,134.53724,2024-06-08 06:00:00
1717827300000,69334.39,69414.89,69317.0,69406.0,104.35471,2024-06-08 06:15:00
1717828200000,69406.0,69410.0,69374.8,69374.8,81.25707,2024-06-08 06:30:00
1717829100000,69374.81,69385.0,69314.41,69333.45,81.55898,2024-06-08 06:45:00
1717830000000,69333.44,69392.07,69333.44,69392.07,86.84337,2024-06-08 07:00:00
1717830900000,69392.07,69500.55,69392.06,69499.31,155.9322,2024-06-08 07:15:00
1717831800000,69499.31,69559.22,69447.38,69557.64,184.68276,2024-06-08 07:30:00
1717832700000,69557.63,69582.2,69518.8,69582.2,112.69466,2024-06-08 07:45:00
1717833600000,69582.2,69582.2,69456.1,69469.25,143.70369,2024-06-08 08:00:00
1717834500000,69469.25,69469.25,69424.9,69424.9,53.29062,2024-06-08 08:15:00
1717835400000,69424.91,69436.0,69392.06,69395.75,89.57669,2024-06-08 08:30:00
1717836300000,69395.75,69464.0,69381.81,69436.42,77.66908,2024-06-08 08:45:00
1717837200000,69436.43,69456.0,69382.8,69453.24,93.90971,2024-06-08 09:00:00
1717838100000,69453.25,69465.0,69430.0,69448.4,77.75789,2024-06-08 09:15:00
1717839000000,69448.41,69457.43,69414.34,69457.42,84.3715,2024-06-08 09:30:00
1717839900000,69457.43,69495.99,69430.87,69443.24,73.84636,2024-06-08 09:45:00
1717840800000,69443.25,69463.65,69383.95,69426.03,93.3824,2024-06-08 10:00:00
1717841700000,69426.03,69426.04,69360.01,69363.02,115.17454,2024-06-08 10:15:00
1717842600000,69363.02,69418.97,69363.02,69404.5,89.511,2024-06-08 10:30:00
1717843500000,69404.5,69495.98,69404.49,69453.4,86.68953,2024-06-08 10:45:00
1717844400000,69453.39,69515.0,69453.39,69488.36,157.37147,2024-06-08 11:00:00
1717845300000,69488.35,69500.0,69453.4,69499.32,78.48304,2024-06-08 11:15:00
1717846200000,69499.31,69499.32,69380.51,69380.52,164.29869,2024-06-08 11:30:00
1717847100000,69380.51,69400.0,69318.19,69365.93,146.95752,2024-06-08 11:45:00
1717848000000,69365.94,69400.0,69265.0,69384.41,180.86678,2024-06-08 12:00:00
1717848900000,69384.41,69430.0,69329.99,69346.2,113.81445,2024-06-08 12:15:00
1717849800000,69346.2,69369.68,69289.58,69302.78,84.54769,2024-06-08 12:30:00
1717850700000,69302.79,69373.25,69302.78,69360.22,57.38454,2024-06-08 12:45:00
1717851600000,69360.22,69360.23,69258.0,69270.0,140.83612,2024-06-08 13:00:00
1717852500000,69270.0,69307.0,69210.58,69228.42,187.2169,2024-06-08 13:15:00
1717853400000,69228.43,69370.0,69168.02,69341.74,268.83713,2024-06-08 13:30:00
1717854300000,69341.75,69430.01,69316.0,69430.0,204.76881,2024-06-08 13:45:00
1717855200000,69430.01,69431.99,69368.0,69400.78,198.49967,2024-06-08 14:00:00
1717856100000,69400.79,69400.79,69309.82,69333.52,117.24079,2024-06-08 14:15:00
1717857000000,69333.53,69409.76,69330.11,69405.6,116.22187,2024-06-08 14:30:00
1717857900000,69405.6,69462.25,69392.01,69461.69,106.90024,2024-06-08 14:45:00
1717858800000,69461.68,69491.08,69421.17,69480.01,122.1907,2024-06-08 15:00:00
1717859700000,69480.01,69491.36,69422.26,69448.44,85.98954,2024-06-08 15:15:00
1717860600000,69448.43,69480.0,69448.43,69455.4,73.58534,2024-06-08 15:30:00
1717861500000,69455.39,69455.4,69430.0,69430.01,59.67182,2024-06-08 15:45:00
1717862400000,69430.01,69470.16,69399.26,69399.27,104.23893,2024-06-08 16:00:00
1717863300000,69399.27,69399.27,69292.22,69342.0,220.88667,2024-06-08 16:15:00
1717864200000,69342.0,69404.0,69325.81,69390.84,159.46211,2024-06-08 16:30:00
1717865100000,69390.83,69393.16,69340.0,69387.15,85.64415,2024-06-08 16:45:00
1717866000000,69387.16,69442.54,69370.79,69442.53,141.84187,2024-06-08 17:00:00
1717866900000,69442.54,69467.93,69415.92,69416.13,143.38311,2024-06-08 17:15:00
1717867800000,69416.13,69462.66,69336.01,69462.65,115.82992,2024-06-08 17:30:00
1717868700000,69462.65,69470.0,69410.01,69439.99,88.09216,2024-06-08 17:45:00
1717869600000,69440.0,69480.0,69433.1,69479.99,61.73749,2024-06-08 18:00:00
1717870500000,69480.0,69480.0,69427.98,69479.99,106.32267,2024-06-08 18:15:00
1717871400000,69480.0,69480.0,69439.0,69452.88,49.25963,2024-06-08 18:30:00
1717872300000,69452.88,69468.0,69434.42,69454.89,52.00902,2024-06-08 18:45:00
1717873200000,69454.88,69490.0,69454.88,69477.24,67.2746,2024-06-08 19:00:00
1717874100000,69477.23,69488.0,69470.0,69473.86,44.97069,2024-06-08 19:15:00
1717875000000,69473.87,69473.87,69427.88,69455.37,89.47077,2024-06-08 19:30:00
1717875900000,69455.36,69480.0,69446.52,69460.01,47.64025,2024-06-08 19:45:00
1717876800000,69460.0,69464.0,69446.52,69460.0,53.98974,2024-06-08 20:00:00
1717877700000,69459.99,69475.18,69401.88,69401.89,62.61274,2024-06-08 20:15:00
1717878600000,69401.88,69401.89,69313.31,69377.27,128.88069,2024-06-08 20:30:00
1717879500000,69377.27,69380.0,69366.0,69372.73,58.55154,2024-06-08 20:45:00
1717880400000,69372.74,69375.81,69327.04,69375.8,62.01476,2024-06-08 21:00:00
1717881300000,69375.81,69400.0,69360.0,69396.96,35.91959,2024-06-08 21:15:00
1717882200000,69396.97,69396.97,69384.16,69384.16,32.17168,2024-06-08 21:30:00
1717883100000,69384.17,69424.47,69384.16,69404.91,49.18192,2024-06-08 21:45:00
1717884000000,69404.9,69404.91,69380.0,69387.08,40.12177,2024-06-08 22:00:00
1717884900000,69387.09,69387.09,69290.28,69301.87,66.34165,2024-06-08 22:15:00
1717885800000,69301.87,69334.48,69301.83,69334.47,40.25048,2024-06-08 22:30:00
1717886700000,69334.47,69347.72,69309.97,69338.15,54.46415,2024-06-08 22:45:00
1717887600000,69338.15,69340.0,69314.01,69325.7,60.79806,2024-06-08 23:00:00
1717888500000,69325.7,69325.71,69293.54,69303.38,58.80618,2024-06-08 23:15:00
1717889400000,69303.37,69335.13,69292.99,69335.13,73.23727,2024-06-08 23:30:00
1717890300000,69335.13,69335.13,69307.4,69310.46,60.88325,2024-06-08 23:45:00
1717891200000,69310.46,69310.46,69291.3,69300.0,65.11526,2024-06-09 00:00:00
1717892100000,69300.0,69307.09,69275.0,69276.23,67.50358,2024-06-09 00:15:00
1717893000000,69276.23,69327.99,69225.84,69320.01,96.30891,2024-06-09 00:30:00
1717893900000,69320.01,69320.01,69259.43,69268.7,50.20009,2024-06-09 00:45:00
1717894800000,69268.7,69272.0,69230.0,69256.47,58.75791,2024-06-09 01:00:00
1717895700000,69256.47,69290.0,69242.68,69289.99,56.66148,2024-06-09 01:15:00
1717896600000,69289.99,69346.9,69285.01,69316.71,60.36132,2024-06-09 01:30:00
1717897500000,69316.71,69316.72,69285.0,69285.0,31.5265,2024-06-09 01:45:00
1717898400000,69285.01,69298.0,69261.0,69261.0,60.16317,2024-06-09 02:00:00
1717899300000,69261.0,69261.01,69219.98,69221.57,84.86914,2024-06-09 02:15:00
1717900200000,69221.58,69224.32,69139.93,69189.4,130.95691,2024-06-09 02:30:00
1717901100000,69189.41,69260.0,69174.92,69174.93,110.93725,2024-06-09 02:45:00
1717902000000,69174.92,69210.0,69174.92,69196.01,50.74213,2024-06-09 03:00:00
1717902900000,69196.01,69216.88,69130.24,69199.99,95.30936,2024-06-09 03:15:00
1717903800000,69200.0,69250.0,69184.01,69243.97,85.30208,2024-06-09 03:30:00
1717904700000,69243.97,69298.0,69243.96,69259.38,79.90462,2024-06-09 03:45:00
1717905600000,69259.38,69259.38,69244.64,69259.38,48.10044,2024-06-09 04:00:00
1717906500000,69259.38,69300.0,69259.37,69300.0,71.98179,2024-06-09 04:15:00
1717907400000,69300.0,69300.0,69274.79,69290.0,38.34795,2024-06-09 04:30:00
1717908300000,69289.99,69306.22,69274.99,69304.44,56.77762,2024-06-09 04:45:00
1717909200000,69304.44,69304.44,69234.73,69241.16,59.55072,2024-06-09 05:00:00
1717910100000,69241.16,69307.49,69241.15,69293.48,32.97823,2024-06-09 05:15:00
1717911000000,69293.47,69342.8,69293.47,69342.76,41.4991,2024-06-09 05:30:00
1717911900000,69342.75,69360.4,69293.47,69293.47,67.51249,2024-06-09 05:45:00
1717912800000,69293.48,69348.0,69276.95,69347.99,80.10471,2024-06-09 06:00:00
1717913700000,69348.0,69369.56,69333.24,69365.4,60.08147,2024-06-09 06:15:00
1717914600000,69365.4,69365.41,69323.74,69342.75,55.15945,2024-06-09 06:30:00
1717915500000,69342.75,69400.0,69335.49,69391.01,50.96898,2024-06-09 06:45:00
1717916400000,69391.02,69425.7,69361.21,69361.21,65.11583,2024-06-09 07:00:00
1717917300000,69361.22,69386.78,69361.21,69370.6,35.54255,2024-06-09 07:15:00
1717918200000,69370.61,69388.0,69346.99,69346.99,97.47094,2024-06-09 07:30:00
1717919100000,69346.99,69360.0,69273.47,69295.64,170.34508,2024-06-09 07:45:00
1717920000000,69295.64,69343.45,69283.45,69343.44,58.39117,2024-06-09 08:00:00
1717920900000,69343.43,69343.44,69311.38,69311.39,74.28083,2024-06-09 08:15:00
1717921800000,69311.39,69330.01,69311.38,69330.0,41.62091,2024-06-09 08:30:00
1717922700000,69330.0,69356.0,69330.0,69352.15,36.33844,2024-06-09 08:45:00
1717923600000,69352.15,69352.15,69344.0,69350.99,52.13428,2024-06-09 09:00:00
1717924500000,69351.0,69359.78,69350.99,69359.77,28.6368,2024-06-09 09:15:00
1717925400000,69359.77,69359.78,69341.95,69359.75,57.48049,2024-06-09 09:30:00
1717926300000,69359.76,69397.19,69357.05,69369.98,57.67193,2024-06-09 09:45:00
1717927200000,69369.99,69373.24,69339.17,69353.62,71.73208,2024-06-09 10:00:00
1717928100000,69353.63,69353.63,69333.07,69347.19,53.15053,2024-06-09 10:15:00
1717929000000,69347.2,69347.2,69336.56,69343.0,42.2123,2024-06-09 10:30:00
1717929900000,69343.01,69356.0,69334.02,69346.49,69.77773,2024-06-09 10:45:00
1717930800000,69346.5,69363.99,69333.0,69333.0,59.40007,2024-06-09 11:00:00
1717931700000,69333.0,69353.88,69333.0,69353.88,44.13703,2024-06-09 11:15:00
1717932600000,69353.88,69389.0,69334.97,69389.0,70.19655,2024-06-09 11:30:00
1717933500000,69389.0,69389.0,69365.01,69367.69,51.93191,2024-06-09 11:45:00
1717934400000,69367.68,69375.99,69351.11,69364.75,73.98238,2024-06-09 12:00:00
1717935300000,69364.75,69380.0,69360.01,69363.25,68.91327,2024-06-09 12:15:00
1717936200000,69363.25,69527.64,69361.5,69527.45,386.32855,2024-06-09 12:30:00
1717937100000,69527.44,69760.0,69527.44,69712.95,335.50287,2024-06-09 12:45:00
1717938000000,69712.96,69777.0,69613.59,69645.94,295.43207,2024-06-09 13:00:00
1717938900000,69645.94,69645.94,69389.28,69487.15,296.35154,2024-06-09 13:15:00
1717939800000,69487.15,69490.74,69250.01,69393.03,258.97649,2024-06-09 13:30:00
1717940700000,69393.03,69480.0,69376.57,69467.03,666.42404,2024-06-09 13:45:00
1717941600000,69467.04,69547.45,69440.01,69474.32,181.6193,2024-06-09 14:00:00
1717942500000,69474.33,69559.0,69304.97,69329.19,190.74568,2024-06-09 14:15:00
1717943400000,69329.2,69460.01,69264.01,69459.99,210.47124,2024-06-09 14:30:00
1717944300000,69460.0,69495.71,69430.18,69490.12,97.09002,2024-06-09 14:45:00
1717945200000,69490.13,69575.41,69456.0,69540.0,144.94221,2024-06-09 15:00:00
1717946100000,69540.0,69590.37,69420.42,69464.39,358.04242,2024-06-09 15:15:00
1717947000000,69464.4,69559.16,69464.39,69516.01,107.34409,2024-06-09 15:30:00
1717947900000,69516.0,69565.0,69500.1,69508.64,106.13745,2024-06-09 15:45:00
1717948800000,69508.64,69575.0,69500.0,69570.86,106.34136,2024-06-09 16:00:00
1717949700000,69570.87,69616.39,69547.05,69573.67,147.4341,2024-06-09 16:15:00
1717950600000,69573.67,69636.98,69573.67,69580.0,69.0648,2024-06-09 16:30:00
1717951500000,69580.0,69622.88,69552.8,69622.88,63.343,2024-06-09 16:45:00
1717952400000,69622.88,69698.48,69600.0,69685.26,76.56185,2024-06-09 17:00:00
1717953300000,69685.27,69685.27,69584.0,69584.01,80.25897,2024-06-09 17:15:00
1717954200000,69584.0,69629.68,69570.0,69609.19,66.93982,2024-06-09 17:30:00
1717955100000,69609.19,69666.0,69609.18,69660.51,58.00524,2024-06-09 17:45:00
1717956000000,69660.52,69782.9,69611.26,69770.69,422.57824,2024-06-09 18:00:00
1717956900000,69770.68,69848.32,69731.6,69786.71,149.41203,2024-06-09 18:15:00
1717957800000,69786.72,69808.0,69700.01,69700.02,104.82666,2024-06-09 18:30:00
1717958700000,69700.02,69747.6,69681.66,69738.1,78.25508,2024-06-09 18:45:00
1717959600000,69738.09,69829.77,69720.0,69806.8,130.7148,2024-06-09 19:00:00
1717960500000,69806.81,69857.14,69776.0,69850.0,175.45938,2024-06-09 19:15:00
1717961400000,69850.0,69852.0,69673.91,69693.33,157.06744,2024-06-09 19:30:00
1717962300000,69693.33,69737.83,69660.03,69710.26,95.80129,2024-06-09 19:45:00
1717963200000,69710.26,69730.81,69645.57,69661.4,123.5216,2024-06-09 20:00:00
1717964100000,69661.41,69679.99,69624.0,69666.73,85.61629,2024-06-09 20:15:00
1717965000000,69666.74,69666.74,69590.33,69620.84,60.40088,2024-06-09 20:30:00
1717965900000,69620.83,69700.0,69602.19,69686.85,45.83497,2024-06-09 20:45:00
1717966800000,69686.86,69734.7,69677.3,69706.85,56.87689,2024-06-09 21:00:00
1717967700000,69706.86,69727.59,69700.0,69717.0,35.73951,2024-06-09 21:15:00
1717968600000,69717.0,69731.96,69610.0,69688.01,68.18128,2024-06-09 21:30:00
1717969500000,69688.01,69821.53,69688.0,69749.96,114.30569,2024-06-09 21:45:00
1717970400000,69749.95,69787.13,69683.28,69700.35,98.96717,2024-06-09 22:00:00
1717971300000,69700.36,69736.0,69633.34,69633.6,71.51704,2024-06-09 22:15:00
1717972200000,69633.61,69675.84,69633.6,69658.11,58.91679,2024-06-09 22:30:00
1717973100000,69658.11,69663.63,69621.2,69634.35,53.63716,2024-06-09 22:45:00
1717974000000,69634.36,69650.0,69600.0,69608.37,53.65969,2024-06-09 23:00:00
1717974900000,69608.37,69663.62,69596.01,69652.42,53.04648,2024-06-09 23:15:00
1717975800000,69652.42,69684.93,69647.29,69647.3,35.63306,2024-06-09 23:30:00
1717976700000,69647.3,69657.33,69632.4,69648.14,29.0948,2024-06-09 23:45:00
1717977600000,69648.15,69655.11,69525.51,69535.84,143.39059,2024-06-10 00:00:00
1717978500000,69535.84,69543.83,69482.3,69500.0,128.54938,2024-06-10 00:15:00
1717979400000,69500.01,69515.0,69479.93,69490.0,73.00343,2024-06-10 00:30:00
1717980300000,69490.01,69560.0,69426.0,69559.99,105.70329,2024-06-10 00:45:00
1717981200000,69559.99,69599.88,69516.0,69575.73,72.34837,2024-06-10 01:00:00
1717982100000,69575.72,69603.6,69542.51,69578.84,55.04971,2024-06-10 01:15:00
1717983000000,69578.85,69683.52,69565.45,69675.36,192.52641,2024-06-10 01:30:00
1717983900000,69675.36,69686.42,69625.51,69625.52,155.22084,2024-06-10 01:45:00
1717984800000,69625.52,69697.66,69608.4,69697.66,194.32887,2024-06-10 02:00:00
1717985700000,69697.66,69790.0,69697.65,69772.0,203.90937,2024-06-10 02:15:00
1717986600000,69772.01,69801.34,69747.94,69772.93,209.95851,2024-06-10 02:30:00
1717987500000,69772.93,69772.93,69700.0,69716.0,115.15445,2024-06-10 02:45:00
1717988400000,69716.01,69716.01,69667.45,69715.01,96.24295,2024-06-10 03:00:00
1717989300000,69715.01,69767.41,69703.36,69742.05,69.29209,2024-06-10 03:15:00
1717990200000,69742.04,69744.66,69694.98,69694.98,67.17095,2024-06-10 03:30:00
1717991100000,69694.98,69694.99,69574.8,69613.2,104.2459,2024-06-10 03:45:00
1717992000000,69613.2,69638.27,69562.62,69573.21,76.42056,2024-06-10 04:00:00
1717992900000,69573.21,69630.0,69530.95,69629.99,104.27876,2024-06-10 04:15:00
1717993800000,69630.0,69677.5,69629.99,69657.75,64.78099,2024-06-10 04:30:00
1717994700000,69657.75,69674.33,69644.0,69674.33,41.14793,2024-06-10 04:45:00
1717995600000,69674.33,69674.33,69620.0,69620.0,80.29898,2024-06-10 05:00:00
1717996500000,69620.0,69620.01,69550.8,69550.8,74.34745,2024-06-10 05:15:00
1717997400000,69550.81,69594.0,69547.55,69577.89,41.02505,2024-06-10 05:30:00
1717998300000,69577.89,69580.48,69530.0,69580.48,143.10144,2024-06-10 05:45:00
1717999200000,69580.47,69580.48,69493.72,69578.16,217.54543,2024-06-10 06:00:00
1718000100000,69578.17,69618.76,69528.15,69568.66,196.60906,2024-06-10 06:15:00
1718001000000,69568.65,69584.41,69467.38,69505.59,147.97001,2024-06-10 06:30:00
1718001900000,69505.59,69505.6,69301.0,69429.87,239.97982,2024-06-10 06:45:00
1718002800000,69429.87,69447.11,69336.59,69406.75,193.3714,2024-06-10 07:00:00
1718003700000,69406.76,69500.0,69406.76,69460.49,105.17015,2024-06-10 07:15:00
1718004600000,69460.49,69467.99,69323.4,69380.05,118.14688,2024-06-10 07:30:00
1718005500000,69380.05,69380.05,69249.99,69303.99,267.66649,2024-06-10 07:45:00
1718006400000,69304.0,69447.05,69279.35,69420.0,190.27177,2024-06-10 08:00:00
1718007300000,69419.99,69484.39,69419.99,69464.78,121.41652,2024-06-10 08:15:00
1718008200000,69464.79,69494.99,69463.59,69484.73,101.07664,2024-06-10 08:30:00
1718009100000,69484.73,69484.73,69384.1,69387.5,131.87292,2024-06-10 08:45:00
1718010000000,69387.5,69436.3,69335.13,69420.8,120.55181,2024-06-10 09:00:00
1718010900000,69420.79,69422.13,69276.93,69293.46,123.08485,2024-06-10 09:15:00
1718011800000,69293.47,69376.92,69172.29,69368.89,318.39227,2024-06-10 09:30:00
1718012700000,69368.88,69474.39,69368.88,69449.99,200.54293,2024-06-10 09:45:00
1718013600000,69450.0,69470.93,69372.0,69423.4,106.57298,2024-06-10 10:00:00
1718014500000,69423.4,69470.47,69360.4,69361.67,168.11246,2024-06-10 10:15:00
1718015400000,69361.66,69402.7,69357.38,69377.93,76.79264,2024-06-10 10:30:00
1718016300000,69377.94,69440.0,69377.93,69439.99,88.54783,2024-06-10 10:45:00
1718017200000,69439.99,69440.0,69364.74,69371.91,78.48579,2024-06-10 11:00:00
1718018100000,69371.9,69410.0,69371.9,69372.21,51.16128,2024-06-10 11:15:00
1718019000000,69372.22,69550.0,69337.02,69530.46,212.9853,2024-06-10 11:30:00
1718019900000,69530.46,69546.52,69441.04,69473.89,127.42938,2024-06-10 11:45:00
1718020800000,69473.89,69488.0,69355.04,69372.01,116.58781,2024-06-10 12:00:00
1718021700000,69372.01,69520.01,69368.94,69520.0,127.02417,2024-06-10 12:15:00
1718022600000,69520.01,69520.01,69390.99,69402.07,113.05106,2024-06-10 12:30:00
1718023500000,69402.06,69467.96,69331.55,69363.99,98.95147,2024-06-10 12:45:00
1718024400000,69364.0,69405.47,69283.55,69310.0,150.42666,2024-06-10 13:00:00
1718025300000,69310.0,69347.17,69270.0,69333.93,111.81312,2024-06-10 13:15:00
1718026200000,69333.94,69512.9,69201.59,69471.99,345.59145,2024-06-10 13:30:00
1718027100000,69471.99,69495.76,69294.69,69408.21,231.47181,2024-06-10 13:45:00
1718028000000,69408.21,69464.68,69300.01,69344.49,178.57876,2024-06-10 14:00:00
1718028900000,69344.5,69453.41,69326.06,69453.4,92.53721,2024-06-10 14:15:00
1718029800000,69453.41,69656.54,69412.9,69579.99,332.82338,2024-06-10 14:30:00
1718030700000,69579.98,69662.1,69524.09,69662.09,214.90527,2024-06-10 14:45:00
1718031600000,69662.1,69782.0,69612.26,69745.02,273.87332,2024-06-10 15:00:00
1718032500000,69745.02,69988.0,69745.01,69878.08,568.10639,2024-06-10 15:15:00
1718033400000,69878.08,70053.97,69828.7,70004.84,461.28112,2024-06-10 15:30:00
1718034300000,70004.84,70195.94,70000.56,70066.12,787.56268,2024-06-10 15:45:00
1718035200000,70066.12,70105.82,69841.15,69874.04,453.28865,2024-06-10 16:00:00
1718036100000,69874.05,69995.2,69722.0,69805.77,256.32663,2024-06-10 16:15:00
1718037000000,69805.76,70000.0,69723.21,69973.66,225.97943,2024-06-10 16:30:00
1718037900000,69973.66,70027.59,69950.0,69972.17,222.22288,2024-06-10 16:45:00
1718038800000,69972.18,69972.18,69761.89,69879.34,201.44268,2024-06-10 17:00:00
1718039700000,69879.34,69950.0,69801.47,69869.83,130.41379,2024-06-10 17:15:00
1718040600000,69869.82,69918.8,69830.8,69869.99,97.74285,2024-06-10 17:30:00
1718041500000,69869.99,70060.0,69865.38,70043.0,161.65653,2024-06-10 17:45:00
1718042400000,70043.01,70141.1,69862.72,70090.01,685.82605,2024-06-10 18:00:00
1718043300000,70090.0,70118.53,69872.0,69872.0,247.34729,2024-06-10 18:15:00
1718044200000,69872.0,69923.98,69737.56,69911.75,193.86849,2024-06-10 18:30:00
1718045100000,69911.76,69939.98,69860.0,69860.01,72.7559,2024-06-10 18:45:00
1718046000000,69860.01,69860.01,69500.0,69663.99,604.99828,2024-06-10 19:00:00
1718046900000,69663.99,69758.06,69581.72,69758.05,174.22712,2024-06-10 19:15:00
1718047800000,69758.05,69758.06,69666.0,69699.99,126.62887,2024-06-10 19:30:00
1718048700000,69699.99,69700.0,69386.81,69490.8,441.43602,2024-06-10 19:45:00
1718049600000,69490.81,69530.0,69334.46,69364.0,403.34152,2024-06-10 20:00:00
1718050500000,69364.0,69588.23,69340.01,69588.23,218.47367,2024-06-10 20:15:00
1718051400000,69588.22,69659.6,69584.2,69590.0,142.85645,2024-06-10 20:30:00
1718052300000,69590.01,69700.51,69576.43,69632.51,492.02835,2024-06-10 20:45:00
1718053200000,69632.51,69694.68,69611.5,69686.23,101.14451,2024-06-10 21:00:00
1718054100000,69686.22,69686.23,69530.0,69555.61,83.0679,2024-06-10 21:15:00
1718055000000,69555.61,69595.17,69544.09,69595.17,79.31222,2024-06-10 21:30:00
1718055900000,69595.17,69606.5,69580.77,69585.48,69.73588,2024-06-10 21:45:00
1718056800000,69585.49,69592.0,69473.18,69547.49,103.65506,2024-06-10 22:00:00
1718057700000,69547.49,69555.99,69491.41,69548.89,86.33708,2024-06-10 22:15:00
1718058600000,69548.9,69548.9,69424.28,69434.83,88.08502,2024-06-10 22:30:00
1718059500000,69434.84,69495.99,69432.42,69495.99,93.88257,2024-06-10 22:45:00
1718060400000,69495.99,69555.0,69452.47,69452.48,70.30425,2024-06-10 23:00:00
1718061300000,69452.47,69546.37,69400.01,69486.91,93.7697,2024-06-10 23:15:00
1718062200000,69486.91,69529.99,69418.44,69529.99,118.94482,2024-06-10 23:30:00
1718063100000,69529.99,69563.38,69488.53,69540.0,61.73039,2024-06-10 23:45:00
1718064000000,69540.0,69590.01,69495.0,69534.46,154.81333,2024-06-11 00:00:00
1718064900000,69534.46,69564.91,69490.2,69490.2,81.85138,2024-06-11 00:15:00
1718065800000,69490.21,69535.99,69420.0,69434.28,127.27254,2024-06-11 00:30:00
1718066700000,69434.28,69459.96,69400.0,69410.85,77.07937,2024-06-11 00:45:00
1718067600000,69410.86,69499.0,69374.9,69498.99,125.57776,2024-06-11 01:00:00
1718068500000,69498.99,69523.71,69394.12,69439.48,73.67426,2024-06-11 01:15:00
1718069400000,69439.48,69479.16,69372.78,69377.77,140.35744,2024-06-11 01:30:00
1718070300000,69377.77,69436.0,68500.0,68724.01,1762.07005,2024-06-11 01:45:00
1718071200000,68724.0,68922.29,68531.0,68554.03,613.53617,2024-06-11 02:00:00
1718072100000,68554.03,68554.04,67900.0,68155.99,1949.83597,2024-06-11 02:15:00
1718073000000,68155.99,68155.99,67970.0,68084.5,986.17621,2024-06-11 02:30:00
1718073900000,68084.5,68333.0,68053.87,68268.62,688.39217,2024-06-11 02:45:00
1718074800000,68268.62,68395.42,68200.0,68338.82,280.11808,2024-06-11 03:00:00
1718075700000,68338.82,68488.0,68170.0,68453.29,428.47138,2024-06-11 03:15:00
1718076600000,68453.3,68453.85,68329.16,68333.51,249.23502,2024-06-11 03:30:00
1718077500000,68333.51,68467.43,68314.33,68464.0,330.20787,2024-06-11 03:45:00
1718078400000,68464.0,68464.0,67900.0,68044.8,860.62508,2024-06-11 04:00:00
1718079300000,68044.81,68195.02,67617.0,67941.65,1177.45393,2024-06-11 04:15:00
1718080200000,67941.64,68096.0,67637.21,68094.24,754.26027,2024-06-11 04:30:00
1718081100000,68094.24,68116.4,68008.18,68024.04,337.8135,2024-06-11 04:45:00
1718082000000,68024.03,68056.28,67900.0,67910.74,372.57491,2024-06-11 05:00:00
1718082900000,67910.74,68000.0,67829.82,67863.95,337.38423,2024-06-11 05:15:00
1718083800000,67863.94,67895.32,67711.0,67796.0,362.5402,2024-06-11 05:30:00
1718084700000,67796.01,67903.58,67657.03,67903.57,456.66006,2024-06-11 05:45:00
1718085600000,67903.58,67974.49,67869.22,67920.01,287.29722,2024-06-11 06:00:00
1718086500000,67920.0,67920.01,67556.55,67696.28,470.1451,2024-06-11 06:15:00
1718087400000,67696.28,67744.68,67584.04,67700.77,353.70525,2024-06-11 06:30:00
1718088300000,67700.76,67745.33,67325.0,67692.0,684.47344,2024-06-11 06:45:00
1718089200000,67691.99,67820.14,67561.46,67791.61,392.37313,2024-06-11 07:00:00
1718090100000,67791.62,67841.96,67740.0,67841.96,245.22323,2024-06-11 07:15:00
1718091000000,67841.95,67844.76,67571.41,67700.51,442.0196,2024-06-11 07:30:00
1718091900000,67700.51,67734.05,67526.95,67570.18,263.24918,2024-06-11 07:45:00
1718092800000,67570.18,67641.03,67350.47,67360.0,607.53273,2024-06-11 08:00:00
1718093700000,67360.0,67492.09,67284.38,67450.0,450.26042,2024-06-11 08:15:00
1718094600000,67450.0,67624.0,67436.0,67608.04,232.73796,2024-06-11 08:30:00
1718095500000,67608.04,67608.05,67512.0,67516.74,212.31707,2024-06-11 08:45:00
1718096400000,67516.75,67662.49,67503.9,67540.93,220.536,2024-06-11 09:00:00
1718097300000,67540.94,67540.94,67331.18,67378.48,273.91762,2024-06-11 09:15:00
1718098200000,67378.48,67427.99,67166.0,67210.73,648.30845,2024-06-11 09:30:00
1718099100000,67210.74,67253.13,66900.0,67084.34,872.15935,2024-06-11 09:45:00
1718100000000,67084.33,67200.0,66732.0,67155.09,884.51175,2024-06-11 10:00:00
1718100900000,67155.09,67303.46,67132.47,67267.18,452.13202,2024-06-11 10:15:00
1718101800000,67267.18,67267.91,67093.14,67095.58,265.76841,2024-06-11 10:30:00
1718102700000,67095.58,67211.22,66864.58,66961.99,399.84152,2024-06-11 10:45:00
1718103600000,66961.99,67123.13,66762.58,67109.0,656.39665,2024-06-11 11:00:00
1718104500000,67109.0,67109.01,66923.0,66934.68,356.54119,2024-06-11 11:15:00
1718105400000,66934.68,67019.84,66790.0,66998.66,439.6123,2024-06-11 11:30:00
1718106300000,66998.66,67039.44,66840.0,66890.01,309.92542,2024-06-11 11:45:00
1718107200000,66890.0,67194.31,66790.8,67184.6,514.63785,2024-06-11 12:00:00
1718108100000,67184.61,67184.61,66800.0,66807.48,312.57778,2024-06-11 12:15:00
1718109000000,66807.48,67070.49,66807.48,67070.48,340.03852,2024-06-11 12:30:00
1718109900000,67070.48,67163.92,66991.57,67019.99,422.736,2024-06-11 12:45:00
1718110800000,67020.0,67240.16,66855.0,67210.6,410.52121,2024-06-11 13:00:00
1718111700000,67210.59,67278.88,67151.08,67259.65,352.48207,2024-06-11 13:15:00
1718112600000,67259.65,67259.65,66900.0,66969.99,657.27002,2024-06-11 13:30:00
1718113500000,66970.0,67049.99,66568.35,66812.0,1123.15707,2024-06-11 13:45:00
1718114400000,66812.01,67027.43,66776.81,67027.42,609.68748,2024-06-11 14:00:00
1718115300000,67027.42,67027.43,66850.01,66920.62,265.53752,2024-06-11 14:15:00
1718116200000,66920.61,67087.65,66840.01,67060.38,249.44426,2024-06-11 14:30:00
1718117100000,67060.38,67103.42,66851.26,66851.26,292.90348,2024-06-11 14:45:00
1718118000000,66851.27,67067.67,66633.16,67052.02,550.33317,2024-06-11 15:00:00
1718118900000,67052.02,67076.0,66757.0,66862.69,308.05455,2024-06-11 15:15:00
1718119800000,66862.7,66880.0,66051.0,66125.68,1717.25178,2024-06-11 15:30:00
1718120700000,66125.68,66463.34,66125.68,66244.48,1222.99087,2024-06-11 15:45:00
1718121600000,66244.48,66681.24,66161.26,66640.5,795.01476,2024-06-11 16:00:00
1718122500000,66640.5,66691.08,66448.0,66607.98,415.35493,2024-06-11 16:15:00
1718123400000,66607.98,66738.78,66486.96,66655.13,379.27155,2024-06-11 16:30:00
1718124300000,66655.14,66710.29,66325.62,66487.47,407.60669,2024-06-11 16:45:00
1718125200000,66487.48,66644.0,66426.6,66567.73,407.90253,2024-06-11 17:00:00
1718126100000,66567.73,66601.99,66175.0,66295.03,459.80017,2024-06-11 17:15:00
1718127000000,66295.02,66550.33,66272.0,66521.32,357.48792,2024-06-11 17:30:00
1718127900000,66521.31,66805.98,66484.71,66770.99,301.94735,2024-06-11 17:45:00
1718128800000,66771.0,66835.56,66652.39,66815.99,220.992,2024-06-11 18:00:00
1718129700000,66815.99,67055.92,66792.15,66994.63,447.28862,2024-06-11 18:15:00
1718130600000,66994.63,67229.93,66936.87,67189.92,463.38809,2024-06-11 18:30:00
1718131500000,67189.93,67196.0,67037.25,67117.3,475.57558,2024-06-11 18:45:00
1718132400000,67117.31,67275.45,67112.74,67268.01,299.19903,2024-06-11 19:00:00
1718133300000,67268.01,67277.98,67070.51,67164.58,289.42769,2024-06-11 19:15:00
1718134200000,67164.58,67302.13,67158.01,67302.12,205.08853,2024-06-11 19:30:00
1718135100000,67302.13,67586.64,67290.58,67407.01,625.80516,2024-06-11 19:45:00
1718136000000,67407.02,67500.0,67289.06,67448.0,284.63575,2024-06-11 20:00:00
1718136900000,67447.99,67463.99,67257.01,67332.59,210.45305,2024-06-11 20:15:00
1718137800000,67332.6,67332.6,67226.09,67228.02,179.60983,2024-06-11 20:30:00
1718138700000,67228.02,67290.08,67173.92,67290.07,165.31421,2024-06-11 20:45:00
1718139600000,67290.07,67327.09,67253.2,67253.21,134.53924,2024-06-11 21:00:00
1718140500000,67253.21,67316.3,67253.2,67305.77,87.66649,2024-06-11 21:15:00
1718141400000,67305.77,67324.98,67202.26,67324.98,107.18806,2024-06-11 21:30:00
1718142300000,67324.97,67396.62,67324.97,67396.61,85.16935,2024-06-11 21:45:00
1718143200000,67396.61,67527.92,67396.61,67527.92,147.18399,2024-06-11 22:00:00
1718144100000,67528.01,67572.54,67365.38,67384.21,173.47278,2024-06-11 22:15:00
1718145000000,67384.22,67384.22,67311.42,67320.0,95.76044,2024-06-11 22:30:00
1718145900000,67319.99,67375.69,67319.99,67360.22,84.05887,2024-06-11 22:45:00
1718146800000,67360.22,67588.22,67360.22,67482.4,314.00233,2024-06-11 23:00:00
1718147700000,67482.4,67487.99,67349.88,67364.5,113.8996,2024-06-11 23:15:00
1718148600000,67364.5,67388.01,67338.0,67338.0,81.68349,2024-06-11 23:30:00
1718149500000,67338.0,67373.95,67309.91,67314.24,121.63798,2024-06-11 23:45:00
1718150400000,67314.23,67413.29,67292.8,67413.29,160.46438,2024-06-12 00:00:00
1718151300000,67413.29,67436.53,67231.58,67232.0,162.43779,2024-06-12 00:15:00
1718152200000,67232.01,67278.63,67200.72,67278.62,122.68286,2024-06-12 00:30:00
1718153100000,67278.63,67307.06,67183.47,67199.99,119.96485,2024-06-12 00:45:00
1718154000000,67199.99,67240.0,67142.7,67151.0,121.60252,2024-06-12 01:00:00
1718154900000,67151.01,67177.53,66906.25,66979.99,423.29874,2024-06-12 01:15:00
1718155800000,66980.0,67128.0,66905.0,66961.46,182.58156,2024-06-12 01:30:00
1718156700000,66961.45,67187.71,66914.0,67180.01,161.82506,2024-06-12 01:45:00
1718157600000,67180.0,67472.34,67128.08,67390.26,267.32668,2024-06-12 02:00:00
1718158500000,67390.27,67596.15,67390.26,67529.24,203.2097,2024-06-12 02:15:00
1718159400000,67529.25,67558.8,67348.13,67384.03,251.44776,2024-06-12 02:30:00
1718160300000,67384.03,67441.98,67329.74,67415.25,155.48683,2024-06-12 02:45:00
1718161200000,67415.26,67496.25,67382.16,67382.16,270.7933,2024-06-12 03:00:00
1718162100000,67382.17,67448.0,67352.22,67353.22,116.24908,2024-06-12 03:15:00
1718163000000,67353.22,67410.0,67317.77,67409.99,94.50616,2024-06-12 03:30:00
1718163900000,67410.0,67460.0,67352.0,67407.0,108.37613,2024-06-12 03:45:00
1718164800000,67407.01,67550.0,67350.01,67517.7,302.3313,2024-06-12 04:00:00
1718165700000,67517.7,67580.11,67475.46,67540.01,283.26414,2024-06-12 04:15:00
1718166600000,67540.0,67624.89,67525.2,67609.49,256.23287,2024-06-12 04:30:00
1718167500000,67609.48,67609.49,67462.09,67481.59,131.39575,2024-06-12 04:45:00
1718168400000,67481.6,67505.13,67360.0,67406.51,139.2028,2024-06-12 05:00:00
1718169300000,67406.51,67496.12,67370.08,67370.08,110.54235,2024-06-12 05:15:00
1718170200000,67370.08,67418.74,67284.77,67305.56,129.40427,2024-06-12 05:30:00
1718171100000,67305.57,67310.9,67195.97,67243.21,198.62731,2024-06-12 05:45:00
1718172000000,67243.21,67353.15,67243.2,67334.48,145.80002,2024-06-12 06:00:00
1718172900000,67334.49,67381.25,67305.76,67335.97,126.33322,2024-06-12 06:15:00
1718173800000,67335.97,67382.81,67280.0,67359.99,122.07798,2024-06-12 06:30:00
1718174700000,67359.99,67360.0,67269.66,67281.64,126.31684,2024-06-12 06:45:00
1718175600000,67281.63,67333.58,67229.78,67332.91,189.61309,2024-06-12 07:00:00
1718176500000,67332.91,67440.0,67310.0,67383.74,129.14987,2024-06-12 07:15:00
1718177400000,67383.73,67412.0,67341.2,67388.58,159.92382,2024-06-12 07:30:00
1718178300000,67388.58,67500.01,67356.0,67453.63,162.3024,2024-06-12 07:45:00
1718179200000,67453.64,67532.64,67441.64,67532.64,129.5788,2024-06-12 08:00:00
1718180100000,67532.64,67532.64,67396.05,67396.05,176.47031,2024-06-12 08:15:00
1718181000000,67396.05,67459.46,67376.1,67442.25,127.29224,2024-06-12 08:30:00
1718181900000,67442.26,67454.44,67383.99,67393.46,96.9432,2024-06-12 08:45:00
1718182800000,67393.47,67496.0,67353.02,67493.18,163.35549,2024-06-12 09:00:00
1718183700000,67493.18,67493.19,67433.26,67451.76,111.72402,2024-06-12 09:15:00
1718184600000,67451.76,67530.0,67411.9,67529.99,171.7664,2024-06-12 09:30:00
1718185500000,67530.0,67804.0,67510.0,67753.32,458.29433,2024-06-12 09:45:00
1718186400000,67753.33,68019.0,67753.32,67907.59,595.88254,2024-06-12 10:00:00
1718187300000,67907.58,67947.34,67808.35,67859.03,185.78196,2024-06-12 10:15:00
1718188200000,67859.04,67927.88,67792.0,67878.74,127.3375,2024-06-12 10:30:00
1718189100000,67878.74,68059.01,67821.61,67991.98,247.6116,2024-06-12 10:45:00
1718190000000,67991.99,68015.4,67862.21,67892.17,183.57299,2024-06-12 11:00:00
1718190900000,67892.17,67936.81,67808.02,67820.0,155.86124,2024-06-12 11:15:00
1718191800000,67820.01,67872.96,67724.82,67742.15,215.84154,2024-06-12 11:30:00
1718192700000,67742.16,67800.0,67716.22,67778.43,211.40624,2024-06-12 11:45:00
1718193600000,67778.43,67835.22,67736.0,67765.01,279.19315,2024-06-12 12:00:00
1718194500000,67765.01,68010.0,67765.01,68010.0,291.13383,2024-06-12 12:15:00
1718195400000,68010.0,69479.99,68010.0,69417.99,3617.97972,2024-06-12 12:30:00
1718196300000,69417.98,69488.0,69035.42,69339.29,1191.09372,2024-06-12 12:45:00
1718197200000,69339.29,69649.8,69339.29,69361.93,993.43674,2024-06-12 13:00:00
1718198100000,69361.93,69398.44,69084.0,69184.0,780.26639,2024-06-12 13:15:00
1718199000000,69183.99,69487.05,69111.78,69487.05,521.62826,2024-06-12 13:30:00
1718199900000,69487.05,69507.8,69265.91,69320.0,439.771,2024-06-12 13:45:00
1718200800000,69320.01,69623.9,69300.01,69570.01,489.26955,2024-06-12 14:00:00
1718201700000,69570.01,69935.99,69540.0,69867.87,851.14729,2024-06-12 14:15:00
1718202600000,69867.87,69980.0,69714.38,69743.99,638.08715,2024-06-12 14:30:00
1718203500000,69743.99,69975.26,69698.3,69960.57,456.86819,2024-06-12 14:45:00
1718204400000,69960.56,69999.0,69720.85,69808.0,735.09575,2024-06-12 15:00:00
1718205300000,69808.0,69920.0,69722.48,69826.72,275.40927,2024-06-12 15:15:00
1718206200000,69826.73,69826.73,69539.54,69550.01,392.39506,2024-06-12 15:30:00
1718207100000,69550.01,69761.68,69546.74,69734.0,450.86077,2024-06-12 15:45:00
1718208000000,69734.0,69786.46,69666.23,69670.0,296.14312,2024-06-12 16:00:00
1718208900000,69670.01,69676.0,69322.58,69331.1,470.50449,2024-06-12 16:15:00
1718209800000,69331.11,69548.28,69289.5,69510.23,335.10362,2024-06-12 16:30:00
1718210700000,69510.23,69651.97,69510.23,69616.0,220.23078,2024-06-12 16:45:00
1718211600000,69616.01,69675.0,69492.0,69612.44,206.94592,2024-06-12 17:00:00
1718212500000,69612.45,69657.13,69539.53,69657.13,213.32749,2024-06-12 17:15:00
1718213400000,69657.13,69775.8,69565.0,69664.01,416.64492,2024-06-12 17:30:00
1718214300000,69664.02,69862.4,69610.0,69799.99,356.91249,2024-06-12 17:45:00
1718215200000,69800.0,69808.47,68800.0,69180.0,2162.38005,2024-06-12 18:00:00
1718216100000,69180.01,69445.48,69150.12,69196.01,474.98373,2024-06-12 18:15:00
1718217000000,69196.01,69390.0,68856.01,69195.39,794.34303,2024-06-12 18:30:00
1718217900000,69195.39,69208.48,68575.0,68828.01,1157.05822,2024-06-12 18:45:00
1718218800000,68828.0,69037.76,68808.0,68919.96,508.24144,2024-06-12 19:00:00
1718219700000,68919.96,69226.14,68512.0,68530.46,837.07704,2024-06-12 19:15:00
1718220600000,68530.47,68583.2,68061.64,68103.49,1121.28866,2024-06-12 19:30:00
1718221500000,68103.48,68118.45,67250.0,67532.92,2316.837,2024-06-12 19:45:00
1718222400000,67532.92,67818.24,67413.51,67791.36,648.92273,2024-06-12 20:00:00
1718223300000,67791.36,67960.01,67742.5,67940.47,420.04183,2024-06-12 20:15:00
1718224200000,67940.47,68299.87,67900.01,68299.87,573.30717,2024-06-12 20:30:00
1718225100000,68299.86,68312.0,68080.0,68103.97,267.47703,2024-06-12 20:45:00
1718226000000,68103.96,68244.24,68097.91,68244.24,141.86477,2024-06-12 21:00:00
1718226900000,68244.24,68434.64,68205.0,68434.64,174.57001,2024-06-12 21:15:00
1718227800000,68434.63,68667.44,68338.31,68586.26,324.8876,2024-06-12 21:30:00
1718228700000,68586.27,68611.91,68424.88,68536.0,322.28422,2024-06-12 21:45:00
1718229600000,68536.0,68539.99,68411.7,68435.42,174.57595,2024-06-12 22:00:00
1718230500000,68435.43,68435.43,68279.79,68306.53,213.25316,2024-06-12 22:15:00
1718231400000,68306.52,68360.0,68270.92,68291.75,99.34528,2024-06-12 22:30:00
1718232300000,68291.75,68380.0,68272.84,68345.82,104.05386,2024-06-12 22:45:00
1718233200000,68345.81,68347.0,68166.66,68213.76,162.69875,2024-06-12 23:00:00
1718234100000,68213.76,68227.62,68124.0,68216.11,102.37375,2024-06-12 23:15:00
1718235000000,68216.1,68275.94,68176.0,68223.8,81.22557,2024-06-12 23:30:00
1718235900000,68223.8,68270.23,68223.79,68263.99,79.29221,2024-06-12 23:45:00
1718236800000,68263.98,68290.0,68077.04,68093.25,176.70949,2024-06-13 00:00:00
1718237700000,68093.25,68226.48,68005.85,68185.03,164.49121,2024-06-13 00:15:00
1718238600000,68185.03,68239.99,68104.0,68210.07,132.47847,2024-06-13 00:30:00
1718239500000,68210.07,68393.63,68208.64,68330.02,179.56566,2024-06-13 00:45:00
1718240400000,68330.02,68363.35,68226.82,68300.4,104.1657,2024-06-13 01:00:00
1718241300000,68300.4,68318.35,68084.08,68119.92,115.13956,2024-06-13 01:15:00
1718242200000,68119.92,68141.44,68022.57,68120.01,150.22354,2024-06-13 01:30:00
1718243100000,68120.01,68175.99,67910.0,67979.63,275.04621,2024-06-13 01:45:00
1718244000000,67979.63,67998.0,67832.35,67908.0,438.07417,2024-06-13 02:00:00
1718244900000,67908.0,68140.0,67833.0,68100.01,210.09204,2024-06-13 02:15:00
1718245800000,68100.01,68177.0,67769.94,67865.98,448.11096,2024-06-13 02:30:00
1718246700000,67865.98,67922.83,67690.95,67734.81,325.2669,2024-06-13 02:45:00
1718247600000,67734.8,67844.44,67626.67,67830.42,356.36078,2024-06-13 03:00:00
1718248500000,67830.42,67850.08,67399.36,67434.84,615.22375,2024-06-13 03:15:00
1718249400000,67434.84,67494.8,66969.98,67250.01,1129.86284,2024-06-13 03:30:00
1718250300000,67250.0,67478.56,67229.95,67474.94,347.83851,2024-06-13 03:45:00
1718251200000,67474.95,67677.11,67432.0,67636.0,348.45903,2024-06-13 04:00:00
1718252100000,67636.0,67729.41,67604.93,67672.78,328.07337,2024-06-13 04:15:00
1718253000000,67672.77,67672.78,67512.23,67615.02,176.94333,2024-06-13 04:30:00
1718253900000,67615.03,67615.03,67328.0,67328.01,196.56706,2024-06-13 04:45:00
1718254800000,67328.01,67575.75,67328.01,67570.39,209.69953,2024-06-13 05:00:00
1718255700000,67570.39,67631.85,67507.83,67579.83,115.53321,2024-06-13 05:15:00
1718256600000,67579.82,67652.16,67529.34,67650.15,141.94131,2024-06-13 05:30:00
1718257500000,67650.15,67680.0,67536.0,67604.04,174.53365,2024-06-13 05:45:00
1718258400000,67604.04,67614.55,67450.0,67459.99,189.95242,2024-06-13 06:00:00
1718259300000,67459.99,67483.92,67401.29,67470.95,111.96947,2024-06-13 06:15:00
1718260200000,67470.96,67470.96,67300.3,67390.1,173.49827,2024-06-13 06:30:00
1718261100000,67390.1,67575.76,67364.84,67518.57,143.31716,2024-06-13 06:45:00
1718262000000,67518.58,67574.99,67399.99,67564.82,211.18721,2024-06-13 07:00:00
1718262900000,67564.82,67696.44,67541.34,67688.55,175.72359,2024-06-13 07:15:00
1718263800000,67688.56,67698.77,67612.23,67640.02,123.9311,2024-06-13 07:30:00
1718264700000,67640.01,67724.81,67614.09,67724.81,142.42888,2024-06-13 07:45:00
1718265600000,67724.8,67752.06,67660.0,67669.84,175.52505,2024-06-13 08:00:00
1718266500000,67669.83,67678.9,67576.6,67590.48,165.75829,2024-06-13 08:15:00
1718267400000,67590.48,67628.48,67535.32,67598.79,129.26812,2024-06-13 08:30:00
1718268300000,67598.8,67619.17,67508.0,67565.56,139.17438,2024-06-13 08:45:00
1718269200000,67565.57,67569.67,67476.23,67500.01,143.71307,2024-06-13 09:00:00
1718270100000,67500.0,67524.7,67318.2,67385.07,213.21537,2024-06-13 09:15:00
1718271000000,67385.07,67385.07,67192.72,67192.73,355.08631,2024-06-13 09:30:00
1718271900000,67192.72,67445.0,67168.0,67419.86,350.56128,2024-06-13 09:45:00
1718272800000,67419.86,67486.03,67280.23,67298.09,183.41609,2024-06-13 10:00:00
1718273700000,67298.08,67385.52,67230.94,67385.51,181.91087,2024-06-13 10:15:00
1718274600000,67385.51,67594.0,67371.1,67581.08,184.43249,2024-06-13 10:30:00
1718275500000,67581.08,67971.2,67531.91,67820.4,550.04656,2024-06-13 10:45:00
1718276400000,67820.4,67902.04,67733.69,67839.99,366.49255,2024-06-13 11:00:00
1718277300000,67839.98,67930.0,67792.26,67924.28,252.21243,2024-06-13 11:15:00
1718278200000,67924.28,67961.07,67828.0,67860.0,157.94538,2024-06-13 11:30:00
1718279100000,67859.99,67860.0,67648.49,67739.99,213.46145,2024-06-13 11:45:00
1718280000000,67740.0,67860.0,67710.0,67830.01,166.35327,2024-06-13 12:00:00
1718280900000,67830.01,67876.0,67735.36,67854.53,165.48456,2024-06-13 12:15:00
1718281800000,67854.54,68449.3,67615.68,67729.88,1708.68075,2024-06-13 12:30:00
1718282700000,67729.88,67822.3,67439.43,67749.54,616.27944,2024-06-13 12:45:00
1718283600000,67749.54,67827.67,67617.71,67799.99,347.24885,2024-06-13 13:00:00
1718284500000,67800.0,68099.22,67784.01,68033.26,394.79197,2024-06-13 13:15:00
1718285400000,68033.26,68272.0,67963.35,68100.0,644.22825,2024-06-13 13:30:00
1718286300000,68100.0,68100.0,67521.55,67589.99,510.61449,2024-06-13 13:45:00
1718287200000,67590.0,67679.94,67349.83,67443.37,720.4391,2024-06-13 14:00:00
1718288100000,67443.37,67638.06,67150.0,67284.02,523.53498,2024-06-13 14:15:00
1718289000000,67284.02,67739.28,67284.02,67540.01,649.00629,2024-06-13 14:30:00
1718289900000,67540.01,67678.67,67329.33,67365.62,348.29643,2024-06-13 14:45:00
1718290800000,67365.62,67537.87,67248.03,67305.38,339.0337,2024-06-13 15:00:00
1718291700000,67305.38,67312.12,66940.35,66980.02,873.3243,2024-06-13 15:15:00
1718292600000,66980.01,67047.98,66521.35,66608.01,1161.88621,2024-06-13 15:30:00
1718293500000,66608.02,66692.18,66368.76,66470.01,1002.71058,2024-06-13 15:45:00
1718294400000,66470.01,66824.0,66251.78,66708.14,919.30402,2024-06-13 16:00:00
1718295300000,66708.13,66820.0,66568.57,66665.99,441.01103,2024-06-13 16:15:00
1718296200000,66666.0,66760.0,66576.0,66698.09,392.27571,2024-06-13 16:30:00
1718297100000,66698.09,67019.42,66624.94,66976.0,578.13746,2024-06-13 16:45:00
1718298000000,66976.01,67080.13,66840.02,66950.19,355.61842,2024-06-13 17:00:00
1718298900000,66950.19,66960.0,66710.02,66722.86,268.65079,2024-06-13 17:15:00
1718299800000,66722.85,66920.0,66639.47,66872.13,321.64195,2024-06-13 17:30:00
1718300700000,66872.12,66930.0,66779.0,66920.0,183.99182,2024-06-13 17:45:00
1718301600000,66919.99,66962.93,66748.0,66962.93,261.02469,2024-06-13 18:00:00
1718302500000,66962.92,66976.87,66835.89,66868.02,191.7297,2024-06-13 18:15:00
1718303400000,66868.01,66930.0,66693.43,66826.64,175.88005,2024-06-13 18:30:00
1718304300000,66826.64,66920.0,66812.0,66862.99,179.956,2024-06-13 18:45:00
1718305200000,66862.99,66884.0,66709.51,66713.19,179.18566,2024-06-13 19:00:00
1718306100000,66713.2,66878.76,66676.0,66828.93,207.55961,2024-06-13 19:15:00
1718307000000,66828.92,66828.93,66620.1,66703.01,258.11184,2024-06-13 19:30:00
1718307900000,66703.0,66776.0,66588.83,66604.01,177.75453,2024-06-13 19:45:00
1718308800000,66604.01,66810.48,66577.0,66659.99,194.87364,2024-06-13 20:00:00
1718309700000,66659.99,66773.2,66659.98,66691.17,115.91052,2024-06-13 20:15:00
1718310600000,66691.17,66699.12,66530.84,66548.0,187.20121,2024-06-13 20:30:00
1718311500000,66548.0,66712.98,66547.99,66712.98,101.30541,2024-06-13 20:45:00
1718312400000,66712.97,66798.58,66680.14,66739.99,188.97083,2024-06-13 21:00:00
1718313300000,66739.99,66807.02,66690.8,66713.69,114.97056,2024-06-13 21:15:00
1718314200000,66713.7,66882.06,66713.69,66864.61,98.98082,2024-06-13 21:30:00
1718315100000,66864.61,66969.99,66851.35,66969.99,130.07117,2024-06-13 21:45:00
1718316000000,66969.99,66969.99,66881.23,66881.24,126.24748,2024-06-13 22:00:00
1718316900000,66881.24,66920.0,66840.07,66911.54,118.50501,2024-06-13 22:15:00
1718317800000,66911.53,66962.86,66900.0,66952.02,79.80223,2024-06-13 22:30:00
1718318700000,66952.02,66980.0,66858.34,66896.0,92.28665,2024-06-13 22:45:00
1718319600000,66895.99,66895.99,66681.4,66729.34,133.29416,2024-06-13 23:00:00
1718320500000,66729.34,66897.0,66729.33,66885.11,85.81581,2024-06-13 23:15:00
1718321400000,66885.11,66909.26,66809.89,66829.01,84.88477,2024-06-13 23:30:00
1718322300000,66829.0,66859.92,66752.93,66773.01,68.06092,2024-06-13 23:45:00
1718323200000,66773.01,66897.96,66738.75,66755.12,280.73068,2024-06-14 00:00:00
1718324100000,66755.11,66850.0,66658.17,66784.96,215.58235,2024-06-14 00:15:00
1718325000000,66784.96,66799.72,66646.57,66691.66,138.34346,2024-06-14 00:30:00
1718325900000,66691.66,66766.97,66604.6,66727.73,127.63019,2024-06-14 00:45:00
1718326800000,66727.73,66760.0,66547.1,66717.07,203.65982,2024-06-14 01:00:00
1718327700000,66717.07,66752.37,66584.0,66632.38,108.31912,2024-06-14 01:15:00
1718328600000,66632.38,66688.0,66480.0,66637.33,208.50256,2024-06-14 01:30:00
1718329500000,66637.34,66833.1,66628.01,66806.17,144.56394,2024-06-14 01:45:00
1718330400000,66806.17,66859.99,66713.5,66738.66,172.49921,2024-06-14 02:00:00
1718331300000,66738.66,66852.52,66738.65,66795.6,173.11742,2024-06-14 02:15:00
1718332200000,66796.95,66867.06,66784.02,66832.5,135.1889,2024-06-14 02:30:00
1718333100000,66832.5,67027.32,66792.0,66952.0,251.29118,2024-06-14 02:45:00
1718334000000,66952.01,66982.98,66723.96,66762.74,252.90049,2024-06-14 03:00:00
1718334900000,66762.74,66805.8,66717.3,66725.64,84.43541,2024-06-14 03:15:00
1718335800000,66725.64,66778.63,66676.28,66763.46,128.96331,2024-06-14 03:30:00
1718336700000,66763.46,66774.68,66720.0,66744.0,79.20995,2024-06-14 03:45:00
1718337600000,66744.0,66820.79,66743.99,66796.0,101.57489,2024-06-14 04:00:00
1718338500000,66796.0,66833.33,66741.5,66833.32,99.35336,2024-06-14 04:15:00
1718339400000,66833.33,66833.33,66722.81,66727.05,95.7679,2024-06-14 04:30:00
1718340300000,66727.05,66765.0,66717.0,66717.39,62.85127,2024-06-14 04:45:00
1718341200000,66717.38,66805.45,66707.76,66765.01,119.42251,2024-06-14 05:00:00
1718342100000,66765.0,66830.0,66765.0,66830.0,104.789,2024-06-14 05:15:00
1718343000000,66830.0,67150.0,66820.77,67100.0,387.86687,2024-06-14 05:30:00
1718343900000,67100.01,67221.32,67008.0,67052.49,282.22992,2024-06-14 05:45:00
1718344800000,67052.5,67090.0,66956.86,67023.99,193.81128,2024-06-14 06:00:00
1718345700000,67023.99,67124.29,66900.0,66911.01,164.87428,2024-06-14 06:15:00
1718346600000,66911.02,66993.49,66876.0,66976.01,200.17301,2024-06-14 06:30:00
1718347500000,66976.0,67059.09,66940.46,66962.41,172.47477,2024-06-14 06:45:00
1718348400000,66962.4,67038.26,66960.0,67003.8,90.97902,2024-06-14 07:00:00
1718349300000,67003.8,67050.67,66940.0,66941.28,145.47142,2024-06-14 07:15:00
1718350200000,66941.28,66989.63,66910.0,66945.81,199.56688,2024-06-14 07:30:00
1718351100000,66945.81,67110.1,66885.68,66904.98,521.83787,2024-06-14 07:45:00
1718352000000,66904.98,67207.31,66863.46,67188.9,488.09711,2024-06-14 08:00:00
1718352900000,67188.9,67256.32,67100.0,67148.25,288.00764,2024-06-14 08:15:00
1718353800000,67148.25,67179.52,67072.01,67165.26,164.145,2024-06-14 08:30:00
1718354700000,67165.26,67232.0,67130.0,67152.04,244.94397,2024-06-14 08:45:00
1718355600000,67152.04,67152.04,67000.0,67088.0,215.99316,2024-06-14 09:00:00
1718356500000,67088.0,67132.0,67000.0,67066.73,232.25066,2024-06-14 09:15:00
1718357400000,67066.73,67066.73,66899.39,66932.99,253.7904,2024-06-14 09:30:00
1718358300000,66932.99,66979.5,66912.0,66920.01,122.72304,2024-06-14 09:45:00
1718359200000,66920.01,66970.0,66836.54,66953.11,164.17113,2024-06-14 10:00:00
1718360100000,66953.11,67015.92,66866.38,66930.51,238.99259,2024-06-14 10:15:00
1718361000000,66930.51,66940.09,66860.86,66889.86,116.41402,2024-06-14 10:30:00
1718361900000,66889.86,66927.6,66860.0,66873.14,100.90085,2024-06-14 10:45:00
1718362800000,66873.15,66930.0,66746.4,66912.01,277.10331,2024-06-14 11:00:00
1718363700000,66912.0,67063.15,66910.0,67062.42,196.30672,2024-06-14 11:15:00
1718364600000,67062.41,67098.09,67013.14,67013.15,120.4508,2024-06-14 11:30:00
1718365500000,67013.14,67101.0,67000.0,67036.0,159.6432,2024-06-14 11:45:00
1718366400000,67035.99,67159.51,66960.58,67154.38,310.57657,2024-06-14 12:00:00
1718367300000,67154.37,67288.0,67144.66,67194.0,249.90147,2024-06-14 12:15:00
1718368200000,67194.01,67235.89,67050.0,67062.21,206.52784,2024-06-14 12:30:00
1718369100000,67062.21,67096.94,66980.0,67083.3,160.68559,2024-06-14 12:45:00
1718370000000,67083.31,67135.21,66950.0,67029.71,370.39316,2024-06-14 13:00:00
1718370900000,67029.71,67331.18,67029.7,67331.18,363.76434,2024-06-14 13:15:00
1718371800000,67331.18,67370.24,67140.05,67178.05,324.91052,2024-06-14 13:30:00
1718372700000,67178.04,67229.78,67066.2,67070.5,189.74115,2024-06-14 13:45:00
1718373600000,67070.49,67115.25,66944.44,66985.52,376.89301,2024-06-14 14:00:00
1718374500000,66985.52,67035.12,66601.01,66697.73,639.58702,2024-06-14 14:15:00
1718375400000,66697.72,66862.34,66561.3,66850.01,556.85204,2024-06-14 14:30:00
1718376300000,66850.01,67016.51,66773.49,66982.98,367.80982,2024-06-14 14:45:00
1718377200000,66982.98,66994.45,66774.71,66839.26,247.21653,2024-06-14 15:00:00
1718378100000,66839.27,66955.55,66760.55,66909.24,230.37515,2024-06-14 15:15:00
1718379000000,66909.25,67059.46,66645.59,66645.59,312.23165,2024-06-14 15:30:00
1718379900000,66645.59,66680.0,66344.67,66392.0,822.99246,2024-06-14 15:45:00
1718380800000,66392.0,66520.0,65600.0,65851.41,2288.81109,2024-06-14 16:00:00
1718381700000,65851.41,65979.76,65298.8,65323.86,1291.62574,2024-06-14 16:15:00
1718382600000,65323.86,65528.66,65201.0,65288.47,1135.05201,2024-06-14 16:30:00
1718383500000,65288.46,65592.0,65200.87,65293.4,813.23454,2024-06-14 16:45:00
1718384400000,65293.39,65440.0,65078.31,65419.89,627.7527,2024-06-14 17:00:00
1718385300000,65419.89,65556.62,65380.0,65523.19,351.43789,2024-06-14 17:15:00
1718386200000,65523.2,65753.23,65452.0,65522.34,329.98043,2024-06-14 17:30:00
1718387100000,65522.35,65549.99,65328.0,65416.01,300.201,2024-06-14 17:45:00
1718388000000,65416.01,65437.76,65125.59,65144.01,369.3729,2024-06-14 18:00:00
1718388900000,65144.01,65298.38,65078.0,65264.17,459.28583,2024-06-14 18:15:00
1718389800000,65264.17,65465.1,65233.1,65460.73,476.76175,2024-06-14 18:30:00
1718390700000,65460.72,65537.31,65342.46,65524.86,342.36917,2024-06-14 18:45:00
1718391600000,65524.85,65528.0,65340.04,65343.99,275.8564,2024-06-14 19:00:00
1718392500000,65343.99,65683.48,65299.99,65670.52,244.65271,2024-06-14 19:15:00
1718393400000,65670.51,65684.0,65432.0,65459.95,221.76219,2024-06-14 19:30:00
1718394300000,65459.94,65560.0,65400.01,65520.02,155.62118,2024-06-14 19:45:00
1718395200000,65520.02,65655.33,65480.0,65645.93,231.69413,2024-06-14 20:00:00
1718396100000,65645.92,65917.82,65612.23,65904.02,310.1384,2024-06-14 20:15:00
1718397000000,65904.02,65970.23,65726.58,65762.47,222.68957,2024-06-14 20:30:00
1718397900000,65762.46,65766.41,65684.51,65766.41,136.85306,2024-06-14 20:45:00
1718398800000,65766.41,65838.49,65725.77,65730.63,111.95832,2024-06-14 21:00:00
1718399700000,65730.63,66116.0,65730.62,66115.99,359.49892,2024-06-14 21:15:00
1718400600000,66116.0,66627.52,66024.05,66148.41,924.68926,2024-06-14 21:30:00
1718401500000,66148.41,66383.1,66055.47,66196.01,447.00349,2024-06-14 21:45:00
1718402400000,66196.01,66252.0,65882.35,66040.0,514.42068,2024-06-14 22:00:00
1718403300000,66040.0,66060.0,65961.6,65965.2,138.56549,2024-06-14 22:15:00
1718404200000,65965.2,66038.22,65932.01,66027.49,115.6176,2024-06-14 22:30:00
1718405100000,66027.49,66059.13,65996.02,66014.01,100.42621,2024-06-14 22:45:00
1718406000000,66014.01,66014.01,65916.0,65918.04,103.25984,2024-06-14 23:00:00
1718406900000,65918.04,66076.0,65918.03,66004.01,117.52812,2024-06-14 23:15:00
1718407800000,66004.01,66063.69,66000.0,66019.99,68.50159,2024-06-14 23:30:00
1718408700000,66019.99,66081.39,66008.0,66043.99,59.1916,2024-06-14 23:45:00
1718409600000,66043.99,66072.0,65967.5,66049.29,360.80956,2024-06-15 00:00:00
1718410500000,66049.29,66166.5,66036.01,66116.58,129.69551,2024-06-15 00:15:00
1718411400000,66116.57,66208.54,66076.0,66208.54,131.42576,2024-06-15 00:30:00
1718412300000,66208.53,66287.76,66185.06,66185.62,213.448,2024-06-15 00:45:00
1718413200000,66185.62,66290.0,66185.61,66204.0,170.05521,2024-06-15 01:00:00
1718414100000,66204.0,66204.0,66075.11,66104.95,98.94736,2024-06-15 01:15:00
1718415000000,66104.95,66142.0,66064.88,66083.48,55.84336,2024-06-15 01:30:00
1718415900000,66083.48,66130.69,66066.63,66076.01,55.97947,2024-06-15 01:45:00
1718416800000,66076.0,66131.33,66050.32,66131.33,86.13704,2024-06-15 02:00:00
1718417700000,66131.33,66190.12,66131.33,66168.16,70.45926,2024-06-15 02:15:00
1718418600000,66168.16,66253.29,66168.15,66228.02,93.82679,2024-06-15 02:30:00
1718419500000,66228.01,66228.01,66185.84,66215.35,59.7605,2024-06-15 02:45:00
1718420400000,66215.34,66273.88,66215.34,66232.17,100.4468,2024-06-15 03:00:00
1718421300000,66232.17,66248.0,66192.0,66232.93,117.8545,2024-06-15 03:15:00
1718422200000,66232.93,66260.0,66196.33,66260.0,166.44272,2024-06-15 03:30:00
1718423100000,66259.99,66267.87,66228.07,66267.87,97.11719,2024-06-15 03:45:00
1718424000000,66267.87,66370.01,66249.13,66322.37,131.79499,2024-06-15 04:00:00
1718424900000,66322.36,66380.58,66210.0,66220.0,134.25618,2024-06-15 04:15:00
1718425800000,66220.0,66287.68,66210.0,66278.86,76.22818,2024-06-15 04:30:00
1718426700000,66278.86,66336.0,66230.17,66246.85,167.05474,2024-06-15 04:45:00
1718427600000,66246.84,66311.77,66246.84,66309.73,131.556,2024-06-15 05:00:00
1718428500000,66309.72,66389.1,66274.27,66369.25,108.65514,2024-06-15 05:15:00
1718429400000,66369.25,66369.25,66260.0,66318.0,94.83932,2024-06-15 05:30:00
1718430300000,66317.99,66318.0,66215.29,66231.82,124.66888,2024-06-15 05:45:00
1718431200000,66231.81,66416.66,66231.81,66352.0,136.90524,2024-06-15 06:00:00
1718432100000,66351.99,66404.38,66283.39,66311.71,142.61592,2024-06-15 06:15:00
1718433000000,66311.7,66311.71,66225.49,66233.47,170.51184,2024-06-15 06:30:00
1718433900000,66233.46,66238.45,66127.0,66168.57,398.77351,2024-06-15 06:45:00
1718434800000,66168.57,66200.0,66098.2,66134.82,615.22015,2024-06-15 07:00:00
1718435700000,66134.82,66198.69,66099.99,66118.93,178.58845,2024-06-15 07:15:00
1718436600000,66118.92,66136.0,66076.01,66107.99,188.77296,2024-06-15 07:30:00
1718437500000,66107.99,66107.99,66065.8,66076.99,91.03037,2024-06-15 07:45:00
1718438400000,66076.99,66168.45,66076.98,66132.27,100.64439,2024-06-15 08:00:00
1718439300000,66132.27,66197.31,66132.26,66166.6,60.5445,2024-06-15 08:15:00
1718440200000,66166.6,66218.11,66166.59,66193.55,57.90395,2024-06-15 08:30:00
1718441100000,66193.55,66221.31,66169.11,66221.31,66.86799,2024-06-15 08:45:00
1718442000000,66221.31,66273.5,66221.3,66273.5,60.23828,2024-06-15 09:00:00
1718442900000,66273.5,66280.8,66204.94,66204.95,74.29459,2024-06-15 09:15:00
1718443800000,66204.94,66204.95,66086.51,66164.02,121.41885,2024-06-15 09:30:00
1718444700000,66164.01,66227.17,66164.01,66227.0,83.34107,2024-06-15 09:45:00
1718445600000,66227.0,66247.01,66195.91,66195.92,91.27259,2024-06-15 10:00:00
1718446500000,66195.92,66218.87,66195.91,66218.35,87.42166,2024-06-15 10:15:00
1718447400000,66218.35,66298.29,66218.34,66258.97,80.74646,2024-06-15 10:30:00
1718448300000,66258.97,66306.31,66258.96,66300.01,101.9931,2024-06-15 10:45:00
1718449200000,66300.01,66338.95,66264.01,66301.52,200.09108,2024-06-15 11:00:00
1718450100000,66301.52,66348.0,66283.0,66345.01,133.43453,2024-06-15 11:15:00
1718451000000,66345.0,66345.01,66312.27,66312.28,112.41206,2024-06-15 11:30:00
1718451900000,66312.27,66323.99,66277.31,66319.95,61.15269,2024-06-15 11:45:00
1718452800000,66319.94,66352.93,66307.25,66340.01,96.0177,2024-06-15 12:00:00
1718453700000,66340.01,66360.0,66300.0,66300.01,45.35245,2024-06-15 12:15:00
1718454600000,66300.0,66324.0,66222.7,66237.63,94.75947,2024-06-15 12:30:00
1718455500000,66237.62,66359.99,66237.62,66348.01,106.24321,2024-06-15 12:45:00
1718456400000,66348.01,66354.82,66275.01,66286.62,113.62194,2024-06-15 13:00:00
1718457300000,66286.61,66334.57,66286.61,66334.56,63.85571,2024-06-15 13:15:00
1718458200000,66334.56,66346.85,66270.0,66280.0,72.53895,2024-06-15 13:30:00
1718459100000,66279.99,66313.47,66240.11,66313.47,90.38538,2024-06-15 13:45:00
1718460000000,66313.47,66313.47,66231.75,66232.01,90.19702,2024-06-15 14:00:00
1718460900000,66232.01,66275.18,66192.0,66219.18,120.24227,2024-06-15 14:15:00
1718461800000,66219.17,66236.76,66186.03,66231.99,80.51902,2024-06-15 14:30:00
1718462700000,66231.99,66257.86,66153.84,66220.52,273.36231,2024-06-15 14:45:00
1718463600000,66220.51,66358.01,66210.83,66358.01,202.24576,2024-06-15 15:00:00
1718464500000,66358.01,66478.48,66313.42,66324.0,355.21138,2024-06-15 15:15:00
1718465400000,66323.99,66369.81,66248.16,66291.99,148.89052,2024-06-15 15:30:00
1718466300000,66291.99,66321.23,66249.98,66316.02,147.10428,2024-06-15 15:45:00
1718467200000,66316.02,66360.0,66237.41,66264.0,147.02618,2024-06-15 16:00:00
1718468100000,66263.99,66287.53,66236.0,66252.47,77.90138,2024-06-15 16:15:00
1718469000000,66252.46,66279.49,66241.01,66255.0,120.63283,2024-06-15 16:30:00
1718469900000,66255.0,66260.0,66179.99,66184.0,64.90524,2024-06-15 16:45:00
1718470800000,66184.0,66229.99,66133.92,66229.99,130.60394,2024-06-15 17:00:00
1718471700000,66229.99,66279.46,66212.18,66276.01,80.73298,2024-06-15 17:15:00
1718472600000,66276.0,66304.94,66233.21,66283.52,96.03466,2024-06-15 17:30:00
1718473500000,66283.52,66296.0,66250.0,66250.01,119.41732,2024-06-15 17:45:00
1718474400000,66250.0,66250.0,66171.52,66174.27,113.975,2024-06-15 18:00:00
1718475300000,66174.27,66199.78,66148.0,66180.0,101.96887,2024-06-15 18:15:00
1718476200000,66180.0,66180.0,66139.5,66148.0,82.88455,2024-06-15 18:30:00
1718477100000,66147.99,66151.28,66140.02,66145.19,45.22231,2024-06-15 18:45:00
1718478000000,66145.19,66157.6,66071.47,66113.88,88.48011,2024-06-15 19:00:00
1718478900000,66113.87,66174.62,66093.88,66171.61,57.23616,2024-06-15 19:15:00
1718479800000,66171.6,66208.0,66171.6,66184.35,62.5035,2024-06-15 19:30:00
1718480700000,66184.35,66195.39,66154.69,66154.7,42.12206,2024-06-15 19:45:00
1718481600000,66154.7,66170.99,66093.22,66100.0,74.53588,2024-06-15 20:00:00
1718482500000,66100.0,66100.0,65857.1,65984.04,410.07254,2024-06-15 20:15:00
1718483400000,65984.04,66150.01,65984.04,66112.02,138.45447,2024-06-15 20:30:00
1718484300000,66112.01,66142.2,66029.53,66048.02,88.37781,2024-06-15 20:45:00
1718485200000,66048.02,66149.0,66042.85,66113.7,93.20859,2024-06-15 21:00:00
1718486100000,66113.69,66143.99,66090.51,66105.46,46.09292,2024-06-15 21:15:00
1718487000000,66105.45,66114.44,66083.32,66114.44,46.80042,2024-06-15 21:30:00
1718487900000,66114.44,66146.13,66114.43,66126.89,59.08203,2024-06-15 21:45:00
1718488800000,66126.89,66126.89,66064.18,66078.53,63.02411,2024-06-15 22:00:00
1718489700000,66078.52,66094.97,66045.08,66094.2,130.19733,2024-06-15 22:15:00
1718490600000,66094.2,66117.36,66046.98,66117.36,110.92582,2024-06-15 22:30:00
1718491500000,66117.36,66200.0,66117.35,66200.0,46.84607,2024-06-15 22:45:00
1718492400000,66199.99,66258.5,66199.99,66258.5,46.89194,2024-06-15 23:00:00
1718493300000,66258.5,66258.82,66236.2,66256.78,64.89459,2024-06-15 23:15:00
1718494200000,66256.78,66287.76,66250.0,66256.46,38.09898,2024-06-15 23:30:00
1718495100000,66256.45,66256.45,66215.4,66228.25,68.60577,2024-06-15 23:45:00
1718496000000,66228.25,66231.12,66189.9,66202.84,81.68262,2024-06-16 00:00:00
1718496900000,66202.84,66260.0,66202.83,66251.09,57.56239,2024-06-16 00:15:00
1718497800000,66251.08,66269.74,66218.19,66218.49,42.63294,2024-06-16 00:30:00
1718498700000,66218.49,66224.0,66161.95,66161.96,41.7205,2024-06-16 00:45:00
1718499600000,66161.96,66196.0,66102.03,66185.41,96.74737,2024-06-16 01:00:00
1718500500000,66185.4,66218.48,66130.0,66143.0,77.66714,2024-06-16 01:15:00
1718501400000,66143.0,66156.0,66122.77,66129.49,44.40702,2024-06-16 01:30:00
1718502300000,66129.49,66175.68,66121.79,66175.68,37.43702,2024-06-16 01:45:00
1718503200000,66175.68,66177.1,66143.45,66144.03,45.36587,2024-06-16 02:00:00
1718504100000,66144.02,66182.26,66125.04,66181.26,35.81105,2024-06-16 02:15:00
1718505000000,66181.25,66181.26,66160.6,66160.61,28.56647,2024-06-16 02:30:00
1718505900000,66160.6,66160.61,66114.27,66142.86,40.11413,2024-06-16 02:45:00
1718506800000,66142.86,66164.3,66131.36,66139.88,30.91326,2024-06-16 03:00:00
1718507700000,66139.87,66139.88,66124.17,66124.18,25.30781,2024-06-16 03:15:00
1718508600000,66124.18,66144.45,66076.55,66124.91,72.42377,2024-06-16 03:30:00
1718509500000,66124.91,66146.0,66120.0,66146.0,32.2298,2024-06-16 03:45:00
1718510400000,66145.99,66146.0,66106.0,66138.16,32.4653,2024-06-16 04:00:00
1718511300000,66138.15,66138.16,66034.5,66083.09,75.03963,2024-06-16 04:15:00
1718512200000,66083.08,66199.0,66083.0,66199.0,52.04682,2024-06-16 04:30:00
1718513100000,66199.0,66207.72,66160.0,66166.02,43.57219,2024-06-16 04:45:00
1718514000000,66166.02,66220.0,66166.01,66184.01,56.74464,2024-06-16 05:00:00
1718514900000,66184.01,66226.99,66184.0,66217.75,67.09185,2024-06-16 05:15:00
1718515800000,66217.75,66247.1,66200.38,66200.39,102.5337,2024-06-16 05:30:00
1718516700000,66200.39,66264.0,66200.38,66264.0,66.40569,2024-06-16 05:45:00
1718517600000,66264.0,66280.0,66223.67,66223.68,82.06524,2024-06-16 06:00:00
1718518500000,66223.67,66247.21,66222.73,66222.74,79.13501,2024-06-16 06:15:00
1718519400000,66222.74,66223.62,66178.77,66200.95,94.26704,2024-06-16 06:30:00
1718520300000,66200.95,66360.18,66200.94,66312.01,164.65473,2024-06-16 06:45:00
1718521200000,66312.01,66357.97,66304.0,66314.89,91.8852,2024-06-16 07:00:00
1718522100000,66314.88,66314.89,66280.0,66290.0,67.54877,2024-06-16 07:15:00
1718523000000,66290.0,66296.31,66264.83,66264.84,60.90088,2024-06-16 07:30:00
1718523900000,66264.83,66270.0,66252.0,66266.3,43.61052,2024-06-16 07:45:00
1718524800000,66266.3,66293.1,66250.0,66284.01,48.89147,2024-06-16 08:00:00
1718525700000,66284.0,66340.0,66276.52,66330.72,59.21598,2024-06-16 08:15:00
1718526600000,66330.72,66330.72,66286.5,66286.51,53.24688,2024-06-16 08:30:00
1718527500000,66286.5,66286.51,66241.64,66272.51,54.02725,2024-06-16 08:45:00
1718528400000,66272.51,66350.0,66202.69,66202.7,230.28814,2024-06-16 09:00:00
1718529300000,66202.69,66428.45,66172.5,66384.51,522.63887,2024-06-16 09:15:00
1718530200000,66384.5,66402.35,66321.5,66336.74,89.60763,2024-06-16 09:30:00
1718531100000,66336.73,66409.97,66336.73,66409.97,37.47044,2024-06-16 09:45:00
1718532000000,66409.97,66449.49,66372.47,66372.48,131.68638,2024-06-16 10:00:00
1718532900000,66372.47,66418.77,66372.47,66417.88,83.30639,2024-06-16 10:15:00
1718533800000,66417.87,66628.42,66408.17,66600.01,320.32032,2024-06-16 10:30:00
1718534700000,66600.0,66770.0,66528.92,66716.31,310.71594,2024-06-16 10:45:00
1718535600000,66716.31,66742.39,66597.52,66672.14,132.53689,2024-06-16 11:00:00
1718536500000,66672.14,66672.14,66554.85,66554.85,110.93439,2024-06-16 11:15:00
1718537400000,66554.86,66643.08,66540.38,66540.46,77.14136,2024-06-16 11:30:00
1718538300000,66540.46,66555.7,66435.15,66492.83,133.75052,2024-06-16 11:45:00
1718539200000,66492.83,66539.65,66480.0,66496.01,78.15016,2024-06-16 12:00:00
1718540100000,66496.01,66630.0,66496.0,66598.9,106.28416,2024-06-16 12:15:00
1718541000000,66598.9,66642.2,66509.13,66536.0,86.18123,2024-06-16 12:30:00
1718541900000,66535.99,66597.48,66509.13,66597.47,45.18865,2024-06-16 12:45:00
1718542800000,66597.48,66678.68,66570.0,66620.01,96.5323,2024-06-16 13:00:00
1718543700000,66620.0,66709.67,66620.0,66692.1,122.57195,2024-06-16 13:15:00
1718544600000,66692.1,66692.1,66560.0,66646.01,218.05241,2024-06-16 13:30:00
1718545500000,66646.01,66762.5,66646.0,66762.49,119.70086,2024-06-16 13:45:00
1718546400000,66762.49,66793.72,66673.08,66768.01,186.34873,2024-06-16 14:00:00
1718547300000,66768.01,66784.0,66529.29,66570.01,202.12502,2024-06-16 14:15:00
1718548200000,66570.0,66611.73,66532.0,66611.73,110.09012,2024-06-16 14:30:00
1718549100000,66611.72,66632.5,66504.0,66519.02,156.66072,2024-06-16 14:45:00
1718550000000,66519.01,66606.03,66512.06,66603.36,70.69229,2024-06-16 15:00:00
1718550900000,66603.36,66679.99,66570.0,66604.0,77.27417,2024-06-16 15:15:00
1718551800000,66603.99,66680.0,66582.2,66680.0,89.62089,2024-06-16 15:30:00
1718552700000,66679.99,66723.0,66640.0,66712.8,88.85293,2024-06-16 15:45:00
1718553600000,66712.8,66744.71,66607.0,66660.0,108.29819,2024-06-16 16:00:00
1718554500000,66659.99,66668.0,66596.0,66637.58,77.05107,2024-06-16 16:15:00
1718555400000,66637.58,66652.0,66557.2,66573.02,96.33109,2024-06-16 16:30:00
1718556300000,66573.02,66609.18,66566.0,66592.19,71.52342,2024-06-16 16:45:00
1718557200000,66592.19,66615.3,66522.0,66615.29,150.30533,2024-06-16 17:00:00
1718558100000,66615.3,66669.99,66604.26,66604.27,77.65221,2024-06-16 17:15:00
1718559000000,66604.26,66604.26,66540.49,66556.0,89.55917,2024-06-16 17:30:00
1718559900000,66556.0,66580.0,66530.73,66578.02,54.82795,2024-06-16 17:45:00
1718560800000,66578.02,66614.71,66573.51,66593.36,88.96683,2024-06-16 18:00:00
1718561700000,66593.35,66654.72,66590.82,66654.72,58.30074,2024-06-16 18:15:00
1718562600000,66654.72,66669.95,66623.34,66628.0,54.16349,2024-06-16 18:30:00
1718563500000,66628.0,66628.0,66590.0,66590.01,35.95193,2024-06-16 18:45:00
1718564400000,66590.01,66632.96,66590.0,66621.77,36.40367,2024-06-16 19:00:00
1718565300000,66621.76,66647.69,66600.0,66600.01,37.86649,2024-06-16 19:15:00
1718566200000,66600.0,66600.01,66522.0,66552.0,55.44369,2024-06-16 19:30:00
1718567100000,66552.0,66568.0,66538.91,66562.52,47.82004,2024-06-16 19:45:00
1718568000000,66562.52,66575.92,66461.25,66528.38,86.02985,2024-06-16 20:00:00
1718568900000,66528.38,66620.01,66510.0,66609.33,91.77316,2024-06-16 20:15:00
1718569800000,66609.33,66609.33,66553.79,66570.0,49.90648,2024-06-16 20:30:00
1718570700000,66570.0,66570.0,66484.67,66517.55,81.29245,2024-06-16 20:45:00
1718571600000,66517.54,66535.18,66484.93,66529.05,50.15824,2024-06-16 21:00:00
1718572500000,66529.05,66529.05,66506.76,66520.0,31.79117,2024-06-16 21:15:00
1718573400000,66520.0,66541.53,66460.0,66463.75,58.20848,2024-06-16 21:30:00
1718574300000,66463.74,66533.94,66463.74,66525.0,49.14453,2024-06-16 21:45:00
1718575200000,66525.01,66998.7,66525.0,66733.01,645.56787,2024-06-16 22:00:00
1718576100000,66733.0,66734.45,66599.75,66734.45,212.88969,2024-06-16 22:15:00
1718577000000,66734.45,66789.75,66664.01,66670.01,209.55885,2024-06-16 22:30:00
1718577900000,66670.01,66797.43,66665.01,66755.99,78.75123,2024-06-16 22:45:00
1718578800000,66755.99,66826.13,66703.28,66703.29,137.17818,2024-06-16 23:00:00
1718579700000,66703.29,66740.0,66631.4,66638.11,70.94056,2024-06-16 23:15:00
1718580600000,66638.11,66673.61,66634.45,66673.61,83.61042,2024-06-16 23:30:00
1718581500000,66673.61,66689.61,66650.0,66676.87,94.59395,2024-06-16 23:45:00
1718582400000,66676.86,66686.77,66549.37,66665.53,436.32676,2024-06-17 00:00:00
1718583300000,66665.52,66753.29,66604.01,66753.29,62.43105,2024-06-17 00:15:00
1718584200000,66753.28,66913.69,66753.28,66812.88,131.96906,2024-06-17 00:30:00
1718585100000,66812.87,66812.87,66550.0,66583.96,104.83186,2024-06-17 00:45:00
1718586000000,66583.96,66610.0,66535.28,66604.58,78.54368,2024-06-17 01:00:00
1718586900000,66604.57,66607.46,66234.26,66414.01,495.84514,2024-06-17 01:15:00
1718587800000,66414.01,66470.0,66326.0,66334.0,107.7767,2024-06-17 01:30:00
1718588700000,66334.0,66528.6,66334.0,66472.26,279.80414,2024-06-17 01:45:00
1718589600000,66472.25,66480.0,66330.86,66415.42,245.16639,2024-06-17 02:00:00
1718590500000,66415.42,66459.73,66213.71,66269.99,346.00158,2024-06-17 02:15:00
1718591400000,66269.99,66395.45,66245.45,66364.01,386.51733,2024-06-17 02:30:00
1718592300000,66364.0,66400.0,66328.5,66344.02,98.99316,2024-06-17 02:45:00
1718593200000,66344.01,66431.36,66332.25,66403.99,89.8009,2024-06-17 03:00:00
1718594100000,66403.98,66420.0,66307.16,66344.01,143.75448,2024-06-17 03:15:00
1718595000000,66344.0,66354.0,66244.63,66320.0,125.66483,2024-06-17 03:30:00
1718595900000,66319.99,66364.0,66155.0,66222.0,173.95461,2024-06-17 03:45:00
1718596800000,66222.0,66297.07,66170.77,66250.01,193.2726,2024-06-17 04:00:00
1718597700000,66250.01,66384.0,66234.0,66358.01,115.70827,2024-06-17 04:15:00
1718598600000,66358.01,66385.83,66336.01,66364.01,125.49068,2024-06-17 04:30:00
1718599500000,66364.0,66447.88,66346.0,66447.88,62.84929,2024-06-17 04:45:00
1718600400000,66447.88,66509.92,66391.98,66508.77,95.42484,2024-06-17 05:00:00
1718601300000,66508.76,66567.68,66468.0,66534.01,132.85708,2024-06-17 05:15:00
1718602200000,66534.01,66553.3,66452.0,66454.35,64.63888,2024-06-17 05:30:00
1718603100000,66454.35,66454.35,66295.0,66351.62,183.48629,2024-06-17 05:45:00
1718604000000,66351.62,66398.0,66250.01,66261.76,162.96792,2024-06-17 06:00:00
1718604900000,66261.75,66327.99,66154.59,66306.02,260.7341,2024-06-17 06:15:00
1718605800000,66306.02,66316.6,66199.0,66200.85,143.37098,2024-06-17 06:30:00
1718606700000,66200.85,66228.0,66080.0,66132.4,270.22084,2024-06-17 06:45:00
1718607600000,66132.4,66185.0,65939.67,65988.24,375.22501,2024-06-17 07:00:00
1718608500000,65988.24,66304.0,65944.44,66290.02,310.06672,2024-06-17 07:15:00
1718609400000,66290.02,66376.0,66176.0,66200.13,223.63276,2024-06-17 07:30:00
1718610300000,66200.12,66283.99,66158.52,66172.0,123.10716,2024-06-17 07:45:00
1718611200000,66172.0,66312.0,66120.0,66312.0,126.58247,2024-06-17 08:00:00
1718612100000,66312.0,66317.64,66165.92,66168.02,94.27535,2024-06-17 08:15:00
1718613000000,66168.01,66195.62,65984.01,66188.01,287.26534,2024-06-17 08:30:00
1718613900000,66188.0,66270.86,66130.0,66194.51,222.13141,2024-06-17 08:45:00
1718614800000,66194.5,66237.46,66113.4,66113.41,156.9211,2024-06-17 09:00:00
1718615700000,66113.4,66211.99,66102.01,66211.99,145.54386,2024-06-17 09:15:00
1718616600000,66211.98,66250.01,66020.02,66020.03,210.32853,2024-06-17 09:30:00
1718617500000,66020.02,66046.0,65645.34,65722.08,748.15412,2024-06-17 09:45:00
1718618400000,65722.07,65843.36,65605.0,65784.12,512.1528,2024-06-17 10:00:00
1718619300000,65784.12,65806.09,65556.0,65586.02,359.97819,2024-06-17 10:15:00
1718620200000,65586.02,65850.0,65586.01,65850.0,202.8267,2024-06-17 10:30:00
1718621100000,65849.99,65960.01,65814.77,65890.0,319.0245,2024-06-17 10:45:00
1718622000000,65890.01,66051.5,65866.02,65965.99,286.83002,2024-06-17 11:00:00
1718622900000,65965.99,65965.99,65876.0,65953.16,148.51425,2024-06-17 11:15:00
1718623800000,65953.16,65953.16,65800.03,65872.01,161.48157,2024-06-17 11:30:00
1718624700000,65872.0,65893.55,65796.01,65817.2,113.41982,2024-06-17 11:45:00
1718625600000,65817.2,65827.9,65702.38,65703.7,289.66137,2024-06-17 12:00:00
1718626500000,65703.7,65790.0,65630.0,65701.29,180.02142,2024-06-17 12:15:00
1718627400000,65701.28,65723.14,65578.0,65660.62,196.42817,2024-06-17 12:30:00
1718628300000,65660.61,65660.61,65500.0,65625.01,200.59842,2024-06-17 12:45:00
1718629200000,65625.49,65729.87,65458.0,65713.47,348.49908,2024-06-17 13:00:00
1718630100000,65713.46,65807.05,65642.0,65704.0,245.56661,2024-06-17 13:15:00
1718631000000,65704.0,65718.0,65364.0,65410.02,640.4442,2024-06-17 13:30:00
1718631900000,65410.02,65466.01,65189.0,65200.01,513.36793,2024-06-17 13:45:00
1718632800000,65200.0,65450.27,65130.0,65355.99,468.97115,2024-06-17 14:00:00
1718633700000,65355.99,65565.91,65355.98,65550.03,252.6477,2024-06-17 14:15:00
1718634600000,65550.03,65746.74,65493.39,65730.0,304.27513,2024-06-17 14:30:00
1718635500000,65730.0,65790.0,65383.79,65472.98,356.45001,2024-06-17 14:45:00
1718636400000,65472.98,65788.73,65432.0,65544.44,476.55083,2024-06-17 15:00:00
1718637300000,65544.44,65553.58,65252.0,65406.35,342.79553,2024-06-17 15:15:00
1718638200000,65406.35,65580.29,65339.65,65580.29,244.69312,2024-06-17 15:30:00
1718639100000,65580.28,65666.66,65239.97,65368.0,292.7651,2024-06-17 15:45:00
1718640000000,65368.0,65553.82,65319.99,65499.98,307.22128,2024-06-17 16:00:00
1718640900000,65499.99,65857.55,65138.0,65829.45,995.8186,2024-06-17 16:15:00
1718641800000,65828.02,65995.83,65722.8,65947.97,450.38624,2024-06-17 16:30:00
1718642700000,65947.97,66056.65,65786.0,65898.0,311.4077,2024-06-17 16:45:00
1718643600000,65898.01,66146.0,65898.0,66054.68,292.84167,2024-06-17 17:00:00
1718644500000,66054.69,66140.0,65957.28,65970.5,245.0476,2024-06-17 17:15:00
1718645400000,65970.5,66563.88,65970.5,66470.01,966.14818,2024-06-17 17:30:00
1718646300000,66470.01,66607.28,66274.0,66607.28,432.51284,2024-06-17 17:45:00
1718647200000,66607.27,66997.0,66550.03,66874.95,991.71568,2024-06-17 18:00:00
1718648100000,66874.94,67069.57,66871.12,67013.99,689.40038,2024-06-17 18:15:00
1718649000000,67014.0,67298.81,66670.26,66810.0,914.02119,2024-06-17 18:30:00
1718649900000,66810.01,67117.64,66767.52,67101.48,608.44231,2024-06-17 18:45:00
1718650800000,67101.48,67114.0,66760.0,66844.01,341.96608,2024-06-17 19:00:00
1718651700000,66844.0,66940.91,66710.31,66920.13,281.42361,2024-06-17 19:15:00
1718652600000,66920.13,66920.13,66780.0,66797.78,189.12321,2024-06-17 19:30:00
1718653500000,66797.77,66818.22,66562.68,66691.99,262.60638,2024-06-17 19:45:00
1718654400000,66691.99,66764.7,66164.01,66234.49,833.98404,2024-06-17 20:00:00
1718655300000,66234.5,66557.98,66225.54,66557.97,219.0422,2024-06-17 20:15:00
1718656200000,66557.98,66637.59,66402.7,66620.0,167.49962,2024-06-17 20:30:00
1718657100000,66620.0,66651.13,66338.02,66397.94,204.92347,2024-06-17 20:45:00
1718658000000,66397.94,66577.55,66306.46,66488.0,209.80509,2024-06-17 21:00:00
1718658900000,66487.99,66635.65,66450.0,66579.36,173.75264,2024-06-17 21:15:00
1718659800000,66579.37,66717.9,66566.27,66572.89,147.69595,2024-06-17 21:30:00
1718660700000,66572.89,66670.47,66503.13,66572.0,86.27366,2024-06-17 21:45:00
1718661600000,66572.0,66681.99,66502.48,66664.0,120.77569,2024-06-17 22:00:00
1718662500000,66664.0,66699.45,66512.16,66524.02,143.75999,2024-06-17 22:15:00
1718663400000,66524.02,66609.02,66482.0,66601.11,85.64749,2024-06-17 22:30:00
1718664300000,66601.11,66702.99,66576.32,66656.0,86.07865,2024-06-17 22:45:00
1718665200000,66656.01,66714.81,66543.44,66568.0,134.89995,2024-06-17 23:00:00
1718666100000,66568.0,66629.1,66473.07,66483.99,109.20085,2024-06-17 23:15:00
1718667000000,66484.0,66509.0,66451.0,66477.45,336.81034,2024-06-17 23:30:00
1718667900000,66477.45,66552.0,66392.79,66504.33,446.33504,2024-06-17 23:45:00
1718668800000,66504.33,66588.23,66366.36,66403.72,164.83347,2024-06-18 00:00:00
1718669700000,66403.72,66438.89,66262.22,66342.89,198.83227,2024-06-18 00:15:00
1718670600000,66342.89,66500.0,66026.81,66045.07,340.42948,2024-06-18 00:30:00
1718671500000,66045.07,66054.82,65485.71,65749.99,1160.94532,2024-06-18 00:45:00
1718672400000,65749.98,65966.11,65709.99,65722.02,403.14776,2024-06-18 01:00:00
1718673300000,65722.01,65817.97,65262.0,65428.99,807.94184,2024-06-18 01:15:00
1718674200000,65428.98,65543.5,64641.7,64641.71,2181.63858,2024-06-18 01:30:00
1718675100000,64641.71,65182.95,64600.0,65133.99,1368.47504,2024-06-18 01:45:00
1718676000000,65133.99,65189.97,64569.0,64858.01,1274.98483,2024-06-18 02:00:00
1718676900000,64858.0,65400.0,64788.0,65304.12,736.55749,2024-06-18 02:15:00
1718677800000,65304.12,65593.97,65264.54,65308.11,767.40843,2024-06-18 02:30:00
1718678700000,65308.11,65653.68,65268.22,65467.43,473.80955,2024-06-18 02:45:00
1718679600000,65467.42,65534.33,65268.0,65363.08,370.35022,2024-06-18 03:00:00
1718680500000,65363.07,65454.59,65310.32,65454.59,288.96013,2024-06-18 03:15:00
1718681400000,65454.59,65573.05,65380.0,65528.97,220.04085,2024-06-18 03:30:00
1718682300000,65528.97,65575.16,65462.01,65500.0,283.01032,2024-06-18 03:45:00
1718683200000,65500.0,65582.26,65344.24,65582.25,307.45137,2024-06-18 04:00:00
1718684100000,65582.26,65769.25,65544.37,65704.0,399.91487,2024-06-18 04:15:00
1718685000000,65704.0,65719.74,65582.05,65700.0,198.1932,2024-06-18 04:30:00
1718685900000,65700.0,65734.0,65556.21,65574.21,196.49183,2024-06-18 04:45:00
1718686800000,65574.21,65793.1,65558.0,65730.01,215.86491,2024-06-18 05:00:00
1718687700000,65730.01,65820.0,65650.95,65798.01,280.3655,2024-06-18 05:15:00
1718688600000,65798.0,65845.47,65686.53,65722.0,213.21009,2024-06-18 05:30:00
1718689500000,65722.0,65745.36,65555.0,65596.01,338.71412,2024-06-18 05:45:00
1718690400000,65596.01,65699.13,65592.57,65683.75,324.30552,2024-06-18 06:00:00
1718691300000,65683.75,65732.16,65505.99,65558.08,366.41867,2024-06-18 06:15:00
1718692200000,65558.08,65642.0,65476.0,65542.86,280.45948,2024-06-18 06:30:00
1718693100000,65542.86,65561.55,65389.44,65500.0,303.74032,2024-06-18 06:45:00
1718694000000,65499.99,65600.0,65499.99,65566.47,163.80993,2024-06-18 07:00:00
1718694900000,65566.47,65744.34,65489.56,65656.0,292.52922,2024-06-18 07:15:00
1718695800000,65655.99,65769.23,65586.88,65769.23,239.4848,2024-06-18 07:30:00
1718696700000,65769.23,65800.0,65635.97,65672.51,219.37482,2024-06-18 07:45:00
1718697600000,65672.51,65746.0,65624.84,65686.01,167.40244,2024-06-18 08:00:00
1718698500000,65686.0,65686.0,65601.72,65606.88,113.91426,2024-06-18 08:15:00
1718699400000,65606.88,65720.0,65588.0,65720.0,104.93342,2024-06-18 08:30:00
1718700300000,65720.0,65750.01,65680.61,65727.53,142.79927,2024-06-18 08:45:00
1718701200000,65727.54,65727.54,65666.0,65712.0,139.54541,2024-06-18 09:00:00
1718702100000,65712.0,65712.0,65550.0,65612.03,216.51232,2024-06-18 09:15:00
1718703000000,65612.03,65652.6,65564.23,65604.01,162.29256,2024-06-18 09:30:00
1718703900000,65604.0,65629.55,65439.97,65469.92,209.3083,2024-06-18 09:45:00
1718704800000,65469.92,65498.8,65344.99,65380.17,373.61073,2024-06-18 10:00:00
1718705700000,65380.18,65529.41,65352.14,65529.4,211.29997,2024-06-18 10:15:00
1718706600000,65529.4,65612.84,65464.0,65510.01,153.70406,2024-06-18 10:30:00
1718707500000,65510.01,65510.01,65412.25,65435.52,165.67273,2024-06-18 10:45:00
1718708400000,65435.51,65487.83,65261.48,65311.29,334.92058,2024-06-18 11:00:00
1718709300000,65311.29,65348.99,65190.93,65190.94,465.9868,2024-06-18 11:15:00
1718710200000,65190.93,65324.14,65100.0,65242.11,495.66856,2024-06-18 11:30:00
1718711100000,65242.11,65461.46,65211.42,65366.0,274.58421,2024-06-18 11:45:00
1718712000000,65366.0,65433.97,65158.0,65158.0,307.75922,2024-06-18 12:00:00
1718712900000,65158.0,65265.44,65001.0,65026.0,468.83366,2024-06-18 12:15:00
1718713800000,65026.01,65352.31,65006.0,65079.36,727.35484,2024-06-18 12:30:00
1718714700000,65079.36,65275.99,65051.85,65231.95,429.06653,2024-06-18 12:45:00
1718715600000,65231.95,65268.0,64811.11,65001.92,893.79503,2024-06-18 13:00:00
1718716500000,65001.92,65162.53,64823.5,64898.02,602.92641,2024-06-18 13:15:00
1718717400000,64898.02,65037.53,64638.06,64912.01,855.62637,2024-06-18 13:30:00
1718718300000,64912.01,64981.59,64658.3,64844.0,708.4434,2024-06-18 13:45:00
1718719200000,64844.01,64875.88,64359.92,64867.24,1809.13279,2024-06-18 14:00:00
1718720100000,64867.75,65198.82,64863.02,65086.01,745.13768,2024-06-18 14:15:00
1718721000000,65086.01,65406.0,65018.34,65189.99,614.25422,2024-06-18 14:30:00
1718721900000,65189.99,65283.99,64574.61,64633.99,612.24431,2024-06-18 14:45:00
1718722800000,64634.0,64749.2,64261.12,64413.8,895.09662,2024-06-18 15:00:00
1718723700000,64416.0,64770.11,64360.0,64449.23,712.15951,2024-06-18 15:15:00
1718724600000,64449.22,64820.03,64449.22,64812.0,502.3421,2024-06-18 15:30:00
1718725500000,64812.0,64929.95,64492.16,64706.0,511.33908,2024-06-18 15:45:00
1718726400000,64705.99,64868.98,64458.0,64466.02,589.64542,2024-06-18 16:00:00
1718727300000,64466.01,64635.52,64336.0,64635.52,563.62164,2024-06-18 16:15:00
1718728200000,64635.51,64643.39,64530.21,64541.8,347.64639,2024-06-18 16:30:00
1718729100000,64541.79,64711.57,64340.9,64700.99,551.98902,2024-06-18 16:45:00
1718730000000,64700.99,64904.91,64583.19,64790.0,377.20902,2024-06-18 17:00:00
1718730900000,64790.01,64832.0,64452.45,64479.99,400.44221,2024-06-18 17:15:00
1718731800000,64480.0,64801.0,64400.0,64800.0,512.41372,2024-06-18 17:30:00
1718732700000,64800.0,64800.0,64592.0,64610.0,202.26918,2024-06-18 17:45:00
1718733600000,64609.99,64791.71,64321.0,64712.0,571.30253,2024-06-18 18:00:00
1718734500000,64712.0,64808.29,64700.0,64749.19,234.08113,2024-06-18 18:15:00
1718735400000,64749.18,64867.88,64622.33,64816.0,236.51917,2024-06-18 18:30:00
1718736300000,64815.99,64819.22,64626.41,64678.01,198.70569,2024-06-18 18:45:00
1718737200000,64678.0,64738.83,64407.39,64462.01,429.94684,2024-06-18 19:00:00
1718738100000,64462.02,64665.25,64400.0,64572.0,291.40647,2024-06-18 19:15:00
1718739000000,64571.99,64601.99,64371.0,64390.18,304.89197,2024-06-18 19:30:00
1718739900000,64390.18,64544.79,64060.0,64412.19,1162.8412,2024-06-18 19:45:00
1718740800000,64412.18,64683.85,64178.1,64433.62,1071.89733,2024-06-18 20:00:00
1718741700000,64433.62,64589.11,64404.01,64479.27,224.83859,2024-06-18 20:15:00
1718742600000,64479.26,64647.05,64346.0,64593.95,217.26377,2024-06-18 20:30:00
1718743500000,64593.95,65048.21,64593.94,64936.51,680.40376,2024-06-18 20:45:00
1718744400000,64936.5,65030.0,64797.48,65023.75,235.83874,2024-06-18 21:00:00
1718745300000,65023.75,65216.54,64952.9,64988.01,470.24523,2024-06-18 21:15:00
1718746200000,64988.02,65147.83,64926.0,65087.18,167.8699,2024-06-18 21:30:00
1718747100000,65087.18,65305.0,65087.18,65220.02,208.33327,2024-06-18 21:45:00
1718748000000,65220.02,65263.51,65052.44,65128.0,284.44133,2024-06-18 22:00:00
1718748900000,65127.99,65242.0,65122.0,65144.0,177.97129,2024-06-18 22:15:00
1718749800000,65144.0,65300.0,65097.74,65273.11,151.63338,2024-06-18 22:30:00
1718750700000,65273.1,65299.02,65214.68,65279.99,163.43064,2024-06-18 22:45:00
1718751600000,65279.99,65279.99,65120.07,65148.0,160.88013,2024-06-18 23:00:00
1718752500000,65148.0,65248.0,65147.99,65159.99,214.30895,2024-06-18 23:15:00
1718753400000,65160.0,65172.81,65070.0,65092.89,220.89159,2024-06-18 23:30:00
1718754300000,65092.89,65220.88,65056.29,65175.32,215.56132,2024-06-18 23:45:00
1718755200000,65175.32,65195.56,64994.95,65048.51,306.02656,2024-06-19 00:00:00
1718756100000,65048.5,65066.0,64855.96,64891.02,340.65598,2024-06-19 00:15:00
1718757000000,64891.02,65010.64,64884.0,64992.01,118.12479,2024-06-19 00:30:00
1718757900000,64992.0,65225.89,64980.0,65142.54,275.11317,2024-06-19 00:45:00
1718758800000,65142.53,65449.0,65135.98,65345.48,780.34664,2024-06-19 01:00:00
1718759700000,65345.47,65500.0,65176.0,65176.01,482.42648,2024-06-19 01:15:00
1718760600000,65176.0,65206.79,64915.99,64970.99,518.85194,2024-06-19 01:30:00
1718761500000,64970.99,65059.76,64810.62,65035.59,377.31867,2024-06-19 01:45:00
1718762400000,65035.59,65261.68,65012.0,65186.01,236.55007,2024-06-19 02:00:00
1718763300000,65186.01,65476.84,65186.0,65462.01,263.4205,2024-06-19 02:15:00
1718764200000,65462.0,65489.43,65230.0,65240.14,251.27831,2024-06-19 02:30:00
1718765100000,65240.15,65398.99,65167.22,65327.94,233.23326,2024-06-19 02:45:00
1718766000000,65327.94,65450.0,65296.01,65330.0,225.48382,2024-06-19 03:00:00
1718766900000,65330.0,65571.58,65282.0,65477.16,279.19139,2024-06-19 03:15:00
1718767800000,65477.16,65603.91,65407.57,65512.84,342.82556,2024-06-19 03:30:00
1718768700000,65512.84,65529.45,65392.16,65404.0,231.31948,2024-06-19 03:45:00
1718769600000,65404.0,65666.0,65349.99,65616.01,433.05769,2024-06-19 04:00:00
1718770500000,65616.01,65727.54,65544.0,65597.72,339.86311,2024-06-19 04:15:00
1718771400000,65597.71,65620.0,65480.0,65503.38,170.93538,2024-06-19 04:30:00
1718772300000,65503.39,65546.63,65422.44,65425.56,227.51257,2024-06-19 04:45:00
1718773200000,65425.56,65533.23,65415.35,65446.49,189.51339,2024-06-19 05:00:00
1718774100000,65446.49,65473.58,65335.0,65466.0,195.43443,2024-06-19 05:15:00
1718775000000,65466.0,65557.13,65465.99,65466.01,109.39989,2024-06-19 05:30:00
1718775900000,65466.0,65537.15,65395.51,65413.09,124.68163,2024-06-19 05:45:00
1718776800000,65413.09,65539.01,65400.0,65498.01,151.4939,2024-06-19 06:00:00
1718777700000,65498.01,65549.38,65463.55,65480.0,147.39289,2024-06-19 06:15:00
1718778600000,65479.99,65599.0,65454.54,65518.22,196.75404,2024-06-19 06:30:00
1718779500000,65518.21,65600.0,65502.02,65599.99,211.79548,2024-06-19 06:45:00
1718780400000,65600.0,65656.24,65502.02,65536.01,253.46298,2024-06-19 07:00:00
1718781300000,65536.02,65536.02,65216.72,65238.0,497.02062,2024-06-19 07:15:00
1718782200000,65238.0,65365.62,65158.05,65300.0,212.85124,2024-06-19 07:30:00
1718783100000,65299.99,65362.77,65299.99,65326.89,138.03984,2024-06-19 07:45:00
1718784000000,65326.89,65356.0,65201.25,65207.93,183.01923,2024-06-19 08:00:00
1718784900000,65207.92,65262.83,65180.0,65186.91,145.90206,2024-06-19 08:15:00
1718785800000,65186.9,65245.34,65102.0,65164.01,208.08052,2024-06-19 08:30:00
1718786700000,65164.01,65202.55,65117.1,65183.89,155.85246,2024-06-19 08:45:00
1718787600000,65183.89,65270.0,65177.18,65224.83,96.64945,2024-06-19 09:00:00
1718788500000,65224.83,65249.4,65072.0,65161.11,236.64644,2024-06-19 09:15:00
1718789400000,65161.11,65185.1,65090.0,65104.91,108.92682,2024-06-19 09:30:00
1718790300000,65104.92,65306.66,65104.91,65306.65,359.85979,2024-06-19 09:45:00
1718791200000,65306.66,65340.0,65182.6,65182.6,194.49451,2024-06-19 10:00:00
1718792100000,65182.6,65215.5,65132.09,65151.99,118.21455,2024-06-19 10:15:00
1718793000000,65152.0,65300.0,65151.99,65285.0,114.7859,2024-06-19 10:30:00
1718793900000,65285.0,65520.0,65236.52,65520.0,284.89292,2024-06-19 10:45:00
1718794800000,65520.0,65544.0,65352.95,65394.02,151.97753,2024-06-19 11:00:00
1718795700000,65394.02,65460.0,65354.0,65459.99,122.82631,2024-06-19 11:15:00
1718796600000,65460.0,65487.03,65000.0,65195.18,883.7641,2024-06-19 11:30:00
1718797500000,65195.18,65220.0,65047.2,65210.0,485.83253,2024-06-19 11:45:00
1718798400000,65210.0,65310.02,65109.99,65109.99,207.39036,2024-06-19 12:00:00
1718799300000,65110.0,65174.27,65030.48,65132.02,145.47697,2024-06-19 12:15:00
1718800200000,65132.02,65187.61,65036.01,65102.01,143.92049,2024-06-19 12:30:00
1718801100000,65102.0,65214.0,65056.0,65192.21,132.31,2024-06-19 12:45:00
1718802000000,65192.21,65245.21,65123.37,65142.98,170.96658,2024-06-19 13:00:00
1718802900000,65142.98,65192.0,65120.0,65176.0,141.33337,2024-06-19 13:15:00
1718803800000,65176.0,65176.0,65054.0,65160.0,148.878,2024-06-19 13:30:00
1718804700000,65160.0,65190.0,65058.0,65090.22,119.10274,2024-06-19 13:45:00
1718805600000,65090.22,65141.89,64970.46,64996.0,375.46157,2024-06-19 14:00:00
1718806500000,64995.99,65029.17,64854.0,64900.0,375.07567,2024-06-19 14:15:00
1718807400000,64899.99,64975.25,64832.57,64974.01,210.37591,2024-06-19 14:30:00
1718808300000,64974.02,65060.29,64897.09,64952.02,261.89623,2024-06-19 14:45:00
1718809200000,64952.02,65129.57,64910.32,65098.01,159.93299,2024-06-19 15:00:00
1718810100000,65098.0,65106.0,64950.68,64950.69,90.84949,2024-06-19 15:15:00
1718811000000,64950.69,64969.99,64837.99,64888.3,236.92205,2024-06-19 15:30:00
1718811900000,64888.29,64935.23,64756.28,64922.0,310.8051,2024-06-19 15:45:00
1718812800000,64921.99,64982.6,64807.35,64907.31,225.14696,2024-06-19 16:00:00
1718813700000,64907.3,65100.03,64850.0,65074.24,235.47194,2024-06-19 16:15:00
1718814600000,65074.23,65100.0,65003.23,65052.98,131.03821,2024-06-19 16:30:00
1718815500000,65052.97,65087.59,64899.01,64922.26,209.93221,2024-06-19 16:45:00
1718816400000,64922.26,65140.0,64894.25,65116.52,259.42491,2024-06-19 17:00:00
1718817300000,65116.51,65284.37,65040.02,65177.01,353.41241,2024-06-19 17:15:00
1718818200000,65177.01,65177.01,65044.18,65069.99,171.46422,2024-06-19 17:30:00
1718819100000,65070.0,65125.32,65048.01,65083.99,89.23926,2024-06-19 17:45:00
1718820000000,65083.99,65158.79,65050.0,65095.4,93.04036,2024-06-19 18:00:00
1718820900000,65095.4,65158.0,65070.0,65072.77,99.56012,2024-06-19 18:15:00
1718821800000,65072.76,65099.99,65030.0,65065.21,148.47158,2024-06-19 18:30:00
1718822700000,65065.2,65068.87,64964.06,64973.0,123.85487,2024-06-19 18:45:00
1718823600000,64973.0,64985.49,64901.13,64924.62,116.66836,2024-06-19 19:00:00
1718824500000,64924.63,64933.9,64818.34,64842.45,130.18386,2024-06-19 19:15:00
1718825400000,64842.46,64924.72,64792.0,64837.46,121.57305,2024-06-19 19:30:00
1718826300000,64837.47,64904.74,64791.76,64882.01,78.81819,2024-06-19 19:45:00
1718827200000,64882.02,64910.0,64805.1,64805.1,109.81271,2024-06-19 20:00:00
1718828100000,64805.1,64865.32,64666.0,64857.02,271.64863,2024-06-19 20:15:00
1718829000000,64857.02,64933.74,64758.89,64782.68,114.4479,2024-06-19 20:30:00
1718829900000,64782.67,64884.03,64735.39,64874.76,95.03484,2024-06-19 20:45:00
1718830800000,64874.76,65000.0,64836.98,64989.89,96.9132,2024-06-19 21:00:00
1718831700000,64989.89,65057.12,64939.23,65046.0,122.06385,2024-06-19 21:15:00
1718832600000,65045.99,65087.76,65015.59,65074.14,69.99211,2024-06-19 21:30:00
1718833500000,65074.15,65074.15,65001.17,65004.38,64.35923,2024-06-19 21:45:00
1718834400000,65004.38,65048.23,64943.07,64951.45,101.2252,2024-06-19 22:00:00
1718835300000,64951.45,65025.99,64936.01,64986.0,50.23333,2024-06-19 22:15:00
1718836200000,64985.99,64994.98,64940.0,64966.0,84.61444,2024-06-19 22:30:00
1718837100000,64966.0,64966.0,64836.0,64836.01,69.23383,2024-06-19 22:45:00
1718838000000,64836.01,64930.0,64805.01,64930.0,79.48334,2024-06-19 23:00:00
1718838900000,64930.0,64942.0,64871.63,64913.44,43.3244,2024-06-19 23:15:00
1718839800000,64913.44,64915.06,64816.58,64878.0,66.71029,2024-06-19 23:30:00
1718840700000,64877.99,64995.19,64862.38,64974.37,90.59961,2024-06-19 23:45:00
1718841600000,64974.37,65000.82,64818.72,65000.0,477.51612,2024-06-20 00:00:00
1718842500000,65000.0,65000.0,64868.0,64900.5,119.44811,2024-06-20 00:15:00
1718843400000,64900.51,65059.64,64866.23,65024.5,204.86585,2024-06-20 00:30:00
1718844300000,65024.49,65100.36,64891.05,65098.01,241.36488,2024-06-20 00:45:00
1718845200000,65098.0,65169.0,65033.02,65166.01,116.61604,2024-06-20 01:00:00
1718846100000,65166.01,65294.09,65100.39,65269.74,168.68562,2024-06-20 01:15:00
1718847000000,65269.74,65407.4,65170.0,65247.01,272.86186,2024-06-20 01:30:00
1718847900000,65247.02,65265.92,65056.3,65158.56,158.85435,2024-06-20 01:45:00
1718848800000,65158.57,65164.96,64960.0,65045.64,242.21882,2024-06-20 02:00:00
1718849700000,65045.65,65210.01,64980.85,65152.0,186.38153,2024-06-20 02:15:00
1718850600000,65152.01,65237.11,65090.0,65137.26,131.93589,2024-06-20 02:30:00
1718851500000,65137.26,65197.45,65094.32,65197.45,67.19898,2024-06-20 02:45:00
1718852400000,65197.45,65223.88,65092.74,65115.02,97.61015,2024-06-20 03:00:00
1718853300000,65115.01,65152.74,65092.0,65152.74,48.55498,2024-06-20 03:15:00
1718854200000,65152.74,65219.51,65148.02,65185.07,95.72579,2024-06-20 03:30:00
1718855100000,65185.07,65244.21,65139.73,65189.99,134.28781,2024-06-20 03:45:00
1718856000000,65190.0,65194.25,65070.91,65080.7,125.64961,2024-06-20 04:00:00
1718856900000,65080.7,65187.94,65080.69,65156.49,74.84774,2024-06-20 04:15:00
1718857800000,65156.5,65260.24,65146.01,65154.0,131.4081,2024-06-20 04:30:00
1718858700000,65153.99,65338.72,65140.81,65306.01,147.61971,2024-06-20 04:45:00
1718859600000,65306.01,65395.42,65252.0,65320.01,195.90858,2024-06-20 05:00:00
1718860500000,65320.0,65380.6,65268.0,65360.88,139.85919,2024-06-20 05:15:00
1718861400000,65360.87,65450.0,65360.0,65395.92,186.27308,2024-06-20 05:30:00
1718862300000,65395.92,65613.3,65395.92,65513.93,275.95838,2024-06-20 05:45:00
1718863200000,65513.93,65635.83,65472.65,65594.59,308.56523,2024-06-20 06:00:00
1718864100000,65594.58,65596.0,65480.0,65541.63,261.96667,2024-06-20 06:15:00
1718865000000,65541.62,65630.0,65500.0,65500.01,143.56728,2024-06-20 06:30:00
1718865900000,65500.0,65526.99,65386.0,65465.24,104.26797,2024-06-20 06:45:00
1718866800000,65465.24,65582.46,65465.23,65582.45,152.53721,2024-06-20 07:00:00
1718867700000,65582.44,65966.0,65582.44,65854.01,572.02013,2024-06-20 07:15:00
1718868600000,65854.02,65967.39,65788.24,65852.0,259.50794,2024-06-20 07:30:00
1718869500000,65852.0,65900.01,65812.07,65858.84,138.53227,2024-06-20 07:45:00
1718870400000,65858.84,65927.48,65757.56,65784.0,257.68217,2024-06-20 08:00:00
1718871300000,65784.0,65825.07,65718.95,65760.01,155.13983,2024-06-20 08:15:00
1718872200000,65760.01,65794.44,65603.33,65700.0,177.97651,2024-06-20 08:30:00
1718873100000,65699.99,65735.99,65620.0,65690.63,109.34639,2024-06-20 08:45:00
1718874000000,65690.63,65730.42,65640.04,65640.49,172.52352,2024-06-20 09:00:00
1718874900000,65640.49,65686.0,65559.45,65625.0,205.19865,2024-06-20 09:15:00
1718875800000,65624.99,65750.32,65613.99,65657.33,209.73668,2024-06-20 09:30:00
1718876700000,65657.32,65750.0,65632.0,65719.99,138.84413,2024-06-20 09:45:00
1718877600000,65719.99,65732.81,65646.0,65715.93,117.37113,2024-06-20 10:00:00
1718878500000,65715.92,65755.0,65668.62,65720.0,103.53328,2024-06-20 10:15:00
1718879400000,65720.0,65820.0,65719.99,65782.0,92.60653,2024-06-20 10:30:00
1718880300000,65782.01,66287.49,65780.06,66209.49,556.45005,2024-06-20 10:45:00
1718881200000,66209.49,66441.99,66109.38,66403.97,509.0115,2024-06-20 11:00:00
1718882100000,66403.96,66462.01,66293.5,66416.81,308.23573,2024-06-20 11:15:00
1718883000000,66416.82,66482.94,66146.9,66203.55,358.18181,2024-06-20 11:30:00
1718883900000,66203.56,66235.29,66137.29,66169.85,244.85923,2024-06-20 11:45:00
1718884800000,66169.86,66300.5,66069.51,66109.11,305.3798,2024-06-20 12:00:00
1718885700000,66109.1,66140.0,65864.88,66046.0,427.83208,2024-06-20 12:15:00
1718886600000,66046.0,66160.0,65888.88,66018.58,332.07692,2024-06-20 12:30:00
1718887500000,66018.57,66124.32,65936.0,65979.99,217.23302,2024-06-20 12:45:00
1718888400000,65979.99,65998.0,65757.71,65778.01,605.16563,2024-06-20 13:00:00
1718889300000,65778.01,65798.1,65200.0,65361.97,976.53408,2024-06-20 13:15:00
1718890200000,65361.98,65482.41,65158.73,65399.9,624.65058,2024-06-20 13:30:00
1718891100000,65399.91,65493.96,65136.22,65142.65,444.75643,2024-06-20 13:45:00
1718892000000,65142.65,65188.99,64781.77,64832.01,680.20155,2024-06-20 14:00:00
1718892900000,64832.0,65065.0,64658.06,65065.0,671.28646,2024-06-20 14:15:00
1718893800000,65064.99,65148.84,64862.0,64876.0,357.13925,2024-06-20 14:30:00
1718894700000,64876.0,65025.12,64800.16,64952.02,270.74355,2024-06-20 14:45:00
1718895600000,64952.02,64997.01,64788.4,64996.72,490.89164,2024-06-20 15:00:00
1718896500000,64996.71,64998.32,64809.72,64824.05,375.87506,2024-06-20 15:15:00
1718897400000,64824.04,65118.97,64814.94,65074.0,244.75695,2024-06-20 15:30:00
1718898300000,65074.0,65126.91,64830.67,64831.23,307.24405,2024-06-20 15:45:00
1718899200000,64831.24,64859.13,64602.88,64753.87,609.19694,2024-06-20 16:00:00
1718900100000,64753.86,64807.68,64559.15,64680.01,326.25835,2024-06-20 16:15:00
1718901000000,64680.0,64910.0,64560.21,64855.42,395.20677,2024-06-20 16:30:00
1718901900000,64855.42,64950.0,64816.99,64888.0,221.78854,2024-06-20 16:45:00
1718902800000,64887.99,64916.97,64703.34,64892.0,158.03255,2024-06-20 17:00:00
1718903700000,64891.99,64918.0,64719.41,64761.28,194.90068,2024-06-20 17:15:00
1718904600000,64761.28,64825.01,64714.0,64737.99,213.68105,2024-06-20 17:30:00
1718905500000,64737.99,65027.26,64690.79,64970.02,212.2792,2024-06-20 17:45:00
1718906400000,64970.01,65110.81,64940.0,64990.0,234.19924,2024-06-20 18:00:00
1718907300000,64989.99,65217.21,64980.0,65177.57,207.17727,2024-06-20 18:15:00
1718908200000,65177.56,65183.13,65004.0,65065.99,167.22774,2024-06-20 18:30:00
1718909100000,65065.99,65157.11,65044.0,65116.01,103.62868,2024-06-20 18:45:00
1718910000000,65116.01,65116.01,65008.16,65055.32,146.5641,2024-06-20 19:00:00
1718910900000,65055.33,65103.48,64830.0,65092.01,218.34881,2024-06-20 19:15:00
1718911800000,65092.02,65100.0,64950.51,65050.01,647.68196,2024-06-20 19:30:00
1718912700000,65050.01,65076.02,64930.01,65050.0,1152.27935,2024-06-20 19:45:00
1718913600000,65049.99,65200.11,65043.27,65100.01,514.09851,2024-06-20 20:00:00
1718914500000,65100.01,65153.07,65030.89,65038.0,124.58673,2024-06-20 20:15:00
1718915400000,65038.0,65070.0,65001.97,65065.61,60.24324,2024-06-20 20:30:00
1718916300000,65065.62,65129.76,65061.19,65099.99,77.81633,2024-06-20 20:45:00
1718917200000,65100.0,65125.56,65080.01,65111.29,107.32189,2024-06-20 21:00:00
1718918100000,65111.3,65182.67,65104.0,65182.66,54.41352,2024-06-20 21:15:00
1718919000000,65182.66,65188.23,65043.78,65085.91,65.24202,2024-06-20 21:30:00
1718919900000,65085.92,65085.92,65040.51,65050.46,45.0542,2024-06-20 21:45:00
1718920800000,65050.47,65150.48,65040.89,65134.2,95.69467,2024-06-20 22:00:00
1718921700000,65134.2,65134.2,65040.51,65040.52,42.46509,2024-06-20 22:15:00
1718922600000,65040.52,65040.52,64984.27,64995.07,72.84447,2024-06-20 22:30:00
1718923500000,64995.07,65027.8,64970.0,64989.95,77.28738,2024-06-20 22:45:00
1718924400000,64989.95,65064.42,64985.15,64985.16,157.5616,2024-06-20 23:00:00
1718925300000,64985.15,65020.53,64954.0,64963.33,106.36974,2024-06-20 23:15:00
1718926200000,64963.33,64966.93,64931.62,64936.96,174.06815,2024-06-20 23:30:00
1718927100000,64936.95,64947.7,64848.7,64869.99,250.69148,2024-06-20 23:45:00
1718928000000,64869.99,64928.14,64704.72,64723.82,284.12188,2024-06-21 00:00:00
1718928900000,64723.81,64885.0,64635.49,64838.61,200.283,2024-06-21 00:15:00
1718929800000,64838.61,64940.0,64759.99,64895.46,151.40017,2024-06-21 00:30:00
1718930700000,64895.45,64895.46,64755.39,64832.0,116.21549,2024-06-21 00:45:00
1718931600000,64832.0,64940.0,64655.17,64671.74,473.82947,2024-06-21 01:00:00
1718932500000,64671.75,64920.0,64664.56,64919.99,224.90887,2024-06-21 01:15:00
1718933400000,64920.0,65015.4,64903.64,64903.64,131.02365,2024-06-21 01:30:00
1718934300000,64903.65,64979.99,64900.01,64967.98,108.42407,2024-06-21 01:45:00
1718935200000,64967.99,65066.66,64883.32,64932.0,197.41277,2024-06-21 02:00:00
1718936100000,64931.99,64940.79,64880.53,64902.24,74.52809,2024-06-21 02:15:00
1718937000000,64902.23,64919.99,64721.01,64818.45,149.33035,2024-06-21 02:30:00
1718937900000,64818.44,64826.81,64730.9,64786.0,134.318,2024-06-21 02:45:00
1718938800000,64786.0,64822.01,64731.1,64816.13,143.55116,2024-06-21 03:00:00
1718939700000,64816.12,64832.75,64770.0,64780.01,121.04791,2024-06-21 03:15:00
1718940600000,64780.01,64794.31,64645.24,64748.09,192.14082,2024-06-21 03:30:00
1718941500000,64748.09,64775.97,64345.0,64506.14,448.56368,2024-06-21 03:45:00
1718942400000,64506.15,64567.0,64318.0,64541.99,446.07506,2024-06-21 04:00:00
1718943300000,64541.99,64648.96,64512.75,64595.99,146.22816,2024-06-21 04:15:00
1718944200000,64595.99,64640.0,64574.8,64640.0,105.45309,2024-06-21 04:30:00
1718945100000,64640.0,64673.02,64590.08,64670.0,134.41533,2024-06-21 04:45:00
1718946000000,64670.0,64675.0,64520.0,64538.1,186.2701,2024-06-21 05:00:00
1718946900000,64538.1,64587.83,64508.0,64587.83,132.49785,2024-06-21 05:15:00
1718947800000,64587.83,64648.0,64568.69,64580.35,120.89974,2024-06-21 05:30:00
1718948700000,64580.35,64681.02,64574.37,64661.47,84.42527,2024-06-21 05:45:00
1718949600000,64661.47,64736.0,64627.49,64735.99,215.58092,2024-06-21 06:00:00
1718950500000,64735.99,64736.1,64599.02,64639.87,198.24221,2024-06-21 06:15:00
1718951400000,64639.87,64700.97,64619.69,64632.0,87.24756,2024-06-21 06:30:00
1718952300000,64631.99,64661.99,64562.5,64627.64,126.41942,2024-06-21 06:45:00
1718953200000,64627.64,64699.99,64612.0,64679.72,147.78608,2024-06-21 07:00:00
1718954100000,64679.72,64739.09,64673.59,64739.08,113.60786,2024-06-21 07:15:00
1718955000000,64739.07,64739.07,64554.47,64554.48,150.43922,2024-06-21 07:30:00
1718955900000,64554.47,64555.65,64190.76,64201.63,621.50738,2024-06-21 07:45:00
1718956800000,64201.63,64368.0,64187.03,64290.97,348.11309,2024-06-21 08:00:00
1718957700000,64290.96,64372.15,64238.15,64242.89,213.17624,2024-06-21 08:15:00
1718958600000,64242.88,64298.06,64123.41,64234.01,273.09757,2024-06-21 08:30:00
1718959500000,64234.01,64242.0,63522.75,63639.64,1515.58986,2024-06-21 08:45:00
1718960400000,63639.64,63812.0,63564.37,63694.02,494.62051,2024-06-21 09:00:00
1718961300000,63694.02,63915.44,63601.03,63899.98,456.00591,2024-06-21 09:15:00
1718962200000,63899.97,64300.0,63857.14,64125.0,522.29715,2024-06-21 09:30:00
1718963100000,64125.0,64284.46,64071.97,64100.0,330.15644,2024-06-21 09:45:00
1718964000000,64100.0,64174.0,63938.77,63969.99,274.27985,2024-06-21 10:00:00
1718964900000,63969.99,64044.86,63904.48,63914.58,203.40347,2024-06-21 10:15:00
1718965800000,63914.57,64048.25,63814.0,63976.99,215.83469,2024-06-21 10:30:00
1718966700000,63976.99,64019.63,63890.0,63896.02,162.97663,2024-06-21 10:45:00
1718967600000,63896.02,64060.01,63874.02,63980.0,244.18891,2024-06-21 11:00:00
1718968500000,63980.0,64013.91,63937.26,63980.84,305.35103,2024-06-21 11:15:00
1718969400000,63980.83,63981.99,63685.94,63726.6,283.20644,2024-06-21 11:30:00
1718970300000,63726.6,63820.01,63672.55,63770.0,273.95907,2024-06-21 11:45:00
1718971200000,63770.01,63929.98,63574.0,63608.14,320.07136,2024-06-21 12:00:00
1718972100000,63608.14,63760.0,63505.0,63758.06,376.15026,2024-06-21 12:15:00
1718973000000,63758.05,63812.6,63620.02,63705.67,253.31881,2024-06-21 12:30:00
1718973900000,63705.67,63862.15,63585.84,63827.39,329.09363,2024-06-21 12:45:00
1718974800000,63827.39,63856.86,63649.12,63732.01,291.14416,2024-06-21 13:00:00
1718975700000,63732.01,63853.66,63564.45,63634.64,405.36698,2024-06-21 13:15:00
1718976600000,63634.64,63879.07,63395.37,63804.02,832.48705,2024-06-21 13:30:00
1718977500000,63804.01,63804.01,63379.35,63615.21,802.22195,2024-06-21 13:45:00
1718978400000,63615.21,63819.99,63452.47,63819.99,550.58457,2024-06-21 14:00:00
1718979300000,63819.98,64129.8,63809.22,64028.74,619.44782,2024-06-21 14:15:00
1718980200000,64028.74,64242.51,64016.3,64100.01,358.44627,2024-06-21 14:30:00
1718981100000,64100.0,64360.0,64085.78,64222.84,776.3936,2024-06-21 14:45:00
1718982000000,64222.83,64353.54,64167.87,64180.02,508.723,2024-06-21 15:00:00
1718982900000,64180.02,64180.02,63873.0,63921.76,360.71002,2024-06-21 15:15:00
1718983800000,63921.76,63980.32,63486.8,63499.56,638.80126,2024-06-21 15:30:00
1718984700000,63499.56,63791.18,63445.41,63732.02,495.56648,2024-06-21 15:45:00
1718985600000,63732.02,63838.71,63584.58,63653.04,291.63659,2024-06-21 16:00:00
1718986500000,63653.04,63820.13,63628.0,63709.54,386.57134,2024-06-21 16:15:00
1718987400000,63709.54,63805.75,63682.0,63752.13,242.66731,2024-06-21 16:30:00
1718988300000,63752.12,63779.82,63564.56,63657.29,214.19054,2024-06-21 16:45:00
1718989200000,63657.28,63891.68,63550.6,63778.0,276.65398,2024-06-21 17:00:00
1718990100000,63778.01,63778.01,63465.17,63600.01,278.63585,2024-06-21 17:15:00
1718991000000,63600.01,63746.0,63490.0,63722.0,220.58269,2024-06-21 17:30:00
1718991900000,63722.0,63854.0,63664.0,63671.04,188.77319,2024-06-21 17:45:00
1718992800000,63671.04,63825.0,63648.02,63810.01,172.51739,2024-06-21 18:00:00
1718993700000,63810.01,63996.32,63785.95,63987.78,282.15538,2024-06-21 18:15:00
1718994600000,63987.77,64065.88,63903.2,64049.99,319.92317,2024-06-21 18:30:00
1718995500000,64050.0,64187.03,63998.0,64172.01,298.5246,2024-06-21 18:45:00
1718996400000,64172.01,64215.59,63944.12,63980.41,408.14369,2024-06-21 19:00:00
1718997300000,63980.4,64094.85,63973.28,64033.98,156.86179,2024-06-21 19:15:00
1718998200000,64033.99,64157.14,64033.98,64154.0,109.75858,2024-06-21 19:30:00
1718999100000,64154.01,64264.95,64091.99,64232.01,188.17256,2024-06-21 19:45:00
1719000000000,64232.01,64395.0,64212.22,64284.01,299.7238,2024-06-21 20:00:00
1719000900000,64284.01,64460.14,64270.0,64270.01,141.23796,2024-06-21 20:15:00
1719001800000,64270.01,64270.01,64099.89,64130.01,112.88792,2024-06-21 20:30:00
1719002700000,64130.01,64226.95,64117.52,64200.52,94.93103,2024-06-21 20:45:00
1719003600000,64200.52,64208.0,64093.08,64134.27,95.56713,2024-06-21 21:00:00
1719004500000,64134.28,64143.09,63828.09,63921.99,253.50195,2024-06-21 21:15:00
1719005400000,63921.99,64059.23,63893.65,64023.3,64.75225,2024-06-21 21:30:00
1719006300000,64023.31,64091.91,64023.3,64084.43,59.57226,2024-06-21 21:45:00
1719007200000,64084.44,64162.74,64084.44,64150.73,132.97415,2024-06-21 22:00:00
1719008100000,64150.73,64199.7,64147.78,64183.65,119.84863,2024-06-21 22:15:00
1719009000000,64183.65,64183.65,64134.43,64182.0,60.11176,2024-06-21 22:30:00
1719009900000,64182.0,64184.74,64155.01,64155.02,44.74152,2024-06-21 22:45:00
1719010800000,64155.02,64224.0,64100.49,64172.82,87.94218,2024-06-21 23:00:00
1719011700000,64172.83,64172.83,64072.0,64115.99,66.82466,2024-06-21 23:15:00
1719012600000,64115.99,64141.99,64092.0,64098.6,38.31726,2024-06-21 23:30:00
1719013500000,64098.61,64143.56,64082.56,64143.56,81.8826,2024-06-21 23:45:00
1719014400000,64143.56,64185.9,64110.07,64112.58,112.15954,2024-06-22 00:00:00
1719015300000,64112.58,64155.32,64060.0,64068.24,71.11668,2024-06-22 00:15:00
1719016200000,64068.24,64106.67,63943.82,63979.99,191.41911,2024-06-22 00:30:00
1719017100000,63979.99,64056.47,63974.05,64056.47,86.4666,2024-06-22 00:45:00
1719018000000,64056.46,64182.85,64056.46,64144.01,115.8065,2024-06-22 01:00:00
1719018900000,64144.0,64151.22,64072.46,64089.98,41.28552,2024-06-22 01:15:00
1719019800000,64089.99,64169.0,64089.99,64165.49,54.79997,2024-06-22 01:30:00
1719020700000,64165.5,64221.45,64144.33,64144.33,73.5785,2024-06-22 01:45:00
1719021600000,64144.34,64326.21,64144.34,64302.81,196.15035,2024-06-22 02:00:00
1719022500000,64302.81,64322.0,64246.0,64258.28,143.37464,2024-06-22 02:15:00
1719023400000,64258.28,64342.54,64232.58,64289.43,127.75766,2024-06-22 02:30:00
1719024300000,64289.42,64315.29,64220.0,64303.4,103.52922,2024-06-22 02:45:00
1719025200000,64303.41,64329.66,64286.75,64323.69,61.21513,2024-06-22 03:00:00
1719026100000,64323.69,64327.76,64271.95,64324.0,59.55076,2024-06-22 03:15:00
1719027000000,64324.0,64332.0,64278.86,64288.0,113.60401,2024-06-22 03:30:00
1719027900000,64288.01,64327.46,64273.83,64327.45,63.2197,2024-06-22 03:45:00
1719028800000,64327.46,64367.17,64275.8,64279.96,129.5561,2024-06-22 04:00:00
1719029700000,64279.96,64288.09,64253.07,64269.99,77.7766,2024-06-22 04:15:00
1719030600000,64269.98,64294.76,64254.05,64294.64,83.35968,2024-06-22 04:30:00
1719031500000,64294.65,64364.12,64290.0,64364.11,86.81839,2024-06-22 04:45:00
1719032400000,64364.12,64364.12,64257.79,64277.34,100.88859,2024-06-22 05:00:00
1719033300000,64277.34,64361.5,64277.34,64361.5,65.22172,2024-06-22 05:15:00
1719034200000,64361.49,64401.89,64334.01,64362.72,170.57197,2024-06-22 05:30:00
1719035100000,64362.72,64427.98,64362.71,64424.21,126.97282,2024-06-22 05:45:00
1719036000000,64424.21,64457.0,64383.32,64432.03,132.36456,2024-06-22 06:00:00
1719036900000,64432.03,64466.0,64362.06,64408.56,127.84781,2024-06-22 06:15:00
1719037800000,64408.57,64500.0,64370.0,64499.99,128.81485,2024-06-22 06:30:00
1719038700000,64500.0,64530.61,64400.8,64430.0,213.13959,2024-06-22 06:45:00
1719039600000,64430.01,64444.0,64329.6,64364.01,158.12551,2024-06-22 07:00:00
1719040500000,64364.0,64408.19,64324.67,64408.19,136.87758,2024-06-22 07:15:00
1719041400000,64408.18,64487.5,64402.54,64487.38,222.12432,2024-06-22 07:30:00
1719042300000,64487.37,64540.26,64450.0,64520.0,161.24605,2024-06-22 07:45:00
1719043200000,64519.99,64546.81,64360.0,64399.29,267.80308,2024-06-22 08:00:00
1719044100000,64399.29,64399.29,64300.01,64356.93,85.20884,2024-06-22 08:15:00
1719045000000,64356.94,64356.94,64303.53,64335.99,61.39076,2024-06-22 08:30:00
1719045900000,64336.0,64336.0,64284.0,64289.15,60.92982,2024-06-22 08:45:00
1719046800000,64289.16,64304.0,64262.16,64290.92,85.54038,2024-06-22 09:00:00
1719047700000,64290.92,64327.84,64214.43,64311.01,94.26375,2024-06-22 09:15:00
1719048600000,64311.01,64311.01,64257.15,64307.33,55.37577,2024-06-22 09:30:00
1719049500000,64307.34,64338.28,64294.17,64325.99,49.56281,2024-06-22 09:45:00
1719050400000,64325.99,64349.89,64283.54,64348.27,147.49732,2024-06-22 10:00:00
1719051300000,64348.28,64372.66,64281.91,64307.62,112.40393,2024-06-22 10:15:00
1719052200000,64307.62,64319.15,64280.0,64317.3,51.97455,2024-06-22 10:30:00
1719053100000,64317.31,64317.31,64300.85,64311.71,31.58868,2024-06-22 10:45:00
1719054000000,64311.72,64320.0,64292.49,64292.49,42.63697,2024-06-22 11:00:00
1719054900000,64292.5,64292.5,64246.0,64257.85,44.38511,2024-06-22 11:15:00
1719055800000,64257.85,64290.0,64257.84,64288.92,28.96069,2024-06-22 11:30:00
1719056700000,64288.91,64309.06,64237.58,64265.26,156.82589,2024-06-22 11:45:00
1719057600000,64265.27,64300.0,64265.26,64294.0,63.55343,2024-06-22 12:00:00
1719058500000,64294.0,64336.0,64288.05,64320.01,49.91219,2024-06-22 12:15:00
1719059400000,64320.0,64330.0,64295.48,64330.0,54.2555,2024-06-22 12:30:00
1719060300000,64330.0,64330.0,64266.94,64297.84,59.22754,2024-06-22 12:45:00
1719061200000,64297.85,64297.85,64252.44,64252.45,89.66297,2024-06-22 13:00:00
1719062100000,64252.44,64292.71,64246.52,64292.71,58.26637,2024-06-22 13:15:00
1719063000000,64292.71,64303.22,64272.11,64300.0,69.76986,2024-06-22 13:30:00
1719063900000,64300.0,64300.01,64267.99,64284.0,49.31419,2024-06-22 13:45:00
1719064800000,64284.0,64302.8,64250.25,64298.26,75.80525,2024-06-22 14:00:00
1719065700000,64298.26,64397.82,64298.25,64363.99,74.87633,2024-06-22 14:15:00
1719066600000,64364.0,64364.0,64332.47,64334.22,78.23126,2024-06-22 14:30:00
1719067500000,64334.22,64334.23,64287.95,64287.96,39.70948,2024-06-22 14:45:00
1719068400000,64287.96,64304.0,64274.39,64286.23,47.62033,2024-06-22 15:00:00
1719069300000,64286.24,64286.24,64261.65,64267.36,45.27927,2024-06-22 15:15:00
1719070200000,64267.36,64304.67,64267.36,64294.01,33.20285,2024-06-22 15:30:00
1719071100000,64294.0,64307.09,64255.01,64307.08,41.70451,2024-06-22 15:45:00
1719072000000,64307.09,64336.16,64272.29,64282.0,62.69959,2024-06-22 16:00:00
1719072900000,64282.0,64315.95,64281.99,64300.5,39.40542,2024-06-22 16:15:00
1719073800000,64300.49,64362.0,64284.0,64355.55,41.84938,2024-06-22 16:30:00
1719074700000,64355.56,64355.56,64321.28,64321.28,35.12641,2024-06-22 16:45:00
1719075600000,64321.29,64348.87,64292.22,64292.22,54.45412,2024-06-22 17:00:00
1719076500000,64292.22,64292.24,64292.22,64292.24,32.17356,2024-06-22 17:15:00
1719077400000,64292.24,64309.99,64288.38,64288.38,39.86088,2024-06-22 17:30:00
1719078300000,64288.39,64291.11,64255.0,64256.37,49.55683,2024-06-22 17:45:00
1719079200000,64256.38,64286.1,64250.71,64279.66,71.79028,2024-06-22 18:00:00
1719080100000,64279.66,64284.86,64266.48,64284.86,54.20173,2024-06-22 18:15:00
1719081000000,64284.86,64328.94,64284.85,64302.01,37.11634,2024-06-22 18:30:00
1719081900000,64302.01,64302.01,64260.8,64260.81,36.38717,2024-06-22 18:45:00
1719082800000,64260.82,64264.5,64256.59,64264.38,40.61215,2024-06-22 19:00:00
1719083700000,64264.38,64294.99,64249.8,64249.81,39.74652,2024-06-22 19:15:00
1719084600000,64249.81,64277.5,64218.5,64272.0,76.50795,2024-06-22 19:30:00
1719085500000,64272.0,64295.02,64271.99,64295.01,17.60917,2024-06-22 19:45:00
1719086400000,64295.01,64301.24,64253.13,64273.42,42.64588,2024-06-22 20:00:00
1719087300000,64273.43,64303.48,64270.0,64282.28,25.2752,2024-06-22 20:15:00
1719088200000,64282.27,64282.27,64246.01,64246.07,35.11368,2024-06-22 20:30:00
1719089100000,64246.07,64284.0,64246.06,64283.99,24.16323,2024-06-22 20:45:00
1719090000000,64284.0,64287.36,64266.8,64287.36,42.02435,2024-06-22 21:00:00
1719090900000,64287.36,64318.82,64287.35,64318.82,24.20223,2024-06-22 21:15:00
1719091800000,64318.82,64318.82,64284.87,64293.73,33.29593,2024-06-22 21:30:00
1719092700000,64293.73,64330.0,64286.03,64330.0,18.8433,2024-06-22 21:45:00
1719093600000,64330.0,64330.0,64275.64,64275.64,23.39115,2024-06-22 22:00:00
1719094500000,64275.64,64299.99,64272.09,64291.99,40.09516,2024-06-22 22:15:00
1719095400000,64291.99,64311.51,64290.55,64308.0,19.40925,2024-06-22 22:30:00
1719096300000,64308.0,64315.79,64306.06,64315.79,16.30542,2024-06-22 22:45:00
1719097200000,64315.79,64315.79,64310.35,64310.35,34.35414,2024-06-22 23:00:00
1719098100000,64310.36,64328.0,64310.35,64316.3,32.74989,2024-06-22 23:15:00
1719099000000,64316.31,64316.31,64266.76,64266.76,64.50576,2024-06-22 23:30:00
1719099900000,64266.77,64280.74,64260.0,64262.01,60.00364,2024-06-22 23:45:00
1719100800000,64262.01,64354.51,64262.0,64354.51,146.43159,2024-06-23 00:00:00
1719101700000,64354.51,64386.46,64342.04,64349.74,67.80632,2024-06-23 00:15:00
1719102600000,64349.74,64485.99,64349.73,64485.99,157.68567,2024-06-23 00:30:00
1719103500000,64485.99,64520.0,64446.16,64476.43,100.72086,2024-06-23 00:45:00
1719104400000,64476.44,64521.0,64329.36,64375.99,151.83182,2024-06-23 01:00:00
1719105300000,64375.99,64440.0,64345.99,64423.98,66.01504,2024-06-23 01:15:00
1719106200000,64423.99,64491.54,64423.98,64459.06,62.64716,2024-06-23 01:30:00
1719107100000,64459.06,64490.0,64454.0,64476.19,29.84865,2024-06-23 01:45:00
1719108000000,64476.2,64476.2,64434.51,64434.51,60.69479,2024-06-23 02:00:00
1719108900000,64434.52,64443.57,64399.48,64399.49,33.47991,2024-06-23 02:15:00
1719109800000,64399.49,64430.6,64375.19,64375.51,76.56828,2024-06-23 02:30:00
1719110700000,64375.5,64507.17,64370.0,64507.17,86.46748,2024-06-23 02:45:00
1719111600000,64507.17,64519.57,64452.0,64452.0,55.86152,2024-06-23 03:00:00
1719112500000,64452.01,64482.0,64452.0,64458.0,44.19681,2024-06-23 03:15:00
1719113400000,64458.0,64465.12,64431.56,64434.71,44.60044,2024-06-23 03:30:00
1719114300000,64434.72,64465.99,64416.13,64416.14,38.05516,2024-06-23 03:45:00
1719115200000,64416.14,64420.0,64404.22,64406.7,38.48255,2024-06-23 04:00:00
1719116100000,64406.71,64428.25,64386.18,64386.19,51.38592,2024-06-23 04:15:00
1719117000000,64386.19,64386.19,64375.19,64378.01,29.27241,2024-06-23 04:30:00
1719117900000,64378.0,64385.1,64378.0,64378.02,32.02438,2024-06-23 04:45:00
1719118800000,64378.02,64419.98,64378.01,64402.01,48.12252,2024-06-23 05:00:00
1719119700000,64402.01,64402.01,64365.6,64365.61,26.89843,2024-06-23 05:15:00
1719120600000,64365.61,64365.61,64349.49,64360.0,23.12505,2024-06-23 05:30:00
1719121500000,64360.0,64385.27,64359.99,64380.0,29.42265,2024-06-23 05:45:00
1719122400000,64380.01,64386.5,64380.0,64386.49,24.34057,2024-06-23 06:00:00
1719123300000,64386.5,64386.5,64386.49,64386.49,10.23876,2024-06-23 06:15:00
1719124200000,64386.5,64413.58,64386.48,64403.25,44.8639,2024-06-23 06:30:00
1719125100000,64403.26,64403.26,64386.5,64386.5,25.52483,2024-06-23 06:45:00
1719126000000,64386.51,64399.15,64376.41,64399.14,43.21082,2024-06-23 07:00:00
1719126900000,64399.14,64433.03,64399.13,64428.68,33.24771,2024-06-23 07:15:00
1719127800000,64428.68,64431.47,64395.0,64395.01,29.85827,2024-06-23 07:30:00
1719128700000,64395.01,64415.87,64386.46,64415.27,36.39536,2024-06-23 07:45:00
1719129600000,64415.27,64435.72,64406.0,64406.0,29.9029,2024-06-23 08:00:00
1719130500000,64406.0,64406.01,64384.19,64386.01,35.31509,2024-06-23 08:15:00
1719131400000,64386.02,64386.02,64385.63,64385.68,26.71765,2024-06-23 08:30:00
1719132300000,64385.69,64395.44,64385.67,64395.43,54.43152,2024-06-23 08:45:00
1719133200000,64395.44,64437.28,64395.43,64437.27,92.4349,2024-06-23 09:00:00
1719134100000,64437.28,64437.28,64414.0,64428.0,99.60352,2024-06-23 09:15:00
1719135000000,64428.0,64428.01,64404.3,64418.81,91.3586,2024-06-23 09:30:00
1719135900000,64418.8,64418.81,64410.0,64418.81,20.3509,2024-06-23 09:45:00
1719136800000,64418.81,64418.81,64316.44,64342.0,99.02901,2024-06-23 10:00:00
1719137700000,64342.0,64379.05,64341.99,64379.04,41.87877,2024-06-23 10:15:00
1719138600000,64379.04,64379.04,64352.0,64352.01,31.59075,2024-06-23 10:30:00
1719139500000,64352.01,64352.01,64281.32,64305.6,110.79241,2024-06-23 10:45:00
1719140400000,64305.6,64319.73,64252.85,64319.72,82.20637,2024-06-23 11:00:00
1719141300000,64319.73,64319.73,64253.13,64287.56,53.07562,2024-06-23 11:15:00
1719142200000,64287.57,64319.73,64278.0,64300.01,29.55119,2024-06-23 11:30:00
1719143100000,64300.0,64341.46,64290.0,64341.45,47.4927,2024-06-23 11:45:00
1719144000000,64341.46,64344.9,64318.15,64318.15,54.52585,2024-06-23 12:00:00
1719144900000,64318.16,64343.43,64318.15,64343.42,43.14971,2024-06-23 12:15:00
1719145800000,64343.43,64369.49,64343.42,64360.58,36.65538,2024-06-23 12:30:00
1719146700000,64360.59,64376.0,64354.77,64375.99,43.15045,2024-06-23 12:45:00
1719147600000,64376.0,64429.1,64354.78,64354.78,86.20192,2024-06-23 13:00:00
1719148500000,64354.78,64354.79,64291.96,64291.97,75.06218,2024-06-23 13:15:00
1719149400000,64291.96,64327.99,64284.01,64311.17,62.52904,2024-06-23 13:30:00
1719150300000,64311.17,64311.17,64254.02,64297.79,84.3321,2024-06-23 13:45:00
1719151200000,64297.79,64310.0,64243.0,64248.0,64.4948,2024-06-23 14:00:00
1719152100000,64248.0,64270.0,64200.23,64264.87,101.64277,2024-06-23 14:15:00
1719153000000,64264.86,64290.0,64264.86,64290.0,49.17884,2024-06-23 14:30:00
1719153900000,64289.99,64290.0,64140.9,64192.01,154.74251,2024-06-23 14:45:00
1719154800000,64192.0,64192.01,64106.65,64176.01,178.25865,2024-06-23 15:00:00
1719155700000,64176.01,64200.0,64094.03,64142.4,102.02839,2024-06-23 15:15:00
1719156600000,64142.4,64164.98,64131.67,64146.37,58.82116,2024-06-23 15:30:00
1719157500000,64146.38,64146.5,64049.41,64094.0,188.35616,2024-06-23 15:45:00
1719158400000,64094.01,64142.85,64040.0,64142.84,112.43974,2024-06-23 16:00:00
1719159300000,64142.85,64180.01,64096.71,64106.51,88.03201,2024-06-23 16:15:00
1719160200000,64106.52,64139.99,64097.05,64126.69,53.63932,2024-06-23 16:30:00
1719161100000,64126.68,64126.69,63918.58,63927.49,275.48063,2024-06-23 16:45:00
1719162000000,63927.48,64052.72,63927.48,64052.72,169.56186,2024-06-23 17:00:00
1719162900000,64052.72,64178.76,64052.71,64067.16,212.95084,2024-06-23 17:15:00
1719163800000,64067.16,64173.9,64067.15,64112.0,90.70778,2024-06-23 17:30:00
1719164700000,64112.0,64132.06,64084.05,64120.39,43.95806,2024-06-23 17:45:00
1719165600000,64120.39,64153.39,64080.95,64092.32,90.77112,2024-06-23 18:00:00
1719166500000,64092.33,64114.0,64076.01,64076.01,33.1831,2024-06-23 18:15:00
1719167400000,64076.02,64117.34,64068.0,64117.33,38.51356,2024-06-23 18:30:00
1719168300000,64117.34,64127.59,64090.0,64111.98,31.43137,2024-06-23 18:45:00
1719169200000,64111.99,64156.78,64102.01,64152.63,35.68543,2024-06-23 19:00:00
1719170100000,64152.63,64187.62,64145.66,64154.5,49.12246,2024-06-23 19:15:00
1719171000000,64154.5,64154.5,64094.45,64119.81,49.04779,2024-06-23 19:30:00
1719171900000,64119.8,64149.79,64108.16,64149.78,55.85327,2024-06-23 19:45:00
1719172800000,64149.78,64159.0,64112.21,64112.22,31.70525,2024-06-23 20:00:00
1719173700000,64112.22,64112.22,63999.04,64017.99,84.78215,2024-06-23 20:15:00
1719174600000,64018.0,64018.0,63601.01,63792.0,530.5472,2024-06-23 20:30:00
1719175500000,63792.01,63859.25,63726.24,63740.01,93.57199,2024-06-23 20:45:00
1719176400000,63740.02,63815.68,63537.91,63694.01,289.75231,2024-06-23 21:00:00
1719177300000,63694.01,63792.5,63536.0,63752.98,140.02297,2024-06-23 21:15:00
1719178200000,63752.98,63860.0,63694.62,63858.29,79.10476,2024-06-23 21:30:00
1719179100000,63858.29,63859.03,63777.93,63844.67,88.74532,2024-06-23 21:45:00
1719180000000,63844.67,63844.67,63687.6,63697.82,154.47118,2024-06-23 22:00:00
1719180900000,63697.83,63793.12,63684.0,63724.19,83.28938,2024-06-23 22:15:00
1719181800000,63724.2,63750.0,63668.67,63707.09,79.57152,2024-06-23 22:30:00
1719182700000,63707.1,63709.87,63639.99,63657.99,40.77688,2024-06-23 22:45:00
1719183600000,63658.0,63700.01,63598.55,63689.41,86.53701,2024-06-23 23:00:00
1719184500000,63689.4,63689.4,63550.0,63550.01,114.34718,2024-06-23 23:15:00
1719185400000,63550.01,63554.0,63250.0,63378.08,515.60014,2024-06-23 23:30:00
1719186300000,63378.08,63399.99,63178.32,63210.01,303.06345,2024-06-23 23:45:00
1719187200000,63210.01,63297.53,63000.0,63102.58,897.9793,2024-06-24 00:00:00
1719188100000,63102.59,63210.35,63064.0,63108.21,261.1209,2024-06-24 00:15:00
1719189000000,63108.22,63336.32,62903.69,63260.0,496.98362,2024-06-24 00:30:00
1719189900000,63260.01,63305.99,63023.22,63080.0,269.75894,2024-06-24 00:45:00
1719190800000,63080.01,63145.5,63000.0,63047.71,208.28486,2024-06-24 01:00:00
1719191700000,63047.7,63220.48,62920.0,63220.0,407.36725,2024-06-24 01:15:00
1719192600000,63220.0,63300.0,63171.11,63216.82,194.53449,2024-06-24 01:30:00
1719193500000,63216.82,63348.32,63211.15,63315.99,125.15973,2024-06-24 01:45:00
1719194400000,63315.99,63369.8,63214.32,63234.01,135.83789,2024-06-24 02:00:00
1719195300000,63234.01,63296.46,63200.0,63205.57,154.65307,2024-06-24 02:15:00
1719196200000,63205.57,63260.0,63049.99,63059.98,222.14661,2024-06-24 02:30:00
1719197100000,63059.99,63101.67,62695.02,62880.94,554.82728,2024-06-24 02:45:00
1719198000000,62880.95,62977.43,62767.65,62977.43,292.80046,2024-06-24 03:00:00
1719198900000,62977.43,63077.44,62928.0,62998.01,193.3149,2024-06-24 03:15:00
1719199800000,62998.0,62998.0,62882.35,62888.01,92.96226,2024-06-24 03:30:00
1719200700000,62888.02,62942.96,62854.09,62862.0,118.88765,2024-06-24 03:45:00
1719201600000,62862.0,62882.0,62634.0,62679.94,365.58203,2024-06-24 04:00:00
1719202500000,62679.95,62793.72,62679.94,62747.99,162.2456,2024-06-24 04:15:00
1719203400000,62747.98,62935.07,62704.46,62890.01,164.09974,2024-06-24 04:30:00
1719204300000,62890.01,62952.0,62840.96,62840.97,101.15454,2024-06-24 04:45:00
1719205200000,62840.96,62881.86,62699.73,62734.01,192.13299,2024-06-24 05:00:00
1719206100000,62734.01,62753.67,62500.0,62626.53,702.46382,2024-06-24 05:15:00
1719207000000,62626.53,62648.58,62258.01,62283.25,648.38067,2024-06-24 05:30:00
1719207900000,62283.25,62447.4,62283.24,62314.01,305.69311,2024-06-24 05:45:00
1719208800000,62314.01,62385.48,62160.72,62286.23,380.25819,2024-06-24 06:00:00
1719209700000,62286.22,62400.0,62227.67,62322.01,329.11559,2024-06-24 06:15:00
1719210600000,62322.01,62426.0,62322.0,62362.73,159.24096,2024-06-24 06:30:00
1719211500000,62362.73,62405.0,62282.19,62405.0,249.39403,2024-06-24 06:45:00
1719212400000,62405.0,62415.47,62222.01,62294.15,297.39019,2024-06-24 07:00:00
1719213300000,62294.07,62295.57,62177.37,62295.02,252.16779,2024-06-24 07:15:00
1719214200000,62295.02,62568.0,62288.56,62567.99,475.7183,2024-06-24 07:30:00
1719215100000,62568.0,62596.24,62438.61,62456.0,283.04617,2024-06-24 07:45:00
1719216000000,62456.0,62565.78,62340.01,62389.06,208.38287,2024-06-24 08:00:00
1719216900000,62389.06,62776.22,62352.0,62734.27,423.77713,2024-06-24 08:15:00
1719217800000,62734.27,62975.6,62706.62,62854.12,378.50226,2024-06-24 08:30:00
1719218700000,62854.11,62950.0,62598.32,62730.92,361.60396,2024-06-24 08:45:00
1719219600000,62730.92,62867.0,62448.0,62489.22,449.92862,2024-06-24 09:00:00
1719220500000,62489.22,62530.0,62042.67,62149.5,714.23072,2024-06-24 09:15:00
1719221400000,62149.5,62149.5,60567.01,61085.1,4453.16315,2024-06-24 09:30:00
1719222300000,61085.1,61497.71,61050.01,61402.28,950.09756,2024-06-24 09:45:00
1719223200000,61402.28,61582.0,61328.39,61502.01,710.90572,2024-06-24 10:00:00
1719224100000,61502.0,61573.95,61254.11,61352.34,667.45625,2024-06-24 10:15:00
1719225000000,61352.34,61355.69,61137.21,61189.66,728.07089,2024-06-24 10:30:00
1719225900000,61189.65,61266.72,61125.0,61167.15,405.77693,2024-06-24 10:45:00
1719226800000,61167.15,61293.86,61025.36,61078.02,321.38418,2024-06-24 11:00:00
1719227700000,61078.02,61168.77,60860.0,60887.13,564.89983,2024-06-24 11:15:00
1719228600000,60887.13,61176.83,60836.09,61168.14,429.8396,2024-06-24 11:30:00
1719229500000,61168.13,61382.65,61124.82,61291.95,368.77434,2024-06-24 11:45:00
1719230400000,61291.95,61394.15,61215.0,61390.0,370.67073,2024-06-24 12:00:00
1719231300000,61390.0,61514.55,61333.34,61340.01,440.41446,2024-06-24 12:15:00
1719232200000,61340.01,61385.65,61134.0,61134.01,288.70265,2024-06-24 12:30:00
1719233100000,61134.01,61215.21,61121.21,61215.21,197.91567,2024-06-24 12:45:00
1719234000000,61215.21,61215.21,61035.77,61045.15,295.61978,2024-06-24 13:00:00
1719234900000,61045.15,61277.58,60915.93,61255.54,449.95362,2024-06-24 13:15:00
1719235800000,61255.54,61546.0,61242.0,61320.0,371.91845,2024-06-24 13:30:00
1719236700000,61319.99,61649.63,61246.0,61569.2,355.54245,2024-06-24 13:45:00
1719237600000,61569.19,61700.0,61414.86,61450.01,431.72297,2024-06-24 14:00:00
1719238500000,61450.01,61477.5,61264.01,61266.78,364.36033,2024-06-24 14:15:00
1719239400000,61266.78,61414.09,61140.01,61158.02,297.14642,2024-06-24 14:30:00
1719240300000,61158.01,61367.67,61100.0,61303.41,325.38384,2024-06-24 14:45:00
1719241200000,61303.41,61368.0,61166.67,61212.79,229.30064,2024-06-24 15:00:00
1719242100000,61212.8,61345.99,61124.01,61280.87,328.4659,2024-06-24 15:15:00
1719243000000,61280.86,61334.83,61085.2,61162.02,313.68373,2024-06-24 15:30:00
1719243900000,61162.02,61164.0,60670.36,60843.99,736.15313,2024-06-24 15:45:00
1719244800000,60843.99,60941.17,60588.23,60911.06,1341.79515,2024-06-24 16:00:00
1719245700000,60911.06,61044.44,60713.07,60872.0,579.14753,2024-06-24 16:15:00
1719246600000,60872.0,60952.0,60360.0,60549.98,975.66668,2024-06-24 16:30:00
1719247500000,60549.98,60555.82,60000.0,60168.01,1738.87181,2024-06-24 16:45:00
1719248400000,60168.01,60488.91,59859.0,60211.35,1689.21327,2024-06-24 17:00:00
1719249300000,60211.36,60548.46,59922.28,59967.07,2420.24367,2024-06-24 17:15:00
1719250200000,59967.07,60421.03,59866.29,60259.23,1050.66899,2024-06-24 17:30:00
1719251100000,60259.23,60362.95,60074.66,60244.89,1017.26808,2024-06-24 17:45:00
1719252000000,60244.89,60296.01,59950.09,59978.27,787.25782,2024-06-24 18:00:00
1719252900000,59978.27,60462.02,59711.2,60430.01,1082.43277,2024-06-24 18:15:00
1719253800000,60430.01,60487.0,60236.73,60282.01,340.88884,2024-06-24 18:30:00
1719254700000,60282.0,60442.63,60242.53,60412.01,220.63019,2024-06-24 18:45:00
1719255600000,60412.01,60478.34,60205.26,60209.94,227.81614,2024-06-24 19:00:00
1719256500000,60209.94,60209.94,59940.0,60047.99,369.68877,2024-06-24 19:15:00
1719257400000,60047.98,60159.44,59814.12,59863.99,402.44612,2024-06-24 19:30:00
1719258300000,59863.99,59880.0,59058.0,59306.72,2165.85892,2024-06-24 19:45:00
1719259200000,59306.72,59660.0,59254.0,59331.39,1002.78672,2024-06-24 20:00:00
1719260100000,59331.39,59386.95,58812.07,58928.0,1054.03304,2024-06-24 20:15:00
1719261000000,58928.0,59347.31,58402.0,59204.01,2049.23046,2024-06-24 20:30:00
1719261900000,59204.01,59540.15,59164.01,59514.0,425.96731,2024-06-24 20:45:00
1719262800000,59514.0,59656.0,59411.11,59630.0,464.44293,2024-06-24 21:00:00
1719263700000,59630.0,59906.17,59586.02,59806.22,477.76427,2024-06-24 21:15:00
1719264600000,59806.21,60000.0,59806.21,59908.67,675.09505,2024-06-24 21:30:00
1719265500000,59908.67,60119.24,59871.47,60119.24,350.62782,2024-06-24 21:45:00
1719266400000,60119.24,60120.61,59985.79,60080.01,226.29453,2024-06-24 22:00:00
1719267300000,60080.0,60180.55,60012.93,60180.55,205.50792,2024-06-24 22:15:00
1719268200000,60180.55,60277.11,60130.0,60130.02,240.3963,2024-06-24 22:30:00
1719269100000,60130.02,60149.11,60046.59,60048.98,126.22874,2024-06-24 22:45:00
1719270000000,60048.98,60279.67,60002.59,60214.8,159.82353,2024-06-24 23:00:00
1719270900000,60214.8,60282.15,60140.0,60214.32,151.4124,2024-06-24 23:15:00
1719271800000,60214.31,60442.71,60200.0,60403.82,242.83131,2024-06-24 23:30:00
1719272700000,60403.81,60436.81,60293.29,60293.3,270.56535,2024-06-24 23:45:00
1719273600000,60293.3,60343.92,60257.06,60270.01,236.26855,2024-06-25 00:00:00
1719274500000,60270.01,60489.28,60262.26,60378.81,310.84061,2024-06-25 00:15:00
1719275400000,60378.8,60429.09,60308.75,60390.02,158.13276,2024-06-25 00:30:00
1719276300000,60390.01,60664.3,60354.05,60409.11,409.20675,2024-06-25 00:45:00
1719277200000,60409.11,60511.0,60338.07,60457.65,131.26748,2024-06-25 01:00:00
1719278100000,60457.65,60460.0,60294.85,60332.47,124.20525,2024-06-25 01:15:00
1719279000000,60332.47,60444.0,60282.0,60382.0,110.77304,2024-06-25 01:30:00
1719279900000,60382.0,60492.0,60319.67,60492.0,103.76808,2024-06-25 01:45:00
1719280800000,60492.0,60636.02,60464.01,60464.02,187.96256,2024-06-25 02:00:00
1719281700000,60464.02,60553.92,60412.0,60470.41,146.53944,2024-06-25 02:15:00
1719282600000,60470.4,60716.06,60470.4,60539.07,192.61811,2024-06-25 02:30:00
1719283500000,60539.06,60725.05,60539.05,60676.01,232.23579,2024-06-25 02:45:00
1719284400000,60676.01,61289.24,60624.22,61183.69,721.93488,2024-06-25 03:00:00
1719285300000,61183.69,61426.0,61125.89,61350.01,602.15297,2024-06-25 03:15:00
1719286200000,61350.0,61580.89,61326.84,61580.89,454.99891,2024-06-25 03:30:00
1719287100000,61580.88,61598.87,61270.68,61302.59,694.75136,2024-06-25 03:45:00
1719288000000,61302.59,61386.0,61160.05,61174.99,467.1646,2024-06-25 04:00:00
1719288900000,61175.0,61319.77,61174.99,61314.01,219.95419,2024-06-25 04:15:00
1719289800000,61314.0,61420.0,61268.0,61290.03,208.4454,2024-06-25 04:30:00
1719290700000,61290.02,61408.0,61244.01,61371.27,158.15038,2024-06-25 04:45:00
1719291600000,61371.27,61420.0,61333.57,61362.0,132.56478,2024-06-25 05:00:00
1719292500000,61361.99,61386.0,61293.66,61293.67,159.00947,2024-06-25 05:15:00
1719293400000,61293.67,61306.0,60986.07,61010.01,256.73687,2024-06-25 05:30:00
1719294300000,61010.0,61070.58,60931.9,61024.01,230.9179,2024-06-25 05:45:00
1719295200000,61024.01,61073.99,60958.0,61024.01,158.24309,2024-06-25 06:00:00
1719296100000,61024.01,61100.01,60985.79,61033.14,214.26106,2024-06-25 06:15:00
1719297000000,61033.14,61188.39,61033.13,61115.14,325.12289,2024-06-25 06:30:00
1719297900000,61115.13,61172.98,61090.6,61139.67,156.23374,2024-06-25 06:45:00
1719298800000,61139.67,61255.6,60973.51,60978.0,199.31092,2024-06-25 07:00:00
1719299700000,60978.0,61008.0,60818.63,60831.99,301.96954,2024-06-25 07:15:00
1719300600000,60831.99,60890.08,60719.99,60720.0,414.12952,2024-06-25 07:30:00
1719301500000,60720.0,60820.29,60624.63,60685.16,476.17254,2024-06-25 07:45:00
1719302400000,60685.16,60900.78,60668.01,60888.02,398.78324,2024-06-25 08:00:00
1719303300000,60888.02,60911.63,60735.0,60755.72,211.4229,2024-06-25 08:15:00
1719304200000,60755.71,60772.88,60672.58,60753.02,150.44904,2024-06-25 08:30:00
1719305100000,60753.02,60880.0,60702.41,60860.12,129.15759,2024-06-25 08:45:00
1719306000000,60860.11,60940.0,60838.48,60922.0,203.32095,2024-06-25 09:00:00
1719306900000,60922.0,60981.84,60865.01,60941.2,144.68758,2024-06-25 09:15:00
1719307800000,60941.2,61120.0,60896.58,61055.94,317.35099,2024-06-25 09:30:00
1719308700000,61055.94,61583.18,61003.2,61468.01,676.38737,2024-06-25 09:45:00
1719309600000,61468.01,61468.01,61246.51,61274.01,431.64034,2024-06-25 10:00:00
1719310500000,61274.01,61350.0,61215.58,61294.96,230.79773,2024-06-25 10:15:00
1719311400000,61294.96,61350.0,61156.38,61292.79,297.09914,2024-06-25 10:30:00
1719312300000,61292.79,61406.68,61260.97,61317.17,359.73499,2024-06-25 10:45:00
1719313200000,61317.17,61405.7,61286.23,61396.0,314.15092,2024-06-25 11:00:00
1719314100000,61396.0,61488.71,61203.72,61222.0,359.28733,2024-06-25 11:15:00
1719315000000,61222.0,61228.51,61154.97,61158.95,209.87141,2024-06-25 11:30:00
1719315900000,61158.95,61320.0,61125.17,61187.64,244.93057,2024-06-25 11:45:00
1719316800000,61187.64,61236.0,60953.23,61113.19,655.22608,2024-06-25 12:00:00
1719317700000,61113.19,61250.68,61070.28,61229.95,346.10138,2024-06-25 12:15:00
1719318600000,61229.95,61270.13,61082.61,61118.0,239.94862,2024-06-25 12:30:00
1719319500000,61118.0,61150.0,61000.0,61048.51,185.60472,2024-06-25 12:45:00
1719320400000,61048.51,61220.0,61039.98,61190.42,185.00189,2024-06-25 13:00:00
1719321300000,61190.42,61277.99,61110.84,61253.87,244.68506,2024-06-25 13:15:00
1719322200000,61253.86,61259.09,61012.0,61199.99,449.80805,2024-06-25 13:30:00
1719323100000,61200.0,61432.42,61036.0,61200.0,482.26599,2024-06-25 13:45:00
1719324000000,61200.0,61354.66,61155.75,61289.99,417.25957,2024-06-25 14:00:00
1719324900000,61289.99,62134.0,61289.99,62084.02,1071.26146,2024-06-25 14:15:00
1719325800000,62084.02,62133.99,61840.0,61916.01,1038.13009,2024-06-25 14:30:00
1719326700000,61916.0,61947.99,61642.89,61763.44,630.71879,2024-06-25 14:45:00
1719327600000,61763.44,61815.39,61314.66,61390.0,1128.27114,2024-06-25 15:00:00
1719328500000,61390.0,61868.75,61350.0,61771.89,728.75679,2024-06-25 15:15:00
1719329400000,61771.89,61960.0,61760.0,61857.99,456.88123,2024-06-25 15:30:00
1719330300000,61857.99,61925.5,61805.16,61810.0,475.8796,2024-06-25 15:45:00
1719331200000,61810.0,61939.23,61710.0,61730.0,413.26798,2024-06-25 16:00:00
1719332100000,61730.0,61795.89,61516.22,61592.88,388.74495,2024-06-25 16:15:00
1719333000000,61592.88,61605.2,61474.85,61515.89,554.49942,2024-06-25 16:30:00
1719333900000,61515.89,61539.99,61364.31,61390.01,419.64581,2024-06-25 16:45:00
1719334800000,61387.4,61709.6,61331.47,61704.12,217.88995,2024-06-25 17:00:00
1719335700000,61704.11,61780.0,61600.71,61749.4,270.68158,2024-06-25 17:15:00
1719336600000,61749.4,61755.99,61570.0,61620.01,237.04597,2024-06-25 17:30:00
1719337500000,61620.01,61645.49,61381.43,61381.44,328.77647,2024-06-25 17:45:00
1719338400000,61381.44,61451.4,61135.37,61341.0,699.58028,2024-06-25 18:00:00
1719339300000,61341.0,62026.21,61336.0,61991.9,657.53677,2024-06-25 18:15:00
1719340200000,61991.9,62035.99,61872.72,62032.0,310.88416,2024-06-25 18:30:00
1719341100000,62032.0,62230.0,61938.85,62159.09,466.6581,2024-06-25 18:45:00
1719342000000,62159.09,62420.0,61909.99,61924.0,622.97406,2024-06-25 19:00:00
1719342900000,61924.0,62020.0,61875.34,61962.47,260.65748,2024-06-25 19:15:00
1719343800000,61962.46,62040.0,61851.65,61886.0,269.82554,2024-06-25 19:30:00
1719344700000,61886.0,62153.38,61806.12,61975.46,409.32342,2024-06-25 19:45:00
1719345600000,61975.46,62079.47,61891.13,61914.69,182.8395,2024-06-25 20:00:00
1719346500000,61914.69,62053.49,61901.98,61989.71,168.37384,2024-06-25 20:15:00
1719347400000,61989.71,62070.0,61951.85,62044.01,97.40121,2024-06-25 20:30:00
1719348300000,62044.01,62044.01,61872.26,61924.01,263.0486,2024-06-25 20:45:00
1719349200000,61924.0,61924.0,61810.0,61816.0,143.9448,2024-06-25 21:00:00
1719350100000,61815.99,61900.02,61815.99,61896.71,57.49829,2024-06-25 21:15:00
1719351000000,61896.72,62030.0,61896.71,61922.37,124.78061,2024-06-25 21:30:00
1719351900000,61922.37,61922.37,61879.52,61916.53,105.34584,2024-06-25 21:45:00
1719352800000,61916.53,62106.22,61916.53,62083.94,153.47885,2024-06-25 22:00:00
1719353700000,62083.94,62162.49,62083.93,62147.99,126.65192,2024-06-25 22:15:00
1719354600000,62148.0,62154.01,61970.0,61975.21,121.13299,2024-06-25 22:30:00
1719355500000,61975.21,61975.21,61866.68,61909.99,77.94176,2024-06-25 22:45:00
1719356400000,61909.99,61946.39,61710.52,61729.89,195.29942,2024-06-25 23:00:00
1719357300000,61729.89,61753.99,61664.0,61705.0,101.69437,2024-06-25 23:15:00
1719358200000,61705.0,61750.0,61670.0,61720.0,141.2967,2024-06-25 23:30:00
1719359100000,61720.0,61825.66,61706.0,61806.01,289.60699,2024-06-25 23:45:00
1719360000000,61806.01,61861.15,61732.01,61750.42,231.93971,2024-06-26 00:00:00
1719360900000,61750.41,61839.16,61743.5,61839.16,133.75965,2024-06-26 00:15:00
1719361800000,61839.16,61839.36,61643.48,61674.01,118.10926,2024-06-26 00:30:00
1719362700000,61674.01,61799.49,61674.0,61767.72,153.13112,2024-06-26 00:45:00
1719363600000,61767.72,61911.49,61728.17,61911.49,190.83494,2024-06-26 01:00:00
1719364500000,61911.49,62080.66,61890.0,62007.99,322.89813,2024-06-26 01:15:00
1719365400000,62007.99,62028.0,61876.51,62001.4,441.18042,2024-06-26 01:30:00
1719366300000,62001.4,62184.31,61956.0,62090.01,296.69532,2024-06-26 01:45:00
1719367200000,62090.01,62386.11,62012.73,62344.49,394.88989,2024-06-26 02:00:00
1719368100000,62344.49,62487.81,62127.13,62200.01,396.90396,2024-06-26 02:15:00
1719369000000,62200.01,62259.99,62110.0,62110.01,143.70874,2024-06-26 02:30:00
1719369900000,62110.0,62115.88,62028.0,62028.01,138.28453,2024-06-26 02:45:00
1719370800000,62028.01,62079.99,61980.19,62056.0,153.88246,2024-06-26 03:00:00
1719371700000,62055.99,62056.0,61916.0,61916.01,165.20583,2024-06-26 03:15:00
1719372600000,61916.01,61979.99,61850.75,61940.0,183.06787,2024-06-26 03:30:00
1719373500000,61940.0,61998.0,61920.0,61936.07,74.32939,2024-06-26 03:45:00
1719374400000,61936.07,61990.0,61759.99,61794.05,278.14838,2024-06-26 04:00:00
1719375300000,61794.05,61809.07,61742.34,61794.02,139.66546,2024-06-26 04:15:00
1719376200000,61794.01,61794.02,61722.73,61758.02,300.38517,2024-06-26 04:30:00
1719377100000,61758.02,61800.0,61712.94,61712.96,162.5136,2024-06-26 04:45:00
1719378000000,61712.96,61786.13,61691.0,61759.99,205.99823,2024-06-26 05:00:00
1719378900000,61759.99,61795.99,61553.95,61590.01,436.26059,2024-06-26 05:15:00
1719379800000,61590.01,61648.99,61579.08,61630.0,146.97355,2024-06-26 05:30:00
1719380700000,61630.0,61678.02,61562.0,61562.01,183.09769,2024-06-26 05:45:00
1719381600000,61562.01,61606.94,61520.0,61606.94,201.43712,2024-06-26 06:00:00
1719382500000,61606.94,61678.83,61554.72,61607.54,254.72969,2024-06-26 06:15:00
1719383400000,61607.53,61650.0,61533.51,61540.62,136.64993,2024-06-26 06:30:00
1719384300000,61540.61,61642.0,61526.58,61577.21,139.72448,2024-06-26 06:45:00
1719385200000,61577.21,61650.0,61533.66,61650.0,165.49156,2024-06-26 07:00:00
1719386100000,61650.0,61748.12,61610.0,61616.15,177.60072,2024-06-26 07:15:00
1719387000000,61616.15,61800.0,61530.0,61690.33,356.16023,2024-06-26 07:30:00
1719387900000,61690.32,61736.34,61660.22,61720.02,207.28042,2024-06-26 07:45:00
1719388800000,61720.02,61754.6,61545.87,61550.36,185.93173,2024-06-26 08:00:00
1719389700000,61550.35,61559.98,61370.44,61516.76,341.06028,2024-06-26 08:15:00
1719390600000,61516.76,61565.86,61420.6,61529.99,184.12397,2024-06-26 08:30:00
1719391500000,61529.99,61574.82,61467.25,61472.48,149.25563,2024-06-26 08:45:00
1719392400000,61472.48,61477.16,61375.47,61459.99,186.80954,2024-06-26 09:00:00
1719393300000,61459.99,61510.0,61345.3,61506.01,193.91521,2024-06-26 09:15:00
1719394200000,61506.01,61524.34,61363.27,61363.28,100.25508,2024-06-26 09:30:00
1719395100000,61363.27,61431.18,61310.0,61376.73,181.66932,2024-06-26 09:45:00
1719396000000,61376.73,61418.82,61257.77,61330.53,222.00298,2024-06-26 10:00:00
1719396900000,61330.53,61333.16,61204.0,61306.01,407.61782,2024-06-26 10:15:00
1719397800000,61306.01,61349.97,61232.01,61232.02,306.79183,2024-06-26 10:30:00
1719398700000,61232.02,61324.76,61149.64,61264.3,303.56295,2024-06-26 10:45:00
1719399600000,61264.3,61515.86,61264.29,61515.86,196.16968,2024-06-26 11:00:00
1719400500000,61515.85,61561.47,61351.65,61351.66,186.61017,2024-06-26 11:15:00
1719401400000,61351.65,61406.93,61320.0,61338.31,213.91445,2024-06-26 11:30:00
1719402300000,61338.31,61455.26,61320.1,61445.26,133.71336,2024-06-26 11:45:00
1719403200000,61445.26,61588.13,61364.31,61380.0,234.77895,2024-06-26 12:00:00
1719404100000,61380.0,61534.2,61375.99,61456.94,198.95185,2024-06-26 12:15:00
1719405000000,61456.94,61517.06,61338.0,61358.91,104.15954,2024-06-26 12:30:00
1719405900000,61358.91,61580.0,61350.0,61431.47,557.34326,2024-06-26 12:45:00
1719406800000,61431.47,61606.45,61381.08,61430.01,273.831,2024-06-26 13:00:00
1719407700000,61430.01,61568.8,61418.34,61523.98,186.20501,2024-06-26 13:15:00
1719408600000,61523.98,61737.98,61490.01,61634.02,347.25392,2024-06-26 13:30:00
1719409500000,61634.02,61840.34,61600.47,61760.0,309.59706,2024-06-26 13:45:00
1719410400000,61760.0,61959.85,61722.01,61906.27,399.84911,2024-06-26 14:00:00
1719411300000,61906.27,61980.0,61650.0,61659.8,404.59364,2024-06-26 14:15:00
1719412200000,61659.8,61787.5,61549.61,61678.0,261.35105,2024-06-26 14:30:00
1719413100000,61677.99,61880.0,61656.0,61728.13,172.11652,2024-06-26 14:45:00
1719414000000,61728.13,61766.0,61225.66,61280.69,561.10378,2024-06-26 15:00:00
1719414900000,61280.69,61484.0,61255.77,61378.01,239.54013,2024-06-26 15:15:00
1719415800000,61378.0,61435.45,61182.8,61315.48,306.54756,2024-06-26 15:30:00
1719416700000,61315.48,61481.06,61305.56,61467.86,156.68404,2024-06-26 15:45:00
1719417600000,61467.85,61521.83,61373.2,61521.83,243.36046,2024-06-26 16:00:00
1719418500000,61521.83,61529.27,61396.0,61492.0,168.34749,2024-06-26 16:15:00
1719419400000,61492.0,61547.02,61434.0,61446.0,153.29613,2024-06-26 16:30:00
1719420300000,61445.99,61470.0,61151.63,61274.01,374.78974,2024-06-26 16:45:00
1719421200000,61274.0,61274.0,60856.0,60921.99,803.30747,2024-06-26 17:00:00
1719422100000,60921.99,61160.76,60855.0,61158.01,300.26346,2024-06-26 17:15:00
1719423000000,61158.01,61358.76,60940.0,61014.01,328.72342,2024-06-26 17:30:00
1719423900000,61014.01,61258.86,60983.44,61242.0,321.41389,2024-06-26 17:45:00
1719424800000,61242.0,61245.92,61004.63,61052.01,200.63835,2024-06-26 18:00:00
1719425700000,61052.01,61168.15,60961.6,61064.55,246.31866,2024-06-26 18:15:00
1719426600000,61064.54,61111.97,60916.0,60992.65,193.93298,2024-06-26 18:30:00
1719427500000,60992.65,61065.32,60902.0,60910.02,191.79479,2024-06-26 18:45:00
1719428400000,60910.02,60910.02,60726.2,60806.64,376.10049,2024-06-26 19:00:00
1719429300000,60806.64,60874.86,60715.3,60819.09,263.45557,2024-06-26 19:15:00
1719430200000,60819.09,61126.69,60757.44,60900.01,360.05167,2024-06-26 19:30:00
1719431100000,60900.01,61142.0,60754.16,61000.01,489.89528,2024-06-26 19:45:00
1719432000000,61000.01,61155.66,60770.01,60793.47,537.68412,2024-06-26 20:00:00
1719432900000,60793.47,60870.75,60712.0,60800.01,261.07509,2024-06-26 20:15:00
1719433800000,60800.01,60877.55,60750.0,60856.01,132.47043,2024-06-26 20:30:00
1719434700000,60856.01,60994.0,60832.0,60993.36,172.4156,2024-06-26 20:45:00
1719435600000,60993.36,61080.0,60964.67,60970.01,120.81913,2024-06-26 21:00:00
1719436500000,60970.01,61065.99,60921.04,61037.35,105.64427,2024-06-26 21:15:00
1719437400000,61037.35,61039.32,60972.62,61000.44,47.3366,2024-06-26 21:30:00
1719438300000,61000.44,61070.0,60990.38,61054.35,97.63605,2024-06-26 21:45:00
1719439200000,61054.35,61054.36,60980.0,60991.44,110.22042,2024-06-26 22:00:00
1719440100000,60991.44,61011.13,60940.0,60947.38,63.9735,2024-06-26 22:15:00
1719441000000,60947.37,60966.5,60842.65,60842.66,75.67619,2024-06-26 22:30:00
1719441900000,60842.1,60935.78,60783.13,60924.61,179.28816,2024-06-26 22:45:00
1719442800000,60924.61,60969.79,60870.0,60920.01,82.40398,2024-06-26 23:00:00
1719443700000,60920.01,60920.01,60783.26,60858.09,84.30555,2024-06-26 23:15:00
1719444600000,60858.09,60911.0,60812.87,60830.93,84.0726,2024-06-26 23:30:00
1719445500000,60830.93,60864.99,60791.35,60864.99,76.70463,2024-06-26 23:45:00
1719446400000,60864.98,60906.01,60806.01,60840.01,148.13096,2024-06-27 00:00:00
1719447300000,60840.0,60961.53,60764.73,60845.99,147.34459,2024-06-27 00:15:00
1719448200000,60845.99,61052.65,60826.01,60984.96,176.22941,2024-06-27 00:30:00
1719449100000,60984.95,61026.31,60839.55,60982.0,239.33129,2024-06-27 00:45:00
1719450000000,60982.0,61040.0,60890.47,61013.31,121.59646,2024-06-27 01:00:00
1719450900000,61013.31,61109.09,60970.01,61029.44,106.55587,2024-06-27 01:15:00
1719451800000,61029.44,61120.41,61003.04,61118.0,208.19255,2024-06-27 01:30:00
1719452700000,61118.0,61150.0,61030.0,61064.01,84.92176,2024-06-27 01:45:00
1719453600000,61064.01,61090.0,60852.87,61010.01,164.36508,2024-06-27 02:00:00
1719454500000,61010.01,61014.65,60932.0,61009.99,93.82149,2024-06-27 02:15:00
1719455400000,61009.99,61096.02,60922.01,60930.08,101.92248,2024-06-27 02:30:00
1719456300000,60930.08,61029.49,60930.07,61029.49,93.47703,2024-06-27 02:45:00
1719457200000,61029.49,61048.64,60946.01,61048.64,101.0901,2024-06-27 03:00:00
1719458100000,61048.64,61300.0,61038.0,61134.02,306.95923,2024-06-27 03:15:00
1719459000000,61134.02,61192.0,61000.0,61015.71,160.75295,2024-06-27 03:30:00
1719459900000,61015.71,61062.0,60990.93,61037.31,136.31307,2024-06-27 03:45:00
1719460800000,61037.31,61089.62,61013.24,61086.8,107.87383,2024-06-27 04:00:00
1719461700000,61086.8,61192.0,61086.79,61148.25,205.56956,2024-06-27 04:15:00
1719462600000,61148.25,61178.0,61118.67,61147.2,87.11392,2024-06-27 04:30:00
1719463500000,61147.2,61147.2,61093.46,61114.02,68.01535,2024-06-27 04:45:00
1719464400000,61114.02,61148.84,61010.0,61020.0,85.54067,2024-06-27 05:00:00
1719465300000,61020.0,61020.0,60899.99,60945.64,171.99937,2024-06-27 05:15:00
1719466200000,60945.63,60992.0,60906.02,60992.0,127.27051,2024-06-27 05:30:00
1719467100000,60992.0,60998.94,60792.0,60805.5,157.76718,2024-06-27 05:45:00
1719468000000,60805.5,60853.06,60725.0,60760.01,266.78623,2024-06-27 06:00:00
1719468900000,60760.01,60800.0,60654.0,60785.14,316.69114,2024-06-27 06:15:00
1719469800000,60785.14,60828.12,60662.59,60714.05,217.63003,2024-06-27 06:30:00
1719470700000,60714.04,60779.75,60606.63,60742.01,232.85451,2024-06-27 06:45:00
1719471600000,60742.0,60791.72,60715.54,60736.02,149.74145,2024-06-27 07:00:00
1719472500000,60736.01,60865.18,60736.01,60807.95,118.70562,2024-06-27 07:15:00
1719473400000,60807.94,60914.51,60766.23,60834.02,274.90614,2024-06-27 07:30:00
1719474300000,60834.01,60870.0,60750.97,60794.01,126.27097,2024-06-27 07:45:00
1719475200000,60794.01,60855.15,60772.0,60841.04,129.8142,2024-06-27 08:00:00
1719476100000,60841.04,60841.04,60766.88,60797.22,119.08705,2024-06-27 08:15:00
1719477000000,60797.22,60798.33,60739.0,60786.0,69.90882,2024-06-27 08:30:00
1719477900000,60786.0,60866.0,60736.62,60866.0,116.40918,2024-06-27 08:45:00
1719478800000,60866.0,60940.0,60818.0,60906.38,116.60589,2024-06-27 09:00:00
1719479700000,60906.37,61047.57,60894.01,61025.56,245.64672,2024-06-27 09:15:00
1719480600000,61025.56,61089.6,60995.08,61089.6,146.61603,2024-06-27 09:30:00
1719481500000,61089.6,61346.0,61083.24,61282.78,315.46205,2024-06-27 09:45:00
1719482400000,61282.78,61350.67,61178.21,61181.97,180.48684,2024-06-27 10:00:00
1719483300000,61181.96,61274.0,61175.51,61258.01,132.04116,2024-06-27 10:15:00
1719484200000,61258.0,61455.15,61204.94,61230.12,302.78166,2024-06-27 10:30:00
1719485100000,61230.12,61230.12,61110.0,61110.01,173.13793,2024-06-27 10:45:00
1719486000000,61110.01,61206.12,61096.0,61165.98,132.09137,2024-06-27 11:00:00
1719486900000,61165.98,61252.72,61122.0,61128.01,130.66523,2024-06-27 11:15:00
1719487800000,61128.01,61279.99,61128.0,61257.88,194.97007,2024-06-27 11:30:00
1719488700000,61257.88,61314.2,61196.01,61196.02,122.33332,2024-06-27 11:45:00
1719489600000,61196.01,61499.7,61191.22,61391.67,450.16588,2024-06-27 12:00:00
1719490500000,61391.66,61516.88,61313.0,61496.16,213.33031,2024-06-27 12:15:00
1719491400000,61496.16,61660.0,61171.87,61228.0,399.09796,2024-06-27 12:30:00
1719492300000,61227.99,61357.25,61154.6,61341.88,135.92379,2024-06-27 12:45:00
1719493200000,61341.87,61768.09,61314.0,61620.01,549.1514,2024-06-27 13:00:00
1719494100000,61620.0,61832.88,61582.0,61584.66,433.63777,2024-06-27 13:15:00
1719495000000,61584.65,61876.26,61564.0,61710.64,396.89896,2024-06-27 13:30:00
1719495900000,61710.64,61994.0,61651.73,61990.0,382.13855,2024-06-27 13:45:00
1719496800000,61990.0,62360.0,61984.0,62360.0,774.09994,2024-06-27 14:00:00
1719497700000,62360.0,62389.22,62212.71,62232.18,530.13424,2024-06-27 14:15:00
1719498600000,62232.18,62272.82,61982.45,62058.02,361.7145,2024-06-27 14:30:00
1719499500000,62058.02,62066.0,61696.64,61729.99,430.8707,2024-06-27 14:45:00
1719500400000,61730.0,61847.0,61644.07,61778.03,477.35664,2024-06-27 15:00:00
1719501300000,61778.03,61855.23,61609.48,61646.0,234.75358,2024-06-27 15:15:00
1719502200000,61645.99,61690.0,61532.45,61598.81,275.8208,2024-06-27 15:30:00
1719503100000,61598.81,61678.0,61545.57,61576.0,201.9639,2024-06-27 15:45:00
1719504000000,61576.0,61783.27,61571.87,61755.86,205.13895,2024-06-27 16:00:00
1719504900000,61755.86,61800.0,61580.0,61634.0,179.46039,2024-06-27 16:15:00
1719505800000,61634.0,61790.0,61539.77,61790.0,186.62416,2024-06-27 16:30:00
1719506700000,61790.0,61829.99,61686.02,61714.57,145.28675,2024-06-27 16:45:00
1719507600000,61714.58,61890.0,61690.0,61870.01,195.31589,2024-06-27 17:00:00
1719508500000,61870.01,62015.52,61806.01,61984.94,175.84953,2024-06-27 17:15:00
1719509400000,61984.94,61990.0,61764.5,61764.74,161.68832,2024-06-27 17:30:00
1719510300000,61764.73,61944.0,61764.73,61842.11,122.21564,2024-06-27 17:45:00
1719511200000,61842.11,61884.0,61740.0,61856.01,139.26722,2024-06-27 18:00:00
1719512100000,61856.01,61860.0,61760.0,61836.01,129.11476,2024-06-27 18:15:00
1719513000000,61836.01,61930.0,61760.0,61790.0,130.75615,2024-06-27 18:30:00
1719513900000,61790.0,61888.74,61763.11,61882.39,116.88379,2024-06-27 18:45:00
1719514800000,61882.39,61890.0,61600.0,61660.01,173.47405,2024-06-27 19:00:00
1719515700000,61660.0,61660.01,61551.2,61589.07,115.00707,2024-06-27 19:15:00
1719516600000,61589.06,61609.99,61449.82,61524.01,178.16577,2024-06-27 19:30:00
1719517500000,61524.02,61567.94,61411.7,61450.0,203.12523,2024-06-27 19:45:00
1719518400000,61450.0,61540.48,61338.56,61512.68,231.67025,2024-06-27 20:00:00
1719519300000,61512.68,61582.0,61405.98,61434.74,144.53255,2024-06-27 20:15:00
1719520200000,61434.74,61547.72,61432.0,61540.88,82.1526,2024-06-27 20:30:00
1719521100000,61540.88,61563.5,61469.25,61493.11,101.24801,2024-06-27 20:45:00
1719522000000,61493.11,61557.51,61472.01,61539.99,84.96831,2024-06-27 21:00:00
1719522900000,61539.99,61554.37,61511.37,61540.24,123.53891,2024-06-27 21:15:00
1719523800000,61540.24,61587.06,61538.62,61583.16,54.90559,2024-06-27 21:30:00
1719524700000,61583.16,61583.16,61514.49,61536.04,47.36871,2024-06-27 21:45:00
1719525600000,61536.04,61581.35,61523.03,61581.35,49.80614,2024-06-27 22:00:00
1719526500000,61581.35,61656.0,61581.34,61617.99,157.76564,2024-06-27 22:15:00
1719527400000,61617.99,61670.0,61580.02,61670.0,80.19364,2024-06-27 22:30:00
1719528300000,61669.99,61672.46,61615.43,61640.01,52.16671,2024-06-27 22:45:00
1719529200000,61640.01,61679.95,61611.0,61626.02,77.74662,2024-06-27 23:00:00
1719530100000,61626.01,61691.23,61620.25,61666.05,87.38051,2024-06-27 23:15:00
1719531000000,61666.05,61719.92,61629.22,61646.6,237.65267,2024-06-27 23:30:00
1719531900000,61646.6,61706.47,61622.65,61706.47,192.95854,2024-06-27 23:45:00
1719532800000,61706.46,61729.85,61647.65,61678.94,267.04036,2024-06-28 00:00:00
1719533700000,61678.94,61678.94,61518.27,61541.92,135.15422,2024-06-28 00:15:00
1719534600000,61541.92,61589.49,61501.99,61570.0,82.08418,2024-06-28 00:30:00
1719535500000,61570.0,61597.68,61472.37,61560.0,112.41342,2024-06-28 00:45:00
1719536400000,61559.99,61628.0,61500.0,61628.0,78.81591,2024-06-28 01:00:00
1719537300000,61628.0,62168.0,61628.0,61940.01,444.65311,2024-06-28 01:15:00
1719538200000,61940.01,62225.31,61920.96,62037.34,264.37415,2024-06-28 01:30:00
1719539100000,62037.34,62124.84,61828.3,62091.99,378.84395,2024-06-28 01:45:00
1719540000000,62091.99,62149.77,61931.51,61938.26,317.94986,2024-06-28 02:00:00
1719540900000,61938.25,62090.0,61764.0,61764.01,425.63867,2024-06-28 02:15:00
1719541800000,61764.0,61809.99,61675.79,61768.01,357.43788,2024-06-28 02:30:00
1719542700000,61768.0,61792.4,61584.76,61730.67,470.96104,2024-06-28 02:45:00
1719543600000,61730.67,61800.0,61650.01,61782.01,279.97995,2024-06-28 03:00:00
1719544500000,61782.0,61873.71,61782.0,61863.55,96.91356,2024-06-28 03:15:00
1719545400000,61863.54,61919.33,61777.67,61805.69,157.70141,2024-06-28 03:30:00
1719546300000,61805.7,61860.0,61791.55,61828.17,80.38246,2024-06-28 03:45:00
1719547200000,61828.17,61834.41,61732.86,61734.01,102.74386,2024-06-28 04:00:00
1719548100000,61734.01,61737.52,61500.07,61540.91,246.62829,2024-06-28 04:15:00
1719549000000,61540.91,61656.43,61534.39,61644.1,99.88396,2024-06-28 04:30:00
1719549900000,61644.09,61750.44,61644.09,61750.44,115.2777,2024-06-28 04:45:00
1719550800000,61750.44,61750.44,61640.0,61652.46,69.91201,2024-06-28 05:00:00
1719551700000,61652.46,61659.98,61555.93,61597.87,118.79328,2024-06-28 05:15:00
1719552600000,61597.87,61622.31,61500.0,61515.0,146.65126,2024-06-28 05:30:00
1719553500000,61515.0,61650.0,61510.0,61604.01,174.09534,2024-06-28 05:45:00
1719554400000,61604.0,61669.41,61504.48,61666.67,150.18359,2024-06-28 06:00:00
1719555300000,61666.66,61666.67,61560.0,61613.48,100.78304,2024-06-28 06:15:00
1719556200000,61613.48,61640.0,61544.2,61592.92,91.96921,2024-06-28 06:30:00
1719557100000,61592.91,61620.96,61542.78,61620.96,76.24642,2024-06-28 06:45:00
1719558000000,61620.96,61620.96,61546.1,61584.97,90.42739,2024-06-28 07:00:00
1719558900000,61584.97,61594.9,61470.32,61497.17,310.99299,2024-06-28 07:15:00
1719559800000,61497.17,61522.0,61380.0,61410.0,279.92234,2024-06-28 07:30:00
1719560700000,61410.0,61410.0,61236.0,61350.01,505.1099,2024-06-28 07:45:00
1719561600000,61350.01,61420.0,61212.11,61330.01,252.68278,2024-06-28 08:00:00
1719562500000,61330.01,61409.59,61324.0,61396.01,120.35471,2024-06-28 08:15:00
1719563400000,61396.01,61449.99,61360.0,61377.18,118.54474,2024-06-28 08:30:00
1719564300000,61377.18,61480.21,61342.13,61480.21,187.04586,2024-06-28 08:45:00
1719565200000,61480.21,61500.0,61437.3,61457.3,116.82421,2024-06-28 09:00:00
1719566100000,61457.3,61485.97,61401.18,61422.01,152.91214,2024-06-28 09:15:00
1719567000000,61422.01,61463.26,61349.99,61420.0,298.68361,2024-06-28 09:30:00
1719567900000,61420.0,61592.0,61397.52,61547.55,282.66563,2024-06-28 09:45:00
1719568800000,61547.55,61578.0,61489.6,61498.0,120.40306,2024-06-28 10:00:00
1719569700000,61498.0,61521.68,61435.41,61521.68,259.05449,2024-06-28 10:15:00
1719570600000,61521.68,61595.68,61521.68,61556.57,208.70116,2024-06-28 10:30:00
1719571500000,61556.57,61572.97,61497.28,61548.14,259.43592,2024-06-28 10:45:00
1719572400000,61548.14,61567.08,61482.96,61557.64,167.89147,2024-06-28 11:00:00
1719573300000,61557.64,61749.99,61557.63,61713.19,407.58031,2024-06-28 11:15:00
1719574200000,61713.19,61792.34,61662.37,61680.0,297.84235,2024-06-28 11:30:00
1719575100000,61680.0,61695.89,61630.0,61690.0,146.90405,2024-06-28 11:45:00
1719576000000,61690.0,61766.0,61654.35,61766.0,164.82137,2024-06-28 12:00:00
1719576900000,61766.0,61824.09,61620.0,61792.01,327.7009,2024-06-28 12:15:00
1719577800000,61792.0,61875.0,61275.61,61510.01,1500.31226,2024-06-28 12:30:00
1719578700000,61510.01,61544.27,61353.66,61395.09,311.06861,2024-06-28 12:45:00
1719579600000,61395.09,61445.94,61273.2,61380.01,460.38239,2024-06-28 13:00:00
1719580500000,61380.0,61522.0,61304.18,61479.97,212.37354,2024-06-28 13:15:00
1719581400000,61479.96,61848.49,61400.52,61769.99,428.2418,2024-06-28 13:30:00
1719582300000,61769.99,61796.04,61233.92,61297.99,708.24107,2024-06-28 13:45:00
1719583200000,61297.99,61510.0,61241.29,61338.01,412.28079,2024-06-28 14:00:00
1719584100000,61338.01,61399.99,61020.0,61082.0,623.07168,2024-06-28 14:15:00
1719585000000,61082.01,61184.99,60871.75,60895.01,710.62191,2024-06-28 14:30:00
1719585900000,60895.01,60957.15,60780.01,60928.02,442.6434,2024-06-28 14:45:00
1719586800000,60928.01,60979.77,60751.0,60812.88,391.99874,2024-06-28 15:00:00
1719587700000,60812.88,61032.8,60760.0,61015.35,304.69986,2024-06-28 15:15:00
1719588600000,61015.34,61054.65,60925.0,60946.0,213.80378,2024-06-28 15:30:00
1719589500000,60946.0,61191.62,60930.0,61062.01,433.57017,2024-06-28 15:45:00
1719590400000,61062.0,61119.58,60891.57,60990.13,287.97839,2024-06-28 16:00:00
1719591300000,60990.13,61008.18,60770.18,60883.22,316.92024,2024-06-28 16:15:00
1719592200000,60883.22,60930.0,60696.0,60830.01,431.065,2024-06-28 16:30:00
1719593100000,60830.0,60949.98,60650.0,60940.01,497.94156,2024-06-28 16:45:00
1719594000000,60940.01,61000.0,60782.0,60992.01,249.07787,2024-06-28 17:00:00
1719594900000,60992.01,61076.25,60923.43,60980.01,190.81986,2024-06-28 17:15:00
1719595800000,60980.01,61029.13,60861.97,60898.01,229.03979,2024-06-28 17:30:00
1719596700000,60898.01,60925.17,60708.32,60826.63,213.44539,2024-06-28 17:45:00
1719597600000,60826.63,60847.79,60726.18,60830.0,218.6291,2024-06-28 18:00:00
1719598500000,60830.0,60870.0,60669.74,60748.01,174.58254,2024-06-28 18:15:00
1719599400000,60746.0,60857.58,60716.83,60817.34,159.54217,2024-06-28 18:30:00
1719600300000,60817.34,60858.4,60770.0,60828.02,120.96951,2024-06-28 18:45:00
1719601200000,60828.02,60849.82,60680.0,60749.63,169.58623,2024-06-28 19:00:00
1719602100000,60749.63,60749.64,60290.27,60446.02,869.41551,2024-06-28 19:15:00
1719603000000,60446.01,60477.75,60216.76,60446.29,475.98656,2024-06-28 19:30:00
1719603900000,60446.28,60473.97,60079.41,60123.73,526.47523,2024-06-28 19:45:00
1719604800000,60123.73,60270.9,60063.0,60208.01,428.47849,2024-06-28 20:00:00
1719605700000,60208.0,60357.93,60200.4,60286.02,157.37622,2024-06-28 20:15:00
1719606600000,60286.02,60339.6,60209.15,60247.61,151.66753,2024-06-28 20:30:00
1719607500000,60247.61,60298.0,60214.53,60229.92,76.78751,2024-06-28 20:45:00
1719608400000,60229.92,60285.15,60132.83,60276.01,203.5095,2024-06-28 21:00:00
1719609300000,60276.01,60373.56,60276.01,60282.12,113.28265,2024-06-28 21:15:00
1719610200000,60282.12,60325.6,60270.05,60316.6,63.43745,2024-06-28 21:30:00
1719611100000,60316.6,60400.0,60316.59,60366.01,83.40418,2024-06-28 21:45:00
1719612000000,60366.0,60412.4,60333.56,60342.7,139.69907,2024-06-28 22:00:00
1719612900000,60342.7,60402.0,60305.01,60306.01,129.23304,2024-06-28 22:15:00
1719613800000,60306.01,60379.53,60293.88,60368.7,72.69295,2024-06-28 22:30:00
1719614700000,60368.7,60391.16,60332.0,60367.99,67.35687,2024-06-28 22:45:00
1719615600000,60367.99,60427.97,60360.0,60413.21,74.2383,2024-06-28 23:00:00
1719616500000,60413.21,60423.57,60376.71,60394.93,102.08384,2024-06-28 23:15:00
1719617400000,60394.93,60447.95,60377.01,60423.98,104.23476,2024-06-28 23:30:00
1719618300000,60423.98,60450.0,60406.0,60427.84,48.91177,2024-06-28 23:45:00
1719619200000,60427.84,60478.0,60383.77,60478.0,288.8908,2024-06-29 00:00:00
1719620100000,60478.0,60698.0,60466.04,60657.95,485.44126,2024-06-29 00:15:00
1719621000000,60657.95,60820.0,60652.43,60667.98,244.07658,2024-06-29 00:30:00
1719621900000,60667.98,60809.93,60560.0,60770.71,367.76703,2024-06-29 00:45:00
1719622800000,60770.71,60975.98,60757.04,60934.69,251.90987,2024-06-29 01:00:00
1719623700000,60934.69,60934.69,60834.33,60835.99,185.22775,2024-06-29 01:15:00
1719624600000,60835.98,60998.02,60835.98,60991.57,211.99264,2024-06-29 01:30:00
1719625500000,60991.56,61009.29,60892.0,60901.03,165.90636,2024-06-29 01:45:00
1719626400000,60901.03,60978.28,60797.76,60850.0,153.54279,2024-06-29 02:00:00
1719627300000,60850.0,60893.28,60810.21,60842.62,141.07057,2024-06-29 02:15:00
1719628200000,60842.62,60842.62,60792.04,60806.78,122.01054,2024-06-29 02:30:00
1719629100000,60806.77,60828.93,60703.53,60766.05,186.1975,2024-06-29 02:45:00
1719630000000,60766.05,60799.26,60735.55,60758.0,71.31622,2024-06-29 03:00:00
1719630900000,60757.99,60772.0,60714.04,60756.0,90.02566,2024-06-29 03:15:00
1719631800000,60756.0,60811.45,60725.66,60797.25,70.81446,2024-06-29 03:30:00
1719632700000,60797.25,60797.25,60725.88,60762.0,68.98341,2024-06-29 03:45:00
1719633600000,60762.0,60783.22,60732.01,60732.03,57.58906,2024-06-29 04:00:00
1719634500000,60732.03,60747.99,60704.46,60725.49,76.33576,2024-06-29 04:15:00
1719635400000,60725.48,60745.91,60710.67,60735.47,73.56266,2024-06-29 04:30:00
1719636300000,60735.47,60800.0,60735.47,60773.55,43.62485,2024-06-29 04:45:00
1719637200000,60773.55,60788.2,60760.41,60760.42,49.04381,2024-06-29 05:00:00
1719638100000,60760.42,60773.96,60726.05,60760.43,59.55062,2024-06-29 05:15:00
1719639000000,60760.42,60773.53,60729.57,60729.58,92.90249,2024-06-29 05:30:00
1719639900000,60729.57,60778.82,60729.57,60762.02,48.56279,2024-06-29 05:45:00
1719640800000,60762.02,60795.99,60742.08,60778.0,60.44071,2024-06-29 06:00:00
1719641700000,60777.99,60800.39,60766.0,60794.45,61.61417,2024-06-29 06:15:00
1719642600000,60794.45,60857.28,60770.9,60770.91,88.87751,2024-06-29 06:30:00
1719643500000,60770.91,60847.75,60770.9,60847.75,35.75832,2024-06-29 06:45:00
1719644400000,60847.75,60973.67,60831.44,60952.01,117.57834,2024-06-29 07:00:00
1719645300000,60952.01,61131.0,60901.89,61116.0,440.70137,2024-06-29 07:15:00
1719646200000,61115.99,61146.64,61047.01,61114.57,243.73122,2024-06-29 07:30:00
1719647100000,61114.57,61121.44,61048.1,61052.3,113.0243,2024-06-29 07:45:00
1719648000000,61052.3,61087.36,60951.38,60975.36,196.86679,2024-06-29 08:00:00
1719648900000,60975.36,60995.16,60943.86,60960.0,85.61697,2024-06-29 08:15:00
1719649800000,60960.0,60984.0,60920.0,60920.01,97.37153,2024-06-29 08:30:00
1719650700000,60920.0,60986.28,60912.72,60982.03,75.66497,2024-06-29 08:45:00
1719651600000,60982.03,61006.68,60922.86,60922.87,88.72985,2024-06-29 09:00:00
1719652500000,60922.87,60923.78,60890.03,60919.92,163.17699,2024-06-29 09:15:00
1719653400000,60919.92,60936.0,60890.21,60924.01,103.76997,2024-06-29 09:30:00
1719654300000,60924.01,60970.0,60924.0,60970.0,122.99996,2024-06-29 09:45:00
1719655200000,60970.0,60993.36,60911.72,60929.39,106.17832,2024-06-29 10:00:00
1719656100000,60929.38,60950.84,60907.8,60950.84,71.07434,2024-06-29 10:15:00
1719657000000,60950.84,61033.34,60950.83,60988.26,213.71512,2024-06-29 10:30:00
1719657900000,60988.26,61033.0,60984.08,60994.36,70.96807,2024-06-29 10:45:00
1719658800000,60994.36,60994.36,60953.33,60958.07,93.01598,2024-06-29 11:00:00
1719659700000,60958.07,60998.99,60923.74,60998.99,62.54371,2024-06-29 11:15:00
1719660600000,60998.98,61224.0,60998.98,61170.0,412.63379,2024-06-29 11:30:00
1719661500000,61170.0,61210.0,61102.32,61102.33,326.09218,2024-06-29 11:45:00
1719662400000,61102.33,61161.8,61068.24,61084.01,248.65931,2024-06-29 12:00:00
1719663300000,61084.01,61144.98,61084.0,61106.53,103.88747,2024-06-29 12:15:00
1719664200000,61106.53,61131.09,61074.0,61087.48,79.06284,2024-06-29 12:30:00
1719665100000,61087.48,61101.31,60990.74,61045.43,140.63875,2024-06-29 12:45:00
1719666000000,61045.43,61072.3,61010.0,61024.49,104.16879,2024-06-29 13:00:00
1719666900000,61024.49,61100.0,61024.48,61060.68,129.18599,2024-06-29 13:15:00
1719667800000,61060.68,61182.7,61060.67,61154.16,176.57043,2024-06-29 13:30:00
1719668700000,61154.16,61180.0,61099.75,61102.98,108.0414,2024-06-29 13:45:00
1719669600000,61102.98,61160.0,61070.92,61102.15,104.9121,2024-06-29 14:00:00
1719670500000,61102.15,61107.21,60949.67,61017.99,225.8095,2024-06-29 14:15:00
1719671400000,61017.98,61050.0,60958.65,60989.57,118.03774,2024-06-29 14:30:00
1719672300000,60989.57,61025.0,60962.0,61018.01,93.67162,2024-06-29 14:45:00
1719673200000,61018.01,61047.99,60956.79,60997.49,111.48346,2024-06-29 15:00:00
1719674100000,60997.49,61006.57,60960.98,60991.67,68.1691,2024-06-29 15:15:00
1719675000000,60991.67,61027.46,60972.52,61020.0,86.29657,2024-06-29 15:30:00
1719675900000,61019.99,61106.0,61019.99,61106.0,98.2379,2024-06-29 15:45:00
1719676800000,61106.0,61124.0,61018.22,61018.23,87.41355,2024-06-29 16:00:00
1719677700000,61018.23,61018.23,60915.12,60943.25,137.44041,2024-06-29 16:15:00
1719678600000,60943.25,60993.91,60943.24,60980.02,66.08516,2024-06-29 16:30:00
1719679500000,60980.01,61009.91,60956.0,61009.91,95.74923,2024-06-29 16:45:00
1719680400000,61009.91,61009.91,60937.03,60971.02,96.92389,2024-06-29 17:00:00
1719681300000,60971.01,61007.83,60950.0,61007.83,50.95393,2024-06-29 17:15:00
1719682200000,61007.83,61014.87,60978.01,61004.99,49.51204,2024-06-29 17:30:00
1719683100000,61004.99,61060.98,60980.0,61040.77,142.59402,2024-06-29 17:45:00
1719684000000,61040.77,61065.0,61020.03,61044.25,79.8882,2024-06-29 18:00:00
1719684900000,61044.25,61056.18,61001.45,61001.46,43.08243,2024-06-29 18:15:00
1719685800000,61001.46,61023.25,60992.08,61004.0,53.05773,2024-06-29 18:30:00
1719686700000,61003.99,61059.04,60990.0,61059.04,56.43451,2024-06-29 18:45:00
1719687600000,61059.04,61080.0,61033.82,61075.0,65.41553,2024-06-29 19:00:00
1719688500000,61075.0,61075.0,61039.8,61043.56,75.02052,2024-06-29 19:15:00
1719689400000,61043.55,61043.56,60933.98,61043.56,110.96037,2024-06-29 19:30:00
1719690300000,61043.55,61057.39,61025.0,61057.39,39.89231,2024-06-29 19:45:00
1719691200000,61057.38,61079.3,61000.06,61058.69,91.74824,2024-06-29 20:00:00
1719692100000,61058.68,61088.4,61040.0,61068.69,76.48646,2024-06-29 20:15:00
1719693000000,61068.68,61068.69,61000.0,61000.01,61.75697,2024-06-29 20:30:00
1719693900000,61000.01,61052.74,60970.0,61050.0,89.47268,2024-06-29 20:45:00
1719694800000,61050.0,61050.0,60970.0,60986.0,102.63422,2024-06-29 21:00:00
1719695700000,60986.0,61089.63,60944.94,61060.22,114.57005,2024-06-29 21:15:00
1719696600000,61060.22,61090.0,61035.02,61043.82,60.61188,2024-06-29 21:30:00
1719697500000,61043.82,61044.99,61031.97,61044.99,41.71852,2024-06-29 21:45:00
1719698400000,61044.99,61060.0,61010.01,61010.02,77.62048,2024-06-29 22:00:00
1719699300000,61010.02,61010.02,60924.0,60970.0,91.77892,2024-06-29 22:15:00
1719700200000,60970.0,60980.0,60921.05,60969.59,52.82737,2024-06-29 22:30:00
1719701100000,60969.59,61007.23,60839.51,60970.0,140.53328,2024-06-29 22:45:00
1719702000000,60970.0,61037.25,60960.0,61034.0,57.8924,2024-06-29 23:00:00
1719702900000,61034.0,61059.37,61006.0,61011.43,50.81145,2024-06-29 23:15:00
1719703800000,61011.42,61029.49,60980.0,60983.59,55.4968,2024-06-29 23:30:00
1719704700000,60983.59,60989.24,60940.0,60986.68,37.85256,2024-06-29 23:45:00
1719705600000,60986.68,60999.99,60940.0,60940.01,96.30799,2024-06-30 00:00:00
1719706500000,60940.01,61025.0,60922.0,61020.79,127.88352,2024-06-30 00:15:00
1719707400000,61020.79,61074.0,61010.0,61058.21,76.22923,2024-06-30 00:30:00
1719708300000,61058.21,61078.01,61023.22,61024.55,62.51712,2024-06-30 00:45:00
1719709200000,61024.55,61038.14,60930.03,60990.0,70.17405,2024-06-30 01:00:00
1719710100000,60990.0,61043.44,60939.25,61043.13,119.22208,2024-06-30 01:15:00
1719711000000,61043.13,61043.13,60964.0,60969.35,68.02282,2024-06-30 01:30:00
1719711900000,60969.35,60980.0,60931.1,60961.99,82.81181,2024-06-30 01:45:00
1719712800000,60961.99,60961.99,60907.73,60948.74,55.36387,2024-06-30 02:00:00
1719713700000,60948.74,60948.74,60841.83,60900.0,223.13957,2024-06-30 02:15:00
1719714600000,60900.0,60952.3,60843.15,60867.72,234.30301,2024-06-30 02:30:00
1719715500000,60867.72,60874.92,60740.94,60834.27,266.5668,2024-06-30 02:45:00
1719716400000,60834.27,60879.57,60803.98,60834.0,82.01809,2024-06-30 03:00:00
1719717300000,60834.0,60864.0,60791.98,60840.01,63.93643,2024-06-30 03:15:00
1719718200000,60840.01,60934.0,60836.38,60916.01,81.29281,2024-06-30 03:30:00
1719719100000,60916.0,60949.36,60888.88,60898.32,96.32828,2024-06-30 03:45:00
1719720000000,60898.32,60898.32,60852.93,60871.21,68.3902,2024-06-30 04:00:00
1719720900000,60871.2,60901.2,60798.77,60798.78,77.65424,2024-06-30 04:15:00
1719721800000,60798.78,60813.44,60779.99,60811.99,57.04437,2024-06-30 04:30:00
1719722700000,60811.99,60811.99,60765.18,60777.55,68.25231,2024-06-30 04:45:00
1719723600000,60777.54,60784.5,60734.8,60739.83,89.49576,2024-06-30 05:00:00
1719724500000,60739.83,60765.36,60712.21,60765.36,85.60845,2024-06-30 05:15:00
1719725400000,60765.35,60809.99,60750.0,60766.2,57.19566,2024-06-30 05:30:00
1719726300000,60766.2,60806.56,60766.19,60789.26,59.60388,2024-06-30 05:45:00
1719727200000,60789.26,60850.0,60771.33,60850.0,97.59387,2024-06-30 06:00:00
1719728100000,60850.0,60874.97,60840.0,60874.97,75.36465,2024-06-30 06:15:00
1719729000000,60874.97,60962.71,60864.65,60960.0,125.5424,2024-06-30 06:30:00
1719729900000,60960.0,61040.18,60936.0,61040.18,135.92033,2024-06-30 06:45:00
1719730800000,61040.17,61775.99,61040.17,61727.58,1056.68089,2024-06-30 07:00:00
1719731700000,61727.58,61782.0,61499.88,61651.52,553.76071,2024-06-30 07:15:00
1719732600000,61651.52,61676.18,61550.0,61620.01,287.81501,2024-06-30 07:30:00
1719733500000,61620.01,61624.0,61389.56,61528.01,247.867,2024-06-30 07:45:00
1719734400000,61528.01,61608.07,61393.07,61433.0,270.07181,2024-06-30 08:00:00
1719735300000,61433.0,61544.32,61432.23,61491.23,159.97878,2024-06-30 08:15:00
1719736200000,61491.23,61550.0,61444.0,61453.67,159.17339,2024-06-30 08:30:00
1719737100000,61453.67,61586.34,61432.61,61556.01,126.77159,2024-06-30 08:45:00
1719738000000,61556.0,61621.12,61511.32,61575.94,134.28164,2024-06-30 09:00:00
1719738900000,61575.94,61682.46,61560.0,61679.99,182.51714,2024-06-30 09:15:00
1719739800000,61679.98,61713.65,61605.06,61610.01,170.69411,2024-06-30 09:30:00
1719740700000,61610.01,61610.01,61511.11,61529.7,145.4043,2024-06-30 09:45:00
1719741600000,61529.7,61620.0,61523.23,61605.72,85.7106,2024-06-30 10:00:00
1719742500000,61605.72,61619.13,61530.0,61603.75,105.86251,2024-06-30 10:15:00
1719743400000,61603.75,61634.72,61544.71,61544.72,103.34601,2024-06-30 10:30:00
1719744300000,61544.72,61557.99,61504.42,61540.0,84.91148,2024-06-30 10:45:00
1719745200000,61540.0,61658.76,61524.51,61654.68,197.45563,2024-06-30 11:00:00
1719746100000,61654.68,61668.0,61600.0,61600.01,124.7557,2024-06-30 11:15:00
1719747000000,61600.0,61616.53,61566.0,61568.18,160.12303,2024-06-30 11:30:00
1719747900000,61568.18,61614.3,61540.18,61560.0,142.54882,2024-06-30 11:45:00
1719748800000,61560.0,61640.0,61559.99,61638.01,85.8315,2024-06-30 12:00:00
1719749700000,61638.01,61660.0,61582.48,61604.68,110.74832,2024-06-30 12:15:00
1719750600000,61604.68,61604.68,61346.0,61392.41,235.62732,2024-06-30 12:30:00
1719751500000,61392.42,61525.8,61382.01,61496.0,101.58383,2024-06-30 12:45:00
1719752400000,61496.0,61540.0,61456.34,61523.99,99.48291,2024-06-30 13:00:00
1719753300000,61524.0,61635.0,61491.55,61635.0,193.52977,2024-06-30 13:15:00
1719754200000,61635.0,61747.0,61574.0,61602.42,286.5521,2024-06-30 13:30:00
1719755100000,61602.42,61746.03,61602.41,61719.61,159.17449,2024-06-30 13:45:00
1719756000000,61719.61,61860.0,61631.27,61712.02,406.4331,2024-06-30 14:00:00
1719756900000,61712.01,61750.0,61568.16,61598.28,219.83252,2024-06-30 14:15:00
1719757800000,61598.27,61670.0,61550.02,61560.01,137.89842,2024-06-30 14:30:00
1719758700000,61560.01,61658.0,61528.16,61587.11,116.00184,2024-06-30 14:45:00
1719759600000,61587.11,61691.7,61587.1,61690.02,128.3889,2024-06-30 15:00:00
1719760500000,61690.02,61690.02,61630.0,61660.0,85.69306,2024-06-30 15:15:00
1719761400000,61659.99,61730.0,61659.99,61724.71,163.31125,2024-06-30 15:30:00
1719762300000,61724.71,61776.71,61694.5,61717.9,134.79142,2024-06-30 15:45:00
1719763200000,61717.9,61749.08,61630.0,61664.89,150.29948,2024-06-30 16:00:00
1719764100000,61664.89,61676.0,61609.99,61610.0,113.88665,2024-06-30 16:15:00
1719765000000,61610.0,61666.0,61590.01,61640.01,92.03035,2024-06-30 16:30:00
1719765900000,61640.01,61659.98,61603.53,61603.54,51.77189,2024-06-30 16:45:00
1719766800000,61603.54,61644.0,61603.54,61620.01,52.0376,2024-06-30 17:00:00
1719767700000,61620.01,61864.01,61620.0,61797.71,324.58624,2024-06-30 17:15:00
1719768600000,61797.7,61843.17,61692.78,61713.44,271.92409,2024-06-30 17:30:00
1719769500000,61713.43,61774.0,61660.0,61707.99,105.79854,2024-06-30 17:45:00
1719770400000,61707.99,61756.69,61674.25,61706.67,137.41321,2024-06-30 18:00:00
1719771300000,61706.67,61764.0,61674.74,61760.02,63.20016,2024-06-30 18:15:00
1719772200000,61760.02,61826.0,61760.01,61826.0,53.04697,2024-06-30 18:30:00
1719773100000,61826.0,62109.81,61825.99,62055.31,492.01169,2024-06-30 18:45:00
1719774000000,62055.3,62094.32,61892.0,61926.01,193.21044,2024-06-30 19:00:00
1719774900000,61926.01,62030.0,61926.0,62004.01,139.25784,2024-06-30 19:15:00
1719775800000,62004.0,62081.01,61952.1,62081.01,125.70511,2024-06-30 19:30:00
1719776700000,62081.01,62100.0,61974.92,62026.83,126.9789,2024-06-30 19:45:00
1719777600000,62026.83,62104.0,62000.0,62070.73,135.721,2024-06-30 20:00:00
1719778500000,62070.72,62274.17,62054.81,62270.01,315.22595,2024-06-30 20:15:00
1719779400000,62270.01,62412.42,62117.45,62152.0,760.75451,2024-06-30 20:30:00
1719780300000,62151.99,62151.99,61980.92,61990.01,188.64359,2024-06-30 20:45:00
1719781200000,61990.0,62014.0,61888.0,61904.0,224.2853,2024-06-30 21:00:00
1719782100000,61903.99,61980.0,61860.0,61950.01,128.26235,2024-06-30 21:15:00
1719783000000,61950.0,61950.01,61884.56,61910.0,67.0884,2024-06-30 21:30:00
1719783900000,61910.0,61950.01,61835.2,61940.01,61.36319,2024-06-30 21:45:00
1719784800000,61940.0,62120.0,61940.0,62104.0,136.11944,2024-06-30 22:00:00
1719785700000,62104.0,62942.57,62080.91,62942.57,883.96253,2024-06-30 22:15:00
1719786600000,62942.56,62952.2,62714.13,62854.01,611.74447,2024-06-30 22:30:00
1719787500000,62854.01,62941.13,62734.63,62901.01,422.61879,2024-06-30 22:45:00
1719788400000,62901.0,63058.76,62825.01,62852.0,402.24367,2024-06-30 23:00:00
1719789300000,62852.0,62940.0,62826.0,62896.0,182.34126,2024-06-30 23:15:00
1719790200000,62896.0,62958.85,62864.0,62864.48,143.15061,2024-06-30 23:30:00
1719791100000,62864.48,62866.8,62762.32,62772.01,201.22264,2024-06-30 23:45:00
