timestamp,open,high,low,close,volume,datetime
1719792000000,62772.01,62809.01,62573.32,62624.0,416.77792,2024-07-01 00:00:00
1719792900000,62624.0,62744.99,62621.4,62720.02,196.18162,2024-07-01 00:15:00
1719793800000,62720.02,62839.49,62684.0,62804.6,192.89394,2024-07-01 00:30:00
1719794700000,62804.6,62944.0,62797.04,62931.99,181.27297,2024-07-01 00:45:00
1719795600000,62931.98,63653.37,62901.71,63644.0,1135.4786,2024-07-01 01:00:00
1719796500000,63644.0,63650.0,63410.0,63488.0,471.96011,2024-07-01 01:15:00
1719797400000,63487.99,63663.0,63474.96,63617.78,392.69738,2024-07-01 01:30:00
1719798300000,63617.77,63730.0,63540.82,63640.82,570.26562,2024-07-01 01:45:00
1719799200000,63640.81,63818.33,63375.3,63527.49,1027.20191,2024-07-01 02:00:00
1719800100000,63527.49,63614.24,63513.51,63572.54,399.97999,2024-07-01 02:15:00
1719801000000,63572.54,63605.55,63349.6,63390.0,429.59248,2024-07-01 02:30:00
1719801900000,63389.99,63448.0,63288.53,63435.86,180.55793,2024-07-01 02:45:00
1719802800000,63435.86,63536.47,63376.4,63457.38,377.81124,2024-07-01 03:00:00
1719803700000,63457.38,63518.34,63395.99,63456.92,461.83632,2024-07-01 03:15:00
1719804600000,63456.92,63468.0,63340.0,63371.72,256.6094,2024-07-01 03:30:00
1719805500000,63371.72,63477.28,63371.71,63437.69,168.20585,2024-07-01 03:45:00
1719806400000,63437.69,63466.92,63364.01,63395.16,153.62747,2024-07-01 04:00:00
1719807300000,63395.16,63438.26,63340.0,63347.99,92.30793,2024-07-01 04:15:00
1719808200000,63347.99,63363.7,63223.25,63229.82,180.4943,2024-07-01 04:30:00
1719809100000,63229.81,63306.0,63223.2,63279.79,90.7231,2024-07-01 04:45:00
1719810000000,63279.79,63365.73,63262.0,63340.31,112.77185,2024-07-01 05:00:00
1719810900000,63340.31,63425.47,63320.0,63387.73,94.74246,2024-07-01 05:15:00
1719811800000,63387.73,63457.47,63375.57,63392.01,133.63637,2024-07-01 05:30:00
1719812700000,63392.01,63447.98,63392.0,63432.94,77.11424,2024-07-01 05:45:00
1719813600000,63432.94,63456.97,63381.32,63381.33,97.60886,2024-07-01 06:00:00
1719814500000,63381.33,63384.0,63293.75,63382.0,122.94334,2024-07-01 06:15:00
1719815400000,63381.99,63420.0,63344.17,63362.01,170.25058,2024-07-01 06:30:00
1719816300000,63362.01,63464.74,63337.32,63404.0,135.80552,2024-07-01 06:45:00
1719817200000,63403.99,63432.0,63350.0,63432.0,122.13943,2024-07-01 07:00:00
1719818100000,63431.99,63432.0,63303.93,63313.73,83.38598,2024-07-01 07:15:00
1719819000000,63313.73,63362.91,63300.01,63334.87,142.37748,2024-07-01 07:30:00
1719819900000,63334.87,63362.91,63260.71,63277.84,138.94006,2024-07-01 07:45:00
1719820800000,63277.84,63314.99,63258.79,63260.01,118.85658,2024-07-01 08:00:00
1719821700000,63260.01,63294.0,63092.68,63117.84,262.19448,2024-07-01 08:15:00
1719822600000,63117.84,63124.0,62836.47,62890.0,485.07435,2024-07-01 08:30:00
1719823500000,62890.0,62989.22,62848.0,62923.91,522.76495,2024-07-01 08:45:00
1719824400000,62923.91,62997.98,62868.01,62886.13,181.46468,2024-07-01 09:00:00
1719825300000,62886.13,62920.0,62789.16,62840.4,286.38503,2024-07-01 09:15:00
1719826200000,62840.4,62945.74,62835.52,62878.0,121.80917,2024-07-01 09:30:00
1719827100000,62878.0,62970.0,62860.01,62938.97,141.5231,2024-07-01 09:45:00
1719828000000,62938.97,62977.99,62895.4,62902.57,212.06355,2024-07-01 10:00:00
1719828900000,62902.57,62940.0,62840.38,62872.0,124.55135,2024-07-01 10:15:00
1719829800000,62872.0,62940.01,62781.05,62840.0,141.2962,2024-07-01 10:30:00
1719830700000,62840.0,62885.0,62805.92,62852.24,137.36511,2024-07-01 10:45:00
1719831600000,62852.24,62858.0,62709.71,62812.05,228.74387,2024-07-01 11:00:00
1719832500000,62812.04,62850.01,62702.0,62756.14,304.24851,2024-07-01 11:15:00
1719833400000,62756.14,62767.99,62663.3,62737.72,252.65336,2024-07-01 11:30:00
1719834300000,62737.72,62737.72,62593.07,62662.09,224.12049,2024-07-01 11:45:00
1719835200000,62662.09,62846.52,62641.99,62691.81,240.87566,2024-07-01 12:00:00
1719836100000,62691.81,62777.93,62681.02,62760.01,150.0251,2024-07-01 12:15:00
1719837000000,62760.01,62898.03,62734.0,62856.12,156.46185,2024-07-01 12:30:00
1719837900000,62856.12,62900.0,62804.01,62882.0,136.8373,2024-07-01 12:45:00
1719838800000,62882.0,62999.99,62800.0,62831.95,187.48921,2024-07-01 13:00:00
1719839700000,62831.95,62946.0,62681.35,62946.0,207.09844,2024-07-01 13:15:00
1719840600000,62945.99,63081.11,62678.22,62705.99,428.30324,2024-07-01 13:30:00
1719841500000,62705.99,62751.65,62497.2,62685.27,503.88043,2024-07-01 13:45:00
1719842400000,62685.27,62900.0,62610.74,62624.77,449.36737,2024-07-01 14:00:00
1719843300000,62624.76,62870.0,62610.35,62832.01,336.53595,2024-07-01 14:15:00
1719844200000,62832.01,62944.0,62770.02,62848.01,360.41704,2024-07-01 14:30:00
1719845100000,62848.01,62881.91,62782.23,62826.02,279.47769,2024-07-01 14:45:00
1719846000000,62826.02,63070.11,62815.63,63030.76,445.91846,2024-07-01 15:00:00
1719846900000,63030.76,63030.76,62826.0,62944.69,217.58742,2024-07-01 15:15:00
1719847800000,62944.69,63011.61,62870.51,62934.27,189.63787,2024-07-01 15:30:00
1719848700000,62934.27,63166.11,62934.26,63132.9,224.79307,2024-07-01 15:45:00
1719849600000,63132.9,63338.12,62966.77,63282.0,411.97177,2024-07-01 16:00:00
1719850500000,63282.0,63318.99,63129.82,63183.42,241.7162,2024-07-01 16:15:00
1719851400000,63183.42,63315.0,63140.89,63180.0,453.29424,2024-07-01 16:30:00
1719852300000,63180.0,63193.99,63090.06,63119.33,217.99164,2024-07-01 16:45:00
1719853200000,63119.33,63188.1,63056.83,63110.02,266.52326,2024-07-01 17:00:00
1719854100000,63110.02,63380.0,63093.4,63339.77,238.76572,2024-07-01 17:15:00
1719855000000,63339.77,63618.0,63279.99,63604.0,476.26222,2024-07-01 17:30:00
1719855900000,63604.01,63697.66,63510.42,63697.66,380.20721,2024-07-01 17:45:00
1719856800000,63697.66,63743.2,63576.0,63648.87,382.56046,2024-07-01 18:00:00
1719857700000,63648.87,63861.76,63438.45,63520.5,615.14183,2024-07-01 18:15:00
1719858600000,63520.5,63604.0,63464.0,63561.86,281.32309,2024-07-01 18:30:00
1719859500000,63561.85,63730.0,63527.68,63649.99,253.81204,2024-07-01 18:45:00
1719860400000,63649.99,63649.99,63470.32,63529.07,193.26325,2024-07-01 19:00:00
1719861300000,63529.07,63533.99,63353.89,63392.07,212.78768,2024-07-01 19:15:00
1719862200000,63392.07,63411.41,63183.12,63210.01,329.57927,2024-07-01 19:30:00
1719863100000,63210.01,63345.52,63071.36,63226.78,524.75766,2024-07-01 19:45:00
1719864000000,63226.78,63330.0,63162.06,63295.22,243.0029,2024-07-01 20:00:00
1719864900000,63295.21,63423.48,63295.21,63348.01,121.18104,2024-07-01 20:15:00
1719865800000,63348.01,63380.0,63290.0,63302.09,87.61196,2024-07-01 20:30:00
1719866700000,63302.08,63344.59,63292.52,63292.53,91.51106,2024-07-01 20:45:00
1719867600000,63292.53,63292.53,63230.0,63230.01,84.45923,2024-07-01 21:00:00
1719868500000,63230.01,63230.01,63111.25,63138.0,95.65585,2024-07-01 21:15:00
1719869400000,63138.0,63179.47,63104.07,63179.47,62.86055,2024-07-01 21:30:00
1719870300000,63179.47,63198.26,63036.82,63130.01,99.54947,2024-07-01 21:45:00
1719871200000,63130.01,63162.5,63019.38,63058.0,127.64697,2024-07-01 22:00:00
1719872100000,63058.0,63123.73,62804.6,62881.34,294.55463,2024-07-01 22:15:00
1719873000000,62881.35,62929.53,62820.22,62911.99,103.96305,2024-07-01 22:30:00
1719873900000,62911.98,63020.0,62911.98,62975.1,132.59964,2024-07-01 22:45:00
1719874800000,62975.1,63037.18,62970.0,62997.53,111.679,2024-07-01 23:00:00
1719875700000,62997.53,63001.12,62849.7,62849.71,155.86404,2024-07-01 23:15:00
1719876600000,62849.7,62920.0,62834.0,62915.83,101.83908,2024-07-01 23:30:00
1719877500000,62915.83,62934.81,62864.0,62899.99,85.15624,2024-07-01 23:45:00
1719878400000,62900.0,62971.05,62850.06,62858.02,105.08391,2024-07-02 00:00:00
1719879300000,62858.02,62988.0,62787.42,62988.0,129.72163,2024-07-02 00:15:00
1719880200000,62988.0,62988.0,62864.0,62871.23,87.24164,2024-07-02 00:30:00
1719881100000,62871.24,62974.23,62864.3,62926.65,73.60619,2024-07-02 00:45:00
1719882000000,62926.65,62960.86,62852.39,62927.99,86.07708,2024-07-02 01:00:00
1719882900000,62928.0,62955.85,62865.7,62889.81,71.87466,2024-07-02 01:15:00
1719883800000,62889.81,62937.0,62815.71,62854.0,88.30125,2024-07-02 01:30:00
1719884700000,62854.0,62939.99,62853.99,62926.0,53.03634,2024-07-02 01:45:00
1719885600000,62926.0,63107.82,62924.0,63089.12,97.97012,2024-07-02 02:00:00
1719886500000,63089.13,63127.1,63011.97,63030.06,122.91994,2024-07-02 02:15:00
1719887400000,63030.06,63093.37,62950.0,62978.02,172.23685,2024-07-02 02:30:00
1719888300000,62978.02,63017.49,62968.85,62999.56,121.34155,2024-07-02 02:45:00
1719889200000,62999.56,63065.0,62991.03,63036.2,93.37002,2024-07-02 03:00:00
1719890100000,63036.21,63174.0,63005.41,63168.0,117.67981,2024-07-02 03:15:00
1719891000000,63168.01,63288.83,63144.71,63222.01,136.77634,2024-07-02 03:30:00
1719891900000,63222.01,63227.31,63122.01,63138.67,121.68065,2024-07-02 03:45:00
1719892800000,63138.68,63209.39,63120.0,63209.38,113.42948,2024-07-02 04:00:00
1719893700000,63209.38,63245.8,63140.78,63148.02,112.11104,2024-07-02 04:15:00
1719894600000,63148.01,63191.92,63104.33,63104.34,190.79219,2024-07-02 04:30:00
1719895500000,63104.34,63123.85,63038.01,63038.01,115.6728,2024-07-02 04:45:00
1719896400000,63038.02,63047.38,63002.0,63024.75,74.57941,2024-07-02 05:00:00
1719897300000,63024.75,63076.23,63024.75,63070.01,67.94404,2024-07-02 05:15:00
1719898200000,63070.01,63094.73,63026.0,63050.18,59.21334,2024-07-02 05:30:00
1719899100000,63050.19,63050.19,63003.72,63024.0,63.99809,2024-07-02 05:45:00
1719900000000,63024.0,63048.86,62892.0,62935.88,125.86523,2024-07-02 06:00:00
1719900900000,62935.88,62975.84,62890.45,62892.01,112.49266,2024-07-02 06:15:00
1719901800000,62892.01,62917.81,62836.0,62914.04,122.87999,2024-07-02 06:30:00
1719902700000,62914.04,62930.76,62818.72,62866.0,337.13756,2024-07-02 06:45:00
1719903600000,62866.01,62880.0,62656.0,62690.0,328.38642,2024-07-02 07:00:00
1719904500000,62689.99,62740.0,62610.3,62682.25,243.49092,2024-07-02 07:15:00
1719905400000,62682.25,62722.97,62580.0,62607.36,256.68701,2024-07-02 07:30:00
1719906300000,62607.36,62667.08,62600.0,62629.99,193.85136,2024-07-02 07:45:00
1719907200000,62630.0,62701.87,62401.23,62476.17,482.94429,2024-07-02 08:00:00
1719908100000,62476.16,62746.55,62449.99,62686.01,384.15578,2024-07-02 08:15:00
1719909000000,62686.01,62739.61,62645.46,62720.01,152.06251,2024-07-02 08:30:00
1719909900000,62720.0,62741.69,62666.4,62670.01,122.041,2024-07-02 08:45:00
1719910800000,62670.01,62795.68,62601.18,62741.07,520.70033,2024-07-02 09:00:00
1719911700000,62741.07,62741.07,62657.8,62684.78,144.48146,2024-07-02 09:15:00
1719912600000,62684.78,62738.24,62640.18,62655.29,428.58718,2024-07-02 09:30:00
1719913500000,62655.29,62691.75,62618.54,62650.01,601.55656,2024-07-02 09:45:00
1719914400000,62650.01,62666.23,62485.63,62580.01,337.55125,2024-07-02 10:00:00
1719915300000,62580.01,62657.99,62564.82,62651.03,153.24334,2024-07-02 10:15:00
1719916200000,62651.02,62769.92,62626.01,62720.01,148.53965,2024-07-02 10:30:00
1719917100000,62720.01,62801.05,62700.85,62715.98,148.38454,2024-07-02 10:45:00
1719918000000,62715.98,62715.99,62655.0,62685.59,123.22542,2024-07-02 11:00:00
1719918900000,62686.33,62782.24,62616.28,62770.0,98.8241,2024-07-02 11:15:00
1719919800000,62770.0,62866.2,62759.46,62793.79,206.84437,2024-07-02 11:30:00
1719920700000,62793.79,62844.0,62766.22,62832.01,85.88836,2024-07-02 11:45:00
1719921600000,62832.01,62854.02,62723.79,62756.87,125.67743,2024-07-02 12:00:00
1719922500000,62756.87,62842.0,62752.0,62754.44,108.52789,2024-07-02 12:15:00
1719923400000,62754.44,62908.57,62754.43,62908.57,145.19235,2024-07-02 12:30:00
1719924300000,62908.57,63042.91,62835.67,62878.45,293.85814,2024-07-02 12:45:00
1719925200000,62878.45,62946.0,62830.0,62880.0,171.35964,2024-07-02 13:00:00
1719926100000,62880.0,62996.71,62848.01,62923.76,164.93719,2024-07-02 13:15:00
1719927000000,62923.76,63152.0,62705.01,62924.0,470.20662,2024-07-02 13:30:00
1719927900000,62924.0,62978.98,62517.81,62626.92,550.32026,2024-07-02 13:45:00
1719928800000,62626.92,62730.0,62333.0,62370.01,697.32021,2024-07-02 14:00:00
1719929700000,62370.01,62441.5,62215.23,62331.37,598.7275,2024-07-02 14:15:00
1719930600000,62330.18,62412.9,61867.29,61889.11,994.03567,2024-07-02 14:30:00
1719931500000,61889.12,62085.73,61870.0,62035.43,537.14287,2024-07-02 14:45:00
1719932400000,62035.43,62160.04,61996.07,62037.47,328.29136,2024-07-02 15:00:00
1719933300000,62037.47,62086.65,61896.0,61966.01,221.71732,2024-07-02 15:15:00
1719934200000,61966.0,62084.0,61823.74,61995.75,313.45962,2024-07-02 15:30:00
1719935100000,61995.75,62088.53,61902.01,61948.08,245.81542,2024-07-02 15:45:00
1719936000000,61948.08,61972.11,61806.28,61890.56,304.06538,2024-07-02 16:00:00
1719936900000,61890.55,61941.12,61826.54,61888.02,234.62098,2024-07-02 16:15:00
1719937800000,61888.02,61972.1,61856.01,61953.96,158.53391,2024-07-02 16:30:00
1719938700000,61953.96,62026.45,61908.0,61920.89,191.84984,2024-07-02 16:45:00
1719939600000,61920.9,61985.23,61888.0,61920.19,122.29124,2024-07-02 17:00:00
1719940500000,61920.18,61990.0,61916.08,61986.0,86.30714,2024-07-02 17:15:00
1719941400000,61986.0,62075.99,61922.0,62043.45,122.78631,2024-07-02 17:30:00
1719942300000,62043.45,62152.2,62030.0,62147.98,130.83949,2024-07-02 17:45:00
1719943200000,62147.99,62324.1,62141.81,62286.03,311.33691,2024-07-02 18:00:00
1719944100000,62286.03,62366.62,62269.33,62315.54,268.82039,2024-07-02 18:15:00
1719945000000,62315.53,62359.99,62263.4,62299.99,129.28483,2024-07-02 18:30:00
1719945900000,62300.0,62368.81,62300.0,62330.01,105.28669,2024-07-02 18:45:00
1719946800000,62330.01,62367.51,62168.0,62178.14,165.81443,2024-07-02 19:00:00
1719947700000,62178.14,62178.14,62008.0,62008.01,141.61642,2024-07-02 19:15:00
1719948600000,62008.01,62148.05,61996.02,62000.0,135.41137,2024-07-02 19:30:00
1719949500000,62000.01,62031.67,61884.01,61939.1,232.76844,2024-07-02 19:45:00
1719950400000,61939.1,62044.94,61875.55,62042.41,126.93893,2024-07-02 20:00:00
1719951300000,62042.41,62079.2,61988.0,62064.0,92.87577,2024-07-02 20:15:00
1719952200000,62064.0,62080.73,61963.61,62002.01,126.31311,2024-07-02 20:30:00
1719953100000,62002.0,62051.99,62002.0,62012.01,112.3405,2024-07-02 20:45:00
1719954000000,62012.01,62089.61,61903.41,61929.79,188.31343,2024-07-02 21:00:00
1719954900000,61929.79,62033.4,61929.79,62020.0,120.65441,2024-07-02 21:15:00
1719955800000,62020.01,62066.35,62000.0,62041.72,55.58575,2024-07-02 21:30:00
1719956700000,62041.73,62088.97,61958.02,61958.02,75.8905,2024-07-02 21:45:00
1719957600000,61958.03,62063.05,61958.02,62046.01,95.15566,2024-07-02 22:00:00
1719958500000,62046.01,62046.01,61978.0,62034.0,67.01656,2024-07-02 22:15:00
1719959400000,62034.01,62060.82,61983.78,62026.0,80.24092,2024-07-02 22:30:00
1719960300000,62026.0,62113.63,61994.5,62090.01,56.47995,2024-07-02 22:45:00
1719961200000,62090.01,62181.24,62078.53,62152.01,77.27197,2024-07-02 23:00:00
1719962100000,62152.0,62177.14,62091.59,62124.0,63.32363,2024-07-02 23:15:00
1719963000000,62124.0,62146.72,62086.0,62140.0,46.74981,2024-07-02 23:30:00
1719963900000,62140.0,62148.1,62092.5,62135.47,43.26493,2024-07-02 23:45:00
1719964800000,62135.46,62221.97,62128.59,62221.97,126.98064,2024-07-03 00:00:00
1719965700000,62221.97,62279.87,62216.17,62248.0,86.71686,2024-07-03 00:15:00
1719966600000,62248.0,62285.94,62244.0,62260.64,58.1227,2024-07-03 00:30:00
1719967500000,62260.64,62269.63,62093.36,62094.02,93.01434,2024-07-03 00:45:00
1719968400000,62094.02,62113.09,61863.14,62042.02,223.25834,2024-07-03 01:00:00
1719969300000,62042.02,62218.0,61998.19,62102.0,133.01636,2024-07-03 01:15:00
1719970200000,62102.01,62165.07,62036.0,62060.33,95.13948,2024-07-03 01:30:00
1719971100000,62060.34,62070.56,61228.8,61617.91,1143.71589,2024-07-03 01:45:00
1719972000000,61617.9,61617.91,61458.0,61538.01,396.27273,2024-07-03 02:00:00
1719972900000,61538.01,61568.0,61472.0,61533.01,290.61642,2024-07-03 02:15:00
1719973800000,61533.01,61599.27,61245.96,61257.9,537.23238,2024-07-03 02:30:00
1719974700000,61257.9,61371.47,61246.57,61362.0,235.6291,2024-07-03 02:45:00
1719975600000,61362.01,61371.19,60800.0,60814.86,648.47733,2024-07-03 03:00:00
1719976500000,60814.86,61041.34,60600.0,60996.0,650.56988,2024-07-03 03:15:00
1719977400000,60996.01,61064.0,60932.97,61000.0,250.63914,2024-07-03 03:30:00
1719978300000,61000.0,61024.0,60917.51,60987.99,176.17526,2024-07-03 03:45:00
1719979200000,60988.0,60988.0,60864.69,60949.4,149.14138,2024-07-03 04:00:00
1719980100000,60949.4,60964.0,60848.0,60964.0,165.21961,2024-07-03 04:15:00
1719981000000,60964.0,60964.0,60837.94,60842.0,122.97005,2024-07-03 04:30:00
1719981900000,60842.0,60900.0,60816.0,60883.9,143.92847,2024-07-03 04:45:00
1719982800000,60883.89,61022.0,60859.53,60986.01,190.32166,2024-07-03 05:00:00
1719983700000,60986.01,61016.0,60905.39,60929.87,107.26062,2024-07-03 05:15:00
1719984600000,60929.87,60983.31,60910.0,60968.47,100.28203,2024-07-03 05:30:00
1719985500000,60968.47,61121.52,60962.0,61121.52,177.02735,2024-07-03 05:45:00
1719986400000,61121.52,61172.4,61068.34,61160.0,168.88922,2024-07-03 06:00:00
1719987300000,61160.0,61181.84,61056.0,61079.49,123.89216,2024-07-03 06:15:00
1719988200000,61079.49,61148.0,61023.23,61034.0,140.28913,2024-07-03 06:30:00
1719989100000,61034.0,61057.68,60976.56,61014.0,156.63683,2024-07-03 06:45:00
1719990000000,61014.0,61014.0,60970.58,60982.58,97.94657,2024-07-03 07:00:00
1719990900000,60982.58,61026.0,60912.75,60912.75,169.33762,2024-07-03 07:15:00
1719991800000,60912.75,61029.39,60886.85,60886.86,139.65216,2024-07-03 07:30:00
1719992700000,60886.86,60906.53,60845.01,60870.01,203.80814,2024-07-03 07:45:00
1719993600000,60870.01,60897.6,60767.0,60843.99,198.01088,2024-07-03 08:00:00
1719994500000,60843.98,60978.19,60843.98,60940.75,1073.54648,2024-07-03 08:15:00
1719995400000,60940.75,60974.61,60652.8,60818.0,1048.75601,2024-07-03 08:30:00
1719996300000,60818.0,60849.9,60390.0,60497.59,638.23612,2024-07-03 08:45:00
1719997200000,60497.6,60646.0,60320.0,60565.99,597.4023,2024-07-03 09:00:00
1719998100000,60565.98,60665.42,60493.49,60630.51,443.56373,2024-07-03 09:15:00
1719999000000,60630.51,60663.64,60581.0,60643.99,147.38946,2024-07-03 09:30:00
1719999900000,60643.99,60667.18,60588.52,60606.01,111.15232,2024-07-03 09:45:00
1720000800000,60606.02,60618.0,60210.26,60269.99,663.95439,2024-07-03 10:00:00
1720001700000,60269.99,60333.41,60078.0,60132.01,711.68207,2024-07-03 10:15:00
1720002600000,60132.01,60247.41,59600.0,60200.0,1400.95369,2024-07-03 10:30:00
1720003500000,60200.0,60384.0,60170.52,60383.99,416.99639,2024-07-03 10:45:00
1720004400000,60384.0,60398.21,60234.02,60300.04,483.4355,2024-07-03 11:00:00
1720005300000,60300.04,60480.0,60211.76,60212.01,332.92258,2024-07-03 11:15:00
1720006200000,60212.01,60290.72,60112.0,60283.23,354.8456,2024-07-03 11:30:00
1720007100000,60283.24,60415.62,60262.32,60386.01,223.23122,2024-07-03 11:45:00
1720008000000,60386.01,60386.01,60159.11,60230.0,368.29303,2024-07-03 12:00:00
1720008900000,60230.0,60378.0,60151.74,60237.3,387.38151,2024-07-03 12:15:00
1720009800000,60237.3,60293.97,59999.59,60090.01,635.26098,2024-07-03 12:30:00
1720010700000,60090.01,60166.65,59921.17,60028.01,698.29798,2024-07-03 12:45:00
1720011600000,60028.01,60271.87,59752.29,60192.69,832.73796,2024-07-03 13:00:00
1720012500000,60192.69,60410.8,60174.01,60374.01,392.77139,2024-07-03 13:15:00
1720013400000,60374.0,60542.09,60296.0,60542.03,567.52527,2024-07-03 13:30:00
1720014300000,60542.03,60640.1,60438.78,60589.99,411.2164,2024-07-03 13:45:00
1720015200000,60590.0,60740.2,60411.93,60454.27,564.19958,2024-07-03 14:00:00
1720016100000,60454.28,60587.41,60382.04,60382.04,247.8797,2024-07-03 14:15:00
1720017000000,60382.05,60439.99,60292.59,60292.61,323.27989,2024-07-03 14:30:00
1720017900000,60292.6,60400.0,60263.09,60281.15,307.74378,2024-07-03 14:45:00
1720018800000,60281.16,60281.16,59972.72,60246.0,523.38767,2024-07-03 15:00:00
1720019700000,60246.0,60450.0,60154.0,60426.02,286.29872,2024-07-03 15:15:00
1720020600000,60426.01,60464.0,60251.0,60302.01,428.35911,2024-07-03 15:30:00
1720021500000,60302.01,60302.01,60168.6,60186.25,225.34201,2024-07-03 15:45:00
1720022400000,60186.25,60339.74,60100.0,60265.99,328.28089,2024-07-03 16:00:00
1720023300000,60266.0,60630.32,60266.0,60611.99,430.79947,2024-07-03 16:15:00
1720024200000,60611.98,60655.56,60393.98,60454.77,397.12909,2024-07-03 16:30:00
1720025100000,60454.78,60558.0,60394.64,60495.98,475.24008,2024-07-03 16:45:00
1720026000000,60495.99,60515.99,60405.72,60465.71,186.83031,2024-07-03 17:00:00
1720026900000,60465.72,60471.99,60412.87,60446.89,109.83168,2024-07-03 17:15:00
1720027800000,60446.89,60446.9,60311.11,60332.01,154.10828,2024-07-03 17:30:00
1720028700000,60332.0,60371.34,60200.0,60371.34,272.77516,2024-07-03 17:45:00
1720029600000,60371.34,60441.94,60273.17,60376.01,179.31968,2024-07-03 18:00:00
1720030500000,60376.01,60427.08,60292.0,60397.99,155.53188,2024-07-03 18:15:00
1720031400000,60397.98,60437.6,60363.61,60432.83,120.22729,2024-07-03 18:30:00
1720032300000,60432.83,60446.06,60240.0,60248.01,197.65513,2024-07-03 18:45:00
1720033200000,60248.0,60248.0,60060.37,60149.52,398.42846,2024-07-03 19:00:00
1720034100000,60149.51,60177.99,59800.0,60005.96,766.94064,2024-07-03 19:15:00
1720035000000,60005.96,60038.14,59878.17,59958.0,359.40264,2024-07-03 19:30:00
1720035900000,59958.0,60005.33,59666.0,59671.1,401.43706,2024-07-03 19:45:00
1720036800000,59671.11,59871.1,59671.1,59742.0,341.13295,2024-07-03 20:00:00
1720037700000,59742.0,59864.91,59676.46,59745.01,254.84204,2024-07-03 20:15:00
1720038600000,59745.02,59800.79,59671.1,59708.03,283.84894,2024-07-03 20:30:00
1720039500000,59708.03,59824.06,59581.71,59609.26,368.44342,2024-07-03 20:45:00
1720040400000,59609.25,59877.61,59400.0,59872.36,827.68358,2024-07-03 21:00:00
1720041300000,59872.35,59880.0,59756.68,59879.99,211.12571,2024-07-03 21:15:00
1720042200000,59880.0,60146.97,59879.99,60146.96,279.56106,2024-07-03 21:30:00
1720043100000,60146.96,60340.0,60131.85,60247.59,171.0558,2024-07-03 21:45:00
1720044000000,60247.58,60278.0,60125.49,60236.02,184.41143,2024-07-03 22:00:00
1720044900000,60236.02,60296.0,60172.33,60273.21,169.91115,2024-07-03 22:15:00
1720045800000,60273.21,60347.9,60270.26,60345.3,67.46535,2024-07-03 22:30:00
1720046700000,60345.31,60371.57,60284.16,60316.01,175.71036,2024-07-03 22:45:00
1720047600000,60316.02,60356.44,60281.31,60338.0,106.56677,2024-07-03 23:00:00
1720048500000,60338.0,60360.0,60326.01,60353.6,62.02455,2024-07-03 23:15:00
1720049400000,60353.59,60374.82,60240.0,60249.99,97.74294,2024-07-03 23:30:00
1720050300000,60250.0,60299.0,60208.57,60208.58,76.41391,2024-07-03 23:45:00
1720051200000,60208.57,60315.0,60208.57,60284.01,281.01131,2024-07-04 00:00:00
1720052100000,60284.01,60422.0,60280.18,60365.72,205.54149,2024-07-04 00:15:00
1720053000000,60365.72,60475.91,60360.0,60431.25,165.65971,2024-07-04 00:30:00
1720053900000,60431.25,60448.0,60410.0,60430.01,120.54516,2024-07-04 00:45:00
1720054800000,60430.01,60498.19,60115.93,60121.87,337.18425,2024-07-04 01:00:00
1720055700000,60121.86,60290.0,59900.0,60250.0,400.6818,2024-07-04 01:15:00
1720056600000,60250.0,60250.0,59236.0,59609.67,1048.52311,2024-07-04 01:30:00
1720057500000,59609.67,59619.99,58444.0,58561.1,4151.91521,2024-07-04 01:45:00
1720058400000,58561.1,58812.98,57800.01,58721.99,4159.20928,2024-07-04 02:00:00
1720059300000,58721.99,58994.97,58650.01,58973.99,765.39043,2024-07-04 02:15:00
1720060200000,58974.0,59105.26,58877.35,59097.87,537.58055,2024-07-04 02:30:00
1720061100000,59097.88,59106.84,58968.01,58972.13,381.50993,2024-07-04 02:45:00
1720062000000,58972.13,59041.5,58927.49,58942.01,256.35566,2024-07-04 03:00:00
1720062900000,58942.01,58982.03,58815.94,58935.25,294.42514,2024-07-04 03:15:00
1720063800000,58935.25,59066.0,58921.1,59013.61,175.18889,2024-07-04 03:30:00
1720064700000,59013.61,59155.8,59000.67,59102.0,211.05933,2024-07-04 03:45:00
1720065600000,59102.0,59150.0,59032.06,59085.99,159.49312,2024-07-04 04:00:00
1720066500000,59086.0,59086.0,58724.98,58804.23,309.43361,2024-07-04 04:15:00
1720067400000,58804.23,58973.95,58736.0,58939.98,192.1923,2024-07-04 04:30:00
1720068300000,58939.97,59044.66,58912.6,58968.36,133.20142,2024-07-04 04:45:00
1720069200000,58968.37,58996.0,58865.27,58875.99,157.44277,2024-07-04 05:00:00
1720070100000,58876.0,58951.1,58870.0,58914.01,98.7002,2024-07-04 05:15:00
1720071000000,58914.01,59036.0,58873.07,58946.28,172.06212,2024-07-04 05:30:00
1720071900000,58946.28,58968.0,58868.0,58902.0,194.59189,2024-07-04 05:45:00
1720072800000,58902.0,58917.99,58816.66,58883.99,203.84333,2024-07-04 06:00:00
1720073700000,58884.0,58895.99,58535.8,58633.6,381.39249,2024-07-04 06:15:00
1720074600000,58633.61,59076.18,58545.29,58926.0,567.04852,2024-07-04 06:30:00
1720075500000,58926.0,58957.8,58778.96,58795.99,270.22832,2024-07-04 06:45:00
1720076400000,58796.0,58857.99,58705.94,58750.0,261.63605,2024-07-04 07:00:00
1720077300000,58749.99,58757.99,58407.62,58444.09,522.10106,2024-07-04 07:15:00
1720078200000,58444.09,58649.03,58408.0,58493.52,480.09673,2024-07-04 07:30:00
1720079100000,58493.52,58541.1,58104.0,58219.99,891.68908,2024-07-04 07:45:00
1720080000000,58219.99,58506.18,58179.74,58321.09,620.52122,2024-07-04 08:00:00
1720080900000,58321.1,58335.98,58070.0,58070.01,611.75355,2024-07-04 08:15:00
1720081800000,58070.0,58189.41,57238.68,57678.59,2202.67576,2024-07-04 08:30:00
1720082700000,57678.58,57837.44,57395.68,57688.46,1070.30446,2024-07-04 08:45:00
1720083600000,57688.46,57760.0,57066.0,57514.0,1737.30049,2024-07-04 09:00:00
1720084500000,57514.01,57634.07,56952.0,57540.01,1779.55833,2024-07-04 09:15:00
1720085400000,57540.01,57851.36,57511.1,57827.98,1350.17182,2024-07-04 09:30:00
1720086300000,57827.98,57873.53,57685.76,57748.0,448.23942,2024-07-04 09:45:00
1720087200000,57748.01,57783.43,57463.06,57581.1,565.75868,2024-07-04 10:00:00
1720088100000,57581.11,57640.0,57427.71,57600.01,462.29705,2024-07-04 10:15:00
1720089000000,57600.01,57681.77,57448.57,57663.08,362.09856,2024-07-04 10:30:00
1720089900000,57663.07,57952.95,57652.56,57946.43,542.93805,2024-07-04 10:45:00
1720090800000,57946.43,58118.96,57909.4,57932.01,584.78353,2024-07-04 11:00:00
1720091700000,57932.02,57932.02,57731.11,57777.31,367.22523,2024-07-04 11:15:00
1720092600000,57777.32,57842.35,57680.01,57716.0,284.28763,2024-07-04 11:30:00
1720093500000,57716.0,57848.5,57691.81,57761.94,250.15689,2024-07-04 11:45:00
1720094400000,57761.95,57761.95,57574.97,57606.0,417.12229,2024-07-04 12:00:00
1720095300000,57606.0,57634.0,57398.49,57523.99,430.5837,2024-07-04 12:15:00
1720096200000,57523.99,57729.99,57457.19,57516.19,440.6633,2024-07-04 12:30:00
1720097100000,57516.2,57516.2,57161.55,57247.98,651.44814,2024-07-04 12:45:00
1720098000000,57247.98,57456.76,57051.1,57335.99,787.58305,2024-07-04 13:00:00
1720098900000,57335.99,57389.39,56789.0,56934.01,1786.73082,2024-07-04 13:15:00
1720099800000,56934.01,57063.01,56778.84,56819.99,1069.74211,2024-07-04 13:30:00
1720100700000,56820.0,57504.38,56771.0,57420.02,1349.37294,2024-07-04 13:45:00
1720101600000,57420.02,57539.05,57139.52,57288.0,598.30828,2024-07-04 14:00:00
1720102500000,57288.01,57391.11,56853.77,57016.36,595.22563,2024-07-04 14:15:00
1720103400000,57016.36,57461.1,56924.0,57296.28,740.76395,2024-07-04 14:30:00
1720104300000,57296.29,57500.0,57234.37,57450.25,407.86566,2024-07-04 14:45:00
1720105200000,57450.25,57656.21,57356.78,57593.46,874.59494,2024-07-04 15:00:00
1720106100000,57593.46,57593.99,57374.35,57514.0,254.5154,2024-07-04 15:15:00
1720107000000,57514.0,57813.23,57400.0,57802.01,380.00199,2024-07-04 15:30:00
1720107900000,57802.0,58350.19,57750.5,58140.0,1333.11305,2024-07-04 15:45:00
1720108800000,58140.0,58140.0,57821.95,57862.34,434.80825,2024-07-04 16:00:00
1720109700000,57862.34,58051.1,57821.1,57944.0,294.58633,2024-07-04 16:15:00
1720110600000,57943.99,58206.0,57752.27,58124.0,414.06444,2024-07-04 16:30:00
1720111500000,58123.99,58397.6,58026.11,58304.59,428.38797,2024-07-04 16:45:00
1720112400000,58304.59,58378.0,58113.43,58149.98,327.40557,2024-07-04 17:00:00
1720113300000,58149.99,58383.99,58100.0,58324.0,210.55083,2024-07-04 17:15:00
1720114200000,58324.0,58330.0,58154.21,58171.1,293.11962,2024-07-04 17:30:00
1720115100000,58171.1,58309.25,58111.82,58240.0,261.14154,2024-07-04 17:45:00
1720116000000,58239.99,58336.0,57938.0,58029.99,421.34714,2024-07-04 18:00:00
1720116900000,58030.0,58204.0,57982.0,58204.0,234.51891,2024-07-04 18:15:00
1720117800000,58204.0,58370.0,58108.96,58196.47,301.54205,2024-07-04 18:30:00
1720118700000,58196.47,58200.0,58091.11,58168.0,164.06055,2024-07-04 18:45:00
1720119600000,58168.0,58381.1,58141.66,58303.99,239.6197,2024-07-04 19:00:00
1720120500000,58304.0,58518.41,58221.1,58502.0,304.55613,2024-07-04 19:15:00
1720121400000,58502.01,58676.24,58372.39,58376.49,455.28426,2024-07-04 19:30:00
1720122300000,58376.49,58398.01,58278.23,58283.62,224.28864,2024-07-04 19:45:00
1720123200000,58283.62,58309.03,58172.09,58223.03,187.84149,2024-07-04 20:00:00
1720124100000,58223.03,58251.1,58151.1,58151.11,114.70204,2024-07-04 20:15:00
1720125000000,58151.11,58228.53,58130.01,58205.4,111.44886,2024-07-04 20:30:00
1720125900000,58205.39,58358.99,58151.1,58358.99,142.16432,2024-07-04 20:45:00
1720126800000,58358.99,58486.95,58288.33,58478.48,142.51256,2024-07-04 21:00:00
1720127700000,58478.48,58647.22,58396.98,58468.0,203.53148,2024-07-04 21:15:00
1720128600000,58468.0,58468.0,58323.89,58359.59,124.402,2024-07-04 21:30:00
1720129500000,58359.6,58507.65,58359.59,58494.01,65.90688,2024-07-04 21:45:00
1720130400000,58494.0,58813.13,58452.44,58523.99,312.99527,2024-07-04 22:00:00
1720131300000,58523.99,58538.0,58360.94,58365.99,167.05433,2024-07-04 22:15:00
1720132200000,58366.0,58391.1,58162.0,58262.01,249.87924,2024-07-04 22:30:00
1720133100000,58262.02,58273.98,58000.0,58038.84,415.62662,2024-07-04 22:45:00
1720134000000,58038.84,58112.84,57877.34,58081.74,426.02463,2024-07-04 23:00:00
1720134900000,58081.74,58086.0,57810.46,57816.0,403.30221,2024-07-04 23:15:00
1720135800000,57816.0,57901.1,56866.0,57121.99,1838.53357,2024-07-04 23:30:00
1720136700000,57121.99,57344.0,56923.07,57050.01,808.92515,2024-07-04 23:45:00
1720137600000,57050.02,57260.76,56727.78,56884.01,1374.98552,2024-07-05 00:00:00
1720138500000,56884.01,57294.02,56884.0,57050.0,699.62709,2024-07-05 00:15:00
1720139400000,57050.0,57281.52,56690.0,56942.0,1031.19246,2024-07-05 00:30:00
1720140300000,56942.01,57546.0,56941.1,57375.99,745.9229,2024-07-05 00:45:00
1720141200000,57375.99,57442.0,57194.0,57204.01,284.19098,2024-07-05 01:00:00
1720142100000,57204.01,57321.11,56821.11,57008.0,504.65078,2024-07-05 01:15:00
1720143000000,57008.01,57189.32,56807.0,56975.98,535.99529,2024-07-05 01:30:00
1720143900000,56975.99,57312.5,56975.99,57172.01,382.7122,2024-07-05 01:45:00
1720144800000,57172.02,57191.1,56830.0,56842.0,588.96438,2024-07-05 02:00:00
1720145700000,56842.0,57000.0,56633.91,56942.01,682.37843,2024-07-05 02:15:00
1720146600000,56942.01,57243.1,56673.32,56771.34,832.13343,2024-07-05 02:30:00
1720147500000,56771.34,56911.1,55458.7,55766.32,3876.98729,2024-07-05 02:45:00
1720148400000,55766.32,55992.58,55000.0,55366.78,3839.14832,2024-07-05 03:00:00
1720149300000,55366.78,55643.99,55261.1,55445.52,1269.95931,2024-07-05 03:15:00
1720150200000,55445.53,55521.1,55292.03,55352.01,1291.97781,2024-07-05 03:30:00
1720151100000,55352.0,55371.1,55154.66,55227.99,902.08498,2024-07-05 03:45:00
1720152000000,55228.0,55356.42,55012.0,55034.89,877.80489,2024-07-05 04:00:00
1720152900000,55034.88,55115.16,53485.93,54451.65,4854.13362,2024-07-05 04:15:00
1720153800000,54451.65,54580.89,54276.39,54408.02,1256.07357,2024-07-05 04:30:00
1720154700000,54408.02,54436.16,53743.32,53941.1,1113.43122,2024-07-05 04:45:00
1720155600000,53941.1,54444.0,53801.1,54443.99,1291.28901,2024-07-05 05:00:00
1720156500000,54443.99,54487.03,54216.39,54220.01,818.51058,2024-07-05 05:15:00
1720157400000,54220.01,54400.99,54114.65,54392.01,740.43449,2024-07-05 05:30:00
1720158300000,54392.0,54812.96,54386.0,54806.02,869.98469,2024-07-05 05:45:00
1720159200000,54806.02,54818.3,54449.26,54504.04,636.79227,2024-07-05 06:00:00
1720160100000,54504.05,54519.75,54187.89,54308.54,787.17205,2024-07-05 06:15:00
1720161000000,54308.55,54377.11,53871.16,54288.0,1234.42475,2024-07-05 06:30:00
1720161900000,54288.0,54482.09,54172.43,54283.99,712.21354,2024-07-05 06:45:00
1720162800000,54283.99,54339.43,54088.01,54159.5,539.16524,2024-07-05 07:00:00
1720163700000,54159.51,54444.0,54159.51,54296.0,451.70952,2024-07-05 07:15:00
1720164600000,54296.01,54304.0,53971.01,54221.97,995.60701,2024-07-05 07:30:00
1720165500000,54221.98,54449.36,54140.0,54415.05,1169.76299,2024-07-05 07:45:00
1720166400000,54415.04,54451.81,54233.83,54451.81,493.44037,2024-07-05 08:00:00
1720167300000,54451.81,54460.86,54151.37,54321.1,429.51709,2024-07-05 08:15:00
1720168200000,54321.11,54411.1,54200.0,54273.97,522.18396,2024-07-05 08:30:00
1720169100000,54273.98,54323.99,54070.99,54088.0,560.14603,2024-07-05 08:45:00
1720170000000,54088.0,54186.06,53900.0,53907.6,1185.59325,2024-07-05 09:00:00
1720170900000,53907.59,54390.85,53907.59,54370.08,891.8669,2024-07-05 09:15:00
1720171800000,54370.08,54526.0,54317.46,54526.0,677.49687,2024-07-05 09:30:00
1720172700000,54525.99,54734.34,54436.0,54528.0,778.69574,2024-07-05 09:45:00
1720173600000,54528.0,55310.14,54410.0,55222.0,1247.00438,2024-07-05 10:00:00
1720174500000,55222.01,55367.12,54779.3,55022.01,1148.1876,2024-07-05 10:15:00
1720175400000,55022.01,55198.95,54934.19,55134.0,768.36265,2024-07-05 10:30:00
1720176300000,55134.01,55218.0,54913.64,54987.99,551.63143,2024-07-05 10:45:00
1720177200000,54987.99,55418.0,54987.99,55351.12,832.72424,2024-07-05 11:00:00
1720178100000,55351.12,55468.0,55155.13,55338.0,1410.94386,2024-07-05 11:15:00
1720179000000,55338.01,55506.41,55000.01,55506.41,1801.97777,2024-07-05 11:30:00
1720179900000,55506.41,55650.0,55352.27,55486.5,758.2865,2024-07-05 11:45:00
1720180800000,55486.51,55486.51,55098.5,55403.99,1321.11366,2024-07-05 12:00:00
1720181700000,55403.99,55658.52,55311.27,55648.0,541.81307,2024-07-05 12:15:00
1720182600000,55648.0,55950.0,54987.99,55326.01,2609.99252,2024-07-05 12:30:00
1720183500000,55326.02,55341.1,55044.0,55052.81,662.80921,2024-07-05 12:45:00
1720184400000,55052.8,55435.33,54828.52,55334.0,893.86659,2024-07-05 13:00:00
1720185300000,55334.01,55540.82,55156.93,55523.99,444.48725,2024-07-05 13:15:00
1720186200000,55524.0,55855.88,55391.92,55740.01,1254.16366,2024-07-05 13:30:00
1720187100000,55740.0,55884.69,55448.0,55829.99,882.78251,2024-07-05 13:45:00
1720188000000,55830.0,55896.32,55454.0,55564.35,941.02716,2024-07-05 14:00:00
1720188900000,55564.35,55624.85,55369.5,55385.99,578.16699,2024-07-05 14:15:00
1720189800000,55386.0,55705.05,55350.0,55686.28,568.56761,2024-07-05 14:30:00
1720190700000,55686.28,55841.43,55638.0,55753.98,786.0782,2024-07-05 14:45:00
1720191600000,55753.99,56490.58,55663.89,56318.83,1682.76967,2024-07-05 15:00:00
1720192500000,56318.84,56581.1,56232.0,56522.01,1208.69912,2024-07-05 15:15:00
1720193400000,56522.01,56678.19,56311.34,56495.71,1206.20676,2024-07-05 15:30:00
1720194300000,56495.72,56675.18,56376.55,56662.0,1017.83444,2024-07-05 15:45:00
1720195200000,56662.99,56770.0,56372.53,56502.83,873.28456,2024-07-05 16:00:00
1720196100000,56502.82,56936.84,56442.94,56590.01,1309.57079,2024-07-05 16:15:00
1720197000000,56590.0,56619.99,56150.0,56327.7,1071.29198,2024-07-05 16:30:00
1720197900000,56327.7,56613.64,56312.89,56448.15,681.9269,2024-07-05 16:45:00
1720198800000,56448.15,56611.1,56301.1,56604.27,494.41975,2024-07-05 17:00:00
1720199700000,56604.27,56888.0,56599.27,56850.0,658.01626,2024-07-05 17:15:00
1720200600000,56850.0,57040.02,56613.33,56626.06,665.76539,2024-07-05 17:30:00
1720201500000,56626.06,56662.7,56439.92,56453.18,677.84382,2024-07-05 17:45:00
1720202400000,56453.19,56498.0,56000.02,56033.98,814.26596,2024-07-05 18:00:00
1720203300000,56033.98,56502.79,55779.33,56466.99,1017.13068,2024-07-05 18:15:00
1720204200000,56466.98,56724.13,56427.78,56521.11,587.67028,2024-07-05 18:30:00
1720205100000,56521.11,56680.0,56513.99,56546.16,434.65512,2024-07-05 18:45:00
1720206000000,56546.15,56546.15,56330.41,56460.0,397.56075,2024-07-05 19:00:00
1720206900000,56459.99,56746.89,56459.99,56732.0,251.65727,2024-07-05 19:15:00
1720207800000,56731.99,56732.0,56501.11,56621.82,285.9133,2024-07-05 19:30:00
1720208700000,56621.82,56657.86,56410.0,56465.42,369.12948,2024-07-05 19:45:00
1720209600000,56465.41,56516.01,56405.0,56423.99,222.85236,2024-07-05 20:00:00
1720210500000,56423.99,56456.0,56333.0,56333.01,192.77637,2024-07-05 20:15:00
1720211400000,56333.01,56409.11,56315.0,56332.01,192.95673,2024-07-05 20:30:00
1720212300000,56332.0,56460.0,56332.0,56351.1,154.04658,2024-07-05 20:45:00
1720213200000,56351.09,56500.0,56345.6,56488.0,185.5742,2024-07-05 21:00:00
1720214100000,56488.0,56517.5,56355.94,56467.88,155.08649,2024-07-05 21:15:00
1720215000000,56467.89,56710.0,56467.88,56532.96,168.83275,2024-07-05 21:30:00
1720215900000,56532.97,56791.1,56491.1,56517.61,200.41297,2024-07-05 21:45:00
1720216800000,56517.61,56556.0,56400.0,56529.91,148.02108,2024-07-05 22:00:00
1720217700000,56529.92,56733.32,56529.92,56729.99,257.67511,2024-07-05 22:15:00
1720218600000,56730.0,56735.99,56590.0,56599.99,134.58776,2024-07-05 22:30:00
1720219500000,56599.99,56690.73,56534.05,56621.09,164.43547,2024-07-05 22:45:00
1720220400000,56621.09,56758.0,56616.01,56758.0,133.9832,2024-07-05 23:00:00
1720221300000,56757.99,56793.1,56683.89,56727.99,155.34627,2024-07-05 23:15:00
1720222200000,56728.0,56866.0,56644.24,56761.11,275.17409,2024-07-05 23:30:00
1720223100000,56761.1,56809.99,56623.13,56628.79,166.52617,2024-07-05 23:45:00
1720224000000,56628.79,56639.99,56445.38,56541.09,356.89867,2024-07-06 00:00:00
1720224900000,56541.09,56569.99,56355.75,56391.09,482.92128,2024-07-06 00:15:00
1720225800000,56391.1,56998.0,56355.08,56858.65,672.52136,2024-07-06 00:30:00
1720226700000,56858.65,56868.0,56582.36,56601.1,385.28162,2024-07-06 00:45:00
1720227600000,56601.1,56611.99,56349.91,56505.45,428.74183,2024-07-06 01:00:00
1720228500000,56505.46,56560.52,56389.0,56455.0,293.61609,2024-07-06 01:15:00
1720229400000,56454.99,56459.5,56221.76,56308.0,351.98685,2024-07-06 01:30:00
1720230300000,56308.0,56370.0,56208.0,56219.64,153.94658,2024-07-06 01:45:00
1720231200000,56219.65,56361.75,56170.5,56192.01,332.40872,2024-07-06 02:00:00
1720232100000,56192.01,56355.05,56192.0,56291.11,146.0733,2024-07-06 02:15:00
1720233000000,56291.1,56498.01,56281.11,56420.01,201.24763,2024-07-06 02:30:00
1720233900000,56420.0,56494.0,56381.62,56440.0,92.62243,2024-07-06 02:45:00
1720234800000,56439.99,56455.99,56341.58,56353.17,124.17362,2024-07-06 03:00:00
1720235700000,56353.18,56520.0,56304.56,56339.99,181.03682,2024-07-06 03:15:00
1720236600000,56340.0,56440.0,56268.17,56436.0,136.83691,2024-07-06 03:30:00
1720237500000,56436.01,56450.0,56368.0,56410.0,90.09947,2024-07-06 03:45:00
1720238400000,56409.99,56417.99,56288.0,56331.1,122.1544,2024-07-06 04:00:00
1720239300000,56331.1,56331.11,56223.88,56286.0,143.9444,2024-07-06 04:15:00
1720240200000,56286.0,56286.0,56068.82,56141.1,219.85292,2024-07-06 04:30:00
1720241100000,56141.1,56185.79,56044.0,56059.49,160.80081,2024-07-06 04:45:00
1720242000000,56059.49,56382.97,56018.0,56311.11,538.97046,2024-07-06 05:00:00
1720242900000,56311.11,56420.28,56255.76,56378.43,123.5652,2024-07-06 05:15:00
1720243800000,56378.43,56489.53,56372.0,56450.0,172.14644,2024-07-06 05:30:00
1720244700000,56449.99,56450.0,56354.0,56362.54,86.51673,2024-07-06 05:45:00
1720245600000,56362.54,56446.0,56346.84,56436.02,124.27398,2024-07-06 06:00:00
1720246500000,56436.02,56568.0,56424.0,56530.0,151.08619,2024-07-06 06:15:00
1720247400000,56530.0,56568.0,56492.46,56504.22,197.17789,2024-07-06 06:30:00
1720248300000,56504.22,56506.0,56417.35,56417.35,212.71166,2024-07-06 06:45:00
1720249200000,56417.36,56683.9,56401.1,56634.01,347.28566,2024-07-06 07:00:00
1720250100000,56634.01,56676.76,56565.2,56591.11,205.19369,2024-07-06 07:15:00
1720251000000,56591.1,56620.0,56536.06,56581.11,147.90071,2024-07-06 07:30:00
1720251900000,56581.1,56632.54,56522.0,56606.0,136.57438,2024-07-06 07:45:00
1720252800000,56606.0,56616.93,56506.99,56538.0,110.91198,2024-07-06 08:00:00
1720253700000,56537.99,56657.75,56521.1,56642.67,101.52864,2024-07-06 08:15:00
1720254600000,56642.66,56656.0,56572.24,56585.03,126.89858,2024-07-06 08:30:00
1720255500000,56585.02,56585.03,56507.19,56557.81,174.00635,2024-07-06 08:45:00
1720256400000,56557.81,56559.14,56494.79,56502.01,131.52247,2024-07-06 09:00:00
1720257300000,56502.0,56506.0,56436.78,56476.0,118.58556,2024-07-06 09:15:00
1720258200000,56476.0,56559.58,56449.8,56559.57,122.84478,2024-07-06 09:30:00
1720259100000,56559.58,56780.01,56510.0,56766.0,250.65151,2024-07-06 09:45:00
1720260000000,56765.99,56876.33,56704.44,56778.0,225.49033,2024-07-06 10:00:00
1720260900000,56778.01,56778.01,56667.67,56669.99,185.74209,2024-07-06 10:15:00
1720261800000,56670.0,56753.42,56650.0,56680.01,140.43275,2024-07-06 10:30:00
1720262700000,56680.01,56849.01,56662.02,56780.0,174.57813,2024-07-06 10:45:00
1720263600000,56780.01,56799.99,56712.0,56714.87,172.57661,2024-07-06 11:00:00
1720264500000,56714.87,56780.0,56678.94,56701.09,151.85363,2024-07-06 11:15:00
1720265400000,56701.09,56756.0,56660.16,56665.71,92.29181,2024-07-06 11:30:00
1720266300000,56665.7,56752.3,56665.7,56731.42,81.46503,2024-07-06 11:45:00
1720267200000,56731.42,56784.0,56696.51,56711.11,95.80215,2024-07-06 12:00:00
1720268100000,56711.1,56777.73,56684.27,56684.28,81.28941,2024-07-06 12:15:00
1720269000000,56684.27,56711.1,56585.0,56614.27,166.15257,2024-07-06 12:30:00
1720269900000,56614.27,56796.97,56500.0,56755.47,450.76677,2024-07-06 12:45:00
1720270800000,56755.48,56805.15,56659.77,56714.27,163.80444,2024-07-06 13:00:00
1720271700000,56714.26,56831.1,56676.0,56762.48,168.49119,2024-07-06 13:15:00
1720272600000,56762.48,56850.01,56756.0,56812.01,144.85552,2024-07-06 13:30:00
1720273500000,56812.0,57299.0,56811.1,56991.1,863.12664,2024-07-06 13:45:00
1720274400000,56991.09,57111.1,56699.97,56734.0,492.95934,2024-07-06 14:00:00
1720275300000,56734.0,56850.0,56734.0,56841.09,163.49608,2024-07-06 14:15:00
1720276200000,56841.1,57040.01,56799.99,56940.0,304.69229,2024-07-06 14:30:00
1720277100000,56940.0,57127.64,56902.6,57058.91,292.17879,2024-07-06 14:45:00
1720278000000,57058.9,57084.0,56927.81,56972.0,202.55669,2024-07-06 15:00:00
1720278900000,56972.0,57299.0,56956.0,57239.08,615.78684,2024-07-06 15:15:00
1720279800000,57239.09,57399.99,57239.08,57337.58,421.34158,2024-07-06 15:30:00
1720280700000,57337.58,57441.1,57192.0,57317.98,251.83841,2024-07-06 15:45:00
1720281600000,57317.99,57343.59,57185.76,57274.01,154.28165,2024-07-06 16:00:00
1720282500000,57274.02,57884.4,57274.01,57760.0,775.53938,2024-07-06 16:15:00
1720283400000,57760.0,58011.1,57700.0,57920.23,766.89889,2024-07-06 16:30:00
1720284300000,57920.23,58113.0,57772.13,57852.62,812.81265,2024-07-06 16:45:00
1720285200000,57852.62,57860.0,57746.75,57746.76,216.77902,2024-07-06 17:00:00
1720286100000,57746.76,57984.84,57746.75,57850.0,281.48152,2024-07-06 17:15:00
1720287000000,57850.0,57961.1,57849.99,57952.5,114.46715,2024-07-06 17:30:00
1720287900000,57952.49,58031.67,57868.01,57965.19,195.09068,2024-07-06 17:45:00
1720288800000,57965.2,58021.1,57877.54,57883.65,178.53871,2024-07-06 18:00:00
1720289700000,57883.65,57904.0,57794.32,57819.86,150.99594,2024-07-06 18:15:00
1720290600000,57819.85,57835.99,57753.99,57814.01,142.78179,2024-07-06 18:30:00
1720291500000,57814.0,57814.0,57746.41,57786.98,103.64217,2024-07-06 18:45:00
1720292400000,57786.98,57806.0,57732.0,57757.0,78.84204,2024-07-06 19:00:00
1720293300000,57757.0,57870.0,57740.22,57820.0,94.96538,2024-07-06 19:15:00
1720294200000,57820.01,57914.13,57802.8,57855.99,96.98787,2024-07-06 19:30:00
1720295100000,57856.0,57931.77,57835.99,57857.99,108.40697,2024-07-06 19:45:00
1720296000000,57857.99,57960.0,57836.0,57917.99,120.25507,2024-07-06 20:00:00
1720296900000,57917.99,58225.14,57917.99,58101.99,338.97441,2024-07-06 20:15:00
1720297800000,58102.0,58209.82,57930.01,57941.11,193.33438,2024-07-06 20:30:00
1720298700000,57941.1,58077.65,57921.76,57971.99,94.67232,2024-07-06 20:45:00
1720299600000,57971.99,58278.07,57969.14,58078.0,193.80083,2024-07-06 21:00:00
1720300500000,58078.0,58078.0,57869.89,57910.86,113.17097,2024-07-06 21:15:00
1720301400000,57910.86,57973.55,57836.59,57907.98,86.52049,2024-07-06 21:30:00
1720302300000,57907.99,57911.76,57806.92,57868.01,108.38259,2024-07-06 21:45:00
1720303200000,57868.01,58045.94,57868.0,57971.11,129.06062,2024-07-06 22:00:00
1720304100000,57971.1,58070.0,57970.73,57987.99,146.16028,2024-07-06 22:15:00
1720305000000,57988.0,58062.0,57981.08,58004.13,89.55557,2024-07-06 22:30:00
1720305900000,58004.12,58117.99,58004.12,58106.46,61.939,2024-07-06 22:45:00
1720306800000,58106.46,58231.1,58102.73,58222.12,122.75965,2024-07-06 23:00:00
1720307700000,58222.11,58475.0,58191.1,58378.0,520.59084,2024-07-06 23:15:00
1720308600000,58378.0,58471.1,58151.1,58184.0,191.38395,2024-07-06 23:30:00
1720309500000,58184.0,58307.84,58131.84,58230.13,107.15514,2024-07-06 23:45:00
1720310400000,58230.13,58301.31,58033.0,58062.01,352.70938,2024-07-07 00:00:00
1720311300000,58062.0,58134.64,58035.31,58094.01,83.273,2024-07-07 00:15:00
1720312200000,58094.0,58173.99,58000.0,58044.0,176.33671,2024-07-07 00:30:00
1720313100000,58044.0,58081.1,57914.14,57931.79,136.08534,2024-07-07 00:45:00
1720314000000,57931.79,57990.0,57865.99,57949.28,147.16125,2024-07-07 01:00:00
1720314900000,57949.28,58046.0,57838.0,57908.87,210.65168,2024-07-07 01:15:00
1720315800000,57908.87,57955.46,57866.83,57936.01,101.7802,2024-07-07 01:30:00
1720316700000,57936.0,58318.69,57936.0,58114.0,231.55556,2024-07-07 01:45:00
1720317600000,58114.0,58291.1,58113.99,58279.43,174.81243,2024-07-07 02:00:00
1720318500000,58279.42,58400.0,58146.33,58209.99,288.48684,2024-07-07 02:15:00
1720319400000,58209.99,58292.33,58161.1,58288.0,81.10792,2024-07-07 02:30:00
1720320300000,58287.99,58449.46,58191.1,58359.99,253.18458,2024-07-07 02:45:00
1720321200000,58359.99,58364.0,57904.5,57964.0,434.90083,2024-07-07 03:00:00
1720322100000,57964.0,58022.56,57855.82,58008.01,173.74508,2024-07-07 03:15:00
1720323000000,58008.01,58017.66,57947.72,58014.36,109.60545,2024-07-07 03:30:00
1720323900000,58014.37,58024.16,57866.04,57963.45,175.5822,2024-07-07 03:45:00
1720324800000,57963.46,58007.87,57789.68,57847.78,418.37381,2024-07-07 04:00:00
1720325700000,57847.79,57940.14,57780.0,57891.11,281.02876,2024-07-07 04:15:00
1720326600000,57891.12,57891.12,57738.13,57756.1,210.52371,2024-07-07 04:30:00
1720327500000,57756.1,57767.49,57575.0,57598.0,258.31356,2024-07-07 04:45:00
1720328400000,57598.0,57688.0,57416.0,57670.0,419.03964,2024-07-07 05:00:00
1720329300000,57669.99,57740.15,57669.99,57733.38,131.856,2024-07-07 05:15:00
1720330200000,57733.39,57800.0,57686.0,57708.04,122.69504,2024-07-07 05:30:00
1720331100000,57708.03,57774.27,57630.59,57648.0,125.90651,2024-07-07 05:45:00
1720332000000,57647.99,57756.77,57610.94,57719.8,122.70697,2024-07-07 06:00:00
1720332900000,57719.79,57745.66,57656.61,57745.65,58.17295,2024-07-07 06:15:00
1720333800000,57745.66,57789.18,57714.0,57778.01,137.18808,2024-07-07 06:30:00
1720334700000,57778.01,57778.01,57609.31,57646.15,84.76654,2024-07-07 06:45:00
1720335600000,57646.16,57691.1,57423.52,57424.38,184.19072,2024-07-07 07:00:00
1720336500000,57424.38,57500.0,57190.0,57264.0,353.62604,2024-07-07 07:15:00
1720337400000,57264.01,57264.01,57073.36,57252.5,399.74433,2024-07-07 07:30:00
1720338300000,57252.5,57397.77,57230.0,57369.99,246.96055,2024-07-07 07:45:00
1720339200000,57369.99,57496.29,57369.98,57484.99,256.95288,2024-07-07 08:00:00
1720340100000,57484.99,57540.0,57403.6,57485.12,95.1519,2024-07-07 08:15:00
1720341000000,57485.12,57535.01,57439.99,57469.99,114.9071,2024-07-07 08:30:00
1720341900000,57470.0,57661.58,57456.01,57650.45,240.65821,2024-07-07 08:45:00
1720342800000,57650.45,57720.35,57581.1,57584.0,178.32071,2024-07-07 09:00:00
1720343700000,57583.99,57713.3,57565.94,57702.01,86.87918,2024-07-07 09:15:00
1720344600000,57702.0,57733.96,57602.0,57689.99,76.71209,2024-07-07 09:30:00
1720345500000,57689.99,57733.99,57628.0,57733.4,66.93937,2024-07-07 09:45:00
1720346400000,57733.41,57783.8,57669.01,57670.48,99.09283,2024-07-07 10:00:00
1720347300000,57670.47,57774.16,57584.01,57746.0,111.30809,2024-07-07 10:15:00
1720348200000,57745.99,57911.71,57594.0,57604.99,271.52259,2024-07-07 10:30:00
1720349100000,57604.99,57605.0,57499.36,57510.2,150.81646,2024-07-07 10:45:00
1720350000000,57510.21,57543.69,57438.65,57444.0,167.52834,2024-07-07 11:00:00
1720350900000,57444.01,57461.1,57350.94,57390.39,119.42152,2024-07-07 11:15:00
1720351800000,57390.39,57502.45,57369.27,57369.28,101.84025,2024-07-07 11:30:00
1720352700000,57369.28,57475.84,57354.09,57460.0,102.94771,2024-07-07 11:45:00
1720353600000,57460.0,57564.02,57408.0,57551.1,117.92656,2024-07-07 12:00:00
1720354500000,57551.1,57631.02,57482.01,57486.01,103.51877,2024-07-07 12:15:00
1720355400000,57486.01,57500.0,57204.63,57229.98,166.43558,2024-07-07 12:30:00
1720356300000,57229.99,57350.0,57204.64,57341.09,111.92606,2024-07-07 12:45:00
1720357200000,57341.1,57361.1,57101.1,57101.11,211.5988,2024-07-07 13:00:00
1720358100000,57101.11,57171.1,56822.11,56928.79,636.84691,2024-07-07 13:15:00
1720359000000,56928.8,57031.1,56777.77,56822.02,314.04563,2024-07-07 13:30:00
1720359900000,56822.01,56939.06,56819.37,56872.0,170.17719,2024-07-07 13:45:00
1720360800000,56872.01,56896.0,56665.35,56738.33,397.9898,2024-07-07 14:00:00
1720361700000,56738.33,56850.0,56563.46,56846.0,490.49683,2024-07-07 14:15:00
1720362600000,56846.01,56938.81,56742.26,56788.69,363.44124,2024-07-07 14:30:00
1720363500000,56788.69,56813.99,56620.68,56771.51,191.36972,2024-07-07 14:45:00
1720364400000,56771.51,56989.82,56731.1,56847.99,233.47196,2024-07-07 15:00:00
1720365300000,56847.99,56943.33,56785.71,56898.01,126.32662,2024-07-07 15:15:00
1720366200000,56898.01,57061.1,56818.26,56863.98,212.34798,2024-07-07 15:30:00
1720367100000,56863.97,56947.26,56728.92,56825.42,153.36667,2024-07-07 15:45:00
1720368000000,56825.42,56956.0,56755.55,56871.11,136.17401,2024-07-07 16:00:00
1720368900000,56871.11,57000.0,56851.97,56947.27,109.86543,2024-07-07 16:15:00
1720369800000,56947.27,57174.99,56931.21,57156.01,301.90985,2024-07-07 16:30:00
1720370700000,57156.0,57156.0,57023.83,57122.0,149.91174,2024-07-07 16:45:00
1720371600000,57122.0,57237.55,57061.1,57061.11,113.76752,2024-07-07 17:00:00
1720372500000,57061.1,57061.1,56851.1,56859.99,127.16502,2024-07-07 17:15:00
1720373400000,56859.99,56996.48,56794.0,56970.0,154.08757,2024-07-07 17:30:00
1720374300000,56970.0,57285.91,56916.55,57231.1,166.6443,2024-07-07 17:45:00
1720375200000,57231.1,57392.0,57183.43,57238.74,237.29644,2024-07-07 18:00:00
1720376100000,57238.74,57306.39,57175.0,57210.0,70.2318,2024-07-07 18:15:00
1720377000000,57210.0,57216.0,57122.14,57200.0,54.03777,2024-07-07 18:30:00
1720377900000,57199.99,57257.37,57131.1,57172.01,85.63647,2024-07-07 18:45:00
1720378800000,57172.01,57172.01,57022.53,57171.1,100.73644,2024-07-07 19:00:00
1720379700000,57171.1,57197.98,57042.79,57089.99,71.95475,2024-07-07 19:15:00
1720380600000,57090.0,57131.1,57034.0,57113.26,56.65541,2024-07-07 19:30:00
1720381500000,57113.26,57161.1,57083.41,57151.1,47.09087,2024-07-07 19:45:00
1720382400000,57151.1,57156.0,57041.1,57151.1,61.69839,2024-07-07 20:00:00
1720383300000,57151.1,57317.14,57151.1,57211.11,82.26587,2024-07-07 20:15:00
1720384200000,57211.11,57262.35,57211.1,57261.09,48.72722,2024-07-07 20:30:00
1720385100000,57261.09,57319.1,57231.1,57274.18,105.31121,2024-07-07 20:45:00
1720386000000,57274.18,57285.29,56733.33,56734.0,232.30708,2024-07-07 21:00:00
1720386900000,56734.0,56839.26,56226.0,56235.98,860.32801,2024-07-07 21:15:00
1720387800000,56235.98,56531.1,56210.0,56371.11,301.98535,2024-07-07 21:30:00
1720388700000,56371.11,56618.56,56302.09,56596.0,228.01997,2024-07-07 21:45:00
1720389600000,56596.0,56793.11,56564.78,56686.03,324.81803,2024-07-07 22:00:00
1720390500000,56686.03,56751.1,56522.21,56532.83,148.87261,2024-07-07 22:15:00
1720391400000,56532.83,56647.0,56442.0,56600.01,131.23474,2024-07-07 22:30:00
1720392300000,56600.01,56647.59,56392.39,56395.54,156.07331,2024-07-07 22:45:00
1720393200000,56395.54,56527.76,56177.73,56422.78,330.79738,2024-07-07 23:00:00
1720394100000,56422.78,56466.0,56341.26,56437.11,141.6223,2024-07-07 23:15:00
1720395000000,56437.11,56464.0,56039.95,56056.0,311.52889,2024-07-07 23:30:00
1720395900000,56056.0,56076.85,55724.37,55857.81,741.82622,2024-07-07 23:45:00
1720396800000,55857.81,55926.0,55528.0,55635.98,1205.68197,2024-07-08 00:00:00
1720397700000,55635.98,56023.07,55604.0,55986.01,412.92834,2024-07-08 00:15:00
1720398600000,55986.0,55986.01,55181.1,55222.26,747.16162,2024-07-08 00:30:00
1720399500000,55222.25,55310.6,55036.59,55094.0,762.20226,2024-07-08 00:45:00
1720400400000,55094.01,55109.88,54260.16,54590.0,1715.31592,2024-07-08 01:00:00
1720401300000,54590.0,54843.38,54276.0,54794.0,1011.46704,2024-07-08 01:15:00
1720402200000,54794.0,54796.0,54436.0,54611.08,1719.69534,2024-07-08 01:30:00
1720403100000,54611.09,54959.45,54581.1,54958.19,457.96089,2024-07-08 01:45:00
1720404000000,54958.19,55208.95,54866.0,54927.73,626.38061,2024-07-08 02:00:00
1720404900000,54927.73,55295.61,54588.0,55284.0,877.77601,2024-07-08 02:15:00
1720405800000,55284.0,55422.19,55220.71,55362.01,441.81487,2024-07-08 02:30:00
1720406700000,55362.01,55447.09,55291.02,55384.79,336.56121,2024-07-08 02:45:00
1720407600000,55384.79,55489.0,55085.2,55151.35,322.60403,2024-07-08 03:00:00
1720408500000,55151.36,55210.0,54868.0,54994.46,370.59607,2024-07-08 03:15:00
1720409400000,54994.47,55389.27,54954.91,55210.02,355.6056,2024-07-08 03:30:00
1720410300000,55210.02,55238.63,55093.9,55160.01,187.8355,2024-07-08 03:45:00
1720411200000,55160.0,55329.78,54963.62,55238.26,260.43753,2024-07-08 04:00:00
1720412100000,55238.26,55366.0,55043.28,55335.04,278.25747,2024-07-08 04:15:00
1720413000000,55335.03,55472.36,55282.0,55458.0,309.39826,2024-07-08 04:30:00
1720413900000,55457.99,55639.98,55426.94,55496.0,375.64343,2024-07-08 04:45:00
1720414800000,55495.99,55711.1,55451.1,55558.01,339.51663,2024-07-08 05:00:00
1720415700000,55558.01,55691.1,55387.52,55408.0,249.10556,2024-07-08 05:15:00
1720416600000,55407.99,55551.1,55292.0,55329.99,231.33845,2024-07-08 05:30:00
1720417500000,55330.0,55569.93,55329.99,55478.7,265.29666,2024-07-08 05:45:00
1720418400000,55478.71,55526.47,55207.17,55371.68,340.63771,2024-07-08 06:00:00
1720419300000,55371.68,55788.99,55311.1,55695.22,365.00315,2024-07-08 06:15:00
1720420200000,55695.22,55805.06,55640.0,55785.1,264.06093,2024-07-08 06:30:00
1720421100000,55785.09,55900.0,55592.37,55633.98,281.12104,2024-07-08 06:45:00
1720422000000,55633.98,55690.43,55523.77,55523.77,178.60413,2024-07-08 07:00:00
1720422900000,55523.78,55760.0,55523.77,55730.0,223.62436,2024-07-08 07:15:00
1720423800000,55730.0,55858.22,55648.13,55677.28,198.64574,2024-07-08 07:30:00
1720424700000,55677.27,55867.58,55673.47,55852.01,243.96583,2024-07-08 07:45:00
1720425600000,55852.0,56288.0,55741.11,56258.02,762.66257,2024-07-08 08:00:00
1720426500000,56258.01,56819.45,56244.0,56698.0,1007.62068,2024-07-08 08:15:00
1720427400000,56698.0,57261.1,56581.09,57152.02,1169.23657,2024-07-08 08:30:00
1720428300000,57152.02,57891.81,57137.97,57792.0,1800.59518,2024-07-08 08:45:00
1720429200000,57791.99,58236.73,57622.33,57689.83,1241.66599,2024-07-08 09:00:00
1720430100000,57689.83,57913.08,57546.51,57907.54,676.26396,2024-07-08 09:15:00
1720431000000,57907.54,57910.01,57357.14,57496.98,551.09547,2024-07-08 09:30:00
1720431900000,57496.97,57611.1,57309.68,57512.14,1056.72067,2024-07-08 09:45:00
1720432800000,57512.13,57700.0,57352.28,57650.01,374.84521,2024-07-08 10:00:00
1720433700000,57650.01,57719.94,57483.86,57497.38,205.07039,2024-07-08 10:15:00
1720434600000,57497.37,57558.0,57377.75,57394.87,313.67227,2024-07-08 10:30:00
1720435500000,57394.87,57431.1,56705.94,56815.98,1037.48902,2024-07-08 10:45:00
1720436400000,56815.99,57229.07,56751.11,57201.11,560.04908,2024-07-08 11:00:00
1720437300000,57201.11,57360.01,57062.16,57131.11,368.23972,2024-07-08 11:15:00
1720438200000,57131.11,57323.79,57079.25,57178.02,378.52862,2024-07-08 11:30:00
1720439100000,57178.02,57315.08,57037.06,57154.01,345.9788,2024-07-08 11:45:00
1720440000000,57154.01,57236.79,56864.0,56911.1,322.38297,2024-07-08 12:00:00
1720440900000,56911.1,57276.32,56898.31,57102.01,372.81508,2024-07-08 12:15:00
1720441800000,57102.01,57201.19,57033.33,57201.18,193.05616,2024-07-08 12:30:00
1720442700000,57201.19,57621.1,57109.01,57151.11,644.886,2024-07-08 12:45:00
1720443600000,57151.1,57439.6,57062.0,57281.11,403.73952,2024-07-08 13:00:00
1720444500000,57281.11,57367.84,57156.23,57185.69,234.60931,2024-07-08 13:15:00
1720445400000,57185.69,57373.9,56951.7,56952.23,402.84901,2024-07-08 13:30:00
1720446300000,56952.23,57240.0,56767.22,57236.01,587.37489,2024-07-08 13:45:00
1720447200000,57236.01,57297.16,56975.15,57136.0,359.3016,2024-07-08 14:00:00
1720448100000,57136.0,57165.66,55614.03,55625.86,2655.2364,2024-07-08 14:15:00
1720449000000,55625.86,56370.61,54800.0,56098.0,3467.49177,2024-07-08 14:30:00
1720449900000,56097.99,56377.57,55908.26,56185.24,1136.19491,2024-07-08 14:45:00
1720450800000,56185.24,56785.59,56076.95,56491.1,742.22434,2024-07-08 15:00:00
1720451700000,56491.1,56665.99,56310.2,56374.5,372.23183,2024-07-08 15:15:00
1720452600000,56374.49,56464.24,55953.21,56032.01,494.74658,2024-07-08 15:30:00
1720453500000,56032.01,56182.06,55704.01,55761.52,526.88629,2024-07-08 15:45:00
1720454400000,55761.52,56114.0,55730.68,56054.01,327.78532,2024-07-08 16:00:00
1720455300000,56054.0,56070.91,55457.27,55535.89,455.41198,2024-07-08 16:15:00
1720456200000,55537.1,55878.47,55425.74,55878.0,526.17448,2024-07-08 16:30:00
1720457100000,55878.0,55970.32,55765.33,55812.0,164.65612,2024-07-08 16:45:00
1720458000000,55812.0,55950.0,55600.0,55933.02,253.62088,2024-07-08 17:00:00
1720458900000,55933.02,56269.85,55755.55,55985.43,381.55617,2024-07-08 17:15:00
1720459800000,55985.43,56236.78,55982.34,56166.0,233.80707,2024-07-08 17:30:00
1720460700000,56166.0,56370.0,56058.0,56287.38,367.02678,2024-07-08 17:45:00
1720461600000,56287.38,56433.17,56160.0,56336.0,266.84628,2024-07-08 18:00:00
1720462500000,56336.0,56472.09,56254.8,56387.65,261.24405,2024-07-08 18:15:00
1720463400000,56387.65,56574.99,56272.72,56300.0,233.91083,2024-07-08 18:30:00
1720464300000,56300.0,56472.4,56237.82,56280.32,205.20412,2024-07-08 18:45:00
1720465200000,56280.32,56370.0,56212.38,56233.99,260.1314,2024-07-08 19:00:00
1720466100000,56233.99,56428.19,56155.63,56350.01,307.29528,2024-07-08 19:15:00
1720467000000,56350.01,56404.46,56242.0,56288.76,209.98417,2024-07-08 19:30:00
1720467900000,56288.75,56544.0,56222.37,56477.31,249.21026,2024-07-08 19:45:00
1720468800000,56477.3,56572.12,56275.85,56298.86,285.58371,2024-07-08 20:00:00
1720469700000,56298.86,56470.0,56225.0,56461.3,169.21018,2024-07-08 20:15:00
1720470600000,56461.3,56488.9,56293.0,56320.62,123.05691,2024-07-08 20:30:00
1720471500000,56320.63,56320.63,56200.01,56259.9,104.48686,2024-07-08 20:45:00
1720472400000,56259.9,56364.32,56200.0,56356.01,161.18093,2024-07-08 21:00:00
1720473300000,56356.0,56835.25,56284.86,56603.94,243.64529,2024-07-08 21:15:00
1720474200000,56603.44,56699.99,56357.58,56378.2,240.51228,2024-07-08 21:30:00
1720475100000,56378.21,56696.52,56378.19,56642.47,165.20682,2024-07-08 21:45:00
1720476000000,56642.47,56854.28,56550.16,56740.01,306.1685,2024-07-08 22:00:00
1720476900000,56740.01,56971.94,56690.65,56863.16,237.56189,2024-07-08 22:15:00
1720477800000,56863.17,56892.96,56704.01,56731.85,97.01534,2024-07-08 22:30:00
1720478700000,56731.85,56741.99,56609.7,56684.48,83.64604,2024-07-08 22:45:00
1720479600000,56684.49,56831.45,56611.48,56831.41,116.38643,2024-07-08 23:00:00
1720480500000,56831.41,56870.16,56673.99,56698.01,131.43149,2024-07-08 23:15:00
1720481400000,56698.0,56736.0,56644.0,56682.01,100.9582,2024-07-08 23:30:00
1720482300000,56682.01,56735.1,56648.64,56714.62,98.28382,2024-07-08 23:45:00
1720483200000,56714.61,56765.85,56606.79,56650.0,113.83076,2024-07-09 00:00:00
1720484100000,56650.0,56651.76,56378.16,56416.01,317.46991,2024-07-09 00:15:00
1720485000000,56416.0,56571.41,56289.45,56514.7,195.23402,2024-07-09 00:30:00
1720485900000,56514.7,56714.18,56429.82,56531.05,150.77153,2024-07-09 00:45:00
1720486800000,56531.06,57246.84,56485.45,57079.53,571.00142,2024-07-09 01:00:00
1720487700000,57079.54,57275.67,56627.24,56784.01,475.54,2024-07-09 01:15:00
1720488600000,56784.02,56870.72,56439.97,56507.5,341.05259,2024-07-09 01:30:00
1720489500000,56507.5,56688.0,56472.0,56560.39,129.42032,2024-07-09 01:45:00
1720490400000,56560.39,56600.0,56335.03,56588.67,230.45128,2024-07-09 02:00:00
1720491300000,56588.68,56771.61,56569.02,56684.01,273.1842,2024-07-09 02:15:00
1720492200000,56684.01,56950.0,56660.14,56896.0,212.73795,2024-07-09 02:30:00
1720493100000,56896.0,57362.66,56867.19,57261.9,486.73415,2024-07-09 02:45:00
1720494000000,57261.9,57272.0,57075.14,57075.15,198.7136,2024-07-09 03:00:00
1720494900000,57075.14,57085.18,56877.25,56905.5,156.40904,2024-07-09 03:15:00
1720495800000,56905.5,57024.0,56894.05,57013.06,106.14751,2024-07-09 03:30:00
1720496700000,57013.06,57243.85,56994.99,57168.36,169.56341,2024-07-09 03:45:00
1720497600000,57168.36,57329.82,57109.21,57262.0,195.40853,2024-07-09 04:00:00
1720498500000,57262.0,57344.0,57188.45,57229.05,194.81318,2024-07-09 04:15:00
1720499400000,57229.05,57366.19,57146.81,57193.99,340.27838,2024-07-09 04:30:00
1720500300000,57194.0,57330.0,57113.82,57286.0,138.07735,2024-07-09 04:45:00
1720501200000,57286.01,57333.84,57120.0,57247.99,186.93638,2024-07-09 05:00:00
1720502100000,57248.0,57362.0,57192.0,57337.24,193.48335,2024-07-09 05:15:00
1720503000000,57337.25,57432.93,57165.78,57312.01,322.84489,2024-07-09 05:30:00
1720503900000,57312.0,57334.85,57235.11,57291.49,146.33227,2024-07-09 05:45:00
1720504800000,57291.48,57470.92,57192.54,57404.0,310.27007,2024-07-09 06:00:00
1720505700000,57404.0,57692.98,57356.86,57590.0,450.64573,2024-07-09 06:15:00
1720506600000,57589.99,57754.0,57456.95,57553.84,348.91257,2024-07-09 06:30:00
1720507500000,57553.83,57566.58,57453.65,57475.99,164.76616,2024-07-09 06:45:00
1720508400000,57476.0,57560.0,57382.0,57448.01,329.34557,2024-07-09 07:00:00
1720509300000,57448.01,57456.01,57189.99,57270.0,421.44977,2024-07-09 07:15:00
1720510200000,57270.0,57344.0,57119.66,57204.01,315.5576,2024-07-09 07:30:00
1720511100000,57204.01,57248.92,57011.5,57116.84,283.83573,2024-07-09 07:45:00
1720512000000,57116.84,57393.0,57024.01,57372.01,404.48748,2024-07-09 08:00:00
1720512900000,57372.0,57631.39,57366.13,57497.13,342.3314,2024-07-09 08:15:00
1720513800000,57497.13,57900.0,57497.13,57840.01,627.5466,2024-07-09 08:30:00
1720514700000,57840.01,57850.0,57593.74,57615.54,393.83083,2024-07-09 08:45:00
1720515600000,57615.54,57677.06,57502.0,57551.22,256.80228,2024-07-09 09:00:00
1720516500000,57551.22,57635.88,57513.6,57605.99,188.05129,2024-07-09 09:15:00
1720517400000,57605.99,57678.2,57546.0,57674.04,202.44081,2024-07-09 09:30:00
1720518300000,57674.04,57689.04,57588.0,57588.01,131.81786,2024-07-09 09:45:00
1720519200000,57588.01,57668.54,57546.56,57576.01,133.18085,2024-07-09 10:00:00
1720520100000,57576.01,57584.0,57366.6,57422.0,220.75418,2024-07-09 10:15:00
1720521000000,57422.0,57510.36,57295.0,57306.6,252.27272,2024-07-09 10:30:00
1720521900000,57306.6,57431.57,57273.25,57426.46,217.19188,2024-07-09 10:45:00
1720522800000,57426.46,57450.34,57220.0,57350.0,121.25068,2024-07-09 11:00:00
1720523700000,57350.0,57545.8,57302.0,57540.37,136.40894,2024-07-09 11:15:00
1720524600000,57540.37,57543.5,57444.0,57507.99,81.62965,2024-07-09 11:30:00
1720525500000,57507.98,57514.0,57409.75,57428.01,100.43049,2024-07-09 11:45:00
1720526400000,57428.01,57534.49,57378.96,57528.01,134.82017,2024-07-09 12:00:00
1720527300000,57528.01,57544.0,57294.2,57326.79,297.60991,2024-07-09 12:15:00
1720528200000,57326.78,57407.6,57269.86,57312.01,522.04481,2024-07-09 12:30:00
1720529100000,57312.01,57560.0,57304.0,57338.01,749.55144,2024-07-09 12:45:00
1720530000000,57338.01,57378.0,57133.33,57296.01,645.59321,2024-07-09 13:00:00
1720530900000,57296.01,57345.43,57179.99,57217.51,211.51315,2024-07-09 13:15:00
1720531800000,57217.51,57410.8,57050.0,57127.39,432.46511,2024-07-09 13:30:00
1720532700000,57127.39,57325.27,56920.0,57325.27,484.49024,2024-07-09 13:45:00
1720533600000,57325.27,57981.03,57140.0,57851.15,1047.69015,2024-07-09 14:00:00
1720534500000,57851.15,58131.09,57279.99,57590.64,1694.14333,2024-07-09 14:15:00
1720535400000,57590.63,57697.8,57471.98,57631.6,407.81699,2024-07-09 14:30:00
1720536300000,57631.6,57675.93,57027.77,57060.0,577.00423,2024-07-09 14:45:00
1720537200000,57060.0,57284.0,56903.0,57274.01,718.73362,2024-07-09 15:00:00
1720538100000,57274.0,57339.33,57134.0,57184.1,318.86452,2024-07-09 15:15:00
1720539000000,57184.1,57318.91,57034.0,57265.99,290.25663,2024-07-09 15:30:00
1720539900000,57265.99,57500.01,57247.09,57477.01,256.1763,2024-07-09 15:45:00
1720540800000,57477.0,57635.99,57434.74,57592.01,301.54162,2024-07-09 16:00:00
1720541700000,57592.01,57869.36,57592.0,57696.55,402.44188,2024-07-09 16:15:00
1720542600000,57696.55,57740.0,57362.08,57580.0,413.28384,2024-07-09 16:30:00
1720543500000,57580.0,57716.0,57400.0,57690.01,289.54759,2024-07-09 16:45:00
1720544400000,57690.01,57797.88,57589.81,57592.01,176.55661,2024-07-09 17:00:00
1720545300000,57592.01,57638.0,57456.0,57602.01,141.60265,2024-07-09 17:15:00
1720546200000,57602.01,57648.0,57387.33,57395.85,209.44863,2024-07-09 17:30:00
1720547100000,57395.85,57537.45,57370.84,57523.01,90.27317,2024-07-09 17:45:00
1720548000000,57523.0,57668.0,57442.62,57668.0,154.89615,2024-07-09 18:00:00
1720548900000,57668.0,57956.0,57668.0,57718.0,332.87789,2024-07-09 18:15:00
1720549800000,57718.0,58146.2,57710.01,58097.64,545.42443,2024-07-09 18:30:00
1720550700000,58097.64,58296.0,57821.89,57907.5,550.12432,2024-07-09 18:45:00
1720551600000,57907.5,57930.0,57736.0,57848.0,177.02767,2024-07-09 19:00:00
1720552500000,57848.0,57870.0,57682.17,57870.0,127.4321,2024-07-09 19:15:00
1720553400000,57870.0,57870.0,57700.0,57708.97,111.48481,2024-07-09 19:30:00
1720554300000,57708.97,57899.53,57698.99,57862.01,140.86584,2024-07-09 19:45:00
1720555200000,57862.01,57933.0,57704.3,57804.01,398.20206,2024-07-09 20:00:00
1720556100000,57804.01,57996.85,57802.0,57901.98,137.97304,2024-07-09 20:15:00
1720557000000,57901.98,58096.68,57898.0,58023.41,201.67028,2024-07-09 20:30:00
1720557900000,58023.41,58076.88,57862.44,57929.25,127.80652,2024-07-09 20:45:00
1720558800000,57929.26,57950.0,57820.0,57939.58,115.41265,2024-07-09 21:00:00
1720559700000,57939.58,57957.21,57768.0,57906.01,133.8571,2024-07-09 21:15:00
1720560600000,57906.01,57977.46,57848.37,57862.93,73.87287,2024-07-09 21:30:00
1720561500000,57862.93,57862.93,57758.83,57800.01,93.56473,2024-07-09 21:45:00
1720562400000,57800.01,57836.0,57727.26,57802.0,171.94996,2024-07-09 22:00:00
1720563300000,57802.0,57868.19,57720.0,57830.0,155.06058,2024-07-09 22:15:00
1720564200000,57830.0,57994.36,57828.0,57994.36,127.69883,2024-07-09 22:30:00
1720565100000,57994.36,58260.0,57902.86,57936.0,302.0869,2024-07-09 22:45:00
1720566000000,57936.0,57963.75,57866.83,57871.35,113.5899,2024-07-09 23:00:00
1720566900000,57871.34,57970.0,57864.82,57902.01,96.63638,2024-07-09 23:15:00
1720567800000,57902.0,58085.71,57880.0,58038.01,98.26827,2024-07-09 23:30:00
1720568700000,58038.0,58116.13,57983.06,58050.0,149.30764,2024-07-09 23:45:00
1720569600000,58050.0,58050.0,57843.0,57874.01,99.66577,2024-07-10 00:00:00
1720570500000,57874.01,57888.0,57578.57,57620.01,229.0093,2024-07-10 00:15:00
1720571400000,57620.01,57794.11,57597.86,57772.51,103.63277,2024-07-10 00:30:00
1720572300000,57772.51,57816.0,57422.94,57486.37,282.04098,2024-07-10 00:45:00
1720573200000,57486.38,57607.46,57309.09,57586.62,286.01555,2024-07-10 01:00:00
1720574100000,57586.62,57786.49,57540.0,57781.96,168.62913,2024-07-10 01:15:00
1720575000000,57781.96,58000.01,57680.0,57748.0,377.89563,2024-07-10 01:30:00
1720575900000,57747.99,57808.0,57668.3,57798.89,121.55942,2024-07-10 01:45:00
1720576800000,57798.89,57890.0,57668.77,57692.01,188.42944,2024-07-10 02:00:00
1720577700000,57692.01,57776.35,57642.86,57733.41,143.317,2024-07-10 02:15:00
1720578600000,57733.41,57855.56,57686.0,57752.01,89.89799,2024-07-10 02:30:00
1720579500000,57752.01,57914.89,57710.89,57882.55,108.35931,2024-07-10 02:45:00
1720580400000,57882.55,57972.88,57852.0,57863.97,108.00539,2024-07-10 03:00:00
1720581300000,57863.97,58006.23,57840.0,57972.01,88.61635,2024-07-10 03:15:00
1720582200000,57972.0,58129.1,57944.73,58038.01,161.14564,2024-07-10 03:30:00
1720583100000,58038.01,58208.0,58020.96,58180.01,206.01293,2024-07-10 03:45:00
1720584000000,58180.0,59000.0,58180.0,58727.06,1700.93354,2024-07-10 04:00:00
1720584900000,58727.06,59436.0,58638.12,59260.02,1037.22794,2024-07-10 04:15:00
1720585800000,59260.01,59310.0,58976.44,59130.84,420.79747,2024-07-10 04:30:00
1720586700000,59130.84,59347.44,59000.72,59347.44,279.43403,2024-07-10 04:45:00
1720587600000,59347.43,59470.0,59144.62,59182.0,460.20492,2024-07-10 05:00:00
1720588500000,59181.99,59202.36,59040.0,59120.36,232.97765,2024-07-10 05:15:00
1720589400000,59120.36,59165.05,58820.44,58936.69,299.78122,2024-07-10 05:30:00
1720590300000,58936.7,59083.31,58915.75,58975.01,194.71991,2024-07-10 05:45:00
1720591200000,58975.01,59075.77,58846.45,59014.38,180.80539,2024-07-10 06:00:00
1720592100000,59014.39,59150.0,58985.76,59119.16,172.46426,2024-07-10 06:15:00
1720593000000,59119.17,59213.09,59070.86,59151.19,184.33105,2024-07-10 06:30:00
1720593900000,59151.18,59313.06,59132.56,59238.47,160.21809,2024-07-10 06:45:00
1720594800000,59238.48,59286.2,59070.48,59110.01,195.05677,2024-07-10 07:00:00
1720595700000,59110.0,59176.69,59034.0,59037.54,110.75308,2024-07-10 07:15:00
1720596600000,59037.53,59091.81,58907.38,58907.39,169.53178,2024-07-10 07:30:00
1720597500000,58907.39,58982.0,58840.0,58977.99,267.2568,2024-07-10 07:45:00
1720598400000,58977.99,59032.82,58678.01,58737.6,393.07642,2024-07-10 08:00:00
1720599300000,58737.59,58795.19,58608.7,58754.69,186.15999,2024-07-10 08:15:00
1720600200000,58754.7,58826.6,58602.84,58655.99,129.38197,2024-07-10 08:30:00
1720601100000,58656.0,58770.0,58622.69,58756.01,180.49904,2024-07-10 08:45:00
1720602000000,58756.01,58769.4,58656.0,58733.88,198.71449,2024-07-10 09:00:00
1720602900000,58733.88,58764.58,58490.0,58516.0,334.65511,2024-07-10 09:15:00
1720603800000,58516.01,58524.11,58401.0,58512.11,343.5274,2024-07-10 09:30:00
1720604700000,58512.11,58620.0,58481.88,58490.0,196.22532,2024-07-10 09:45:00
1720605600000,58489.99,58554.45,58311.66,58379.89,270.27757,2024-07-10 10:00:00
1720606500000,58379.9,58616.88,58326.0,58541.99,299.06266,2024-07-10 10:15:00
1720607400000,58542.0,58737.24,58541.99,58627.81,347.43241,2024-07-10 10:30:00
1720608300000,58627.8,58715.95,58615.07,58656.01,144.21152,2024-07-10 10:45:00
1720609200000,58656.02,58717.09,58610.0,58611.47,247.46248,2024-07-10 11:00:00
1720610100000,58611.48,58627.77,58460.41,58480.01,184.10886,2024-07-10 11:15:00
1720611000000,58480.01,58571.5,58350.0,58481.74,407.18652,2024-07-10 11:30:00
1720611900000,58481.74,58592.01,58450.0,58492.0,180.44457,2024-07-10 11:45:00
1720612800000,58492.0,58550.0,58407.98,58525.24,280.05096,2024-07-10 12:00:00
1720613700000,58525.24,58538.0,58409.18,58450.0,134.88071,2024-07-10 12:15:00
1720614600000,58450.0,58450.0,57854.01,57977.87,1283.41559,2024-07-10 12:30:00
1720615500000,57977.88,58150.44,57740.86,58150.44,440.67334,2024-07-10 12:45:00
1720616400000,58150.44,58288.3,58000.0,58214.87,525.04895,2024-07-10 13:00:00
1720617300000,58214.86,58214.86,57900.94,57979.18,272.8077,2024-07-10 13:15:00
1720618200000,57979.18,58024.33,57507.04,57689.04,834.56424,2024-07-10 13:30:00
1720619100000,57689.03,57840.08,57554.28,57760.0,570.65333,2024-07-10 13:45:00
1720620000000,57760.0,57877.72,57471.12,57614.64,550.0921,2024-07-10 14:00:00
1720620900000,57614.64,57870.01,57500.0,57827.55,320.34461,2024-07-10 14:15:00
1720621800000,57827.55,57893.15,57716.24,57770.01,188.50096,2024-07-10 14:30:00
1720622700000,57770.01,57794.87,57600.9,57713.03,217.18933,2024-07-10 14:45:00
1720623600000,57713.03,57753.92,57483.0,57745.05,353.75719,2024-07-10 15:00:00
1720624500000,57745.06,57885.24,57710.0,57836.01,182.92086,2024-07-10 15:15:00
1720625400000,57836.01,58000.0,57791.61,57987.49,259.13306,2024-07-10 15:30:00
1720626300000,57987.48,58047.07,57697.68,57699.69,491.23872,2024-07-10 15:45:00
1720627200000,57699.69,57957.37,57662.55,57903.98,448.87817,2024-07-10 16:00:00
1720628100000,57903.98,58010.12,57851.29,57958.53,338.33111,2024-07-10 16:15:00
1720629000000,57958.52,58019.89,57815.71,57881.66,206.08327,2024-07-10 16:30:00
1720629900000,57881.66,57885.12,57584.37,57696.73,285.73305,2024-07-10 16:45:00
1720630800000,57696.73,57713.26,57574.1,57713.25,165.96447,2024-07-10 17:00:00
1720631700000,57713.26,57755.74,57439.67,57623.07,276.65156,2024-07-10 17:15:00
1720632600000,57623.06,57725.22,57578.39,57608.66,131.90175,2024-07-10 17:30:00
1720633500000,57608.65,57663.84,57556.02,57627.81,118.93529,2024-07-10 17:45:00
1720634400000,57627.81,57710.68,57574.49,57710.68,79.75931,2024-07-10 18:00:00
1720635300000,57710.68,57783.55,57572.42,57572.43,134.35437,2024-07-10 18:15:00
1720636200000,57572.43,57629.33,57480.72,57565.05,119.56552,2024-07-10 18:30:00
1720637100000,57565.05,57637.48,57500.0,57630.16,90.60187,2024-07-10 18:45:00
1720638000000,57630.16,57630.16,57353.84,57391.84,238.69075,2024-07-10 19:00:00
1720638900000,57391.83,57513.53,57363.1,57448.29,157.30196,2024-07-10 19:15:00
1720639800000,57448.3,57558.17,57443.23,57480.01,90.37824,2024-07-10 19:30:00
1720640700000,57480.01,57540.0,57364.29,57392.03,117.58651,2024-07-10 19:45:00
1720641600000,57392.03,57519.56,57378.13,57506.43,163.34151,2024-07-10 20:00:00
1720642500000,57506.43,57550.0,57200.0,57285.34,229.3608,2024-07-10 20:15:00
1720643400000,57285.34,57350.77,57157.79,57289.94,191.19223,2024-07-10 20:30:00
1720644300000,57289.93,57455.08,57253.96,57409.23,179.99693,2024-07-10 20:45:00
1720645200000,57409.23,57479.14,57340.72,57345.83,184.17232,2024-07-10 21:00:00
1720646100000,57345.83,57450.01,57264.7,57420.0,124.86425,2024-07-10 21:15:00
1720647000000,57420.0,57445.12,57359.64,57438.11,55.1934,2024-07-10 21:30:00
1720647900000,57438.12,57550.0,57433.4,57434.41,100.78435,2024-07-10 21:45:00
1720648800000,57434.41,57638.79,57427.1,57534.54,144.66791,2024-07-10 22:00:00
1720649700000,57534.54,57856.54,57491.26,57806.0,310.76671,2024-07-10 22:15:00
1720650600000,57806.0,57813.25,57670.77,57683.51,94.82528,2024-07-10 22:30:00
1720651500000,57683.51,57722.59,57664.87,57710.73,68.67047,2024-07-10 22:45:00
1720652400000,57710.74,57710.74,57604.25,57643.6,61.58471,2024-07-10 23:00:00
1720653300000,57643.6,57717.65,57619.88,57678.86,45.58472,2024-07-10 23:15:00
1720654200000,57678.86,57879.58,57623.57,57873.37,139.83191,2024-07-10 23:30:00
1720655100000,57873.38,57873.38,57715.01,57725.85,79.75881,2024-07-10 23:45:00
1720656000000,57725.85,57728.78,57528.67,57557.87,133.22577,2024-07-11 00:00:00
1720656900000,57557.87,57623.05,57429.96,57497.55,166.16804,2024-07-11 00:15:00
1720657800000,57497.55,57511.36,57358.2,57402.26,153.96965,2024-07-11 00:30:00
1720658700000,57402.26,57657.98,57402.25,57628.89,93.81241,2024-07-11 00:45:00
1720659600000,57628.89,57644.19,57505.0,57568.59,145.65816,2024-07-11 01:00:00
1720660500000,57568.59,57585.87,57485.74,57550.0,95.31131,2024-07-11 01:15:00
1720661400000,57550.0,58078.43,57485.81,58040.01,349.50545,2024-07-11 01:30:00
1720662300000,58040.01,58407.05,57977.63,58280.35,566.56578,2024-07-11 01:45:00
1720663200000,58280.35,58383.58,57996.96,58000.0,200.56455,2024-07-11 02:00:00
1720664100000,58000.0,58027.93,57743.75,58027.92,255.48869,2024-07-11 02:15:00
1720665000000,58027.93,58027.93,57810.01,57840.01,137.53653,2024-07-11 02:30:00
1720665900000,57840.01,57949.58,57782.0,57869.99,139.32981,2024-07-11 02:45:00
1720666800000,57870.0,57959.14,57573.42,57630.0,398.20557,2024-07-11 03:00:00
1720667700000,57630.01,57717.52,57050.0,57379.49,758.32423,2024-07-11 03:15:00
1720668600000,57379.49,57463.93,57314.62,57430.12,398.02899,2024-07-11 03:30:00
1720669500000,57430.11,57622.22,57373.59,57568.0,174.60224,2024-07-11 03:45:00
1720670400000,57568.0,57660.01,57488.28,57620.01,222.78277,2024-07-11 04:00:00
1720671300000,57620.02,57681.28,57557.08,57592.28,264.8953,2024-07-11 04:15:00
1720672200000,57592.27,57770.0,57581.93,57762.0,192.15971,2024-07-11 04:30:00
1720673100000,57762.0,57793.46,57709.92,57779.99,135.66015,2024-07-11 04:45:00
1720674000000,57779.99,57917.27,57740.0,57867.14,224.50053,2024-07-11 05:00:00
1720674900000,57867.14,57964.0,57751.82,57755.23,148.35335,2024-07-11 05:15:00
1720675800000,57755.22,57945.45,57704.07,57934.01,234.44675,2024-07-11 05:30:00
1720676700000,57934.0,58100.0,57894.26,57994.01,388.63376,2024-07-11 05:45:00
1720677600000,57994.01,58097.95,57872.89,57930.34,280.36132,2024-07-11 06:00:00
1720678500000,57930.34,58003.01,57906.82,57966.19,154.58665,2024-07-11 06:15:00
1720679400000,57966.19,58005.03,57886.97,57999.53,133.90403,2024-07-11 06:30:00
1720680300000,57999.53,58075.34,57961.57,57996.0,137.07786,2024-07-11 06:45:00
1720681200000,57996.0,58028.44,57922.67,58011.99,154.02208,2024-07-11 07:00:00
1720682100000,58012.0,58284.24,58006.0,58195.98,325.5746,2024-07-11 07:15:00
1720683000000,58195.99,58238.29,58118.38,58130.01,161.62486,2024-07-11 07:30:00
1720683900000,58130.01,58300.0,58041.74,58191.5,291.8876,2024-07-11 07:45:00
1720684800000,58191.5,58328.0,58156.0,58184.72,207.45734,2024-07-11 08:00:00
1720685700000,58184.72,58222.0,58104.27,58154.01,168.21602,2024-07-11 08:15:00
1720686600000,58154.01,58184.0,58082.0,58082.54,105.23213,2024-07-11 08:30:00
1720687500000,58082.55,58200.0,58052.0,58159.09,91.34861,2024-07-11 08:45:00
1720688400000,58159.09,58272.0,58150.0,58252.01,143.08646,2024-07-11 09:00:00
1720689300000,58252.01,58381.7,58200.02,58310.01,194.48848,2024-07-11 09:15:00
1720690200000,58310.01,58317.87,58067.25,58224.73,357.9496,2024-07-11 09:30:00
1720691100000,58224.73,58310.83,58108.61,58290.13,175.68904,2024-07-11 09:45:00
1720692000000,58290.14,58500.0,58182.0,58238.54,359.62,2024-07-11 10:00:00
1720692900000,58238.54,58335.63,58174.25,58308.01,271.75166,2024-07-11 10:15:00
1720693800000,58308.01,58419.16,58290.8,58391.51,154.43546,2024-07-11 10:30:00
1720694700000,58391.51,58467.53,58368.0,58462.29,102.78126,2024-07-11 10:45:00
1720695600000,58462.29,58535.34,58407.6,58498.83,196.629,2024-07-11 11:00:00
1720696500000,58498.83,58513.07,58404.55,58450.0,125.1376,2024-07-11 11:15:00
1720697400000,58449.99,58769.82,58390.96,58703.52,714.27464,2024-07-11 11:30:00
1720698300000,58703.52,58936.52,58684.52,58777.99,736.31627,2024-07-11 11:45:00
1720699200000,58777.99,58798.0,58513.74,58624.01,439.57488,2024-07-11 12:00:00
1720700100000,58624.0,58849.01,58470.76,58717.02,547.33066,2024-07-11 12:15:00
1720701000000,58717.02,59650.0,58697.18,58922.01,2721.15132,2024-07-11 12:30:00
1720701900000,58922.01,59212.0,58670.99,58816.35,721.89552,2024-07-11 12:45:00
1720702800000,58816.35,58970.98,58426.0,58642.01,738.51096,2024-07-11 13:00:00
1720703700000,58642.01,58800.36,58580.0,58795.0,353.05717,2024-07-11 13:15:00
1720704600000,58795.0,58943.56,58236.95,58425.55,871.41652,2024-07-11 13:30:00
1720705500000,58425.55,58567.56,58360.89,58566.16,400.95674,2024-07-11 13:45:00
1720706400000,58566.16,58674.41,58254.42,58288.01,632.18117,2024-07-11 14:00:00
1720707300000,58288.01,58314.73,57555.0,57781.7,1673.58879,2024-07-11 14:15:00
1720708200000,57781.7,57971.55,57733.35,57743.38,404.1755,2024-07-11 14:30:00
1720709100000,57743.38,57956.0,57636.0,57790.01,368.68431,2024-07-11 14:45:00
1720710000000,57790.01,57904.0,57728.03,57848.0,370.39041,2024-07-11 15:00:00
1720710900000,57847.99,58125.8,57770.86,57812.09,792.59994,2024-07-11 15:15:00
1720711800000,57812.08,57812.08,57385.0,57560.31,571.77876,2024-07-11 15:30:00
1720712700000,57560.3,57581.31,57266.58,57402.01,438.60839,2024-07-11 15:45:00
1720713600000,57402.01,57539.48,57178.0,57518.42,441.59635,2024-07-11 16:00:00
1720714500000,57518.42,57647.81,57478.98,57626.62,183.40406,2024-07-11 16:15:00
1720715400000,57626.63,57751.73,57565.94,57610.71,250.74834,2024-07-11 16:30:00
1720716300000,57610.71,57675.15,57437.3,57640.84,204.25766,2024-07-11 16:45:00
1720717200000,57640.84,57788.46,57582.67,57767.07,194.62334,2024-07-11 17:00:00
1720718100000,57767.07,57908.16,57758.63,57882.24,155.24401,2024-07-11 17:15:00
1720719000000,57882.24,57912.0,57831.74,57868.0,148.32942,2024-07-11 17:30:00
1720719900000,57868.0,57940.01,57760.0,57797.32,292.23435,2024-07-11 17:45:00
1720720800000,57797.32,57838.43,57674.32,57828.01,250.98247,2024-07-11 18:00:00
1720721700000,57828.01,58000.61,57766.51,57766.52,247.26597,2024-07-11 18:15:00
1720722600000,57766.52,57919.88,57722.92,57904.71,148.12484,2024-07-11 18:30:00
1720723500000,57904.72,57904.72,57776.1,57841.27,144.0419,2024-07-11 18:45:00
1720724400000,57841.27,57849.41,57640.86,57658.01,214.72649,2024-07-11 19:00:00
1720725300000,57658.01,57658.01,57385.44,57412.0,357.99072,2024-07-11 19:15:00
1720726200000,57412.0,57608.0,57340.0,57486.25,220.93438,2024-07-11 19:30:00
1720727100000,57486.26,57540.0,57355.74,57378.01,219.6878,2024-07-11 19:45:00
1720728000000,57378.0,57535.08,57205.45,57217.54,343.82586,2024-07-11 20:00:00
1720728900000,57217.54,57445.76,57214.5,57431.89,165.39859,2024-07-11 20:15:00
1720729800000,57431.88,57559.94,57366.0,57500.0,112.77949,2024-07-11 20:30:00
1720730700000,57500.01,57590.9,57434.0,57554.0,110.49654,2024-07-11 20:45:00
1720731600000,57554.0,57636.0,57464.68,57474.0,97.69412,2024-07-11 21:00:00
1720732500000,57474.0,57475.7,57315.94,57414.0,112.13262,2024-07-11 21:15:00
1720733400000,57413.99,57417.19,57316.22,57371.86,97.64547,2024-07-11 21:30:00
1720734300000,57371.86,57540.01,57316.45,57460.02,109.00861,2024-07-11 21:45:00
1720735200000,57460.02,57538.49,57338.7,57352.01,138.71107,2024-07-11 22:00:00
1720736100000,57352.01,57520.0,57260.0,57518.01,143.67477,2024-07-11 22:15:00
1720737000000,57518.01,57538.88,57450.0,57460.01,107.48121,2024-07-11 22:30:00
1720737900000,57460.01,57481.92,57150.0,57338.58,211.48909,2024-07-11 22:45:00
1720738800000,57338.58,57393.23,57282.82,57304.01,117.30544,2024-07-11 23:00:00
1720739700000,57304.0,57360.01,57152.38,57254.0,148.58935,2024-07-11 23:15:00
1720740600000,57253.99,57350.0,57166.66,57334.0,231.44749,2024-07-11 23:30:00
1720741500000,57334.0,57399.88,57300.0,57339.89,72.10242,2024-07-11 23:45:00
1720742400000,57339.89,57444.0,57155.6,57284.0,219.03196,2024-07-12 00:00:00
1720743300000,57284.0,57506.0,57228.0,57488.0,151.34122,2024-07-12 00:15:00
1720744200000,57488.0,57571.86,57461.3,57571.85,119.2116,2024-07-12 00:30:00
1720745100000,57571.86,57571.86,57150.01,57178.0,205.37878,2024-07-12 00:45:00
1720746000000,57178.0,57346.97,57001.0,57031.99,281.90181,2024-07-12 01:00:00
1720746900000,57032.0,57053.5,56542.47,56610.0,917.6117,2024-07-12 01:15:00
1720747800000,56610.0,56839.75,56567.0,56782.2,235.31688,2024-07-12 01:30:00
1720748700000,56782.21,56963.68,56704.5,56950.01,193.38156,2024-07-12 01:45:00
1720749600000,56950.01,57056.82,56880.29,57016.01,170.88732,2024-07-12 02:00:00
1720750500000,57016.01,57419.22,56991.99,57193.88,365.41424,2024-07-12 02:15:00
1720751400000,57193.88,57318.85,57182.0,57300.01,145.7729,2024-07-12 02:30:00
1720752300000,57300.01,57380.0,57230.0,57332.88,142.3359,2024-07-12 02:45:00
1720753200000,57332.88,57368.0,56999.16,57024.86,238.21408,2024-07-12 03:00:00
1720754100000,57024.85,57100.0,56924.0,57018.01,130.81215,2024-07-12 03:15:00
1720755000000,57018.01,57123.49,56852.94,56908.0,139.76578,2024-07-12 03:30:00
1720755900000,56908.0,56963.81,56869.38,56914.01,99.06528,2024-07-12 03:45:00
1720756800000,56914.01,56994.18,56894.0,56954.81,80.7165,2024-07-12 04:00:00
1720757700000,56955.99,57032.0,56730.53,56730.53,154.1032,2024-07-12 04:15:00
1720758600000,56730.53,56951.35,56716.68,56923.7,138.93572,2024-07-12 04:30:00
1720759500000,56923.7,57067.75,56923.69,57018.0,162.52275,2024-07-12 04:45:00
1720760400000,57018.01,57068.67,56959.01,57032.02,96.24777,2024-07-12 05:00:00
1720761300000,57032.01,57103.65,56984.56,57082.85,121.91188,2024-07-12 05:15:00
1720762200000,57082.85,57104.92,57017.65,57017.66,111.60064,2024-07-12 05:30:00
1720763100000,57017.65,57047.89,56942.0,57026.0,121.01865,2024-07-12 05:45:00
1720764000000,57026.01,57174.18,57020.15,57116.5,135.21502,2024-07-12 06:00:00
1720764900000,57116.49,57345.44,57106.69,57326.0,291.6281,2024-07-12 06:15:00
1720765800000,57326.01,57416.13,57250.0,57313.72,301.03351,2024-07-12 06:30:00
1720766700000,57313.72,57348.54,57188.76,57210.0,154.74826,2024-07-12 06:45:00
1720767600000,57210.01,57319.5,57186.0,57230.1,158.27523,2024-07-12 07:00:00
1720768500000,57230.1,57245.46,57048.05,57105.0,243.82867,2024-07-12 07:15:00
1720769400000,57105.01,57154.0,56903.05,56924.78,366.4997,2024-07-12 07:30:00
1720770300000,56924.78,57110.8,56836.29,57106.94,271.09646,2024-07-12 07:45:00
1720771200000,57106.95,57238.41,57046.16,57228.0,298.5899,2024-07-12 08:00:00
1720772100000,57228.01,57278.63,57028.87,57155.88,184.70945,2024-07-12 08:15:00
1720773000000,57155.89,57304.8,57067.23,57204.01,239.16352,2024-07-12 08:30:00
1720773900000,57204.01,57334.32,57204.0,57323.02,142.53378,2024-07-12 08:45:00
1720774800000,57323.03,57325.6,57154.0,57196.08,122.30989,2024-07-12 09:00:00
1720775700000,57196.08,57208.33,57149.04,57177.82,118.67953,2024-07-12 09:15:00
1720776600000,57177.82,57207.68,57030.19,57084.31,171.11277,2024-07-12 09:30:00
1720777500000,57084.3,57084.3,56864.04,56949.99,199.47809,2024-07-12 09:45:00
1720778400000,56950.0,57068.0,56844.28,56917.31,150.39845,2024-07-12 10:00:00
1720779300000,56917.31,56968.0,56767.05,56945.21,218.50517,2024-07-12 10:15:00
1720780200000,56945.21,57157.21,56944.91,57156.27,154.53306,2024-07-12 10:30:00
1720781100000,57156.27,57190.0,57092.49,57172.84,179.32465,2024-07-12 10:45:00
1720782000000,57172.84,57189.43,57060.0,57082.27,339.34694,2024-07-12 11:00:00
1720782900000,57082.28,57260.41,57082.27,57248.53,198.92521,2024-07-12 11:15:00
1720783800000,57248.53,57278.0,57180.0,57243.99,196.66979,2024-07-12 11:30:00
1720784700000,57244.0,57248.0,57078.0,57203.54,228.24334,2024-07-12 11:45:00
1720785600000,57203.54,57459.1,57203.53,57280.67,429.63306,2024-07-12 12:00:00
1720786500000,57280.67,57479.51,57200.0,57440.0,266.75143,2024-07-12 12:15:00
1720787400000,57440.0,57443.67,57000.0,57203.99,802.49941,2024-07-12 12:30:00
1720788300000,57203.99,57385.0,57132.5,57382.3,266.88386,2024-07-12 12:45:00
1720789200000,57382.29,57507.0,57355.8,57501.57,397.0336,2024-07-12 13:00:00
1720790100000,57501.56,57799.0,57444.29,57540.0,670.57027,2024-07-12 13:15:00
1720791000000,57540.0,57758.0,57488.63,57504.01,290.58755,2024-07-12 13:30:00
1720791900000,57504.01,58006.79,57487.0,57850.2,590.40322,2024-07-12 13:45:00
1720792800000,57850.2,57984.63,57688.9,57875.76,412.91806,2024-07-12 14:00:00
1720793700000,57875.76,57950.0,57702.64,57937.75,323.88112,2024-07-12 14:15:00
1720794600000,57937.75,58020.0,57829.72,57955.3,354.92951,2024-07-12 14:30:00
1720795500000,57955.3,57974.46,57722.22,57820.01,316.53043,2024-07-12 14:45:00
1720796400000,57820.0,57995.78,57775.27,57943.62,363.92993,2024-07-12 15:00:00
1720797300000,57943.61,58212.0,57821.91,58173.45,518.10805,2024-07-12 15:15:00
1720798200000,58173.44,58218.0,57920.0,57997.41,302.52809,2024-07-12 15:30:00
1720799100000,57997.41,58278.0,57920.0,58214.0,397.20671,2024-07-12 15:45:00
1720800000000,58213.99,58247.53,58026.0,58032.96,364.90192,2024-07-12 16:00:00
1720800900000,58032.96,58250.81,57967.4,58230.86,409.59892,2024-07-12 16:15:00
1720801800000,58230.86,58428.91,58096.01,58100.18,406.58365,2024-07-12 16:30:00
1720802700000,58100.17,58150.0,57936.97,58116.01,314.77079,2024-07-12 16:45:00
1720803600000,58116.0,58186.91,57951.01,58110.01,185.04773,2024-07-12 17:00:00
1720804500000,58110.0,58317.12,58105.19,58166.48,317.76668,2024-07-12 17:15:00
1720805400000,58166.48,58270.0,58095.0,58184.0,116.73025,2024-07-12 17:30:00
1720806300000,58183.99,58248.0,58125.1,58161.82,99.39268,2024-07-12 17:45:00
1720807200000,58161.82,58169.76,58065.0,58168.0,145.47613,2024-07-12 18:00:00
1720808100000,58167.99,58299.0,58085.0,58139.8,188.57742,2024-07-12 18:15:00
1720809000000,58139.8,58465.28,58110.0,58401.37,325.02616,2024-07-12 18:30:00
1720809900000,58401.37,58526.68,58294.0,58296.9,375.76618,2024-07-12 18:45:00
1720810800000,58296.9,58355.51,58103.52,58158.43,278.45996,2024-07-12 19:00:00
1720811700000,58158.43,58175.61,57858.53,57903.71,464.23819,2024-07-12 19:15:00
1720812600000,57903.7,57903.7,57699.88,57814.01,382.14145,2024-07-12 19:30:00
1720813500000,57814.01,57865.48,57500.0,57576.01,538.02708,2024-07-12 19:45:00
1720814400000,57576.01,57646.0,57472.57,57482.29,341.45783,2024-07-12 20:00:00
1720815300000,57482.29,57499.0,57150.06,57321.12,507.9393,2024-07-12 20:15:00
1720816200000,57321.12,57533.63,57300.03,57533.63,166.43435,2024-07-12 20:30:00
1720817100000,57533.62,57609.46,57520.37,57542.01,124.45712,2024-07-12 20:45:00
1720818000000,57542.0,57680.6,57502.0,57662.04,109.28842,2024-07-12 21:00:00
1720818900000,57662.03,57662.03,57538.01,57585.44,100.10434,2024-07-12 21:15:00
1720819800000,57585.44,57680.39,57545.44,57601.4,68.98245,2024-07-12 21:30:00
1720820700000,57601.39,57655.61,57582.55,57597.03,55.67616,2024-07-12 21:45:00
1720821600000,57597.02,57711.43,57580.0,57686.0,55.48126,2024-07-12 22:00:00
1720822500000,57685.99,57874.29,57685.99,57688.01,205.8932,2024-07-12 22:15:00
1720823400000,57688.0,57722.66,57671.63,57719.61,90.84545,2024-07-12 22:30:00
1720824300000,57719.61,57811.32,57702.0,57792.01,114.28686,2024-07-12 22:45:00
1720825200000,57792.01,57794.0,57716.0,57735.01,52.17692,2024-07-12 23:00:00
1720826100000,57735.0,57868.91,57735.0,57813.59,90.34929,2024-07-12 23:15:00
1720827000000,57813.58,57852.86,57804.45,57834.58,65.89494,2024-07-12 23:30:00
1720827900000,57834.59,57906.1,57834.59,57889.1,78.94076,2024-07-12 23:45:00
1720828800000,57889.09,57926.5,57834.79,57875.36,84.79,2024-07-13 00:00:00
1720829700000,57875.35,57910.0,57766.64,57818.86,125.39319,2024-07-13 00:15:00
1720830600000,57818.86,57872.0,57762.39,57826.01,54.51688,2024-07-13 00:30:00
1720831500000,57826.0,57846.0,57806.0,57835.58,50.03288,2024-07-13 00:45:00
1720832400000,57835.57,57940.0,57807.94,57928.32,86.63938,2024-07-13 01:00:00
1720833300000,57928.31,57969.7,57878.39,57886.48,72.49881,2024-07-13 01:15:00
1720834200000,57886.48,57900.0,57830.0,57889.15,86.12755,2024-07-13 01:30:00
1720835100000,57889.15,57919.65,57854.75,57880.0,44.79865,2024-07-13 01:45:00
1720836000000,57880.0,57884.0,57766.78,57815.31,87.96208,2024-07-13 02:00:00
1720836900000,57815.31,57880.51,57780.0,57862.0,109.36919,2024-07-13 02:15:00
1720837800000,57861.99,57935.16,57820.0,57908.08,137.18137,2024-07-13 02:30:00
1720838700000,57908.07,57958.38,57908.07,57946.43,181.86428,2024-07-13 02:45:00
1720839600000,57946.43,57991.5,57900.0,57914.0,78.55234,2024-07-13 03:00:00
1720840500000,57914.0,57914.0,57849.62,57874.0,79.19219,2024-07-13 03:15:00
1720841400000,57874.0,57880.0,57809.1,57840.0,83.54459,2024-07-13 03:30:00
1720842300000,57839.99,57905.04,57786.65,57814.0,84.36986,2024-07-13 03:45:00
1720843200000,57814.0,57830.0,57769.82,57822.0,76.76417,2024-07-13 04:00:00
1720844100000,57822.0,57835.28,57770.89,57784.97,87.78618,2024-07-13 04:15:00
1720845000000,57784.97,57852.13,57779.25,57779.26,57.47031,2024-07-13 04:30:00
1720845900000,57779.26,57820.0,57775.85,57775.86,58.94743,2024-07-13 04:45:00
1720846800000,57775.86,57912.75,57756.63,57818.01,131.65121,2024-07-13 05:00:00
1720847700000,57818.01,57957.9,57798.2,57924.0,118.64865,2024-07-13 05:15:00
1720848600000,57924.0,57958.63,57883.3,57932.01,77.29463,2024-07-13 05:30:00
1720849500000,57932.01,58179.92,57888.0,58076.02,419.05111,2024-07-13 05:45:00
1720850400000,58076.02,58109.91,58002.0,58002.01,79.09124,2024-07-13 06:00:00
1720851300000,58002.0,58216.08,58002.0,58150.3,119.06243,2024-07-13 06:15:00
1720852200000,58150.3,58173.15,58059.27,58063.21,81.04113,2024-07-13 06:30:00
1720853100000,58063.22,58088.85,58028.99,58038.55,48.74888,2024-07-13 06:45:00
1720854000000,58038.55,58085.63,58013.29,58085.63,55.26521,2024-07-13 07:00:00
1720854900000,58085.63,58152.01,58040.0,58130.01,100.87263,2024-07-13 07:15:00
1720855800000,58130.01,58148.11,58088.1,58120.01,52.56086,2024-07-13 07:30:00
1720856700000,58120.01,58170.33,58090.01,58170.32,67.91897,2024-07-13 07:45:00
1720857600000,58170.33,58198.46,58108.51,58118.44,90.12265,2024-07-13 08:00:00
1720858500000,58118.44,58160.0,58118.43,58150.01,52.81081,2024-07-13 08:15:00
1720859400000,58150.0,58150.01,58068.0,58070.03,59.70812,2024-07-13 08:30:00
1720860300000,58070.02,58070.03,57940.1,57949.93,138.21533,2024-07-13 08:45:00
1720861200000,57950.2,58002.6,57900.57,57987.22,125.50576,2024-07-13 09:00:00
1720862100000,57987.22,58224.0,57980.32,58206.01,328.491,2024-07-13 09:15:00
1720863000000,58206.0,58398.0,58202.34,58352.09,332.11083,2024-07-13 09:30:00
1720863900000,58352.09,58854.98,58297.69,58678.02,665.8749,2024-07-13 09:45:00
1720864800000,58678.02,58759.98,58603.78,58718.86,284.93209,2024-07-13 10:00:00
1720865700000,58718.85,58734.08,58655.02,58668.17,149.88229,2024-07-13 10:15:00
1720866600000,58668.16,58668.17,58376.64,58376.65,242.79958,2024-07-13 10:30:00
1720867500000,58376.64,58484.95,58346.58,58436.67,161.66996,2024-07-13 10:45:00
1720868400000,58436.67,58450.0,58386.01,58410.0,79.50315,2024-07-13 11:00:00
1720869300000,58410.0,58552.65,58383.32,58488.01,137.71031,2024-07-13 11:15:00
1720870200000,58488.01,58599.0,58488.0,58560.0,125.54191,2024-07-13 11:30:00
1720871100000,58560.0,58586.0,58520.07,58534.0,90.30107,2024-07-13 11:45:00
1720872000000,58534.0,58553.99,58437.82,58444.01,155.63046,2024-07-13 12:00:00
1720872900000,58444.01,58651.24,58434.38,58633.01,233.8128,2024-07-13 12:15:00
1720873800000,58633.0,58804.58,58633.0,58774.0,160.26784,2024-07-13 12:30:00
1720874700000,58774.0,58899.46,58670.0,58768.01,385.529,2024-07-13 12:45:00
1720875600000,58768.01,58830.0,58621.03,58694.01,177.5429,2024-07-13 13:00:00
1720876500000,58694.0,58737.99,58654.0,58737.99,101.80553,2024-07-13 13:15:00
1720877400000,58737.98,58798.63,58583.46,58599.13,183.34792,2024-07-13 13:30:00
1720878300000,58599.13,58663.51,58576.1,58617.72,140.55537,2024-07-13 13:45:00
1720879200000,58617.71,58633.33,58500.0,58510.0,157.68946,2024-07-13 14:00:00
1720880100000,58510.0,58580.0,58479.48,58518.43,117.85365,2024-07-13 14:15:00
1720881000000,58518.43,58675.11,58508.0,58668.0,132.26806,2024-07-13 14:30:00
1720881900000,58668.0,58801.49,58628.73,58800.0,143.49507,2024-07-13 14:45:00
1720882800000,58800.0,58810.0,58693.46,58802.01,125.33261,2024-07-13 15:00:00
1720883700000,58802.0,58812.98,58684.2,58787.01,186.76864,2024-07-13 15:15:00
1720884600000,58787.01,58869.16,58724.72,58793.78,283.20687,2024-07-13 15:30:00
1720885500000,58793.78,58842.0,58724.55,58830.63,251.56815,2024-07-13 15:45:00
1720886400000,58830.62,58935.61,58773.7,58850.0,206.50959,2024-07-13 16:00:00
1720887300000,58850.0,58964.89,58662.0,58727.77,267.31767,2024-07-13 16:15:00
1720888200000,58727.77,58770.0,58642.25,58714.24,340.78153,2024-07-13 16:30:00
1720889100000,58714.24,58724.54,58601.55,58621.99,87.35814,2024-07-13 16:45:00
1720890000000,58621.99,58654.0,58612.0,58643.63,62.52656,2024-07-13 17:00:00
1720890900000,58643.62,58687.63,58586.5,58599.0,72.2672,2024-07-13 17:15:00
1720891800000,58599.0,58658.05,58572.98,58657.78,98.42287,2024-07-13 17:30:00
1720892700000,58657.78,58708.0,58642.0,58708.0,57.62931,2024-07-13 17:45:00
1720893600000,58708.0,58800.0,58695.3,58705.43,109.65552,2024-07-13 18:00:00
1720894500000,58705.42,58710.0,58622.83,58624.23,75.85837,2024-07-13 18:15:00
1720895400000,58624.23,58664.0,58577.19,58604.0,62.68654,2024-07-13 18:30:00
1720896300000,58603.99,58654.0,58573.61,58643.8,42.55958,2024-07-13 18:45:00
1720897200000,58643.8,58738.44,58628.5,58687.1,65.57607,2024-07-13 19:00:00
1720898100000,58687.1,58702.0,58656.72,58662.0,35.93206,2024-07-13 19:15:00
1720899000000,58662.0,58676.76,58604.35,58626.71,55.18996,2024-07-13 19:30:00
1720899900000,58626.7,58671.43,58600.0,58624.38,51.77046,2024-07-13 19:45:00
1720900800000,58624.38,58624.38,58554.69,58583.21,133.04652,2024-07-13 20:00:00
1720901700000,58583.21,58625.97,58574.32,58592.0,53.48977,2024-07-13 20:15:00
1720902600000,58592.0,58660.0,58565.18,58632.01,55.60123,2024-07-13 20:30:00
1720903500000,58632.01,58674.0,58587.73,58596.01,71.45926,2024-07-13 20:45:00
1720904400000,58596.01,58631.55,58580.0,58590.0,42.37367,2024-07-13 21:00:00
1720905300000,58589.99,58690.0,58589.99,58682.5,56.79836,2024-07-13 21:15:00
1720906200000,58682.49,58682.5,58644.0,58644.85,27.72209,2024-07-13 21:30:00
1720907100000,58644.84,58686.0,58644.84,58686.0,27.02065,2024-07-13 21:45:00
1720908000000,58686.0,58696.58,58660.48,58683.67,44.87524,2024-07-13 22:00:00
1720908900000,58683.68,58683.68,58288.19,58406.39,283.90528,2024-07-13 22:15:00
1720909800000,58406.39,59016.68,58326.25,58776.0,550.31409,2024-07-13 22:30:00
1720910700000,58775.99,59540.0,58775.99,59464.53,946.66618,2024-07-13 22:45:00
1720911600000,59464.53,59828.58,59242.0,59726.01,1064.70931,2024-07-13 23:00:00
1720912500000,59726.0,59850.0,59322.76,59380.0,546.16356,2024-07-13 23:15:00
1720913400000,59380.0,59414.55,59195.46,59270.0,495.86323,2024-07-13 23:30:00
1720914300000,59270.0,59296.0,59133.26,59204.02,184.83295,2024-07-13 23:45:00
1720915200000,59204.01,59473.86,59194.01,59436.02,223.76891,2024-07-14 00:00:00
1720916100000,59436.02,59644.91,59382.0,59390.0,355.01635,2024-07-14 00:15:00
1720917000000,59390.0,59538.96,59280.0,59496.01,224.20816,2024-07-14 00:30:00
1720917900000,59496.01,59790.0,59450.0,59753.99,370.60987,2024-07-14 00:45:00
1720918800000,59753.98,59838.0,59582.59,59612.18,368.80683,2024-07-14 01:00:00
1720919700000,59612.18,59642.0,59436.27,59564.01,296.32019,2024-07-14 01:15:00
1720920600000,59564.0,59750.0,59539.67,59724.01,195.0204,2024-07-14 01:30:00
1720921500000,59724.01,59753.01,59620.98,59705.99,139.75526,2024-07-14 01:45:00
1720922400000,59705.99,59750.0,59550.0,59562.9,96.81013,2024-07-14 02:00:00
1720923300000,59562.89,59640.0,59303.02,59316.48,197.84391,2024-07-14 02:15:00
1720924200000,59316.48,59414.0,59290.82,59330.01,176.31694,2024-07-14 02:30:00
1720925100000,59330.01,59356.0,59279.99,59356.0,116.89728,2024-07-14 02:45:00
1720926000000,59356.0,59590.12,59340.0,59488.99,174.36883,2024-07-14 03:00:00
1720926900000,59488.99,59488.99,59400.68,59481.09,83.6496,2024-07-14 03:15:00
1720927800000,59481.1,59481.1,59385.0,59400.0,96.23589,2024-07-14 03:30:00
1720928700000,59399.99,59508.96,59375.99,59466.15,113.82545,2024-07-14 03:45:00
1720929600000,59466.16,59680.0,59418.68,59670.0,158.67982,2024-07-14 04:00:00
1720930500000,59670.0,60100.0,59650.0,59740.0,852.11994,2024-07-14 04:15:00
1720931400000,59740.0,59893.56,59660.55,59842.05,245.71536,2024-07-14 04:30:00
1720932300000,59842.06,60010.0,59720.73,59950.0,243.18427,2024-07-14 04:45:00
1720933200000,59950.0,60296.0,59949.99,59960.09,774.9324,2024-07-14 05:00:00
1720934100000,59960.08,60161.57,59802.35,60142.48,256.76138,2024-07-14 05:15:00
1720935000000,60142.49,60178.64,60050.0,60066.67,306.52452,2024-07-14 05:30:00
1720935900000,60066.66,60285.27,59980.0,60265.38,283.39112,2024-07-14 05:45:00
1720936800000,60265.39,60324.61,60128.55,60145.61,349.9553,2024-07-14 06:00:00
1720937700000,60145.6,60145.61,60066.0,60111.59,134.74331,2024-07-14 06:15:00
1720938600000,60111.59,60143.98,60002.28,60011.83,270.00198,2024-07-14 06:30:00
1720939500000,60011.84,60016.0,59786.69,59875.99,291.66411,2024-07-14 06:45:00
1720940400000,59876.0,59977.7,59823.56,59924.0,136.36692,2024-07-14 07:00:00
1720941300000,59923.99,60100.01,59892.96,59946.17,146.18581,2024-07-14 07:15:00
1720942200000,59946.16,60000.0,59916.14,60000.0,108.32822,2024-07-14 07:30:00
1720943100000,60000.0,60124.01,59999.99,60062.01,227.98056,2024-07-14 07:45:00
1720944000000,60062.01,60214.56,60062.0,60120.28,186.91538,2024-07-14 08:00:00
1720944900000,60120.28,60400.0,60070.55,60315.53,429.30047,2024-07-14 08:15:00
1720945800000,60315.53,60326.0,60168.49,60254.0,240.8174,2024-07-14 08:30:00
1720946700000,60254.0,60322.62,60161.68,60202.0,153.37731,2024-07-14 08:45:00
1720947600000,60201.99,60275.81,60131.38,60131.39,155.86953,2024-07-14 09:00:00
1720948500000,60131.39,60297.62,60128.63,60269.17,128.66726,2024-07-14 09:15:00
1720949400000,60269.16,60359.57,60200.0,60202.94,241.7671,2024-07-14 09:30:00
1720950300000,60202.94,60272.0,60182.18,60186.01,136.42315,2024-07-14 09:45:00
1720951200000,60186.0,60236.35,60094.6,60108.01,145.78208,2024-07-14 10:00:00
1720952100000,60108.0,60170.91,60091.22,60133.24,154.53788,2024-07-14 10:15:00
1720953000000,60133.23,60144.0,59987.28,60027.89,194.61356,2024-07-14 10:30:00
1720953900000,60027.89,60055.99,59905.71,59920.51,160.75359,2024-07-14 10:45:00
1720954800000,59920.51,60045.69,59904.0,60022.01,213.24851,2024-07-14 11:00:00
1720955700000,60022.01,60045.2,59984.45,59992.01,98.05641,2024-07-14 11:15:00
1720956600000,59992.01,60109.23,59978.11,60088.32,134.23908,2024-07-14 11:30:00
1720957500000,60088.32,60120.86,60058.0,60099.1,165.51599,2024-07-14 11:45:00
1720958400000,60099.1,60110.7,59876.0,59876.01,148.81005,2024-07-14 12:00:00
1720959300000,59876.01,59934.47,59732.0,59778.0,252.19575,2024-07-14 12:15:00
1720960200000,59778.01,59856.44,59690.0,59747.99,275.63567,2024-07-14 12:30:00
1720961100000,59748.0,59772.4,59577.77,59583.86,262.57067,2024-07-14 12:45:00
1720962000000,59583.86,59649.16,59581.34,59625.99,180.31496,2024-07-14 13:00:00
1720962900000,59625.99,59800.0,59625.99,59636.02,302.65721,2024-07-14 13:15:00
1720963800000,59636.01,59691.77,59602.0,59642.56,154.33832,2024-07-14 13:30:00
1720964700000,59642.56,59704.0,59625.37,59701.93,104.43472,2024-07-14 13:45:00
1720965600000,59701.92,59732.0,59646.0,59704.0,78.91145,2024-07-14 14:00:00
1720966500000,59704.0,59704.0,59503.27,59514.02,154.49153,2024-07-14 14:15:00
1720967400000,59514.01,59770.0,59466.67,59766.0,216.72402,2024-07-14 14:30:00
1720968300000,59766.01,60236.13,59766.0,60012.0,463.20776,2024-07-14 14:45:00
1720969200000,60012.0,60148.0,59876.0,59995.35,228.36659,2024-07-14 15:00:00
1720970100000,59996.0,59996.0,59876.01,59907.99,102.05295,2024-07-14 15:15:00
1720971000000,59907.98,60062.82,59907.98,59934.45,136.52547,2024-07-14 15:30:00
1720971900000,59934.45,60122.95,59927.14,60084.0,125.06216,2024-07-14 15:45:00
1720972800000,60084.0,60115.09,59981.98,60088.01,108.10738,2024-07-14 16:00:00
1720973700000,60088.01,60107.12,59940.01,59940.02,133.77952,2024-07-14 16:15:00
1720974600000,59940.02,60019.39,59894.16,60019.39,86.42556,2024-07-14 16:30:00
1720975500000,60019.38,60119.12,60010.0,60107.33,154.38108,2024-07-14 16:45:00
1720976400000,60107.32,60184.99,59968.09,59980.01,232.19152,2024-07-14 17:00:00
1720977300000,59980.01,60010.01,59918.01,60008.01,98.4802,2024-07-14 17:15:00
1720978200000,60008.01,60058.0,59958.01,59958.01,87.25627,2024-07-14 17:30:00
1720979100000,59958.02,60016.0,59958.01,60005.56,34.40408,2024-07-14 17:45:00
1720980000000,60005.56,60072.28,59935.42,59935.43,67.7632,2024-07-14 18:00:00
1720980900000,59935.43,59982.88,59935.42,59954.03,41.7824,2024-07-14 18:15:00
1720981800000,59954.04,60022.0,59938.92,60014.01,49.20369,2024-07-14 18:30:00
1720982700000,60014.0,60022.11,59982.0,60020.11,33.67155,2024-07-14 18:45:00
1720983600000,60020.11,60020.11,59990.06,59990.21,25.25413,2024-07-14 19:00:00
1720984500000,59990.21,59998.0,59974.42,59977.02,21.41661,2024-07-14 19:15:00
1720985400000,59977.01,59988.9,59906.95,59906.96,33.70697,2024-07-14 19:30:00
1720986300000,59906.96,59940.0,59900.0,59915.99,113.1238,2024-07-14 19:45:00
1720987200000,59916.0,59928.09,59880.0,59927.19,71.92844,2024-07-14 20:00:00
1720988100000,59927.19,60017.7,59927.19,59994.0,70.14741,2024-07-14 20:15:00
1720989000000,59994.01,60400.0,59994.0,60147.99,462.38484,2024-07-14 20:30:00
1720989900000,60148.0,60205.13,60070.01,60084.0,117.34499,2024-07-14 20:45:00
1720990800000,60084.0,60364.46,60026.0,60267.01,301.53385,2024-07-14 21:00:00
1720991700000,60267.01,60993.0,60267.0,60750.0,1250.27317,2024-07-14 21:15:00
1720992600000,60749.99,60882.04,60625.21,60778.27,334.24969,2024-07-14 21:30:00
1720993500000,60778.27,61420.69,60778.26,61276.36,763.73415,2024-07-14 21:45:00
1720994400000,61276.36,61380.84,60764.9,60838.0,666.86683,2024-07-14 22:00:00
1720995300000,60837.99,60990.0,60756.65,60909.52,297.97188,2024-07-14 22:15:00
1720996200000,60909.53,60990.0,60776.98,60786.01,200.77763,2024-07-14 22:30:00
1720997100000,60786.02,60930.16,60773.2,60861.4,161.03089,2024-07-14 22:45:00
1720998000000,60861.4,60988.7,60806.42,60958.73,187.30956,2024-07-14 23:00:00
1720998900000,60958.74,61173.06,60942.0,61104.0,239.24746,2024-07-14 23:15:00
1720999800000,61104.0,61176.32,61043.49,61094.0,253.29447,2024-07-14 23:30:00
1721000700000,61094.0,61094.0,60698.22,60797.91,337.12285,2024-07-14 23:45:00
1721001600000,60797.91,60876.17,60632.3,60682.69,343.52762,2024-07-15 00:00:00
1721002500000,60682.69,60970.0,60668.48,60970.0,167.88669,2024-07-15 00:15:00
1721003400000,60970.0,61124.05,60936.0,61007.56,200.25349,2024-07-15 00:30:00
1721004300000,61007.57,61324.01,61007.56,61211.99,405.0021,2024-07-15 00:45:00
1721005200000,61212.0,61512.0,61180.0,61474.0,427.84811,2024-07-15 01:00:00
1721006100000,61474.0,61800.0,61400.0,61410.83,1041.89629,2024-07-15 01:15:00
1721007000000,61410.82,61464.0,61241.35,61266.0,521.47004,2024-07-15 01:30:00
1721007900000,61266.0,61400.0,61191.26,61390.0,379.31471,2024-07-15 01:45:00
1721008800000,61389.99,61599.62,61300.87,61534.01,384.54434,2024-07-15 02:00:00
1721009700000,61534.01,62283.15,61445.78,62206.95,1333.01568,2024-07-15 02:15:00
1721010600000,62206.94,62500.0,62017.22,62261.5,1046.33004,2024-07-15 02:30:00
1721011500000,62261.5,62610.0,62215.69,62482.0,608.96526,2024-07-15 02:45:00
1721012400000,62482.0,62676.01,62322.0,62473.51,404.98717,2024-07-15 03:00:00
1721013300000,62473.51,62657.55,62385.43,62420.57,366.90741,2024-07-15 03:15:00
1721014200000,62420.57,62535.93,62412.0,62529.99,212.73039,2024-07-15 03:30:00
1721015100000,62530.0,62796.01,62516.12,62647.87,457.71494,2024-07-15 03:45:00
1721016000000,62647.87,62799.94,62550.0,62552.01,399.10196,2024-07-15 04:00:00
1721016900000,62552.01,62832.77,62550.0,62589.02,352.47868,2024-07-15 04:15:00
1721017800000,62589.02,62589.02,62433.01,62468.0,273.89119,2024-07-15 04:30:00
1721018700000,62468.0,62646.39,62453.27,62610.0,209.39207,2024-07-15 04:45:00
1721019600000,62610.0,62755.95,62534.0,62717.99,229.6607,2024-07-15 05:00:00
1721020500000,62717.99,62818.07,62650.17,62737.99,295.43437,2024-07-15 05:15:00
1721021400000,62737.99,62891.72,62703.51,62805.39,267.21923,2024-07-15 05:30:00
1721022300000,62805.4,62968.15,62689.32,62799.99,327.32118,2024-07-15 05:45:00
1721023200000,62800.0,62907.57,62706.01,62896.64,184.10861,2024-07-15 06:00:00
1721024100000,62896.64,62999.0,62760.0,62884.0,297.65706,2024-07-15 06:15:00
1721025000000,62884.0,62992.89,62824.0,62963.43,328.40536,2024-07-15 06:30:00
1721025900000,62963.42,62998.06,62866.0,62870.02,265.64551,2024-07-15 06:45:00
1721026800000,62870.02,62913.96,62768.0,62909.86,260.10158,2024-07-15 07:00:00
1721027700000,62909.86,62948.51,62746.0,62807.13,353.99363,2024-07-15 07:15:00
1721028600000,62807.12,63084.0,62801.83,62982.0,516.38501,2024-07-15 07:30:00
1721029500000,62982.0,62982.0,62821.41,62840.12,282.38307,2024-07-15 07:45:00
1721030400000,62840.12,62944.26,62822.4,62888.27,162.61291,2024-07-15 08:00:00
1721031300000,62888.26,63075.26,62886.84,62999.99,230.23339,2024-07-15 08:15:00
1721032200000,62999.99,63070.0,62943.75,63070.0,326.59124,2024-07-15 08:30:00
1721033100000,63069.99,63243.71,62778.81,62879.54,598.18397,2024-07-15 08:45:00
1721034000000,62879.53,62879.54,62542.02,62639.99,549.35891,2024-07-15 09:00:00
1721034900000,62639.98,62787.99,62594.03,62699.0,265.5121,2024-07-15 09:15:00
1721035800000,62698.99,62900.0,62666.21,62760.01,197.68384,2024-07-15 09:30:00
1721036700000,62760.0,62896.55,62623.49,62637.64,208.68598,2024-07-15 09:45:00
1721037600000,62637.63,62723.33,62621.39,62690.49,206.92047,2024-07-15 10:00:00
1721038500000,62690.49,62810.0,62660.0,62743.33,122.0518,2024-07-15 10:15:00
1721039400000,62743.33,62790.0,62695.13,62698.28,122.72955,2024-07-15 10:30:00
1721040300000,62698.28,62698.28,62413.5,62535.96,376.36891,2024-07-15 10:45:00
1721041200000,62535.95,62603.53,62474.88,62474.89,143.25277,2024-07-15 11:00:00
1721042100000,62474.89,62508.72,62290.0,62432.47,315.60882,2024-07-15 11:15:00
1721043000000,62432.47,62523.23,62304.23,62501.12,210.47737,2024-07-15 11:30:00
1721043900000,62501.11,62560.0,62411.42,62454.0,188.89959,2024-07-15 11:45:00
1721044800000,62454.0,62665.72,62444.67,62562.0,282.92501,2024-07-15 12:00:00
1721045700000,62562.0,62713.85,62500.0,62712.01,159.94661,2024-07-15 12:15:00
1721046600000,62712.01,62809.99,62634.9,62694.47,302.15024,2024-07-15 12:30:00
1721047500000,62694.48,62710.0,62535.2,62616.0,231.54036,2024-07-15 12:45:00
1721048400000,62616.01,62767.54,62593.94,62750.0,162.15498,2024-07-15 13:00:00
1721049300000,62750.01,62981.0,62714.78,62784.28,579.93845,2024-07-15 13:15:00
1721050200000,62784.28,62934.03,62482.59,62882.41,526.06987,2024-07-15 13:30:00
1721051100000,62882.41,62950.0,62772.98,62908.01,386.50259,2024-07-15 13:45:00
1721052000000,62908.01,63056.65,62833.48,62933.85,468.55604,2024-07-15 14:00:00
1721052900000,62933.85,62984.0,62731.48,62863.99,336.10149,2024-07-15 14:15:00
1721053800000,62864.0,63009.6,62842.01,62982.69,252.86773,2024-07-15 14:30:00
1721054700000,62982.7,63236.28,62972.36,63218.06,609.20858,2024-07-15 14:45:00
1721055600000,63218.06,63328.0,62867.13,62964.0,876.80767,2024-07-15 15:00:00
1721056500000,62964.0,63140.0,62904.59,63100.01,590.72311,2024-07-15 15:15:00
1721057400000,63100.01,63155.02,62905.46,62949.65,527.73556,2024-07-15 15:30:00
1721058300000,62949.65,63030.0,62864.32,63026.0,272.80356,2024-07-15 15:45:00
1721059200000,63026.01,63061.64,62852.0,63025.99,376.39509,2024-07-15 16:00:00
1721060100000,63025.99,63258.54,62970.0,63222.88,358.18374,2024-07-15 16:15:00
1721061000000,63222.87,63525.0,63149.78,63454.0,821.79448,2024-07-15 16:30:00
1721061900000,63454.0,63606.96,63369.16,63411.77,916.70974,2024-07-15 16:45:00
1721062800000,63411.77,63703.01,63257.63,63622.01,901.09861,2024-07-15 17:00:00
1721063700000,63622.0,63730.0,63436.95,63478.0,518.33311,2024-07-15 17:15:00
1721064600000,63478.0,63508.47,63233.33,63257.68,343.9665,2024-07-15 17:30:00
1721065500000,63257.68,63397.94,63079.65,63081.97,343.38924,2024-07-15 17:45:00
1721066400000,63081.97,63360.0,62993.33,63298.87,354.0259,2024-07-15 18:00:00
1721067300000,63298.87,63451.12,63220.73,63442.13,373.36428,2024-07-15 18:15:00
1721068200000,63442.13,63614.83,63360.0,63578.01,490.83162,2024-07-15 18:30:00
1721069100000,63578.0,63578.01,63450.21,63499.0,318.13628,2024-07-15 18:45:00
1721070000000,63498.99,63593.97,63322.32,63585.0,358.19219,2024-07-15 19:00:00
1721070900000,63584.99,63820.15,63264.6,63350.0,917.63416,2024-07-15 19:15:00
1721071800000,63349.99,63736.55,63236.94,63662.68,593.15445,2024-07-15 19:30:00
1721072700000,63662.67,63703.99,63200.19,63342.0,664.22257,2024-07-15 19:45:00
1721073600000,63342.0,63393.76,63251.65,63311.92,218.19613,2024-07-15 20:00:00
1721074500000,63311.92,63625.0,63273.33,63604.01,241.84667,2024-07-15 20:15:00
1721075400000,63604.01,63719.01,63545.93,63645.82,254.08892,2024-07-15 20:30:00
1721076300000,63645.83,63777.0,63610.0,63731.36,309.61794,2024-07-15 20:45:00
1721077200000,63731.36,63764.06,63650.0,63741.99,248.51315,2024-07-15 21:00:00
1721078100000,63741.99,63780.0,63495.71,63581.61,235.41349,2024-07-15 21:15:00
1721079000000,63581.6,63655.0,63520.0,63570.01,152.52251,2024-07-15 21:30:00
1721079900000,63570.01,63649.13,63505.5,63532.44,152.16215,2024-07-15 21:45:00
1721080800000,63532.44,64440.0,63508.0,64135.64,1131.37362,2024-07-15 22:00:00
1721081700000,64135.63,64235.25,63915.99,64186.95,472.73526,2024-07-15 22:15:00
1721082600000,64186.94,64782.12,64131.08,64418.01,851.16023,2024-07-15 22:30:00
1721083500000,64418.0,64639.99,64263.99,64343.6,426.81439,2024-07-15 22:45:00
1721084400000,64343.6,64555.0,64225.19,64536.61,253.4675,2024-07-15 23:00:00
1721085300000,64536.61,64746.36,64484.42,64514.0,425.5922,2024-07-15 23:15:00
1721086200000,64515.18,64827.0,64502.0,64714.0,394.60743,2024-07-15 23:30:00
1721087100000,64713.99,64900.0,64631.2,64724.14,336.65769,2024-07-15 23:45:00
1721088000000,64724.06,64955.49,64671.5,64686.67,801.90171,2024-07-16 00:00:00
1721088900000,64686.66,64774.43,64540.2,64576.11,452.23775,2024-07-16 00:15:00
1721089800000,64576.11,64680.0,64436.2,64649.98,385.57714,2024-07-16 00:30:00
1721090700000,64649.99,64750.0,64580.0,64611.44,195.63642,2024-07-16 00:45:00
1721091600000,64611.44,64660.0,64467.23,64660.0,223.71364,2024-07-16 01:00:00
1721092500000,64659.99,64787.17,64630.01,64630.01,268.97114,2024-07-16 01:15:00
1721093400000,64630.01,64860.0,64590.0,64744.0,175.1757,2024-07-16 01:30:00
1721094300000,64743.99,64858.0,64678.88,64848.08,264.50475,2024-07-16 01:45:00
1721095200000,64848.07,64848.08,64615.07,64615.08,241.20306,2024-07-16 02:00:00
1721096100000,64615.07,64662.4,64555.0,64578.52,224.11316,2024-07-16 02:15:00
1721097000000,64578.51,64718.18,64541.35,64718.18,159.15556,2024-07-16 02:30:00
1721097900000,64718.18,64839.07,64550.03,64819.91,259.2047,2024-07-16 02:45:00
1721098800000,64819.67,64820.0,64730.0,64810.48,268.20636,2024-07-16 03:00:00
1721099700000,64810.47,64863.98,64743.58,64749.98,131.85004,2024-07-16 03:15:00
1721100600000,64749.99,64749.99,64599.59,64717.53,256.84897,2024-07-16 03:30:00
1721101500000,64717.53,64795.01,64634.1,64752.14,150.84064,2024-07-16 03:45:00
1721102400000,64752.14,64993.95,64706.86,64778.02,427.46121,2024-07-16 04:00:00
1721103300000,64778.02,64778.02,64543.52,64561.63,279.32584,2024-07-16 04:15:00
1721104200000,64561.63,64573.48,64484.0,64499.62,316.78508,2024-07-16 04:30:00
1721105100000,64499.61,64589.0,64473.68,64487.01,125.18135,2024-07-16 04:45:00
1721106000000,64487.01,64550.0,64290.18,64373.0,295.98297,2024-07-16 05:00:00
1721106900000,64372.99,64451.99,63930.78,63947.01,811.23259,2024-07-16 05:15:00
1721107800000,63947.0,64160.9,63566.0,63710.01,1201.41511,2024-07-16 05:30:00
1721108700000,63710.0,63792.0,63464.9,63654.92,1003.16653,2024-07-16 05:45:00
1721109600000,63654.92,63753.29,63603.01,63603.02,381.65804,2024-07-16 06:00:00
1721110500000,63603.01,63880.61,63600.0,63865.34,247.09403,2024-07-16 06:15:00
1721111400000,63865.35,63878.82,63411.0,63430.01,394.39157,2024-07-16 06:30:00
1721112300000,63430.02,63435.8,62794.0,62899.64,1555.99846,2024-07-16 06:45:00
1721113200000,62899.64,63333.19,62726.0,63228.02,949.45493,2024-07-16 07:00:00
1721114100000,63228.02,63280.7,62906.11,62998.01,508.76347,2024-07-16 07:15:00
1721115000000,62998.0,63161.51,62811.0,62914.01,581.37389,2024-07-16 07:30:00
1721115900000,62914.0,62976.02,62721.79,62895.01,834.02367,2024-07-16 07:45:00
1721116800000,62895.01,63091.39,62866.98,62978.98,387.05857,2024-07-16 08:00:00
1721117700000,62978.98,63013.78,62561.02,62565.29,844.34741,2024-07-16 08:15:00
1721118600000,62565.29,62726.0,62373.24,62726.0,660.9152,2024-07-16 08:30:00
1721119500000,62726.0,62835.67,62630.0,62820.67,293.24886,2024-07-16 08:45:00
1721120400000,62820.67,62988.0,62686.25,62972.0,489.56548,2024-07-16 09:00:00
1721121300000,62972.0,63187.5,62930.0,62976.0,385.13165,2024-07-16 09:15:00
1721122200000,62976.0,63259.12,62931.5,63248.63,362.95576,2024-07-16 09:30:00
1721123100000,63248.63,63254.0,63075.4,63187.54,257.32828,2024-07-16 09:45:00
1721124000000,63187.53,63342.44,63088.83,63320.01,290.67656,2024-07-16 10:00:00
1721124900000,63320.01,63360.0,63216.0,63285.13,290.28802,2024-07-16 10:15:00
1721125800000,63285.12,63660.0,63260.0,63510.01,386.64173,2024-07-16 10:30:00
1721126700000,63510.0,63555.0,63392.19,63443.54,203.84277,2024-07-16 10:45:00
1721127600000,63443.55,63595.46,63146.45,63502.0,524.60276,2024-07-16 11:00:00
1721128500000,63501.99,63792.31,63497.99,63711.71,397.61787,2024-07-16 11:15:00
1721129400000,63711.71,63786.28,63577.86,63768.01,278.29174,2024-07-16 11:30:00
1721130300000,63768.0,63872.2,63658.0,63746.11,227.50632,2024-07-16 11:45:00
1721131200000,63746.11,63849.98,63625.0,63775.18,289.2872,2024-07-16 12:00:00
1721132100000,63775.17,64158.0,63696.5,64151.41,482.09939,2024-07-16 12:15:00
1721133000000,64151.4,64265.33,63871.01,63945.0,566.5633,2024-07-16 12:30:00
1721133900000,63945.01,64100.01,63601.02,63743.31,447.1511,2024-07-16 12:45:00
1721134800000,63743.3,63911.89,63626.45,63722.26,368.53847,2024-07-16 13:00:00
1721135700000,63722.25,63840.87,63491.98,63828.72,469.33698,2024-07-16 13:15:00
1721136600000,63828.72,64100.0,63752.52,63888.01,560.86241,2024-07-16 13:30:00
1721137500000,63888.01,63910.01,63400.01,63419.99,361.67298,2024-07-16 13:45:00
1721138400000,63419.99,63513.91,63063.83,63513.91,876.32389,2024-07-16 14:00:00
1721139300000,63513.9,63776.3,63486.84,63602.0,522.62292,2024-07-16 14:15:00
1721140200000,63602.0,63765.65,63470.0,63604.0,197.53049,2024-07-16 14:30:00
1721141100000,63604.0,63898.71,63572.99,63836.09,183.72692,2024-07-16 14:45:00
1721142000000,63836.09,64312.0,63799.0,64202.01,690.337,2024-07-16 15:00:00
1721142900000,64202.0,64632.42,64131.99,64504.01,767.0353,2024-07-16 15:15:00
1721143800000,64504.0,64770.96,64352.54,64560.01,610.43659,2024-07-16 15:30:00
1721144700000,64560.0,64960.86,64514.0,64878.24,1537.28886,2024-07-16 15:45:00
1721145600000,64878.24,65200.0,64448.88,64742.01,1698.3817,2024-07-16 16:00:00
1721146500000,64742.01,64750.0,64279.79,64464.8,698.61873,2024-07-16 16:15:00
1721147400000,64464.79,64609.39,64273.79,64297.62,474.2409,2024-07-16 16:30:00
1721148300000,64297.62,64500.0,64207.96,64500.0,500.93995,2024-07-16 16:45:00
1721149200000,64500.0,64504.3,64111.56,64265.88,363.00524,2024-07-16 17:00:00
1721150100000,64265.87,64417.99,64155.84,64362.01,193.01423,2024-07-16 17:15:00
1721151000000,64362.01,64557.5,64239.48,64532.01,225.29202,2024-07-16 17:30:00
1721151900000,64532.01,64642.79,64410.96,64547.52,392.0727,2024-07-16 17:45:00
1721152800000,64547.52,64675.94,64405.1,64618.0,305.25931,2024-07-16 18:00:00
1721153700000,64618.0,64922.32,64506.98,64670.01,339.47602,2024-07-16 18:15:00
1721154600000,64670.0,64804.77,64574.81,64635.0,248.958,2024-07-16 18:30:00
1721155500000,64634.99,64798.59,64478.09,64795.44,346.82385,2024-07-16 18:45:00
1721156400000,64795.43,64960.0,64712.39,64932.66,425.75695,2024-07-16 19:00:00
1721157300000,64932.65,65115.61,64812.24,65107.92,540.20424,2024-07-16 19:15:00
1721158200000,65107.91,65166.81,64828.6,64828.61,552.59011,2024-07-16 19:30:00
1721159100000,64828.61,65178.83,64597.13,65165.43,626.61222,2024-07-16 19:45:00
1721160000000,65165.42,65182.99,64964.98,64997.44,397.19674,2024-07-16 20:00:00
1721160900000,64997.44,65173.92,64900.0,64908.04,261.45421,2024-07-16 20:15:00
1721161800000,64908.04,64995.97,64820.0,64833.27,192.51433,2024-07-16 20:30:00
1721162700000,64833.26,64853.89,64612.16,64651.82,251.75743,2024-07-16 20:45:00
1721163600000,64651.82,64769.08,64479.14,64566.53,348.32191,2024-07-16 21:00:00
1721164500000,64566.52,64769.08,64539.86,64767.24,139.73287,2024-07-16 21:15:00
1721165400000,64767.25,64831.33,64607.68,64617.37,160.53092,2024-07-16 21:30:00
1721166300000,64617.37,64661.7,64500.0,64500.01,104.39117,2024-07-16 21:45:00
1721167200000,64500.0,64560.7,64115.0,64368.0,530.49525,2024-07-16 22:00:00
1721168100000,64367.99,64467.57,64294.69,64308.74,188.34457,2024-07-16 22:15:00
1721169000000,64308.73,64480.0,64304.73,64445.99,184.46639,2024-07-16 22:30:00
1721169900000,64445.99,64623.21,64445.99,64616.92,192.30947,2024-07-16 22:45:00
1721170800000,64616.92,64872.62,64616.91,64870.33,401.61652,2024-07-16 23:00:00
1721171700000,64870.33,65350.0,64870.0,65227.9,946.58296,2024-07-16 23:15:00
1721172600000,65227.9,65388.97,65000.36,65190.41,519.77345,2024-07-16 23:30:00
1721173500000,65190.4,65190.41,65030.5,65043.99,196.51253,2024-07-16 23:45:00
1721174400000,65044.0,65300.21,64932.31,65257.52,392.95395,2024-07-17 00:00:00
1721175300000,65257.52,65359.15,65186.0,65220.0,276.15465,2024-07-17 00:15:00
1721176200000,65220.0,65529.99,65219.99,65529.99,627.24429,2024-07-17 00:30:00
1721177100000,65529.99,65603.12,65380.0,65505.41,385.7697,2024-07-17 00:45:00
1721178000000,65505.41,65890.15,65440.3,65794.01,623.738,2024-07-17 01:00:00
1721178900000,65794.0,66128.63,65775.0,65918.91,851.18507,2024-07-17 01:15:00
1721179800000,65918.9,66030.0,65818.0,65938.01,322.70807,2024-07-17 01:30:00
1721180700000,65938.01,66006.0,65628.4,65670.19,328.77052,2024-07-17 01:45:00
1721181600000,65670.18,65895.0,65664.01,65803.97,244.89965,2024-07-17 02:00:00
1721182500000,65803.97,65846.09,65582.97,65780.22,260.27123,2024-07-17 02:15:00
1721183400000,65780.22,65876.99,65641.53,65818.0,279.40151,2024-07-17 02:30:00
1721184300000,65817.99,65825.0,65541.05,65612.86,310.19424,2024-07-17 02:45:00
1721185200000,65612.85,65699.25,65375.33,65453.13,298.34226,2024-07-17 03:00:00
1721186100000,65453.12,65638.98,65440.0,65539.95,273.79108,2024-07-17 03:15:00
1721187000000,65539.95,65709.09,65538.0,65664.02,196.1005,2024-07-17 03:30:00
1721187900000,65664.01,65792.87,65557.45,65701.66,206.25265,2024-07-17 03:45:00
1721188800000,65701.66,65855.94,65666.01,65802.01,300.1032,2024-07-17 04:00:00
1721189700000,65802.0,65850.96,65670.5,65674.1,190.73069,2024-07-17 04:15:00
1721190600000,65674.09,65825.0,65546.32,65774.16,237.29489,2024-07-17 04:30:00
1721191500000,65774.16,65830.0,65725.37,65830.0,125.01602,2024-07-17 04:45:00
1721192400000,65830.0,65882.93,65742.0,65882.93,173.91733,2024-07-17 05:00:00
1721193300000,65882.92,65993.14,65824.51,65931.9,243.73564,2024-07-17 05:15:00
1721194200000,65931.89,65931.9,65719.15,65780.0,210.32759,2024-07-17 05:30:00
1721195100000,65780.0,65822.29,65600.0,65624.01,304.97466,2024-07-17 05:45:00
1721196000000,65624.0,65790.0,65617.49,65780.0,180.22506,2024-07-17 06:00:00
1721196900000,65779.99,65780.0,65531.01,65560.63,547.74752,2024-07-17 06:15:00
1721197800000,65560.64,65692.65,65454.17,65688.68,208.60459,2024-07-17 06:30:00
1721198700000,65688.68,65688.69,65575.86,65575.87,157.70975,2024-07-17 06:45:00
1721199600000,65575.87,65575.87,65463.6,65480.02,160.29617,2024-07-17 07:00:00
1721200500000,65480.02,65537.5,65300.0,65416.81,410.65874,2024-07-17 07:15:00
1721201400000,65416.81,65427.72,65198.62,65330.55,651.54239,2024-07-17 07:30:00
1721202300000,65330.56,65400.0,65227.98,65258.0,284.1409,2024-07-17 07:45:00
1721203200000,65258.01,65345.7,65057.16,65058.66,451.21732,2024-07-17 08:00:00
1721204100000,65058.67,65279.63,64807.49,65279.63,694.84842,2024-07-17 08:15:00
1721205000000,65279.63,65477.54,65143.52,65217.78,396.18219,2024-07-17 08:30:00
1721205900000,65217.78,65375.0,65168.0,65179.63,165.43394,2024-07-17 08:45:00
1721206800000,65179.62,65375.0,65078.0,65341.43,233.5384,2024-07-17 09:00:00
1721207700000,65341.43,65500.0,65300.0,65351.6,263.96761,2024-07-17 09:15:00
1721208600000,65351.6,65438.0,65272.0,65366.01,179.0024,2024-07-17 09:30:00
1721209500000,65366.01,65366.01,65253.62,65331.98,145.24805,2024-07-17 09:45:00
1721210400000,65331.99,65331.99,65151.97,65257.99,143.5759,2024-07-17 10:00:00
1721211300000,65257.99,65329.2,65100.51,65329.19,128.85722,2024-07-17 10:15:00
1721212200000,65329.19,65329.2,65168.06,65300.01,102.43172,2024-07-17 10:30:00
1721213100000,65300.01,65355.9,65100.0,65120.02,126.45107,2024-07-17 10:45:00
1721214000000,65120.02,65144.76,64889.89,64926.01,379.98678,2024-07-17 11:00:00
1721214900000,64926.0,65068.3,64721.42,64896.87,362.90571,2024-07-17 11:15:00
1721215800000,64896.86,64903.39,64560.0,64719.07,511.48277,2024-07-17 11:30:00
1721216700000,64719.06,64801.0,64641.6,64723.73,323.55963,2024-07-17 11:45:00
1721217600000,64723.73,64887.17,64571.91,64794.9,447.99753,2024-07-17 12:00:00
1721218500000,64794.9,64902.6,64794.9,64802.88,240.11609,2024-07-17 12:15:00
1721219400000,64802.88,65014.0,64692.79,64769.99,232.72442,2024-07-17 12:30:00
1721220300000,64769.98,64850.53,64696.96,64730.72,175.60077,2024-07-17 12:45:00
1721221200000,64730.73,64956.22,64720.0,64808.05,166.9953,2024-07-17 13:00:00
1721222100000,64808.05,64880.0,64594.26,64698.31,206.04725,2024-07-17 13:15:00
1721223000000,64698.31,64947.84,64537.41,64712.0,510.86885,2024-07-17 13:30:00
1721223900000,64711.99,65339.86,64586.0,65141.95,902.18001,2024-07-17 13:45:00
1721224800000,65141.95,65201.78,64660.0,64778.0,632.50878,2024-07-17 14:00:00
1721225700000,64777.99,64960.0,64772.12,64842.01,233.91586,2024-07-17 14:15:00
1721226600000,64842.0,65231.57,64813.97,65149.89,387.62468,2024-07-17 14:30:00
1721227500000,65149.89,65232.78,64907.5,65032.09,219.21386,2024-07-17 14:45:00
1721228400000,65032.1,65123.0,64864.0,65055.99,289.07637,2024-07-17 15:00:00
1721229300000,65056.0,65173.54,64986.0,65159.0,402.27865,2024-07-17 15:15:00
1721230200000,65159.0,65400.0,65024.15,65050.02,559.50702,2024-07-17 15:30:00
1721231100000,65050.01,65050.02,64628.0,64724.01,609.58194,2024-07-17 15:45:00
1721232000000,64724.01,64766.99,64333.14,64392.03,892.40323,2024-07-17 16:00:00
1721232900000,64392.03,64505.0,64267.0,64361.31,917.11057,2024-07-17 16:15:00
1721233800000,64361.32,64374.0,63854.0,64030.84,1039.74385,2024-07-17 16:30:00
1721234700000,64030.85,64276.14,63920.01,64242.0,499.36806,2024-07-17 16:45:00
1721235600000,64242.01,64344.0,63913.08,63951.5,397.24899,2024-07-17 17:00:00
1721236500000,63951.51,64238.21,63951.51,64234.0,216.807,2024-07-17 17:15:00
1721237400000,64234.01,64411.76,64203.34,64360.02,241.97048,2024-07-17 17:30:00
1721238300000,64360.02,64374.0,64264.0,64278.83,200.01885,2024-07-17 17:45:00
1721239200000,64278.83,64415.0,64214.01,64369.99,277.27849,2024-07-17 18:00:00
1721240100000,64369.99,64509.42,64369.98,64506.01,128.02488,2024-07-17 18:15:00
1721241000000,64506.0,64573.31,64410.22,64544.01,220.62722,2024-07-17 18:30:00
1721241900000,64544.02,64548.0,64388.88,64504.0,159.87451,2024-07-17 18:45:00
1721242800000,64504.0,64570.0,64500.04,64510.72,123.62335,2024-07-17 19:00:00
1721243700000,64510.73,64733.98,64450.0,64710.56,234.80927,2024-07-17 19:15:00
1721244600000,64710.57,64746.83,64628.0,64672.54,143.71823,2024-07-17 19:30:00
1721245500000,64672.54,64756.02,64509.63,64585.78,200.44511,2024-07-17 19:45:00
1721246400000,64585.78,64640.0,64519.17,64557.29,135.19986,2024-07-17 20:00:00
1721247300000,64557.28,64639.28,64546.01,64617.0,112.03088,2024-07-17 20:15:00
1721248200000,64617.0,64672.89,64557.06,64600.0,88.11843,2024-07-17 20:30:00
1721249100000,64600.0,64620.0,64503.99,64510.31,96.95827,2024-07-17 20:45:00
1721250000000,64510.31,64510.31,64058.0,64205.99,423.69931,2024-07-17 21:00:00
1721250900000,64206.0,64250.0,64082.37,64250.0,184.98889,2024-07-17 21:15:00
1721251800000,64250.0,64558.03,64238.89,64464.88,174.57101,2024-07-17 21:30:00
1721252700000,64464.88,64465.0,64260.0,64318.0,97.0276,2024-07-17 21:45:00
1721253600000,64318.0,64448.99,64242.46,64242.47,166.30158,2024-07-17 22:00:00
1721254500000,64242.47,64388.41,64080.0,64366.01,268.95061,2024-07-17 22:15:00
1721255400000,64366.0,64391.25,64152.0,64320.96,189.19214,2024-07-17 22:30:00
1721256300000,64320.96,64348.47,64210.0,64269.2,93.63841,2024-07-17 22:45:00
1721257200000,64269.19,64279.0,64114.04,64168.0,122.5336,2024-07-17 23:00:00
1721258100000,64168.0,64311.97,64151.74,64300.0,171.81598,2024-07-17 23:15:00
1721259000000,64299.99,64371.87,64225.0,64226.01,130.53203,2024-07-17 23:30:00
1721259900000,64226.0,64226.01,64084.15,64087.99,129.16983,2024-07-17 23:45:00
1721260800000,64087.99,64186.0,63913.49,63916.8,329.31703,2024-07-18 00:00:00
1721261700000,63916.8,64132.06,63910.0,64132.0,294.89235,2024-07-18 00:15:00
1721262600000,64131.99,64465.31,64129.99,64407.09,317.29771,2024-07-18 00:30:00
1721263500000,64407.08,64532.7,64346.0,64443.54,172.67264,2024-07-18 00:45:00
1721264400000,64443.53,64555.0,64365.3,64410.0,188.44995,2024-07-18 01:00:00
1721265300000,64409.99,64650.0,64409.99,64636.01,158.10116,2024-07-18 01:15:00
1721266200000,64636.0,64650.0,64509.01,64631.89,163.39629,2024-07-18 01:30:00
1721267100000,64631.89,64678.99,64575.57,64678.99,118.83599,2024-07-18 01:45:00
1721268000000,64678.98,65133.3,64486.0,64523.13,832.75208,2024-07-18 02:00:00
1721268900000,64523.13,64705.18,64245.95,64639.94,432.72534,2024-07-18 02:15:00
1721269800000,64639.93,64749.95,64581.06,64688.01,150.67382,2024-07-18 02:30:00
1721270700000,64688.01,64781.12,64620.0,64701.35,143.88213,2024-07-18 02:45:00
1721271600000,64701.34,64817.82,64626.01,64740.01,212.71544,2024-07-18 03:00:00
1721272500000,64740.01,64880.0,64700.0,64775.99,155.51233,2024-07-18 03:15:00
1721273400000,64775.98,64906.0,64741.94,64891.65,233.75726,2024-07-18 03:30:00
1721274300000,64891.66,64959.99,64816.51,64865.08,166.29773,2024-07-18 03:45:00
1721275200000,64865.09,64879.99,64755.3,64790.01,138.03146,2024-07-18 04:00:00
1721276100000,64790.01,64798.0,64650.98,64668.0,114.8227,2024-07-18 04:15:00
1721277000000,64667.99,64725.82,64605.85,64707.93,145.39186,2024-07-18 04:30:00
1721277900000,64707.93,64743.0,64534.38,64574.0,190.09633,2024-07-18 04:45:00
1721278800000,64574.0,64645.59,64451.0,64462.03,171.88609,2024-07-18 05:00:00
1721279700000,64462.02,64568.76,64402.35,64568.01,184.97321,2024-07-18 05:15:00
1721280600000,64568.01,64711.5,64568.0,64682.16,154.88806,2024-07-18 05:30:00
1721281500000,64682.16,64860.18,64682.15,64756.77,140.96507,2024-07-18 05:45:00
1721282400000,64756.76,64964.17,64712.49,64919.68,451.40059,2024-07-18 06:00:00
1721283300000,64919.68,64994.85,64844.5,64880.01,313.78504,2024-07-18 06:15:00
1721284200000,64880.01,64963.0,64838.04,64963.0,144.50463,2024-07-18 06:30:00
1721285100000,64963.0,65061.5,64945.66,65000.01,278.46694,2024-07-18 06:45:00
1721286000000,65000.01,65036.0,64855.0,64882.99,152.0235,2024-07-18 07:00:00
1721286900000,64882.99,64904.39,64728.59,64762.96,117.71966,2024-07-18 07:15:00
1721287800000,64762.96,64822.39,64725.0,64762.01,103.26925,2024-07-18 07:30:00
1721288700000,64762.01,64796.58,64653.44,64668.0,148.34489,2024-07-18 07:45:00
1721289600000,64668.0,64834.0,64640.0,64788.88,110.01609,2024-07-18 08:00:00
1721290500000,64788.89,64815.63,64640.0,64780.01,136.25988,2024-07-18 08:15:00
1721291400000,64780.0,64792.57,64652.0,64743.65,176.88136,2024-07-18 08:30:00
1721292300000,64743.65,64950.0,64725.0,64936.9,158.86277,2024-07-18 08:45:00
1721293200000,64936.89,64943.32,64802.67,64802.68,99.02692,2024-07-18 09:00:00
1721294100000,64802.67,64922.68,64725.0,64894.28,161.28153,2024-07-18 09:15:00
1721295000000,64894.27,64908.0,64829.26,64832.33,95.82646,2024-07-18 09:30:00
1721295900000,64832.33,64892.57,64825.0,64865.99,74.35788,2024-07-18 09:45:00
1721296800000,64865.98,64865.99,64660.19,64660.2,106.3669,2024-07-18 10:00:00
1721297700000,64660.2,64733.33,64504.08,64505.38,227.14386,2024-07-18 10:15:00
1721298600000,64505.38,64606.5,64494.27,64551.75,142.86993,2024-07-18 10:30:00
1721299500000,64551.75,64611.27,64500.0,64609.99,213.62878,2024-07-18 10:45:00
1721300400000,64609.99,64638.1,64441.94,64529.5,239.1583,2024-07-18 11:00:00
1721301300000,64529.5,64614.0,64462.0,64588.01,111.42237,2024-07-18 11:15:00
1721302200000,64588.0,64750.0,64588.0,64690.89,201.81334,2024-07-18 11:30:00
1721303100000,64690.89,64763.98,64653.24,64758.0,139.54025,2024-07-18 11:45:00
1721304000000,64758.0,64879.88,64757.99,64857.54,140.2506,2024-07-18 12:00:00
1721304900000,64857.53,64878.0,64758.56,64773.12,161.2289,2024-07-18 12:15:00
1721305800000,64773.12,65011.99,64726.33,64832.02,344.25554,2024-07-18 12:30:00
1721306700000,64832.02,64973.99,64825.0,64850.66,175.85578,2024-07-18 12:45:00
1721307600000,64850.66,65111.29,64830.5,64988.56,269.74901,2024-07-18 13:00:00
1721308500000,64988.55,65088.95,64851.26,64873.99,156.12244,2024-07-18 13:15:00
1721309400000,64873.99,64955.95,64558.66,64603.99,350.03982,2024-07-18 13:30:00
1721310300000,64604.0,64667.97,64505.6,64594.2,216.70213,2024-07-18 13:45:00
1721311200000,64594.2,64708.09,64490.14,64490.15,238.54532,2024-07-18 14:00:00
1721312100000,64490.14,64593.83,64201.0,64394.77,592.58463,2024-07-18 14:15:00
1721313000000,64394.77,64399.99,63934.53,64011.49,795.91669,2024-07-18 14:30:00
1721313900000,64011.49,64069.56,63701.0,63995.4,883.0752,2024-07-18 14:45:00
1721314800000,63995.4,63995.4,63595.11,63640.0,739.27797,2024-07-18 15:00:00
1721315700000,63640.0,63853.8,63511.0,63754.51,676.44397,2024-07-18 15:15:00
1721316600000,63754.51,63949.48,63623.61,63850.01,669.09461,2024-07-18 15:30:00
1721317500000,63850.01,63902.92,63400.0,63538.12,558.71637,2024-07-18 15:45:00
1721318400000,63538.12,63680.0,63333.0,63679.99,596.02621,2024-07-18 16:00:00
1721319300000,63680.0,63680.0,63450.0,63650.0,297.87791,2024-07-18 16:15:00
1721320200000,63649.99,63867.53,63590.86,63810.0,454.13055,2024-07-18 16:30:00
1721321100000,63809.99,63904.0,63776.88,63904.0,357.37853,2024-07-18 16:45:00
1721322000000,63904.0,63958.51,63700.0,63800.01,266.21246,2024-07-18 17:00:00
1721322900000,63800.0,63882.35,63723.09,63800.0,241.44652,2024-07-18 17:15:00
1721323800000,63800.0,63864.0,63660.01,63660.03,196.55461,2024-07-18 17:30:00
1721324700000,63660.03,63697.26,63508.0,63555.52,222.76549,2024-07-18 17:45:00
1721325600000,63555.52,63617.97,63406.0,63408.95,179.07892,2024-07-18 18:00:00
1721326500000,63408.95,63666.0,63401.49,63576.81,156.16257,2024-07-18 18:15:00
1721327400000,63576.81,63607.7,63359.0,63359.01,95.03188,2024-07-18 18:30:00
1721328300000,63359.0,63598.0,63335.99,63520.01,219.23753,2024-07-18 18:45:00
1721329200000,63520.01,63640.68,63405.54,63450.01,155.07309,2024-07-18 19:00:00
1721330100000,63450.01,63558.11,63238.48,63419.81,271.63621,2024-07-18 19:15:00
1721331000000,63419.81,63686.22,63378.0,63575.69,215.69851,2024-07-18 19:30:00
1721331900000,63575.68,63753.05,63493.58,63555.0,231.36506,2024-07-18 19:45:00
1721332800000,63555.0,63620.0,63438.21,63450.87,151.9861,2024-07-18 20:00:00
1721333700000,63450.86,63660.0,63450.86,63660.0,76.4743,2024-07-18 20:15:00
1721334600000,63659.99,63725.62,63638.0,63660.0,87.67806,2024-07-18 20:30:00
1721335500000,63660.0,63842.91,63600.0,63826.01,154.78741,2024-07-18 20:45:00
1721336400000,63826.01,63850.0,63751.36,63850.0,135.14832,2024-07-18 21:00:00
1721337300000,63850.0,63898.0,63828.0,63895.65,93.63198,2024-07-18 21:15:00
1721338200000,63895.65,63905.73,63776.58,63782.29,64.17036,2024-07-18 21:30:00
1721339100000,63782.28,63866.0,63782.28,63850.0,65.91512,2024-07-18 21:45:00
1721340000000,63849.99,63850.0,63714.0,63784.01,192.00466,2024-07-18 22:00:00
1721340900000,63784.0,64106.0,63722.78,64018.0,352.88203,2024-07-18 22:15:00
1721341800000,64018.0,64120.0,63967.06,64114.45,222.64348,2024-07-18 22:30:00
1721342700000,64114.44,64122.43,63984.0,64032.0,105.37761,2024-07-18 22:45:00
1721343600000,64032.0,64090.0,63970.0,63982.99,96.29368,2024-07-18 23:00:00
1721344500000,63982.99,64051.0,63956.5,63999.99,83.29756,2024-07-18 23:15:00
1721345400000,64000.0,64042.82,63972.0,64003.3,76.39625,2024-07-18 23:30:00
1721346300000,64003.29,64017.13,63962.37,63987.92,70.1954,2024-07-18 23:45:00
1721347200000,63987.92,64030.94,63788.0,63790.01,205.68891,2024-07-19 00:00:00
1721348100000,63790.01,63790.01,63604.08,63676.26,247.64987,2024-07-19 00:15:00
1721349000000,63676.25,63793.8,63655.55,63697.86,112.72786,2024-07-19 00:30:00
1721349900000,63697.85,63697.86,63551.11,63600.0,150.03623,2024-07-19 00:45:00
1721350800000,63599.99,63606.0,63424.0,63430.89,205.84469,2024-07-19 01:00:00
1721351700000,63430.88,63644.12,63300.67,63644.12,220.38242,2024-07-19 01:15:00
1721352600000,63644.12,63777.78,63572.0,63748.0,145.29225,2024-07-19 01:30:00
1721353500000,63748.0,63858.85,63700.0,63816.0,210.57598,2024-07-19 01:45:00
1721354400000,63815.99,63930.82,63772.26,63915.05,163.06141,2024-07-19 02:00:00
1721355300000,63915.05,63940.0,63762.51,63860.0,101.31259,2024-07-19 02:15:00
1721356200000,63860.0,63860.0,63701.22,63770.01,156.17219,2024-07-19 02:30:00
1721357100000,63770.01,63828.0,63643.76,63828.0,163.00823,2024-07-19 02:45:00
1721358000000,63828.0,64100.0,63813.98,64020.0,305.35743,2024-07-19 03:00:00
1721358900000,64020.0,64134.61,63960.37,64018.73,282.78551,2024-07-19 03:15:00
1721359800000,64018.73,64366.0,64018.72,64353.99,320.13954,2024-07-19 03:30:00
1721360700000,64354.0,64368.62,64262.77,64325.0,171.92906,2024-07-19 03:45:00
1721361600000,64324.99,64383.9,64203.38,64219.27,158.1931,2024-07-19 04:00:00
1721362500000,64219.26,64219.27,64162.01,64205.15,95.69736,2024-07-19 04:15:00
1721363400000,64205.15,64290.0,64165.03,64228.0,123.94763,2024-07-19 04:30:00
1721364300000,64227.99,64271.0,64141.91,64141.92,109.50626,2024-07-19 04:45:00
1721365200000,64141.91,64213.6,64104.95,64185.57,77.67485,2024-07-19 05:00:00
1721366100000,64185.57,64205.03,64110.0,64112.51,89.06738,2024-07-19 05:15:00
1721367000000,64112.51,64166.02,64088.75,64160.01,77.10266,2024-07-19 05:30:00
1721367900000,64160.0,64249.32,64118.7,64164.0,294.88123,2024-07-19 05:45:00
1721368800000,64164.0,64486.0,64130.7,64408.01,548.36935,2024-07-19 06:00:00
1721369700000,64408.01,64440.94,64262.5,64374.0,173.94565,2024-07-19 06:15:00
1721370600000,64373.99,64382.0,64268.0,64268.01,105.18947,2024-07-19 06:30:00
1721371500000,64268.0,64310.0,64171.57,64210.01,144.23878,2024-07-19 06:45:00
1721372400000,64210.0,64210.01,63800.0,63950.0,274.08218,2024-07-19 07:00:00
1721373300000,63950.0,64050.0,63914.52,63993.71,112.34328,2024-07-19 07:15:00
1721374200000,63993.71,63993.71,63669.84,63737.97,871.47031,2024-07-19 07:30:00
1721375100000,63737.98,63828.44,63600.0,63694.01,766.45383,2024-07-19 07:45:00
1721376000000,63694.01,63814.1,63409.01,63417.35,407.73051,2024-07-19 08:00:00
1721376900000,63417.34,63554.32,63409.02,63538.63,241.05642,2024-07-19 08:15:00
1721377800000,63538.63,63940.46,63518.35,63822.01,350.92005,2024-07-19 08:30:00
1721378700000,63822.0,63858.0,63757.37,63809.0,126.17196,2024-07-19 08:45:00
1721379600000,63809.0,64117.64,63770.33,64004.0,345.76507,2024-07-19 09:00:00
1721380500000,64004.0,64070.02,63884.68,63886.0,225.46575,2024-07-19 09:15:00
1721381400000,63886.0,63943.53,63648.28,63666.68,438.0531,2024-07-19 09:30:00
1721382300000,63666.68,63814.1,63666.67,63700.0,122.8893,2024-07-19 09:45:00
1721383200000,63700.0,63918.88,63640.2,63911.0,242.07815,2024-07-19 10:00:00
1721384100000,63911.01,64112.0,63911.0,64069.53,226.56188,2024-07-19 10:15:00
1721385000000,64069.53,64157.73,64008.07,64014.89,160.78843,2024-07-19 10:30:00
1721385900000,64014.9,64080.0,63990.0,63994.01,158.0329,2024-07-19 10:45:00
1721386800000,63994.0,64106.25,63980.0,63999.97,116.20213,2024-07-19 11:00:00
1721387700000,63999.97,64182.77,63994.98,64066.01,131.18409,2024-07-19 11:15:00
1721388600000,64066.01,64075.73,63950.0,63950.01,79.31644,2024-07-19 11:30:00
1721389500000,63950.01,64143.33,63935.12,64116.0,117.797,2024-07-19 11:45:00
1721390400000,64115.99,64249.2,64043.37,64213.1,183.20231,2024-07-19 12:00:00
1721391300000,64213.1,64236.86,64138.0,64187.99,131.59281,2024-07-19 12:15:00
1721392200000,64188.0,64259.62,64139.16,64258.32,179.29869,2024-07-19 12:30:00
1721393100000,64258.32,64436.0,64258.32,64414.0,479.39829,2024-07-19 12:45:00
1721394000000,64414.0,64466.11,64222.19,64250.01,331.80666,2024-07-19 13:00:00
1721394900000,64250.0,64312.5,64108.0,64113.99,356.77196,2024-07-19 13:15:00
1721395800000,64113.99,64898.0,64005.57,64631.95,1426.2613,2024-07-19 13:30:00
1721396700000,64631.95,65330.24,64630.0,65135.9,1313.86628,2024-07-19 13:45:00
1721397600000,65135.89,65616.0,65000.5,65546.7,1238.95124,2024-07-19 14:00:00
1721398500000,65546.7,65888.0,65500.64,65555.31,1311.43943,2024-07-19 14:15:00
1721399400000,65555.3,65679.4,65453.19,65619.87,773.31992,2024-07-19 14:30:00
1721400300000,65619.87,65754.99,65576.92,65747.04,613.30644,2024-07-19 14:45:00
1721401200000,65747.04,65849.65,65546.67,65590.02,781.23912,2024-07-19 15:00:00
1721402100000,65590.02,65820.0,65282.0,65324.48,514.2331,2024-07-19 15:15:00
1721403000000,65324.47,65734.19,65268.0,65712.0,412.52569,2024-07-19 15:30:00
1721403900000,65711.99,65840.56,65642.67,65836.77,301.41584,2024-07-19 15:45:00
1721404800000,65836.76,66360.0,65827.62,66158.0,1758.89912,2024-07-19 16:00:00
1721405700000,66158.0,66510.0,66157.99,66360.0,1039.47182,2024-07-19 16:15:00
1721406600000,66360.0,66460.0,66231.66,66408.0,541.43654,2024-07-19 16:30:00
1721407500000,66408.01,66430.84,66202.31,66419.43,447.3845,2024-07-19 16:45:00
1721408400000,66419.43,66460.0,66248.01,66365.0,414.14079,2024-07-19 17:00:00
1721409300000,66365.01,66770.81,66330.0,66505.19,745.32039,2024-07-19 17:15:00
1721410200000,66505.19,66580.0,66397.24,66560.25,412.50862,2024-07-19 17:30:00
1721411100000,66560.24,66829.82,66504.4,66755.42,536.9503,2024-07-19 17:45:00
1721412000000,66755.42,66804.0,66518.24,66674.01,580.29573,2024-07-19 18:00:00
1721412900000,66674.0,66721.0,66417.66,66525.66,252.7969,2024-07-19 18:15:00
1721413800000,66525.66,66601.6,66487.99,66540.0,262.56291,2024-07-19 18:30:00
1721414700000,66540.01,66788.0,66528.0,66787.99,321.89522,2024-07-19 18:45:00
1721415600000,66788.0,67000.0,66787.99,66940.79,741.20742,2024-07-19 19:00:00
1721416500000,66940.78,67205.08,66856.07,67044.01,916.6475,2024-07-19 19:15:00
1721417400000,67044.01,67386.0,66928.95,67150.85,1128.60943,2024-07-19 19:30:00
1721418300000,67150.84,67320.62,67100.0,67157.26,999.06277,2024-07-19 19:45:00
1721419200000,67157.25,67221.17,66880.39,66952.01,601.05301,2024-07-19 20:00:00
1721420100000,66952.01,67047.66,66888.37,66918.39,322.4711,2024-07-19 20:15:00
1721421000000,66918.38,67062.82,66906.0,67037.99,196.41287,2024-07-19 20:30:00
1721421900000,67037.99,67038.0,66917.53,66931.8,208.58694,2024-07-19 20:45:00
1721422800000,66931.81,67200.0,66889.2,67197.64,339.56799,2024-07-19 21:00:00
1721423700000,67197.65,67352.44,67088.68,67113.7,387.06526,2024-07-19 21:15:00
1721424600000,67113.7,67203.19,66975.0,66982.22,204.90342,2024-07-19 21:30:00
1721425500000,66982.21,66992.01,66892.27,66892.28,150.57502,2024-07-19 21:45:00
1721426400000,66892.27,66992.01,66884.0,66949.45,167.24208,2024-07-19 22:00:00
1721427300000,66949.45,66972.0,66908.0,66929.47,117.85102,2024-07-19 22:15:00
1721428200000,66929.46,66950.0,66857.14,66871.0,104.19024,2024-07-19 22:30:00
1721429100000,66870.99,66871.0,66654.0,66721.19,238.29748,2024-07-19 22:45:00
1721430000000,66721.19,66904.0,66710.0,66828.0,141.60227,2024-07-19 23:00:00
1721430900000,66828.0,66869.45,66729.59,66749.99,75.12752,2024-07-19 23:15:00
1721431800000,66750.0,66750.0,66616.19,66644.46,125.1873,2024-07-19 23:30:00
1721432700000,66644.46,66740.35,66630.0,66660.0,132.63416,2024-07-19 23:45:00
1721433600000,66660.01,66822.22,66632.91,66811.5,333.39575,2024-07-20 00:00:00
1721434500000,66811.5,66821.05,66403.71,66442.0,323.35953,2024-07-20 00:15:00
1721435400000,66442.0,66493.65,66268.6,66396.01,340.78984,2024-07-20 00:30:00
1721436300000,66396.0,66538.02,66394.0,66419.88,112.818,2024-07-20 00:45:00
1721437200000,66419.87,66652.0,66394.01,66636.0,146.62866,2024-07-20 01:00:00
1721438100000,66636.0,66700.1,66470.69,66571.98,373.23738,2024-07-20 01:15:00
1721439000000,66571.97,66601.49,66470.0,66503.39,116.8448,2024-07-20 01:30:00
1721439900000,66503.4,66518.0,66222.46,66361.99,261.03591,2024-07-20 01:45:00
1721440800000,66361.99,66488.41,66323.8,66483.69,104.71554,2024-07-20 02:00:00
1721441700000,66483.68,66590.0,66470.0,66556.82,127.93237,2024-07-20 02:15:00
1721442600000,66556.82,66634.0,66504.0,66628.0,89.505,2024-07-20 02:30:00
1721443500000,66627.99,66634.48,66543.77,66570.57,87.07169,2024-07-20 02:45:00
1721444400000,66570.57,66750.0,66556.0,66671.99,99.5619,2024-07-20 03:00:00
1721445300000,66671.98,66705.0,66612.98,66643.58,109.54379,2024-07-20 03:15:00
1721446200000,66643.58,66660.99,66566.55,66629.99,91.24828,2024-07-20 03:30:00
1721447100000,66629.99,66667.94,66602.0,66602.01,76.31946,2024-07-20 03:45:00
1721448000000,66602.0,66611.83,66475.48,66587.5,113.36791,2024-07-20 04:00:00
1721448900000,66587.49,66700.0,66584.32,66662.0,71.14762,2024-07-20 04:15:00
1721449800000,66662.0,66671.99,66612.47,66624.0,34.50107,2024-07-20 04:30:00
1721450700000,66624.0,66660.84,66564.0,66660.84,81.64503,2024-07-20 04:45:00
1721451600000,66660.84,66660.84,66550.0,66574.99,123.40049,2024-07-20 05:00:00
1721452500000,66574.98,66574.98,66478.89,66524.0,102.34764,2024-07-20 05:15:00
1721453400000,66523.99,66524.0,66436.0,66441.62,105.00347,2024-07-20 05:30:00
1721454300000,66441.61,66561.0,66436.43,66537.32,92.274,2024-07-20 05:45:00
1721455200000,66537.31,66595.36,66500.0,66588.17,69.09062,2024-07-20 06:00:00
1721456100000,66588.16,66600.0,66542.0,66582.29,52.22347,2024-07-20 06:15:00
1721457000000,66582.28,66665.87,66550.0,66665.87,72.72639,2024-07-20 06:30:00
1721457900000,66665.86,66670.67,66605.01,66625.77,137.11841,2024-07-20 06:45:00
1721458800000,66625.76,66625.76,66525.36,66600.0,106.46783,2024-07-20 07:00:00
1721459700000,66599.99,66775.11,66599.99,66679.68,399.94205,2024-07-20 07:15:00
1721460600000,66679.67,66679.68,66600.0,66627.62,187.90398,2024-07-20 07:30:00
1721461500000,66627.62,66634.01,66562.27,66562.28,122.39515,2024-07-20 07:45:00
1721462400000,66562.27,66622.0,66507.0,66616.46,112.48777,2024-07-20 08:00:00
1721463300000,66616.45,66634.82,66570.0,66593.74,61.54208,2024-07-20 08:15:00
1721464200000,66593.74,66593.74,66458.83,66553.52,152.24616,2024-07-20 08:30:00
1721465100000,66553.52,66553.52,66466.35,66510.71,116.52443,2024-07-20 08:45:00
1721466000000,66510.72,66575.0,66475.08,66575.0,102.40429,2024-07-20 09:00:00
1721466900000,66575.0,66585.5,66527.99,66585.5,58.14102,2024-07-20 09:15:00
1721467800000,66585.49,66733.09,66585.49,66685.51,145.36572,2024-07-20 09:30:00
1721468700000,66685.51,66685.51,66582.78,66582.79,87.15595,2024-07-20 09:45:00
1721469600000,66582.78,66652.76,66555.82,66580.01,61.28523,2024-07-20 10:00:00
1721470500000,66580.01,66580.01,66519.31,66546.01,65.43178,2024-07-20 10:15:00
1721471400000,66546.0,66550.0,66485.67,66485.68,48.43678,2024-07-20 10:30:00
1721472300000,66485.67,66571.93,66485.67,66524.99,88.48882,2024-07-20 10:45:00
1721473200000,66525.0,66550.0,66492.0,66492.0,61.01427,2024-07-20 11:00:00
1721474100000,66492.01,66540.52,66474.0,66540.52,74.57749,2024-07-20 11:15:00
1721475000000,66540.52,66554.42,66522.08,66549.99,52.60514,2024-07-20 11:30:00
1721475900000,66549.98,66549.98,66480.0,66483.69,65.84547,2024-07-20 11:45:00
1721476800000,66483.69,66547.74,66473.27,66547.74,54.48152,2024-07-20 12:00:00
1721477700000,66547.74,66547.74,66480.12,66524.99,84.98018,2024-07-20 12:15:00
1721478600000,66525.0,66568.24,66492.0,66492.06,60.58153,2024-07-20 12:30:00
1721479500000,66492.06,66512.0,66470.78,66476.28,51.43564,2024-07-20 12:45:00
1721480400000,66476.28,66508.7,66420.4,66420.4,100.0226,2024-07-20 13:00:00
1721481300000,66420.41,66557.77,66273.62,66557.77,204.66843,2024-07-20 13:15:00
1721482200000,66557.76,66652.21,66350.0,66450.0,146.11172,2024-07-20 13:30:00
1721483100000,66450.0,66558.5,66410.01,66539.89,61.23725,2024-07-20 13:45:00
1721484000000,66539.88,66611.12,66510.0,66560.0,60.43183,2024-07-20 14:00:00
1721484900000,66559.99,66626.66,66559.99,66606.0,78.17227,2024-07-20 14:15:00
1721485800000,66606.0,66700.0,66582.0,66692.59,94.22795,2024-07-20 14:30:00
1721486700000,66692.6,66692.6,66574.6,66590.0,84.03425,2024-07-20 14:45:00
1721487600000,66589.99,66675.0,66589.99,66661.8,80.2489,2024-07-20 15:00:00
1721488500000,66661.8,66727.21,66621.65,66726.89,68.91496,2024-07-20 15:15:00
1721489400000,66726.9,66832.0,66606.67,66660.0,219.21387,2024-07-20 15:30:00
1721490300000,66659.99,66825.0,66659.99,66825.0,116.98399,2024-07-20 15:45:00
1721491200000,66824.99,66881.49,66763.28,66783.2,169.87625,2024-07-20 16:00:00
1721492100000,66783.2,66900.0,66743.17,66899.99,133.59079,2024-07-20 16:15:00
1721493000000,66899.99,67054.0,66786.49,66786.5,302.56603,2024-07-20 16:30:00
1721493900000,66786.5,66831.04,66679.01,66804.91,124.29442,2024-07-20 16:45:00
1721494800000,66804.91,67211.0,66762.0,67078.53,513.81874,2024-07-20 17:00:00
1721495700000,67078.53,67598.0,67071.66,67195.89,1163.95864,2024-07-20 17:15:00
1721496600000,67195.89,67410.22,67195.89,67332.01,285.69136,2024-07-20 17:30:00
1721497500000,67332.0,67514.0,67300.0,67403.01,287.74921,2024-07-20 17:45:00
1721498400000,67403.01,67465.0,67218.52,67465.0,188.905,2024-07-20 18:00:00
1721499300000,67465.0,67476.38,67350.0,67352.04,136.80733,2024-07-20 18:15:00
1721500200000,67352.04,67409.99,67253.3,67409.99,100.0991,2024-07-20 18:30:00
1721501100000,67409.99,67577.57,67404.99,67467.99,215.45576,2024-07-20 18:45:00
1721502000000,67467.99,67506.55,67420.01,67490.01,100.49521,2024-07-20 19:00:00
1721502900000,67490.01,67490.01,67360.0,67392.02,106.31799,2024-07-20 19:15:00
1721503800000,67392.01,67392.02,67142.0,67220.01,215.5359,2024-07-20 19:30:00
1721504700000,67220.01,67251.97,67137.78,67224.0,94.25309,2024-07-20 19:45:00
1721505600000,67224.0,67370.0,67223.99,67370.0,101.35605,2024-07-20 20:00:00
1721506500000,67370.0,67400.0,67317.97,67317.98,63.89618,2024-07-20 20:15:00
1721507400000,67317.98,67430.01,67314.59,67366.67,57.54256,2024-07-20 20:30:00
1721508300000,67366.67,67408.33,67291.96,67339.28,66.77727,2024-07-20 20:45:00
1721509200000,67339.28,67342.7,66790.9,67081.41,481.8092,2024-07-20 21:00:00
1721510100000,67081.41,67137.55,66944.63,67057.85,132.90726,2024-07-20 21:15:00
1721511000000,67057.84,67114.33,66915.2,67062.97,94.79692,2024-07-20 21:30:00
1721511900000,67062.97,67128.0,67050.0,67092.41,52.48941,2024-07-20 21:45:00
1721512800000,67092.4,67300.0,67090.15,67198.01,404.50007,2024-07-20 22:00:00
1721513700000,67198.0,67198.01,67054.0,67132.01,108.5541,2024-07-20 22:15:00
1721514600000,67132.0,67140.0,66861.99,66882.0,120.42656,2024-07-20 22:30:00
1721515500000,66881.99,67147.09,66864.61,67114.0,681.75992,2024-07-20 22:45:00
1721516400000,67114.0,67159.85,67092.0,67147.99,81.35348,2024-07-20 23:00:00
1721517300000,67148.0,67181.33,67096.0,67173.99,55.43225,2024-07-20 23:15:00
1721518200000,67173.99,67183.78,67140.0,67158.0,48.40998,2024-07-20 23:30:00
1721519100000,67158.0,67200.0,67126.51,67139.96,110.63599,2024-07-20 23:45:00
1721520000000,67139.97,67216.0,67063.5,67216.0,107.04862,2024-07-21 00:00:00
1721520900000,67216.0,67322.0,67180.0,67180.0,130.20072,2024-07-21 00:15:00
1721521800000,67180.01,67180.01,66962.0,66985.01,99.3471,2024-07-21 00:30:00
1721522700000,66985.0,67085.08,66966.0,67066.02,191.01475,2024-07-21 00:45:00
1721523600000,67066.02,67104.0,67041.07,67103.99,58.02315,2024-07-21 01:00:00
1721524500000,67103.99,67274.69,67103.99,67186.0,79.48811,2024-07-21 01:15:00
1721525400000,67186.0,67295.49,67185.99,67288.38,80.11939,2024-07-21 01:30:00
1721526300000,67288.38,67436.22,67252.04,67276.33,150.89862,2024-07-21 01:45:00
1721527200000,67276.32,67326.0,67270.0,67270.0,94.01697,2024-07-21 02:00:00
1721528100000,67270.01,67360.0,67270.0,67319.99,63.05688,2024-07-21 02:15:00
1721529000000,67320.0,67389.99,67284.0,67389.98,88.52405,2024-07-21 02:30:00
1721529900000,67389.99,67396.73,67287.0,67287.01,98.01714,2024-07-21 02:45:00
1721530800000,67287.01,67357.26,67213.0,67322.01,56.8576,2024-07-21 03:00:00
1721531700000,67322.0,67375.0,67236.0,67244.0,63.99106,2024-07-21 03:15:00
1721532600000,67244.0,67270.83,67201.0,67238.0,59.49456,2024-07-21 03:30:00
1721533500000,67238.0,67238.0,67147.45,67171.33,52.92955,2024-07-21 03:45:00
1721534400000,67171.33,67220.52,67148.32,67150.0,61.48493,2024-07-21 04:00:00
1721535300000,67150.01,67195.0,67127.52,67136.0,110.44433,2024-07-21 04:15:00
1721536200000,67135.99,67136.0,67031.06,67079.89,114.23289,2024-07-21 04:30:00
1721537100000,67079.89,67097.47,67001.0,67040.01,91.23386,2024-07-21 04:45:00
1721538000000,67040.0,67067.32,66890.0,66973.01,163.93607,2024-07-21 05:00:00
1721538900000,66973.01,67090.0,66969.01,67036.0,75.58441,2024-07-21 05:15:00
1721539800000,67036.0,67100.0,67036.0,67064.01,43.65532,2024-07-21 05:30:00
1721540700000,67064.01,67086.0,67018.81,67046.0,71.19827,2024-07-21 05:45:00
1721541600000,67046.0,67093.42,66922.2,67022.0,166.03124,2024-07-21 06:00:00
1721542500000,67022.0,67022.0,66660.0,66799.99,339.94503,2024-07-21 06:15:00
1721543400000,66800.0,66806.99,66611.09,66787.19,177.82641,2024-07-21 06:30:00
1721544300000,66787.18,66787.19,66697.21,66721.99,67.4865,2024-07-21 06:45:00
1721545200000,66721.99,66769.38,66592.1,66755.44,157.715,2024-07-21 07:00:00
1721546100000,66755.45,66820.0,66647.65,66668.01,135.52783,2024-07-21 07:15:00
1721547000000,66668.01,66743.73,66654.0,66706.0,87.72252,2024-07-21 07:30:00
1721547900000,66706.0,66751.15,66670.0,66701.99,94.0057,2024-07-21 07:45:00
1721548800000,66702.0,66886.01,66680.0,66865.01,135.98031,2024-07-21 08:00:00
1721549700000,66865.0,66892.0,66800.0,66800.01,64.69067,2024-07-21 08:15:00
1721550600000,66800.01,66822.0,66722.0,66821.99,94.13206,2024-07-21 08:30:00
1721551500000,66821.99,66885.75,66796.0,66796.01,93.05718,2024-07-21 08:45:00
1721552400000,66796.0,66922.0,66756.82,66898.0,71.58245,2024-07-21 09:00:00
1721553300000,66898.0,66956.59,66870.08,66870.09,100.26996,2024-07-21 09:15:00
1721554200000,66870.08,66976.01,66842.47,66944.04,113.81312,2024-07-21 09:30:00
1721555100000,66944.03,67017.08,66928.06,66976.0,99.65449,2024-07-21 09:45:00
1721556000000,66976.0,67062.77,66950.0,66991.99,81.98545,2024-07-21 10:00:00
1721556900000,66991.99,66991.99,66900.0,66917.58,109.87216,2024-07-21 10:15:00
1721557800000,66917.58,66928.42,66884.0,66900.01,50.58704,2024-07-21 10:30:00
1721558700000,66900.0,66909.2,66798.86,66798.87,77.11515,2024-07-21 10:45:00
1721559600000,66798.86,66853.48,66788.0,66849.98,62.26778,2024-07-21 11:00:00
1721560500000,66849.98,66867.13,66760.0,66777.22,76.66162,2024-07-21 11:15:00
1721561400000,66777.22,66832.08,66754.0,66806.0,54.16802,2024-07-21 11:30:00
1721562300000,66806.0,66879.99,66788.0,66879.99,49.98361,2024-07-21 11:45:00
1721563200000,66879.99,66968.93,66862.01,66968.93,100.35689,2024-07-21 12:00:00
1721564100000,66968.93,66987.13,66906.0,66950.0,73.36329,2024-07-21 12:15:00
1721565000000,66949.99,66975.99,66852.0,66852.01,59.45717,2024-07-21 12:30:00
1721565900000,66852.0,66936.32,66840.0,66928.02,47.66431,2024-07-21 12:45:00
1721566800000,66928.02,66961.91,66928.01,66954.01,57.54891,2024-07-21 13:00:00
1721567700000,66954.0,66954.01,66850.0,66878.01,78.43899,2024-07-21 13:15:00
1721568600000,66878.0,66878.01,66616.0,66723.29,234.27211,2024-07-21 13:30:00
1721569500000,66723.3,66789.4,66666.98,66760.01,105.46014,2024-07-21 13:45:00
1721570400000,66760.01,67026.0,66682.0,66950.01,187.42292,2024-07-21 14:00:00
1721571300000,66950.0,67182.01,66950.0,67108.0,321.43496,2024-07-21 14:15:00
1721572200000,67108.01,67379.91,67033.25,67375.93,332.36015,2024-07-21 14:30:00
1721573100000,67375.92,67392.68,67239.99,67290.76,268.16278,2024-07-21 14:45:00
1721574000000,67290.75,67392.0,67116.0,67138.01,224.04554,2024-07-21 15:00:00
1721574900000,67138.01,67220.01,67056.0,67220.0,163.8892,2024-07-21 15:15:00
1721575800000,67220.01,67499.99,67210.0,67212.0,333.16149,2024-07-21 15:30:00
1721576700000,67212.0,67222.0,66971.48,67164.0,179.03317,2024-07-21 15:45:00
1721577600000,67164.0,67244.01,67098.0,67204.01,136.09204,2024-07-21 16:00:00
1721578500000,67204.01,67212.01,66952.21,67064.0,224.31602,2024-07-21 16:15:00
1721579400000,67063.99,67082.0,66973.01,67054.0,110.33175,2024-07-21 16:30:00
1721580300000,67054.01,67590.0,67031.0,67554.0,739.73064,2024-07-21 16:45:00
1721581200000,67553.99,67713.0,67344.57,67497.66,565.83788,2024-07-21 17:00:00
1721582100000,67497.67,67500.0,67294.0,67344.01,162.27069,2024-07-21 17:15:00
1721583000000,67344.01,67438.0,67300.0,67378.01,181.61194,2024-07-21 17:30:00
1721583900000,67378.01,67378.01,66484.55,66648.01,1080.80604,2024-07-21 17:45:00
1721584800000,66648.01,66757.0,65777.0,66276.01,2164.00533,2024-07-21 18:00:00
1721585700000,66276.0,67084.89,66250.0,66970.01,1317.08425,2024-07-21 18:15:00
1721586600000,66970.0,67336.01,66900.0,66931.29,898.31634,2024-07-21 18:30:00
1721587500000,66931.29,67026.01,66790.9,66864.42,378.61627,2024-07-21 18:45:00
1721588400000,66864.43,67046.02,66782.6,66964.0,198.04071,2024-07-21 19:00:00
1721589300000,66964.01,67405.18,66912.0,67317.81,271.97378,2024-07-21 19:15:00
1721590200000,67317.8,67712.99,67212.0,67309.99,718.74086,2024-07-21 19:30:00
1721591100000,67309.98,67426.01,67244.0,67422.02,163.77453,2024-07-21 19:45:00
1721592000000,67422.03,67562.0,67274.69,67450.37,166.54637,2024-07-21 20:00:00
1721592900000,67450.38,68186.0,67450.38,68124.5,1211.25951,2024-07-21 20:15:00
1721593800000,68124.5,68209.16,67941.99,68014.07,465.18952,2024-07-21 20:30:00
1721594700000,68014.06,68026.01,67692.82,67723.91,392.07999,2024-07-21 20:45:00
1721595600000,67723.91,67828.0,67564.2,67632.01,284.82947,2024-07-21 21:00:00
1721596500000,67632.01,67875.0,67606.0,67812.93,334.11078,2024-07-21 21:15:00
1721597400000,67812.94,68298.02,67812.94,68086.44,411.21362,2024-07-21 21:30:00
1721598300000,68086.43,68280.27,67974.66,68193.99,226.91528,2024-07-21 21:45:00
1721599200000,68194.0,68366.66,68068.0,68078.0,396.38234,2024-07-21 22:00:00
1721600100000,68078.0,68144.01,68016.0,68042.01,108.69992,2024-07-21 22:15:00
1721601000000,68042.01,68131.9,67934.0,67984.01,171.90551,2024-07-21 22:30:00
1721601900000,67984.01,68079.74,67968.92,68012.0,105.77495,2024-07-21 22:45:00
1721602800000,68012.01,68200.0,68012.0,68118.0,165.7087,2024-07-21 23:00:00
1721603700000,68118.0,68150.0,68020.0,68052.0,117.61662,2024-07-21 23:15:00
1721604600000,68052.0,68074.01,67954.0,67954.01,113.29921,2024-07-21 23:30:00
1721605500000,67954.0,68165.35,67888.77,68165.34,303.07938,2024-07-21 23:45:00
1721606400000,68165.35,68280.0,68117.36,68122.0,331.29885,2024-07-22 00:00:00
1721607300000,68122.01,68233.65,68036.0,68220.01,125.97203,2024-07-22 00:15:00
1721608200000,68220.0,68350.0,68204.73,68349.99,194.65823,2024-07-22 00:30:00
1721609100000,68349.99,68474.55,68144.66,68188.01,299.40193,2024-07-22 00:45:00
1721610000000,68188.01,68228.01,68010.0,68062.0,171.73371,2024-07-22 01:00:00
1721610900000,68062.0,68118.01,67825.0,67950.7,272.58077,2024-07-22 01:15:00
1721611800000,67950.7,67988.01,67762.0,67908.91,250.25954,2024-07-22 01:30:00
1721612700000,67908.91,67979.99,67790.0,67850.01,152.82227,2024-07-22 01:45:00
1721613600000,67850.01,67898.0,67753.72,67818.01,133.88464,2024-07-22 02:00:00
1721614500000,67818.0,68160.0,67816.0,68114.01,218.36041,2024-07-22 02:15:00
1721615400000,68114.01,68199.31,68093.36,68128.01,123.23938,2024-07-22 02:30:00
1721616300000,68128.02,68198.72,68068.0,68070.62,102.00895,2024-07-22 02:45:00
1721617200000,68070.63,68102.0,67922.0,68044.0,181.70666,2024-07-22 03:00:00
1721618100000,68044.0,68098.01,67890.0,68025.0,175.77226,2024-07-22 03:15:00
1721619000000,68025.0,68045.22,67898.55,67901.34,97.76409,2024-07-22 03:30:00
1721619900000,67901.35,67950.01,67836.62,67880.01,99.00037,2024-07-22 03:45:00
1721620800000,67880.01,67974.01,67760.0,67964.01,149.86501,2024-07-22 04:00:00
1721621700000,67964.0,67996.01,67900.0,67916.0,77.89927,2024-07-22 04:15:00
1721622600000,67915.99,67942.01,67806.0,67860.01,93.74375,2024-07-22 04:30:00
1721623500000,67860.0,67942.0,67846.04,67923.98,76.64816,2024-07-22 04:45:00
1721624400000,67923.99,67940.01,67763.5,67804.0,92.75474,2024-07-22 05:00:00
1721625300000,67804.01,67833.6,67703.0,67762.0,123.2498,2024-07-22 05:15:00
1721626200000,67762.01,67762.01,67594.0,67622.01,270.02237,2024-07-22 05:30:00
1721627100000,67622.0,67700.0,67520.0,67626.01,247.15002,2024-07-22 05:45:00
1721628000000,67626.01,67737.5,67542.0,67737.5,120.3771,2024-07-22 06:00:00
1721628900000,67737.5,67743.66,67480.0,67562.01,194.3765,2024-07-22 06:15:00
1721629800000,67562.01,67562.01,67122.22,67259.87,507.16794,2024-07-22 06:30:00
1721630700000,67259.87,67428.01,67196.0,67412.0,248.98895,2024-07-22 06:45:00
1721631600000,67412.0,67412.0,67192.27,67297.97,219.39483,2024-07-22 07:00:00
1721632500000,67297.96,67338.01,67184.61,67232.0,230.75424,2024-07-22 07:15:00
1721633400000,67231.99,67367.0,67194.0,67250.0,135.93133,2024-07-22 07:30:00
1721634300000,67249.99,67318.93,67220.67,67236.0,162.32332,2024-07-22 07:45:00
1721635200000,67236.01,67384.01,67158.0,67384.01,140.36966,2024-07-22 08:00:00
1721636100000,67384.0,67399.98,67171.14,67230.06,201.3849,2024-07-22 08:15:00
1721637000000,67230.06,67294.0,67174.4,67208.0,113.16972,2024-07-22 08:30:00
1721637900000,67208.0,67208.0,67030.0,67080.48,261.07879,2024-07-22 08:45:00
1721638800000,67080.48,67292.01,66944.1,67246.01,334.06294,2024-07-22 09:00:00
1721639700000,67246.0,67322.31,67241.22,67314.01,114.46859,2024-07-22 09:15:00
1721640600000,67314.0,67344.57,67264.01,67320.02,110.61932,2024-07-22 09:30:00
1721641500000,67320.02,67427.22,67250.0,67427.22,132.65195,2024-07-22 09:45:00
1721642400000,67427.22,67476.01,67324.6,67366.0,196.16674,2024-07-22 10:00:00
1721643300000,67366.0,67524.0,67356.19,67518.01,124.57881,2024-07-22 10:15:00
1721644200000,67518.0,67518.01,67380.0,67383.23,128.67664,2024-07-22 10:30:00
1721645100000,67383.24,67441.5,67293.53,67422.01,123.59007,2024-07-22 10:45:00
1721646000000,67422.01,67470.0,67288.0,67358.01,183.07717,2024-07-22 11:00:00
1721646900000,67358.0,67390.0,67300.34,67358.0,69.34941,2024-07-22 11:15:00
1721647800000,67358.0,67470.0,67344.0,67443.95,103.66853,2024-07-22 11:30:00
1721648700000,67443.94,67599.0,67443.94,67516.01,134.25755,2024-07-22 11:45:00
1721649600000,67516.01,67528.01,67366.02,67407.4,153.84771,2024-07-22 12:00:00
1721650500000,67407.4,67637.8,67399.07,67572.01,180.03537,2024-07-22 12:15:00
1721651400000,67572.01,67676.01,67564.13,67628.01,164.97136,2024-07-22 12:30:00
1721652300000,67628.01,67697.11,67600.0,67697.11,97.51708,2024-07-22 12:45:00
1721653200000,67697.11,67853.65,67660.0,67671.99,291.2044,2024-07-22 13:00:00
1721654100000,67672.0,67690.0,67570.0,67570.01,198.34608,2024-07-22 13:15:00
1721655000000,67570.01,67952.39,67361.28,67424.01,611.78309,2024-07-22 13:30:00
1721655900000,67424.01,67434.0,66991.27,67098.0,754.74011,2024-07-22 13:45:00
1721656800000,67098.01,67328.0,67016.0,67286.01,329.55637,2024-07-22 14:00:00
1721657700000,67286.0,67310.0,66864.0,67003.54,477.43183,2024-07-22 14:15:00
1721658600000,67003.54,67106.08,66755.0,66918.18,697.68053,2024-07-22 14:30:00
1721659500000,66918.18,66950.01,66616.68,66712.0,447.5094,2024-07-22 14:45:00
1721660400000,66712.0,66861.59,66559.97,66818.0,460.35699,2024-07-22 15:00:00
1721661300000,66817.99,66921.18,66720.0,66804.01,194.03458,2024-07-22 15:15:00
1721662200000,66804.0,67035.41,66788.0,66980.68,164.78314,2024-07-22 15:30:00
1721663100000,66980.68,67190.01,66961.09,67063.87,264.07539,2024-07-22 15:45:00
1721664000000,67063.87,67138.01,66939.05,67122.01,154.61368,2024-07-22 16:00:00
1721664900000,67122.0,67150.0,66880.7,66989.82,171.4221,2024-07-22 16:15:00
1721665800000,66989.83,67138.01,66798.36,67138.01,167.07833,2024-07-22 16:30:00
1721666700000,67138.0,67314.43,67019.0,67052.0,267.58057,2024-07-22 16:45:00
1721667600000,67052.01,67165.19,67010.01,67124.0,176.87897,2024-07-22 17:00:00
1721668500000,67124.0,67303.05,67124.0,67294.01,162.27693,2024-07-22 17:15:00
1721669400000,67294.0,67415.51,67260.0,67322.01,169.82777,2024-07-22 17:30:00
1721670300000,67322.0,67468.0,67300.0,67468.0,100.63702,2024-07-22 17:45:00
1721671200000,67467.99,67666.0,67420.0,67537.99,380.9181,2024-07-22 18:00:00
1721672100000,67538.0,67538.0,67386.8,67404.0,162.05033,2024-07-22 18:15:00
1721673000000,67404.0,67466.41,67322.5,67406.34,260.64314,2024-07-22 18:30:00
1721673900000,67406.28,67559.97,67380.0,67445.49,105.45782,2024-07-22 18:45:00
1721674800000,67445.49,67690.0,67366.63,67689.99,203.5628,2024-07-22 19:00:00
1721675700000,67689.99,67769.55,67610.0,67666.01,327.69517,2024-07-22 19:15:00
1721676600000,67666.01,67945.0,67628.0,67924.01,324.22205,2024-07-22 19:30:00
1721677500000,67924.0,68250.0,67924.0,68232.07,774.96532,2024-07-22 19:45:00
1721678400000,68232.08,68256.0,67956.0,68170.01,311.24738,2024-07-22 20:00:00
1721679300000,68170.01,68175.35,67950.0,67950.01,208.37394,2024-07-22 20:15:00
1721680200000,67950.01,68116.0,67946.0,68006.01,141.36872,2024-07-22 20:30:00
1721681100000,68006.0,68124.01,67822.0,68124.0,303.4156,2024-07-22 20:45:00
1721682000000,68123.99,68166.01,67809.14,67876.0,288.6676,2024-07-22 21:00:00
1721682900000,67876.0,67948.14,67657.54,67737.89,260.98889,2024-07-22 21:15:00
1721683800000,67737.88,67902.01,67676.0,67861.86,79.94921,2024-07-22 21:30:00
1721684700000,67861.85,67900.01,67782.97,67841.6,139.817,2024-07-22 21:45:00
1721685600000,67841.61,67854.81,67530.0,67625.33,238.95507,2024-07-22 22:00:00
1721686500000,67625.32,67706.01,67502.59,67600.21,207.50063,2024-07-22 22:15:00
1721687400000,67600.22,67690.0,67540.0,67618.25,213.00991,2024-07-22 22:30:00
1721688300000,67618.25,67720.0,67608.0,67635.01,128.54145,2024-07-22 22:45:00
1721689200000,67635.01,67642.0,67224.11,67338.0,270.94497,2024-07-22 23:00:00
1721690100000,67338.0,67489.96,67310.0,67434.01,297.73825,2024-07-22 23:15:00
1721691000000,67434.01,67591.14,67332.85,67574.0,341.29229,2024-07-22 23:30:00
1721691900000,67574.0,67602.01,67493.78,67532.01,269.24638,2024-07-22 23:45:00
1721692800000,67532.0,67674.01,67449.65,67664.91,150.90309,2024-07-23 00:00:00
1721693700000,67664.92,67750.98,67568.0,67576.0,149.74904,2024-07-23 00:15:00
1721694600000,67576.01,67660.01,67572.95,67572.96,110.51141,2024-07-23 00:30:00
1721695500000,67572.96,67719.52,67490.0,67490.01,156.14132,2024-07-23 00:45:00
1721696400000,67490.01,67499.88,67284.0,67388.0,268.04738,2024-07-23 01:00:00
1721697300000,67388.0,67475.0,67183.98,67240.0,201.28584,2024-07-23 01:15:00
1721698200000,67240.0,67395.81,67216.01,67293.61,132.17701,2024-07-23 01:30:00
1721699100000,67293.61,67449.41,67293.6,67410.01,108.30298,2024-07-23 01:45:00
1721700000000,67410.01,67520.0,67272.0,67302.01,145.98389,2024-07-23 02:00:00
1721700900000,67302.0,67444.0,67248.0,67414.0,132.2545,2024-07-23 02:15:00
1721701800000,67414.0,67672.0,67402.0,67651.51,244.16485,2024-07-23 02:30:00
1721702700000,67651.51,67700.0,67544.0,67647.65,115.51203,2024-07-23 02:45:00
1721703600000,67647.65,67710.01,67593.99,67632.28,121.03634,2024-07-23 03:00:00
1721704500000,67632.28,67650.0,67544.0,67596.01,79.2732,2024-07-23 03:15:00
1721705400000,67596.01,67603.16,67510.0,67516.01,72.31799,2024-07-23 03:30:00
1721706300000,67516.01,67600.0,67439.22,67473.99,172.12619,2024-07-23 03:45:00
1721707200000,67473.98,67526.01,67439.26,67500.0,114.73833,2024-07-23 04:00:00
1721708100000,67500.0,67500.0,67302.01,67352.01,101.38159,2024-07-23 04:15:00
1721709000000,67352.0,67352.0,67000.0,67050.01,414.57953,2024-07-23 04:30:00
1721709900000,67050.0,67208.01,66936.0,66936.0,415.4447,2024-07-23 04:45:00
1721710800000,66936.01,66945.48,66750.08,66814.01,482.51111,2024-07-23 05:00:00
1721711700000,66814.01,66860.01,66374.4,66562.01,929.28493,2024-07-23 05:15:00
1721712600000,66562.01,66562.01,66326.0,66415.2,396.19606,2024-07-23 05:30:00
1721713500000,66415.2,66488.01,66334.0,66428.0,190.91467,2024-07-23 05:45:00
1721714400000,66428.01,66766.01,66386.38,66704.01,445.54656,2024-07-23 06:00:00
1721715300000,66704.0,66772.01,66572.0,66684.11,316.60291,2024-07-23 06:15:00
1721716200000,66684.1,66694.76,66465.3,66564.01,231.89716,2024-07-23 06:30:00
1721717100000,66564.01,66658.82,66492.11,66519.34,341.65638,2024-07-23 06:45:00
1721718000000,66519.34,66618.01,66435.0,66510.0,208.08784,2024-07-23 07:00:00
1721718900000,66510.0,66644.01,66300.0,66321.95,334.69814,2024-07-23 07:15:00
1721719800000,66321.95,66592.0,66256.39,66554.01,365.12873,2024-07-23 07:30:00
1721720700000,66554.01,66576.0,66474.62,66576.0,132.48743,2024-07-23 07:45:00
1721721600000,66576.0,66693.63,66520.0,66608.0,223.04632,2024-07-23 08:00:00
1721722500000,66608.0,66749.1,66518.51,66746.01,398.35077,2024-07-23 08:15:00
1721723400000,66746.01,66999.0,66716.0,66792.0,598.61138,2024-07-23 08:30:00
1721724300000,66792.0,66986.0,66742.0,66888.0,234.02269,2024-07-23 08:45:00
1721725200000,66888.0,66946.01,66769.99,66814.01,258.18638,2024-07-23 09:00:00
1721726100000,66814.01,66993.99,66772.0,66991.99,202.86477,2024-07-23 09:15:00
1721727000000,66992.0,67166.01,66981.72,67072.68,495.95597,2024-07-23 09:30:00
1721727900000,67072.68,67087.54,66938.19,66938.2,276.62201,2024-07-23 09:45:00
1721728800000,66938.19,66982.19,66814.23,66908.01,351.58198,2024-07-23 10:00:00
1721729700000,66908.01,67010.01,66850.0,67002.0,190.06891,2024-07-23 10:15:00
1721730600000,67002.01,67024.01,66928.0,67005.99,143.96719,2024-07-23 10:30:00
1721731500000,67006.0,67014.01,66848.7,66870.01,172.21022,2024-07-23 10:45:00
1721732400000,66870.0,66870.01,66599.0,66616.0,472.04101,2024-07-23 11:00:00
1721733300000,66615.99,66678.1,66454.0,66574.01,328.65258,2024-07-23 11:15:00
1721734200000,66574.01,66757.3,66503.99,66666.01,237.23169,2024-07-23 11:30:00
1721735100000,66666.01,66759.83,66666.0,66676.01,208.29194,2024-07-23 11:45:00
1721736000000,66676.0,66756.01,66519.81,66544.01,266.92091,2024-07-23 12:00:00
1721736900000,66544.01,66682.01,66498.0,66524.0,244.38114,2024-07-23 12:15:00
1721737800000,66524.01,66530.01,66358.02,66402.07,534.14915,2024-07-23 12:30:00
1721738700000,66402.07,66518.52,66386.19,66504.68,267.2704,2024-07-23 12:45:00
1721739600000,66504.69,66591.94,66320.0,66422.01,264.60744,2024-07-23 13:00:00
1721740500000,66422.0,66628.04,66378.0,66522.0,316.03966,2024-07-23 13:15:00
1721741400000,66522.0,66744.47,66122.55,66376.01,1223.17102,2024-07-23 13:30:00
1721742300000,66376.0,66376.01,65962.0,66092.01,725.66173,2024-07-23 13:45:00
1721743200000,66092.0,66462.24,65988.0,66446.9,622.91739,2024-07-23 14:00:00
1721744100000,66446.89,66976.39,66432.77,66834.0,699.81725,2024-07-23 14:15:00
1721745000000,66834.01,67349.03,66770.03,67314.01,897.63694,2024-07-23 14:30:00
1721745900000,67314.01,67339.5,67117.98,67227.8,316.34674,2024-07-23 14:45:00
1721746800000,67227.81,67246.01,66741.22,66956.01,577.83196,2024-07-23 15:00:00
1721747700000,66956.01,67049.98,66412.0,66438.02,580.79679,2024-07-23 15:15:00
1721748600000,66438.02,66707.57,66333.33,66585.82,803.43239,2024-07-23 15:30:00
1721749500000,66585.81,66660.01,66388.0,66584.01,316.63679,2024-07-23 15:45:00
1721750400000,66584.01,66780.01,66482.41,66630.01,345.27008,2024-07-23 16:00:00
1721751300000,66630.0,66703.62,66348.0,66384.0,365.80173,2024-07-23 16:15:00
1721752200000,66384.0,66389.55,66101.34,66101.35,560.00031,2024-07-23 16:30:00
1721753100000,66101.35,66250.0,65850.0,65857.99,572.99857,2024-07-23 16:45:00
1721754000000,65858.0,66037.9,65744.94,65946.01,790.33436,2024-07-23 17:00:00
1721754900000,65946.0,66118.29,65912.01,66000.0,225.34236,2024-07-23 17:15:00
1721755800000,65999.99,66000.0,65813.9,65954.63,267.79856,2024-07-23 17:30:00
1721756700000,65954.63,66025.78,65771.47,65940.29,310.11748,2024-07-23 17:45:00
1721757600000,65940.29,66020.01,65836.23,65881.99,193.66617,2024-07-23 18:00:00
1721758500000,65882.0,66067.76,65778.0,65790.0,248.36498,2024-07-23 18:15:00
1721759400000,65790.01,66019.22,65790.01,66006.25,271.57769,2024-07-23 18:30:00
1721760300000,66006.25,66105.32,65839.99,65860.0,244.10334,2024-07-23 18:45:00
1721761200000,65859.99,66062.01,65840.0,66030.01,467.5493,2024-07-23 19:00:00
1721762100000,66030.0,66061.62,65900.0,65968.0,283.5847,2024-07-23 19:15:00
1721763000000,65968.0,65968.41,65600.0,65658.0,621.88473,2024-07-23 19:30:00
1721763900000,65658.01,65771.48,65441.08,65536.01,833.50709,2024-07-23 19:45:00
1721764800000,65536.0,65845.89,65472.54,65718.0,736.93839,2024-07-23 20:00:00
1721765700000,65718.0,65752.01,65546.0,65594.0,249.17895,2024-07-23 20:15:00
1721766600000,65594.01,65827.65,65569.28,65734.36,286.09587,2024-07-23 20:30:00
1721767500000,65734.36,65998.01,65708.06,65836.01,370.52305,2024-07-23 20:45:00
1721768400000,65836.0,65990.0,65782.0,65909.0,180.44527,2024-07-23 21:00:00
1721769300000,65909.0,66025.6,65870.0,65910.01,145.35292,2024-07-23 21:15:00
1721770200000,65910.0,66049.99,65848.57,65968.01,155.98568,2024-07-23 21:30:00
1721771100000,65968.02,66010.0,65872.0,65872.0,97.65083,2024-07-23 21:45:00
1721772000000,65872.0,66012.01,65790.0,65958.01,187.21109,2024-07-23 22:00:00
1721772900000,65958.01,65958.01,65800.0,65820.0,122.56527,2024-07-23 22:15:00
1721773800000,65820.0,65984.97,65820.0,65922.02,135.54801,2024-07-23 22:30:00
1721774700000,65922.01,66043.47,65864.0,65917.99,233.39603,2024-07-23 22:45:00
1721775600000,65917.99,66054.0,65914.0,65980.01,230.41232,2024-07-23 23:00:00
1721776500000,65980.0,65990.0,65809.02,65809.02,172.33261,2024-07-23 23:15:00
1721777400000,65809.03,65936.01,65793.01,65936.01,191.04802,2024-07-23 23:30:00
1721778300000,65936.01,65972.01,65905.15,65936.01,79.30076,2024-07-23 23:45:00
1721779200000,65936.0,66146.01,65881.28,66048.0,151.69148,2024-07-24 00:00:00
1721780100000,66048.0,66054.0,65921.0,65990.01,71.47936,2024-07-24 00:15:00
1721781000000,65990.0,65990.01,65793.99,65800.01,121.19957,2024-07-24 00:30:00
1721781900000,65800.0,65850.0,65780.0,65784.7,178.10923,2024-07-24 00:45:00
1721782800000,65784.7,65993.71,65784.69,65872.01,98.52487,2024-07-24 01:00:00
1721783700000,65872.0,66055.58,65808.0,66009.99,118.3698,2024-07-24 01:15:00
1721784600000,66010.0,66114.21,65800.0,65830.0,137.97258,2024-07-24 01:30:00
1721785500000,65830.0,65848.0,65619.98,65666.01,281.61098,2024-07-24 01:45:00
1721786400000,65666.01,65694.0,65541.04,65556.0,189.10974,2024-07-24 02:00:00
1721787300000,65556.0,65566.0,65476.84,65540.01,170.4472,2024-07-24 02:15:00
1721788200000,65540.01,65730.28,65540.0,65729.49,112.76201,2024-07-24 02:30:00
1721789100000,65729.5,65928.01,65654.44,65878.16,200.05439,2024-07-24 02:45:00
1721790000000,65878.16,65955.84,65784.53,65936.0,153.55281,2024-07-24 03:00:00
1721790900000,65936.0,66006.0,65891.79,66006.0,193.49976,2024-07-24 03:15:00
1721791800000,66006.0,66111.5,65952.31,66107.17,149.12749,2024-07-24 03:30:00
1721792700000,66107.16,66111.48,66026.0,66052.71,105.08027,2024-07-24 03:45:00
1721793600000,66052.71,66072.01,65893.14,65946.31,160.75861,2024-07-24 04:00:00
1721794500000,65946.31,65958.0,65890.0,65936.0,103.14889,2024-07-24 04:15:00
1721795400000,65936.0,66010.0,65793.86,65833.99,173.10417,2024-07-24 04:30:00
1721796300000,65834.0,65896.98,65791.42,65860.0,134.40951,2024-07-24 04:45:00
1721797200000,65860.01,65914.49,65758.0,65787.42,146.12855,2024-07-24 05:00:00
1721798100000,65787.41,65787.42,65610.0,65650.0,318.41649,2024-07-24 05:15:00
1721799000000,65650.0,65788.5,65642.0,65741.85,143.9968,2024-07-24 05:30:00
1721799900000,65741.85,65830.0,65741.84,65814.01,65.29487,2024-07-24 05:45:00
1721800800000,65814.01,65885.22,65762.01,65872.01,125.4424,2024-07-24 06:00:00
1721801700000,65872.0,65999.0,65844.0,65891.02,144.45406,2024-07-24 06:15:00
1721802600000,65891.02,65962.0,65829.34,65849.99,167.43028,2024-07-24 06:30:00
1721803500000,65850.0,65920.0,65832.49,65898.0,148.32758,2024-07-24 06:45:00
1721804400000,65898.0,65982.69,65875.36,65982.69,100.78793,2024-07-24 07:00:00
1721805300000,65982.69,66050.0,65953.16,66017.65,157.57583,2024-07-24 07:15:00
1721806200000,66017.65,66054.9,65926.66,66014.0,186.98327,2024-07-24 07:30:00
1721807100000,66014.01,66080.01,65973.9,66078.0,151.67351,2024-07-24 07:45:00
1721808000000,66078.0,66332.21,66008.0,66236.01,400.94898,2024-07-24 08:00:00
1721808900000,66236.01,66300.01,66164.0,66181.96,345.11819,2024-07-24 08:15:00
1721809800000,66181.96,66400.0,66174.31,66358.0,300.71236,2024-07-24 08:30:00
1721810700000,66357.99,66470.01,66320.0,66437.01,311.81599,2024-07-24 08:45:00
1721811600000,66437.01,66448.31,66301.0,66301.01,211.00746,2024-07-24 09:00:00
1721812500000,66301.01,66489.51,66301.0,66390.01,245.81609,2024-07-24 09:15:00
1721813400000,66390.01,66444.01,66337.34,66370.0,107.26847,2024-07-24 09:30:00
1721814300000,66370.0,66450.0,66351.61,66398.1,136.34799,2024-07-24 09:45:00
1721815200000,66398.1,66519.1,66372.36,66474.01,175.90615,2024-07-24 10:00:00
1721816100000,66474.0,66600.0,66410.45,66410.45,157.28182,2024-07-24 10:15:00
1721817000000,66410.46,66509.65,66343.87,66486.01,213.20947,2024-07-24 10:30:00
1721817900000,66486.01,66542.78,66448.0,66491.53,166.58779,2024-07-24 10:45:00
1721818800000,66491.53,66550.0,66400.0,66500.3,158.44399,2024-07-24 11:00:00
1721819700000,66500.3,66555.0,66452.0,66471.35,108.29167,2024-07-24 11:15:00
1721820600000,66471.36,66488.0,66341.22,66380.01,127.39795,2024-07-24 11:30:00
1721821500000,66380.0,66460.0,66340.31,66367.99,121.87165,2024-07-24 11:45:00
1721822400000,66368.0,66469.81,66363.3,66432.0,101.16476,2024-07-24 12:00:00
1721823300000,66432.01,66450.0,66346.0,66449.99,92.40253,2024-07-24 12:15:00
1721824200000,66449.98,66577.0,66356.0,66356.01,161.88664,2024-07-24 12:30:00
1721825100000,66356.0,66356.01,66146.7,66215.1,356.4746,2024-07-24 12:45:00
1721826000000,66215.09,66484.01,66200.0,66440.0,214.28547,2024-07-24 13:00:00
1721826900000,66440.0,66794.99,66440.0,66676.37,379.07846,2024-07-24 13:15:00
1721827800000,66676.37,66900.0,66568.0,66752.04,418.34926,2024-07-24 13:30:00
1721828700000,66752.03,66840.01,66308.0,66344.0,363.58499,2024-07-24 13:45:00
1721829600000,66344.0,66732.67,66282.74,66640.0,451.04686,2024-07-24 14:00:00
1721830500000,66640.0,66863.07,66586.75,66810.01,342.06785,2024-07-24 14:15:00
1721831400000,66810.0,67102.01,66774.0,66876.57,734.67231,2024-07-24 14:30:00
1721832300000,66876.57,66946.01,66726.28,66760.01,437.68555,2024-07-24 14:45:00
1721833200000,66760.01,66812.0,66534.41,66608.01,371.03759,2024-07-24 15:00:00
1721834100000,66608.01,66646.11,66149.88,66357.32,613.37234,2024-07-24 15:15:00
1721835000000,66357.33,66488.01,66204.04,66255.0,402.93033,2024-07-24 15:30:00
1721835900000,66255.01,66358.02,66093.99,66176.0,461.91337,2024-07-24 15:45:00
1721836800000,66176.0,66280.0,65963.17,66240.01,722.68292,2024-07-24 16:00:00
1721837700000,66240.0,66357.92,66206.0,66246.01,450.9997,2024-07-24 16:15:00
1721838600000,66246.0,66346.34,66198.83,66309.69,388.46267,2024-07-24 16:30:00
1721839500000,66309.69,66490.0,66260.0,66394.0,312.74711,2024-07-24 16:45:00
1721840400000,66394.0,66530.96,66344.51,66393.73,225.85755,2024-07-24 17:00:00
1721841300000,66393.72,66590.0,66315.44,66556.62,169.7794,2024-07-24 17:15:00
1721842200000,66556.62,66704.0,66518.27,66678.0,140.73237,2024-07-24 17:30:00
1721843100000,66678.01,66709.55,66576.0,66586.01,210.15119,2024-07-24 17:45:00
1721844000000,66586.01,66632.0,66511.52,66592.0,169.48984,2024-07-24 18:00:00
1721844900000,66592.0,66650.0,66272.0,66292.0,264.9412,2024-07-24 18:15:00
1721845800000,66292.0,66321.97,65850.0,65897.01,567.87058,2024-07-24 18:30:00
1721846700000,65897.0,65970.85,65715.17,65754.0,505.47473,2024-07-24 18:45:00
1721847600000,65754.0,65947.0,65684.21,65940.01,211.43231,2024-07-24 19:00:00
1721848500000,65940.0,66032.07,65747.36,66032.07,281.28086,2024-07-24 19:15:00
1721849400000,66032.06,66102.0,65936.0,65968.06,163.92692,2024-07-24 19:30:00
1721850300000,65968.06,65968.06,65558.89,65652.0,717.87793,2024-07-24 19:45:00
1721851200000,65652.01,65887.28,65648.0,65800.01,211.37327,2024-07-24 20:00:00
1721852100000,65800.01,65955.76,65786.0,65838.01,113.24405,2024-07-24 20:15:00
1721853000000,65838.0,65977.76,65832.72,65960.0,119.81967,2024-07-24 20:30:00
1721853900000,65959.99,66066.66,65959.99,66044.01,148.49026,2024-07-24 20:45:00
1721854800000,66044.01,66066.66,65550.0,65625.99,482.13715,2024-07-24 21:00:00
1721855700000,65626.0,65812.62,65618.0,65682.01,216.00489,2024-07-24 21:15:00
1721856600000,65682.0,65682.01,65130.0,65410.63,618.40817,2024-07-24 21:30:00
1721857500000,65410.63,65750.01,65333.32,65647.05,193.78013,2024-07-24 21:45:00
1721858400000,65647.05,65670.01,65356.0,65454.0,303.25296,2024-07-24 22:00:00
1721859300000,65454.01,65614.0,65441.41,65542.01,224.52112,2024-07-24 22:15:00
1721860200000,65542.01,65555.19,65292.0,65339.0,156.7726,2024-07-24 22:30:00
1721861100000,65339.0,65458.65,65250.0,65288.01,132.18107,2024-07-24 22:45:00
1721862000000,65288.01,65418.01,65111.0,65402.01,326.54125,2024-07-24 23:00:00
1721862900000,65402.0,65470.0,65241.51,65334.71,137.94202,2024-07-24 23:15:00
1721863800000,65334.7,65378.01,65288.0,65377.37,83.99813,2024-07-24 23:30:00
1721864700000,65377.37,65428.0,65345.35,65376.0,59.88553,2024-07-24 23:45:00
1721865600000,65376.01,65465.63,65269.4,65440.01,579.27385,2024-07-25 00:00:00
1721866500000,65440.0,65616.86,65339.16,65539.26,174.46893,2024-07-25 00:15:00
1721867400000,65539.26,65582.01,65444.8,65582.0,97.84778,2024-07-25 00:30:00
1721868300000,65582.01,65620.0,65474.0,65514.8,100.73526,2024-07-25 00:45:00
1721869200000,65514.81,65514.81,64266.0,64550.0,1767.82235,2024-07-25 01:00:00
1721870100000,64550.0,64733.99,64284.0,64418.81,1455.12217,2024-07-25 01:15:00
1721871000000,64418.81,64542.78,64251.82,64343.99,611.84994,2024-07-25 01:30:00
1721871900000,64344.0,64490.0,64220.56,64478.0,571.16774,2024-07-25 01:45:00
1721872800000,64477.99,64482.0,64214.9,64293.13,469.53737,2024-07-25 02:00:00
1721873700000,64293.13,64365.43,64050.0,64217.98,776.35007,2024-07-25 02:15:00
1721874600000,64217.97,64376.69,64111.11,64111.12,465.48435,2024-07-25 02:30:00
1721875500000,64111.12,64240.86,63950.0,64208.01,667.29061,2024-07-25 02:45:00
1721876400000,64208.0,64226.0,64046.44,64074.43,533.51378,2024-07-25 03:00:00
1721877300000,64074.43,64288.0,63980.0,64266.01,351.7401,2024-07-25 03:15:00
1721878200000,64266.01,64281.59,63919.62,63992.0,409.51196,2024-07-25 03:30:00
1721879100000,63992.0,64150.0,63861.0,64093.59,359.71281,2024-07-25 03:45:00
1721880000000,64093.58,64139.66,63800.0,64127.41,571.36505,2024-07-25 04:00:00
1721880900000,64127.42,64198.0,64054.0,64104.31,268.36754,2024-07-25 04:15:00
1721881800000,64104.32,64282.6,64043.35,64176.0,379.1412,2024-07-25 04:30:00
1721882700000,64176.0,64288.0,64162.0,64220.0,222.35119,2024-07-25 04:45:00
1721883600000,64220.0,64284.02,64123.3,64258.0,266.69257,2024-07-25 05:00:00
1721884500000,64257.99,64348.94,64136.0,64190.0,303.98852,2024-07-25 05:15:00
1721885400000,64189.99,64304.27,64159.63,64289.99,138.96518,2024-07-25 05:30:00
1721886300000,64290.0,64310.0,64212.35,64263.01,158.50555,2024-07-25 05:45:00
1721887200000,64263.01,64276.0,64116.0,64168.0,181.02698,2024-07-25 06:00:00
1721888100000,64168.0,64260.0,64091.03,64148.01,173.82844,2024-07-25 06:15:00
1721889000000,64148.01,64306.0,64086.43,64306.0,160.11359,2024-07-25 06:30:00
1721889900000,64305.99,64369.05,64263.91,64324.01,132.72052,2024-07-25 06:45:00
1721890800000,64324.0,64352.0,64190.14,64210.0,202.89326,2024-07-25 07:00:00
1721891700000,64209.99,64314.34,64196.73,64294.54,207.67684,2024-07-25 07:15:00
1721892600000,64294.53,64390.0,64214.0,64214.0,320.26266,2024-07-25 07:30:00
1721893500000,64214.0,64220.0,64071.51,64134.0,273.44739,2024-07-25 07:45:00
1721894400000,64134.0,64175.68,63900.0,64094.01,525.30233,2024-07-25 08:00:00
1721895300000,64094.01,64116.24,63878.0,64034.0,340.52517,2024-07-25 08:15:00
1721896200000,64034.0,64295.66,63994.0,64274.41,313.96875,2024-07-25 08:30:00
1721897100000,64274.4,64419.71,64241.83,64352.01,392.81178,2024-07-25 08:45:00
1721898000000,64352.01,64406.01,64310.0,64366.01,144.93964,2024-07-25 09:00:00
1721898900000,64366.01,64480.0,64302.75,64462.01,144.94054,2024-07-25 09:15:00
1721899800000,64462.0,64474.0,64284.0,64292.01,198.56097,2024-07-25 09:30:00
1721900700000,64292.01,64306.71,64218.93,64306.71,115.87605,2024-07-25 09:45:00
1721901600000,64306.71,64314.01,64112.14,64126.01,165.88245,2024-07-25 10:00:00
1721902500000,64126.01,64134.0,63980.0,64026.01,252.58394,2024-07-25 10:15:00
1721903400000,64026.01,64124.01,64000.0,64005.71,192.8973,2024-07-25 10:30:00
1721904300000,64005.71,64186.0,63973.46,64165.68,222.99509,2024-07-25 10:45:00
1721905200000,64165.68,64277.55,64126.0,64246.3,319.10617,2024-07-25 11:00:00
1721906100000,64246.3,64272.4,64201.81,64268.01,189.56058,2024-07-25 11:15:00
1721907000000,64268.0,64284.01,64098.05,64113.98,298.35676,2024-07-25 11:30:00
1721907900000,64113.99,64197.23,64089.72,64096.0,308.60102,2024-07-25 11:45:00
1721908800000,64096.01,64325.05,64074.0,64300.01,252.10543,2024-07-25 12:00:00
1721909700000,64300.01,64303.79,64168.0,64204.0,244.71859,2024-07-25 12:15:00
1721910600000,64204.0,64400.0,63900.24,63958.01,803.2244,2024-07-25 12:30:00
1721911500000,63958.01,64124.0,63940.48,64124.0,328.62432,2024-07-25 12:45:00
1721912400000,64123.99,64146.0,63903.55,64046.0,373.63718,2024-07-25 13:00:00
1721913300000,64045.99,64292.0,64023.56,64288.01,197.1624,2024-07-25 13:15:00
1721914200000,64288.0,64360.0,64018.01,64221.19,340.23913,2024-07-25 13:30:00
1721915100000,64221.18,64234.0,63680.0,64050.01,724.31422,2024-07-25 13:45:00
1721916000000,64050.01,64053.57,63456.7,63640.0,1212.86493,2024-07-25 14:00:00
1721916900000,63640.0,64270.0,63600.0,64250.0,506.24591,2024-07-25 14:15:00
1721917800000,64250.0,64744.01,64184.0,64740.01,790.67013,2024-07-25 14:30:00
1721918700000,64740.0,64851.01,64599.19,64835.0,565.93946,2024-07-25 14:45:00
1721919600000,64834.99,64952.5,64600.0,64890.01,592.55765,2024-07-25 15:00:00
1721920500000,64890.0,65005.0,64632.0,64666.0,440.00877,2024-07-25 15:15:00
1721921400000,64665.99,64877.24,64532.0,64588.01,258.24689,2024-07-25 15:30:00
1721922300000,64588.01,64790.89,64560.83,64790.88,195.27442,2024-07-25 15:45:00
1721923200000,64790.89,64940.01,64630.0,64863.63,285.46055,2024-07-25 16:00:00
1721924100000,64863.63,65000.0,64794.08,64924.01,272.98829,2024-07-25 16:15:00
1721925000000,64924.0,65170.0,64894.0,64920.0,574.475,2024-07-25 16:30:00
1721925900000,64920.01,64958.01,64791.97,64868.0,215.32516,2024-07-25 16:45:00
1721926800000,64868.0,65042.0,64832.0,64898.08,190.7818,2024-07-25 17:00:00
1721927700000,64898.08,64961.84,64764.0,64806.92,157.38049,2024-07-25 17:15:00
1721928600000,64806.92,64976.83,64766.0,64967.99,306.57236,2024-07-25 17:30:00
1721929500000,64968.0,65073.7,64820.17,65051.98,629.4299,2024-07-25 17:45:00
1721930400000,65051.98,65145.43,64992.02,65061.8,440.81526,2024-07-25 18:00:00
1721931300000,65061.8,65187.82,64840.0,64894.47,452.15875,2024-07-25 18:15:00
1721932200000,64894.47,64960.01,64731.32,64731.33,500.51165,2024-07-25 18:30:00
1721933100000,64731.32,64780.0,64388.46,64568.0,650.88235,2024-07-25 18:45:00
1721934000000,64568.0,64714.8,64401.73,64694.0,282.76384,2024-07-25 19:00:00
1721934900000,64694.0,65008.0,64656.0,64965.37,248.81626,2024-07-25 19:15:00
1721935800000,64965.37,65002.0,64636.0,64812.06,183.65627,2024-07-25 19:30:00
1721936700000,64812.06,64826.01,64610.74,64692.01,246.01184,2024-07-25 19:45:00
1721937600000,64692.01,64758.0,64425.0,64589.17,498.43405,2024-07-25 20:00:00
1721938500000,64589.17,64794.01,64530.0,64770.0,339.37984,2024-07-25 20:15:00
1721939400000,64770.0,64970.0,64720.79,64919.58,196.30564,2024-07-25 20:30:00
1721940300000,64919.57,65298.01,64893.2,65298.01,287.23592,2024-07-25 20:45:00
1721941200000,65298.01,65444.68,65214.0,65413.99,410.4158,2024-07-25 21:00:00
1721942100000,65413.99,65772.72,65386.54,65566.25,581.44978,2024-07-25 21:15:00
1721943000000,65566.25,65700.0,65428.01,65688.01,317.09287,2024-07-25 21:30:00
1721943900000,65688.0,66000.0,65688.0,65838.0,306.8374,2024-07-25 21:45:00
1721944800000,65838.01,66175.49,65824.84,65882.01,447.79522,2024-07-25 22:00:00
1721945700000,65882.0,65889.58,65752.0,65832.01,146.29117,2024-07-25 22:15:00
1721946600000,65832.01,65887.34,65726.0,65726.01,157.13879,2024-07-25 22:30:00
1721947500000,65726.0,65766.0,65639.89,65644.0,87.50593,2024-07-25 22:45:00
1721948400000,65644.01,65768.05,65630.0,65752.77,179.35508,2024-07-25 23:00:00
1721949300000,65752.78,65825.36,65686.18,65716.39,74.32388,2024-07-25 23:15:00
1721950200000,65716.38,65740.0,65644.18,65688.01,82.14634,2024-07-25 23:30:00
1721951100000,65688.01,65799.95,65688.01,65799.95,71.17394,2024-07-25 23:45:00
1721952000000,65799.95,66062.63,65722.63,66062.63,237.00396,2024-07-26 00:00:00
1721952900000,66062.62,66293.99,65942.32,65982.0,288.16973,2024-07-26 00:15:00
1721953800000,65981.99,66183.41,65892.0,66175.0,135.15519,2024-07-26 00:30:00
1721954700000,66174.99,66450.46,66149.0,66384.0,233.35889,2024-07-26 00:45:00
1721955600000,66384.0,66570.01,66309.62,66420.0,645.73227,2024-07-26 01:00:00
1721956500000,66420.01,66446.01,66262.0,66314.0,135.02033,2024-07-26 01:15:00
1721957400000,66314.0,66470.47,66193.69,66463.96,242.23683,2024-07-26 01:30:00
1721958300000,66463.96,66486.0,66353.27,66430.01,172.78323,2024-07-26 01:45:00
1721959200000,66430.01,66561.06,66393.18,66512.0,184.97785,2024-07-26 02:00:00
1721960100000,66512.0,66911.11,66507.0,66856.23,670.15091,2024-07-26 02:15:00
1721961000000,66856.23,67011.0,66701.27,66922.0,743.98604,2024-07-26 02:30:00
1721961900000,66921.99,67198.99,66768.0,67014.01,582.04579,2024-07-26 02:45:00
1721962800000,67014.0,67480.0,66933.56,67277.98,758.7972,2024-07-26 03:00:00
1721963700000,67277.98,67390.0,67091.12,67098.19,309.77847,2024-07-26 03:15:00
1721964600000,67098.18,67148.01,67016.0,67140.0,235.5015,2024-07-26 03:30:00
1721965500000,67140.01,67140.01,66986.7,67042.01,217.02649,2024-07-26 03:45:00
1721966400000,67042.0,67117.28,66953.11,66954.0,187.54847,2024-07-26 04:00:00
1721967300000,66954.0,66994.0,66894.0,66968.01,165.51513,2024-07-26 04:15:00
1721968200000,66968.0,67045.99,66926.09,66960.0,175.2579,2024-07-26 04:30:00
1721969100000,66960.0,67075.83,66913.83,67075.83,280.73903,2024-07-26 04:45:00
1721970000000,67075.83,67100.0,66900.0,66930.0,164.08407,2024-07-26 05:00:00
1721970900000,66929.99,67010.0,66894.56,66991.0,160.55387,2024-07-26 05:15:00
1721971800000,66991.0,67047.56,66884.92,66909.99,141.60638,2024-07-26 05:30:00
1721972700000,66909.99,66952.01,66870.82,66924.0,146.3397,2024-07-26 05:45:00
1721973600000,66924.01,67030.0,66874.01,67029.99,174.64692,2024-07-26 06:00:00
1721974500000,67029.99,67049.32,66975.01,66981.98,142.63028,2024-07-26 06:15:00
1721975400000,66981.97,67160.0,66958.0,67152.01,219.37577,2024-07-26 06:30:00
1721976300000,67152.01,67152.01,67059.17,67062.01,161.15746,2024-07-26 06:45:00
1721977200000,67062.01,67062.01,66962.0,67040.0,166.48725,2024-07-26 07:00:00
1721978100000,67039.99,67190.0,67029.99,67140.0,148.15885,2024-07-26 07:15:00
1721979000000,67140.01,67140.01,66951.74,66960.16,358.28606,2024-07-26 07:30:00
1721979900000,66960.16,67025.76,66879.99,66890.56,608.27394,2024-07-26 07:45:00
1721980800000,66890.56,67047.63,66890.56,67047.62,219.06298,2024-07-26 08:00:00
1721981700000,67047.62,67138.6,66990.0,67080.0,160.31911,2024-07-26 08:15:00
1721982600000,67080.0,67142.76,67039.0,67082.0,117.53788,2024-07-26 08:30:00
1721983500000,67082.0,67111.04,67034.0,67106.01,116.58312,2024-07-26 08:45:00
1721984400000,67106.0,67131.02,67085.77,67113.28,152.19778,2024-07-26 09:00:00
1721985300000,67113.28,67304.01,67113.28,67304.0,509.74168,2024-07-26 09:15:00
1721986200000,67304.0,67398.27,67280.5,67330.71,242.27169,2024-07-26 09:30:00
1721987100000,67330.71,67498.0,67295.98,67296.01,366.33889,2024-07-26 09:45:00
1721988000000,67296.01,67369.96,67262.0,67292.01,139.2608,2024-07-26 10:00:00
1721988900000,67292.0,67394.04,67172.9,67390.01,171.26869,2024-07-26 10:15:00
1721989800000,67390.0,67410.0,67260.6,67260.62,237.27643,2024-07-26 10:30:00
1721990700000,67260.62,67319.99,67236.05,67304.01,131.12504,2024-07-26 10:45:00
1721991600000,67304.0,67330.0,67185.85,67211.55,114.54395,2024-07-26 11:00:00
1721992500000,67211.55,67256.69,67182.0,67193.68,130.16283,2024-07-26 11:15:00
1721993400000,67193.69,67271.67,67152.0,67246.0,106.36165,2024-07-26 11:30:00
1721994300000,67246.01,67366.31,67246.0,67322.0,97.45364,2024-07-26 11:45:00
1721995200000,67321.99,67376.0,67286.01,67309.43,81.89202,2024-07-26 12:00:00
1721996100000,67309.44,67338.0,67242.0,67338.0,120.07033,2024-07-26 12:15:00
1721997000000,67337.99,67410.0,67108.0,67130.0,290.9886,2024-07-26 12:30:00
1721997900000,67130.0,67323.97,67086.45,67314.01,137.60095,2024-07-26 12:45:00
1721998800000,67314.01,67370.58,67170.0,67198.0,112.43219,2024-07-26 13:00:00
1721999700000,67197.99,67418.0,67179.31,67411.99,262.80744,2024-07-26 13:15:00
1722000600000,67411.99,67756.04,67308.0,67593.91,845.58255,2024-07-26 13:30:00
1722001500000,67593.91,67976.05,67538.0,67887.88,774.66434,2024-07-26 13:45:00
1722002400000,67887.88,68000.0,67668.0,67745.76,587.48736,2024-07-26 14:00:00
1722003300000,67745.75,67810.0,67215.51,67220.26,752.74945,2024-07-26 14:15:00
1722004200000,67220.26,67258.01,66892.0,67167.66,751.96337,2024-07-26 14:30:00
1722005100000,67167.65,67370.0,67110.0,67328.01,286.99224,2024-07-26 14:45:00
1722006000000,67328.0,67664.01,67286.0,67545.46,548.85652,2024-07-26 15:00:00
1722006900000,67545.46,67751.01,67480.0,67654.01,269.98357,2024-07-26 15:15:00
1722007800000,67654.01,67700.0,67490.0,67528.01,256.15899,2024-07-26 15:30:00
1722008700000,67528.0,67599.99,67456.0,67560.01,150.53791,2024-07-26 15:45:00
1722009600000,67560.0,67654.01,67500.01,67508.11,145.46307,2024-07-26 16:00:00
1722010500000,67508.1,67685.11,67500.0,67644.01,145.84061,2024-07-26 16:15:00
1722011400000,67644.01,67683.54,67540.0,67590.0,136.18906,2024-07-26 16:30:00
1722012300000,67590.0,67623.99,67366.79,67396.0,184.07042,2024-07-26 16:45:00
1722013200000,67396.01,67436.01,67303.07,67357.06,156.66049,2024-07-26 17:00:00
1722014100000,67357.05,67570.0,67346.0,67570.0,112.89478,2024-07-26 17:15:00
1722015000000,67569.99,67600.0,67310.0,67360.01,156.8184,2024-07-26 17:30:00
1722015900000,67360.0,67442.0,67328.0,67372.0,102.83266,2024-07-26 17:45:00
1722016800000,67372.0,67575.51,67336.08,67554.72,137.28727,2024-07-26 18:00:00
1722017700000,67554.72,67602.09,67430.6,67432.01,204.1295,2024-07-26 18:15:00
1722018600000,67432.0,67561.21,67376.37,67558.01,146.60256,2024-07-26 18:30:00
1722019500000,67558.0,67577.16,67470.0,67573.75,109.57043,2024-07-26 18:45:00
1722020400000,67573.74,67699.51,67552.47,67667.25,136.12148,2024-07-26 19:00:00
1722021300000,67667.24,67877.79,67630.0,67877.78,293.35746,2024-07-26 19:15:00
1722022200000,67877.78,67950.0,67701.18,67950.0,248.82379,2024-07-26 19:30:00
1722023100000,67949.99,68144.01,67802.46,67990.0,877.45439,2024-07-26 19:45:00
1722024000000,67990.0,68000.01,67719.96,67725.99,184.92471,2024-07-26 20:00:00
1722024900000,67726.0,67890.0,67714.0,67839.99,154.82565,2024-07-26 20:15:00
1722025800000,67839.99,67872.01,67426.74,67437.99,310.88882,2024-07-26 20:30:00
1722026700000,67437.99,67605.31,67413.5,67435.17,233.50421,2024-07-26 20:45:00
1722027600000,67435.16,67702.01,67419.81,67692.97,170.19303,2024-07-26 21:00:00
1722028500000,67692.97,68000.0,67692.97,67925.83,187.71051,2024-07-26 21:15:00
1722029400000,67925.82,68073.75,67844.81,68068.97,208.67306,2024-07-26 21:30:00
1722030300000,68068.96,68200.0,67930.0,67946.01,374.84518,2024-07-26 21:45:00
1722031200000,67946.0,67955.99,67855.42,67900.0,101.85962,2024-07-26 22:00:00
1722032100000,67899.99,68086.02,67884.0,68001.99,204.58658,2024-07-26 22:15:00
1722033000000,68001.99,68010.64,67878.01,67972.01,68.78102,2024-07-26 22:30:00
1722033900000,67972.01,67990.01,67900.0,67926.0,84.14295,2024-07-26 22:45:00
1722034800000,67926.0,67951.96,67848.0,67908.0,74.32242,2024-07-26 23:00:00
1722035700000,67908.0,67976.1,67870.0,67870.01,51.17971,2024-07-26 23:15:00
1722036600000,67870.0,67890.01,67855.15,67878.01,41.73335,2024-07-26 23:30:00
1722037500000,67878.01,67925.0,67874.0,67907.99,63.41329,2024-07-26 23:45:00
1722038400000,67908.0,67946.01,67811.77,67905.0,126.71872,2024-07-27 00:00:00
1722039300000,67905.0,67946.0,67858.08,67924.01,77.699,2024-07-27 00:15:00
1722040200000,67924.01,67924.01,67808.01,67828.0,107.76344,2024-07-27 00:30:00
1722041100000,67828.0,67914.01,67827.99,67872.27,112.73372,2024-07-27 00:45:00
1722042000000,67872.28,67874.0,67731.79,67788.01,89.75403,2024-07-27 01:00:00
1722042900000,67788.0,67815.57,67754.0,67796.0,44.74443,2024-07-27 01:15:00
1722043800000,67796.0,67796.0,67732.42,67745.99,70.86783,2024-07-27 01:30:00
1722044700000,67745.99,67777.99,67630.0,67657.99,95.76484,2024-07-27 01:45:00
1722045600000,67657.99,67711.99,67657.99,67696.0,57.10002,2024-07-27 02:00:00
1722046500000,67696.01,67814.0,67676.0,67813.99,56.43064,2024-07-27 02:15:00
1722047400000,67813.99,67887.52,67785.0,67887.52,55.99293,2024-07-27 02:30:00
1722048300000,67887.51,68070.01,67838.72,68028.0,175.12691,2024-07-27 02:45:00
1722049200000,68028.0,68081.57,67798.87,67879.15,242.80646,2024-07-27 03:00:00
1722050100000,67879.14,67884.01,67790.0,67812.0,80.32737,2024-07-27 03:15:00
1722051000000,67811.99,67940.0,67800.0,67830.01,91.8653,2024-07-27 03:30:00
1722051900000,67830.0,67838.01,67773.01,67798.0,60.53636,2024-07-27 03:45:00
1722052800000,67797.99,67864.38,67782.73,67864.38,51.4616,2024-07-27 04:00:00
1722053700000,67864.37,67898.2,67821.46,67825.65,52.78596,2024-07-27 04:15:00
1722054600000,67825.65,67832.01,67795.32,67829.83,60.82482,2024-07-27 04:30:00
1722055500000,67829.83,67890.0,67829.82,67866.01,45.60506,2024-07-27 04:45:00
1722056400000,67866.01,67928.01,67866.0,67921.01,60.84507,2024-07-27 05:00:00
1722057300000,67921.0,67998.05,67921.0,67978.73,71.77059,2024-07-27 05:15:00
1722058200000,67978.72,67984.0,67920.23,67920.24,57.5462,2024-07-27 05:30:00
1722059100000,67920.23,67930.89,67885.46,67895.21,63.16594,2024-07-27 05:45:00
1722060000000,67895.21,67944.15,67886.46,67917.5,55.19549,2024-07-27 06:00:00
1722060900000,67917.5,67980.0,67917.49,67979.99,141.61594,2024-07-27 06:15:00
1722061800000,67979.98,68033.19,67938.88,67994.0,155.91788,2024-07-27 06:30:00
1722062700000,67993.99,68094.03,67993.99,68092.89,199.41247,2024-07-27 06:45:00
1722063600000,68092.89,68245.0,68092.88,68160.01,341.1625,2024-07-27 07:00:00
1722064500000,68160.01,68295.39,68041.07,68263.99,245.55682,2024-07-27 07:15:00
1722065400000,68263.98,68279.94,68198.49,68238.0,151.24401,2024-07-27 07:30:00
1722066300000,68238.0,68238.0,68036.67,68036.68,161.47581,2024-07-27 07:45:00
1722067200000,68036.68,68176.44,68031.81,68097.03,127.03551,2024-07-27 08:00:00
1722068100000,68097.03,68100.01,67975.23,68006.75,201.27538,2024-07-27 08:15:00
1722069000000,68006.75,68022.0,67892.24,67940.44,139.81076,2024-07-27 08:30:00
1722069900000,67940.44,67993.59,67904.42,67986.0,124.90026,2024-07-27 08:45:00
1722070800000,67985.99,68085.53,67946.82,68085.53,102.9241,2024-07-27 09:00:00
1722071700000,68085.52,68196.48,68042.0,68154.01,161.73244,2024-07-27 09:15:00
1722072600000,68154.01,68159.31,68099.98,68137.99,67.72515,2024-07-27 09:30:00
1722073500000,68137.98,68217.22,68120.0,68217.21,112.28775,2024-07-27 09:45:00
1722074400000,68217.2,68255.0,68162.27,68255.0,83.00514,2024-07-27 10:00:00
1722075300000,68255.0,68275.64,68139.06,68171.39,103.26883,2024-07-27 10:15:00
1722076200000,68171.39,68186.0,68094.05,68104.0,69.15425,2024-07-27 10:30:00
1722077100000,68104.0,68157.8,68082.99,68155.41,53.7489,2024-07-27 10:45:00
1722078000000,68155.42,68164.0,68053.12,68058.0,87.76326,2024-07-27 11:00:00
1722078900000,68057.99,68100.0,68010.45,68088.0,195.26235,2024-07-27 11:15:00
1722079800000,68088.0,68195.17,68088.0,68163.79,86.95693,2024-07-27 11:30:00
1722080700000,68163.8,68212.0,68140.72,68209.88,117.15446,2024-07-27 11:45:00
1722081600000,68209.88,68471.79,68195.43,68363.57,485.18332,2024-07-27 12:00:00
1722082500000,68363.57,68422.0,68288.0,68298.01,164.2559,2024-07-27 12:15:00
1722083400000,68298.01,68398.0,68286.54,68398.0,121.6311,2024-07-27 12:30:00
1722084300000,68397.99,68450.0,68340.47,68400.0,194.21212,2024-07-27 12:45:00
1722085200000,68400.0,68881.77,68399.99,68858.97,645.91475,2024-07-27 13:00:00
1722086100000,68858.97,68894.0,68736.75,68832.0,417.6633,2024-07-27 13:15:00
1722087000000,68832.0,69100.0,68772.26,69100.0,787.08353,2024-07-27 13:30:00
1722087900000,69100.0,69385.06,69084.23,69226.01,682.74657,2024-07-27 13:45:00
1722088800000,69226.01,69399.99,69074.0,69153.95,456.94379,2024-07-27 14:00:00
1722089700000,69153.94,69174.01,68794.46,68914.01,427.31321,2024-07-27 14:15:00
1722090600000,68914.01,69099.99,68842.12,69031.67,359.70227,2024-07-27 14:30:00
1722091500000,69031.67,69031.67,68825.39,68981.69,234.21296,2024-07-27 14:45:00
1722092400000,68981.69,69086.0,68772.0,68827.97,330.85655,2024-07-27 15:00:00
1722093300000,68827.98,68984.27,68693.35,68788.01,324.65798,2024-07-27 15:15:00
1722094200000,68788.0,68836.01,68645.26,68712.31,311.91723,2024-07-27 15:30:00
1722095100000,68712.3,68861.21,68583.69,68844.0,251.11794,2024-07-27 15:45:00
1722096000000,68844.0,68979.32,68706.18,68710.0,182.64452,2024-07-27 16:00:00
1722096900000,68709.99,68935.54,68709.99,68909.99,147.39358,2024-07-27 16:15:00
1722097800000,68909.99,68961.99,68845.68,68852.0,111.38098,2024-07-27 16:30:00
1722098700000,68852.0,68883.46,68644.0,68684.01,168.81109,2024-07-27 16:45:00
1722099600000,68684.01,68754.34,68618.64,68666.01,117.5908,2024-07-27 17:00:00
1722100500000,68666.01,68666.01,68428.18,68574.15,248.0651,2024-07-27 17:15:00
1722101400000,68574.14,68604.93,68429.99,68500.72,258.03182,2024-07-27 17:30:00
1722102300000,68500.72,68690.0,68475.8,68540.01,197.48839,2024-07-27 17:45:00
1722103200000,68540.0,68742.01,68516.0,68703.38,142.04167,2024-07-27 18:00:00
1722104100000,68703.37,68940.0,68701.5,68920.0,232.89013,2024-07-27 18:15:00
1722105000000,68920.0,68990.03,68785.48,68972.85,133.66919,2024-07-27 18:30:00
1722105900000,68972.84,68990.0,68508.12,68542.76,332.82553,2024-07-27 18:45:00
1722106800000,68542.76,68564.01,68073.44,68321.15,957.37131,2024-07-27 19:00:00
1722107700000,68321.14,68624.01,68313.12,68577.45,359.02887,2024-07-27 19:15:00
1722108600000,68577.45,68641.53,67658.68,67952.01,985.95458,2024-07-27 19:30:00
1722109500000,67952.0,68342.0,67867.81,68246.0,696.38235,2024-07-27 19:45:00
1722110400000,68246.0,68450.0,67558.0,67715.07,1379.44595,2024-07-27 20:00:00
1722111300000,67715.08,68039.51,66650.0,67333.99,2732.80948,2024-07-27 20:15:00
1722112200000,67334.0,67416.52,66750.0,67201.21,986.25094,2024-07-27 20:30:00
1722113100000,67201.21,68410.0,66820.96,67791.22,4343.28317,2024-07-27 20:45:00
1722114000000,67791.21,68650.0,67596.0,68520.01,1385.96917,2024-07-27 21:00:00
1722114900000,68520.01,69182.94,68336.96,68900.0,1472.42025,2024-07-27 21:15:00
1722115800000,68900.0,69100.0,68674.88,68910.0,525.01549,2024-07-27 21:30:00
1722116700000,68910.0,68910.0,68651.1,68860.0,302.54975,2024-07-27 21:45:00
1722117600000,68860.01,68860.01,68567.59,68636.01,233.47833,2024-07-27 22:00:00
1722118500000,68636.0,68830.01,68614.84,68616.0,137.74923,2024-07-27 22:15:00
1722119400000,68616.0,68789.37,68502.6,68684.0,181.66299,2024-07-27 22:30:00
1722120300000,68683.99,68730.0,68574.29,68619.97,123.7854,2024-07-27 22:45:00
1722121200000,68619.97,68619.97,68234.16,68236.4,337.84939,2024-07-27 23:00:00
1722122100000,68236.39,68236.4,68040.55,68180.0,300.4625,2024-07-27 23:15:00
1722123000000,68180.0,68218.92,68070.35,68076.01,119.52165,2024-07-27 23:30:00
1722123900000,68076.01,68156.81,67749.5,67896.5,385.15946,2024-07-27 23:45:00
1722124800000,67896.49,67896.5,67260.54,67604.01,499.75957,2024-07-28 00:00:00
1722125700000,67604.0,67990.0,67589.72,67956.01,351.31913,2024-07-28 00:15:00
1722126600000,67956.01,68083.35,67884.61,67958.01,220.42165,2024-07-28 00:30:00
1722127500000,67958.01,67994.01,67816.0,67958.0,112.71885,2024-07-28 00:45:00
1722128400000,67958.0,68111.59,67944.7,68100.85,157.84166,2024-07-28 01:00:00
1722129300000,68100.84,68152.57,67916.0,68148.0,115.29702,2024-07-28 01:15:00
1722130200000,68148.0,68193.76,68090.0,68188.0,87.8365,2024-07-28 01:30:00
1722131100000,68188.0,68285.43,68090.0,68090.01,122.08548,2024-07-28 01:45:00
1722132000000,68090.01,68133.37,67992.0,67998.0,107.782,2024-07-28 02:00:00
1722132900000,67998.0,68100.0,67966.0,68042.0,52.95525,2024-07-28 02:15:00
1722133800000,68042.01,68119.5,68042.01,68115.99,50.77741,2024-07-28 02:30:00
1722134700000,68115.99,68149.45,68054.39,68149.45,49.37616,2024-07-28 02:45:00
1722135600000,68149.44,68149.45,68068.14,68084.01,61.15623,2024-07-28 03:00:00
1722136500000,68084.01,68084.01,68000.0,68074.01,72.93132,2024-07-28 03:15:00
1722137400000,68074.01,68085.54,68016.0,68016.01,69.20606,2024-07-28 03:30:00
1722138300000,68016.01,68056.0,67940.94,67940.95,84.24392,2024-07-28 03:45:00
1722139200000,67940.94,68024.18,67933.36,68006.01,67.19613,2024-07-28 04:00:00
1722140100000,68006.01,68006.01,67754.35,67785.99,203.85122,2024-07-28 04:15:00
1722141000000,67785.99,67785.99,67668.61,67724.01,206.45021,2024-07-28 04:30:00
1722141900000,67724.01,67728.01,67300.0,67338.0,272.95973,2024-07-28 04:45:00
1722142800000,67338.0,67420.01,67066.66,67278.01,373.45376,2024-07-28 05:00:00
1722143700000,67278.0,67410.01,67180.0,67408.0,159.50909,2024-07-28 05:15:00
1722144600000,67407.99,67500.0,67356.11,67408.01,134.58442,2024-07-28 05:30:00
1722145500000,67408.01,67476.01,67358.88,67422.0,97.98423,2024-07-28 05:45:00
1722146400000,67422.01,67542.01,67396.0,67467.22,130.57248,2024-07-28 06:00:00
1722147300000,67467.22,67572.61,67458.21,67542.0,58.62904,2024-07-28 06:15:00
1722148200000,67541.99,67590.82,67456.0,67484.01,53.13842,2024-07-28 06:30:00
1722149100000,67484.01,67524.01,67386.0,67486.01,120.82592,2024-07-28 06:45:00
1722150000000,67486.0,67486.01,67309.15,67396.0,158.35664,2024-07-28 07:00:00
1722150900000,67396.0,67441.77,67344.0,67428.0,99.51286,2024-07-28 07:15:00
1722151800000,67427.99,67428.0,67385.94,67416.01,70.22532,2024-07-28 07:30:00
1722152700000,67416.01,67560.86,67416.0,67560.86,191.06983,2024-07-28 07:45:00
1722153600000,67560.86,67564.48,67447.23,67498.01,94.69114,2024-07-28 08:00:00
1722154500000,67498.0,67515.48,67390.95,67390.96,86.39022,2024-07-28 08:15:00
1722155400000,67390.95,67427.99,67220.0,67316.01,145.8887,2024-07-28 08:30:00
1722156300000,67316.01,67386.0,67284.0,67380.0,76.68479,2024-07-28 08:45:00
1722157200000,67380.0,67482.01,67344.8,67352.73,81.08596,2024-07-28 09:00:00
1722158100000,67352.72,67406.01,67329.6,67388.01,38.15864,2024-07-28 09:15:00
1722159000000,67388.01,67550.28,67388.0,67482.01,72.99979,2024-07-28 09:30:00
1722159900000,67482.01,67543.99,67428.19,67433.65,62.33319,2024-07-28 09:45:00
1722160800000,67433.65,67575.65,67390.34,67575.65,94.33467,2024-07-28 10:00:00
1722161700000,67575.65,67686.39,67572.0,67625.58,216.90175,2024-07-28 10:15:00
1722162600000,67625.57,67660.01,67566.0,67622.01,67.39599,2024-07-28 10:30:00
1722163500000,67622.02,67630.18,67560.0,67560.01,62.97917,2024-07-28 10:45:00
1722164400000,67560.01,67659.92,67560.01,67659.92,50.1871,2024-07-28 11:00:00
1722165300000,67659.91,67835.75,67659.91,67794.0,252.3319,2024-07-28 11:15:00
1722166200000,67794.01,67940.0,67682.48,67920.01,142.09812,2024-07-28 11:30:00
1722167100000,67920.0,68000.0,67810.0,67836.0,226.47515,2024-07-28 11:45:00
1722168000000,67836.01,67864.01,67745.46,67796.0,112.99341,2024-07-28 12:00:00
1722168900000,67796.01,67970.01,67748.74,67858.0,97.7019,2024-07-28 12:15:00
1722169800000,67857.99,68123.32,67842.0,68070.0,191.62308,2024-07-28 12:30:00
1722170700000,68069.99,68100.0,68000.0,68000.01,128.28717,2024-07-28 12:45:00
1722171600000,68000.01,68044.01,67942.0,68006.01,74.07281,2024-07-28 13:00:00
1722172500000,68006.01,68008.0,67902.43,67948.01,86.53541,2024-07-28 13:15:00
1722173400000,67948.0,67963.63,67861.27,67920.0,77.53168,2024-07-28 13:30:00
1722174300000,67919.99,68029.83,67919.99,67988.01,71.72134,2024-07-28 13:45:00
1722175200000,67988.01,68024.99,67842.61,67878.64,103.23077,2024-07-28 14:00:00
1722176100000,67878.65,67901.35,67720.01,67744.97,149.47873,2024-07-28 14:15:00
1722177000000,67744.97,67868.01,67634.7,67868.01,167.30601,2024-07-28 14:30:00
1722177900000,67868.01,67992.52,67675.2,67746.0,182.59659,2024-07-28 14:45:00
1722178800000,67746.0,67746.0,67653.1,67674.03,96.29554,2024-07-28 15:00:00
1722179700000,67674.03,67708.55,67647.05,67708.07,60.25996,2024-07-28 15:15:00
1722180600000,67708.07,67777.77,67577.63,67762.01,124.10117,2024-07-28 15:30:00
1722181500000,67762.0,67777.0,67634.0,67645.0,45.09944,2024-07-28 15:45:00
1722182400000,67645.0,67687.23,67624.0,67640.91,91.93607,2024-07-28 16:00:00
1722183300000,67640.91,67753.26,67638.0,67665.46,53.72303,2024-07-28 16:15:00
1722184200000,67665.45,67738.01,67632.91,67700.01,65.54843,2024-07-28 16:30:00
1722185100000,67700.01,67719.89,67648.24,67680.01,38.77537,2024-07-28 16:45:00
1722186000000,67680.01,67850.0,67680.0,67840.01,66.28211,2024-07-28 17:00:00
1722186900000,67840.0,67856.01,67747.16,67799.97,72.82262,2024-07-28 17:15:00
1722187800000,67799.96,67920.0,67750.0,67893.03,108.25361,2024-07-28 17:30:00
1722188700000,67893.03,67998.42,67853.37,67988.47,62.52835,2024-07-28 17:45:00
1722189600000,67988.47,68025.0,67939.81,68014.01,94.98323,2024-07-28 18:00:00
1722190500000,68014.01,68259.8,67989.04,68259.8,180.71097,2024-07-28 18:15:00
1722191400000,68259.79,68318.43,68181.63,68181.64,209.18151,2024-07-28 18:30:00
1722192300000,68181.64,68242.12,68096.0,68236.01,123.60142,2024-07-28 18:45:00
1722193200000,68236.0,68277.0,68170.17,68270.65,105.03553,2024-07-28 19:00:00
1722194100000,68270.64,68295.0,68191.23,68262.01,102.34686,2024-07-28 19:15:00
1722195000000,68262.0,68262.01,68104.88,68104.89,74.49119,2024-07-28 19:30:00
1722195900000,68104.88,68170.41,68084.58,68112.0,60.2959,2024-07-28 19:45:00
1722196800000,68112.0,68164.76,68015.34,68050.0,57.85825,2024-07-28 20:00:00
1722197700000,68049.99,68094.01,68004.0,68004.01,48.19173,2024-07-28 20:15:00
1722198600000,68004.0,68068.01,67954.48,68066.02,90.95826,2024-07-28 20:30:00
1722199500000,68066.01,68075.93,68006.0,68007.99,24.80967,2024-07-28 20:45:00
1722200400000,68008.0,68026.96,67801.62,67894.01,134.01288,2024-07-28 21:00:00
1722201300000,67894.0,67978.01,67832.0,67978.01,80.32822,2024-07-28 21:15:00
1722202200000,67978.0,68069.0,67938.43,68035.14,72.18332,2024-07-28 21:30:00
1722203100000,68035.13,68066.01,68000.0,68021.93,37.9364,2024-07-28 21:45:00
1722204000000,68021.93,68166.66,67986.0,68084.01,115.61254,2024-07-28 22:00:00
1722204900000,68084.01,68250.0,67947.21,68236.13,128.52844,2024-07-28 22:15:00
1722205800000,68236.13,68253.59,68042.0,68090.0,70.9502,2024-07-28 22:30:00
1722206700000,68089.99,68090.0,67941.94,68010.24,106.34503,2024-07-28 22:45:00
1722207600000,68010.23,68055.44,67956.0,68012.5,53.8099,2024-07-28 23:00:00
1722208500000,68012.49,68127.72,68006.0,68120.13,39.96642,2024-07-28 23:15:00
1722209400000,68120.13,68200.0,68105.44,68199.99,68.30717,2024-07-28 23:30:00
1722210300000,68200.0,68277.83,68170.0,68249.88,74.58051,2024-07-28 23:45:00
1722211200000,68249.88,68825.67,68168.0,68600.02,615.53593,2024-07-29 00:00:00
1722212100000,68600.02,68999.0,68558.86,68844.0,474.35559,2024-07-29 00:15:00
1722213000000,68844.0,68876.5,68694.0,68695.76,239.38327,2024-07-29 00:30:00
1722213900000,68695.76,68865.91,68662.47,68714.01,212.31039,2024-07-29 00:45:00
1722214800000,68714.01,68789.07,68590.01,68590.01,139.19628,2024-07-29 01:00:00
1722215700000,68590.01,68724.0,68349.49,68708.47,237.26178,2024-07-29 01:15:00
1722216600000,68708.47,68833.33,68614.21,68614.22,144.73376,2024-07-29 01:30:00
1722217500000,68614.21,68692.01,68544.0,68547.99,109.93219,2024-07-29 01:45:00
1722218400000,68548.0,68842.01,68533.45,68822.01,113.98089,2024-07-29 02:00:00
1722219300000,68822.0,69315.0,68822.0,69238.01,886.42367,2024-07-29 02:15:00
1722220200000,69238.0,69635.14,69236.0,69462.01,1149.52289,2024-07-29 02:30:00
1722221100000,69462.0,69575.99,69437.18,69559.0,445.7957,2024-07-29 02:45:00
1722222000000,69558.99,69800.0,69500.0,69504.0,538.59723,2024-07-29 03:00:00
1722222900000,69504.0,69512.0,69306.3,69440.0,301.69324,2024-07-29 03:15:00
1722223800000,69440.0,69500.0,69328.67,69369.13,172.4514,2024-07-29 03:30:00
1722224700000,69369.12,69412.0,69302.0,69347.67,192.24944,2024-07-29 03:45:00
1722225600000,69347.66,69475.65,69302.97,69308.0,256.82218,2024-07-29 04:00:00
1722226500000,69308.0,69393.06,69263.07,69330.62,176.09906,2024-07-29 04:15:00
1722227400000,69330.61,69448.01,69308.0,69314.4,172.53125,2024-07-29 04:30:00
1722228300000,69314.4,69374.01,69286.87,69368.0,146.94177,2024-07-29 04:45:00
1722229200000,69367.99,69457.61,69367.99,69450.0,261.27282,2024-07-29 05:00:00
1722230100000,69450.0,69598.81,69450.0,69544.8,398.80305,2024-07-29 05:15:00
1722231000000,69544.79,69798.0,69543.99,69658.99,302.17302,2024-07-29 05:30:00
1722231900000,69658.99,69800.0,69606.0,69662.07,322.25422,2024-07-29 05:45:00
1722232800000,69662.07,69788.0,69555.0,69584.01,222.68288,2024-07-29 06:00:00
1722233700000,69584.0,69888.0,69584.0,69816.01,352.86552,2024-07-29 06:15:00
1722234600000,69816.01,69864.01,69671.63,69747.39,227.13338,2024-07-29 06:30:00
1722235500000,69747.38,69747.39,69551.0,69588.01,295.16274,2024-07-29 06:45:00
1722236400000,69588.01,69611.3,69482.0,69492.51,285.71746,2024-07-29 07:00:00
1722237300000,69492.5,69587.56,69462.36,69556.0,239.91567,2024-07-29 07:15:00
1722238200000,69556.0,69578.0,69466.21,69469.55,283.06053,2024-07-29 07:30:00
1722239100000,69469.54,69545.88,69446.0,69528.01,202.92022,2024-07-29 07:45:00
1722240000000,69528.01,69700.0,69489.64,69700.0,158.31505,2024-07-29 08:00:00
1722240900000,69700.0,69700.0,69562.5,69595.99,133.98336,2024-07-29 08:15:00
1722241800000,69595.99,69632.0,69375.0,69410.01,194.81184,2024-07-29 08:30:00
1722242700000,69410.0,69520.02,69410.0,69457.5,169.663,2024-07-29 08:45:00
1722243600000,69457.51,69607.51,69457.5,69520.0,145.8231,2024-07-29 09:00:00
1722244500000,69520.0,69618.9,69490.9,69550.01,153.24815,2024-07-29 09:15:00
1722245400000,69550.01,69564.01,69440.0,69440.01,175.54907,2024-07-29 09:30:00
1722246300000,69440.01,69520.0,69440.0,69520.0,238.5804,2024-07-29 09:45:00
1722247200000,69520.0,69520.0,69378.8,69432.0,173.9474,2024-07-29 10:00:00
1722248100000,69431.99,69540.8,69400.0,69532.23,121.16184,2024-07-29 10:15:00
1722249000000,69532.22,69699.0,69532.22,69676.01,204.18106,2024-07-29 10:30:00
1722249900000,69676.01,69743.07,69598.08,69620.0,244.55658,2024-07-29 10:45:00
1722250800000,69620.0,69805.08,69598.09,69730.0,226.79131,2024-07-29 11:00:00
1722251700000,69730.0,69838.62,69700.0,69809.11,293.60906,2024-07-29 11:15:00
1722252600000,69809.1,69826.0,69622.0,69708.01,218.90631,2024-07-29 11:30:00
1722253500000,69708.01,69715.76,69580.0,69580.01,160.76001,2024-07-29 11:45:00
1722254400000,69580.01,69622.05,69396.74,69416.01,487.3514,2024-07-29 12:00:00
1722255300000,69416.0,69720.71,69414.93,69720.71,199.42645,2024-07-29 12:15:00
1722256200000,69720.7,69950.0,69646.0,69729.06,498.92253,2024-07-29 12:30:00
1722257100000,69729.06,69876.01,69660.0,69799.38,265.58488,2024-07-29 12:45:00
1722258000000,69799.37,70079.99,69737.37,69956.63,2019.2441,2024-07-29 13:00:00
1722258900000,69956.63,69986.01,69585.24,69658.01,473.65901,2024-07-29 13:15:00
1722259800000,69658.0,69706.0,69336.68,69351.0,860.17512,2024-07-29 13:30:00
1722260700000,69351.0,69507.76,69088.0,69273.6,986.19191,2024-07-29 13:45:00
1722261600000,69273.59,69294.64,68712.03,68712.04,999.63136,2024-07-29 14:00:00
1722262500000,68712.04,69000.0,68640.41,68815.65,488.45463,2024-07-29 14:15:00
1722263400000,68815.64,68933.67,68720.28,68860.02,318.7194,2024-07-29 14:30:00
1722264300000,68860.02,68868.01,68071.98,68228.01,1219.87549,2024-07-29 14:45:00
1722265200000,68228.01,68304.0,67867.21,68104.01,898.56077,2024-07-29 15:00:00
1722266100000,68104.01,68104.01,67668.34,67946.01,765.2025,2024-07-29 15:15:00
1722267000000,67946.01,68180.36,67700.0,68174.01,586.00227,2024-07-29 15:30:00
1722267900000,68174.0,68190.86,68050.01,68104.0,319.5861,2024-07-29 15:45:00
1722268800000,68103.99,68118.0,67786.44,68004.01,351.91876,2024-07-29 16:00:00
1722269700000,68004.01,68016.0,67338.0,67345.93,934.76496,2024-07-29 16:15:00
1722270600000,67345.93,67358.01,66800.0,66896.0,1959.58612,2024-07-29 16:30:00
1722271500000,66896.0,67132.01,66846.0,66940.01,728.50537,2024-07-29 16:45:00
1722272400000,66940.01,67177.52,66428.0,67070.0,1755.26051,2024-07-29 17:00:00
1722273300000,67069.99,67116.0,66642.0,66727.34,499.09476,2024-07-29 17:15:00
1722274200000,66727.33,67058.96,66680.0,66966.01,392.91376,2024-07-29 17:30:00
1722275100000,66966.01,67126.01,66908.0,67015.08,437.50381,2024-07-29 17:45:00
1722276000000,67015.09,67389.92,66940.0,67344.0,512.6967,2024-07-29 18:00:00
1722276900000,67344.0,67547.32,67148.0,67378.0,431.97406,2024-07-29 18:15:00
1722277800000,67378.0,67466.0,67220.96,67356.0,245.33134,2024-07-29 18:30:00
1722278700000,67356.01,67456.01,67320.0,67419.99,140.01798,2024-07-29 18:45:00
1722279600000,67419.99,67504.01,67286.41,67450.0,197.63716,2024-07-29 19:00:00
1722280500000,67450.0,67549.73,67329.73,67516.56,223.78708,2024-07-29 19:15:00
1722281400000,67516.57,67523.85,67351.81,67474.01,138.23379,2024-07-29 19:30:00
1722282300000,67474.0,67474.01,67242.99,67303.05,134.29339,2024-07-29 19:45:00
1722283200000,67303.05,67374.0,67210.22,67268.23,110.02098,2024-07-29 20:00:00
1722284100000,67268.24,67272.01,67158.0,67194.01,115.26739,2024-07-29 20:15:00
1722285000000,67194.01,67373.88,67190.0,67370.0,147.96945,2024-07-29 20:30:00
1722285900000,67370.01,67392.01,67278.0,67369.99,96.68821,2024-07-29 20:45:00
1722286800000,67370.0,67392.0,67151.64,67151.65,84.03384,2024-07-29 21:00:00
1722287700000,67151.65,67243.99,67030.0,67186.05,280.19581,2024-07-29 21:15:00
1722288600000,67186.05,67369.7,67180.0,67361.56,209.73708,2024-07-29 21:30:00
1722289500000,67361.56,67510.01,67275.79,67500.0,143.76058,2024-07-29 21:45:00
1722290400000,67499.99,67550.0,67438.1,67549.99,151.91562,2024-07-29 22:00:00
1722291300000,67549.99,67553.66,67368.0,67368.0,116.18195,2024-07-29 22:15:00
1722292200000,67368.01,67388.0,67228.0,67238.94,96.25667,2024-07-29 22:30:00
1722293100000,67238.93,67244.0,67140.0,67227.36,96.40548,2024-07-29 22:45:00
1722294000000,67227.35,67264.01,66696.87,66725.99,530.82619,2024-07-29 23:00:00
1722294900000,66728.0,67034.78,66600.0,67012.74,389.48409,2024-07-29 23:15:00
1722295800000,67012.73,67061.53,66800.0,66810.0,123.28473,2024-07-29 23:30:00
1722296700000,66810.0,66932.01,66784.68,66784.69,171.49383,2024-07-29 23:45:00
1722297600000,66784.68,66862.45,66626.0,66722.01,183.06173,2024-07-30 00:00:00
1722298500000,66722.01,66731.56,65862.0,66294.05,1935.54558,2024-07-30 00:15:00
1722299400000,66294.05,66438.01,66270.01,66422.84,491.32975,2024-07-30 00:30:00
1722300300000,66422.83,66621.68,66312.11,66610.0,305.32363,2024-07-30 00:45:00
1722301200000,66610.01,66788.88,66574.0,66756.01,208.17219,2024-07-30 01:00:00
1722302100000,66756.01,66886.0,66700.0,66720.0,220.09077,2024-07-30 01:15:00
1722303000000,66719.99,66778.01,66300.01,66398.01,353.00369,2024-07-30 01:30:00
1722303900000,66398.01,66408.0,66060.06,66211.33,427.48371,2024-07-30 01:45:00
1722304800000,66211.32,66462.32,66176.0,66420.0,244.10456,2024-07-30 02:00:00
1722305700000,66420.0,66442.0,65958.57,65992.01,351.05766,2024-07-30 02:15:00
1722306600000,65992.0,66261.31,65986.0,66200.62,220.63032,2024-07-30 02:30:00
1722307500000,66200.62,66477.8,66190.0,66418.01,317.57121,2024-07-30 02:45:00
1722308400000,66418.0,66610.43,66380.0,66610.0,265.29834,2024-07-30 03:00:00
1722309300000,66610.01,66680.0,66508.0,66585.69,172.7187,2024-07-30 03:15:00
1722310200000,66585.69,66617.66,66479.12,66564.01,207.00049,2024-07-30 03:30:00
1722311100000,66564.0,66610.0,66500.0,66610.0,87.34693,2024-07-30 03:45:00
1722312000000,66610.0,66646.69,66533.14,66646.69,138.63571,2024-07-30 04:00:00
1722312900000,66646.69,66766.01,66627.58,66762.0,110.12744,2024-07-30 04:15:00
1722313800000,66762.0,66778.01,66623.39,66716.0,136.86556,2024-07-30 04:30:00
1722314700000,66716.0,66808.04,66608.0,66808.04,146.59668,2024-07-30 04:45:00
1722315600000,66808.04,66808.04,66657.28,66664.67,134.1158,2024-07-30 05:00:00
1722316500000,66664.67,66664.67,66415.92,66467.56,147.09898,2024-07-30 05:15:00
1722317400000,66467.55,66570.01,66322.49,66560.01,188.69964,2024-07-30 05:30:00
1722318300000,66560.0,66661.71,66482.77,66484.01,259.82651,2024-07-30 05:45:00
1722319200000,66484.01,66622.01,66464.17,66604.02,111.21277,2024-07-30 06:00:00
1722320100000,66604.01,66696.0,66564.12,66696.0,85.85988,2024-07-30 06:15:00
1722321000000,66695.99,66738.39,66648.08,66662.02,107.09507,2024-07-30 06:30:00
1722321900000,66662.02,66775.0,66630.05,66766.01,95.45735,2024-07-30 06:45:00
1722322800000,66766.0,66900.01,66766.0,66868.01,161.55765,2024-07-30 07:00:00
1722323700000,66868.01,66984.52,66840.0,66935.99,240.98193,2024-07-30 07:15:00
1722324600000,66935.98,66998.99,66890.0,66987.98,217.37263,2024-07-30 07:30:00
1722325500000,66987.99,67000.0,66904.53,66952.0,214.76928,2024-07-30 07:45:00
1722326400000,66952.0,66977.75,66847.94,66968.48,132.97846,2024-07-30 08:00:00
1722327300000,66968.48,66999.92,66811.5,66811.75,172.84905,2024-07-30 08:15:00
1722328200000,66811.75,66916.01,66800.44,66843.59,103.82645,2024-07-30 08:30:00
1722329100000,66843.58,66899.61,66712.0,66772.01,278.03321,2024-07-30 08:45:00
1722330000000,66772.01,66900.56,66771.66,66896.01,105.30502,2024-07-30 09:00:00
1722330900000,66896.0,66896.01,66800.0,66840.01,71.10486,2024-07-30 09:15:00
1722331800000,66840.01,66860.01,66608.49,66682.01,165.8195,2024-07-30 09:30:00
1722332700000,66682.01,66682.01,66444.0,66608.01,219.86221,2024-07-30 09:45:00
1722333600000,66608.01,66654.0,66404.53,66480.0,276.17872,2024-07-30 10:00:00
1722334500000,66480.0,66625.67,66464.0,66625.67,116.8204,2024-07-30 10:15:00
1722335400000,66625.66,66687.34,66528.0,66620.0,113.93943,2024-07-30 10:30:00
1722336300000,66619.99,66672.92,66520.0,66581.87,94.13503,2024-07-30 10:45:00
1722337200000,66581.88,66619.97,66488.71,66488.72,131.5943,2024-07-30 11:00:00
1722338100000,66488.71,66651.99,66488.71,66623.36,107.32944,2024-07-30 11:15:00
1722339000000,66623.36,66720.0,66544.39,66668.0,163.4034,2024-07-30 11:30:00
1722339900000,66667.99,66682.01,66574.0,66574.01,74.09628,2024-07-30 11:45:00
1722340800000,66574.0,66660.24,66446.14,66562.01,273.7456,2024-07-30 12:00:00
1722341700000,66562.0,66608.0,66233.07,66265.86,405.29757,2024-07-30 12:15:00
1722342600000,66265.86,66810.0,66252.0,66810.0,328.09033,2024-07-30 12:30:00
1722343500000,66809.99,66820.01,66638.0,66668.0,195.41262,2024-07-30 12:45:00
1722344400000,66668.01,66790.0,66657.04,66743.72,151.20265,2024-07-30 13:00:00
1722345300000,66743.72,66842.01,66574.01,66642.01,132.76536,2024-07-30 13:15:00
1722346200000,66642.0,66948.0,66430.0,66498.0,360.76155,2024-07-30 13:30:00
1722347100000,66498.0,66535.99,66332.61,66381.99,263.93431,2024-07-30 13:45:00
1722348000000,66382.0,66442.22,66000.0,66365.85,806.74767,2024-07-30 14:00:00
1722348900000,66365.85,66449.99,66112.74,66132.89,384.92674,2024-07-30 14:15:00
1722349800000,66132.89,66208.01,66021.12,66046.0,516.5844,2024-07-30 14:30:00
1722350700000,66045.99,66126.01,65660.89,65810.0,862.92124,2024-07-30 14:45:00
1722351600000,65810.01,66047.71,65555.0,65884.01,742.90145,2024-07-30 15:00:00
1722352500000,65884.0,66268.01,65872.01,66232.0,366.84654,2024-07-30 15:15:00
1722353400000,66232.0,66268.01,66031.02,66126.0,173.47276,2024-07-30 15:30:00
1722354300000,66126.01,66332.01,66063.26,66216.01,120.56814,2024-07-30 15:45:00
1722355200000,66216.01,66296.81,66145.0,66296.8,126.21947,2024-07-30 16:00:00
1722356100000,66296.81,66333.33,66232.0,66325.88,91.87107,2024-07-30 16:15:00
1722357000000,66325.89,66550.01,66274.0,66528.01,171.98965,2024-07-30 16:30:00
1722357900000,66528.0,66540.12,66174.48,66180.01,239.02588,2024-07-30 16:45:00
1722358800000,66180.02,66210.01,65882.0,66044.0,315.33206,2024-07-30 17:00:00
1722359700000,66043.99,66076.01,65769.34,65876.01,314.79424,2024-07-30 17:15:00
1722360600000,65876.0,65928.01,65684.68,65928.01,199.97648,2024-07-30 17:30:00
1722361500000,65928.01,66055.93,65800.0,65868.01,183.26775,2024-07-30 17:45:00
1722362400000,65868.01,66032.0,65600.0,65988.53,366.72699,2024-07-30 18:00:00
1722363300000,65988.54,66074.98,65880.0,65970.01,167.21714,2024-07-30 18:15:00
1722364200000,65970.01,65994.01,65756.65,65782.01,105.41597,2024-07-30 18:30:00
1722365100000,65782.0,65850.01,65622.0,65824.01,218.47936,2024-07-30 18:45:00
1722366000000,65824.0,65899.43,65556.56,65608.01,282.24001,2024-07-30 19:00:00
1722366900000,65608.0,65915.86,65594.0,65729.63,260.84851,2024-07-30 19:15:00
1722367800000,65729.62,65856.62,65672.0,65784.0,138.28199,2024-07-30 19:30:00
1722368700000,65784.01,66008.01,65776.0,65931.02,268.9622,2024-07-30 19:45:00
1722369600000,65931.03,65980.0,65302.67,65706.01,808.97369,2024-07-30 20:00:00
1722370500000,65706.0,66072.01,65684.0,65986.0,345.62469,2024-07-30 20:15:00
1722371400000,65986.0,66240.0,65986.0,66097.99,422.77863,2024-07-30 20:30:00
1722372300000,66098.0,66198.01,66038.33,66186.01,202.89805,2024-07-30 20:45:00
1722373200000,66186.0,66186.01,66048.08,66086.0,151.93518,2024-07-30 21:00:00
1722374100000,66086.01,66142.01,65942.0,66142.01,126.33986,2024-07-30 21:15:00
1722375000000,66142.01,66224.0,66122.16,66224.0,53.32094,2024-07-30 21:30:00
1722375900000,66223.99,66312.8,66193.25,66304.0,78.08971,2024-07-30 21:45:00
1722376800000,66304.0,66356.89,66166.66,66220.01,126.99358,2024-07-30 22:00:00
1722377700000,66220.0,66333.59,66184.0,66267.89,61.24669,2024-07-30 22:15:00
1722378600000,66267.9,66307.23,66188.0,66198.0,109.81797,2024-07-30 22:30:00
1722379500000,66198.01,66222.01,66072.43,66222.0,80.95877,2024-07-30 22:45:00
1722380400000,66222.0,66307.5,66170.01,66170.02,63.04962,2024-07-30 23:00:00
1722381300000,66170.02,66206.0,66130.0,66178.0,43.96684,2024-07-30 23:15:00
1722382200000,66178.0,66257.09,66172.46,66228.91,66.50343,2024-07-30 23:30:00
1722383100000,66228.92,66274.06,66188.0,66188.0,39.64116,2024-07-30 23:45:00
1722384000000,66188.0,66240.01,65881.96,65932.01,220.85709,2024-07-31 00:00:00
1722384900000,65932.0,66072.01,65930.0,66019.93,120.2243,2024-07-31 00:15:00
1722385800000,66019.93,66249.76,66017.63,66249.76,95.82173,2024-07-31 00:30:00
1722386700000,66249.76,66413.0,66186.0,66344.0,182.13969,2024-07-31 00:45:00
1722387600000,66344.01,66404.01,66311.07,66344.0,129.1919,2024-07-31 01:00:00
1722388500000,66344.0,66384.92,66288.0,66300.01,65.74528,2024-07-31 01:15:00
1722389400000,66300.0,66316.0,66104.0,66142.01,87.28125,2024-07-31 01:30:00
1722390300000,66142.01,66296.0,66110.0,66296.0,51.79109,2024-07-31 01:45:00
1722391200000,66295.99,66322.01,66148.02,66148.03,52.41264,2024-07-31 02:00:00
1722392100000,66148.02,66413.28,66148.02,66371.99,103.34527,2024-07-31 02:15:00
1722393000000,66371.99,66372.0,66100.0,66166.0,139.07788,2024-07-31 02:30:00
1722393900000,66166.0,66166.01,66068.63,66122.16,104.90419,2024-07-31 02:45:00
1722394800000,66122.17,66228.86,66090.0,66216.57,93.4998,2024-07-31 03:00:00
1722395700000,66216.57,66216.57,66026.12,66048.0,112.54659,2024-07-31 03:15:00
1722396600000,66048.01,66142.0,66048.0,66100.01,73.86651,2024-07-31 03:30:00
1722397500000,66100.0,66122.0,66036.24,66058.0,92.53494,2024-07-31 03:45:00
1722398400000,66058.0,66092.0,65802.96,65846.0,178.26807,2024-07-31 04:00:00
1722399300000,65846.0,65918.01,65760.0,65818.35,185.74608,2024-07-31 04:15:00
1722400200000,65818.36,65845.99,65599.98,65684.71,279.46185,2024-07-31 04:30:00
1722401100000,65684.7,65852.01,65496.0,65804.0,256.22532,2024-07-31 04:45:00
1722402000000,65804.0,65855.91,65616.0,65692.0,195.33541,2024-07-31 05:00:00
1722402900000,65692.01,65785.99,65578.51,65768.42,105.09724,2024-07-31 05:15:00
1722403800000,65768.42,65892.01,65757.65,65850.14,222.06318,2024-07-31 05:30:00
1722404700000,65850.14,66221.55,65848.0,66175.52,383.82122,2024-07-31 05:45:00
1722405600000,66175.53,66554.4,66120.6,66459.15,734.13377,2024-07-31 06:00:00
1722406500000,66459.15,66483.87,66268.0,66360.73,127.72429,2024-07-31 06:15:00
1722407400000,66360.74,66480.0,66360.05,66453.85,170.17596,2024-07-31 06:30:00
1722408300000,66453.86,66485.7,66422.0,66459.99,91.2306,2024-07-31 06:45:00
1722409200000,66460.0,66465.0,66333.51,66439.93,209.12926,2024-07-31 07:00:00
1722410100000,66439.93,66527.11,66364.01,66364.02,93.79996,2024-07-31 07:15:00
1722411000000,66364.01,66364.02,66268.0,66314.01,71.96546,2024-07-31 07:30:00
1722411900000,66314.01,66372.0,66213.0,66224.0,72.61339,2024-07-31 07:45:00
1722412800000,66224.0,66277.97,66044.0,66074.02,230.15352,2024-07-31 08:00:00
1722413700000,66074.02,66346.52,66058.0,66267.99,213.85552,2024-07-31 08:15:00
1722414600000,66268.0,66346.0,66250.65,66346.0,57.96365,2024-07-31 08:30:00
1722415500000,66346.0,66370.0,66305.05,66312.01,107.63582,2024-07-31 08:45:00
1722416400000,66312.01,66356.01,66177.45,66203.99,82.34797,2024-07-31 09:00:00
1722417300000,66204.0,66336.01,66162.37,66314.0,80.42058,2024-07-31 09:15:00
1722418200000,66314.0,66332.28,66286.21,66287.78,68.40747,2024-07-31 09:30:00
1722419100000,66287.77,66374.01,66213.73,66262.0,116.04869,2024-07-31 09:45:00
1722420000000,66262.01,66262.01,66080.15,66130.0,152.5874,2024-07-31 10:00:00
1722420900000,66129.99,66184.01,66102.25,66140.0,71.06864,2024-07-31 10:15:00
1722421800000,66139.99,66144.0,65954.54,66017.66,210.87577,2024-07-31 10:30:00
1722422700000,66017.66,66071.38,65972.14,65992.0,81.53775,2024-07-31 10:45:00
1722423600000,65992.0,66106.01,65958.0,66102.0,105.71436,2024-07-31 11:00:00
1722424500000,66102.0,66144.0,66046.0,66088.39,113.70661,2024-07-31 11:15:00
1722425400000,66088.4,66143.99,66024.0,66060.0,61.40714,2024-07-31 11:30:00
1722426300000,66060.01,66111.81,66060.0,66094.01,76.01475,2024-07-31 11:45:00
1722427200000,66094.01,66150.0,66086.0,66103.78,75.9881,2024-07-31 12:00:00
1722428100000,66103.78,66206.01,66000.0,66090.0,235.0607,2024-07-31 12:15:00
1722429000000,66090.0,66206.01,66050.0,66203.84,98.13218,2024-07-31 12:30:00
1722429900000,66203.85,66294.0,66088.02,66153.82,144.59813,2024-07-31 12:45:00
1722430800000,66153.82,66348.0,66136.0,66331.64,131.40661,2024-07-31 13:00:00
1722431700000,66331.63,66489.8,66312.0,66462.06,208.3011,2024-07-31 13:15:00
1722432600000,66462.07,66849.24,66426.85,66702.62,599.78517,2024-07-31 13:30:00
1722433500000,66702.62,66793.32,66400.0,66508.0,387.56595,2024-07-31 13:45:00
1722434400000,66508.01,66733.02,66457.09,66480.0,248.71483,2024-07-31 14:00:00
1722435300000,66480.01,66506.72,65963.25,66132.01,756.93584,2024-07-31 14:15:00
1722436200000,66132.01,66481.99,66066.69,66403.98,428.85176,2024-07-31 14:30:00
1722437100000,66403.99,66644.01,66288.82,66440.0,388.16216,2024-07-31 14:45:00
1722438000000,66440.01,66560.01,66348.0,66519.31,175.27406,2024-07-31 15:00:00
1722438900000,66519.31,66544.97,66362.0,66402.0,135.47713,2024-07-31 15:15:00
1722439800000,66402.01,66528.01,66326.0,66486.0,234.40554,2024-07-31 15:30:00
1722440700000,66486.01,66486.01,66348.0,66379.99,118.72143,2024-07-31 15:45:00
1722441600000,66379.99,66645.99,66330.0,66645.32,165.51675,2024-07-31 16:00:00
1722442500000,66645.31,66751.32,66520.74,66520.75,190.15766,2024-07-31 16:15:00
1722443400000,66520.74,66522.01,66358.0,66442.0,188.36317,2024-07-31 16:30:00
1722444300000,66442.0,66456.01,66287.87,66362.0,134.11198,2024-07-31 16:45:00
1722445200000,66362.01,66503.95,66303.84,66432.0,116.31698,2024-07-31 17:00:00
1722446100000,66432.0,66616.01,66424.0,66538.0,148.4309,2024-07-31 17:15:00
1722447000000,66538.0,66777.77,66484.0,66774.01,222.19816,2024-07-31 17:30:00
1722447900000,66774.0,66836.3,66601.0,66686.0,229.30373,2024-07-31 17:45:00
1722448800000,66686.01,66733.99,66300.0,66417.99,441.91693,2024-07-31 18:00:00
1722449700000,66418.0,66448.0,66138.0,66198.01,288.48363,2024-07-31 18:15:00
1722450600000,66198.01,66616.0,66158.27,66546.0,368.44466,2024-07-31 18:30:00
1722451500000,66545.99,66596.01,66380.0,66527.99,138.44543,2024-07-31 18:45:00
1722452400000,66527.99,66649.12,66216.0,66260.01,179.90604,2024-07-31 19:00:00
1722453300000,66260.01,66276.01,65660.0,65760.0,726.46932,2024-07-31 19:15:00
1722454200000,65760.01,65984.0,65601.17,65706.01,439.88146,2024-07-31 19:30:00
1722455100000,65706.0,65708.01,64957.14,65256.83,2431.42637,2024-07-31 19:45:00
1722456000000,65256.83,65422.0,64964.48,65112.31,470.89981,2024-07-31 20:00:00
1722456900000,65112.31,65190.0,64632.0,64882.01,779.28388,2024-07-31 20:15:00
1722457800000,64882.01,64890.01,64563.0,64640.01,491.92765,2024-07-31 20:30:00
1722458700000,64640.02,64754.01,64543.57,64595.81,308.2945,2024-07-31 20:45:00
1722459600000,64595.81,64976.01,64530.0,64960.0,572.19932,2024-07-31 21:00:00
1722460500000,64960.0,65136.04,64550.0,64613.99,436.47066,2024-07-31 21:15:00
1722461400000,64613.99,64898.01,64613.99,64840.0,261.55641,2024-07-31 21:30:00
1722462300000,64840.01,65031.92,64707.77,64978.0,180.28284,2024-07-31 21:45:00
1722463200000,64978.0,65058.0,64842.0,64886.01,189.02068,2024-07-31 22:00:00
1722464100000,64886.0,64904.0,64634.0,64736.0,276.13112,2024-07-31 22:15:00
1722465000000,64736.01,64898.47,64692.31,64878.0,128.03454,2024-07-31 22:30:00
1722465900000,64877.99,65018.0,64856.0,64980.01,137.2425,2024-07-31 22:45:00
1722466800000,64980.01,64996.0,64726.09,64766.01,166.92055,2024-07-31 23:00:00
1722467700000,64766.0,64806.01,64702.01,64738.01,93.47652,2024-07-31 23:15:00
1722468600000,64738.01,64774.5,64666.0,64756.58,110.93203,2024-07-31 23:30:00
1722469500000,64756.58,64765.78,64627.97,64628.0,314.23533,2024-07-31 23:45:00
