timestamp,open,high,low,close,volume,datetime
1764547200000,90380.48,90411.52,88872.65,88931.17,263.62708377,2025-12-01 00:00:00
1764548100000,88931.17,89097.77,88352.57,88384.48,195.85553427,2025-12-01 00:15:00
1764549000000,88384.48,88442.52,87697.08,87742.74,243.35402194,2025-12-01 00:30:00
1764549900000,87742.74,87745.7,86972.89,87001.15,210.82161628,2025-12-01 00:45:00
1764550800000,87001.15,87696.55,86950.66,87405.36,226.59558827,2025-12-01 01:00:00
1764551700000,87405.36,87737.68,87243.1,87271.84,172.29115718,2025-12-01 01:15:00
1764552600000,87271.84,87586.14,87180.69,87442.23,133.71584363,2025-12-01 01:30:00
1764553500000,87442.23,87461.67,87155.45,87180.15,121.06226685,2025-12-01 01:45:00
1764554400000,87180.15,87499.46,87067.12,87402.45,258.77881963,2025-12-01 02:00:00
1764555300000,87402.45,87450.51,87085.0,87085.96,148.64018547,2025-12-01 02:15:00
1764556200000,87085.96,87147.54,86600.0,86820.35,324.71568976,2025-12-01 02:30:00
1764557100000,86820.35,86842.49,86484.96,86720.45,209.07635046,2025-12-01 02:45:00
1764558000000,86720.45,86802.95,86395.83,86396.61,239.17066574,2025-12-01 03:00:00
1764558900000,86396.61,86606.73,86321.13,86380.87,218.19678904,2025-12-01 03:15:00
1764559800000,86380.87,86445.56,86168.19,86445.53,227.60182065,2025-12-01 03:30:00
1764560700000,86445.53,86469.82,86241.85,86348.89,292.63829103,2025-12-01 03:45:00
1764561600000,86348.89,86348.89,85980.32,86061.45,277.77626481,2025-12-01 04:00:00
1764562500000,86061.45,86063.32,85700.0,85729.81,225.39004207,2025-12-01 04:15:00
1764563400000,85729.81,86006.39,85693.46,85887.29,151.17357047,2025-12-01 04:30:00
1764564300000,85887.29,85911.46,85740.67,85797.86,190.59167592,2025-12-01 04:45:00
1764565200000,85797.86,85921.53,85633.0,85753.04,146.74574971,2025-12-01 05:00:00
1764566100000,85753.04,86005.74,85700.0,86005.74,89.10329867,2025-12-01 05:15:00
1764567000000,86005.74,86005.74,85648.44,85748.24,84.51862002,2025-12-01 05:30:00
1764567900000,85748.24,86006.99,85748.24,86003.95,132.94183875,2025-12-01 05:45:00
1764568800000,86003.95,86281.99,85977.52,86281.99,144.87630919,2025-12-01 06:00:00
1764569700000,86281.99,86281.99,86015.39,86075.56,142.00686826,2025-12-01 06:15:00
1764570600000,86075.56,86288.58,85980.53,86288.5,147.96296984,2025-12-01 06:30:00
1764571500000,86288.5,86335.38,86119.65,86230.26,123.8142845,2025-12-01 06:45:00
1764572400000,86230.26,86278.42,86095.0,86164.2,100.57701706,2025-12-01 07:00:00
1764573300000,86164.2,86293.86,86052.86,86249.54,152.12658026,2025-12-01 07:15:00
1764574200000,86249.54,86499.99,86155.87,86476.22,264.07752299,2025-12-01 07:30:00
1764575100000,86476.22,86579.74,86456.97,86552.39,301.77291102,2025-12-01 07:45:00
1764576000000,86552.39,86668.15,86398.44,86479.76,161.48001195,2025-12-01 08:00:00
1764576900000,86479.76,86653.02,86453.38,86653.01,146.93934382,2025-12-01 08:15:00
1764577800000,86653.01,86810.51,86501.85,86800.48,142.43073346,2025-12-01 08:30:00
1764578700000,86800.48,86893.55,86746.9,86883.93,117.73198529,2025-12-01 08:45:00
1764579600000,86883.93,86940.91,86602.86,86636.88,184.61649056,2025-12-01 09:00:00
1764580500000,86636.88,86780.32,86527.26,86606.8,156.97099006,2025-12-01 09:15:00
1764581400000,86606.8,86840.85,86581.46,86840.85,86.84918355,2025-12-01 09:30:00
1764582300000,86840.85,86897.84,86685.78,86706.64,106.46230579,2025-12-01 09:45:00
1764583200000,86706.64,86811.51,86664.25,86668.43,43.45087767,2025-12-01 10:00:00
1764584100000,86668.43,86690.0,86549.89,86593.22,68.5031536,2025-12-01 10:15:00
1764585000000,86593.22,86663.67,86553.22,86621.34,48.19730913,2025-12-01 10:30:00
1764585900000,86621.34,86697.45,86602.91,86645.12,53.21012933,2025-12-01 10:45:00
1764586800000,86645.12,86697.97,86474.93,86484.31,119.38339819,2025-12-01 11:00:00
1764587700000,86484.31,86534.09,86420.65,86481.95,100.18975738,2025-12-01 11:15:00
1764588600000,86481.95,86488.08,86253.67,86253.67,95.75855836,2025-12-01 11:30:00
1764589500000,86253.67,86357.08,86128.35,86143.81,186.54963777,2025-12-01 11:45:00
1764590400000,86143.81,86221.7,85808.36,85886.15,208.77555409,2025-12-01 12:00:00
1764591300000,85886.15,86049.42,85800.0,85830.36,158.77424515,2025-12-01 12:15:00
1764592200000,85830.36,85870.59,85403.32,85461.61,211.36815442,2025-12-01 12:30:00
1764593100000,85461.61,85535.69,84757.71,85428.0,304.73381067,2025-12-01 12:45:00
1764594000000,85428.0,86141.64,85349.9,86050.0,254.27304179,2025-12-01 13:00:00
1764594900000,86050.0,86134.19,85929.07,86000.0,107.99188257,2025-12-01 13:15:00
1764595800000,86000.0,86015.29,85682.99,85780.85,126.91016551,2025-12-01 13:30:00
1764596700000,85780.85,86105.16,85740.05,85986.38,123.88571617,2025-12-01 13:45:00
1764597600000,85986.38,86332.2,85965.75,86240.23,233.66373506,2025-12-01 14:00:00
1764598500000,86240.23,86279.09,85961.04,86254.15,105.47550732,2025-12-01 14:15:00
1764599400000,86254.15,86669.55,85929.16,86052.6,153.8088267,2025-12-01 14:30:00
1764600300000,86052.6,86308.82,85900.0,86071.95,194.91708248,2025-12-01 14:45:00
1764601200000,86071.95,86128.28,85633.0,85633.0,192.37610569,2025-12-01 15:00:00
1764602100000,85633.0,85735.32,84935.83,84957.79,213.20878653,2025-12-01 15:15:00
1764603000000,84957.79,84959.19,83900.0,83923.39,243.52978082,2025-12-01 15:30:00
1764603900000,83923.39,84885.7,83829.67,84669.34,233.11363918,2025-12-01 15:45:00
1764604800000,84669.34,84850.01,84122.28,84132.89,201.39386317,2025-12-01 16:00:00
1764605700000,84132.89,84652.55,84046.62,84555.05,183.3052139,2025-12-01 16:15:00
1764606600000,84555.05,85463.54,84541.99,85139.13,155.95973978,2025-12-01 16:30:00
1764607500000,85139.13,85188.26,84497.83,84548.0,261.19974649,2025-12-01 16:45:00
1764608400000,84548.0,84988.79,84548.0,84572.59,157.69965524,2025-12-01 17:00:00
1764609300000,84572.59,85055.17,84450.0,84999.02,146.98484702,2025-12-01 17:15:00
1764610200000,84999.02,85205.34,84672.02,85205.34,120.60259947,2025-12-01 17:30:00
1764611100000,85205.34,85267.14,84922.85,84922.85,87.5485414,2025-12-01 17:45:00
1764612000000,84922.85,85514.45,84922.85,85437.44,111.18878564,2025-12-01 18:00:00
1764612900000,85437.44,85551.0,85261.46,85286.46,140.58951383,2025-12-01 18:15:00
1764613800000,85286.46,85326.38,84724.99,84792.21,140.55650018,2025-12-01 18:30:00
1764614700000,84792.21,85309.46,84748.84,85200.67,125.11725685,2025-12-01 18:45:00
1764615600000,85200.67,85300.96,84773.61,85025.21,131.76496772,2025-12-01 19:00:00
1764616500000,85025.21,85079.89,84731.69,84740.07,78.76763742,2025-12-01 19:15:00
1764617400000,84740.07,85066.07,84603.4,84733.31,99.079859,2025-12-01 19:30:00
1764618300000,84733.31,85084.2,84711.35,85022.24,56.65668393,2025-12-01 19:45:00
1764619200000,85022.24,85825.0,85022.24,85534.79,164.44905232,2025-12-01 20:00:00
1764620100000,85534.79,85568.91,85241.6,85267.99,109.3333597,2025-12-01 20:15:00
1764621000000,85267.99,85469.89,85175.61,85469.89,85.36098798,2025-12-01 20:30:00
1764621900000,85469.89,85547.92,85308.42,85518.16,97.01475953,2025-12-01 20:45:00
1764622800000,85518.16,85908.83,85518.16,85659.88,124.61682137,2025-12-01 21:00:00
1764623700000,85659.88,86364.63,85626.74,86195.5,214.7836476,2025-12-01 21:15:00
1764624600000,86195.5,86506.37,86166.48,86438.87,227.40926285,2025-12-01 21:30:00
1764625500000,86438.87,86472.13,86227.82,86440.55,150.62744411,2025-12-01 21:45:00
1764626400000,86440.55,86823.76,86433.13,86507.23,211.7199002,2025-12-01 22:00:00
1764627300000,86507.23,86656.73,86419.18,86457.14,70.08882479,2025-12-01 22:15:00
1764628200000,86457.14,86681.5,86300.12,86636.71,86.7884211,2025-12-01 22:30:00
1764629100000,86636.71,86860.57,86572.92,86572.99,95.03962314,2025-12-01 22:45:00
1764630000000,86572.99,86749.79,86442.07,86449.85,76.08273607,2025-12-01 23:00:00
1764630900000,86449.85,86737.13,86449.85,86737.09,52.09490096,2025-12-01 23:15:00
1764631800000,86737.09,86830.64,86485.21,86509.27,125.03995301,2025-12-01 23:30:00
1764632700000,86509.27,86509.27,86255.77,86300.0,104.11907135,2025-12-01 23:45:00
1764633600000,86300.0,86566.28,86263.74,86310.96,130.46388828,2025-12-02 00:00:00
1764634500000,86310.96,86407.4,86183.99,86321.19,114.80914626,2025-12-02 00:15:00
1764635400000,86321.19,86491.35,86304.69,86336.45,128.15748903,2025-12-02 00:30:00
1764636300000,86336.45,86672.9,86322.94,86510.46,151.87428236,2025-12-02 00:45:00
1764637200000,86510.46,87333.0,86446.29,86768.19,255.18615248,2025-12-02 01:00:00
1764638100000,86768.19,86848.42,86564.34,86735.77,135.84214456,2025-12-02 01:15:00
1764639000000,86735.77,86830.02,86527.66,86551.11,86.61089473,2025-12-02 01:30:00
1764639900000,86551.11,86590.3,86391.34,86452.03,65.93437256,2025-12-02 01:45:00
1764640800000,86452.03,86603.89,86282.45,86562.97,105.60250197,2025-12-02 02:00:00
1764641700000,86562.97,86847.37,86562.97,86673.75,96.76681047,2025-12-02 02:15:00
1764642600000,86673.75,86853.14,86649.7,86761.46,79.04529853,2025-12-02 02:30:00
1764643500000,86761.46,86806.0,86527.73,86551.58,84.71623112,2025-12-02 02:45:00
1764644400000,86551.58,86637.11,86446.36,86616.88,55.74934014,2025-12-02 03:00:00
1764645300000,86616.88,86616.88,86302.47,86355.67,108.08636672,2025-12-02 03:15:00
1764646200000,86355.67,86933.0,86216.36,86933.0,141.90476377,2025-12-02 03:30:00
1764647100000,86933.0,87095.08,86785.48,86964.48,140.77561742,2025-12-02 03:45:00
1764648000000,86964.48,87227.2,86964.48,87092.1,153.76922772,2025-12-02 04:00:00
1764648900000,87092.1,87274.83,87019.84,87025.52,127.49071382,2025-12-02 04:15:00
1764649800000,87025.52,87055.04,86902.4,86950.72,100.4007218,2025-12-02 04:30:00
1764650700000,86950.72,87026.93,86907.51,86968.83,89.59087449,2025-12-02 04:45:00
1764651600000,86968.83,87101.55,86816.07,86985.07,62.58361373,2025-12-02 05:00:00
1764652500000,86985.07,87038.21,86911.22,86911.25,46.27766282,2025-12-02 05:15:00
1764653400000,86911.25,86970.19,86866.63,86939.94,45.61889018,2025-12-02 05:30:00
1764654300000,86939.94,87063.46,86939.94,87005.62,68.06560289,2025-12-02 05:45:00
1764655200000,87005.62,87005.62,86880.85,86967.86,75.63816032,2025-12-02 06:00:00
1764656100000,86967.86,86987.12,86867.63,86920.71,55.36687555,2025-12-02 06:15:00
1764657000000,86920.71,87178.89,86913.96,87148.33,94.5670411,2025-12-02 06:30:00
1764657900000,87148.33,87168.16,87092.0,87093.31,42.38415047,2025-12-02 06:45:00
1764658800000,87093.31,87120.33,86908.97,86940.4,56.49365096,2025-12-02 07:00:00
1764659700000,86940.4,86992.75,86879.31,86912.28,67.1316914,2025-12-02 07:15:00
1764660600000,86912.28,87024.36,86909.86,87006.0,60.7779117,2025-12-02 07:30:00
1764661500000,87006.0,87059.71,86976.73,87011.43,50.71799724,2025-12-02 07:45:00
1764662400000,87011.43,87053.36,86684.28,86766.34,92.3716605,2025-12-02 08:00:00
1764663300000,86766.34,86776.66,86459.0,86497.27,144.93875825,2025-12-02 08:15:00
1764664200000,86497.27,86724.37,86367.08,86470.32,175.39825448,2025-12-02 08:30:00
1764665100000,86470.32,86663.77,86350.0,86452.52,202.13740396,2025-12-02 08:45:00
1764666000000,86452.52,86892.47,86447.05,86655.23,170.24079121,2025-12-02 09:00:00
1764666900000,86655.23,86997.42,86559.04,86881.21,138.43798414,2025-12-02 09:15:00
1764667800000,86881.21,86881.21,86649.26,86657.69,98.78900055,2025-12-02 09:30:00
1764668700000,86657.69,86789.35,86620.05,86766.82,147.00177916,2025-12-02 09:45:00
1764669600000,86766.82,86950.42,86756.96,86907.33,97.45670907,2025-12-02 10:00:00
1764670500000,86907.33,86940.74,86787.25,86798.94,54.56428374,2025-12-02 10:15:00
1764671400000,86798.94,87074.03,86798.94,87063.76,60.82346992,2025-12-02 10:30:00
1764672300000,87063.76,87585.99,87060.7,87276.86,164.07523683,2025-12-02 10:45:00
1764673200000,87276.86,87362.57,87005.14,87081.75,176.83310635,2025-12-02 11:00:00
1764674100000,87081.75,87418.14,86986.75,87418.13,167.04584614,2025-12-02 11:15:00
1764675000000,87418.13,87449.58,87313.59,87326.84,153.87155013,2025-12-02 11:30:00
1764675900000,87326.84,87606.46,87326.62,87371.0,101.23910004,2025-12-02 11:45:00
1764676800000,87371.0,87534.61,87310.3,87449.07,154.88704395,2025-12-02 12:00:00
1764677700000,87449.07,87494.46,87349.73,87457.0,78.90113744,2025-12-02 12:15:00
1764678600000,87457.0,87555.78,87232.1,87337.33,95.42996162,2025-12-02 12:30:00
1764679500000,87337.33,87372.47,87215.14,87265.26,256.3700001,2025-12-02 12:45:00
1764680400000,87265.26,87324.6,87050.48,87162.6,272.24984359,2025-12-02 13:00:00
1764681300000,87162.6,87432.67,87162.6,87321.74,148.17260123,2025-12-02 13:15:00
1764682200000,87321.74,87570.35,87307.63,87472.17,189.45895528,2025-12-02 13:30:00
1764683100000,87472.17,87874.0,87466.72,87716.65,144.18807971,2025-12-02 13:45:00
1764684000000,87716.65,88489.0,87596.56,88349.97,263.39516591,2025-12-02 14:00:00
1764684900000,88349.97,88787.97,88284.35,88660.06,243.94863205,2025-12-02 14:15:00
1764685800000,88660.06,88899.01,88423.38,88819.4,217.39087629,2025-12-02 14:30:00
1764686700000,88819.4,89271.73,88777.5,89271.73,235.84811119,2025-12-02 14:45:00
1764687600000,89271.73,90895.55,89262.79,90663.66,208.0505424,2025-12-02 15:00:00
1764688500000,90663.66,90868.02,90157.02,90174.01,186.32180466,2025-12-02 15:15:00
1764689400000,90174.01,90775.47,89944.31,90552.73,192.13110469,2025-12-02 15:30:00
1764690300000,90552.73,91184.5,90552.73,90847.55,274.53846962,2025-12-02 15:45:00
1764691200000,90847.55,91276.83,90785.88,90888.67,229.70495804,2025-12-02 16:00:00
1764692100000,90888.67,90893.54,90223.47,90280.34,272.32785074,2025-12-02 16:15:00
1764693000000,90280.34,90858.79,90271.86,90577.53,196.23995185,2025-12-02 16:30:00
1764693900000,90577.53,91100.0,90545.12,90756.11,188.66877101,2025-12-02 16:45:00
1764694800000,90756.11,91168.15,90751.5,90966.52,139.93821071,2025-12-02 17:00:00
1764695700000,90966.52,91986.74,90949.72,91758.8,205.97286217,2025-12-02 17:15:00
1764696600000,91758.8,91956.45,91600.0,91719.5,197.96244104,2025-12-02 17:30:00
1764697500000,91719.5,91730.5,91412.17,91457.86,147.97917542,2025-12-02 17:45:00
1764698400000,91457.86,91907.76,91412.17,91826.53,167.74268863,2025-12-02 18:00:00
1764699300000,91826.53,92217.17,91746.36,91916.97,211.0079008,2025-12-02 18:15:00
1764700200000,91916.97,92215.37,91813.93,91937.61,221.45164872,2025-12-02 18:30:00
1764701100000,91937.61,92046.36,91768.93,91951.96,202.35888368,2025-12-02 18:45:00
1764702000000,91951.96,92216.86,91941.8,92027.39,180.51996371,2025-12-02 19:00:00
1764702900000,92027.39,92108.14,91905.48,92015.47,144.73763442,2025-12-02 19:15:00
1764703800000,92015.47,92300.0,91992.5,92135.86,156.60182782,2025-12-02 19:30:00
1764704700000,92135.86,92141.8,91850.01,91901.48,151.00992975,2025-12-02 19:45:00
1764705600000,91901.48,91928.17,91542.76,91565.54,247.57782308,2025-12-02 20:00:00
1764706500000,91565.54,91565.54,90961.85,90976.36,286.69623921,2025-12-02 20:15:00
1764707400000,90976.36,91141.72,90736.94,90934.12,207.34658585,2025-12-02 20:30:00
1764708300000,90934.12,91162.77,90855.69,91022.6,198.32180657,2025-12-02 20:45:00
1764709200000,91022.6,91277.16,90967.81,91229.99,157.5899369,2025-12-02 21:00:00
1764710100000,91229.99,91480.25,91183.7,91424.53,109.79866619,2025-12-02 21:15:00
1764711000000,91424.53,91490.49,91302.93,91475.86,128.83497564,2025-12-02 21:30:00
1764711900000,91475.86,91629.59,91425.76,91559.86,101.16840156,2025-12-02 21:45:00
1764712800000,91559.86,91885.28,91507.55,91840.85,244.61570363,2025-12-02 22:00:00
1764713700000,91840.85,91875.55,91619.79,91619.8,106.57978063,2025-12-02 22:15:00
1764714600000,91619.8,91920.32,91557.73,91766.35,183.9929693,2025-12-02 22:30:00
1764715500000,91766.35,91994.86,91702.81,91979.28,154.22006454,2025-12-02 22:45:00
1764716400000,91979.28,91979.31,91817.42,91843.85,162.4017224,2025-12-02 23:00:00
1764717300000,91843.85,91909.32,91616.57,91663.8,140.42364334,2025-12-02 23:15:00
1764718200000,91663.8,91677.03,91397.09,91423.6,143.87317742,2025-12-02 23:30:00
1764719100000,91423.6,91444.7,91268.52,91284.5,141.83003897,2025-12-02 23:45:00
1764720000000,91284.5,91508.73,91169.49,91297.91,235.83699758,2025-12-03 00:00:00
1764720900000,91297.91,91487.49,91125.23,91180.54,131.63649272,2025-12-03 00:15:00
1764721800000,91180.54,91461.29,90999.02,91449.23,190.19226401,2025-12-03 00:30:00
1764722700000,91449.23,91746.33,91406.89,91647.33,192.7245013,2025-12-03 00:45:00
1764723600000,91647.33,91856.3,91470.4,91724.17,242.84712745,2025-12-03 01:00:00
1764724500000,91724.17,91977.66,91646.05,91899.92,134.92376099,2025-12-03 01:15:00
1764725400000,91899.92,92004.07,91852.52,91978.65,85.56949177,2025-12-03 01:30:00
1764726300000,91978.65,92460.0,91967.29,92245.01,212.18378868,2025-12-03 01:45:00
1764727200000,92245.01,92892.83,92169.35,92892.83,116.73887798,2025-12-03 02:00:00
1764728100000,92892.83,93047.7,92613.14,92804.56,227.50619038,2025-12-03 02:15:00
1764729000000,92804.56,92814.77,92600.0,92655.53,134.05974656,2025-12-03 02:30:00
1764729900000,92655.53,92845.97,92300.01,92821.01,179.18375818,2025-12-03 02:45:00
1764730800000,92821.01,93082.56,92594.16,92760.85,112.11802339,2025-12-03 03:00:00
1764731700000,92760.85,92851.5,92628.45,92834.26,127.76071558,2025-12-03 03:15:00
1764732600000,92834.26,92842.41,92663.97,92725.0,109.40140329,2025-12-03 03:30:00
1764733500000,92725.0,92783.04,92638.17,92638.17,102.11650498,2025-12-03 03:45:00
1764734400000,92638.17,92996.8,92620.48,92881.55,135.49424034,2025-12-03 04:00:00
1764735300000,92881.55,93238.24,92754.25,92842.78,177.82811861,2025-12-03 04:15:00
1764736200000,92842.78,93128.05,92831.41,92983.3,149.81143507,2025-12-03 04:30:00
1764737100000,92983.3,93465.01,92897.06,93358.75,171.00044657,2025-12-03 04:45:00
1764738000000,93358.75,93573.0,93214.53,93323.09,218.78044071,2025-12-03 05:00:00
1764738900000,93323.09,93409.83,93116.31,93349.71,147.5833821,2025-12-03 05:15:00
1764739800000,93349.71,93653.0,93248.09,93463.29,124.87927274,2025-12-03 05:30:00
1764740700000,93463.29,93656.52,93391.18,93643.61,187.58541849,2025-12-03 05:45:00
1764741600000,93643.61,93871.03,93582.43,93699.92,185.56022349,2025-12-03 06:00:00
1764742500000,93699.92,93954.15,93678.06,93913.56,169.65890825,2025-12-03 06:15:00
1764743400000,93913.56,93929.91,93265.34,93319.85,147.65052117,2025-12-03 06:30:00
1764744300000,93319.85,93447.14,93157.07,93434.03,136.00404029,2025-12-03 06:45:00
1764745200000,93434.03,93472.7,93207.01,93207.01,120.88932199,2025-12-03 07:00:00
1764746100000,93207.01,93207.01,92870.02,93036.89,193.65282904,2025-12-03 07:15:00
1764747000000,93036.89,93116.3,92952.16,93087.88,237.19956231,2025-12-03 07:30:00
1764747900000,93087.88,93087.88,92891.85,92981.92,273.15113042,2025-12-03 07:45:00
1764748800000,92981.92,93173.93,92888.31,92986.61,116.5887841,2025-12-03 08:00:00
1764749700000,92986.61,92986.61,92830.06,92900.0,102.74250549,2025-12-03 08:15:00
1764750600000,92900.0,93000.0,92750.0,92811.06,182.31167285,2025-12-03 08:30:00
1764751500000,92811.06,92925.46,92689.04,92765.65,226.65143527,2025-12-03 08:45:00
1764752400000,92765.65,92972.91,92709.41,92972.91,171.01690399,2025-12-03 09:00:00
1764753300000,92972.91,92980.01,92799.46,92924.53,63.2193493,2025-12-03 09:15:00
1764754200000,92924.53,92950.0,92783.48,92892.36,75.42104213,2025-12-03 09:30:00
1764755100000,92892.36,93207.44,92881.02,93178.45,159.05743427,2025-12-03 09:45:00
1764756000000,93178.45,93183.29,93023.56,93135.18,71.90846628,2025-12-03 10:00:00
1764756900000,93135.18,93387.66,93127.61,93221.44,133.49647224,2025-12-03 10:15:00
1764757800000,93221.44,93221.44,92865.33,92944.73,156.94032539,2025-12-03 10:30:00
1764758700000,92944.73,93066.03,92867.5,92934.46,90.06110296,2025-12-03 10:45:00
1764759600000,92934.46,93019.49,92734.3,92755.71,118.69342984,2025-12-03 11:00:00
1764760500000,92755.71,93026.19,92688.73,92993.44,120.34138921,2025-12-03 11:15:00
1764761400000,92993.44,93050.67,92833.0,92912.41,111.38145332,2025-12-03 11:30:00
1764762300000,92912.41,93046.53,92910.8,93005.65,48.29119578,2025-12-03 11:45:00
1764763200000,93005.65,93100.0,92817.46,92861.88,91.13016827,2025-12-03 12:00:00
1764764100000,92861.88,92925.62,92700.0,92721.55,141.66244968,2025-12-03 12:15:00
1764765000000,92721.55,92898.3,92687.42,92859.89,136.82494367,2025-12-03 12:30:00
1764765900000,92859.89,92976.8,92804.31,92937.4,63.70438285,2025-12-03 12:45:00
1764766800000,92937.4,93072.87,92886.5,92935.36,104.69946574,2025-12-03 13:00:00
1764767700000,92935.36,93145.91,92906.41,93024.84,101.64095716,2025-12-03 13:15:00
1764768600000,93024.84,93209.44,92929.14,93209.38,89.55718705,2025-12-03 13:30:00
1764769500000,93209.38,93258.52,93086.0,93130.78,133.30335588,2025-12-03 13:45:00
1764770400000,93130.78,93152.89,91710.83,92039.68,386.47354878,2025-12-03 14:00:00
1764771300000,92039.68,92550.0,92014.57,92550.0,219.7222788,2025-12-03 14:15:00
1764772200000,92550.0,93687.2,92156.43,93500.41,197.61382023,2025-12-03 14:30:00
1764773100000,93500.41,93510.57,92350.0,92350.0,237.60639195,2025-12-03 14:45:00
1764774000000,92350.0,92986.54,92165.03,92220.94,236.95369264,2025-12-03 15:00:00
1764774900000,92220.94,92475.51,91929.23,92317.18,192.09217377,2025-12-03 15:15:00
1764775800000,92317.18,92728.11,92241.01,92354.0,200.84680369,2025-12-03 15:30:00
1764776700000,92354.0,92647.04,92313.42,92373.54,168.99282189,2025-12-03 15:45:00
1764777600000,92373.54,92450.0,91787.02,92024.18,286.25729882,2025-12-03 16:00:00
1764778500000,92024.18,92285.39,92001.95,92261.55,157.69039046,2025-12-03 16:15:00
1764779400000,92261.55,92736.03,92260.06,92732.45,133.49636083,2025-12-03 16:30:00
1764780300000,92732.45,92739.01,92227.86,92242.12,78.28423148,2025-12-03 16:45:00
1764781200000,92242.12,92629.99,92202.59,92629.99,193.86333851,2025-12-03 17:00:00
1764782100000,92629.99,92691.74,92209.0,92498.26,142.32849601,2025-12-03 17:15:00
1764783000000,92498.26,92873.57,92498.26,92755.42,145.2921457,2025-12-03 17:30:00
1764783900000,92755.42,93040.01,92690.55,92956.21,94.23445966,2025-12-03 17:45:00
1764784800000,92956.21,93500.0,92956.21,93421.06,164.91685732,2025-12-03 18:00:00
1764785700000,93421.06,93446.52,92900.01,93096.69,178.64262751,2025-12-03 18:15:00
1764786600000,93096.69,93210.0,92970.37,93134.05,87.15814602,2025-12-03 18:30:00
1764787500000,93134.05,93134.06,92400.0,92623.85,179.31728843,2025-12-03 18:45:00
1764788400000,92623.85,92842.45,92583.96,92686.52,170.30996692,2025-12-03 19:00:00
1764789300000,92686.52,92776.79,92540.0,92720.81,72.91165797,2025-12-03 19:15:00
1764790200000,92720.81,92833.17,92625.0,92833.17,60.27808549,2025-12-03 19:30:00
1764791100000,92833.17,93093.98,92805.35,93025.36,81.60559999,2025-12-03 19:45:00
1764792000000,93025.36,93153.77,92854.95,92977.32,103.86517377,2025-12-03 20:00:00
1764792900000,92977.32,93118.81,92889.73,93033.12,170.95865756,2025-12-03 20:15:00
1764793800000,93033.12,93205.99,92967.85,93184.64,219.0167911,2025-12-03 20:30:00
1764794700000,93184.64,93390.0,92889.73,92981.45,179.54569486,2025-12-03 20:45:00
1764795600000,92981.45,93114.99,92859.97,93040.29,115.65629101,2025-12-03 21:00:00
1764796500000,93040.29,93327.8,93019.03,93276.21,167.75012333,2025-12-03 21:15:00
1764797400000,93276.21,93498.99,93255.11,93489.64,157.99616233,2025-12-03 21:30:00
1764798300000,93489.64,93765.41,93373.0,93745.61,206.65196151,2025-12-03 21:45:00
1764799200000,93745.61,93809.0,93456.01,93688.99,201.2128774,2025-12-03 22:00:00
1764800100000,93688.99,93705.95,93369.09,93434.41,126.63559514,2025-12-03 22:15:00
1764801000000,93434.41,93731.4,93301.87,93567.96,128.868076,2025-12-03 22:30:00
1764801900000,93567.96,94160.37,93567.96,93781.01,161.05297127,2025-12-03 22:45:00
1764802800000,93781.01,94069.34,93690.0,93769.62,215.86471028,2025-12-03 23:00:00
1764803700000,93769.62,93789.59,93584.03,93641.14,80.1571172,2025-12-03 23:15:00
1764804600000,93641.14,93651.88,93438.77,93500.91,68.94510138,2025-12-03 23:30:00
1764805500000,93500.91,93656.31,93407.46,93434.31,77.30983646,2025-12-03 23:45:00
1764806400000,93434.31,93480.11,92954.58,92956.85,229.16536245,2025-12-04 00:00:00
1764807300000,92956.85,93113.36,92742.3,92828.06,175.24124115,2025-12-04 00:15:00
1764808200000,92828.06,93076.13,92669.82,93050.6,176.10545458,2025-12-04 00:30:00
1764809100000,93050.6,93151.86,92892.0,93055.03,128.85085512,2025-12-04 00:45:00
1764810000000,93055.03,93725.16,92991.11,93696.48,187.6045376,2025-12-04 01:00:00
1764810900000,93696.48,93749.47,93229.5,93353.59,274.83209131,2025-12-04 01:15:00
1764811800000,93353.59,93560.0,93341.5,93451.45,156.62968478,2025-12-04 01:30:00
1764812700000,93451.45,93485.97,93175.99,93195.06,168.03001606,2025-12-04 01:45:00
1764813600000,93195.06,93715.11,93127.11,93679.98,100.44929752,2025-12-04 02:00:00
1764814500000,93679.98,94055.0,93632.04,93800.01,136.97294246,2025-12-04 02:15:00
1764815400000,93800.01,94000.0,93611.95,93878.0,187.57836217,2025-12-04 02:30:00
1764816300000,93878.0,93999.59,93747.65,93942.48,159.67878674,2025-12-04 02:45:00
1764817200000,93942.48,94068.0,93800.16,93800.43,139.27394455,2025-12-04 03:00:00
1764818100000,93800.43,93820.17,93560.01,93602.93,115.3788406,2025-12-04 03:15:00
1764819000000,93602.93,93611.9,93405.47,93477.54,127.0749499,2025-12-04 03:30:00
1764819900000,93477.54,93614.61,93423.36,93541.0,63.5488156,2025-12-04 03:45:00
1764820800000,93541.0,93588.49,93357.3,93465.99,96.36094644,2025-12-04 04:00:00
1764821700000,93465.99,93525.24,93344.21,93409.12,102.16786177,2025-12-04 04:15:00
1764822600000,93409.12,93520.0,93317.07,93368.24,68.15177689,2025-12-04 04:30:00
1764823500000,93368.24,93393.24,93231.56,93360.57,89.26692082,2025-12-04 04:45:00
1764824400000,93360.57,93380.4,93050.0,93203.68,185.67195589,2025-12-04 05:00:00
1764825300000,93203.68,93264.37,93000.0,93203.4,187.85604401,2025-12-04 05:15:00
1764826200000,93203.4,93223.07,92961.93,92976.47,152.82010261,2025-12-04 05:30:00
1764827100000,92976.47,93003.27,92777.01,92979.25,212.98435233,2025-12-04 05:45:00
1764828000000,92979.25,93058.9,92839.91,93035.77,135.29894716,2025-12-04 06:00:00
1764828900000,93035.77,93222.22,93021.67,93199.04,139.14123255,2025-12-04 06:15:00
1764829800000,93199.04,93366.84,93104.79,93119.82,239.26999838,2025-12-04 06:30:00
1764830700000,93119.82,93188.35,93000.0,93139.76,198.34652286,2025-12-04 06:45:00
1764831600000,93139.76,93163.23,92887.89,93049.99,116.7997556,2025-12-04 07:00:00
1764832500000,93049.99,93161.4,93005.46,93101.14,86.5704126,2025-12-04 07:15:00
1764833400000,93101.14,93296.44,93101.14,93271.66,137.19486516,2025-12-04 07:30:00
1764834300000,93271.66,93413.4,93203.01,93397.68,134.11674003,2025-12-04 07:45:00
1764835200000,93397.68,93600.0,93060.61,93127.99,111.94603862,2025-12-04 08:00:00
1764836100000,93127.99,93242.16,93102.0,93141.99,67.69991518,2025-12-04 08:15:00
1764837000000,93141.99,93381.95,93044.39,93332.82,46.12864484,2025-12-04 08:30:00
1764837900000,93332.82,93393.95,93145.19,93260.73,45.1722716,2025-12-04 08:45:00
1764838800000,93260.73,93600.0,93259.92,93373.69,102.60699818,2025-12-04 09:00:00
1764839700000,93373.69,93392.59,93235.43,93367.71,59.64135256,2025-12-04 09:15:00
1764840600000,93367.71,93500.0,93342.29,93476.7,60.14181676,2025-12-04 09:30:00
1764841500000,93476.7,93605.0,93411.98,93454.71,58.90680999,2025-12-04 09:45:00
1764842400000,93454.71,93553.7,93367.01,93409.06,86.92373495,2025-12-04 10:00:00
1764843300000,93409.06,93409.06,93269.84,93312.81,59.6176473,2025-12-04 10:15:00
1764844200000,93312.81,93391.74,93216.25,93302.01,53.0449305,2025-12-04 10:30:00
1764845100000,93302.01,93386.43,93163.97,93260.0,59.24102628,2025-12-04 10:45:00
1764846000000,93260.0,93318.17,93196.47,93232.0,67.00151756,2025-12-04 11:00:00
1764846900000,93232.0,93256.47,93000.0,93006.72,65.84730002,2025-12-04 11:15:00
1764847800000,93006.72,93038.7,92742.44,92855.59,186.87528639,2025-12-04 11:30:00
1764848700000,92855.59,93008.88,92785.18,92948.32,148.55173437,2025-12-04 11:45:00
1764849600000,92948.32,93056.44,92920.24,92958.12,85.51624806,2025-12-04 12:00:00
1764850500000,92958.12,93031.86,92782.49,92862.21,76.31292394,2025-12-04 12:15:00
1764851400000,92862.21,93180.66,92854.8,93107.66,89.94889763,2025-12-04 12:30:00
1764852300000,93107.66,93199.99,92948.79,92990.17,82.83494401,2025-12-04 12:45:00
1764853200000,92990.17,93057.33,92501.1,92547.86,141.40286667,2025-12-04 13:00:00
1764854100000,92547.86,92867.93,92547.86,92786.79,107.52411121,2025-12-04 13:15:00
1764855000000,92786.79,92947.48,92663.93,92752.54,141.04937,2025-12-04 13:30:00
1764855900000,92752.54,92762.36,92430.0,92525.37,193.14876744,2025-12-04 13:45:00
1764856800000,92525.37,92696.62,92487.95,92657.53,83.16034323,2025-12-04 14:00:00
1764857700000,92657.53,92821.27,92602.65,92791.49,81.21506142,2025-12-04 14:15:00
1764858600000,92791.49,92791.49,92395.32,92613.55,157.01108198,2025-12-04 14:30:00
1764859500000,92613.55,92620.94,91806.73,91901.44,197.13890158,2025-12-04 14:45:00
1764860400000,91901.44,92692.36,91901.28,92653.7,302.93690128,2025-12-04 15:00:00
1764861300000,92653.7,92892.33,92337.71,92576.55,199.28711882,2025-12-04 15:15:00
1764862200000,92576.55,93249.99,92435.16,93040.08,145.7981509,2025-12-04 15:30:00
1764863100000,93040.08,93100.22,92732.41,92987.63,156.43141379,2025-12-04 15:45:00
1764864000000,92987.63,92989.36,92500.0,92812.16,198.10007554,2025-12-04 16:00:00
1764864900000,92812.16,93174.55,92793.53,92912.46,147.83337144,2025-12-04 16:15:00
1764865800000,92912.46,92912.46,92469.82,92524.39,177.59099161,2025-12-04 16:30:00
1764866700000,92524.39,92728.99,92268.51,92429.82,152.94796706,2025-12-04 16:45:00
1764867600000,92429.82,92536.03,92090.36,92267.7,147.08713169,2025-12-04 17:00:00
1764868500000,92267.7,92302.26,92056.86,92130.07,115.43212549,2025-12-04 17:15:00
1764869400000,92130.07,92302.64,91756.59,91979.97,161.66863974,2025-12-04 17:30:00
1764870300000,91979.97,92461.48,91867.03,92426.76,230.82080572,2025-12-04 17:45:00
1764871200000,92426.76,92438.46,92187.5,92376.03,103.7914528,2025-12-04 18:00:00
1764872100000,92376.03,92553.25,92150.88,92463.35,91.26625344,2025-12-04 18:15:00
1764873000000,92463.35,92550.88,91958.72,92015.56,126.45932884,2025-12-04 18:30:00
1764873900000,92015.56,92219.73,91940.01,92127.52,103.14848794,2025-12-04 18:45:00
1764874800000,92127.52,92174.24,91284.42,91286.06,123.22511877,2025-12-04 19:00:00
1764875700000,91286.06,91532.0,90877.98,91342.71,247.22576665,2025-12-04 19:15:00
1764876600000,91342.71,91962.37,91287.19,91938.0,249.86239804,2025-12-04 19:30:00
1764877500000,91938.0,92118.13,91831.99,91975.43,151.12913661,2025-12-04 19:45:00
1764878400000,91975.43,92216.58,91700.0,91997.45,171.69053313,2025-12-04 20:00:00
1764879300000,91997.45,92219.88,91874.43,92000.0,87.77187476,2025-12-04 20:15:00
1764880200000,92000.0,92333.54,91950.88,92309.85,89.8022789,2025-12-04 20:30:00
1764881100000,92309.85,92531.1,92272.98,92489.75,146.79257431,2025-12-04 20:45:00
1764882000000,92489.75,92705.79,92372.23,92444.23,207.82136995,2025-12-04 21:00:00
1764882900000,92444.23,92575.22,92313.65,92313.66,77.69168577,2025-12-04 21:15:00
1764883800000,92313.66,92350.14,92219.73,92242.15,43.03370977,2025-12-04 21:30:00
1764884700000,92242.15,92247.45,92086.0,92158.24,86.6620906,2025-12-04 21:45:00
1764885600000,92158.24,92380.0,92158.24,92296.56,41.9557892,2025-12-04 22:00:00
1764886500000,92296.56,92358.04,92151.79,92194.65,33.95596268,2025-12-04 22:15:00
1764887400000,92194.65,92467.9,92194.65,92463.38,54.08809827,2025-12-04 22:30:00
1764888300000,92463.38,92497.26,92331.49,92348.78,34.02035111,2025-12-04 22:45:00
1764889200000,92348.78,92459.89,92251.59,92317.87,48.18497727,2025-12-04 23:00:00
1764890100000,92317.87,92399.35,92217.54,92217.55,24.49216756,2025-12-04 23:15:00
1764891000000,92217.55,92302.74,92081.41,92117.93,29.44180804,2025-12-04 23:30:00
1764891900000,92117.93,92169.94,92078.03,92078.07,29.12431367,2025-12-04 23:45:00
1764892800000,92078.07,92275.06,92053.16,92075.37,54.11155339,2025-12-05 00:00:00
1764893700000,92075.37,92470.24,92075.37,92318.21,48.19456525,2025-12-05 00:15:00
1764894600000,92318.21,92426.0,92285.03,92410.69,43.9678555,2025-12-05 00:30:00
1764895500000,92410.69,92410.69,92240.47,92299.09,61.74952483,2025-12-05 00:45:00
1764896400000,92299.09,92499.99,92227.43,92345.98,45.92484233,2025-12-05 01:00:00
1764897300000,92345.98,92599.99,92345.98,92516.31,53.06170979,2025-12-05 01:15:00
1764898200000,92516.31,92549.72,92377.23,92455.78,85.31273087,2025-12-05 01:30:00
1764899100000,92455.78,92496.19,92324.47,92358.03,170.71158196,2025-12-05 01:45:00
1764900000000,92358.03,92442.58,92252.64,92442.58,48.98644855,2025-12-05 02:00:00
1764900900000,92442.58,92623.45,92413.09,92567.81,73.04387317,2025-12-05 02:15:00
1764901800000,92567.81,92692.36,92469.19,92654.27,74.92708424,2025-12-05 02:30:00
1764902700000,92654.27,92654.27,92488.3,92515.79,80.28490447,2025-12-05 02:45:00
1764903600000,92515.79,92665.75,92501.64,92567.24,56.68823433,2025-12-05 03:00:00
1764904500000,92567.24,92573.86,92340.44,92407.81,54.71462975,2025-12-05 03:15:00
1764905400000,92407.81,92426.57,92304.93,92314.69,80.3583155,2025-12-05 03:30:00
1764906300000,92314.69,92333.0,91964.44,92124.89,115.86953047,2025-12-05 03:45:00
1764907200000,92124.89,92356.04,92120.58,92316.93,46.08989338,2025-12-05 04:00:00
1764908100000,92316.93,92393.64,92163.75,92190.16,53.32678996,2025-12-05 04:15:00
1764909000000,92190.16,92190.16,91850.0,91862.96,139.05059234,2025-12-05 04:30:00
1764909900000,91862.96,92081.12,91813.55,92028.15,119.87657565,2025-12-05 04:45:00
1764910800000,92028.15,92204.71,92003.8,92138.02,45.76611271,2025-12-05 05:00:00
1764911700000,92138.02,92169.8,91914.79,91967.99,41.29389156,2025-12-05 05:15:00
1764912600000,91967.99,92028.57,91880.04,92023.02,45.78271399,2025-12-05 05:30:00
1764913500000,92023.02,92025.19,91888.66,91932.85,34.33287153,2025-12-05 05:45:00
1764914400000,91932.85,92139.92,91906.01,92096.41,73.15036457,2025-12-05 06:00:00
1764915300000,92096.41,92103.37,92004.54,92029.24,34.88201871,2025-12-05 06:15:00
1764916200000,92029.24,92100.09,91936.57,92100.0,38.46853257,2025-12-05 06:30:00
1764917100000,92100.0,92286.8,92100.0,92275.26,53.40064194,2025-12-05 06:45:00
1764918000000,92275.26,92444.44,92202.75,92348.05,68.52818796,2025-12-05 07:00:00
1764918900000,92348.05,92497.6,92323.46,92443.63,61.4525355,2025-12-05 07:15:00
1764919800000,92443.63,92463.36,92292.28,92311.39,63.04022519,2025-12-05 07:30:00
1764920700000,92311.39,92333.4,92207.25,92251.1,60.243606,2025-12-05 07:45:00
1764921600000,92251.1,92261.14,92066.23,92102.72,52.22027811,2025-12-05 08:00:00
1764922500000,92102.72,92167.09,92020.5,92061.77,58.99715268,2025-12-05 08:15:00
1764923400000,92061.77,92093.21,91888.98,92016.56,138.07232629,2025-12-05 08:30:00
1764924300000,92016.56,92154.02,91996.54,92112.04,61.91895502,2025-12-05 08:45:00
1764925200000,92112.04,92112.04,91837.81,91866.68,70.37468232,2025-12-05 09:00:00
1764926100000,91866.68,91874.7,91300.0,91349.6,274.47664605,2025-12-05 09:15:00
1764927000000,91349.6,91460.0,90965.58,91050.93,227.69971682,2025-12-05 09:30:00
1764927900000,91050.93,91155.73,90999.95,91137.53,146.53981814,2025-12-05 09:45:00
1764928800000,91137.53,91318.76,91083.87,91242.92,147.03533464,2025-12-05 10:00:00
1764929700000,91242.92,91448.38,91222.15,91352.14,74.43280123,2025-12-05 10:15:00
1764930600000,91352.14,91488.0,91281.88,91487.99,66.46612115,2025-12-05 10:30:00
1764931500000,91487.99,91488.0,91266.61,91272.85,56.77323743,2025-12-05 10:45:00
1764932400000,91272.85,91536.93,91236.43,91527.25,79.05094402,2025-12-05 11:00:00
1764933300000,91527.25,91562.29,91311.63,91429.81,55.81197438,2025-12-05 11:15:00
1764934200000,91429.81,91429.81,91128.39,91128.4,89.51430173,2025-12-05 11:30:00
1764935100000,91128.4,91400.43,91128.4,91351.44,63.9104932,2025-12-05 11:45:00
1764936000000,91351.44,91432.69,91220.01,91258.46,63.03292285,2025-12-05 12:00:00
1764936900000,91258.46,91350.0,91081.88,91227.72,74.44221761,2025-12-05 12:15:00
1764937800000,91227.72,91294.0,91125.86,91178.18,79.60514451,2025-12-05 12:30:00
1764938700000,91178.18,91264.92,91133.08,91242.4,34.75505733,2025-12-05 12:45:00
1764939600000,91242.4,91348.23,91075.28,91113.52,111.81117622,2025-12-05 13:00:00
1764940500000,91113.52,91122.74,90620.74,90802.04,161.18781424,2025-12-05 13:15:00
1764941400000,90802.04,90932.34,90300.0,90446.33,150.16327618,2025-12-05 13:30:00
1764942300000,90446.33,90688.87,90229.61,90465.14,211.43768752,2025-12-05 13:45:00
1764943200000,90465.14,90735.53,90451.25,90500.02,182.44484853,2025-12-05 14:00:00
1764944100000,90500.02,90530.71,90327.9,90440.26,153.36509997,2025-12-05 14:15:00
1764945000000,90440.26,90700.54,89935.0,90208.65,245.69792386,2025-12-05 14:30:00
1764945900000,90208.65,90474.06,89972.96,90296.0,230.67581561,2025-12-05 14:45:00
1764946800000,90296.0,91460.68,90287.68,91037.63,243.38607578,2025-12-05 15:00:00
1764947700000,91037.63,91200.54,90856.19,91200.54,155.66387315,2025-12-05 15:15:00
1764948600000,91200.54,91377.71,90907.35,91029.11,132.18322801,2025-12-05 15:30:00
1764949500000,91029.11,91109.61,90270.0,90451.03,217.1326246,2025-12-05 15:45:00
1764950400000,90451.03,90486.01,89231.08,89351.15,161.42379332,2025-12-05 16:00:00
1764951300000,89351.15,89351.15,88932.9,89073.44,327.09113953,2025-12-05 16:15:00
1764952200000,89073.44,89100.25,88067.48,88393.15,312.50908895,2025-12-05 16:30:00
1764953100000,88393.15,88989.93,88332.4,88810.9,283.09368727,2025-12-05 16:45:00
1764954000000,88810.9,88981.86,88614.32,88701.16,211.67992521,2025-12-05 17:00:00
1764954900000,88701.16,89045.01,88682.41,88766.03,193.59559261,2025-12-05 17:15:00
1764955800000,88766.03,89150.11,88700.12,89033.85,178.52098416,2025-12-05 17:30:00
1764956700000,89033.85,89520.04,88959.89,89336.94,184.01544481,2025-12-05 17:45:00
1764957600000,89336.94,89797.02,89249.1,89606.96,197.98949681,2025-12-05 18:00:00
1764958500000,89606.96,89659.94,89214.65,89406.27,146.0812247,2025-12-05 18:15:00
1764959400000,89406.27,89490.87,89012.33,89107.98,126.68680142,2025-12-05 18:30:00
1764960300000,89107.98,89214.05,88914.94,88936.04,111.30748722,2025-12-05 18:45:00
1764961200000,88936.04,89167.04,88827.78,89129.09,148.66591038,2025-12-05 19:00:00
1764962100000,89129.09,89539.2,89033.97,89426.84,187.00439054,2025-12-05 19:15:00
1764963000000,89426.84,89638.66,89322.07,89470.8,170.35245954,2025-12-05 19:30:00
1764963900000,89470.8,89800.0,89359.34,89643.47,192.52773749,2025-12-05 19:45:00
1764964800000,89643.47,89698.87,89350.58,89640.11,182.3731703,2025-12-05 20:00:00
1764965700000,89640.11,89745.41,89534.43,89562.46,157.7264279,2025-12-05 20:15:00
1764966600000,89562.46,89562.46,89285.88,89285.88,160.57950608,2025-12-05 20:30:00
1764967500000,89285.88,89338.47,89184.48,89310.68,191.72671044,2025-12-05 20:45:00
1764968400000,89310.68,89461.08,89279.3,89436.64,133.26292532,2025-12-05 21:00:00
1764969300000,89436.64,89484.0,89362.85,89419.37,120.09413735,2025-12-05 21:15:00
1764970200000,89419.37,89466.08,89229.87,89251.3,100.73354343,2025-12-05 21:30:00
1764971100000,89251.3,89292.88,89078.66,89160.0,131.23443903,2025-12-05 21:45:00
1764972000000,89160.0,89195.06,88906.6,88949.32,153.5870744,2025-12-05 22:00:00
1764972900000,88949.32,89233.53,88949.32,89233.52,46.33840535,2025-12-05 22:15:00
1764973800000,89233.52,89319.75,89035.41,89281.92,41.41060275,2025-12-05 22:30:00
1764974700000,89281.92,89376.03,89224.0,89227.5,42.41751296,2025-12-05 22:45:00
1764975600000,89227.5,89248.7,88940.2,89123.46,54.61583477,2025-12-05 23:00:00
1764976500000,89123.46,89265.11,89078.73,89233.4,38.76941728,2025-12-05 23:15:00
1764977400000,89233.4,89343.52,89227.28,89227.28,32.50357616,2025-12-05 23:30:00
1764978300000,89227.28,89383.47,89209.97,89330.04,46.85454515,2025-12-05 23:45:00
1764979200000,89330.04,89330.04,89039.66,89114.88,59.71908486,2025-12-06 00:00:00
1764980100000,89114.88,89191.93,89057.79,89177.9,52.85947658,2025-12-06 00:15:00
1764981000000,89177.9,89449.35,89162.26,89431.72,53.92919462,2025-12-06 00:30:00
1764981900000,89431.72,89445.97,89362.61,89422.24,33.80843111,2025-12-06 00:45:00
1764982800000,89422.24,89422.25,89301.96,89382.0,34.33474563,2025-12-06 01:00:00
1764983700000,89382.0,89500.0,89355.96,89453.18,42.64637743,2025-12-06 01:15:00
1764984600000,89453.18,89453.18,89204.99,89258.9,41.464867,2025-12-06 01:30:00
1764985500000,89258.9,89357.42,89221.12,89325.16,42.94716032,2025-12-06 01:45:00
1764986400000,89325.16,89333.84,89175.0,89295.61,46.70254672,2025-12-06 02:00:00
1764987300000,89295.61,89343.44,89219.92,89274.92,49.63239301,2025-12-06 02:15:00
1764988200000,89274.92,89303.48,89205.58,89239.17,30.21039963,2025-12-06 02:30:00
1764989100000,89239.17,89404.01,89239.17,89390.9,35.3578068,2025-12-06 02:45:00
1764990000000,89390.9,89804.0,89390.9,89764.18,200.08305726,2025-12-06 03:00:00
1764990900000,89764.18,89806.42,89545.98,89555.46,123.9219633,2025-12-06 03:15:00
1764991800000,89555.46,89747.18,89533.33,89678.47,104.89857082,2025-12-06 03:30:00
1764992700000,89678.47,89742.83,89665.4,89685.87,116.79266256,2025-12-06 03:45:00
1764993600000,89685.87,89721.86,89526.94,89583.22,39.69296035,2025-12-06 04:00:00
1764994500000,89583.22,89650.31,89539.99,89623.5,29.35310952,2025-12-06 04:15:00
1764995400000,89623.5,89657.37,89553.8,89579.29,33.78077679,2025-12-06 04:30:00
1764996300000,89579.29,89700.03,89561.89,89659.0,24.18591272,2025-12-06 04:45:00
1764997200000,89659.0,89740.01,89659.0,89703.16,24.69021621,2025-12-06 05:00:00
1764998100000,89703.16,89703.16,89553.81,89613.58,28.97709739,2025-12-06 05:15:00
1764999000000,89613.58,89613.58,89524.03,89553.81,29.77377249,2025-12-06 05:30:00
1764999900000,89553.81,89648.19,89545.55,89604.98,18.69848832,2025-12-06 05:45:00
1765000800000,89604.98,89677.97,89526.88,89677.96,21.95549988,2025-12-06 06:00:00
1765001700000,89677.96,89764.19,89620.9,89744.19,29.37543386,2025-12-06 06:15:00
1765002600000,89744.19,89756.49,89647.86,89659.0,19.80280726,2025-12-06 06:30:00
1765003500000,89659.0,89700.02,89623.83,89688.64,26.4050348,2025-12-06 06:45:00
1765004400000,89688.64,89701.47,89639.82,89688.17,31.46329899,2025-12-06 07:00:00
1765005300000,89688.17,89697.8,89578.06,89578.06,79.38317706,2025-12-06 07:15:00
1765006200000,89578.06,89659.02,89460.88,89637.25,47.19097078,2025-12-06 07:30:00
1765007100000,89637.25,89720.03,89567.81,89585.52,42.26343348,2025-12-06 07:45:00
1765008000000,89585.52,89613.91,89535.74,89543.55,75.57565503,2025-12-06 08:00:00
1765008900000,89543.55,89638.61,89270.67,89288.37,103.90813334,2025-12-06 08:15:00
1765009800000,89288.37,89428.96,89217.84,89394.16,77.84172531,2025-12-06 08:30:00
1765010700000,89394.16,89405.25,89245.8,89277.14,38.86709538,2025-12-06 08:45:00
1765011600000,89277.14,89553.21,89264.74,89500.46,88.98074241,2025-12-06 09:00:00
1765012500000,89500.46,89655.98,89489.4,89631.52,35.96520929,2025-12-06 09:15:00
1765013400000,89631.52,89669.12,89500.0,89627.58,79.53638518,2025-12-06 09:30:00
1765014300000,89627.58,89668.75,89568.55,89574.12,30.61531242,2025-12-06 09:45:00
1765015200000,89574.12,89600.0,89500.0,89575.01,28.93542953,2025-12-06 10:00:00
1765016100000,89575.01,89687.86,89508.16,89534.97,34.37993904,2025-12-06 10:15:00
1765017000000,89534.97,89587.74,89510.0,89574.49,30.03404096,2025-12-06 10:30:00
1765017900000,89574.49,89578.13,89462.0,89505.99,28.57656701,2025-12-06 10:45:00
1765018800000,89505.99,89577.64,89500.0,89500.01,27.34334978,2025-12-06 11:00:00
1765019700000,89500.01,89609.22,89500.0,89579.26,68.23780844,2025-12-06 11:15:00
1765020600000,89579.26,89762.96,89560.35,89684.52,240.77573136,2025-12-06 11:30:00
1765021500000,89684.52,89733.34,89612.0,89631.29,59.16046898,2025-12-06 11:45:00
1765022400000,89631.29,89638.2,89566.0,89582.26,56.09718566,2025-12-06 12:00:00
1765023300000,89582.26,89632.7,89574.86,89616.33,36.69499727,2025-12-06 12:15:00
1765024200000,89616.33,89648.98,89566.0,89599.21,26.72506756,2025-12-06 12:30:00
1765025100000,89599.21,89628.53,89570.48,89581.19,60.52413708,2025-12-06 12:45:00
1765026000000,89581.19,89633.69,89581.19,89611.43,32.47954134,2025-12-06 13:00:00
1765026900000,89611.43,89702.99,89589.97,89685.05,37.78374945,2025-12-06 13:15:00
1765027800000,89685.05,89783.2,89638.22,89783.14,65.61735574,2025-12-06 13:30:00
1765028700000,89783.14,89788.42,89654.33,89673.73,43.68649641,2025-12-06 13:45:00
1765029600000,89673.73,89740.15,89659.0,89740.13,74.0220171,2025-12-06 14:00:00
1765030500000,89740.13,90266.41,89740.12,89934.05,181.09292194,2025-12-06 14:15:00
1765031400000,89934.05,90079.76,89920.46,90043.3,142.77038529,2025-12-06 14:30:00
1765032300000,90043.3,90199.95,90004.73,90004.75,186.41205208,2025-12-06 14:45:00
1765033200000,90004.75,90023.44,89820.99,89841.39,85.82081111,2025-12-06 15:00:00
1765034100000,89841.39,89841.39,89478.43,89639.84,117.82470794,2025-12-06 15:15:00
1765035000000,89639.84,89913.99,89572.84,89873.61,80.37121654,2025-12-06 15:30:00
1765035900000,89873.61,89954.26,89726.53,89758.84,43.80603513,2025-12-06 15:45:00
1765036800000,89758.84,89981.2,89745.85,89939.1,45.94031714,2025-12-06 16:00:00
1765037700000,89939.1,89976.97,89859.48,89882.46,59.00662883,2025-12-06 16:15:00
1765038600000,89882.46,89927.05,89801.32,89824.49,77.61583323,2025-12-06 16:30:00
1765039500000,89824.49,89831.73,89680.33,89707.81,29.72722925,2025-12-06 16:45:00
1765040400000,89707.81,89780.75,89626.22,89698.76,50.20155912,2025-12-06 17:00:00
1765041300000,89698.76,89850.0,89633.1,89846.98,59.27646388,2025-12-06 17:15:00
1765042200000,89846.98,89846.98,89653.01,89663.84,64.24165588,2025-12-06 17:30:00
1765043100000,89663.84,89715.7,89615.37,89712.85,36.5274266,2025-12-06 17:45:00
1765044000000,89712.85,89766.14,89627.76,89766.14,34.22380267,2025-12-06 18:00:00
1765044900000,89766.14,89787.99,89699.13,89761.52,30.16188067,2025-12-06 18:15:00
1765045800000,89761.52,89761.52,89640.4,89640.43,34.01035572,2025-12-06 18:30:00
1765046700000,89640.43,89650.81,89539.39,89646.71,32.73967563,2025-12-06 18:45:00
1765047600000,89646.71,89744.7,89339.65,89487.2,121.89647542,2025-12-06 19:00:00
1765048500000,89487.2,89576.71,89389.18,89552.0,53.11392638,2025-12-06 19:15:00
1765049400000,89552.0,89552.0,89097.0,89432.7,91.71694651,2025-12-06 19:30:00
1765050300000,89432.7,89470.11,89360.0,89405.64,19.65423172,2025-12-06 19:45:00
1765051200000,89405.64,89498.4,89315.18,89392.42,31.70444954,2025-12-06 20:00:00
1765052100000,89392.42,89448.64,89374.4,89448.63,12.63734768,2025-12-06 20:15:00
1765053000000,89448.63,89553.91,89430.62,89539.09,25.56825722,2025-12-06 20:30:00
1765053900000,89539.09,89549.79,89504.93,89548.88,24.65661267,2025-12-06 20:45:00
1765054800000,89548.88,89615.35,89475.5,89488.23,65.6024843,2025-12-06 21:00:00
1765055700000,89488.23,89511.75,89390.01,89431.99,40.20342621,2025-12-06 21:15:00
1765056600000,89431.99,89542.76,89403.77,89466.76,33.58247091,2025-12-06 21:30:00
1765057500000,89466.76,89496.42,89415.21,89420.29,16.66141569,2025-12-06 21:45:00
1765058400000,89420.29,89500.03,89295.63,89499.99,26.30009766,2025-12-06 22:00:00
1765059300000,89499.99,89523.42,89350.01,89350.01,30.50761052,2025-12-06 22:15:00
1765060200000,89350.01,89431.91,89342.97,89342.97,23.60323604,2025-12-06 22:30:00
1765061100000,89342.97,89358.61,89257.48,89285.93,34.69797101,2025-12-06 22:45:00
1765062000000,89285.93,89329.38,89006.93,89147.08,88.52836089,2025-12-06 23:00:00
1765062900000,89147.08,89213.96,88921.73,89014.0,123.40577285,2025-12-06 23:15:00
1765063800000,89014.0,89180.01,89001.43,89097.99,32.76091176,2025-12-06 23:30:00
1765064700000,89097.99,89264.36,89089.53,89223.03,44.42845678,2025-12-06 23:45:00
1765065600000,89223.03,89379.38,89176.52,89184.01,50.84911089,2025-12-07 00:00:00
1765066500000,89184.01,89367.18,89181.29,89367.18,25.69926875,2025-12-07 00:15:00
1765067400000,89367.18,89553.84,89346.5,89506.0,42.54623952,2025-12-07 00:30:00
1765068300000,89506.0,89533.43,89392.34,89392.34,52.11319155,2025-12-07 00:45:00
1765069200000,89392.34,89529.8,89392.34,89496.1,29.20298588,2025-12-07 01:00:00
1765070100000,89496.1,89587.6,89407.36,89450.0,26.17879086,2025-12-07 01:15:00
1765071000000,89450.0,89493.26,89385.98,89404.01,22.78145963,2025-12-07 01:30:00
1765071900000,89404.01,89449.14,89300.0,89300.01,17.93639578,2025-12-07 01:45:00
1765072800000,89300.01,89422.65,89300.0,89370.01,14.17190051,2025-12-07 02:00:00
1765073700000,89370.01,89506.03,89370.0,89441.24,20.46276676,2025-12-07 02:15:00
1765074600000,89441.24,89455.96,89381.68,89450.16,27.09083272,2025-12-07 02:30:00
1765075500000,89450.16,89684.02,89450.16,89621.94,60.88266856,2025-12-07 02:45:00
1765076400000,89621.94,89640.0,89540.96,89592.32,26.60418218,2025-12-07 03:00:00
1765077300000,89592.32,89607.8,89553.77,89576.55,18.54308448,2025-12-07 03:15:00
1765078200000,89576.55,89734.01,89566.15,89696.06,35.19387757,2025-12-07 03:30:00
1765079100000,89696.06,89749.59,89681.99,89722.37,27.73586648,2025-12-07 03:45:00
1765080000000,89722.37,89799.96,89669.34,89695.88,86.55837731,2025-12-07 04:00:00
1765080900000,89695.88,89701.47,89616.14,89626.5,29.74839299,2025-12-07 04:15:00
1765081800000,89626.5,89634.88,89490.06,89564.32,40.9659907,2025-12-07 04:30:00
1765082700000,89564.32,89582.76,89519.98,89535.94,33.58379291,2025-12-07 04:45:00
1765083600000,89535.94,89566.93,89426.98,89469.91,24.68232063,2025-12-07 05:00:00
1765084500000,89469.91,89495.76,89427.0,89474.85,12.17385044,2025-12-07 05:15:00
1765085400000,89474.85,89531.47,89466.96,89530.78,18.14146259,2025-12-07 05:30:00
1765086300000,89530.78,89539.43,89470.02,89514.97,32.83649004,2025-12-07 05:45:00
1765087200000,89514.97,89629.15,89488.24,89573.14,19.87193541,2025-12-07 06:00:00
1765088100000,89573.14,89689.84,89541.86,89659.0,21.90986938,2025-12-07 06:15:00
1765089000000,89659.0,89691.65,89648.2,89656.74,11.07925455,2025-12-07 06:30:00
1765089900000,89656.74,89710.02,89578.5,89710.0,19.15696241,2025-12-07 06:45:00
1765090800000,89710.0,89734.84,89420.41,89460.91,35.16839055,2025-12-07 07:00:00
1765091700000,89460.91,89489.88,89322.66,89401.88,35.59153216,2025-12-07 07:15:00
1765092600000,89401.88,89401.88,89206.39,89256.14,46.06539414,2025-12-07 07:30:00
1765093500000,89256.14,89420.16,89200.0,89379.72,29.92715572,2025-12-07 07:45:00
1765094400000,89379.72,89379.72,89200.0,89218.01,26.58823997,2025-12-07 08:00:00
1765095300000,89218.01,89382.67,89190.95,89351.71,31.28087626,2025-12-07 08:15:00
1765096200000,89351.71,89538.69,89343.27,89468.73,35.90907375,2025-12-07 08:30:00
1765097100000,89468.73,89468.73,89285.65,89316.61,31.19532771,2025-12-07 08:45:00
1765098000000,89316.61,89384.46,89292.35,89378.63,20.1029936,2025-12-07 09:00:00
1765098900000,89378.63,89395.66,89101.68,89196.08,34.56283583,2025-12-07 09:15:00
1765099800000,89196.08,89271.7,89170.89,89174.54,24.76964033,2025-12-07 09:30:00
1765100700000,89174.54,89204.21,89050.01,89110.0,79.72596053,2025-12-07 09:45:00
1765101600000,89110.0,89292.21,89103.97,89292.01,30.71828668,2025-12-07 10:00:00
1765102500000,89292.01,89292.01,89183.96,89198.22,27.85294068,2025-12-07 10:15:00
1765103400000,89198.22,89349.39,89106.62,89297.28,41.40118194,2025-12-07 10:30:00
1765104300000,89297.28,89388.0,89232.23,89240.18,37.75689264,2025-12-07 10:45:00
1765105200000,89240.18,89270.95,89187.31,89253.97,38.61344426,2025-12-07 11:00:00
1765106100000,89253.97,89277.59,89175.85,89175.85,30.15789734,2025-12-07 11:15:00
1765107000000,89175.85,89256.91,89175.85,89209.54,27.79764782,2025-12-07 11:30:00
1765107900000,89209.54,89209.54,89141.85,89149.18,38.4440492,2025-12-07 11:45:00
1765108800000,89149.18,89325.31,89111.23,89285.29,57.20145111,2025-12-07 12:00:00
1765109700000,89285.29,89343.53,89208.74,89268.37,29.09364515,2025-12-07 12:15:00
1765110600000,89268.37,89325.22,89261.38,89325.2,15.56754353,2025-12-07 12:30:00
1765111500000,89325.2,89584.08,89325.2,89475.89,70.79249421,2025-12-07 12:45:00
1765112400000,89475.89,89519.7,89300.0,89333.86,33.38080321,2025-12-07 13:00:00
1765113300000,89333.86,89354.04,88667.71,88926.38,116.47628054,2025-12-07 13:15:00
1765114200000,88926.38,89044.63,88888.0,88965.37,69.84910172,2025-12-07 13:30:00
1765115100000,88965.37,89103.09,88910.25,89068.41,44.25288147,2025-12-07 13:45:00
1765116000000,89068.41,89106.0,88800.64,88807.27,71.4536989,2025-12-07 14:00:00
1765116900000,88807.27,88871.05,87828.96,87915.22,294.59718581,2025-12-07 14:15:00
1765117800000,87915.22,88356.04,87721.0,88236.1,184.44989545,2025-12-07 14:30:00
1765118700000,88236.1,88350.0,88088.0,88230.51,87.38510077,2025-12-07 14:45:00
1765119600000,88230.51,89050.0,88171.0,88868.79,154.27162502,2025-12-07 15:00:00
1765120500000,88868.79,88967.69,88666.32,88735.48,132.66112329,2025-12-07 15:15:00
1765121400000,88735.48,89071.57,88735.48,88921.73,115.34101501,2025-12-07 15:30:00
1765122300000,88921.73,89714.39,88902.78,89548.22,185.43477024,2025-12-07 15:45:00
1765123200000,89548.22,89548.22,89179.65,89233.59,219.07268103,2025-12-07 16:00:00
1765124100000,89233.59,89465.73,89115.77,89337.63,79.83322127,2025-12-07 16:15:00
1765125000000,89337.63,89570.4,89250.0,89465.37,48.78538043,2025-12-07 16:30:00
1765125900000,89465.37,89913.37,89386.0,89907.99,85.05451691,2025-12-07 16:45:00
1765126800000,89907.99,89937.69,89617.42,89883.63,110.98789683,2025-12-07 17:00:00
1765127700000,89883.63,90751.0,89853.56,90723.89,252.668451,2025-12-07 17:15:00
1765128600000,90723.89,91265.45,90712.53,90866.7,278.69797217,2025-12-07 17:30:00
1765129500000,90866.7,91131.64,90724.0,90959.29,166.34449316,2025-12-07 17:45:00
1765130400000,90959.29,91459.98,90954.02,91317.07,192.5479655,2025-12-07 18:00:00
1765131300000,91317.07,91693.51,91317.07,91574.9,146.46569315,2025-12-07 18:15:00
1765132200000,91574.9,91762.7,91342.8,91342.83,135.87779155,2025-12-07 18:30:00
1765133100000,91342.83,91539.49,91254.99,91363.78,98.01695825,2025-12-07 18:45:00
1765134000000,91363.78,91545.95,91255.83,91526.12,55.01298243,2025-12-07 19:00:00
1765134900000,91526.12,91531.12,91248.04,91267.27,35.28967701,2025-12-07 19:15:00
1765135800000,91267.27,91405.67,91218.49,91379.65,62.004153,2025-12-07 19:30:00
1765136700000,91379.65,91424.74,91292.13,91410.0,35.47443101,2025-12-07 19:45:00
1765137600000,91410.0,91466.32,91308.82,91358.74,27.2430372,2025-12-07 20:00:00
1765138500000,91358.74,91491.24,91340.0,91430.09,41.30114942,2025-12-07 20:15:00
1765139400000,91430.09,91510.35,91324.37,91492.52,38.9561962,2025-12-07 20:30:00
1765140300000,91492.52,91500.16,91379.26,91439.04,26.34643854,2025-12-07 20:45:00
1765141200000,91439.04,91439.05,91247.15,91299.99,49.99237535,2025-12-07 21:00:00
1765142100000,91299.99,91299.99,90812.29,90880.35,134.71120522,2025-12-07 21:15:00
1765143000000,90880.35,91028.91,90481.05,90529.92,123.30621533,2025-12-07 21:30:00
1765143900000,90529.92,90529.92,89870.97,90231.32,265.33089259,2025-12-07 21:45:00
1765144800000,90231.32,90231.32,88999.0,89370.25,225.23300731,2025-12-07 22:00:00
1765145700000,89370.25,89748.33,89234.03,89694.6,153.67476942,2025-12-07 22:15:00
1765146600000,89694.6,90220.0,89661.55,90000.99,158.44157523,2025-12-07 22:30:00
1765147500000,90000.99,90197.66,89366.3,89606.79,124.08987962,2025-12-07 22:45:00
1765148400000,89606.79,89813.32,89521.95,89730.42,92.78009435,2025-12-07 23:00:00
1765149300000,89730.42,90068.84,89730.42,90055.11,103.25719495,2025-12-07 23:15:00
1765150200000,90055.11,90055.11,89827.89,89927.65,56.5131773,2025-12-07 23:30:00
1765151100000,89927.65,90471.65,89914.0,90395.31,100.34289263,2025-12-07 23:45:00
1765152000000,90395.31,90395.39,90051.81,90085.33,102.16087377,2025-12-08 00:00:00
1765152900000,90085.33,90290.14,89853.42,90249.98,67.31887079,2025-12-08 00:15:00
1765153800000,90249.98,90600.0,90221.95,90318.37,82.09192565,2025-12-08 00:30:00
1765154700000,90318.37,90456.46,90231.97,90346.69,59.13720891,2025-12-08 00:45:00
1765155600000,90346.69,90761.31,90306.84,90680.56,96.76879985,2025-12-08 01:00:00
1765156500000,90680.56,91251.0,90579.95,91138.0,128.99901272,2025-12-08 01:15:00
1765157400000,91138.0,91695.98,91138.0,91253.86,184.76959959,2025-12-08 01:30:00
1765158300000,91253.86,91270.0,90834.93,90910.69,127.26618674,2025-12-08 01:45:00
1765159200000,90910.69,91031.82,90811.35,90950.0,93.25627376,2025-12-08 02:00:00
1765160100000,90950.0,91105.36,90913.22,91029.21,88.36560561,2025-12-08 02:15:00
1765161000000,91029.21,91227.6,90972.33,91218.73,102.0318223,2025-12-08 02:30:00
1765161900000,91218.73,91435.43,91082.41,91364.18,130.92944241,2025-12-08 02:45:00
1765162800000,91364.18,91420.01,91114.82,91155.48,68.32894152,2025-12-08 03:00:00
1765163700000,91155.48,91389.54,91130.11,91259.96,68.22546463,2025-12-08 03:15:00
1765164600000,91259.96,91288.66,91000.38,91018.73,91.21832325,2025-12-08 03:30:00
1765165500000,91018.73,91135.12,90988.91,91068.29,48.37056885,2025-12-08 03:45:00
1765166400000,91068.29,91177.64,91025.73,91113.22,32.05720201,2025-12-08 04:00:00
1765167300000,91113.22,91351.34,91081.43,91251.49,46.0689862,2025-12-08 04:15:00
1765168200000,91251.49,91470.61,91165.99,91221.71,56.92407375,2025-12-08 04:30:00
1765169100000,91221.71,91309.79,91149.06,91291.33,46.95496898,2025-12-08 04:45:00
1765170000000,91291.33,91291.33,91037.42,91108.81,52.25266359,2025-12-08 05:00:00
1765170900000,91108.81,91375.0,91066.88,91280.39,50.96400625,2025-12-08 05:15:00
1765171800000,91280.39,91444.0,91280.39,91344.34,48.36990128,2025-12-08 05:30:00
1765172700000,91344.34,91419.48,91308.42,91334.04,57.83085923,2025-12-08 05:45:00
1765173600000,91334.04,91439.11,91241.27,91381.67,70.49132778,2025-12-08 06:00:00
1765174500000,91381.67,91444.33,91333.95,91438.2,89.74361551,2025-12-08 06:15:00
1765175400000,91438.2,91616.84,91438.2,91575.5,81.02907798,2025-12-08 06:30:00
1765176300000,91575.5,91649.87,91420.22,91457.22,97.42456503,2025-12-08 06:45:00
1765177200000,91457.22,91541.33,91359.92,91437.8,69.83525498,2025-12-08 07:00:00
1765178100000,91437.8,91732.85,91408.94,91694.45,51.43224842,2025-12-08 07:15:00
1765179000000,91694.45,91887.63,91641.91,91661.34,90.45679493,2025-12-08 07:30:00
1765179900000,91661.34,91661.34,91476.73,91565.46,98.59242919,2025-12-08 07:45:00
1765180800000,91565.46,91606.02,91484.73,91598.59,66.08040806,2025-12-08 08:00:00
1765181700000,91598.59,91721.96,91598.59,91707.77,60.7772778,2025-12-08 08:15:00
1765182600000,91707.77,91827.99,91600.64,91819.96,59.33163638,2025-12-08 08:30:00
1765183500000,91819.96,91935.47,91714.06,91847.11,86.12966792,2025-12-08 08:45:00
1765184400000,91847.11,92280.14,91789.91,92077.85,204.81367046,2025-12-08 09:00:00
1765185300000,92077.85,92078.01,91926.03,91976.07,123.08531632,2025-12-08 09:15:00
1765186200000,91976.07,92062.19,91907.54,91999.13,87.07005099,2025-12-08 09:30:00
1765187100000,91999.13,91999.13,91905.96,91909.18,57.4818657,2025-12-08 09:45:00
1765188000000,91909.18,92090.93,91820.16,92031.25,95.03033665,2025-12-08 10:00:00
1765188900000,92031.25,92064.0,91954.12,92036.96,50.5178285,2025-12-08 10:15:00
1765189800000,92036.96,92206.94,91957.43,92206.28,116.78620959,2025-12-08 10:30:00
1765190700000,92206.28,92225.53,92123.56,92133.38,36.48035435,2025-12-08 10:45:00
1765191600000,92133.38,92154.99,91989.15,92147.71,52.46957423,2025-12-08 11:00:00
1765192500000,92147.71,92188.32,92040.21,92040.22,39.02321797,2025-12-08 11:15:00
1765193400000,92040.22,92040.22,91861.57,91925.54,107.26209811,2025-12-08 11:30:00
1765194300000,91925.54,92000.0,91892.83,91968.29,51.60237566,2025-12-08 11:45:00
1765195200000,91968.29,91992.3,91767.03,91781.69,89.35960676,2025-12-08 12:00:00
1765196100000,91781.69,91921.77,91776.63,91859.24,64.18295488,2025-12-08 12:15:00
1765197000000,91859.24,91928.62,91668.87,91753.02,102.17816802,2025-12-08 12:30:00
1765197900000,91753.02,91849.99,91717.97,91768.96,130.76830362,2025-12-08 12:45:00
1765198800000,91768.96,92120.0,91703.2,91813.16,142.20716015,2025-12-08 13:00:00
1765199700000,91813.16,91852.3,91530.74,91659.53,114.71306005,2025-12-08 13:15:00
1765200600000,91659.53,91691.59,91333.0,91651.55,145.27285837,2025-12-08 13:30:00
1765201500000,91651.55,91731.01,91405.98,91467.83,109.63396577,2025-12-08 13:45:00
1765202400000,91467.83,91609.02,91418.28,91560.27,103.77238079,2025-12-08 14:00:00
1765203300000,91560.27,91572.56,91138.83,91350.0,167.48730943,2025-12-08 14:15:00
1765204200000,91350.0,91766.41,90791.67,91516.67,217.56114975,2025-12-08 14:30:00
1765205100000,91516.67,91688.06,90818.24,90856.04,190.51798046,2025-12-08 14:45:00
1765206000000,90856.04,90976.17,90105.12,90223.5,206.41552834,2025-12-08 15:00:00
1765206900000,90223.5,90518.33,89730.55,89971.1,219.82504594,2025-12-08 15:15:00
1765207800000,89971.1,90197.9,89613.01,89691.27,213.30798854,2025-12-08 15:30:00
1765208700000,89691.27,90267.77,89688.73,89978.08,217.4275886,2025-12-08 15:45:00
1765209600000,89978.08,90080.55,89700.0,89949.99,162.20234883,2025-12-08 16:00:00
1765210500000,89949.99,90393.5,89839.23,90300.03,202.66284835,2025-12-08 16:15:00
1765211400000,90300.03,90483.91,90105.31,90279.97,122.83955527,2025-12-08 16:30:00
1765212300000,90279.97,90279.97,89760.66,89966.59,135.09092691,2025-12-08 16:45:00
1765213200000,89966.59,90230.52,89771.2,90114.51,124.00603478,2025-12-08 17:00:00
1765214100000,90114.51,90219.83,89856.01,89973.87,85.17439564,2025-12-08 17:15:00
1765215000000,89973.87,90101.2,89700.0,89853.27,112.4549137,2025-12-08 17:30:00
1765215900000,89853.27,90342.04,89761.96,90257.99,117.8712028,2025-12-08 17:45:00
1765216800000,90257.99,90450.1,90182.18,90308.27,87.83274383,2025-12-08 18:00:00
1765217700000,90308.27,90515.74,90120.41,90133.59,104.53867397,2025-12-08 18:15:00
1765218600000,90133.59,90412.32,89998.96,90412.31,85.73388731,2025-12-08 18:30:00
1765219500000,90412.31,90518.24,89728.6,89921.74,109.08246371,2025-12-08 18:45:00
1765220400000,89921.74,90199.99,89859.94,90027.09,76.24359382,2025-12-08 19:00:00
1765221300000,90027.09,90191.89,89960.0,90121.23,62.28090547,2025-12-08 19:15:00
1765222200000,90121.23,90323.94,90054.07,90163.69,61.37701596,2025-12-08 19:30:00
1765223100000,90163.69,90366.42,90049.63,90124.49,39.0718434,2025-12-08 19:45:00
1765224000000,90124.49,90490.93,90124.49,90355.99,80.09146114,2025-12-08 20:00:00
1765224900000,90355.99,90631.95,90302.38,90453.55,94.01649391,2025-12-08 20:15:00
1765225800000,90453.55,90620.29,90307.7,90605.89,76.5967233,2025-12-08 20:30:00
1765226700000,90605.89,90917.26,90584.7,90799.92,132.59361293,2025-12-08 20:45:00
1765227600000,90799.92,90979.8,90675.07,90742.86,101.69057507,2025-12-08 21:00:00
1765228500000,90742.86,91039.38,90742.86,91039.35,76.80112803,2025-12-08 21:15:00
1765229400000,91039.35,91257.6,91039.35,91158.15,123.18968905,2025-12-08 21:30:00
1765230300000,91158.15,91374.05,91094.53,91338.65,83.34801731,2025-12-08 21:45:00
1765231200000,91338.65,91373.69,90926.83,90987.99,80.12258756,2025-12-08 22:00:00
1765232100000,90987.99,91050.0,90862.93,90971.5,74.17010997,2025-12-08 22:15:00
1765233000000,90971.5,91051.54,90763.11,90768.0,72.94352122,2025-12-08 22:30:00
1765233900000,90768.0,90935.92,90723.26,90833.86,49.61959897,2025-12-08 22:45:00
1765234800000,90833.86,91020.12,90791.94,90812.75,104.60556421,2025-12-08 23:00:00
1765235700000,90812.75,90871.27,90500.0,90719.28,129.28833563,2025-12-08 23:15:00
1765236600000,90719.28,90781.94,90590.11,90627.36,38.43005837,2025-12-08 23:30:00
1765237500000,90627.36,90644.57,90551.83,90634.35,33.094947,2025-12-08 23:45:00
1765238400000,90634.35,90759.94,90590.96,90747.69,40.90262626,2025-12-09 00:00:00
1765239300000,90747.69,90846.25,90699.09,90722.82,62.85746544,2025-12-09 00:15:00
1765240200000,90722.82,90722.82,90400.0,90440.48,54.08820301,2025-12-09 00:30:00
1765241100000,90440.48,90517.99,90354.96,90396.73,41.7664694,2025-12-09 00:45:00
1765242000000,90396.73,90514.48,90274.85,90481.01,62.46292481,2025-12-09 01:00:00
1765242900000,90481.01,90562.26,90197.75,90233.95,147.51566152,2025-12-09 01:15:00
1765243800000,90233.95,90262.47,90028.96,90047.92,72.4273298,2025-12-09 01:30:00
1765244700000,90047.92,90099.28,89965.89,90055.79,97.30242843,2025-12-09 01:45:00
1765245600000,90055.79,90249.16,89974.7,90118.01,62.53919429,2025-12-09 02:00:00
1765246500000,90118.01,90368.0,90104.18,90343.06,55.72234556,2025-12-09 02:15:00
1765247400000,90343.06,90343.06,90189.25,90248.82,43.80402836,2025-12-09 02:30:00
1765248300000,90248.82,90324.5,90060.18,90068.25,56.52427416,2025-12-09 02:45:00
1765249200000,90068.25,90159.7,89979.98,89985.42,95.24430845,2025-12-09 03:00:00
1765250100000,89985.42,90113.09,89800.0,90030.0,306.38620983,2025-12-09 03:15:00
1765251000000,90030.0,90417.54,90025.04,90355.19,166.21067309,2025-12-09 03:30:00
1765251900000,90355.19,90442.84,90300.0,90405.02,64.43027749,2025-12-09 03:45:00
1765252800000,90405.02,90500.0,90392.07,90452.04,51.88374817,2025-12-09 04:00:00
1765253700000,90452.04,90500.0,90319.77,90400.47,34.17595921,2025-12-09 04:15:00
1765254600000,90400.47,90400.47,89740.77,89921.92,182.30872521,2025-12-09 04:30:00
1765255500000,89921.92,89967.92,89835.96,89917.52,53.12722623,2025-12-09 04:45:00
1765256400000,89917.52,89976.97,89703.22,89779.42,66.22158416,2025-12-09 05:00:00
1765257300000,89779.42,89885.98,89528.86,89858.06,108.00722935,2025-12-09 05:15:00
1765258200000,89858.06,90203.97,89851.12,90103.82,152.1739618,2025-12-09 05:30:00
1765259100000,90103.82,90172.99,89868.43,89899.36,64.34790545,2025-12-09 05:45:00
1765260000000,89899.36,90116.35,89887.72,89993.29,47.33703525,2025-12-09 06:00:00
1765260900000,89993.29,90058.02,89817.46,89877.96,49.58232053,2025-12-09 06:15:00
1765261800000,89877.96,89945.98,89776.44,89904.6,48.38289652,2025-12-09 06:30:00
1765262700000,89904.6,90232.77,89900.0,90166.85,76.40072126,2025-12-09 06:45:00
1765263600000,90166.85,90297.75,90091.44,90115.99,64.78490482,2025-12-09 07:00:00
1765264500000,90115.99,90429.91,90115.99,90363.1,57.37647453,2025-12-09 07:15:00
1765265400000,90363.1,90510.07,90342.48,90476.5,86.27070456,2025-12-09 07:30:00
1765266300000,90476.5,90528.7,90443.25,90485.06,75.75157435,2025-12-09 07:45:00
1765267200000,90485.06,90553.5,90461.58,90499.99,60.19336444,2025-12-09 08:00:00
1765268100000,90499.99,90597.01,90499.99,90526.12,93.75272462,2025-12-09 08:15:00
1765269000000,90526.12,90526.12,90398.57,90509.99,69.9952169,2025-12-09 08:30:00
1765269900000,90509.99,90600.24,90465.43,90498.74,62.70999899,2025-12-09 08:45:00
1765270800000,90498.74,90498.74,90319.99,90436.64,53.88810887,2025-12-09 09:00:00
1765271700000,90436.64,90466.05,90285.59,90291.17,64.89923065,2025-12-09 09:15:00
1765272600000,90291.17,90360.05,90154.24,90174.26,48.12245359,2025-12-09 09:30:00
1765273500000,90174.26,90217.73,90129.19,90131.58,33.30172979,2025-12-09 09:45:00
1765274400000,90131.58,90218.5,90068.17,90186.79,49.21389117,2025-12-09 10:00:00
1765275300000,90186.79,90216.03,90135.95,90192.37,38.254945,2025-12-09 10:15:00
1765276200000,90192.37,90345.44,89917.25,90091.24,142.66246575,2025-12-09 10:30:00
1765277100000,90091.24,90298.93,90020.37,90298.93,113.72199479,2025-12-09 10:45:00
1765278000000,90298.93,90359.99,90208.84,90247.28,92.67831218,2025-12-09 11:00:00
1765278900000,90247.28,90301.89,90139.97,90290.19,80.78447247,2025-12-09 11:15:00
1765279800000,90290.19,90298.8,90220.84,90273.76,57.95816876,2025-12-09 11:30:00
1765280700000,90273.76,90396.07,90260.73,90384.57,48.1995788,2025-12-09 11:45:00
1765281600000,90384.57,90456.09,90330.96,90354.25,41.73076214,2025-12-09 12:00:00
1765282500000,90354.25,90688.29,90354.2,90556.0,132.44955865,2025-12-09 12:15:00
1765283400000,90556.0,90650.0,90495.31,90631.86,53.43292786,2025-12-09 12:30:00
1765284300000,90631.86,90663.61,90579.95,90580.06,56.05617604,2025-12-09 12:45:00
1765285200000,90580.06,90623.84,90473.09,90498.31,56.78933886,2025-12-09 13:00:00
1765286100000,90498.31,90735.0,90492.34,90700.0,97.57853501,2025-12-09 13:15:00
1765287000000,90700.0,90844.0,90205.12,90205.12,139.78364947,2025-12-09 13:30:00
1765287900000,90205.12,90434.52,90174.68,90431.01,162.06572999,2025-12-09 13:45:00
1765288800000,90431.01,90642.96,90348.88,90430.0,58.05782681,2025-12-09 14:00:00
1765289700000,90430.0,90436.07,90125.72,90267.18,66.98410636,2025-12-09 14:15:00
1765290600000,90267.18,90569.73,90018.69,90100.0,194.73072765,2025-12-09 14:30:00
1765291500000,90100.0,90357.63,90030.05,90357.54,149.67589524,2025-12-09 14:45:00
1765292400000,90357.54,91266.99,90295.88,90594.62,349.87078743,2025-12-09 15:00:00
1765293300000,90594.62,91287.31,90512.0,91148.69,195.10750787,2025-12-09 15:15:00
1765294200000,91148.69,92095.49,91000.0,92071.97,281.09846474,2025-12-09 15:30:00
1765295100000,92071.97,92869.31,91860.37,92696.46,272.10818544,2025-12-09 15:45:00
1765296000000,92696.46,93506.72,92696.46,93442.14,309.96450811,2025-12-09 16:00:00
1765296900000,93442.14,93712.77,93285.39,93376.83,395.52621603,2025-12-09 16:15:00
1765297800000,93376.83,94259.52,93376.83,94228.57,361.44186243,2025-12-09 16:30:00
1765298700000,94228.57,94486.79,94024.91,94188.63,374.63206513,2025-12-09 16:45:00
1765299600000,94188.63,94589.09,94187.83,94226.82,259.44393812,2025-12-09 17:00:00
1765300500000,94226.82,94258.73,93620.28,93765.3,377.54070712,2025-12-09 17:15:00
1765301400000,93765.3,93936.0,93538.91,93797.72,216.88605731,2025-12-09 17:30:00
1765302300000,93797.72,94020.56,93768.37,93921.27,198.68687471,2025-12-09 17:45:00
1765303200000,93921.27,94045.18,93661.4,93967.05,147.79184534,2025-12-09 18:00:00
1765304100000,93967.05,94179.56,93911.57,94146.74,116.4194132,2025-12-09 18:15:00
1765305000000,94146.74,94158.89,93887.68,93895.58,86.10625694,2025-12-09 18:30:00
1765305900000,93895.58,94000.01,93711.9,93920.49,147.791429,2025-12-09 18:45:00
1765306800000,93920.49,93981.12,93723.8,93931.47,125.22552438,2025-12-09 19:00:00
1765307700000,93931.47,94054.49,93832.88,93999.0,115.70440803,2025-12-09 19:15:00
1765308600000,93999.0,94200.0,93671.38,93729.99,184.23487143,2025-12-09 19:30:00
1765309500000,93729.99,93951.85,93707.07,93800.78,95.49203225,2025-12-09 19:45:00
1765310400000,93800.78,93857.41,93571.01,93687.64,134.02259941,2025-12-09 20:00:00
1765311300000,93687.64,93699.5,92767.72,93075.71,308.54881708,2025-12-09 20:15:00
1765312200000,93075.71,93255.35,92835.4,93024.59,158.40807817,2025-12-09 20:30:00
1765313100000,93024.59,93227.92,92984.42,93114.72,110.1285746,2025-12-09 20:45:00
1765314000000,93114.72,93243.05,92992.81,92999.77,112.86734446,2025-12-09 21:00:00
1765314900000,92999.77,93176.89,92980.0,93106.24,92.48530899,2025-12-09 21:15:00
1765315800000,93106.24,93155.96,92668.04,92668.14,105.46263716,2025-12-09 21:30:00
1765316700000,92668.14,92775.66,92254.51,92690.32,270.21524547,2025-12-09 21:45:00
1765317600000,92690.32,92912.07,92616.82,92651.71,145.35914781,2025-12-09 22:00:00
1765318500000,92651.71,92708.12,92505.75,92505.75,76.92534905,2025-12-09 22:15:00
1765319400000,92505.75,92999.92,92505.75,92950.27,209.74453404,2025-12-09 22:30:00
1765320300000,92950.27,93044.23,92765.7,92884.01,85.15784892,2025-12-09 22:45:00
1765321200000,92884.01,92884.01,92549.95,92578.0,197.85073289,2025-12-09 23:00:00
1765322100000,92578.0,92880.05,92569.33,92874.78,68.84432351,2025-12-09 23:15:00
1765323000000,92874.78,92978.05,92808.98,92949.12,51.46964365,2025-12-09 23:30:00
1765323900000,92949.12,92949.12,92660.67,92678.81,51.40323857,2025-12-09 23:45:00
1765324800000,92678.81,92776.01,92641.55,92705.45,67.21531436,2025-12-10 00:00:00
1765325700000,92705.45,92705.45,92282.18,92530.56,116.07862811,2025-12-10 00:15:00
1765326600000,92530.56,92571.97,92420.16,92486.99,60.28372863,2025-12-10 00:30:00
1765327500000,92486.99,92534.06,92074.26,92130.79,114.20411256,2025-12-10 00:45:00
1765328400000,92130.79,92284.15,92102.15,92240.92,100.84747905,2025-12-10 01:00:00
1765329300000,92240.92,92399.99,92173.26,92258.24,69.28807962,2025-12-10 01:15:00
1765330200000,92258.24,92282.54,91975.52,92262.0,140.58423087,2025-12-10 01:30:00
1765331100000,92262.0,92361.65,92161.95,92316.36,63.37857871,2025-12-10 01:45:00
1765332000000,92316.36,92316.39,92027.94,92228.53,70.0084888,2025-12-10 02:00:00
1765332900000,92228.53,92570.56,92216.94,92502.86,163.89449385,2025-12-10 02:15:00
1765333800000,92502.86,92513.04,92336.77,92382.65,103.58709477,2025-12-10 02:30:00
1765334700000,92382.65,92510.0,92241.03,92493.8,93.0980811,2025-12-10 02:45:00
1765335600000,92493.8,92553.28,92387.91,92468.28,57.18270762,2025-12-10 03:00:00
1765336500000,92468.28,92468.29,92348.61,92409.87,52.95816019,2025-12-10 03:15:00
1765337400000,92409.87,92499.95,92379.95,92425.59,39.58348077,2025-12-10 03:30:00
1765338300000,92425.59,92516.93,92392.51,92418.56,34.71549201,2025-12-10 03:45:00
1765339200000,92418.56,92529.64,92385.7,92494.89,40.84106706,2025-12-10 04:00:00
1765340100000,92494.89,92667.55,92416.09,92434.9,76.19736355,2025-12-10 04:15:00
1765341000000,92434.9,92636.77,92400.64,92564.86,58.78421392,2025-12-10 04:30:00
1765341900000,92564.86,92613.55,92488.9,92552.64,43.89585169,2025-12-10 04:45:00
1765342800000,92552.64,92636.8,92517.48,92636.64,75.98687385,2025-12-10 05:00:00
1765343700000,92636.64,92725.03,92568.14,92582.53,81.06654368,2025-12-10 05:15:00
1765344600000,92582.53,92648.82,92528.64,92613.73,42.34531611,2025-12-10 05:30:00
1765345500000,92613.73,92639.17,92545.64,92556.28,64.43318179,2025-12-10 05:45:00
1765346400000,92556.28,92595.14,92396.19,92572.45,78.27543518,2025-12-10 06:00:00
1765347300000,92572.45,92591.89,92522.15,92549.57,26.58354446,2025-12-10 06:15:00
1765348200000,92549.57,92687.86,92544.1,92687.86,61.18161868,2025-12-10 06:30:00
1765349100000,92687.86,92751.39,92607.93,92700.0,58.49409082,2025-12-10 06:45:00
1765350000000,92700.0,92707.56,92541.26,92600.73,57.00726724,2025-12-10 07:00:00
1765350900000,92600.73,92600.76,92496.67,92588.62,42.36605532,2025-12-10 07:15:00
1765351800000,92588.62,92728.88,92525.72,92669.99,65.41793509,2025-12-10 07:30:00
1765352700000,92669.99,92778.81,92605.14,92778.81,92.63011829,2025-12-10 07:45:00
1765353600000,92778.81,92790.02,92643.82,92687.02,52.0235623,2025-12-10 08:00:00
1765354500000,92687.02,92749.55,92661.34,92677.43,52.5057821,2025-12-10 08:15:00
1765355400000,92677.43,92736.18,92543.58,92607.15,64.95521334,2025-12-10 08:30:00
1765356300000,92607.15,92669.94,92584.17,92605.02,60.92087413,2025-12-10 08:45:00
1765357200000,92605.02,92669.21,92567.43,92599.99,63.055401,2025-12-10 09:00:00
1765358100000,92599.99,92620.69,92439.31,92475.44,57.40513498,2025-12-10 09:15:00
1765359000000,92475.44,92605.24,92475.44,92605.21,28.51928873,2025-12-10 09:30:00
1765359900000,92605.21,92959.06,92605.12,92920.01,184.41622263,2025-12-10 09:45:00
1765360800000,92920.01,93250.15,92857.23,92991.17,156.40573443,2025-12-10 10:00:00
1765361700000,92991.17,93001.24,92447.92,92470.0,130.42958858,2025-12-10 10:15:00
1765362600000,92470.0,92470.0,92150.0,92231.55,154.24479975,2025-12-10 10:30:00
1765363500000,92231.55,92393.94,92149.0,92272.7,82.56866096,2025-12-10 10:45:00
1765364400000,92272.7,92439.02,92227.35,92332.78,143.12297936,2025-12-10 11:00:00
1765365300000,92332.78,92373.13,92281.39,92346.26,62.34494464,2025-12-10 11:15:00
1765366200000,92346.26,92388.24,91835.1,91983.12,263.74666046,2025-12-10 11:30:00
1765367100000,91983.12,92146.14,91763.73,92120.5,142.2760542,2025-12-10 11:45:00
1765368000000,92120.5,92217.04,92033.5,92050.0,62.92543225,2025-12-10 12:00:00
1765368900000,92050.0,92100.03,91973.93,92022.54,98.32726848,2025-12-10 12:15:00
1765369800000,92022.54,92117.8,91821.95,91926.36,100.46530802,2025-12-10 12:30:00
1765370700000,91926.36,92058.77,91823.36,91989.99,68.35561979,2025-12-10 12:45:00
1765371600000,91989.99,92093.67,91941.39,92042.82,77.20605712,2025-12-10 13:00:00
1765372500000,92042.82,92219.69,91999.92,92107.07,75.59256361,2025-12-10 13:15:00
1765373400000,92107.07,92160.84,91960.25,92034.99,111.97318279,2025-12-10 13:30:00
1765374300000,92034.99,92098.63,91999.86,92093.7,42.59619631,2025-12-10 13:45:00
1765375200000,92093.7,92112.62,91933.97,91988.57,87.79734154,2025-12-10 14:00:00
1765376100000,91988.57,92077.0,91860.82,91928.7,106.19160809,2025-12-10 14:15:00
1765377000000,91928.7,92095.58,91822.65,91899.85,175.85466903,2025-12-10 14:30:00
1765377900000,91899.85,91969.88,91600.86,91831.28,176.39739367,2025-12-10 14:45:00
1765378800000,91831.28,92147.7,91719.43,92092.82,150.76950626,2025-12-10 15:00:00
1765379700000,92092.82,92135.04,91852.3,91952.99,121.56717015,2025-12-10 15:15:00
1765380600000,91952.99,91998.51,91576.17,91871.65,155.25831327,2025-12-10 15:30:00
1765381500000,91871.65,92088.67,91813.45,92063.74,95.5816018,2025-12-10 15:45:00
1765382400000,92063.74,92258.83,91899.06,92227.16,163.32697594,2025-12-10 16:00:00
1765383300000,92227.16,92590.4,92167.37,92482.34,192.97047168,2025-12-10 16:15:00
1765384200000,92482.34,92500.22,92209.47,92362.98,125.66641082,2025-12-10 16:30:00
1765385100000,92362.98,92409.12,92100.04,92174.05,97.68864331,2025-12-10 16:45:00
1765386000000,92174.05,92259.11,92102.41,92237.61,75.63913361,2025-12-10 17:00:00
1765386900000,92237.61,92515.87,92196.27,92316.0,176.71439228,2025-12-10 17:15:00
1765387800000,92316.0,92446.31,92222.1,92435.5,106.6346346,2025-12-10 17:30:00
1765388700000,92435.5,92500.0,92307.36,92396.29,64.01599642,2025-12-10 17:45:00
1765389600000,92396.29,92495.72,92280.5,92401.24,59.44493836,2025-12-10 18:00:00
1765390500000,92401.24,92440.04,92000.0,92253.95,117.16065513,2025-12-10 18:15:00
1765391400000,92253.95,93052.72,92213.43,92582.18,220.18721712,2025-12-10 18:30:00
1765392300000,92582.18,92799.12,92067.72,92512.79,168.7810105,2025-12-10 18:45:00
1765393200000,92512.79,93262.69,91727.02,92990.83,319.18365303,2025-12-10 19:00:00
1765394100000,92990.83,93153.12,92285.13,92450.0,205.86680003,2025-12-10 19:15:00
1765395000000,92450.0,93187.32,92450.0,92607.92,327.42855756,2025-12-10 19:30:00
1765395900000,92607.92,93100.0,92543.13,92957.62,264.80646364,2025-12-10 19:45:00
1765396800000,92957.62,94250.0,92662.08,94250.0,282.5829399,2025-12-10 20:00:00
1765397700000,94250.0,94471.11,93183.3,93579.49,259.97200302,2025-12-10 20:15:00
1765398600000,93579.49,93806.65,93331.0,93696.49,214.44358128,2025-12-10 20:30:00
1765399500000,93696.49,93820.56,92269.24,92440.28,270.89200292,2025-12-10 20:45:00
1765400400000,92440.28,92626.12,91878.01,92277.03,245.79758389,2025-12-10 21:00:00
1765401300000,92277.03,92574.27,92211.1,92372.55,130.05599123,2025-12-10 21:15:00
1765402200000,92372.55,92645.65,92164.19,92477.21,105.38599234,2025-12-10 21:30:00
1765403100000,92477.21,92777.39,92288.06,92356.36,96.84003091,2025-12-10 21:45:00
1765404000000,92356.36,92695.36,92104.37,92180.55,101.0656937,2025-12-10 22:00:00
1765404900000,92180.55,92453.98,91960.0,92322.65,116.90203102,2025-12-10 22:15:00
1765405800000,92322.65,92650.0,92125.99,92537.42,129.317698,2025-12-10 22:30:00
1765406700000,92537.42,92634.95,92400.0,92509.99,56.54526894,2025-12-10 22:45:00
1765407600000,92509.99,92571.81,92254.82,92307.16,64.51085199,2025-12-10 23:00:00
1765408500000,92307.16,92343.82,92134.66,92134.68,45.82369411,2025-12-10 23:15:00
1765409400000,92134.68,92171.35,92000.0,92000.04,55.40325845,2025-12-10 23:30:00
1765410300000,92000.04,92056.0,91941.91,92019.48,70.93838941,2025-12-10 23:45:00
1765411200000,92019.48,92080.37,91942.5,92020.67,51.68447146,2025-12-11 00:00:00
1765412100000,92020.67,92020.67,91750.03,91767.48,80.34920174,2025-12-11 00:15:00
1765413000000,91767.48,91776.91,91205.05,91273.46,236.25248076,2025-12-11 00:30:00
1765413900000,91273.46,91438.81,91059.0,91386.17,234.62969398,2025-12-11 00:45:00
1765414800000,91386.17,91399.68,90987.85,90987.85,156.93967763,2025-12-11 01:00:00
1765415700000,90987.85,91111.82,90723.28,91098.13,160.6943834,2025-12-11 01:15:00
1765416600000,91098.13,91281.88,90908.79,91001.12,122.3945587,2025-12-11 01:30:00
1765417500000,91001.12,91015.83,90658.35,90674.8,115.23599105,2025-12-11 01:45:00
1765418400000,90674.8,90674.8,90172.12,90238.86,286.35315264,2025-12-11 02:00:00
1765419300000,90238.86,90376.83,89984.16,90087.41,213.29870258,2025-12-11 02:15:00
1765420200000,90087.41,90223.56,89901.55,90064.73,181.13801671,2025-12-11 02:30:00
1765421100000,90064.73,90159.98,89878.25,90059.9,131.7002461,2025-12-11 02:45:00
1765422000000,90059.9,90073.9,89400.0,89626.37,218.53664655,2025-12-11 03:00:00
1765422900000,89626.37,90002.32,89526.52,89737.46,179.93568009,2025-12-11 03:15:00
1765423800000,89737.46,89872.36,89593.59,89820.46,105.02070565,2025-12-11 03:30:00
1765424700000,89820.46,89905.94,89750.52,89879.99,108.90971498,2025-12-11 03:45:00
1765425600000,89879.99,90081.65,89696.69,90053.29,190.47914272,2025-12-11 04:00:00
1765426500000,90053.29,90127.47,89888.01,90035.96,135.24496712,2025-12-11 04:15:00
1765427400000,90035.96,90163.92,89998.99,90105.96,164.65649807,2025-12-11 04:30:00
1765428300000,90105.96,90470.97,90034.3,90436.5,175.94293703,2025-12-11 04:45:00
1765429200000,90436.5,90436.61,90089.83,90089.83,92.24518276,2025-12-11 05:00:00
1765430100000,90089.83,90352.82,90089.83,90275.12,87.82540436,2025-12-11 05:15:00
1765431000000,90275.12,90300.74,90179.96,90222.73,62.78216546,2025-12-11 05:30:00
1765431900000,90222.73,90340.06,90208.18,90316.75,48.65720139,2025-12-11 05:45:00
1765432800000,90316.75,90316.75,90230.5,90263.73,42.20873402,2025-12-11 06:00:00
1765433700000,90263.73,90263.84,89967.82,90111.23,128.85813318,2025-12-11 06:15:00
1765434600000,90111.23,90450.0,90111.23,90318.01,141.55668166,2025-12-11 06:30:00
1765435500000,90318.01,90349.81,90237.16,90301.36,59.91753609,2025-12-11 06:45:00
1765436400000,90301.36,90333.54,90185.91,90212.48,52.40818649,2025-12-11 07:00:00
1765437300000,90212.48,90307.06,90088.05,90127.81,69.36358645,2025-12-11 07:15:00
1765438200000,90127.81,90245.0,90127.78,90180.06,81.74829332,2025-12-11 07:30:00
1765439100000,90180.06,90272.79,90129.1,90272.79,62.24302309,2025-12-11 07:45:00
1765440000000,90272.79,90277.41,89999.92,90066.69,108.5134897,2025-12-11 08:00:00
1765440900000,90066.69,90210.63,90020.93,90121.03,72.98266756,2025-12-11 08:15:00
1765441800000,90121.03,90121.04,89972.23,90041.79,74.94917681,2025-12-11 08:30:00
1765442700000,90041.79,90238.02,90000.02,90183.73,105.34108779,2025-12-11 08:45:00
1765443600000,90183.73,90272.45,90133.93,90270.62,107.34568613,2025-12-11 09:00:00
1765444500000,90270.62,90449.99,90260.18,90421.0,87.15966272,2025-12-11 09:15:00
1765445400000,90421.0,90504.12,90281.55,90325.46,66.98193436,2025-12-11 09:30:00
1765446300000,90325.46,90366.05,90152.5,90211.93,57.06517146,2025-12-11 09:45:00
1765447200000,90211.93,90352.05,90190.84,90346.21,45.63524943,2025-12-11 10:00:00
1765448100000,90346.21,90346.25,90172.63,90267.01,51.50166788,2025-12-11 10:15:00
1765449000000,90267.01,90272.19,90189.86,90193.37,34.07825758,2025-12-11 10:30:00
1765449900000,90193.37,90352.0,90172.55,90320.18,63.01918918,2025-12-11 10:45:00
1765450800000,90320.18,90417.53,90282.24,90351.89,40.45584924,2025-12-11 11:00:00
1765451700000,90351.89,90378.22,90257.94,90259.61,40.93924175,2025-12-11 11:15:00
1765452600000,90259.61,90327.28,90225.08,90256.4,41.43314272,2025-12-11 11:30:00
1765453500000,90256.4,90265.04,90210.35,90242.36,74.14793398,2025-12-11 11:45:00
1765454400000,90242.36,90278.05,90129.31,90175.49,122.51760591,2025-12-11 12:00:00
1765455300000,90175.49,90347.96,90171.41,90310.7,68.96602471,2025-12-11 12:15:00
1765456200000,90310.7,90377.68,90259.95,90277.01,59.74831272,2025-12-11 12:30:00
1765457100000,90277.01,90283.01,90005.49,90032.36,59.59912691,2025-12-11 12:45:00
1765458000000,90032.36,90127.92,90012.7,90044.13,56.80917847,2025-12-11 13:00:00
1765458900000,90044.13,90125.45,89982.4,90051.7,107.10347327,2025-12-11 13:15:00
1765459800000,90051.7,90142.05,89894.52,90042.32,197.50955593,2025-12-11 13:30:00
1765460700000,90042.32,90168.87,89963.94,90103.54,75.75502735,2025-12-11 13:45:00
1765461600000,90103.54,90170.67,90026.01,90150.45,62.9022518,2025-12-11 14:00:00
1765462500000,90150.45,90264.91,90139.14,90139.23,72.42216632,2025-12-11 14:15:00
1765463400000,90139.23,90491.17,89791.4,90281.82,245.35394839,2025-12-11 14:30:00
1765464300000,90281.82,90341.86,89267.0,89543.05,261.32576813,2025-12-11 14:45:00
1765465200000,89543.05,90206.01,89403.73,90133.31,179.16526525,2025-12-11 15:00:00
1765466100000,90133.31,90633.0,89955.5,90251.21,302.42830963,2025-12-11 15:15:00
1765467000000,90251.21,90267.08,89700.0,89824.56,161.1997396,2025-12-11 15:30:00
1765467900000,89824.56,89986.68,89642.5,89876.82,177.95799716,2025-12-11 15:45:00
1765468800000,89876.82,89979.95,89364.5,89405.73,193.33264739,2025-12-11 16:00:00
1765469700000,89405.73,89677.87,89333.04,89563.36,142.21459901,2025-12-11 16:15:00
1765470600000,89563.36,90043.0,89463.87,89961.5,141.0472656,2025-12-11 16:30:00
1765471500000,89961.5,90173.53,89615.42,89726.38,139.63894702,2025-12-11 16:45:00
1765472400000,89726.38,89917.75,89627.72,89873.27,72.37381805,2025-12-11 17:00:00
1765473300000,89873.27,90259.97,89817.91,90070.17,109.81019608,2025-12-11 17:15:00
1765474200000,90070.17,90230.0,89956.56,90042.86,117.51976323,2025-12-11 17:30:00
1765475100000,90042.86,90145.37,89922.66,89980.54,163.49766242,2025-12-11 17:45:00
1765476000000,89980.54,90410.0,89901.0,90320.99,138.10939738,2025-12-11 18:00:00
1765476900000,90320.99,90490.96,90250.0,90351.79,142.85649824,2025-12-11 18:15:00
1765477800000,90351.79,91152.04,90316.55,91152.04,153.87360189,2025-12-11 18:30:00
1765478700000,91152.04,91185.0,90518.52,90711.35,261.11210997,2025-12-11 18:45:00
1765479600000,90711.35,90913.49,90595.14,90790.9,93.79721976,2025-12-11 19:00:00
1765480500000,90790.9,91171.64,90720.13,91116.18,141.25550572,2025-12-11 19:15:00
1765481400000,91116.18,91528.72,91098.69,91364.36,182.1940557,2025-12-11 19:30:00
1765482300000,91364.36,91452.08,90767.29,90839.77,208.66566683,2025-12-11 19:45:00
1765483200000,90839.77,91483.81,90820.46,91356.16,116.34916894,2025-12-11 20:00:00
1765484100000,91356.16,91436.95,90967.34,91055.14,112.78214866,2025-12-11 20:15:00
1765485000000,91055.14,91639.98,91021.81,91573.14,173.42040103,2025-12-11 20:30:00
1765485900000,91573.14,91831.41,91421.84,91789.58,166.4082896,2025-12-11 20:45:00
1765486800000,91789.58,92620.0,91706.95,92429.94,337.57336771,2025-12-11 21:00:00
1765487700000,92429.94,93135.23,92429.94,93099.0,356.93625958,2025-12-11 21:15:00
1765488600000,93099.0,93555.59,92870.5,93154.84,416.52624664,2025-12-11 21:30:00
1765489500000,93154.84,93231.32,92828.85,92870.65,214.02502237,2025-12-11 21:45:00
1765490400000,92870.65,93186.24,92864.71,92944.98,137.87616628,2025-12-11 22:00:00
1765491300000,92944.98,92965.93,92228.91,92333.06,212.67819613,2025-12-11 22:15:00
1765492200000,92333.06,92699.99,92211.01,92391.42,161.7301294,2025-12-11 22:30:00
1765493100000,92391.42,92444.18,92087.11,92359.89,163.76917299,2025-12-11 22:45:00
1765494000000,92359.89,92663.51,92337.87,92499.36,192.62105993,2025-12-11 23:00:00
1765494900000,92499.36,92649.0,92412.33,92495.77,104.38069313,2025-12-11 23:15:00
1765495800000,92495.77,92799.95,92481.55,92722.5,106.46089209,2025-12-11 23:30:00
1765496700000,92722.5,92796.94,92388.51,92513.62,91.82858184,2025-12-11 23:45:00
1765497600000,92513.62,92573.66,92394.86,92427.92,57.20362882,2025-12-12 00:00:00
1765498500000,92427.92,92640.54,92324.37,92380.81,55.84293991,2025-12-12 00:15:00
1765499400000,92380.81,92432.52,92300.48,92305.96,55.49390259,2025-12-12 00:30:00
1765500300000,92305.96,92380.3,91445.29,91489.29,214.11064797,2025-12-12 00:45:00
1765501200000,91489.29,91886.81,91489.29,91812.94,155.04757897,2025-12-12 01:00:00
1765502100000,91812.94,92169.07,91796.74,92097.03,81.61928132,2025-12-12 01:15:00
1765503000000,92097.03,92314.63,92043.23,92147.34,58.24382198,2025-12-12 01:30:00
1765503900000,92147.34,92260.75,92074.73,92169.94,54.70860328,2025-12-12 01:45:00
1765504800000,92169.94,92481.88,91941.79,92392.05,129.88366491,2025-12-12 02:00:00
1765505700000,92392.05,92435.84,92243.8,92396.2,144.74873081,2025-12-12 02:15:00
1765506600000,92396.2,92499.99,92344.93,92437.8,37.12067707,2025-12-12 02:30:00
1765507500000,92437.8,92735.17,92381.81,92588.81,100.70526744,2025-12-12 02:45:00
1765508400000,92588.81,92750.0,92433.73,92452.99,57.07246629,2025-12-12 03:00:00
1765509300000,92452.99,92456.38,92177.79,92237.56,60.8808968,2025-12-12 03:15:00
1765510200000,92237.56,92375.27,92215.56,92347.15,43.55195323,2025-12-12 03:30:00
1765511100000,92347.15,92379.97,92256.32,92283.43,49.09358158,2025-12-12 03:45:00
1765512000000,92283.43,92350.04,92222.64,92222.8,47.10742284,2025-12-12 04:00:00
1765512900000,92222.8,92249.39,92148.15,92207.95,136.76000258,2025-12-12 04:15:00
1765513800000,92207.95,92250.9,92174.77,92250.83,44.28035122,2025-12-12 04:30:00
1765514700000,92250.83,92462.14,92222.75,92396.72,135.25225488,2025-12-12 04:45:00
1765515600000,92396.72,92500.0,92183.53,92206.26,67.88511593,2025-12-12 05:00:00
1765516500000,92206.26,92291.89,92094.19,92133.23,71.77387943,2025-12-12 05:15:00
1765517400000,92133.23,92339.86,92133.12,92331.17,38.18341858,2025-12-12 05:30:00
1765518300000,92331.17,92478.39,92331.16,92444.43,42.11137565,2025-12-12 05:45:00
1765519200000,92444.43,92695.66,92397.79,92695.65,83.65333347,2025-12-12 06:00:00
1765520100000,92695.65,92720.06,92562.08,92600.53,79.43251827,2025-12-12 06:15:00
1765521000000,92600.53,92600.6,92503.19,92575.21,36.50122802,2025-12-12 06:30:00
1765521900000,92575.21,92577.12,92463.15,92513.39,46.85651181,2025-12-12 06:45:00
1765522800000,92513.39,92569.82,92489.92,92507.38,45.95506996,2025-12-12 07:00:00
1765523700000,92507.38,92511.88,92365.8,92377.75,52.21696764,2025-12-12 07:15:00
1765524600000,92377.75,92504.26,92257.72,92439.77,81.09331568,2025-12-12 07:30:00
1765525500000,92439.77,92454.23,92380.0,92425.34,49.32074766,2025-12-12 07:45:00
1765526400000,92425.34,92480.0,92364.02,92408.06,69.84826107,2025-12-12 08:00:00
1765527300000,92408.06,92442.28,92185.43,92258.43,108.00995077,2025-12-12 08:15:00
1765528200000,92258.43,92258.52,92173.99,92217.17,47.33295469,2025-12-12 08:30:00
1765529100000,92217.17,92416.25,92100.99,92416.25,148.83071113,2025-12-12 08:45:00
1765530000000,92416.25,92416.25,92240.73,92345.29,150.74039066,2025-12-12 09:00:00
1765530900000,92345.29,92384.65,92142.08,92142.09,50.51789372,2025-12-12 09:15:00
1765531800000,92142.09,92240.21,92093.95,92178.81,72.51280591,2025-12-12 09:30:00
1765532700000,92178.81,92553.38,92158.25,92520.57,61.60160246,2025-12-12 09:45:00
1765533600000,92520.57,92638.31,92485.23,92564.7,130.56886853,2025-12-12 10:00:00
1765534500000,92564.7,92564.7,92414.07,92453.05,81.33192341,2025-12-12 10:15:00
1765535400000,92453.05,92479.97,92418.12,92425.83,41.27043815,2025-12-12 10:30:00
1765536300000,92425.83,92573.54,92411.05,92492.32,48.51049346,2025-12-12 10:45:00
1765537200000,92492.32,92492.35,92365.95,92400.01,39.76840942,2025-12-12 11:00:00
1765538100000,92400.01,92400.04,92275.87,92362.32,49.95087183,2025-12-12 11:15:00
1765539000000,92362.32,92418.23,92302.5,92373.1,31.39419274,2025-12-12 11:30:00
1765539900000,92373.1,92418.22,92330.27,92418.19,28.31483081,2025-12-12 11:45:00
1765540800000,92418.19,92418.19,92242.54,92250.01,110.06690393,2025-12-12 12:00:00
1765541700000,92250.01,92290.87,92173.37,92182.65,85.95137256,2025-12-12 12:15:00
1765542600000,92182.65,92234.86,92077.45,92100.04,94.40940476,2025-12-12 12:30:00
1765543500000,92100.04,92420.05,92099.95,92419.94,91.59302371,2025-12-12 12:45:00
1765544400000,92419.94,92419.94,92304.72,92369.12,46.45249153,2025-12-12 13:00:00
1765545300000,92369.12,92508.23,92272.9,92280.35,85.66770205,2025-12-12 13:15:00
1765546200000,92280.35,92372.34,92240.2,92275.72,77.72074438,2025-12-12 13:30:00
1765547100000,92275.72,92411.54,92274.25,92303.44,49.8273849,2025-12-12 13:45:00
1765548000000,92303.44,92321.04,92201.46,92217.73,114.70655061,2025-12-12 14:00:00
1765548900000,92217.73,92348.54,92113.05,92127.04,142.42906229,2025-12-12 14:15:00
1765549800000,92127.04,92599.94,91910.0,92450.0,197.57969526,2025-12-12 14:30:00
1765550700000,92450.0,92655.79,92213.36,92457.06,194.14008301,2025-12-12 14:45:00
1765551600000,92457.06,92457.06,91910.51,91994.53,215.20019827,2025-12-12 15:00:00
1765552500000,91994.53,91994.53,90846.94,90861.89,294.97556329,2025-12-12 15:15:00
1765553400000,90861.89,90955.36,90237.0,90528.13,183.82052352,2025-12-12 15:30:00
1765554300000,90528.13,90762.47,89790.98,89979.01,297.44600978,2025-12-12 15:45:00
1765555200000,89979.01,90065.07,89650.0,89994.9,281.97477119,2025-12-12 16:00:00
1765556100000,89994.9,90437.85,89804.95,90404.93,246.30072722,2025-12-12 16:15:00
1765557000000,90404.93,90404.93,89486.0,89654.06,252.9974733,2025-12-12 16:30:00
1765557900000,89654.06,90165.82,89613.08,90040.78,238.72312854,2025-12-12 16:45:00
1765558800000,90040.78,90427.37,89978.99,90345.91,244.39049269,2025-12-12 17:00:00
1765559700000,90345.91,90623.79,89835.0,89840.94,197.66821415,2025-12-12 17:15:00
1765560600000,89840.94,90245.55,89835.0,90194.27,160.1998497,2025-12-12 17:30:00
1765561500000,90194.27,90307.72,89977.94,90083.14,92.81426157,2025-12-12 17:45:00
1765562400000,90083.14,90490.68,90049.56,90309.97,121.97171308,2025-12-12 18:00:00
1765563300000,90309.97,90558.91,90223.22,90540.87,137.07682367,2025-12-12 18:15:00
1765564200000,90540.87,90665.95,90410.0,90480.84,168.64088105,2025-12-12 18:30:00
1765565100000,90480.84,90637.58,90276.75,90365.26,143.52531899,2025-12-12 18:45:00
1765566000000,90365.26,90384.22,90016.83,90040.17,137.65912856,2025-12-12 19:00:00
1765566900000,90040.17,90358.98,90040.09,90182.99,99.8244343,2025-12-12 19:15:00
1765567800000,90182.99,90293.12,90106.1,90128.21,67.5360869,2025-12-12 19:30:00
1765568700000,90128.21,90241.44,90088.96,90214.07,50.21100703,2025-12-12 19:45:00
1765569600000,90214.07,90268.29,90044.87,90050.04,85.01394312,2025-12-12 20:00:00
1765570500000,90050.04,90271.45,90020.49,90020.53,79.14823978,2025-12-12 20:15:00
1765571400000,90020.53,90179.76,89900.0,90152.03,66.31444607,2025-12-12 20:30:00
1765572300000,90152.03,90334.81,90107.66,90206.31,121.08644813,2025-12-12 20:45:00
1765573200000,90206.31,90339.94,90145.21,90283.01,58.8526081,2025-12-12 21:00:00
1765574100000,90283.01,90287.95,90106.53,90178.11,28.91525788,2025-12-12 21:15:00
1765575000000,90178.11,90310.89,90178.1,90280.25,34.92947656,2025-12-12 21:30:00
1765575900000,90280.25,90299.98,90193.89,90193.92,30.98185206,2025-12-12 21:45:00
1765576800000,90193.92,90400.0,90184.88,90341.95,36.97812523,2025-12-12 22:00:00
1765577700000,90341.95,90384.05,90314.78,90330.49,28.55805162,2025-12-12 22:15:00
1765578600000,90330.49,90368.57,90301.95,90324.33,28.74402799,2025-12-12 22:30:00
1765579500000,90324.33,90340.74,90255.42,90327.44,36.8150683,2025-12-12 22:45:00
1765580400000,90327.44,90390.98,90292.48,90385.39,41.609639,2025-12-12 23:00:00
1765581300000,90385.39,90389.1,90312.25,90312.3,32.73307864,2025-12-12 23:15:00
1765582200000,90312.3,90371.96,90300.27,90360.37,29.41396033,2025-12-12 23:30:00
1765583100000,90360.37,90360.42,90233.16,90268.48,14.71470408,2025-12-12 23:45:00
1765584000000,90268.48,90438.79,90207.18,90350.01,40.32936361,2025-12-13 00:00:00
1765584900000,90350.01,90409.1,90304.81,90307.16,26.30196848,2025-12-13 00:15:00
1765585800000,90307.16,90341.28,90299.94,90341.18,33.41417838,2025-12-13 00:30:00
1765586700000,90341.18,90354.64,90322.08,90323.0,30.81113898,2025-12-13 00:45:00
1765587600000,90323.0,90359.37,90322.95,90323.04,17.50247846,2025-12-13 01:00:00
1765588500000,90323.04,90346.26,90305.87,90328.08,22.09716006,2025-12-13 01:15:00
1765589400000,90328.08,90334.43,90125.37,90148.14,53.13310089,2025-12-13 01:30:00
1765590300000,90148.14,90236.22,90120.01,90229.86,29.27472342,2025-12-13 01:45:00
1765591200000,90229.86,90318.05,90221.93,90290.39,39.19588259,2025-12-13 02:00:00
1765592100000,90290.39,90314.01,90272.62,90313.91,19.36886296,2025-12-13 02:15:00
1765593000000,90313.91,90314.0,90233.37,90277.3,16.32354286,2025-12-13 02:30:00
1765593900000,90277.3,90285.49,90225.96,90232.74,39.50870063,2025-12-13 02:45:00
1765594800000,90232.74,90285.23,90205.56,90285.23,24.72373557,2025-12-13 03:00:00
1765595700000,90285.23,90361.6,90285.23,90338.26,14.92632381,2025-12-13 03:15:00
1765596600000,90338.26,90465.99,90331.39,90410.97,39.73474546,2025-12-13 03:30:00
1765597500000,90410.97,90423.25,90332.52,90345.58,17.42853137,2025-12-13 03:45:00
1765598400000,90345.58,90360.1,90305.02,90307.6,28.81411663,2025-12-13 04:00:00
1765599300000,90307.6,90358.29,90268.87,90326.25,19.62990048,2025-12-13 04:15:00
1765600200000,90326.25,90393.22,90284.86,90384.37,20.15665438,2025-12-13 04:30:00
1765601100000,90384.37,90415.03,90367.98,90371.81,17.50617056,2025-12-13 04:45:00
1765602000000,90371.81,90384.59,90355.11,90376.37,26.01307036,2025-12-13 05:00:00
1765602900000,90376.37,90376.44,90336.06,90351.01,14.94526373,2025-12-13 05:15:00
1765603800000,90351.01,90356.56,90274.64,90274.71,15.53741643,2025-12-13 05:30:00
1765604700000,90274.71,90342.97,90268.97,90342.89,18.10770532,2025-12-13 05:45:00
1765605600000,90342.89,90363.99,90301.01,90311.18,22.02590675,2025-12-13 06:00:00
1765606500000,90311.18,90311.18,90271.72,90278.34,13.69546549,2025-12-13 06:15:00
1765607400000,90278.34,90346.16,90270.64,90332.98,15.70453261,2025-12-13 06:30:00
1765608300000,90332.98,90377.51,90319.35,90351.5,27.1271981,2025-12-13 06:45:00
1765609200000,90351.5,90364.03,90337.95,90338.01,20.76086583,2025-12-13 07:00:00
1765610100000,90338.01,90386.76,90327.62,90381.97,25.28164102,2025-12-13 07:15:00
1765611000000,90381.97,90398.62,90333.47,90354.1,23.2454466,2025-12-13 07:30:00
1765611900000,90354.1,90361.86,90318.49,90330.01,15.90756875,2025-12-13 07:45:00
1765612800000,90330.01,90356.78,90318.62,90356.78,19.60959268,2025-12-13 08:00:00
1765613700000,90356.78,90559.42,90356.77,90510.23,132.35166852,2025-12-13 08:15:00
1765614600000,90510.23,90513.02,90379.95,90415.2,43.88237483,2025-12-13 08:30:00
1765615500000,90415.2,90558.71,90403.62,90455.22,35.92343932,2025-12-13 08:45:00
1765616400000,90455.22,90511.96,90455.22,90481.73,26.99087585,2025-12-13 09:00:00
1765617300000,90481.73,90481.84,90430.85,90430.94,21.22488569,2025-12-13 09:15:00
1765618200000,90430.94,90492.79,90392.79,90467.69,37.41693833,2025-12-13 09:30:00
1765619100000,90467.69,90513.57,90387.95,90422.62,31.75565754,2025-12-13 09:45:00
1765620000000,90422.62,90500.0,90418.5,90477.06,32.53871447,2025-12-13 10:00:00
1765620900000,90477.06,90531.2,90477.06,90513.78,23.20141155,2025-12-13 10:15:00
1765621800000,90513.78,90634.57,90502.27,90603.09,112.18597693,2025-12-13 10:30:00
1765622700000,90603.09,90606.35,90536.01,90595.08,110.89009083,2025-12-13 10:45:00
1765623600000,90595.08,90612.57,90519.95,90543.77,61.62014983,2025-12-13 11:00:00
1765624500000,90543.77,90543.77,90444.86,90444.86,72.08350153,2025-12-13 11:15:00
1765625400000,90444.86,90447.88,90327.1,90358.82,197.8564519,2025-12-13 11:30:00
1765626300000,90358.82,90420.03,90293.65,90330.4,123.92478326,2025-12-13 11:45:00
1765627200000,90330.4,90470.35,90330.39,90427.89,90.21332933,2025-12-13 12:00:00
1765628100000,90427.89,90427.94,90326.24,90326.24,69.31252577,2025-12-13 12:15:00
1765629000000,90326.24,90434.0,90294.7,90295.02,54.67725218,2025-12-13 12:30:00
1765629900000,90295.02,90350.59,90276.11,90341.08,132.36269365,2025-12-13 12:45:00
1765630800000,90341.08,90411.13,90310.67,90334.43,106.85249623,2025-12-13 13:00:00
1765631700000,90334.43,90450.03,90223.38,90229.94,41.55993249,2025-12-13 13:15:00
1765632600000,90229.94,90300.41,90192.74,90236.64,46.43576911,2025-12-13 13:30:00
1765633500000,90236.64,90305.63,90221.6,90245.88,46.97541381,2025-12-13 13:45:00
1765634400000,90245.88,90327.52,90229.81,90288.41,99.86200724,2025-12-13 14:00:00
1765635300000,90288.41,90288.46,89960.0,89961.07,189.99424515,2025-12-13 14:15:00
1765636200000,89961.07,90303.17,89950.0,90168.81,104.30925435,2025-12-13 14:30:00
1765637100000,90168.81,90214.78,90079.65,90079.69,32.73571292,2025-12-13 14:45:00
1765638000000,90079.69,90290.53,90057.47,90141.83,81.68454755,2025-12-13 15:00:00
1765638900000,90141.83,90177.84,90095.09,90138.03,127.1465936,2025-12-13 15:15:00
1765639800000,90138.03,90168.27,90097.99,90102.61,66.31909141,2025-12-13 15:30:00
1765640700000,90102.61,90106.8,90032.59,90092.1,59.39963717,2025-12-13 15:45:00
1765641600000,90092.1,90263.61,90085.92,90187.7,44.36757943,2025-12-13 16:00:00
1765642500000,90187.7,90189.24,90063.79,90073.23,41.21846052,2025-12-13 16:15:00
1765643400000,90073.23,90107.57,90029.53,90050.04,36.10758233,2025-12-13 16:30:00
1765644300000,90050.04,90146.52,90031.71,90087.33,42.93223426,2025-12-13 16:45:00
1765645200000,90087.33,90087.33,89980.99,90071.38,48.90529445,2025-12-13 17:00:00
1765646100000,90071.38,90102.13,89994.42,90009.11,34.77729064,2025-12-13 17:15:00
1765647000000,90009.11,90095.73,89994.37,90095.73,32.2827153,2025-12-13 17:30:00
1765647900000,90095.73,90095.73,90031.95,90052.65,25.21496289,2025-12-13 17:45:00
1765648800000,90052.65,90183.78,90047.34,90178.89,30.98302122,2025-12-13 18:00:00
1765649700000,90178.89,90178.9,90121.95,90161.87,30.81044098,2025-12-13 18:15:00
1765650600000,90161.87,90171.69,90132.01,90139.95,25.34881808,2025-12-13 18:30:00
1765651500000,90139.95,90146.59,90104.44,90119.85,24.58046798,2025-12-13 18:45:00
1765652400000,90119.85,90172.05,90109.56,90172.02,12.89766488,2025-12-13 19:00:00
1765653300000,90172.02,90179.25,90130.34,90130.34,38.12369937,2025-12-13 19:15:00
1765654200000,90130.34,90224.87,90130.34,90218.37,18.14546281,2025-12-13 19:30:00
1765655100000,90218.37,90218.46,90167.35,90178.17,20.22430005,2025-12-13 19:45:00
1765656000000,90178.17,90209.53,90156.67,90156.76,13.44295764,2025-12-13 20:00:00
1765656900000,90156.76,90156.78,90128.56,90137.59,12.7158902,2025-12-13 20:15:00
1765657800000,90137.59,90159.88,90112.23,90141.82,27.89213666,2025-12-13 20:30:00
1765658700000,90141.82,90188.76,90037.51,90088.31,21.38673436,2025-12-13 20:45:00
1765659600000,90088.31,90100.02,89983.13,89994.8,41.19665352,2025-12-13 21:00:00
1765660500000,89994.8,90029.71,89920.0,89962.34,32.34451435,2025-12-13 21:15:00
1765661400000,89962.34,90065.81,89766.33,90051.0,98.64910473,2025-12-13 21:30:00
1765662300000,90051.0,90184.63,90019.25,90175.96,27.5247036,2025-12-13 21:45:00
1765663200000,90175.96,90250.84,89997.19,90051.96,28.90802065,2025-12-13 22:00:00
1765664100000,90051.96,90132.89,90051.86,90090.4,22.28688503,2025-12-13 22:15:00
1765665000000,90090.4,90244.1,90090.35,90165.77,36.16747751,2025-12-13 22:30:00
1765665900000,90165.77,90209.39,90090.24,90140.11,30.55066684,2025-12-13 22:45:00
1765666800000,90140.11,90183.54,90051.0,90182.95,27.55851694,2025-12-13 23:00:00
1765667700000,90182.95,90214.42,90137.18,90198.93,18.4040806,2025-12-13 23:15:00
1765668600000,90198.93,90260.12,90191.55,90233.72,26.1707459,2025-12-13 23:30:00
1765669500000,90233.72,90280.81,90233.66,90240.04,27.75320198,2025-12-13 23:45:00
1765670400000,90240.04,90268.2,90119.16,90268.15,51.16178339,2025-12-14 00:00:00
1765671300000,90268.15,90321.0,90194.62,90304.72,53.16962128,2025-12-14 00:15:00
1765672200000,90304.72,90471.03,90294.25,90453.78,66.24413826,2025-12-14 00:30:00
1765673100000,90453.78,90472.45,90339.95,90340.03,33.66465312,2025-12-14 00:45:00
1765674000000,90340.03,90406.74,90267.49,90374.29,27.41946507,2025-12-14 01:00:00
1765674900000,90374.29,90442.22,90370.54,90426.8,17.00417121,2025-12-14 01:15:00
1765675800000,90426.8,90435.7,90207.94,90226.06,45.734201,2025-12-14 01:30:00
1765676700000,90226.06,90293.34,90213.48,90293.29,12.08842543,2025-12-14 01:45:00
1765677600000,90293.29,90350.23,90293.14,90345.95,19.86902224,2025-12-14 02:00:00
1765678500000,90345.95,90370.57,90292.31,90354.84,25.51551342,2025-12-14 02:15:00
1765679400000,90354.84,90384.05,90239.95,90309.38,29.81779718,2025-12-14 02:30:00
1765680300000,90309.38,90318.04,90256.45,90290.12,36.55100787,2025-12-14 02:45:00
1765681200000,90290.12,90303.13,90282.1,90289.98,15.25973203,2025-12-14 03:00:00
1765682100000,90289.98,90296.35,90274.03,90278.53,13.62107206,2025-12-14 03:15:00
1765683000000,90278.53,90285.44,90245.58,90277.97,42.10071698,2025-12-14 03:30:00
1765683900000,90277.97,90278.02,90249.95,90259.01,25.46072834,2025-12-14 03:45:00
1765684800000,90259.01,90296.32,90247.62,90287.96,13.27787971,2025-12-14 04:00:00
1765685700000,90287.96,90319.08,90287.92,90302.22,20.1401465,2025-12-14 04:15:00
1765686600000,90302.22,90325.37,90143.84,90164.8,27.45265425,2025-12-14 04:30:00
1765687500000,90164.8,90222.05,90127.97,90201.52,22.40548803,2025-12-14 04:45:00
1765688400000,90201.52,90201.53,90110.95,90156.56,26.1914382,2025-12-14 05:00:00
1765689300000,90156.56,90156.59,90050.69,90090.17,22.790574,2025-12-14 05:15:00
1765690200000,90090.17,90158.11,90068.73,90158.05,38.3360812,2025-12-14 05:30:00
1765691100000,90158.05,90227.11,90148.18,90199.06,33.33583223,2025-12-14 05:45:00
1765692000000,90199.06,90230.84,90182.18,90197.99,30.95140256,2025-12-14 06:00:00
1765692900000,90197.99,90233.87,90096.2,90101.35,65.69987579,2025-12-14 06:15:00
1765693800000,90101.35,90193.94,90092.84,90167.98,69.07101437,2025-12-14 06:30:00
1765694700000,90167.98,90175.65,90130.03,90145.26,23.45089765,2025-12-14 06:45:00
1765695600000,90145.26,90145.3,90129.57,90141.17,28.30457449,2025-12-14 07:00:00
1765696500000,90141.17,90141.19,90100.3,90111.78,13.59331301,2025-12-14 07:15:00
1765697400000,90111.78,90135.63,90073.02,90134.16,22.76616009,2025-12-14 07:30:00
1765698300000,90134.16,90279.4,90134.08,90245.59,28.90073893,2025-12-14 07:45:00
1765699200000,90245.59,90277.58,90201.95,90202.03,30.23375973,2025-12-14 08:00:00
1765700100000,90202.03,90280.04,90179.94,90180.03,22.4889255,2025-12-14 08:15:00
1765701000000,90180.03,90200.39,90166.9,90166.95,15.90115752,2025-12-14 08:30:00
1765701900000,90166.95,90166.98,90108.22,90108.28,13.85647375,2025-12-14 08:45:00
1765702800000,90108.28,90150.44,90076.75,90086.32,20.17739572,2025-12-14 09:00:00
1765703700000,90086.32,90134.81,90057.57,90084.31,29.42007843,2025-12-14 09:15:00
1765704600000,90084.31,90113.45,90001.11,90002.16,50.01169046,2025-12-14 09:30:00
1765705500000,90002.16,90033.69,90002.13,90020.09,34.13862119,2025-12-14 09:45:00
1765706400000,90020.09,90044.31,89789.99,89816.08,106.82184405,2025-12-14 10:00:00
1765707300000,89816.08,90133.36,89795.46,90000.86,63.07964519,2025-12-14 10:15:00
1765708200000,90000.86,90002.54,89862.07,89922.88,29.41328623,2025-12-14 10:30:00
1765709100000,89922.88,89922.91,89831.0,89853.7,32.46590606,2025-12-14 10:45:00
1765710000000,89853.7,89853.7,89504.81,89744.47,80.51929544,2025-12-14 11:00:00
1765710900000,89744.47,89775.1,89513.62,89514.89,75.83357133,2025-12-14 11:15:00
1765711800000,89514.89,89616.05,88724.31,88914.0,225.79765407,2025-12-14 11:30:00
1765712700000,88914.0,89437.26,88765.0,89380.27,121.22161289,2025-12-14 11:45:00
1765713600000,89380.27,89475.91,89100.92,89322.76,120.94345281,2025-12-14 12:00:00
1765714500000,89322.76,89552.66,89322.7,89381.47,72.66129734,2025-12-14 12:15:00
1765715400000,89381.47,89613.26,89381.45,89590.0,46.88006333,2025-12-14 12:30:00
1765716300000,89590.0,89665.07,89395.53,89431.68,52.27823311,2025-12-14 12:45:00
1765717200000,89431.68,89431.68,89087.46,89243.82,95.91497123,2025-12-14 13:00:00
1765718100000,89243.82,89322.32,89124.12,89280.4,86.14520427,2025-12-14 13:15:00
1765719000000,89280.4,89371.12,89223.96,89276.46,40.12241522,2025-12-14 13:30:00
1765719900000,89276.46,89488.32,89211.08,89488.32,68.72890044,2025-12-14 13:45:00
1765720800000,89488.32,89556.88,89367.65,89367.67,61.12816582,2025-12-14 14:00:00
1765721700000,89367.67,89420.24,89228.01,89280.06,50.65593618,2025-12-14 14:15:00
1765722600000,89280.06,89288.53,88930.05,88982.05,133.38737145,2025-12-14 14:30:00
1765723500000,88982.05,89130.8,88888.0,89118.07,170.632052,2025-12-14 14:45:00
1765724400000,89118.07,89176.62,88929.04,89049.51,61.26521632,2025-12-14 15:00:00
1765725300000,89049.51,89156.01,88882.65,89018.02,112.40787774,2025-12-14 15:15:00
1765726200000,89018.02,89119.36,88946.56,89064.57,43.76210776,2025-12-14 15:30:00
1765727100000,89064.57,89064.61,88984.16,89023.73,25.72344582,2025-12-14 15:45:00
1765728000000,89023.73,89047.08,88949.98,89024.98,45.97365983,2025-12-14 16:00:00
1765728900000,89024.98,89388.06,88991.05,89261.06,81.78326686,2025-12-14 16:15:00
1765729800000,89261.06,89335.74,88766.66,88815.65,72.83877609,2025-12-14 16:30:00
1765730700000,88815.65,88903.0,88511.11,88815.28,199.08189749,2025-12-14 16:45:00
1765731600000,88815.28,89032.44,88613.88,88711.69,116.42887746,2025-12-14 17:00:00
1765732500000,88711.69,88913.87,88622.3,88782.7,63.47140655,2025-12-14 17:15:00
1765733400000,88782.7,88843.67,88654.46,88772.67,36.04072931,2025-12-14 17:30:00
1765734300000,88772.67,88925.91,88687.66,88810.68,83.15164778,2025-12-14 17:45:00
1765735200000,88810.68,88959.46,88753.45,88922.34,30.62842855,2025-12-14 18:00:00
1765736100000,88922.34,89082.75,88734.43,88790.57,77.85826348,2025-12-14 18:15:00
1765737000000,88790.57,88929.1,88790.55,88891.19,32.1015898,2025-12-14 18:30:00
1765737900000,88891.19,89019.18,88830.17,88997.33,36.15328826,2025-12-14 18:45:00
1765738800000,88997.33,88997.33,88669.96,88748.96,60.61686666,2025-12-14 19:00:00
1765739700000,88748.96,88748.98,88496.97,88711.09,90.41610781,2025-12-14 19:15:00
1765740600000,88711.09,88752.03,88528.85,88602.52,45.27680317,2025-12-14 19:30:00
1765741500000,88602.52,88644.93,88498.14,88644.88,25.18467467,2025-12-14 19:45:00
1765742400000,88644.88,88812.03,88368.17,88801.63,156.00117902,2025-12-14 20:00:00
1765743300000,88801.63,88822.91,88631.09,88658.53,72.14994676,2025-12-14 20:15:00
1765744200000,88658.53,88726.51,88568.66,88658.61,33.63453974,2025-12-14 20:30:00
1765745100000,88658.61,88718.61,88504.45,88558.97,82.26376585,2025-12-14 20:45:00
1765746000000,88558.97,88593.49,88447.06,88524.91,49.3131012,2025-12-14 21:00:00
1765746900000,88524.91,88714.7,88524.91,88572.25,54.65218909,2025-12-14 21:15:00
1765747800000,88572.25,88604.67,88493.6,88535.89,29.79190079,2025-12-14 21:30:00
1765748700000,88535.89,88560.05,88345.89,88443.9,84.55592508,2025-12-14 21:45:00
1765749600000,88443.9,88599.42,88443.79,88501.68,56.17400477,2025-12-14 22:00:00
1765750500000,88501.68,88506.92,88349.95,88382.72,51.27599612,2025-12-14 22:15:00
1765751400000,88382.72,88382.72,88020.59,88174.75,214.99436798,2025-12-14 22:30:00
1765752300000,88174.75,88429.5,88131.49,88415.34,57.28992765,2025-12-14 22:45:00
1765753200000,88415.34,88593.81,87971.87,88059.18,116.70539687,2025-12-14 23:00:00
1765754100000,88059.18,88233.45,87933.0,88026.44,105.95754418,2025-12-14 23:15:00
1765755000000,88026.44,88110.9,87600.0,88038.49,143.25481251,2025-12-14 23:30:00
1765755900000,88038.49,88370.18,87955.94,88157.01,103.3197877,2025-12-14 23:45:00
1765756800000,88157.01,88487.81,88114.58,88163.86,136.73153572,2025-12-15 00:00:00
1765757700000,88163.86,88594.26,88074.43,88542.0,143.32828189,2025-12-15 00:15:00
1765758600000,88542.0,88691.8,88126.95,88257.17,114.83290404,2025-12-15 00:30:00
1765759500000,88257.17,88499.07,88223.95,88465.89,50.18652085,2025-12-15 00:45:00
1765760400000,88465.89,88612.37,88428.03,88605.3,115.55399527,2025-12-15 01:00:00
1765761300000,88605.3,88756.24,88537.39,88706.32,102.4809106,2025-12-15 01:15:00
1765762200000,88706.32,89300.63,88663.39,89069.14,179.63734982,2025-12-15 01:30:00
1765763100000,89069.14,89338.06,88979.84,89257.4,142.17960345,2025-12-15 01:45:00
1765764000000,89257.4,89654.15,89235.67,89529.86,196.65540268,2025-12-15 02:00:00
1765764900000,89529.86,89990.0,89519.22,89686.33,269.90900021,2025-12-15 02:15:00
1765765800000,89686.33,89716.03,89383.6,89451.09,162.06591952,2025-12-15 02:30:00
1765766700000,89451.09,89463.54,89241.99,89321.91,84.21501463,2025-12-15 02:45:00
1765767600000,89321.91,89436.03,89258.63,89381.6,66.2526616,2025-12-15 03:00:00
1765768500000,89381.6,89543.82,89359.61,89359.62,49.23029284,2025-12-15 03:15:00
1765769400000,89359.62,89399.94,89225.9,89267.01,59.99472571,2025-12-15 03:30:00
1765770300000,89267.01,89362.05,89261.36,89268.4,51.64553039,2025-12-15 03:45:00
1765771200000,89268.4,89540.03,89268.4,89487.99,56.26316616,2025-12-15 04:00:00
1765772100000,89487.99,89588.05,89272.83,89343.04,69.23727101,2025-12-15 04:15:00
1765773000000,89343.04,89669.87,89312.96,89669.87,83.0210275,2025-12-15 04:30:00
1765773900000,89669.87,89774.57,89633.63,89667.64,82.30936956,2025-12-15 04:45:00
1765774800000,89667.64,89677.32,89546.02,89652.2,42.98871634,2025-12-15 05:00:00
1765775700000,89652.2,89749.5,89639.98,89704.74,33.32328157,2025-12-15 05:15:00
1765776600000,89704.74,89704.74,89533.41,89533.48,46.56123815,2025-12-15 05:30:00
1765777500000,89533.48,89620.03,89491.95,89615.3,33.64350373,2025-12-15 05:45:00
1765778400000,89615.3,89620.05,89476.93,89498.17,34.10535732,2025-12-15 06:00:00
1765779300000,89498.17,89592.03,89498.15,89569.3,32.80165779,2025-12-15 06:15:00
1765780200000,89569.3,89658.06,89536.98,89604.52,43.72813702,2025-12-15 06:30:00
1765781100000,89604.52,89918.53,89604.48,89735.86,74.42168755,2025-12-15 06:45:00
1765782000000,89735.86,89824.51,89515.95,89564.12,92.35712219,2025-12-15 07:00:00
1765782900000,89564.12,89643.07,89564.12,89595.46,52.87239167,2025-12-15 07:15:00
1765783800000,89595.46,89744.13,89579.95,89616.32,68.84510144,2025-12-15 07:30:00
1765784700000,89616.32,89816.0,89606.82,89753.4,79.88389878,2025-12-15 07:45:00
1765785600000,89753.4,89820.03,89655.47,89705.33,48.07450484,2025-12-15 08:00:00
1765786500000,89705.33,89900.04,89697.45,89863.79,45.83074053,2025-12-15 08:15:00
1765787400000,89863.79,89900.05,89786.19,89849.29,34.2875747,2025-12-15 08:30:00
1765788300000,89849.29,89861.37,89769.95,89770.01,47.59088122,2025-12-15 08:45:00
1765789200000,89770.01,89925.0,89769.95,89848.56,44.80290684,2025-12-15 09:00:00
1765790100000,89848.56,89935.0,89835.39,89888.0,33.33952563,2025-12-15 09:15:00
1765791000000,89888.0,89913.54,89834.36,89845.44,33.55988681,2025-12-15 09:30:00
1765791900000,89845.44,89974.92,89819.59,89870.63,108.94027135,2025-12-15 09:45:00
1765792800000,89870.63,89932.57,89791.97,89828.79,64.29737352,2025-12-15 10:00:00
1765793700000,89828.79,89936.79,89711.36,89869.05,137.76202156,2025-12-15 10:15:00
1765794600000,89869.05,89979.86,89756.01,89827.03,93.92302849,2025-12-15 10:30:00
1765795500000,89827.03,89890.02,89825.78,89858.97,38.6002634,2025-12-15 10:45:00
1765796400000,89858.97,89897.09,89800.0,89800.03,77.48165956,2025-12-15 11:00:00
1765797300000,89800.03,89818.03,89776.96,89803.65,80.25698085,2025-12-15 11:15:00
1765798200000,89803.65,89835.08,89579.03,89585.57,113.88867604,2025-12-15 11:30:00
1765799100000,89585.57,89700.02,89585.55,89641.27,81.86917414,2025-12-15 11:45:00
1765800000000,89641.27,89646.48,89431.47,89455.76,109.08533565,2025-12-15 12:00:00
1765800900000,89455.76,89636.07,89454.39,89573.11,58.39900021,2025-12-15 12:15:00
1765801800000,89573.11,89762.67,89570.76,89748.63,54.63375257,2025-12-15 12:30:00
1765802700000,89748.63,89751.03,89622.56,89695.77,56.81000795,2025-12-15 12:45:00
1765803600000,89695.77,89736.93,89465.27,89564.9,81.8914406,2025-12-15 13:00:00
1765804500000,89564.9,89591.13,89359.86,89449.42,73.64829435,2025-12-15 13:15:00
1765805400000,89449.42,89508.99,89274.45,89470.17,98.92989025,2025-12-15 13:30:00
1765806300000,89470.17,89573.63,89427.79,89432.01,40.16003281,2025-12-15 13:45:00
1765807200000,89432.01,89647.57,89414.63,89603.38,61.66027031,2025-12-15 14:00:00
1765808100000,89603.38,89712.03,89328.45,89390.19,78.79153115,2025-12-15 14:15:00
1765809000000,89390.19,89874.64,89057.36,89261.77,196.56277392,2025-12-15 14:30:00
1765809900000,89261.77,89340.07,87838.52,88050.05,225.30261132,2025-12-15 14:45:00
1765810800000,88050.05,88177.51,87408.83,87480.28,210.05978447,2025-12-15 15:00:00
1765811700000,87480.28,87498.99,86677.0,86858.36,250.91074771,2025-12-15 15:15:00
1765812600000,86858.36,87200.0,86624.03,87200.0,284.98291698,2025-12-15 15:30:00
1765813500000,87200.0,87364.61,86736.66,87029.12,249.6984698,2025-12-15 15:45:00
1765814400000,87029.12,87220.01,86808.58,86896.98,226.21576658,2025-12-15 16:00:00
1765815300000,86896.98,87131.13,86849.92,86903.52,159.98049259,2025-12-15 16:15:00
1765816200000,86903.52,86954.82,86074.81,86333.48,235.34301294,2025-12-15 16:30:00
1765817100000,86333.48,86507.79,86138.97,86399.98,175.73768847,2025-12-15 16:45:00
1765818000000,86399.98,86491.65,86200.01,86232.51,130.27862788,2025-12-15 17:00:00
1765818900000,86232.51,86365.62,86099.98,86194.43,196.23159693,2025-12-15 17:15:00
1765819800000,86194.43,86254.69,85701.04,85844.59,304.72416997,2025-12-15 17:30:00
1765820700000,85844.59,85953.96,85597.69,85765.65,208.19694504,2025-12-15 17:45:00
1765821600000,85765.65,85976.53,85608.54,85889.15,150.83177636,2025-12-15 18:00:00
1765822500000,85889.15,85936.83,85539.54,85586.0,201.1896313,2025-12-15 18:15:00
1765823400000,85586.0,85890.4,85160.22,85769.01,285.26590537,2025-12-15 18:30:00
1765824300000,85769.01,86277.12,85707.9,86185.37,243.8885546,2025-12-15 18:45:00
1765825200000,86185.37,86545.08,85967.02,86000.0,215.83612327,2025-12-15 19:00:00
1765826100000,86000.0,86364.0,85880.04,86117.24,128.09179741,2025-12-15 19:15:00
1765827000000,86117.24,86332.79,86116.88,86201.99,96.73146169,2025-12-15 19:30:00
1765827900000,86201.99,86260.37,85976.51,86149.93,136.825694,2025-12-15 19:45:00
1765828800000,86149.93,86191.98,85733.06,85761.64,146.84925742,2025-12-15 20:00:00
1765829700000,85761.64,85884.91,85610.93,85740.79,142.82429739,2025-12-15 20:15:00
1765830600000,85740.79,86091.05,85713.37,85932.58,92.27264747,2025-12-15 20:30:00
1765831500000,85932.58,85978.99,85776.44,85845.92,76.08366786,2025-12-15 20:45:00
1765832400000,85845.92,85845.92,85543.73,85629.97,159.16571346,2025-12-15 21:00:00
1765833300000,85629.97,86149.13,85582.73,86072.9,120.58956184,2025-12-15 21:15:00
1765834200000,86072.9,86172.73,85992.18,86015.6,105.20015147,2025-12-15 21:30:00
1765835100000,86015.6,86306.91,86015.6,86214.25,116.83582148,2025-12-15 21:45:00
1765836000000,86214.25,86227.19,86001.35,86045.26,108.41918015,2025-12-15 22:00:00
1765836900000,86045.26,86081.57,85828.0,86019.97,71.80609485,2025-12-15 22:15:00
1765837800000,86019.97,86118.47,85935.63,86045.95,71.56207998,2025-12-15 22:30:00
1765838700000,86045.95,86259.35,85982.41,86259.31,68.40307111,2025-12-15 22:45:00
1765839600000,86259.31,86470.54,86185.87,86450.81,155.68179005,2025-12-15 23:00:00
1765840500000,86450.81,86450.81,86119.57,86229.52,174.43096871,2025-12-15 23:15:00
1765841400000,86229.52,86472.71,86197.03,86472.7,115.38507394,2025-12-15 23:30:00
1765842300000,86472.7,86472.7,86333.86,86432.07,80.75295426,2025-12-15 23:45:00
1765843200000,86432.07,86522.68,86279.97,86323.22,117.2564607,2025-12-16 00:00:00
1765844100000,86323.22,86417.4,86172.33,86354.44,67.11136581,2025-12-16 00:15:00
1765845000000,86354.44,86359.81,86100.0,86133.03,81.03290207,2025-12-16 00:30:00
1765845900000,86133.03,86133.07,85850.0,85861.0,124.24189366,2025-12-16 00:45:00
1765846800000,85861.0,86169.76,85747.9,86097.74,90.07459827,2025-12-16 01:00:00
1765847700000,86097.74,86151.44,85864.66,85910.59,74.60616093,2025-12-16 01:15:00
1765848600000,85910.59,86037.03,85689.71,85834.43,123.72456059,2025-12-16 01:30:00
1765849500000,85834.43,85933.84,85741.06,85900.33,84.35024263,2025-12-16 01:45:00
1765850400000,85900.33,86031.91,85850.0,85982.07,66.7577052,2025-12-16 02:00:00
1765851300000,85982.07,86227.23,85887.87,86200.01,78.83981165,2025-12-16 02:15:00
1765852200000,86200.01,86221.1,86068.76,86130.18,60.05804076,2025-12-16 02:30:00
1765853100000,86130.18,86156.18,85811.0,85944.04,139.52153518,2025-12-16 02:45:00
1765854000000,85944.04,86016.32,85685.03,85728.58,122.75197302,2025-12-16 03:00:00
1765854900000,85728.58,85799.98,85609.64,85709.97,89.7279939,2025-12-16 03:15:00
1765855800000,85709.97,85834.65,85384.13,85785.77,184.30543897,2025-12-16 03:30:00
1765856700000,85785.77,85887.96,85785.77,85875.92,118.5481902,2025-12-16 03:45:00
1765857600000,85875.92,85907.69,85791.95,85800.02,58.51602027,2025-12-16 04:00:00
1765858500000,85800.02,85814.85,85632.31,85646.98,76.1661582,2025-12-16 04:15:00
1765859400000,85646.98,85682.31,85482.01,85646.29,111.40161397,2025-12-16 04:30:00
1765860300000,85646.29,85848.28,85271.35,85838.52,173.03782226,2025-12-16 04:45:00
1765861200000,85838.52,85977.09,85812.58,85853.66,59.03527971,2025-12-16 05:00:00
1765862100000,85853.66,85999.34,85853.66,85986.82,48.91253118,2025-12-16 05:15:00
1765863000000,85986.82,86100.04,85948.45,86082.41,68.03608403,2025-12-16 05:30:00
1765863900000,86082.41,86200.06,85966.17,86028.15,86.0833615,2025-12-16 05:45:00
1765864800000,86028.15,86294.11,86028.15,86225.62,96.21430267,2025-12-16 06:00:00
1765865700000,86225.62,86461.18,86225.62,86416.5,83.01190103,2025-12-16 06:15:00
1765866600000,86416.5,86458.13,86366.19,86402.17,74.89147853,2025-12-16 06:30:00
1765867500000,86402.17,86593.36,86402.12,86508.01,137.06397152,2025-12-16 06:45:00
1765868400000,86508.01,86615.41,86330.96,86330.96,164.08586173,2025-12-16 07:00:00
1765869300000,86330.96,86390.81,86082.52,86227.33,160.5594937,2025-12-16 07:15:00
1765870200000,86227.33,86243.31,85896.3,85896.36,179.81310612,2025-12-16 07:30:00
1765871100000,85896.36,86114.08,85860.02,86021.5,146.43953034,2025-12-16 07:45:00
1765872000000,86021.5,86239.32,85930.9,86154.44,106.97259119,2025-12-16 08:00:00
1765872900000,86154.44,86286.55,86037.87,86271.88,101.90648399,2025-12-16 08:15:00
1765873800000,86271.88,86271.88,86087.63,86271.67,53.70356388,2025-12-16 08:30:00
1765874700000,86271.67,86384.37,86221.63,86287.08,55.1044054,2025-12-16 08:45:00
1765875600000,86287.08,86364.39,86257.43,86342.22,61.49415878,2025-12-16 09:00:00
1765876500000,86342.22,86409.61,86201.08,86277.78,73.19583265,2025-12-16 09:15:00
1765877400000,86277.78,86416.87,86229.46,86365.65,65.395236,2025-12-16 09:30:00
1765878300000,86365.65,86426.12,86252.6,86350.01,67.54813838,2025-12-16 09:45:00
1765879200000,86350.01,86470.62,86274.97,86460.99,55.98486147,2025-12-16 10:00:00
1765880100000,86460.99,86505.78,86352.38,86412.69,113.79062789,2025-12-16 10:15:00
1765881000000,86412.69,87296.34,86391.45,87119.87,181.74866887,2025-12-16 10:30:00
1765881900000,87119.87,87327.69,86866.72,86980.0,168.47742398,2025-12-16 10:45:00
1765882800000,86980.0,87052.1,86820.01,86981.95,108.40379356,2025-12-16 11:00:00
1765883700000,86981.95,87142.7,86956.24,87142.68,96.84093978,2025-12-16 11:15:00
1765884600000,87142.68,87314.28,87056.14,87107.89,148.09521282,2025-12-16 11:30:00
1765885500000,87107.89,87329.97,87001.0,87249.83,133.97575208,2025-12-16 11:45:00
1765886400000,87249.83,87342.7,87201.19,87244.0,143.09629286,2025-12-16 12:00:00
1765887300000,87244.0,87269.66,87121.0,87146.74,135.96933339,2025-12-16 12:15:00
1765888200000,87146.74,87257.97,87080.75,87255.12,123.33900107,2025-12-16 12:30:00
1765889100000,87255.12,87470.31,87134.28,87212.81,148.6974593,2025-12-16 12:45:00
1765890000000,87212.81,87299.96,87064.72,87210.47,202.57639758,2025-12-16 13:00:00
1765890900000,87210.47,87555.0,87210.47,87376.37,229.42620923,2025-12-16 13:15:00
1765891800000,87376.37,87778.35,86785.43,86926.35,439.83434144,2025-12-16 13:30:00
1765892700000,86926.35,87118.67,86436.7,86453.74,309.85264027,2025-12-16 13:45:00
1765893600000,86453.74,86957.63,86111.11,86864.04,211.6673276,2025-12-16 14:00:00
1765894500000,86864.04,87080.06,86787.71,86935.06,173.28753562,2025-12-16 14:15:00
1765895400000,86935.06,87367.28,86910.25,87101.3,179.35232718,2025-12-16 14:30:00
1765896300000,87101.3,87720.0,86810.82,87278.81,250.95108721,2025-12-16 14:45:00
1765897200000,87278.81,87470.64,86960.24,87236.03,178.91116777,2025-12-16 15:00:00
1765898100000,87236.03,87264.41,86855.25,87163.39,232.65793277,2025-12-16 15:15:00
1765899000000,87163.39,87342.04,87048.51,87329.23,189.15817998,2025-12-16 15:30:00
1765899900000,87329.23,88163.0,87278.75,87984.08,318.16570996,2025-12-16 15:45:00
1765900800000,87984.08,87996.26,87622.39,87756.07,208.42612647,2025-12-16 16:00:00
1765901700000,87756.07,88048.31,87537.81,87843.24,276.40665362,2025-12-16 16:15:00
1765902600000,87843.24,87913.63,87401.0,87529.35,243.31764429,2025-12-16 16:30:00
1765903500000,87529.35,87751.0,87451.59,87585.2,151.59096583,2025-12-16 16:45:00
1765904400000,87585.2,87834.91,87516.74,87766.45,128.29817902,2025-12-16 17:00:00
1765905300000,87766.45,87844.07,87278.75,87339.32,119.52215969,2025-12-16 17:15:00
1765906200000,87339.32,87503.84,87139.57,87224.61,157.35236076,2025-12-16 17:30:00
1765907100000,87224.61,87276.33,87094.98,87126.06,145.08799422,2025-12-16 17:45:00
1765908000000,87126.06,87541.63,87068.43,87487.58,175.26394608,2025-12-16 18:00:00
1765908900000,87487.58,87530.97,87293.86,87396.58,72.44403457,2025-12-16 18:15:00
1765909800000,87396.58,87935.87,87396.58,87906.43,179.81532163,2025-12-16 18:30:00
1765910700000,87906.43,88006.34,87717.03,87781.34,173.77742547,2025-12-16 18:45:00
1765911600000,87781.34,87790.93,87333.12,87333.12,149.25502204,2025-12-16 19:00:00
1765912500000,87333.12,87450.26,87297.94,87436.64,86.65154469,2025-12-16 19:15:00
1765913400000,87436.64,87620.76,87372.31,87565.0,78.90403281,2025-12-16 19:30:00
1765914300000,87565.0,87799.99,87536.08,87609.38,77.87668289,2025-12-16 19:45:00
1765915200000,87609.38,87687.07,87445.08,87481.29,82.85649308,2025-12-16 20:00:00
1765916100000,87481.29,87605.01,87343.72,87552.53,58.47023653,2025-12-16 20:15:00
1765917000000,87552.53,87798.0,87535.03,87764.61,69.29167174,2025-12-16 20:30:00
1765917900000,87764.61,87836.47,87595.86,87610.0,76.24459667,2025-12-16 20:45:00
1765918800000,87610.0,87713.02,87501.0,87649.85,51.95851538,2025-12-16 21:00:00
1765919700000,87649.85,87750.0,87615.71,87690.32,41.51872196,2025-12-16 21:15:00
1765920600000,87690.32,87906.32,87690.31,87876.56,57.93389995,2025-12-16 21:30:00
1765921500000,87876.56,87906.31,87730.86,87778.49,53.1751121,2025-12-16 21:45:00
1765922400000,87778.49,87888.93,87636.37,87637.9,43.82404267,2025-12-16 22:00:00
1765923300000,87637.9,87855.24,87637.9,87855.24,46.88217761,2025-12-16 22:15:00
1765924200000,87855.24,87931.51,87824.17,87874.77,50.48469717,2025-12-16 22:30:00
1765925100000,87874.77,87874.77,87725.74,87783.35,50.49037268,2025-12-16 22:45:00
1765926000000,87783.35,87827.68,87673.38,87726.02,50.58613011,2025-12-16 23:00:00
1765926900000,87726.02,87831.39,87602.31,87667.22,41.05243036,2025-12-16 23:15:00
1765927800000,87667.22,87803.75,87652.9,87803.75,18.11152315,2025-12-16 23:30:00
1765928700000,87803.75,87875.88,87739.17,87863.42,32.21200841,2025-12-16 23:45:00
1765929600000,87863.42,87863.44,87540.02,87540.61,61.63035673,2025-12-17 00:00:00
1765930500000,87540.61,87639.63,87481.8,87500.72,109.17565853,2025-12-17 00:15:00
1765931400000,87500.72,87573.05,87427.96,87440.24,46.26229402,2025-12-17 00:30:00
1765932300000,87440.24,87559.97,87440.24,87537.17,28.06109463,2025-12-17 00:45:00
1765933200000,87537.17,87680.82,87537.17,87593.85,46.73005685,2025-12-17 01:00:00
1765934100000,87593.85,87950.04,87593.84,87760.46,78.73064615,2025-12-17 01:15:00
1765935000000,87760.46,87872.43,87573.7,87577.45,37.09049519,2025-12-17 01:30:00
1765935900000,87577.45,87658.02,87487.85,87552.31,44.16718728,2025-12-17 01:45:00
1765936800000,87552.31,87587.17,87250.0,87287.01,51.48252054,2025-12-17 02:00:00
1765937700000,87287.01,87393.5,87188.34,87328.32,42.04130305,2025-12-17 02:15:00
1765938600000,87328.32,87404.03,87240.48,87400.67,45.79706072,2025-12-17 02:30:00
1765939500000,87400.67,87550.02,87377.7,87483.05,57.78490623,2025-12-17 02:45:00
1765940400000,87483.05,87615.3,87426.01,87426.01,58.23852249,2025-12-17 03:00:00
1765941300000,87426.01,87480.41,87336.71,87347.14,39.44031353,2025-12-17 03:15:00
1765942200000,87347.14,87389.92,87200.01,87259.56,78.70730386,2025-12-17 03:30:00
1765943100000,87259.56,87294.22,87152.92,87213.6,41.14128359,2025-12-17 03:45:00
1765944000000,87213.6,87388.58,87207.72,87324.66,47.9879401,2025-12-17 04:00:00
1765944900000,87324.66,87324.69,86977.71,87048.43,108.51795867,2025-12-17 04:15:00
1765945800000,87048.43,87106.83,86850.0,86868.26,55.20538373,2025-12-17 04:30:00
1765946700000,86868.26,86882.11,86721.42,86752.3,73.77832975,2025-12-17 04:45:00
1765947600000,86752.3,86752.3,86418.74,86621.83,176.9354589,2025-12-17 05:00:00
1765948500000,86621.83,86681.35,86222.85,86443.77,138.30955006,2025-12-17 05:15:00
1765949400000,86443.77,86519.13,86230.02,86488.04,71.62690859,2025-12-17 05:30:00
1765950300000,86488.04,86723.25,86453.65,86626.39,65.58623687,2025-12-17 05:45:00
1765951200000,86626.39,87000.0,86587.71,86869.22,163.07778644,2025-12-17 06:00:00
1765952100000,86869.22,86985.66,86821.74,86872.43,59.94329607,2025-12-17 06:15:00
1765953000000,86872.43,86935.02,86763.72,86803.56,68.9142702,2025-12-17 06:30:00
1765953900000,86803.56,86815.88,86737.87,86777.97,35.55939915,2025-12-17 06:45:00
1765954800000,86777.97,86923.0,86650.0,86662.31,76.68871306,2025-12-17 07:00:00
1765955700000,86662.31,86770.83,86602.85,86736.34,69.28536292,2025-12-17 07:15:00
1765956600000,86736.34,87141.52,86729.44,87018.99,148.83297877,2025-12-17 07:30:00
1765957500000,87018.99,87088.08,86936.06,87043.66,110.85022936,2025-12-17 07:45:00
1765958400000,87043.66,87045.63,86801.0,86801.0,114.81617081,2025-12-17 08:00:00
1765959300000,86801.0,86822.32,86465.96,86521.14,87.26482362,2025-12-17 08:15:00
1765960200000,86521.14,86577.7,86387.68,86489.74,85.51252782,2025-12-17 08:30:00
1765961100000,86489.74,86489.74,86338.85,86395.66,66.06313221,2025-12-17 08:45:00
1765962000000,86395.66,86509.92,86349.96,86494.65,51.98155876,2025-12-17 09:00:00
1765962900000,86494.65,86611.35,86282.66,86335.54,77.34986928,2025-12-17 09:15:00
1765963800000,86335.54,86451.58,86264.86,86444.37,76.06392477,2025-12-17 09:30:00
1765964700000,86444.37,86481.7,86403.03,86417.45,29.03654155,2025-12-17 09:45:00
1765965600000,86417.45,86730.76,86238.85,86680.86,77.26318053,2025-12-17 10:00:00
1765966500000,86680.86,86744.03,86522.83,86588.22,72.37261115,2025-12-17 10:15:00
1765967400000,86588.22,86800.0,86491.45,86719.88,79.75676382,2025-12-17 10:30:00
1765968300000,86719.88,86837.67,86549.97,86624.52,44.06619483,2025-12-17 10:45:00
1765969200000,86624.52,86860.06,86565.24,86844.61,75.38381112,2025-12-17 11:00:00
1765970100000,86844.61,86892.44,86778.11,86790.64,76.44333611,2025-12-17 11:15:00
1765971000000,86790.64,86925.97,86782.38,86898.72,43.95901328,2025-12-17 11:30:00
1765971900000,86898.72,87137.39,86857.97,86983.25,147.84130161,2025-12-17 11:45:00
1765972800000,86983.25,87215.92,86983.22,87147.9,147.83645865,2025-12-17 12:00:00
1765973700000,87147.9,87160.0,86990.47,87090.29,76.92105953,2025-12-17 12:15:00
1765974600000,87090.29,87098.02,86847.42,86847.47,161.8221443,2025-12-17 12:30:00
1765975500000,86847.47,87095.7,86827.9,87029.56,78.53143681,2025-12-17 12:45:00
1765976400000,87029.56,87305.46,86900.02,86900.02,139.09101873,2025-12-17 13:00:00
1765977300000,86900.02,87113.2,86833.9,87096.0,127.54377192,2025-12-17 13:15:00
1765978200000,87096.0,87389.62,87072.73,87387.18,109.28816487,2025-12-17 13:30:00
1765979100000,87387.18,87852.38,87363.12,87623.14,204.22367052,2025-12-17 13:45:00
1765980000000,87623.14,87751.62,87480.36,87583.92,124.84431479,2025-12-17 14:00:00
1765980900000,87583.92,87900.0,87583.89,87722.88,122.86591173,2025-12-17 14:15:00
1765981800000,87722.88,87921.07,87388.85,87478.02,140.53501174,2025-12-17 14:30:00
1765982700000,87478.02,89680.0,87190.21,89680.0,349.79655182,2025-12-17 14:45:00
1765983600000,89680.0,90360.0,89431.09,90200.64,401.16386864,2025-12-17 15:00:00
1765984500000,90200.64,90300.09,89642.04,89921.86,286.08501559,2025-12-17 15:15:00
1765985400000,89921.86,90077.21,88544.06,88703.72,296.58492519,2025-12-17 15:30:00
1765986300000,88703.72,88770.54,87138.75,87224.43,267.73127438,2025-12-17 15:45:00
1765987200000,87224.43,87770.88,86999.0,86999.0,276.80253418,2025-12-17 16:00:00
1765988100000,86999.0,87024.83,86312.98,86323.09,302.49602825,2025-12-17 16:15:00
1765989000000,86323.09,86684.15,86166.69,86624.44,243.79283984,2025-12-17 16:30:00
1765989900000,86624.44,87003.48,86466.86,86986.54,199.62633404,2025-12-17 16:45:00
1765990800000,86986.54,87000.0,86496.57,86669.13,183.83648846,2025-12-17 17:00:00
1765991700000,86669.13,87103.47,86627.34,86875.13,172.74969653,2025-12-17 17:15:00
1765992600000,86875.13,86916.29,86355.27,86355.27,101.01862536,2025-12-17 17:30:00
1765993500000,86355.27,86593.95,86265.18,86427.12,103.02695396,2025-12-17 17:45:00
1765994400000,86427.12,86845.73,86427.12,86561.2,135.0570145,2025-12-17 18:00:00
1765995300000,86561.2,86696.03,86449.9,86489.85,64.1364622,2025-12-17 18:15:00
1765996200000,86489.85,86582.29,85822.58,85965.69,123.86251536,2025-12-17 18:30:00
1765997100000,85965.69,86003.02,85665.66,85813.35,212.1417268,2025-12-17 18:45:00
1765998000000,85813.35,85851.74,85324.01,85527.7,266.56178223,2025-12-17 19:00:00
1765998900000,85527.7,85941.93,85493.53,85708.8,246.58850259,2025-12-17 19:15:00
1765999800000,85708.8,85850.06,85444.38,85641.57,151.25070041,2025-12-17 19:30:00
1766000700000,85641.57,86174.25,85641.54,86018.54,144.40001538,2025-12-17 19:45:00
1766001600000,86018.54,86054.19,85652.92,85685.07,202.84473262,2025-12-17 20:00:00
1766002500000,85685.07,86245.0,85685.07,86130.21,185.8788983,2025-12-17 20:15:00
1766003400000,86130.21,86185.04,85879.0,86119.13,90.03366036,2025-12-17 20:30:00
1766004300000,86119.13,86174.59,85814.89,85852.81,83.3972641,2025-12-17 20:45:00
1766005200000,85852.81,86049.18,85852.81,86003.44,55.80767122,2025-12-17 21:00:00
1766006100000,86003.44,86003.44,85775.97,85844.72,49.84598908,2025-12-17 21:15:00
1766007000000,85844.72,85919.44,85719.97,85902.96,76.43797525,2025-12-17 21:30:00
1766007900000,85902.96,86011.47,85859.12,85997.81,40.87600666,2025-12-17 21:45:00
1766008800000,85997.81,86121.13,85893.12,86064.77,98.35363281,2025-12-17 22:00:00
1766009700000,86064.77,86426.0,86001.58,86251.63,148.8705502,2025-12-17 22:15:00
1766010600000,86251.63,86307.1,86100.01,86164.74,80.10398423,2025-12-17 22:30:00
1766011500000,86164.74,86380.14,86109.72,86339.11,81.59228259,2025-12-17 22:45:00
1766012400000,86339.11,86339.13,86000.99,86001.02,67.73332153,2025-12-17 23:00:00
1766013300000,86001.02,86092.52,85956.56,86027.52,58.81638672,2025-12-17 23:15:00
1766014200000,86027.52,86129.08,85949.97,86103.2,50.12386884,2025-12-17 23:30:00
1766015100000,86103.2,86250.03,86073.85,86243.22,42.28540144,2025-12-17 23:45:00
1766016000000,86243.22,86294.27,86096.83,86159.17,80.73772715,2025-12-18 00:00:00
1766016900000,86159.17,86253.38,86055.4,86243.36,51.16729852,2025-12-18 00:15:00
1766017800000,86243.36,86313.72,86151.25,86162.91,59.26852501,2025-12-18 00:30:00
1766018700000,86162.91,86286.42,86141.06,86230.75,33.54629692,2025-12-18 00:45:00
1766019600000,86230.75,86232.7,85863.9,85962.0,78.83238241,2025-12-18 01:00:00
1766020500000,85962.0,86057.46,85884.04,85999.99,57.65975136,2025-12-18 01:15:00
1766021400000,85999.99,86156.2,85979.67,86125.49,37.18729643,2025-12-18 01:30:00
1766022300000,86125.49,86202.24,86032.77,86119.36,87.80598496,2025-12-18 01:45:00
1766023200000,86119.36,86541.03,86011.19,86492.95,105.24403875,2025-12-18 02:00:00
1766024100000,86492.95,86863.27,86299.91,86416.13,128.56037683,2025-12-18 02:15:00
1766025000000,86416.13,86706.7,86400.0,86698.05,74.07129763,2025-12-18 02:30:00
1766025900000,86698.05,86762.55,86627.46,86699.63,156.60851884,2025-12-18 02:45:00
1766026800000,86699.63,86699.65,86538.53,86598.17,170.97021208,2025-12-18 03:00:00
1766027700000,86598.17,86598.17,86306.97,86306.97,213.31910336,2025-12-18 03:15:00
1766028600000,86306.97,86574.53,86270.63,86535.76,231.17456563,2025-12-18 03:30:00
1766029500000,86535.76,86660.64,86504.92,86618.36,55.89969219,2025-12-18 03:45:00
1766030400000,86618.36,86893.05,86610.11,86763.38,97.72277414,2025-12-18 04:00:00
1766031300000,86763.38,86902.64,86695.56,86838.7,110.93781983,2025-12-18 04:15:00
1766032200000,86838.7,86901.43,86838.66,86858.57,143.84874876,2025-12-18 04:30:00
1766033100000,86858.57,86858.57,86762.48,86765.43,56.64716282,2025-12-18 04:45:00
1766034000000,86765.43,86768.69,86607.54,86617.73,128.38716586,2025-12-18 05:00:00
1766034900000,86617.73,86656.67,86517.9,86549.12,73.74941008,2025-12-18 05:15:00
1766035800000,86549.12,86733.65,86498.96,86669.92,71.45107843,2025-12-18 05:30:00
1766036700000,86669.92,86678.62,86384.57,86439.87,79.15236458,2025-12-18 05:45:00
1766037600000,86439.87,86572.76,86411.59,86546.03,53.0091403,2025-12-18 06:00:00
1766038500000,86546.03,86586.03,86427.97,86466.01,48.53631335,2025-12-18 06:15:00
1766039400000,86466.01,86537.61,86413.2,86483.7,48.00303732,2025-12-18 06:30:00
1766040300000,86483.7,86660.66,86456.76,86645.94,49.76280765,2025-12-18 06:45:00
1766041200000,86645.94,86849.01,86602.29,86791.89,99.03265288,2025-12-18 07:00:00
1766042100000,86791.89,86860.0,86791.89,86840.96,84.94108629,2025-12-18 07:15:00
1766043000000,86840.96,86863.78,86715.97,86747.72,159.44072243,2025-12-18 07:30:00
1766043900000,86747.72,86843.98,86712.47,86833.87,118.43420142,2025-12-18 07:45:00
1766044800000,86833.87,86950.0,86680.58,86749.95,102.26861742,2025-12-18 08:00:00
1766045700000,86749.95,87037.99,86749.95,86945.15,212.16990202,2025-12-18 08:15:00
1766046600000,86945.15,87127.58,86932.4,87027.66,125.07635498,2025-12-18 08:30:00
1766047500000,87027.66,87100.03,86953.08,86978.96,153.90704959,2025-12-18 08:45:00
1766048400000,86978.96,87020.41,86803.04,86821.02,89.69720279,2025-12-18 09:00:00
1766049300000,86821.02,87046.16,86819.97,87012.74,51.97459434,2025-12-18 09:15:00
1766050200000,87012.74,87388.28,87012.74,87372.43,212.2710604,2025-12-18 09:30:00
1766051100000,87372.43,87393.78,87277.62,87280.88,57.07086448,2025-12-18 09:45:00
1766052000000,87280.88,87435.0,87252.42,87341.34,113.22986748,2025-12-18 10:00:00
1766052900000,87341.34,87415.15,87272.01,87373.96,47.25698268,2025-12-18 10:15:00
1766053800000,87373.96,87450.0,87295.98,87343.35,55.14486647,2025-12-18 10:30:00
1766054700000,87343.35,87364.71,87213.29,87320.24,101.86402206,2025-12-18 10:45:00
1766055600000,87320.24,87356.82,87133.0,87133.0,87.04540821,2025-12-18 11:00:00
1766056500000,87133.0,87186.06,87067.23,87185.97,53.18550764,2025-12-18 11:15:00
1766057400000,87185.97,87271.42,87137.39,87143.74,49.4897848,2025-12-18 11:30:00
1766058300000,87143.74,87277.02,87143.72,87264.54,50.30255401,2025-12-18 11:45:00
1766059200000,87264.54,87350.64,87156.36,87159.75,65.48647083,2025-12-18 12:00:00
1766060100000,87159.75,87239.07,87120.01,87143.14,60.10478498,2025-12-18 12:15:00
1766061000000,87143.14,87408.6,87143.13,87373.92,157.25810781,2025-12-18 12:30:00
1766061900000,87373.92,87387.39,87115.66,87260.0,75.53922341,2025-12-18 12:45:00
1766062800000,87260.0,87952.02,87259.96,87900.03,258.14530781,2025-12-18 13:00:00
1766063700000,87900.03,87949.96,87577.24,87627.91,155.80674865,2025-12-18 13:15:00
1766064600000,87627.91,88830.6,87627.91,88764.45,407.18654259,2025-12-18 13:30:00
1766065500000,88764.45,89200.0,88614.05,88851.7,455.03315853,2025-12-18 13:45:00
1766066400000,88851.7,89475.75,88118.36,88118.36,341.82447517,2025-12-18 14:00:00
1766067300000,88118.36,88799.43,88116.31,88518.39,405.9934788,2025-12-18 14:15:00
1766068200000,88518.39,89091.2,87748.47,87851.58,252.04413268,2025-12-18 14:30:00
1766069100000,87851.58,88500.0,87754.17,88345.19,315.70621761,2025-12-18 14:45:00
1766070000000,88345.19,88658.9,88006.11,88101.0,274.42441757,2025-12-18 15:00:00
1766070900000,88101.0,88623.08,87977.23,88591.61,324.72869166,2025-12-18 15:15:00
1766071800000,88591.61,89362.89,88320.43,89050.82,347.3208879,2025-12-18 15:30:00
1766072700000,89050.82,89050.91,88470.53,88513.36,266.32022648,2025-12-18 15:45:00
1766073600000,88513.36,88530.26,88200.0,88200.0,184.49641587,2025-12-18 16:00:00
1766074500000,88200.0,88391.19,87875.73,88109.18,221.88878619,2025-12-18 16:15:00
1766075400000,88109.18,88413.81,88067.69,88292.94,140.42789854,2025-12-18 16:30:00
1766076300000,88292.94,88305.51,87939.35,88014.04,107.48446892,2025-12-18 16:45:00
1766077200000,88014.04,88022.65,86273.65,86384.69,265.66523877,2025-12-18 17:00:00
1766078100000,86384.69,86388.75,85487.73,85908.35,472.53700709,2025-12-18 17:15:00
1766079000000,85908.35,86606.5,85620.11,86463.52,255.35274072,2025-12-18 17:30:00
1766079900000,86463.52,86575.99,86125.28,86483.57,197.11762692,2025-12-18 17:45:00
1766080800000,86483.57,86885.0,86280.99,86717.01,234.64825245,2025-12-18 18:00:00
1766081700000,86717.01,86735.3,86293.4,86337.98,155.28395002,2025-12-18 18:15:00
1766082600000,86337.98,86641.15,86328.85,86487.02,106.62784567,2025-12-18 18:30:00
1766083500000,86487.02,86543.96,85720.01,85970.02,340.98649378,2025-12-18 18:45:00
1766084400000,85970.02,86010.13,85500.0,85649.97,369.32994869,2025-12-18 19:00:00
1766085300000,85649.97,85724.66,85235.01,85658.15,603.52070287,2025-12-18 19:15:00
1766086200000,85658.15,85820.17,84678.24,84693.45,304.21654707,2025-12-18 19:30:00
1766087100000,84693.45,84837.66,84481.56,84483.78,301.53835044,2025-12-18 19:45:00
1766088000000,84483.78,85259.56,84453.69,85137.75,199.02513227,2025-12-18 20:00:00
1766088900000,85137.75,85175.04,84923.41,84983.04,315.75851951,2025-12-18 20:15:00
1766089800000,84983.04,85118.8,84754.46,85021.11,251.11302063,2025-12-18 20:30:00
1766090700000,85021.11,85100.04,84565.1,84565.1,244.04134924,2025-12-18 20:45:00
1766091600000,84565.1,85277.35,84565.1,85158.35,157.27149666,2025-12-18 21:00:00
1766092500000,85158.35,85460.48,85099.68,85456.03,100.41758014,2025-12-18 21:15:00
1766093400000,85456.03,85827.49,85224.46,85298.81,208.83919821,2025-12-18 21:30:00
1766094300000,85298.81,85712.33,85273.9,85626.86,99.29390506,2025-12-18 21:45:00
1766095200000,85626.86,85739.97,85369.87,85390.17,66.7932008,2025-12-18 22:00:00
1766096100000,85390.17,85522.17,85308.59,85500.02,82.34157497,2025-12-18 22:15:00
1766097000000,85500.02,85718.14,85491.5,85590.61,96.9937075,2025-12-18 22:30:00
1766097900000,85590.61,85725.62,85501.86,85582.88,44.65074757,2025-12-18 22:45:00
1766098800000,85582.88,85620.0,85342.74,85620.0,69.33585772,2025-12-18 23:00:00
1766099700000,85620.0,85620.02,85382.93,85493.48,50.62048885,2025-12-18 23:15:00
1766100600000,85493.48,85582.0,85425.0,85488.55,40.26838798,2025-12-18 23:30:00
1766101500000,85488.55,85522.16,85338.43,85516.41,46.08059607,2025-12-18 23:45:00
1766102400000,85516.41,85597.76,85410.25,85494.24,51.15002758,2025-12-19 00:00:00
1766103300000,85494.24,85564.06,85410.26,85420.44,47.30572559,2025-12-19 00:15:00
1766104200000,85420.44,85447.18,85295.18,85300.32,78.29489192,2025-12-19 00:30:00
1766105100000,85300.32,85604.89,85300.32,85604.89,48.79257028,2025-12-19 00:45:00
1766106000000,85604.89,85604.89,85353.22,85441.98,51.58919693,2025-12-19 01:00:00
1766106900000,85441.98,85522.2,85164.83,85166.24,75.44328876,2025-12-19 01:15:00
1766107800000,85166.24,85375.03,85120.42,85336.5,59.51651467,2025-12-19 01:30:00
1766108700000,85336.5,85404.93,85119.05,85319.38,67.68474971,2025-12-19 01:45:00
1766109600000,85319.38,85328.69,85135.38,85234.01,68.01976675,2025-12-19 02:00:00
1766110500000,85234.01,85532.35,85206.24,85523.75,71.34275494,2025-12-19 02:15:00
1766111400000,85523.75,85620.48,85374.19,85603.27,126.54393944,2025-12-19 02:30:00
1766112300000,85603.27,85916.73,85564.09,85643.43,126.57040997,2025-12-19 02:45:00
1766113200000,85643.43,86474.27,85610.46,86354.25,189.55902814,2025-12-19 03:00:00
1766114100000,86354.25,87157.27,85968.8,87157.27,261.84175828,2025-12-19 03:15:00
1766115000000,87157.27,87567.71,86800.89,87030.29,214.72961653,2025-12-19 03:30:00
1766115900000,87030.29,87330.27,86710.87,86857.26,268.48179087,2025-12-19 03:45:00
1766116800000,86857.26,87380.06,86857.26,87362.87,232.50268762,2025-12-19 04:00:00
1766117700000,87362.87,87374.43,87036.37,87036.43,117.39166348,2025-12-19 04:15:00
1766118600000,87036.43,87205.39,86965.0,86982.05,89.51047377,2025-12-19 04:30:00
1766119500000,86982.05,87125.78,86982.05,87100.2,58.01741973,2025-12-19 04:45:00
1766120400000,87100.2,87175.46,86865.02,86992.05,128.70530054,2025-12-19 05:00:00
1766121300000,86992.05,86992.65,86744.48,86765.68,109.39490358,2025-12-19 05:15:00
1766122200000,86765.68,86952.38,86694.03,86893.99,163.41631956,2025-12-19 05:30:00
1766123100000,86893.99,87225.84,86893.97,87134.0,141.94670954,2025-12-19 05:45:00
1766124000000,87134.0,87200.03,87007.31,87045.37,91.89783788,2025-12-19 06:00:00
1766124900000,87045.37,87076.3,86907.78,87017.2,71.13097498,2025-12-19 06:15:00
1766125800000,87017.2,87128.47,86959.9,87124.11,50.01807265,2025-12-19 06:30:00
1766126700000,87124.11,87450.28,87074.28,87449.7,118.22237212,2025-12-19 06:45:00
1766127600000,87449.7,88400.0,87449.7,88150.88,288.80318859,2025-12-19 07:00:00
1766128500000,88150.88,88232.13,87827.93,87938.39,187.81526046,2025-12-19 07:15:00
1766129400000,87938.39,87967.5,87720.71,87790.29,125.49769761,2025-12-19 07:30:00
1766130300000,87790.29,88003.42,87774.26,87953.38,96.67977829,2025-12-19 07:45:00
1766131200000,87953.38,88125.08,87859.8,87967.0,124.2819969,2025-12-19 08:00:00
1766132100000,87967.0,88016.74,87742.47,87742.61,86.28358384,2025-12-19 08:15:00
1766133000000,87742.61,88177.92,87739.12,87938.08,113.83541552,2025-12-19 08:30:00
1766133900000,87938.08,88221.42,87930.71,88102.82,95.1877477,2025-12-19 08:45:00
1766134800000,88102.82,88113.1,87941.43,87942.58,108.54561258,2025-12-19 09:00:00
1766135700000,87942.58,88088.52,87898.31,88036.14,53.71904609,2025-12-19 09:15:00
1766136600000,88036.14,88165.4,87952.0,88029.9,65.55246839,2025-12-19 09:30:00
1766137500000,88029.9,88105.06,87987.64,88105.05,47.24616542,2025-12-19 09:45:00
1766138400000,88105.05,88296.85,88036.72,88185.36,71.80575591,2025-12-19 10:00:00
1766139300000,88185.36,88243.27,87921.38,87955.8,103.59121622,2025-12-19 10:15:00
1766140200000,87955.8,88130.38,87932.47,88065.06,50.97785041,2025-12-19 10:30:00
1766141100000,88065.06,88308.48,88065.0,88267.26,155.15148708,2025-12-19 10:45:00
1766142000000,88267.26,88371.58,88139.58,88337.94,72.57905976,2025-12-19 11:00:00
1766142900000,88337.94,88379.44,88181.7,88301.51,62.81066271,2025-12-19 11:15:00
1766143800000,88301.51,88362.38,88165.3,88287.71,68.08093259,2025-12-19 11:30:00
1766144700000,88287.71,88324.9,88185.45,88190.92,55.65100703,2025-12-19 11:45:00
1766145600000,88190.92,88255.0,87905.36,88215.25,144.22127225,2025-12-19 12:00:00
1766146500000,88215.25,88277.24,87995.86,88022.05,96.17778893,2025-12-19 12:15:00
1766147400000,88022.05,88082.75,87962.6,88046.81,123.99615736,2025-12-19 12:30:00
1766148300000,88046.81,88150.0,87846.06,87855.81,182.31249021,2025-12-19 12:45:00
1766149200000,87855.81,88047.49,87855.81,88002.09,142.02129719,2025-12-19 13:00:00
1766150100000,88002.09,88054.43,87908.03,88041.52,104.59488644,2025-12-19 13:15:00
1766151000000,88041.52,88216.67,87825.23,88090.76,163.32820335,2025-12-19 13:30:00
1766151900000,88090.76,88112.36,87894.84,87997.15,143.27038069,2025-12-19 13:45:00
1766152800000,87997.15,88213.65,87922.19,88157.17,157.42463069,2025-12-19 14:00:00
1766153700000,88157.17,88356.07,87850.03,88021.43,206.16893807,2025-12-19 14:15:00
1766154600000,88021.43,88507.96,87539.0,88501.29,169.59013892,2025-12-19 14:30:00
1766155500000,88501.29,88502.31,87909.05,88180.0,237.19101321,2025-12-19 14:45:00
1766156400000,88180.0,88820.15,87962.33,88762.3,190.41531498,2025-12-19 15:00:00
1766157300000,88762.3,89393.04,88058.62,88191.69,232.31283422,2025-12-19 15:15:00
1766158200000,88191.69,88409.98,87920.55,88039.93,267.58697927,2025-12-19 15:30:00
1766159100000,88039.93,88069.67,87712.4,87970.55,190.36021927,2025-12-19 15:45:00
1766160000000,87970.55,88495.1,87881.92,88402.33,198.57155171,2025-12-19 16:00:00
1766160900000,88402.33,88469.25,88255.12,88419.13,106.32114137,2025-12-19 16:15:00
1766161800000,88419.13,88890.82,88361.17,88509.82,219.00865493,2025-12-19 16:30:00
1766162700000,88509.82,88528.64,87901.0,87978.06,193.81380801,2025-12-19 16:45:00
1766163600000,87978.06,88300.0,87892.05,88089.18,136.45318795,2025-12-19 17:00:00
1766164500000,88089.18,88339.86,87584.25,87609.73,193.80916812,2025-12-19 17:15:00
1766165400000,87609.73,87717.61,86909.99,87120.77,241.57199607,2025-12-19 17:30:00
1766166300000,87120.77,87451.72,86873.19,86951.55,287.34494448,2025-12-19 17:45:00
1766167200000,86951.55,87234.14,86856.59,87193.51,147.53565523,2025-12-19 18:00:00
1766168100000,87193.51,87460.46,87066.29,87335.05,133.11934343,2025-12-19 18:15:00
1766169000000,87335.05,87342.78,86939.37,87018.92,97.32449378,2025-12-19 18:30:00
1766169900000,87018.92,87313.15,86937.55,87155.45,104.87894973,2025-12-19 18:45:00
1766170800000,87155.45,87408.6,87140.38,87267.85,128.13155861,2025-12-19 19:00:00
1766171700000,87267.85,87803.27,87267.85,87658.02,213.83223873,2025-12-19 19:15:00
1766172600000,87658.02,88010.0,87597.43,87973.15,243.45459553,2025-12-19 19:30:00
1766173500000,87973.15,88124.7,87800.0,87845.95,102.68840098,2025-12-19 19:45:00
1766174400000,87845.95,87974.11,87614.19,87780.0,132.87335471,2025-12-19 20:00:00
1766175300000,87780.0,88201.52,87691.14,88036.43,154.46122271,2025-12-19 20:15:00
1766176200000,88036.43,88410.91,87892.36,88070.37,181.57234193,2025-12-19 20:30:00
1766177100000,88070.37,88385.01,87946.79,88100.0,150.85218042,2025-12-19 20:45:00
1766178000000,88100.0,88100.0,87898.19,87914.81,109.54815723,2025-12-19 21:00:00
1766178900000,87914.81,88080.85,87892.77,87984.89,76.02326582,2025-12-19 21:15:00
1766179800000,87984.89,88063.57,87908.15,87908.15,48.43897546,2025-12-19 21:30:00
1766180700000,87908.15,87949.43,87799.97,87827.48,46.33714855,2025-12-19 21:45:00
1766181600000,87827.48,88213.67,87827.48,88049.89,63.38008274,2025-12-19 22:00:00
1766182500000,88049.89,88311.09,88049.88,88218.46,59.7799095,2025-12-19 22:15:00
1766183400000,88218.46,88389.51,88147.7,88389.5,48.25754593,2025-12-19 22:30:00
1766184300000,88389.5,88421.81,88221.45,88344.8,73.82198028,2025-12-19 22:45:00
1766185200000,88344.8,88362.83,88251.98,88262.99,35.32847543,2025-12-19 23:00:00
1766186100000,88262.99,88354.89,88254.77,88329.45,45.11861111,2025-12-19 23:15:00
1766187000000,88329.45,88329.47,88157.82,88231.13,45.80679649,2025-12-19 23:30:00
1766187900000,88231.13,88231.13,88133.87,88136.98,30.03906387,2025-12-19 23:45:00
1766188800000,88136.98,88167.52,88022.83,88123.69,52.15933449,2025-12-20 00:00:00
1766189700000,88123.69,88185.64,88081.9,88169.38,47.40407246,2025-12-20 00:15:00
1766190600000,88169.38,88178.55,88064.97,88084.44,37.48378342,2025-12-20 00:30:00
1766191500000,88084.44,88115.24,87957.21,88005.62,43.63174256,2025-12-20 00:45:00
1766192400000,88005.62,88106.74,88005.59,88093.39,27.55710503,2025-12-20 01:00:00
1766193300000,88093.39,88165.43,88092.12,88137.62,56.39615634,2025-12-20 01:15:00
1766194200000,88137.62,88137.64,88040.36,88042.21,43.7592946,2025-12-20 01:30:00
1766195100000,88042.21,88130.04,88042.21,88075.88,39.37940902,2025-12-20 01:45:00
1766196000000,88075.88,88080.01,87988.6,88051.04,38.32990002,2025-12-20 02:00:00
1766196900000,88051.04,88140.03,88051.02,88116.15,30.64792765,2025-12-20 02:15:00
1766197800000,88116.15,88312.87,88110.7,88312.59,72.71881427,2025-12-20 02:30:00
1766198700000,88312.59,88312.59,88185.55,88204.02,47.34725899,2025-12-20 02:45:00
1766199600000,88204.02,88253.43,88176.4,88176.49,22.34753287,2025-12-20 03:00:00
1766200500000,88176.49,88312.49,88176.46,88308.69,30.97885935,2025-12-20 03:15:00
1766201400000,88308.69,88339.3,88295.16,88299.42,40.51285138,2025-12-20 03:30:00
1766202300000,88299.42,88299.48,88214.96,88215.0,18.98523755,2025-12-20 03:45:00
1766203200000,88215.0,88252.32,88123.0,88138.5,33.37909805,2025-12-20 04:00:00
1766204100000,88138.5,88238.92,88138.45,88237.44,45.88405682,2025-12-20 04:15:00
1766205000000,88237.44,88310.48,88220.84,88273.11,21.65531864,2025-12-20 04:30:00
1766205900000,88273.11,88338.34,88234.74,88295.38,45.68424632,2025-12-20 04:45:00
1766206800000,88295.38,88359.09,88275.18,88352.8,38.88430021,2025-12-20 05:00:00
1766207700000,88352.8,88495.02,88349.99,88400.03,53.33303343,2025-12-20 05:15:00
1766208600000,88400.03,88572.48,88373.3,88513.98,81.20032031,2025-12-20 05:30:00
1766209500000,88513.98,88513.98,88295.28,88295.28,43.89520835,2025-12-20 05:45:00
1766210400000,88295.28,88444.91,88275.89,88439.33,22.5567008,2025-12-20 06:00:00
1766211300000,88439.33,88439.35,88356.8,88356.83,18.32389924,2025-12-20 06:15:00
1766212200000,88356.83,88356.85,88292.29,88308.53,20.49169212,2025-12-20 06:30:00
1766213100000,88308.53,88339.96,88277.05,88305.82,20.33470538,2025-12-20 06:45:00
1766214000000,88305.82,88328.87,88220.07,88297.5,37.26239585,2025-12-20 07:00:00
1766214900000,88297.5,88301.57,88189.64,88230.01,45.89412565,2025-12-20 07:15:00
1766215800000,88230.01,88266.19,88187.68,88205.04,31.46275906,2025-12-20 07:30:00
1766216700000,88205.04,88278.41,88190.04,88275.82,32.05073857,2025-12-20 07:45:00
1766217600000,88275.82,88390.5,88275.42,88311.2,33.11852421,2025-12-20 08:00:00
1766218500000,88311.2,88415.51,88309.32,88355.8,39.18577337,2025-12-20 08:15:00
1766219400000,88355.8,88428.07,88341.07,88346.95,37.99644849,2025-12-20 08:30:00
1766220300000,88346.95,88351.33,88257.2,88257.2,53.75493743,2025-12-20 08:45:00
1766221200000,88257.2,88305.18,88220.55,88299.97,34.96343942,2025-12-20 09:00:00
1766222100000,88299.97,88341.25,88299.96,88304.25,27.1782294,2025-12-20 09:15:00
1766223000000,88304.25,88335.73,88256.37,88261.37,41.1238462,2025-12-20 09:30:00
1766223900000,88261.37,88272.45,88223.97,88224.0,30.26215668,2025-12-20 09:45:00
1766224800000,88224.0,88288.28,88198.95,88258.17,75.37292891,2025-12-20 10:00:00
1766225700000,88258.17,88258.17,88129.25,88158.72,41.18242295,2025-12-20 10:15:00
1766226600000,88158.72,88192.65,88150.44,88192.6,56.78458953,2025-12-20 10:30:00
1766227500000,88192.6,88209.6,88135.4,88163.95,25.85992052,2025-12-20 10:45:00
1766228400000,88163.95,88164.0,88107.94,88138.13,24.36354229,2025-12-20 11:00:00
1766229300000,88138.13,88313.22,88138.12,88239.73,79.44440752,2025-12-20 11:15:00
1766230200000,88239.73,88295.94,88232.46,88273.26,34.33359481,2025-12-20 11:30:00
1766231100000,88273.26,88300.0,88249.79,88277.64,30.83238029,2025-12-20 11:45:00
1766232000000,88277.64,88334.95,88251.14,88266.52,40.26607229,2025-12-20 12:00:00
1766232900000,88266.52,88266.54,88217.16,88217.61,36.02579425,2025-12-20 12:15:00
1766233800000,88217.61,88217.68,88195.48,88205.74,17.15271899,2025-12-20 12:30:00
1766234700000,88205.74,88256.15,88205.69,88256.04,21.0586736,2025-12-20 12:45:00
1766235600000,88256.04,88343.7,88106.67,88152.52,72.2892293,2025-12-20 13:00:00
1766236500000,88152.52,88169.73,87858.13,88021.04,173.25275667,2025-12-20 13:15:00
1766237400000,88021.04,88197.37,88007.57,88190.73,63.47150225,2025-12-20 13:30:00
1766238300000,88190.73,88275.77,88190.71,88270.35,55.14910431,2025-12-20 13:45:00
1766239200000,88270.35,88270.41,88012.0,88088.94,83.10984764,2025-12-20 14:00:00
1766240100000,88088.94,88117.1,88063.22,88103.78,42.24972572,2025-12-20 14:15:00
1766241000000,88103.78,88194.85,88103.78,88188.04,39.45969871,2025-12-20 14:30:00
1766241900000,88188.04,88284.33,88184.93,88260.88,80.42722161,2025-12-20 14:45:00
1766242800000,88260.88,88267.09,88186.07,88200.0,40.63028475,2025-12-20 15:00:00
1766243700000,88200.0,88214.74,88024.05,88109.28,137.41773089,2025-12-20 15:15:00
1766244600000,88109.28,88169.66,88102.81,88165.28,42.01649547,2025-12-20 15:30:00
1766245500000,88165.28,88206.59,88165.23,88178.74,33.15516998,2025-12-20 15:45:00
1766246400000,88178.74,88242.73,88169.76,88191.85,35.55578658,2025-12-20 16:00:00
1766247300000,88191.85,88207.4,88179.95,88181.68,21.1252043,2025-12-20 16:15:00
1766248200000,88181.68,88181.74,88134.77,88138.7,34.87317946,2025-12-20 16:30:00
1766249100000,88138.7,88168.71,88134.74,88149.69,15.35348524,2025-12-20 16:45:00
1766250000000,88149.69,88233.76,88112.42,88165.01,28.80847986,2025-12-20 17:00:00
1766250900000,88165.01,88258.25,88161.19,88245.33,43.25115356,2025-12-20 17:15:00
1766251800000,88245.33,88245.34,88175.82,88203.38,25.11035153,2025-12-20 17:30:00
1766252700000,88203.38,88228.63,88181.71,88181.82,14.1052052,2025-12-20 17:45:00
1766253600000,88181.82,88213.94,88151.97,88157.88,48.48722171,2025-12-20 18:00:00
1766254500000,88157.88,88209.2,88157.84,88205.51,13.97197303,2025-12-20 18:15:00
1766255400000,88205.51,88213.48,88185.78,88191.17,21.50331212,2025-12-20 18:30:00
1766256300000,88191.17,88418.92,88191.17,88313.22,93.96610168,2025-12-20 18:45:00
1766257200000,88313.22,88329.06,88217.72,88303.88,21.96780479,2025-12-20 19:00:00
1766258100000,88303.88,88303.9,88245.25,88267.05,19.33457598,2025-12-20 19:15:00
1766259000000,88267.05,88267.05,88228.14,88238.86,8.95120946,2025-12-20 19:30:00
1766259900000,88238.86,88238.89,88201.1,88232.9,15.90570687,2025-12-20 19:45:00
1766260800000,88232.9,88264.53,88211.08,88263.57,28.14087566,2025-12-20 20:00:00
1766261700000,88263.57,88287.59,88259.66,88271.34,19.81700502,2025-12-20 20:15:00
1766262600000,88271.34,88312.68,88230.18,88230.25,20.41806273,2025-12-20 20:30:00
1766263500000,88230.25,88271.63,88230.21,88271.61,28.44248502,2025-12-20 20:45:00
1766264400000,88271.61,88320.99,88270.84,88304.25,36.18524285,2025-12-20 21:00:00
1766265300000,88304.25,88440.19,88291.98,88296.31,40.6324928,2025-12-20 21:15:00
1766266200000,88296.31,88308.68,88290.4,88290.59,11.90863221,2025-12-20 21:30:00
1766267100000,88290.59,88290.6,88184.92,88209.0,43.90156223,2025-12-20 21:45:00
1766268000000,88209.0,88248.84,88165.23,88180.48,35.07628085,2025-12-20 22:00:00
1766268900000,88180.48,88224.4,88154.02,88211.62,36.13339914,2025-12-20 22:15:00
1766269800000,88211.62,88299.0,88211.62,88255.61,26.45071586,2025-12-20 22:30:00
1766270700000,88255.61,88340.0,88251.99,88279.35,48.29557212,2025-12-20 22:45:00
1766271600000,88279.35,88330.32,88252.73,88330.32,31.44484591,2025-12-20 23:00:00
1766272500000,88330.32,88367.71,88264.87,88284.18,20.79985751,2025-12-20 23:15:00
1766273400000,88284.18,88329.92,88280.81,88321.07,20.72451084,2025-12-20 23:30:00
1766274300000,88321.07,88423.5,88319.87,88360.89,38.87729085,2025-12-20 23:45:00
1766275200000,88360.89,88392.63,88305.97,88326.48,26.39788834,2025-12-21 00:00:00
1766276100000,88326.48,88418.92,88326.45,88414.7,30.39764602,2025-12-21 00:15:00
1766277000000,88414.7,88433.67,88306.69,88336.82,27.83535157,2025-12-21 00:30:00
1766277900000,88336.82,88387.96,88325.14,88387.89,15.16703513,2025-12-21 00:45:00
1766278800000,88387.89,88387.9,88289.42,88300.64,14.0704769,2025-12-21 01:00:00
1766279700000,88300.64,88322.17,88289.97,88290.0,11.40672692,2025-12-21 01:15:00
1766280600000,88290.0,88290.0,88063.39,88092.16,109.41577974,2025-12-21 01:30:00
1766281500000,88092.16,88156.81,88010.44,88011.83,78.22251651,2025-12-21 01:45:00
1766282400000,88011.83,88148.06,88000.01,88027.7,78.29457464,2025-12-21 02:00:00
1766283300000,88027.7,88027.7,87869.39,87955.14,69.06900314,2025-12-21 02:15:00
1766284200000,87955.14,88043.82,87920.07,87948.03,55.69183736,2025-12-21 02:30:00
1766285100000,87948.03,88017.17,87886.51,87943.75,78.07766007,2025-12-21 02:45:00
1766286000000,87943.75,88097.15,87934.46,88025.28,41.19367548,2025-12-21 03:00:00
1766286900000,88025.28,88150.0,88021.9,88062.88,29.77204854,2025-12-21 03:15:00
1766287800000,88062.88,88128.15,88040.4,88049.21,39.65830561,2025-12-21 03:30:00
1766288700000,88049.21,88070.68,88049.21,88070.62,30.11125382,2025-12-21 03:45:00
1766289600000,88070.62,88144.84,88049.68,88072.25,78.43486649,2025-12-21 04:00:00
1766290500000,88072.25,88124.46,88072.25,88119.46,20.6834821,2025-12-21 04:15:00
1766291400000,88119.46,88132.01,88079.75,88079.8,15.83927913,2025-12-21 04:30:00
1766292300000,88079.8,88079.8,88050.97,88065.85,15.19168719,2025-12-21 04:45:00
1766293200000,88065.85,88117.38,88049.34,88109.63,14.97799332,2025-12-21 05:00:00
1766294100000,88109.63,88150.07,88056.4,88133.29,17.69097458,2025-12-21 05:15:00
1766295000000,88133.29,88145.66,88109.33,88109.37,12.89704841,2025-12-21 05:30:00
1766295900000,88109.37,88139.84,88100.64,88138.93,8.53776967,2025-12-21 05:45:00
1766296800000,88138.93,88193.07,88108.7,88178.72,18.94406743,2025-12-21 06:00:00
1766297700000,88178.72,88201.62,88147.17,88161.38,30.58684404,2025-12-21 06:15:00
1766298600000,88161.38,88182.5,88111.67,88112.11,22.725749,2025-12-21 06:30:00
1766299500000,88112.11,88130.41,88068.27,88090.72,25.75524142,2025-12-21 06:45:00
1766300400000,88090.72,88149.04,88090.72,88116.17,17.7290991,2025-12-21 07:00:00
1766301300000,88116.17,88144.24,88103.62,88113.7,22.86817102,2025-12-21 07:15:00
1766302200000,88113.7,88130.6,88056.79,88063.39,27.94068593,2025-12-21 07:30:00
1766303100000,88063.39,88174.85,88063.39,88174.76,20.51957053,2025-12-21 07:45:00
1766304000000,88174.76,88190.09,88141.84,88157.49,27.4692339,2025-12-21 08:00:00
1766304900000,88157.49,88259.59,88144.46,88258.99,42.67262259,2025-12-21 08:15:00
1766305800000,88258.99,88746.13,88239.88,88606.17,149.64626903,2025-12-21 08:30:00
1766306700000,88606.17,88656.85,88461.93,88537.9,107.90895282,2025-12-21 08:45:00
1766307600000,88537.9,88788.28,88497.78,88674.4,107.85892197,2025-12-21 09:00:00
1766308500000,88674.4,88796.35,88642.87,88643.83,77.6933609,2025-12-21 09:15:00
1766309400000,88643.83,88933.0,88639.61,88834.06,107.24047855,2025-12-21 09:30:00
1766310300000,88834.06,89092.43,88832.9,88878.14,150.83137435,2025-12-21 09:45:00
1766311200000,88878.14,88977.92,88768.52,88783.58,101.95228685,2025-12-21 10:00:00
1766312100000,88783.58,88840.04,88719.03,88756.95,75.99972016,2025-12-21 10:15:00
1766313000000,88756.95,88808.36,88581.85,88725.15,83.0333524,2025-12-21 10:30:00
1766313900000,88725.15,88728.38,88587.91,88659.27,41.01575444,2025-12-21 10:45:00
1766314800000,88659.27,88671.74,88587.55,88642.41,41.13165017,2025-12-21 11:00:00
1766315700000,88642.41,88750.0,88604.4,88681.33,33.1306918,2025-12-21 11:15:00
1766316600000,88681.33,88704.25,88596.03,88606.0,29.76655162,2025-12-21 11:30:00
1766317500000,88606.0,88643.89,88591.91,88601.53,19.06103418,2025-12-21 11:45:00
1766318400000,88601.53,88778.87,88599.17,88754.36,35.86902611,2025-12-21 12:00:00
1766319300000,88754.36,88924.46,88754.01,88830.44,71.5558128,2025-12-21 12:15:00
1766320200000,88830.44,88908.13,88563.78,88575.28,71.1658079,2025-12-21 12:30:00
1766321100000,88575.28,88646.87,88465.91,88637.24,62.77414882,2025-12-21 12:45:00
1766322000000,88637.24,88696.5,88292.86,88363.77,147.67184936,2025-12-21 13:00:00
1766322900000,88363.77,88363.77,88199.94,88212.32,121.17967405,2025-12-21 13:15:00
1766323800000,88212.32,88212.35,87723.31,87934.74,181.40695582,2025-12-21 13:30:00
1766324700000,87934.74,87955.09,87613.65,87678.26,152.99284353,2025-12-21 13:45:00
1766325600000,87678.26,88145.38,87630.82,87887.25,226.36411689,2025-12-21 14:00:00
1766326500000,87887.25,88023.22,87797.63,87908.59,103.11744506,2025-12-21 14:15:00
1766327400000,87908.59,88057.56,87846.38,88050.57,73.07892451,2025-12-21 14:30:00
1766328300000,88050.57,88081.65,87960.52,88065.19,46.10643414,2025-12-21 14:45:00
1766329200000,88065.19,88080.34,87910.73,87943.5,83.71192438,2025-12-21 15:00:00
1766330100000,87943.5,87970.56,87810.81,87900.03,92.72947888,2025-12-21 15:15:00
1766331000000,87900.03,88100.0,87893.44,87999.85,57.11402592,2025-12-21 15:30:00
1766331900000,87999.85,88252.65,87971.81,88067.97,83.64656152,2025-12-21 15:45:00
1766332800000,88067.97,88160.49,88000.0,88058.71,59.2221044,2025-12-21 16:00:00
1766333700000,88058.71,88349.97,87972.69,88224.39,103.88992691,2025-12-21 16:15:00
1766334600000,88224.39,88259.0,88176.88,88188.83,71.98862218,2025-12-21 16:30:00
1766335500000,88188.83,88360.55,88177.05,88359.15,118.95714365,2025-12-21 16:45:00
1766336400000,88359.15,88440.0,88341.48,88412.92,98.95660196,2025-12-21 17:00:00
1766337300000,88412.92,88495.02,88280.41,88307.67,86.8758882,2025-12-21 17:15:00
1766338200000,88307.67,88391.99,88294.04,88391.92,46.98732962,2025-12-21 17:30:00
1766339100000,88391.92,88415.28,88289.3,88324.18,44.10198157,2025-12-21 17:45:00
1766340000000,88324.18,88324.18,87951.57,87986.65,59.92366938,2025-12-21 18:00:00
1766340900000,87986.65,88126.44,87968.97,88126.24,29.25429257,2025-12-21 18:15:00
1766341800000,88126.24,88299.74,88112.76,88278.49,34.47629169,2025-12-21 18:30:00
1766342700000,88278.49,88452.05,88270.05,88445.1,44.55696188,2025-12-21 18:45:00
1766343600000,88445.1,88514.79,88341.27,88379.27,54.96694938,2025-12-21 19:00:00
1766344500000,88379.27,88392.92,88323.49,88358.44,20.5493591,2025-12-21 19:15:00
1766345400000,88358.44,88427.33,88201.61,88420.92,71.33100954,2025-12-21 19:30:00
1766346300000,88420.92,88592.79,88359.98,88484.0,67.27286612,2025-12-21 19:45:00
1766347200000,88484.0,88500.03,88312.28,88312.28,35.71498513,2025-12-21 20:00:00
1766348100000,88312.28,88350.92,88280.79,88291.74,25.63332622,2025-12-21 20:15:00
1766349000000,88291.74,88319.8,88278.38,88291.69,15.3282802,2025-12-21 20:30:00
1766349900000,88291.69,88296.07,88230.73,88230.96,25.10899423,2025-12-21 20:45:00
1766350800000,88230.96,88281.34,88180.33,88266.46,19.37029105,2025-12-21 21:00:00
1766351700000,88266.46,88368.86,88261.3,88341.11,12.11813037,2025-12-21 21:15:00
1766352600000,88341.11,88368.86,88214.43,88235.27,24.34830982,2025-12-21 21:30:00
1766353500000,88235.27,88243.73,88091.86,88162.82,52.99345124,2025-12-21 21:45:00
1766354400000,88162.82,88370.63,88120.96,88370.58,21.38407382,2025-12-21 22:00:00
1766355300000,88370.58,88461.0,88250.85,88357.77,43.85291433,2025-12-21 22:15:00
1766356200000,88357.77,88442.58,88294.32,88378.3,31.47942408,2025-12-21 22:30:00
1766357100000,88378.3,88494.96,88368.65,88482.78,34.56832025,2025-12-21 22:45:00
1766358000000,88482.78,88800.0,88482.78,88521.73,129.58368977,2025-12-21 23:00:00
1766358900000,88521.73,88650.03,88449.97,88449.99,49.41308325,2025-12-21 23:15:00
1766359800000,88449.99,88570.03,88374.73,88483.89,46.54166424,2025-12-21 23:30:00
1766360700000,88483.89,88658.83,88483.82,88658.83,36.14136896,2025-12-21 23:45:00
1766361600000,88658.83,89479.75,88658.83,89463.01,115.79273797,2025-12-22 00:00:00
1766362500000,89463.01,89619.55,88801.0,89016.6,153.77069905,2025-12-22 00:15:00
1766363400000,89016.6,89296.06,88834.21,89111.91,95.27768829,2025-12-22 00:30:00
1766364300000,89111.91,89232.9,88622.44,88622.44,138.44156791,2025-12-22 00:45:00
1766365200000,88622.44,89028.97,88533.54,88973.53,216.99127642,2025-12-22 01:00:00
1766366100000,88973.53,89140.16,88945.39,89013.99,53.79794301,2025-12-22 01:15:00
1766367000000,89013.99,89279.67,89011.99,89084.35,47.11841586,2025-12-22 01:30:00
1766367900000,89084.35,89143.44,88557.45,88626.29,108.7256162,2025-12-22 01:45:00
1766368800000,88626.29,88639.17,87905.79,88200.79,194.95410864,2025-12-22 02:00:00
1766369700000,88200.79,88433.32,88103.86,88327.99,80.1202522,2025-12-22 02:15:00
1766370600000,88327.99,88543.85,88293.02,88387.7,66.21924402,2025-12-22 02:30:00
1766371500000,88387.7,88549.29,88386.51,88458.31,47.82111066,2025-12-22 02:45:00
1766372400000,88458.31,88640.84,88283.56,88583.74,62.63235632,2025-12-22 03:00:00
1766373300000,88583.74,88849.96,88574.38,88771.62,62.80826182,2025-12-22 03:15:00
1766374200000,88771.62,88821.63,88618.78,88711.39,66.79680834,2025-12-22 03:30:00
1766375100000,88711.39,88818.21,88680.19,88774.13,36.37411587,2025-12-22 03:45:00
1766376000000,88774.13,88835.52,88712.11,88777.96,35.39605803,2025-12-22 04:00:00
1766376900000,88777.96,89023.55,88777.95,88948.32,56.64687027,2025-12-22 04:15:00
1766377800000,88948.32,89006.04,88807.06,89001.93,56.0391047,2025-12-22 04:30:00
1766378700000,89001.93,89030.03,88860.0,88905.02,112.88624867,2025-12-22 04:45:00
1766379600000,88905.02,89000.03,88829.79,88830.74,83.56136643,2025-12-22 05:00:00
1766380500000,88830.74,88894.07,88777.0,88797.73,53.69699256,2025-12-22 05:15:00
1766381400000,88797.73,88999.99,88777.97,88917.21,29.31920772,2025-12-22 05:30:00
1766382300000,88917.21,88989.84,88798.23,88831.3,51.61944888,2025-12-22 05:45:00
1766383200000,88831.3,88873.3,88730.06,88752.8,37.56304595,2025-12-22 06:00:00
1766384100000,88752.8,88913.33,88749.52,88839.14,55.95309018,2025-12-22 06:15:00
1766385000000,88839.14,89009.53,88832.9,88970.02,39.64773969,2025-12-22 06:30:00
1766385900000,88970.02,88988.29,88883.73,88909.26,49.14390751,2025-12-22 06:45:00
1766386800000,88909.26,89196.2,88895.48,89148.12,77.4136466,2025-12-22 07:00:00
1766387700000,89148.12,89165.99,89062.99,89111.26,60.4940184,2025-12-22 07:15:00
1766388600000,89111.26,89200.0,89070.49,89146.18,84.06065524,2025-12-22 07:30:00
1766389500000,89146.18,89183.49,89023.87,89174.65,183.3062833,2025-12-22 07:45:00
1766390400000,89174.65,89272.82,89093.47,89195.53,114.91386984,2025-12-22 08:00:00
1766391300000,89195.53,89900.0,89194.97,89815.83,229.06176951,2025-12-22 08:15:00
1766392200000,89815.83,89908.85,89580.0,89746.05,175.51428524,2025-12-22 08:30:00
1766393100000,89746.05,89768.11,89250.0,89334.18,141.39741744,2025-12-22 08:45:00
1766394000000,89334.18,89522.54,89298.03,89337.64,91.49471621,2025-12-22 09:00:00
1766394900000,89337.64,89635.51,89316.81,89583.84,68.43739453,2025-12-22 09:15:00
1766395800000,89583.84,89718.03,89483.41,89602.82,90.80640859,2025-12-22 09:30:00
1766396700000,89602.82,89829.65,89568.92,89829.62,116.70650177,2025-12-22 09:45:00
1766397600000,89829.62,89861.78,89614.65,89687.5,117.58688008,2025-12-22 10:00:00
1766398500000,89687.5,89829.62,89670.54,89696.06,117.26898025,2025-12-22 10:15:00
1766399400000,89696.06,89849.96,89696.06,89822.33,72.35286496,2025-12-22 10:30:00
1766400300000,89822.33,89853.57,89778.49,89778.49,56.91237916,2025-12-22 10:45:00
1766401200000,89778.49,89870.94,89717.33,89789.59,61.79030261,2025-12-22 11:00:00
1766402100000,89789.59,89882.68,89656.34,89838.48,64.50155371,2025-12-22 11:15:00
1766403000000,89838.48,90063.46,89784.09,89867.4,366.49764171,2025-12-22 11:30:00
1766403900000,89867.4,90110.46,89866.6,89945.72,171.30714688,2025-12-22 11:45:00
1766404800000,89945.72,90110.52,89865.54,90066.83,148.4150084,2025-12-22 12:00:00
1766405700000,90066.83,90306.75,90066.83,90296.82,306.34734027,2025-12-22 12:15:00
1766406600000,90296.82,90587.27,90063.42,90163.76,217.76463411,2025-12-22 12:30:00
1766407500000,90163.76,90303.23,90076.76,90208.72,126.41684725,2025-12-22 12:45:00
1766408400000,90208.72,90320.44,90092.47,90153.26,107.02249136,2025-12-22 13:00:00
1766409300000,90153.26,90178.63,89999.53,90125.15,149.29031846,2025-12-22 13:15:00
1766410200000,90125.15,90125.24,89731.87,89768.23,148.14285582,2025-12-22 13:30:00
1766411100000,89768.23,89969.31,89768.15,89912.83,109.48692174,2025-12-22 13:45:00
1766412000000,89912.83,90131.14,89911.92,89979.49,88.03460608,2025-12-22 14:00:00
1766412900000,89979.49,90182.62,89952.7,89953.61,93.78561319,2025-12-22 14:15:00
1766413800000,89953.61,90197.18,89441.15,89835.76,213.85888586,2025-12-22 14:30:00
1766414700000,89835.76,90286.54,89732.79,90126.9,149.37163893,2025-12-22 14:45:00
1766415600000,90126.9,90424.51,89622.14,89622.14,201.26101079,2025-12-22 15:00:00
1766416500000,89622.14,89852.37,89193.71,89637.55,217.33992708,2025-12-22 15:15:00
1766417400000,89637.55,89665.55,89207.55,89408.75,241.89402316,2025-12-22 15:30:00
1766418300000,89408.75,89874.07,89282.3,89727.36,199.33301303,2025-12-22 15:45:00
1766419200000,89727.36,89957.35,89668.36,89815.44,149.89198408,2025-12-22 16:00:00
1766420100000,89815.44,90130.0,89815.44,90080.02,117.80314543,2025-12-22 16:15:00
1766421000000,90080.02,90080.02,89537.37,89618.4,183.24572839,2025-12-22 16:30:00
1766421900000,89618.4,89775.0,89556.85,89579.01,90.07626244,2025-12-22 16:45:00
1766422800000,89579.01,89583.87,89100.0,89270.46,156.37008914,2025-12-22 17:00:00
1766423700000,89270.46,89391.86,89125.33,89342.72,156.28001265,2025-12-22 17:15:00
1766424600000,89342.72,89518.48,89255.0,89320.0,84.41416833,2025-12-22 17:30:00
1766425500000,89320.0,89399.28,89211.69,89309.37,77.5416399,2025-12-22 17:45:00
1766426400000,89309.37,89449.0,89248.46,89377.34,75.80932753,2025-12-22 18:00:00
1766427300000,89377.34,89523.78,89255.64,89473.75,82.72809561,2025-12-22 18:15:00
1766428200000,89473.75,89499.0,89321.0,89427.98,98.14351945,2025-12-22 18:30:00
1766429100000,89427.98,89480.91,89140.46,89149.63,84.32226197,2025-12-22 18:45:00
1766430000000,89149.63,89150.49,88663.23,88712.66,204.72328216,2025-12-22 19:00:00
1766430900000,88712.66,88867.65,88526.77,88528.45,141.17700162,2025-12-22 19:15:00
1766431800000,88528.45,88621.33,88304.91,88344.68,185.58581083,2025-12-22 19:30:00
1766432700000,88344.68,88360.72,87966.43,88052.88,259.01100839,2025-12-22 19:45:00
1766433600000,88052.88,88267.95,87958.18,88160.31,148.72736211,2025-12-22 20:00:00
1766434500000,88160.31,88185.54,87916.52,88074.4,90.23113361,2025-12-22 20:15:00
1766435400000,88074.4,88344.51,88049.27,88342.32,91.49878378,2025-12-22 20:30:00
1766436300000,88342.32,88480.3,88145.55,88371.7,115.01175185,2025-12-22 20:45:00
1766437200000,88371.7,88503.41,88319.21,88342.63,77.6537564,2025-12-22 21:00:00
1766438100000,88342.63,88439.69,88320.39,88437.12,46.09570742,2025-12-22 21:15:00
1766439000000,88437.12,88619.58,88436.33,88554.8,95.76030664,2025-12-22 21:30:00
1766439900000,88554.8,88554.91,88232.23,88283.81,127.65619502,2025-12-22 21:45:00
1766440800000,88283.81,88391.54,88150.46,88287.06,78.03303764,2025-12-22 22:00:00
1766441700000,88287.06,88439.39,88287.06,88434.45,60.5705567,2025-12-22 22:15:00
1766442600000,88434.45,88468.53,88313.48,88363.93,65.12923787,2025-12-22 22:30:00
1766443500000,88363.93,88816.78,88363.92,88660.36,131.93916912,2025-12-22 22:45:00
1766444400000,88660.36,88696.95,88490.08,88636.47,74.45574427,2025-12-22 23:00:00
1766445300000,88636.47,88658.93,88540.97,88653.45,53.95494778,2025-12-22 23:15:00
1766446200000,88653.45,88653.51,88456.04,88504.34,59.16778558,2025-12-22 23:30:00
1766447100000,88504.34,88601.96,88426.64,88601.96,22.40030954,2025-12-22 23:45:00
1766448000000,88601.96,88620.36,88504.33,88550.51,34.05397433,2025-12-23 00:00:00
1766448900000,88550.51,88708.03,88539.48,88628.8,68.19702802,2025-12-23 00:15:00
1766449800000,88628.8,88941.75,88582.45,88737.4,109.18314783,2025-12-23 00:30:00
1766450700000,88737.4,88842.92,88683.5,88770.13,33.42733686,2025-12-23 00:45:00
1766451600000,88770.13,88885.45,88626.72,88626.84,71.96791654,2025-12-23 01:00:00
1766452500000,88626.84,88687.3,88578.45,88587.49,34.03997988,2025-12-23 01:15:00
1766453400000,88587.49,88654.0,88430.17,88490.12,59.39903795,2025-12-23 01:30:00
1766454300000,88490.12,88549.99,88464.57,88513.35,39.49628285,2025-12-23 01:45:00
1766455200000,88513.35,88635.27,88299.56,88571.5,105.54405234,2025-12-23 02:00:00
1766456100000,88571.5,88751.75,88555.54,88700.99,76.3564483,2025-12-23 02:15:00
1766457000000,88700.99,88748.66,88265.74,88266.23,92.73388381,2025-12-23 02:30:00
1766457900000,88266.23,88312.87,88109.0,88205.4,88.59945389,2025-12-23 02:45:00
1766458800000,88205.4,88216.24,87800.01,88127.55,127.66561977,2025-12-23 03:00:00
1766459700000,88127.55,88271.79,88078.91,88217.62,59.69344936,2025-12-23 03:15:00
1766460600000,88217.62,88356.47,88160.07,88322.71,49.99293742,2025-12-23 03:30:00
1766461500000,88322.71,88322.71,88153.94,88191.82,51.36353445,2025-12-23 03:45:00
1766462400000,88191.82,88352.9,88084.76,88308.54,77.65780989,2025-12-23 04:00:00
1766463300000,88308.54,88368.55,88252.48,88253.67,63.25196202,2025-12-23 04:15:00
1766464200000,88253.67,88253.77,88068.17,88119.74,69.15332769,2025-12-23 04:30:00
1766465100000,88119.74,88148.41,87931.15,87931.19,62.17204924,2025-12-23 04:45:00
1766466000000,87931.19,87985.78,87844.98,87900.42,91.99788332,2025-12-23 05:00:00
1766466900000,87900.42,88024.65,87869.69,88008.35,49.06212243,2025-12-23 05:15:00
1766467800000,88008.35,88008.44,87619.71,87780.3,122.29529543,2025-12-23 05:30:00
1766468700000,87780.3,87840.39,87622.24,87798.58,81.9472858,2025-12-23 05:45:00
1766469600000,87798.58,87798.58,87428.75,87544.21,154.34853905,2025-12-23 06:00:00
1766470500000,87544.21,87613.08,87079.83,87205.73,223.93104911,2025-12-23 06:15:00
1766471400000,87205.73,87360.47,87099.57,87311.0,112.30468978,2025-12-23 06:30:00
1766472300000,87311.0,87496.08,87250.34,87400.07,69.14100141,2025-12-23 06:45:00
1766473200000,87400.07,87537.57,87372.74,87435.71,102.89730199,2025-12-23 07:00:00
1766474100000,87435.71,87602.16,87390.62,87595.81,79.7314168,2025-12-23 07:15:00
1766475000000,87595.81,87630.62,87507.12,87529.04,76.21464237,2025-12-23 07:30:00
1766475900000,87529.04,87698.64,87525.09,87575.14,116.38897786,2025-12-23 07:45:00
1766476800000,87575.14,87649.56,87505.57,87596.97,97.12423891,2025-12-23 08:00:00
1766477700000,87596.97,87691.89,87541.65,87618.0,75.53466002,2025-12-23 08:15:00
1766478600000,87618.0,87674.09,87600.0,87606.44,59.52027345,2025-12-23 08:30:00
1766479500000,87606.44,87616.63,87433.62,87477.59,90.39773651,2025-12-23 08:45:00
1766480400000,87477.59,87611.31,87463.83,87563.7,70.10515658,2025-12-23 09:00:00
1766481300000,87563.7,87633.75,87377.0,87433.64,78.24689514,2025-12-23 09:15:00
1766482200000,87433.64,87480.12,87300.0,87480.12,63.41863644,2025-12-23 09:30:00
1766483100000,87480.12,87554.47,87465.43,87532.19,63.17818463,2025-12-23 09:45:00
1766484000000,87532.19,87611.12,87509.75,87543.74,46.23846559,2025-12-23 10:00:00
1766484900000,87543.74,87650.46,87541.48,87619.07,47.2378223,2025-12-23 10:15:00
1766485800000,87619.07,87641.34,87510.58,87606.43,64.46522869,2025-12-23 10:30:00
1766486700000,87606.43,87659.49,87573.76,87616.37,60.6315422,2025-12-23 10:45:00
1766487600000,87616.37,87700.0,87563.85,87677.03,51.00200084,2025-12-23 11:00:00
1766488500000,87677.03,87889.54,87656.77,87758.02,184.14151248,2025-12-23 11:15:00
1766489400000,87758.02,87820.48,87704.16,87819.64,63.87188727,2025-12-23 11:30:00
1766490300000,87819.64,87868.52,87802.64,87850.0,66.18739652,2025-12-23 11:45:00
1766491200000,87850.0,87939.55,87706.5,87820.16,131.55468199,2025-12-23 12:00:00
1766492100000,87820.16,87820.28,87636.76,87654.52,69.25946946,2025-12-23 12:15:00
1766493000000,87654.52,87899.78,87593.34,87888.44,57.15172017,2025-12-23 12:30:00
1766493900000,87888.44,87942.79,87785.61,87785.61,89.82871787,2025-12-23 12:45:00
1766494800000,87785.61,87794.4,87703.46,87772.34,85.6049337,2025-12-23 13:00:00
1766495700000,87772.34,87894.32,87664.38,87830.46,62.59534807,2025-12-23 13:15:00
1766496600000,87830.46,87900.0,87440.89,87721.44,158.35428659,2025-12-23 13:30:00
1766497500000,87721.44,87722.22,87487.42,87617.1,128.06222412,2025-12-23 13:45:00
1766498400000,87617.1,87829.67,87610.94,87754.31,118.32044591,2025-12-23 14:00:00
1766499300000,87754.31,87760.15,87575.0,87646.15,77.0193337,2025-12-23 14:15:00
1766500200000,87646.15,87752.46,87275.0,87452.21,260.06520037,2025-12-23 14:30:00
1766501100000,87452.21,87452.21,86622.72,86873.55,234.07628755,2025-12-23 14:45:00
1766502000000,86873.55,87146.36,86720.43,86949.38,260.74708164,2025-12-23 15:00:00
1766502900000,86949.38,87511.53,86949.38,87292.06,303.32868777,2025-12-23 15:15:00
1766503800000,87292.06,87550.44,87253.03,87389.69,152.52044354,2025-12-23 15:30:00
1766504700000,87389.69,87502.01,87253.94,87443.78,110.11651092,2025-12-23 15:45:00
1766505600000,87443.78,88179.04,87325.84,87755.72,205.05665144,2025-12-23 16:00:00
1766506500000,87755.72,88019.28,87755.72,87852.29,144.64637758,2025-12-23 16:15:00
1766507400000,87852.29,87914.87,87671.03,87838.44,154.73264542,2025-12-23 16:30:00
1766508300000,87838.44,88149.54,87800.35,88003.18,206.24952631,2025-12-23 16:45:00
1766509200000,88003.18,88271.05,87867.08,87869.92,169.30250939,2025-12-23 17:00:00
1766510100000,87869.92,88091.58,87748.47,87748.47,117.81867481,2025-12-23 17:15:00
1766511000000,87748.47,87879.89,87661.64,87813.98,119.82953571,2025-12-23 17:30:00
1766511900000,87813.98,87816.93,87177.4,87180.54,169.95625235,2025-12-23 17:45:00
1766512800000,87180.54,87604.94,87163.08,87579.52,172.73881238,2025-12-23 18:00:00
1766513700000,87579.52,87907.76,87556.26,87829.05,185.94475234,2025-12-23 18:15:00
1766514600000,87829.05,88179.91,87779.71,88119.84,210.79912258,2025-12-23 18:30:00
1766515500000,88119.84,88119.95,87887.61,87974.59,113.48254482,2025-12-23 18:45:00
1766516400000,87974.59,88045.73,87784.01,87876.43,135.23156351,2025-12-23 19:00:00
1766517300000,87876.43,88024.35,87652.01,87690.37,136.4829637,2025-12-23 19:15:00
1766518200000,87690.37,87900.0,87650.01,87817.86,78.95726886,2025-12-23 19:30:00
1766519100000,87817.86,87876.89,87679.14,87748.11,80.87512448,2025-12-23 19:45:00
1766520000000,87748.11,87777.73,87524.57,87642.1,159.99316823,2025-12-23 20:00:00
1766520900000,87642.1,87903.53,87642.1,87771.01,79.52204554,2025-12-23 20:15:00
1766521800000,87771.01,88248.98,87690.95,88200.01,159.82288411,2025-12-23 20:30:00
1766522700000,88200.01,88360.32,87700.0,87700.0,221.63737064,2025-12-23 20:45:00
1766523600000,87700.0,87797.52,87542.27,87705.38,121.26764611,2025-12-23 21:00:00
1766524500000,87705.38,87856.84,87662.38,87809.69,83.9363099,2025-12-23 21:15:00
1766525400000,87809.69,87809.8,87669.03,87716.22,38.49098249,2025-12-23 21:30:00
1766526300000,87716.22,87778.93,87636.6,87722.65,117.46466168,2025-12-23 21:45:00
1766527200000,87722.65,87779.69,87400.44,87483.83,131.36356959,2025-12-23 22:00:00
1766528100000,87483.83,87614.0,87406.08,87467.92,80.78212523,2025-12-23 22:15:00
1766529000000,87467.92,87670.07,87250.01,87575.23,196.61203921,2025-12-23 22:30:00
1766529900000,87575.23,87659.18,87347.09,87391.1,107.6829558,2025-12-23 22:45:00
1766530800000,87391.1,87406.65,87207.52,87323.33,117.21856199,2025-12-23 23:00:00
1766531700000,87323.33,87427.97,87179.55,87410.94,104.72476808,2025-12-23 23:15:00
1766532600000,87410.94,87516.29,87387.21,87489.29,86.90595259,2025-12-23 23:30:00
1766533500000,87489.29,87521.51,87424.42,87485.55,111.82833598,2025-12-23 23:45:00
1766534400000,87485.55,87653.6,87389.02,87408.85,120.28330612,2025-12-24 00:00:00
1766535300000,87408.85,87440.36,87263.19,87353.34,71.99858666,2025-12-24 00:15:00
1766536200000,87353.34,87548.94,87275.5,87495.21,49.11733418,2025-12-24 00:30:00
1766537100000,87495.21,87671.38,87495.21,87660.02,109.99390168,2025-12-24 00:45:00
1766538000000,87660.02,87840.01,87609.09,87746.27,99.0859495,2025-12-24 01:00:00
1766538900000,87746.27,87746.31,87632.6,87666.19,61.35099891,2025-12-24 01:15:00
1766539800000,87666.19,87762.59,87500.0,87536.73,72.74673168,2025-12-24 01:30:00
1766540700000,87536.73,87676.58,87500.0,87632.92,42.57014109,2025-12-24 01:45:00
1766541600000,87632.92,87660.55,87333.82,87405.0,128.93095434,2025-12-24 02:00:00
1766542500000,87405.0,87473.85,87347.56,87418.7,34.11617862,2025-12-24 02:15:00
1766543400000,87418.7,87469.59,87002.88,87096.0,88.80632949,2025-12-24 02:30:00
1766544300000,87096.0,87186.46,86939.3,87134.83,93.36678257,2025-12-24 02:45:00
1766545200000,87134.83,87134.83,86881.71,87037.9,79.15668261,2025-12-24 03:00:00
1766546100000,87037.9,87263.12,87010.83,87230.64,65.15368415,2025-12-24 03:15:00
1766547000000,87230.64,87339.53,87230.23,87314.76,62.28435143,2025-12-24 03:30:00
1766547900000,87314.76,87392.39,87314.68,87335.79,56.36819009,2025-12-24 03:45:00
1766548800000,87335.79,87457.71,87321.56,87421.78,81.72975798,2025-12-24 04:00:00
1766549700000,87421.78,87432.37,87299.63,87312.04,66.1427903,2025-12-24 04:15:00
1766550600000,87312.04,87336.39,87192.72,87289.56,29.65117483,2025-12-24 04:30:00
1766551500000,87289.56,87337.7,87084.14,87147.99,51.95339299,2025-12-24 04:45:00
1766552400000,87147.99,87242.51,87073.43,87094.66,47.09870231,2025-12-24 05:00:00
1766553300000,87094.66,87254.43,87046.8,87160.37,47.29845992,2025-12-24 05:15:00
1766554200000,87160.37,87174.1,86826.97,86847.12,104.17756664,2025-12-24 05:30:00
1766555100000,86847.12,87006.03,86797.1,86958.24,55.79753799,2025-12-24 05:45:00
1766556000000,86958.24,86987.35,86880.0,86880.0,58.25309379,2025-12-24 06:00:00
1766556900000,86880.0,87016.53,86802.48,86979.25,76.22191948,2025-12-24 06:15:00
1766557800000,86979.25,87062.62,86927.86,87020.44,65.9360535,2025-12-24 06:30:00
1766558700000,87020.44,87070.61,86981.43,87019.61,35.9836552,2025-12-24 06:45:00
1766559600000,87019.61,87067.94,87003.62,87048.4,44.2203829,2025-12-24 07:00:00
1766560500000,87048.4,87078.93,86979.56,86995.84,55.49708754,2025-12-24 07:15:00
1766561400000,86995.84,87175.34,86995.84,87153.78,52.85201548,2025-12-24 07:30:00
1766562300000,87153.78,87184.89,86911.7,86911.89,72.66720727,2025-12-24 07:45:00
1766563200000,86911.89,87009.5,86874.5,86981.88,58.30397309,2025-12-24 08:00:00
1766564100000,86981.88,87078.11,86800.45,86940.98,48.68744886,2025-12-24 08:15:00
1766565000000,86940.98,86967.61,86800.0,86941.99,57.3772588,2025-12-24 08:30:00
1766565900000,86941.99,86979.8,86770.57,86795.98,40.12231908,2025-12-24 08:45:00
1766566800000,86795.98,86880.41,86795.98,86876.51,33.66524273,2025-12-24 09:00:00
1766567700000,86876.51,86891.44,86810.16,86839.65,33.76489584,2025-12-24 09:15:00
1766568600000,86839.65,86847.4,86733.22,86809.16,50.00846693,2025-12-24 09:30:00
1766569500000,86809.16,86902.84,86797.19,86812.35,31.24999791,2025-12-24 09:45:00
1766570400000,86812.35,87084.61,86812.35,87067.43,54.87773584,2025-12-24 10:00:00
1766571300000,87067.43,87116.32,87019.05,87044.06,40.20725485,2025-12-24 10:15:00
1766572200000,87044.06,87164.27,87042.45,87112.47,47.06353928,2025-12-24 10:30:00
1766573100000,87112.47,87194.08,87077.21,87077.95,44.94575046,2025-12-24 10:45:00
1766574000000,87077.95,87323.67,87077.85,87286.72,102.98267547,2025-12-24 11:00:00
1766574900000,87286.72,87360.05,87228.68,87228.81,63.2039037,2025-12-24 11:15:00
1766575800000,87228.81,87279.3,87193.99,87245.81,28.12412791,2025-12-24 11:30:00
1766576700000,87245.81,87293.95,87204.25,87204.38,42.87209761,2025-12-24 11:45:00
1766577600000,87204.38,87291.33,87135.7,87288.3,79.71037506,2025-12-24 12:00:00
1766578500000,87288.3,87396.74,87259.69,87321.62,35.79331868,2025-12-24 12:15:00
1766579400000,87321.62,87439.78,87316.09,87410.24,45.30395116,2025-12-24 12:30:00
1766580300000,87410.24,87480.86,87309.68,87428.95,51.95423194,2025-12-24 12:45:00
1766581200000,87428.95,87440.68,87282.37,87306.12,53.76288871,2025-12-24 13:00:00
1766582100000,87306.12,87341.19,87239.58,87270.17,47.09435712,2025-12-24 13:15:00
1766583000000,87270.17,87316.53,87042.38,87179.29,121.68465366,2025-12-24 13:30:00
1766583900000,87179.29,87317.47,87179.12,87286.7,45.39252361,2025-12-24 13:45:00
1766584800000,87286.7,87448.04,87286.7,87415.39,50.44650063,2025-12-24 14:00:00
1766585700000,87415.39,87433.9,87200.0,87240.62,47.14721436,2025-12-24 14:15:00
1766586600000,87240.62,87286.48,86423.58,86999.82,207.64173288,2025-12-24 14:30:00
1766587500000,86999.82,87257.99,86755.57,86998.32,144.54576142,2025-12-24 14:45:00
1766588400000,86998.32,87194.15,86889.78,86905.37,122.66620473,2025-12-24 15:00:00
1766589300000,86905.37,87013.71,86588.45,86850.01,116.83651873,2025-12-24 15:15:00
1766590200000,86850.01,87222.18,86843.53,87053.89,136.55686277,2025-12-24 15:30:00
1766591100000,87053.89,87148.43,86939.65,87050.44,59.24689713,2025-12-24 15:45:00
1766592000000,87050.44,87200.01,86977.69,87124.72,102.90707509,2025-12-24 16:00:00
1766592900000,87124.72,87149.6,86915.96,86969.79,35.55132597,2025-12-24 16:15:00
1766593800000,86969.79,87668.99,86969.69,87498.9,199.14417638,2025-12-24 16:30:00
1766594700000,87498.9,87525.61,87200.0,87282.88,95.43096744,2025-12-24 16:45:00
1766595600000,87282.88,87478.18,87278.33,87346.29,91.90221688,2025-12-24 17:00:00
1766596500000,87346.29,87476.31,87311.31,87461.76,59.09118006,2025-12-24 17:15:00
1766597400000,87461.76,87569.03,87325.71,87404.22,44.99699754,2025-12-24 17:30:00
1766598300000,87404.22,87460.62,87254.39,87347.27,48.51953624,2025-12-24 17:45:00
1766599200000,87347.27,87416.28,87234.37,87356.1,57.62442309,2025-12-24 18:00:00
1766600100000,87356.1,87501.13,87336.96,87413.36,66.59528105,2025-12-24 18:15:00
1766601000000,87413.36,87474.6,87384.68,87465.61,32.92551765,2025-12-24 18:30:00
1766601900000,87465.61,87500.54,87419.22,87470.44,17.07637516,2025-12-24 18:45:00
1766602800000,87470.44,87502.83,87394.84,87407.98,29.26769351,2025-12-24 19:00:00
1766603700000,87407.98,87487.08,87336.01,87487.08,49.20993588,2025-12-24 19:15:00
1766604600000,87487.08,87510.46,87462.44,87510.3,24.72411759,2025-12-24 19:30:00
1766605500000,87510.3,87578.37,87498.93,87565.67,32.98132646,2025-12-24 19:45:00
1766606400000,87565.67,87678.8,87540.8,87612.69,49.22593829,2025-12-24 20:00:00
1766607300000,87612.69,87655.13,87610.7,87620.28,22.21669683,2025-12-24 20:15:00
1766608200000,87620.28,87674.96,87589.53,87642.24,25.16228192,2025-12-24 20:30:00
1766609100000,87642.24,87642.25,87543.38,87556.46,22.36729373,2025-12-24 20:45:00
1766610000000,87556.46,87674.25,87556.46,87648.85,25.04868491,2025-12-24 21:00:00
1766610900000,87648.85,87766.0,87623.8,87720.87,33.22161151,2025-12-24 21:15:00
1766611800000,87720.87,87795.24,87710.6,87770.84,34.36560329,2025-12-24 21:30:00
1766612700000,87770.84,87770.85,87658.73,87695.98,25.51263168,2025-12-24 21:45:00
1766613600000,87695.98,87890.0,87695.89,87824.64,34.03468343,2025-12-24 22:00:00
1766614500000,87824.64,87857.04,87761.71,87785.96,22.85719875,2025-12-24 22:15:00
1766615400000,87785.96,88049.45,87753.82,87981.07,107.17452995,2025-12-24 22:30:00
1766616300000,87981.07,88025.34,87950.25,88009.45,40.12811416,2025-12-24 22:45:00
1766617200000,88009.45,88024.57,87799.55,87826.63,63.55980077,2025-12-24 23:00:00
1766618100000,87826.63,87827.03,87597.7,87599.59,48.9938751,2025-12-24 23:15:00
1766619000000,87599.59,87721.3,87598.7,87650.4,24.7354527,2025-12-24 23:30:00
1766619900000,87650.4,87730.0,87649.56,87669.07,29.26787279,2025-12-24 23:45:00
1766620800000,87669.07,87726.89,87561.56,87659.07,34.15011087,2025-12-25 00:00:00
1766621700000,87659.07,87748.61,87626.15,87626.27,27.82436519,2025-12-25 00:15:00
1766622600000,87626.27,87707.06,87516.84,87548.93,25.25607389,2025-12-25 00:30:00
1766623500000,87548.93,87651.18,87525.82,87567.98,20.28961002,2025-12-25 00:45:00
1766624400000,87567.98,87663.74,87567.77,87657.24,10.62915292,2025-12-25 01:00:00
1766625300000,87657.24,87740.44,87608.84,87705.63,28.20222172,2025-12-25 01:15:00
1766626200000,87705.63,87738.78,87582.0,87738.59,20.25267264,2025-12-25 01:30:00
1766627100000,87738.59,87748.46,87672.17,87699.65,20.2275207,2025-12-25 01:45:00
1766628000000,87699.65,87758.53,87564.32,87745.82,24.95921274,2025-12-25 02:00:00
1766628900000,87745.82,87757.15,87713.31,87733.64,14.8374369,2025-12-25 02:15:00
1766629800000,87733.64,87907.88,87733.64,87907.85,56.17884927,2025-12-25 02:30:00
1766630700000,87907.85,87962.87,87846.74,87892.22,29.19566978,2025-12-25 02:45:00
1766631600000,87892.22,87926.28,87779.49,87848.02,36.25895935,2025-12-25 03:00:00
1766632500000,87848.02,87900.4,87812.58,87841.8,17.81578527,2025-12-25 03:15:00
1766633400000,87841.8,87841.85,87767.39,87808.5,14.84519858,2025-12-25 03:30:00
1766634300000,87808.5,87863.77,87777.89,87839.97,19.80222222,2025-12-25 03:45:00
1766635200000,87839.97,87843.08,87747.79,87783.1,25.35806125,2025-12-25 04:00:00
1766636100000,87783.1,87838.15,87748.76,87749.34,19.91958714,2025-12-25 04:15:00
1766637000000,87749.34,87799.59,87749.27,87783.53,20.28023163,2025-12-25 04:30:00
1766637900000,87783.53,87828.77,87776.41,87776.41,25.88761162,2025-12-25 04:45:00
1766638800000,87776.41,87776.41,87660.97,87670.6,58.29343291,2025-12-25 05:00:00
1766639700000,87670.6,87732.35,87669.73,87712.24,26.95045023,2025-12-25 05:15:00
1766640600000,87712.24,87775.24,87712.24,87759.68,21.43204867,2025-12-25 05:30:00
1766641500000,87759.68,87788.0,87749.99,87750.13,18.29998887,2025-12-25 05:45:00
1766642400000,87750.13,87763.1,87692.23,87707.73,19.81389246,2025-12-25 06:00:00
1766643300000,87707.73,87771.63,87707.43,87754.1,17.8336255,2025-12-25 06:15:00
1766644200000,87754.1,87812.15,87754.03,87770.03,24.09897807,2025-12-25 06:30:00
1766645100000,87770.03,87843.12,87770.03,87835.99,27.96375301,2025-12-25 06:45:00
1766646000000,87835.99,87836.88,87780.02,87814.63,21.87097972,2025-12-25 07:00:00
1766646900000,87814.63,87822.69,87781.71,87809.59,19.63668554,2025-12-25 07:15:00
1766647800000,87809.59,87809.61,87757.63,87757.74,18.61203966,2025-12-25 07:30:00
1766648700000,87757.74,87863.56,87754.91,87837.14,42.63574559,2025-12-25 07:45:00
1766649600000,87837.14,87887.61,87781.65,87793.77,49.49937279,2025-12-25 08:00:00
1766650500000,87793.77,87793.77,87348.7,87446.97,141.81129891,2025-12-25 08:15:00
1766651400000,87446.97,87510.88,87418.7,87493.1,75.82580921,2025-12-25 08:30:00
1766652300000,87493.1,87631.69,87463.31,87584.21,72.59595311,2025-12-25 08:45:00
1766653200000,87584.21,87602.83,87450.29,87495.29,50.18798448,2025-12-25 09:00:00
1766654100000,87495.29,87532.68,87461.23,87489.92,63.84487822,2025-12-25 09:15:00
1766655000000,87489.92,87518.99,87452.59,87499.3,68.88797372,2025-12-25 09:30:00
1766655900000,87499.3,87544.77,87490.0,87526.92,49.49863977,2025-12-25 09:45:00
1766656800000,87526.92,87534.05,87392.2,87395.78,66.45981695,2025-12-25 10:00:00
1766657700000,87395.78,87453.03,87361.96,87416.07,33.59003403,2025-12-25 10:15:00
1766658600000,87416.07,87422.53,87258.87,87321.19,64.17776877,2025-12-25 10:30:00
1766659500000,87321.19,87414.6,87292.87,87414.59,43.74900608,2025-12-25 10:45:00
1766660400000,87414.59,87548.49,87407.77,87490.86,37.74065801,2025-12-25 11:00:00
1766661300000,87490.86,87566.53,87464.97,87554.71,21.18830467,2025-12-25 11:15:00
1766662200000,87554.71,87583.47,87501.82,87529.74,16.56614406,2025-12-25 11:30:00
1766663100000,87529.74,87574.91,87480.96,87519.8,30.98528988,2025-12-25 11:45:00
1766664000000,87519.8,87566.17,87476.06,87487.51,30.68443589,2025-12-25 12:00:00
1766664900000,87487.51,87578.73,87486.62,87565.61,26.1308695,2025-12-25 12:15:00
1766665800000,87565.61,87589.08,87492.21,87515.78,30.25677338,2025-12-25 12:30:00
1766666700000,87515.78,87568.44,87506.45,87566.38,18.78625919,2025-12-25 12:45:00
1766667600000,87566.38,87566.43,87489.22,87534.25,41.5912337,2025-12-25 13:00:00
1766668500000,87534.25,87535.13,87399.25,87513.8,74.83201856,2025-12-25 13:15:00
1766669400000,87513.8,87673.54,87472.69,87615.68,78.59351004,2025-12-25 13:30:00
1766670300000,87615.68,87685.19,87566.26,87637.82,67.39090542,2025-12-25 13:45:00
1766671200000,87637.82,87730.01,87621.92,87705.89,55.09279582,2025-12-25 14:00:00
1766672100000,87705.89,87723.39,87550.3,87575.63,70.97176437,2025-12-25 14:15:00
1766673000000,87575.63,87650.44,87569.19,87625.9,29.12045401,2025-12-25 14:30:00
1766673900000,87625.9,87753.47,87625.9,87717.8,51.5635298,2025-12-25 14:45:00
1766674800000,87717.8,87814.75,87717.8,87772.4,48.02030035,2025-12-25 15:00:00
1766675700000,87772.4,88218.8,87747.07,88077.6,147.3992616,2025-12-25 15:15:00
1766676600000,88077.6,88538.7,87939.23,88514.64,167.06640458,2025-12-25 15:30:00
1766677500000,88514.64,88592.18,88292.26,88339.11,253.18275513,2025-12-25 15:45:00
1766678400000,88339.11,88437.43,88158.46,88303.08,144.40762535,2025-12-25 16:00:00
1766679300000,88303.08,88480.37,88303.08,88422.43,72.42242235,2025-12-25 16:15:00
1766680200000,88422.43,88464.67,88193.1,88330.81,66.26137697,2025-12-25 16:30:00
1766681100000,88330.81,88331.69,88000.0,88086.73,111.58039574,2025-12-25 16:45:00
1766682000000,88086.73,88192.25,88003.91,88045.48,56.81613583,2025-12-25 17:00:00
1766682900000,88045.48,88163.78,88025.15,88045.31,39.77817522,2025-12-25 17:15:00
1766683800000,88045.31,88085.05,88027.55,88064.9,19.54030801,2025-12-25 17:30:00
1766684700000,88064.9,88212.14,88046.11,88138.71,40.13771058,2025-12-25 17:45:00
1766685600000,88138.71,88316.03,88138.65,88313.08,43.93833838,2025-12-25 18:00:00
1766686500000,88313.08,88313.08,88222.38,88240.21,33.92961549,2025-12-25 18:15:00
1766687400000,88240.21,88314.82,88150.46,88252.32,47.16592677,2025-12-25 18:30:00
1766688300000,88252.32,88295.91,88240.81,88241.59,19.31231115,2025-12-25 18:45:00
1766689200000,88241.59,88250.55,88159.25,88183.36,24.71000582,2025-12-25 19:00:00
1766690100000,88183.36,88188.23,88077.6,88114.68,24.41419096,2025-12-25 19:15:00
1766691000000,88114.68,88159.28,88072.93,88140.13,26.27151465,2025-12-25 19:30:00
1766691900000,88140.13,88159.28,88100.15,88151.61,11.54626825,2025-12-25 19:45:00
1766692800000,88151.61,88168.1,88063.55,88114.12,18.60854351,2025-12-25 20:00:00
1766693700000,88114.12,88135.38,87646.87,87770.01,94.10502837,2025-12-25 20:15:00
1766694600000,87770.01,87836.98,87702.45,87804.51,51.76412671,2025-12-25 20:30:00
1766695500000,87804.51,87899.91,87804.45,87892.34,44.19147406,2025-12-25 20:45:00
1766696400000,87892.34,87982.49,87819.57,87981.55,43.23053048,2025-12-25 21:00:00
1766697300000,87981.55,87982.78,87927.51,87958.3,23.04981671,2025-12-25 21:15:00
1766698200000,87958.3,87980.35,87943.32,87962.3,24.97796157,2025-12-25 21:30:00
1766699100000,87962.3,87962.31,87874.76,87900.89,16.89905075,2025-12-25 21:45:00
1766700000000,87900.89,87917.84,87793.13,87855.42,52.64920397,2025-12-25 22:00:00
1766700900000,87855.42,87873.39,87821.52,87842.47,45.9271267,2025-12-25 22:15:00
1766701800000,87842.47,87901.9,87700.27,87713.01,28.64525247,2025-12-25 22:30:00
1766702700000,87713.01,87713.01,87312.78,87650.26,216.67971252,2025-12-25 22:45:00
1766703600000,87650.26,87774.25,87483.21,87692.99,133.42108628,2025-12-25 23:00:00
1766704500000,87692.99,87696.17,87466.06,87489.85,82.72559493,2025-12-25 23:15:00
1766705400000,87489.85,87489.85,87022.48,87064.38,203.06388285,2025-12-25 23:30:00
1766706300000,87064.38,87319.89,86952.59,87224.74,167.20186421,2025-12-25 23:45:00
1766707200000,87224.74,87320.55,87043.71,87196.46,133.02179536,2025-12-26 00:00:00
1766708100000,87196.46,87263.45,86953.79,87069.9,120.53191585,2025-12-26 00:15:00
1766709000000,87069.9,87204.48,86900.0,86959.17,97.98810907,2025-12-26 00:30:00
1766709900000,86959.17,87131.04,86931.39,87120.44,69.92803996,2025-12-26 00:45:00
1766710800000,87120.44,87332.37,87120.43,87280.25,45.61890562,2025-12-26 01:00:00
1766711700000,87280.25,87381.9,87249.56,87341.95,67.81763572,2025-12-26 01:15:00
1766712600000,87341.95,87423.86,87305.26,87402.92,24.03512775,2025-12-26 01:30:00
1766713500000,87402.92,87499.56,87375.46,87438.84,34.02955582,2025-12-26 01:45:00
1766714400000,87438.84,88201.09,87423.69,88201.09,91.19428683,2025-12-26 02:00:00
1766715300000,88201.09,89280.2,88196.14,89017.39,465.14799032,2025-12-26 02:15:00
1766716200000,89017.39,89421.12,89017.39,89238.91,386.74482753,2025-12-26 02:30:00
1766717100000,89238.91,89327.0,89050.5,89199.58,409.4249077,2025-12-26 02:45:00
1766718000000,89199.58,89289.62,89027.56,89043.62,378.17974883,2025-12-26 03:00:00
1766718900000,89043.62,89043.79,88735.19,88839.51,159.82360025,2025-12-26 03:15:00
1766719800000,88839.51,88876.16,88713.91,88742.07,89.81043162,2025-12-26 03:30:00
1766720700000,88742.07,88889.09,88741.6,88838.05,311.2673187,2025-12-26 03:45:00
1766721600000,88838.05,88838.05,88517.61,88719.66,139.69649707,2025-12-26 04:00:00
1766722500000,88719.66,88783.59,88651.54,88713.24,46.8075086,2025-12-26 04:15:00
1766723400000,88713.24,89088.37,88713.21,89045.13,123.48773209,2025-12-26 04:30:00
1766724300000,89045.13,89152.82,88967.94,88969.68,98.43537337,2025-12-26 04:45:00
1766725200000,88969.68,89014.45,88913.75,88943.52,51.45159204,2025-12-26 05:00:00
1766726100000,88943.52,88943.53,88846.38,88915.42,54.35574748,2025-12-26 05:15:00
1766727000000,88915.42,88915.46,88828.32,88868.83,39.25223467,2025-12-26 05:30:00
1766727900000,88868.83,89045.26,88856.56,88996.2,60.46627601,2025-12-26 05:45:00
1766728800000,88996.2,89156.96,88996.13,89093.98,80.81576731,2025-12-26 06:00:00
1766729700000,89093.98,89151.85,89033.13,89081.62,79.95990506,2025-12-26 06:15:00
1766730600000,89081.62,89250.53,89049.92,89250.39,115.96922011,2025-12-26 06:30:00
1766731500000,89250.39,89250.39,89110.44,89123.78,98.2680534,2025-12-26 06:45:00
1766732400000,89123.78,89376.28,89123.78,89360.17,77.22159299,2025-12-26 07:00:00
1766733300000,89360.17,89559.79,89285.92,89422.62,228.91129978,2025-12-26 07:15:00
1766734200000,89422.62,89422.62,88760.98,88773.83,447.13865573,2025-12-26 07:30:00
1766735100000,88773.83,88808.7,88350.0,88454.31,441.14654132,2025-12-26 07:45:00
1766736000000,88454.31,88850.04,88415.26,88663.68,166.26227102,2025-12-26 08:00:00
1766736900000,88663.68,88781.98,88615.96,88725.19,77.09190327,2025-12-26 08:15:00
1766737800000,88725.19,88725.29,88564.34,88635.09,45.58666353,2025-12-26 08:30:00
1766738700000,88635.09,88747.17,88597.38,88741.2,40.5022406,2025-12-26 08:45:00
1766739600000,88741.2,88781.51,88648.6,88682.15,42.45166989,2025-12-26 09:00:00
1766740500000,88682.15,88848.14,88682.15,88744.43,104.05986491,2025-12-26 09:15:00
1766741400000,88744.43,88771.88,88721.3,88768.87,35.37516436,2025-12-26 09:30:00
1766742300000,88768.87,88918.15,88768.75,88812.21,88.39801522,2025-12-26 09:45:00
1766743200000,88812.21,88883.49,88756.85,88872.31,47.4083908,2025-12-26 10:00:00
1766744100000,88872.31,88872.47,88690.96,88821.36,45.14442886,2025-12-26 10:15:00
1766745000000,88821.36,88821.37,88680.11,88747.86,37.89548815,2025-12-26 10:30:00
1766745900000,88747.86,88859.54,88737.22,88744.3,47.52362151,2025-12-26 10:45:00
1766746800000,88744.3,88755.14,88660.54,88674.78,42.41099519,2025-12-26 11:00:00
1766747700000,88674.78,88686.44,88603.09,88603.09,29.731365,2025-12-26 11:15:00
1766748600000,88603.09,88660.45,88553.6,88596.44,32.69573197,2025-12-26 11:30:00
1766749500000,88596.44,88610.0,88529.41,88533.88,33.54052252,2025-12-26 11:45:00
1766750400000,88533.88,88711.74,88533.7,88690.12,56.93803842,2025-12-26 12:00:00
1766751300000,88690.12,88704.05,88623.03,88701.86,22.62650791,2025-12-26 12:15:00
1766752200000,88701.86,88762.08,88644.94,88737.45,114.07203206,2025-12-26 12:30:00
1766753100000,88737.45,88758.56,88663.74,88678.48,55.2146619,2025-12-26 12:45:00
1766754000000,88678.48,88834.16,88616.09,88833.28,44.86193815,2025-12-26 13:00:00
1766754900000,88833.28,88839.45,88753.54,88770.28,43.40940948,2025-12-26 13:15:00
1766755800000,88770.28,89031.68,88762.99,88917.65,108.24930501,2025-12-26 13:30:00
1766756700000,88917.65,89050.43,88904.68,88992.59,63.61700288,2025-12-26 13:45:00
1766757600000,88992.59,89043.97,88905.41,88951.14,67.14043267,2025-12-26 14:00:00
1766758500000,88951.14,89015.46,88923.87,88967.46,83.94274754,2025-12-26 14:15:00
1766759400000,88967.46,89051.14,88273.11,88393.31,268.45657477,2025-12-26 14:30:00
1766760300000,88393.31,88432.02,87348.18,87381.51,336.81207045,2025-12-26 14:45:00
1766761200000,87381.51,87382.79,86771.58,86771.58,388.8655374,2025-12-26 15:00:00
1766762100000,86771.58,87117.58,86656.07,87001.19,434.42648173,2025-12-26 15:15:00
1766763000000,87001.19,87165.13,86892.91,87021.79,536.85495874,2025-12-26 15:30:00
1766763900000,87021.79,87213.36,86971.35,87136.09,239.03684968,2025-12-26 15:45:00
1766764800000,87136.09,87251.9,87012.21,87013.1,176.85030747,2025-12-26 16:00:00
1766765700000,87013.1,87321.07,87013.1,87258.95,108.28085442,2025-12-26 16:15:00
1766766600000,87258.95,87380.85,87169.63,87280.63,92.80673025,2025-12-26 16:30:00
1766767500000,87280.63,87304.13,86850.81,86857.03,140.70153254,2025-12-26 16:45:00
1766768400000,86857.03,87086.4,86815.27,86992.92,83.06639255,2025-12-26 17:00:00
1766769300000,86992.92,87320.96,86985.32,87297.59,77.51791063,2025-12-26 17:15:00
1766770200000,87297.59,87463.32,87206.07,87378.07,116.33404741,2025-12-26 17:30:00
1766771100000,87378.07,87453.53,87267.68,87323.83,56.79636543,2025-12-26 17:45:00
1766772000000,87323.83,87379.67,87231.38,87355.99,63.38382644,2025-12-26 18:00:00
1766772900000,87355.99,87373.56,87212.99,87215.83,58.24083321,2025-12-26 18:15:00
1766773800000,87215.83,87322.53,87210.63,87219.12,105.08540828,2025-12-26 18:30:00
1766774700000,87219.12,87348.7,87130.04,87278.2,63.72547811,2025-12-26 18:45:00
1766775600000,87278.2,87386.51,87252.37,87316.24,66.10279258,2025-12-26 19:00:00
1766776500000,87316.24,87405.92,87246.44,87371.92,86.95873074,2025-12-26 19:15:00
1766777400000,87371.92,87481.71,87361.09,87480.82,56.96493998,2025-12-26 19:30:00
1766778300000,87480.82,87579.06,87430.16,87501.39,74.87794074,2025-12-26 19:45:00
1766779200000,87501.39,87566.46,87400.15,87528.45,36.88695029,2025-12-26 20:00:00
1766780100000,87528.45,87642.24,87509.13,87612.28,35.76374584,2025-12-26 20:15:00
1766781000000,87612.28,87684.66,87565.03,87684.66,55.61204276,2025-12-26 20:30:00
1766781900000,87684.66,87794.98,87570.23,87571.7,69.11776941,2025-12-26 20:45:00
1766782800000,87571.7,87699.86,87545.78,87653.19,34.58682763,2025-12-26 21:00:00
1766783700000,87653.19,87660.09,87549.74,87580.33,75.47277306,2025-12-26 21:15:00
1766784600000,87580.33,87580.33,87480.1,87498.52,93.09935177,2025-12-26 21:30:00
1766785500000,87498.52,87550.04,87460.13,87470.97,33.35950614,2025-12-26 21:45:00
1766786400000,87470.97,87593.17,87470.56,87471.43,20.67102555,2025-12-26 22:00:00
1766787300000,87471.43,87526.57,87399.91,87433.89,63.17396391,2025-12-26 22:15:00
1766788200000,87433.89,87525.66,87321.84,87409.87,100.25650543,2025-12-26 22:30:00
1766789100000,87409.87,87550.44,87320.91,87549.55,39.99519459,2025-12-26 22:45:00
1766790000000,87549.55,87550.88,87473.19,87487.54,25.00555378,2025-12-26 23:00:00
1766790900000,87487.54,87547.18,87450.75,87450.75,28.71760749,2025-12-26 23:15:00
1766791800000,87450.75,87486.68,87340.4,87359.65,65.3346729,2025-12-26 23:30:00
1766792700000,87359.65,87405.51,87331.39,87369.98,37.49515658,2025-12-26 23:45:00
1766793600000,87369.98,87403.78,87279.26,87320.8,84.35003003,2025-12-27 00:00:00
1766794500000,87320.8,87360.05,87253.34,87316.26,25.49082316,2025-12-27 00:15:00
1766795400000,87316.26,87392.34,87316.21,87385.02,20.37542012,2025-12-27 00:30:00
1766796300000,87385.02,87414.72,87371.54,87401.5,19.11149027,2025-12-27 00:45:00
1766797200000,87401.5,87401.5,87352.97,87394.46,26.04435705,2025-12-27 01:00:00
1766798100000,87394.46,87395.34,87334.0,87390.08,16.25769069,2025-12-27 01:15:00
1766799000000,87390.08,87488.82,87389.99,87434.47,34.55033804,2025-12-27 01:30:00
1766799900000,87434.47,87475.48,87413.27,87475.34,15.9601065,2025-12-27 01:45:00
1766800800000,87475.34,87493.1,87393.89,87480.08,35.18153851,2025-12-27 02:00:00
1766801700000,87480.08,87480.08,87413.29,87443.12,26.36835042,2025-12-27 02:15:00
1766802600000,87443.12,87452.51,87410.17,87451.7,27.9397938,2025-12-27 02:30:00
1766803500000,87451.7,87463.94,87435.32,87445.6,37.10451425,2025-12-27 02:45:00
1766804400000,87445.6,87482.48,87387.59,87387.66,51.54756787,2025-12-27 03:00:00
1766805300000,87387.66,87427.13,87386.53,87426.82,22.64569153,2025-12-27 03:15:00
1766806200000,87426.82,87512.17,87426.72,87504.83,27.49319516,2025-12-27 03:30:00
1766807100000,87504.83,87534.01,87499.03,87513.85,22.63833124,2025-12-27 03:45:00
1766808000000,87513.85,87514.67,87479.84,87499.84,26.840876,2025-12-27 04:00:00
1766808900000,87499.84,87499.99,87458.07,87462.88,12.65614953,2025-12-27 04:15:00
1766809800000,87462.88,87500.44,87462.88,87500.39,17.12753337,2025-12-27 04:30:00
1766810700000,87500.39,87500.44,87464.1,87470.63,17.10463491,2025-12-27 04:45:00
1766811600000,87470.63,87482.53,87446.49,87465.7,21.31939633,2025-12-27 05:00:00
1766812500000,87465.7,87465.75,87447.27,87458.41,20.60755621,2025-12-27 05:15:00
1766813400000,87458.41,87514.98,87457.65,87501.72,15.34000971,2025-12-27 05:30:00
1766814300000,87501.72,87512.6,87492.21,87506.18,22.52092701,2025-12-27 05:45:00
1766815200000,87506.18,87568.34,87473.97,87530.44,38.53646755,2025-12-27 06:00:00
1766816100000,87530.44,87530.6,87439.7,87474.44,20.34833312,2025-12-27 06:15:00
1766817000000,87474.44,87474.74,87417.49,87457.59,38.79417334,2025-12-27 06:30:00
1766817900000,87457.59,87469.46,87439.56,87469.46,15.02260304,2025-12-27 06:45:00
1766818800000,87469.46,87549.97,87468.57,87547.67,24.87698892,2025-12-27 07:00:00
1766819700000,87547.67,87702.44,87535.91,87592.31,55.91459756,2025-12-27 07:15:00
1766820600000,87592.31,87592.46,87538.04,87548.85,24.87450895,2025-12-27 07:30:00
1766821500000,87548.85,87549.16,87522.18,87538.82,15.61685605,2025-12-27 07:45:00
1766822400000,87538.82,87606.54,87538.81,87560.09,29.56697478,2025-12-27 08:00:00
1766823300000,87560.09,87676.63,87560.09,87607.11,26.31906174,2025-12-27 08:15:00
1766824200000,87607.11,87639.54,87592.2,87610.44,27.47819268,2025-12-27 08:30:00
1766825100000,87610.44,87611.26,87588.02,87592.76,14.0251527,2025-12-27 08:45:00
1766826000000,87592.76,87666.06,87580.8,87651.74,52.55258073,2025-12-27 09:00:00
1766826900000,87651.74,87666.3,87534.12,87560.3,158.95639053,2025-12-27 09:15:00
1766827800000,87560.3,87644.45,87560.3,87593.09,118.95538917,2025-12-27 09:30:00
1766828700000,87593.09,87633.83,87592.35,87618.81,22.64096331,2025-12-27 09:45:00
1766829600000,87618.81,87619.35,87542.63,87543.38,35.28982377,2025-12-27 10:00:00
1766830500000,87543.38,87628.11,87543.26,87543.26,63.79038956,2025-12-27 10:15:00
1766831400000,87543.26,87555.33,87371.18,87446.29,84.19884865,2025-12-27 10:30:00
1766832300000,87446.29,87517.04,87427.01,87503.46,42.3170335,2025-12-27 10:45:00
1766833200000,87503.46,87533.37,87448.54,87532.45,73.51044388,2025-12-27 11:00:00
1766834100000,87532.45,87549.74,87484.56,87493.1,34.59778738,2025-12-27 11:15:00
1766835000000,87493.1,87530.86,87478.92,87484.26,17.74550689,2025-12-27 11:30:00
1766835900000,87484.26,87542.9,87442.6,87476.43,34.38666405,2025-12-27 11:45:00
1766836800000,87476.43,87497.96,87430.52,87455.2,19.93803283,2025-12-27 12:00:00
1766837700000,87455.2,87491.76,87434.47,87490.21,20.91566167,2025-12-27 12:15:00
1766838600000,87490.21,87517.18,87481.0,87498.45,17.31808322,2025-12-27 12:30:00
1766839500000,87498.45,87508.44,87454.95,87473.91,12.53800213,2025-12-27 12:45:00
1766840400000,87473.91,87474.72,87404.57,87442.65,27.03644006,2025-12-27 13:00:00
1766841300000,87442.65,87454.02,87400.0,87400.45,49.03962356,2025-12-27 13:15:00
1766842200000,87400.45,87478.02,87326.15,87469.42,49.45467533,2025-12-27 13:30:00
1766843100000,87469.42,87483.99,87450.39,87453.03,33.08783193,2025-12-27 13:45:00
1766844000000,87453.03,87462.24,87395.17,87453.39,33.22587633,2025-12-27 14:00:00
1766844900000,87453.39,87460.2,87404.01,87416.85,109.15009622,2025-12-27 14:15:00
1766845800000,87416.85,87506.23,87414.62,87505.45,49.4648308,2025-12-27 14:30:00
1766846700000,87505.45,87549.29,87505.45,87544.45,32.63935848,2025-12-27 14:45:00
1766847600000,87544.45,87552.46,87485.16,87552.34,31.56174932,2025-12-27 15:00:00
1766848500000,87552.34,87552.43,87498.92,87535.61,24.15276789,2025-12-27 15:15:00
1766849400000,87535.61,87589.82,87535.02,87587.57,28.27178645,2025-12-27 15:30:00
1766850300000,87587.57,87590.43,87540.44,87552.66,35.88200147,2025-12-27 15:45:00
1766851200000,87552.66,87583.98,87502.0,87502.0,27.80236574,2025-12-27 16:00:00
1766852100000,87502.0,87514.56,87437.7,87472.81,62.20363894,2025-12-27 16:15:00
1766853000000,87472.81,87566.48,87472.81,87543.77,16.54431728,2025-12-27 16:30:00
1766853900000,87543.77,87544.66,87497.54,87498.85,21.92998574,2025-12-27 16:45:00
1766854800000,87498.85,87515.93,87461.11,87515.93,38.17950478,2025-12-27 17:00:00
1766855700000,87515.93,87540.16,87495.9,87528.09,13.48147501,2025-12-27 17:15:00
1766856600000,87528.09,87542.21,87510.28,87536.92,19.41377362,2025-12-27 17:30:00
1766857500000,87536.92,87563.23,87536.91,87562.17,28.2980403,2025-12-27 17:45:00
1766858400000,87562.17,87572.88,87519.56,87519.87,14.25257746,2025-12-27 18:00:00
1766859300000,87519.87,87546.65,87502.12,87528.69,39.25828217,2025-12-27 18:15:00
1766860200000,87528.69,87532.04,87521.95,87522.57,14.47692273,2025-12-27 18:30:00
1766861100000,87522.57,87524.52,87463.32,87499.58,43.16078684,2025-12-27 18:45:00
1766862000000,87499.58,87576.28,87496.65,87557.85,44.79571485,2025-12-27 19:00:00
1766862900000,87557.85,87577.15,87526.77,87556.82,31.69157394,2025-12-27 19:15:00
1766863800000,87556.82,87557.7,87549.76,87549.96,10.88439435,2025-12-27 19:30:00
1766864700000,87549.96,87570.69,87549.95,87569.65,9.11078057,2025-12-27 19:45:00
1766865600000,87569.65,87635.33,87569.56,87590.07,40.60122883,2025-12-27 20:00:00
1766866500000,87590.07,87590.9,87539.83,87544.63,20.76254572,2025-12-27 20:15:00
1766867400000,87544.63,87558.03,87522.77,87550.2,16.21832351,2025-12-27 20:30:00
1766868300000,87550.2,87555.56,87550.18,87555.48,6.50796727,2025-12-27 20:45:00
1766869200000,87555.48,87625.47,87555.48,87625.41,16.0218384,2025-12-27 21:00:00
1766870100000,87625.41,87634.85,87624.69,87634.09,17.33965096,2025-12-27 21:15:00
1766871000000,87634.09,87668.67,87633.95,87636.9,20.10470401,2025-12-27 21:30:00
1766871900000,87636.9,87668.67,87636.68,87668.54,16.18580569,2025-12-27 21:45:00
1766872800000,87668.54,87916.54,87630.32,87863.9,146.44401532,2025-12-27 22:00:00
1766873700000,87863.9,87950.03,87691.05,87693.04,54.1477312,2025-12-27 22:15:00
1766874600000,87693.04,87693.1,87526.32,87571.16,53.09662932,2025-12-27 22:30:00
1766875500000,87571.16,87651.41,87502.83,87565.01,49.73254139,2025-12-27 22:45:00
1766876400000,87565.01,87639.88,87565.01,87605.58,40.22184048,2025-12-27 23:00:00
1766877300000,87605.58,87722.14,87605.58,87648.32,39.75082638,2025-12-27 23:15:00
1766878200000,87648.32,87688.32,87648.24,87687.47,10.68332904,2025-12-27 23:30:00
1766879100000,87687.47,87984.54,87687.46,87872.86,118.78591575,2025-12-27 23:45:00
1766880000000,87872.86,87958.94,87815.48,87815.53,53.50570057,2025-12-28 00:00:00
1766880900000,87815.53,87822.43,87712.51,87726.65,35.59358592,2025-12-28 00:15:00
1766881800000,87726.65,87900.46,87717.32,87846.79,38.17779622,2025-12-28 00:30:00
1766882700000,87846.79,87943.2,87840.18,87854.53,27.27901033,2025-12-28 00:45:00
1766883600000,87854.53,87945.83,87854.52,87856.2,36.64818353,2025-12-28 01:00:00
1766884500000,87856.2,87856.3,87739.4,87805.21,32.02628608,2025-12-28 01:15:00
1766885400000,87805.21,87864.52,87755.71,87822.38,29.82878163,2025-12-28 01:30:00
1766886300000,87822.38,87822.38,87774.28,87785.56,13.9382845,2025-12-28 01:45:00
1766887200000,87785.56,87798.95,87755.16,87786.86,24.19817841,2025-12-28 02:00:00
1766888100000,87786.86,87816.44,87786.86,87809.45,20.76896193,2025-12-28 02:15:00
1766889000000,87809.45,87873.12,87808.56,87842.63,19.97358278,2025-12-28 02:30:00
1766889900000,87842.63,87843.68,87806.34,87810.41,11.95180389,2025-12-28 02:45:00
1766890800000,87810.41,87847.11,87779.96,87781.39,34.46135991,2025-12-28 03:00:00
1766891700000,87781.39,87811.38,87725.07,87736.87,52.67017244,2025-12-28 03:15:00
1766892600000,87736.87,87778.74,87735.94,87759.71,44.44408151,2025-12-28 03:30:00
1766893500000,87759.71,87769.27,87738.99,87738.99,15.21187811,2025-12-28 03:45:00
1766894400000,87738.99,87837.64,87693.09,87812.69,67.27327083,2025-12-28 04:00:00
1766895300000,87812.69,87812.73,87766.17,87802.11,15.23822599,2025-12-28 04:15:00
1766896200000,87802.11,87802.96,87739.56,87757.71,15.80313773,2025-12-28 04:30:00
1766897100000,87757.71,87770.0,87696.75,87725.3,17.35584511,2025-12-28 04:45:00
1766898000000,87725.3,87725.3,87638.17,87695.0,28.5396394,2025-12-28 05:00:00
1766898900000,87695.0,87695.5,87614.35,87625.81,21.23755437,2025-12-28 05:15:00
1766899800000,87625.81,87683.99,87615.23,87676.1,18.61655825,2025-12-28 05:30:00
1766900700000,87676.1,87710.05,87636.03,87658.3,18.50490916,2025-12-28 05:45:00
1766901600000,87658.3,87707.78,87646.92,87702.92,10.23465407,2025-12-28 06:00:00
1766902500000,87702.92,87748.37,87702.36,87731.23,18.13080822,2025-12-28 06:15:00
1766903400000,87731.23,87785.66,87727.76,87784.55,24.22163682,2025-12-28 06:30:00
1766904300000,87784.55,87784.63,87732.41,87732.41,21.88871281,2025-12-28 06:45:00
1766905200000,87732.41,87732.44,87680.76,87710.1,16.46995114,2025-12-28 07:00:00
1766906100000,87710.1,87710.19,87676.02,87688.18,14.28728213,2025-12-28 07:15:00
1766907000000,87688.18,87699.59,87679.99,87681.32,14.63801701,2025-12-28 07:30:00
1766907900000,87681.32,87735.58,87680.94,87731.22,20.75191566,2025-12-28 07:45:00
1766908800000,87731.22,87814.01,87731.22,87797.32,22.89165733,2025-12-28 08:00:00
1766909700000,87797.32,87797.36,87768.89,87778.72,20.1698761,2025-12-28 08:15:00
1766910600000,87778.72,87974.83,87766.52,87836.16,44.57039765,2025-12-28 08:30:00
1766911500000,87836.16,87868.16,87784.56,87805.45,37.86503957,2025-12-28 08:45:00
1766912400000,87805.45,87874.8,87804.52,87869.69,28.34411018,2025-12-28 09:00:00
1766913300000,87869.69,87900.73,87846.2,87883.85,30.41031343,2025-12-28 09:15:00
1766914200000,87883.85,87883.85,87720.41,87783.88,63.34460402,2025-12-28 09:30:00
1766915100000,87783.88,87800.7,87768.56,87800.44,24.77140961,2025-12-28 09:45:00
1766916000000,87800.44,87963.06,87800.44,87904.92,41.61320569,2025-12-28 10:00:00
1766916900000,87904.92,87973.85,87875.56,87956.12,48.05614939,2025-12-28 10:15:00
1766917800000,87956.12,88000.0,87834.97,87853.5,85.70804322,2025-12-28 10:30:00
1766918700000,87853.5,87858.76,87845.65,87857.12,18.7987067,2025-12-28 10:45:00
1766919600000,87857.12,87925.55,87857.1,87916.65,34.54908887,2025-12-28 11:00:00
1766920500000,87916.65,87923.94,87883.46,87891.75,17.45435267,2025-12-28 11:15:00
1766921400000,87891.75,87892.6,87817.74,87829.56,24.6765999,2025-12-28 11:30:00
1766922300000,87829.56,87884.33,87829.56,87883.91,30.58824197,2025-12-28 11:45:00
1766923200000,87883.91,87891.76,87820.35,87847.56,31.30411889,2025-12-28 12:00:00
1766924100000,87847.56,87860.44,87825.4,87852.73,19.20693289,2025-12-28 12:15:00
1766925000000,87852.73,87870.43,87792.38,87812.3,31.58406202,2025-12-28 12:30:00
1766925900000,87812.3,87900.0,87811.42,87850.34,33.17543316,2025-12-28 12:45:00
1766926800000,87850.34,87950.52,87849.55,87859.73,46.49790078,2025-12-28 13:00:00
1766927700000,87859.73,87911.36,87818.3,87851.93,34.25760536,2025-12-28 13:15:00
1766928600000,87851.93,87962.94,87851.77,87918.67,25.55753997,2025-12-28 13:30:00
1766929500000,87918.67,87933.18,87874.84,87897.14,33.80428314,2025-12-28 13:45:00
1766930400000,87897.14,87992.36,87896.17,87976.6,53.24779145,2025-12-28 14:00:00
1766931300000,87976.6,87983.4,87923.42,87981.35,32.90991057,2025-12-28 14:15:00
1766932200000,87981.35,88091.41,87934.46,87996.51,52.66840014,2025-12-28 14:30:00
1766933100000,87996.51,88032.9,87909.55,87909.76,59.70156768,2025-12-28 14:45:00
1766934000000,87909.76,87992.09,87862.98,87971.97,57.55612369,2025-12-28 15:00:00
1766934900000,87971.97,88001.96,87941.88,87954.14,44.71348741,2025-12-28 15:15:00
1766935800000,87954.14,87954.84,87899.45,87926.37,28.24792169,2025-12-28 15:30:00
1766936700000,87926.37,87958.76,87822.05,87836.71,57.1909218,2025-12-28 15:45:00
1766937600000,87836.71,87898.94,87825.2,87859.64,44.83909989,2025-12-28 16:00:00
1766938500000,87859.64,87894.3,87739.46,87784.01,58.72679621,2025-12-28 16:15:00
1766939400000,87784.01,87837.77,87783.28,87804.3,26.54466793,2025-12-28 16:30:00
1766940300000,87804.3,87831.52,87803.48,87813.97,12.35507147,2025-12-28 16:45:00
1766941200000,87813.97,87904.06,87813.59,87903.97,16.79947616,2025-12-28 17:00:00
1766942100000,87903.97,87932.05,87886.26,87893.06,14.10013576,2025-12-28 17:15:00
1766943000000,87893.06,87893.13,87818.59,87819.46,19.94798169,2025-12-28 17:30:00
1766943900000,87819.46,87827.09,87754.48,87760.44,19.52695562,2025-12-28 17:45:00
1766944800000,87760.44,87769.25,87620.0,87681.5,73.13650236,2025-12-28 18:00:00
1766945700000,87681.5,87719.08,87501.0,87717.5,121.81425773,2025-12-28 18:15:00
1766946600000,87717.5,87754.56,87692.23,87714.46,38.94000162,2025-12-28 18:30:00
1766947500000,87714.46,87714.46,87536.22,87598.05,49.25332649,2025-12-28 18:45:00
1766948400000,87598.05,87697.86,87519.84,87669.8,50.74723679,2025-12-28 19:00:00
1766949300000,87669.8,87669.8,87510.81,87511.69,49.76271089,2025-12-28 19:15:00
1766950200000,87511.69,87639.37,87511.36,87593.11,38.31140602,2025-12-28 19:30:00
1766951100000,87593.11,87620.21,87515.28,87520.25,18.32362757,2025-12-28 19:45:00
1766952000000,87520.25,87573.43,87450.0,87508.25,44.65937138,2025-12-28 20:00:00
1766952900000,87508.25,87591.95,87508.25,87574.54,19.8862197,2025-12-28 20:15:00
1766953800000,87574.54,87611.27,87574.53,87605.53,13.79503581,2025-12-28 20:30:00
1766954700000,87605.53,87656.82,87513.2,87514.05,32.19379523,2025-12-28 20:45:00
1766955600000,87514.05,87558.38,87442.57,87555.88,49.38221326,2025-12-28 21:00:00
1766956500000,87555.88,87584.21,87499.56,87538.29,19.19972766,2025-12-28 21:15:00
1766957400000,87538.29,87593.21,87529.56,87587.56,12.68659383,2025-12-28 21:30:00
1766958300000,87587.56,87587.67,87565.55,87578.1,10.8027896,2025-12-28 21:45:00
1766959200000,87578.1,87592.66,87488.47,87522.11,27.60718342,2025-12-28 22:00:00
1766960100000,87522.11,87626.55,87521.22,87626.52,59.82701503,2025-12-28 22:15:00
1766961000000,87626.52,87700.0,87590.36,87651.18,33.51676472,2025-12-28 22:30:00
1766961900000,87651.18,87992.26,87651.11,87899.65,97.17363569,2025-12-28 22:45:00
1766962800000,87899.65,88035.96,87692.23,87693.11,107.67560184,2025-12-28 23:00:00
1766963700000,87693.11,87819.8,87693.11,87711.06,31.29577618,2025-12-28 23:15:00
1766964600000,87711.06,87821.66,87635.25,87820.78,26.77529729,2025-12-28 23:30:00
1766965500000,87820.78,87966.11,87804.17,87945.58,56.04323561,2025-12-28 23:45:00
1766966400000,87945.58,87967.99,87820.25,87889.63,47.71631056,2025-12-29 00:00:00
1766967300000,87889.63,88044.47,87811.34,88012.08,48.58443857,2025-12-29 00:15:00
1766968200000,88012.08,88288.29,88000.0,88183.77,133.91855651,2025-12-29 00:30:00
1766969100000,88183.77,88437.31,88139.45,88304.06,136.21645106,2025-12-29 00:45:00
1766970000000,88304.06,88319.56,88044.47,88064.34,59.48683852,2025-12-29 01:00:00
1766970900000,88064.34,88065.24,87862.88,87993.27,82.45079697,2025-12-29 01:15:00
1766971800000,87993.27,88478.8,87949.73,88306.53,104.8408954,2025-12-29 01:30:00
1766972700000,88306.53,88467.54,88306.31,88445.15,123.43634161,2025-12-29 01:45:00
1766973600000,88445.15,89288.42,88445.12,89287.41,493.60998505,2025-12-29 02:00:00
1766974500000,89287.41,89385.05,88898.01,89145.85,258.36196009,2025-12-29 02:15:00
1766975400000,89145.85,89269.25,89001.1,89105.86,167.77119315,2025-12-29 02:30:00
1766976300000,89105.86,89307.0,89087.56,89162.8,206.47228811,2025-12-29 02:45:00
1766977200000,89162.8,89499.52,89102.16,89495.23,220.8656641,2025-12-29 03:00:00
1766978100000,89495.23,89512.86,89363.54,89479.52,174.82367447,2025-12-29 03:15:00
1766979000000,89479.52,89999.0,89479.52,89993.7,322.38623024,2025-12-29 03:30:00
1766979900000,89993.7,90164.39,89868.89,90123.32,462.46774548,2025-12-29 03:45:00
1766980800000,90123.32,90169.51,89981.75,90050.0,300.50752245,2025-12-29 04:00:00
1766981700000,90050.0,90220.98,90006.97,90090.07,193.77727762,2025-12-29 04:15:00
1766982600000,90090.07,90405.86,90064.1,90222.23,291.58174725,2025-12-29 04:30:00
1766983500000,90222.23,90300.58,90153.39,90156.32,90.10795028,2025-12-29 04:45:00
1766984400000,90156.32,90300.47,90095.3,90215.15,188.87024097,2025-12-29 05:00:00
1766985300000,90215.15,90216.18,90072.92,90072.92,84.50513342,2025-12-29 05:15:00
1766986200000,90072.92,90195.0,89975.16,90128.11,126.77123905,2025-12-29 05:30:00
1766987100000,90128.11,90133.33,89932.05,89984.37,85.24913391,2025-12-29 05:45:00
1766988000000,89984.37,90031.75,89880.46,90005.84,90.46719486,2025-12-29 06:00:00
1766988900000,90005.84,90121.8,89864.99,89953.41,84.34905391,2025-12-29 06:15:00
1766989800000,89953.41,89991.36,89883.34,89914.89,56.34396212,2025-12-29 06:30:00
1766990700000,89914.89,89914.89,89749.38,89776.79,140.53509146,2025-12-29 06:45:00
1766991600000,89776.79,89848.7,89536.09,89648.87,152.04733087,2025-12-29 07:00:00
1766992500000,89648.87,89696.5,89525.87,89525.91,168.42350456,2025-12-29 07:15:00
1766993400000,89525.91,89686.89,89506.53,89564.43,160.87011352,2025-12-29 07:30:00
1766994300000,89564.43,89661.87,89549.06,89617.26,215.37992308,2025-12-29 07:45:00
1766995200000,89617.26,89661.23,89477.64,89658.87,137.96102801,2025-12-29 08:00:00
1766996100000,89658.87,89825.81,89641.31,89788.85,117.84673408,2025-12-29 08:15:00
1766997000000,89788.85,89805.36,89622.87,89718.77,122.62494691,2025-12-29 08:30:00
1766997900000,89718.77,89787.05,89463.62,89554.65,324.71984797,2025-12-29 08:45:00
1766998800000,89554.65,89623.13,89489.52,89509.98,207.29253183,2025-12-29 09:00:00
1766999700000,89509.98,89510.21,89297.36,89325.69,136.02236527,2025-12-29 09:15:00
1767000600000,89325.69,89337.11,88180.46,88232.35,324.32764484,2025-12-29 09:30:00
1767001500000,88232.35,88232.35,87775.83,88100.47,331.82297283,2025-12-29 09:45:00
1767002400000,88100.47,88262.56,87932.69,88075.57,242.01956918,2025-12-29 10:00:00
1767003300000,88075.57,88075.97,87933.37,88020.1,159.68790683,2025-12-29 10:15:00
1767004200000,88020.1,88020.2,87889.68,87929.95,89.05802628,2025-12-29 10:30:00
1767005100000,87929.95,87955.96,87661.58,87779.7,120.27746236,2025-12-29 10:45:00
1767006000000,87779.7,87784.43,87611.24,87784.35,107.564251,2025-12-29 11:00:00
1767006900000,87784.35,87791.3,87697.07,87744.26,58.67352805,2025-12-29 11:15:00
1767007800000,87744.26,87756.05,87596.41,87639.64,82.19719838,2025-12-29 11:30:00
1767008700000,87639.64,87650.45,87568.36,87568.36,84.71954383,2025-12-29 11:45:00
1767009600000,87568.36,87633.84,86874.76,86960.47,282.55348034,2025-12-29 12:00:00
1767010500000,86960.47,87346.45,86808.14,87259.56,321.89779592,2025-12-29 12:15:00
1767011400000,87259.56,87431.79,87200.46,87300.45,214.37672448,2025-12-29 12:30:00
1767012300000,87300.45,87401.49,87288.54,87397.48,114.62178448,2025-12-29 12:45:00
1767013200000,87397.48,87529.07,87308.81,87329.08,144.4035588,2025-12-29 13:00:00
1767014100000,87329.08,87468.58,87274.51,87299.72,114.54617628,2025-12-29 13:15:00
1767015000000,87299.72,87374.63,87250.01,87286.78,83.39209238,2025-12-29 13:30:00
1767015900000,87286.78,87383.73,87177.49,87383.42,137.06298744,2025-12-29 13:45:00
1767016800000,87383.42,87419.61,87257.13,87419.6,78.3590907,2025-12-29 14:00:00
1767017700000,87419.6,87619.67,87350.37,87619.66,98.41794655,2025-12-29 14:15:00
1767018600000,87619.66,88192.58,87416.43,88097.41,295.32466694,2025-12-29 14:30:00
1767019500000,88097.41,88109.15,87315.97,87432.68,211.81854658,2025-12-29 14:45:00
1767020400000,87432.68,87732.8,87224.94,87732.8,214.87065584,2025-12-29 15:00:00
1767021300000,87732.8,87914.16,87497.64,87735.98,198.67478921,2025-12-29 15:15:00
1767022200000,87735.98,87875.02,87676.81,87826.34,109.65378653,2025-12-29 15:30:00
1767023100000,87826.34,87853.69,87590.91,87691.18,197.08124277,2025-12-29 15:45:00
1767024000000,87691.18,87840.62,87605.52,87770.9,76.4480193,2025-12-29 16:00:00
1767024900000,87770.9,87776.93,87436.28,87541.73,59.59766416,2025-12-29 16:15:00
1767025800000,87541.73,87726.11,87527.83,87617.86,79.77006809,2025-12-29 16:30:00
1767026700000,87617.86,87770.41,87550.39,87628.4,56.59217178,2025-12-29 16:45:00
1767027600000,87628.4,87750.44,87573.87,87616.39,59.11315301,2025-12-29 17:00:00
1767028500000,87616.39,87679.62,87355.69,87437.14,72.97806337,2025-12-29 17:15:00
1767029400000,87437.14,87620.51,87426.0,87598.25,52.77545173,2025-12-29 17:30:00
1767030300000,87598.25,87848.96,87598.25,87848.96,60.51800638,2025-12-29 17:45:00
1767031200000,87848.96,87999.0,87685.36,87788.17,127.29136427,2025-12-29 18:00:00
1767032100000,87788.17,87870.93,87689.06,87712.99,55.07191894,2025-12-29 18:15:00
1767033000000,87712.99,87780.51,87524.77,87611.64,90.96391486,2025-12-29 18:30:00
1767033900000,87611.64,87612.76,87360.07,87454.67,65.08731575,2025-12-29 18:45:00
1767034800000,87454.67,87667.87,87321.86,87571.76,95.13076467,2025-12-29 19:00:00
1767035700000,87571.76,87590.49,87468.26,87509.29,34.98637931,2025-12-29 19:15:00
1767036600000,87509.29,87587.87,87381.33,87406.24,53.25577986,2025-12-29 19:30:00
1767037500000,87406.24,87466.4,87333.53,87365.85,49.03818145,2025-12-29 19:45:00
1767038400000,87365.85,87547.47,87300.0,87536.28,124.54800838,2025-12-29 20:00:00
1767039300000,87536.28,87597.15,87330.51,87339.84,72.30062392,2025-12-29 20:15:00
1767040200000,87339.84,87408.97,87213.85,87236.53,77.79141719,2025-12-29 20:30:00
1767041100000,87236.53,87279.6,87084.27,87240.03,205.75613109,2025-12-29 20:45:00
1767042000000,87240.03,87371.18,87180.14,87357.35,87.17782145,2025-12-29 21:00:00
1767042900000,87357.35,87371.1,87227.8,87292.87,30.39167599,2025-12-29 21:15:00
1767043800000,87292.87,87358.98,87266.02,87358.1,26.11698574,2025-12-29 21:30:00
1767044700000,87358.1,87358.1,87310.93,87338.29,37.31575937,2025-12-29 21:45:00
1767045600000,87338.29,87338.29,87071.84,87128.14,62.73674449,2025-12-29 22:00:00
1767046500000,87128.14,87263.7,87128.14,87224.48,65.4139747,2025-12-29 22:15:00
1767047400000,87224.48,87392.23,87206.42,87379.14,61.28237367,2025-12-29 22:30:00
1767048300000,87379.14,87404.73,87341.42,87350.61,38.45074717,2025-12-29 22:45:00
1767049200000,87350.61,87397.3,87279.96,87374.66,48.85800438,2025-12-29 23:00:00
1767050100000,87374.66,87375.55,87195.62,87206.58,42.84203277,2025-12-29 23:15:00
1767051000000,87206.58,87269.96,87187.56,87221.54,30.66807204,2025-12-29 23:30:00
1767051900000,87221.54,87263.39,87209.35,87235.32,26.69860436,2025-12-29 23:45:00
1767052800000,87235.32,87342.17,87202.95,87301.8,77.04571161,2025-12-30 00:00:00
1767053700000,87301.8,87359.84,87293.08,87300.45,30.02831295,2025-12-30 00:15:00
1767054600000,87300.45,87300.45,87104.35,87131.09,51.07080225,2025-12-30 00:30:00
1767055500000,87131.09,87269.54,87131.09,87250.54,46.33928153,2025-12-30 00:45:00
1767056400000,87250.54,87286.44,87152.32,87222.86,49.72957283,2025-12-30 01:00:00
1767057300000,87222.86,87293.31,87185.31,87193.08,39.43394183,2025-12-30 01:15:00
1767058200000,87193.08,87277.22,87118.32,87272.04,43.16227804,2025-12-30 01:30:00
1767059100000,87272.04,87356.18,87271.87,87308.67,50.66558592,2025-12-30 01:45:00
1767060000000,87308.67,87320.26,87099.46,87210.41,60.95242445,2025-12-30 02:00:00
1767060900000,87210.41,87347.33,87210.41,87240.35,59.23290224,2025-12-30 02:15:00
1767061800000,87240.35,87273.99,87000.36,87155.53,88.0239,2025-12-30 02:30:00
1767062700000,87155.53,87155.54,86987.17,87110.56,99.32252502,2025-12-30 02:45:00
1767063600000,87110.56,87111.68,86915.53,86928.58,126.06453606,2025-12-30 03:00:00
1767064500000,86928.58,87298.98,86846.11,87281.54,167.83093208,2025-12-30 03:15:00
1767065400000,87281.54,87318.04,87208.37,87279.39,82.7154448,2025-12-30 03:30:00
1767066300000,87279.39,87424.4,87267.3,87378.55,138.24463719,2025-12-30 03:45:00
1767067200000,87378.55,87426.9,87293.33,87321.98,80.30429187,2025-12-30 04:00:00
1767068100000,87321.98,87492.35,87307.73,87459.33,89.95941652,2025-12-30 04:15:00
1767069000000,87459.33,87466.35,87397.27,87453.27,69.31234301,2025-12-30 04:30:00
1767069900000,87453.27,87469.04,87299.56,87300.44,48.36603081,2025-12-30 04:45:00
1767070800000,87300.44,87361.08,87291.79,87359.87,38.98229954,2025-12-30 05:00:00
1767071700000,87359.87,87365.44,87235.03,87277.87,52.32167945,2025-12-30 05:15:00
1767072600000,87277.87,87277.89,87154.83,87238.75,53.12966882,2025-12-30 05:30:00
1767073500000,87238.75,87260.03,87203.02,87256.21,26.80031565,2025-12-30 05:45:00
1767074400000,87256.21,87341.19,87239.45,87341.19,35.16610882,2025-12-30 06:00:00
1767075300000,87341.19,87429.21,87340.03,87385.31,51.17841563,2025-12-30 06:15:00
1767076200000,87385.31,87500.51,87385.14,87489.99,66.86302542,2025-12-30 06:30:00
1767077100000,87489.99,87527.02,87408.12,87442.72,67.62127764,2025-12-30 06:45:00
1767078000000,87442.72,87535.15,87412.3,87523.58,64.09911424,2025-12-30 07:00:00
1767078900000,87523.58,87600.68,87374.65,87425.89,100.92756362,2025-12-30 07:15:00
1767079800000,87425.89,87537.32,87403.92,87486.9,106.40674322,2025-12-30 07:30:00
1767080700000,87486.9,87515.35,87466.96,87503.25,86.63892055,2025-12-30 07:45:00
1767081600000,87503.25,88027.78,87497.83,87892.23,221.05443881,2025-12-30 08:00:00
1767082500000,87892.23,88214.97,87770.56,87832.97,215.71009537,2025-12-30 08:15:00
1767083400000,87832.97,87965.12,87774.23,87909.98,193.83489923,2025-12-30 08:30:00
1767084300000,87909.98,87986.57,87840.0,87872.82,87.76942607,2025-12-30 08:45:00
1767085200000,87872.82,87924.37,87801.72,87805.44,66.58804131,2025-12-30 09:00:00
1767086100000,87805.44,87805.69,87659.56,87693.13,97.44084763,2025-12-30 09:15:00
1767087000000,87693.13,87849.52,87692.24,87849.52,51.14925025,2025-12-30 09:30:00
1767087900000,87849.52,88023.14,87826.84,87992.27,117.47719167,2025-12-30 09:45:00
1767088800000,87992.27,88108.41,87962.51,88022.65,69.02617643,2025-12-30 10:00:00
1767089700000,88022.65,88085.41,87956.2,88017.58,48.39785037,2025-12-30 10:15:00
1767090600000,88017.58,88151.08,87905.15,88149.54,107.964544,2025-12-30 10:30:00
1767091500000,88149.54,88179.83,87913.0,87951.54,99.877638,2025-12-30 10:45:00
1767092400000,87951.54,88020.32,87900.0,88018.67,82.88276624,2025-12-30 11:00:00
1767093300000,88018.67,88024.21,87906.77,87923.57,41.79680278,2025-12-30 11:15:00
1767094200000,87923.57,88008.01,87872.96,87877.45,85.32089608,2025-12-30 11:30:00
1767095100000,87877.45,87949.41,87757.56,87911.95,236.32223598,2025-12-30 11:45:00
1767096000000,87911.95,88071.2,87901.26,88038.49,205.82833822,2025-12-30 12:00:00
1767096900000,88038.49,88092.7,87985.49,87995.23,65.9017317,2025-12-30 12:15:00
1767097800000,87995.23,88065.63,87940.45,87994.41,57.36215909,2025-12-30 12:30:00
1767098700000,87994.41,88023.68,87961.17,88023.68,46.86112273,2025-12-30 12:45:00
1767099600000,88023.68,88047.18,87924.42,87960.7,118.14066068,2025-12-30 13:00:00
1767100500000,87960.7,88134.81,87918.08,88095.54,99.28228142,2025-12-30 13:15:00
1767101400000,88095.54,88130.63,87923.57,88068.8,51.06658371,2025-12-30 13:30:00
1767102300000,88068.8,88136.45,88029.17,88104.84,65.60109369,2025-12-30 13:45:00
1767103200000,88104.84,88104.84,87849.55,88025.79,94.25205892,2025-12-30 14:00:00
1767104100000,88025.79,88386.32,88019.38,88125.43,141.72972709,2025-12-30 14:15:00
1767105000000,88125.43,88258.17,87885.86,88092.26,232.36231442,2025-12-30 14:30:00
1767105900000,88092.26,89010.57,88023.1,88871.89,312.8616735,2025-12-30 14:45:00
1767106800000,88871.89,89070.16,88230.0,88349.51,215.88191233,2025-12-30 15:00:00
1767107700000,88349.51,88550.0,88223.1,88467.31,172.14220824,2025-12-30 15:15:00
1767108600000,88467.31,88791.22,88436.97,88783.45,119.36797922,2025-12-30 15:30:00
1767109500000,88783.45,89150.31,88694.14,89008.82,241.16310308,2025-12-30 15:45:00
1767110400000,89008.82,89137.16,88790.76,88960.0,256.03283889,2025-12-30 16:00:00
1767111300000,88960.0,89401.5,88940.51,89218.02,304.10898641,2025-12-30 16:15:00
1767112200000,89218.02,89274.29,88663.32,88714.86,219.17211458,2025-12-30 16:30:00
1767113100000,88714.86,88788.36,88582.46,88745.42,121.794496,2025-12-30 16:45:00
1767114000000,88745.42,88904.41,88731.38,88780.0,74.7660996,2025-12-30 17:00:00
1767114900000,88780.0,88809.44,88509.7,88623.58,109.50348989,2025-12-30 17:15:00
1767115800000,88623.58,88687.27,88515.36,88533.88,75.71629115,2025-12-30 17:30:00
1767116700000,88533.88,88533.88,88136.26,88370.94,280.79056173,2025-12-30 17:45:00
1767117600000,88370.94,88413.97,88283.12,88301.9,89.28913113,2025-12-30 18:00:00
1767118500000,88301.9,88443.37,88298.86,88379.58,60.1523072,2025-12-30 18:15:00
1767119400000,88379.58,88496.31,88338.95,88366.15,85.12369661,2025-12-30 18:30:00
1767120300000,88366.15,88366.16,88132.94,88302.28,76.21240316,2025-12-30 18:45:00
1767121200000,88302.28,88303.56,87964.35,88067.48,98.96589968,2025-12-30 19:00:00
1767122100000,88067.48,88371.79,88030.51,88345.31,74.44684922,2025-12-30 19:15:00
1767123000000,88345.31,88422.68,88275.74,88288.5,37.43613995,2025-12-30 19:30:00
1767123900000,88288.5,88337.18,88140.07,88226.59,33.53585704,2025-12-30 19:45:00
1767124800000,88226.59,88226.59,88091.33,88130.76,35.40468737,2025-12-30 20:00:00
1767125700000,88130.76,88211.52,88034.58,88073.66,42.84901545,2025-12-30 20:15:00
1767126600000,88073.66,88180.67,88036.6,88060.0,119.84946474,2025-12-30 20:30:00
1767127500000,88060.0,88060.0,87888.78,87925.23,107.19409836,2025-12-30 20:45:00
1767128400000,87925.23,88093.53,87891.45,88075.51,67.04643876,2025-12-30 21:00:00
1767129300000,88075.51,88193.08,88072.6,88158.03,44.64508714,2025-12-30 21:15:00
1767130200000,88158.03,88284.48,88158.03,88271.89,50.09889977,2025-12-30 21:30:00
1767131100000,88271.89,88330.58,88228.23,88273.24,31.9418988,2025-12-30 21:45:00
1767132000000,88273.24,88473.0,88273.24,88470.45,51.4345991,2025-12-30 22:00:00
1767132900000,88470.45,88470.45,88369.51,88430.75,43.85450677,2025-12-30 22:15:00
1767133800000,88430.75,88456.09,88300.0,88327.58,65.68635216,2025-12-30 22:30:00
1767134700000,88327.58,88431.39,88288.47,88430.63,42.79305879,2025-12-30 22:45:00
1767135600000,88430.63,88503.58,88368.97,88472.1,75.32433524,2025-12-30 23:00:00
1767136500000,88472.1,88574.1,88418.65,88574.08,41.65272673,2025-12-30 23:15:00
1767137400000,88574.08,88574.8,88513.71,88558.22,38.35092017,2025-12-30 23:30:00
1767138300000,88558.22,88558.22,88485.05,88485.05,35.46479284,2025-12-30 23:45:00
1767139200000,88485.05,88486.51,88350.0,88384.21,70.4100849,2025-12-31 00:00:00
1767140100000,88384.21,88452.16,88300.42,88390.68,52.30559358,2025-12-31 00:15:00
1767141000000,88390.68,88397.12,88260.92,88329.77,38.69665565,2025-12-31 00:30:00
1767141900000,88329.77,88329.87,88254.03,88255.95,19.51983762,2025-12-31 00:45:00
1767142800000,88255.95,88325.37,88172.44,88308.23,44.02291547,2025-12-31 01:00:00
1767143700000,88308.23,88688.25,88308.08,88588.12,107.84867774,2025-12-31 01:15:00
1767144600000,88588.12,88760.57,88588.11,88734.33,53.05809164,2025-12-31 01:30:00
1767145500000,88734.33,88780.0,88596.46,88648.94,45.11346525,2025-12-31 01:45:00
1767146400000,88648.94,88676.72,88520.55,88676.71,49.88587798,2025-12-31 02:00:00
1767147300000,88676.71,88738.22,88621.9,88664.13,45.00903447,2025-12-31 02:15:00
1767148200000,88664.13,88744.39,88543.39,88592.61,40.16879784,2025-12-31 02:30:00
1767149100000,88592.61,88714.81,88522.04,88673.16,46.74811488,2025-12-31 02:45:00
1767150000000,88673.16,88800.0,88672.67,88754.39,50.79691723,2025-12-31 03:00:00
1767150900000,88754.39,88754.4,88517.79,88536.71,59.29206836,2025-12-31 03:15:00
1767151800000,88536.71,88549.46,88378.64,88461.39,55.41385685,2025-12-31 03:30:00
1767152700000,88461.39,88483.52,88420.45,88452.77,31.18288081,2025-12-31 03:45:00
1767153600000,88452.77,88500.47,88418.57,88471.88,23.41215976,2025-12-31 04:00:00
1767154500000,88471.88,88551.47,88383.46,88431.59,30.68154103,2025-12-31 04:15:00
1767155400000,88431.59,88461.43,88390.3,88390.3,20.56419592,2025-12-31 04:30:00
1767156300000,88390.3,88425.46,88324.62,88324.68,38.35926181,2025-12-31 04:45:00
1767157200000,88324.68,88464.12,88324.68,88417.9,35.3424271,2025-12-31 05:00:00
1767158100000,88417.9,88463.0,88358.79,88460.87,63.22241822,2025-12-31 05:15:00
1767159000000,88460.87,88526.53,88436.74,88526.51,53.01901708,2025-12-31 05:30:00
1767159900000,88526.51,88526.51,88450.34,88462.64,58.9355869,2025-12-31 05:45:00
1767160800000,88462.64,88531.5,88462.64,88530.94,33.75511867,2025-12-31 06:00:00
1767161700000,88530.94,88558.87,88468.95,88535.03,37.95252312,2025-12-31 06:15:00
1767162600000,88535.03,88564.79,88485.93,88507.62,48.91894432,2025-12-31 06:30:00
1767163500000,88507.62,88538.6,88484.48,88513.31,31.93954586,2025-12-31 06:45:00
1767164400000,88513.31,88513.35,88437.38,88490.01,50.22882184,2025-12-31 07:00:00
1767165300000,88490.01,88587.55,88431.56,88538.48,59.66152639,2025-12-31 07:15:00
1767166200000,88538.48,88632.44,88523.64,88618.35,56.51928805,2025-12-31 07:30:00
1767167100000,88618.35,88640.37,88571.32,88612.66,51.71701872,2025-12-31 07:45:00
1767168000000,88612.66,88733.76,88612.66,88695.55,62.11841707,2025-12-31 08:00:00
1767168900000,88695.55,88695.55,88638.48,88661.13,45.06422367,2025-12-31 08:15:00
1767169800000,88661.13,88662.04,88395.25,88420.37,71.49640848,2025-12-31 08:30:00
1767170700000,88420.37,88460.6,88393.07,88434.1,28.26455568,2025-12-31 08:45:00
1767171600000,88434.1,88585.99,88434.1,88552.18,59.31498419,2025-12-31 09:00:00
1767172500000,88552.18,88600.98,88551.69,88597.46,67.49043001,2025-12-31 09:15:00
1767173400000,88597.46,88677.66,88580.03,88650.55,49.8625511,2025-12-31 09:30:00
1767174300000,88650.55,88714.96,88650.55,88659.65,54.00809575,2025-12-31 09:45:00
1767175200000,88659.65,88825.24,88659.64,88797.35,97.52121071,2025-12-31 10:00:00
1767176100000,88797.35,88893.53,88697.35,88762.02,137.1823138,2025-12-31 10:15:00
1767177000000,88762.02,88776.42,88663.16,88749.99,57.77900333,2025-12-31 10:30:00
1767177900000,88749.99,88850.08,88729.54,88846.46,49.49354868,2025-12-31 10:45:00
1767178800000,88846.46,88943.16,88816.52,88864.06,86.64710111,2025-12-31 11:00:00
1767179700000,88864.06,88936.79,88801.47,88936.78,51.67328206,2025-12-31 11:15:00
1767180600000,88936.78,89024.96,88905.27,89024.05,133.49772743,2025-12-31 11:30:00
1767181500000,89024.05,89050.55,88943.62,89011.07,161.01575031,2025-12-31 11:45:00
1767182400000,89011.07,89044.46,88906.34,88942.52,85.93025295,2025-12-31 12:00:00
1767183300000,88942.52,89000.44,88908.29,88936.11,53.75609075,2025-12-31 12:15:00
1767184200000,88936.11,88985.65,88794.72,88822.42,163.35497845,2025-12-31 12:30:00
1767185100000,88822.42,88856.8,88731.33,88775.55,87.96165365,2025-12-31 12:45:00
1767186000000,88775.55,88837.35,88741.28,88815.85,41.07511377,2025-12-31 13:00:00
1767186900000,88815.85,88890.64,88799.01,88844.58,43.65176686,2025-12-31 13:15:00
1767187800000,88844.58,88844.58,88743.14,88793.46,63.38079513,2025-12-31 13:30:00
1767188700000,88793.46,89048.82,88779.78,88991.37,67.97932889,2025-12-31 13:45:00
1767189600000,88991.37,89190.19,88925.93,89134.69,147.416078,2025-12-31 14:00:00
1767190500000,89134.69,89134.93,88943.99,88947.11,75.2768683,2025-12-31 14:15:00
1767191400000,88947.11,88947.11,88565.24,88648.82,276.06250005,2025-12-31 14:30:00
1767192300000,88648.82,88660.18,88277.51,88480.45,242.54862682,2025-12-31 14:45:00
1767193200000,88480.45,88486.69,87960.4,88198.81,249.82314824,2025-12-31 15:00:00
1767194100000,88198.81,88206.69,87925.77,87984.0,232.18807058,2025-12-31 15:15:00
1767195000000,87984.0,88125.06,87781.32,88040.22,194.11339939,2025-12-31 15:30:00
1767195900000,88040.22,88149.94,87932.3,87950.4,141.52169887,2025-12-31 15:45:00
1767196800000,87950.4,87998.0,87807.22,87919.69,172.38924043,2025-12-31 16:00:00
1767197700000,87919.69,88052.66,87706.03,87935.12,172.68539643,2025-12-31 16:15:00
1767198600000,87935.12,87938.12,87405.97,87460.28,318.04519531,2025-12-31 16:30:00
1767199500000,87460.28,87694.97,87420.99,87656.59,183.78711459,2025-12-31 16:45:00
1767200400000,87656.59,87681.69,87439.93,87530.45,137.33863797,2025-12-31 17:00:00
1767201300000,87530.45,87741.81,87489.15,87611.07,150.15471084,2025-12-31 17:15:00
1767202200000,87611.07,87672.71,87549.22,87622.54,94.76994899,2025-12-31 17:30:00
1767203100000,87622.54,87679.87,87565.75,87621.27,66.51229033,2025-12-31 17:45:00
1767204000000,87621.27,87940.32,87570.0,87907.46,137.83342718,2025-12-31 18:00:00
1767204900000,87907.46,87980.44,87819.78,87941.02,56.80830125,2025-12-31 18:15:00
1767205800000,87941.02,87941.02,87820.07,87870.2,49.24693615,2025-12-31 18:30:00
1767206700000,87870.2,87879.89,87681.27,87683.75,67.60618971,2025-12-31 18:45:00
1767207600000,87683.75,87870.46,87683.75,87800.0,70.04403178,2025-12-31 19:00:00
1767208500000,87800.0,87830.75,87672.26,87736.8,88.88884366,2025-12-31 19:15:00
1767209400000,87736.8,87746.92,87621.56,87644.21,150.29795602,2025-12-31 19:30:00
1767210300000,87644.21,87713.87,87535.28,87544.81,129.43854583,2025-12-31 19:45:00
1767211200000,87544.81,87555.64,87420.01,87546.05,149.14882508,2025-12-31 20:00:00
1767212100000,87546.05,87556.12,87444.31,87497.22,110.55894106,2025-12-31 20:15:00
1767213000000,87497.22,87539.98,87248.43,87433.0,179.48576742,2025-12-31 20:30:00
1767213900000,87433.0,87703.27,87364.45,87668.17,105.47185257,2025-12-31 20:45:00
1767214800000,87668.17,87792.27,87668.17,87751.43,81.55471655,2025-12-31 21:00:00
1767215700000,87751.43,87784.3,87727.2,87759.61,42.32892757,2025-12-31 21:15:00
1767216600000,87759.61,87872.89,87758.82,87826.67,115.41499927,2025-12-31 21:30:00
1767217500000,87826.67,87828.11,87773.67,87799.53,44.40325696,2025-12-31 21:45:00
1767218400000,87799.53,87828.68,87767.7,87828.61,35.79176213,2025-12-31 22:00:00
1767219300000,87828.61,87879.68,87802.48,87854.02,59.45379426,2025-12-31 22:15:00
1767220200000,87854.02,87854.21,87692.29,87734.43,45.20348209,2025-12-31 22:30:00
1767221100000,87734.43,87777.02,87655.12,87728.74,32.8479844,2025-12-31 22:45:00
1767222000000,87728.74,87728.74,87648.69,87690.2,40.37290926,2025-12-31 23:00:00
1767222900000,87690.2,87698.68,87614.44,87675.89,39.4659543,2025-12-31 23:15:00
1767223800000,87675.89,87690.46,87600.41,87685.74,30.24889521,2025-12-31 23:30:00
1767224700000,87685.74,87696.99,87640.7,87648.54,32.00131161,2025-12-31 23:45:00
