timestamp,open,high,low,close,volume,datetime
1751328000000,107146.51,107359.78,107093.35,107335.07,30.07435233,2025-07-01 00:00:00
1751328900000,107335.07,107449.25,107147.82,107169.7,23.58058716,2025-07-01 00:15:00
1751329800000,107169.7,107298.8,107026.92,107283.61,21.57156866,2025-07-01 00:30:00
1751330700000,107283.61,107392.94,107283.6,107377.02,14.68502705,2025-07-01 00:45:00
1751331600000,107377.02,107486.95,107308.63,107486.94,24.69821311,2025-07-01 01:00:00
1751332500000,107486.94,107539.99,107388.69,107407.55,20.06303843,2025-07-01 01:15:00
1751333400000,107407.55,107519.88,107309.35,107336.45,15.28749516,2025-07-01 01:30:00
1751334300000,107336.45,107385.62,107171.42,107220.01,21.11815073,2025-07-01 01:45:00
1751335200000,107220.01,107310.6,107190.21,107279.38,14.4549314,2025-07-01 02:00:00
1751336100000,107279.38,107334.76,107232.6,107330.38,13.39896717,2025-07-01 02:15:00
1751337000000,107330.38,107410.74,107253.56,107269.97,30.33509125,2025-07-01 02:30:00
1751337900000,107269.97,107269.98,107097.87,107101.68,26.97484605,2025-07-01 02:45:00
1751338800000,107101.68,107157.4,107076.94,107103.44,32.06027999,2025-07-01 03:00:00
1751339700000,107103.44,107222.5,107070.59,107212.68,16.39229921,2025-07-01 03:15:00
1751340600000,107212.68,107212.69,107157.95,107157.95,10.29258589,2025-07-01 03:30:00
1751341500000,107157.95,107205.83,107105.43,107192.39,44.17285643,2025-07-01 03:45:00
1751342400000,107192.39,107202.76,107179.98,107180.0,18.41375847,2025-07-01 04:00:00
1751343300000,107180.0,107183.97,107066.75,107076.2,16.80519135,2025-07-01 04:15:00
1751344200000,107076.2,107097.0,107046.79,107046.8,15.58555046,2025-07-01 04:30:00
1751345100000,107046.8,107046.8,106867.43,106881.6,51.63414467,2025-07-01 04:45:00
1751346000000,106881.6,106931.6,106766.3,106790.1,42.49515985,2025-07-01 05:00:00
1751346900000,106790.1,106838.0,106743.0,106748.28,50.22655249,2025-07-01 05:15:00
1751347800000,106748.28,106906.71,106739.99,106824.19,31.6280917,2025-07-01 05:30:00
1751348700000,106824.19,106961.85,106780.0,106932.48,29.91448717,2025-07-01 05:45:00
1751349600000,106932.48,106932.49,106760.15,106788.69,22.25316264,2025-07-01 06:00:00
1751350500000,106788.69,106865.4,106758.24,106772.1,15.22335101,2025-07-01 06:15:00
1751351400000,106772.1,106834.08,106761.3,106828.61,13.3125656,2025-07-01 06:30:00
1751352300000,106828.61,106904.77,106823.19,106890.78,22.06802942,2025-07-01 06:45:00
1751353200000,106890.78,107000.0,106890.77,106927.88,30.47692665,2025-07-01 07:00:00
1751354100000,106927.88,106935.87,106615.95,106903.3,36.69740783,2025-07-01 07:15:00
1751355000000,106903.3,107029.4,106882.88,106935.86,36.32730952,2025-07-01 07:30:00
1751355900000,106935.86,107176.59,106923.17,107176.51,42.14763159,2025-07-01 07:45:00
1751356800000,107176.51,107178.99,106893.47,106893.48,37.38268051,2025-07-01 08:00:00
1751357700000,106893.48,106950.0,106893.47,106907.5,28.92206823,2025-07-01 08:15:00
1751358600000,106907.5,106935.87,106729.35,106741.09,17.78270194,2025-07-01 08:30:00
1751359500000,106741.09,106762.6,106681.52,106710.13,30.20209699,2025-07-01 08:45:00
1751360400000,106710.13,106794.09,106684.02,106702.35,24.91280466,2025-07-01 09:00:00
1751361300000,106702.35,106715.0,106595.05,106696.07,35.5673074,2025-07-01 09:15:00
1751362200000,106696.07,106696.08,106500.0,106509.9,46.13157098,2025-07-01 09:30:00
1751363100000,106509.9,106596.45,106500.0,106556.39,33.3958258,2025-07-01 09:45:00
1751364000000,106556.39,106633.31,106510.0,106510.0,35.00852831,2025-07-01 10:00:00
1751364900000,106510.0,106558.25,106475.0,106475.01,27.01235487,2025-07-01 10:15:00
1751365800000,106475.01,106500.0,106360.85,106378.89,46.97621076,2025-07-01 10:30:00
1751366700000,106378.89,106497.91,106307.98,106490.42,44.69840187,2025-07-01 10:45:00
1751367600000,106490.42,106588.28,106335.6,106335.6,33.24382574,2025-07-01 11:00:00
1751368500000,106335.6,106503.32,106317.17,106491.55,25.66687342,2025-07-01 11:15:00
1751369400000,106491.55,106619.6,106491.55,106556.07,32.11674251,2025-07-01 11:30:00
1751370300000,106556.07,106622.04,106512.07,106604.23,25.83092811,2025-07-01 11:45:00
1751371200000,106604.23,106706.05,106564.42,106574.92,26.87381865,2025-07-01 12:00:00
1751372100000,106574.92,106574.93,106365.24,106399.99,28.05552185,2025-07-01 12:15:00
1751373000000,106399.99,106494.81,106397.98,106412.47,24.36543842,2025-07-01 12:30:00
1751373900000,106412.47,106487.67,106380.0,106421.07,32.65311314,2025-07-01 12:45:00
1751374800000,106421.07,106542.8,106365.0,106469.57,29.0710399,2025-07-01 13:00:00
1751375700000,106469.57,106640.0,106469.55,106615.16,47.07772904,2025-07-01 13:15:00
1751376600000,106615.16,106885.38,106301.04,106427.17,66.81461862,2025-07-01 13:30:00
1751377500000,106427.17,106860.66,106405.63,106807.42,53.26535907,2025-07-01 13:45:00
1751378400000,106807.42,107138.39,106778.5,107123.91,86.25770133,2025-07-01 14:00:00
1751379300000,107123.91,107179.99,106467.43,106546.03,70.76679822,2025-07-01 14:15:00
1751380200000,106546.03,106701.21,105993.0,106039.51,129.18034159,2025-07-01 14:30:00
1751381100000,106039.51,106039.51,105717.84,105925.01,143.07819039,2025-07-01 14:45:00
1751382000000,105925.01,106100.01,105639.25,105659.96,154.63776496,2025-07-01 15:00:00
1751382900000,105659.96,105979.33,105659.96,105972.5,53.890857,2025-07-01 15:15:00
1751383800000,105972.5,106200.0,105870.37,105960.73,40.39402469,2025-07-01 15:30:00
1751384700000,105960.73,106034.01,105911.0,105947.57,40.73101913,2025-07-01 15:45:00
1751385600000,105947.57,106279.99,105831.5,106248.0,32.07100523,2025-07-01 16:00:00
1751386500000,106248.0,106260.0,106058.01,106208.73,21.73977999,2025-07-01 16:15:00
1751387400000,106208.73,106208.73,106092.0,106154.44,23.34799212,2025-07-01 16:30:00
1751388300000,106154.44,106179.98,105964.02,106082.56,27.99764992,2025-07-01 16:45:00
1751389200000,106082.56,106230.76,105909.42,106131.98,31.36766291,2025-07-01 17:00:00
1751390100000,106131.98,106286.03,106124.3,106207.26,26.00659969,2025-07-01 17:15:00
1751391000000,106207.26,106284.44,106081.75,106241.96,15.355579,2025-07-01 17:30:00
1751391900000,106241.96,106287.95,106143.01,106253.79,21.21672726,2025-07-01 17:45:00
1751392800000,106253.79,106269.6,106131.92,106140.14,19.53204362,2025-07-01 18:00:00
1751393700000,106140.14,106143.72,105815.95,105849.11,41.57641792,2025-07-01 18:15:00
1751394600000,105849.11,105927.53,105811.32,105869.85,31.98973523,2025-07-01 18:30:00
1751395500000,105869.85,105898.12,105699.13,105749.68,29.4037227,2025-07-01 18:45:00
1751396400000,105749.68,105749.69,105462.39,105657.5,83.38757878,2025-07-01 19:00:00
1751397300000,105657.5,105804.0,105594.33,105740.6,35.51201483,2025-07-01 19:15:00
1751398200000,105740.6,105764.0,105400.0,105459.93,48.78816724,2025-07-01 19:30:00
1751399100000,105459.93,105613.34,105387.68,105398.52,24.48412145,2025-07-01 19:45:00
1751400000000,105398.52,105546.91,105250.87,105452.83,57.43925523,2025-07-01 20:00:00
1751400900000,105452.83,105635.32,105452.83,105624.33,22.20400504,2025-07-01 20:15:00
1751401800000,105624.33,105764.7,105624.33,105746.56,20.78221553,2025-07-01 20:30:00
1751402700000,105746.56,105995.44,105746.56,105920.01,26.73799203,2025-07-01 20:45:00
1751403600000,105920.01,105920.01,105749.68,105885.37,18.05092095,2025-07-01 21:00:00
1751404500000,105885.37,106100.0,105866.34,105984.9,26.23778838,2025-07-01 21:15:00
1751405400000,105984.9,105984.91,105830.5,105851.93,15.91720192,2025-07-01 21:30:00
1751406300000,105851.93,105851.93,105744.81,105784.12,18.16218932,2025-07-01 21:45:00
1751407200000,105784.12,105916.64,105729.16,105830.29,16.80211322,2025-07-01 22:00:00
1751408100000,105830.29,105871.02,105713.28,105721.22,10.45313389,2025-07-01 22:15:00
1751409000000,105721.22,105834.11,105635.0,105797.81,30.10332192,2025-07-01 22:30:00
1751409900000,105797.81,105811.33,105600.0,105613.21,21.75650814,2025-07-01 22:45:00
1751410800000,105613.21,105613.22,105361.33,105384.72,27.3464158,2025-07-01 23:00:00
1751411700000,105384.72,105535.31,105384.71,105505.38,26.77769773,2025-07-01 23:15:00
1751412600000,105505.38,105534.58,105442.0,105534.57,19.89469908,2025-07-01 23:30:00
1751413500000,105534.57,105702.39,105534.57,105681.13,15.88047155,2025-07-01 23:45:00
1751414400000,105681.13,105735.87,105600.0,105724.15,21.31576424,2025-07-02 00:00:00
1751415300000,105724.15,105781.43,105616.14,105622.7,17.61975332,2025-07-02 00:15:00
1751416200000,105622.7,105681.14,105570.83,105603.65,20.44559155,2025-07-02 00:30:00
1751417100000,105603.65,105603.66,105377.35,105392.31,28.01753213,2025-07-02 00:45:00
1751418000000,105392.31,105439.63,105373.57,105415.52,38.24819678,2025-07-02 01:00:00
1751418900000,105415.52,105623.21,105104.78,105618.49,50.19871784,2025-07-02 01:15:00
1751419800000,105618.49,105764.38,105580.15,105764.37,48.96048839,2025-07-02 01:30:00
1751420700000,105764.37,105790.07,105646.29,105720.0,42.0969777,2025-07-02 01:45:00
1751421600000,105720.0,105789.35,105581.09,105583.83,43.42672631,2025-07-02 02:00:00
1751422500000,105583.83,105707.52,105525.61,105707.51,31.26886769,2025-07-02 02:15:00
1751423400000,105707.51,105716.5,105605.01,105699.99,16.12771663,2025-07-02 02:30:00
1751424300000,105699.99,105919.98,105687.56,105908.7,32.79771349,2025-07-02 02:45:00
1751425200000,105908.7,106080.61,105871.07,106065.46,43.27285244,2025-07-02 03:00:00
1751426100000,106065.46,106171.95,106005.77,106125.83,37.5173423,2025-07-02 03:15:00
1751427000000,106125.83,106215.79,106090.77,106170.53,36.61583441,2025-07-02 03:30:00
1751427900000,106170.53,106216.08,106115.09,106189.23,17.12378076,2025-07-02 03:45:00
1751428800000,106189.23,106250.0,106152.01,106219.61,29.44622575,2025-07-02 04:00:00
1751429700000,106219.61,106225.99,106131.55,106225.98,31.08395501,2025-07-02 04:15:00
1751430600000,106225.98,106263.21,106148.12,106263.19,18.52469985,2025-07-02 04:30:00
1751431500000,106263.19,106382.86,106207.95,106382.86,40.44367749,2025-07-02 04:45:00
1751432400000,106382.86,106382.86,106292.29,106310.07,29.10309019,2025-07-02 05:00:00
1751433300000,106310.07,106545.68,106310.07,106454.45,34.12985846,2025-07-02 05:15:00
1751434200000,106454.45,106620.98,106437.19,106577.63,24.58584001,2025-07-02 05:30:00
1751435100000,106577.63,106667.56,106577.63,106638.83,38.96604194,2025-07-02 05:45:00
1751436000000,106638.83,106796.52,106633.83,106749.57,28.27192282,2025-07-02 06:00:00
1751436900000,106749.57,106822.55,106680.32,106736.22,42.77370621,2025-07-02 06:15:00
1751437800000,106736.22,106986.13,106736.22,106930.41,75.42599719,2025-07-02 06:30:00
1751438700000,106930.41,107014.39,106862.83,107014.38,61.19430288,2025-07-02 06:45:00
1751439600000,107014.38,107014.39,106924.48,106924.48,54.03209267,2025-07-02 07:00:00
1751440500000,106924.48,106939.38,106852.83,106879.61,57.05827863,2025-07-02 07:15:00
1751441400000,106879.61,107153.26,106879.5,107090.58,51.74051114,2025-07-02 07:30:00
1751442300000,107090.58,107186.78,107074.35,107080.0,31.39059636,2025-07-02 07:45:00
1751443200000,107080.0,107421.82,107080.0,107373.58,60.77803008,2025-07-02 08:00:00
1751444100000,107373.58,107668.68,107372.73,107630.88,79.23401114,2025-07-02 08:15:00
1751445000000,107630.88,107745.0,107550.5,107661.47,56.09021384,2025-07-02 08:30:00
1751445900000,107661.47,107739.3,107468.99,107728.99,47.22278876,2025-07-02 08:45:00
1751446800000,107728.99,107790.04,107586.49,107609.38,51.90029308,2025-07-02 09:00:00
1751447700000,107609.38,107693.2,107514.63,107536.09,27.81436894,2025-07-02 09:15:00
1751448600000,107536.09,107642.98,107532.74,107642.97,22.5969724,2025-07-02 09:30:00
1751449500000,107642.97,107692.23,107613.29,107636.15,22.18536176,2025-07-02 09:45:00
1751450400000,107636.15,107701.0,107612.67,107660.23,44.42097997,2025-07-02 10:00:00
1751451300000,107660.23,107789.99,107660.23,107745.64,44.31342649,2025-07-02 10:15:00
1751452200000,107745.64,107798.1,107745.64,107798.1,18.16828512,2025-07-02 10:30:00
1751453100000,107798.1,107860.23,107752.44,107848.95,80.80571119,2025-07-02 10:45:00
1751454000000,107848.95,107848.95,107780.11,107806.31,65.17206942,2025-07-02 11:00:00
1751454900000,107806.31,107806.32,107737.8,107746.89,30.50944334,2025-07-02 11:15:00
1751455800000,107746.89,107746.89,107516.6,107540.56,51.67651508,2025-07-02 11:30:00
1751456700000,107540.56,107540.56,107339.32,107479.98,56.71922657,2025-07-02 11:45:00
1751457600000,107479.98,107480.0,107366.96,107417.82,33.11420847,2025-07-02 12:00:00
1751458500000,107417.82,107417.82,107211.0,107327.06,39.91881038,2025-07-02 12:15:00
1751459400000,107327.06,107337.86,107186.22,107225.25,28.40255762,2025-07-02 12:30:00
1751460300000,107225.25,107423.59,107225.25,107379.92,29.31586439,2025-07-02 12:45:00
1751461200000,107379.92,107657.96,107280.0,107657.9,44.67525545,2025-07-02 13:00:00
1751462100000,107657.9,107657.91,107480.0,107539.67,26.41953446,2025-07-02 13:15:00
1751463000000,107539.67,107799.99,107392.76,107755.73,50.78649707,2025-07-02 13:30:00
1751463900000,107755.73,107988.33,107589.19,107768.2,50.71834704,2025-07-02 13:45:00
1751464800000,107768.2,107999.17,107740.0,107994.81,34.33490455,2025-07-02 14:00:00
1751465700000,107994.81,108067.55,107661.92,107850.6,97.73629549,2025-07-02 14:15:00
1751466600000,107850.6,108050.0,107730.13,107800.0,62.30236295,2025-07-02 14:30:00
1751467500000,107800.0,108171.79,107792.23,108139.99,72.1504816,2025-07-02 14:45:00
1751468400000,108139.99,108500.0,108120.0,108356.42,123.70810209,2025-07-02 15:00:00
1751469300000,108356.42,108500.0,108222.22,108264.18,92.27846569,2025-07-02 15:15:00
1751470200000,108264.18,108474.54,108178.99,108460.18,66.22620385,2025-07-02 15:30:00
1751471100000,108460.18,108759.2,108426.99,108737.74,124.63581962,2025-07-02 15:45:00
1751472000000,108737.74,109643.98,108650.97,109420.02,292.59840602,2025-07-02 16:00:00
1751472900000,109420.02,109584.66,109120.0,109188.0,157.28140482,2025-07-02 16:15:00
1751473800000,109188.0,109551.0,109140.47,109495.53,154.57047696,2025-07-02 16:30:00
1751474700000,109495.53,109630.0,109304.33,109407.99,105.66786721,2025-07-02 16:45:00
1751475600000,109407.99,109589.47,109313.36,109422.94,78.97826327,2025-07-02 17:00:00
1751476500000,109422.94,109730.0,109362.06,109387.73,101.70888635,2025-07-02 17:15:00
1751477400000,109387.73,109408.76,108922.29,109132.06,124.2112949,2025-07-02 17:30:00
1751478300000,109132.06,109180.26,108841.39,109129.68,45.05227756,2025-07-02 17:45:00
1751479200000,109129.68,109246.18,108989.9,109120.0,37.15922596,2025-07-02 18:00:00
1751480100000,109120.0,109393.71,109120.0,109351.86,36.7866076,2025-07-02 18:15:00
1751481000000,109351.86,109404.54,109265.82,109366.17,38.77213318,2025-07-02 18:30:00
1751481900000,109366.17,109538.89,109335.27,109538.88,61.06239849,2025-07-02 18:45:00
1751482800000,109538.88,109579.03,109294.0,109405.07,130.28314567,2025-07-02 19:00:00
1751483700000,109405.07,109583.78,109346.33,109554.22,168.63204186,2025-07-02 19:15:00
1751484600000,109554.22,109564.33,109405.79,109437.88,231.8978942,2025-07-02 19:30:00
1751485500000,109437.88,109681.81,109303.99,109676.14,87.23360379,2025-07-02 19:45:00
1751486400000,109676.14,109676.14,109359.39,109440.1,47.11483571,2025-07-02 20:00:00
1751487300000,109440.1,109495.49,109225.0,109455.86,35.03778689,2025-07-02 20:15:00
1751488200000,109455.86,109463.02,109365.06,109365.06,23.24369969,2025-07-02 20:30:00
1751489100000,109365.06,109365.07,109128.72,109136.3,112.26952896,2025-07-02 20:45:00
1751490000000,109136.3,109259.02,109130.01,109227.3,103.98870656,2025-07-02 21:00:00
1751490900000,109227.3,109371.64,109223.96,109250.75,101.66125559,2025-07-02 21:15:00
1751491800000,109250.75,109361.33,109249.93,109254.74,55.04364338,2025-07-02 21:30:00
1751492700000,109254.74,109542.3,109254.73,109441.8,168.90691411,2025-07-02 21:45:00
1751493600000,109441.8,109498.91,109216.82,109270.23,171.62105082,2025-07-02 22:00:00
1751494500000,109270.23,109298.11,109210.42,109282.14,22.74308805,2025-07-02 22:15:00
1751495400000,109282.14,109415.22,109155.15,109176.02,27.98361636,2025-07-02 22:30:00
1751496300000,109176.02,109176.03,109100.57,109142.0,39.49969554,2025-07-02 22:45:00
1751497200000,109142.0,109170.41,109077.93,109111.99,26.92076278,2025-07-02 23:00:00
1751498100000,109111.99,109124.69,108932.69,108953.61,82.29943104,2025-07-02 23:15:00
1751499000000,108953.61,108989.0,108720.0,108724.86,120.11118946,2025-07-02 23:30:00
1751499900000,108724.86,108851.65,108724.86,108849.59,106.05168962,2025-07-02 23:45:00
1751500800000,108849.59,108989.32,108839.0,108902.73,68.67643835,2025-07-03 00:00:00
1751501700000,108902.73,108945.22,108715.56,108874.52,43.01272548,2025-07-03 00:15:00
1751502600000,108874.52,109099.99,108761.79,109099.99,27.48619087,2025-07-03 00:30:00
1751503500000,109099.99,109115.02,108892.85,108915.0,26.94476003,2025-07-03 00:45:00
1751504400000,108915.0,108970.07,108807.43,108928.17,20.76984958,2025-07-03 01:00:00
1751505300000,108928.17,109109.44,108928.16,109071.01,41.52262298,2025-07-03 01:15:00
1751506200000,109071.01,109111.0,108980.0,108991.86,18.11265051,2025-07-03 01:30:00
1751507100000,108991.86,109046.08,108969.77,108975.96,35.68633928,2025-07-03 01:45:00
1751508000000,108975.96,108975.97,108800.02,108831.38,31.71865516,2025-07-03 02:00:00
1751508900000,108831.38,108831.39,108576.54,108603.52,31.95450276,2025-07-03 02:15:00
1751509800000,108603.52,108640.0,108555.55,108561.17,33.4629752,2025-07-03 02:30:00
1751510700000,108561.17,108751.41,108530.4,108721.53,23.08076159,2025-07-03 02:45:00
1751511600000,108721.53,108763.5,108660.0,108664.01,21.23339781,2025-07-03 03:00:00
1751512500000,108664.01,108787.87,108623.65,108741.03,19.04852249,2025-07-03 03:15:00
1751513400000,108741.03,108820.0,108718.34,108790.0,25.2566901,2025-07-03 03:30:00
1751514300000,108790.0,108790.0,108622.02,108628.21,24.66295686,2025-07-03 03:45:00
1751515200000,108628.21,108816.18,108566.14,108816.17,24.18821783,2025-07-03 04:00:00
1751516100000,108816.17,109000.0,108816.16,108950.42,32.39242328,2025-07-03 04:15:00
1751517000000,108950.42,108977.32,108883.65,108883.66,26.18733631,2025-07-03 04:30:00
1751517900000,108883.66,108906.84,108769.73,108789.99,26.66124157,2025-07-03 04:45:00
1751518800000,108789.99,109182.61,108789.99,109076.92,50.38607181,2025-07-03 05:00:00
1751519700000,109076.92,109195.25,109076.68,109114.0,39.71921199,2025-07-03 05:15:00
1751520600000,109114.0,109328.19,109114.0,109244.19,38.57611993,2025-07-03 05:30:00
1751521500000,109244.19,109381.12,109212.31,109340.36,40.33288708,2025-07-03 05:45:00
1751522400000,109340.36,109415.38,109237.85,109265.99,36.60243774,2025-07-03 06:00:00
1751523300000,109265.99,109450.0,109265.98,109449.99,33.84104888,2025-07-03 06:15:00
1751524200000,109449.99,109450.0,109336.57,109449.97,30.15145021,2025-07-03 06:30:00
1751525100000,109449.97,109548.01,109427.02,109478.94,43.55049281,2025-07-03 06:45:00
1751526000000,109478.94,109478.94,109213.22,109213.29,29.25290419,2025-07-03 07:00:00
1751526900000,109213.29,109278.22,109146.2,109238.13,56.96259245,2025-07-03 07:15:00
1751527800000,109238.13,109428.0,109233.56,109309.32,38.51320747,2025-07-03 07:30:00
1751528700000,109309.32,109334.83,109279.98,109279.99,64.22552381,2025-07-03 07:45:00
1751529600000,109279.99,109500.0,109279.99,109393.87,42.22713624,2025-07-03 08:00:00
1751530500000,109393.87,109547.32,109382.93,109547.16,50.17181271,2025-07-03 08:15:00
1751531400000,109547.16,109579.99,109471.6,109533.96,60.89518142,2025-07-03 08:30:00
1751532300000,109533.96,109533.96,109377.57,109377.57,39.29282787,2025-07-03 08:45:00
1751533200000,109377.57,109669.24,109377.57,109632.11,58.78868074,2025-07-03 09:00:00
1751534100000,109632.11,109990.0,109629.71,109969.99,147.59715677,2025-07-03 09:15:00
1751535000000,109969.99,110270.1,109822.91,110260.85,225.32882272,2025-07-03 09:30:00
1751535900000,110260.85,110260.86,109889.01,109942.19,94.39589499,2025-07-03 09:45:00
1751536800000,109942.19,110000.0,109807.78,109959.56,89.66047695,2025-07-03 10:00:00
1751537700000,109959.56,109959.57,109629.8,109750.51,92.63583697,2025-07-03 10:15:00
1751538600000,109750.51,109812.42,109700.0,109784.26,63.57586248,2025-07-03 10:30:00
1751539500000,109784.26,109877.26,109678.61,109839.38,28.79561955,2025-07-03 10:45:00
1751540400000,109839.38,109839.38,109647.99,109657.4,40.56378037,2025-07-03 11:00:00
1751541300000,109657.4,109733.92,109634.71,109634.74,25.98693377,2025-07-03 11:15:00
1751542200000,109634.74,109711.54,109593.27,109658.32,26.25152084,2025-07-03 11:30:00
1751543100000,109658.32,109691.21,109584.61,109599.19,18.04627612,2025-07-03 11:45:00
1751544000000,109599.19,109638.12,109495.0,109570.43,39.02706619,2025-07-03 12:00:00
1751544900000,109570.43,109621.13,109554.17,109608.95,36.60505467,2025-07-03 12:15:00
1751545800000,109608.95,109900.0,108800.0,108933.85,115.96874177,2025-07-03 12:30:00
1751546700000,108933.85,109200.0,108750.0,109167.99,68.7712466,2025-07-03 12:45:00
1751547600000,109167.99,109393.41,109137.6,109339.84,40.68316935,2025-07-03 13:00:00
1751548500000,109339.84,109388.46,109236.69,109315.36,38.76426857,2025-07-03 13:15:00
1751549400000,109315.36,110100.0,109315.36,110076.98,111.9296411,2025-07-03 13:30:00
1751550300000,110076.98,110506.68,109900.0,110255.63,146.67286687,2025-07-03 13:45:00
1751551200000,110255.63,110499.59,109933.03,109949.32,85.62715243,2025-07-03 14:00:00
1751552100000,109949.32,110353.0,109855.86,109905.99,53.28065151,2025-07-03 14:15:00
1751553000000,109905.99,109944.68,109606.86,109860.66,66.79559831,2025-07-03 14:30:00
1751553900000,109860.66,109866.2,109560.0,109718.57,32.28083361,2025-07-03 14:45:00
1751554800000,109718.57,109833.29,109333.33,109468.78,53.67717163,2025-07-03 15:00:00
1751555700000,109468.78,109651.39,109300.0,109554.14,41.01476128,2025-07-03 15:15:00
1751556600000,109554.14,109632.36,109119.23,109294.37,46.13062328,2025-07-03 15:30:00
1751557500000,109294.37,109300.0,109106.98,109127.85,36.62009534,2025-07-03 15:45:00
1751558400000,109127.85,109367.29,109020.8,109330.2,46.92384609,2025-07-03 16:00:00
1751559300000,109330.2,109330.2,109088.0,109173.78,27.78163265,2025-07-03 16:15:00
1751560200000,109173.78,109398.68,109150.0,109370.98,36.94744425,2025-07-03 16:30:00
1751561100000,109370.98,109677.12,109178.02,109288.46,37.73626245,2025-07-03 16:45:00
1751562000000,109288.46,109538.71,109278.41,109538.7,56.24829556,2025-07-03 17:00:00
1751562900000,109538.7,109650.0,109415.39,109456.0,38.43066558,2025-07-03 17:15:00
1751563800000,109456.0,109556.0,109455.99,109546.29,14.32389932,2025-07-03 17:30:00
1751564700000,109546.29,109626.93,109542.3,109556.0,18.98794535,2025-07-03 17:45:00
1751565600000,109556.0,109720.76,109358.38,109457.69,41.6390796,2025-07-03 18:00:00
1751566500000,109457.69,109620.29,109332.1,109620.28,14.82433113,2025-07-03 18:15:00
1751567400000,109620.28,109650.0,109485.1,109599.2,18.55749301,2025-07-03 18:30:00
1751568300000,109599.2,109678.76,109533.88,109678.76,14.57490958,2025-07-03 18:45:00
1751569200000,109678.76,109855.01,109638.01,109807.01,31.5440648,2025-07-03 19:00:00
1751570100000,109807.01,109910.1,109771.71,109877.99,30.31787317,2025-07-03 19:15:00
1751571000000,109877.99,109877.99,109673.64,109831.3,25.74818668,2025-07-03 19:30:00
1751571900000,109831.3,109831.3,109684.36,109803.41,52.6362846,2025-07-03 19:45:00
1751572800000,109803.41,109906.41,109803.41,109824.94,17.49831285,2025-07-03 20:00:00
1751573700000,109824.94,109917.99,109772.37,109880.03,25.06563702,2025-07-03 20:15:00
1751574600000,109880.03,109923.15,109841.47,109905.43,13.52759474,2025-07-03 20:30:00
1751575500000,109905.43,109947.12,109847.39,109947.1,14.32066238,2025-07-03 20:45:00
1751576400000,109947.1,110000.0,109732.9,109780.65,19.52000182,2025-07-03 21:00:00
1751577300000,109780.65,109879.23,109701.22,109768.85,17.73071003,2025-07-03 21:15:00
1751578200000,109768.85,109802.25,109687.59,109789.98,24.41028899,2025-07-03 21:30:00
1751579100000,109789.98,109833.78,109752.98,109787.99,29.29965816,2025-07-03 21:45:00
1751580000000,109787.99,109874.69,109700.0,109700.0,24.1938449,2025-07-03 22:00:00
1751580900000,109700.0,109736.73,109657.16,109692.64,16.1209694,2025-07-03 22:15:00
1751581800000,109692.64,109780.0,109691.1,109721.21,27.88177674,2025-07-03 22:30:00
1751582700000,109721.21,109731.67,109650.76,109699.17,16.34681201,2025-07-03 22:45:00
1751583600000,109699.17,109820.0,109650.0,109662.82,11.41367731,2025-07-03 23:00:00
1751584500000,109662.82,109662.83,109540.03,109599.99,31.32670089,2025-07-03 23:15:00
1751585400000,109599.99,109611.0,109546.23,109567.98,12.35177049,2025-07-03 23:30:00
1751586300000,109567.98,109610.92,109558.77,109584.78,16.67109967,2025-07-03 23:45:00
1751587200000,109584.78,109626.92,109546.18,109617.66,23.31571932,2025-07-04 00:00:00
1751588100000,109617.66,109625.49,109455.8,109495.72,23.21636519,2025-07-04 00:15:00
1751589000000,109495.72,109708.04,109495.72,109660.0,16.90192901,2025-07-04 00:30:00
1751589900000,109660.0,109703.82,109384.38,109478.93,12.50595667,2025-07-04 00:45:00
1751590800000,109478.93,109610.76,109445.86,109568.19,14.55979427,2025-07-04 01:00:00
1751591700000,109568.19,109767.59,109567.99,109638.92,24.76955392,2025-07-04 01:15:00
1751592600000,109638.92,109711.54,109508.89,109518.48,17.84398357,2025-07-04 01:30:00
1751593500000,109518.48,109548.48,109500.0,109500.0,18.96578975,2025-07-04 01:45:00
1751594400000,109500.0,109500.01,109383.0,109415.08,18.14314618,2025-07-04 02:00:00
1751595300000,109415.08,109431.5,109285.41,109358.87,17.13030302,2025-07-04 02:15:00
1751596200000,109358.87,109367.18,109121.0,109121.0,17.28775905,2025-07-04 02:30:00
1751597100000,109121.0,109266.93,109103.71,109180.54,32.42052459,2025-07-04 02:45:00
1751598000000,109180.54,109257.22,109119.23,109200.0,30.26549362,2025-07-04 03:00:00
1751598900000,109200.0,109373.08,109200.0,109359.82,17.10165178,2025-07-04 03:15:00
1751599800000,109359.82,109359.82,109240.74,109288.72,22.09316625,2025-07-04 03:30:00
1751600700000,109288.72,109288.73,109231.04,109235.57,14.40493957,2025-07-04 03:45:00
1751601600000,109235.57,109295.63,109227.76,109254.71,18.32568924,2025-07-04 04:00:00
1751602500000,109254.71,109329.63,109185.1,109198.8,20.04715844,2025-07-04 04:15:00
1751603400000,109198.8,109198.8,109059.99,109072.0,33.60993556,2025-07-04 04:30:00
1751604300000,109072.0,109072.0,108950.0,108982.6,46.44320644,2025-07-04 04:45:00
1751605200000,108982.6,109159.25,108948.47,109106.0,36.21821994,2025-07-04 05:00:00
1751606100000,109106.0,109159.18,108953.07,109103.87,23.70071532,2025-07-04 05:15:00
1751607000000,109103.87,109203.99,109103.87,109130.0,18.13667886,2025-07-04 05:30:00
1751607900000,109130.0,109140.21,108929.9,109012.0,24.02603513,2025-07-04 05:45:00
1751608800000,109012.0,109012.0,108808.09,108819.62,40.5824251,2025-07-04 06:00:00
1751609700000,108819.62,108946.75,108804.0,108917.14,27.25851258,2025-07-04 06:15:00
1751610600000,108917.14,108987.95,108913.45,108930.19,23.07579248,2025-07-04 06:30:00
1751611500000,108930.19,109026.08,108930.18,109026.0,25.44100134,2025-07-04 06:45:00
1751612400000,109026.0,109144.33,108865.37,108894.0,30.25106234,2025-07-04 07:00:00
1751613300000,108894.0,108935.85,108750.0,108750.01,30.27547741,2025-07-04 07:15:00
1751614200000,108750.01,108927.19,108750.0,108855.39,93.93347113,2025-07-04 07:30:00
1751615100000,108855.39,108870.77,108700.0,108700.0,86.1308836,2025-07-04 07:45:00
1751616000000,108700.0,108733.99,108575.18,108575.18,37.80867537,2025-07-04 08:00:00
1751616900000,108575.18,108817.3,108524.0,108799.57,41.84822377,2025-07-04 08:15:00
1751617800000,108799.57,108892.0,108712.53,108884.09,37.98107256,2025-07-04 08:30:00
1751618700000,108884.09,108884.09,108745.17,108763.29,20.63348458,2025-07-04 08:45:00
1751619600000,108763.29,108900.0,108763.28,108899.99,31.95197619,2025-07-04 09:00:00
1751620500000,108899.99,109063.82,108840.0,109048.99,29.45198578,2025-07-04 09:15:00
1751621400000,109048.99,109070.0,108955.23,109057.52,35.85921654,2025-07-04 09:30:00
1751622300000,109057.52,109057.53,108919.99,108997.59,26.13312616,2025-07-04 09:45:00
1751623200000,108997.59,109067.06,108986.07,108987.2,47.24788342,2025-07-04 10:00:00
1751624100000,108987.2,109004.94,108907.69,108948.4,17.92730587,2025-07-04 10:15:00
1751625000000,108948.4,109056.97,108878.65,108928.18,16.29068666,2025-07-04 10:30:00
1751625900000,108928.18,108950.77,108865.38,108899.73,15.625799,2025-07-04 10:45:00
1751626800000,108899.73,109068.68,108899.73,108969.66,33.05209453,2025-07-04 11:00:00
1751627700000,108969.66,109111.0,108935.84,109099.99,21.67937991,2025-07-04 11:15:00
1751628600000,109099.99,109103.59,109000.0,109046.42,12.89966967,2025-07-04 11:30:00
1751629500000,109046.42,109049.54,108856.0,108888.0,17.50237728,2025-07-04 11:45:00
1751630400000,108888.0,108978.64,108871.74,108891.99,16.75589228,2025-07-04 12:00:00
1751631300000,108891.99,108914.12,108795.44,108850.96,34.36206957,2025-07-04 12:15:00
1751632200000,108850.96,108850.97,108745.84,108745.84,23.90030923,2025-07-04 12:30:00
1751633100000,108745.84,108766.0,108611.53,108731.79,25.00331455,2025-07-04 12:45:00
1751634000000,108731.79,108856.49,108621.0,108621.0,35.18091882,2025-07-04 13:00:00
1751634900000,108621.0,108692.54,108564.24,108588.03,42.50439037,2025-07-04 13:15:00
1751635800000,108588.03,108608.0,108325.0,108400.01,45.87232562,2025-07-04 13:30:00
1751636700000,108400.01,108400.01,107972.22,107980.96,99.63281533,2025-07-04 13:45:00
1751637600000,107980.96,108054.12,107629.99,107797.84,116.3922286,2025-07-04 14:00:00
1751638500000,107797.84,108110.76,107505.0,108045.99,92.71278078,2025-07-04 14:15:00
1751639400000,108045.99,108049.53,107775.47,107981.14,64.51043519,2025-07-04 14:30:00
1751640300000,107981.14,107981.14,107730.0,107809.99,58.58688246,2025-07-04 14:45:00
1751641200000,107809.99,107892.29,107650.0,107752.54,52.32303502,2025-07-04 15:00:00
1751642100000,107752.54,107939.03,107645.06,107862.42,94.2795276,2025-07-04 15:15:00
1751643000000,107862.42,107869.99,107647.95,107749.0,108.47363206,2025-07-04 15:30:00
1751643900000,107749.0,107788.43,107573.28,107573.28,113.55411093,2025-07-04 15:45:00
1751644800000,107573.28,107723.08,107445.75,107445.75,175.96044728,2025-07-04 16:00:00
1751645700000,107445.75,107620.0,107333.33,107520.59,157.57410901,2025-07-04 16:15:00
1751646600000,107520.59,107750.12,107405.49,107593.72,134.98664449,2025-07-04 16:30:00
1751647500000,107593.72,107722.75,107540.27,107636.98,37.90615744,2025-07-04 16:45:00
1751648400000,107636.98,107911.31,107632.0,107731.0,37.99256239,2025-07-04 17:00:00
1751649300000,107731.0,107863.37,107731.0,107760.01,25.00313503,2025-07-04 17:15:00
1751650200000,107760.01,107922.5,107711.83,107845.65,28.53121238,2025-07-04 17:30:00
1751651100000,107845.65,107896.44,107812.0,107875.36,19.47241947,2025-07-04 17:45:00
1751652000000,107875.36,107875.37,107793.97,107810.87,81.94246412,2025-07-04 18:00:00
1751652900000,107810.87,107810.87,107621.06,107635.7,102.81359896,2025-07-04 18:15:00
1751653800000,107635.7,107748.51,107635.7,107695.05,139.62326279,2025-07-04 18:30:00
1751654700000,107695.05,107788.52,107489.23,107489.24,145.5540278,2025-07-04 18:45:00
1751655600000,107489.24,107578.0,107368.94,107551.16,120.69057458,2025-07-04 19:00:00
1751656500000,107551.16,107637.83,107250.0,107274.0,82.25373262,2025-07-04 19:15:00
1751657400000,107274.0,107480.0,107258.65,107477.99,32.72871854,2025-07-04 19:30:00
1751658300000,107477.99,107517.08,107452.59,107469.22,32.92934892,2025-07-04 19:45:00
1751659200000,107469.22,107632.01,107440.63,107619.47,13.98343177,2025-07-04 20:00:00
1751660100000,107619.47,107775.25,107616.0,107746.48,31.75536638,2025-07-04 20:15:00
1751661000000,107746.48,107813.03,107716.56,107773.18,19.97230229,2025-07-04 20:30:00
1751661900000,107773.18,107773.19,107692.0,107692.0,12.23726807,2025-07-04 20:45:00
1751662800000,107692.0,107750.71,107689.91,107714.0,20.65598163,2025-07-04 21:00:00
1751663700000,107714.0,107834.0,107714.0,107830.93,24.2244667,2025-07-04 21:15:00
1751664600000,107830.93,107877.78,107751.42,107861.0,29.83371022,2025-07-04 21:30:00
1751665500000,107861.0,107941.99,107851.0,107911.19,20.7517134,2025-07-04 21:45:00
1751666400000,107911.19,108076.86,107886.84,108030.99,39.93102044,2025-07-04 22:00:00
1751667300000,108030.99,108166.65,108000.0,108122.99,28.44979038,2025-07-04 22:15:00
1751668200000,108122.99,108253.37,108122.98,108214.0,36.95597571,2025-07-04 22:30:00
1751669100000,108214.0,108254.96,108162.56,108254.95,23.68179319,2025-07-04 22:45:00
1751670000000,108254.95,108254.96,108090.24,108115.55,29.8194535,2025-07-04 23:00:00
1751670900000,108115.55,108130.8,108057.35,108104.0,22.2875064,2025-07-04 23:15:00
1751671800000,108104.0,108123.22,107957.99,107991.23,19.74541916,2025-07-04 23:30:00
1751672700000,107991.23,108053.83,107980.44,107984.24,9.60832663,2025-07-04 23:45:00
1751673600000,107984.24,108020.0,107955.07,108019.99,17.92573479,2025-07-05 00:00:00
1751674500000,108019.99,108134.04,108007.53,108086.31,15.62756932,2025-07-05 00:15:00
1751675400000,108086.31,108209.23,108065.95,108200.0,10.2501695,2025-07-05 00:30:00
1751676300000,108200.0,108224.56,108120.0,108196.0,19.84652205,2025-07-05 00:45:00
1751677200000,108196.0,108196.01,108081.4,108081.4,6.77074288,2025-07-05 01:00:00
1751678100000,108081.4,108081.41,107897.77,107935.71,16.04586996,2025-07-05 01:15:00
1751679000000,107935.71,108000.0,107894.61,107981.13,8.17049697,2025-07-05 01:30:00
1751679900000,107981.13,107981.14,107944.0,107981.13,21.21401706,2025-07-05 01:45:00
1751680800000,107981.13,107981.13,107800.36,107895.64,19.09777981,2025-07-05 02:00:00
1751681700000,107895.64,107934.62,107813.65,107813.66,11.72746255,2025-07-05 02:15:00
1751682600000,107813.66,107953.69,107756.31,107953.68,18.05986432,2025-07-05 02:30:00
1751683500000,107953.68,108095.59,107953.68,108067.88,29.15269739,2025-07-05 02:45:00
1751684400000,108067.88,108230.0,108067.87,108114.53,19.97733185,2025-07-05 03:00:00
1751685300000,108114.53,108250.0,108114.52,108249.99,25.20258188,2025-07-05 03:15:00
1751686200000,108249.99,108258.11,108122.4,108122.4,10.65829807,2025-07-05 03:30:00
1751687100000,108122.4,108181.0,108122.0,108154.71,16.00887292,2025-07-05 03:45:00
1751688000000,108154.71,108166.76,108031.97,108100.0,9.38927462,2025-07-05 04:00:00
1751688900000,108100.0,108383.71,108064.05,108380.66,14.7373426,2025-07-05 04:15:00
1751689800000,108380.66,108408.77,108228.0,108228.0,7.98915227,2025-07-05 04:30:00
1751690700000,108228.0,108228.01,108137.65,108137.65,5.42419496,2025-07-05 04:45:00
1751691600000,108137.65,108137.66,108037.35,108124.58,6.98964037,2025-07-05 05:00:00
1751692500000,108124.58,108129.98,108061.53,108118.68,4.90466968,2025-07-05 05:15:00
1751693400000,108118.68,108118.68,108000.0,108059.99,12.51814951,2025-07-05 05:30:00
1751694300000,108059.99,108166.31,108059.99,108125.62,12.75451096,2025-07-05 05:45:00
1751695200000,108125.62,108154.73,108059.71,108111.32,13.6732379,2025-07-05 06:00:00
1751696100000,108111.32,108240.84,108099.99,108211.79,12.77796349,2025-07-05 06:15:00
1751697000000,108211.79,108283.0,108192.77,108200.0,9.30971474,2025-07-05 06:30:00
1751697900000,108200.0,108287.47,108200.0,108270.81,12.55353452,2025-07-05 06:45:00
1751698800000,108270.81,108270.82,108139.05,108144.05,12.32624751,2025-07-05 07:00:00
1751699700000,108144.05,108146.16,108085.03,108143.99,8.63125005,2025-07-05 07:15:00
1751700600000,108143.99,108144.0,108035.18,108042.69,9.58160162,2025-07-05 07:30:00
1751701500000,108042.69,108053.46,108000.98,108053.46,8.51640526,2025-07-05 07:45:00
1751702400000,108053.46,108115.92,108004.9,108115.92,17.22489476,2025-07-05 08:00:00
1751703300000,108115.92,108125.37,108053.74,108053.75,6.8216397,2025-07-05 08:15:00
1751704200000,108053.75,108053.76,107926.2,107954.61,10.17434468,2025-07-05 08:30:00
1751705100000,107954.61,108029.97,107934.77,108029.96,7.45934406,2025-07-05 08:45:00
1751706000000,108029.96,108029.97,107909.95,107937.73,6.26572424,2025-07-05 09:00:00
1751706900000,107937.73,107937.74,107875.26,107928.8,14.62545733,2025-07-05 09:15:00
1751707800000,107928.8,107976.98,107899.99,107948.18,6.4818004,2025-07-05 09:30:00
1751708700000,107948.18,108123.62,107948.18,108078.06,13.54643019,2025-07-05 09:45:00
1751709600000,108078.06,108110.77,108053.3,108078.05,5.85258474,2025-07-05 10:00:00
1751710500000,108078.05,108137.48,108062.53,108129.13,13.23142767,2025-07-05 10:15:00
1751711400000,108129.13,108203.36,108129.13,108153.98,13.90229144,2025-07-05 10:30:00
1751712300000,108153.98,108187.69,108085.23,108085.24,12.3747232,2025-07-05 10:45:00
1751713200000,108085.24,108145.65,108085.23,108119.99,14.12668931,2025-07-05 11:00:00
1751714100000,108119.99,108177.25,108119.99,108166.42,8.67297802,2025-07-05 11:15:00
1751715000000,108166.42,108219.19,108166.42,108219.17,16.76445395,2025-07-05 11:30:00
1751715900000,108219.17,108219.18,108112.2,108112.21,7.50765749,2025-07-05 11:45:00
1751716800000,108112.21,108112.21,107993.36,108043.07,7.95378196,2025-07-05 12:00:00
1751717700000,108043.07,108061.54,107997.06,108022.93,7.46688558,2025-07-05 12:15:00
1751718600000,108022.93,108086.27,107971.0,108086.26,7.37130297,2025-07-05 12:30:00
1751719500000,108086.26,108152.95,108086.26,108148.56,5.72706578,2025-07-05 12:45:00
1751720400000,108148.56,108185.06,108124.82,108126.75,7.60633423,2025-07-05 13:00:00
1751721300000,108126.75,108230.0,108126.74,108200.01,7.73474025,2025-07-05 13:15:00
1751722200000,108200.01,108213.54,108100.44,108175.36,21.51848022,2025-07-05 13:30:00
1751723100000,108175.36,108175.37,108105.31,108126.0,13.07723157,2025-07-05 13:45:00
1751724000000,108126.0,108188.11,108103.84,108158.63,9.3656768,2025-07-05 14:00:00
1751724900000,108158.63,108223.22,108158.63,108176.99,6.15919687,2025-07-05 14:15:00
1751725800000,108176.99,108198.2,108135.08,108166.07,9.08031228,2025-07-05 14:30:00
1751726700000,108166.07,108193.24,108138.71,108193.23,8.41504866,2025-07-05 14:45:00
1751727600000,108193.23,108193.24,108177.63,108177.64,11.78558925,2025-07-05 15:00:00
1751728500000,108177.64,108177.65,108113.59,108113.6,11.25649007,2025-07-05 15:15:00
1751729400000,108113.6,108113.61,108076.99,108076.99,13.71653672,2025-07-05 15:30:00
1751730300000,108076.99,108077.0,108047.42,108058.0,16.09184011,2025-07-05 15:45:00
1751731200000,108058.0,108089.76,107999.97,108041.62,10.65120563,2025-07-05 16:00:00
1751732100000,108041.62,108090.8,107961.53,107961.53,14.58662197,2025-07-05 16:15:00
1751733000000,107961.53,107976.93,107864.75,107944.07,14.00292764,2025-07-05 16:30:00
1751733900000,107944.07,108112.8,107901.96,108101.98,10.630933,2025-07-05 16:45:00
1751734800000,108101.98,108159.01,108005.92,108017.43,11.71240887,2025-07-05 17:00:00
1751735700000,108017.43,108048.92,107941.0,108002.27,7.66342392,2025-07-05 17:15:00
1751736600000,108002.27,108097.99,107970.71,108081.38,5.7172213,2025-07-05 17:30:00
1751737500000,108081.38,108097.99,108037.9,108090.08,5.30196778,2025-07-05 17:45:00
1751738400000,108090.08,108098.0,108002.57,108013.7,9.20474796,2025-07-05 18:00:00
1751739300000,108013.7,108049.85,107965.51,107969.99,12.46836856,2025-07-05 18:15:00
1751740200000,107969.99,108033.9,107969.3,108006.0,6.44678869,2025-07-05 18:30:00
1751741100000,108006.0,108028.23,107990.57,108010.0,10.29205773,2025-07-05 18:45:00
1751742000000,108010.0,108010.01,107953.03,107953.04,10.9756526,2025-07-05 19:00:00
1751742900000,107953.04,108039.7,107953.03,108039.7,4.96499182,2025-07-05 19:15:00
1751743800000,108039.7,108134.04,108039.69,108122.01,8.81887419,2025-07-05 19:30:00
1751744700000,108122.01,108167.23,108122.0,108141.78,6.47216072,2025-07-05 19:45:00
1751745600000,108141.78,108159.4,108030.66,108042.93,6.86509191,2025-07-05 20:00:00
1751746500000,108042.93,108072.75,107993.39,107993.39,5.19321154,2025-07-05 20:15:00
1751747400000,107993.39,108077.75,107993.39,108064.0,4.48379458,2025-07-05 20:30:00
1751748300000,108064.0,108123.23,108064.0,108096.74,4.23602737,2025-07-05 20:45:00
1751749200000,108096.74,108137.26,108067.63,108067.64,7.2273486,2025-07-05 21:00:00
1751750100000,108067.64,108124.65,108061.53,108090.8,3.74005883,2025-07-05 21:15:00
1751751000000,108090.8,108137.53,108061.53,108101.59,4.1867808,2025-07-05 21:30:00
1751751900000,108101.59,108140.0,108064.64,108089.99,4.69121056,2025-07-05 21:45:00
1751752800000,108089.99,108138.91,108048.24,108120.0,4.113301,2025-07-05 22:00:00
1751753700000,108120.0,108139.28,108102.15,108137.59,3.80631809,2025-07-05 22:15:00
1751754600000,108137.59,108200.0,108094.48,108178.0,9.46266234,2025-07-05 22:30:00
1751755500000,108178.0,108200.0,108175.0,108188.46,5.73159034,2025-07-05 22:45:00
1751756400000,108188.46,108234.16,108188.46,108234.14,12.41679866,2025-07-05 23:00:00
1751757300000,108234.14,108234.15,108181.61,108215.99,7.20339183,2025-07-05 23:15:00
1751758200000,108215.99,108241.11,108188.1,108239.95,10.50714985,2025-07-05 23:30:00
1751759100000,108239.95,108239.95,108191.42,108198.11,3.9328305,2025-07-05 23:45:00
1751760000000,108198.11,108246.05,108112.96,108125.9,6.53010981,2025-07-06 00:00:00
1751760900000,108125.9,108212.0,108125.89,108211.99,5.24746003,2025-07-06 00:15:00
1751761800000,108211.99,108250.0,108169.76,108249.99,6.04478207,2025-07-06 00:30:00
1751762700000,108249.99,108250.0,108189.57,108206.99,5.86965516,2025-07-06 00:45:00
1751763600000,108206.99,108212.51,108162.65,108173.81,6.39749087,2025-07-06 01:00:00
1751764500000,108173.81,108173.82,108096.0,108096.0,6.86464841,2025-07-06 01:15:00
1751765400000,108096.0,108155.67,108084.92,108134.08,8.77136802,2025-07-06 01:30:00
1751766300000,108134.08,108218.25,108134.08,108218.24,7.55481977,2025-07-06 01:45:00
1751767200000,108218.24,108260.0,108183.4,108250.0,9.44417103,2025-07-06 02:00:00
1751768100000,108250.0,108268.35,108134.08,108155.04,5.72393713,2025-07-06 02:15:00
1751769000000,108155.04,108155.05,108112.32,108129.69,6.83443121,2025-07-06 02:30:00
1751769900000,108129.69,108154.24,108061.53,108061.53,6.45634181,2025-07-06 02:45:00
1751770800000,108061.53,108100.0,108035.49,108094.0,4.0187609,2025-07-06 03:00:00
1751771700000,108094.0,108096.0,108025.97,108036.0,5.08910088,2025-07-06 03:15:00
1751772600000,108036.0,108058.4,108026.0,108058.4,7.63786083,2025-07-06 03:30:00
1751773500000,108058.4,108064.59,108031.95,108050.48,5.63520088,2025-07-06 03:45:00
1751774400000,108050.48,108100.0,108050.48,108100.0,6.37006535,2025-07-06 04:00:00
1751775300000,108100.0,108100.0,108005.0,108005.0,7.35938141,2025-07-06 04:15:00
1751776200000,108005.0,108005.11,107949.86,108005.1,13.07527688,2025-07-06 04:30:00
1751777100000,108005.1,108005.1,107989.09,107989.1,7.06849282,2025-07-06 04:45:00
1751778000000,107989.1,107989.11,107962.19,107971.29,6.73001311,2025-07-06 05:00:00
1751778900000,107971.29,108004.95,107971.29,108003.09,8.00288305,2025-07-06 05:15:00
1751779800000,108003.09,108010.13,107997.43,108009.32,9.0170723,2025-07-06 05:30:00
1751780700000,108009.32,108009.33,108003.35,108003.35,5.35555546,2025-07-06 05:45:00
1751781600000,108003.35,108080.0,107977.7,108079.99,11.55898932,2025-07-06 06:00:00
1751782500000,108079.99,108218.0,108079.99,108123.45,8.30070613,2025-07-06 06:15:00
1751783400000,108123.45,108145.18,108067.0,108145.17,7.25161719,2025-07-06 06:30:00
1751784300000,108145.17,108145.18,108114.68,108121.98,15.88194463,2025-07-06 06:45:00
1751785200000,108121.98,108150.98,108121.98,108149.83,17.42059009,2025-07-06 07:00:00
1751786100000,108149.83,108194.58,108107.38,108133.89,5.59033848,2025-07-06 07:15:00
1751787000000,108133.89,108133.89,108056.9,108056.9,5.43630445,2025-07-06 07:30:00
1751787900000,108056.9,108056.91,108040.17,108040.32,18.59408641,2025-07-06 07:45:00
1751788800000,108040.32,108065.69,108020.0,108020.49,8.3784606,2025-07-06 08:00:00
1751789700000,108020.49,108020.5,107969.31,107969.32,11.97983433,2025-07-06 08:15:00
1751790600000,107969.32,108012.52,107969.32,108010.91,16.10946572,2025-07-06 08:30:00
1751791500000,108010.91,108019.24,108005.26,108005.26,16.22520541,2025-07-06 08:45:00
1751792400000,108005.26,108056.01,108001.66,108045.19,6.7206785,2025-07-06 09:00:00
1751793300000,108045.19,108045.2,108016.96,108016.96,3.58355517,2025-07-06 09:15:00
1751794200000,108016.96,108016.96,108006.49,108014.59,9.29297263,2025-07-06 09:30:00
1751795100000,108014.59,108014.59,107826.0,107850.0,32.87133322,2025-07-06 09:45:00
1751796000000,107850.0,107918.65,107800.01,107913.17,18.35687384,2025-07-06 10:00:00
1751796900000,107913.17,107950.36,107910.0,107950.35,15.48427026,2025-07-06 10:15:00
1751797800000,107950.35,108111.0,107950.35,108036.0,19.18023908,2025-07-06 10:30:00
1751798700000,108036.0,108036.0,107973.25,107990.93,14.9182542,2025-07-06 10:45:00
1751799600000,107990.93,107997.79,107949.99,107963.76,14.76028563,2025-07-06 11:00:00
1751800500000,107963.76,107993.29,107960.42,107993.29,9.48360463,2025-07-06 11:15:00
1751801400000,107993.29,108039.89,107993.28,108039.88,7.91079272,2025-07-06 11:30:00
1751802300000,108039.88,108079.17,108039.88,108076.01,10.10047847,2025-07-06 11:45:00
1751803200000,108076.01,108086.22,108045.75,108053.99,16.56408024,2025-07-06 12:00:00
1751804100000,108053.99,108090.8,108053.99,108090.79,16.29784134,2025-07-06 12:15:00
1751805000000,108090.79,108180.72,108090.79,108168.47,27.50357433,2025-07-06 12:30:00
1751805900000,108168.47,108233.0,108168.46,108233.0,22.51999749,2025-07-06 12:45:00
1751806800000,108233.0,108233.0,108191.85,108228.17,27.90054811,2025-07-06 13:00:00
1751807700000,108228.17,108465.67,108228.16,108461.52,30.01260045,2025-07-06 13:15:00
1751808600000,108461.52,108708.73,108461.52,108697.84,82.46157577,2025-07-06 13:30:00
1751809500000,108697.84,109127.03,108697.84,108768.04,100.46885685,2025-07-06 13:45:00
1751810400000,108768.04,108889.38,108721.52,108812.96,41.62442251,2025-07-06 14:00:00
1751811300000,108812.96,108935.84,108794.35,108904.39,33.03364714,2025-07-06 14:15:00
1751812200000,108904.39,109049.26,108612.0,108736.31,55.66642313,2025-07-06 14:30:00
1751813100000,108736.31,108948.25,108636.16,108933.25,40.77674222,2025-07-06 14:45:00
1751814000000,108933.25,109000.01,108852.0,108913.82,62.80116343,2025-07-06 15:00:00
1751814900000,108913.82,108913.83,108727.87,108830.0,27.98165074,2025-07-06 15:15:00
1751815800000,108830.0,108860.0,108665.86,108769.04,26.67423652,2025-07-06 15:30:00
1751816700000,108769.04,108912.73,108707.53,108905.99,20.2374825,2025-07-06 15:45:00
1751817600000,108905.99,108955.63,108728.0,108747.62,18.47978417,2025-07-06 16:00:00
1751818500000,108747.62,108867.29,108747.61,108828.01,13.72203057,2025-07-06 16:15:00
1751819400000,108828.01,108828.01,108708.0,108750.01,11.25168694,2025-07-06 16:30:00
1751820300000,108750.01,108871.42,108712.89,108856.93,9.77896001,2025-07-06 16:45:00
1751821200000,108856.93,108856.93,108727.16,108769.84,13.90311407,2025-07-06 17:00:00
1751822100000,108769.84,108855.44,108762.0,108855.43,10.41643676,2025-07-06 17:15:00
1751823000000,108855.43,108957.3,108855.43,108957.29,14.18794073,2025-07-06 17:30:00
1751823900000,108957.29,108966.63,108868.79,108919.22,10.10871913,2025-07-06 17:45:00
1751824800000,108919.22,108928.0,108756.42,108788.32,7.65231724,2025-07-06 18:00:00
1751825700000,108788.32,108814.09,108500.0,108554.78,28.56501621,2025-07-06 18:15:00
1751826600000,108554.78,108627.48,108389.53,108409.99,32.63490523,2025-07-06 18:30:00
1751827500000,108409.99,108464.0,108276.68,108463.99,37.4919126,2025-07-06 18:45:00
1751828400000,108463.99,108630.95,108463.99,108550.0,27.95040578,2025-07-06 19:00:00
1751829300000,108550.0,108550.01,108456.0,108460.61,15.97572903,2025-07-06 19:15:00
1751830200000,108460.61,108513.3,108321.66,108367.0,9.20947525,2025-07-06 19:30:00
1751831100000,108367.0,108538.46,108307.69,108538.45,12.78005763,2025-07-06 19:45:00
1751832000000,108538.45,108823.07,108536.86,108795.48,18.66140119,2025-07-06 20:00:00
1751832900000,108795.48,108840.0,108708.58,108708.58,14.41884653,2025-07-06 20:15:00
1751833800000,108708.58,108767.64,108708.58,108756.8,8.27545913,2025-07-06 20:30:00
1751834700000,108756.8,108832.0,108665.47,108665.47,6.15724997,2025-07-06 20:45:00
1751835600000,108665.47,108935.29,108665.47,108921.68,11.51726515,2025-07-06 21:00:00
1751836500000,108921.68,109312.41,108913.49,109305.85,40.08726211,2025-07-06 21:15:00
1751837400000,109305.85,109700.0,109206.46,109439.96,79.19994539,2025-07-06 21:30:00
1751838300000,109439.96,109445.59,109034.74,109208.25,36.97549416,2025-07-06 21:45:00
1751839200000,109208.25,109511.0,109203.85,109379.92,52.96883182,2025-07-06 22:00:00
1751840100000,109379.92,109513.11,109316.0,109445.68,51.61102733,2025-07-06 22:15:00
1751841000000,109445.68,109448.8,109266.24,109331.48,31.96254967,2025-07-06 22:30:00
1751841900000,109331.48,109364.17,109210.62,109228.72,20.72184738,2025-07-06 22:45:00
1751842800000,109228.72,109237.39,109010.0,109228.0,29.63604563,2025-07-06 23:00:00
1751843700000,109228.0,109228.0,109032.11,109044.99,18.19478475,2025-07-06 23:15:00
1751844600000,109044.99,109160.4,108995.75,109160.39,17.92325498,2025-07-06 23:30:00
1751845500000,109160.39,109278.18,109128.05,109203.85,17.03508862,2025-07-06 23:45:00
1751846400000,109203.85,109273.07,109103.19,109273.07,15.75174235,2025-07-07 00:00:00
1751847300000,109273.07,109288.02,108979.0,109004.81,24.6590439,2025-07-07 00:15:00
1751848200000,109004.81,109037.82,108845.52,108847.16,21.40040542,2025-07-07 00:30:00
1751849100000,108847.16,108922.0,108800.01,108823.08,22.47591824,2025-07-07 00:45:00
1751850000000,108823.08,108823.08,108679.75,108767.01,30.90790294,2025-07-07 01:00:00
1751850900000,108767.01,108948.69,108730.0,108901.9,34.66283584,2025-07-07 01:15:00
1751851800000,108901.9,109087.31,108901.9,109026.81,34.67714768,2025-07-07 01:30:00
1751852700000,109026.81,109089.0,108965.0,109019.12,24.70394335,2025-07-07 01:45:00
1751853600000,109019.12,109499.47,109019.12,109441.61,67.03212715,2025-07-07 02:00:00
1751854500000,109441.61,109499.99,109423.21,109445.56,54.54692652,2025-07-07 02:15:00
1751855400000,109445.56,109477.2,109330.78,109477.2,28.34459588,2025-07-07 02:30:00
1751856300000,109477.2,109477.2,109364.52,109364.52,27.46505427,2025-07-07 02:45:00
1751857200000,109364.52,109460.57,109364.52,109408.48,17.47493214,2025-07-07 03:00:00
1751858100000,109408.48,109700.0,109408.27,109615.99,33.08029707,2025-07-07 03:15:00
1751859000000,109615.99,109616.0,109516.89,109536.22,33.82779187,2025-07-07 03:30:00
1751859900000,109536.22,109536.23,109368.16,109389.46,18.8135756,2025-07-07 03:45:00
1751860800000,109389.46,109447.54,109300.0,109327.67,20.11701046,2025-07-07 04:00:00
1751861700000,109327.67,109368.42,109204.94,109232.01,14.0228833,2025-07-07 04:15:00
1751862600000,109232.01,109246.68,109143.61,109143.62,22.31268746,2025-07-07 04:30:00
1751863500000,109143.62,109196.23,109128.71,109128.72,16.76285406,2025-07-07 04:45:00
1751864400000,109128.72,109196.78,109128.0,109142.99,20.46052802,2025-07-07 05:00:00
1751865300000,109142.99,109196.77,109125.31,109125.31,21.30329428,2025-07-07 05:15:00
1751866200000,109125.31,109201.65,109050.0,109164.0,27.45047419,2025-07-07 05:30:00
1751867100000,109164.0,109164.01,109035.21,109079.99,13.9423769,2025-07-07 05:45:00
1751868000000,109079.99,109170.64,109000.96,109136.01,18.73753831,2025-07-07 06:00:00
1751868900000,109136.01,109174.87,109133.08,109150.01,30.93236017,2025-07-07 06:15:00
1751869800000,109150.01,109150.01,108822.2,108822.2,43.78836948,2025-07-07 06:30:00
1751870700000,108822.2,108888.53,108769.22,108774.49,37.96223677,2025-07-07 06:45:00
1751871600000,108774.49,108880.0,108660.0,108870.18,34.0747328,2025-07-07 07:00:00
1751872500000,108870.18,108965.57,108860.5,108918.1,37.95127218,2025-07-07 07:15:00
1751873400000,108918.1,108960.0,108865.38,108925.12,18.96356257,2025-07-07 07:30:00
1751874300000,108925.12,109061.08,108925.12,109061.07,19.08018219,2025-07-07 07:45:00
1751875200000,109061.07,109073.99,108911.8,108914.63,15.37753549,2025-07-07 08:00:00
1751876100000,108914.63,108936.0,108880.0,108894.0,25.84130759,2025-07-07 08:15:00
1751877000000,108894.0,109087.86,108860.5,109043.98,16.77415214,2025-07-07 08:30:00
1751877900000,109043.98,109074.42,108937.28,109011.7,25.89145561,2025-07-07 08:45:00
1751878800000,109011.7,109011.71,108841.5,108907.69,28.05614921,2025-07-07 09:00:00
1751879700000,108907.69,108907.69,108761.13,108859.11,25.84043446,2025-07-07 09:15:00
1751880600000,108859.11,108918.84,108810.59,108913.99,18.24516372,2025-07-07 09:30:00
1751881500000,108913.99,108913.99,108780.9,108849.05,24.84200538,2025-07-07 09:45:00
1751882400000,108849.05,108849.05,108711.1,108840.0,88.50573309,2025-07-07 10:00:00
1751883300000,108840.0,108899.31,108725.2,108725.2,96.15756438,2025-07-07 10:15:00
1751884200000,108725.2,108796.0,108710.66,108737.87,152.22478989,2025-07-07 10:30:00
1751885100000,108737.87,108778.82,108660.14,108664.15,93.57126957,2025-07-07 10:45:00
1751886000000,108664.15,108731.37,108664.14,108705.92,86.60837222,2025-07-07 11:00:00
1751886900000,108705.92,108801.0,108572.52,108749.99,35.92268555,2025-07-07 11:15:00
1751887800000,108749.99,108768.16,108644.0,108756.12,14.45540246,2025-07-07 11:30:00
1751888700000,108756.12,108756.12,108631.77,108642.02,16.92711347,2025-07-07 11:45:00
1751889600000,108642.02,108642.02,108500.01,108517.99,33.22590683,2025-07-07 12:00:00
1751890500000,108517.99,108518.0,108385.25,108422.99,147.54391441,2025-07-07 12:15:00
1751891400000,108422.99,108530.0,108413.96,108488.85,120.32952815,2025-07-07 12:30:00
1751892300000,108488.85,108548.28,108303.83,108346.85,115.90492715,2025-07-07 12:45:00
1751893200000,108346.85,108400.0,108205.27,108262.99,57.28045776,2025-07-07 13:00:00
1751894100000,108262.99,108434.59,108020.0,108422.81,43.49939354,2025-07-07 13:15:00
1751895000000,108422.81,108516.0,108020.0,108150.0,35.63901164,2025-07-07 13:30:00
1751895900000,108150.0,108571.43,108019.23,108536.84,34.33667227,2025-07-07 13:45:00
1751896800000,108536.84,108660.0,108121.0,108155.53,34.0063727,2025-07-07 14:00:00
1751897700000,108155.53,108311.81,108080.0,108143.88,30.86330102,2025-07-07 14:15:00
1751898600000,108143.88,108215.15,107970.0,108189.81,33.17618114,2025-07-07 14:30:00
1751899500000,108189.81,108372.01,108145.07,108223.14,17.61221188,2025-07-07 14:45:00
1751900400000,108223.14,108463.0,108223.14,108457.2,22.21404678,2025-07-07 15:00:00
1751901300000,108457.2,108583.96,108256.1,108547.73,20.22000078,2025-07-07 15:15:00
1751902200000,108547.73,108621.45,108401.27,108468.0,20.69756889,2025-07-07 15:30:00
1751903100000,108468.0,108516.58,108285.72,108292.59,28.85630543,2025-07-07 15:45:00
1751904000000,108292.59,108391.87,108250.0,108290.87,41.00596083,2025-07-07 16:00:00
1751904900000,108290.87,108493.56,107920.0,108172.09,35.88336785,2025-07-07 16:15:00
1751905800000,108172.09,108349.99,108120.0,108250.0,18.31152253,2025-07-07 16:30:00
1751906700000,108250.0,108315.38,107914.0,107976.91,26.4077313,2025-07-07 16:45:00
1751907600000,107976.91,108053.41,107813.92,108028.95,29.55850554,2025-07-07 17:00:00
1751908500000,108028.95,108127.15,107995.97,108126.11,12.41276522,2025-07-07 17:15:00
1751909400000,108126.11,108354.0,107937.98,107990.11,19.00665871,2025-07-07 17:30:00
1751910300000,107990.11,108076.22,107899.67,107943.16,12.89786302,2025-07-07 17:45:00
1751911200000,107943.16,108100.0,107930.03,108061.53,11.67722678,2025-07-07 18:00:00
1751912100000,108061.53,108062.54,107533.79,107538.96,34.83055153,2025-07-07 18:15:00
1751913000000,107538.96,107831.15,107513.2,107756.0,28.65706044,2025-07-07 18:30:00
1751913900000,107756.0,108025.98,107756.0,108024.53,15.62084941,2025-07-07 18:45:00
1751914800000,108024.53,108199.99,108009.98,108177.29,20.61494749,2025-07-07 19:00:00
1751915700000,108177.29,108314.72,108177.29,108207.86,17.63232513,2025-07-07 19:15:00
1751916600000,108207.86,108266.75,108110.8,108110.8,15.55259449,2025-07-07 19:30:00
1751917500000,108110.8,108159.8,108024.53,108056.67,11.7841394,2025-07-07 19:45:00
1751918400000,108056.67,108056.67,107866.66,107981.13,13.08986238,2025-07-07 20:00:00
1751919300000,107981.13,108117.11,107900.0,108033.51,9.11227367,2025-07-07 20:15:00
1751920200000,108033.51,108140.5,108004.98,108004.98,10.73332815,2025-07-07 20:30:00
1751921100000,108004.98,108004.99,107869.95,107886.85,14.60400992,2025-07-07 20:45:00
1751922000000,107886.85,107973.62,107879.99,107958.53,14.06725681,2025-07-07 21:00:00
1751922900000,107958.53,107958.54,107800.01,107800.01,22.29893763,2025-07-07 21:15:00
1751923800000,107800.01,108120.01,107800.01,108061.53,13.52471736,2025-07-07 21:30:00
1751924700000,108061.53,108213.0,108061.53,108166.94,13.12874922,2025-07-07 21:45:00
1751925600000,108166.94,108180.0,107973.78,108047.83,11.33744533,2025-07-07 22:00:00
1751926500000,108047.83,108100.0,107995.33,107995.33,9.62247524,2025-07-07 22:15:00
1751927400000,107995.33,108080.88,107989.99,108080.88,21.16818299,2025-07-07 22:30:00
1751928300000,108080.88,108086.91,108009.85,108019.23,20.22665547,2025-07-07 22:45:00
1751929200000,108019.23,108231.68,108019.23,108189.76,10.21808157,2025-07-07 23:00:00
1751930100000,108189.76,108211.61,108172.46,108179.76,7.10729568,2025-07-07 23:15:00
1751931000000,108179.76,108280.0,108179.76,108212.75,10.36831139,2025-07-07 23:30:00
1751931900000,108212.75,108300.0,108212.74,108262.95,20.78722854,2025-07-07 23:45:00
1751932800000,108262.95,108292.32,108200.0,108292.31,21.71745699,2025-07-08 00:00:00
1751933700000,108292.31,108425.06,108193.47,108425.05,18.32664224,2025-07-08 00:15:00
1751934600000,108425.05,108522.35,108311.31,108522.34,20.26989943,2025-07-08 00:30:00
1751935500000,108522.34,108525.0,108204.0,108299.99,15.90472425,2025-07-08 00:45:00
1751936400000,108299.99,108299.99,108133.28,108169.27,12.51321836,2025-07-08 01:00:00
1751937300000,108169.27,108169.28,107995.33,108051.41,16.2527804,2025-07-08 01:15:00
1751938200000,108051.41,108111.16,107867.72,107880.11,14.54530589,2025-07-08 01:30:00
1751939100000,107880.11,107904.05,107689.64,107705.03,20.41573295,2025-07-08 01:45:00
1751940000000,107705.03,107784.89,107501.0,107638.47,44.76526919,2025-07-08 02:00:00
1751940900000,107638.47,107940.0,107440.0,107920.81,37.29894747,2025-07-08 02:15:00
1751941800000,107920.81,107944.79,107689.73,107732.0,26.60163781,2025-07-08 02:30:00
1751942700000,107732.0,107774.93,107558.95,107766.2,18.78879851,2025-07-08 02:45:00
1751943600000,107766.2,107816.85,107686.92,107773.48,12.87266504,2025-07-08 03:00:00
1751944500000,107773.48,107911.16,107752.01,107889.99,11.29293968,2025-07-08 03:15:00
1751945400000,107889.99,108000.0,107884.18,107939.89,11.03314868,2025-07-08 03:30:00
1751946300000,107939.89,107939.9,107868.09,107901.51,10.62781427,2025-07-08 03:45:00
1751947200000,107901.51,107901.52,107804.69,107821.17,10.65503166,2025-07-08 04:00:00
1751948100000,107821.17,107855.86,107750.0,107855.86,10.33646723,2025-07-08 04:15:00
1751949000000,107855.86,107988.11,107855.85,107983.65,16.57113736,2025-07-08 04:30:00
1751949900000,107983.65,108019.24,107960.0,108019.23,9.69241238,2025-07-08 04:45:00
1751950800000,108019.23,108034.99,107989.99,108009.99,11.82401233,2025-07-08 05:00:00
1751951700000,108009.99,108094.17,108009.99,108094.16,12.06131446,2025-07-08 05:15:00
1751952600000,108094.16,108125.0,108000.0,108124.99,15.95711196,2025-07-08 05:30:00
1751953500000,108124.99,108220.4,108124.99,108210.93,19.26366552,2025-07-08 05:45:00
1751954400000,108210.93,108280.99,108198.0,108237.58,15.29573501,2025-07-08 06:00:00
1751955300000,108237.58,108253.02,108142.56,108186.46,10.91989983,2025-07-08 06:15:00
1751956200000,108186.46,108316.0,108186.46,108315.99,12.2350703,2025-07-08 06:30:00
1751957100000,108315.99,108392.05,108230.77,108299.71,17.70095287,2025-07-08 06:45:00
1751958000000,108299.71,108328.04,108236.99,108240.0,10.0551934,2025-07-08 07:00:00
1751958900000,108240.0,108391.01,108221.76,108362.14,16.98297141,2025-07-08 07:15:00
1751959800000,108362.14,108420.0,108328.3,108417.16,33.96180493,2025-07-08 07:30:00
1751960700000,108417.16,108499.0,108408.0,108484.61,25.31209374,2025-07-08 07:45:00
1751961600000,108484.61,108525.0,108442.84,108482.61,20.31919208,2025-07-08 08:00:00
1751962500000,108482.61,108482.62,108374.93,108391.86,16.50717642,2025-07-08 08:15:00
1751963400000,108391.86,108400.02,108285.97,108289.16,17.67347582,2025-07-08 08:30:00
1751964300000,108289.16,108340.01,108262.35,108262.35,13.11234135,2025-07-08 08:45:00
1751965200000,108262.35,108348.05,108229.15,108339.08,12.42292478,2025-07-08 09:00:00
1751966100000,108339.08,108388.69,108293.45,108387.88,8.54048411,2025-07-08 09:15:00
1751967000000,108387.88,108484.62,108387.88,108484.61,9.43479421,2025-07-08 09:30:00
1751967900000,108484.61,108488.98,108448.03,108469.99,7.997946,2025-07-08 09:45:00
1751968800000,108469.99,108518.57,108418.98,108518.56,14.92558859,2025-07-08 10:00:00
1751969700000,108518.56,108678.4,108518.56,108527.02,24.76708323,2025-07-08 10:15:00
1751970600000,108527.02,108900.0,108521.04,108879.83,22.88270935,2025-07-08 10:30:00
1751971500000,108879.83,108879.83,108799.01,108832.76,27.00973912,2025-07-08 10:45:00
1751972400000,108832.76,109005.0,108832.76,108947.12,37.2941033,2025-07-08 11:00:00
1751973300000,108947.12,108989.92,108877.49,108907.36,23.98854131,2025-07-08 11:15:00
1751974200000,108907.36,108951.84,108849.05,108892.45,22.92346043,2025-07-08 11:30:00
1751975100000,108892.45,108907.25,108756.35,108756.37,22.71759265,2025-07-08 11:45:00
1751976000000,108756.37,108819.88,108756.36,108805.11,18.24458532,2025-07-08 12:00:00
1751976900000,108805.11,108805.11,108688.81,108696.16,21.19687817,2025-07-08 12:15:00
1751977800000,108696.16,108805.11,108696.15,108777.6,10.97184195,2025-07-08 12:30:00
1751978700000,108777.6,108949.18,108777.6,108949.18,16.70207329,2025-07-08 12:45:00
1751979600000,108949.18,108949.19,108827.45,108835.48,14.73778568,2025-07-08 13:00:00
1751980500000,108835.48,108881.86,108795.35,108881.85,18.15009952,2025-07-08 13:15:00
1751981400000,108881.85,109033.0,108631.27,109033.0,29.72390494,2025-07-08 13:30:00
1751982300000,109033.0,109216.56,108882.0,109034.6,50.40780456,2025-07-08 13:45:00
1751983200000,109034.6,109072.8,108530.0,108627.81,32.12124049,2025-07-08 14:00:00
1751984100000,108627.81,108717.26,108383.18,108510.44,38.0873847,2025-07-08 14:15:00
1751985000000,108510.44,108808.15,108484.94,108749.23,25.2908955,2025-07-08 14:30:00
1751985900000,108749.23,108762.28,108250.0,108375.99,42.60907593,2025-07-08 14:45:00
1751986800000,108375.99,108512.25,108337.0,108439.99,27.61895877,2025-07-08 15:00:00
1751987700000,108439.99,108528.06,108241.6,108271.95,23.79959927,2025-07-08 15:15:00
1751988600000,108271.95,108373.83,108217.07,108317.99,22.47297082,2025-07-08 15:30:00
1751989500000,108317.99,108384.0,108230.76,108268.34,14.65996777,2025-07-08 15:45:00
1751990400000,108268.34,108346.28,108127.12,108151.99,20.66916916,2025-07-08 16:00:00
1751991300000,108151.99,108562.95,108096.74,108461.84,21.23747491,2025-07-08 16:15:00
1751992200000,108461.84,108538.03,108188.46,108371.3,15.05510148,2025-07-08 16:30:00
1751993100000,108371.3,108454.09,108302.57,108439.37,14.64910701,2025-07-08 16:45:00
1751994000000,108439.37,108886.79,108439.36,108767.94,27.75704008,2025-07-08 17:00:00
1751994900000,108767.94,109053.0,108706.28,108887.7,40.85466574,2025-07-08 17:15:00
1751995800000,108887.7,108964.01,108712.63,108798.43,46.79230546,2025-07-08 17:30:00
1751996700000,108798.43,109100.0,108798.42,108991.01,48.64930724,2025-07-08 17:45:00
1751997600000,108991.01,109099.99,108909.94,109099.99,42.194246,2025-07-08 18:00:00
1751998500000,109099.99,109119.24,108935.34,109044.96,46.22213965,2025-07-08 18:15:00
1751999400000,109044.96,109095.99,108950.0,109005.99,63.72968103,2025-07-08 18:30:00
1752000300000,109005.99,109147.56,108956.14,109147.56,32.47884044,2025-07-08 18:45:00
1752001200000,109147.56,109147.56,108956.05,108970.39,22.02364795,2025-07-08 19:00:00
1752002100000,108970.39,109056.28,108955.58,108961.91,10.25439546,2025-07-08 19:15:00
1752003000000,108961.91,108961.91,108763.2,108791.99,19.56970581,2025-07-08 19:30:00
1752003900000,108791.99,108870.3,108735.98,108771.87,11.8712478,2025-07-08 19:45:00
1752004800000,108771.87,108775.2,108714.78,108718.01,12.98271893,2025-07-08 20:00:00
1752005700000,108718.01,108939.0,108696.14,108901.0,15.48262476,2025-07-08 20:15:00
1752006600000,108901.0,108901.0,108788.11,108788.12,14.83956797,2025-07-08 20:30:00
1752007500000,108788.12,108788.12,108630.53,108630.53,16.10313939,2025-07-08 20:45:00
1752008400000,108630.53,108768.0,108628.26,108750.83,15.2188369,2025-07-08 21:00:00
1752009300000,108750.83,108750.84,108624.0,108736.41,13.05267684,2025-07-08 21:15:00
1752010200000,108736.41,108941.1,108736.41,108905.69,10.95038798,2025-07-08 21:30:00
1752011100000,108905.69,108970.4,108830.71,108889.89,8.5539489,2025-07-08 21:45:00
1752012000000,108889.89,108973.58,108818.08,108838.97,10.06879073,2025-07-08 22:00:00
1752012900000,108838.97,108872.0,108838.88,108871.99,9.18994482,2025-07-08 22:15:00
1752013800000,108871.99,108926.17,108871.99,108907.69,7.76672275,2025-07-08 22:30:00
1752014700000,108907.69,108930.63,108887.07,108917.01,8.10564902,2025-07-08 22:45:00
1752015600000,108917.01,108965.22,108865.38,108927.98,7.06305236,2025-07-08 23:00:00
1752016500000,108927.98,108970.4,108823.07,108840.0,12.45832114,2025-07-08 23:15:00
1752017400000,108840.0,108974.0,108840.0,108934.04,7.47408792,2025-07-08 23:30:00
1752018300000,108934.04,108953.04,108907.69,108922.98,8.82681468,2025-07-08 23:45:00
1752019200000,108922.98,108947.24,108800.0,108833.53,12.09419337,2025-07-09 00:00:00
1752020100000,108833.53,108876.47,108777.97,108808.0,12.01664813,2025-07-09 00:15:00
1752021000000,108808.0,108887.74,108788.0,108887.73,7.70466545,2025-07-09 00:30:00
1752021900000,108887.73,108957.58,108869.47,108940.38,9.18703839,2025-07-09 00:45:00
1752022800000,108940.38,109131.99,108927.97,109098.82,25.10196521,2025-07-09 01:00:00
1752023700000,109098.82,109098.82,108769.23,108793.87,15.71412329,2025-07-09 01:15:00
1752024600000,108793.87,108802.27,108732.0,108744.83,18.26840727,2025-07-09 01:30:00
1752025500000,108744.83,108792.0,108722.09,108780.76,9.80075856,2025-07-09 01:45:00
1752026400000,108780.76,108837.7,108761.45,108837.69,28.21934399,2025-07-09 02:00:00
1752027300000,108837.69,108837.7,108700.0,108700.0,17.58092238,2025-07-09 02:15:00
1752028200000,108700.0,108770.16,108667.59,108712.99,26.44823389,2025-07-09 02:30:00
1752029100000,108712.99,108712.99,108600.0,108611.53,25.75875813,2025-07-09 02:45:00
1752030000000,108611.53,108665.39,108468.0,108468.0,44.4743747,2025-07-09 03:00:00
1752030900000,108468.0,108468.01,108402.67,108442.3,17.28681547,2025-07-09 03:15:00
1752031800000,108442.3,108442.31,108399.99,108400.01,34.4043039,2025-07-09 03:30:00
1752032700000,108400.01,108400.01,108348.0,108376.41,31.42752733,2025-07-09 03:45:00
1752033600000,108376.41,108474.38,108352.0,108352.0,16.01990002,2025-07-09 04:00:00
1752034500000,108352.0,108395.38,108324.53,108395.36,11.92895214,2025-07-09 04:15:00
1752035400000,108395.36,108543.74,108395.36,108506.01,34.27896757,2025-07-09 04:30:00
1752036300000,108506.01,108564.0,108468.25,108553.61,20.08861791,2025-07-09 04:45:00
1752037200000,108553.61,108624.0,108526.92,108550.54,15.78438876,2025-07-09 05:00:00
1752038100000,108550.54,108588.46,108489.2,108500.0,21.37222436,2025-07-09 05:15:00
1752039000000,108500.0,108935.64,108499.98,108865.38,35.60641763,2025-07-09 05:30:00
1752039900000,108865.38,108897.89,108677.88,108778.1,21.47501509,2025-07-09 05:45:00
1752040800000,108778.1,108815.91,108678.39,108714.97,32.34973817,2025-07-09 06:00:00
1752041700000,108714.97,108788.01,108714.96,108720.01,20.5957251,2025-07-09 06:15:00
1752042600000,108720.01,108745.26,108678.38,108707.52,18.93762426,2025-07-09 06:30:00
1752043500000,108707.52,108860.0,108707.52,108840.01,20.22498988,2025-07-09 06:45:00
1752044400000,108840.01,108876.3,108767.0,108767.0,16.99995708,2025-07-09 07:00:00
1752045300000,108767.0,108820.0,108749.23,108779.56,20.48969262,2025-07-09 07:15:00
1752046200000,108779.56,108779.56,108675.14,108675.15,17.11200249,2025-07-09 07:30:00
1752047100000,108675.15,108735.76,108675.15,108714.39,18.21284726,2025-07-09 07:45:00
1752048000000,108714.39,108769.26,108683.27,108755.85,29.5676962,2025-07-09 08:00:00
1752048900000,108755.85,108837.7,108755.85,108810.89,21.85288348,2025-07-09 08:15:00
1752049800000,108810.89,108821.81,108739.96,108799.0,32.65602468,2025-07-09 08:30:00
1752050700000,108799.0,108799.0,108654.15,108654.15,28.42427546,2025-07-09 08:45:00
1752051600000,108654.15,108671.65,108553.18,108553.18,27.57291476,2025-07-09 09:00:00
1752052500000,108553.18,108639.71,108553.18,108609.99,18.58767219,2025-07-09 09:15:00
1752053400000,108609.99,108698.92,108590.77,108698.91,18.36892412,2025-07-09 09:30:00
1752054300000,108698.91,108793.47,108691.79,108763.37,95.61399266,2025-07-09 09:45:00
1752055200000,108763.37,108811.99,108707.99,108806.03,21.10134348,2025-07-09 10:00:00
1752056100000,108806.03,108840.0,108797.98,108803.68,16.8738218,2025-07-09 10:15:00
1752057000000,108803.68,108881.94,108803.66,108881.94,21.44244271,2025-07-09 10:30:00
1752057900000,108881.94,108900.0,108807.03,108899.99,19.33906861,2025-07-09 10:45:00
1752058800000,108899.99,109018.78,108899.99,109014.63,32.98771644,2025-07-09 11:00:00
1752059700000,109014.63,109088.19,109014.63,109050.33,30.07872463,2025-07-09 11:15:00
1752060600000,109050.33,109087.67,108929.71,109060.19,29.2694044,2025-07-09 11:30:00
1752061500000,109060.19,109117.0,109040.34,109058.27,50.09253628,2025-07-09 11:45:00
1752062400000,109058.27,109413.94,108992.87,109388.01,81.1229425,2025-07-09 12:00:00
1752063300000,109388.01,109500.0,109373.64,109493.98,86.39489966,2025-07-09 12:15:00
1752064200000,109493.98,109500.0,109421.29,109449.99,81.65664196,2025-07-09 12:30:00
1752065100000,109449.99,109473.9,109273.73,109330.77,55.32890344,2025-07-09 12:45:00
1752066000000,109330.77,109766.61,109330.76,109707.99,113.60353702,2025-07-09 13:00:00
1752066900000,109707.99,109719.68,109561.63,109564.01,134.12439936,2025-07-09 13:15:00
1752067800000,109564.01,109697.85,109362.0,109444.0,99.96171879,2025-07-09 13:30:00
1752068700000,109444.0,109563.4,109128.72,109183.99,60.04008869,2025-07-09 13:45:00
1752069600000,109183.99,109340.81,109131.44,109268.72,44.13145163,2025-07-09 14:00:00
1752070500000,109268.72,109460.95,108920.0,108920.0,42.29337853,2025-07-09 14:15:00
1752071400000,108920.0,108920.0,108503.0,108716.59,92.40247924,2025-07-09 14:30:00
1752072300000,108716.59,109036.0,108600.0,108900.29,137.96389848,2025-07-09 14:45:00
1752073200000,108900.29,109215.69,108821.75,108829.09,81.83363072,2025-07-09 15:00:00
1752074100000,108829.09,109067.08,108829.09,108993.0,41.22923608,2025-07-09 15:15:00
1752075000000,108993.0,109044.54,108816.51,108876.0,47.35589584,2025-07-09 15:30:00
1752075900000,108876.0,109116.25,108875.99,109071.32,35.00569007,2025-07-09 15:45:00
1752076800000,109071.32,109205.63,109047.49,109139.4,40.59211839,2025-07-09 16:00:00
1752077700000,109139.4,109278.41,109104.69,109201.76,23.13322904,2025-07-09 16:15:00
1752078600000,109201.76,109350.0,109201.76,109314.2,27.5324454,2025-07-09 16:30:00
1752079500000,109314.2,109475.29,109299.99,109408.72,38.09486509,2025-07-09 16:45:00
1752080400000,109408.72,109425.2,109254.52,109267.87,35.69959004,2025-07-09 17:00:00
1752081300000,109267.87,109267.87,109089.98,109123.69,20.47700526,2025-07-09 17:15:00
1752082200000,109123.69,109213.0,109047.49,109152.85,26.09762471,2025-07-09 17:30:00
1752083100000,109152.85,109186.34,109093.54,109168.01,25.95959418,2025-07-09 17:45:00
1752084000000,109168.01,109548.6,109137.41,109469.99,63.01819403,2025-07-09 18:00:00
1752084900000,109469.99,109579.98,109385.73,109549.99,41.12966274,2025-07-09 18:15:00
1752085800000,109549.99,109550.0,109376.0,109393.04,33.08264958,2025-07-09 18:30:00
1752086700000,109393.04,109545.44,109381.32,109536.49,36.75568179,2025-07-09 18:45:00
1752087600000,109536.49,109656.6,109500.0,109656.58,35.63928346,2025-07-09 19:00:00
1752088500000,109656.58,110350.0,109656.58,110346.02,332.81120453,2025-07-09 19:15:00
1752089400000,110346.02,111400.0,110245.66,111390.91,393.44926313,2025-07-09 19:30:00
1752090300000,111390.91,111999.79,111215.23,111749.98,369.44637984,2025-07-09 19:45:00
1752091200000,111749.98,111950.0,111137.19,111350.85,211.84805185,2025-07-09 20:00:00
1752092100000,111350.85,111367.68,110934.24,111005.86,107.65789285,2025-07-09 20:15:00
1752093000000,111005.86,111101.1,110826.79,110999.99,104.25819709,2025-07-09 20:30:00
1752093900000,110999.99,111000.0,110559.31,110714.97,69.45413861,2025-07-09 20:45:00
1752094800000,110714.97,111176.46,110682.39,111040.99,80.10321727,2025-07-09 21:00:00
1752095700000,111040.99,111280.0,111008.63,111220.87,46.92010092,2025-07-09 21:15:00
1752096600000,111220.87,111220.88,110884.16,111061.36,44.93705589,2025-07-09 21:30:00
1752097500000,111061.36,111143.79,110827.34,110827.34,38.47065558,2025-07-09 21:45:00
1752098400000,110827.34,111300.0,110818.36,111295.99,52.60959498,2025-07-09 22:00:00
1752099300000,111295.99,111336.57,111084.54,111084.54,44.97210251,2025-07-09 22:15:00
1752100200000,111084.54,111313.33,111084.54,111276.0,59.88613541,2025-07-09 22:30:00
1752101100000,111276.0,111403.84,111276.0,111386.71,48.92191981,2025-07-09 22:45:00
1752102000000,111386.71,111455.45,111255.66,111343.39,43.13672866,2025-07-09 23:00:00
1752102900000,111343.39,111521.0,111339.72,111404.19,84.80345133,2025-07-09 23:15:00
1752103800000,111404.19,111504.35,111350.41,111364.0,50.20053216,2025-07-09 23:30:00
1752104700000,111364.0,111417.01,111229.92,111234.12,40.85605583,2025-07-09 23:45:00
1752105600000,111234.12,111319.24,111204.09,111275.04,37.35676436,2025-07-10 00:00:00
1752106500000,111275.04,111300.08,111147.32,111147.34,46.77195758,2025-07-10 00:15:00
1752107400000,111147.34,111206.53,111005.0,111018.51,44.13182201,2025-07-10 00:30:00
1752108300000,111018.51,111086.97,110916.66,110916.66,39.74249601,2025-07-10 00:45:00
1752109200000,110916.66,111000.0,110879.95,111000.0,37.89567177,2025-07-10 01:00:00
1752110100000,111000.0,111142.8,110999.99,111096.04,36.51094948,2025-07-10 01:15:00
1752111000000,111096.04,111210.51,111096.04,111185.95,36.93748458,2025-07-10 01:30:00
1752111900000,111185.95,111356.0,111152.54,111189.71,58.24804379,2025-07-10 01:45:00
1752112800000,111189.71,111413.98,111189.7,111373.22,42.09176115,2025-07-10 02:00:00
1752113700000,111373.22,111572.53,111295.96,111295.96,55.63058982,2025-07-10 02:15:00
1752114600000,111295.96,111371.53,111155.37,111179.99,29.82399092,2025-07-10 02:30:00
1752115500000,111179.99,111251.09,111149.99,111213.91,24.70574555,2025-07-10 02:45:00
1752116400000,111213.91,111221.14,111131.29,111131.29,24.82088866,2025-07-10 03:00:00
1752117300000,111131.29,111217.07,111054.27,111054.27,28.78143321,2025-07-10 03:15:00
1752118200000,111054.27,111070.0,110997.36,111014.12,29.68381543,2025-07-10 03:30:00
1752119100000,111014.12,111085.48,111013.98,111074.51,25.49616597,2025-07-10 03:45:00
1752120000000,111074.51,111074.52,110953.21,110953.22,21.4223101,2025-07-10 04:00:00
1752120900000,110953.22,111065.39,110951.59,111055.28,21.24979717,2025-07-10 04:15:00
1752121800000,111055.28,111148.53,111055.28,111148.52,21.46477069,2025-07-10 04:30:00
1752122700000,111148.52,111185.76,111075.1,111150.0,26.4592536,2025-07-10 04:45:00
1752123600000,111150.0,111164.35,110975.1,110986.91,31.5149322,2025-07-10 05:00:00
1752124500000,110986.91,111000.01,110900.0,110993.62,20.48907323,2025-07-10 05:15:00
1752125400000,110993.62,110993.62,110950.69,110950.7,10.57437396,2025-07-10 05:30:00
1752126300000,110950.7,111160.66,110944.0,111086.15,23.54494812,2025-07-10 05:45:00
1752127200000,111086.15,111185.18,111086.14,111142.0,22.20763083,2025-07-10 06:00:00
1752128100000,111142.0,111299.98,111133.69,111278.65,28.71390259,2025-07-10 06:15:00
1752129000000,111278.65,111298.08,111141.91,111141.92,26.12507313,2025-07-10 06:30:00
1752129900000,111141.92,111283.3,111141.92,111233.33,29.12930795,2025-07-10 06:45:00
1752130800000,111233.33,111432.46,111220.88,111394.52,51.15277292,2025-07-10 07:00:00
1752131700000,111394.52,111415.56,111309.99,111363.89,23.86574476,2025-07-10 07:15:00
1752132600000,111363.89,111375.66,111216.68,111277.32,22.97890563,2025-07-10 07:30:00
1752133500000,111277.32,111295.11,111144.08,111229.99,26.32452199,2025-07-10 07:45:00
1752134400000,111229.99,111229.99,111114.47,111123.94,29.17749705,2025-07-10 08:00:00
1752135300000,111123.94,111276.92,111123.94,111260.31,27.357755,2025-07-10 08:15:00
1752136200000,111260.31,111398.96,111260.31,111386.89,27.46570948,2025-07-10 08:30:00
1752137100000,111386.89,111395.99,111222.71,111233.34,24.8379039,2025-07-10 08:45:00
1752138000000,111233.34,111257.84,111139.99,111160.36,17.69222192,2025-07-10 09:00:00
1752138900000,111160.36,111211.12,111111.45,111129.99,18.16620916,2025-07-10 09:15:00
1752139800000,111129.99,111172.26,111086.27,111086.28,28.827862,2025-07-10 09:30:00
1752140700000,111086.28,111111.35,111021.57,111041.36,18.29430932,2025-07-10 09:45:00
1752141600000,111041.36,111087.61,110991.15,110991.16,14.82988621,2025-07-10 10:00:00
1752142500000,110991.16,111053.23,110991.16,111009.88,15.22930551,2025-07-10 10:15:00
1752143400000,111009.88,111054.82,110912.0,110944.0,19.07029057,2025-07-10 10:30:00
1752144300000,110944.0,111098.3,110870.33,111088.52,38.90036238,2025-07-10 10:45:00
1752145200000,111088.52,111169.19,111020.0,111081.49,24.95430331,2025-07-10 11:00:00
1752146100000,111081.49,111173.95,111048.52,111165.26,21.993381,2025-07-10 11:15:00
1752147000000,111165.26,111165.26,111033.52,111085.67,23.08164187,2025-07-10 11:30:00
1752147900000,111085.67,111085.7,110967.0,111019.99,31.35245091,2025-07-10 11:45:00
1752148800000,111019.99,111020.0,110799.01,110812.86,33.76122859,2025-07-10 12:00:00
1752149700000,110812.86,110944.64,110752.35,110921.4,26.87210496,2025-07-10 12:15:00
1752150600000,110921.4,110932.94,110824.88,110835.76,14.52483933,2025-07-10 12:30:00
1752151500000,110835.76,110869.01,110780.0,110869.0,19.09948796,2025-07-10 12:45:00
1752152400000,110869.0,110975.04,110823.23,110899.86,14.99841283,2025-07-10 13:00:00
1752153300000,110899.86,111039.99,110884.0,111039.99,19.8083626,2025-07-10 13:15:00
1752154200000,111039.99,111039.99,110511.01,110796.08,42.63955987,2025-07-10 13:30:00
1752155100000,110796.08,111000.0,110611.09,110775.1,29.54692037,2025-07-10 13:45:00
1752156000000,110775.1,111129.7,110642.3,111095.1,37.68280094,2025-07-10 14:00:00
1752156900000,111095.1,111319.24,110714.28,110871.99,55.64468961,2025-07-10 14:15:00
1752157800000,110871.99,111169.02,110844.0,111059.98,23.66354843,2025-07-10 14:30:00
1752158700000,111059.98,111249.99,111000.0,111247.57,29.89478794,2025-07-10 14:45:00
1752159600000,111247.57,111299.99,110969.51,110994.83,43.19418149,2025-07-10 15:00:00
1752160500000,110994.83,111360.26,110994.82,111331.13,28.38330028,2025-07-10 15:15:00
1752161400000,111331.13,111408.24,111092.0,111171.53,22.57309603,2025-07-10 15:30:00
1752162300000,111171.53,111408.41,111156.83,111408.41,25.17248594,2025-07-10 15:45:00
1752163200000,111408.41,111495.07,111332.0,111472.62,27.31712823,2025-07-10 16:00:00
1752164100000,111472.62,112500.0,111472.62,112376.92,125.4672009,2025-07-10 16:15:00
1752165000000,112376.92,112721.0,112376.92,112637.66,151.46586322,2025-07-10 16:30:00
1752165900000,112637.66,112651.88,112402.63,112643.47,63.85414388,2025-07-10 16:45:00
1752166800000,112643.47,113459.0,112580.0,113433.07,203.17270398,2025-07-10 17:00:00
1752167700000,113433.07,113454.03,113152.18,113454.02,105.9123119,2025-07-10 17:15:00
1752168600000,113454.02,113739.02,113422.09,113619.98,129.51919244,2025-07-10 17:30:00
1752169500000,113619.98,113788.23,113444.99,113729.36,88.13465565,2025-07-10 17:45:00
1752170400000,113729.36,113760.97,113289.99,113348.69,82.58157562,2025-07-10 18:00:00
1752171300000,113348.69,113620.0,113106.09,113186.87,63.67304037,2025-07-10 18:15:00
1752172200000,113186.87,113306.67,113013.0,113059.33,56.03629946,2025-07-10 18:30:00
1752173100000,113059.33,113450.0,112985.64,113420.0,45.22725621,2025-07-10 18:45:00
1752174000000,113420.0,113679.99,113420.0,113649.97,62.65625048,2025-07-10 19:00:00
1752174900000,113649.97,113661.24,113340.61,113340.61,50.92878801,2025-07-10 19:15:00
1752175800000,113340.61,113340.61,113099.99,113262.97,56.89351636,2025-07-10 19:30:00
1752176700000,113262.97,113411.34,113115.02,113305.19,39.21214707,2025-07-10 19:45:00
1752177600000,113305.19,113500.0,113270.98,113417.02,26.55323147,2025-07-10 20:00:00
1752178500000,113417.02,113499.99,113374.55,113447.55,38.07819638,2025-07-10 20:15:00
1752179400000,113447.55,113566.31,113375.44,113566.3,29.25695215,2025-07-10 20:30:00
1752180300000,113566.3,113580.0,113429.03,113500.0,38.23998179,2025-07-10 20:45:00
1752181200000,113500.0,113700.0,113385.36,113667.4,33.18177423,2025-07-10 21:00:00
1752182100000,113667.4,116740.43,113602.43,115751.01,210.32780606,2025-07-10 21:15:00
1752183000000,115751.01,116800.0,115708.47,116297.28,143.08202538,2025-07-10 21:30:00
1752183900000,116297.28,116700.62,115960.11,116490.53,130.04023958,2025-07-10 21:45:00
1752184800000,116490.53,116495.0,115984.6,116108.61,177.73801516,2025-07-10 22:00:00
1752185700000,116108.61,116277.06,115886.71,115925.51,82.03075399,2025-07-10 22:15:00
1752186600000,115925.51,115985.81,115800.0,115962.95,80.62062486,2025-07-10 22:30:00
1752187500000,115962.95,116191.36,115927.96,116008.37,153.42007416,2025-07-10 22:45:00
1752188400000,116008.37,116099.98,115901.56,116008.51,159.37869773,2025-07-10 23:00:00
1752189300000,116008.51,116008.51,115781.99,115788.01,60.536368,2025-07-10 23:15:00
1752190200000,115788.01,115806.36,115645.88,115786.13,66.88347142,2025-07-10 23:30:00
1752191100000,115786.13,116015.25,115726.85,116010.01,60.78304454,2025-07-10 23:45:00
1752192000000,116010.01,116092.59,115882.42,115890.48,78.21074155,2025-07-11 00:00:00
1752192900000,115890.48,115890.48,115222.22,115513.15,69.28374613,2025-07-11 00:15:00
1752193800000,115513.15,115719.99,115310.03,115444.84,36.91804849,2025-07-11 00:30:00
1752194700000,115444.84,115729.85,115417.63,115590.64,38.75275382,2025-07-11 00:45:00
1752195600000,115590.64,115661.01,115514.57,115656.0,50.01734755,2025-07-11 01:00:00
1752196500000,115656.0,115979.01,115656.0,115945.46,50.50688812,2025-07-11 01:15:00
1752197400000,115945.46,115993.72,115895.94,115993.72,38.84091352,2025-07-11 01:30:00
1752198300000,115993.72,116078.85,115852.61,115967.57,60.98381817,2025-07-11 01:45:00
1752199200000,115967.57,115979.98,115702.86,115976.46,62.28782541,2025-07-11 02:00:00
1752200100000,115976.46,116292.37,115976.45,116279.99,48.23615768,2025-07-11 02:15:00
1752201000000,116279.99,116555.0,116245.37,116490.01,61.40592489,2025-07-11 02:30:00
1752201900000,116490.01,116800.0,116450.0,116672.58,190.96025311,2025-07-11 02:45:00
1752202800000,116672.58,116672.58,116450.0,116487.75,177.53734602,2025-07-11 03:00:00
1752203700000,116487.75,116605.33,116390.24,116525.29,98.31461698,2025-07-11 03:15:00
1752204600000,116525.29,116579.99,116420.0,116579.99,39.5345168,2025-07-11 03:30:00
1752205500000,116579.99,116942.0,116579.99,116881.7,53.20039053,2025-07-11 03:45:00
1752206400000,116881.7,116881.7,116579.12,116637.36,45.82417983,2025-07-11 04:00:00
1752207300000,116637.36,116673.57,116532.17,116553.53,25.9907333,2025-07-11 04:15:00
1752208200000,116553.53,116671.23,116504.72,116654.0,38.65293129,2025-07-11 04:30:00
1752209100000,116654.0,116928.85,116637.42,116918.16,58.69252774,2025-07-11 04:45:00
1752210000000,116918.16,117344.21,116918.15,117220.01,125.20656616,2025-07-11 05:00:00
1752210900000,117220.01,117493.82,117107.4,117493.81,68.71037092,2025-07-11 05:15:00
1752211800000,117493.81,118048.26,117420.0,117968.76,110.61734608,2025-07-11 05:30:00
1752212700000,117968.76,118404.23,117800.0,117860.38,146.38600375,2025-07-11 05:45:00
1752213600000,117860.38,118399.99,117800.0,118030.36,70.24645319,2025-07-11 06:00:00
1752214500000,118030.36,118324.0,117931.22,118140.9,54.21731732,2025-07-11 06:15:00
1752215400000,118140.9,118175.0,117900.0,117968.99,84.68234351,2025-07-11 06:30:00
1752216300000,117968.99,117997.8,117602.22,117632.88,145.1922632,2025-07-11 06:45:00
1752217200000,117632.88,117648.33,117468.68,117476.07,223.95346446,2025-07-11 07:00:00
1752218100000,117476.07,117892.21,117472.7,117876.9,193.38594994,2025-07-11 07:15:00
1752219000000,117876.9,118101.24,117771.51,117956.65,277.82036372,2025-07-11 07:30:00
1752219900000,117956.65,117994.09,117500.02,117526.87,229.94311848,2025-07-11 07:45:00
1752220800000,117526.87,117800.0,117526.87,117790.85,101.62571786,2025-07-11 08:00:00
1752221700000,117790.85,117999.97,117755.96,117985.32,77.29321916,2025-07-11 08:15:00
1752222600000,117985.32,118133.0,117838.46,117999.98,43.62975204,2025-07-11 08:30:00
1752223500000,117999.98,118078.11,117932.03,117964.76,44.12186061,2025-07-11 08:45:00
1752224400000,117964.76,118031.22,117883.73,118027.89,71.60145302,2025-07-11 09:00:00
1752225300000,118027.89,118232.32,118027.89,118170.45,58.1183224,2025-07-11 09:15:00
1752226200000,118170.45,118865.17,118129.97,118572.61,101.89779767,2025-07-11 09:30:00
1752227100000,118572.61,118750.0,118400.0,118470.34,69.43957505,2025-07-11 09:45:00
1752228000000,118470.34,118470.35,118105.78,118120.37,105.80393591,2025-07-11 10:00:00
1752228900000,118120.37,118317.8,118039.66,118228.55,93.14883317,2025-07-11 10:15:00
1752229800000,118228.55,118300.01,118036.85,118083.33,52.15464762,2025-07-11 10:30:00
1752230700000,118083.33,118158.35,117946.68,117983.77,56.32112576,2025-07-11 10:45:00
1752231600000,117983.77,118110.59,117700.0,117727.83,47.42715826,2025-07-11 11:00:00
1752232500000,117727.83,117740.0,117583.16,117684.22,53.9163169,2025-07-11 11:15:00
1752233400000,117684.22,117819.82,117684.22,117763.01,37.79049243,2025-07-11 11:30:00
1752234300000,117763.01,117958.14,117700.0,117821.9,55.33678277,2025-07-11 11:45:00
1752235200000,117821.9,118259.24,117821.9,118235.02,59.48739971,2025-07-11 12:00:00
1752236100000,118235.02,118235.02,117751.02,117751.04,56.78706505,2025-07-11 12:15:00
1752237000000,117751.04,117902.31,117750.01,117762.84,62.01918901,2025-07-11 12:30:00
1752237900000,117762.84,117925.15,117741.94,117878.1,66.23221217,2025-07-11 12:45:00
1752238800000,117878.1,118031.23,117700.0,117792.0,58.05763332,2025-07-11 13:00:00
1752239700000,117792.0,117859.12,117622.3,117651.34,61.28529348,2025-07-11 13:15:00
1752240600000,117651.34,117813.07,117275.44,117453.35,79.43462518,2025-07-11 13:30:00
1752241500000,117453.35,118183.89,117333.33,117989.17,57.00998671,2025-07-11 13:45:00
1752242400000,117989.17,118166.47,117777.0,117956.01,37.70691325,2025-07-11 14:00:00
1752243300000,117956.01,118050.3,117666.66,117925.27,47.5478341,2025-07-11 14:15:00
1752244200000,117925.27,118158.36,117822.58,118037.47,28.34511821,2025-07-11 14:30:00
1752245100000,118037.47,118037.47,117388.0,117858.15,35.36031232,2025-07-11 14:45:00
1752246000000,117858.15,117960.0,117569.2,117655.89,28.58614214,2025-07-11 15:00:00
1752246900000,117655.89,117945.93,117600.81,117759.99,32.15830907,2025-07-11 15:15:00
1752247800000,117759.99,117760.0,117412.27,117420.01,31.92189358,2025-07-11 15:30:00
1752248700000,117420.01,117466.15,116726.0,116900.99,65.6799948,2025-07-11 15:45:00
1752249600000,116900.99,117149.03,116604.87,116831.37,46.61458318,2025-07-11 16:00:00
1752250500000,116831.37,117261.07,116631.0,117261.07,37.89877445,2025-07-11 16:15:00
1752251400000,117261.07,117422.53,117202.06,117302.8,25.45284952,2025-07-11 16:30:00
1752252300000,117302.8,117433.4,117100.0,117393.38,35.04812906,2025-07-11 16:45:00
1752253200000,117393.38,117740.05,117340.07,117484.0,39.28390452,2025-07-11 17:00:00
1752254100000,117484.0,117664.83,117372.0,117514.6,18.77425572,2025-07-11 17:15:00
1752255000000,117514.6,117563.76,117249.99,117405.2,23.93221008,2025-07-11 17:30:00
1752255900000,117405.2,117671.46,117391.72,117640.0,25.27160905,2025-07-11 17:45:00
1752256800000,117640.0,117734.55,117500.0,117566.88,22.31299015,2025-07-11 18:00:00
1752257700000,117566.88,117659.65,117310.0,117330.54,23.9576798,2025-07-11 18:15:00
1752258600000,117330.54,117624.1,117300.0,117624.1,12.2222265,2025-07-11 18:30:00
1752259500000,117624.1,117712.47,117488.59,117694.03,17.10929619,2025-07-11 18:45:00
1752260400000,117694.03,117739.51,117426.58,117739.5,17.2329528,2025-07-11 19:00:00
1752261300000,117739.5,118138.75,117728.8,117904.56,42.33765754,2025-07-11 19:15:00
1752262200000,117904.56,117967.85,117774.2,117848.5,18.20917106,2025-07-11 19:30:00
1752263100000,117848.5,118125.72,117800.0,118101.69,19.31503288,2025-07-11 19:45:00
1752264000000,118101.69,118108.8,117847.65,117956.01,14.85325094,2025-07-11 20:00:00
1752264900000,117956.01,118053.47,117849.17,117923.99,12.7370203,2025-07-11 20:15:00
1752265800000,117923.99,117931.87,117753.77,117827.51,12.33459838,2025-07-11 20:30:00
1752266700000,117827.51,117884.07,117659.19,117664.47,13.45049845,2025-07-11 20:45:00
1752267600000,117664.47,117738.58,117549.89,117640.61,9.06885249,2025-07-11 21:00:00
1752268500000,117640.61,117880.02,117600.15,117846.45,14.94074564,2025-07-11 21:15:00
1752269400000,117846.45,117846.46,117471.09,117480.0,16.07783463,2025-07-11 21:30:00
1752270300000,117480.0,117664.84,117479.99,117619.99,9.99898564,2025-07-11 21:45:00
1752271200000,117619.99,117636.86,117499.99,117499.99,15.70433657,2025-07-11 22:00:00
1752272100000,117499.99,117563.76,117185.86,117270.9,24.99917025,2025-07-11 22:15:00
1752273000000,117270.9,117665.92,117148.0,117402.63,21.54707564,2025-07-11 22:30:00
1752273900000,117402.63,117615.89,117371.18,117615.88,17.43194735,2025-07-11 22:45:00
1752274800000,117615.88,117677.25,117565.51,117665.44,11.47682672,2025-07-11 23:00:00
1752275700000,117665.44,117665.44,117576.0,117631.56,10.40227706,2025-07-11 23:15:00
1752276600000,117631.56,117664.84,117520.0,117577.57,7.65113885,2025-07-11 23:30:00
1752277500000,117577.57,117632.0,117436.59,117527.66,10.17351988,2025-07-11 23:45:00
1752278400000,117527.66,117646.97,117462.68,117547.16,10.61904091,2025-07-12 00:00:00
1752279300000,117547.16,117547.18,117478.93,117521.09,17.36216978,2025-07-12 00:15:00
1752280200000,117521.09,117521.1,117143.67,117243.07,20.35354189,2025-07-12 00:30:00
1752281100000,117243.07,117408.0,117210.0,117407.99,17.5101121,2025-07-12 00:45:00
1752282000000,117407.99,117684.23,117407.99,117604.28,17.61258143,2025-07-12 01:00:00
1752282900000,117604.28,117688.44,117583.73,117688.43,16.35637015,2025-07-12 01:15:00
1752283800000,117688.43,117697.49,117564.56,117604.72,13.69116743,2025-07-12 01:30:00
1752284700000,117604.72,117683.54,117604.7,117644.8,14.20629609,2025-07-12 01:45:00
1752285600000,117644.8,117743.18,117615.16,117656.01,15.46173605,2025-07-12 02:00:00
1752286500000,117656.01,117800.43,117642.84,117744.09,16.94409112,2025-07-12 02:15:00
1752287400000,117744.09,117763.66,117669.5,117684.23,13.06399476,2025-07-12 02:30:00
1752288300000,117684.23,117684.23,117557.12,117599.98,11.66000736,2025-07-12 02:45:00
1752289200000,117599.98,117796.43,117599.97,117796.43,16.79744651,2025-07-12 03:00:00
1752290100000,117796.43,117840.49,117765.07,117837.37,13.39049135,2025-07-12 03:15:00
1752291000000,117837.37,117847.66,117715.02,117715.02,5.93745976,2025-07-12 03:30:00
1752291900000,117715.02,117774.41,117651.99,117774.41,9.11055458,2025-07-12 03:45:00
1752292800000,117774.41,117876.57,117747.25,117813.79,10.55861015,2025-07-12 04:00:00
1752293700000,117813.79,117850.0,117716.87,117850.0,6.09531545,2025-07-12 04:15:00
1752294600000,117850.0,117850.0,117685.68,117719.23,11.10747371,2025-07-12 04:30:00
1752295500000,117719.23,117719.24,117587.0,117646.43,14.96430486,2025-07-12 04:45:00
1752296400000,117646.43,117676.32,117539.98,117540.17,10.52006662,2025-07-12 05:00:00
1752297300000,117540.17,117623.32,117506.37,117621.06,11.00602842,2025-07-12 05:15:00
1752298200000,117621.06,117680.0,117560.0,117629.63,7.70078061,2025-07-12 05:30:00
1752299100000,117629.63,117718.82,117614.88,117689.68,11.60729107,2025-07-12 05:45:00
1752300000000,117689.68,117783.58,117660.0,117716.26,15.06640038,2025-07-12 06:00:00
1752300900000,117716.26,117966.72,117716.25,117909.99,13.31888956,2025-07-12 06:15:00
1752301800000,117909.99,117981.57,117830.06,117948.35,12.0384723,2025-07-12 06:30:00
1752302700000,117948.35,117972.32,117847.65,117847.65,11.366338,2025-07-12 06:45:00
1752303600000,117847.65,118054.79,117828.75,117964.0,14.5482421,2025-07-12 07:00:00
1752304500000,117964.0,118030.12,117900.0,117939.5,12.99388403,2025-07-12 07:15:00
1752305400000,117939.5,117939.51,117733.48,117733.48,18.95183286,2025-07-12 07:30:00
1752306300000,117733.48,117733.49,117639.69,117732.0,14.98118418,2025-07-12 07:45:00
1752307200000,117732.0,117830.08,117731.98,117830.07,18.78421819,2025-07-12 08:00:00
1752308100000,117830.07,117868.0,117819.99,117855.9,11.82202281,2025-07-12 08:15:00
1752309000000,117855.9,117855.91,117770.0,117808.84,7.22976939,2025-07-12 08:30:00
1752309900000,117808.84,117944.55,117724.47,117929.66,20.20163924,2025-07-12 08:45:00
1752310800000,117929.66,117944.55,117881.13,117888.71,11.61641406,2025-07-12 09:00:00
1752311700000,117888.71,118036.01,117888.71,117980.01,19.17108673,2025-07-12 09:15:00
1752312600000,117980.01,118050.0,117902.29,118050.0,15.49460742,2025-07-12 09:30:00
1752313500000,118050.0,118200.0,118014.53,118158.78,24.14623105,2025-07-12 09:45:00
1752314400000,118158.78,118158.79,117870.31,117980.94,16.63710605,2025-07-12 10:00:00
1752315300000,117980.94,118093.86,117980.0,118065.9,19.85363854,2025-07-12 10:15:00
1752316200000,118065.9,118140.97,118061.59,118100.41,13.85540178,2025-07-12 10:30:00
1752317100000,118100.41,118140.01,118000.55,118077.31,12.28869555,2025-07-12 10:45:00
1752318000000,118077.31,118106.21,117930.37,117944.33,14.90269324,2025-07-12 11:00:00
1752318900000,117944.33,118057.04,117920.24,118009.97,9.62639458,2025-07-12 11:15:00
1752319800000,118009.97,118035.52,117625.0,117676.31,15.16597538,2025-07-12 11:30:00
1752320700000,117676.31,117813.8,117676.3,117809.99,10.15361995,2025-07-12 11:45:00
1752321600000,117809.99,117861.21,117729.86,117779.51,10.57404478,2025-07-12 12:00:00
1752322500000,117779.51,117779.53,117664.84,117665.6,15.01121186,2025-07-12 12:15:00
1752323400000,117665.6,117725.55,117455.0,117509.76,38.78687802,2025-07-12 12:30:00
1752324300000,117509.76,117569.13,117309.61,117559.96,63.41707569,2025-07-12 12:45:00
1752325200000,117559.96,117571.61,117380.91,117486.01,48.2690192,2025-07-12 13:00:00
1752326100000,117486.01,117486.01,117299.86,117304.7,19.33341234,2025-07-12 13:15:00
1752327000000,117304.7,117483.61,117238.87,117365.64,32.17736386,2025-07-12 13:30:00
1752327900000,117365.64,117499.99,117267.57,117499.99,22.89806769,2025-07-12 13:45:00
1752328800000,117499.99,117727.26,117405.54,117601.99,27.70624295,2025-07-12 14:00:00
1752329700000,117601.99,117723.14,117525.01,117656.7,16.97588342,2025-07-12 14:15:00
1752330600000,117656.7,117656.71,117399.97,117466.47,13.5885503,2025-07-12 14:30:00
1752331500000,117466.47,117466.48,117315.68,117389.47,18.90296545,2025-07-12 14:45:00
1752332400000,117389.47,117422.53,117291.1,117422.52,16.08606147,2025-07-12 15:00:00
1752333300000,117422.52,117461.61,117170.34,117336.34,19.0363577,2025-07-12 15:15:00
1752334200000,117336.34,117447.29,116948.07,116992.6,67.33583853,2025-07-12 15:30:00
1752335100000,116992.6,117142.54,116900.05,117100.0,44.99395576,2025-07-12 15:45:00
1752336000000,117100.0,117282.74,117045.86,117266.65,26.52681486,2025-07-12 16:00:00
1752336900000,117266.65,117376.82,117257.91,117295.49,15.31612486,2025-07-12 16:15:00
1752337800000,117295.49,117399.77,117256.83,117256.84,9.50973889,2025-07-12 16:30:00
1752338700000,117256.84,117333.41,117139.0,117191.08,7.14285726,2025-07-12 16:45:00
1752339600000,117191.08,117332.0,117186.8,117299.99,13.68378005,2025-07-12 17:00:00
1752340500000,117299.99,117445.57,117299.99,117445.55,7.67719414,2025-07-12 17:15:00
1752341400000,117445.55,117548.69,117394.53,117461.69,9.37913792,2025-07-12 17:30:00
1752342300000,117461.69,117509.75,117408.0,117478.39,10.61591034,2025-07-12 17:45:00
1752343200000,117478.39,117498.27,117448.82,117465.99,9.15148525,2025-07-12 18:00:00
1752344100000,117465.99,117473.63,117396.0,117416.64,6.62305018,2025-07-12 18:15:00
1752345000000,117416.64,117499.98,117378.91,117378.91,6.95486427,2025-07-12 18:30:00
1752345900000,117378.91,117509.76,117378.91,117504.01,6.92291069,2025-07-12 18:45:00
1752346800000,117504.01,117610.0,117483.92,117608.53,11.84704848,2025-07-12 19:00:00
1752347700000,117608.53,117639.98,117440.43,117440.44,12.18587544,2025-07-12 19:15:00
1752348600000,117440.44,117595.13,117439.72,117595.12,20.6931384,2025-07-12 19:30:00
1752349500000,117595.12,117620.0,117527.02,117550.96,6.38227029,2025-07-12 19:45:00
1752350400000,117550.96,117550.96,117451.43,117451.43,4.20529597,2025-07-12 20:00:00
1752351300000,117451.43,117461.49,117419.76,117442.95,6.65764107,2025-07-12 20:15:00
1752352200000,117442.95,117442.96,117330.0,117346.4,5.73829044,2025-07-12 20:30:00
1752353100000,117346.4,117356.58,117023.35,117023.35,13.67122034,2025-07-12 20:45:00
1752354000000,117023.35,117293.2,117000.01,117139.99,10.46953112,2025-07-12 21:00:00
1752354900000,117139.99,117336.03,117139.99,117315.86,8.36766825,2025-07-12 21:15:00
1752355800000,117315.86,117555.5,117290.0,117555.5,7.79301243,2025-07-12 21:30:00
1752356700000,117555.5,117555.51,117391.77,117485.22,16.12505613,2025-07-12 21:45:00
1752357600000,117485.22,117563.75,117417.52,117460.04,28.15704078,2025-07-12 22:00:00
1752358500000,117460.04,117460.06,117312.04,117456.0,4.750246,2025-07-12 22:15:00
1752359400000,117456.0,117517.42,117388.0,117396.0,5.57730238,2025-07-12 22:30:00
1752360300000,117396.0,117404.0,117344.0,117385.38,5.87268853,2025-07-12 22:45:00
1752361200000,117385.38,117411.28,117219.53,117251.99,5.24175041,2025-07-12 23:00:00
1752362100000,117251.99,117353.99,117251.99,117287.99,5.03692007,2025-07-12 23:15:00
1752363000000,117287.99,117317.22,117258.96,117258.96,5.83500378,2025-07-12 23:30:00
1752363900000,117258.96,117460.02,117258.96,117420.0,7.61413489,2025-07-12 23:45:00
1752364800000,117420.0,117458.48,117298.8,117320.0,18.92291172,2025-07-13 00:00:00
1752365700000,117320.0,117412.63,117248.21,117392.78,13.01053277,2025-07-13 00:15:00
1752366600000,117392.78,117432.43,117264.14,117432.42,9.16287485,2025-07-13 00:30:00
1752367500000,117432.42,117432.43,117316.09,117316.1,11.60533235,2025-07-13 00:45:00
1752368400000,117316.1,117417.1,117299.99,117339.03,12.02535603,2025-07-13 01:00:00
1752369300000,117339.03,117422.53,117224.79,117387.99,11.38610204,2025-07-13 01:15:00
1752370200000,117387.99,117536.97,117378.89,117536.97,16.76798392,2025-07-13 01:30:00
1752371100000,117536.97,117640.61,117533.31,117553.37,23.32262886,2025-07-13 01:45:00
1752372000000,117553.37,117553.38,117483.98,117484.0,24.61916002,2025-07-13 02:00:00
1752372900000,117484.0,117484.0,117417.1,117429.8,9.15861492,2025-07-13 02:15:00
1752373800000,117429.8,117505.82,117407.94,117505.6,9.97462177,2025-07-13 02:30:00
1752374700000,117505.6,117785.0,117505.6,117620.0,20.70063197,2025-07-13 02:45:00
1752375600000,117620.0,117684.23,117600.8,117600.81,11.41082485,2025-07-13 03:00:00
1752376500000,117600.81,117765.92,117600.81,117765.91,19.84501424,2025-07-13 03:15:00
1752377400000,117765.91,117824.76,117750.0,117750.01,18.76499675,2025-07-13 03:30:00
1752378300000,117750.01,117792.27,117680.0,117753.59,14.55401005,2025-07-13 03:45:00
1752379200000,117753.59,117775.94,117684.22,117751.58,16.27673931,2025-07-13 04:00:00
1752380100000,117751.58,117812.03,117731.07,117769.99,15.41860657,2025-07-13 04:15:00
1752381000000,117769.99,117867.0,117769.97,117827.59,28.55459467,2025-07-13 04:30:00
1752381900000,117827.59,117892.35,117827.59,117879.21,18.76853123,2025-07-13 04:45:00
1752382800000,117879.21,117904.75,117862.74,117862.74,18.76781155,2025-07-13 05:00:00
1752383700000,117862.74,117862.75,117780.0,117832.64,12.49105057,2025-07-13 05:15:00
1752384600000,117832.64,117894.95,117739.99,117775.39,12.04275281,2025-07-13 05:30:00
1752385500000,117775.39,117775.39,117700.64,117759.99,17.03295265,2025-07-13 05:45:00
1752386400000,117759.99,117788.33,117742.31,117783.97,14.59631812,2025-07-13 06:00:00
1752387300000,117783.97,117861.12,117764.52,117861.11,15.49926474,2025-07-13 06:15:00
1752388200000,117861.11,117978.97,117861.11,117973.36,33.04138387,2025-07-13 06:30:00
1752389100000,117973.36,117973.37,117888.49,117888.5,16.91162792,2025-07-13 06:45:00
1752390000000,117888.5,117923.64,117851.99,117884.49,17.04657896,2025-07-13 07:00:00
1752390900000,117884.49,117990.0,117884.48,117990.0,27.71284891,2025-07-13 07:15:00
1752391800000,117990.0,118054.79,117967.21,117967.23,45.69936779,2025-07-13 07:30:00
1752392700000,117967.23,117999.0,117902.29,117998.99,14.64687766,2025-07-13 07:45:00
1752393600000,117998.99,118006.98,117928.22,117950.77,16.315798,2025-07-13 08:00:00
1752394500000,117950.77,117950.78,117816.35,117831.07,18.19460572,2025-07-13 08:15:00
1752395400000,117831.07,117831.08,117789.6,117789.6,12.63028571,2025-07-13 08:30:00
1752396300000,117789.6,117895.79,117756.38,117895.79,15.01008605,2025-07-13 08:45:00
1752397200000,117895.79,117901.35,117879.35,117879.35,17.5749645,2025-07-13 09:00:00
1752398100000,117879.35,117879.37,117793.78,117850.0,17.55380884,2025-07-13 09:15:00
1752399000000,117850.0,117850.01,117695.5,117800.04,20.37519063,2025-07-13 09:30:00
1752399900000,117800.04,117803.84,117739.16,117739.17,9.7213285,2025-07-13 09:45:00
1752400800000,117739.17,117845.48,117739.16,117845.47,9.54088232,2025-07-13 10:00:00
1752401700000,117845.47,117845.48,117800.0,117800.0,14.50911329,2025-07-13 10:15:00
1752402600000,117800.0,117800.01,117762.93,117783.95,12.54328825,2025-07-13 10:30:00
1752403500000,117783.95,117783.96,117746.8,117747.99,9.73007703,2025-07-13 10:45:00
1752404400000,117747.99,117900.01,117747.99,117899.99,17.30905752,2025-07-13 11:00:00
1752405300000,117899.99,118079.99,117863.68,118059.85,23.29442529,2025-07-13 11:15:00
1752406200000,118059.85,118059.86,117947.33,118003.28,34.71608697,2025-07-13 11:30:00
1752407100000,118003.28,118086.66,117968.24,118072.0,22.08427609,2025-07-13 11:45:00
1752408000000,118072.0,118134.58,117989.53,118025.19,29.7946686,2025-07-13 12:00:00
1752408900000,118025.19,118190.03,118025.19,118190.02,33.52221851,2025-07-13 12:15:00
1752409800000,118190.02,118190.03,118060.9,118137.08,32.32623726,2025-07-13 12:30:00
1752410700000,118137.08,118626.32,118084.9,118432.12,88.10131127,2025-07-13 12:45:00
1752411600000,118432.12,118583.93,118154.8,118175.0,58.78889119,2025-07-13 13:00:00
1752412500000,118175.0,118340.73,118175.0,118308.23,28.39592706,2025-07-13 13:15:00
1752413400000,118308.23,118648.79,118308.22,118583.47,63.57351366,2025-07-13 13:30:00
1752414300000,118583.47,118750.0,118476.36,118610.0,75.70269205,2025-07-13 13:45:00
1752415200000,118610.0,118656.0,118450.97,118646.01,46.05770147,2025-07-13 14:00:00
1752416100000,118646.01,119360.0,118638.6,119149.98,153.99042119,2025-07-13 14:15:00
1752417000000,119149.98,119167.3,118714.84,118735.06,97.66072953,2025-07-13 14:30:00
1752417900000,118735.06,118852.9,118363.33,118766.93,72.18608991,2025-07-13 14:45:00
1752418800000,118766.93,119121.99,118656.15,118989.56,59.00720214,2025-07-13 15:00:00
1752419700000,118989.56,119018.16,118822.01,118915.93,53.6755143,2025-07-13 15:15:00
1752420600000,118915.93,118915.93,118540.0,118588.16,42.91989756,2025-07-13 15:30:00
1752421500000,118588.16,118763.97,118532.99,118672.23,33.08338449,2025-07-13 15:45:00
1752422400000,118672.23,118890.35,118640.01,118767.25,24.67237304,2025-07-13 16:00:00
1752423300000,118767.25,118982.9,118743.42,118826.87,35.16030141,2025-07-13 16:15:00
1752424200000,118826.87,118873.3,118690.0,118832.54,25.87606458,2025-07-13 16:30:00
1752425100000,118832.54,118860.0,118520.0,118528.01,57.09299462,2025-07-13 16:45:00
1752426000000,118528.01,118653.01,118382.57,118620.14,36.67010005,2025-07-13 17:00:00
1752426900000,118620.14,118721.41,118557.62,118670.33,21.7786676,2025-07-13 17:15:00
1752427800000,118670.33,118774.65,118670.33,118753.16,31.62603386,2025-07-13 17:30:00
1752428700000,118753.16,118844.83,118685.35,118692.01,40.56868582,2025-07-13 17:45:00
1752429600000,118692.01,118824.39,118592.0,118777.58,18.21643487,2025-07-13 18:00:00
1752430500000,118777.58,119065.25,118764.0,119027.9,29.89254397,2025-07-13 18:15:00
1752431400000,119027.9,119027.91,118866.51,118897.87,21.2587485,2025-07-13 18:30:00
1752432300000,118897.87,119025.0,118834.53,118992.72,22.84055053,2025-07-13 18:45:00
1752433200000,118992.72,119095.0,118962.79,119065.99,70.78233804,2025-07-13 19:00:00
1752434100000,119065.99,119310.0,119044.2,119253.19,28.60148303,2025-07-13 19:15:00
1752435000000,119253.19,119469.6,119001.09,119072.12,49.93042409,2025-07-13 19:30:00
1752435900000,119072.12,119233.57,118898.95,118961.09,51.63094353,2025-07-13 19:45:00
1752436800000,118961.09,118969.99,118826.0,118959.99,20.51194059,2025-07-13 20:00:00
1752437700000,118959.99,119280.0,118959.99,119280.0,25.97182309,2025-07-13 20:15:00
1752438600000,119280.0,119367.39,119059.98,119060.01,38.32777036,2025-07-13 20:30:00
1752439500000,119060.01,119169.54,119004.0,119083.59,19.19836866,2025-07-13 20:45:00
1752440400000,119083.59,119083.6,118860.6,118894.45,31.51417586,2025-07-13 21:00:00
1752441300000,118894.45,119000.63,118887.55,118935.26,22.98179831,2025-07-13 21:15:00
1752442200000,118935.26,118941.42,118500.01,118708.52,42.91970721,2025-07-13 21:30:00
1752443100000,118708.52,118861.88,118546.31,118648.87,35.30598952,2025-07-13 21:45:00
1752444000000,118648.87,118648.87,118250.0,118408.96,57.20619176,2025-07-13 22:00:00
1752444900000,118408.96,118524.71,118292.18,118424.5,55.01028484,2025-07-13 22:15:00
1752445800000,118424.5,118771.85,118424.5,118763.36,26.13713197,2025-07-13 22:30:00
1752446700000,118763.36,118774.64,118519.99,118520.01,19.83734706,2025-07-13 22:45:00
1752447600000,118520.01,118639.42,118386.55,118566.38,31.76885441,2025-07-13 23:00:00
1752448500000,118566.38,118757.27,118566.37,118648.45,20.22243386,2025-07-13 23:15:00
1752449400000,118648.45,118787.42,118646.62,118698.72,17.27159224,2025-07-13 23:30:00
1752450300000,118698.72,119198.01,118694.69,119086.64,41.01943636,2025-07-13 23:45:00
1752451200000,119086.64,119132.0,118916.17,119132.0,27.10915688,2025-07-14 00:00:00
1752452100000,119132.0,119467.45,119000.99,119180.0,55.65735396,2025-07-14 00:15:00
1752453000000,119180.0,119400.0,119050.01,119380.0,32.16039182,2025-07-14 00:30:00
1752453900000,119380.0,119416.94,119053.21,119061.41,44.9036913,2025-07-14 00:45:00
1752454800000,119061.41,119160.0,118941.94,118975.38,37.31386678,2025-07-14 01:00:00
1752455700000,118975.38,119045.96,118911.54,118930.79,20.87476918,2025-07-14 01:15:00
1752456600000,118930.79,119238.1,118905.18,119180.51,34.76232938,2025-07-14 01:30:00
1752457500000,119180.51,119180.51,119003.0,119100.57,29.16226902,2025-07-14 01:45:00
1752458400000,119100.57,119197.99,118969.55,119170.6,24.39032979,2025-07-14 02:00:00
1752459300000,119170.6,119900.0,119106.18,119834.52,115.44406681,2025-07-14 02:15:00
1752460200000,119834.52,119951.0,119644.18,119746.11,104.94552088,2025-07-14 02:30:00
1752461100000,119746.11,119998.0,119483.25,119647.87,72.98295255,2025-07-14 02:45:00
1752462000000,119647.87,119933.0,119592.69,119872.12,65.18731101,2025-07-14 03:00:00
1752462900000,119872.12,119963.97,119791.11,119925.48,32.4405767,2025-07-14 03:15:00
1752463800000,119925.48,121437.5,119822.28,121169.59,73.64700109,2025-07-14 03:30:00
1752464700000,121169.59,121214.59,120659.62,120750.24,99.12486163,2025-07-14 03:45:00
1752465600000,120750.24,120858.91,120557.62,120825.72,62.18310188,2025-07-14 04:00:00
1752466500000,120825.72,121094.67,120825.72,120957.47,57.25995733,2025-07-14 04:15:00
1752467400000,120957.47,121271.46,120851.94,121220.69,50.53515409,2025-07-14 04:30:00
1752468300000,121220.69,121430.88,121182.0,121400.0,49.95289284,2025-07-14 04:45:00
1752469200000,121400.0,121458.38,121152.52,121457.52,43.09982566,2025-07-14 05:00:00
1752470100000,121457.52,122658.12,121364.0,122330.46,88.9695064,2025-07-14 05:15:00
1752471000000,122330.46,122461.0,122124.99,122311.09,74.25101087,2025-07-14 05:30:00
1752471900000,122311.09,122499.99,121901.87,122461.98,84.06369117,2025-07-14 05:45:00
1752472800000,122461.98,122465.3,122029.55,122131.02,61.94687969,2025-07-14 06:00:00
1752473700000,122131.02,122445.5,122116.32,122424.46,52.65268919,2025-07-14 06:15:00
1752474600000,122424.46,122424.46,122076.0,122140.33,45.13421681,2025-07-14 06:30:00
1752475500000,122140.33,122181.79,122059.71,122130.98,41.41976397,2025-07-14 06:45:00
1752476400000,122130.98,122420.0,122100.0,122230.55,52.47526303,2025-07-14 07:00:00
1752477300000,122230.55,122450.0,122230.55,122315.66,37.22713773,2025-07-14 07:15:00
1752478200000,122315.66,123217.99,122315.66,122846.01,104.61474154,2025-07-14 07:30:00
1752479100000,122846.01,122950.96,122672.0,122732.55,70.71419591,2025-07-14 07:45:00
1752480000000,122732.55,122769.19,122341.0,122400.01,55.59216044,2025-07-14 08:00:00
1752480900000,122400.01,122511.01,122299.99,122432.01,41.1130667,2025-07-14 08:15:00
1752481800000,122432.01,122671.44,122431.99,122661.16,33.34106321,2025-07-14 08:30:00
1752482700000,122661.16,122703.86,122515.61,122578.0,30.45492102,2025-07-14 08:45:00
1752483600000,122578.0,122582.97,122200.0,122239.81,33.30748518,2025-07-14 09:00:00
1752484500000,122239.81,122287.99,121909.0,122013.34,38.41451336,2025-07-14 09:15:00
1752485400000,122013.34,122178.37,121902.42,121999.98,37.61917295,2025-07-14 09:30:00
1752486300000,121999.98,122147.04,121922.7,121973.74,40.5142764,2025-07-14 09:45:00
1752487200000,121973.74,121973.75,121637.56,121797.75,47.81824001,2025-07-14 10:00:00
1752488100000,121797.75,121984.01,121751.35,121927.74,29.15775635,2025-07-14 10:15:00
1752489000000,121927.74,122130.64,121852.73,122043.83,33.76741374,2025-07-14 10:30:00
1752489900000,122043.83,122076.37,121895.97,121905.48,18.9727411,2025-07-14 10:45:00
1752490800000,121905.48,121905.48,121693.42,121693.43,26.16248626,2025-07-14 11:00:00
1752491700000,121693.43,121724.59,121369.0,121530.52,44.05779073,2025-07-14 11:15:00
1752492600000,121530.52,121652.94,121355.55,121599.04,32.08144198,2025-07-14 11:30:00
1752493500000,121599.04,121694.63,121467.23,121467.23,27.40508076,2025-07-14 11:45:00
1752494400000,121467.23,121850.0,121400.01,121792.0,28.04332307,2025-07-14 12:00:00
1752495300000,121792.0,121881.55,121681.1,121787.33,31.12839523,2025-07-14 12:15:00
1752496200000,121787.33,121928.28,121666.02,121878.94,46.23257991,2025-07-14 12:30:00
1752497100000,121878.94,121932.82,121800.0,121918.01,60.6257811,2025-07-14 12:45:00
1752498000000,121918.01,121965.42,121811.87,121902.35,53.56350696,2025-07-14 13:00:00
1752498900000,121902.35,121902.35,121605.28,121720.0,48.93969852,2025-07-14 13:15:00
1752499800000,121720.0,121854.76,121187.99,121811.67,44.64909132,2025-07-14 13:30:00
1752500700000,121811.67,122120.0,121583.24,121710.63,49.68682545,2025-07-14 13:45:00
1752501600000,121710.63,121904.52,121515.21,121787.73,27.57514895,2025-07-14 14:00:00
1752502500000,121787.73,121990.42,121149.99,121476.01,30.12374779,2025-07-14 14:15:00
1752503400000,121476.01,121502.25,120704.0,120901.86,125.04125804,2025-07-14 14:30:00
1752504300000,120901.86,121193.99,120600.03,121158.88,76.8181989,2025-07-14 14:45:00
1752505200000,121158.88,121176.26,120446.25,120720.01,41.81208541,2025-07-14 15:00:00
1752506100000,120720.01,120751.1,120340.43,120397.3,50.58829445,2025-07-14 15:15:00
1752507000000,120397.3,120413.56,120081.42,120126.41,65.75100609,2025-07-14 15:30:00
1752507900000,120126.41,120139.66,119617.64,119878.22,86.29043343,2025-07-14 15:45:00
1752508800000,119878.22,119899.93,119350.0,119390.26,49.92383096,2025-07-14 16:00:00
1752509700000,119390.26,120055.1,119209.85,120033.08,76.54353688,2025-07-14 16:15:00
1752510600000,120033.08,120033.09,119726.89,119800.02,43.6611153,2025-07-14 16:30:00
1752511500000,119800.02,120299.58,119683.38,120268.87,44.72143313,2025-07-14 16:45:00
1752512400000,120268.87,120526.03,120206.39,120500.34,46.7755963,2025-07-14 17:00:00
1752513300000,120500.34,120504.64,120075.0,120163.68,39.21704698,2025-07-14 17:15:00
1752514200000,120163.68,120265.55,119868.68,119926.55,52.31162361,2025-07-14 17:30:00
1752515100000,119926.55,120023.19,119769.39,119896.42,78.67471769,2025-07-14 17:45:00
1752516000000,119896.42,120106.0,119740.0,119797.86,28.09696203,2025-07-14 18:00:00
1752516900000,119797.86,120186.78,119776.0,120131.49,24.2428962,2025-07-14 18:15:00
1752517800000,120131.49,120192.72,119853.11,119876.31,55.83259852,2025-07-14 18:30:00
1752518700000,119876.31,119876.33,119632.0,119644.93,62.92262308,2025-07-14 18:45:00
1752519600000,119644.93,120103.31,119610.92,119797.79,24.79772868,2025-07-14 19:00:00
1752520500000,119797.79,119890.75,119680.0,119780.0,23.11212896,2025-07-14 19:15:00
1752521400000,119780.0,120087.12,119718.48,119812.04,38.39660967,2025-07-14 19:30:00
1752522300000,119812.04,120069.1,119673.15,119939.41,36.01502659,2025-07-14 19:45:00
1752523200000,119939.41,119939.41,119634.28,119729.24,21.04510403,2025-07-14 20:00:00
1752524100000,119729.24,119990.5,119522.96,119981.52,18.60820394,2025-07-14 20:15:00
1752525000000,119981.52,120244.27,119926.21,120243.98,26.79029984,2025-07-14 20:30:00
1752525900000,120243.98,120441.17,120162.67,120167.06,25.26400591,2025-07-14 20:45:00
1752526800000,120167.06,120192.63,119845.43,119845.43,12.42942222,2025-07-14 21:00:00
1752527700000,119845.43,120128.0,119828.0,119983.7,7.69008116,2025-07-14 21:15:00
1752528600000,119983.7,120094.81,119944.42,120000.01,13.16403757,2025-07-14 21:30:00
1752529500000,120000.01,120244.51,120000.01,120034.97,14.50734786,2025-07-14 21:45:00
1752530400000,120034.97,120260.53,119924.0,120201.31,14.08117213,2025-07-14 22:00:00
1752531300000,120201.31,120300.01,120105.79,120292.41,13.45280242,2025-07-14 22:15:00
1752532200000,120292.41,120296.79,120023.03,120145.04,11.84808381,2025-07-14 22:30:00
1752533100000,120145.04,120169.3,120027.22,120057.01,19.58680724,2025-07-14 22:45:00
1752534000000,120057.01,120057.01,119884.0,119961.92,11.38143271,2025-07-14 23:00:00
1752534900000,119961.92,119961.92,119784.99,119806.65,21.04158563,2025-07-14 23:15:00
1752535800000,119806.65,119973.92,119802.74,119843.59,11.83038638,2025-07-14 23:30:00
1752536700000,119843.59,119871.2,119766.05,119841.17,16.26352071,2025-07-14 23:45:00
1752537600000,119841.17,119850.77,119620.0,119627.48,23.59668125,2025-07-15 00:00:00
1752538500000,119627.48,119940.83,119586.44,119880.74,29.76092701,2025-07-15 00:15:00
1752539400000,119880.74,119880.75,119158.0,119401.87,28.0272175,2025-07-15 00:30:00
1752540300000,119401.87,119580.08,119327.54,119497.92,28.23249687,2025-07-15 00:45:00
1752541200000,119497.92,119537.22,119161.93,119199.99,47.85543977,2025-07-15 01:00:00
1752542100000,119199.99,119400.7,118760.01,119050.0,122.52653381,2025-07-15 01:15:00
1752543000000,119050.0,119462.37,119002.56,119287.01,80.84000404,2025-07-15 01:30:00
1752543900000,119287.01,119432.34,118369.0,118449.5,156.41426251,2025-07-15 01:45:00
1752544800000,118449.5,118855.55,118198.85,118252.36,100.49183543,2025-07-15 02:00:00
1752545700000,118252.36,118280.0,117831.31,117882.58,143.37699574,2025-07-15 02:15:00
1752546600000,117882.58,118283.76,117868.12,118245.41,148.08838222,2025-07-15 02:30:00
1752547500000,118245.41,118415.27,118173.23,118251.05,192.72415053,2025-07-15 02:45:00
1752548400000,118251.05,118251.05,117249.99,117577.4,236.96171652,2025-07-15 03:00:00
1752549300000,117577.4,117577.4,117102.99,117457.51,101.41194052,2025-07-15 03:15:00
1752550200000,117457.51,117457.51,116840.19,117262.7,141.11676395,2025-07-15 03:30:00
1752551100000,117262.7,117539.44,117120.22,117148.46,92.1961284,2025-07-15 03:45:00
1752552000000,117148.46,117208.0,116275.0,116984.15,162.62384435,2025-07-15 04:00:00
1752552900000,116984.15,117375.56,116971.71,117268.79,172.73545455,2025-07-15 04:15:00
1752553800000,117268.79,117511.32,116948.14,117475.41,88.0742035,2025-07-15 04:30:00
1752554700000,117475.41,117491.8,117321.13,117480.47,55.34339806,2025-07-15 04:45:00
1752555600000,117480.47,117763.2,117459.33,117658.0,131.4537916,2025-07-15 05:00:00
1752556500000,117658.0,117658.01,117362.64,117514.53,87.38161965,2025-07-15 05:15:00
1752557400000,117514.53,117520.0,116965.0,117139.0,85.37883217,2025-07-15 05:30:00
1752558300000,117139.0,117420.02,117090.75,117335.12,93.54126005,2025-07-15 05:45:00
1752559200000,117335.12,117335.12,116837.99,117126.42,101.33603638,2025-07-15 06:00:00
1752560100000,117126.42,117169.43,116958.35,117037.61,57.27126766,2025-07-15 06:15:00
1752561000000,117037.61,117111.16,116766.0,117015.62,80.65990831,2025-07-15 06:30:00
1752561900000,117015.62,117090.06,116851.0,117070.54,90.31971788,2025-07-15 06:45:00
1752562800000,117070.54,117270.86,116881.3,117000.0,135.04242477,2025-07-15 07:00:00
1752563700000,117000.0,117066.19,116938.52,116958.94,111.10138044,2025-07-15 07:15:00
1752564600000,116958.94,116958.95,116626.05,116721.32,134.22993204,2025-07-15 07:30:00
1752565500000,116721.32,116948.87,116406.25,116779.12,122.43576004,2025-07-15 07:45:00
1752566400000,116779.12,116857.75,116668.94,116788.33,78.7621549,2025-07-15 08:00:00
1752567300000,116788.33,116845.9,116335.35,116830.0,105.14496529,2025-07-15 08:15:00
1752568200000,116830.0,116862.02,116711.66,116824.26,127.49727134,2025-07-15 08:30:00
1752569100000,116824.26,116850.84,116740.88,116777.46,97.84809592,2025-07-15 08:45:00
1752570000000,116777.46,117142.46,116777.46,117134.02,134.64726144,2025-07-15 09:00:00
1752570900000,117134.02,117224.07,116886.18,116969.15,81.7709934,2025-07-15 09:15:00
1752571800000,116969.15,117067.61,116838.65,116855.23,89.84334538,2025-07-15 09:30:00
1752572700000,116855.23,116931.69,116711.67,116780.0,58.80021218,2025-07-15 09:45:00
1752573600000,116780.0,116845.26,116744.47,116744.48,64.32091231,2025-07-15 10:00:00
1752574500000,116744.48,117069.94,116744.47,117000.0,105.38724173,2025-07-15 10:15:00
1752575400000,117000.0,117150.01,116907.35,117149.99,73.49000276,2025-07-15 10:30:00
1752576300000,117149.99,117177.21,116999.0,117016.48,89.82816211,2025-07-15 10:45:00
1752577200000,117016.48,117061.67,116764.0,116780.01,50.16413847,2025-07-15 11:00:00
1752578100000,116780.01,116780.02,116338.3,116480.0,89.39665141,2025-07-15 11:15:00
1752579000000,116480.0,116705.76,116444.83,116672.54,52.76783736,2025-07-15 11:30:00
1752579900000,116672.54,117161.52,116669.07,117113.98,71.1397168,2025-07-15 11:45:00
1752580800000,117113.98,117318.47,117011.77,117076.69,60.2663385,2025-07-15 12:00:00
1752581700000,117076.69,117131.7,116859.2,116909.61,68.40221349,2025-07-15 12:15:00
1752582600000,116909.61,117460.08,116417.0,116533.55,164.30307061,2025-07-15 12:30:00
1752583500000,116533.55,117300.0,116533.55,117204.18,128.15734708,2025-07-15 12:45:00
1752584400000,117204.18,118132.66,117157.25,118055.49,203.89615109,2025-07-15 13:00:00
1752585300000,118055.49,118080.15,117553.76,117688.38,123.0964964,2025-07-15 13:15:00
1752586200000,117688.38,118470.0,117531.37,118282.95,59.88803261,2025-07-15 13:30:00
1752587100000,118282.95,118404.0,117955.01,118077.05,89.26658347,2025-07-15 13:45:00
1752588000000,118077.05,118458.3,117992.42,118380.0,77.75728054,2025-07-15 14:00:00
1752588900000,118380.0,118388.68,117566.69,117566.69,55.51072623,2025-07-15 14:15:00
1752589800000,117566.69,117632.83,116720.25,116979.26,72.26750834,2025-07-15 14:30:00
1752590700000,116979.26,116979.26,115736.92,116008.2,110.44753612,2025-07-15 14:45:00
1752591600000,116008.2,116388.05,115800.0,116157.17,77.20384199,2025-07-15 15:00:00
1752592500000,116157.17,116367.99,115893.76,116221.41,67.96390977,2025-07-15 15:15:00
1752593400000,116221.41,116500.0,116150.0,116257.92,106.96462624,2025-07-15 15:30:00
1752594300000,116257.92,116750.09,116257.92,116391.42,84.96339987,2025-07-15 15:45:00
1752595200000,116391.42,117172.06,116362.97,116915.38,68.49841529,2025-07-15 16:00:00
1752596100000,116915.38,117029.43,116679.99,116876.01,38.11910715,2025-07-15 16:15:00
1752597000000,116876.01,117699.99,116876.0,117665.27,50.09264086,2025-07-15 16:30:00
1752597900000,117665.27,117800.0,117054.54,117188.0,52.87642091,2025-07-15 16:45:00
1752598800000,117188.0,117385.84,117140.0,117263.85,36.00633992,2025-07-15 17:00:00
1752599700000,117263.85,117516.19,117210.01,117493.58,36.09885999,2025-07-15 17:15:00
1752600600000,117493.58,117493.59,117213.82,117463.99,43.32613415,2025-07-15 17:30:00
1752601500000,117463.99,117538.46,117362.81,117375.0,62.55129702,2025-07-15 17:45:00
1752602400000,117375.0,117378.66,117099.44,117106.3,82.46616727,2025-07-15 18:00:00
1752603300000,117106.3,117270.59,116777.77,116785.99,54.6666638,2025-07-15 18:15:00
1752604200000,116785.99,116824.02,116019.38,116368.81,64.5895568,2025-07-15 18:30:00
1752605100000,116368.81,116895.36,116288.01,116754.91,40.45464576,2025-07-15 18:45:00
1752606000000,116754.91,117204.5,116632.79,117052.18,31.84030401,2025-07-15 19:00:00
1752606900000,117052.18,117180.0,116749.99,116845.55,59.67798688,2025-07-15 19:15:00
1752607800000,116845.55,116908.77,116461.07,116489.85,25.15531041,2025-07-15 19:30:00
1752608700000,116489.85,116560.64,116282.38,116416.07,22.95376202,2025-07-15 19:45:00
1752609600000,116416.07,116626.5,116393.38,116580.38,17.19418071,2025-07-15 20:00:00
1752610500000,116580.38,116709.84,116200.0,116536.42,16.83748636,2025-07-15 20:15:00
1752611400000,116536.42,116639.7,116392.0,116560.0,17.76092033,2025-07-15 20:30:00
1752612300000,116560.0,116601.91,116419.01,116419.01,17.92382881,2025-07-15 20:45:00
1752613200000,116419.01,116955.93,116350.0,116955.34,34.04215086,2025-07-15 21:00:00
1752614100000,116955.34,117149.73,116869.56,117141.05,20.84264456,2025-07-15 21:15:00
1752615000000,117141.05,117600.0,117063.85,117495.4,43.72994298,2025-07-15 21:30:00
1752615900000,117495.4,117553.92,117367.81,117553.92,37.31742952,2025-07-15 21:45:00
1752616800000,117553.92,117596.48,117283.87,117480.81,50.12695697,2025-07-15 22:00:00
1752617700000,117480.81,117584.56,117455.45,117527.72,28.14222613,2025-07-15 22:15:00
1752618600000,117527.72,117786.01,117263.66,117729.26,18.23233871,2025-07-15 22:30:00
1752619500000,117729.26,117868.51,117655.1,117827.73,22.4317343,2025-07-15 22:45:00
1752620400000,117827.73,117972.85,117741.93,117833.01,27.42600926,2025-07-15 23:00:00
1752621300000,117833.01,117859.61,117556.51,117576.53,16.21232646,2025-07-15 23:15:00
1752622200000,117576.53,117784.65,117500.0,117784.64,20.27460933,2025-07-15 23:30:00
1752623100000,117784.64,117794.01,117630.0,117758.08,16.70081573,2025-07-15 23:45:00
1752624000000,117758.08,117789.05,117425.58,117436.54,21.18661259,2025-07-16 00:00:00
1752624900000,117436.54,117672.7,117434.19,117584.27,30.07115818,2025-07-16 00:15:00
1752625800000,117584.27,117920.04,117584.26,117919.99,30.93286338,2025-07-16 00:30:00
1752626700000,117919.99,118178.0,117884.01,118112.89,30.64284044,2025-07-16 00:45:00
1752627600000,118112.89,118194.99,117904.0,117913.7,24.39975431,2025-07-16 01:00:00
1752628500000,117913.7,117946.65,117644.48,117663.56,20.6898398,2025-07-16 01:15:00
1752629400000,117663.56,117791.78,117582.12,117652.65,17.17639656,2025-07-16 01:30:00
1752630300000,117652.65,117769.87,117595.84,117724.28,25.31772387,2025-07-16 01:45:00
1752631200000,117724.28,117752.87,117420.53,117508.35,20.05799907,2025-07-16 02:00:00
1752632100000,117508.35,117537.53,117239.26,117350.01,41.04940654,2025-07-16 02:15:00
1752633000000,117350.01,117362.03,117017.29,117107.94,16.01513915,2025-07-16 02:30:00
1752633900000,117107.94,117334.73,117107.94,117317.27,23.43407447,2025-07-16 02:45:00
1752634800000,117317.27,117497.66,117211.25,117251.48,17.91047211,2025-07-16 03:00:00
1752635700000,117251.48,117519.49,117251.48,117378.97,24.19669437,2025-07-16 03:15:00
1752636600000,117378.97,117481.01,117364.8,117476.23,19.34438348,2025-07-16 03:30:00
1752637500000,117476.23,117508.76,117387.55,117482.67,15.44329257,2025-07-16 03:45:00
1752638400000,117482.67,117493.73,117275.63,117275.63,14.09313299,2025-07-16 04:00:00
1752639300000,117275.63,117519.77,117275.63,117519.76,16.7836808,2025-07-16 04:15:00
1752640200000,117519.76,117700.0,117496.26,117561.73,23.08374485,2025-07-16 04:30:00
1752641100000,117561.73,117639.06,117512.42,117600.92,26.16985146,2025-07-16 04:45:00
1752642000000,117600.92,118000.0,117600.92,117982.27,34.11124886,2025-07-16 05:00:00
1752642900000,117982.27,117982.28,117756.77,117847.47,43.55104811,2025-07-16 05:15:00
1752643800000,117847.47,118000.0,117840.45,117963.61,45.73767389,2025-07-16 05:30:00
1752644700000,117963.61,117998.0,117774.86,117869.83,71.0940764,2025-07-16 05:45:00
1752645600000,117869.83,117922.94,117760.0,117760.0,46.84456116,2025-07-16 06:00:00
1752646500000,117760.0,118086.11,117760.0,118060.0,29.48634039,2025-07-16 06:15:00
1752647400000,118060.0,118285.15,118000.0,118263.19,35.34840415,2025-07-16 06:30:00
1752648300000,118263.19,118282.71,118210.0,118276.3,40.65945284,2025-07-16 06:45:00
1752649200000,118276.3,118289.91,118052.73,118075.49,43.82239099,2025-07-16 07:00:00
1752650100000,118075.49,118280.01,118046.19,118245.92,33.20335883,2025-07-16 07:15:00
1752651000000,118245.92,118295.75,118164.8,118164.8,49.86611338,2025-07-16 07:30:00
1752651900000,118164.8,118213.92,118104.18,118189.25,91.25039746,2025-07-16 07:45:00
1752652800000,118189.25,118259.11,118113.82,118169.65,98.36244415,2025-07-16 08:00:00
1752653700000,118169.65,118253.97,118141.26,118230.87,54.18235654,2025-07-16 08:15:00
1752654600000,118230.87,118794.64,118230.87,118782.75,100.53619965,2025-07-16 08:30:00
1752655500000,118782.75,118782.75,118680.0,118700.0,83.01314803,2025-07-16 08:45:00
1752656400000,118700.0,119025.15,118695.75,118997.8,65.84908165,2025-07-16 09:00:00
1752657300000,118997.8,119199.99,118934.14,119141.43,58.11894488,2025-07-16 09:15:00
1752658200000,119141.43,119189.19,118734.77,118826.65,67.28587406,2025-07-16 09:30:00
1752659100000,118826.65,119193.44,118720.73,119193.38,51.24503134,2025-07-16 09:45:00
1752660000000,119193.38,119272.0,119112.1,119200.16,60.39293392,2025-07-16 10:00:00
1752660900000,119200.16,119310.75,119127.99,119168.14,60.58182365,2025-07-16 10:15:00
1752661800000,119168.14,119186.76,118812.74,118820.64,74.50891095,2025-07-16 10:30:00
1752662700000,118820.64,118918.75,118734.53,118736.24,52.52682955,2025-07-16 10:45:00
1752663600000,118736.24,118908.09,118649.99,118872.42,53.92103211,2025-07-16 11:00:00
1752664500000,118872.42,118911.9,118786.39,118911.9,37.37556206,2025-07-16 11:15:00
1752665400000,118911.9,118912.36,118820.97,118897.63,51.39108705,2025-07-16 11:30:00
1752666300000,118897.63,118906.17,118708.12,118769.06,46.45730744,2025-07-16 11:45:00
1752667200000,118769.06,118883.54,118700.0,118839.0,25.55395766,2025-07-16 12:00:00
1752668100000,118839.0,118899.0,118775.87,118891.41,36.32782586,2025-07-16 12:15:00
1752669000000,118891.41,119082.93,118586.8,118965.17,74.35420941,2025-07-16 12:30:00
1752669900000,118965.17,119000.0,118613.43,118613.44,42.77950886,2025-07-16 12:45:00
1752670800000,118613.44,118740.0,118408.54,118679.85,65.84899975,2025-07-16 13:00:00
1752671700000,118679.85,118813.7,118679.85,118798.99,27.22296105,2025-07-16 13:15:00
1752672600000,118798.99,118919.99,118242.05,118353.62,93.53464822,2025-07-16 13:30:00
1752673500000,118353.62,118746.0,118196.7,118700.01,80.28384209,2025-07-16 13:45:00
1752674400000,118700.01,118780.01,118284.16,118289.12,64.80641406,2025-07-16 14:00:00
1752675300000,118289.12,118482.48,118205.86,118478.9,58.39708766,2025-07-16 14:15:00
1752676200000,118478.9,118639.99,118288.0,118632.72,77.35738174,2025-07-16 14:30:00
1752677100000,118632.72,119260.0,118619.99,119056.8,123.75851083,2025-07-16 14:45:00
1752678000000,119056.8,119794.8,118997.17,119160.9,157.27067123,2025-07-16 15:00:00
1752678900000,119160.9,119523.03,118750.54,119498.28,120.59238771,2025-07-16 15:15:00
1752679800000,119498.28,119498.28,118369.0,119046.94,114.85385746,2025-07-16 15:30:00
1752680700000,119046.94,119426.85,118890.0,119091.93,107.37160725,2025-07-16 15:45:00
1752681600000,119091.93,119117.33,118473.53,118776.37,65.90756656,2025-07-16 16:00:00
1752682500000,118776.37,119254.22,118749.71,119175.66,51.96894219,2025-07-16 16:15:00
1752683400000,119175.66,119338.12,119011.61,119084.76,55.8567589,2025-07-16 16:30:00
1752684300000,119084.76,119305.65,118980.0,119291.91,57.15430666,2025-07-16 16:45:00
1752685200000,119291.91,119400.0,119198.15,119207.59,39.49999144,2025-07-16 17:00:00
1752686100000,119207.59,119700.0,119202.42,119635.87,51.44402218,2025-07-16 17:15:00
1752687000000,119635.87,119682.63,119252.92,119295.61,41.08786184,2025-07-16 17:30:00
1752687900000,119295.61,119512.23,118977.84,119073.34,101.87962467,2025-07-16 17:45:00
1752688800000,119073.34,119500.0,118880.27,119333.66,70.63857498,2025-07-16 18:00:00
1752689700000,119333.66,119390.27,119100.12,119175.16,39.78177404,2025-07-16 18:15:00
1752690600000,119175.16,119710.08,119175.16,119710.08,54.27796846,2025-07-16 18:30:00
1752691500000,119710.08,119904.13,119450.03,119512.19,89.07101153,2025-07-16 18:45:00
1752692400000,119512.19,119662.79,119153.4,119213.77,94.83128024,2025-07-16 19:00:00
1752693300000,119213.77,119364.27,119137.98,119182.83,58.93384849,2025-07-16 19:15:00
1752694200000,119182.83,119182.83,118822.73,118906.93,65.15678075,2025-07-16 19:30:00
1752695100000,118906.93,119317.25,118890.0,119230.16,38.74029728,2025-07-16 19:45:00
1752696000000,119230.16,119310.8,118943.94,119276.93,58.78784995,2025-07-16 20:00:00
1752696900000,119276.93,119597.79,119203.17,119597.78,60.64239731,2025-07-16 20:15:00
1752697800000,119597.78,119933.89,119500.0,119915.71,43.35837594,2025-07-16 20:30:00
1752698700000,119915.71,119933.89,119556.26,119921.97,45.2838823,2025-07-16 20:45:00
1752699600000,119921.97,120025.17,119821.43,119903.74,66.09090811,2025-07-16 21:00:00
1752700500000,119903.74,119954.13,119724.0,119940.78,64.34285868,2025-07-16 21:15:00
1752701400000,119940.78,119950.15,119386.41,119386.42,155.36806371,2025-07-16 21:30:00
1752702300000,119386.42,119528.86,119206.26,119297.65,95.94556631,2025-07-16 21:45:00
1752703200000,119297.65,119442.35,119210.37,119328.0,73.0629195,2025-07-16 22:00:00
1752704100000,119328.0,119500.0,119183.27,119183.27,185.0865052,2025-07-16 22:15:00
1752705000000,119183.27,119247.49,118873.55,119005.5,88.34390326,2025-07-16 22:30:00
1752705900000,119005.5,119013.48,118592.22,118639.34,63.96533107,2025-07-16 22:45:00
1752706800000,118639.34,118667.57,118500.01,118585.37,25.7981553,2025-07-16 23:00:00
1752707700000,118585.37,118666.96,118419.99,118650.43,61.55904731,2025-07-16 23:15:00
1752708600000,118650.43,118823.49,118611.1,118823.49,26.206984,2025-07-16 23:30:00
1752709500000,118823.49,118823.49,118577.22,118630.43,23.73476652,2025-07-16 23:45:00
1752710400000,118630.43,118844.0,118620.83,118776.64,41.15610341,2025-07-17 00:00:00
1752711300000,118776.64,118970.18,118776.64,118863.01,30.50356998,2025-07-17 00:15:00
1752712200000,118863.01,119138.3,118823.26,119135.07,24.18393758,2025-07-17 00:30:00
1752713100000,119135.07,119158.27,118881.8,118894.33,27.99604324,2025-07-17 00:45:00
1752714000000,118894.33,119082.88,118887.91,119045.04,20.92759085,2025-07-17 01:00:00
1752714900000,119045.04,119053.0,118559.99,118684.57,38.76246219,2025-07-17 01:15:00
1752715800000,118684.57,118716.64,118051.08,118277.01,66.19328546,2025-07-17 01:30:00
1752716700000,118277.01,118277.02,117683.73,118149.7,81.44063464,2025-07-17 01:45:00
1752717600000,118149.7,118445.82,118017.06,118397.23,69.68450289,2025-07-17 02:00:00
1752718500000,118397.23,118523.25,118327.23,118399.99,40.02221161,2025-07-17 02:15:00
1752719400000,118399.99,118466.2,118223.13,118323.99,48.30094425,2025-07-17 02:30:00
1752720300000,118323.99,118368.85,118050.0,118320.41,45.64269245,2025-07-17 02:45:00
1752721200000,118320.41,118356.31,118000.0,118000.0,41.92005347,2025-07-17 03:00:00
1752722100000,118000.0,118070.76,117850.0,117874.42,47.57539709,2025-07-17 03:15:00
1752723000000,117874.42,118038.91,117761.11,117889.99,48.36204595,2025-07-17 03:30:00
1752723900000,117889.99,118140.0,117889.99,118128.81,30.7880353,2025-07-17 03:45:00
1752724800000,118128.81,118291.43,117959.32,118266.55,64.1498321,2025-07-17 04:00:00
1752725700000,118266.55,118320.0,118194.42,118281.64,23.67332525,2025-07-17 04:15:00
1752726600000,118281.64,118450.07,118281.64,118368.84,29.89764808,2025-07-17 04:30:00
1752727500000,118368.84,118485.4,118325.23,118485.39,32.86058385,2025-07-17 04:45:00
1752728400000,118485.39,118485.41,118258.18,118285.81,24.20219818,2025-07-17 05:00:00
1752729300000,118285.81,118407.06,118285.81,118407.03,34.07160226,2025-07-17 05:15:00
1752730200000,118407.03,118577.21,118225.54,118566.34,46.75015116,2025-07-17 05:30:00
1752731100000,118566.34,118643.59,118504.3,118587.04,33.3763392,2025-07-17 05:45:00
1752732000000,118587.04,118751.37,118460.32,118499.99,59.03312088,2025-07-17 06:00:00
1752732900000,118499.99,118772.0,118341.55,118650.0,63.33945095,2025-07-17 06:15:00
1752733800000,118650.0,118678.94,118358.46,118421.0,65.94204713,2025-07-17 06:30:00
1752734700000,118421.0,118452.51,118345.0,118452.51,32.84271214,2025-07-17 06:45:00
1752735600000,118452.51,118452.51,117927.34,118066.23,59.18118731,2025-07-17 07:00:00
1752736500000,118066.23,118113.44,117857.03,117932.72,56.75505779,2025-07-17 07:15:00
1752737400000,117932.72,118556.45,117932.72,118548.45,61.4095846,2025-07-17 07:30:00
1752738300000,118548.45,118548.45,118300.0,118311.75,44.82308579,2025-07-17 07:45:00
1752739200000,118311.75,118345.41,118082.99,118133.28,48.87680238,2025-07-17 08:00:00
1752740100000,118133.28,118267.36,118109.65,118262.99,32.5839635,2025-07-17 08:15:00
1752741000000,118262.99,118419.99,118129.13,118392.68,36.27253411,2025-07-17 08:30:00
1752741900000,118392.68,118424.28,118231.99,118330.92,34.21025122,2025-07-17 08:45:00
1752742800000,118330.92,118611.14,118242.26,118557.64,83.76001774,2025-07-17 09:00:00
1752743700000,118557.64,119153.56,118473.37,119135.92,78.82574481,2025-07-17 09:15:00
1752744600000,119135.92,119191.99,118882.0,118989.04,56.25429597,2025-07-17 09:30:00
1752745500000,118989.04,119012.95,118769.34,118769.34,51.11203648,2025-07-17 09:45:00
1752746400000,118769.34,118869.73,118559.04,118632.94,45.04568883,2025-07-17 10:00:00
1752747300000,118632.94,118658.87,118530.0,118563.3,34.78310965,2025-07-17 10:15:00
1752748200000,118563.3,118563.3,118299.47,118299.47,32.90266376,2025-07-17 10:30:00
1752749100000,118299.47,118458.75,118241.23,118340.0,36.97077973,2025-07-17 10:45:00
1752750000000,118340.0,118398.81,118160.0,118241.77,42.83569899,2025-07-17 11:00:00
1752750900000,118241.77,118296.86,118152.0,118173.29,28.22474423,2025-07-17 11:15:00
1752751800000,118173.29,118213.66,118121.29,118148.88,38.97788853,2025-07-17 11:30:00
1752752700000,118148.88,118159.54,117974.99,117995.0,36.74712253,2025-07-17 11:45:00
1752753600000,117995.0,118092.0,117756.76,117817.22,62.58329878,2025-07-17 12:00:00
1752754500000,117817.22,117854.12,117472.17,117472.18,85.04175654,2025-07-17 12:15:00
1752755400000,117472.18,117978.85,117453.57,117978.0,78.97646796,2025-07-17 12:30:00
1752756300000,117978.0,118183.75,117900.0,117900.0,71.38704312,2025-07-17 12:45:00
1752757200000,117900.0,118018.39,117727.73,117847.97,69.22595334,2025-07-17 13:00:00
1752758100000,117847.97,117922.91,117660.0,117903.99,61.39257791,2025-07-17 13:15:00
1752759000000,117903.99,118029.55,117592.15,117640.24,68.37756818,2025-07-17 13:30:00
1752759900000,117640.24,118446.19,117520.53,118281.99,100.77286089,2025-07-17 13:45:00
1752760800000,118281.99,118490.49,118150.0,118467.98,78.90523665,2025-07-17 14:00:00
1752761700000,118467.98,118699.83,118300.0,118693.09,60.81330663,2025-07-17 14:15:00
1752762600000,118693.09,118834.2,118500.0,118555.43,27.79454316,2025-07-17 14:30:00
1752763500000,118555.43,118804.89,118555.43,118751.78,21.57717231,2025-07-17 14:45:00
1752764400000,118751.78,118879.0,118440.75,118440.75,27.54564362,2025-07-17 15:00:00
1752765300000,118440.75,118658.87,118334.34,118513.82,20.97357428,2025-07-17 15:15:00
1752766200000,118513.82,119073.45,118513.82,119073.45,29.45438565,2025-07-17 15:30:00
1752767100000,119073.45,119073.45,118774.44,118862.01,33.35417518,2025-07-17 15:45:00
1752768000000,118862.01,118954.66,118501.87,118658.85,18.18669713,2025-07-17 16:00:00
1752768900000,118658.85,118759.62,118514.21,118559.99,28.08510714,2025-07-17 16:15:00
1752769800000,118559.99,118610.01,118333.6,118453.41,32.07321182,2025-07-17 16:30:00
1752770700000,118453.41,118573.27,118380.32,118558.6,22.52698838,2025-07-17 16:45:00
1752771600000,118558.6,118946.85,118544.14,118904.99,22.99647315,2025-07-17 17:00:00
1752772500000,118904.99,118920.0,118634.24,118706.4,19.50603742,2025-07-17 17:15:00
1752773400000,118706.4,118772.9,118500.0,118656.18,16.44822339,2025-07-17 17:30:00
1752774300000,118656.18,119328.89,118601.48,119272.53,35.0460795,2025-07-17 17:45:00
1752775200000,119272.53,119400.0,119211.94,119211.95,29.04720598,2025-07-17 18:00:00
1752776100000,119211.95,119730.76,119211.94,119697.22,50.02067495,2025-07-17 18:15:00
1752777000000,119697.22,119780.67,119637.6,119676.79,32.23462868,2025-07-17 18:30:00
1752777900000,119676.79,119700.0,119480.0,119580.01,23.49181101,2025-07-17 18:45:00
1752778800000,119580.01,119880.13,119580.0,119807.03,30.85853197,2025-07-17 19:00:00
1752779700000,119807.03,119857.85,119645.43,119656.09,25.52256786,2025-07-17 19:15:00
1752780600000,119656.09,119688.51,119466.22,119512.42,20.63109179,2025-07-17 19:30:00
1752781500000,119512.42,119512.43,118821.06,118945.05,34.78337067,2025-07-17 19:45:00
1752782400000,118945.05,119000.0,118400.0,118780.0,35.33809598,2025-07-17 20:00:00
1752783300000,118780.0,119142.75,118632.04,119039.45,29.55939827,2025-07-17 20:15:00
1752784200000,119039.45,119411.7,119039.45,119261.04,21.96676135,2025-07-17 20:30:00
1752785100000,119261.04,119436.87,119106.97,119436.86,11.50819029,2025-07-17 20:45:00
1752786000000,119436.86,120079.99,119431.93,120066.0,69.96506899,2025-07-17 21:00:00
1752786900000,120066.0,120954.5,120065.99,120899.16,83.71889673,2025-07-17 21:15:00
1752787800000,120899.16,120914.96,120075.63,120605.58,50.59970194,2025-07-17 21:30:00
1752788700000,120605.58,120761.09,120200.0,120272.19,33.41486609,2025-07-17 21:45:00
1752789600000,120272.19,120435.56,120109.9,120435.55,36.44786132,2025-07-17 22:00:00
1752790500000,120435.55,120693.35,120050.0,120081.99,30.99222844,2025-07-17 22:15:00
1752791400000,120081.99,120269.7,120081.99,120168.87,16.26529487,2025-07-17 22:30:00
1752792300000,120168.87,120337.52,119492.01,119766.71,39.16277606,2025-07-17 22:45:00
1752793200000,119766.71,119879.35,119582.16,119731.29,32.24088492,2025-07-17 23:00:00
1752794100000,119731.29,119879.35,119446.66,119616.04,34.31814518,2025-07-17 23:15:00
1752795000000,119616.04,119663.24,119250.03,119364.07,22.13799966,2025-07-17 23:30:00
1752795900000,119364.07,119475.12,119170.52,119177.55,19.17751218,2025-07-17 23:45:00
1752796800000,119177.55,119369.36,119026.54,119053.53,19.22102131,2025-07-18 00:00:00
1752797700000,119053.53,119600.88,119053.53,119501.0,18.53624266,2025-07-18 00:15:00
1752798600000,119501.0,119748.43,119501.0,119732.3,23.15666982,2025-07-18 00:30:00
1752799500000,119732.3,119783.15,119512.79,119739.05,26.54405897,2025-07-18 00:45:00
1752800400000,119739.05,120450.0,119644.21,120272.01,44.82393436,2025-07-18 01:00:00
1752801300000,120272.01,120434.35,120014.26,120169.98,34.14650782,2025-07-18 01:15:00
1752802200000,120169.98,120773.69,120036.54,120365.75,48.62898112,2025-07-18 01:30:00
1752803100000,120365.75,120461.58,120249.47,120336.87,31.83406795,2025-07-18 01:45:00
1752804000000,120336.87,120350.57,119918.05,120103.92,32.39214255,2025-07-18 02:00:00
1752804900000,120103.92,120302.89,119869.97,120227.95,24.17445903,2025-07-18 02:15:00
1752805800000,120227.95,120399.03,120124.47,120287.17,20.49097837,2025-07-18 02:30:00
1752806700000,120287.17,120287.17,120079.14,120096.42,23.57391933,2025-07-18 02:45:00
1752807600000,120096.42,120151.89,119949.28,120107.31,22.92372914,2025-07-18 03:00:00
1752808500000,120107.31,120224.99,120000.0,120060.15,21.88059898,2025-07-18 03:15:00
1752809400000,120060.15,120326.58,120010.06,120326.58,19.0358646,2025-07-18 03:30:00
1752810300000,120326.58,120473.9,120177.4,120223.08,17.37994664,2025-07-18 03:45:00
1752811200000,120223.08,120223.1,119750.0,119885.99,30.52557837,2025-07-18 04:00:00
1752812100000,119885.99,120077.13,119836.72,120077.12,19.09338188,2025-07-18 04:15:00
1752813000000,120077.12,120318.67,120077.12,120261.58,28.83236638,2025-07-18 04:30:00
1752813900000,120261.58,120486.29,120261.57,120403.39,23.54826892,2025-07-18 04:45:00
1752814800000,120403.39,120635.97,120210.01,120550.33,37.12554841,2025-07-18 05:00:00
1752815700000,120550.33,120611.13,120387.99,120540.87,30.64784708,2025-07-18 05:15:00
1752816600000,120540.87,120556.71,120279.99,120280.0,25.47412989,2025-07-18 05:30:00
1752817500000,120280.0,120614.97,120279.99,120589.94,25.97748653,2025-07-18 05:45:00
1752818400000,120589.94,120809.84,120275.23,120409.42,57.53740838,2025-07-18 06:00:00
1752819300000,120409.42,120409.43,120151.95,120151.96,39.53988811,2025-07-18 06:15:00
1752820200000,120151.96,120290.59,120075.04,120257.15,39.40486755,2025-07-18 06:30:00
1752821100000,120257.15,120455.81,120251.0,120251.0,20.19381886,2025-07-18 06:45:00
1752822000000,120251.0,120386.27,120010.0,120062.68,44.31312424,2025-07-18 07:00:00
1752822900000,120062.68,120088.88,119625.0,119651.99,69.0584278,2025-07-18 07:15:00
1752823800000,119651.99,119850.0,119642.52,119842.48,86.65775268,2025-07-18 07:30:00
1752824700000,119842.48,119862.01,119288.0,119354.29,82.7880117,2025-07-18 07:45:00
1752825600000,119354.29,119469.22,119182.17,119221.62,117.30750513,2025-07-18 08:00:00
1752826500000,119221.62,119387.73,119080.96,119114.88,28.80838515,2025-07-18 08:15:00
1752827400000,119114.88,119114.88,118395.0,118452.5,53.76221121,2025-07-18 08:30:00
1752828300000,118452.5,118699.38,118413.37,118642.01,45.34698543,2025-07-18 08:45:00
1752829200000,118642.01,118883.41,118442.82,118839.97,37.0955374,2025-07-18 09:00:00
1752830100000,118839.97,118839.98,118550.0,118647.37,40.52992115,2025-07-18 09:15:00
1752831000000,118647.37,118892.91,118647.37,118811.53,35.54676009,2025-07-18 09:30:00
1752831900000,118811.53,118974.98,118803.04,118875.0,44.71368593,2025-07-18 09:45:00
1752832800000,118875.0,118918.57,118652.69,118671.96,45.10556931,2025-07-18 10:00:00
1752833700000,118671.96,118890.9,118505.8,118787.58,32.98477941,2025-07-18 10:15:00
1752834600000,118787.58,118917.51,118754.12,118917.51,36.01762454,2025-07-18 10:30:00
1752835500000,118917.51,119259.98,118890.4,119250.71,34.26715912,2025-07-18 10:45:00
1752836400000,119250.71,119281.93,118984.32,118984.32,26.9007453,2025-07-18 11:00:00
1752837300000,118984.32,119036.6,118772.4,118897.99,26.91341282,2025-07-18 11:15:00
1752838200000,118897.99,119111.99,118799.99,119096.42,23.68311046,2025-07-18 11:30:00
1752839100000,119096.42,119196.45,119042.31,119171.35,14.54521776,2025-07-18 11:45:00
1752840000000,119171.35,119307.7,119171.34,119301.87,26.0695053,2025-07-18 12:00:00
1752840900000,119301.87,119344.11,119145.84,119204.0,24.76526934,2025-07-18 12:15:00
1752841800000,119204.0,119472.71,119204.0,119412.11,36.59071434,2025-07-18 12:30:00
1752842700000,119412.11,119531.07,119380.0,119471.99,33.72188112,2025-07-18 12:45:00
1752843600000,119471.99,119471.99,118865.11,118865.12,42.04791514,2025-07-18 13:00:00
1752844500000,118865.12,118917.81,118651.14,118800.0,47.77940964,2025-07-18 13:15:00
1752845400000,118800.0,118891.02,118512.3,118660.0,57.7545726,2025-07-18 13:30:00
1752846300000,118660.0,118861.43,118620.46,118773.37,24.21554003,2025-07-18 13:45:00
1752847200000,118773.37,119242.63,118704.43,118993.49,35.15148831,2025-07-18 14:00:00
1752848100000,118993.49,119039.53,117766.43,117980.97,78.89763497,2025-07-18 14:15:00
1752849000000,117980.97,118108.0,117380.01,117761.55,93.73160148,2025-07-18 14:30:00
1752849900000,117761.55,118390.7,117761.55,118139.99,51.26333033,2025-07-18 14:45:00
1752850800000,118139.99,118265.96,117750.26,117750.26,47.20038617,2025-07-18 15:00:00
1752851700000,117750.26,117930.92,117501.83,117760.0,58.91481784,2025-07-18 15:15:00
1752852600000,117760.0,117951.45,117480.0,117663.99,35.44733893,2025-07-18 15:30:00
1752853500000,117663.99,118021.83,117510.92,117860.24,22.92427415,2025-07-18 15:45:00
1752854400000,117860.24,118053.99,117700.25,117700.25,30.81944707,2025-07-18 16:00:00
1752855300000,117700.25,117823.03,117530.68,117607.56,35.52905968,2025-07-18 16:15:00
1752856200000,117607.56,118012.73,117479.92,117908.01,29.93577502,2025-07-18 16:30:00
1752857100000,117908.01,117918.06,117509.02,117553.42,27.89082363,2025-07-18 16:45:00
1752858000000,117553.42,117652.62,117377.0,117587.28,23.95029506,2025-07-18 17:00:00
1752858900000,117587.28,117996.49,117560.12,117924.0,18.89717445,2025-07-18 17:15:00
1752859800000,117924.0,117973.52,117588.68,117588.68,18.56853015,2025-07-18 17:30:00
1752860700000,117588.68,117708.86,117494.41,117600.0,23.09105569,2025-07-18 17:45:00
1752861600000,117600.0,117615.82,117359.99,117419.03,25.65471836,2025-07-18 18:00:00
1752862500000,117419.03,117680.37,117357.7,117680.36,31.75423615,2025-07-18 18:15:00
1752863400000,117680.36,117723.11,117522.62,117552.86,21.18579542,2025-07-18 18:30:00
1752864300000,117552.86,117618.85,117238.7,117310.73,26.67597144,2025-07-18 18:45:00
1752865200000,117310.73,117400.01,117120.54,117351.18,31.97659591,2025-07-18 19:00:00
1752866100000,117351.18,117873.99,117351.18,117800.0,33.10456052,2025-07-18 19:15:00
1752867000000,117800.0,117800.0,117426.05,117490.22,20.60900153,2025-07-18 19:30:00
1752867900000,117490.22,117494.39,117300.0,117375.86,24.78295683,2025-07-18 19:45:00
1752868800000,117375.86,117403.99,117125.3,117162.91,23.64418777,2025-07-18 20:00:00
1752869700000,117162.91,117246.85,116936.71,116991.6,37.56048667,2025-07-18 20:15:00
1752870600000,116991.6,117063.29,116812.76,117009.07,40.19762723,2025-07-18 20:30:00
1752871500000,117009.07,117539.51,117009.06,117404.99,27.60010194,2025-07-18 20:45:00
1752872400000,117404.99,117844.71,117368.0,117841.35,23.94102617,2025-07-18 21:00:00
1752873300000,117841.35,117875.0,117682.47,117719.92,22.25610152,2025-07-18 21:15:00
1752874200000,117719.92,117854.99,117719.92,117801.99,11.53067694,2025-07-18 21:30:00
1752875100000,117801.99,117879.9,117587.19,117676.81,9.97418606,2025-07-18 21:45:00
1752876000000,117676.81,117680.0,117402.24,117614.69,12.01881877,2025-07-18 22:00:00
1752876900000,117614.69,117961.01,117600.01,117884.96,17.10103148,2025-07-18 22:15:00
1752877800000,117884.96,117932.13,117783.79,117783.8,10.15639524,2025-07-18 22:30:00
1752878700000,117783.8,117817.76,117606.66,117683.7,11.40884581,2025-07-18 22:45:00
1752879600000,117683.7,117708.64,117455.94,117665.26,11.40447944,2025-07-18 23:00:00
1752880500000,117665.26,117884.29,117643.8,117820.0,13.42531957,2025-07-18 23:15:00
1752881400000,117820.0,117900.0,117805.23,117862.0,7.78144021,2025-07-18 23:30:00
1752882300000,117862.0,118020.81,117837.82,117924.84,28.56869522,2025-07-18 23:45:00
1752883200000,117924.84,117947.65,117838.09,117928.88,15.1821121,2025-07-19 00:00:00
1752884100000,117928.88,117960.29,117870.73,117959.25,7.88886698,2025-07-19 00:15:00
1752885000000,117959.25,118028.86,117860.78,117902.62,16.93092325,2025-07-19 00:30:00
1752885900000,117902.62,117936.38,117714.85,117739.7,9.91309085,2025-07-19 00:45:00
1752886800000,117739.7,117896.07,117613.35,117896.07,13.57102074,2025-07-19 01:00:00
1752887700000,117896.07,118010.6,117880.0,117979.99,14.08917506,2025-07-19 01:15:00
1752888600000,117979.99,118077.05,117926.23,118029.79,10.64661045,2025-07-19 01:30:00
1752889500000,118029.79,118109.95,117964.0,118036.73,10.36020964,2025-07-19 01:45:00
1752890400000,118036.73,118086.86,117937.03,118033.63,10.7854037,2025-07-19 02:00:00
1752891300000,118033.63,118092.23,117960.0,117986.37,9.53362559,2025-07-19 02:15:00
1752892200000,117986.37,118215.99,117986.37,118142.73,13.95243437,2025-07-19 02:30:00
1752893100000,118142.73,118297.72,118134.84,118201.03,16.1105332,2025-07-19 02:45:00
1752894000000,118201.03,118216.54,118123.6,118209.15,21.98245593,2025-07-19 03:00:00
1752894900000,118209.15,118297.73,118190.16,118252.74,14.36331949,2025-07-19 03:15:00
1752895800000,118252.74,118371.43,118219.27,118300.0,13.98511936,2025-07-19 03:30:00
1752896700000,118300.0,118332.99,118200.0,118322.53,16.72725453,2025-07-19 03:45:00
1752897600000,118322.53,118364.0,118240.6,118340.0,21.1408482,2025-07-19 04:00:00
1752898500000,118340.0,118348.7,118206.55,118206.55,8.41117986,2025-07-19 04:15:00
1752899400000,118206.55,118324.0,118174.69,118174.69,12.15289327,2025-07-19 04:30:00
1752900300000,118174.69,118199.09,118096.89,118134.82,9.05200405,2025-07-19 04:45:00
1752901200000,118134.82,118179.49,118061.9,118080.0,9.79793111,2025-07-19 05:00:00
1752902100000,118080.0,118137.88,118053.56,118133.03,10.39333681,2025-07-19 05:15:00
1752903000000,118133.03,118283.12,118120.79,118269.45,10.66634391,2025-07-19 05:30:00
1752903900000,118269.45,118289.43,118181.99,118205.99,10.79807079,2025-07-19 05:45:00
1752904800000,118205.99,118261.71,118187.99,118214.89,8.66903337,2025-07-19 06:00:00
1752905700000,118214.89,118214.9,118065.8,118065.8,11.40186969,2025-07-19 06:15:00
1752906600000,118065.8,118160.11,118065.8,118097.97,15.07506518,2025-07-19 06:30:00
1752907500000,118097.97,118175.72,118097.97,118164.42,9.79261726,2025-07-19 06:45:00
1752908400000,118164.42,118254.28,118164.42,118254.27,12.3847875,2025-07-19 07:00:00
1752909300000,118254.27,118326.81,118251.81,118273.54,11.01512543,2025-07-19 07:15:00
1752910200000,118273.54,118281.12,118175.54,118175.55,11.04286851,2025-07-19 07:30:00
1752911100000,118175.55,118206.93,118156.32,118163.06,14.35095595,2025-07-19 07:45:00
1752912000000,118163.06,118265.95,118072.0,118072.0,13.21998407,2025-07-19 08:00:00
1752912900000,118072.0,118128.25,118052.59,118099.79,11.67594068,2025-07-19 08:15:00
1752913800000,118099.79,118099.79,117943.24,118086.85,10.71587705,2025-07-19 08:30:00
1752914700000,118086.85,118164.67,117997.88,118101.82,7.47036761,2025-07-19 08:45:00
1752915600000,118101.82,118164.67,118069.22,118128.18,11.69947591,2025-07-19 09:00:00
1752916500000,118128.18,118240.93,118128.18,118212.06,9.68128034,2025-07-19 09:15:00
1752917400000,118212.06,118300.0,118197.6,118300.0,9.83804364,2025-07-19 09:30:00
1752918300000,118300.0,118328.0,118197.3,118244.3,9.46248437,2025-07-19 09:45:00
1752919200000,118244.3,118280.0,118180.36,118225.45,14.3579975,2025-07-19 10:00:00
1752920100000,118225.45,118328.18,118225.44,118328.0,14.44213022,2025-07-19 10:15:00
1752921000000,118328.0,118479.35,118319.85,118450.66,28.26220849,2025-07-19 10:30:00
1752921900000,118450.66,118463.42,118352.64,118440.38,15.90022351,2025-07-19 10:45:00
1752922800000,118440.38,118499.0,118297.71,118297.93,12.86080912,2025-07-19 11:00:00
1752923700000,118297.93,118460.0,118166.39,118459.99,11.97840776,2025-07-19 11:15:00
1752924600000,118459.99,118459.99,118381.07,118433.72,12.36909819,2025-07-19 11:30:00
1752925500000,118433.72,118434.77,118297.71,118327.06,13.89025876,2025-07-19 11:45:00
1752926400000,118327.06,118327.08,118171.44,118209.22,13.6663751,2025-07-19 12:00:00
1752927300000,118209.22,118316.61,118112.85,118209.4,11.61268345,2025-07-19 12:15:00
1752928200000,118209.4,118259.1,118130.28,118137.55,18.1959437,2025-07-19 12:30:00
1752929100000,118137.55,118244.0,118099.46,118242.04,16.46446165,2025-07-19 12:45:00
1752930000000,118242.04,118279.99,118150.0,118238.42,19.28005094,2025-07-19 13:00:00
1752930900000,118238.42,118277.26,118212.81,118277.26,10.32981742,2025-07-19 13:15:00
1752931800000,118277.26,118317.43,118240.0,118265.0,22.34410938,2025-07-19 13:30:00
1752932700000,118265.0,118265.01,118086.0,118188.15,14.13395942,2025-07-19 13:45:00
1752933600000,118188.15,118229.8,118028.19,118041.53,13.28901057,2025-07-19 14:00:00
1752934500000,118041.53,118174.34,117833.54,117877.58,22.06988406,2025-07-19 14:15:00
1752935400000,117877.58,117996.49,117667.15,117795.65,23.85232538,2025-07-19 14:30:00
1752936300000,117795.65,117884.3,117627.71,117668.15,39.77389352,2025-07-19 14:45:00
1752937200000,117668.15,117956.13,117661.03,117900.0,13.02159644,2025-07-19 15:00:00
1752938100000,117900.0,118197.3,117900.0,118192.35,15.98797605,2025-07-19 15:15:00
1752939000000,118192.35,118240.01,118101.79,118218.07,14.35209199,2025-07-19 15:30:00
1752939900000,118218.07,118218.07,118032.41,118058.1,8.68831042,2025-07-19 15:45:00
1752940800000,118058.1,118058.11,117850.0,117898.85,10.45714907,2025-07-19 16:00:00
1752941700000,117898.85,118161.5,117850.0,118110.62,6.25707274,2025-07-19 16:15:00
1752942600000,118110.62,118156.58,118012.72,118070.72,8.63164069,2025-07-19 16:30:00
1752943500000,118070.72,118140.0,117952.98,117974.0,6.58439128,2025-07-19 16:45:00
1752944400000,117974.0,117984.68,117885.04,117885.04,7.47619622,2025-07-19 17:00:00
1752945300000,117885.04,117914.98,117810.55,117831.25,5.15418521,2025-07-19 17:15:00
1752946200000,117831.25,117865.92,117745.57,117810.15,10.42280642,2025-07-19 17:30:00
1752947100000,117810.15,117857.21,117741.93,117808.16,11.38703551,2025-07-19 17:45:00
1752948000000,117808.16,117947.98,117761.58,117947.98,6.21049239,2025-07-19 18:00:00
1752948900000,117947.98,117985.58,117846.35,117921.32,5.83142426,2025-07-19 18:15:00
1752949800000,117921.32,118028.0,117921.32,117944.61,4.99776619,2025-07-19 18:30:00
1752950700000,117944.61,117990.3,117844.73,117852.56,5.75452159,2025-07-19 18:45:00
1752951600000,117852.56,117913.71,117605.26,117746.02,9.72421503,2025-07-19 19:00:00
1752952500000,117746.02,117858.11,117736.64,117858.1,7.41104446,2025-07-19 19:15:00
1752953400000,117858.1,118140.99,117858.1,118122.29,11.15851694,2025-07-19 19:30:00
1752954300000,118122.29,118122.3,117988.92,118007.88,7.83773174,2025-07-19 19:45:00
1752955200000,118007.88,118141.0,117968.7,118028.86,9.27638927,2025-07-19 20:00:00
1752956100000,118028.86,118028.86,117911.42,118003.31,6.92734759,2025-07-19 20:15:00
1752957000000,118003.31,118007.21,117953.33,117999.6,8.30313433,2025-07-19 20:30:00
1752957900000,117999.6,118076.01,117708.78,117720.01,13.32970624,2025-07-19 20:45:00
1752958800000,117720.01,117836.56,117531.19,117596.0,11.73567984,2025-07-19 21:00:00
1752959700000,117596.0,117695.23,117277.34,117695.22,22.41160871,2025-07-19 21:15:00
1752960600000,117695.22,117695.22,117420.0,117480.7,10.05935577,2025-07-19 21:30:00
1752961500000,117480.7,117742.1,117480.7,117705.81,11.46029973,2025-07-19 21:45:00
1752962400000,117705.81,117773.2,117529.44,117753.17,12.93491127,2025-07-19 22:00:00
1752963300000,117753.17,117795.67,117702.93,117718.51,6.81680828,2025-07-19 22:15:00
1752964200000,117718.51,117850.14,117702.93,117833.92,5.70895243,2025-07-19 22:30:00
1752965100000,117833.92,117850.0,117775.33,117792.97,3.63427485,2025-07-19 22:45:00
1752966000000,117792.97,117934.75,117738.63,117908.82,7.92996335,2025-07-19 23:00:00
1752966900000,117908.82,117908.83,117749.99,117800.43,6.20800404,2025-07-19 23:15:00
1752967800000,117800.43,117922.16,117800.43,117813.86,5.23402013,2025-07-19 23:30:00
1752968700000,117813.86,117884.99,117795.65,117840.01,5.13848527,2025-07-19 23:45:00
1752969600000,117840.01,117875.48,117700.0,117700.01,5.51382642,2025-07-20 00:00:00
1752970500000,117700.01,117795.63,117658.21,117658.22,7.00637462,2025-07-20 00:15:00
1752971400000,117658.22,117794.9,117650.0,117683.18,6.46883512,2025-07-20 00:30:00
1752972300000,117683.18,117996.49,117683.17,117942.31,10.72067514,2025-07-20 00:45:00
1752973200000,117942.31,118070.16,117900.72,117992.45,10.17753241,2025-07-20 01:00:00
1752974100000,117992.45,118131.2,117978.35,117990.55,14.54151634,2025-07-20 01:15:00
1752975000000,117990.55,118050.0,117944.12,118002.99,7.14029699,2025-07-20 01:30:00
1752975900000,118002.99,118037.77,117912.76,117941.26,10.00004975,2025-07-20 01:45:00
1752976800000,117941.26,117949.13,117813.7,117899.99,8.88905076,2025-07-20 02:00:00
1752977700000,117899.99,117937.3,117803.28,117803.28,14.07711051,2025-07-20 02:15:00
1752978600000,117803.28,117912.53,117766.42,117876.53,8.98944615,2025-07-20 02:30:00
1752979500000,117876.53,118006.37,117876.53,117970.5,16.34111307,2025-07-20 02:45:00
1752980400000,117970.5,118096.9,117970.49,117985.57,22.82301767,2025-07-20 03:00:00
1752981300000,117985.57,117995.28,117706.91,117896.25,20.06830845,2025-07-20 03:15:00
1752982200000,117896.25,118165.38,117894.94,117997.0,24.79621791,2025-07-20 03:30:00
1752983100000,117997.0,117997.0,117914.37,117958.0,9.09524837,2025-07-20 03:45:00
1752984000000,117958.0,117983.24,117900.01,117927.25,12.64706808,2025-07-20 04:00:00
1752984900000,117927.25,118084.0,117900.0,118071.82,13.96314759,2025-07-20 04:15:00
1752985800000,118071.82,118127.39,117930.2,117935.99,15.85022764,2025-07-20 04:30:00
1752986700000,117935.99,117991.36,117935.99,117949.98,11.72308787,2025-07-20 04:45:00
1752987600000,117949.98,117976.36,117850.01,117878.91,7.76705825,2025-07-20 05:00:00
1752988500000,117878.91,117892.09,117800.0,117818.03,6.23482195,2025-07-20 05:15:00
1752989400000,117818.03,117911.43,117818.02,117889.84,10.66878747,2025-07-20 05:30:00
1752990300000,117889.84,117915.85,117836.81,117846.92,12.94547696,2025-07-20 05:45:00
1752991200000,117846.92,117846.92,117783.79,117783.79,9.0540656,2025-07-20 06:00:00
1752992100000,117783.79,117871.02,117760.67,117829.1,10.57475422,2025-07-20 06:15:00
1752993000000,117829.1,117845.27,117805.03,117845.27,5.47764393,2025-07-20 06:30:00
1752993900000,117845.27,117884.29,117824.3,117824.49,5.95169083,2025-07-20 06:45:00
1752994800000,117824.49,117883.43,117824.48,117850.77,13.91367946,2025-07-20 07:00:00
1752995700000,117850.77,118055.32,117850.77,118055.31,11.05580764,2025-07-20 07:15:00
1752996600000,118055.31,118215.31,118014.42,118215.31,18.56008498,2025-07-20 07:30:00
1752997500000,118215.31,118218.0,118000.0,118029.49,17.82112593,2025-07-20 07:45:00
1752998400000,118029.49,118255.16,118029.49,118255.13,25.70247929,2025-07-20 08:00:00
1752999300000,118255.13,118255.14,118129.27,118169.68,27.42551712,2025-07-20 08:15:00
1753000200000,118169.68,118255.0,118098.95,118163.22,32.6715887,2025-07-20 08:30:00
1753001100000,118163.22,118240.15,118078.99,118151.14,66.30802317,2025-07-20 08:45:00
1753002000000,118151.14,118277.25,118006.08,118006.08,68.7297499,2025-07-20 09:00:00
1753002900000,118006.08,118169.68,118000.93,118000.94,41.64549432,2025-07-20 09:15:00
1753003800000,118000.94,118107.08,118000.93,118083.95,32.044274,2025-07-20 09:30:00
1753004700000,118083.95,118100.0,117900.0,117919.96,57.76855323,2025-07-20 09:45:00
1753005600000,117919.96,117985.48,117878.44,117941.21,45.72138911,2025-07-20 10:00:00
1753006500000,117941.21,117982.71,117906.45,117957.12,34.05420625,2025-07-20 10:15:00
1753007400000,117957.12,117993.86,117950.0,117968.76,49.83889111,2025-07-20 10:30:00
1753008300000,117968.76,117968.76,117876.41,117888.2,28.79258192,2025-07-20 10:45:00
1753009200000,117888.2,117941.0,117861.97,117900.03,32.3670678,2025-07-20 11:00:00
1753010100000,117900.03,117996.49,117838.63,117861.98,38.75796401,2025-07-20 11:15:00
1753011000000,117861.98,117927.44,117819.88,117909.99,31.30190665,2025-07-20 11:30:00
1753011900000,117909.99,118081.65,117821.11,117878.46,49.97862529,2025-07-20 11:45:00
1753012800000,117878.46,117983.79,117723.23,117889.21,56.87589599,2025-07-20 12:00:00
1753013700000,117889.21,118071.98,117806.82,117848.21,127.05792167,2025-07-20 12:15:00
1753014600000,117848.21,117903.02,117818.01,117839.57,209.40661441,2025-07-20 12:30:00
1753015500000,117839.57,118169.35,117801.88,118085.43,134.82049622,2025-07-20 12:45:00
1753016400000,118085.43,118197.31,118085.41,118127.58,79.02712675,2025-07-20 13:00:00
1753017300000,118127.58,118169.69,118089.55,118119.33,76.33098619,2025-07-20 13:15:00
1753018200000,118119.33,118154.98,118087.65,118124.0,49.2040726,2025-07-20 13:30:00
1753019100000,118124.0,118417.36,118120.91,118417.35,69.61773411,2025-07-20 13:45:00
1753020000000,118417.35,118756.25,118277.78,118555.2,113.26778747,2025-07-20 14:00:00
1753020900000,118555.2,118799.79,118460.0,118636.0,58.41498747,2025-07-20 14:15:00
1753021800000,118636.0,118795.84,118521.51,118573.38,37.3121527,2025-07-20 14:30:00
1753022700000,118573.38,118604.01,118391.45,118468.42,41.70658984,2025-07-20 14:45:00
1753023600000,118468.42,118652.81,118347.38,118652.8,40.56956567,2025-07-20 15:00:00
1753024500000,118652.8,118699.38,118521.34,118699.37,26.03422669,2025-07-20 15:15:00
1753025400000,118699.37,118756.97,118570.76,118596.83,42.95153693,2025-07-20 15:30:00
1753026300000,118596.83,118770.0,118582.55,118671.12,39.43251571,2025-07-20 15:45:00
1753027200000,118671.12,118856.87,118546.6,118621.55,60.32629255,2025-07-20 16:00:00
1753028100000,118621.55,118653.22,118465.0,118653.21,41.94409741,2025-07-20 16:15:00
1753029000000,118653.21,118829.04,118609.26,118742.73,44.77647234,2025-07-20 16:30:00
1753029900000,118742.73,118742.73,118512.77,118557.77,36.23943664,2025-07-20 16:45:00
1753030800000,118557.77,118557.78,118160.0,118345.51,49.27738295,2025-07-20 17:00:00
1753031700000,118345.51,118437.5,118234.33,118334.59,31.03512445,2025-07-20 17:15:00
1753032600000,118334.59,118429.67,118062.32,118216.36,44.38712571,2025-07-20 17:30:00
1753033500000,118216.36,118216.37,117959.95,118018.7,53.93346116,2025-07-20 17:45:00
1753034400000,118018.7,118238.78,118018.69,118213.64,93.73741599,2025-07-20 18:00:00
1753035300000,118213.64,118234.67,118100.0,118214.13,79.20049111,2025-07-20 18:15:00
1753036200000,118214.13,118254.03,118096.89,118245.9,38.96805826,2025-07-20 18:30:00
1753037100000,118245.9,118448.2,118245.89,118361.79,71.32029514,2025-07-20 18:45:00
1753038000000,118361.79,118555.0,118361.79,118517.6,30.52778417,2025-07-20 19:00:00
1753038900000,118517.6,118563.92,118421.21,118539.98,19.76993718,2025-07-20 19:15:00
1753039800000,118539.98,118539.99,118349.11,118349.11,20.18511492,2025-07-20 19:30:00
1753040700000,118349.11,118374.91,118155.0,118155.0,25.21030419,2025-07-20 19:45:00
1753041600000,118155.0,118175.99,117855.03,118050.0,53.49463054,2025-07-20 20:00:00
1753042500000,118050.0,118211.28,118003.75,118094.56,32.78798748,2025-07-20 20:15:00
1753043400000,118094.56,118170.01,118064.06,118169.99,25.15339052,2025-07-20 20:30:00
1753044300000,118169.99,118263.01,118087.66,118087.66,26.24894627,2025-07-20 20:45:00
1753045200000,118087.66,118087.67,117869.49,118017.31,34.45925842,2025-07-20 21:00:00
1753046100000,118017.31,118114.02,117830.2,118100.02,29.90732578,2025-07-20 21:15:00
1753047000000,118100.02,118153.88,117912.0,118016.71,22.41438307,2025-07-20 21:30:00
1753047900000,118016.71,118049.37,117997.86,117997.87,16.77488682,2025-07-20 21:45:00
1753048800000,117997.87,118039.99,116902.97,116918.3,146.82150009,2025-07-20 22:00:00
1753049700000,116918.3,117299.99,116467.02,117265.99,151.63693925,2025-07-20 22:15:00
1753050600000,117265.99,117619.03,117125.06,117602.18,74.05817813,2025-07-20 22:30:00
1753051500000,117602.18,117658.06,117420.0,117479.92,64.89267096,2025-07-20 22:45:00
1753052400000,117479.92,117556.92,117235.26,117376.98,68.17725165,2025-07-20 23:00:00
1753053300000,117376.98,117410.41,117184.74,117216.0,28.57569757,2025-07-20 23:15:00
1753054200000,117216.0,117378.61,116955.94,117246.56,39.66208756,2025-07-20 23:30:00
1753055100000,117246.56,117329.45,117128.94,117265.11,20.93160018,2025-07-20 23:45:00
1753056000000,117265.11,117277.35,116850.0,116850.0,63.2789858,2025-07-21 00:00:00
1753056900000,116850.0,116991.98,116515.0,116914.5,71.6375067,2025-07-21 00:15:00
1753057800000,116914.5,117196.33,116734.57,117026.79,50.99512568,2025-07-21 00:30:00
1753058700000,117026.79,117352.06,116885.0,117352.05,42.71826187,2025-07-21 00:45:00
1753059600000,117352.05,117441.62,117147.13,117163.12,61.37210509,2025-07-21 01:00:00
1753060500000,117163.12,117253.48,117040.96,117130.91,38.34113301,2025-07-21 01:15:00
1753061400000,117130.91,117222.35,116776.14,116966.34,32.58692551,2025-07-21 01:30:00
1753062300000,116966.34,117315.77,116922.91,117305.85,24.15466379,2025-07-21 01:45:00
1753063200000,117305.85,117991.59,117305.85,117905.84,68.33330302,2025-07-21 02:00:00
1753064100000,117905.84,118083.4,117686.27,118039.99,60.79451262,2025-07-21 02:15:00
1753065000000,118039.99,118039.99,117825.4,117852.0,41.92649442,2025-07-21 02:30:00
1753065900000,117852.0,118183.93,117783.79,118183.92,25.66636606,2025-07-21 02:45:00
1753066800000,118183.92,118501.47,118131.75,118430.55,72.24317374,2025-07-21 03:00:00
1753067700000,118430.55,118539.63,118366.53,118488.18,35.63692475,2025-07-21 03:15:00
1753068600000,118488.18,118614.7,118391.53,118428.07,53.97113743,2025-07-21 03:30:00
1753069500000,118428.07,118428.08,118252.5,118404.01,37.80448829,2025-07-21 03:45:00
1753070400000,118404.01,118408.0,118294.7,118365.74,40.44313279,2025-07-21 04:00:00
1753071300000,118365.74,118634.58,118282.25,118451.52,44.13785409,2025-07-21 04:15:00
1753072200000,118451.52,118633.01,118444.0,118580.01,32.30033128,2025-07-21 04:30:00
1753073100000,118580.01,118580.01,118319.03,118331.61,27.59819819,2025-07-21 04:45:00
1753074000000,118331.61,118385.4,118259.9,118376.02,131.45967882,2025-07-21 05:00:00
1753074900000,118376.02,118376.02,118188.94,118216.29,24.50915087,2025-07-21 05:15:00
1753075800000,118216.29,118343.07,118216.29,118329.62,21.35510976,2025-07-21 05:30:00
1753076700000,118329.62,118430.24,118287.61,118430.23,32.03478774,2025-07-21 05:45:00
1753077600000,118430.23,118430.23,118290.24,118357.67,29.21861351,2025-07-21 06:00:00
1753078500000,118357.67,118850.8,118357.67,118850.79,66.01926599,2025-07-21 06:15:00
1753079400000,118850.79,119234.27,118850.79,118966.66,115.1569411,2025-07-21 06:30:00
1753080300000,118966.66,119195.0,118911.74,119169.26,87.19475873,2025-07-21 06:45:00
1753081200000,119169.26,119407.84,119162.62,119377.23,90.07600638,2025-07-21 07:00:00
1753082100000,119377.23,119600.0,119344.06,119599.99,70.94120328,2025-07-21 07:15:00
1753083000000,119599.99,119642.85,119276.28,119279.74,67.51390585,2025-07-21 07:30:00
1753083900000,119279.74,119421.97,119274.72,119360.0,48.33823758,2025-07-21 07:45:00
1753084800000,119360.0,119500.0,119339.27,119380.01,50.55366523,2025-07-21 08:00:00
1753085700000,119380.01,119400.0,119191.59,119259.99,53.21596343,2025-07-21 08:15:00
1753086600000,119259.99,119344.04,118981.0,118999.24,70.60755898,2025-07-21 08:30:00
1753087500000,118999.24,119097.74,118854.89,119016.83,50.38560138,2025-07-21 08:45:00
1753088400000,119016.83,119086.06,118901.69,118927.02,30.9452544,2025-07-21 09:00:00
1753089300000,118927.02,118960.0,118779.99,118789.99,41.50026366,2025-07-21 09:15:00
1753090200000,118789.99,118830.01,118528.09,118617.0,46.95507042,2025-07-21 09:30:00
1753091100000,118617.0,118735.12,118553.86,118690.05,43.46475408,2025-07-21 09:45:00
1753092000000,118690.05,118819.99,118628.56,118797.23,31.06038673,2025-07-21 10:00:00
1753092900000,118797.23,118797.24,118515.47,118533.49,39.43411689,2025-07-21 10:15:00
1753093800000,118533.49,118588.21,118344.0,118519.17,120.43589589,2025-07-21 10:30:00
1753094700000,118519.17,118605.93,118519.16,118578.14,52.79458361,2025-07-21 10:45:00
1753095600000,118578.14,118764.52,118570.29,118632.3,108.94593536,2025-07-21 11:00:00
1753096500000,118632.3,118798.2,118526.1,118629.98,34.98969919,2025-07-21 11:15:00
1753097400000,118629.98,118646.66,118350.0,118362.52,41.61957462,2025-07-21 11:30:00
1753098300000,118362.52,118418.21,118070.16,118070.16,52.67128317,2025-07-21 11:45:00
1753099200000,118070.16,118199.99,117778.7,118199.99,43.47260395,2025-07-21 12:00:00
1753100100000,118199.99,118590.0,118176.85,118441.53,28.31695503,2025-07-21 12:15:00
1753101000000,118441.53,118532.66,118107.95,118206.94,29.1382756,2025-07-21 12:30:00
1753101900000,118206.94,118324.44,118120.0,118172.81,19.02042256,2025-07-21 12:45:00
1753102800000,118172.81,118200.0,117888.25,117976.2,21.95530192,2025-07-21 13:00:00
1753103700000,117976.2,118317.83,117976.2,118302.36,16.58075596,2025-07-21 13:15:00
1753104600000,118302.36,118684.38,118245.65,118613.83,39.07840036,2025-07-21 13:30:00
1753105500000,118613.83,119099.99,118613.83,118834.0,47.99287152,2025-07-21 13:45:00
1753106400000,118834.0,118944.95,118432.0,118662.44,36.52645892,2025-07-21 14:00:00
1753107300000,118662.44,119100.0,118639.98,118920.53,41.70197946,2025-07-21 14:15:00
1753108200000,118920.53,119046.87,118734.53,119046.87,34.88995155,2025-07-21 14:30:00
1753109100000,119046.87,119233.75,118780.18,118828.98,32.8132278,2025-07-21 14:45:00
1753110000000,118828.98,118955.4,118682.87,118764.88,20.32783669,2025-07-21 15:00:00
1753110900000,118764.88,119119.59,118675.99,118697.31,42.90853182,2025-07-21 15:15:00
1753111800000,118697.31,118732.0,118312.33,118418.29,38.09068502,2025-07-21 15:30:00
1753112700000,118418.29,118570.29,118283.63,118313.15,21.42745455,2025-07-21 15:45:00
1753113600000,118313.15,118399.1,117899.99,117976.92,45.49578674,2025-07-21 16:00:00
1753114500000,117976.92,117976.92,117500.0,117902.73,68.07469412,2025-07-21 16:15:00
1753115400000,117902.73,118105.98,117783.48,117833.76,34.27129626,2025-07-21 16:30:00
1753116300000,117833.76,117892.0,117651.0,117760.0,44.88573237,2025-07-21 16:45:00
1753117200000,117760.0,118093.13,117711.48,117917.39,25.21806664,2025-07-21 17:00:00
1753118100000,117917.39,117965.34,117633.15,117647.09,20.18240014,2025-07-21 17:15:00
1753119000000,117647.09,117706.16,117377.25,117405.56,30.46952958,2025-07-21 17:30:00
1753119900000,117405.56,117895.18,117324.83,117847.83,22.14006176,2025-07-21 17:45:00
1753120800000,117847.83,117936.21,117847.81,117929.98,14.47082353,2025-07-21 18:00:00
1753121700000,117929.98,118187.58,117880.0,117973.0,22.37929987,2025-07-21 18:15:00
1753122600000,117973.0,118002.36,117443.85,117466.87,16.01404363,2025-07-21 18:30:00
1753123500000,117466.87,117466.88,117100.0,117162.27,32.12831456,2025-07-21 18:45:00
1753124400000,117162.27,117437.56,117000.0,117434.14,28.15609709,2025-07-21 19:00:00
1753125300000,117434.14,117521.01,117010.77,117067.03,25.80913305,2025-07-21 19:15:00
1753126200000,117067.03,117072.15,116784.65,116844.7,44.61242391,2025-07-21 19:30:00
1753127100000,116844.7,116897.65,116666.23,116767.66,42.80576858,2025-07-21 19:45:00
1753128000000,116767.66,116976.07,116666.0,116929.8,26.88133955,2025-07-21 20:00:00
1753128900000,116929.8,117117.09,116907.09,117070.04,27.34962133,2025-07-21 20:15:00
1753129800000,117070.04,117199.99,116932.09,117150.73,19.28269258,2025-07-21 20:30:00
1753130700000,117150.73,117252.0,116909.12,116945.67,21.05804687,2025-07-21 20:45:00
1753131600000,116945.67,117200.0,116879.1,116950.0,23.73209162,2025-07-21 21:00:00
1753132500000,116950.0,117241.55,116950.0,117222.19,15.47650337,2025-07-21 21:15:00
1753133400000,117222.19,117371.99,117123.01,117371.98,14.07957045,2025-07-21 21:30:00
1753134300000,117371.98,117371.99,117162.44,117215.26,14.95380656,2025-07-21 21:45:00
1753135200000,117215.26,117311.33,117117.85,117311.32,12.7366962,2025-07-21 22:00:00
1753136100000,117311.32,117412.58,117200.18,117405.36,14.17694455,2025-07-21 22:15:00
1753137000000,117405.36,117633.65,117405.36,117606.37,11.78477376,2025-07-21 22:30:00
1753137900000,117606.37,117617.16,117348.96,117348.97,15.31822544,2025-07-21 22:45:00
1753138800000,117348.97,117371.52,117180.54,117279.68,11.77080496,2025-07-21 23:00:00
1753139700000,117279.68,117348.63,117108.62,117348.62,13.40709032,2025-07-21 23:15:00
1753140600000,117348.62,117508.24,117312.13,117319.07,13.41810674,2025-07-21 23:30:00
1753141500000,117319.07,117474.81,117284.34,117380.37,10.45201951,2025-07-21 23:45:00
1753142400000,117380.37,117402.55,117252.89,117319.66,14.82244016,2025-07-22 00:00:00
1753143300000,117319.66,117511.51,117319.65,117511.5,14.82224265,2025-07-22 00:15:00
1753144200000,117511.5,117524.07,117012.29,117055.9,20.67389944,2025-07-22 00:30:00
1753145100000,117055.9,117313.88,117055.9,117123.69,28.49202059,2025-07-22 00:45:00
1753146000000,117123.69,117129.08,116864.0,116869.17,34.05954226,2025-07-22 01:00:00
1753146900000,116869.17,117239.46,116128.01,117227.22,71.9010216,2025-07-22 01:15:00
1753147800000,117227.22,117800.0,117120.55,117647.35,46.18418372,2025-07-22 01:30:00
1753148700000,117647.35,117939.39,117623.0,117750.01,31.09751198,2025-07-22 01:45:00
1753149600000,117750.01,117800.0,117426.93,117504.87,33.54821642,2025-07-22 02:00:00
1753150500000,117504.87,117702.98,117413.79,117564.01,18.36161583,2025-07-22 02:15:00
1753151400000,117564.01,117676.13,117297.17,117297.18,24.17432117,2025-07-22 02:30:00
1753152300000,117297.18,117326.49,116969.67,117027.81,25.00149286,2025-07-22 02:45:00
1753153200000,117027.81,117238.93,116969.67,117016.73,23.23989646,2025-07-22 03:00:00
1753154100000,117016.73,117156.94,116683.93,117129.67,31.09639959,2025-07-22 03:15:00
1753155000000,117129.67,117250.0,116800.0,116924.31,31.94156834,2025-07-22 03:30:00
1753155900000,116924.31,117213.28,116840.01,117209.99,27.28485509,2025-07-22 03:45:00
1753156800000,117209.99,117271.32,117070.32,117133.84,27.77846356,2025-07-22 04:00:00
1753157700000,117133.84,117176.18,116870.0,116963.83,68.90057103,2025-07-22 04:15:00
1753158600000,116963.83,117357.21,116843.13,116865.82,23.6805949,2025-07-22 04:30:00
1753159500000,116865.82,116943.73,116555.0,116555.01,48.56317409,2025-07-22 04:45:00
1753160400000,116555.01,117247.99,116552.18,117201.81,32.60811379,2025-07-22 05:00:00
1753161300000,117201.81,117346.17,117106.76,117161.29,23.20691522,2025-07-22 05:15:00
1753162200000,117161.29,117319.25,117054.13,117092.68,20.25185243,2025-07-22 05:30:00
1753163100000,117092.68,117322.65,116930.43,117322.04,38.28857026,2025-07-22 05:45:00
1753164000000,117322.04,117573.82,117275.47,117553.75,37.83882525,2025-07-22 06:00:00
1753164900000,117553.75,117733.35,117425.71,117709.7,38.25196978,2025-07-22 06:15:00
1753165800000,117709.7,117763.15,117551.28,117551.28,19.11629353,2025-07-22 06:30:00
1753166700000,117551.28,117847.77,117493.01,117847.25,55.83854692,2025-07-22 06:45:00
1753167600000,117847.25,118294.95,117780.0,118294.95,89.47538317,2025-07-22 07:00:00
1753168500000,118294.95,118594.55,118241.19,118572.59,74.95077125,2025-07-22 07:15:00
1753169400000,118572.59,118582.76,118123.39,118189.33,63.0352334,2025-07-22 07:30:00
1753170300000,118189.33,118211.81,117815.8,117983.68,42.25353975,2025-07-22 07:45:00
1753171200000,117983.68,117983.68,117539.99,117686.65,66.38665651,2025-07-22 08:00:00
1753172100000,117686.65,117981.02,117488.19,117707.51,39.6283381,2025-07-22 08:15:00
1753173000000,117707.51,118208.08,117691.53,118100.0,35.4488482,2025-07-22 08:30:00
1753173900000,118100.0,118345.0,118033.22,118290.0,26.62771562,2025-07-22 08:45:00
1753174800000,118290.0,118290.01,118019.41,118030.37,24.18211446,2025-07-22 09:00:00
1753175700000,118030.37,118266.87,117873.52,118217.91,44.55359287,2025-07-22 09:15:00
1753176600000,118217.91,118560.0,118217.9,118542.35,34.87171647,2025-07-22 09:30:00
1753177500000,118542.35,118656.0,118380.5,118399.09,40.37570675,2025-07-22 09:45:00
1753178400000,118399.09,118510.24,118302.01,118436.44,22.70804118,2025-07-22 10:00:00
1753179300000,118436.44,118529.23,118359.97,118523.06,20.10664835,2025-07-22 10:15:00
1753180200000,118523.06,118737.5,118523.06,118727.99,25.74141497,2025-07-22 10:30:00
1753181100000,118727.99,118955.99,118705.73,118955.99,33.9829852,2025-07-22 10:45:00
1753182000000,118955.99,119110.01,118784.0,118925.72,60.03338055,2025-07-22 11:00:00
1753182900000,118925.72,119055.81,118925.02,119055.81,36.74214957,2025-07-22 11:15:00
1753183800000,119055.81,119075.99,118887.99,119057.77,39.45353996,2025-07-22 11:30:00
1753184700000,119057.77,119187.76,119054.0,119154.99,36.82179914,2025-07-22 11:45:00
1753185600000,119154.99,119270.0,119082.24,119234.99,29.64706303,2025-07-22 12:00:00
1753186500000,119234.99,119265.98,119165.99,119233.88,48.56778758,2025-07-22 12:15:00
1753187400000,119233.88,119380.14,119046.58,119371.99,65.88551379,2025-07-22 12:30:00
1753188300000,119371.99,119419.74,119239.82,119283.75,55.3434708,2025-07-22 12:45:00
1753189200000,119283.75,119453.71,119191.19,119365.34,49.94558868,2025-07-22 13:00:00
1753190100000,119365.34,119365.34,119088.0,119195.99,35.61654217,2025-07-22 13:15:00
1753191000000,119195.99,119573.54,118837.28,119464.0,62.882221,2025-07-22 13:30:00
1753191900000,119464.0,119464.0,118035.65,118147.83,74.61662633,2025-07-22 13:45:00
1753192800000,118147.83,118466.0,117555.0,118406.9,73.04338502,2025-07-22 14:00:00
1753193700000,118406.9,118562.02,118151.1,118438.13,33.59707082,2025-07-22 14:15:00
1753194600000,118438.13,118788.0,118312.34,118742.14,48.47540204,2025-07-22 14:30:00
1753195500000,118742.14,119123.12,118579.2,119060.0,102.66216502,2025-07-22 14:45:00
1753196400000,119060.0,119177.53,118987.41,119172.12,103.07901312,2025-07-22 15:00:00
1753197300000,119172.12,119172.13,118794.85,118873.1,55.65952444,2025-07-22 15:15:00
1753198200000,118873.1,119158.05,118690.38,118875.68,43.01334364,2025-07-22 15:30:00
1753199100000,118875.68,119058.49,118850.68,118912.03,63.03891295,2025-07-22 15:45:00
1753200000000,118912.03,119239.55,118746.14,119205.98,66.37143245,2025-07-22 16:00:00
1753200900000,119205.98,119350.01,118923.74,119034.26,59.59590118,2025-07-22 16:15:00
1753201800000,119034.26,119121.51,118728.6,118901.42,34.37122785,2025-07-22 16:30:00
1753202700000,118901.42,118901.42,118626.35,118681.25,30.48119468,2025-07-22 16:45:00
1753203600000,118681.25,118817.81,118386.89,118524.12,32.03236638,2025-07-22 17:00:00
1753204500000,118524.12,118752.2,118510.59,118725.36,22.02549285,2025-07-22 17:15:00
1753205400000,118725.36,119213.0,118680.32,119133.53,41.14140056,2025-07-22 17:30:00
1753206300000,119133.53,119205.97,119055.94,119199.39,29.49774595,2025-07-22 17:45:00
1753207200000,119199.39,119413.41,119066.33,119302.59,65.4937038,2025-07-22 18:00:00
1753208100000,119302.59,119500.0,119143.22,119405.22,45.93343407,2025-07-22 18:15:00
1753209000000,119405.22,119439.99,119179.86,119179.86,29.49388138,2025-07-22 18:30:00
1753209900000,119179.86,120172.46,119179.86,119733.69,138.04627849,2025-07-22 18:45:00
1753210800000,119733.69,119914.97,119586.23,119817.42,90.86995235,2025-07-22 19:00:00
1753211700000,119817.42,119829.95,119363.75,119633.95,48.4585968,2025-07-22 19:15:00
1753212600000,119633.95,119633.96,119240.27,119328.93,33.7171104,2025-07-22 19:30:00
1753213500000,119328.93,119419.03,119097.5,119282.11,68.01482087,2025-07-22 19:45:00
1753214400000,119282.11,119720.0,119203.2,119655.91,46.501321,2025-07-22 20:00:00
1753215300000,119655.91,119832.0,119516.01,119787.11,41.60106828,2025-07-22 20:15:00
1753216200000,119787.11,119842.04,119570.39,119664.99,35.847359,2025-07-22 20:30:00
1753217100000,119664.99,119901.59,119663.02,119703.28,51.33842961,2025-07-22 20:45:00
1753218000000,119703.28,119770.84,119551.17,119551.18,22.28887291,2025-07-22 21:00:00
1753218900000,119551.18,119621.42,119514.11,119514.12,18.36271891,2025-07-22 21:15:00
1753219800000,119514.12,119540.0,119444.31,119479.89,19.56873245,2025-07-22 21:30:00
1753220700000,119479.89,119562.98,119400.0,119400.0,27.83000956,2025-07-22 21:45:00
1753221600000,119400.0,119730.3,119394.42,119642.77,48.3640607,2025-07-22 22:00:00
1753222500000,119642.77,119899.99,119604.16,119829.09,46.66622904,2025-07-22 22:15:00
1753223400000,119829.09,120035.28,119808.58,119977.56,88.10423589,2025-07-22 22:30:00
1753224300000,119977.56,119983.24,119799.82,119844.22,85.97969852,2025-07-22 22:45:00
1753225200000,119844.22,120200.0,119835.56,120199.99,85.36982763,2025-07-22 23:00:00
1753226100000,120199.99,120247.8,120126.57,120134.47,61.096451,2025-07-22 23:15:00
1753227000000,120134.47,120134.47,119867.06,119994.0,70.25858096,2025-07-22 23:30:00
1753227900000,119994.0,120080.22,119840.0,119954.42,37.49803246,2025-07-22 23:45:00
1753228800000,119954.42,119954.43,119768.02,119768.03,41.67208281,2025-07-23 00:00:00
1753229700000,119768.03,120089.99,119613.59,119650.63,39.49732798,2025-07-23 00:15:00
1753230600000,119650.63,119959.48,119650.63,119824.93,30.53033094,2025-07-23 00:30:00
1753231500000,119824.93,119865.98,119500.29,119546.56,23.17495821,2025-07-23 00:45:00
1753232400000,119546.56,119575.05,119379.63,119379.64,43.68806921,2025-07-23 01:00:00
1753233300000,119379.64,119613.63,119379.64,119475.37,31.27433694,2025-07-23 01:15:00
1753234200000,119475.37,119631.57,119440.11,119548.3,41.38244628,2025-07-23 01:30:00
1753235100000,119548.3,119666.04,119468.8,119488.21,28.21988676,2025-07-23 01:45:00
1753236000000,119488.21,119531.28,119122.91,119123.51,75.10003421,2025-07-23 02:00:00
1753236900000,119123.51,119373.6,119123.5,119322.49,38.22464532,2025-07-23 02:15:00
1753237800000,119322.49,119372.86,119024.0,119024.0,50.08133227,2025-07-23 02:30:00
1753238700000,119024.0,119150.14,118983.83,119090.73,109.09993264,2025-07-23 02:45:00
1753239600000,119090.73,119116.68,118934.21,118988.12,80.67427829,2025-07-23 03:00:00
1753240500000,118988.12,119008.36,118845.49,118954.9,33.95556531,2025-07-23 03:15:00
1753241400000,118954.9,118954.91,118780.0,118780.01,63.08001656,2025-07-23 03:30:00
1753242300000,118780.01,118780.01,118532.96,118614.16,57.12649164,2025-07-23 03:45:00
1753243200000,118614.16,118750.07,118576.38,118706.64,31.19155896,2025-07-23 04:00:00
1753244100000,118706.64,118911.75,118628.13,118828.92,32.00805114,2025-07-23 04:15:00
1753245000000,118828.92,118865.89,118765.56,118810.72,23.35668007,2025-07-23 04:30:00
1753245900000,118810.72,118996.0,118740.0,118996.0,38.85439635,2025-07-23 04:45:00
1753246800000,118996.0,119006.05,118778.61,118893.43,116.79022538,2025-07-23 05:00:00
1753247700000,118893.43,118933.1,118734.22,118756.23,44.71395686,2025-07-23 05:15:00
1753248600000,118756.23,118840.0,118665.72,118665.72,23.2839779,2025-07-23 05:30:00
1753249500000,118665.72,118752.01,118615.97,118645.02,24.28810939,2025-07-23 05:45:00
1753250400000,118645.02,118717.12,118560.99,118561.01,36.56595515,2025-07-23 06:00:00
1753251300000,118561.01,118592.39,118424.42,118592.38,51.86631996,2025-07-23 06:15:00
1753252200000,118592.38,118677.1,118420.0,118420.0,33.59622412,2025-07-23 06:30:00
1753253100000,118420.0,118473.26,118384.7,118417.99,33.69886353,2025-07-23 06:45:00
1753254000000,118417.99,118528.89,118350.0,118493.11,46.85675685,2025-07-23 07:00:00
1753254900000,118493.11,118592.39,118466.75,118532.36,18.39664848,2025-07-23 07:15:00
1753255800000,118532.36,118582.21,118421.85,118461.64,28.72471927,2025-07-23 07:30:00
1753256700000,118461.64,118479.87,118288.2,118350.36,35.66511975,2025-07-23 07:45:00
1753257600000,118350.36,118551.99,118234.56,118551.99,52.40335355,2025-07-23 08:00:00
1753258500000,118551.99,118552.01,118319.62,118365.74,38.31514602,2025-07-23 08:15:00
1753259400000,118365.74,118392.36,118250.0,118307.82,33.14482311,2025-07-23 08:30:00
1753260300000,118307.82,118439.99,118254.9,118423.2,33.75872754,2025-07-23 08:45:00
1753261200000,118423.2,118457.87,118209.0,118251.8,19.51916982,2025-07-23 09:00:00
1753262100000,118251.8,118251.81,118000.0,118000.01,27.0184251,2025-07-23 09:15:00
1753263000000,118000.01,118179.69,117910.66,118083.52,35.97485201,2025-07-23 09:30:00
1753263900000,118083.52,118174.23,118040.0,118040.01,12.70181098,2025-07-23 09:45:00
1753264800000,118040.01,118122.36,117844.24,117844.24,30.16621452,2025-07-23 10:00:00
1753265700000,117844.24,118290.81,117844.24,118265.81,24.86224485,2025-07-23 10:15:00
1753266600000,118265.81,118319.36,118184.64,118280.0,13.15959592,2025-07-23 10:30:00
1753267500000,118280.0,118379.74,118280.0,118372.12,12.43622663,2025-07-23 10:45:00
1753268400000,118372.12,118439.02,118161.35,118161.35,19.32336576,2025-07-23 11:00:00
1753269300000,118161.35,118619.81,118161.35,118597.12,19.24084664,2025-07-23 11:15:00
1753270200000,118597.12,118603.31,118526.01,118562.81,19.97995751,2025-07-23 11:30:00
1753271100000,118562.81,118580.0,118488.13,118538.47,15.19349717,2025-07-23 11:45:00
1753272000000,118538.47,118655.0,118421.87,118654.99,32.21148255,2025-07-23 12:00:00
1753272900000,118654.99,118655.01,118451.1,118553.63,19.54849867,2025-07-23 12:15:00
1753273800000,118553.63,118619.98,118189.58,118249.32,32.88212198,2025-07-23 12:30:00
1753274700000,118249.32,118368.0,117800.0,117980.69,38.20530702,2025-07-23 12:45:00
1753275600000,117980.69,118199.89,117870.35,118118.9,49.40489905,2025-07-23 13:00:00
1753276500000,118118.9,118118.91,117837.33,118080.01,27.26109728,2025-07-23 13:15:00
1753277400000,118080.01,118080.01,117610.0,117610.01,29.85043059,2025-07-23 13:30:00
1753278300000,117610.01,117706.16,117330.0,117399.99,70.69529002,2025-07-23 13:45:00
1753279200000,117399.99,117920.54,117300.98,117684.36,45.94860205,2025-07-23 14:00:00
1753280100000,117684.36,118084.1,117684.36,118007.84,35.0961887,2025-07-23 14:15:00
1753281000000,118007.84,118039.29,117824.36,117912.48,42.93844995,2025-07-23 14:30:00
1753281900000,117912.48,118200.0,117822.0,118200.0,30.03319697,2025-07-23 14:45:00
1753282800000,118200.0,118266.0,117840.0,117840.0,29.05010902,2025-07-23 15:00:00
1753283700000,117840.0,118115.14,117823.21,118074.78,26.20833457,2025-07-23 15:15:00
1753284600000,118074.78,118273.56,118045.67,118273.55,25.32022818,2025-07-23 15:30:00
1753285500000,118273.55,118700.0,118120.26,118567.4,40.43997919,2025-07-23 15:45:00
1753286400000,118567.4,118567.4,117910.64,117910.64,40.6825074,2025-07-23 16:00:00
1753287300000,117910.64,118047.67,117652.29,117877.31,27.36677099,2025-07-23 16:15:00
1753288200000,117877.31,117877.31,117559.66,117771.11,39.00741904,2025-07-23 16:30:00
1753289100000,117771.11,117913.78,117595.6,117712.53,23.84162512,2025-07-23 16:45:00
1753290000000,117712.53,117910.36,117470.1,117571.86,29.99256051,2025-07-23 17:00:00
1753290900000,117571.86,117851.21,117331.63,117647.22,34.41891508,2025-07-23 17:15:00
1753291800000,117647.22,117921.37,117426.73,117859.4,31.16927983,2025-07-23 17:30:00
1753292700000,117859.4,118136.45,117682.6,118124.81,20.95641618,2025-07-23 17:45:00
1753293600000,118124.81,118261.1,117998.9,118111.57,22.78374932,2025-07-23 18:00:00
1753294500000,118111.57,118297.06,118025.71,118191.13,18.57094216,2025-07-23 18:15:00
1753295400000,118191.13,118332.47,118120.22,118200.62,20.39360306,2025-07-23 18:30:00
1753296300000,118200.62,118387.85,118200.61,118379.44,22.77177659,2025-07-23 18:45:00
1753297200000,118379.44,118448.34,118319.35,118354.46,18.83793636,2025-07-23 19:00:00
1753298100000,118354.46,118459.45,118229.94,118369.1,17.1235095,2025-07-23 19:15:00
1753299000000,118369.1,118383.02,118223.87,118274.92,21.83384948,2025-07-23 19:30:00
1753299900000,118274.92,118466.68,118274.92,118393.64,10.82454833,2025-07-23 19:45:00
1753300800000,118393.64,118498.75,118291.78,118480.75,17.53213567,2025-07-23 20:00:00
1753301700000,118480.75,118480.75,117987.01,118041.55,20.070946,2025-07-23 20:15:00
1753302600000,118041.55,118082.24,117559.91,117883.39,30.2925817,2025-07-23 20:30:00
1753303500000,117883.39,118054.91,117786.23,117887.58,18.97631113,2025-07-23 20:45:00
1753304400000,117887.58,118109.79,117887.58,118042.3,24.49133826,2025-07-23 21:00:00
1753305300000,118042.3,118057.99,117405.53,117559.99,27.86742161,2025-07-23 21:15:00
1753306200000,117559.99,117968.03,117388.0,117846.22,33.72757527,2025-07-23 21:30:00
1753307100000,117846.22,118181.75,117846.22,118181.75,18.45328589,2025-07-23 21:45:00
1753308000000,118181.75,118314.01,117937.47,118289.02,13.6569873,2025-07-23 22:00:00
1753308900000,118289.02,118612.34,118217.37,118611.04,26.79512502,2025-07-23 22:15:00
1753309800000,118611.04,118630.39,118512.5,118577.89,35.74483171,2025-07-23 22:30:00
1753310700000,118577.89,118622.91,118497.77,118568.98,27.07213919,2025-07-23 22:45:00
1753311600000,118568.98,118725.57,118568.98,118716.2,24.1626511,2025-07-23 23:00:00
1753312500000,118716.2,118716.2,118508.09,118640.57,27.10697779,2025-07-23 23:15:00
1753313400000,118640.57,118652.76,118421.86,118571.68,22.87807761,2025-07-23 23:30:00
1753314300000,118571.68,118756.0,118478.42,118755.99,24.25444207,2025-07-23 23:45:00
1753315200000,118755.99,118802.32,118571.17,118747.99,23.10470378,2025-07-24 00:00:00
1753316100000,118747.99,119034.74,118680.0,119015.21,27.4110993,2025-07-24 00:15:00
1753317000000,119015.21,119138.57,118890.2,119051.83,33.87643721,2025-07-24 00:30:00
1753317900000,119051.83,119097.46,118920.0,119060.0,19.19003614,2025-07-24 00:45:00
1753318800000,119060.0,119070.2,118836.56,118863.29,13.99565797,2025-07-24 01:00:00
1753319700000,118863.29,119025.58,118863.29,118961.03,12.19489069,2025-07-24 01:15:00
1753320600000,118961.03,119035.19,118787.32,118991.29,16.15397296,2025-07-24 01:30:00
1753321500000,118991.29,119100.0,118957.21,119094.4,15.70861808,2025-07-24 01:45:00
1753322400000,119094.4,119094.4,118898.3,118944.87,10.8143355,2025-07-24 02:00:00
1753323300000,118944.87,118944.87,118808.44,118847.93,19.29488666,2025-07-24 02:15:00
1753324200000,118847.93,119040.7,118847.93,119040.69,17.16267693,2025-07-24 02:30:00
1753325100000,119040.69,119071.84,118907.79,118960.6,14.96565681,2025-07-24 02:45:00
1753326000000,118960.6,119019.33,118894.49,118995.06,10.02947475,2025-07-24 03:00:00
1753326900000,118995.06,119250.0,118995.05,119249.99,30.0936327,2025-07-24 03:15:00
1753327800000,119249.99,119273.36,118933.09,118933.1,30.41489691,2025-07-24 03:30:00
1753328700000,118933.1,118933.1,118466.71,118488.93,38.16942674,2025-07-24 03:45:00
1753329600000,118488.93,118588.15,118184.88,118574.99,36.90870204,2025-07-24 04:00:00
1753330500000,118574.99,118575.0,118251.29,118279.99,15.59240864,2025-07-24 04:15:00
1753331400000,118279.99,118319.91,117873.82,117873.83,26.26983404,2025-07-24 04:30:00
1753332300000,117873.83,118050.24,117830.02,117941.85,35.87202248,2025-07-24 04:45:00
1753333200000,117941.85,117953.72,117620.0,117621.8,93.25259286,2025-07-24 05:00:00
1753334100000,117621.8,117800.0,117500.0,117589.56,92.86005753,2025-07-24 05:15:00
1753335000000,117589.56,117899.34,117553.15,117894.83,59.89543865,2025-07-24 05:30:00
1753335900000,117894.83,117894.84,117500.0,117604.54,60.13626397,2025-07-24 05:45:00
1753336800000,117604.54,117799.97,117582.06,117740.01,80.06766622,2025-07-24 06:00:00
1753337700000,117740.01,117851.21,117500.0,117803.05,59.98071091,2025-07-24 06:15:00
1753338600000,117803.05,117855.0,117449.99,117450.01,67.08395269,2025-07-24 06:30:00
1753339500000,117450.01,117603.64,117380.04,117466.8,111.15758431,2025-07-24 06:45:00
1753340400000,117466.8,118008.92,117104.82,118008.92,124.48058114,2025-07-24 07:00:00
1753341300000,118008.92,118150.0,117892.75,118134.83,73.48133909,2025-07-24 07:15:00
1753342200000,118134.83,118259.99,117918.07,118246.1,44.11790686,2025-07-24 07:30:00
1753343100000,118246.1,118473.62,118120.18,118416.22,89.89123683,2025-07-24 07:45:00
1753344000000,118416.22,118800.0,118224.76,118736.46,86.45207044,2025-07-24 08:00:00
1753344900000,118736.46,118736.46,118523.83,118646.36,91.15834297,2025-07-24 08:15:00
1753345800000,118646.36,118782.35,118565.56,118633.73,84.23856875,2025-07-24 08:30:00
1753346700000,118633.73,118811.09,118633.64,118764.17,56.76810666,2025-07-24 08:45:00
1753347600000,118764.17,118814.49,118626.35,118653.43,47.69742885,2025-07-24 09:00:00
1753348500000,118653.43,118708.27,118500.32,118609.23,44.3343375,2025-07-24 09:15:00
1753349400000,118609.23,118659.3,118421.85,118566.77,41.97886668,2025-07-24 09:30:00
1753350300000,118566.77,118572.92,118301.23,118507.07,37.75368257,2025-07-24 09:45:00
1753351200000,118507.07,118648.53,118304.57,118350.79,39.48688463,2025-07-24 10:00:00
1753352100000,118350.79,118385.66,118115.13,118125.09,46.31032153,2025-07-24 10:15:00
1753353000000,118125.09,118133.55,117955.59,118116.02,39.75278155,2025-07-24 10:30:00
1753353900000,118116.02,118407.06,118080.03,118373.99,42.16006135,2025-07-24 10:45:00
1753354800000,118373.99,118695.07,118309.86,118680.63,52.46499266,2025-07-24 11:00:00
1753355700000,118680.63,118739.14,118597.11,118627.04,50.09470309,2025-07-24 11:15:00
1753356600000,118627.04,118652.2,118576.29,118639.99,34.60270861,2025-07-24 11:30:00
1753357500000,118639.99,118728.61,118600.0,118600.0,39.50196172,2025-07-24 11:45:00
1753358400000,118600.0,118728.33,118500.0,118572.58,44.3344466,2025-07-24 12:00:00
1753359300000,118572.58,118579.96,118328.15,118572.29,43.7561846,2025-07-24 12:15:00
1753360200000,118572.29,118588.0,118326.43,118338.01,34.21441562,2025-07-24 12:30:00
1753361100000,118338.01,118600.0,118281.12,118531.42,136.88694433,2025-07-24 12:45:00
1753362000000,118531.42,118680.0,118470.84,118629.46,86.15543633,2025-07-24 13:00:00
1753362900000,118629.46,118727.53,118629.45,118686.0,44.22195468,2025-07-24 13:15:00
1753363800000,118686.0,118708.26,118428.14,118614.94,22.93059529,2025-07-24 13:30:00
1753364700000,118614.94,118700.0,118220.0,118227.49,27.62956565,2025-07-24 13:45:00
1753365600000,118227.49,118480.0,117832.32,117993.99,43.12566731,2025-07-24 14:00:00
1753366500000,117993.99,118263.33,117910.64,118151.02,28.10654776,2025-07-24 14:15:00
1753367400000,118151.02,118700.0,118151.01,118616.77,58.71845444,2025-07-24 14:30:00
1753368300000,118616.77,119108.6,118613.64,119057.12,46.80080388,2025-07-24 14:45:00
1753369200000,119057.12,119450.0,119045.41,119265.54,83.76520265,2025-07-24 15:00:00
1753370100000,119265.54,119265.55,118880.0,119000.0,52.62645901,2025-07-24 15:15:00
1753371000000,119000.0,119021.68,118614.84,118839.87,29.89422314,2025-07-24 15:30:00
1753371900000,118839.87,119100.0,118832.0,119092.66,17.62757563,2025-07-24 15:45:00
1753372800000,119092.66,119190.41,118831.0,118898.09,24.5030922,2025-07-24 16:00:00
1753373700000,118898.09,118974.54,118671.04,118684.52,29.84174066,2025-07-24 16:15:00
1753374600000,118684.52,118808.56,118350.0,118380.0,34.9651057,2025-07-24 16:30:00
1753375500000,118380.0,118626.36,118350.0,118529.96,25.20601795,2025-07-24 16:45:00
1753376400000,118529.96,118970.0,118481.7,118886.09,16.23700324,2025-07-24 17:00:00
1753377300000,118886.09,119145.92,118781.76,119005.6,17.5613833,2025-07-24 17:15:00
1753378200000,119005.6,119225.21,119005.6,119193.81,17.15636875,2025-07-24 17:30:00
1753379100000,119193.81,119307.43,119095.44,119122.94,17.42022664,2025-07-24 17:45:00
1753380000000,119122.94,119395.82,118995.5,119304.48,20.98285294,2025-07-24 18:00:00
1753380900000,119304.48,119348.77,119166.64,119292.66,12.77944388,2025-07-24 18:15:00
1753381800000,119292.66,119327.99,118960.27,119012.77,24.01626584,2025-07-24 18:30:00
1753382700000,119012.77,119115.0,118966.1,119044.28,8.8520037,2025-07-24 18:45:00
1753383600000,119044.28,119343.82,119036.07,119339.13,24.24522791,2025-07-24 19:00:00
1753384500000,119339.13,119339.13,119062.79,119161.07,21.36101463,2025-07-24 19:15:00
1753385400000,119161.07,119169.8,118933.09,118987.46,18.82097675,2025-07-24 19:30:00
1753386300000,118987.46,119140.67,118900.02,118943.41,20.53491504,2025-07-24 19:45:00
1753387200000,118943.41,119003.41,118817.89,118864.07,16.08766444,2025-07-24 20:00:00
1753388100000,118864.07,118923.99,118800.0,118908.55,12.0078514,2025-07-24 20:15:00
1753389000000,118908.55,118908.55,118752.22,118787.91,12.59083094,2025-07-24 20:30:00
1753389900000,118787.91,118845.53,118722.02,118722.02,9.4518702,2025-07-24 20:45:00
1753390800000,118722.02,118790.44,118589.92,118589.92,11.38057436,2025-07-24 21:00:00
1753391700000,118589.92,118670.22,118546.6,118550.0,10.81525646,2025-07-24 21:15:00
1753392600000,118550.0,118624.74,118487.2,118605.94,11.79511452,2025-07-24 21:30:00
1753393500000,118605.94,118626.09,118527.51,118527.52,8.81359979,2025-07-24 21:45:00
1753394400000,118527.52,118626.09,118441.44,118441.45,14.33133433,2025-07-24 22:00:00
1753395300000,118441.45,118580.0,118373.37,118457.78,17.42618322,2025-07-24 22:15:00
1753396200000,118457.78,118457.78,118363.8,118411.3,12.17450129,2025-07-24 22:30:00
1753397100000,118411.3,118411.3,118186.57,118280.0,17.77639629,2025-07-24 22:45:00
1753398000000,118280.0,118450.24,118186.0,118336.27,28.10606121,2025-07-24 23:00:00
1753398900000,118336.27,118449.19,118183.44,118230.11,17.93761484,2025-07-24 23:15:00
1753399800000,118230.11,118405.95,118166.94,118313.45,24.87194271,2025-07-24 23:30:00
1753400700000,118313.45,118378.0,118221.83,118319.99,11.58567238,2025-07-24 23:45:00
1753401600000,118319.99,118451.57,118043.44,118162.41,28.73522117,2025-07-25 00:00:00
1753402500000,118162.41,118179.02,117960.05,117964.72,28.8499149,2025-07-25 00:15:00
1753403400000,117964.72,117999.96,117659.0,117794.23,41.01929228,2025-07-25 00:30:00
1753404300000,117794.23,117842.6,117652.85,117664.55,44.80670273,2025-07-25 00:45:00
1753405200000,117664.55,117797.64,117557.87,117557.88,66.07980026,2025-07-25 01:00:00
1753406100000,117557.88,117557.88,117327.29,117428.37,141.96710394,2025-07-25 01:15:00
1753407000000,117428.37,117703.25,117350.0,117428.92,63.36575118,2025-07-25 01:30:00
1753407900000,117428.92,117500.72,117231.0,117359.26,103.24367997,2025-07-25 01:45:00
1753408800000,117359.26,117396.7,117099.99,117200.01,149.18596896,2025-07-25 02:00:00
1753409700000,117200.01,117219.25,117096.56,117099.99,46.22469646,2025-07-25 02:15:00
1753410600000,117099.99,117136.05,116604.99,116638.54,118.6460319,2025-07-25 02:30:00
1753411500000,116638.54,116776.0,116358.0,116358.0,101.45501378,2025-07-25 02:45:00
1753412400000,116358.0,116428.56,115869.69,116239.99,112.6899444,2025-07-25 03:00:00
1753413300000,116239.99,116300.01,115850.0,116024.04,208.82510045,2025-07-25 03:15:00
1753414200000,116024.04,116024.05,115349.58,115400.0,156.466112,2025-07-25 03:30:00
1753415100000,115400.0,115696.74,115330.87,115419.65,104.32048439,2025-07-25 03:45:00
1753416000000,115419.65,115579.99,115155.31,115239.99,87.23957789,2025-07-25 04:00:00
1753416900000,115239.99,115384.0,115115.0,115335.19,63.59404597,2025-07-25 04:15:00
1753417800000,115335.19,115955.18,115335.19,115710.46,82.57665746,2025-07-25 04:30:00
1753418700000,115710.46,116144.62,115710.46,116102.71,74.89902453,2025-07-25 04:45:00
1753419600000,116102.71,116102.72,115296.37,115350.0,89.57941712,2025-07-25 05:00:00
1753420500000,115350.0,115800.95,115308.48,115621.57,35.64343659,2025-07-25 05:15:00
1753421400000,115621.57,115659.87,115463.67,115629.32,144.86719468,2025-07-25 05:30:00
1753422300000,115629.32,115638.33,115396.76,115500.0,116.21286256,2025-07-25 05:45:00
1753423200000,115500.0,115511.54,115269.97,115393.44,78.72684676,2025-07-25 06:00:00
1753424100000,115393.44,115464.1,115235.97,115287.87,110.74394782,2025-07-25 06:15:00
1753425000000,115287.87,115464.09,115200.0,115379.71,119.59067087,2025-07-25 06:30:00
1753425900000,115379.71,115435.79,115270.63,115299.65,126.59230679,2025-07-25 06:45:00
1753426800000,115299.65,115568.73,115015.9,115509.51,89.42734505,2025-07-25 07:00:00
1753427700000,115509.51,115946.25,115454.98,115564.08,73.67186581,2025-07-25 07:15:00
1753428600000,115564.08,115611.3,115159.4,115181.06,91.84631249,2025-07-25 07:30:00
1753429500000,115181.06,115392.18,114723.16,115320.0,118.69059468,2025-07-25 07:45:00
1753430400000,115320.0,115665.0,115263.81,115665.0,91.41542346,2025-07-25 08:00:00
1753431300000,115665.0,115980.82,115509.63,115722.2,126.81056709,2025-07-25 08:15:00
1753432200000,115722.2,115747.91,115095.68,115106.59,165.90961142,2025-07-25 08:30:00
1753433100000,115106.59,115563.0,115014.85,115202.54,218.89190612,2025-07-25 08:45:00
1753434000000,115202.54,115332.0,115022.61,115332.0,111.75717363,2025-07-25 09:00:00
1753434900000,115332.0,115800.0,115164.54,115793.59,49.53576519,2025-07-25 09:15:00
1753435800000,115793.59,115883.89,115577.37,115577.38,45.71286413,2025-07-25 09:30:00
1753436700000,115577.38,116033.46,115474.56,116024.75,43.10949231,2025-07-25 09:45:00
1753437600000,116024.75,116333.32,115990.09,116219.99,48.65754855,2025-07-25 10:00:00
1753438500000,116219.99,116298.76,116079.99,116112.12,30.56387643,2025-07-25 10:15:00
1753439400000,116112.12,116400.0,116112.12,116397.99,42.13014295,2025-07-25 10:30:00
1753440300000,116397.99,116487.5,116257.8,116308.48,42.84097928,2025-07-25 10:45:00
1753441200000,116308.48,116630.45,116308.47,116480.8,45.62570189,2025-07-25 11:00:00
1753442100000,116480.8,116765.83,116480.8,116700.72,32.79744685,2025-07-25 11:15:00
1753443000000,116700.72,116782.14,116481.53,116527.13,45.04333242,2025-07-25 11:30:00
1753443900000,116527.13,116654.71,116481.0,116543.58,40.35587664,2025-07-25 11:45:00
1753444800000,116543.58,116657.0,116327.51,116519.54,36.14466973,2025-07-25 12:00:00
1753445700000,116519.54,116600.01,116223.18,116259.38,44.57102731,2025-07-25 12:15:00
1753446600000,116259.38,116435.24,115963.97,116419.76,71.8263569,2025-07-25 12:30:00
1753447500000,116419.76,116472.27,116008.0,116105.95,37.3278918,2025-07-25 12:45:00
1753448400000,116105.95,116149.25,115933.0,116089.89,36.09745178,2025-07-25 13:00:00
1753449300000,116089.89,116120.35,115993.41,116103.79,35.20072909,2025-07-25 13:15:00
1753450200000,116103.79,116600.0,115564.75,115672.74,103.25509849,2025-07-25 13:30:00
1753451100000,115672.74,116234.34,115665.61,116216.29,69.52808102,2025-07-25 13:45:00
1753452000000,116216.29,116286.86,115585.09,115600.0,46.29110258,2025-07-25 14:00:00
1753452900000,115600.0,115732.47,115336.73,115576.99,52.94498299,2025-07-25 14:15:00
1753453800000,115576.99,115659.57,115100.0,115100.13,129.01632442,2025-07-25 14:30:00
1753454700000,115100.13,115310.45,114922.0,114959.99,183.95508686,2025-07-25 14:45:00
1753455600000,114959.99,115421.77,114916.48,115341.48,225.22189217,2025-07-25 15:00:00
1753456500000,115341.48,115664.99,115222.28,115503.23,127.70227632,2025-07-25 15:15:00
1753457400000,115503.23,115612.0,115229.87,115325.97,93.28931678,2025-07-25 15:30:00
1753458300000,115325.97,115846.38,115325.97,115727.06,84.84135766,2025-07-25 15:45:00
1753459200000,115727.06,115925.46,115659.28,115858.17,103.41713455,2025-07-25 16:00:00
1753460100000,115858.17,115922.7,115455.45,115783.07,86.0808782,2025-07-25 16:15:00
1753461000000,115783.07,115938.83,115563.6,115913.74,63.69207444,2025-07-25 16:30:00
1753461900000,115913.74,116202.35,115880.59,116190.72,139.76190861,2025-07-25 16:45:00
1753462800000,116190.72,116345.75,116146.32,116281.67,106.30719346,2025-07-25 17:00:00
1753463700000,116281.67,116304.0,115950.07,116111.19,55.90904607,2025-07-25 17:15:00
1753464600000,116111.19,116234.34,115871.8,116219.98,62.2338138,2025-07-25 17:30:00
1753465500000,116219.98,116226.86,116049.13,116049.13,43.33189098,2025-07-25 17:45:00
1753466400000,116049.13,116423.59,116042.42,116403.34,68.80071921,2025-07-25 18:00:00
1753467300000,116403.34,116476.06,116308.06,116399.98,68.57130107,2025-07-25 18:15:00
1753468200000,116399.98,116498.35,116334.8,116498.35,85.93999789,2025-07-25 18:30:00
1753469100000,116498.35,116568.73,116429.39,116491.53,73.21164307,2025-07-25 18:45:00
1753470000000,116491.53,116655.99,116405.7,116655.99,83.85464212,2025-07-25 19:00:00
1753470900000,116655.99,116774.19,116573.23,116621.7,87.96548539,2025-07-25 19:15:00
1753471800000,116621.7,116993.71,116621.69,116980.18,102.51107447,2025-07-25 19:30:00
1753472700000,116980.18,116997.21,116618.82,116688.6,79.12927276,2025-07-25 19:45:00
1753473600000,116688.6,116837.03,116578.01,116604.05,52.48716635,2025-07-25 20:00:00
1753474500000,116604.05,116769.52,116604.05,116737.25,29.57862885,2025-07-25 20:15:00
1753475400000,116737.25,117237.02,116732.3,117227.34,148.83425287,2025-07-25 20:30:00
1753476300000,117227.34,117305.37,116993.65,117040.01,98.57544999,2025-07-25 20:45:00
1753477200000,117040.01,117297.0,117039.99,117286.74,46.94492439,2025-07-25 21:00:00
1753478100000,117286.74,117377.59,117200.0,117261.26,61.34979031,2025-07-25 21:15:00
1753479000000,117261.26,117261.27,116956.0,117049.14,46.95676661,2025-07-25 21:30:00
1753479900000,117049.14,117238.82,117049.14,117214.23,44.31013096,2025-07-25 21:45:00
1753480800000,117214.23,117263.04,117169.83,117190.0,36.88707929,2025-07-25 22:00:00
1753481700000,117190.0,117238.83,117105.52,117238.83,38.31291424,2025-07-25 22:15:00
1753482600000,117238.83,117343.89,117210.49,117340.14,37.44286332,2025-07-25 22:30:00
1753483500000,117340.14,117340.15,117203.81,117279.97,36.55696265,2025-07-25 22:45:00
1753484400000,117279.97,117328.92,117186.82,117224.54,40.75149687,2025-07-25 23:00:00
1753485300000,117224.54,117357.01,117224.54,117311.99,31.73556195,2025-07-25 23:15:00
1753486200000,117311.99,117598.26,117311.99,117532.41,60.37745401,2025-07-25 23:30:00
1753487100000,117532.41,117630.0,117522.4,117614.3,47.74820385,2025-07-25 23:45:00
1753488000000,117614.3,117614.32,117330.24,117400.16,58.09066992,2025-07-26 00:00:00
1753488900000,117400.16,117549.99,117394.92,117547.07,49.49466447,2025-07-26 00:15:00
1753489800000,117547.07,117611.12,117459.84,117476.59,18.53647928,2025-07-26 00:30:00
1753490700000,117476.59,117496.0,117339.26,117495.99,18.65557524,2025-07-26 00:45:00
1753491600000,117495.99,117550.55,117440.0,117550.55,15.02136453,2025-07-26 01:00:00
1753492500000,117550.55,117550.9,117393.83,117397.38,16.27764158,2025-07-26 01:15:00
1753493400000,117397.38,117438.24,117243.23,117243.24,22.6316585,2025-07-26 01:30:00
1753494300000,117243.24,117332.83,117138.38,117153.73,20.36472889,2025-07-26 01:45:00
1753495200000,117153.73,117313.91,117153.73,117313.91,16.86436642,2025-07-26 02:00:00
1753496100000,117313.91,117578.57,117313.9,117578.57,33.07625798,2025-07-26 02:15:00
1753497000000,117578.57,117750.0,117468.86,117474.05,29.60194764,2025-07-26 02:30:00
1753497900000,117474.05,117603.09,117474.04,117479.53,22.73811443,2025-07-26 02:45:00
1753498800000,117479.53,117603.0,117468.95,117575.12,15.46418723,2025-07-26 03:00:00
1753499700000,117575.12,117597.64,117462.63,117462.64,11.54686949,2025-07-26 03:15:00
1753500600000,117462.64,117574.32,117462.64,117506.44,11.67377989,2025-07-26 03:30:00
1753501500000,117506.44,117579.92,117489.61,117489.61,9.28729078,2025-07-26 03:45:00
1753502400000,117489.61,117547.92,117428.96,117543.49,21.14183706,2025-07-26 04:00:00
1753503300000,117543.49,117547.93,117470.34,117495.35,7.73550087,2025-07-26 04:15:00
1753504200000,117495.35,117525.36,117476.91,117479.51,6.29157207,2025-07-26 04:30:00
1753505100000,117479.51,117496.81,117396.94,117496.8,11.99640009,2025-07-26 04:45:00
1753506000000,117496.8,117499.0,117419.83,117424.78,9.99487881,2025-07-26 05:00:00
1753506900000,117424.78,117540.18,117424.78,117540.17,17.43207198,2025-07-26 05:15:00
1753507800000,117540.17,117541.19,117489.64,117489.64,16.48200331,2025-07-26 05:30:00
1753508700000,117489.64,117489.65,117439.71,117444.98,9.69585929,2025-07-26 05:45:00
1753509600000,117444.98,117458.0,117362.69,117362.69,14.73327768,2025-07-26 06:00:00
1753510500000,117362.69,117362.7,117320.0,117346.49,14.18177502,2025-07-26 06:15:00
1753511400000,117346.49,117435.9,117346.48,117412.26,20.83138987,2025-07-26 06:30:00
1753512300000,117412.26,117412.26,117350.61,117350.71,14.67992094,2025-07-26 06:45:00
1753513200000,117350.71,117350.72,117329.55,117329.56,17.35218372,2025-07-26 07:00:00
1753514100000,117329.56,117376.48,117328.68,117365.54,14.14839297,2025-07-26 07:15:00
1753515000000,117365.54,117365.54,117304.92,117348.15,59.38390645,2025-07-26 07:30:00
1753515900000,117348.15,117365.55,117304.45,117304.46,70.83304248,2025-07-26 07:45:00
1753516800000,117304.46,117328.46,117304.46,117328.44,14.08954589,2025-07-26 08:00:00
1753517700000,117328.44,117492.48,117328.44,117492.48,17.7973864,2025-07-26 08:15:00
1753518600000,117492.48,117511.43,117467.53,117488.04,21.2547414,2025-07-26 08:30:00
1753519500000,117488.04,117615.12,117488.04,117557.13,22.93296527,2025-07-26 08:45:00
1753520400000,117557.13,117617.65,117513.81,117547.2,14.90559623,2025-07-26 09:00:00
1753521300000,117547.2,117561.24,117478.49,117478.5,13.50948354,2025-07-26 09:15:00
1753522200000,117478.5,117514.04,117458.0,117514.03,21.4374232,2025-07-26 09:30:00
1753523100000,117514.03,117570.65,117514.03,117570.6,10.77927188,2025-07-26 09:45:00
1753524000000,117570.6,117621.96,117545.09,117621.77,22.42458074,2025-07-26 10:00:00
1753524900000,117621.77,117774.99,117621.77,117769.99,18.44802364,2025-07-26 10:15:00
1753525800000,117769.99,118215.43,117769.98,118197.49,74.46008966,2025-07-26 10:30:00
1753526700000,118197.49,118197.51,117941.95,117971.93,29.21497336,2025-07-26 10:45:00
1753527600000,117971.93,118057.5,117962.6,118037.1,24.41026929,2025-07-26 11:00:00
1753528500000,118037.1,118072.48,117873.38,117929.18,22.47976294,2025-07-26 11:15:00
1753529400000,117929.18,117994.78,117809.09,117809.1,28.2602181,2025-07-26 11:30:00
1753530300000,117809.1,117864.97,117776.09,117776.1,13.43970855,2025-07-26 11:45:00
1753531200000,117776.1,117820.0,117772.12,117809.16,16.39709106,2025-07-26 12:00:00
1753532100000,117809.16,117990.0,117809.15,117949.99,11.15886717,2025-07-26 12:15:00
1753533000000,117949.99,117966.17,117903.07,117950.0,11.0228546,2025-07-26 12:30:00
1753533900000,117950.0,117962.77,117914.16,117914.17,11.48610056,2025-07-26 12:45:00
1753534800000,117914.17,118138.56,117855.14,118117.24,26.15771811,2025-07-26 13:00:00
1753535700000,118117.24,118201.44,118078.18,118078.19,22.16383594,2025-07-26 13:15:00
1753536600000,118078.19,118220.0,118078.18,118205.99,15.98853539,2025-07-26 13:30:00
1753537500000,118205.99,118214.45,118125.14,118125.23,13.8021476,2025-07-26 13:45:00
1753538400000,118125.23,118210.85,118108.79,118139.86,14.22142313,2025-07-26 14:00:00
1753539300000,118139.86,118187.49,118000.0,118004.18,19.4998228,2025-07-26 14:15:00
1753540200000,118004.18,118128.0,117955.99,118083.99,24.39764363,2025-07-26 14:30:00
1753541100000,118083.99,118151.14,118044.55,118064.99,17.78552111,2025-07-26 14:45:00
1753542000000,118064.99,118124.72,117919.27,117919.28,23.4883961,2025-07-26 15:00:00
1753542900000,117919.28,117946.11,117819.43,117875.88,51.00906457,2025-07-26 15:15:00
1753543800000,117875.88,117941.97,117862.18,117927.44,12.39039993,2025-07-26 15:30:00
1753544700000,117927.44,118142.87,117927.44,118130.1,23.56589077,2025-07-26 15:45:00
1753545600000,118130.1,118188.97,118010.99,118071.36,20.028842,2025-07-26 16:00:00
1753546500000,118071.36,118169.97,118071.36,118168.97,14.87279504,2025-07-26 16:15:00
1753547400000,118168.97,118180.0,118050.68,118062.92,33.88892009,2025-07-26 16:30:00
1753548300000,118062.92,118088.58,118014.7,118081.18,10.43699652,2025-07-26 16:45:00
1753549200000,118081.18,118090.0,118021.13,118029.5,13.53354191,2025-07-26 17:00:00
1753550100000,118029.5,118074.63,118029.49,118052.92,4.39009081,2025-07-26 17:15:00
1753551000000,118052.92,118060.0,117989.99,117989.99,13.67858302,2025-07-26 17:30:00
1753551900000,117989.99,118039.99,117989.99,118039.98,9.49331107,2025-07-26 17:45:00
1753552800000,118039.98,118070.8,118039.97,118066.32,6.17889744,2025-07-26 18:00:00
1753553700000,118066.32,118066.33,117941.78,118046.35,11.62033022,2025-07-26 18:15:00
1753554600000,118046.35,118064.75,118010.09,118026.79,17.21662031,2025-07-26 18:30:00
1753555500000,118026.79,118099.99,118026.79,118095.16,11.17315903,2025-07-26 18:45:00
1753556400000,118095.16,118095.16,118039.99,118067.28,6.61519,2025-07-26 19:00:00
1753557300000,118067.28,118088.86,118051.69,118088.85,10.19359957,2025-07-26 19:15:00
1753558200000,118088.85,118156.01,118087.31,118155.99,32.49292108,2025-07-26 19:30:00
1753559100000,118155.99,118297.33,118155.99,118232.12,24.09149257,2025-07-26 19:45:00
1753560000000,118232.12,118232.12,118108.79,118108.79,12.7397677,2025-07-26 20:00:00
1753560900000,118108.79,118108.8,117938.79,117940.75,10.8987023,2025-07-26 20:15:00
1753561800000,117940.75,118000.21,117883.86,117988.31,11.08817243,2025-07-26 20:30:00
1753562700000,117988.31,118042.43,117914.0,117956.32,12.32982856,2025-07-26 20:45:00
1753563600000,117956.32,117992.31,117888.2,117891.77,10.37420513,2025-07-26 21:00:00
1753564500000,117891.77,117951.19,117891.75,117951.06,4.20343481,2025-07-26 21:15:00
1753565400000,117951.06,117994.99,117892.79,117952.32,15.77804922,2025-07-26 21:30:00
1753566300000,117952.32,118067.94,117952.32,118028.56,12.09363027,2025-07-26 21:45:00
1753567200000,118028.56,118138.56,117989.54,118092.92,11.30191324,2025-07-26 22:00:00
1753568100000,118092.92,118266.33,118060.59,118060.67,28.5941557,2025-07-26 22:15:00
1753569000000,118060.67,118113.0,117978.0,118085.24,13.88318136,2025-07-26 22:30:00
1753569900000,118085.24,118110.0,118007.01,118007.02,6.92251977,2025-07-26 22:45:00
1753570800000,118007.02,118048.19,117960.03,117984.02,10.19079885,2025-07-26 23:00:00
1753571700000,117984.02,118025.09,117909.0,117925.45,9.91980175,2025-07-26 23:15:00
1753572600000,117925.45,117961.95,117891.75,117912.06,11.99209546,2025-07-26 23:30:00
1753573500000,117912.06,117919.99,117890.0,117919.99,6.96414722,2025-07-26 23:45:00
1753574400000,117919.99,117952.12,117829.73,117890.51,9.73469599,2025-07-27 00:00:00
1753575300000,117890.51,117961.89,117843.98,117844.55,8.21268501,2025-07-27 00:15:00
1753576200000,117844.55,117914.73,117825.5,117863.99,10.22673178,2025-07-27 00:30:00
1753577100000,117863.99,117952.0,117839.99,117951.99,10.17252718,2025-07-27 00:45:00
1753578000000,117951.99,118142.87,117920.0,118095.51,19.62947028,2025-07-27 01:00:00
1753578900000,118095.51,118150.0,118086.88,118134.75,17.43822911,2025-07-27 01:15:00
1753579800000,118134.75,118190.0,118134.75,118150.0,18.26859152,2025-07-27 01:30:00
1753580700000,118150.0,118150.01,118072.0,118102.0,21.24856209,2025-07-27 01:45:00
1753581600000,118102.0,118197.99,118021.85,118190.0,14.24666342,2025-07-27 02:00:00
1753582500000,118190.0,118260.0,118142.78,118150.37,32.1416131,2025-07-27 02:15:00
1753583400000,118150.37,118214.14,118150.37,118200.01,15.19499759,2025-07-27 02:30:00
1753584300000,118200.01,118351.18,118113.0,118309.98,41.22931622,2025-07-27 02:45:00
1753585200000,118309.98,118310.0,118080.92,118106.17,16.28794787,2025-07-27 03:00:00
1753586100000,118106.17,118188.43,118090.21,118188.42,6.53363607,2025-07-27 03:15:00
1753587000000,118188.42,118274.52,118188.41,118237.98,6.00114659,2025-07-27 03:30:00
1753587900000,118237.98,118237.99,118182.52,118182.82,10.93655945,2025-07-27 03:45:00
1753588800000,118182.82,118266.44,118149.19,118182.82,10.25603565,2025-07-27 04:00:00
1753589700000,118182.82,118265.79,118182.81,118261.57,10.85826746,2025-07-27 04:15:00
1753590600000,118261.57,118266.0,118206.64,118216.76,9.77529496,2025-07-27 04:30:00
1753591500000,118216.76,118216.76,118172.76,118215.09,10.73881579,2025-07-27 04:45:00
1753592400000,118215.09,118238.67,118160.84,118202.18,12.11297966,2025-07-27 05:00:00
1753593300000,118202.18,118290.0,118167.7,118260.0,15.69298641,2025-07-27 05:15:00
1753594200000,118260.0,118300.0,118245.96,118272.65,16.5188774,2025-07-27 05:30:00
1753595100000,118272.65,118274.72,118192.62,118274.72,21.10460064,2025-07-27 05:45:00
1753596000000,118274.72,118309.99,118197.71,118280.36,17.71130943,2025-07-27 06:00:00
1753596900000,118280.36,118309.99,118276.01,118280.02,7.46958767,2025-07-27 06:15:00
1753597800000,118280.02,118350.0,118280.02,118338.17,16.03857701,2025-07-27 06:30:00
1753598700000,118338.17,118438.83,118236.58,118263.4,14.64662901,2025-07-27 06:45:00
1753599600000,118263.4,118263.44,118113.0,118113.0,12.96050846,2025-07-27 07:00:00
1753600500000,118113.0,118195.29,118113.0,118133.69,10.1968044,2025-07-27 07:15:00
1753601400000,118133.69,118175.58,118121.88,118165.53,9.61449621,2025-07-27 07:30:00
1753602300000,118165.53,118165.55,118066.73,118095.95,12.55345206,2025-07-27 07:45:00
1753603200000,118095.95,118129.77,118016.45,118102.86,16.8050577,2025-07-27 08:00:00
1753604100000,118102.86,118102.86,117981.25,118008.9,12.65858737,2025-07-27 08:15:00
1753605000000,118008.9,118049.29,117962.96,118049.29,13.37860607,2025-07-27 08:30:00
1753605900000,118049.29,118064.74,117950.45,117950.48,9.17531025,2025-07-27 08:45:00
1753606800000,117950.48,117999.91,117865.2,117943.93,17.43968425,2025-07-27 09:00:00
1753607700000,117943.93,117943.94,117887.21,117887.99,10.82215092,2025-07-27 09:15:00
1753608600000,117887.99,117942.33,117862.04,117888.44,12.30434156,2025-07-27 09:30:00
1753609500000,117888.44,117943.92,117859.98,117943.92,14.71492024,2025-07-27 09:45:00
1753610400000,117943.92,118096.03,117943.92,118096.03,14.95553357,2025-07-27 10:00:00
1753611300000,118096.03,118198.63,118096.02,118144.01,14.51852817,2025-07-27 10:15:00
1753612200000,118144.01,118250.0,118117.7,118200.0,17.23274466,2025-07-27 10:30:00
1753613100000,118200.0,118289.99,118182.61,118184.92,16.38338279,2025-07-27 10:45:00
1753614000000,118184.92,118255.32,118184.92,118246.37,15.03253071,2025-07-27 11:00:00
1753614900000,118246.37,118246.38,118185.52,118200.25,9.59048809,2025-07-27 11:15:00
1753615800000,118200.25,118237.68,118112.99,118148.68,11.84965159,2025-07-27 11:30:00
1753616700000,118148.68,118148.68,118050.0,118072.71,14.12365651,2025-07-27 11:45:00
1753617600000,118072.71,118111.34,118042.17,118091.89,17.88721029,2025-07-27 12:00:00
1753618500000,118091.89,118093.99,117955.51,117979.78,17.79710491,2025-07-27 12:15:00
1753619400000,117979.78,118023.48,117890.0,117904.85,21.87429788,2025-07-27 12:30:00
1753620300000,117904.85,118107.67,117904.84,118107.67,18.81812518,2025-07-27 12:45:00
1753621200000,118107.67,118200.0,118085.87,118179.08,15.11837797,2025-07-27 13:00:00
1753622100000,118179.08,118215.0,118124.56,118181.54,16.92853969,2025-07-27 13:15:00
1753623000000,118181.54,118200.4,118097.9,118140.95,15.10797175,2025-07-27 13:30:00
1753623900000,118140.95,118202.0,118138.92,118201.99,12.93930375,2025-07-27 13:45:00
1753624800000,118201.99,118339.81,118149.96,118295.24,29.65545333,2025-07-27 14:00:00
1753625700000,118295.24,118436.94,118295.23,118423.99,31.30697989,2025-07-27 14:15:00
1753626600000,118423.99,118450.0,118258.21,118292.24,27.91621329,2025-07-27 14:30:00
1753627500000,118292.24,118498.98,118182.51,118422.15,26.0907644,2025-07-27 14:45:00
1753628400000,118422.15,118500.0,118236.84,118358.8,31.37208466,2025-07-27 15:00:00
1753629300000,118358.8,118560.0,118304.96,118475.74,25.63083774,2025-07-27 15:15:00
1753630200000,118475.74,118475.75,118270.99,118449.99,19.83115198,2025-07-27 15:30:00
1753631100000,118449.99,118588.0,118403.97,118585.74,32.73213381,2025-07-27 15:45:00
1753632000000,118585.74,119165.99,118585.74,119157.64,104.61669311,2025-07-27 16:00:00
1753632900000,119157.64,119360.0,119082.59,119359.99,142.97019499,2025-07-27 16:15:00
1753633800000,119359.99,119540.0,119289.05,119317.8,136.20463762,2025-07-27 16:30:00
1753634700000,119317.8,119440.0,118948.03,119090.45,88.63919296,2025-07-27 16:45:00
1753635600000,119090.45,119205.06,118975.65,119044.59,56.68666103,2025-07-27 17:00:00
1753636500000,119044.59,119217.57,118855.58,119202.45,37.1884394,2025-07-27 17:15:00
1753637400000,119202.45,119334.88,118995.7,119109.41,29.52349398,2025-07-27 17:30:00
1753638300000,119109.41,119230.14,119100.29,119196.68,49.98266919,2025-07-27 17:45:00
1753639200000,119196.68,119372.87,119169.48,119295.69,22.90643131,2025-07-27 18:00:00
1753640100000,119295.69,119295.7,119124.23,119247.44,19.17472879,2025-07-27 18:15:00
1753641000000,119247.44,119247.44,119000.0,119068.1,19.18394615,2025-07-27 18:30:00
1753641900000,119068.1,119081.26,118946.53,119021.34,11.77074848,2025-07-27 18:45:00
1753642800000,119021.34,119021.34,118895.09,118976.36,11.9695085,2025-07-27 19:00:00
1753643700000,118976.36,118991.28,118895.05,118941.17,11.35363519,2025-07-27 19:15:00
1753644600000,118941.17,119072.82,118941.16,118991.07,10.77587034,2025-07-27 19:30:00
1753645500000,118991.07,119029.07,118920.0,118960.0,10.3376628,2025-07-27 19:45:00
1753646400000,118960.0,119169.97,118950.04,119083.7,21.30982472,2025-07-27 20:00:00
1753647300000,119083.7,119162.66,118925.47,118991.47,15.89255815,2025-07-27 20:15:00
1753648200000,118991.47,118991.47,118845.4,118881.59,15.66041452,2025-07-27 20:30:00
1753649100000,118881.59,118941.43,118722.78,118754.12,16.0982759,2025-07-27 20:45:00
1753650000000,118754.12,118859.2,118747.76,118750.84,20.96746068,2025-07-27 21:00:00
1753650900000,118750.84,119043.74,118723.99,119043.73,10.18335021,2025-07-27 21:15:00
1753651800000,119043.73,119082.61,118956.0,119082.57,13.15162261,2025-07-27 21:30:00
1753652700000,119082.57,119270.15,119074.59,119265.75,13.58619981,2025-07-27 21:45:00
1753653600000,119265.75,119742.67,119228.56,119701.24,93.12240824,2025-07-27 22:00:00
1753654500000,119701.24,119736.11,119555.34,119682.68,28.18295771,2025-07-27 22:15:00
1753655400000,119682.68,119766.65,119658.04,119766.64,23.7866369,2025-07-27 22:30:00
1753656300000,119766.64,119766.64,119492.41,119495.16,25.88174721,2025-07-27 22:45:00
1753657200000,119495.16,119528.47,119150.0,119227.98,23.7747327,2025-07-27 23:00:00
1753658100000,119227.98,119518.06,119227.98,119434.66,20.95095273,2025-07-27 23:15:00
1753659000000,119434.66,119457.67,119340.0,119363.06,21.14651893,2025-07-27 23:30:00
1753659900000,119363.06,119453.16,119337.5,119415.55,14.58448532,2025-07-27 23:45:00
1753660800000,119415.55,119457.68,119339.99,119449.99,16.46419369,2025-07-28 00:00:00
1753661700000,119449.99,119690.31,119422.25,119645.43,38.5197631,2025-07-28 00:15:00
1753662600000,119645.43,119645.43,119252.7,119252.7,29.77139117,2025-07-28 00:30:00
1753663500000,119252.7,119377.4,119126.09,119236.72,23.08258108,2025-07-28 00:45:00
1753664400000,119236.72,119337.03,119065.99,119213.02,25.70787316,2025-07-28 01:00:00
1753665300000,119213.02,119480.0,119172.02,119390.0,21.1839481,2025-07-28 01:15:00
1753666200000,119390.0,119390.0,119066.06,119073.3,25.98175661,2025-07-28 01:30:00
1753667100000,119073.3,119120.13,118960.5,119037.76,22.58849464,2025-07-28 01:45:00
1753668000000,119037.76,119238.67,119021.11,119210.87,19.52591844,2025-07-28 02:00:00
1753668900000,119210.87,119530.4,119210.86,119459.96,32.77762672,2025-07-28 02:15:00
1753669800000,119459.96,119800.0,119458.24,119599.99,49.12499262,2025-07-28 02:30:00
1753670700000,119599.99,119630.01,119380.0,119434.14,21.31736935,2025-07-28 02:45:00
1753671600000,119434.14,119521.04,119313.27,119365.16,16.35937435,2025-07-28 03:00:00
1753672500000,119365.16,119469.73,119272.87,119280.86,20.56646059,2025-07-28 03:15:00
1753673400000,119280.86,119351.13,119239.81,119239.82,23.58170974,2025-07-28 03:30:00
1753674300000,119239.82,119307.78,119234.37,119287.99,18.74973038,2025-07-28 03:45:00
1753675200000,119287.99,119423.58,119259.0,119282.0,27.21454232,2025-07-28 04:00:00
1753676100000,119282.0,119282.0,119132.16,119152.26,18.11632232,2025-07-28 04:15:00
1753677000000,119152.26,119311.88,119128.46,119265.97,22.77310635,2025-07-28 04:30:00
1753677900000,119265.97,119343.74,119192.95,119218.04,20.74478296,2025-07-28 04:45:00
1753678800000,119218.04,119299.01,119138.23,119259.47,26.78964561,2025-07-28 05:00:00
1753679700000,119259.47,119463.85,119259.47,119383.67,60.7098397,2025-07-28 05:15:00
1753680600000,119383.67,119521.19,119262.52,119514.75,64.07556205,2025-07-28 05:30:00
1753681500000,119514.75,119700.0,119394.21,119526.13,65.27538004,2025-07-28 05:45:00
1753682400000,119526.13,119600.01,119510.02,119576.38,22.44742527,2025-07-28 06:00:00
1753683300000,119576.38,119596.54,119464.03,119490.0,38.88327767,2025-07-28 06:15:00
1753684200000,119490.0,119490.0,119440.01,119477.64,15.85896864,2025-07-28 06:30:00
1753685100000,119477.64,119489.84,119444.31,119448.02,20.93536484,2025-07-28 06:45:00
1753686000000,119448.02,119448.03,118887.99,118889.98,49.71026935,2025-07-28 07:00:00
1753686900000,118889.98,119142.77,118823.49,119070.8,74.74329317,2025-07-28 07:15:00
1753687800000,119070.8,119070.8,118774.31,118907.18,69.72193135,2025-07-28 07:30:00
1753688700000,118907.18,118951.0,118899.91,118910.5,34.38227092,2025-07-28 07:45:00
1753689600000,118910.5,119052.55,118818.68,118914.75,35.10135835,2025-07-28 08:00:00
1753690500000,118914.75,119085.0,118850.0,119016.71,26.41345947,2025-07-28 08:15:00
1753691400000,119016.71,119030.0,118778.52,118877.2,40.42427947,2025-07-28 08:30:00
1753692300000,118877.2,119102.7,118868.92,119072.44,54.52347936,2025-07-28 08:45:00
1753693200000,119072.44,119072.45,118906.97,118909.78,20.544022,2025-07-28 09:00:00
1753694100000,118909.78,119003.99,118827.35,118836.0,27.35286381,2025-07-28 09:15:00
1753695000000,118836.0,118849.59,118704.01,118750.01,43.30334977,2025-07-28 09:30:00
1753695900000,118750.01,119019.84,118744.98,118930.87,15.11245906,2025-07-28 09:45:00
1753696800000,118930.87,118936.05,118771.49,118771.59,10.54877947,2025-07-28 10:00:00
1753697700000,118771.59,118953.52,118771.58,118934.71,8.59711898,2025-07-28 10:15:00
1753698600000,118934.71,118934.71,118623.08,118658.97,31.4252251,2025-07-28 10:30:00
1753699500000,118658.97,118785.01,118644.59,118764.53,41.71865202,2025-07-28 10:45:00
1753700400000,118764.53,118873.81,118667.92,118690.93,55.50982082,2025-07-28 11:00:00
1753701300000,118690.93,118721.61,118553.83,118562.5,52.4946181,2025-07-28 11:15:00
1753702200000,118562.5,118776.32,118500.0,118716.84,70.04420724,2025-07-28 11:30:00
1753703100000,118716.84,118833.76,118716.83,118827.48,41.77816468,2025-07-28 11:45:00
1753704000000,118827.48,119037.91,118783.85,118914.56,37.90286215,2025-07-28 12:00:00
1753704900000,118914.56,119093.68,118840.01,118930.12,35.82315482,2025-07-28 12:15:00
1753705800000,118930.12,119009.67,118853.95,118979.98,72.97553557,2025-07-28 12:30:00
1753706700000,118979.98,119021.4,118801.34,118845.24,39.52201688,2025-07-28 12:45:00
1753707600000,118845.24,118871.14,118685.56,118696.58,18.72408372,2025-07-28 13:00:00
1753708500000,118696.58,118764.66,118433.96,118609.31,34.07140845,2025-07-28 13:15:00
1753709400000,118609.31,119085.8,118319.16,118664.26,80.48292898,2025-07-28 13:30:00
1753710300000,118664.26,118785.76,118239.78,118434.79,76.19763686,2025-07-28 13:45:00
1753711200000,118434.79,118685.03,118300.0,118478.4,40.3835614,2025-07-28 14:00:00
1753712100000,118478.4,118516.0,118029.99,118094.33,79.51989712,2025-07-28 14:15:00
1753713000000,118094.33,118271.82,117919.0,118257.98,77.88449491,2025-07-28 14:30:00
1753713900000,118257.98,118274.6,117941.75,117985.93,36.51950864,2025-07-28 14:45:00
1753714800000,117985.93,118197.3,117910.0,118187.66,38.95506316,2025-07-28 15:00:00
1753715700000,118187.66,118432.0,118153.99,118432.0,35.17815406,2025-07-28 15:15:00
1753716600000,118432.0,118500.0,118185.0,118238.85,22.6608272,2025-07-28 15:30:00
1753717500000,118238.85,118385.01,118112.74,118174.89,33.14578822,2025-07-28 15:45:00
1753718400000,118174.89,118174.9,118003.96,118074.01,25.54547523,2025-07-28 16:00:00
1753719300000,118074.01,118310.35,118021.87,118293.68,46.38495737,2025-07-28 16:15:00
1753720200000,118293.68,118366.86,118165.24,118319.99,32.71766069,2025-07-28 16:30:00
1753721100000,118319.99,118376.62,118013.0,118028.88,25.22491608,2025-07-28 16:45:00
1753722000000,118028.88,118048.84,117862.83,117862.84,33.0376109,2025-07-28 17:00:00
1753722900000,117862.84,118019.66,117653.38,118019.64,57.8792127,2025-07-28 17:15:00
1753723800000,118019.64,118112.24,117803.73,117855.18,32.95435778,2025-07-28 17:30:00
1753724700000,117855.18,117863.67,117663.21,117667.86,29.01869452,2025-07-28 17:45:00
1753725600000,117667.86,117796.14,117501.04,117784.97,45.07717737,2025-07-28 18:00:00
1753726500000,117784.97,117812.57,117484.0,117552.04,33.8916402,2025-07-28 18:15:00
1753727400000,117552.04,117777.95,117427.48,117736.57,35.21901029,2025-07-28 18:30:00
1753728300000,117736.57,117856.57,117640.63,117776.56,28.02968664,2025-07-28 18:45:00
1753729200000,117776.56,118185.71,117776.56,118146.26,45.03633325,2025-07-28 19:00:00
1753730100000,118146.26,118244.45,118085.7,118092.86,38.38571246,2025-07-28 19:15:00
1753731000000,118092.86,118092.86,117680.07,117689.16,20.89080068,2025-07-28 19:30:00
1753731900000,117689.16,118096.65,117542.45,118068.73,29.64641241,2025-07-28 19:45:00
1753732800000,118068.73,118162.17,117734.18,117768.06,31.576358,2025-07-28 20:00:00
1753733700000,117768.06,117853.54,117509.78,117509.81,28.71052265,2025-07-28 20:15:00
1753734600000,117509.81,117981.02,117500.09,117845.16,24.17288104,2025-07-28 20:30:00
1753735500000,117845.16,118080.0,117833.76,118044.93,13.27854947,2025-07-28 20:45:00
1753736400000,118044.93,118180.0,117951.12,118049.99,22.11231868,2025-07-28 21:00:00
1753737300000,118049.99,118165.0,117963.65,118098.07,17.2358501,2025-07-28 21:15:00
1753738200000,118098.07,118332.74,118039.01,118332.72,28.17407791,2025-07-28 21:30:00
1753739100000,118332.72,118350.01,117963.63,118106.89,24.39101545,2025-07-28 21:45:00
1753740000000,118106.89,118266.09,118076.0,118111.71,21.78743849,2025-07-28 22:00:00
1753740900000,118111.71,118215.52,118009.97,118135.66,15.46107331,2025-07-28 22:15:00
1753741800000,118135.66,118183.4,117778.29,117871.38,27.88633218,2025-07-28 22:30:00
1753742700000,117871.38,117985.3,117762.4,117854.34,20.32571912,2025-07-28 22:45:00
1753743600000,117854.34,118015.66,117814.64,117950.66,18.07856493,2025-07-28 23:00:00
1753744500000,117950.66,118172.37,117950.61,117980.61,14.49863379,2025-07-28 23:15:00
1753745400000,117980.61,118134.75,117959.0,118023.15,10.82770085,2025-07-28 23:30:00
1753746300000,118023.15,118146.19,117817.44,118062.31,12.85533722,2025-07-28 23:45:00
1753747200000,118062.31,118285.0,117948.31,118284.99,19.57425938,2025-07-29 00:00:00
1753748100000,118284.99,118450.52,118237.76,118242.21,21.52197893,2025-07-29 00:15:00
1753749000000,118242.21,118280.0,117539.67,117706.52,36.01954011,2025-07-29 00:30:00
1753749900000,117706.52,117979.8,117650.49,117979.8,20.61908725,2025-07-29 00:45:00
1753750800000,117979.8,118115.26,117862.84,118080.96,12.42311949,2025-07-29 01:00:00
1753751700000,118080.96,118240.0,118060.41,118210.84,11.03910668,2025-07-29 01:15:00
1753752600000,118210.84,118247.62,118130.34,118148.19,11.39709104,2025-07-29 01:30:00
1753753500000,118148.19,118148.28,117774.15,117774.16,28.23379709,2025-07-29 01:45:00
1753754400000,117774.16,117953.34,117762.04,117896.31,20.59457158,2025-07-29 02:00:00
1753755300000,117896.31,117907.24,117452.57,117905.03,43.5963106,2025-07-29 02:15:00
1753756200000,117905.03,117981.01,117762.03,117963.66,24.43032532,2025-07-29 02:30:00
1753757100000,117963.66,118102.79,117851.3,118083.58,28.65847077,2025-07-29 02:45:00
1753758000000,118083.58,118443.53,118083.58,118406.87,47.99899769,2025-07-29 03:00:00
1753758900000,118406.87,118406.88,118265.9,118340.14,28.09464766,2025-07-29 03:15:00
1753759800000,118340.14,118499.0,118256.22,118496.1,36.71377908,2025-07-29 03:30:00
1753760700000,118496.1,118800.0,118496.09,118764.86,56.76219763,2025-07-29 03:45:00
1753761600000,118764.86,118799.99,118669.19,118766.0,34.4383211,2025-07-29 04:00:00
1753762500000,118766.0,118766.0,118554.34,118653.16,25.06986312,2025-07-29 04:15:00
1753763400000,118653.16,118685.0,118502.05,118514.88,28.12055479,2025-07-29 04:30:00
1753764300000,118514.88,118568.94,118416.66,118533.93,16.96905837,2025-07-29 04:45:00
1753765200000,118533.93,118753.2,118527.77,118666.23,21.34258182,2025-07-29 05:00:00
1753766100000,118666.23,118666.23,118540.49,118649.27,27.43830755,2025-07-29 05:15:00
1753767000000,118649.27,118748.77,118597.78,118746.94,41.98483341,2025-07-29 05:30:00
1753767900000,118746.94,118852.0,118746.48,118799.99,46.50598766,2025-07-29 05:45:00
1753768800000,118799.99,118862.04,118731.73,118862.0,20.82128667,2025-07-29 06:00:00
1753769700000,118862.0,119061.68,118861.98,118919.79,35.02300861,2025-07-29 06:15:00
1753770600000,118919.79,119000.0,118870.86,118992.69,21.48761144,2025-07-29 06:30:00
1753771500000,118992.69,118992.7,118764.85,118764.85,38.12259571,2025-07-29 06:45:00
1753772400000,118764.85,118944.15,118764.85,118839.8,33.71277283,2025-07-29 07:00:00
1753773300000,118839.8,118881.42,118785.74,118820.71,40.64013315,2025-07-29 07:15:00
1753774200000,118820.71,118971.4,118750.87,118971.39,59.99833026,2025-07-29 07:30:00
1753775100000,118971.39,119272.73,118800.0,118882.36,107.21903688,2025-07-29 07:45:00
1753776000000,118882.36,119012.65,118832.97,118999.87,17.48050485,2025-07-29 08:00:00
1753776900000,118999.87,119051.0,118764.86,118796.7,19.37035948,2025-07-29 08:15:00
1753777800000,118796.7,118979.11,118795.85,118971.67,16.5668888,2025-07-29 08:30:00
1753778700000,118971.67,119022.96,118800.01,118923.81,27.7202912,2025-07-29 08:45:00
1753779600000,118923.81,118985.0,118818.22,118818.23,23.44781765,2025-07-29 09:00:00
1753780500000,118818.23,118948.02,118758.92,118924.83,15.02638317,2025-07-29 09:15:00
1753781400000,118924.83,118924.83,118785.75,118913.08,38.38104108,2025-07-29 09:30:00
1753782300000,118913.08,118913.08,118761.22,118784.79,35.50946985,2025-07-29 09:45:00
1753783200000,118784.79,118828.0,118560.0,118586.79,58.45249794,2025-07-29 10:00:00
1753784100000,118586.79,118708.51,118543.1,118659.32,45.34608986,2025-07-29 10:15:00
1753785000000,118659.32,118770.07,118499.0,118499.0,36.67579819,2025-07-29 10:30:00
1753785900000,118499.0,118536.19,118300.0,118317.74,46.72195962,2025-07-29 10:45:00
1753786800000,118317.74,118409.19,118168.72,118409.19,40.51696269,2025-07-29 11:00:00
1753787700000,118409.19,118511.67,118348.64,118502.2,21.1244542,2025-07-29 11:15:00
1753788600000,118502.2,118509.63,118350.63,118441.38,56.92239446,2025-07-29 11:30:00
1753789500000,118441.38,118592.4,118400.0,118592.38,17.43588048,2025-07-29 11:45:00
1753790400000,118592.38,118700.0,118450.0,118486.58,17.40077412,2025-07-29 12:00:00
1753791300000,118486.58,119035.01,118486.58,118932.79,49.67893181,2025-07-29 12:15:00
1753792200000,118932.79,119080.81,118785.74,119050.9,56.79877883,2025-07-29 12:30:00
1753793100000,119050.9,119050.9,118827.03,118906.85,64.33996547,2025-07-29 12:45:00
1753794000000,118906.85,118949.01,118770.06,118875.85,64.09137241,2025-07-29 13:00:00
1753794900000,118875.85,118955.01,118820.36,118949.99,17.49278285,2025-07-29 13:15:00
1753795800000,118949.99,119029.54,118669.26,118840.0,23.49779096,2025-07-29 13:30:00
1753796700000,118840.0,118900.0,118527.0,118621.27,39.0049103,2025-07-29 13:45:00
1753797600000,118621.27,118635.58,117963.41,118159.2,94.59975582,2025-07-29 14:00:00
1753798500000,118159.2,118366.6,118123.93,118261.94,40.76696089,2025-07-29 14:15:00
1753799400000,118261.94,118303.19,118064.45,118256.62,41.7563928,2025-07-29 14:30:00
1753800300000,118256.62,118317.15,117701.0,117823.68,63.86949038,2025-07-29 14:45:00
1753801200000,117823.68,117955.39,117661.24,117780.01,60.84957424,2025-07-29 15:00:00
1753802100000,117780.01,117834.75,117519.78,117532.77,46.67796467,2025-07-29 15:15:00
1753803000000,117532.77,117629.86,117271.99,117444.28,113.54750342,2025-07-29 15:30:00
1753803900000,117444.28,117632.9,117358.6,117400.01,52.80376994,2025-07-29 15:45:00
1753804800000,117400.01,117509.39,117333.35,117437.79,57.55984424,2025-07-29 16:00:00
1753805700000,117437.79,117568.25,117300.0,117332.22,41.87388782,2025-07-29 16:15:00
1753806600000,117332.22,117459.4,116963.0,117459.4,79.47794507,2025-07-29 16:30:00
1753807500000,117459.4,117753.72,117429.99,117735.56,49.21619132,2025-07-29 16:45:00
1753808400000,117735.56,117909.79,117629.99,117901.89,32.18175998,2025-07-29 17:00:00
1753809300000,117901.89,117963.66,117732.15,117913.31,27.15715129,2025-07-29 17:15:00
1753810200000,117913.31,118057.05,117675.0,117675.0,31.29028309,2025-07-29 17:30:00
1753811100000,117675.0,117860.95,117674.99,117773.68,18.82969669,2025-07-29 17:45:00
1753812000000,117773.68,117824.59,117512.0,117592.81,14.12692057,2025-07-29 18:00:00
1753812900000,117592.81,117725.92,117482.4,117725.91,12.65754891,2025-07-29 18:15:00
1753813800000,117725.91,117811.77,117660.0,117692.21,13.10456565,2025-07-29 18:30:00
1753814700000,117692.21,117788.38,117504.23,117606.74,15.41589241,2025-07-29 18:45:00
1753815600000,117606.74,117779.99,117553.55,117779.99,16.41556015,2025-07-29 19:00:00
1753816500000,117779.99,117998.87,117420.0,117462.93,27.08821717,2025-07-29 19:15:00
1753817400000,117462.93,117596.29,117439.96,117560.12,16.04078523,2025-07-29 19:30:00
1753818300000,117560.12,117661.25,117516.63,117524.71,43.9434743,2025-07-29 19:45:00
1753819200000,117524.71,117633.25,117105.26,117228.29,47.28994774,2025-07-29 20:00:00
1753820100000,117228.29,117871.39,117180.01,117571.83,40.94902933,2025-07-29 20:15:00
1753821000000,117571.83,117585.36,117094.96,117212.02,35.50893193,2025-07-29 20:30:00
1753821900000,117212.02,117505.2,117134.97,117505.2,24.24661008,2025-07-29 20:45:00
1753822800000,117505.2,117553.51,117297.74,117439.03,56.94651623,2025-07-29 21:00:00
1753823700000,117439.03,117439.03,117190.83,117354.71,30.44829077,2025-07-29 21:15:00
1753824600000,117354.71,117376.26,117260.01,117269.46,34.5272792,2025-07-29 21:30:00
1753825500000,117269.46,117701.09,117269.45,117606.79,13.94156042,2025-07-29 21:45:00
1753826400000,117606.79,117736.36,117459.04,117459.04,19.40758958,2025-07-29 22:00:00
1753827300000,117459.04,117735.91,117459.04,117735.91,11.63298084,2025-07-29 22:15:00
1753828200000,117735.91,117789.99,117702.63,117749.7,17.22822404,2025-07-29 22:30:00
1753829100000,117749.7,117860.0,117749.69,117848.02,14.53506487,2025-07-29 22:45:00
1753830000000,117848.02,117890.0,117800.0,117836.07,11.26733818,2025-07-29 23:00:00
1753830900000,117836.07,117940.38,117824.27,117940.37,13.16389508,2025-07-29 23:15:00
1753831800000,117940.37,117996.53,117772.52,117772.57,15.4482677,2025-07-29 23:30:00
1753832700000,117772.57,117950.76,117729.8,117950.75,12.37297899,2025-07-29 23:45:00
1753833600000,117950.75,117962.84,117796.14,117948.96,14.25735072,2025-07-30 00:00:00
1753834500000,117948.96,117995.98,117716.03,117716.03,14.40747135,2025-07-30 00:15:00
1753835400000,117716.03,117770.71,117545.88,117618.12,13.60858801,2025-07-30 00:30:00
1753836300000,117618.12,117757.92,117538.15,117744.77,11.8450312,2025-07-30 00:45:00
1753837200000,117744.77,117793.4,117683.8,117766.66,10.84209762,2025-07-30 01:00:00
1753838100000,117766.66,117772.0,117412.44,117565.36,17.99940599,2025-07-30 01:15:00
1753839000000,117565.36,117888.0,117538.67,117879.85,15.03098422,2025-07-30 01:30:00
1753839900000,117879.85,118012.78,117836.76,117862.04,18.04793483,2025-07-30 01:45:00
1753840800000,117862.04,118107.99,117796.14,118097.73,17.28787097,2025-07-30 02:00:00
1753841700000,118097.73,118119.0,117901.94,117945.92,19.76901507,2025-07-30 02:15:00
1753842600000,117945.92,118119.0,117871.77,118068.18,22.46299887,2025-07-30 02:30:00
1753843500000,118068.18,118100.0,118000.0,118024.1,20.39416952,2025-07-30 02:45:00
1753844400000,118024.1,118039.69,117905.61,117999.0,17.85080761,2025-07-30 03:00:00
1753845300000,117999.0,118100.0,117911.44,118100.0,22.06766516,2025-07-30 03:15:00
1753846200000,118100.0,118161.0,118081.33,118157.99,36.97589201,2025-07-30 03:30:00
1753847100000,118157.99,118250.0,118046.33,118161.86,24.65834019,2025-07-30 03:45:00
1753848000000,118161.86,118275.17,118152.46,118223.54,19.91515979,2025-07-30 04:00:00
1753848900000,118223.54,118247.6,118165.25,118181.74,20.98259322,2025-07-30 04:15:00
1753849800000,118181.74,118181.74,117963.65,118043.22,23.4247363,2025-07-30 04:30:00
1753850700000,118043.22,118044.99,117967.34,117993.52,16.09343717,2025-07-30 04:45:00
1753851600000,117993.52,118080.0,117711.47,117711.47,16.89155733,2025-07-30 05:00:00
1753852500000,117711.47,117980.0,117672.29,117977.0,16.91784628,2025-07-30 05:15:00
1753853400000,117977.0,117984.26,117885.87,117926.47,8.80422531,2025-07-30 05:30:00
1753854300000,117926.47,118041.06,117862.83,117992.25,13.83712092,2025-07-30 05:45:00
1753855200000,117992.25,118106.03,117992.25,118065.21,13.12350449,2025-07-30 06:00:00
1753856100000,118065.21,118202.28,118065.2,118201.99,19.43406191,2025-07-30 06:15:00
1753857000000,118201.99,118300.0,118103.8,118300.0,26.3884603,2025-07-30 06:30:00
1753857900000,118300.0,118326.56,118218.63,118287.31,24.73551858,2025-07-30 06:45:00
1753858800000,118287.31,118412.11,118206.06,118212.32,26.99735905,2025-07-30 07:00:00
1753859700000,118212.32,118363.87,118200.0,118355.0,16.96167338,2025-07-30 07:15:00
1753860600000,118355.0,118379.07,118176.22,118253.4,25.48751765,2025-07-30 07:30:00
1753861500000,118253.4,118253.41,118117.99,118123.0,17.93388775,2025-07-30 07:45:00
1753862400000,118123.0,118263.76,118022.22,118022.23,15.89686542,2025-07-30 08:00:00
1753863300000,118022.23,118155.95,117950.0,118155.95,25.62978935,2025-07-30 08:15:00
1753864200000,118155.95,118364.12,118075.49,118361.27,22.61149513,2025-07-30 08:30:00
1753865100000,118361.27,118481.81,118360.47,118372.73,22.36859363,2025-07-30 08:45:00
1753866000000,118372.73,118427.98,118226.57,118260.97,16.89951704,2025-07-30 09:00:00
1753866900000,118260.97,118306.34,118145.52,118149.99,16.49220335,2025-07-30 09:15:00
1753867800000,118149.99,118161.06,117985.95,118040.0,24.06179148,2025-07-30 09:30:00
1753868700000,118040.0,118210.99,118040.0,118164.08,23.05926081,2025-07-30 09:45:00
1753869600000,118164.08,118357.43,118164.08,118330.5,42.97749303,2025-07-30 10:00:00
1753870500000,118330.5,118330.83,118217.0,118326.08,32.72432317,2025-07-30 10:15:00
1753871400000,118326.08,118429.33,118292.42,118393.07,37.57135304,2025-07-30 10:30:00
1753872300000,118393.07,118448.54,117950.0,118014.58,40.35785072,2025-07-30 10:45:00
1753873200000,118014.58,118184.0,117988.33,118081.68,24.88311643,2025-07-30 11:00:00
1753874100000,118081.68,118098.06,117800.44,117821.53,33.64620529,2025-07-30 11:15:00
1753875000000,117821.53,117986.22,117797.98,117798.0,37.88449482,2025-07-30 11:30:00
1753875900000,117798.0,117847.41,117359.99,117548.68,51.68002058,2025-07-30 11:45:00
1753876800000,117548.68,117643.57,117358.83,117483.39,38.83517155,2025-07-30 12:00:00
1753877700000,117483.39,117846.7,117362.29,117739.18,41.46630564,2025-07-30 12:15:00
1753878600000,117739.18,117909.11,117560.44,117583.67,45.38028701,2025-07-30 12:30:00
1753879500000,117583.67,117854.65,117575.69,117739.02,22.2875877,2025-07-30 12:45:00
1753880400000,117739.02,117881.13,117415.61,117537.68,28.62325132,2025-07-30 13:00:00
1753881300000,117537.68,117826.14,117459.85,117507.31,33.2374895,2025-07-30 13:15:00
1753882200000,117507.31,117813.89,117437.0,117659.16,36.29011806,2025-07-30 13:30:00
1753883100000,117659.16,117817.93,117464.78,117675.79,42.42250926,2025-07-30 13:45:00
1753884000000,117675.79,117879.99,117610.93,117840.13,24.43561891,2025-07-30 14:00:00
1753884900000,117840.13,118000.0,117715.66,117736.97,52.77668378,2025-07-30 14:15:00
1753885800000,117736.97,118200.0,117736.97,118113.3,37.4693659,2025-07-30 14:30:00
1753886700000,118113.3,118728.13,118063.49,118714.36,90.30073642,2025-07-30 14:45:00
1753887600000,118714.36,118792.0,118308.11,118375.2,72.89491225,2025-07-30 15:00:00
1753888500000,118375.2,118459.28,118100.0,118161.16,47.36542348,2025-07-30 15:15:00
1753889400000,118161.16,118227.12,118064.59,118118.24,59.03118048,2025-07-30 15:30:00
1753890300000,118118.24,118203.42,117834.24,117994.69,58.60697928,2025-07-30 15:45:00
1753891200000,117994.69,118021.88,117635.29,117800.45,45.5063384,2025-07-30 16:00:00
1753892100000,117800.45,118014.64,117762.86,117800.44,79.52036114,2025-07-30 16:15:00
1753893000000,117800.44,117878.01,117700.63,117768.17,41.17071579,2025-07-30 16:30:00
1753893900000,117768.17,117830.69,117675.0,117727.48,24.37305911,2025-07-30 16:45:00
1753894800000,117727.48,117875.61,117704.0,117757.1,27.36538582,2025-07-30 17:00:00
1753895700000,117757.1,117940.02,117718.13,117803.81,33.12219545,2025-07-30 17:15:00
1753896600000,117803.81,117862.85,117739.02,117807.24,34.19232479,2025-07-30 17:30:00
1753897500000,117807.24,117818.97,117650.0,117802.11,23.77488312,2025-07-30 17:45:00
1753898400000,117802.11,118037.18,117410.81,117661.25,52.9832415,2025-07-30 18:00:00
1753899300000,117661.25,117862.85,117523.24,117739.15,41.89161456,2025-07-30 18:15:00
1753900200000,117739.15,117829.43,117266.0,117436.27,39.47753639,2025-07-30 18:30:00
1753901100000,117436.27,117499.07,116511.1,116523.18,90.99803408,2025-07-30 18:45:00
1753902000000,116523.18,116523.18,115796.34,116282.9,121.82079096,2025-07-30 19:00:00
1753902900000,116282.9,116459.84,116164.78,116459.83,72.60403475,2025-07-30 19:15:00
1753903800000,116459.83,116769.35,116253.61,116736.45,77.57391753,2025-07-30 19:30:00
1753904700000,116736.45,117123.81,116617.7,116952.37,58.61700152,2025-07-30 19:45:00
1753905600000,116952.37,117325.94,116880.64,117291.76,32.82221926,2025-07-30 20:00:00
1753906500000,117291.76,117314.72,117086.42,117114.18,27.46573125,2025-07-30 20:15:00
1753907400000,117114.18,117207.66,116980.84,117034.31,20.59040485,2025-07-30 20:30:00
1753908300000,117034.31,117175.71,116943.76,117175.71,21.02792598,2025-07-30 20:45:00
1753909200000,117175.71,117231.16,117100.0,117103.56,9.32652593,2025-07-30 21:00:00
1753910100000,117103.56,117188.85,117000.0,117000.0,10.79979526,2025-07-30 21:15:00
1753911000000,117000.0,117114.02,116955.64,117048.84,8.62018436,2025-07-30 21:30:00
1753911900000,117048.84,117336.34,117048.84,117326.82,15.4320713,2025-07-30 21:45:00
1753912800000,117326.82,117437.06,117253.73,117349.47,17.29676585,2025-07-30 22:00:00
1753913700000,117349.47,117430.0,117260.0,117303.04,18.40553511,2025-07-30 22:15:00
1753914600000,117303.04,117445.42,117280.0,117445.42,12.72010028,2025-07-30 22:30:00
1753915500000,117445.42,117495.78,117387.07,117486.49,10.52564155,2025-07-30 22:45:00
1753916400000,117486.49,117604.57,117459.99,117551.32,19.86544158,2025-07-30 23:00:00
1753917300000,117551.32,117571.02,117515.44,117571.02,10.08311701,2025-07-30 23:15:00
1753918200000,117571.02,117735.07,117571.02,117735.07,13.30038786,2025-07-30 23:30:00
1753919100000,117735.07,117908.4,117735.06,117840.29,17.76169778,2025-07-30 23:45:00
1753920000000,117840.29,117932.93,117781.88,117896.22,14.04787178,2025-07-31 00:00:00
1753920900000,117896.22,118063.6,117884.14,118063.49,25.33505048,2025-07-31 00:15:00
1753921800000,118063.49,118343.08,118040.01,118343.08,33.21822629,2025-07-31 00:30:00
1753922700000,118343.08,118542.37,118279.6,118415.8,57.97609499,2025-07-31 00:45:00
1753923600000,118415.8,118456.47,118302.45,118435.73,28.77261638,2025-07-31 01:00:00
1753924500000,118435.73,118443.75,118165.25,118307.98,26.48145313,2025-07-31 01:15:00
1753925400000,118307.98,118343.09,118203.82,118247.27,10.06903068,2025-07-31 01:30:00
1753926300000,118247.27,118247.27,117992.71,118055.32,19.4627001,2025-07-31 01:45:00
1753927200000,118055.32,118262.94,117981.01,118242.42,18.94185321,2025-07-31 02:00:00
1753928100000,118242.42,118266.06,118165.25,118188.21,28.75147918,2025-07-31 02:15:00
1753929000000,118188.21,118436.0,118188.21,118436.0,31.19690491,2025-07-31 02:30:00
1753929900000,118436.0,118520.0,118343.07,118447.53,23.85278741,2025-07-31 02:45:00
1753930800000,118447.53,118489.88,118385.0,118424.0,22.24492318,2025-07-31 03:00:00
1753931700000,118424.0,118447.32,118386.34,118447.31,16.83681372,2025-07-31 03:15:00
1753932600000,118447.31,118475.04,118386.34,118475.04,22.93331154,2025-07-31 03:30:00
1753933500000,118475.04,118599.99,118435.64,118466.14,27.01256029,2025-07-31 03:45:00
1753934400000,118466.14,118486.79,118432.88,118450.98,11.50325843,2025-07-31 04:00:00
1753935300000,118450.98,118455.11,118364.13,118374.48,24.35533724,2025-07-31 04:15:00
1753936200000,118374.48,118550.0,118374.48,118463.87,26.44960589,2025-07-31 04:30:00
1753937100000,118463.87,118545.37,118463.87,118511.53,21.2337998,2025-07-31 04:45:00
1753938000000,118511.53,118540.0,118364.0,118364.0,26.17709934,2025-07-31 05:00:00
1753938900000,118364.0,118435.73,118343.06,118381.96,17.94404641,2025-07-31 05:15:00
1753939800000,118381.96,118419.13,118353.46,118353.48,20.04600627,2025-07-31 05:30:00
1753940700000,118353.48,118387.48,118331.63,118362.0,20.20825859,2025-07-31 05:45:00
1753941600000,118362.0,118407.63,118287.63,118296.0,19.80729585,2025-07-31 06:00:00
1753942500000,118296.0,118425.78,118296.0,118425.78,26.81334046,2025-07-31 06:15:00
1753943400000,118425.78,118599.12,118401.71,118578.16,35.86987402,2025-07-31 06:30:00
1753944300000,118578.16,118725.59,118578.16,118691.78,40.97845063,2025-07-31 06:45:00
1753945200000,118691.78,118741.68,118604.22,118736.72,41.68373783,2025-07-31 07:00:00
1753946100000,118736.72,118922.44,118727.65,118833.71,60.52109072,2025-07-31 07:15:00
1753947000000,118833.71,118833.72,118626.86,118647.88,36.44809316,2025-07-31 07:30:00
1753947900000,118647.88,118720.0,118647.88,118665.97,17.11124273,2025-07-31 07:45:00
1753948800000,118665.97,118719.8,118615.73,118635.47,28.36657186,2025-07-31 08:00:00
1753949700000,118635.47,118664.24,118591.3,118637.46,22.43294694,2025-07-31 08:15:00
1753950600000,118637.46,118769.48,118576.53,118769.47,21.53609481,2025-07-31 08:30:00
1753951500000,118769.47,118769.48,118568.23,118593.57,27.27634622,2025-07-31 08:45:00
1753952400000,118593.57,118593.58,118499.41,118524.49,19.69442575,2025-07-31 09:00:00
1753953300000,118524.49,118534.55,118467.09,118532.9,14.3942913,2025-07-31 09:15:00
1753954200000,118532.9,118569.45,118507.68,118534.62,13.60594741,2025-07-31 09:30:00
1753955100000,118534.62,118617.86,118534.62,118605.48,19.40856619,2025-07-31 09:45:00
1753956000000,118605.48,118713.94,118544.6,118556.56,21.305814,2025-07-31 10:00:00
1753956900000,118556.56,118574.35,118441.43,118469.45,22.1630212,2025-07-31 10:15:00
1753957800000,118469.45,118544.8,118436.12,118544.8,19.73926648,2025-07-31 10:30:00
1753958700000,118544.8,118629.67,118493.17,118505.13,18.11038012,2025-07-31 10:45:00
1753959600000,118505.13,118560.07,118479.95,118535.09,46.81847629,2025-07-31 11:00:00
1753960500000,118535.09,118540.78,118413.82,118419.84,49.56989646,2025-07-31 11:15:00
1753961400000,118419.84,118494.29,118342.72,118364.9,29.25123757,2025-07-31 11:30:00
1753962300000,118364.9,118391.09,118278.39,118370.76,24.00808215,2025-07-31 11:45:00
1753963200000,118370.76,118490.74,118341.94,118432.35,33.65195281,2025-07-31 12:00:00
1753964100000,118432.35,118544.11,118342.94,118541.47,27.27525408,2025-07-31 12:15:00
1753965000000,118541.47,118541.47,118284.97,118407.46,34.04744987,2025-07-31 12:30:00
1753965900000,118407.46,118644.72,118366.37,118625.81,26.82312533,2025-07-31 12:45:00
1753966800000,118625.81,118625.82,118275.55,118275.55,18.68358994,2025-07-31 13:00:00
1753967700000,118275.55,118355.59,118108.0,118146.23,40.79747412,2025-07-31 13:15:00
1753968600000,118146.23,118586.15,117814.24,118329.41,74.02478652,2025-07-31 13:30:00
1753969500000,118329.41,118693.41,118279.41,118556.47,36.22688528,2025-07-31 13:45:00
1753970400000,118556.47,118659.61,118265.55,118319.51,28.26470852,2025-07-31 14:00:00
1753971300000,118319.51,118370.85,117924.0,117978.55,74.19787327,2025-07-31 14:15:00
1753972200000,117978.55,118227.97,117901.14,118045.53,96.16706138,2025-07-31 14:30:00
1753973100000,118045.53,118186.49,117908.54,117912.74,65.02507707,2025-07-31 14:45:00
1753974000000,117912.74,118199.41,117900.03,118032.05,44.29910941,2025-07-31 15:00:00
1753974900000,118032.05,118199.56,117895.48,118034.7,163.38261711,2025-07-31 15:15:00
1753975800000,118034.7,118342.8,118034.7,118292.13,44.16338144,2025-07-31 15:30:00
1753976700000,118292.13,118350.73,118127.33,118306.04,61.91933624,2025-07-31 15:45:00
1753977600000,118306.04,118424.96,118242.14,118347.97,89.54078962,2025-07-31 16:00:00
1753978500000,118347.97,118542.85,118347.97,118542.84,32.22890391,2025-07-31 16:15:00
1753979400000,118542.84,118878.55,118542.84,118628.32,155.39797236,2025-07-31 16:30:00
1753980300000,118628.32,118663.14,118404.51,118537.95,39.89679057,2025-07-31 16:45:00
1753981200000,118537.95,118557.16,118199.41,118283.53,32.93130125,2025-07-31 17:00:00
1753982100000,118283.53,118384.41,117764.59,117867.13,74.3187563,2025-07-31 17:15:00
1753983000000,117867.13,118140.4,117745.58,118077.83,74.13367278,2025-07-31 17:30:00
1753983900000,118077.83,118224.31,117712.53,117728.44,114.31760133,2025-07-31 17:45:00
1753984800000,117728.44,117796.59,117400.48,117542.57,90.65730005,2025-07-31 18:00:00
1753985700000,117542.57,117930.44,117400.58,117930.43,81.04427935,2025-07-31 18:15:00
1753986600000,117930.43,117989.89,117789.66,117826.36,65.22243859,2025-07-31 18:30:00
1753987500000,117826.36,117941.74,117605.38,117658.82,54.74017487,2025-07-31 18:45:00
1753988400000,117658.82,117762.07,117225.0,117300.57,101.0094569,2025-07-31 19:00:00
1753989300000,117300.57,117359.44,117124.02,117160.04,77.44980395,2025-07-31 19:15:00
1753990200000,117160.04,117193.76,116868.0,116948.58,87.21602763,2025-07-31 19:30:00
1753991100000,116948.58,117006.17,116763.98,116786.33,68.59659485,2025-07-31 19:45:00
1753992000000,116786.33,116990.56,116562.49,116641.41,105.57084438,2025-07-31 20:00:00
1753992900000,116641.41,116833.54,116472.57,116765.62,77.65194401,2025-07-31 20:15:00
1753993800000,116765.62,116930.47,116455.51,116569.41,82.06193777,2025-07-31 20:30:00
1753994700000,116569.41,116630.41,116450.58,116514.5,62.14093263,2025-07-31 20:45:00
1753995600000,116514.5,116754.58,116485.82,116548.5,79.34670771,2025-07-31 21:00:00
1753996500000,116548.5,116783.57,116524.58,116783.57,37.2567779,2025-07-31 21:15:00
1753997400000,116783.57,116910.17,116653.8,116736.6,53.33953105,2025-07-31 21:30:00
1753998300000,116736.6,116779.49,116231.7,116537.54,83.36865149,2025-07-31 21:45:00
1753999200000,116537.54,116537.55,116116.57,116294.59,101.2733177,2025-07-31 22:00:00
1754000100000,116294.59,116399.16,116116.58,116290.65,71.72513004,2025-07-31 22:15:00
1754001000000,116290.65,116297.57,116085.47,116214.42,88.85057886,2025-07-31 22:30:00
1754001900000,116214.42,116278.61,116011.17,116011.17,59.98115091,2025-07-31 22:45:00
1754002800000,116011.17,116363.36,115942.58,116363.36,93.56697313,2025-07-31 23:00:00
1754003700000,116363.36,116363.36,116040.76,116040.77,43.65120228,2025-07-31 23:15:00
1754004600000,116040.77,116040.79,115500.58,115744.15,127.3874657,2025-07-31 23:30:00
1754005500000,115744.15,115860.57,115574.0,115764.46,100.05367831,2025-07-31 23:45:00
