timestamp,open,high,low,close,volume,datetime
1754006400000,115764.46,115829.9,115310.07,115313.53,98.20134613,2025-08-01 00:00:00
1754007300000,115313.53,115933.48,115313.53,115800.5,144.82730251,2025-08-01 00:15:00
1754008200000,115800.5,115800.5,115427.82,115527.35,70.37660128,2025-08-01 00:30:00
1754009100000,115527.35,115528.04,114323.86,115427.83,196.91262619,2025-08-01 00:45:00
1754010000000,115427.83,115610.37,114600.51,114656.21,196.68366185,2025-08-01 01:00:00
1754010900000,114656.21,115271.71,114639.16,115190.95,147.55196679,2025-08-01 01:15:00
1754011800000,115190.95,115414.48,115000.0,115296.9,97.01113684,2025-08-01 01:30:00
1754012700000,115296.9,115408.2,115060.6,115333.45,82.85682876,2025-08-01 01:45:00
1754013600000,115333.45,115600.58,115221.49,115600.57,67.16342556,2025-08-01 02:00:00
1754014500000,115600.57,115811.27,115512.18,115615.7,71.54756434,2025-08-01 02:15:00
1754015400000,115615.7,116019.86,115573.1,115901.12,94.3135192,2025-08-01 02:30:00
1754016300000,115901.12,116020.2,115844.54,115967.25,63.30482765,2025-08-01 02:45:00
1754017200000,115967.25,115991.82,115795.25,115817.11,71.07368242,2025-08-01 03:00:00
1754018100000,115817.11,116053.16,115817.11,116021.03,61.87795808,2025-08-01 03:15:00
1754019000000,116021.03,116036.24,115829.2,115843.09,44.77366994,2025-08-01 03:30:00
1754019900000,115843.09,115895.07,115614.04,115649.52,47.37421509,2025-08-01 03:45:00
1754020800000,115649.52,115649.52,115267.19,115409.76,60.39794082,2025-08-01 04:00:00
1754021700000,115409.76,115560.33,115381.65,115526.46,47.42314218,2025-08-01 04:15:00
1754022600000,115526.46,115627.86,115459.79,115582.63,41.31350688,2025-08-01 04:30:00
1754023500000,115582.63,115699.91,115485.83,115695.76,55.95873458,2025-08-01 04:45:00
1754024400000,115695.76,115916.49,115659.88,115847.59,52.37267668,2025-08-01 05:00:00
1754025300000,115847.59,115847.6,115481.22,115589.03,31.18441501,2025-08-01 05:15:00
1754026200000,115589.03,115754.59,115441.26,115511.85,56.4785275,2025-08-01 05:30:00
1754027100000,115511.85,115661.41,115387.06,115569.02,45.2565092,2025-08-01 05:45:00
1754028000000,115569.02,115659.22,115409.32,115425.14,48.00664675,2025-08-01 06:00:00
1754028900000,115425.14,115498.76,115243.5,115259.13,38.52871558,2025-08-01 06:15:00
1754029800000,115259.13,115322.74,115078.93,115084.92,57.82352394,2025-08-01 06:30:00
1754030700000,115084.92,115203.84,115066.27,115157.19,57.2553525,2025-08-01 06:45:00
1754031600000,115157.19,115300.66,114887.35,114975.71,98.38623707,2025-08-01 07:00:00
1754032500000,114975.71,115134.11,114840.0,114841.88,73.12054425,2025-08-01 07:15:00
1754033400000,114841.88,114888.01,114634.24,114773.96,155.34878503,2025-08-01 07:30:00
1754034300000,114773.96,115099.95,114729.53,115082.91,152.5326863,2025-08-01 07:45:00
1754035200000,115082.91,115082.91,114417.5,114671.31,147.07898553,2025-08-01 08:00:00
1754036100000,114671.31,114769.84,114351.04,114431.36,162.03409024,2025-08-01 08:15:00
1754037000000,114431.36,114641.11,114139.04,114592.0,142.88764187,2025-08-01 08:30:00
1754037900000,114592.0,114781.15,114561.11,114617.06,81.22431674,2025-08-01 08:45:00
1754038800000,114617.06,115114.05,114556.54,115005.77,82.19019183,2025-08-01 09:00:00
1754039700000,115005.77,115307.6,114969.59,115307.6,72.44412857,2025-08-01 09:15:00
1754040600000,115307.6,115340.79,115122.98,115202.31,56.60859073,2025-08-01 09:30:00
1754041500000,115202.31,115202.31,114932.69,114939.67,60.89897788,2025-08-01 09:45:00
1754042400000,114939.67,115159.66,114879.52,115159.66,39.94036639,2025-08-01 10:00:00
1754043300000,115159.66,115204.28,115011.84,115021.21,35.98056047,2025-08-01 10:15:00
1754044200000,115021.21,115029.15,114787.85,114947.06,50.6681035,2025-08-01 10:30:00
1754045100000,114947.06,115023.25,114711.1,114763.73,61.26543599,2025-08-01 10:45:00
1754046000000,114763.73,114985.18,114603.18,114985.17,43.36555926,2025-08-01 11:00:00
1754046900000,114985.17,115086.21,114793.31,115086.2,47.21911657,2025-08-01 11:15:00
1754047800000,115086.2,115231.62,115057.42,115175.94,42.86649657,2025-08-01 11:30:00
1754048700000,115175.94,115337.55,115151.48,115306.23,45.33263377,2025-08-01 11:45:00
1754049600000,115306.23,115511.08,115255.47,115500.4,61.64088707,2025-08-01 12:00:00
1754050500000,115500.4,115500.41,115220.8,115449.56,53.88876357,2025-08-01 12:15:00
1754051400000,115449.56,115883.25,115166.57,115883.24,89.50535505,2025-08-01 12:30:00
1754052300000,115883.24,115900.44,115639.33,115733.63,63.4880076,2025-08-01 12:45:00
1754053200000,115733.63,116012.18,115701.16,115781.82,80.10291047,2025-08-01 13:00:00
1754054100000,115781.82,115916.16,115525.54,115679.78,63.46765374,2025-08-01 13:15:00
1754055000000,115679.78,115679.78,114985.11,114985.12,88.18070419,2025-08-01 13:30:00
1754055900000,114985.12,115000.59,114180.0,114353.18,158.56506227,2025-08-01 13:45:00
1754056800000,114353.18,115261.0,114000.0,115053.57,134.16602171,2025-08-01 14:00:00
1754057700000,115053.57,115748.67,114921.07,115746.24,99.33469998,2025-08-01 14:15:00
1754058600000,115746.24,115831.06,115367.63,115398.43,94.63369179,2025-08-01 14:30:00
1754059500000,115398.43,115758.27,115371.73,115619.86,70.56974818,2025-08-01 14:45:00
1754060400000,115619.86,115645.63,115057.1,115133.78,60.72965183,2025-08-01 15:00:00
1754061300000,115133.78,115191.19,114675.67,114783.34,81.79433243,2025-08-01 15:15:00
1754062200000,114783.34,115219.46,114689.84,115219.45,42.72594214,2025-08-01 15:30:00
1754063100000,115219.45,115499.64,115160.14,115358.22,54.74267036,2025-08-01 15:45:00
1754064000000,115358.22,115696.03,115305.99,115620.34,37.09951134,2025-08-01 16:00:00
1754064900000,115620.34,115694.75,115493.95,115602.25,23.22736409,2025-08-01 16:15:00
1754065800000,115602.25,115602.26,115008.71,115429.25,69.62452184,2025-08-01 16:30:00
1754066700000,115429.25,115523.86,114817.44,115015.45,44.98436141,2025-08-01 16:45:00
1754067600000,115015.45,115046.51,114521.11,114593.84,96.63319974,2025-08-01 17:00:00
1754068500000,114593.84,114801.7,114500.36,114654.49,44.84677477,2025-08-01 17:15:00
1754069400000,114654.49,115091.9,114432.42,114463.32,55.70019087,2025-08-01 17:30:00
1754070300000,114463.32,114623.24,114344.3,114419.3,62.74104453,2025-08-01 17:45:00
1754071200000,114419.3,114495.9,114060.0,114124.08,75.54850363,2025-08-01 18:00:00
1754072100000,114124.08,114373.87,113691.13,114153.76,108.09108934,2025-08-01 18:15:00
1754073000000,114153.76,114340.63,114063.93,114186.91,44.17409593,2025-08-01 18:30:00
1754073900000,114186.91,114221.72,113737.75,113835.93,51.15629711,2025-08-01 18:45:00
1754074800000,113835.93,113921.53,113654.93,113679.8,54.46833906,2025-08-01 19:00:00
1754075700000,113679.8,113724.83,113252.01,113396.92,89.42951754,2025-08-01 19:15:00
1754076600000,113396.92,113894.78,113222.67,113246.73,87.56472172,2025-08-01 19:30:00
1754077500000,113246.73,113616.18,113246.73,113329.56,131.89603375,2025-08-01 19:45:00
1754078400000,113329.56,113651.15,113169.35,113305.78,84.2978787,2025-08-01 20:00:00
1754079300000,113305.78,113628.93,113187.4,113485.04,73.96703183,2025-08-01 20:15:00
1754080200000,113485.04,113716.46,113409.59,113621.12,49.91788206,2025-08-01 20:30:00
1754081100000,113621.12,113981.14,113589.9,113952.23,94.58958068,2025-08-01 20:45:00
1754082000000,113952.23,114068.27,113842.78,113859.88,52.63428707,2025-08-01 21:00:00
1754082900000,113859.88,114019.14,113714.74,114011.86,27.16308536,2025-08-01 21:15:00
1754083800000,114011.86,114095.22,113954.34,113962.99,26.31222725,2025-08-01 21:30:00
1754084700000,113962.99,114088.02,113887.22,113893.15,18.71712355,2025-08-01 21:45:00
1754085600000,113893.15,114011.83,113506.54,113646.77,38.2527797,2025-08-01 22:00:00
1754086500000,113646.77,113808.17,113180.88,113449.86,69.74584957,2025-08-01 22:15:00
1754087400000,113449.86,113495.41,112888.93,113067.03,128.33911001,2025-08-01 22:30:00
1754088300000,113067.03,113253.81,112723.54,113142.14,120.95314322,2025-08-01 22:45:00
1754089200000,113142.14,113357.03,112909.41,113312.22,55.19551254,2025-08-01 23:00:00
1754090100000,113312.22,113561.3,113239.56,113550.53,41.10596568,2025-08-01 23:15:00
1754091000000,113550.53,113550.54,113225.42,113345.68,48.38290358,2025-08-01 23:30:00
1754091900000,113345.68,113400.89,113212.24,113298.82,52.31688891,2025-08-01 23:45:00
1754092800000,113298.82,113422.02,113199.52,113353.24,53.00369546,2025-08-02 00:00:00
1754093700000,113353.24,113609.46,113338.22,113565.77,37.93160304,2025-08-02 00:15:00
1754094600000,113565.77,113691.17,113436.99,113625.2,36.24845635,2025-08-02 00:30:00
1754095500000,113625.2,113844.96,113625.2,113823.48,36.56189196,2025-08-02 00:45:00
1754096400000,113823.48,113909.99,113671.54,113782.01,36.26151112,2025-08-02 01:00:00
1754097300000,113782.01,113865.11,113513.32,113560.5,28.9372929,2025-08-02 01:15:00
1754098200000,113560.5,113637.83,113421.29,113551.38,24.53646096,2025-08-02 01:30:00
1754099100000,113551.38,113679.82,113506.82,113674.89,30.03825241,2025-08-02 01:45:00
1754100000000,113674.89,113767.07,113611.51,113739.54,19.13915056,2025-08-02 02:00:00
1754100900000,113739.54,113739.55,113534.95,113639.72,20.24790156,2025-08-02 02:15:00
1754101800000,113639.72,113728.33,113623.04,113675.7,15.63642387,2025-08-02 02:30:00
1754102700000,113675.7,113720.7,113611.7,113703.03,17.11890036,2025-08-02 02:45:00
1754103600000,113703.03,113904.65,113703.03,113880.83,23.50829497,2025-08-02 03:00:00
1754104500000,113880.83,113880.83,113766.28,113810.74,18.00838328,2025-08-02 03:15:00
1754105400000,113810.74,113860.29,113760.23,113853.55,11.91246429,2025-08-02 03:30:00
1754106300000,113853.55,113910.78,113811.43,113910.78,24.53634671,2025-08-02 03:45:00
1754107200000,113910.78,113937.0,113850.9,113855.37,23.39469596,2025-08-02 04:00:00
1754108100000,113855.37,113994.45,113820.9,113994.44,24.01962916,2025-08-02 04:15:00
1754109000000,113994.44,114057.57,113994.44,114022.34,33.56118128,2025-08-02 04:30:00
1754109900000,114022.34,114040.12,114005.52,114026.0,23.94823584,2025-08-02 04:45:00
1754110800000,114026.0,114057.56,113886.65,113886.67,36.57547449,2025-08-02 05:00:00
1754111700000,113886.67,114050.25,113855.3,114050.21,25.3268329,2025-08-02 05:15:00
1754112600000,114050.21,114050.22,113968.12,113968.65,35.51349061,2025-08-02 05:30:00
1754113500000,113968.65,114004.6,113916.97,113981.12,22.82374009,2025-08-02 05:45:00
1754114400000,113981.12,113981.12,113823.87,113834.74,56.25587156,2025-08-02 06:00:00
1754115300000,113834.74,113834.74,113561.26,113561.34,62.92294845,2025-08-02 06:15:00
1754116200000,113561.34,113653.7,113468.29,113553.76,66.53788462,2025-08-02 06:30:00
1754117100000,113553.76,113738.66,113553.76,113696.92,31.41361126,2025-08-02 06:45:00
1754118000000,113696.92,113772.25,113555.34,113678.76,27.05321462,2025-08-02 07:00:00
1754118900000,113678.76,113937.25,113678.76,113931.82,37.34205814,2025-08-02 07:15:00
1754119800000,113931.82,113971.45,113848.37,113915.9,30.80831204,2025-08-02 07:30:00
1754120700000,113915.9,114020.37,113915.88,113981.68,36.79718529,2025-08-02 07:45:00
1754121600000,113981.68,113997.19,113942.05,113967.08,27.55811609,2025-08-02 08:00:00
1754122500000,113967.08,114039.37,113876.45,113876.45,23.6913024,2025-08-02 08:15:00
1754123400000,113876.45,113879.11,113722.15,113723.36,32.57621342,2025-08-02 08:30:00
1754124300000,113723.36,113823.53,113675.92,113681.08,33.92863889,2025-08-02 08:45:00
1754125200000,113681.08,113836.91,113681.07,113803.54,29.9136508,2025-08-02 09:00:00
1754126100000,113803.54,113851.25,113718.06,113718.07,29.71236535,2025-08-02 09:15:00
1754127000000,113718.07,113718.07,113571.5,113571.55,28.88457145,2025-08-02 09:30:00
1754127900000,113571.55,113690.19,113571.55,113690.18,20.23770449,2025-08-02 09:45:00
1754128800000,113690.18,113703.5,113595.52,113607.62,20.94380464,2025-08-02 10:00:00
1754129700000,113607.62,113685.91,113500.65,113648.74,32.67330348,2025-08-02 10:15:00
1754130600000,113648.74,113648.75,113429.88,113439.87,30.876874,2025-08-02 10:30:00
1754131500000,113439.87,113646.19,113439.87,113550.97,24.05550475,2025-08-02 10:45:00
1754132400000,113550.97,113638.25,113451.92,113492.6,19.74136415,2025-08-02 11:00:00
1754133300000,113492.6,113868.49,113492.59,113860.5,23.44232303,2025-08-02 11:15:00
1754134200000,113860.5,113914.73,113800.54,113800.54,28.71696219,2025-08-02 11:30:00
1754135100000,113800.54,113843.61,113736.72,113787.74,26.9952107,2025-08-02 11:45:00
1754136000000,113787.74,113787.76,113709.81,113719.77,20.00899744,2025-08-02 12:00:00
1754136900000,113719.77,113750.84,113688.06,113715.57,25.59964237,2025-08-02 12:15:00
1754137800000,113715.57,113746.26,113572.75,113576.67,29.054819,2025-08-02 12:30:00
1754138700000,113576.67,113684.85,113565.67,113620.87,43.16994079,2025-08-02 12:45:00
1754139600000,113620.87,113630.87,113451.11,113451.12,37.7301928,2025-08-02 13:00:00
1754140500000,113451.12,113476.84,113285.75,113285.76,41.56625496,2025-08-02 13:15:00
1754141400000,113285.76,113472.76,113219.11,113351.94,51.50489738,2025-08-02 13:30:00
1754142300000,113351.94,113527.53,113332.22,113458.97,36.17870939,2025-08-02 13:45:00
1754143200000,113458.97,113531.13,113351.69,113351.69,28.88097861,2025-08-02 14:00:00
1754144100000,113351.69,113351.7,113125.39,113263.74,40.53773905,2025-08-02 14:15:00
1754145000000,113263.74,113263.75,112978.07,113001.12,57.88182462,2025-08-02 14:30:00
1754145900000,113001.12,113165.06,112940.52,113100.97,51.79452125,2025-08-02 14:45:00
1754146800000,113100.97,113276.47,113091.08,113261.49,32.63748088,2025-08-02 15:00:00
1754147700000,113261.49,113420.87,113245.96,113245.96,42.52155046,2025-08-02 15:15:00
1754148600000,113245.96,113245.97,112967.87,113028.23,32.51530235,2025-08-02 15:30:00
1754149500000,113028.23,113045.09,112807.27,112839.58,39.60285643,2025-08-02 15:45:00
1754150400000,112839.58,112977.61,112709.41,112765.51,47.64764942,2025-08-02 16:00:00
1754151300000,112765.51,112999.01,112719.06,112915.0,43.30335037,2025-08-02 16:15:00
1754152200000,112915.0,113152.88,112864.25,113105.95,35.6272874,2025-08-02 16:30:00
1754153100000,113105.95,113260.29,112980.99,113199.27,20.95524683,2025-08-02 16:45:00
1754154000000,113199.27,113382.09,113158.88,113354.31,28.76843045,2025-08-02 17:00:00
1754154900000,113354.31,113419.01,113267.35,113358.88,23.74288108,2025-08-02 17:15:00
1754155800000,113358.88,113368.87,113110.74,113137.81,19.94862425,2025-08-02 17:30:00
1754156700000,113137.81,113137.81,112592.62,112723.75,34.0493993,2025-08-02 17:45:00
1754157600000,112723.75,112919.73,112500.07,112500.08,39.76690305,2025-08-02 18:00:00
1754158500000,112500.08,112729.87,112340.44,112385.14,59.343139,2025-08-02 18:15:00
1754159400000,112385.14,112583.89,112299.33,112501.34,38.88834355,2025-08-02 18:30:00
1754160300000,112501.34,112525.73,112098.64,112327.23,50.18025494,2025-08-02 18:45:00
1754161200000,112327.23,112421.37,112002.11,112046.09,48.89238459,2025-08-02 19:00:00
1754162100000,112046.09,112710.97,112014.35,112706.2,49.84576103,2025-08-02 19:15:00
1754163000000,112706.2,112946.19,112618.99,112762.13,41.80538088,2025-08-02 19:30:00
1754163900000,112762.13,112762.13,112222.44,112229.57,29.80278533,2025-08-02 19:45:00
1754164800000,112229.57,112377.93,112069.91,112353.06,33.36043626,2025-08-02 20:00:00
1754165700000,112353.06,112483.35,112100.41,112428.19,27.48836289,2025-08-02 20:15:00
1754166600000,112428.19,112428.19,112300.14,112425.39,29.4746381,2025-08-02 20:30:00
1754167500000,112425.39,112780.09,112363.28,112780.08,37.68634414,2025-08-02 20:45:00
1754168400000,112780.08,112934.55,112595.8,112603.9,21.06555924,2025-08-02 21:00:00
1754169300000,112603.9,112702.02,112561.75,112591.24,20.46321788,2025-08-02 21:15:00
1754170200000,112591.24,112901.14,112591.24,112866.67,27.99924553,2025-08-02 21:30:00
1754171100000,112866.67,113059.06,112844.36,112859.35,20.62820801,2025-08-02 21:45:00
1754172000000,112859.35,113011.6,112824.24,112824.24,25.25973434,2025-08-02 22:00:00
1754172900000,112824.24,112840.53,112554.43,112586.58,18.98493388,2025-08-02 22:15:00
1754173800000,112586.58,112850.13,112586.58,112795.95,13.82799979,2025-08-02 22:30:00
1754174700000,112795.95,112957.17,112793.91,112862.42,18.91422641,2025-08-02 22:45:00
1754175600000,112862.42,112874.1,112563.16,112615.27,24.04419258,2025-08-02 23:00:00
1754176500000,112615.27,112717.22,112308.67,112308.67,52.38388861,2025-08-02 23:15:00
1754177400000,112308.67,112765.91,112280.68,112706.23,34.50913408,2025-08-02 23:30:00
1754178300000,112706.23,112765.6,112511.38,112546.17,17.1799057,2025-08-02 23:45:00
1754179200000,112546.17,112722.45,112506.92,112658.97,29.2110114,2025-08-03 00:00:00
1754180100000,112658.97,112789.14,112292.32,112371.06,25.23769118,2025-08-03 00:15:00
1754181000000,112371.06,112703.5,111951.01,112635.62,48.27500303,2025-08-03 00:30:00
1754181900000,112635.62,112993.38,112605.29,112957.17,21.57940567,2025-08-03 00:45:00
1754182800000,112957.17,113141.1,112842.56,113021.13,32.11294405,2025-08-03 01:00:00
1754183700000,113021.13,113203.68,112931.12,113202.09,19.8067869,2025-08-03 01:15:00
1754184600000,113202.09,113271.02,113141.11,113201.88,21.99881114,2025-08-03 01:30:00
1754185500000,113201.88,113201.89,112981.34,113108.75,20.05240173,2025-08-03 01:45:00
1754186400000,113108.75,113400.77,113100.77,113400.76,42.65990073,2025-08-03 02:00:00
1754187300000,113400.76,113425.75,113283.36,113357.84,44.73649939,2025-08-03 02:15:00
1754188200000,113357.84,113441.76,113357.83,113428.51,15.99813368,2025-08-03 02:30:00
1754189100000,113428.51,113518.36,113351.67,113518.35,12.05347911,2025-08-03 02:45:00
1754190000000,113518.35,113538.69,113445.53,113466.78,14.5192267,2025-08-03 03:00:00
1754190900000,113466.78,113557.01,113451.0,113518.37,18.082935,2025-08-03 03:15:00
1754191800000,113518.37,113725.82,113518.37,113715.24,16.89502263,2025-08-03 03:30:00
1754192700000,113715.24,113741.51,113605.0,113605.01,17.98683199,2025-08-03 03:45:00
1754193600000,113605.01,113605.01,113420.8,113420.8,19.00397059,2025-08-03 04:00:00
1754194500000,113420.8,113531.08,113408.71,113528.86,11.50891769,2025-08-03 04:15:00
1754195400000,113528.86,113528.87,113341.88,113388.8,20.74222415,2025-08-03 04:30:00
1754196300000,113388.8,113475.25,113346.07,113469.26,8.78296138,2025-08-03 04:45:00
1754197200000,113469.26,113508.85,113409.08,113495.85,10.19147925,2025-08-03 05:00:00
1754198100000,113495.85,113600.36,113487.28,113596.18,12.05047619,2025-08-03 05:15:00
1754199000000,113596.18,113659.92,113534.19,113547.1,18.99112389,2025-08-03 05:30:00
1754199900000,113547.1,113624.78,113487.79,113619.46,5.80355266,2025-08-03 05:45:00
1754200800000,113619.46,113637.45,113526.75,113526.75,15.09214594,2025-08-03 06:00:00
1754201700000,113526.75,113588.66,113506.25,113542.88,7.96102746,2025-08-03 06:15:00
1754202600000,113542.88,113587.23,113473.46,113478.9,9.45347727,2025-08-03 06:30:00
1754203500000,113478.9,113559.64,113478.89,113559.64,7.60120121,2025-08-03 06:45:00
1754204400000,113559.64,113682.66,113559.64,113676.55,21.98840026,2025-08-03 07:00:00
1754205300000,113676.55,113714.01,113630.6,113714.01,12.78633794,2025-08-03 07:15:00
1754206200000,113714.01,113720.86,113667.44,113701.15,14.27355309,2025-08-03 07:30:00
1754207100000,113701.15,113701.15,113664.44,113701.14,22.41073396,2025-08-03 07:45:00
1754208000000,113701.14,113781.01,113701.13,113781.0,25.16132694,2025-08-03 08:00:00
1754208900000,113781.0,113791.14,113681.76,113681.76,23.31779243,2025-08-03 08:15:00
1754209800000,113681.76,113681.77,113582.53,113601.08,25.60075526,2025-08-03 08:30:00
1754210700000,113601.08,113698.16,113552.14,113693.15,13.83946489,2025-08-03 08:45:00
1754211600000,113693.15,113711.65,113639.85,113675.11,17.15540172,2025-08-03 09:00:00
1754212500000,113675.11,113692.86,113631.71,113661.09,12.82482861,2025-08-03 09:15:00
1754213400000,113661.09,113693.44,113635.47,113663.87,11.31284553,2025-08-03 09:30:00
1754214300000,113663.87,113688.03,113649.24,113655.92,10.40224827,2025-08-03 09:45:00
1754215200000,113655.92,113772.51,113655.92,113772.51,11.78530111,2025-08-03 10:00:00
1754216100000,113772.51,113781.04,113749.14,113765.27,9.74456957,2025-08-03 10:15:00
1754217000000,113765.27,113830.3,113720.94,113811.35,17.98937379,2025-08-03 10:30:00
1754217900000,113811.35,113900.87,113806.82,113900.86,11.62141817,2025-08-03 10:45:00
1754218800000,113900.86,114261.09,113900.84,114232.76,48.84088126,2025-08-03 11:00:00
1754219700000,114232.76,114232.77,113997.3,114005.04,29.20750361,2025-08-03 11:15:00
1754220600000,114005.04,114006.66,113901.42,113947.42,14.17662442,2025-08-03 11:30:00
1754221500000,113947.42,114052.56,113863.2,113863.2,16.17652638,2025-08-03 11:45:00
1754222400000,113863.2,113884.77,113687.46,113743.88,19.18510802,2025-08-03 12:00:00
1754223300000,113743.88,113801.11,113657.45,113789.11,15.47339051,2025-08-03 12:15:00
1754224200000,113789.11,114001.07,113766.96,114001.07,12.93514901,2025-08-03 12:30:00
1754225100000,114001.07,114099.17,113967.62,114010.75,13.65661802,2025-08-03 12:45:00
1754226000000,114010.75,114096.05,113932.19,114072.29,13.02692146,2025-08-03 13:00:00
1754226900000,114072.29,114075.71,113803.75,113846.72,13.77856996,2025-08-03 13:15:00
1754227800000,113846.72,113985.87,113846.71,113894.5,9.29539383,2025-08-03 13:30:00
1754228700000,113894.5,113943.74,113811.46,113939.3,9.92537703,2025-08-03 13:45:00
1754229600000,113939.3,114065.56,113758.15,113828.77,10.65124512,2025-08-03 14:00:00
1754230500000,113828.77,113874.75,113579.83,113642.01,17.46400548,2025-08-03 14:15:00
1754231400000,113642.01,113852.52,113614.08,113818.8,12.28506261,2025-08-03 14:30:00
1754232300000,113818.8,113830.24,113719.93,113792.12,6.70377511,2025-08-03 14:45:00
1754233200000,113792.12,113792.13,113679.85,113768.04,9.51123471,2025-08-03 15:00:00
1754234100000,113768.04,113873.77,113759.1,113844.7,6.68464459,2025-08-03 15:15:00
1754235000000,113844.7,113957.81,113674.1,113933.99,19.23243193,2025-08-03 15:30:00
1754235900000,113933.99,113965.95,113890.76,113958.79,6.92569314,2025-08-03 15:45:00
1754236800000,113958.79,113958.79,113775.43,113783.05,14.75628417,2025-08-03 16:00:00
1754237700000,113783.05,113880.38,113775.37,113877.0,9.92056783,2025-08-03 16:15:00
1754238600000,113877.0,113977.55,113877.0,113963.46,11.4722303,2025-08-03 16:30:00
1754239500000,113963.46,114026.11,113911.28,113994.5,10.08407825,2025-08-03 16:45:00
1754240400000,113994.5,114154.65,113989.42,114127.12,13.00139989,2025-08-03 17:00:00
1754241300000,114127.12,114152.88,114006.48,114018.98,10.14034528,2025-08-03 17:15:00
1754242200000,114018.98,114105.59,113952.83,113954.57,7.07749409,2025-08-03 17:30:00
1754243100000,113954.57,114116.65,113954.57,114116.65,8.44506308,2025-08-03 17:45:00
1754244000000,114116.65,114119.46,114059.56,114118.93,10.31004459,2025-08-03 18:00:00
1754244900000,114118.93,114455.7,114075.92,114301.63,16.71087446,2025-08-03 18:15:00
1754245800000,114301.63,114370.46,114126.54,114338.87,9.90407073,2025-08-03 18:30:00
1754246700000,114338.87,114424.41,114315.76,114379.87,11.65304543,2025-08-03 18:45:00
1754247600000,114379.87,114484.61,114293.77,114391.49,11.08604993,2025-08-03 19:00:00
1754248500000,114391.49,114634.5,114391.48,114521.57,16.83162854,2025-08-03 19:15:00
1754249400000,114521.57,114782.07,114412.48,114412.49,28.47286761,2025-08-03 19:30:00
1754250300000,114412.49,114479.84,114259.91,114313.15,12.09337515,2025-08-03 19:45:00
1754251200000,114313.15,114313.15,114182.38,114242.7,17.48844968,2025-08-03 20:00:00
1754252100000,114242.7,114246.19,114163.38,114202.39,6.75378967,2025-08-03 20:15:00
1754253000000,114202.39,114410.28,114172.73,114403.27,7.03338779,2025-08-03 20:30:00
1754253900000,114403.27,114466.38,114374.69,114427.58,6.27946324,2025-08-03 20:45:00
1754254800000,114427.58,114518.95,114383.1,114518.95,9.34814979,2025-08-03 21:00:00
1754255700000,114518.95,114521.15,114441.72,114482.04,15.49735428,2025-08-03 21:15:00
1754256600000,114482.04,114506.12,114362.85,114362.89,13.32049532,2025-08-03 21:30:00
1754257500000,114362.89,114485.0,114362.89,114434.92,8.36572801,2025-08-03 21:45:00
1754258400000,114434.92,114611.1,114211.39,114227.08,19.91894451,2025-08-03 22:00:00
1754259300000,114227.08,114244.55,114065.45,114112.9,10.09200605,2025-08-03 22:15:00
1754260200000,114112.9,114262.36,114112.88,114262.35,6.27966735,2025-08-03 22:30:00
1754261100000,114262.35,114368.58,114244.53,114323.85,9.55316337,2025-08-03 22:45:00
1754262000000,114323.85,114399.02,114267.4,114392.45,10.62917956,2025-08-03 23:00:00
1754262900000,114392.45,114498.97,114269.7,114269.7,15.1165281,2025-08-03 23:15:00
1754263800000,114269.7,114297.59,114212.8,114236.9,7.6970869,2025-08-03 23:30:00
1754264700000,114236.9,114236.9,114174.95,114207.74,7.75334009,2025-08-03 23:45:00
1754265600000,114207.74,114330.63,114106.55,114157.98,27.27310093,2025-08-04 00:00:00
1754266500000,114157.98,114398.86,114112.3,114349.33,18.08996761,2025-08-04 00:15:00
1754267400000,114349.33,114589.86,114291.34,114589.84,11.1308599,2025-08-04 00:30:00
1754268300000,114589.84,114913.46,114589.84,114899.07,27.2472999,2025-08-04 00:45:00
1754269200000,114899.07,114999.34,114659.32,114757.0,25.26524096,2025-08-04 01:00:00
1754270100000,114757.0,114920.2,114619.36,114824.42,17.38535322,2025-08-04 01:15:00
1754271000000,114824.42,114933.94,114712.63,114727.46,16.90882232,2025-08-04 01:30:00
1754271900000,114727.46,114785.06,114644.29,114671.32,11.42442272,2025-08-04 01:45:00
1754272800000,114671.32,114731.86,114418.14,114461.36,23.29823171,2025-08-04 02:00:00
1754273700000,114461.36,114744.33,114452.92,114711.64,19.64286855,2025-08-04 02:15:00
1754274600000,114711.64,114877.27,114575.08,114583.11,11.56484753,2025-08-04 02:30:00
1754275500000,114583.11,114797.02,114568.16,114797.01,14.33712602,2025-08-04 02:45:00
1754276400000,114797.01,114798.12,114699.09,114712.93,12.88604369,2025-08-04 03:00:00
1754277300000,114712.93,114762.04,114680.67,114694.13,10.00364559,2025-08-04 03:15:00
1754278200000,114694.13,114694.13,114526.95,114653.65,8.35140706,2025-08-04 03:30:00
1754279100000,114653.65,114659.19,114569.87,114569.87,8.63804191,2025-08-04 03:45:00
1754280000000,114569.87,114652.78,114569.87,114619.12,9.05586117,2025-08-04 04:00:00
1754280900000,114619.12,114619.13,114499.16,114597.12,9.9389554,2025-08-04 04:15:00
1754281800000,114597.12,114597.13,114388.2,114388.2,15.35861652,2025-08-04 04:30:00
1754282700000,114388.2,114434.04,114345.04,114382.7,14.49547065,2025-08-04 04:45:00
1754283600000,114382.7,114409.73,114289.23,114336.24,10.59186812,2025-08-04 05:00:00
1754284500000,114336.24,114336.24,114225.48,114225.54,14.73155263,2025-08-04 05:15:00
1754285400000,114225.54,114298.31,114187.15,114234.99,14.34809715,2025-08-04 05:30:00
1754286300000,114234.99,114417.51,114221.21,114390.11,11.62993695,2025-08-04 05:45:00
1754287200000,114390.11,114441.13,114264.45,114264.45,19.41496005,2025-08-04 06:00:00
1754288100000,114264.45,114317.02,114147.54,114249.2,18.42384437,2025-08-04 06:15:00
1754289000000,114249.2,114446.41,114187.37,114385.93,11.76627178,2025-08-04 06:30:00
1754289900000,114385.93,114481.49,114301.27,114422.69,8.86478224,2025-08-04 06:45:00
1754290800000,114422.69,114545.08,114401.38,114537.6,17.38084759,2025-08-04 07:00:00
1754291700000,114537.6,114542.04,114488.63,114500.86,15.30942965,2025-08-04 07:15:00
1754292600000,114500.86,114678.85,114488.64,114678.28,19.57500834,2025-08-04 07:30:00
1754293500000,114678.28,114777.35,114651.82,114651.82,14.39737346,2025-08-04 07:45:00
1754294400000,114651.82,114741.1,114607.26,114643.64,18.60630868,2025-08-04 08:00:00
1754295300000,114643.64,114748.88,114458.81,114458.81,18.63363269,2025-08-04 08:15:00
1754296200000,114458.81,114617.47,114359.6,114542.19,16.57495243,2025-08-04 08:30:00
1754297100000,114542.19,114591.27,114455.27,114545.6,15.63249772,2025-08-04 08:45:00
1754298000000,114545.6,114635.16,114544.54,114589.49,11.56752417,2025-08-04 09:00:00
1754298900000,114589.49,114743.96,114454.38,114630.45,16.39880623,2025-08-04 09:15:00
1754299800000,114630.45,114699.03,114500.16,114500.18,13.19280347,2025-08-04 09:30:00
1754300700000,114500.18,114500.18,114302.17,114325.82,17.75670118,2025-08-04 09:45:00
1754301600000,114325.82,114448.18,114287.17,114448.16,13.47728784,2025-08-04 10:00:00
1754302500000,114448.16,114505.91,114348.86,114348.87,19.81379488,2025-08-04 10:15:00
1754303400000,114348.87,114447.97,114326.41,114344.77,11.68709154,2025-08-04 10:30:00
1754304300000,114344.77,114375.09,114234.33,114251.59,10.98901136,2025-08-04 10:45:00
1754305200000,114251.59,114367.09,114217.76,114316.98,8.62085928,2025-08-04 11:00:00
1754306100000,114316.98,114367.03,114237.24,114367.02,11.81349,2025-08-04 11:15:00
1754307000000,114367.02,114433.7,114337.68,114419.33,22.0748015,2025-08-04 11:30:00
1754307900000,114419.33,114517.82,114375.49,114493.08,28.13594839,2025-08-04 11:45:00
1754308800000,114493.08,114534.88,114446.72,114498.76,27.42566195,2025-08-04 12:00:00
1754309700000,114498.76,114509.7,114374.24,114425.87,21.58362106,2025-08-04 12:15:00
1754310600000,114425.87,114445.96,114335.89,114381.65,20.14451544,2025-08-04 12:30:00
1754311500000,114381.65,114448.88,114326.81,114443.24,22.33585787,2025-08-04 12:45:00
1754312400000,114443.24,114499.28,114337.08,114406.26,31.10480528,2025-08-04 13:00:00
1754313300000,114406.26,114456.84,114187.36,114202.18,26.02326685,2025-08-04 13:15:00
1754314200000,114202.18,114787.09,114120.02,114787.08,57.53851473,2025-08-04 13:30:00
1754315100000,114787.08,114912.93,114553.99,114912.93,80.74429354,2025-08-04 13:45:00
1754316000000,114912.93,115464.86,114907.64,115241.08,121.30432683,2025-08-04 14:00:00
1754316900000,115241.08,115417.85,115185.92,115417.84,106.22219481,2025-08-04 14:15:00
1754317800000,115417.84,115464.01,114973.85,115004.84,54.90416785,2025-08-04 14:30:00
1754318700000,115004.84,115160.58,114653.59,114737.33,71.25166484,2025-08-04 14:45:00
1754319600000,114737.33,115022.6,114668.34,114988.83,55.83429856,2025-08-04 15:00:00
1754320500000,114988.83,115019.59,114779.11,114779.11,28.03238891,2025-08-04 15:15:00
1754321400000,114779.11,114913.34,114559.69,114717.66,28.43313021,2025-08-04 15:30:00
1754322300000,114717.66,114871.55,114599.36,114825.3,39.10638662,2025-08-04 15:45:00
1754323200000,114825.3,115199.33,114825.3,115008.42,49.38382359,2025-08-04 16:00:00
1754324100000,115008.42,115137.22,114900.45,114900.46,30.01296821,2025-08-04 16:15:00
1754325000000,114900.46,115160.78,114899.41,115066.15,31.06574064,2025-08-04 16:30:00
1754325900000,115066.15,115404.4,115066.15,115299.97,65.503141,2025-08-04 16:45:00
1754326800000,115299.97,115695.84,115251.24,115695.83,56.01231216,2025-08-04 17:00:00
1754327700000,115695.83,115718.9,115430.79,115508.77,42.92788715,2025-08-04 17:15:00
1754328600000,115508.77,115534.76,115218.54,115241.22,33.54227769,2025-08-04 17:30:00
1754329500000,115241.22,115293.44,115146.93,115192.32,23.28174211,2025-08-04 17:45:00
1754330400000,115192.32,115267.03,115077.27,115077.29,22.67179736,2025-08-04 18:00:00
1754331300000,115077.29,115311.79,115054.68,115273.07,18.24798667,2025-08-04 18:15:00
1754332200000,115273.07,115273.08,115047.85,115068.42,26.40344051,2025-08-04 18:30:00
1754333100000,115068.42,115117.2,114912.75,114956.48,41.42075871,2025-08-04 18:45:00
1754334000000,114956.48,115077.4,114885.95,114970.43,79.29621008,2025-08-04 19:00:00
1754334900000,114970.43,115133.44,114894.36,114912.77,24.649091,2025-08-04 19:15:00
1754335800000,114912.77,114945.85,114774.14,114801.25,30.23970179,2025-08-04 19:30:00
1754336700000,114801.25,114844.21,114731.56,114776.5,30.35207727,2025-08-04 19:45:00
1754337600000,114776.5,114865.94,114630.04,114699.33,34.90086193,2025-08-04 20:00:00
1754338500000,114699.33,114834.62,114635.66,114727.95,18.77951105,2025-08-04 20:15:00
1754339400000,114727.95,115065.5,114727.93,115021.22,36.14885521,2025-08-04 20:30:00
1754340300000,115021.22,115021.23,114810.8,114810.8,22.71419225,2025-08-04 20:45:00
1754341200000,114810.8,115025.99,114809.6,115025.98,22.35433471,2025-08-04 21:00:00
1754342100000,115025.98,115150.28,114926.36,114993.45,18.1406078,2025-08-04 21:15:00
1754343000000,114993.45,115244.79,114970.93,115244.79,18.81466059,2025-08-04 21:30:00
1754343900000,115244.79,115257.47,115081.8,115110.0,20.41755002,2025-08-04 21:45:00
1754344800000,115110.0,115232.09,115095.63,115232.07,25.58781064,2025-08-04 22:00:00
1754345700000,115232.07,115287.17,115085.57,115085.58,16.36439565,2025-08-04 22:15:00
1754346600000,115085.58,115250.98,115085.57,115176.76,16.13964514,2025-08-04 22:30:00
1754347500000,115176.76,115324.73,115142.26,115324.73,16.3055557,2025-08-04 22:45:00
1754348400000,115324.73,115338.65,115264.73,115338.64,16.4204099,2025-08-04 23:00:00
1754349300000,115338.64,115338.66,115254.9,115304.62,13.95441879,2025-08-04 23:15:00
1754350200000,115304.62,115304.62,115205.02,115227.47,21.97206595,2025-08-04 23:30:00
1754351100000,115227.47,115227.48,115045.83,115054.06,16.95390237,2025-08-04 23:45:00
1754352000000,115054.06,115120.31,114971.39,115019.11,66.30910897,2025-08-05 00:00:00
1754352900000,115019.11,115019.12,114868.69,114899.21,19.87301233,2025-08-05 00:15:00
1754353800000,114899.21,115116.62,114889.71,114901.0,22.26274629,2025-08-05 00:30:00
1754354700000,114901.0,114998.85,114838.95,114885.91,23.45726689,2025-08-05 00:45:00
1754355600000,114885.91,115045.61,114852.33,114967.04,24.01951536,2025-08-05 01:00:00
1754356500000,114967.04,114967.05,114800.0,114885.6,28.4911145,2025-08-05 01:15:00
1754357400000,114885.6,114897.44,114748.51,114897.43,28.55952093,2025-08-05 01:30:00
1754358300000,114897.43,114932.46,114695.17,114708.09,29.3074193,2025-08-05 01:45:00
1754359200000,114708.09,114813.86,114651.56,114665.89,27.62797933,2025-08-05 02:00:00
1754360100000,114665.89,114724.49,114615.11,114615.12,19.16915158,2025-08-05 02:15:00
1754361000000,114615.12,114692.21,114615.12,114631.13,11.41399453,2025-08-05 02:30:00
1754361900000,114631.13,114828.01,114631.13,114719.47,16.76223226,2025-08-05 02:45:00
1754362800000,114719.47,114738.02,114411.92,114467.01,29.81583918,2025-08-05 03:00:00
1754363700000,114467.01,114486.26,114288.83,114336.49,44.60215925,2025-08-05 03:15:00
1754364600000,114336.49,114404.26,114266.59,114312.73,29.11275492,2025-08-05 03:30:00
1754365500000,114312.73,114352.72,114256.83,114256.83,18.17662698,2025-08-05 03:45:00
1754366400000,114256.83,114425.36,114217.33,114400.88,46.96154496,2025-08-05 04:00:00
1754367300000,114400.88,114405.71,114197.24,114249.85,34.07531701,2025-08-05 04:15:00
1754368200000,114249.85,114290.5,114149.66,114258.93,23.55253312,2025-08-05 04:30:00
1754369100000,114258.93,114376.83,114258.93,114337.9,33.44627434,2025-08-05 04:45:00
1754370000000,114337.9,114487.06,114306.81,114439.88,18.34683007,2025-08-05 05:00:00
1754370900000,114439.88,114439.89,114351.26,114393.77,17.43466059,2025-08-05 05:15:00
1754371800000,114393.77,114454.09,114244.74,114244.74,23.11789845,2025-08-05 05:30:00
1754372700000,114244.74,114432.12,114239.71,114405.77,21.41564398,2025-08-05 05:45:00
1754373600000,114405.77,114476.59,114369.16,114429.78,14.35695861,2025-08-05 06:00:00
1754374500000,114429.78,114499.79,114423.55,114475.87,15.47693354,2025-08-05 06:15:00
1754375400000,114475.87,114475.88,114294.81,114318.77,36.00640628,2025-08-05 06:30:00
1754376300000,114318.77,114318.77,114105.44,114178.28,30.90033275,2025-08-05 06:45:00
1754377200000,114178.28,114294.7,114133.24,114283.4,49.26196652,2025-08-05 07:00:00
1754378100000,114283.4,114394.84,114213.26,114213.28,21.82597604,2025-08-05 07:15:00
1754379000000,114213.28,114258.46,113746.36,114065.94,41.24876812,2025-08-05 07:30:00
1754379900000,114065.94,114203.89,113946.38,113969.42,23.89787169,2025-08-05 07:45:00
1754380800000,113969.42,114131.0,113930.32,114003.47,26.50188292,2025-08-05 08:00:00
1754381700000,114003.47,114382.34,114003.47,114368.61,18.18713176,2025-08-05 08:15:00
1754382600000,114368.61,114530.93,114258.55,114307.06,25.18591249,2025-08-05 08:30:00
1754383500000,114307.06,114342.79,114219.77,114279.94,14.34610659,2025-08-05 08:45:00
1754384400000,114279.94,114466.07,114279.94,114466.05,17.21744217,2025-08-05 09:00:00
1754385300000,114466.05,114582.79,114401.42,114575.8,12.29671746,2025-08-05 09:15:00
1754386200000,114575.8,114778.0,114511.51,114715.12,23.60752634,2025-08-05 09:30:00
1754387100000,114715.12,114791.82,114608.42,114694.07,47.37257283,2025-08-05 09:45:00
1754388000000,114694.07,114771.04,114586.01,114629.0,15.84530804,2025-08-05 10:00:00
1754388900000,114629.0,115095.62,114629.0,114958.94,16.2659643,2025-08-05 10:15:00
1754389800000,114958.94,115092.08,114865.27,114975.17,25.00824439,2025-08-05 10:30:00
1754390700000,114975.17,114975.17,114825.96,114840.17,12.23645058,2025-08-05 10:45:00
1754391600000,114840.17,114851.61,114748.82,114786.02,11.96768469,2025-08-05 11:00:00
1754392500000,114786.02,114913.03,114776.05,114902.93,9.33094044,2025-08-05 11:15:00
1754393400000,114902.93,114970.87,114769.97,114946.9,11.91129386,2025-08-05 11:30:00
1754394300000,114946.9,114946.9,114758.91,114826.05,10.35857213,2025-08-05 11:45:00
1754395200000,114826.05,114891.99,114767.89,114891.98,11.51234751,2025-08-05 12:00:00
1754396100000,114891.98,114891.98,114369.0,114529.09,22.92643145,2025-08-05 12:15:00
1754397000000,114529.09,114529.09,113501.0,113885.61,38.57575729,2025-08-05 12:30:00
1754397900000,113885.61,114098.67,113860.73,113937.55,35.47877482,2025-08-05 12:45:00
1754398800000,113937.55,114114.31,113868.21,114016.62,25.16992649,2025-08-05 13:00:00
1754399700000,114016.62,114213.96,114016.62,114172.06,25.76536464,2025-08-05 13:15:00
1754400600000,114172.06,114455.81,114048.78,114281.77,50.49889512,2025-08-05 13:30:00
1754401500000,114281.77,114573.11,114281.77,114381.85,22.74434098,2025-08-05 13:45:00
1754402400000,114381.85,114386.23,113707.28,113864.46,63.70767747,2025-08-05 14:00:00
1754403300000,113864.46,113883.52,113147.59,113248.24,95.592456,2025-08-05 14:15:00
1754404200000,113248.24,113267.64,112750.45,112776.49,91.19693401,2025-08-05 14:30:00
1754405100000,112776.49,113067.22,112657.0,113037.82,106.19885657,2025-08-05 14:45:00
1754406000000,113037.82,113250.2,112700.0,113188.77,59.38353973,2025-08-05 15:00:00
1754406900000,113188.77,113230.9,112845.42,112957.33,44.99837009,2025-08-05 15:15:00
1754407800000,112957.33,113094.71,112711.11,112795.09,50.14531287,2025-08-05 15:30:00
1754408700000,112795.09,112995.06,112717.12,112934.72,40.1032095,2025-08-05 15:45:00
1754409600000,112934.72,113150.47,112836.65,113128.69,44.68642359,2025-08-05 16:00:00
1754410500000,113128.69,113226.36,113024.3,113205.76,22.89330847,2025-08-05 16:15:00
1754411400000,113205.76,113367.78,112816.21,113046.95,27.48989015,2025-08-05 16:30:00
1754412300000,113046.95,113198.04,112866.16,113176.11,33.21434617,2025-08-05 16:45:00
1754413200000,113176.11,113252.79,113096.24,113240.31,25.04626339,2025-08-05 17:00:00
1754414100000,113240.31,113476.94,113200.29,113388.03,26.52617581,2025-08-05 17:15:00
1754415000000,113388.03,113523.84,113307.58,113340.67,21.78796168,2025-08-05 17:30:00
1754415900000,113340.67,113662.43,113257.35,113640.49,25.53071537,2025-08-05 17:45:00
1754416800000,113640.49,113653.93,113502.37,113504.42,18.851295,2025-08-05 18:00:00
1754417700000,113504.42,113598.22,113384.56,113439.91,18.80820081,2025-08-05 18:15:00
1754418600000,113439.91,113511.87,113364.48,113376.44,14.70794421,2025-08-05 18:30:00
1754419500000,113376.44,113644.25,113261.48,113644.25,30.35547956,2025-08-05 18:45:00
1754420400000,113644.25,113762.69,113603.14,113603.14,18.28037092,2025-08-05 19:00:00
1754421300000,113603.14,113705.84,113555.64,113610.85,17.58609378,2025-08-05 19:15:00
1754422200000,113610.85,113680.71,113593.66,113604.2,8.92543178,2025-08-05 19:30:00
1754423100000,113604.2,113701.72,113406.71,113615.6,18.45758187,2025-08-05 19:45:00
1754424000000,113615.6,113813.39,113615.6,113813.38,14.41323843,2025-08-05 20:00:00
1754424900000,113813.38,113989.78,113796.54,113989.77,13.31766627,2025-08-05 20:15:00
1754425800000,113989.77,113989.78,113623.91,113658.86,23.26649153,2025-08-05 20:30:00
1754426700000,113658.86,113691.22,113494.65,113691.22,14.06507171,2025-08-05 20:45:00
1754427600000,113691.22,113863.09,113670.5,113676.76,15.56931384,2025-08-05 21:00:00
1754428500000,113676.76,113849.17,113620.77,113849.14,11.07553503,2025-08-05 21:15:00
1754429400000,113849.14,113849.15,113691.34,113691.34,10.87481188,2025-08-05 21:30:00
1754430300000,113691.34,113691.36,113569.55,113606.78,12.51165796,2025-08-05 21:45:00
1754431200000,113606.78,113792.45,113304.13,113769.57,26.87680628,2025-08-05 22:00:00
1754432100000,113769.57,113872.92,113729.3,113872.92,11.09484274,2025-08-05 22:15:00
1754433000000,113872.92,113940.24,113849.72,113940.24,13.56171174,2025-08-05 22:30:00
1754433900000,113940.24,113988.91,113915.23,113961.05,14.93471375,2025-08-05 22:45:00
1754434800000,113961.05,114087.63,113918.21,114087.29,23.26083489,2025-08-05 23:00:00
1754435700000,114087.29,114133.31,114020.07,114044.71,16.01777802,2025-08-05 23:15:00
1754436600000,114044.71,114218.15,114039.98,114170.29,15.92903597,2025-08-05 23:30:00
1754437500000,114170.29,114178.89,114114.17,114129.58,12.5551657,2025-08-05 23:45:00
1754438400000,114129.58,114139.21,113954.8,114048.87,21.93925722,2025-08-06 00:00:00
1754439300000,114048.87,114048.88,113927.86,113947.47,13.35901539,2025-08-06 00:15:00
1754440200000,113947.47,114026.11,113870.24,113936.15,22.07413883,2025-08-06 00:30:00
1754441100000,113936.15,113936.16,113747.59,113878.68,33.45654605,2025-08-06 00:45:00
1754442000000,113878.68,113944.09,113770.39,113850.44,20.90085922,2025-08-06 01:00:00
1754442900000,113850.44,113891.98,113587.95,113593.24,16.98871084,2025-08-06 01:15:00
1754443800000,113593.24,113876.44,113589.0,113791.84,22.85146722,2025-08-06 01:30:00
1754444700000,113791.84,113878.87,113672.77,113819.63,19.67321221,2025-08-06 01:45:00
1754445600000,113819.63,113832.74,113490.64,113625.09,19.31802208,2025-08-06 02:00:00
1754446500000,113625.09,113737.92,113610.15,113677.16,12.85346259,2025-08-06 02:15:00
1754447400000,113677.16,113728.59,113541.79,113666.91,24.55928761,2025-08-06 02:30:00
1754448300000,113666.91,113685.47,113565.25,113622.27,19.70726565,2025-08-06 02:45:00
1754449200000,113622.27,113657.17,113498.92,113617.3,21.2827993,2025-08-06 03:00:00
1754450100000,113617.3,113617.3,113398.88,113430.88,27.10572339,2025-08-06 03:15:00
1754451000000,113430.88,113538.9,113424.24,113538.9,32.17668365,2025-08-06 03:30:00
1754451900000,113538.9,113610.17,113508.88,113508.89,29.42367065,2025-08-06 03:45:00
1754452800000,113508.89,113581.58,113386.67,113388.03,25.60893993,2025-08-06 04:00:00
1754453700000,113388.03,113493.39,113385.76,113463.42,20.05758833,2025-08-06 04:15:00
1754454600000,113463.42,113478.77,113354.24,113407.81,19.90265201,2025-08-06 04:30:00
1754455500000,113407.81,113472.96,113373.04,113428.38,24.73586689,2025-08-06 04:45:00
1754456400000,113428.38,113927.13,113383.99,113927.12,58.2181713,2025-08-06 05:00:00
1754457300000,113927.12,114138.34,113810.92,113927.06,41.27508154,2025-08-06 05:15:00
1754458200000,113927.06,114416.75,113927.06,114244.26,58.89543824,2025-08-06 05:30:00
1754459100000,114244.26,114319.73,114117.58,114148.12,24.2066661,2025-08-06 05:45:00
1754460000000,114148.12,114180.13,113933.44,113994.34,19.82212915,2025-08-06 06:00:00
1754460900000,113994.34,114099.79,113934.26,113988.35,16.22920917,2025-08-06 06:15:00
1754461800000,113988.35,114140.05,113938.34,114057.84,18.58841629,2025-08-06 06:30:00
1754462700000,114057.84,114200.35,114035.24,114085.29,17.91973333,2025-08-06 06:45:00
1754463600000,114085.29,114290.97,114020.01,114252.91,19.98605723,2025-08-06 07:00:00
1754464500000,114252.91,114301.14,114195.62,114288.93,16.63479441,2025-08-06 07:15:00
1754465400000,114288.93,114288.93,114113.24,114175.94,24.97901573,2025-08-06 07:30:00
1754466300000,114175.94,114246.6,114157.26,114228.67,25.81626062,2025-08-06 07:45:00
1754467200000,114228.67,114250.85,114034.16,114062.84,54.07344239,2025-08-06 08:00:00
1754468100000,114062.84,114133.29,114000.56,114069.89,17.81177037,2025-08-06 08:15:00
1754469000000,114069.89,114069.89,113768.29,113768.3,35.98999806,2025-08-06 08:30:00
1754469900000,113768.3,113966.12,113727.87,113948.71,22.47630115,2025-08-06 08:45:00
1754470800000,113948.71,114179.79,113907.5,114168.68,20.32799162,2025-08-06 09:00:00
1754471700000,114168.68,114367.98,114100.35,114100.37,35.7790316,2025-08-06 09:15:00
1754472600000,114100.37,114112.93,113949.65,113979.98,29.31194742,2025-08-06 09:30:00
1754473500000,113979.98,114151.35,113974.34,114093.09,36.28654991,2025-08-06 09:45:00
1754474400000,114093.09,114226.52,114047.28,114126.82,43.00249474,2025-08-06 10:00:00
1754475300000,114126.82,114223.43,113898.88,113974.14,42.76201173,2025-08-06 10:15:00
1754476200000,113974.14,114142.76,113939.21,114120.09,21.39151703,2025-08-06 10:30:00
1754477100000,114120.09,114132.33,114028.29,114066.37,15.37689069,2025-08-06 10:45:00
1754478000000,114066.37,114138.65,114006.74,114138.64,14.76902462,2025-08-06 11:00:00
1754478900000,114138.64,114241.75,114138.64,114239.64,16.8039533,2025-08-06 11:15:00
1754479800000,114239.64,114403.09,114239.64,114313.95,22.69079645,2025-08-06 11:30:00
1754480700000,114313.95,114313.95,114169.57,114225.54,10.17183747,2025-08-06 11:45:00
1754481600000,114225.54,114332.7,113932.83,113955.27,35.83041589,2025-08-06 12:00:00
1754482500000,113955.27,114194.95,113808.03,114066.08,25.28610098,2025-08-06 12:15:00
1754483400000,114066.08,114253.86,114058.91,114066.06,20.93523959,2025-08-06 12:30:00
1754484300000,114066.06,114092.66,113883.35,113912.73,22.70678944,2025-08-06 12:45:00
1754485200000,113912.73,114024.91,113825.06,113892.72,24.83718664,2025-08-06 13:00:00
1754486100000,113892.72,113957.94,113834.66,113905.9,26.42703945,2025-08-06 13:15:00
1754487000000,113905.9,114206.58,113579.47,114166.82,49.23997407,2025-08-06 13:30:00
1754487900000,114166.82,114390.52,113903.54,114269.92,68.19316304,2025-08-06 13:45:00
1754488800000,114269.92,114499.87,114235.78,114250.41,56.75348977,2025-08-06 14:00:00
1754489700000,114250.41,114332.2,113869.61,114094.24,38.05776428,2025-08-06 14:15:00
1754490600000,114094.24,114367.67,114019.85,114300.83,38.63992039,2025-08-06 14:30:00
1754491500000,114300.83,115198.82,114157.85,115186.8,64.46293227,2025-08-06 14:45:00
1754492400000,115186.8,115298.85,114831.23,115029.1,62.96037061,2025-08-06 15:00:00
1754493300000,115029.1,115079.37,114872.45,114946.76,29.91754514,2025-08-06 15:15:00
1754494200000,114946.76,115341.11,114934.13,115204.27,51.08554801,2025-08-06 15:30:00
1754495100000,115204.27,115510.09,115124.74,115412.99,36.98228062,2025-08-06 15:45:00
1754496000000,115412.99,115476.67,115147.2,115204.37,51.14113639,2025-08-06 16:00:00
1754496900000,115204.37,115268.42,115045.45,115128.22,46.00264158,2025-08-06 16:15:00
1754497800000,115128.22,115199.28,114947.32,114953.97,20.77877596,2025-08-06 16:30:00
1754498700000,114953.97,115166.48,114942.91,115131.36,22.89292449,2025-08-06 16:45:00
1754499600000,115131.36,115178.49,115022.85,115152.09,12.81499509,2025-08-06 17:00:00
1754500500000,115152.09,115358.85,115152.09,115358.85,34.28310481,2025-08-06 17:15:00
1754501400000,115358.85,115459.56,115230.01,115459.55,27.40910347,2025-08-06 17:30:00
1754502300000,115459.55,115513.13,115388.21,115498.85,22.83753483,2025-08-06 17:45:00
1754503200000,115498.85,115691.96,115498.84,115691.96,60.21333805,2025-08-06 18:00:00
1754504100000,115691.96,115715.57,115426.1,115426.1,41.89476421,2025-08-06 18:15:00
1754505000000,115426.1,115572.04,115300.42,115326.94,23.21614369,2025-08-06 18:30:00
1754505900000,115326.94,115478.62,115305.33,115422.37,15.11910246,2025-08-06 18:45:00
1754506800000,115422.37,115524.32,115344.05,115407.72,13.03520567,2025-08-06 19:00:00
1754507700000,115407.72,115478.85,115386.99,115405.08,10.21342537,2025-08-06 19:15:00
1754508600000,115405.08,115405.08,115264.58,115271.49,14.28329071,2025-08-06 19:30:00
1754509500000,115271.49,115297.06,115117.71,115258.89,17.98483449,2025-08-06 19:45:00
1754510400000,115258.89,115258.97,115153.85,115218.16,17.63084252,2025-08-06 20:00:00
1754511300000,115218.16,115229.95,115187.4,115187.4,5.03666059,2025-08-06 20:15:00
1754512200000,115187.4,115187.4,115000.0,115056.53,28.97987598,2025-08-06 20:30:00
1754513100000,115056.53,115101.15,115031.39,115046.78,8.88396555,2025-08-06 20:45:00
1754514000000,115046.78,115220.82,115031.07,115220.81,12.91732958,2025-08-06 21:00:00
1754514900000,115220.81,115222.27,115136.89,115136.89,21.2525197,2025-08-06 21:15:00
1754515800000,115136.89,115136.89,114793.41,114912.09,14.97381058,2025-08-06 21:30:00
1754516700000,114912.09,115048.77,114912.09,115048.76,11.61848365,2025-08-06 21:45:00
1754517600000,115048.76,115210.94,115048.76,115155.07,13.87228942,2025-08-06 22:00:00
1754518500000,115155.07,115177.71,115048.56,115099.93,11.15640914,2025-08-06 22:15:00
1754519400000,115099.93,115171.34,115038.87,115059.71,19.50730522,2025-08-06 22:30:00
1754520300000,115059.71,115167.99,115059.71,115106.28,7.88725121,2025-08-06 22:45:00
1754521200000,115106.28,115115.58,115031.6,115059.73,9.22623359,2025-08-06 23:00:00
1754522100000,115059.73,115076.48,114972.68,115002.14,12.60999177,2025-08-06 23:15:00
1754523000000,115002.14,115034.88,114969.63,114975.92,24.35057446,2025-08-06 23:30:00
1754523900000,114975.92,115024.7,114962.73,114991.68,15.11368493,2025-08-06 23:45:00
1754524800000,114991.68,114991.68,114902.64,114941.09,20.10250007,2025-08-07 00:00:00
1754525700000,114941.09,114941.1,114865.65,114938.18,13.27360276,2025-08-07 00:15:00
1754526600000,114938.18,115015.19,114914.56,114914.56,11.85076443,2025-08-07 00:30:00
1754527500000,114914.56,114918.93,114855.08,114889.5,14.12195251,2025-08-07 00:45:00
1754528400000,114889.5,114928.49,114872.28,114928.48,12.35098097,2025-08-07 01:00:00
1754529300000,114928.48,115180.72,114916.72,115152.54,18.63282337,2025-08-07 01:15:00
1754530200000,115152.54,115184.7,115014.9,115018.02,17.86430048,2025-08-07 01:30:00
1754531100000,115018.02,115018.02,114579.66,114762.57,63.52796209,2025-08-07 01:45:00
1754532000000,114762.57,114829.46,114638.24,114829.46,79.08663111,2025-08-07 02:00:00
1754532900000,114829.46,114858.08,114766.13,114795.17,18.25122356,2025-08-07 02:15:00
1754533800000,114795.17,114795.18,114598.96,114598.96,23.34327799,2025-08-07 02:30:00
1754534700000,114598.96,114610.43,114419.09,114566.43,36.89277464,2025-08-07 02:45:00
1754535600000,114566.43,114566.43,114451.99,114452.0,13.57293605,2025-08-07 03:00:00
1754536500000,114452.0,114511.88,114404.69,114505.32,17.54730317,2025-08-07 03:15:00
1754537400000,114505.32,114573.82,114505.32,114570.54,15.56305282,2025-08-07 03:30:00
1754538300000,114570.54,114624.3,114544.73,114546.39,16.88832134,2025-08-07 03:45:00
1754539200000,114546.39,114648.25,114506.51,114578.88,17.46035228,2025-08-07 04:00:00
1754540100000,114578.88,114618.47,114549.96,114549.97,12.72727409,2025-08-07 04:15:00
1754541000000,114549.97,114549.97,114400.36,114434.31,25.07674,2025-08-07 04:30:00
1754541900000,114434.31,114434.31,114259.38,114349.96,30.1276613,2025-08-07 04:45:00
1754542800000,114349.96,114350.47,114278.39,114344.4,41.02732416,2025-08-07 05:00:00
1754543700000,114344.4,114519.16,114344.4,114464.56,21.6423333,2025-08-07 05:15:00
1754544600000,114464.56,114527.23,114464.56,114522.05,27.32484576,2025-08-07 05:30:00
1754545500000,114522.05,114569.36,114459.82,114569.35,34.41325067,2025-08-07 05:45:00
1754546400000,114569.35,114700.0,114532.66,114677.42,35.84781946,2025-08-07 06:00:00
1754547300000,114677.42,114677.42,114569.81,114569.81,20.55284844,2025-08-07 06:15:00
1754548200000,114569.81,114579.8,114511.2,114571.77,17.95822843,2025-08-07 06:30:00
1754549100000,114571.77,114783.69,114571.76,114649.77,20.42923287,2025-08-07 06:45:00
1754550000000,114649.77,114790.18,114640.01,114790.18,15.11870992,2025-08-07 07:00:00
1754550900000,114790.18,114876.81,114759.75,114835.2,17.34381076,2025-08-07 07:15:00
1754551800000,114835.2,114835.22,114736.23,114736.25,9.81313936,2025-08-07 07:30:00
1754552700000,114736.25,114787.95,114736.23,114787.88,20.8375841,2025-08-07 07:45:00
1754553600000,114787.88,114998.86,114787.88,114950.18,28.08998429,2025-08-07 08:00:00
1754554500000,114950.18,115179.08,114930.9,115145.1,33.47677358,2025-08-07 08:15:00
1754555400000,115145.1,115145.1,114999.08,115041.47,14.93245799,2025-08-07 08:30:00
1754556300000,115041.47,115057.31,114947.9,114947.9,14.01550141,2025-08-07 08:45:00
1754557200000,114947.9,115039.95,114879.1,114909.34,14.70184552,2025-08-07 09:00:00
1754558100000,114909.34,115016.0,114844.38,115016.0,37.00617674,2025-08-07 09:15:00
1754559000000,115016.0,115022.53,114898.96,115006.54,18.68141731,2025-08-07 09:30:00
1754559900000,115006.54,115073.25,114979.03,115061.3,16.4565414,2025-08-07 09:45:00
1754560800000,115061.3,115565.66,115037.18,115498.88,74.2324899,2025-08-07 10:00:00
1754561700000,115498.88,115871.6,115469.3,115866.85,164.59486887,2025-08-07 10:15:00
1754562600000,115866.85,116384.05,115859.37,116384.05,114.76938241,2025-08-07 10:30:00
1754563500000,116384.05,116429.31,116248.9,116346.72,94.54208427,2025-08-07 10:45:00
1754564400000,116346.72,116496.1,116346.72,116481.89,96.440527,2025-08-07 11:00:00
1754565300000,116481.89,116827.86,116422.64,116827.24,121.60970358,2025-08-07 11:15:00
1754566200000,116827.24,116827.24,116533.36,116649.57,64.50872746,2025-08-07 11:30:00
1754567100000,116649.57,116808.97,116514.81,116518.36,95.56779848,2025-08-07 11:45:00
1754568000000,116518.36,116586.88,116269.32,116282.01,75.66135121,2025-08-07 12:00:00
1754568900000,116282.01,116441.91,116256.49,116391.05,45.33204748,2025-08-07 12:15:00
1754569800000,116391.05,116467.71,116239.14,116250.08,35.70032587,2025-08-07 12:30:00
1754570700000,116250.08,116410.17,116035.26,116389.01,42.91794535,2025-08-07 12:45:00
1754571600000,116389.01,116423.7,116237.94,116243.12,24.81260416,2025-08-07 13:00:00
1754572500000,116243.12,116441.71,116198.94,116398.84,21.12371691,2025-08-07 13:15:00
1754573400000,116398.84,116739.98,116330.88,116599.0,59.00724699,2025-08-07 13:30:00
1754574300000,116599.0,116695.79,116416.49,116639.35,33.88564582,2025-08-07 13:45:00
1754575200000,116639.35,116679.35,116223.16,116272.15,44.80021104,2025-08-07 14:00:00
1754576100000,116272.15,116474.86,116272.15,116350.73,42.11984544,2025-08-07 14:15:00
1754577000000,116350.73,116655.0,116205.23,116450.79,97.67975906,2025-08-07 14:30:00
1754577900000,116450.79,116499.16,116262.22,116348.65,59.09507136,2025-08-07 14:45:00
1754578800000,116348.65,116488.68,116240.72,116404.32,22.18150751,2025-08-07 15:00:00
1754579700000,116404.32,116601.81,116350.67,116529.0,22.08762495,2025-08-07 15:15:00
1754580600000,116529.0,116750.53,116512.33,116750.51,32.09932964,2025-08-07 15:30:00
1754581500000,116750.51,116791.4,116588.88,116690.04,38.9681462,2025-08-07 15:45:00
1754582400000,116690.04,116728.04,116518.16,116646.93,32.67304825,2025-08-07 16:00:00
1754583300000,116646.93,116748.77,116545.16,116679.99,52.32081627,2025-08-07 16:15:00
1754584200000,116679.99,116716.18,116100.58,116100.58,25.55202844,2025-08-07 16:30:00
1754585100000,116100.58,116311.21,115633.08,116259.81,55.38851075,2025-08-07 16:45:00
1754586000000,116259.81,116456.44,116120.52,116393.66,40.44571949,2025-08-07 17:00:00
1754586900000,116393.66,116560.48,116352.06,116399.33,39.98988662,2025-08-07 17:15:00
1754587800000,116399.33,116490.04,116197.5,116390.86,16.06536652,2025-08-07 17:30:00
1754588700000,116390.86,116545.16,116353.51,116511.84,22.28181824,2025-08-07 17:45:00
1754589600000,116511.84,116544.12,116159.0,116217.52,31.17119235,2025-08-07 18:00:00
1754590500000,116217.52,116381.69,116144.33,116347.16,23.21874323,2025-08-07 18:15:00
1754591400000,116347.16,116370.41,116251.41,116274.5,13.71997478,2025-08-07 18:30:00
1754592300000,116274.5,116572.96,116248.44,116560.65,22.31076853,2025-08-07 18:45:00
1754593200000,116560.65,116640.85,116487.5,116549.57,20.6372687,2025-08-07 19:00:00
1754594100000,116549.57,116699.15,116499.46,116695.25,20.81506533,2025-08-07 19:15:00
1754595000000,116695.25,117138.35,116676.81,117138.34,67.66239217,2025-08-07 19:30:00
1754595900000,117138.34,117518.81,117138.34,117461.0,133.17878466,2025-08-07 19:45:00
1754596800000,117461.0,117495.06,117276.18,117304.34,41.33554493,2025-08-07 20:00:00
1754597700000,117304.34,117463.58,117266.12,117423.7,35.09430456,2025-08-07 20:15:00
1754598600000,117423.7,117453.09,117323.67,117337.12,22.21322869,2025-08-07 20:30:00
1754599500000,117337.12,117337.13,117139.23,117181.07,37.67582643,2025-08-07 20:45:00
1754600400000,117181.07,117353.04,117181.07,117339.52,22.15319511,2025-08-07 21:00:00
1754601300000,117339.52,117353.04,117268.42,117312.84,14.09774713,2025-08-07 21:15:00
1754602200000,117312.84,117323.68,117010.83,117105.49,28.95222029,2025-08-07 21:30:00
1754603100000,117105.49,117298.85,117054.83,117104.61,24.42532822,2025-08-07 21:45:00
1754604000000,117104.61,117465.35,117078.23,117461.88,26.60979266,2025-08-07 22:00:00
1754604900000,117461.88,117510.74,117283.51,117493.59,25.76663725,2025-08-07 22:15:00
1754605800000,117493.59,117493.59,117318.86,117425.05,32.90933213,2025-08-07 22:30:00
1754606700000,117425.05,117619.83,117417.49,117553.07,62.33160162,2025-08-07 22:45:00
1754607600000,117553.07,117578.82,117378.95,117378.96,27.75272858,2025-08-07 23:00:00
1754608500000,117378.96,117387.48,117314.74,117318.46,13.24003062,2025-08-07 23:15:00
1754609400000,117318.46,117393.33,117291.73,117393.32,25.77095152,2025-08-07 23:30:00
1754610300000,117393.32,117472.64,117388.84,117470.86,26.9526447,2025-08-07 23:45:00
1754611200000,117470.86,117488.38,117290.89,117371.21,33.45308619,2025-08-08 00:00:00
1754612100000,117371.21,117371.21,116869.09,117114.9,54.28573048,2025-08-08 00:15:00
1754613000000,117114.9,117628.84,117025.03,117572.77,65.05817627,2025-08-08 00:30:00
1754613900000,117572.77,117597.88,117263.05,117263.05,29.92047912,2025-08-08 00:45:00
1754614800000,117263.05,117263.06,116832.0,117173.6,42.64596347,2025-08-08 01:00:00
1754615700000,117173.6,117173.6,116822.43,116911.22,40.53612949,2025-08-08 01:15:00
1754616600000,116911.22,116995.53,116828.88,116828.89,44.61880349,2025-08-08 01:30:00
1754617500000,116828.89,116919.37,116787.94,116887.49,41.66904039,2025-08-08 01:45:00
1754618400000,116887.49,116922.69,116780.28,116873.42,32.56238421,2025-08-08 02:00:00
1754619300000,116873.42,116887.55,116769.1,116778.32,22.49201167,2025-08-08 02:15:00
1754620200000,116778.32,116828.91,116696.22,116752.15,30.31617597,2025-08-08 02:30:00
1754621100000,116752.15,116898.34,116693.2,116698.91,39.65928343,2025-08-08 02:45:00
1754622000000,116698.91,116803.98,116698.63,116803.93,26.81581433,2025-08-08 03:00:00
1754622900000,116803.93,116978.93,116756.87,116920.94,68.33747287,2025-08-08 03:15:00
1754623800000,116920.94,116920.94,116731.2,116742.96,56.68227044,2025-08-08 03:30:00
1754624700000,116742.96,116749.31,116717.12,116736.5,78.64734852,2025-08-08 03:45:00
1754625600000,116736.5,116841.88,116665.2,116814.47,44.23542303,2025-08-08 04:00:00
1754626500000,116814.47,116868.56,116757.09,116773.13,30.22622562,2025-08-08 04:15:00
1754627400000,116773.13,116825.13,116752.52,116752.52,33.0503447,2025-08-08 04:30:00
1754628300000,116752.52,116798.31,116748.93,116748.95,28.5761098,2025-08-08 04:45:00
1754629200000,116748.95,116748.96,116613.58,116649.75,30.61126669,2025-08-08 05:00:00
1754630100000,116649.75,116695.94,116619.26,116657.15,22.66794007,2025-08-08 05:15:00
1754631000000,116657.15,116657.15,116578.54,116578.55,39.2708475,2025-08-08 05:30:00
1754631900000,116578.55,116578.55,116504.15,116529.79,45.73671642,2025-08-08 05:45:00
1754632800000,116529.79,116550.79,116400.58,116550.79,39.65807586,2025-08-08 06:00:00
1754633700000,116550.79,116664.18,116462.39,116637.16,31.37632987,2025-08-08 06:15:00
1754634600000,116637.16,116722.37,116585.19,116722.37,17.40736,2025-08-08 06:30:00
1754635500000,116722.37,116762.57,116651.99,116739.12,25.49507283,2025-08-08 06:45:00
1754636400000,116739.12,116752.77,116556.62,116675.33,35.58498699,2025-08-08 07:00:00
1754637300000,116675.33,116972.41,116675.33,116972.41,38.85992412,2025-08-08 07:15:00
1754638200000,116972.41,116972.42,116826.26,116832.3,58.54297486,2025-08-08 07:30:00
1754639100000,116832.3,116899.1,116816.29,116816.3,65.12677312,2025-08-08 07:45:00
1754640000000,116816.3,116914.04,116729.26,116908.01,25.96322718,2025-08-08 08:00:00
1754640900000,116908.01,116908.02,116677.47,116677.49,28.63704272,2025-08-08 08:15:00
1754641800000,116677.49,116677.49,116448.61,116522.24,47.93402277,2025-08-08 08:30:00
1754642700000,116522.24,116639.41,116471.63,116620.05,27.91753808,2025-08-08 08:45:00
1754643600000,116620.05,116645.85,116530.65,116581.34,23.02949175,2025-08-08 09:00:00
1754644500000,116581.34,116627.52,116480.28,116530.56,24.50433684,2025-08-08 09:15:00
1754645400000,116530.56,116637.91,116523.34,116583.89,26.81861811,2025-08-08 09:30:00
1754646300000,116583.89,116721.07,116583.89,116679.69,20.51420805,2025-08-08 09:45:00
1754647200000,116679.69,116708.65,116606.01,116606.64,23.01917229,2025-08-08 10:00:00
1754648100000,116606.64,116624.95,116494.66,116494.66,21.66852818,2025-08-08 10:15:00
1754649000000,116494.66,116531.36,116449.8,116450.02,27.81279936,2025-08-08 10:30:00
1754649900000,116450.02,116562.3,116313.63,116542.15,36.80866678,2025-08-08 10:45:00
1754650800000,116542.15,116787.68,116542.07,116763.49,23.13851269,2025-08-08 11:00:00
1754651700000,116763.49,116827.15,116758.61,116758.68,22.26335488,2025-08-08 11:15:00
1754652600000,116758.68,116826.67,116750.21,116755.39,21.57479822,2025-08-08 11:30:00
1754653500000,116755.39,116894.07,116732.15,116885.76,24.18668863,2025-08-08 11:45:00
1754654400000,116885.76,116885.76,116574.91,116614.04,24.07462034,2025-08-08 12:00:00
1754655300000,116614.04,116674.17,116554.26,116612.17,31.52945965,2025-08-08 12:15:00
1754656200000,116612.17,116660.81,116552.75,116591.33,25.6626573,2025-08-08 12:30:00
1754657100000,116591.33,116591.34,116491.09,116499.69,14.13997842,2025-08-08 12:45:00
1754658000000,116499.69,116608.25,116498.63,116563.56,20.98621513,2025-08-08 13:00:00
1754658900000,116563.56,116742.84,116530.14,116742.83,18.51641548,2025-08-08 13:15:00
1754659800000,116742.83,116946.39,116523.12,116821.01,24.17920952,2025-08-08 13:30:00
1754660700000,116821.01,116916.2,116687.84,116916.17,56.06409902,2025-08-08 13:45:00
1754661600000,116916.17,117275.55,116659.11,116767.45,59.48259771,2025-08-08 14:00:00
1754662500000,116767.45,116816.07,116637.64,116751.57,28.7795372,2025-08-08 14:15:00
1754663400000,116751.57,116751.58,116387.14,116546.27,37.11545129,2025-08-08 14:30:00
1754664300000,116546.27,116699.13,116438.73,116497.01,28.54135656,2025-08-08 14:45:00
1754665200000,116497.01,116512.28,116211.95,116341.72,45.03863717,2025-08-08 15:00:00
1754666100000,116341.72,116544.64,116227.22,116300.0,43.3268586,2025-08-08 15:15:00
1754667000000,116300.0,116300.0,115890.0,115925.72,59.9363517,2025-08-08 15:30:00
1754667900000,115925.72,116237.81,115905.72,116214.94,56.40763955,2025-08-08 15:45:00
1754668800000,116214.94,116370.64,116088.13,116145.71,32.5330589,2025-08-08 16:00:00
1754669700000,116145.71,116284.44,116076.56,116100.98,27.19797357,2025-08-08 16:15:00
1754670600000,116100.98,116258.06,116010.7,116132.12,23.47944264,2025-08-08 16:30:00
1754671500000,116132.12,116275.64,116132.11,116198.75,16.49586328,2025-08-08 16:45:00
1754672400000,116198.75,116496.01,116192.7,116433.49,27.84785438,2025-08-08 17:00:00
1754673300000,116433.49,116490.86,116317.17,116355.27,43.05524431,2025-08-08 17:15:00
1754674200000,116355.27,116566.86,116355.26,116566.85,36.8381951,2025-08-08 17:30:00
1754675100000,116566.85,116709.54,116524.93,116709.54,23.13880789,2025-08-08 17:45:00
1754676000000,116709.54,116891.11,116703.75,116745.32,40.38084448,2025-08-08 18:00:00
1754676900000,116745.32,116901.84,116602.7,116602.7,27.13546706,2025-08-08 18:15:00
1754677800000,116602.7,116682.45,116353.78,116404.71,59.33732166,2025-08-08 18:30:00
1754678700000,116404.71,116533.89,116333.85,116495.9,14.98511908,2025-08-08 18:45:00
1754679600000,116495.9,116638.58,116486.1,116623.88,16.58728235,2025-08-08 19:00:00
1754680500000,116623.88,116713.44,116460.32,116483.96,17.00544241,2025-08-08 19:15:00
1754681400000,116483.96,116484.4,116337.13,116438.24,24.66536071,2025-08-08 19:30:00
1754682300000,116438.24,116522.58,116395.78,116451.72,23.91893482,2025-08-08 19:45:00
1754683200000,116451.72,116472.19,116317.53,116470.86,17.22006994,2025-08-08 20:00:00
1754684100000,116470.86,116509.51,116390.66,116504.75,11.02747057,2025-08-08 20:15:00
1754685000000,116504.75,116775.95,116504.74,116775.93,17.12066389,2025-08-08 20:30:00
1754685900000,116775.93,116900.0,116775.93,116887.91,34.33509051,2025-08-08 20:45:00
1754686800000,116887.91,116887.91,116793.19,116827.11,22.48263879,2025-08-08 21:00:00
1754687700000,116827.11,116827.12,116753.53,116797.96,18.55149254,2025-08-08 21:15:00
1754688600000,116797.96,116968.32,116797.95,116966.83,22.63424105,2025-08-08 21:30:00
1754689500000,116966.83,116976.63,116922.21,116928.13,16.18970391,2025-08-08 21:45:00
1754690400000,116928.13,116934.19,116748.71,116934.19,34.53792993,2025-08-08 22:00:00
1754691300000,116934.19,116975.87,116903.46,116955.2,7.13996459,2025-08-08 22:15:00
1754692200000,116955.2,116955.75,116861.66,116923.38,13.46266625,2025-08-08 22:30:00
1754693100000,116923.38,116930.44,116883.06,116883.06,13.43372921,2025-08-08 22:45:00
1754694000000,116883.06,116911.94,116854.16,116877.2,11.05704311,2025-08-08 23:00:00
1754694900000,116877.2,116877.22,116794.17,116794.18,11.96810134,2025-08-08 23:15:00
1754695800000,116794.18,116794.2,116651.61,116710.58,15.25811894,2025-08-08 23:30:00
1754696700000,116710.58,116710.59,116664.91,116669.1,5.69805714,2025-08-08 23:45:00
1754697600000,116669.1,116703.19,116610.2,116703.18,22.20186146,2025-08-09 00:00:00
1754698500000,116703.18,116744.16,116649.85,116722.76,11.1599148,2025-08-09 00:15:00
1754699400000,116722.76,116722.76,116608.55,116631.4,10.45289515,2025-08-09 00:30:00
1754700300000,116631.4,116640.42,116571.9,116580.26,7.71520269,2025-08-09 00:45:00
1754701200000,116580.26,116644.38,116544.7,116605.87,9.90041375,2025-08-09 01:00:00
1754702100000,116605.87,116605.88,116515.82,116541.59,9.38731819,2025-08-09 01:15:00
1754703000000,116541.59,116620.95,116540.07,116620.94,21.11651995,2025-08-09 01:30:00
1754703900000,116620.94,116644.22,116557.67,116557.68,20.35222405,2025-08-09 01:45:00
1754704800000,116557.68,116557.68,116429.23,116429.23,21.85253753,2025-08-09 02:00:00
1754705700000,116429.23,116488.59,116409.85,116442.57,16.27786733,2025-08-09 02:15:00
1754706600000,116442.57,116445.79,116395.6,116445.78,11.95688008,2025-08-09 02:30:00
1754707500000,116445.78,116463.36,116399.6,116399.6,14.25982551,2025-08-09 02:45:00
1754708400000,116399.6,116463.26,116360.0,116444.72,11.94800347,2025-08-09 03:00:00
1754709300000,116444.72,116476.52,116402.63,116456.84,14.25457477,2025-08-09 03:15:00
1754710200000,116456.84,116456.85,116334.44,116415.29,22.21334874,2025-08-09 03:30:00
1754711100000,116415.29,116433.62,116357.19,116383.88,34.09174535,2025-08-09 03:45:00
1754712000000,116383.88,116548.28,116345.91,116548.25,38.22139265,2025-08-09 04:00:00
1754712900000,116548.25,116548.26,116435.58,116472.1,14.29640487,2025-08-09 04:15:00
1754713800000,116472.1,116675.69,116409.7,116409.7,40.47872945,2025-08-09 04:30:00
1754714700000,116409.7,116447.56,116386.5,116434.35,16.6385054,2025-08-09 04:45:00
1754715600000,116434.35,116746.83,116417.45,116546.17,99.94221006,2025-08-09 05:00:00
1754716500000,116546.17,116978.0,116546.16,116965.61,97.11653572,2025-08-09 05:15:00
1754717400000,116965.61,116965.61,116725.67,116892.69,59.58862296,2025-08-09 05:30:00
1754718300000,116892.69,116928.96,116714.85,116739.75,42.35098828,2025-08-09 05:45:00
1754719200000,116739.75,116753.92,116570.04,116580.37,33.30137664,2025-08-09 06:00:00
1754720100000,116580.37,116752.83,116541.93,116622.01,51.23908944,2025-08-09 06:15:00
1754721000000,116622.01,116666.05,116531.12,116603.3,27.33205531,2025-08-09 06:30:00
1754721900000,116603.3,116694.01,116561.9,116647.48,16.95688163,2025-08-09 06:45:00
1754722800000,116647.48,116742.67,116630.7,116736.13,16.94207339,2025-08-09 07:00:00
1754723700000,116736.13,116876.41,116736.12,116876.33,27.30562576,2025-08-09 07:15:00
1754724600000,116876.33,116898.54,116774.16,116774.54,21.17896173,2025-08-09 07:30:00
1754725500000,116774.54,116774.55,116746.35,116750.3,18.58273539,2025-08-09 07:45:00
1754726400000,116750.3,116792.1,116750.2,116763.56,20.91075321,2025-08-09 08:00:00
1754727300000,116763.56,116863.41,116751.38,116863.41,19.69074807,2025-08-09 08:15:00
1754728200000,116863.41,117149.5,116831.25,117149.5,39.62226441,2025-08-09 08:30:00
1754729100000,117149.5,117175.32,116788.25,117101.27,29.06030998,2025-08-09 08:45:00
1754730000000,117101.27,117417.06,117039.99,117416.82,55.65561226,2025-08-09 09:00:00
1754730900000,117416.82,117436.34,117224.2,117285.77,48.04435371,2025-08-09 09:15:00
1754731800000,117285.77,117367.66,117250.04,117264.43,31.50877783,2025-08-09 09:30:00
1754732700000,117264.43,117504.99,117232.53,117504.99,75.78078662,2025-08-09 09:45:00
1754733600000,117504.99,117771.1,117469.51,117756.87,61.40794411,2025-08-09 10:00:00
1754734500000,117756.87,117935.2,117676.4,117777.43,73.1059968,2025-08-09 10:15:00
1754735400000,117777.43,117777.44,117443.66,117521.43,43.45398024,2025-08-09 10:30:00
1754736300000,117521.43,117651.55,117383.77,117426.1,40.72144146,2025-08-09 10:45:00
1754737200000,117426.1,117473.49,117238.59,117238.59,27.95245369,2025-08-09 11:00:00
1754738100000,117238.59,117300.0,117234.8,117273.55,15.37252861,2025-08-09 11:15:00
1754739000000,117273.55,117285.48,117091.25,117240.41,26.73879266,2025-08-09 11:30:00
1754739900000,117240.41,117241.2,117087.4,117115.24,24.84900906,2025-08-09 11:45:00
1754740800000,117115.24,117243.67,117063.02,117217.63,26.25820181,2025-08-09 12:00:00
1754741700000,117217.63,117225.65,117129.25,117176.4,23.43335911,2025-08-09 12:15:00
1754742600000,117176.4,117188.33,117014.12,117037.3,29.33180999,2025-08-09 12:30:00
1754743500000,117037.3,117149.98,117037.07,117120.18,15.17317604,2025-08-09 12:45:00
1754744400000,117120.18,117159.26,116883.24,116904.53,22.92546754,2025-08-09 13:00:00
1754745300000,116904.53,117069.33,116884.43,117011.48,30.63214524,2025-08-09 13:15:00
1754746200000,117011.48,117017.42,116889.9,117004.99,24.28009491,2025-08-09 13:30:00
1754747100000,117004.99,117060.78,116934.08,116969.77,21.70075255,2025-08-09 13:45:00
1754748000000,116969.77,116972.62,116751.36,116972.61,36.05753122,2025-08-09 14:00:00
1754748900000,116972.61,117001.52,116886.91,116939.13,22.21423411,2025-08-09 14:15:00
1754749800000,116939.13,116939.13,116827.7,116843.37,19.34375068,2025-08-09 14:30:00
1754750700000,116843.37,116979.06,116813.14,116978.4,34.8632152,2025-08-09 14:45:00
1754751600000,116978.4,117020.42,116905.39,116997.43,37.9331601,2025-08-09 15:00:00
1754752500000,116997.43,117133.74,116701.87,116835.18,45.60034213,2025-08-09 15:15:00
1754753400000,116835.18,116882.82,116794.52,116815.69,22.90605084,2025-08-09 15:30:00
1754754300000,116815.69,116894.18,116786.67,116894.18,16.047083,2025-08-09 15:45:00
1754755200000,116894.18,116948.85,116821.09,116821.09,24.11145621,2025-08-09 16:00:00
1754756100000,116821.09,116821.1,116725.17,116732.66,24.64039254,2025-08-09 16:15:00
1754757000000,116732.66,116770.59,116645.46,116752.77,23.09441492,2025-08-09 16:30:00
1754757900000,116752.77,116752.77,116645.15,116651.01,21.81656322,2025-08-09 16:45:00
1754758800000,116651.01,116782.34,116637.76,116738.8,22.74060095,2025-08-09 17:00:00
1754759700000,116738.8,116762.93,116710.41,116742.51,19.21786951,2025-08-09 17:15:00
1754760600000,116742.51,116769.1,116672.72,116697.58,18.50071346,2025-08-09 17:30:00
1754761500000,116697.58,116697.58,116620.28,116665.72,19.3472598,2025-08-09 17:45:00
1754762400000,116665.72,116709.75,116647.18,116647.25,17.96678829,2025-08-09 18:00:00
1754763300000,116647.25,116715.74,116647.24,116663.66,23.83702919,2025-08-09 18:15:00
1754764200000,116663.66,116663.67,116628.46,116628.46,18.48190332,2025-08-09 18:30:00
1754765100000,116628.46,116678.0,116554.38,116633.33,29.58866833,2025-08-09 18:45:00
1754766000000,116633.33,116719.42,116633.3,116646.92,33.63617186,2025-08-09 19:00:00
1754766900000,116646.92,116661.29,116538.56,116611.93,30.84685012,2025-08-09 19:15:00
1754767800000,116611.93,116611.93,116542.68,116563.98,30.35031841,2025-08-09 19:30:00
1754768700000,116563.98,116622.9,116511.54,116536.83,28.80500287,2025-08-09 19:45:00
1754769600000,116536.83,116614.43,116509.17,116537.45,26.59079379,2025-08-09 20:00:00
1754770500000,116537.45,116737.49,116509.39,116737.49,32.62566086,2025-08-09 20:15:00
1754771400000,116737.49,117015.31,116708.6,116905.16,58.94998267,2025-08-09 20:30:00
1754772300000,116905.16,116905.19,116735.59,116772.48,18.06026505,2025-08-09 20:45:00
1754773200000,116772.48,116788.82,116695.85,116695.85,26.16704755,2025-08-09 21:00:00
1754774100000,116695.85,116695.86,116364.49,116416.71,52.74070355,2025-08-09 21:15:00
1754775000000,116416.71,116535.01,116407.51,116436.59,28.77061117,2025-08-09 21:30:00
1754775900000,116436.59,116600.67,116436.58,116523.33,14.00736446,2025-08-09 21:45:00
1754776800000,116523.33,116599.44,116499.51,116569.25,14.9881,2025-08-09 22:00:00
1754777700000,116569.25,116738.02,116569.25,116679.22,34.14093627,2025-08-09 22:15:00
1754778600000,116679.22,116688.95,116572.11,116603.7,14.42049198,2025-08-09 22:30:00
1754779500000,116603.7,116603.71,116508.21,116537.34,33.80310141,2025-08-09 22:45:00
1754780400000,116537.34,116585.49,116495.53,116495.66,18.51044159,2025-08-09 23:00:00
1754781300000,116495.66,116509.57,116445.54,116445.55,13.62008758,2025-08-09 23:15:00
1754782200000,116445.55,116505.54,116431.69,116455.42,12.96302904,2025-08-09 23:30:00
1754783100000,116455.42,116494.19,116455.42,116456.42,8.89109681,2025-08-09 23:45:00
1754784000000,116456.42,116579.37,116454.81,116568.21,27.17581923,2025-08-10 00:00:00
1754784900000,116568.21,116622.5,116568.2,116587.57,14.37437417,2025-08-10 00:15:00
1754785800000,116587.57,116644.79,116543.21,116621.45,15.30960006,2025-08-10 00:30:00
1754786700000,116621.45,116745.93,116583.36,116745.43,22.64532706,2025-08-10 00:45:00
1754787600000,116745.43,116772.49,116607.13,116607.13,15.41017399,2025-08-10 01:00:00
1754788500000,116607.13,116676.77,116607.13,116613.03,9.89788669,2025-08-10 01:15:00
1754789400000,116613.03,116656.41,116601.33,116607.49,16.86203001,2025-08-10 01:30:00
1754790300000,116607.49,116607.59,116538.47,116574.93,13.09809444,2025-08-10 01:45:00
1754791200000,116574.93,116646.27,116574.92,116616.16,8.98610699,2025-08-10 02:00:00
1754792100000,116616.16,116792.74,116616.16,116792.74,19.04196533,2025-08-10 02:15:00
1754793000000,116792.74,117113.4,116756.26,117029.14,34.49474134,2025-08-10 02:30:00
1754793900000,117029.14,117313.39,117029.14,117313.28,32.29558769,2025-08-10 02:45:00
1754794800000,117313.28,117968.39,117246.06,117908.47,105.00116959,2025-08-10 03:00:00
1754795700000,117908.47,118493.73,117600.74,118357.64,107.29883855,2025-08-10 03:15:00
1754796600000,118357.64,118480.07,118171.96,118217.28,58.64564447,2025-08-10 03:30:00
1754797500000,118217.28,118494.08,118151.99,118494.07,38.60466342,2025-08-10 03:45:00
1754798400000,118494.07,118741.1,118494.07,118713.16,59.82540137,2025-08-10 04:00:00
1754799300000,118713.16,118727.6,118541.92,118645.98,22.07949728,2025-08-10 04:15:00
1754800200000,118645.98,118645.98,118391.69,118391.69,22.30093796,2025-08-10 04:30:00
1754801100000,118391.69,118563.82,118388.99,118483.18,30.58980406,2025-08-10 04:45:00
1754802000000,118483.18,118508.77,118254.14,118263.14,24.31624157,2025-08-10 05:00:00
1754802900000,118263.14,118277.41,117896.72,117902.95,28.06575663,2025-08-10 05:15:00
1754803800000,117902.95,118272.37,117902.94,118267.38,33.68015692,2025-08-10 05:30:00
1754804700000,118267.38,118267.38,117933.73,118039.78,10.94823805,2025-08-10 05:45:00
1754805600000,118039.78,118155.52,118021.0,118021.0,13.22915236,2025-08-10 06:00:00
1754806500000,118021.0,118021.0,117825.02,117851.52,18.10754656,2025-08-10 06:15:00
1754807400000,117851.52,117995.48,117739.04,117977.52,17.00762841,2025-08-10 06:30:00
1754808300000,117977.52,118138.32,117935.9,118069.65,15.83093633,2025-08-10 06:45:00
1754809200000,118069.65,118231.48,118069.64,118146.19,11.54605389,2025-08-10 07:00:00
1754810100000,118146.19,118233.1,118081.81,118087.14,21.13274486,2025-08-10 07:15:00
1754811000000,118087.14,118107.61,117598.0,117633.98,24.19319375,2025-08-10 07:30:00
1754811900000,117633.98,117851.65,117477.06,117802.46,39.05701619,2025-08-10 07:45:00
1754812800000,117802.46,118021.03,117603.24,117996.3,28.08433966,2025-08-10 08:00:00
1754813700000,117996.3,118156.63,117996.3,118120.1,23.92325438,2025-08-10 08:15:00
1754814600000,118120.1,118210.77,118083.46,118128.27,17.18814557,2025-08-10 08:30:00
1754815500000,118128.27,118394.84,118128.27,118303.65,39.12190328,2025-08-10 08:45:00
1754816400000,118303.65,118382.41,118252.65,118318.77,41.8512743,2025-08-10 09:00:00
1754817300000,118318.77,118394.71,118255.64,118264.51,23.03963007,2025-08-10 09:15:00
1754818200000,118264.51,118264.51,118104.92,118104.92,20.20562945,2025-08-10 09:30:00
1754819100000,118104.92,118435.56,118104.92,118288.0,34.78528564,2025-08-10 09:45:00
1754820000000,118288.0,118288.35,118118.22,118150.57,27.77829824,2025-08-10 10:00:00
1754820900000,118150.57,118238.46,118096.91,118182.43,24.75475609,2025-08-10 10:15:00
1754821800000,118182.43,118209.4,117997.94,118195.67,30.2093873,2025-08-10 10:30:00
1754822700000,118195.67,118248.77,118018.77,118018.8,22.32026456,2025-08-10 10:45:00
1754823600000,118018.8,118065.16,117939.11,118017.86,31.05100735,2025-08-10 11:00:00
1754824500000,118017.86,118284.85,117965.68,118284.85,28.5066698,2025-08-10 11:15:00
1754825400000,118284.85,118450.27,118200.13,118382.49,46.8676132,2025-08-10 11:30:00
1754826300000,118382.49,118494.4,118288.49,118325.03,42.93598616,2025-08-10 11:45:00
1754827200000,118325.03,118544.38,118226.55,118504.59,51.6080193,2025-08-10 12:00:00
1754828100000,118504.59,118662.17,118458.11,118565.21,33.18197626,2025-08-10 12:15:00
1754829000000,118565.21,118696.06,118565.21,118696.06,38.98848551,2025-08-10 12:30:00
1754829900000,118696.06,118733.28,118462.67,118509.9,33.45760493,2025-08-10 12:45:00
1754830800000,118509.9,118677.95,118453.44,118579.6,22.36305142,2025-08-10 13:00:00
1754831700000,118579.6,118595.57,118382.25,118574.93,23.60907523,2025-08-10 13:15:00
1754832600000,118574.93,118574.94,118366.25,118541.26,30.31357588,2025-08-10 13:30:00
1754833500000,118541.26,118671.81,118424.97,118446.35,24.61319245,2025-08-10 13:45:00
1754834400000,118446.35,118617.11,118302.48,118589.52,39.86905279,2025-08-10 14:00:00
1754835300000,118589.52,118812.18,118555.06,118797.12,54.45334633,2025-08-10 14:15:00
1754836200000,118797.12,118812.31,118622.54,118775.56,33.61455756,2025-08-10 14:30:00
1754837100000,118775.56,118845.53,118590.29,118773.08,42.80271423,2025-08-10 14:45:00
1754838000000,118773.08,119107.98,118742.29,118877.5,105.56736084,2025-08-10 15:00:00
1754838900000,118877.5,118941.91,118634.45,118679.6,54.97065938,2025-08-10 15:15:00
1754839800000,118679.6,118722.05,118563.19,118722.04,46.1459877,2025-08-10 15:30:00
1754840700000,118722.04,118883.84,118710.38,118809.15,66.13940017,2025-08-10 15:45:00
1754841600000,118809.15,118938.88,118800.0,118829.92,24.15710193,2025-08-10 16:00:00
1754842500000,118829.92,118833.61,118662.7,118714.1,30.88083165,2025-08-10 16:15:00
1754843400000,118714.1,118767.4,118617.48,118767.39,26.02335311,2025-08-10 16:30:00
1754844300000,118767.39,118828.43,118629.39,118665.85,25.64782806,2025-08-10 16:45:00
1754845200000,118665.85,118687.09,118562.24,118575.68,17.93889498,2025-08-10 17:00:00
1754846100000,118575.68,118601.54,118447.56,118447.57,25.28293952,2025-08-10 17:15:00
1754847000000,118447.57,118596.17,118447.56,118514.39,21.98449474,2025-08-10 17:30:00
1754847900000,118514.39,118564.77,118514.39,118514.41,10.38948824,2025-08-10 17:45:00
1754848800000,118514.41,118548.72,118483.54,118548.71,13.81525221,2025-08-10 18:00:00
1754849700000,118548.71,118548.71,118427.96,118428.47,13.60128821,2025-08-10 18:15:00
1754850600000,118428.47,118558.82,118428.44,118558.82,11.64442734,2025-08-10 18:30:00
1754851500000,118558.82,118607.84,118519.71,118549.91,12.91996747,2025-08-10 18:45:00
1754852400000,118549.91,118643.26,118457.78,118643.25,12.19289003,2025-08-10 19:00:00
1754853300000,118643.25,118679.01,118551.2,118563.01,10.86007127,2025-08-10 19:15:00
1754854200000,118563.01,118708.84,118525.44,118657.61,13.0849946,2025-08-10 19:30:00
1754855100000,118657.61,118702.67,118632.05,118657.26,25.00142782,2025-08-10 19:45:00
1754856000000,118657.26,118682.07,118253.52,118307.47,66.39815943,2025-08-10 20:00:00
1754856900000,118307.47,118377.67,118070.0,118278.33,50.11689667,2025-08-10 20:15:00
1754857800000,118278.33,118703.19,118278.33,118683.17,49.27494995,2025-08-10 20:30:00
1754858700000,118683.17,118760.38,118322.8,118322.8,29.7046018,2025-08-10 20:45:00
1754859600000,118322.8,118353.43,118086.83,118237.07,50.36588157,2025-08-10 21:00:00
1754860500000,118237.07,118469.05,118185.75,118221.76,52.7510994,2025-08-10 21:15:00
1754861400000,118221.76,118293.53,118159.64,118250.06,55.28991346,2025-08-10 21:30:00
1754862300000,118250.06,118711.5,118250.06,118711.5,45.44232688,2025-08-10 21:45:00
1754863200000,118711.5,118940.5,118609.68,118866.08,51.317732,2025-08-10 22:00:00
1754864100000,118866.08,118960.97,118822.55,118832.11,25.42559486,2025-08-10 22:15:00
1754865000000,118832.11,118958.0,118831.98,118945.35,17.96665825,2025-08-10 22:30:00
1754865900000,118945.35,119000.0,118899.77,119000.0,54.11204129,2025-08-10 22:45:00
1754866800000,119000.0,119234.03,118946.52,118946.52,88.78817738,2025-08-10 23:00:00
1754867700000,118946.52,119024.87,118855.31,119014.05,56.71582761,2025-08-10 23:15:00
1754868600000,119014.05,119305.14,119007.72,119250.39,73.03337577,2025-08-10 23:30:00
1754869500000,119250.39,119294.22,119202.23,119288.3,35.25686848,2025-08-10 23:45:00
1754870400000,119288.3,119304.88,119135.69,119214.17,61.39624433,2025-08-11 00:00:00
1754871300000,119214.17,119494.19,119201.34,119409.34,55.20972452,2025-08-11 00:15:00
1754872200000,119409.34,119444.61,119150.89,119232.29,54.29017296,2025-08-11 00:30:00
1754873100000,119232.29,119322.51,119106.6,119120.4,55.40513316,2025-08-11 00:45:00
1754874000000,119120.4,119209.74,119049.97,119104.49,31.10519869,2025-08-11 01:00:00
1754874900000,119104.49,119243.7,118971.08,119168.94,56.71430193,2025-08-11 01:15:00
1754875800000,119168.94,119794.12,119168.94,119753.06,123.33380468,2025-08-11 01:30:00
1754876700000,119753.06,119980.0,119628.23,119977.55,90.640769,2025-08-11 01:45:00
1754877600000,119977.55,121281.93,119946.26,121280.67,273.39535264,2025-08-11 02:00:00
1754878500000,121280.67,121737.82,120945.19,121483.22,181.5142794,2025-08-11 02:15:00
1754879400000,121483.22,121788.94,121352.36,121719.33,116.80507623,2025-08-11 02:30:00
1754880300000,121719.33,121891.37,121628.21,121872.74,96.79604482,2025-08-11 02:45:00
1754881200000,121872.74,121986.1,121589.43,121985.92,117.05524628,2025-08-11 03:00:00
1754882100000,121985.92,122157.93,121651.78,121745.49,136.71432483,2025-08-11 03:15:00
1754883000000,121745.49,121770.51,121553.03,121582.18,112.12780118,2025-08-11 03:30:00
1754883900000,121582.18,121943.43,121559.59,121723.13,105.65286084,2025-08-11 03:45:00
1754884800000,121723.13,121894.03,121641.27,121712.62,90.71640124,2025-08-11 04:00:00
1754885700000,121712.62,121898.76,121655.4,121702.55,59.52688071,2025-08-11 04:15:00
1754886600000,121702.55,121845.46,121617.57,121678.01,70.44491568,2025-08-11 04:30:00
1754887500000,121678.01,122171.78,121661.51,122076.03,80.83484697,2025-08-11 04:45:00
1754888400000,122076.03,122323.88,122018.3,122297.89,111.07022211,2025-08-11 05:00:00
1754889300000,122297.89,122297.91,121821.82,121974.8,83.8253619,2025-08-11 05:15:00
1754890200000,121974.8,122040.03,121868.93,121868.94,57.80028465,2025-08-11 05:30:00
1754891100000,121868.94,122123.0,121817.15,122053.25,85.01949263,2025-08-11 05:45:00
1754892000000,122053.25,122123.08,121994.02,122088.47,69.55550398,2025-08-11 06:00:00
1754892900000,122088.47,122143.9,121948.69,122098.48,50.89260705,2025-08-11 06:15:00
1754893800000,122098.48,122223.89,122078.4,122217.15,90.76408037,2025-08-11 06:30:00
1754894700000,122217.15,122328.0,122164.17,122296.67,85.72714871,2025-08-11 06:45:00
1754895600000,122296.67,122309.04,121979.89,121979.89,79.1162414,2025-08-11 07:00:00
1754896500000,121979.89,122105.52,121857.53,121894.82,58.73329593,2025-08-11 07:15:00
1754897400000,121894.82,121952.29,121663.93,121794.75,143.96588961,2025-08-11 07:30:00
1754898300000,121794.75,121807.91,121468.7,121532.29,184.54272756,2025-08-11 07:45:00
1754899200000,121532.29,121663.77,121211.11,121647.22,138.83507793,2025-08-11 08:00:00
1754900100000,121647.22,121731.1,121579.88,121727.01,68.53416654,2025-08-11 08:15:00
1754901000000,121727.01,121819.5,121592.09,121698.76,56.15499576,2025-08-11 08:30:00
1754901900000,121698.76,121778.53,121641.16,121673.06,38.88296787,2025-08-11 08:45:00
1754902800000,121673.06,121698.71,121477.64,121488.27,65.99673026,2025-08-11 09:00:00
1754903700000,121488.27,121488.27,121244.1,121288.74,91.77682905,2025-08-11 09:15:00
1754904600000,121288.74,121441.66,121136.84,121441.61,88.44549186,2025-08-11 09:30:00
1754905500000,121441.61,121468.1,121307.71,121433.68,58.64716849,2025-08-11 09:45:00
1754906400000,121433.68,121448.95,121138.85,121284.1,78.4180069,2025-08-11 10:00:00
1754907300000,121284.1,121397.44,121126.28,121272.2,59.61435561,2025-08-11 10:15:00
1754908200000,121272.2,121292.24,121111.76,121135.24,85.89993242,2025-08-11 10:30:00
1754909100000,121135.24,121230.11,120976.31,121183.0,97.93128861,2025-08-11 10:45:00
1754910000000,121183.0,121281.64,120807.6,120950.97,84.52855524,2025-08-11 11:00:00
1754910900000,120950.97,120950.98,120503.52,120503.52,108.32568351,2025-08-11 11:15:00
1754911800000,120503.52,120801.4,120338.33,120679.52,141.66103266,2025-08-11 11:30:00
1754912700000,120679.52,120688.67,120280.41,120555.51,132.51865172,2025-08-11 11:45:00
1754913600000,120555.51,120661.75,120050.2,120188.03,100.64185412,2025-08-11 12:00:00
1754914500000,120188.03,120294.69,120000.0,120168.11,97.31109089,2025-08-11 12:15:00
1754915400000,120168.11,120284.85,119600.0,119600.0,118.58488548,2025-08-11 12:30:00
1754916300000,119600.0,119773.0,119531.06,119638.02,87.69307447,2025-08-11 12:45:00
1754917200000,119638.02,119714.66,119379.09,119518.9,95.94125969,2025-08-11 13:00:00
1754918100000,119518.9,119751.32,119445.71,119536.91,84.30966419,2025-08-11 13:15:00
1754919000000,119536.91,120218.36,119499.32,120189.74,133.3649243,2025-08-11 13:30:00
1754919900000,120189.74,120325.13,119822.03,120008.96,132.59551178,2025-08-11 13:45:00
1754920800000,120008.96,120253.5,119945.36,120071.97,82.08996992,2025-08-11 14:00:00
1754921700000,120071.97,120161.2,119813.52,119910.13,72.45801765,2025-08-11 14:15:00
1754922600000,119910.13,120588.41,119871.06,120104.48,130.21198759,2025-08-11 14:30:00
1754923500000,120104.48,120289.72,119911.98,120242.03,57.14021163,2025-08-11 14:45:00
1754924400000,120242.03,120247.66,119840.83,119997.35,70.52475372,2025-08-11 15:00:00
1754925300000,119997.35,120300.0,119989.16,120101.38,46.51122869,2025-08-11 15:15:00
1754926200000,120101.38,120406.18,120089.47,120381.87,71.37885152,2025-08-11 15:30:00
1754927100000,120381.87,120381.87,120162.38,120309.52,66.43944799,2025-08-11 15:45:00
1754928000000,120309.52,120785.35,120227.3,120683.99,109.95333877,2025-08-11 16:00:00
1754928900000,120683.99,120788.86,120432.68,120554.03,65.11864349,2025-08-11 16:15:00
1754929800000,120554.03,120605.84,119951.66,119955.89,72.52755682,2025-08-11 16:30:00
1754930700000,119955.89,120173.66,119921.9,119959.57,62.55835858,2025-08-11 16:45:00
1754931600000,119959.57,120153.9,119904.41,119911.51,41.96799348,2025-08-11 17:00:00
1754932500000,119911.51,119911.51,119650.97,119801.01,45.7247368,2025-08-11 17:15:00
1754933400000,119801.01,119853.51,119635.85,119759.49,42.80612973,2025-08-11 17:30:00
1754934300000,119759.49,119759.5,119472.71,119505.96,41.58537185,2025-08-11 17:45:00
1754935200000,119505.96,119614.84,119267.51,119499.0,61.28809575,2025-08-11 18:00:00
1754936100000,119499.0,119717.97,119439.0,119602.45,44.51382937,2025-08-11 18:15:00
1754937000000,119602.45,119869.61,119561.2,119561.2,31.67239041,2025-08-11 18:30:00
1754937900000,119561.2,119794.25,119493.61,119772.94,22.02047495,2025-08-11 18:45:00
1754938800000,119772.94,119784.72,119593.13,119593.14,15.35680448,2025-08-11 19:00:00
1754939700000,119593.14,119600.74,119483.52,119488.47,22.56998729,2025-08-11 19:15:00
1754940600000,119488.47,119488.47,119148.0,119163.94,48.60543334,2025-08-11 19:30:00
1754941500000,119163.94,119183.03,118622.0,119090.72,65.33168136,2025-08-11 19:45:00
1754942400000,119090.72,119090.72,118643.29,118724.39,86.6124555,2025-08-11 20:00:00
1754943300000,118724.39,118872.54,118576.74,118865.17,50.34819298,2025-08-11 20:15:00
1754944200000,118865.17,119066.51,118865.16,119006.32,29.2367904,2025-08-11 20:30:00
1754945100000,119006.32,119057.97,118805.01,118829.33,20.15807662,2025-08-11 20:45:00
1754946000000,118829.33,119075.74,118782.01,119075.74,28.60394917,2025-08-11 21:00:00
1754946900000,119075.74,119177.81,118950.18,119026.33,21.74313436,2025-08-11 21:15:00
1754947800000,119026.33,119026.33,118379.24,118715.59,52.67345807,2025-08-11 21:30:00
1754948700000,118715.59,118733.0,118118.0,118717.61,105.54195778,2025-08-11 21:45:00
1754949600000,118717.61,118754.95,118380.96,118581.51,42.99550671,2025-08-11 22:00:00
1754950500000,118581.51,118752.32,118285.57,118522.8,59.75394013,2025-08-11 22:15:00
1754951400000,118522.8,118734.59,118343.04,118716.21,26.60722771,2025-08-11 22:30:00
1754952300000,118716.21,118909.61,118715.03,118890.04,24.43343045,2025-08-11 22:45:00
1754953200000,118890.04,118891.94,118751.04,118864.72,25.66207471,2025-08-11 23:00:00
1754954100000,118864.72,118864.72,118665.78,118682.93,31.69450815,2025-08-11 23:15:00
1754955000000,118682.93,118741.43,118591.63,118741.42,29.71732016,2025-08-11 23:30:00
1754955900000,118741.42,118822.62,118688.61,118688.61,26.22149294,2025-08-11 23:45:00
1754956800000,118688.61,118782.66,118595.88,118730.97,42.20739906,2025-08-12 00:00:00
1754957700000,118730.97,118994.13,118730.97,118890.69,45.21659608,2025-08-12 00:15:00
1754958600000,118890.69,118972.01,118658.38,118756.36,38.73085868,2025-08-12 00:30:00
1754959500000,118756.36,119026.68,118740.19,118954.22,36.19500126,2025-08-12 00:45:00
1754960400000,118954.22,119113.03,118857.02,118865.27,48.39032546,2025-08-12 01:00:00
1754961300000,118865.27,119057.29,118772.54,119054.98,27.52228912,2025-08-12 01:15:00
1754962200000,119054.98,119057.84,118928.25,119047.15,30.95457105,2025-08-12 01:30:00
1754963100000,119047.15,119065.01,118980.22,118982.46,33.01931138,2025-08-12 01:45:00
1754964000000,118982.46,119064.31,118839.4,118983.76,21.62630216,2025-08-12 02:00:00
1754964900000,118983.76,119144.31,118915.8,119126.43,33.66771708,2025-08-12 02:15:00
1754965800000,119126.43,119280.02,119103.92,119173.77,48.45517235,2025-08-12 02:30:00
1754966700000,119173.77,119173.78,119054.05,119058.93,34.42344533,2025-08-12 02:45:00
1754967600000,119058.93,119089.39,118856.27,118989.82,51.70880446,2025-08-12 03:00:00
1754968500000,118989.82,118995.77,118873.44,118941.77,34.22912126,2025-08-12 03:15:00
1754969400000,118941.77,119125.14,118862.19,118874.16,53.72130178,2025-08-12 03:30:00
1754970300000,118874.16,118923.02,118750.53,118858.86,31.89229536,2025-08-12 03:45:00
1754971200000,118858.86,118969.84,118805.9,118947.43,17.7252041,2025-08-12 04:00:00
1754972100000,118947.43,119031.32,118906.4,119031.32,32.94693517,2025-08-12 04:15:00
1754973000000,119031.32,119149.8,119001.31,119080.44,61.12050043,2025-08-12 04:30:00
1754973900000,119080.44,119158.12,119000.07,119067.98,28.8854064,2025-08-12 04:45:00
1754974800000,119067.98,119067.98,118672.1,118841.39,80.56270161,2025-08-12 05:00:00
1754975700000,118841.39,118859.89,118616.12,118620.95,36.21216445,2025-08-12 05:15:00
1754976600000,118620.95,118633.42,118423.39,118498.53,58.82608605,2025-08-12 05:30:00
1754977500000,118498.53,118815.26,118498.53,118815.26,29.31991047,2025-08-12 05:45:00
1754978400000,118815.26,118879.81,118703.55,118703.55,77.27962849,2025-08-12 06:00:00
1754979300000,118703.55,119028.67,118602.29,118988.79,153.70401637,2025-08-12 06:15:00
1754980200000,118988.79,119005.35,118890.84,118959.4,126.7500995,2025-08-12 06:30:00
1754981100000,118959.4,119026.28,118834.05,118834.09,130.18569074,2025-08-12 06:45:00
1754982000000,118834.09,119121.79,118834.09,119094.37,152.04755057,2025-08-12 07:00:00
1754982900000,119094.37,119144.38,119083.61,119134.21,58.19899992,2025-08-12 07:15:00
1754983800000,119134.21,119134.22,118971.38,119009.16,60.23608993,2025-08-12 07:30:00
1754984700000,119009.16,119076.24,118970.43,118983.18,53.46625005,2025-08-12 07:45:00
1754985600000,118983.18,119006.08,118861.76,118914.83,35.57354887,2025-08-12 08:00:00
1754986500000,118914.83,118938.84,118799.2,118825.03,55.01750534,2025-08-12 08:15:00
1754987400000,118825.03,119031.25,118739.23,119025.26,77.73149921,2025-08-12 08:30:00
1754988300000,119025.26,119057.89,118809.91,118814.6,143.557945,2025-08-12 08:45:00
1754989200000,118814.6,118893.13,118560.99,118628.11,55.77504457,2025-08-12 09:00:00
1754990100000,118628.11,118775.41,118549.63,118690.5,147.25880323,2025-08-12 09:15:00
1754991000000,118690.5,118690.58,118541.78,118552.55,33.23236471,2025-08-12 09:30:00
1754991900000,118552.55,118598.37,118400.83,118409.19,39.29018327,2025-08-12 09:45:00
1754992800000,118409.19,118472.1,118208.37,118242.5,49.61472626,2025-08-12 10:00:00
1754993700000,118242.5,118596.78,118242.5,118532.26,28.48023453,2025-08-12 10:15:00
1754994600000,118532.26,118665.17,118372.82,118402.54,21.79768106,2025-08-12 10:30:00
1754995500000,118402.54,118620.91,118361.73,118454.53,31.79596726,2025-08-12 10:45:00
1754996400000,118454.53,118525.71,118254.73,118265.64,31.55531284,2025-08-12 11:00:00
1754997300000,118265.64,118511.54,118226.74,118504.97,28.20113826,2025-08-12 11:15:00
1754998200000,118504.97,118665.99,118411.18,118418.08,27.25979405,2025-08-12 11:30:00
1754999100000,118418.08,118582.35,118418.07,118527.29,23.50752918,2025-08-12 11:45:00
1755000000000,118527.29,118562.42,118365.97,118376.47,64.61947278,2025-08-12 12:00:00
1755000900000,118376.47,118600.5,118290.05,118491.56,33.16051732,2025-08-12 12:15:00
1755001800000,118491.56,119206.09,118491.56,119111.04,194.99773643,2025-08-12 12:30:00
1755002700000,119111.04,119262.38,118965.71,119262.37,85.57940073,2025-08-12 12:45:00
1755003600000,119262.37,119304.61,118804.03,119054.51,100.15809829,2025-08-12 13:00:00
1755004500000,119054.51,119211.65,118998.65,119211.57,58.16225958,2025-08-12 13:15:00
1755005400000,119211.57,119709.36,118717.6,118730.02,127.85278282,2025-08-12 13:30:00
1755006300000,118730.02,119083.85,118628.4,118843.46,129.89405538,2025-08-12 13:45:00
1755007200000,118843.46,119256.02,118760.5,119169.16,52.14458214,2025-08-12 14:00:00
1755008100000,119169.16,119270.73,119009.15,119189.6,40.16191031,2025-08-12 14:15:00
1755009000000,119189.6,119331.37,119060.84,119113.2,42.36873924,2025-08-12 14:30:00
1755009900000,119113.2,119431.31,118976.39,119431.31,65.79247104,2025-08-12 14:45:00
1755010800000,119431.31,119575.38,119315.07,119453.53,61.69684682,2025-08-12 15:00:00
1755011700000,119453.53,119763.05,119453.1,119763.05,71.03764014,2025-08-12 15:15:00
1755012600000,119763.05,119944.11,119640.52,119671.69,95.06394088,2025-08-12 15:30:00
1755013500000,119671.69,119954.27,119605.71,119926.99,59.3976751,2025-08-12 15:45:00
1755014400000,119926.99,120186.09,119815.45,119827.71,85.51975498,2025-08-12 16:00:00
1755015300000,119827.71,119948.56,119592.99,119718.32,68.16353483,2025-08-12 16:15:00
1755016200000,119718.32,119718.33,119523.86,119550.88,62.46802582,2025-08-12 16:30:00
1755017100000,119550.88,119729.0,119540.94,119644.75,43.65110544,2025-08-12 16:45:00
1755018000000,119644.75,119837.71,119579.72,119695.79,43.32973917,2025-08-12 17:00:00
1755018900000,119695.79,119853.1,119294.76,119407.0,57.23026343,2025-08-12 17:15:00
1755019800000,119407.0,119567.84,119360.32,119423.55,51.1721836,2025-08-12 17:30:00
1755020700000,119423.55,119485.88,119166.91,119264.05,45.02240794,2025-08-12 17:45:00
1755021600000,119264.05,119780.17,119264.05,119780.17,40.3128802,2025-08-12 18:00:00
1755022500000,119780.17,120069.34,119706.12,119770.04,50.78610451,2025-08-12 18:15:00
1755023400000,119770.04,119814.01,119502.82,119556.31,25.99630916,2025-08-12 18:30:00
1755024300000,119556.31,119564.72,119261.46,119338.96,27.71715004,2025-08-12 18:45:00
1755025200000,119338.96,119530.05,119303.17,119530.03,23.86878007,2025-08-12 19:00:00
1755026100000,119530.03,119867.7,119530.03,119819.02,31.88654544,2025-08-12 19:15:00
1755027000000,119819.02,119953.65,119686.28,119721.44,36.65024174,2025-08-12 19:30:00
1755027900000,119721.44,119745.94,119625.02,119661.34,37.68980745,2025-08-12 19:45:00
1755028800000,119661.34,119794.45,119486.32,119752.59,47.40798529,2025-08-12 20:00:00
1755029700000,119752.59,120034.8,119752.59,119815.7,86.1142242,2025-08-12 20:15:00
1755030600000,119815.7,120152.01,119815.7,120028.54,50.8428711,2025-08-12 20:30:00
1755031500000,120028.54,120318.42,120028.5,120186.54,67.95788908,2025-08-12 20:45:00
1755032400000,120186.54,120196.66,119846.5,120020.76,54.71512675,2025-08-12 21:00:00
1755033300000,120020.76,120123.47,119993.95,120095.26,30.48780136,2025-08-12 21:15:00
1755034200000,120095.26,120095.32,119841.67,120005.63,35.71335833,2025-08-12 21:30:00
1755035100000,120005.63,120005.63,119789.31,119899.46,36.14764245,2025-08-12 21:45:00
1755036000000,119899.46,119999.94,119697.1,119759.26,41.23019259,2025-08-12 22:00:00
1755036900000,119759.26,119835.18,119645.14,119795.15,26.8872734,2025-08-12 22:15:00
1755037800000,119795.15,119949.29,119778.54,119886.97,27.65625109,2025-08-12 22:30:00
1755038700000,119886.97,120094.03,119842.05,120094.02,33.83455592,2025-08-12 22:45:00
1755039600000,120094.02,120105.15,119919.59,120105.14,36.3405222,2025-08-12 23:00:00
1755040500000,120105.14,120224.43,120100.95,120190.03,35.66191287,2025-08-12 23:15:00
1755041400000,120190.03,120247.77,120047.67,120238.55,41.83669857,2025-08-12 23:30:00
1755042300000,120238.55,120293.39,120095.94,120128.1,41.69869103,2025-08-12 23:45:00
1755043200000,120128.1,120186.28,119999.9,120058.72,41.43714987,2025-08-13 00:00:00
1755044100000,120058.72,120058.75,119893.38,119953.31,37.90868745,2025-08-13 00:15:00
1755045000000,119953.31,120030.0,119857.2,119900.1,28.68080595,2025-08-13 00:30:00
1755045900000,119900.1,119963.42,119644.75,119707.64,44.80933761,2025-08-13 00:45:00
1755046800000,119707.64,119710.69,119344.52,119353.53,41.46055685,2025-08-13 01:00:00
1755047700000,119353.53,119658.64,119353.53,119504.03,51.06453435,2025-08-13 01:15:00
1755048600000,119504.03,119560.11,119398.49,119436.02,34.3563054,2025-08-13 01:30:00
1755049500000,119436.02,119532.48,119398.54,119478.72,35.27508094,2025-08-13 01:45:00
1755050400000,119478.72,119478.72,119235.77,119235.79,49.72640786,2025-08-13 02:00:00
1755051300000,119235.79,119285.94,119109.41,119285.93,64.45877278,2025-08-13 02:15:00
1755052200000,119285.93,119694.6,119285.93,119615.25,43.86391845,2025-08-13 02:30:00
1755053100000,119615.25,119734.48,119541.84,119555.31,42.53168138,2025-08-13 02:45:00
1755054000000,119555.31,119633.67,119329.96,119371.8,53.72583169,2025-08-13 03:00:00
1755054900000,119371.8,119489.47,119301.53,119414.87,44.67865437,2025-08-13 03:15:00
1755055800000,119414.87,119601.44,119354.46,119437.53,35.03782198,2025-08-13 03:30:00
1755056700000,119437.53,119584.5,119365.13,119476.04,49.96565358,2025-08-13 03:45:00
1755057600000,119476.04,119814.31,119460.76,119693.28,83.35169021,2025-08-13 04:00:00
1755058500000,119693.28,119778.88,119586.72,119586.72,36.2314743,2025-08-13 04:15:00
1755059400000,119586.72,119681.0,119352.91,119395.03,38.08212537,2025-08-13 04:30:00
1755060300000,119395.03,119405.01,119323.15,119329.69,59.20326858,2025-08-13 04:45:00
1755061200000,119329.69,119382.68,119310.67,119382.65,33.71019197,2025-08-13 05:00:00
1755062100000,119382.65,119668.16,119346.71,119594.77,37.62076037,2025-08-13 05:15:00
1755063000000,119594.77,119594.78,119115.36,119176.61,83.59898706,2025-08-13 05:30:00
1755063900000,119176.61,119209.94,118933.43,119069.74,70.79010803,2025-08-13 05:45:00
1755064800000,119069.74,119242.41,118955.04,119238.66,34.22118167,2025-08-13 06:00:00
1755065700000,119238.66,119291.43,119081.23,119159.98,34.2719072,2025-08-13 06:15:00
1755066600000,119159.98,119332.42,119159.98,119176.49,29.22583932,2025-08-13 06:30:00
1755067500000,119176.49,119415.27,119131.83,119408.09,31.45589755,2025-08-13 06:45:00
1755068400000,119408.09,119476.58,119341.28,119341.28,31.77009981,2025-08-13 07:00:00
1755069300000,119341.28,119418.91,119320.8,119398.41,19.81472011,2025-08-13 07:15:00
1755070200000,119398.41,119415.25,119289.74,119326.77,35.90550594,2025-08-13 07:30:00
1755071100000,119326.77,119637.07,119305.31,119579.02,81.86336391,2025-08-13 07:45:00
1755072000000,119579.02,119868.6,119444.99,119785.42,123.89172847,2025-08-13 08:00:00
1755072900000,119785.42,119870.79,119700.54,119820.67,41.62536548,2025-08-13 08:15:00
1755073800000,119820.67,119948.58,119820.67,119948.56,64.59310276,2025-08-13 08:30:00
1755074700000,119948.56,120038.76,119823.26,120038.76,55.53162843,2025-08-13 08:45:00
1755075600000,120038.76,120164.45,119943.68,120164.44,68.05123227,2025-08-13 09:00:00
1755076500000,120164.44,120164.45,119783.06,119848.85,63.14253296,2025-08-13 09:15:00
1755077400000,119848.85,120066.44,119848.84,120018.0,34.27483034,2025-08-13 09:30:00
1755078300000,120018.0,120155.32,120015.1,120110.27,59.72485159,2025-08-13 09:45:00
1755079200000,120110.27,120451.21,120042.59,120390.01,82.3667723,2025-08-13 10:00:00
1755080100000,120390.01,120490.67,120300.03,120383.96,59.25490245,2025-08-13 10:15:00
1755081000000,120383.96,120469.44,120360.82,120454.52,47.81192754,2025-08-13 10:30:00
1755081900000,120454.52,120491.43,120385.99,120491.42,41.5998795,2025-08-13 10:45:00
1755082800000,120491.42,120695.36,120457.67,120628.9,65.47186725,2025-08-13 11:00:00
1755083700000,120628.9,120723.87,120428.56,120660.98,66.17608429,2025-08-13 11:15:00
1755084600000,120660.98,120726.9,120573.7,120708.24,41.91745897,2025-08-13 11:30:00
1755085500000,120708.24,120720.9,120565.69,120565.7,25.97908763,2025-08-13 11:45:00
1755086400000,120565.7,120679.98,120372.77,120460.94,34.35920025,2025-08-13 12:00:00
1755087300000,120460.94,120593.89,120460.94,120538.69,30.11527982,2025-08-13 12:15:00
1755088200000,120538.69,120609.97,120420.36,120521.74,48.89604947,2025-08-13 12:30:00
1755089100000,120521.74,120543.43,120204.01,120267.81,40.719486,2025-08-13 12:45:00
1755090000000,120267.81,120543.76,120206.2,120494.87,25.80956847,2025-08-13 13:00:00
1755090900000,120494.87,120762.42,120471.16,120638.11,42.64785215,2025-08-13 13:15:00
1755091800000,120638.11,120753.03,120102.01,120339.32,49.32167748,2025-08-13 13:30:00
1755092700000,120339.32,122045.89,120289.49,121761.88,146.76348335,2025-08-13 13:45:00
1755093600000,121761.88,122194.25,121747.59,122064.64,108.01516515,2025-08-13 14:00:00
1755094500000,122064.64,122149.85,121425.13,121703.64,97.91555715,2025-08-13 14:15:00
1755095400000,121703.64,121914.64,121488.38,121656.56,45.67897803,2025-08-13 14:30:00
1755096300000,121656.56,121656.56,120757.32,120888.64,74.73271277,2025-08-13 14:45:00
1755097200000,120888.64,121239.46,120809.1,120975.89,44.42435848,2025-08-13 15:00:00
1755098100000,120975.89,120975.89,120312.87,120570.43,59.9124371,2025-08-13 15:15:00
1755099000000,120570.43,121338.1,120451.57,121327.14,42.0275748,2025-08-13 15:30:00
1755099900000,121327.14,121327.14,120888.93,120914.7,35.0759159,2025-08-13 15:45:00
1755100800000,120914.7,121502.91,120914.7,121502.91,32.40512806,2025-08-13 16:00:00
1755101700000,121502.91,121716.72,121498.72,121533.57,40.11356776,2025-08-13 16:15:00
1755102600000,121533.57,121695.11,121321.65,121321.66,20.03204559,2025-08-13 16:30:00
1755103500000,121321.66,121474.68,121253.2,121415.69,16.19293156,2025-08-13 16:45:00
1755104400000,121415.69,121693.94,121415.69,121597.89,32.26529528,2025-08-13 17:00:00
1755105300000,121597.89,121840.0,121579.64,121794.37,49.33964454,2025-08-13 17:15:00
1755106200000,121794.37,121825.86,121557.3,121600.15,54.05758107,2025-08-13 17:30:00
1755107100000,121600.15,121876.94,121523.23,121817.17,30.50970734,2025-08-13 17:45:00
1755108000000,121817.17,121948.41,121632.26,121902.92,25.18031496,2025-08-13 18:00:00
1755108900000,121902.92,121928.97,121577.69,121622.47,42.58475102,2025-08-13 18:15:00
1755109800000,121622.47,121871.22,121423.29,121502.17,53.8251811,2025-08-13 18:30:00
1755110700000,121502.17,121706.84,121458.03,121634.19,24.77803729,2025-08-13 18:45:00
1755111600000,121634.19,121993.89,121519.12,121936.23,37.44950615,2025-08-13 19:00:00
1755112500000,121936.23,122534.07,121925.9,122313.6,72.49998597,2025-08-13 19:15:00
1755113400000,122313.6,122549.97,122220.15,122420.5,33.58029421,2025-08-13 19:30:00
1755114300000,122420.5,122833.32,122420.5,122738.07,57.21356382,2025-08-13 19:45:00
1755115200000,122738.07,122837.14,122459.5,122797.39,40.38224573,2025-08-13 20:00:00
1755116100000,122797.39,122797.4,122555.19,122611.3,33.69679994,2025-08-13 20:15:00
1755117000000,122611.3,122806.22,122611.3,122806.22,36.27960003,2025-08-13 20:30:00
1755117900000,122806.22,122967.9,122797.15,122897.92,41.17317322,2025-08-13 20:45:00
1755118800000,122897.92,122993.84,122660.18,122717.63,41.54698758,2025-08-13 21:00:00
1755119700000,122717.63,122941.06,122680.05,122685.19,31.2693094,2025-08-13 21:15:00
1755120600000,122685.19,122825.98,122460.57,122460.57,53.65136286,2025-08-13 21:30:00
1755121500000,122460.57,122637.09,122297.3,122526.3,36.63555253,2025-08-13 21:45:00
1755122400000,122526.3,122970.27,122526.3,122970.27,44.51166865,2025-08-13 22:00:00
1755123300000,122970.27,123039.99,122836.78,122935.79,36.39390204,2025-08-13 22:15:00
1755124200000,122935.79,123555.0,122904.49,123512.76,53.62068575,2025-08-13 22:30:00
1755125100000,123512.76,123630.54,122901.24,122951.1,62.30766949,2025-08-13 22:45:00
1755126000000,122951.1,123173.71,122904.11,122996.61,24.15595039,2025-08-13 23:00:00
1755126900000,122996.61,123307.18,122953.65,123307.16,26.01012061,2025-08-13 23:15:00
1755127800000,123307.16,123663.95,123307.16,123456.74,36.51643305,2025-08-13 23:30:00
1755128700000,123456.74,123572.57,123278.57,123304.65,21.27458962,2025-08-13 23:45:00
1755129600000,123304.65,123857.36,123249.94,123857.36,62.3876856,2025-08-14 00:00:00
1755130500000,123857.36,124192.11,123654.07,124192.11,50.26899727,2025-08-14 00:15:00
1755131400000,124192.11,124467.78,123662.59,123733.74,67.48003467,2025-08-14 00:30:00
1755132300000,123733.74,123842.57,123488.41,123842.55,32.5587309,2025-08-14 00:45:00
1755133200000,123842.55,123940.26,123590.35,123603.36,47.6547167,2025-08-14 01:00:00
1755134100000,123603.36,123732.55,123381.57,123566.39,62.92344136,2025-08-14 01:15:00
1755135000000,123566.39,123779.95,123514.99,123570.29,45.95973654,2025-08-14 01:30:00
1755135900000,123570.29,123570.29,123332.65,123332.66,35.3365729,2025-08-14 01:45:00
1755136800000,123332.66,123585.74,123332.61,123363.0,51.21798764,2025-08-14 02:00:00
1755137700000,123363.0,123450.93,123265.36,123311.65,43.50469031,2025-08-14 02:15:00
1755138600000,123311.65,123590.48,123290.33,123573.48,40.77614423,2025-08-14 02:30:00
1755139500000,123573.48,123683.91,123501.42,123656.53,67.5560393,2025-08-14 02:45:00
1755140400000,123656.53,123843.79,123592.51,123760.18,42.30506126,2025-08-14 03:00:00
1755141300000,123760.18,123760.19,123546.47,123566.23,39.77713483,2025-08-14 03:15:00
1755142200000,123566.23,123577.05,123394.17,123519.18,55.88941911,2025-08-14 03:30:00
1755143100000,123519.18,123527.12,123292.54,123333.82,51.18068295,2025-08-14 03:45:00
1755144000000,123333.82,123423.2,123121.12,123121.15,56.51671762,2025-08-14 04:00:00
1755144900000,123121.15,123371.38,123110.87,123308.48,53.7176247,2025-08-14 04:15:00
1755145800000,123308.48,123321.02,123118.0,123197.18,45.96516623,2025-08-14 04:30:00
1755146700000,123197.18,123197.19,122997.38,122998.18,44.7372745,2025-08-14 04:45:00
1755147600000,122998.18,123117.51,122846.16,122875.69,51.10811468,2025-08-14 05:00:00
1755148500000,122875.69,122993.85,122699.62,122699.63,48.6792099,2025-08-14 05:15:00
1755149400000,122699.63,122793.99,122538.15,122565.13,94.61070032,2025-08-14 05:30:00
1755150300000,122565.13,122610.38,122077.44,122133.48,75.61957214,2025-08-14 05:45:00
1755151200000,122133.48,122133.48,121717.27,121742.11,106.27488205,2025-08-14 06:00:00
1755152100000,121742.11,121763.7,121319.57,121588.6,168.59839611,2025-08-14 06:15:00
1755153000000,121588.6,121914.9,121588.6,121758.41,113.1543802,2025-08-14 06:30:00
1755153900000,121758.41,121934.88,121735.43,121777.3,66.59926561,2025-08-14 06:45:00
1755154800000,121777.3,121935.61,121625.88,121683.59,103.46003053,2025-08-14 07:00:00
1755155700000,121683.59,121758.88,121543.9,121622.43,60.68914961,2025-08-14 07:15:00
1755156600000,121622.43,122039.29,121622.43,121916.87,81.52905608,2025-08-14 07:30:00
1755157500000,121916.87,121937.54,121611.4,121730.89,79.30615863,2025-08-14 07:45:00
1755158400000,121730.89,121865.76,121591.83,121819.38,166.37496364,2025-08-14 08:00:00
1755159300000,121819.38,122051.9,121812.87,122020.74,86.19825581,2025-08-14 08:15:00
1755160200000,122020.74,122020.74,121669.29,121701.81,115.45324832,2025-08-14 08:30:00
1755161100000,121701.81,121771.2,121566.91,121643.81,39.62884019,2025-08-14 08:45:00
1755162000000,121643.81,121905.46,121534.16,121905.46,51.60140269,2025-08-14 09:00:00
1755162900000,121905.46,121924.26,121761.6,121818.88,45.08729462,2025-08-14 09:15:00
1755163800000,121818.88,121818.88,121585.1,121585.13,91.09160527,2025-08-14 09:30:00
1755164700000,121585.13,121706.76,121585.12,121649.66,75.45650461,2025-08-14 09:45:00
1755165600000,121649.66,121649.67,121449.65,121479.99,69.24610705,2025-08-14 10:00:00
1755166500000,121479.99,121763.66,121479.03,121510.33,44.30103682,2025-08-14 10:15:00
1755167400000,121510.33,121658.15,121111.11,121150.26,75.2081956,2025-08-14 10:30:00
1755168300000,121150.26,121244.46,120763.08,120938.86,119.66254844,2025-08-14 10:45:00
1755169200000,120938.86,121028.86,120775.82,120835.54,75.92058772,2025-08-14 11:00:00
1755170100000,120835.54,120936.51,120747.91,120896.09,72.1131663,2025-08-14 11:15:00
1755171000000,120896.09,120917.23,120697.26,120782.74,45.26243559,2025-08-14 11:30:00
1755171900000,120782.74,120961.88,120767.79,120952.71,44.62615002,2025-08-14 11:45:00
1755172800000,120952.71,120999.99,120855.52,120999.99,109.67473053,2025-08-14 12:00:00
1755173700000,120999.99,121172.94,120462.73,121149.49,144.5549353,2025-08-14 12:15:00
1755174600000,121149.49,121149.5,118400.0,119529.32,407.83082608,2025-08-14 12:30:00
1755175500000,119529.32,119733.51,118703.29,118869.45,239.1265183,2025-08-14 12:45:00
1755176400000,118869.45,119249.91,118065.9,119249.9,223.93145565,2025-08-14 13:00:00
1755177300000,119249.9,119249.91,118109.0,118240.88,182.78600913,2025-08-14 13:15:00
1755178200000,118240.88,118670.74,117734.22,118275.94,174.65555384,2025-08-14 13:30:00
1755179100000,118275.94,118854.61,118174.1,118429.13,174.40928664,2025-08-14 13:45:00
1755180000000,118429.13,118450.32,118012.84,118044.52,121.71787669,2025-08-14 14:00:00
1755180900000,118044.52,118876.47,118016.94,118870.43,168.18076958,2025-08-14 14:15:00
1755181800000,118870.43,119314.03,118770.33,119068.52,161.81595556,2025-08-14 14:30:00
1755182700000,119068.52,119366.71,118736.81,118804.91,136.07681879,2025-08-14 14:45:00
1755183600000,118804.91,118905.54,118478.14,118541.91,102.20265913,2025-08-14 15:00:00
1755184500000,118541.91,118600.57,118046.57,118156.51,136.66823059,2025-08-14 15:15:00
1755185400000,118156.51,118285.9,117885.76,118094.0,124.53899563,2025-08-14 15:30:00
1755186300000,118094.0,118297.51,117928.67,118255.95,131.39328928,2025-08-14 15:45:00
1755187200000,118255.95,118255.95,117621.88,117651.21,194.58906427,2025-08-14 16:00:00
1755188100000,117651.21,117907.15,117439.6,117643.8,150.93783191,2025-08-14 16:15:00
1755189000000,117643.8,117885.1,117410.31,117710.51,73.7979737,2025-08-14 16:30:00
1755189900000,117710.51,118002.08,117544.37,117869.36,102.51376347,2025-08-14 16:45:00
1755190800000,117869.36,117874.71,117502.9,117722.33,100.92816686,2025-08-14 17:00:00
1755191700000,117722.33,118147.99,117542.38,118113.81,77.42788048,2025-08-14 17:15:00
1755192600000,118113.81,118130.48,117700.68,117700.69,61.33108926,2025-08-14 17:30:00
1755193500000,117700.69,117929.54,117576.15,117914.23,79.9627426,2025-08-14 17:45:00
1755194400000,117914.23,117925.07,117642.25,117655.49,78.91289989,2025-08-14 18:00:00
1755195300000,117655.49,117857.82,117185.0,117857.78,97.37057103,2025-08-14 18:15:00
1755196200000,117857.78,118092.87,117808.28,118043.82,80.65666681,2025-08-14 18:30:00
1755197100000,118043.82,118219.71,117985.84,118094.89,46.95442952,2025-08-14 18:45:00
1755198000000,118094.89,118195.49,118069.04,118118.15,38.35007131,2025-08-14 19:00:00
1755198900000,118118.15,118416.39,118000.97,118297.63,70.00161486,2025-08-14 19:15:00
1755199800000,118297.63,118297.63,118104.55,118193.24,48.9048989,2025-08-14 19:30:00
1755200700000,118193.24,118525.13,117934.31,117950.97,147.17775711,2025-08-14 19:45:00
1755201600000,117950.97,118009.5,117729.85,117825.47,131.12193619,2025-08-14 20:00:00
1755202500000,117825.47,118145.32,117782.4,118145.29,59.15337254,2025-08-14 20:15:00
1755203400000,118145.29,118152.23,117936.59,117938.8,50.3218456,2025-08-14 20:30:00
1755204300000,117938.8,117980.4,117759.45,117872.04,60.31346645,2025-08-14 20:45:00
1755205200000,117872.04,118205.7,117837.89,118153.99,50.62328665,2025-08-14 21:00:00
1755206100000,118153.99,118176.23,117640.79,117649.46,54.0011446,2025-08-14 21:15:00
1755207000000,117649.46,117909.55,117308.18,117573.45,186.14441647,2025-08-14 21:30:00
1755207900000,117573.45,117932.91,117473.87,117903.82,78.89911699,2025-08-14 21:45:00
1755208800000,117903.82,118067.71,117645.84,118067.7,46.24418871,2025-08-14 22:00:00
1755209700000,118067.7,118217.91,117993.55,118217.9,55.87681134,2025-08-14 22:15:00
1755210600000,118217.9,118345.66,118116.08,118189.55,37.27211516,2025-08-14 22:30:00
1755211500000,118189.55,118350.26,118181.57,118286.64,39.61943491,2025-08-14 22:45:00
1755212400000,118286.64,118406.25,118240.88,118377.01,69.97683304,2025-08-14 23:00:00
1755213300000,118377.01,118512.37,118377.0,118512.36,72.17934863,2025-08-14 23:15:00
1755214200000,118512.36,118517.4,118388.47,118439.78,43.82123921,2025-08-14 23:30:00
1755215100000,118439.78,118516.46,118244.04,118296.05,45.11952121,2025-08-14 23:45:00
1755216000000,118296.05,118474.26,118224.85,118474.26,60.80800458,2025-08-15 00:00:00
1755216900000,118474.26,118474.26,118201.34,118230.51,39.90927373,2025-08-15 00:15:00
1755217800000,118230.51,118421.78,118033.97,118378.46,47.25761125,2025-08-15 00:30:00
1755218700000,118378.46,118464.0,118144.54,118182.61,39.91118166,2025-08-15 00:45:00
1755219600000,118182.61,118210.89,118034.19,118133.56,30.36398174,2025-08-15 01:00:00
1755220500000,118133.56,118428.54,118033.19,118405.88,51.58996761,2025-08-15 01:15:00
1755221400000,118405.88,118641.89,118308.32,118627.89,70.42158042,2025-08-15 01:30:00
1755222300000,118627.89,118738.15,118571.86,118687.21,71.04039964,2025-08-15 01:45:00
1755223200000,118687.21,118795.05,118589.63,118705.68,107.57073191,2025-08-15 02:00:00
1755224100000,118705.68,118793.31,118634.36,118775.71,70.7918786,2025-08-15 02:15:00
1755225000000,118775.71,118893.94,118682.69,118829.72,56.20731704,2025-08-15 02:30:00
1755225900000,118829.72,118857.34,118653.2,118703.08,78.99543939,2025-08-15 02:45:00
1755226800000,118703.08,118910.67,118609.9,118867.7,52.16485703,2025-08-15 03:00:00
1755227700000,118867.7,119004.91,118792.32,119004.91,65.66305987,2025-08-15 03:15:00
1755228600000,119004.91,119082.75,118911.05,118963.84,83.58733019,2025-08-15 03:30:00
1755229500000,118963.84,118974.32,118874.09,118968.33,61.40565219,2025-08-15 03:45:00
1755230400000,118968.33,119108.33,118929.69,119106.34,84.12291063,2025-08-15 04:00:00
1755231300000,119106.34,119171.55,119045.21,119171.55,75.8376437,2025-08-15 04:15:00
1755232200000,119171.55,119198.0,118981.47,118981.48,56.00329168,2025-08-15 04:30:00
1755233100000,118981.48,118981.48,118766.34,118829.13,59.2760675,2025-08-15 04:45:00
1755234000000,118829.13,118956.17,118673.12,118673.13,45.59306605,2025-08-15 05:00:00
1755234900000,118673.13,118827.94,118626.59,118746.91,35.32595584,2025-08-15 05:15:00
1755235800000,118746.91,118871.07,118693.01,118693.01,46.95940493,2025-08-15 05:30:00
1755236700000,118693.01,118996.76,118654.33,118981.06,45.69652528,2025-08-15 05:45:00
1755237600000,118981.06,119171.35,118879.65,118910.43,64.73790082,2025-08-15 06:00:00
1755238500000,118910.43,119140.65,118862.6,119088.36,49.35216633,2025-08-15 06:15:00
1755239400000,119088.36,119207.12,119068.44,119207.11,28.97796837,2025-08-15 06:30:00
1755240300000,119207.11,119212.93,119062.98,119078.23,28.00846155,2025-08-15 06:45:00
1755241200000,119078.23,119094.3,118871.89,118872.02,29.17984493,2025-08-15 07:00:00
1755242100000,118872.02,118978.27,118806.95,118886.05,27.94637758,2025-08-15 07:15:00
1755243000000,118886.05,118920.3,118762.43,118809.21,45.42576142,2025-08-15 07:30:00
1755243900000,118809.21,118952.08,118756.71,118952.04,23.61512143,2025-08-15 07:45:00
1755244800000,118952.04,119058.06,118931.69,118931.7,12.42602753,2025-08-15 08:00:00
1755245700000,118931.7,119088.18,118882.13,119074.06,13.47328351,2025-08-15 08:15:00
1755246600000,119074.06,119138.81,119030.66,119128.86,8.88317301,2025-08-15 08:30:00
1755247500000,119128.86,119128.88,118872.78,118872.78,9.86271402,2025-08-15 08:45:00
1755248400000,118872.78,119053.09,118859.75,118917.2,10.88619609,2025-08-15 09:00:00
1755249300000,118917.2,118926.43,118688.5,118707.81,19.46775606,2025-08-15 09:15:00
1755250200000,118707.81,118885.51,118695.99,118736.56,11.45878579,2025-08-15 09:30:00
1755251100000,118736.56,118817.06,118594.16,118702.26,9.17180492,2025-08-15 09:45:00
1755252000000,118702.26,118955.5,118702.26,118858.78,12.76913882,2025-08-15 10:00:00
1755252900000,118858.78,119022.98,118833.76,118976.67,13.5773772,2025-08-15 10:15:00
1755253800000,118976.67,119014.48,118872.7,118968.36,11.76953308,2025-08-15 10:30:00
1755254700000,118968.36,119006.02,118866.29,118873.9,8.5539241,2025-08-15 10:45:00
1755255600000,118873.9,119091.31,118873.9,119057.2,11.24422286,2025-08-15 11:00:00
1755256500000,119057.2,119074.05,118959.59,118996.33,10.38425875,2025-08-15 11:15:00
1755257400000,118996.33,119078.38,118985.46,119060.93,5.32083629,2025-08-15 11:30:00
1755258300000,119060.93,119090.23,118992.07,119000.17,6.74871535,2025-08-15 11:45:00
1755259200000,119000.17,119107.32,118938.0,119086.12,12.99524044,2025-08-15 12:00:00
1755260100000,119086.12,119086.12,118678.99,118678.99,15.39733304,2025-08-15 12:15:00
1755261000000,118678.99,119122.0,118520.87,118646.8,28.55794026,2025-08-15 12:30:00
1755261900000,118646.8,118779.23,118525.14,118654.52,11.6755365,2025-08-15 12:45:00
1755262800000,118654.52,118743.61,118345.48,118484.86,15.72153643,2025-08-15 13:00:00
1755263700000,118484.86,118604.53,118433.63,118468.61,19.56862731,2025-08-15 13:15:00
1755264600000,118468.61,118500.2,117970.07,118031.61,48.22249745,2025-08-15 13:30:00
1755265500000,118031.61,118117.45,117745.01,117780.6,49.00610415,2025-08-15 13:45:00
1755266400000,117780.6,118159.93,117654.08,118033.64,47.3672842,2025-08-15 14:00:00
1755267300000,118033.64,118278.98,117789.88,117894.43,27.89929221,2025-08-15 14:15:00
1755268200000,117894.43,118026.5,117744.71,117750.0,24.35763704,2025-08-15 14:30:00
1755269100000,117750.0,117797.65,117262.56,117398.38,51.02606893,2025-08-15 14:45:00
1755270000000,117398.38,117529.21,116970.99,117344.87,61.1413037,2025-08-15 15:00:00
1755270900000,117344.87,117593.38,117005.14,117065.91,73.51723182,2025-08-15 15:15:00
1755271800000,117065.91,117401.9,116825.49,116847.24,49.90859668,2025-08-15 15:30:00
1755272700000,116847.24,117388.4,116829.6,117271.51,49.15990981,2025-08-15 15:45:00
1755273600000,117271.51,117356.17,116805.52,117043.6,40.97929999,2025-08-15 16:00:00
1755274500000,117043.6,117164.24,116802.45,117037.84,27.0228236,2025-08-15 16:15:00
1755275400000,117037.84,117271.17,117027.42,117187.76,18.91855633,2025-08-15 16:30:00
1755276300000,117187.76,117420.91,117139.15,117354.06,25.17295826,2025-08-15 16:45:00
1755277200000,117354.06,117363.03,117104.59,117163.37,19.72280218,2025-08-15 17:00:00
1755278100000,117163.37,117665.99,117001.32,117543.19,41.37719693,2025-08-15 17:15:00
1755279000000,117543.19,117878.79,117390.35,117735.09,61.82842677,2025-08-15 17:30:00
1755279900000,117735.09,117743.0,117542.33,117581.98,22.11207891,2025-08-15 17:45:00
1755280800000,117581.98,117656.19,117295.54,117376.29,15.10206461,2025-08-15 18:00:00
1755281700000,117376.29,117384.66,117271.37,117319.45,10.13478745,2025-08-15 18:15:00
1755282600000,117319.45,117452.82,117255.69,117258.5,8.74849296,2025-08-15 18:30:00
1755283500000,117258.5,117391.39,117023.74,117150.73,12.17534632,2025-08-15 18:45:00
1755284400000,117150.73,117286.52,117005.86,117286.52,20.46355587,2025-08-15 19:00:00
1755285300000,117286.52,117413.98,117126.97,117128.16,10.95869964,2025-08-15 19:15:00
1755286200000,117128.16,117188.76,116971.18,116985.8,17.10340182,2025-08-15 19:30:00
1755287100000,116985.8,117059.1,116866.87,116938.21,27.04452014,2025-08-15 19:45:00
1755288000000,116938.21,117135.04,116864.86,117135.04,20.09316801,2025-08-15 20:00:00
1755288900000,117135.04,117202.03,117057.51,117192.18,12.74643757,2025-08-15 20:15:00
1755289800000,117192.18,117322.08,117180.81,117225.04,10.06131225,2025-08-15 20:30:00
1755290700000,117225.04,117323.25,117218.99,117280.22,9.02660139,2025-08-15 20:45:00
1755291600000,117280.22,117350.25,117078.5,117078.53,18.5723579,2025-08-15 21:00:00
1755292500000,117078.53,117275.59,116999.01,117252.13,14.10363836,2025-08-15 21:15:00
1755293400000,117252.13,117307.68,117161.78,117238.93,8.69732108,2025-08-15 21:30:00
1755294300000,117238.93,117318.27,117235.12,117318.14,8.21229334,2025-08-15 21:45:00
1755295200000,117318.14,117374.63,117300.77,117318.06,14.1694149,2025-08-15 22:00:00
1755296100000,117318.06,117373.12,117318.06,117373.08,9.42574528,2025-08-15 22:15:00
1755297000000,117373.08,117502.89,117373.07,117447.32,19.41257862,2025-08-15 22:30:00
1755297900000,117447.32,117734.68,117447.09,117697.8,15.90589933,2025-08-15 22:45:00
1755298800000,117697.8,117757.56,117316.31,117321.97,33.80786963,2025-08-15 23:00:00
1755299700000,117321.97,117321.98,117034.1,117175.75,13.49870858,2025-08-15 23:15:00
1755300600000,117175.75,117230.91,117085.16,117146.79,9.09791003,2025-08-15 23:30:00
1755301500000,117146.79,117341.22,117110.85,117341.18,19.67595548,2025-08-15 23:45:00
1755302400000,117341.18,117490.86,117231.59,117490.86,22.56295185,2025-08-16 00:00:00
1755303300000,117490.86,117569.3,117350.55,117474.11,41.8561914,2025-08-16 00:15:00
1755304200000,117474.11,117691.55,117472.43,117672.82,14.03359643,2025-08-16 00:30:00
1755305100000,117672.82,117755.53,117654.06,117729.32,14.50132236,2025-08-16 00:45:00
1755306000000,117729.32,117773.78,117629.67,117765.78,22.74805187,2025-08-16 01:00:00
1755306900000,117765.78,117798.02,117620.98,117712.0,11.65687538,2025-08-16 01:15:00
1755307800000,117712.0,117842.18,117702.5,117793.83,14.35995682,2025-08-16 01:30:00
1755308700000,117793.83,117894.4,117767.5,117817.25,10.43429711,2025-08-16 01:45:00
1755309600000,117817.25,117817.25,117608.17,117641.78,15.49978809,2025-08-16 02:00:00
1755310500000,117641.78,117715.13,117579.05,117635.21,7.09767526,2025-08-16 02:15:00
1755311400000,117635.21,117652.12,117518.24,117544.83,8.87584112,2025-08-16 02:30:00
1755312300000,117544.83,117611.88,117440.6,117505.5,11.89046058,2025-08-16 02:45:00
1755313200000,117505.5,117629.6,117412.57,117613.53,12.7445521,2025-08-16 03:00:00
1755314100000,117613.53,117660.49,117578.58,117642.39,9.48129949,2025-08-16 03:15:00
1755315000000,117642.39,117642.4,117525.68,117525.69,9.61247728,2025-08-16 03:30:00
1755315900000,117525.69,117600.86,117400.0,117435.08,9.49224433,2025-08-16 03:45:00
1755316800000,117435.08,117508.62,117425.28,117460.38,7.41335769,2025-08-16 04:00:00
1755317700000,117460.38,117827.92,117441.13,117819.79,16.25632774,2025-08-16 04:15:00
1755318600000,117819.79,117843.93,117708.77,117727.92,6.46995504,2025-08-16 04:30:00
1755319500000,117727.92,117889.27,117727.91,117813.27,25.11774476,2025-08-16 04:45:00
1755320400000,117813.27,117848.93,117725.91,117725.92,10.94582707,2025-08-16 05:00:00
1755321300000,117725.92,117725.92,117544.92,117584.03,10.30587276,2025-08-16 05:15:00
1755322200000,117584.03,117649.33,117528.0,117549.43,8.72653297,2025-08-16 05:30:00
1755323100000,117549.43,117617.37,117521.42,117594.34,9.07578237,2025-08-16 05:45:00
1755324000000,117594.34,117633.82,117422.55,117422.56,13.63948211,2025-08-16 06:00:00
1755324900000,117422.56,117484.56,117380.81,117447.43,9.4705277,2025-08-16 06:15:00
1755325800000,117447.43,117475.77,117289.82,117365.91,13.77907425,2025-08-16 06:30:00
1755326700000,117365.91,117456.88,117349.98,117389.65,10.21996213,2025-08-16 06:45:00
1755327600000,117389.65,117532.25,117339.9,117471.17,15.30672607,2025-08-16 07:00:00
1755328500000,117471.17,117513.18,117382.57,117513.1,12.18867921,2025-08-16 07:15:00
1755329400000,117513.1,117653.95,117500.03,117628.12,16.22465641,2025-08-16 07:30:00
1755330300000,117628.12,117668.89,117590.21,117590.21,9.21380502,2025-08-16 07:45:00
1755331200000,117590.21,117595.02,117509.26,117534.77,7.26198177,2025-08-16 08:00:00
1755332100000,117534.77,117554.71,117495.66,117519.34,4.64271239,2025-08-16 08:15:00
1755333000000,117519.34,117670.54,117519.34,117628.93,6.77804791,2025-08-16 08:30:00
1755333900000,117628.93,117672.35,117573.19,117626.46,10.86190648,2025-08-16 08:45:00
1755334800000,117626.46,117695.45,117545.53,117648.27,13.45867259,2025-08-16 09:00:00
1755335700000,117648.27,117681.01,117611.33,117655.22,8.69513201,2025-08-16 09:15:00
1755336600000,117655.22,117687.01,117600.41,117646.41,12.17156044,2025-08-16 09:30:00
1755337500000,117646.41,117655.42,117300.15,117306.16,10.88742109,2025-08-16 09:45:00
1755338400000,117306.16,117443.97,117219.97,117304.61,24.73977464,2025-08-16 10:00:00
1755339300000,117304.61,117373.28,117147.06,117342.18,20.84257738,2025-08-16 10:15:00
1755340200000,117342.18,117386.8,117233.4,117336.19,18.62563128,2025-08-16 10:30:00
1755341100000,117336.19,117395.27,117321.15,117389.12,7.2729182,2025-08-16 10:45:00
1755342000000,117389.12,117500.97,117389.11,117500.96,7.37986123,2025-08-16 11:00:00
1755342900000,117500.96,117540.6,117500.44,117500.47,4.89523613,2025-08-16 11:15:00
1755343800000,117500.47,117500.47,117404.91,117404.93,12.26854509,2025-08-16 11:30:00
1755344700000,117404.93,117457.89,117349.46,117377.98,15.86472806,2025-08-16 11:45:00
1755345600000,117377.98,117441.61,117349.1,117435.09,22.02756434,2025-08-16 12:00:00
1755346500000,117435.09,117510.92,117326.2,117510.92,26.50212219,2025-08-16 12:15:00
1755347400000,117510.92,117723.37,117510.91,117652.19,35.99962084,2025-08-16 12:30:00
1755348300000,117652.19,117741.7,117610.4,117741.67,11.4216722,2025-08-16 12:45:00
1755349200000,117741.67,117794.11,117631.01,117691.32,19.96627598,2025-08-16 13:00:00
1755350100000,117691.32,117774.35,117681.13,117741.63,17.69209435,2025-08-16 13:15:00
1755351000000,117741.63,117777.72,117649.81,117657.0,11.88655695,2025-08-16 13:30:00
1755351900000,117657.0,117736.08,117577.15,117619.59,11.55666205,2025-08-16 13:45:00
1755352800000,117619.59,117723.91,117571.81,117653.53,16.60369329,2025-08-16 14:00:00
1755353700000,117653.53,117761.49,117544.15,117749.7,14.26392945,2025-08-16 14:15:00
1755354600000,117749.7,117749.7,117651.66,117703.12,10.11413247,2025-08-16 14:30:00
1755355500000,117703.12,117769.27,117703.1,117769.25,10.0128695,2025-08-16 14:45:00
1755356400000,117769.25,117822.88,117673.76,117746.91,17.42062764,2025-08-16 15:00:00
1755357300000,117746.91,117772.0,117714.48,117768.56,6.69964288,2025-08-16 15:15:00
1755358200000,117768.56,117768.57,117617.0,117648.26,9.56680908,2025-08-16 15:30:00
1755359100000,117648.26,117727.68,117648.25,117673.19,6.81491683,2025-08-16 15:45:00
1755360000000,117673.19,117767.26,117673.07,117767.26,9.53153214,2025-08-16 16:00:00
1755360900000,117767.26,117795.86,117730.76,117795.71,36.89258742,2025-08-16 16:15:00
1755361800000,117795.71,117813.58,117733.36,117733.72,40.69730003,2025-08-16 16:30:00
1755362700000,117733.72,117773.31,117733.69,117744.59,6.72474769,2025-08-16 16:45:00
1755363600000,117744.59,117744.78,117651.29,117695.95,11.96252245,2025-08-16 17:00:00
1755364500000,117695.95,117727.7,117647.63,117720.0,5.16399706,2025-08-16 17:15:00
1755365400000,117720.0,117720.01,117656.81,117656.84,7.39469153,2025-08-16 17:30:00
1755366300000,117656.84,117713.58,117656.45,117688.37,5.508416,2025-08-16 17:45:00
1755367200000,117688.37,117727.58,117661.13,117727.55,4.03956972,2025-08-16 18:00:00
1755368100000,117727.55,117752.5,117662.74,117691.0,4.84848801,2025-08-16 18:15:00
1755369000000,117691.0,117695.56,117657.11,117657.14,5.88325089,2025-08-16 18:30:00
1755369900000,117657.14,117695.86,117625.8,117681.56,6.21784471,2025-08-16 18:45:00
1755370800000,117681.56,117681.56,117648.29,117667.01,4.80417229,2025-08-16 19:00:00
1755371700000,117667.01,117692.87,117666.91,117692.79,4.08314001,2025-08-16 19:15:00
1755372600000,117692.79,117765.94,117692.79,117749.6,9.69824013,2025-08-16 19:30:00
1755373500000,117749.6,117749.63,117666.42,117666.44,3.86035335,2025-08-16 19:45:00
1755374400000,117666.44,117668.29,117533.79,117609.53,7.63415606,2025-08-16 20:00:00
1755375300000,117609.53,117708.79,117609.29,117653.95,6.6598903,2025-08-16 20:15:00
1755376200000,117653.95,117682.86,117629.68,117682.73,8.48854856,2025-08-16 20:30:00
1755377100000,117682.73,117705.35,117614.86,117650.19,6.67974044,2025-08-16 20:45:00
1755378000000,117650.19,117650.2,117576.76,117576.76,6.7129443,2025-08-16 21:00:00
1755378900000,117576.76,117597.74,117567.05,117597.73,13.83173678,2025-08-16 21:15:00
1755379800000,117597.73,117597.73,117434.54,117490.75,9.25600537,2025-08-16 21:30:00
1755380700000,117490.75,117539.46,117451.81,117451.81,4.9826222,2025-08-16 21:45:00
1755381600000,117451.81,117451.81,117229.06,117408.25,32.18983044,2025-08-16 22:00:00
1755382500000,117408.25,117467.96,117408.25,117439.69,11.77806066,2025-08-16 22:15:00
1755383400000,117439.69,117557.88,117437.16,117505.24,18.36452277,2025-08-16 22:30:00
1755384300000,117505.24,117538.59,117462.11,117462.11,8.54858713,2025-08-16 22:45:00
1755385200000,117462.11,117477.02,117421.89,117421.9,9.45081653,2025-08-16 23:00:00
1755386100000,117421.9,117421.91,117288.14,117288.15,9.39558722,2025-08-16 23:15:00
1755387000000,117288.15,117359.49,117279.38,117359.49,14.278918,2025-08-16 23:30:00
1755387900000,117359.49,117462.67,117359.48,117382.15,10.20320645,2025-08-16 23:45:00
1755388800000,117382.15,117382.16,117306.29,117331.89,12.27272473,2025-08-17 00:00:00
1755389700000,117331.89,117368.85,117285.11,117358.97,3.86638237,2025-08-17 00:15:00
1755390600000,117358.97,117420.69,117285.36,117319.12,4.72088494,2025-08-17 00:30:00
1755391500000,117319.12,117339.52,117257.01,117257.02,6.71628585,2025-08-17 00:45:00
1755392400000,117257.02,117286.32,117175.78,117276.66,13.24605758,2025-08-17 01:00:00
1755393300000,117276.66,117338.28,117206.78,117303.96,6.54242084,2025-08-17 01:15:00
1755394200000,117303.96,117494.18,117295.85,117390.56,9.63792314,2025-08-17 01:30:00
1755395100000,117390.56,117471.64,117340.88,117440.83,10.50772192,2025-08-17 01:45:00
1755396000000,117440.83,117500.0,117409.53,117409.53,7.58811593,2025-08-17 02:00:00
1755396900000,117409.53,117548.46,117383.14,117548.4,4.9755074,2025-08-17 02:15:00
1755397800000,117548.4,117548.42,117448.13,117541.26,6.43387021,2025-08-17 02:30:00
1755398700000,117541.26,117623.36,117499.1,117605.94,7.34192563,2025-08-17 02:45:00
1755399600000,117605.94,117622.21,117541.02,117562.31,10.93467261,2025-08-17 03:00:00
1755400500000,117562.31,117573.37,117506.03,117573.36,5.87564736,2025-08-17 03:15:00
1755401400000,117573.36,117701.52,117551.26,117696.39,13.00712572,2025-08-17 03:30:00
1755402300000,117696.39,117762.31,117679.76,117679.76,9.89427603,2025-08-17 03:45:00
1755403200000,117679.76,117734.99,117679.76,117706.59,8.23735003,2025-08-17 04:00:00
1755404100000,117706.59,117766.31,117706.59,117766.31,14.69530838,2025-08-17 04:15:00
1755405000000,117766.31,117775.23,117766.3,117775.22,8.32254726,2025-08-17 04:30:00
1755405900000,117775.22,118183.26,117775.22,118071.33,30.01484831,2025-08-17 04:45:00
1755406800000,118071.33,118226.23,118023.19,118180.78,20.00925896,2025-08-17 05:00:00
1755407700000,118180.78,118190.4,118096.56,118129.67,21.98688079,2025-08-17 05:15:00
1755408600000,118129.67,118145.85,117998.86,118028.01,6.52415766,2025-08-17 05:30:00
1755409500000,118028.01,118078.59,117998.54,117998.58,7.79788376,2025-08-17 05:45:00
1755410400000,117998.58,118105.0,117998.58,118104.85,4.58055519,2025-08-17 06:00:00
1755411300000,118104.85,118116.06,118042.74,118086.32,11.59926582,2025-08-17 06:15:00
1755412200000,118086.32,118086.33,117908.6,117971.4,28.39561964,2025-08-17 06:30:00
1755413100000,117971.4,117982.95,117900.13,117918.57,12.92388779,2025-08-17 06:45:00
1755414000000,117918.57,118009.85,117838.15,118000.56,15.99099775,2025-08-17 07:00:00
1755414900000,118000.56,118025.31,117951.43,117951.44,11.47519206,2025-08-17 07:15:00
1755415800000,117951.44,117981.95,117890.92,117981.87,5.27367887,2025-08-17 07:30:00
1755416700000,117981.87,118000.08,117942.73,118000.08,9.68675002,2025-08-17 07:45:00
1755417600000,118000.08,118029.35,117916.38,117916.38,7.31399089,2025-08-17 08:00:00
1755418500000,117916.38,117985.92,117916.3,117985.92,6.59740829,2025-08-17 08:15:00
1755419400000,117985.92,118147.61,117985.9,118104.86,11.36802882,2025-08-17 08:30:00
1755420300000,118104.86,118388.56,118102.82,118360.21,25.40073089,2025-08-17 08:45:00
1755421200000,118360.21,118404.1,118229.33,118289.03,19.86817488,2025-08-17 09:00:00
1755422100000,118289.03,118478.07,118263.22,118338.72,18.00797828,2025-08-17 09:15:00
1755423000000,118338.72,118382.79,118233.09,118300.98,8.04188982,2025-08-17 09:30:00
1755423900000,118300.98,118349.41,118279.53,118340.38,7.40696592,2025-08-17 09:45:00
1755424800000,118340.38,118340.38,118213.71,118238.34,12.20292831,2025-08-17 10:00:00
1755425700000,118238.34,118254.41,118184.09,118214.19,7.53757166,2025-08-17 10:15:00
1755426600000,118214.19,118286.16,118187.21,118286.15,4.38513883,2025-08-17 10:30:00
1755427500000,118286.15,118387.47,118274.32,118387.42,7.04542441,2025-08-17 10:45:00
1755428400000,118387.42,118387.53,118287.0,118295.08,14.03042166,2025-08-17 11:00:00
1755429300000,118295.08,118349.83,118265.03,118340.29,6.88856141,2025-08-17 11:15:00
1755430200000,118340.29,118365.91,118278.2,118317.22,5.87843524,2025-08-17 11:30:00
1755431100000,118317.22,118352.95,118298.64,118302.36,7.43521298,2025-08-17 11:45:00
1755432000000,118302.36,118351.05,118206.07,118302.51,11.07764676,2025-08-17 12:00:00
1755432900000,118302.51,118337.85,118245.45,118245.6,7.17798702,2025-08-17 12:15:00
1755433800000,118245.6,118291.06,118205.81,118228.19,9.70179838,2025-08-17 12:30:00
1755434700000,118228.19,118244.71,118128.88,118157.03,8.59487967,2025-08-17 12:45:00
1755435600000,118157.03,118174.45,118068.57,118068.58,8.2082454,2025-08-17 13:00:00
1755436500000,118068.58,118178.35,118057.32,118172.51,34.08471238,2025-08-17 13:15:00
1755437400000,118172.51,118351.57,118158.35,118335.61,9.0303948,2025-08-17 13:30:00
1755438300000,118335.61,118573.89,118319.53,118425.44,20.46259878,2025-08-17 13:45:00
1755439200000,118425.44,118467.75,118341.85,118341.85,13.42064244,2025-08-17 14:00:00
1755440100000,118341.85,118343.86,118157.8,118254.32,14.17804739,2025-08-17 14:15:00
1755441000000,118254.32,118266.64,118163.08,118266.5,6.83476304,2025-08-17 14:30:00
1755441900000,118266.5,118312.49,118149.11,118149.12,8.96249892,2025-08-17 14:45:00
1755442800000,118149.12,118256.18,118136.84,118245.94,11.81248014,2025-08-17 15:00:00
1755443700000,118245.94,118245.95,118148.21,118148.47,10.26513392,2025-08-17 15:15:00
1755444600000,118148.47,118238.02,118148.47,118238.02,8.57028943,2025-08-17 15:30:00
1755445500000,118238.02,118263.33,118209.72,118245.87,11.3323071,2025-08-17 15:45:00
1755446400000,118245.87,118316.0,118060.97,118105.49,17.20099341,2025-08-17 16:00:00
1755447300000,118105.49,118196.22,117965.69,118090.0,19.93950367,2025-08-17 16:15:00
1755448200000,118090.0,118117.98,117923.27,117970.42,18.24219379,2025-08-17 16:30:00
1755449100000,117970.42,117989.14,117700.0,117836.36,19.25689644,2025-08-17 16:45:00
1755450000000,117836.36,117887.26,117750.12,117754.19,10.58391188,2025-08-17 17:00:00
1755450900000,117754.19,117878.03,117650.78,117816.21,12.26928553,2025-08-17 17:15:00
1755451800000,117816.21,117939.72,117816.21,117905.71,9.39913354,2025-08-17 17:30:00
1755452700000,117905.71,117935.77,117858.44,117905.44,6.55398329,2025-08-17 17:45:00
1755453600000,117905.44,117951.66,117888.83,117916.65,7.09843462,2025-08-17 18:00:00
1755454500000,117916.65,117933.72,117737.41,117809.62,6.05216074,2025-08-17 18:15:00
1755455400000,117809.62,117845.22,117782.79,117819.34,4.91347348,2025-08-17 18:30:00
1755456300000,117819.34,117819.35,117327.39,117547.88,24.95442498,2025-08-17 18:45:00
1755457200000,117547.88,117736.15,117473.73,117693.22,14.90378821,2025-08-17 19:00:00
1755458100000,117693.22,117754.41,117660.74,117754.4,7.03576102,2025-08-17 19:15:00
1755459000000,117754.4,117754.41,117504.92,117514.49,10.41019167,2025-08-17 19:30:00
1755459900000,117514.49,117632.83,117481.86,117574.44,10.73108301,2025-08-17 19:45:00
1755460800000,117574.44,117655.72,117512.71,117655.72,6.21974767,2025-08-17 20:00:00
1755461700000,117655.72,117703.34,117578.35,117639.31,7.36598009,2025-08-17 20:15:00
1755462600000,117639.31,117736.42,117639.31,117736.39,6.7848724,2025-08-17 20:30:00
1755463500000,117736.39,117751.99,117601.69,117602.06,6.44874948,2025-08-17 20:45:00
1755464400000,117602.06,117696.52,117602.05,117696.52,4.34291965,2025-08-17 21:00:00
1755465300000,117696.52,117706.86,117604.19,117651.56,2.96180482,2025-08-17 21:15:00
1755466200000,117651.56,117740.55,117613.8,117740.53,5.23257067,2025-08-17 21:30:00
1755467100000,117740.53,117783.57,117684.17,117702.84,5.64770149,2025-08-17 21:45:00
1755468000000,117702.84,117863.47,117691.34,117810.51,11.39592655,2025-08-17 22:00:00
1755468900000,117810.51,117842.58,117740.21,117771.47,11.12153332,2025-08-17 22:15:00
1755469800000,117771.47,117958.47,117771.47,117952.38,6.51360023,2025-08-17 22:30:00
1755470700000,117952.38,117997.15,117930.51,117956.51,7.43914221,2025-08-17 22:45:00
1755471600000,117956.51,117979.92,117754.9,117781.86,11.15951657,2025-08-17 23:00:00
1755472500000,117781.86,117839.38,117482.86,117561.2,16.08030705,2025-08-17 23:15:00
1755473400000,117561.2,117605.93,117484.97,117572.26,9.40961115,2025-08-17 23:30:00
1755474300000,117572.26,117572.27,117374.34,117407.79,12.09099103,2025-08-17 23:45:00
1755475200000,117407.79,117549.46,117340.28,117518.86,18.25492256,2025-08-18 00:00:00
1755476100000,117518.86,117518.86,117090.0,117141.53,32.16542032,2025-08-18 00:15:00
1755477000000,117141.53,117369.81,117024.43,117264.36,26.30238847,2025-08-18 00:30:00
1755477900000,117264.36,117352.77,117170.49,117293.9,15.70867743,2025-08-18 00:45:00
1755478800000,117293.9,117405.78,117270.08,117310.13,14.01449219,2025-08-18 01:00:00
1755479700000,117310.13,117414.94,116688.0,116688.0,34.0778827,2025-08-18 01:15:00
1755480600000,116688.0,116935.86,116369.55,116427.02,75.96971721,2025-08-18 01:30:00
1755481500000,116427.02,116478.5,116181.52,116275.1,64.75963199,2025-08-18 01:45:00
1755482400000,116275.1,116344.14,115916.77,116000.25,66.97377963,2025-08-18 02:00:00
1755483300000,116000.25,116033.08,115731.16,115792.36,69.82004433,2025-08-18 02:15:00
1755484200000,115792.36,116073.73,115679.63,115899.78,44.74721044,2025-08-18 02:30:00
1755485100000,115899.78,115927.99,115293.96,115458.87,62.56503793,2025-08-18 02:45:00
1755486000000,115458.87,115641.7,115438.99,115489.49,43.10625499,2025-08-18 03:00:00
1755486900000,115489.49,115555.36,115337.23,115363.42,43.72363,2025-08-18 03:15:00
1755487800000,115363.42,115419.14,115114.44,115166.3,48.05632204,2025-08-18 03:30:00
1755488700000,115166.3,115383.4,115000.72,115321.77,59.90070153,2025-08-18 03:45:00
1755489600000,115321.77,115396.49,115084.07,115336.43,29.30316338,2025-08-18 04:00:00
1755490500000,115336.43,115453.37,115190.91,115440.82,29.47613862,2025-08-18 04:15:00
1755491400000,115440.82,115521.83,115390.0,115415.23,33.65246283,2025-08-18 04:30:00
1755492300000,115415.23,115533.45,115415.23,115470.49,20.85165102,2025-08-18 04:45:00
1755493200000,115470.49,115685.78,115470.49,115685.12,30.61198522,2025-08-18 05:00:00
1755494100000,115685.12,115685.12,115577.16,115579.06,27.77936333,2025-08-18 05:15:00
1755495000000,115579.06,115579.06,115126.1,115169.27,36.65675023,2025-08-18 05:30:00
1755495900000,115169.27,115692.43,115005.75,115692.43,40.24767761,2025-08-18 05:45:00
1755496800000,115692.43,115716.94,115412.06,115430.44,28.26616587,2025-08-18 06:00:00
1755497700000,115430.44,115531.54,115049.85,115195.06,51.57478661,2025-08-18 06:15:00
1755498600000,115195.06,115356.7,114900.0,115047.88,55.30961093,2025-08-18 06:30:00
1755499500000,115047.88,115270.57,114884.2,115246.94,42.22661567,2025-08-18 06:45:00
1755500400000,115246.94,115471.88,115219.92,115247.61,43.38067112,2025-08-18 07:00:00
1755501300000,115247.61,115461.37,115213.59,115352.77,40.23652825,2025-08-18 07:15:00
1755502200000,115352.77,115474.72,115186.16,115383.37,70.29661734,2025-08-18 07:30:00
1755503100000,115383.37,115426.51,115184.27,115204.57,66.19517362,2025-08-18 07:45:00
1755504000000,115204.57,115366.57,115095.76,115095.76,60.38356439,2025-08-18 08:00:00
1755504900000,115095.76,115340.37,115063.56,115340.37,32.51435938,2025-08-18 08:15:00
1755505800000,115340.37,115398.59,115246.26,115272.1,37.49046454,2025-08-18 08:30:00
1755506700000,115272.1,115283.52,115103.93,115131.63,51.09252312,2025-08-18 08:45:00
1755507600000,115131.63,115131.63,114889.95,114919.16,75.54428023,2025-08-18 09:00:00
1755508500000,114919.16,114953.03,114660.14,114683.36,128.64991613,2025-08-18 09:15:00
1755509400000,114683.36,115086.33,114645.87,115020.7,103.67931199,2025-08-18 09:30:00
1755510300000,115020.7,115136.75,114969.63,115040.59,66.3506932,2025-08-18 09:45:00
1755511200000,115040.59,115168.04,115001.66,115088.29,35.30851687,2025-08-18 10:00:00
1755512100000,115088.29,115261.75,114985.75,114990.32,63.40367195,2025-08-18 10:15:00
1755513000000,114990.32,115250.78,114990.3,115250.74,23.26211679,2025-08-18 10:30:00
1755513900000,115250.74,115259.22,115031.65,115061.72,37.13574234,2025-08-18 10:45:00
1755514800000,115061.72,115129.23,115002.57,115104.04,26.42805669,2025-08-18 11:00:00
1755515700000,115104.04,115104.04,114920.1,114983.81,36.62395539,2025-08-18 11:15:00
1755516600000,114983.81,115021.46,114903.4,114975.25,23.67870075,2025-08-18 11:30:00
1755517500000,114975.25,114997.54,114858.22,114944.39,34.79687294,2025-08-18 11:45:00
1755518400000,114944.39,115181.11,114901.34,115138.88,33.50226347,2025-08-18 12:00:00
1755519300000,115138.88,115181.34,114981.12,115131.68,40.1459902,2025-08-18 12:15:00
1755520200000,115131.68,115354.24,115080.34,115333.87,51.71100682,2025-08-18 12:30:00
1755521100000,115333.87,115507.45,115201.57,115507.44,43.19622025,2025-08-18 12:45:00
1755522000000,115507.44,115627.78,115426.16,115521.98,40.2594956,2025-08-18 13:00:00
1755522900000,115521.98,115690.95,115521.98,115657.9,48.11593708,2025-08-18 13:15:00
1755523800000,115657.9,115736.13,115285.49,115387.48,46.2858852,2025-08-18 13:30:00
1755524700000,115387.48,115500.43,114826.98,114830.6,53.31274263,2025-08-18 13:45:00
1755525600000,114830.6,115219.18,114830.6,115219.18,74.8854285,2025-08-18 14:00:00
1755526500000,115219.18,115511.43,115144.77,115374.27,28.655867,2025-08-18 14:15:00
1755527400000,115374.27,115374.27,115131.1,115149.88,43.06804254,2025-08-18 14:30:00
1755528300000,115149.88,115629.8,114921.89,115629.79,36.55051876,2025-08-18 14:45:00
1755529200000,115629.79,115714.22,115451.58,115472.22,26.37429188,2025-08-18 15:00:00
1755530100000,115472.22,115697.9,115401.4,115640.05,47.10526608,2025-08-18 15:15:00
1755531000000,115640.05,115915.05,115551.18,115766.91,68.1879744,2025-08-18 15:30:00
1755531900000,115766.91,116188.59,115766.91,116148.92,64.71087468,2025-08-18 15:45:00
1755532800000,116148.92,116355.82,116096.75,116100.23,56.05409886,2025-08-18 16:00:00
1755533700000,116100.23,116176.58,115972.33,116029.35,47.55850289,2025-08-18 16:15:00
1755534600000,116029.35,116100.54,115820.35,116049.68,45.21170636,2025-08-18 16:30:00
1755535500000,116049.68,116243.17,115933.89,115960.88,23.56169896,2025-08-18 16:45:00
1755536400000,115960.88,116238.15,115960.87,116238.14,45.73214019,2025-08-18 17:00:00
1755537300000,116238.14,116683.43,116238.14,116513.28,79.70703374,2025-08-18 17:15:00
1755538200000,116513.28,116792.52,116513.28,116536.18,64.15213144,2025-08-18 17:30:00
1755539100000,116536.18,116619.29,116426.29,116427.12,33.6889993,2025-08-18 17:45:00
1755540000000,116427.12,116436.01,116296.41,116356.71,24.56110892,2025-08-18 18:00:00
1755540900000,116356.71,116456.76,116236.64,116359.62,25.31869455,2025-08-18 18:15:00
1755541800000,116359.62,116538.76,116359.62,116465.14,26.53812624,2025-08-18 18:30:00
1755542700000,116465.14,116577.43,116459.25,116480.07,11.38568719,2025-08-18 18:45:00
1755543600000,116480.07,116637.61,116254.75,116275.47,40.39440902,2025-08-18 19:00:00
1755544500000,116275.47,116357.77,116199.8,116344.49,22.57737149,2025-08-18 19:15:00
1755545400000,116344.49,116392.33,116217.74,116259.19,15.64069622,2025-08-18 19:30:00
1755546300000,116259.19,116388.7,116215.76,116310.56,16.09851608,2025-08-18 19:45:00
1755547200000,116310.56,116460.12,116233.89,116460.11,15.0012094,2025-08-18 20:00:00
1755548100000,116460.11,116498.02,116335.94,116498.02,15.67812566,2025-08-18 20:15:00
1755549000000,116498.02,116528.12,115977.83,116081.08,33.53485061,2025-08-18 20:30:00
1755549900000,116081.08,116402.96,116074.51,116402.95,49.05220283,2025-08-18 20:45:00
1755550800000,116402.95,116577.47,116397.94,116577.46,33.33097212,2025-08-18 21:00:00
1755551700000,116577.46,116671.58,116526.51,116645.01,19.45381806,2025-08-18 21:15:00
1755552600000,116645.01,116650.84,116436.94,116461.92,18.46470402,2025-08-18 21:30:00
1755553500000,116461.92,116666.66,116459.45,116651.9,14.86676942,2025-08-18 21:45:00
1755554400000,116651.9,116974.13,116651.9,116894.09,44.57850338,2025-08-18 22:00:00
1755555300000,116894.09,116984.02,116875.26,116929.52,24.01619066,2025-08-18 22:15:00
1755556200000,116929.52,116944.65,116742.83,116742.83,21.11683501,2025-08-18 22:30:00
1755557100000,116742.83,116748.35,116390.73,116396.71,26.70159251,2025-08-18 22:45:00
1755558000000,116396.71,116565.35,116396.71,116414.72,41.12835414,2025-08-18 23:00:00
1755558900000,116414.72,116436.79,116273.69,116287.67,28.65853138,2025-08-18 23:15:00
1755559800000,116287.67,116338.11,116213.73,116216.08,26.69312401,2025-08-18 23:30:00
1755560700000,116216.08,116261.6,116090.16,116228.93,39.78366264,2025-08-18 23:45:00
1755561600000,116228.93,116301.43,116154.57,116301.31,22.02788349,2025-08-19 00:00:00
1755562500000,116301.31,116306.47,115915.59,115915.59,29.22156509,2025-08-19 00:15:00
1755563400000,115915.59,116189.2,115520.68,116032.05,51.40359682,2025-08-19 00:30:00
1755564300000,116032.05,116566.34,116025.81,116566.33,30.60213254,2025-08-19 00:45:00
1755565200000,116566.33,116729.43,116421.86,116421.86,34.30964478,2025-08-19 01:00:00
1755566100000,116421.86,116477.54,116205.65,116205.65,33.85251964,2025-08-19 01:15:00
1755567000000,116205.65,116205.66,115935.18,115994.48,57.82636088,2025-08-19 01:30:00
1755567900000,115994.48,116030.1,115710.79,115791.89,80.97482038,2025-08-19 01:45:00
1755568800000,115791.89,115935.67,115707.47,115866.97,36.99339208,2025-08-19 02:00:00
1755569700000,115866.97,115900.3,115636.02,115824.77,42.1519291,2025-08-19 02:15:00
1755570600000,115824.77,115963.14,115751.74,115880.91,27.32860837,2025-08-19 02:30:00
1755571500000,115880.91,116050.48,115716.49,115746.41,43.33244897,2025-08-19 02:45:00
1755572400000,115746.41,115771.3,115480.0,115615.27,55.74995427,2025-08-19 03:00:00
1755573300000,115615.27,115675.45,115272.02,115373.23,65.65094666,2025-08-19 03:15:00
1755574200000,115373.23,115373.23,114870.16,114972.69,76.48839883,2025-08-19 03:30:00
1755575100000,114972.69,115025.38,114788.0,114810.89,136.12746987,2025-08-19 03:45:00
1755576000000,114810.89,114983.18,114369.02,114770.36,115.05262077,2025-08-19 04:00:00
1755576900000,114770.36,115037.62,114653.21,114896.8,58.96415236,2025-08-19 04:15:00
1755577800000,114896.8,115240.16,114886.94,115238.11,48.95710446,2025-08-19 04:30:00
1755578700000,115238.11,115378.31,115134.66,115309.93,61.67422686,2025-08-19 04:45:00
1755579600000,115309.93,115483.84,115121.23,115210.52,67.58379704,2025-08-19 05:00:00
1755580500000,115210.52,115422.22,115168.75,115379.77,26.79137804,2025-08-19 05:15:00
1755581400000,115379.77,115412.75,115100.93,115100.93,34.55430196,2025-08-19 05:30:00
1755582300000,115100.93,115100.94,114947.19,114969.61,32.8875707,2025-08-19 05:45:00
1755583200000,114969.61,115122.23,114914.73,115037.17,36.71687114,2025-08-19 06:00:00
1755584100000,115037.17,115222.42,114915.96,115138.72,45.18149086,2025-08-19 06:15:00
1755585000000,115138.72,115144.71,114973.22,115001.81,16.89210105,2025-08-19 06:30:00
1755585900000,115001.81,115094.02,114932.81,115021.03,24.42191041,2025-08-19 06:45:00
1755586800000,115021.03,115057.46,114835.75,114878.35,21.62319762,2025-08-19 07:00:00
1755587700000,114878.35,114891.29,114657.86,114703.93,54.06571583,2025-08-19 07:15:00
1755588600000,114703.93,114967.22,114605.93,114800.54,65.20786783,2025-08-19 07:30:00
1755589500000,114800.54,115004.4,114800.54,114982.16,38.35272502,2025-08-19 07:45:00
1755590400000,114982.16,115053.96,114808.82,115044.11,52.07419297,2025-08-19 08:00:00
1755591300000,115044.11,115109.51,114962.99,114973.03,33.99263342,2025-08-19 08:15:00
1755592200000,114973.03,115047.26,114809.3,115018.99,18.17193355,2025-08-19 08:30:00
1755593100000,115018.99,115304.86,114977.3,115189.67,23.55610338,2025-08-19 08:45:00
1755594000000,115189.67,115390.82,115187.84,115355.07,22.70682982,2025-08-19 09:00:00
1755594900000,115355.07,115435.85,115281.01,115435.62,24.1206881,2025-08-19 09:15:00
1755595800000,115435.62,115492.42,115359.75,115415.2,27.7397867,2025-08-19 09:30:00
1755596700000,115415.2,115453.64,115272.31,115325.77,11.04476826,2025-08-19 09:45:00
1755597600000,115325.77,115502.6,115321.09,115401.84,12.96966088,2025-08-19 10:00:00
1755598500000,115401.84,115578.44,115401.83,115511.66,12.4143387,2025-08-19 10:15:00
1755599400000,115511.66,115542.27,115332.04,115428.38,8.79961759,2025-08-19 10:30:00
1755600300000,115428.38,115442.38,115324.3,115400.03,7.31183015,2025-08-19 10:45:00
1755601200000,115400.03,115599.55,115400.03,115597.54,12.16801024,2025-08-19 11:00:00
1755602100000,115597.54,115645.63,115558.44,115565.89,16.09601768,2025-08-19 11:15:00
1755603000000,115565.89,115582.72,115454.65,115460.33,16.4052182,2025-08-19 11:30:00
1755603900000,115460.33,115573.04,115460.33,115504.36,14.40351415,2025-08-19 11:45:00
1755604800000,115504.36,115592.2,115408.24,115578.25,24.60581776,2025-08-19 12:00:00
1755605700000,115578.25,115612.93,115474.77,115497.86,15.77043665,2025-08-19 12:15:00
1755606600000,115497.86,115559.04,115397.36,115502.29,12.51575006,2025-08-19 12:30:00
1755607500000,115502.29,115595.58,115277.67,115595.58,16.6067253,2025-08-19 12:45:00
1755608400000,115595.58,115658.0,115495.14,115515.24,19.83150668,2025-08-19 13:00:00
1755609300000,115515.24,115776.83,115515.24,115738.57,28.19087168,2025-08-19 13:15:00
1755610200000,115738.57,115871.0,115050.0,115128.45,76.12934066,2025-08-19 13:30:00
1755611100000,115128.45,115384.13,114883.14,115193.03,49.94016149,2025-08-19 13:45:00
1755612000000,115193.03,115380.08,114761.13,114798.47,27.32954742,2025-08-19 14:00:00
1755612900000,114798.47,114836.66,114129.86,114143.09,78.11062625,2025-08-19 14:15:00
1755613800000,114143.09,114465.97,113804.24,113930.17,104.61426378,2025-08-19 14:30:00
1755614700000,113930.17,114081.89,113766.57,113878.23,98.25476646,2025-08-19 14:45:00
1755615600000,113878.23,114000.0,113596.2,113648.47,95.93615381,2025-08-19 15:00:00
1755616500000,113648.47,114178.0,113638.65,114071.58,57.72724915,2025-08-19 15:15:00
1755617400000,114071.58,114145.75,113881.42,114103.4,44.24476905,2025-08-19 15:30:00
1755618300000,114103.4,114103.4,113731.12,113775.96,55.90048366,2025-08-19 15:45:00
1755619200000,113775.96,113895.07,113698.16,113700.79,75.94383311,2025-08-19 16:00:00
1755620100000,113700.79,113839.33,113624.09,113646.66,27.4653346,2025-08-19 16:15:00
1755621000000,113646.66,113829.46,113427.4,113585.57,48.29414245,2025-08-19 16:30:00
1755621900000,113585.57,113604.13,113343.24,113385.63,43.89358048,2025-08-19 16:45:00
1755622800000,113385.63,113494.63,113111.0,113300.0,94.58226585,2025-08-19 17:00:00
1755623700000,113300.0,113485.62,113165.59,113427.9,42.85859814,2025-08-19 17:15:00
1755624600000,113427.9,113598.82,113415.67,113473.55,63.22222971,2025-08-19 17:30:00
1755625500000,113473.55,113534.89,113299.32,113520.22,27.02534254,2025-08-19 17:45:00
1755626400000,113520.22,113520.22,113370.49,113370.49,31.46841474,2025-08-19 18:00:00
1755627300000,113370.49,113468.95,113249.02,113249.03,31.66761775,2025-08-19 18:15:00
1755628200000,113249.03,113258.89,112956.25,113017.17,47.72076479,2025-08-19 18:30:00
1755629100000,113017.17,113143.92,112838.06,113071.23,48.51917221,2025-08-19 18:45:00
1755630000000,113071.23,113071.23,112801.64,112813.87,51.1539044,2025-08-19 19:00:00
1755630900000,112813.87,113433.68,112767.01,113397.78,82.05798406,2025-08-19 19:15:00
1755631800000,113397.78,113551.47,113313.28,113420.9,38.67336519,2025-08-19 19:30:00
1755632700000,113420.9,113512.92,113096.78,113128.49,39.8982165,2025-08-19 19:45:00
1755633600000,113128.49,113284.67,112925.89,112973.35,32.30528425,2025-08-19 20:00:00
1755634500000,112973.35,113303.09,112973.35,113296.93,19.1079203,2025-08-19 20:15:00
1755635400000,113296.93,113497.66,113296.93,113412.04,23.81222665,2025-08-19 20:30:00
1755636300000,113412.04,113568.93,113409.11,113568.93,28.93656526,2025-08-19 20:45:00
1755637200000,113568.93,113585.1,113462.34,113512.85,20.94687256,2025-08-19 21:00:00
1755638100000,113512.85,113566.15,113473.91,113516.8,16.8437525,2025-08-19 21:15:00
1755639000000,113516.8,113555.51,113455.84,113499.14,22.60221649,2025-08-19 21:30:00
1755639900000,113499.14,113509.5,113411.06,113417.02,9.29667192,2025-08-19 21:45:00
1755640800000,113417.02,113438.42,113095.63,113164.04,251.41952337,2025-08-19 22:00:00
1755641700000,113164.04,113317.01,113067.98,113292.08,29.01426921,2025-08-19 22:15:00
1755642600000,113292.08,113332.2,113056.54,113200.82,18.97530542,2025-08-19 22:30:00
1755643500000,113200.82,113298.53,113107.93,113169.92,18.72579881,2025-08-19 22:45:00
1755644400000,113169.92,113189.25,112984.29,112991.85,39.75876671,2025-08-19 23:00:00
1755645300000,112991.85,113069.3,112829.95,112927.63,46.07026868,2025-08-19 23:15:00
1755646200000,112927.63,113135.98,112812.89,112959.5,40.47547632,2025-08-19 23:30:00
1755647100000,112959.5,112959.5,112728.9,112870.35,46.70054431,2025-08-19 23:45:00
1755648000000,112870.35,113253.25,112839.02,113018.83,36.63771018,2025-08-20 00:00:00
1755648900000,113018.83,113187.7,112849.65,112988.94,20.42667831,2025-08-20 00:15:00
1755649800000,112988.94,113259.73,112945.98,113241.17,22.00165011,2025-08-20 00:30:00
1755650700000,113241.17,113314.39,113196.2,113209.94,44.73287784,2025-08-20 00:45:00
1755651600000,113209.94,113407.7,113174.47,113232.35,23.64183555,2025-08-20 01:00:00
1755652500000,113232.35,113359.58,112900.22,112940.23,24.69825598,2025-08-20 01:15:00
1755653400000,112940.23,112991.12,112563.65,112695.85,63.33261423,2025-08-20 01:30:00
1755654300000,112695.85,113130.54,112693.6,112996.32,137.73360698,2025-08-20 01:45:00
1755655200000,112996.32,113288.23,112942.9,113272.54,244.92861842,2025-08-20 02:00:00
1755656100000,113272.54,113328.74,113255.01,113308.58,26.34046186,2025-08-20 02:15:00
1755657000000,113308.58,113374.6,113289.09,113363.13,21.0649381,2025-08-20 02:30:00
1755657900000,113363.13,113500.18,113311.71,113439.09,30.24613276,2025-08-20 02:45:00
1755658800000,113439.09,113525.12,113321.67,113384.24,47.63738877,2025-08-20 03:00:00
1755659700000,113384.24,113613.1,113347.03,113613.09,65.92531045,2025-08-20 03:15:00
1755660600000,113613.09,113639.16,113439.12,113481.89,35.05931147,2025-08-20 03:30:00
1755661500000,113481.89,113545.95,113414.31,113527.69,18.02643122,2025-08-20 03:45:00
1755662400000,113527.69,113668.59,113527.69,113609.61,42.31579704,2025-08-20 04:00:00
1755663300000,113609.61,113661.09,113582.96,113619.19,19.9816414,2025-08-20 04:15:00
1755664200000,113619.19,113701.76,113460.52,113549.97,22.35771416,2025-08-20 04:30:00
1755665100000,113549.97,113633.36,113488.39,113633.35,22.22907629,2025-08-20 04:45:00
1755666000000,113633.35,113633.45,113492.38,113518.97,16.61176622,2025-08-20 05:00:00
1755666900000,113518.97,113614.45,113463.01,113614.31,17.23905431,2025-08-20 05:15:00
1755667800000,113614.31,113640.18,113576.74,113625.82,35.65212099,2025-08-20 05:30:00
1755668700000,113625.82,113768.3,113599.51,113708.45,41.08046709,2025-08-20 05:45:00
1755669600000,113708.45,113734.49,113505.23,113521.94,29.55405829,2025-08-20 06:00:00
1755670500000,113521.94,113659.13,113498.48,113647.61,16.86516638,2025-08-20 06:15:00
1755671400000,113647.61,113733.13,113647.61,113679.69,17.1901101,2025-08-20 06:30:00
1755672300000,113679.69,113693.41,113574.82,113650.7,18.54874678,2025-08-20 06:45:00
1755673200000,113650.7,113742.97,113629.59,113718.76,29.64132021,2025-08-20 07:00:00
1755674100000,113718.76,113834.85,113717.21,113717.23,27.72569066,2025-08-20 07:15:00
1755675000000,113717.23,113717.23,113584.12,113607.71,40.72170686,2025-08-20 07:30:00
1755675900000,113607.71,113668.49,113426.51,113484.57,52.11393731,2025-08-20 07:45:00
1755676800000,113484.57,113607.43,113397.6,113607.43,38.4544764,2025-08-20 08:00:00
1755677700000,113607.43,113866.33,113607.42,113847.39,51.6870106,2025-08-20 08:15:00
1755678600000,113847.39,113971.67,113788.53,113953.65,100.449489,2025-08-20 08:30:00
1755679500000,113953.65,114022.15,113849.97,114014.26,92.28812901,2025-08-20 08:45:00
1755680400000,114014.26,114014.26,113805.39,113868.21,43.83270017,2025-08-20 09:00:00
1755681300000,113868.21,113877.25,113767.6,113802.16,28.63965814,2025-08-20 09:15:00
1755682200000,113802.16,113958.67,113776.22,113874.2,33.54335348,2025-08-20 09:30:00
1755683100000,113874.2,113910.49,113631.32,113703.09,37.82415171,2025-08-20 09:45:00
1755684000000,113703.09,113818.94,113653.5,113670.16,27.63132112,2025-08-20 10:00:00
1755684900000,113670.16,113803.71,113591.28,113591.29,31.05145528,2025-08-20 10:15:00
1755685800000,113591.29,113782.06,113591.28,113782.05,28.68829821,2025-08-20 10:30:00
1755686700000,113782.05,113868.52,113740.37,113791.9,29.97892303,2025-08-20 10:45:00
1755687600000,113791.9,113858.52,113571.9,113593.1,34.75612037,2025-08-20 11:00:00
1755688500000,113593.1,113599.94,113457.44,113457.44,30.65550802,2025-08-20 11:15:00
1755689400000,113457.44,113457.44,113057.95,113170.55,60.65476587,2025-08-20 11:30:00
1755690300000,113170.55,113664.4,113122.47,113664.4,42.75193731,2025-08-20 11:45:00
1755691200000,113664.4,113938.98,113664.4,113814.74,75.75670449,2025-08-20 12:00:00
1755692100000,113814.74,113866.16,113507.72,113714.79,49.82624301,2025-08-20 12:15:00
1755693000000,113714.79,113856.9,113668.24,113840.96,35.11787474,2025-08-20 12:30:00
1755693900000,113840.96,113865.29,113654.38,113654.38,37.39100704,2025-08-20 12:45:00
1755694800000,113654.38,113654.39,113320.61,113331.81,56.6367368,2025-08-20 13:00:00
1755695700000,113331.81,113454.65,113246.65,113423.57,52.18388005,2025-08-20 13:15:00
1755696600000,113423.57,113642.68,113119.43,113132.4,66.53470018,2025-08-20 13:30:00
1755697500000,113132.4,113152.25,112595.88,112688.33,126.58890229,2025-08-20 13:45:00
1755698400000,112688.33,113002.58,112417.72,112719.45,122.32106583,2025-08-20 14:00:00
1755699300000,112719.45,113226.98,112381.5,113149.13,113.84987862,2025-08-20 14:15:00
1755700200000,113149.13,113840.01,113149.13,113505.2,113.31655399,2025-08-20 14:30:00
1755701100000,113505.2,113851.29,113390.21,113463.27,70.308411,2025-08-20 14:45:00
1755702000000,113463.27,114029.0,113385.45,113899.25,80.19042632,2025-08-20 15:00:00
1755702900000,113899.25,114315.21,113883.97,114295.09,167.72274312,2025-08-20 15:15:00
1755703800000,114295.09,114295.09,113910.59,113910.6,91.6850342,2025-08-20 15:30:00
1755704700000,113910.6,113923.2,113224.74,113353.71,91.19087085,2025-08-20 15:45:00
1755705600000,113353.71,113654.06,113278.16,113654.05,81.69687551,2025-08-20 16:00:00
1755706500000,113654.05,114311.48,113646.6,114269.06,75.93638265,2025-08-20 16:15:00
1755707400000,114269.06,114284.04,113858.28,113962.7,55.6954792,2025-08-20 16:30:00
1755708300000,113962.7,114115.33,113772.77,113841.04,52.69785104,2025-08-20 16:45:00
1755709200000,113841.04,114142.96,113794.32,113910.55,52.96790931,2025-08-20 17:00:00
1755710100000,113910.55,114074.97,113788.54,113789.66,40.68763913,2025-08-20 17:15:00
1755711000000,113789.66,114263.61,113780.07,114263.61,41.15238029,2025-08-20 17:30:00
1755711900000,114263.61,114447.96,114116.14,114198.77,79.64405557,2025-08-20 17:45:00
1755712800000,114198.77,114270.63,113662.09,113662.09,69.91101056,2025-08-20 18:00:00
1755713700000,113662.09,113679.96,113300.05,113330.24,44.96573328,2025-08-20 18:15:00
1755714600000,113330.24,113678.95,113262.05,113617.91,59.35179281,2025-08-20 18:30:00
1755715500000,113617.91,113688.28,113473.12,113492.22,35.09935536,2025-08-20 18:45:00
1755716400000,113492.22,113970.12,113474.13,113951.79,40.52969335,2025-08-20 19:00:00
1755717300000,113951.79,114292.47,113896.63,114054.74,64.54034241,2025-08-20 19:15:00
1755718200000,114054.74,114153.62,113900.02,113991.31,56.57714158,2025-08-20 19:30:00
1755719100000,113991.31,114336.56,113961.53,114279.27,45.49957348,2025-08-20 19:45:00
1755720000000,114279.27,114279.27,114095.44,114096.92,46.62188572,2025-08-20 20:00:00
1755720900000,114096.92,114135.51,114002.82,114134.94,25.3719212,2025-08-20 20:15:00
1755721800000,114134.94,114279.46,114134.82,114231.36,49.69138601,2025-08-20 20:30:00
1755722700000,114231.36,114379.8,114201.91,114374.77,37.30856556,2025-08-20 20:45:00
1755723600000,114374.77,114474.9,114367.36,114372.07,40.28107832,2025-08-20 21:00:00
1755724500000,114372.07,114403.83,114014.26,114037.21,37.32049231,2025-08-20 21:15:00
1755725400000,114037.21,114384.98,114002.81,114348.05,52.6780906,2025-08-20 21:30:00
1755726300000,114348.05,114473.03,114263.07,114352.35,33.83239591,2025-08-20 21:45:00
1755727200000,114352.35,114464.78,114219.38,114316.74,76.45917834,2025-08-20 22:00:00
1755728100000,114316.74,114387.01,114202.95,114387.01,44.94461556,2025-08-20 22:15:00
1755729000000,114387.01,114515.69,114305.42,114515.68,29.5508537,2025-08-20 22:30:00
1755729900000,114515.68,114611.39,114515.68,114593.69,74.38295874,2025-08-20 22:45:00
1755730800000,114593.69,114607.36,114324.54,114324.54,64.94151537,2025-08-20 23:00:00
1755731700000,114324.54,114334.99,114221.28,114236.95,49.80372898,2025-08-20 23:15:00
1755732600000,114236.95,114369.87,114221.24,114347.62,15.87586774,2025-08-20 23:30:00
1755733500000,114347.62,114347.62,114219.24,114270.41,28.09054596,2025-08-20 23:45:00
1755734400000,114270.41,114276.73,114135.51,114140.01,58.4937339,2025-08-21 00:00:00
1755735300000,114140.01,114140.01,114010.86,114071.82,29.90040757,2025-08-21 00:15:00
1755736200000,114071.82,114447.99,114071.82,114424.14,62.32214553,2025-08-21 00:30:00
1755737100000,114424.14,114495.18,114274.3,114288.55,34.18901438,2025-08-21 00:45:00
1755738000000,114288.55,114333.92,114194.61,114194.61,32.09720211,2025-08-21 01:00:00
1755738900000,114194.61,114224.95,113950.13,114117.19,39.59596182,2025-08-21 01:15:00
1755739800000,114117.19,114423.98,114107.31,114336.2,13.46230688,2025-08-21 01:30:00
1755740700000,114336.2,114731.27,114253.69,114725.21,25.35348644,2025-08-21 01:45:00
1755741600000,114725.21,114817.16,114249.9,114249.91,19.61950097,2025-08-21 02:00:00
1755742500000,114249.91,114249.91,113902.81,114010.3,23.05095932,2025-08-21 02:15:00
1755743400000,114010.3,114029.92,113913.99,113987.69,14.10797782,2025-08-21 02:30:00
1755744300000,113987.69,114035.69,113905.51,114035.68,10.77629832,2025-08-21 02:45:00
1755745200000,114035.68,114531.21,114020.28,114362.28,21.57837306,2025-08-21 03:00:00
1755746100000,114362.28,114431.79,114214.51,114214.52,11.82191323,2025-08-21 03:15:00
1755747000000,114214.52,114262.1,114176.31,114189.88,7.10729533,2025-08-21 03:30:00
1755747900000,114189.88,114200.13,113954.58,113954.58,10.99768257,2025-08-21 03:45:00
1755748800000,113954.58,114012.64,113870.82,113903.86,12.4830334,2025-08-21 04:00:00
1755749700000,113903.86,113948.64,113871.26,113917.76,8.47944237,2025-08-21 04:15:00
1755750600000,113917.76,114032.2,113803.14,113855.81,11.23758742,2025-08-21 04:30:00
1755751500000,113855.81,113993.47,113799.06,113799.06,16.19105824,2025-08-21 04:45:00
1755752400000,113799.06,113844.57,113635.22,113678.13,16.0892947,2025-08-21 05:00:00
1755753300000,113678.13,113845.38,113678.13,113742.92,14.26991153,2025-08-21 05:15:00
1755754200000,113742.92,113875.61,113742.92,113869.81,11.39923949,2025-08-21 05:30:00
1755755100000,113869.81,114006.21,113869.81,113990.91,18.01015855,2025-08-21 05:45:00
1755756000000,113990.91,113990.91,113632.87,113652.21,17.91129096,2025-08-21 06:00:00
1755756900000,113652.21,113702.97,113608.33,113608.51,8.48566878,2025-08-21 06:15:00
1755757800000,113608.51,113803.95,113608.51,113769.02,21.04086456,2025-08-21 06:30:00
1755758700000,113769.02,113887.17,113737.0,113806.76,30.19716395,2025-08-21 06:45:00
1755759600000,113806.76,113886.36,113654.46,113654.46,36.22364478,2025-08-21 07:00:00
1755760500000,113654.46,113775.01,113580.38,113716.72,32.55298513,2025-08-21 07:15:00
1755761400000,113716.72,113942.25,113664.64,113873.83,38.77837012,2025-08-21 07:30:00
1755762300000,113873.83,113928.11,113844.2,113893.64,9.43291276,2025-08-21 07:45:00
1755763200000,113893.64,113988.04,113813.45,113938.03,15.89368751,2025-08-21 08:00:00
1755764100000,113938.03,113938.17,113671.72,113758.27,15.21773935,2025-08-21 08:15:00
1755765000000,113758.27,113819.91,113711.74,113769.04,7.86738943,2025-08-21 08:30:00
1755765900000,113769.04,113810.54,113586.19,113586.3,14.85916217,2025-08-21 08:45:00
1755766800000,113586.3,113614.06,113418.78,113464.82,28.9289421,2025-08-21 09:00:00
1755767700000,113464.82,113464.82,113300.0,113430.68,30.18576576,2025-08-21 09:15:00
1755768600000,113430.68,113610.08,113417.84,113610.08,17.40039925,2025-08-21 09:30:00
1755769500000,113610.08,113614.11,113375.23,113375.23,8.8004546,2025-08-21 09:45:00
1755770400000,113375.23,113451.49,113229.54,113388.26,19.2046309,2025-08-21 10:00:00
1755771300000,113388.26,113478.64,113261.23,113444.5,15.0001032,2025-08-21 10:15:00
1755772200000,113444.5,113463.57,113348.85,113425.55,13.36918831,2025-08-21 10:30:00
1755773100000,113425.55,113436.96,113275.92,113327.94,14.00644057,2025-08-21 10:45:00
1755774000000,113327.94,113518.94,113327.94,113501.84,15.94841105,2025-08-21 11:00:00
1755774900000,113501.84,113511.42,113429.75,113462.9,12.00523911,2025-08-21 11:15:00
1755775800000,113462.9,113541.76,113266.35,113379.99,27.04373546,2025-08-21 11:30:00
1755776700000,113379.99,113379.99,113020.0,113146.58,44.68082226,2025-08-21 11:45:00
1755777600000,113146.58,113214.9,113065.55,113168.12,15.95804623,2025-08-21 12:00:00
1755778500000,113168.12,113349.53,113023.18,113227.06,29.94711248,2025-08-21 12:15:00
1755779400000,113227.06,113411.17,113148.17,113158.85,44.41692529,2025-08-21 12:30:00
1755780300000,113158.85,113158.85,112946.03,113090.94,36.68518905,2025-08-21 12:45:00
1755781200000,113090.94,113253.22,113051.54,113176.33,22.50813722,2025-08-21 13:00:00
1755782100000,113176.33,113349.72,113122.42,113319.71,25.63831892,2025-08-21 13:15:00
1755783000000,113319.71,113595.9,113123.39,113533.41,72.33737072,2025-08-21 13:30:00
1755783900000,113533.41,113708.05,113138.36,113481.3,50.11494004,2025-08-21 13:45:00
1755784800000,113481.3,113877.56,113347.68,113844.86,43.49886826,2025-08-21 14:00:00
1755785700000,113844.86,113989.45,113610.06,113737.43,46.56465175,2025-08-21 14:15:00
1755786600000,113737.43,113737.43,112909.52,113187.48,64.33477729,2025-08-21 14:30:00
1755787500000,113187.48,113407.5,113030.83,113284.38,46.72108911,2025-08-21 14:45:00
1755788400000,113284.38,113388.72,112702.55,112702.55,94.06677558,2025-08-21 15:00:00
1755789300000,112702.55,113189.9,112611.27,113042.36,109.26716558,2025-08-21 15:15:00
1755790200000,113042.36,113152.5,112886.79,113026.54,78.40390473,2025-08-21 15:30:00
1755791100000,113026.54,113026.55,112766.57,112797.68,56.01119087,2025-08-21 15:45:00
1755792000000,112797.68,112931.8,112650.0,112833.7,48.93121996,2025-08-21 16:00:00
1755792900000,112833.7,112972.48,112623.45,112739.32,51.35909335,2025-08-21 16:15:00
1755793800000,112739.32,112881.28,112581.01,112616.72,55.86310622,2025-08-21 16:30:00
1755794700000,112616.72,112656.12,112330.0,112379.2,89.82019106,2025-08-21 16:45:00
1755795600000,112379.2,112456.12,112214.56,112245.69,105.46337182,2025-08-21 17:00:00
1755796500000,112245.69,112427.81,112219.18,112255.85,62.37301294,2025-08-21 17:15:00
1755797400000,112255.85,112602.56,112206.3,112447.29,45.74720135,2025-08-21 17:30:00
1755798300000,112447.29,112561.05,112324.44,112416.53,28.62818383,2025-08-21 17:45:00
1755799200000,112416.53,112469.27,112246.93,112375.58,38.13274937,2025-08-21 18:00:00
1755800100000,112375.58,112620.97,112306.46,112508.73,28.96928112,2025-08-21 18:15:00
1755801000000,112508.73,112508.74,112341.43,112359.68,40.74774365,2025-08-21 18:30:00
1755801900000,112359.68,112686.62,112235.61,112606.61,36.78894926,2025-08-21 18:45:00
1755802800000,112606.61,112728.63,112553.21,112569.85,22.20904782,2025-08-21 19:00:00
1755803700000,112569.85,112623.56,112172.43,112261.58,46.38799921,2025-08-21 19:15:00
1755804600000,112261.58,112281.77,112019.54,112109.5,52.24275165,2025-08-21 19:30:00
1755805500000,112109.5,112206.55,112025.16,112198.65,46.39027119,2025-08-21 19:45:00
1755806400000,112198.65,112343.57,112164.72,112327.89,28.11122566,2025-08-21 20:00:00
1755807300000,112327.89,112461.26,112305.0,112457.95,26.69702928,2025-08-21 20:15:00
1755808200000,112457.95,112457.96,112068.82,112363.32,24.3856703,2025-08-21 20:30:00
1755809100000,112363.32,112874.35,112348.88,112453.43,31.61111484,2025-08-21 20:45:00
1755810000000,112453.43,112583.41,112103.9,112521.86,32.13836139,2025-08-21 21:00:00
1755810900000,112521.86,112632.84,112304.98,112541.82,25.02035098,2025-08-21 21:15:00
1755811800000,112541.82,112734.31,112460.43,112495.72,26.66570509,2025-08-21 21:30:00
1755812700000,112495.72,112632.58,112468.7,112627.37,13.24630915,2025-08-21 21:45:00
1755813600000,112627.37,112649.2,112502.21,112621.43,27.10679639,2025-08-21 22:00:00
1755814500000,112621.43,112712.54,112579.96,112624.13,13.88687089,2025-08-21 22:15:00
1755815400000,112624.13,112638.0,112422.35,112433.06,22.41805755,2025-08-21 22:30:00
1755816300000,112433.06,112542.59,112421.75,112507.58,9.92431272,2025-08-21 22:45:00
1755817200000,112507.58,112507.58,112315.86,112319.86,27.1453159,2025-08-21 23:00:00
1755818100000,112319.86,112455.6,112270.44,112455.58,20.99019564,2025-08-21 23:15:00
1755819000000,112455.58,112460.43,112276.86,112276.86,20.09329043,2025-08-21 23:30:00
1755819900000,112276.86,112496.39,112268.76,112496.39,22.16549672,2025-08-21 23:45:00
1755820800000,112496.39,112747.45,112486.88,112690.16,29.37232309,2025-08-22 00:00:00
1755821700000,112690.16,112787.54,112632.39,112652.51,18.02425424,2025-08-22 00:15:00
1755822600000,112652.51,112837.93,112622.95,112696.82,26.14824579,2025-08-22 00:30:00
1755823500000,112696.82,112705.87,112566.4,112627.76,23.49045436,2025-08-22 00:45:00
1755824400000,112627.76,112673.45,112333.94,112392.53,17.64766343,2025-08-22 01:00:00
1755825300000,112392.53,112779.89,112384.53,112771.15,25.18464446,2025-08-22 01:15:00
1755826200000,112771.15,112922.99,112711.06,112910.13,46.30912119,2025-08-22 01:30:00
1755827100000,112910.13,112910.13,112783.18,112838.0,58.62111934,2025-08-22 01:45:00
1755828000000,112838.0,113181.17,112782.74,113181.17,63.79468522,2025-08-22 02:00:00
1755828900000,113181.17,113520.28,113031.99,113492.87,76.8792239,2025-08-22 02:15:00
1755829800000,113492.87,113501.07,113265.57,113295.46,57.00100374,2025-08-22 02:30:00
1755830700000,113295.46,113421.01,113137.5,113148.47,61.09313189,2025-08-22 02:45:00
1755831600000,113148.47,113436.26,113111.87,113360.26,25.8661887,2025-08-22 03:00:00
1755832500000,113360.26,113360.26,113191.1,113200.36,28.67115763,2025-08-22 03:15:00
1755833400000,113200.36,113303.45,113087.38,113101.82,27.37391249,2025-08-22 03:30:00
1755834300000,113101.82,113108.24,112879.12,112925.44,52.96290059,2025-08-22 03:45:00
1755835200000,112925.44,113151.72,112925.44,113103.74,28.51661937,2025-08-22 04:00:00
1755836100000,113103.74,113253.68,113035.97,113045.04,34.12682179,2025-08-22 04:15:00
1755837000000,113045.04,113211.85,113002.16,113084.65,23.72531226,2025-08-22 04:30:00
1755837900000,113084.65,113084.66,112706.96,112845.79,41.19306157,2025-08-22 04:45:00
1755838800000,112845.79,113037.65,112842.66,113029.78,36.37094213,2025-08-22 05:00:00
1755839700000,113029.78,113068.49,112878.4,112949.44,34.79299869,2025-08-22 05:15:00
1755840600000,112949.44,113207.44,112949.43,113132.99,31.14870725,2025-08-22 05:30:00
1755841500000,113132.99,113284.87,113122.38,113241.84,69.94164517,2025-08-22 05:45:00
1755842400000,113241.84,113327.55,113055.15,113308.08,45.59399081,2025-08-22 06:00:00
1755843300000,113308.08,113394.75,113188.28,113242.35,53.3413576,2025-08-22 06:15:00
1755844200000,113242.35,113282.24,112846.07,112926.97,51.16393333,2025-08-22 06:30:00
1755845100000,112926.97,113079.61,112859.33,113001.64,33.56521951,2025-08-22 06:45:00
1755846000000,113001.64,113202.76,112955.64,113140.95,44.12845735,2025-08-22 07:00:00
1755846900000,113140.95,113252.36,112952.04,113164.34,39.68398229,2025-08-22 07:15:00
1755847800000,113164.34,113233.1,113115.65,113230.9,121.47512077,2025-08-22 07:30:00
1755848700000,113230.9,113230.9,113084.77,113095.76,142.41959191,2025-08-22 07:45:00
1755849600000,113095.76,113263.44,113050.92,113263.44,88.15143447,2025-08-22 08:00:00
1755850500000,113263.44,113321.16,113105.73,113248.33,43.04701269,2025-08-22 08:15:00
1755851400000,113248.33,113268.0,113002.87,113095.47,30.48102636,2025-08-22 08:30:00
1755852300000,113095.47,113095.47,112952.7,112983.02,46.238976,2025-08-22 08:45:00
1755853200000,112983.02,113018.52,112858.28,112886.28,69.58975803,2025-08-22 09:00:00
1755854100000,112886.28,112986.56,112858.36,112979.29,43.08974669,2025-08-22 09:15:00
1755855000000,112979.29,113056.67,112816.72,112885.64,57.49196402,2025-08-22 09:30:00
1755855900000,112885.64,113131.17,112885.64,113052.24,45.0649805,2025-08-22 09:45:00
1755856800000,113052.24,113062.89,112775.98,112775.98,44.53251106,2025-08-22 10:00:00
1755857700000,112775.98,112775.99,112639.93,112717.13,34.72587831,2025-08-22 10:15:00
1755858600000,112717.13,112717.25,112557.91,112584.57,42.69985693,2025-08-22 10:30:00
1755859500000,112584.57,112642.11,112515.05,112537.4,29.64990325,2025-08-22 10:45:00
1755860400000,112537.4,112631.6,112304.25,112318.32,49.66604951,2025-08-22 11:00:00
1755861300000,112318.32,112393.71,112262.07,112280.22,55.65922823,2025-08-22 11:15:00
1755862200000,112280.22,112349.86,112179.6,112258.47,38.41929731,2025-08-22 11:30:00
1755863100000,112258.47,112388.79,112256.1,112324.63,33.36223175,2025-08-22 11:45:00
1755864000000,112324.63,112367.49,112017.85,112084.24,55.51868189,2025-08-22 12:00:00
1755864900000,112084.24,112209.69,112005.62,112049.12,54.84156008,2025-08-22 12:15:00
1755865800000,112049.12,112293.44,111690.23,112287.72,134.30893957,2025-08-22 12:30:00
1755866700000,112287.72,112716.59,112237.19,112344.77,92.91723502,2025-08-22 12:45:00
1755867600000,112344.77,112543.01,112181.99,112211.51,42.48834079,2025-08-22 13:00:00
1755868500000,112211.51,112349.38,112060.67,112292.04,39.06880018,2025-08-22 13:15:00
1755869400000,112292.04,112661.06,111934.61,112473.72,65.96139127,2025-08-22 13:30:00
1755870300000,112473.72,112664.39,112353.43,112485.97,43.18883045,2025-08-22 13:45:00
1755871200000,112485.97,115200.0,112485.97,115189.53,192.5126971,2025-08-22 14:00:00
1755872100000,115189.53,115763.25,114600.0,115194.28,213.99064762,2025-08-22 14:15:00
1755873000000,115194.28,116072.1,115194.28,115779.84,231.64033528,2025-08-22 14:30:00
1755873900000,115779.84,116116.14,115748.34,115811.58,139.28398697,2025-08-22 14:45:00
1755874800000,115811.58,116729.89,115811.58,116642.98,311.15034161,2025-08-22 15:00:00
1755875700000,116642.98,116984.49,116602.24,116720.04,159.36034789,2025-08-22 15:15:00
1755876600000,116720.04,116959.86,116669.07,116945.35,124.37276216,2025-08-22 15:30:00
1755877500000,116945.35,117290.56,116365.11,116365.11,132.93916681,2025-08-22 15:45:00
1755878400000,116365.11,116777.38,116365.11,116587.64,187.57169577,2025-08-22 16:00:00
1755879300000,116587.64,116587.65,116138.52,116402.7,194.02388334,2025-08-22 16:15:00
1755880200000,116402.7,116533.38,116387.58,116455.45,102.16115257,2025-08-22 16:30:00
1755881100000,116455.45,116455.45,116111.99,116142.32,93.11951028,2025-08-22 16:45:00
1755882000000,116142.32,116741.38,116142.32,116741.38,87.62752974,2025-08-22 17:00:00
1755882900000,116741.38,117014.82,116741.38,116933.9,161.98635853,2025-08-22 17:15:00
1755883800000,116933.9,116939.43,116537.66,116752.8,91.84162868,2025-08-22 17:30:00
1755884700000,116752.8,117027.13,116678.36,117018.29,83.05674796,2025-08-22 17:45:00
1755885600000,117018.29,117424.46,117018.29,117405.38,106.26566659,2025-08-22 18:00:00
1755886500000,117405.38,117405.38,116830.51,116879.6,86.82879166,2025-08-22 18:15:00
1755887400000,116879.6,117132.69,116875.82,116912.98,51.64029797,2025-08-22 18:30:00
1755888300000,116912.98,116912.98,116744.96,116800.59,35.46269842,2025-08-22 18:45:00
1755889200000,116800.59,116909.93,116739.63,116877.78,36.00704878,2025-08-22 19:00:00
1755890100000,116877.78,116897.41,116736.77,116736.77,42.34076618,2025-08-22 19:15:00
1755891000000,116736.77,116785.81,116624.48,116687.94,58.18992225,2025-08-22 19:30:00
1755891900000,116687.94,116735.33,116514.5,116650.47,75.338035,2025-08-22 19:45:00
1755892800000,116650.47,116862.12,116566.52,116841.42,66.5724684,2025-08-22 20:00:00
1755893700000,116841.42,117104.4,116841.35,117094.63,43.77430918,2025-08-22 20:15:00
1755894600000,117094.63,117101.38,116893.16,117024.8,40.06552111,2025-08-22 20:30:00
1755895500000,117024.8,117048.47,116869.21,117046.79,57.56304373,2025-08-22 20:45:00
1755896400000,117046.79,117059.34,116858.24,116876.0,72.53635872,2025-08-22 21:00:00
1755897300000,116876.0,117021.99,116823.66,116970.48,45.78386826,2025-08-22 21:15:00
1755898200000,116970.48,117036.72,116899.83,117025.18,73.80658626,2025-08-22 21:30:00
1755899100000,117025.18,117169.37,116976.61,117024.8,48.14894639,2025-08-22 21:45:00
1755900000000,117024.8,117054.32,116753.23,116782.17,58.84330286,2025-08-22 22:00:00
1755900900000,116782.17,116848.07,116557.23,116623.35,75.78090155,2025-08-22 22:15:00
1755901800000,116623.35,116742.55,116548.66,116659.51,48.7466924,2025-08-22 22:30:00
1755902700000,116659.51,116771.33,116659.51,116753.69,43.62316624,2025-08-22 22:45:00
1755903600000,116753.69,116817.51,116671.07,116671.07,40.3464472,2025-08-22 23:00:00
1755904500000,116671.07,116740.14,116671.07,116739.42,22.42781,2025-08-22 23:15:00
1755905400000,116739.42,116900.47,116739.39,116890.65,43.7606065,2025-08-22 23:30:00
1755906300000,116890.65,116935.27,116837.61,116933.26,28.22547674,2025-08-22 23:45:00
1755907200000,116933.26,116977.45,116741.94,116741.94,36.37128227,2025-08-23 00:00:00
1755908100000,116741.94,116994.44,116726.96,116923.97,34.38538033,2025-08-23 00:15:00
1755909000000,116923.97,117026.03,116835.77,116835.78,34.17703414,2025-08-23 00:30:00
1755909900000,116835.78,116971.61,116835.77,116865.0,24.64684325,2025-08-23 00:45:00
1755910800000,116865.0,116877.5,116771.94,116820.55,29.01589822,2025-08-23 01:00:00
1755911700000,116820.55,116820.55,116569.32,116569.32,63.99601687,2025-08-23 01:15:00
1755912600000,116569.32,116653.55,116295.88,116305.84,68.07845281,2025-08-23 01:30:00
1755913500000,116305.84,116483.9,116305.84,116447.77,79.17333305,2025-08-23 01:45:00
1755914400000,116447.77,116543.26,116177.99,116215.65,41.97927341,2025-08-23 02:00:00
1755915300000,116215.65,116274.19,115860.51,115860.52,74.50610222,2025-08-23 02:15:00
1755916200000,115860.52,115994.19,115495.31,115854.83,136.25627845,2025-08-23 02:30:00
1755917100000,115854.83,116123.04,115764.75,115915.51,54.27888612,2025-08-23 02:45:00
1755918000000,115915.51,116031.78,115702.85,115999.19,45.91163087,2025-08-23 03:00:00
1755918900000,115999.19,115999.19,115624.82,115715.15,46.57291329,2025-08-23 03:15:00
1755919800000,115715.15,115725.47,115467.0,115467.0,36.49121086,2025-08-23 03:30:00
1755920700000,115467.0,115645.24,115456.53,115567.55,42.5453629,2025-08-23 03:45:00
1755921600000,115567.55,115782.42,115550.0,115768.27,52.18467307,2025-08-23 04:00:00
1755922500000,115768.27,115776.79,115657.05,115718.56,40.10060008,2025-08-23 04:15:00
1755923400000,115718.56,115963.76,115718.56,115883.21,62.17229414,2025-08-23 04:30:00
1755924300000,115883.21,115926.04,115774.41,115926.03,38.32624951,2025-08-23 04:45:00
1755925200000,115926.03,115963.03,115800.02,115864.4,56.11686041,2025-08-23 05:00:00
1755926100000,115864.4,115997.19,115857.89,115951.74,58.20787504,2025-08-23 05:15:00
1755927000000,115951.74,116030.05,115934.65,115982.27,79.54996569,2025-08-23 05:30:00
1755927900000,115982.27,116034.59,115899.66,115954.42,98.54701523,2025-08-23 05:45:00
1755928800000,115954.42,116016.44,115841.84,115843.04,76.15069057,2025-08-23 06:00:00
1755929700000,115843.04,115873.6,115751.61,115762.55,54.97874491,2025-08-23 06:15:00
1755930600000,115762.55,115851.84,115748.68,115748.83,26.90665314,2025-08-23 06:30:00
1755931500000,115748.83,115825.53,115690.19,115780.57,30.88605937,2025-08-23 06:45:00
1755932400000,115780.57,115883.55,115676.3,115858.37,40.59789121,2025-08-23 07:00:00
1755933300000,115858.37,115891.21,115713.61,115713.61,49.20248879,2025-08-23 07:15:00
1755934200000,115713.61,115925.68,115667.14,115892.01,53.62377653,2025-08-23 07:30:00
1755935100000,115892.01,115892.01,115760.69,115796.77,42.4230277,2025-08-23 07:45:00
1755936000000,115796.77,115858.92,115796.77,115823.65,33.90289589,2025-08-23 08:00:00
1755936900000,115823.65,115853.49,115623.55,115655.67,36.37885451,2025-08-23 08:15:00
1755937800000,115655.67,115815.99,115604.69,115815.31,33.46956476,2025-08-23 08:30:00
1755938700000,115815.31,115853.5,115742.24,115742.24,38.37013968,2025-08-23 08:45:00
1755939600000,115742.24,115778.17,115636.44,115652.67,20.00086355,2025-08-23 09:00:00
1755940500000,115652.67,115652.68,115601.35,115606.08,23.52353669,2025-08-23 09:15:00
1755941400000,115606.08,115697.25,115605.81,115679.06,32.1121312,2025-08-23 09:30:00
1755942300000,115679.06,115760.66,115615.56,115760.63,45.19741136,2025-08-23 09:45:00
1755943200000,115760.63,115768.29,115644.94,115655.62,86.22329054,2025-08-23 10:00:00
1755944100000,115655.62,115656.66,115596.18,115596.19,26.03984165,2025-08-23 10:15:00
1755945000000,115596.19,115620.76,115594.18,115611.36,19.29746115,2025-08-23 10:30:00
1755945900000,115611.36,115611.37,115574.07,115574.11,26.94431233,2025-08-23 10:45:00
1755946800000,115574.11,115605.67,115515.28,115575.05,25.66533178,2025-08-23 11:00:00
1755947700000,115575.05,115616.23,115532.7,115533.67,20.20714711,2025-08-23 11:15:00
1755948600000,115533.67,115570.99,115456.7,115456.71,27.25028422,2025-08-23 11:30:00
1755949500000,115456.71,115498.96,115225.87,115285.05,47.22152385,2025-08-23 11:45:00
1755950400000,115285.05,115455.16,115202.43,115419.36,41.40370097,2025-08-23 12:00:00
1755951300000,115419.36,115490.21,115343.76,115357.68,64.39672485,2025-08-23 12:15:00
1755952200000,115357.68,115481.19,115338.5,115400.17,56.21640683,2025-08-23 12:30:00
1755953100000,115400.17,115422.97,115177.11,115214.94,57.10581513,2025-08-23 12:45:00
1755954000000,115214.94,115214.94,115139.4,115181.46,63.84031136,2025-08-23 13:00:00
1755954900000,115181.46,115191.54,114991.78,115018.79,100.33557032,2025-08-23 13:15:00
1755955800000,115018.79,115018.8,114739.56,114951.53,164.78437478,2025-08-23 13:30:00
1755956700000,114951.53,115110.52,114829.14,114863.55,66.66656789,2025-08-23 13:45:00
1755957600000,114863.55,114939.21,114801.08,114922.16,135.93971001,2025-08-23 14:00:00
1755958500000,114922.16,115077.78,114860.17,115028.32,113.79915027,2025-08-23 14:15:00
1755959400000,115028.32,115078.54,114709.37,114734.93,37.71385961,2025-08-23 14:30:00
1755960300000,114734.93,114818.46,114618.62,114620.17,29.62177676,2025-08-23 14:45:00
1755961200000,114620.17,114734.81,114555.68,114721.8,39.14269734,2025-08-23 15:00:00
1755962100000,114721.8,114916.98,114714.51,114895.19,60.1654196,2025-08-23 15:15:00
1755963000000,114895.19,114949.16,114826.0,114885.65,34.88685896,2025-08-23 15:30:00
1755963900000,114885.65,114922.26,114805.54,114808.05,26.71062602,2025-08-23 15:45:00
1755964800000,114808.05,114823.55,114679.48,114720.31,29.53161288,2025-08-23 16:00:00
1755965700000,114720.31,114960.48,114720.31,114861.86,26.8680453,2025-08-23 16:15:00
1755966600000,114861.86,114877.9,114762.46,114791.71,22.25815,2025-08-23 16:30:00
1755967500000,114791.71,115092.57,114791.71,115014.24,26.20816016,2025-08-23 16:45:00
1755968400000,115014.24,115120.27,114995.18,115119.21,13.55440555,2025-08-23 17:00:00
1755969300000,115119.21,115119.23,114941.86,114980.26,17.14202758,2025-08-23 17:15:00
1755970200000,114980.26,115150.0,114978.38,115087.65,10.26977273,2025-08-23 17:30:00
1755971100000,115087.65,115110.22,115065.18,115082.44,6.13956443,2025-08-23 17:45:00
1755972000000,115082.44,115175.33,115082.44,115144.1,12.829889,2025-08-23 18:00:00
1755972900000,115144.1,115185.42,115050.0,115070.14,12.05195946,2025-08-23 18:15:00
1755973800000,115070.14,115151.54,115031.89,115151.52,8.6239201,2025-08-23 18:30:00
1755974700000,115151.52,115186.92,115111.53,115141.84,9.28068666,2025-08-23 18:45:00
1755975600000,115141.84,115169.93,115079.1,115079.1,9.6292096,2025-08-23 19:00:00
1755976500000,115079.1,115131.03,115047.74,115074.31,9.73732332,2025-08-23 19:15:00
1755977400000,115074.31,115086.39,115074.16,115074.58,8.34037498,2025-08-23 19:30:00
1755978300000,115074.58,115157.5,115074.41,115130.07,4.11654244,2025-08-23 19:45:00
1755979200000,115130.07,115162.55,115104.76,115130.51,5.79294147,2025-08-23 20:00:00
1755980100000,115130.51,115222.57,115124.61,115222.57,4.60979948,2025-08-23 20:15:00
1755981000000,115222.57,115280.28,115139.8,115149.19,9.67399725,2025-08-23 20:30:00
1755981900000,115149.19,115322.26,115135.01,115322.16,17.70364684,2025-08-23 20:45:00
1755982800000,115322.16,115322.16,115099.04,115099.04,11.18906681,2025-08-23 21:00:00
1755983700000,115099.04,115115.39,115072.23,115072.24,4.09677544,2025-08-23 21:15:00
1755984600000,115072.24,115072.24,114996.28,115056.7,9.92367886,2025-08-23 21:30:00
1755985500000,115056.7,115207.26,115022.44,115022.44,7.00860139,2025-08-23 21:45:00
1755986400000,115022.44,115274.09,115022.44,115239.44,6.83334823,2025-08-23 22:00:00
1755987300000,115239.44,115274.62,115231.58,115266.19,5.72349344,2025-08-23 22:15:00
1755988200000,115266.19,115273.94,115247.05,115247.05,6.0336334,2025-08-23 22:30:00
1755989100000,115247.05,115312.34,115238.28,115312.25,5.73918538,2025-08-23 22:45:00
1755990000000,115312.25,115316.02,115240.54,115240.55,11.05464841,2025-08-23 23:00:00
1755990900000,115240.55,115300.44,115240.54,115267.6,9.18387091,2025-08-23 23:15:00
1755991800000,115267.6,115300.24,115238.94,115294.24,21.7133481,2025-08-23 23:30:00
1755992700000,115294.24,115448.43,115294.23,115432.36,51.07936236,2025-08-23 23:45:00
1755993600000,115432.36,115432.38,115310.08,115371.73,11.78715738,2025-08-24 00:00:00
1755994500000,115371.73,115417.32,115336.65,115417.31,18.51006146,2025-08-24 00:15:00
1755995400000,115417.31,115545.82,115392.02,115477.1,10.98874863,2025-08-24 00:30:00
1755996300000,115477.1,115477.1,115339.06,115371.73,32.48055616,2025-08-24 00:45:00
1755997200000,115371.73,115434.84,115263.26,115369.7,26.9097401,2025-08-24 01:00:00
1755998100000,115369.7,115410.41,115190.9,115287.64,12.29770652,2025-08-24 01:15:00
1755999000000,115287.64,115495.22,115259.4,115495.21,12.50943188,2025-08-24 01:30:00
1755999900000,115495.21,115580.05,115458.65,115469.81,16.75158797,2025-08-24 01:45:00
1756000800000,115469.81,115663.28,115415.48,115619.99,11.98104495,2025-08-24 02:00:00
1756001700000,115619.99,115622.11,115458.39,115517.13,14.56602345,2025-08-24 02:15:00
1756002600000,115517.13,115546.6,115186.74,115206.77,12.16590919,2025-08-24 02:30:00
1756003500000,115206.77,115231.11,114997.78,115002.99,33.45042946,2025-08-24 02:45:00
1756004400000,115002.99,115158.61,114938.14,115098.85,28.96858136,2025-08-24 03:00:00
1756005300000,115098.85,115098.85,114955.43,114958.56,14.31287503,2025-08-24 03:15:00
1756006200000,114958.56,115038.99,114958.56,114976.04,20.16245708,2025-08-24 03:30:00
1756007100000,114976.04,115147.98,114942.58,115034.17,22.53378923,2025-08-24 03:45:00
1756008000000,115034.17,115280.73,115034.17,115216.3,20.28203377,2025-08-24 04:00:00
1756008900000,115216.3,115282.13,115181.76,115228.65,13.14665182,2025-08-24 04:15:00
1756009800000,115228.65,115228.65,115088.35,115122.17,14.56225448,2025-08-24 04:30:00
1756010700000,115122.17,115172.64,115093.74,115172.64,17.85646727,2025-08-24 04:45:00
1756011600000,115172.64,115203.94,115106.68,115135.42,57.34424732,2025-08-24 05:00:00
1756012500000,115135.42,115159.54,115074.24,115075.52,56.43343714,2025-08-24 05:15:00
1756013400000,115075.52,115075.53,114929.41,114961.32,33.13684309,2025-08-24 05:30:00
1756014300000,114961.32,115014.76,114931.42,114996.72,16.92110431,2025-08-24 05:45:00
1756015200000,114996.72,115010.14,114900.83,114947.58,16.69824107,2025-08-24 06:00:00
1756016100000,114947.58,115061.03,114860.36,115010.46,13.67054476,2025-08-24 06:15:00
1756017000000,115010.46,115035.62,114930.39,115011.06,24.25626184,2025-08-24 06:30:00
1756017900000,115011.06,115011.07,114843.46,114859.7,31.86556626,2025-08-24 06:45:00
1756018800000,114859.7,114966.04,114852.95,114950.55,19.86052026,2025-08-24 07:00:00
1756019700000,114950.55,115038.27,114872.74,115038.25,14.49728954,2025-08-24 07:15:00
1756020600000,115038.25,115123.12,114947.88,114997.8,17.41263995,2025-08-24 07:30:00
1756021500000,114997.8,114997.83,114885.64,114885.64,10.53941843,2025-08-24 07:45:00
1756022400000,114885.64,114977.14,114754.31,114881.12,44.37009769,2025-08-24 08:00:00
1756023300000,114881.12,114915.54,114766.88,114807.94,100.90651786,2025-08-24 08:15:00
1756024200000,114807.94,114855.41,114750.04,114762.2,29.78867288,2025-08-24 08:30:00
1756025100000,114762.2,114833.51,114755.24,114832.98,52.1046646,2025-08-24 08:45:00
1756026000000,114832.98,114872.15,114662.87,114674.84,33.64993035,2025-08-24 09:00:00
1756026900000,114674.84,114840.56,114674.84,114826.15,19.19374266,2025-08-24 09:15:00
1756027800000,114826.15,115055.32,114826.15,115011.34,20.77871779,2025-08-24 09:30:00
1756028700000,115011.34,115011.34,114837.19,114837.2,22.73943557,2025-08-24 09:45:00
1756029600000,114837.2,114915.9,114772.03,114823.87,20.64073836,2025-08-24 10:00:00
1756030500000,114823.87,114823.87,114681.8,114734.95,22.86484292,2025-08-24 10:15:00
1756031400000,114734.95,114855.34,114594.47,114855.29,28.83572195,2025-08-24 10:30:00
1756032300000,114855.29,114950.91,114764.64,114784.76,19.16069927,2025-08-24 10:45:00
1756033200000,114784.76,114884.18,114716.82,114771.68,23.86969088,2025-08-24 11:00:00
1756034100000,114771.68,114822.62,114615.0,114631.68,27.48771714,2025-08-24 11:15:00
1756035000000,114631.68,114690.67,114624.05,114651.71,20.00364873,2025-08-24 11:30:00
1756035900000,114651.71,114757.96,114651.7,114725.19,7.98073636,2025-08-24 11:45:00
1756036800000,114725.19,114827.67,114696.33,114794.51,21.26763491,2025-08-24 12:00:00
1756037700000,114794.51,114818.59,114656.04,114671.68,13.48950048,2025-08-24 12:15:00
1756038600000,114671.68,114733.97,114592.02,114642.17,18.44316483,2025-08-24 12:30:00
1756039500000,114642.17,114685.56,114598.91,114668.19,24.20721348,2025-08-24 12:45:00
1756040400000,114668.19,114682.09,114624.16,114655.06,30.56831265,2025-08-24 13:00:00
1756041300000,114655.06,114863.68,114648.35,114648.76,36.95765195,2025-08-24 13:15:00
1756042200000,114648.76,114754.29,114578.05,114637.81,37.71642501,2025-08-24 13:30:00
1756043100000,114637.81,114777.27,114551.06,114551.07,48.28286853,2025-08-24 13:45:00
1756044000000,114551.07,114559.01,114349.28,114398.85,55.42897328,2025-08-24 14:00:00
1756044900000,114398.85,114596.6,114377.84,114454.82,35.79965631,2025-08-24 14:15:00
1756045800000,114454.82,114520.19,114397.63,114432.81,35.22092978,2025-08-24 14:30:00
1756046700000,114432.81,114650.0,114432.81,114508.37,37.39683395,2025-08-24 14:45:00
1756047600000,114508.37,114860.21,114444.37,114696.69,35.83347182,2025-08-24 15:00:00
1756048500000,114696.69,114739.48,114565.55,114616.57,49.26499923,2025-08-24 15:15:00
1756049400000,114616.57,114771.37,114573.22,114642.72,42.59761742,2025-08-24 15:30:00
1756050300000,114642.72,114642.73,114394.35,114394.36,64.05332308,2025-08-24 15:45:00
1756051200000,114394.36,114521.74,114354.83,114509.72,65.39706862,2025-08-24 16:00:00
1756052100000,114509.72,114538.3,114354.53,114418.17,41.16747611,2025-08-24 16:15:00
1756053000000,114418.17,114475.87,114385.62,114388.57,40.62417866,2025-08-24 16:30:00
1756053900000,114388.57,114397.25,114260.0,114269.28,79.24348293,2025-08-24 16:45:00
1756054800000,114269.28,114529.42,114231.81,114454.89,54.51063149,2025-08-24 17:00:00
1756055700000,114454.89,114515.4,114271.98,114278.95,50.69168433,2025-08-24 17:15:00
1756056600000,114278.95,114573.12,114271.27,114530.59,62.81285466,2025-08-24 17:30:00
1756057500000,114530.59,114549.56,114302.89,114417.84,87.27340652,2025-08-24 17:45:00
1756058400000,114417.84,114733.23,114295.95,114733.23,82.90143607,2025-08-24 18:00:00
1756059300000,114733.23,114814.69,114614.26,114660.38,74.57074664,2025-08-24 18:15:00
1756060200000,114660.38,114911.34,114632.43,114777.86,101.70694552,2025-08-24 18:30:00
1756061100000,114777.86,114800.75,114529.79,114621.8,71.17141005,2025-08-24 18:45:00
1756062000000,114621.8,114654.78,114547.19,114568.51,68.99221047,2025-08-24 19:00:00
1756062900000,114568.51,114712.14,114497.77,114709.47,41.33006445,2025-08-24 19:15:00
1756063800000,114709.47,114785.0,110832.0,113082.11,295.87569827,2025-08-24 19:30:00
1756064700000,113082.11,113082.11,112011.44,112599.45,214.7354562,2025-08-24 19:45:00
1756065600000,112599.45,112599.45,111641.42,112152.21,173.72137775,2025-08-24 20:00:00
1756066500000,112152.21,112961.97,112112.08,112857.53,123.33046482,2025-08-24 20:15:00
1756067400000,112857.53,112992.61,112536.56,112992.6,65.78356414,2025-08-24 20:30:00
1756068300000,112992.6,112992.61,112545.45,112775.89,90.42590229,2025-08-24 20:45:00
1756069200000,112775.89,112843.5,112374.47,112640.12,71.21324775,2025-08-24 21:00:00
1756070100000,112640.12,112917.3,112597.47,112912.53,37.65780712,2025-08-24 21:15:00
1756071000000,112912.53,113408.83,112898.61,112960.17,43.85589241,2025-08-24 21:30:00
1756071900000,112960.17,113199.85,112929.78,112990.04,32.32489283,2025-08-24 21:45:00
1756072800000,112990.04,113143.57,112761.37,112927.98,37.18967801,2025-08-24 22:00:00
1756073700000,112927.98,112927.98,112618.89,112660.09,43.83627912,2025-08-24 22:15:00
1756074600000,112660.09,113390.11,112645.57,113357.25,48.09340917,2025-08-24 22:30:00
1756075500000,113357.25,113499.0,113231.39,113454.76,28.60352698,2025-08-24 22:45:00
1756076400000,113454.76,113580.79,113369.94,113462.41,57.13732714,2025-08-24 23:00:00
1756077300000,113462.41,113645.04,113435.09,113645.01,30.12960112,2025-08-24 23:15:00
1756078200000,113645.01,113689.83,113460.78,113642.47,38.53452481,2025-08-24 23:30:00
1756079100000,113642.47,113656.81,113396.39,113490.22,36.21844958,2025-08-24 23:45:00
1756080000000,113490.22,113505.07,113353.33,113406.47,32.78811384,2025-08-25 00:00:00
1756080900000,113406.47,113476.63,113057.07,113058.76,20.60586571,2025-08-25 00:15:00
1756081800000,113058.76,113082.36,112163.99,112270.89,69.51307844,2025-08-25 00:30:00
1756082700000,112270.89,112666.82,112178.67,112650.68,53.63169718,2025-08-25 00:45:00
1756083600000,112650.68,112888.89,112641.46,112802.18,47.97652961,2025-08-25 01:00:00
1756084500000,112802.18,113135.03,112611.26,112979.51,56.33319974,2025-08-25 01:15:00
1756085400000,112979.51,113049.24,112707.88,112707.88,28.20374314,2025-08-25 01:30:00
1756086300000,112707.88,113091.16,112707.88,113061.48,23.16870168,2025-08-25 01:45:00
1756087200000,113061.48,113385.5,113061.45,113374.42,28.56522187,2025-08-25 02:00:00
1756088100000,113374.42,113636.33,113301.69,113424.41,50.34419537,2025-08-25 02:15:00
1756089000000,113424.41,113520.34,113298.99,113314.34,27.09589208,2025-08-25 02:30:00
1756089900000,113314.34,113490.66,113298.91,113406.85,26.3746345,2025-08-25 02:45:00
1756090800000,113406.85,113659.96,113325.11,113402.31,45.20309232,2025-08-25 03:00:00
1756091700000,113402.31,113559.84,113316.14,113363.51,36.62155363,2025-08-25 03:15:00
1756092600000,113363.51,113470.85,113274.61,113340.31,32.92023594,2025-08-25 03:30:00
1756093500000,113340.31,113370.99,112906.55,112913.31,75.61893102,2025-08-25 03:45:00
1756094400000,112913.31,113056.55,112842.18,112842.18,44.4007893,2025-08-25 04:00:00
1756095300000,112842.18,112913.89,112650.92,112706.91,76.43550184,2025-08-25 04:15:00
1756096200000,112706.91,112803.41,112614.66,112783.11,46.78014334,2025-08-25 04:30:00
1756097100000,112783.11,112846.75,112639.44,112768.11,42.15974345,2025-08-25 04:45:00
1756098000000,112768.11,112866.99,112539.52,112569.56,46.85636102,2025-08-25 05:00:00
1756098900000,112569.56,112657.83,112508.1,112549.63,82.07746078,2025-08-25 05:15:00
1756099800000,112549.63,112614.61,112398.1,112516.42,90.29080786,2025-08-25 05:30:00
1756100700000,112516.42,112632.29,112320.15,112320.69,94.96512581,2025-08-25 05:45:00
1756101600000,112320.69,112423.65,112254.29,112288.22,68.23923582,2025-08-25 06:00:00
1756102500000,112288.22,112465.2,112187.36,112254.12,77.96170789,2025-08-25 06:15:00
1756103400000,112254.12,112333.8,112049.34,112059.48,70.5217845,2025-08-25 06:30:00
1756104300000,112059.48,112073.78,111764.56,111930.67,123.57889674,2025-08-25 06:45:00
1756105200000,111930.67,112067.23,111808.5,112050.31,92.31632539,2025-08-25 07:00:00
1756106100000,112050.31,112166.14,111890.64,111904.36,60.88803946,2025-08-25 07:15:00
1756107000000,111904.36,111954.71,111465.84,111859.29,165.81517133,2025-08-25 07:30:00
1756107900000,111859.29,111864.06,111300.0,111511.97,168.10889384,2025-08-25 07:45:00
1756108800000,111511.97,111621.68,111006.75,111616.18,185.48287421,2025-08-25 08:00:00
1756109700000,111616.18,111790.18,111586.29,111658.57,80.63948864,2025-08-25 08:15:00
1756110600000,111658.57,111822.59,111542.94,111551.02,75.77560498,2025-08-25 08:30:00
1756111500000,111551.02,111692.38,111410.86,111414.0,47.11085558,2025-08-25 08:45:00
1756112400000,111414.0,111474.74,111264.7,111396.41,55.85361355,2025-08-25 09:00:00
1756113300000,111396.41,111688.54,111396.4,111485.99,64.05907113,2025-08-25 09:15:00
1756114200000,111485.99,111681.54,111399.53,111665.64,49.19712827,2025-08-25 09:30:00
1756115100000,111665.64,111858.45,111627.66,111807.26,46.25050947,2025-08-25 09:45:00
1756116000000,111807.26,111814.13,111643.27,111672.01,81.68755041,2025-08-25 10:00:00
1756116900000,111672.01,111731.02,111099.24,111234.65,102.3388972,2025-08-25 10:15:00
1756117800000,111234.65,111431.28,111055.18,111213.17,131.97657427,2025-08-25 10:30:00
1756118700000,111213.17,111251.02,110950.48,110993.86,151.55205351,2025-08-25 10:45:00
1756119600000,110993.86,111158.75,110938.69,111141.95,81.02856898,2025-08-25 11:00:00
1756120500000,111141.95,111172.74,111005.63,111082.3,78.64993909,2025-08-25 11:15:00
1756121400000,111082.3,111278.89,110960.85,111110.54,82.29257428,2025-08-25 11:30:00
1756122300000,111110.54,111282.15,111101.19,111217.81,40.37297001,2025-08-25 11:45:00
1756123200000,111217.81,111395.59,111080.18,111218.86,58.27781574,2025-08-25 12:00:00
1756124100000,111218.86,111685.38,111180.89,111685.26,79.83169181,2025-08-25 12:15:00
1756125000000,111685.26,111686.04,111339.24,111608.19,69.04402526,2025-08-25 12:30:00
1756125900000,111608.19,111627.27,111410.15,111595.63,45.25919954,2025-08-25 12:45:00
1756126800000,111595.63,111599.92,111342.71,111498.34,60.1537261,2025-08-25 13:00:00
1756127700000,111498.34,111764.71,111324.03,111669.1,75.7070774,2025-08-25 13:15:00
1756128600000,111669.1,111719.06,110825.07,110842.04,166.7536095,2025-08-25 13:30:00
1756129500000,110842.04,111549.1,110609.01,111502.52,136.74043295,2025-08-25 13:45:00
1756130400000,111502.52,111931.11,111337.57,111843.86,130.83338732,2025-08-25 14:00:00
1756131300000,111843.86,112207.75,111830.63,111918.37,198.33130243,2025-08-25 14:15:00
1756132200000,111918.37,112252.91,111867.96,112049.42,63.55528537,2025-08-25 14:30:00
1756133100000,112049.42,112314.53,112028.89,112269.16,73.99084717,2025-08-25 14:45:00
1756134000000,112269.16,112408.74,111844.56,111999.44,102.79932223,2025-08-25 15:00:00
1756134900000,111999.44,112578.61,111999.44,112456.4,86.07080839,2025-08-25 15:15:00
1756135800000,112456.4,112532.23,112216.14,112428.56,60.79473311,2025-08-25 15:30:00
1756136700000,112428.56,112428.57,112126.82,112199.63,64.79255713,2025-08-25 15:45:00
1756137600000,112199.63,112584.84,112023.08,112580.85,94.87033931,2025-08-25 16:00:00
1756138500000,112580.85,112943.63,112580.85,112647.92,96.76466431,2025-08-25 16:15:00
1756139400000,112647.92,112825.35,112564.7,112710.61,46.08664187,2025-08-25 16:30:00
1756140300000,112710.61,112802.45,112504.92,112504.94,56.55440512,2025-08-25 16:45:00
1756141200000,112504.94,112612.42,112161.63,112508.86,90.8532759,2025-08-25 17:00:00
1756142100000,112508.86,112801.08,112353.04,112719.82,50.17530039,2025-08-25 17:15:00
1756143000000,112719.82,112780.36,112357.88,112453.52,39.19914643,2025-08-25 17:30:00
1756143900000,112453.52,112560.43,112263.61,112431.49,39.66994013,2025-08-25 17:45:00
1756144800000,112431.49,112485.93,112275.12,112439.78,30.31947225,2025-08-25 18:00:00
1756145700000,112439.78,112619.22,112434.04,112574.66,27.51642469,2025-08-25 18:15:00
1756146600000,112574.66,112574.66,112248.21,112291.79,28.16541546,2025-08-25 18:30:00
1756147500000,112291.79,112469.11,112291.78,112400.68,21.14290731,2025-08-25 18:45:00
1756148400000,112400.68,112427.83,112146.3,112146.3,40.06874084,2025-08-25 19:00:00
1756149300000,112146.3,112176.42,111726.19,111958.53,63.69324495,2025-08-25 19:15:00
1756150200000,111958.53,111978.69,111078.0,111161.61,89.16174699,2025-08-25 19:30:00
1756151100000,111161.61,111373.29,110650.59,110705.07,122.33798775,2025-08-25 19:45:00
1756152000000,110705.07,111089.76,110005.56,110078.3,220.53542314,2025-08-25 20:00:00
1756152900000,110078.3,110642.9,110074.35,110527.24,163.84971324,2025-08-25 20:15:00
1756153800000,110527.24,110554.1,109395.22,109948.2,257.8935786,2025-08-25 20:30:00
1756154700000,109948.2,110051.95,109417.26,109552.38,171.11821069,2025-08-25 20:45:00
1756155600000,109552.38,109885.98,109425.31,109477.93,189.36909435,2025-08-25 21:00:00
1756156500000,109477.93,109888.74,109468.34,109502.56,92.01805293,2025-08-25 21:15:00
1756157400000,109502.56,110130.42,109264.77,110036.83,104.09842203,2025-08-25 21:30:00
1756158300000,110036.83,110272.57,109881.52,109881.54,92.03300524,2025-08-25 21:45:00
1756159200000,109881.54,110150.18,109881.53,110020.37,57.78764122,2025-08-25 22:00:00
1756160100000,110020.37,110367.68,109956.99,110352.85,47.52496564,2025-08-25 22:15:00
1756161000000,110352.85,110587.4,110330.73,110566.17,58.58829378,2025-08-25 22:30:00
1756161900000,110566.17,110591.59,110112.03,110147.4,70.87457002,2025-08-25 22:45:00
1756162800000,110147.4,110162.29,109811.21,110044.86,67.13509739,2025-08-25 23:00:00
1756163700000,110044.86,110110.45,109774.06,109926.62,77.95364704,2025-08-25 23:15:00
1756164600000,109926.62,110161.22,109896.26,110161.18,37.91972026,2025-08-25 23:30:00
1756165500000,110161.18,110258.76,110035.51,110104.59,43.34649001,2025-08-25 23:45:00
1756166400000,110104.59,110104.6,109494.36,109706.35,90.67489754,2025-08-26 00:00:00
1756167300000,109706.35,109846.93,109398.75,109651.33,87.49717738,2025-08-26 00:15:00
1756168200000,109651.33,109870.8,109203.19,109210.23,77.88056735,2025-08-26 00:30:00
1756169100000,109210.23,109590.96,108934.47,109111.14,134.08563798,2025-08-26 00:45:00
1756170000000,109111.14,109680.97,108700.01,109424.28,110.72588272,2025-08-26 01:00:00
1756170900000,109424.28,109800.0,109327.4,109744.15,48.74908917,2025-08-26 01:15:00
1756171800000,109744.15,109809.28,109528.25,109628.92,35.89057407,2025-08-26 01:30:00
1756172700000,109628.92,109902.35,109593.88,109886.76,63.44366037,2025-08-26 01:45:00
1756173600000,109886.76,110006.87,109689.14,109985.52,58.95877795,2025-08-26 02:00:00
1756174500000,109985.52,109991.91,109663.82,109833.37,47.49279394,2025-08-26 02:15:00
1756175400000,109833.37,109873.36,109544.61,109635.95,30.85530468,2025-08-26 02:30:00
1756176300000,109635.95,109792.32,109497.82,109700.0,32.21180003,2025-08-26 02:45:00
1756177200000,109700.0,109736.18,109531.47,109568.78,38.73333777,2025-08-26 03:00:00
1756178100000,109568.78,109915.77,109421.25,109768.28,41.48695789,2025-08-26 03:15:00
1756179000000,109768.28,109918.78,109768.27,109856.47,22.95349881,2025-08-26 03:30:00
1756179900000,109856.47,109898.04,109801.45,109870.89,34.3112183,2025-08-26 03:45:00
1756180800000,109870.89,110183.69,109870.89,110138.48,44.76447532,2025-08-26 04:00:00
1756181700000,110138.48,110188.11,109969.66,110153.36,39.31130663,2025-08-26 04:15:00
1756182600000,110153.36,110228.46,109997.01,110024.86,34.27174826,2025-08-26 04:30:00
1756183500000,110024.86,110142.75,109920.19,110094.99,44.22077561,2025-08-26 04:45:00
1756184400000,110094.99,110264.86,110083.47,110241.15,28.84297014,2025-08-26 05:00:00
1756185300000,110241.15,110262.74,110160.74,110160.74,32.35924216,2025-08-26 05:15:00
1756186200000,110160.74,110316.02,110081.89,110306.54,29.02134798,2025-08-26 05:30:00
1756187100000,110306.54,110373.29,110193.06,110193.07,36.44266758,2025-08-26 05:45:00
1756188000000,110193.07,110319.97,110096.89,110277.22,33.32276861,2025-08-26 06:00:00
1756188900000,110277.22,110336.94,109893.27,110027.72,42.24118588,2025-08-26 06:15:00
1756189800000,110027.72,110096.24,109974.61,110008.26,37.87644326,2025-08-26 06:30:00
1756190700000,110008.26,110095.74,109908.39,109988.49,40.89567726,2025-08-26 06:45:00
1756191600000,109988.49,110054.38,109773.82,109801.48,40.64348714,2025-08-26 07:00:00
1756192500000,109801.48,109987.8,109760.16,109971.18,36.15365707,2025-08-26 07:15:00
1756193400000,109971.18,110541.3,109939.77,110302.41,83.41093267,2025-08-26 07:30:00
1756194300000,110302.41,110365.87,110191.88,110295.83,49.728073,2025-08-26 07:45:00
1756195200000,110295.83,110382.18,110191.5,110269.1,52.8653286,2025-08-26 08:00:00
1756196100000,110269.1,110445.42,109998.72,110072.7,48.29749437,2025-08-26 08:15:00
1756197000000,110072.7,110169.37,110012.39,110169.37,28.00450742,2025-08-26 08:30:00
1756197900000,110169.37,110423.52,110084.95,110092.05,42.93250162,2025-08-26 08:45:00
1756198800000,110092.05,110323.51,110091.73,110256.18,31.67794179,2025-08-26 09:00:00
1756199700000,110256.18,110404.6,110226.98,110312.9,40.25471098,2025-08-26 09:15:00
1756200600000,110312.9,110353.0,110041.87,110062.7,34.01261701,2025-08-26 09:30:00
1756201500000,110062.7,110149.43,110026.51,110149.42,31.86395338,2025-08-26 09:45:00
1756202400000,110149.42,110363.09,110059.65,110359.69,38.14829404,2025-08-26 10:00:00
1756203300000,110359.69,110411.1,110256.51,110334.31,37.09019065,2025-08-26 10:15:00
1756204200000,110334.31,110387.06,110265.88,110354.2,24.77975015,2025-08-26 10:30:00
1756205100000,110354.2,110371.24,110132.05,110209.33,26.37473757,2025-08-26 10:45:00
1756206000000,110209.33,110216.9,110012.6,110027.56,29.87944662,2025-08-26 11:00:00
1756206900000,110027.56,110027.56,109813.4,109852.68,53.95879963,2025-08-26 11:15:00
1756207800000,109852.68,109852.68,109605.45,109649.42,96.32680972,2025-08-26 11:30:00
1756208700000,109649.42,109875.72,109569.04,109875.71,48.79248227,2025-08-26 11:45:00
1756209600000,109875.71,109903.03,109610.56,109628.23,52.47396956,2025-08-26 12:00:00
1756210500000,109628.23,109754.96,109614.22,109727.97,33.37333365,2025-08-26 12:15:00
1756211400000,109727.97,110800.0,109727.96,110508.98,111.277974,2025-08-26 12:30:00
1756212300000,110508.98,110675.42,109772.19,110209.94,98.79587644,2025-08-26 12:45:00
1756213200000,110209.94,110258.95,110053.9,110148.43,37.71415949,2025-08-26 13:00:00
1756214100000,110148.43,110195.84,109785.91,109850.61,56.16344006,2025-08-26 13:15:00
1756215000000,109850.61,110222.29,109692.35,109885.56,101.82914677,2025-08-26 13:30:00
1756215900000,109885.56,110096.49,109388.13,110084.86,100.32947183,2025-08-26 13:45:00
1756216800000,110084.86,110300.77,109790.82,109886.39,83.51930063,2025-08-26 14:00:00
1756217700000,109886.39,110544.59,109792.06,110200.76,72.69179542,2025-08-26 14:15:00
1756218600000,110200.76,110481.76,110130.42,110370.05,87.99026156,2025-08-26 14:30:00
1756219500000,110370.05,110493.75,110134.58,110349.26,133.65806561,2025-08-26 14:45:00
1756220400000,110349.26,110553.45,110216.29,110238.24,119.65188262,2025-08-26 15:00:00
1756221300000,110238.24,110430.97,110035.63,110077.77,104.17619064,2025-08-26 15:15:00
1756222200000,110077.77,110077.77,109560.95,109610.95,139.61135262,2025-08-26 15:30:00
1756223100000,109610.95,109794.96,109598.07,109677.02,137.86246123,2025-08-26 15:45:00
1756224000000,109677.02,109788.49,109507.99,109517.34,105.24024779,2025-08-26 16:00:00
1756224900000,109517.34,109753.01,109459.17,109753.01,145.22793778,2025-08-26 16:15:00
1756225800000,109753.01,109856.8,109610.88,109819.4,115.69287193,2025-08-26 16:30:00
1756226700000,109819.4,110164.76,109707.96,110164.73,115.62184116,2025-08-26 16:45:00
1756227600000,110164.73,110216.81,109773.85,109862.77,117.44625931,2025-08-26 17:00:00
1756228500000,109862.77,109958.55,109769.92,109839.53,145.54620129,2025-08-26 17:15:00
1756229400000,109839.53,109868.49,109579.09,109656.85,97.46132293,2025-08-26 17:30:00
1756230300000,109656.85,109981.73,109641.77,109981.71,52.40148251,2025-08-26 17:45:00
1756231200000,109981.71,110161.94,109960.28,110099.69,56.99044738,2025-08-26 18:00:00
1756232100000,110099.69,110485.16,110067.84,110479.29,97.90413364,2025-08-26 18:15:00
1756233000000,110479.29,110986.43,110382.85,110878.74,123.76993055,2025-08-26 18:30:00
1756233900000,110878.74,110929.52,110656.17,110686.17,108.02600213,2025-08-26 18:45:00
1756234800000,110686.17,110691.39,110490.42,110652.15,121.81775942,2025-08-26 19:00:00
1756235700000,110652.15,111138.15,110596.36,111107.38,228.81244717,2025-08-26 19:15:00
1756236600000,111107.38,111122.18,110824.53,110824.56,145.98661052,2025-08-26 19:30:00
1756237500000,110824.56,111154.6,110824.55,111112.93,157.77731926,2025-08-26 19:45:00
1756238400000,111112.93,111258.27,110909.03,111258.13,66.21828329,2025-08-26 20:00:00
1756239300000,111258.13,111375.5,111175.07,111330.9,83.93931408,2025-08-26 20:15:00
1756240200000,111330.9,111330.9,111187.47,111200.01,54.06604729,2025-08-26 20:30:00
1756241100000,111200.01,111377.41,111144.43,111320.0,63.18143827,2025-08-26 20:45:00
1756242000000,111320.0,111334.69,111111.82,111111.82,41.62958624,2025-08-26 21:00:00
1756242900000,111111.82,111320.07,111111.82,111277.48,37.514239,2025-08-26 21:15:00
1756243800000,111277.48,111459.09,111214.58,111254.35,38.77099694,2025-08-26 21:30:00
1756244700000,111254.35,111585.95,111178.91,111584.66,44.56363256,2025-08-26 21:45:00
1756245600000,111584.66,111882.57,111583.43,111877.6,103.9092533,2025-08-26 22:00:00
1756246500000,111877.6,111931.9,111622.53,111636.15,55.33742932,2025-08-26 22:15:00
1756247400000,111636.15,111747.74,111557.55,111595.64,56.70915862,2025-08-26 22:30:00
1756248300000,111595.64,111934.16,111576.69,111918.67,38.64902928,2025-08-26 22:45:00
1756249200000,111918.67,112374.19,111896.78,112320.63,140.74565098,2025-08-26 23:00:00
1756250100000,112320.63,112331.86,111936.24,111950.77,94.18052424,2025-08-26 23:15:00
1756251000000,111950.77,111968.84,111783.43,111888.63,61.36487464,2025-08-26 23:30:00
1756251900000,111888.63,111889.23,111739.63,111766.52,46.62840395,2025-08-26 23:45:00
1756252800000,111766.52,111780.09,111636.15,111705.01,80.70420627,2025-08-27 00:00:00
1756253700000,111705.01,111772.16,111598.29,111642.76,46.54467452,2025-08-27 00:15:00
1756254600000,111642.76,111821.66,111549.9,111550.49,42.89691148,2025-08-27 00:30:00
1756255500000,111550.49,111574.1,111335.54,111352.72,84.39311841,2025-08-27 00:45:00
1756256400000,111352.72,111464.87,111280.93,111387.6,47.43117009,2025-08-27 01:00:00
1756257300000,111387.6,111387.61,111192.94,111248.51,33.41338441,2025-08-27 01:15:00
1756258200000,111248.51,111354.01,111085.51,111109.28,16.70644455,2025-08-27 01:30:00
1756259100000,111109.28,111337.58,111109.28,111294.56,36.42087913,2025-08-27 01:45:00
1756260000000,111294.56,111337.43,111111.43,111145.96,20.00344166,2025-08-27 02:00:00
1756260900000,111145.96,111471.12,111145.96,111301.3,22.83978343,2025-08-27 02:15:00
1756261800000,111301.3,111447.97,111292.92,111349.49,35.17893044,2025-08-27 02:30:00
1756262700000,111349.49,111351.38,111098.42,111128.34,40.02557564,2025-08-27 02:45:00
1756263600000,111128.34,111218.09,110989.3,111031.28,36.80308253,2025-08-27 03:00:00
1756264500000,111031.28,111077.25,110907.32,110954.89,23.97327764,2025-08-27 03:15:00
1756265400000,110954.89,111193.63,110954.89,111185.63,19.72545176,2025-08-27 03:30:00
1756266300000,111185.63,111719.16,111185.63,111413.63,57.76421711,2025-08-27 03:45:00
1756267200000,111413.63,111730.66,111398.7,111510.61,47.14512259,2025-08-27 04:00:00
1756268100000,111510.61,111646.12,111416.42,111456.69,20.20470765,2025-08-27 04:15:00
1756269000000,111456.69,111646.17,111421.9,111556.37,18.64154527,2025-08-27 04:30:00
1756269900000,111556.37,111675.49,111510.42,111566.1,17.61195482,2025-08-27 04:45:00
1756270800000,111566.1,111594.04,111380.06,111593.94,20.742952,2025-08-27 05:00:00
1756271700000,111593.94,111687.8,111340.69,111374.11,26.57273539,2025-08-27 05:15:00
1756272600000,111374.11,111481.33,111342.34,111425.52,20.99388867,2025-08-27 05:30:00
1756273500000,111425.52,111433.41,111348.51,111378.06,12.57634971,2025-08-27 05:45:00
1756274400000,111378.06,111379.96,111266.33,111285.23,15.46676194,2025-08-27 06:00:00
1756275300000,111285.23,111366.79,111176.67,111285.39,20.84249738,2025-08-27 06:15:00
1756276200000,111285.39,111316.05,111115.38,111150.0,21.6821769,2025-08-27 06:30:00
1756277100000,111150.0,111150.76,111038.92,111051.19,18.54433871,2025-08-27 06:45:00
1756278000000,111051.19,111140.47,111014.81,111014.81,22.12259553,2025-08-27 07:00:00
1756278900000,111014.81,111014.81,110721.99,110843.21,26.90374861,2025-08-27 07:15:00
1756279800000,110843.21,110921.66,110693.05,110730.23,33.16277933,2025-08-27 07:30:00
1756280700000,110730.23,110859.71,110633.43,110732.77,65.40942646,2025-08-27 07:45:00
1756281600000,110732.77,110842.58,110645.2,110693.8,26.3310501,2025-08-27 08:00:00
1756282500000,110693.8,110713.87,110566.97,110594.0,30.77703338,2025-08-27 08:15:00
1756283400000,110594.0,110635.64,110509.9,110537.25,63.4041046,2025-08-27 08:30:00
1756284300000,110537.25,110777.36,110356.69,110766.72,27.70792631,2025-08-27 08:45:00
1756285200000,110766.72,110938.62,110724.64,110854.68,25.35258665,2025-08-27 09:00:00
1756286100000,110854.68,111005.38,110835.91,110979.23,27.62564503,2025-08-27 09:15:00
1756287000000,110979.23,111127.11,110891.61,110907.69,23.92051443,2025-08-27 09:30:00
1756287900000,110907.69,110907.69,110812.4,110812.43,20.14271721,2025-08-27 09:45:00
1756288800000,110812.43,111075.6,110812.42,111075.59,28.64653212,2025-08-27 10:00:00
1756289700000,111075.59,111257.07,110947.59,111033.66,42.9688292,2025-08-27 10:15:00
1756290600000,111033.66,111127.56,110902.39,111054.99,16.80434464,2025-08-27 10:30:00
1756291500000,111054.99,111095.68,110965.09,110965.09,11.81381247,2025-08-27 10:45:00
1756292400000,110965.09,111261.93,110965.09,111261.92,19.721637,2025-08-27 11:00:00
1756293300000,111261.92,111261.93,111136.83,111165.93,20.08401917,2025-08-27 11:15:00
1756294200000,111165.93,111287.76,111165.93,111228.24,10.56997569,2025-08-27 11:30:00
1756295100000,111228.24,111368.1,111228.23,111312.72,17.93811312,2025-08-27 11:45:00
1756296000000,111312.72,111389.16,111139.34,111307.04,19.40722512,2025-08-27 12:00:00
1756296900000,111307.04,111365.45,111131.47,111131.47,18.52940795,2025-08-27 12:15:00
1756297800000,111131.47,111188.77,111016.24,111057.52,16.83496267,2025-08-27 12:30:00
1756298700000,111057.52,111359.31,111050.58,111337.12,18.74313762,2025-08-27 12:45:00
1756299600000,111337.12,111338.3,111100.04,111114.23,15.08329495,2025-08-27 13:00:00
1756300500000,111114.23,111336.64,111085.97,111321.76,15.91077572,2025-08-27 13:15:00
1756301400000,111321.76,111831.5,111015.85,111556.63,40.6841167,2025-08-27 13:30:00
1756302300000,111556.63,111892.42,111389.76,111480.28,42.16222433,2025-08-27 13:45:00
1756303200000,111480.28,111733.25,111282.4,111645.08,40.71132062,2025-08-27 14:00:00
1756304100000,111645.08,112213.26,111529.45,112185.27,39.9083526,2025-08-27 14:15:00
1756305000000,112185.27,112618.52,111933.0,111933.0,83.7055522,2025-08-27 14:30:00
1756305900000,111933.0,112150.3,111662.61,111807.97,43.78293656,2025-08-27 14:45:00
1756306800000,111807.97,112074.86,111669.14,111974.32,34.39971493,2025-08-27 15:00:00
1756307700000,111974.32,112044.04,111678.05,111765.04,34.08242854,2025-08-27 15:15:00
1756308600000,111765.04,111864.12,111497.08,111776.09,26.38297359,2025-08-27 15:30:00
1756309500000,111776.09,111990.32,111731.63,111990.32,33.49115301,2025-08-27 15:45:00
1756310400000,111990.32,112022.08,111799.19,111902.53,19.95645474,2025-08-27 16:00:00
1756311300000,111902.53,112118.0,111657.34,111799.0,28.45709249,2025-08-27 16:15:00
1756312200000,111799.0,111899.84,111530.08,111869.97,27.56828129,2025-08-27 16:30:00
1756313100000,111869.97,112241.28,111781.34,112116.34,25.6300415,2025-08-27 16:45:00
1756314000000,112116.34,112116.34,111909.11,111965.55,21.85298532,2025-08-27 17:00:00
1756314900000,111965.55,112388.9,111887.68,112299.51,28.69624647,2025-08-27 17:15:00
1756315800000,112299.51,112433.14,112241.53,112281.08,21.95408008,2025-08-27 17:30:00
1756316700000,112281.08,112397.6,112256.09,112338.7,17.2928391,2025-08-27 17:45:00
1756317600000,112338.7,112517.26,112320.0,112472.32,24.52567724,2025-08-27 18:00:00
1756318500000,112472.32,112591.01,112378.74,112461.4,32.0659233,2025-08-27 18:15:00
1756319400000,112461.4,112470.22,112213.2,112229.19,27.17882655,2025-08-27 18:30:00
1756320300000,112229.19,112308.52,111917.39,111936.59,18.15658444,2025-08-27 18:45:00
1756321200000,111936.59,112142.7,111570.94,111668.71,37.27882501,2025-08-27 19:00:00
1756322100000,111668.71,112069.19,111639.97,112003.0,18.82532523,2025-08-27 19:15:00
1756323000000,112003.0,112206.26,112000.78,112090.79,21.81365632,2025-08-27 19:30:00
1756323900000,112090.79,112106.51,111908.05,112076.24,17.89612918,2025-08-27 19:45:00
1756324800000,112076.24,112097.71,111566.83,111905.91,22.14507854,2025-08-27 20:00:00
1756325700000,111905.91,112350.66,110989.38,112085.1,104.57288552,2025-08-27 20:15:00
1756326600000,112085.1,112369.29,112005.3,112322.17,36.33110031,2025-08-27 20:30:00
1756327500000,112322.17,112411.46,112104.44,112411.45,19.69343997,2025-08-27 20:45:00
1756328400000,112411.45,112444.39,112044.69,112097.42,18.7182794,2025-08-27 21:00:00
1756329300000,112097.42,112117.33,111645.48,111796.3,19.93351145,2025-08-27 21:15:00
1756330200000,111796.3,111892.16,111595.74,111655.76,25.31892306,2025-08-27 21:30:00
1756331100000,111655.76,111703.85,111359.71,111517.36,22.1735586,2025-08-27 21:45:00
1756332000000,111517.36,111530.94,111050.0,111160.95,37.26025756,2025-08-27 22:00:00
1756332900000,111160.95,111368.13,111160.87,111303.05,20.0078594,2025-08-27 22:15:00
1756333800000,111303.05,111591.59,111289.25,111591.59,11.21421338,2025-08-27 22:30:00
1756334700000,111591.59,111603.88,111392.93,111415.28,16.59843062,2025-08-27 22:45:00
1756335600000,111415.28,111544.29,111362.1,111368.67,10.85787642,2025-08-27 23:00:00
1756336500000,111368.67,111422.99,111231.12,111347.38,11.28703979,2025-08-27 23:15:00
1756337400000,111347.38,111421.39,111113.21,111118.89,28.66075652,2025-08-27 23:30:00
1756338300000,111118.89,111270.36,111118.89,111261.98,15.95581472,2025-08-27 23:45:00
1756339200000,111261.98,111469.86,111212.98,111469.85,15.51552727,2025-08-28 00:00:00
1756340100000,111469.85,111535.19,110950.99,111141.6,20.75282723,2025-08-28 00:15:00
1756341000000,111141.6,111301.38,110864.29,111301.37,23.89038803,2025-08-28 00:30:00
1756341900000,111301.37,111458.05,111160.86,111343.4,31.24816726,2025-08-28 00:45:00
1756342800000,111343.4,111568.67,111339.48,111517.66,26.77595719,2025-08-28 01:00:00
1756343700000,111517.66,111593.87,111390.2,111440.31,30.75877838,2025-08-28 01:15:00
1756344600000,111440.31,111622.65,111423.12,111554.6,15.90204866,2025-08-28 01:30:00
1756345500000,111554.6,111712.57,111537.81,111646.67,26.37865673,2025-08-28 01:45:00
1756346400000,111646.67,111759.65,111577.57,111577.57,32.84793917,2025-08-28 02:00:00
1756347300000,111577.57,111643.2,111464.86,111613.1,19.37971941,2025-08-28 02:15:00
1756348200000,111613.1,111659.28,111463.96,111503.17,31.84438287,2025-08-28 02:30:00
1756349100000,111503.17,111588.82,111443.5,111499.57,15.12673271,2025-08-28 02:45:00
1756350000000,111499.57,111854.05,111405.06,111854.05,37.63086427,2025-08-28 03:00:00
1756350900000,111854.05,111927.4,111780.69,111927.39,53.09084389,2025-08-28 03:15:00
1756351800000,111927.39,112017.99,111873.06,111929.74,38.31222959,2025-08-28 03:30:00
1756352700000,111929.74,112042.31,111862.03,111999.87,34.88420257,2025-08-28 03:45:00
1756353600000,111999.87,112189.83,111944.97,112174.4,37.59468009,2025-08-28 04:00:00
1756354500000,112174.4,112314.02,112117.64,112301.55,38.56183295,2025-08-28 04:15:00
1756355400000,112301.55,112800.0,112281.88,112783.08,109.04768235,2025-08-28 04:30:00
1756356300000,112783.08,113078.23,112764.9,112961.51,124.24986558,2025-08-28 04:45:00
1756357200000,112961.51,113155.55,112865.88,112914.11,144.94980841,2025-08-28 05:00:00
1756358100000,112914.11,112991.83,112811.75,112857.94,76.91431659,2025-08-28 05:15:00
1756359000000,112857.94,112940.3,112803.02,112803.04,41.8009714,2025-08-28 05:30:00
1756359900000,112803.04,112891.36,112700.53,112851.0,34.7789953,2025-08-28 05:45:00
1756360800000,112851.0,112928.76,112714.39,112756.79,29.85420786,2025-08-28 06:00:00
1756361700000,112756.79,112998.66,112740.56,112998.66,24.5606746,2025-08-28 06:15:00
1756362600000,112998.66,113100.0,112943.36,113041.36,36.84738376,2025-08-28 06:30:00
1756363500000,113041.36,113275.7,112950.0,113208.3,47.7371938,2025-08-28 06:45:00
1756364400000,113208.3,113324.47,113206.13,113314.47,79.80733256,2025-08-28 07:00:00
1756365300000,113314.47,113350.0,113109.76,113146.91,65.15572228,2025-08-28 07:15:00
1756366200000,113146.91,113155.37,112997.13,113123.54,95.01182655,2025-08-28 07:30:00
1756367100000,113123.54,113155.27,113060.17,113109.7,106.82647241,2025-08-28 07:45:00
1756368000000,113109.7,113345.43,113107.62,113229.1,79.52530935,2025-08-28 08:00:00
1756368900000,113229.1,113229.1,113050.66,113050.66,60.45271029,2025-08-28 08:15:00
1756369800000,113050.66,113280.32,113014.44,113170.63,44.27302673,2025-08-28 08:30:00
1756370700000,113170.63,113178.76,113018.84,113131.98,40.86083991,2025-08-28 08:45:00
1756371600000,113131.98,113143.58,113038.61,113038.61,46.27006265,2025-08-28 09:00:00
1756372500000,113038.61,113071.98,112901.56,112978.5,58.98817501,2025-08-28 09:15:00
1756373400000,112978.5,112978.54,112889.04,112889.04,66.72276759,2025-08-28 09:30:00
1756374300000,112889.04,112902.72,112843.91,112850.61,53.43500944,2025-08-28 09:45:00
1756375200000,112850.61,113033.73,112821.23,113015.11,55.87567676,2025-08-28 10:00:00
1756376100000,113015.11,113018.54,112883.15,112907.68,27.64692599,2025-08-28 10:15:00
1756377000000,112907.68,113090.37,112907.66,113055.53,56.82573668,2025-08-28 10:30:00
1756377900000,113055.53,113125.51,112929.26,113125.5,50.11380914,2025-08-28 10:45:00
1756378800000,113125.5,113151.15,112982.85,112982.85,48.14314469,2025-08-28 11:00:00
1756379700000,112982.85,113018.11,112931.63,112945.46,42.80252744,2025-08-28 11:15:00
1756380600000,112945.46,112967.07,112856.09,112856.11,52.66245749,2025-08-28 11:30:00
1756381500000,112856.11,112995.83,112845.77,112905.14,40.79077189,2025-08-28 11:45:00
1756382400000,112905.14,112962.18,112853.89,112853.89,35.58973896,2025-08-28 12:00:00
1756383300000,112853.89,112945.59,112827.36,112845.79,31.07808891,2025-08-28 12:15:00
1756384200000,112845.79,113204.78,112782.06,113145.64,107.97315297,2025-08-28 12:30:00
1756385100000,113145.64,113339.08,113089.61,113238.66,72.73459489,2025-08-28 12:45:00
1756386000000,113238.66,113250.06,113081.86,113111.86,59.38712056,2025-08-28 13:00:00
1756386900000,113111.86,113477.0,113024.41,113054.81,113.50865684,2025-08-28 13:15:00
1756387800000,113054.81,113219.53,112845.82,112915.94,129.93873757,2025-08-28 13:30:00
1756388700000,112915.94,112952.21,112591.97,112834.57,170.2279064,2025-08-28 13:45:00
1756389600000,112834.57,113161.62,112740.61,113014.9,89.5343946,2025-08-28 14:00:00
1756390500000,113014.9,113148.84,112634.04,112634.04,92.16064278,2025-08-28 14:15:00
1756391400000,112634.04,113157.18,112533.58,112989.07,74.28066929,2025-08-28 14:30:00
1756392300000,112989.07,113309.05,112947.99,113162.91,61.52437202,2025-08-28 14:45:00
1756393200000,113162.91,113204.43,113007.83,113046.5,75.53396553,2025-08-28 15:00:00
1756394100000,113046.5,113261.32,112455.09,112576.56,113.09975514,2025-08-28 15:15:00
1756395000000,112576.56,112820.29,112552.49,112598.95,50.08127929,2025-08-28 15:30:00
1756395900000,112598.95,112683.58,112401.77,112679.66,96.75792015,2025-08-28 15:45:00
1756396800000,112679.66,112960.06,112637.37,112925.83,39.5735812,2025-08-28 16:00:00
1756397700000,112925.83,113185.01,112838.4,113003.45,65.7445043,2025-08-28 16:15:00
1756398600000,113003.45,113031.97,112777.61,112872.56,56.25798435,2025-08-28 16:30:00
1756399500000,112872.56,112888.86,112333.01,112333.01,83.97185941,2025-08-28 16:45:00
1756400400000,112333.01,112423.35,112215.2,112252.24,120.79853206,2025-08-28 17:00:00
1756401300000,112252.24,112551.59,112227.23,112525.83,63.76262255,2025-08-28 17:15:00
1756402200000,112525.83,112620.34,112394.18,112608.25,30.70398537,2025-08-28 17:30:00
1756403100000,112608.25,112617.34,112356.14,112390.22,37.89374877,2025-08-28 17:45:00
1756404000000,112390.22,112398.61,112232.52,112278.78,44.3334292,2025-08-28 18:00:00
1756404900000,112278.78,112652.3,112277.84,112648.99,39.40690426,2025-08-28 18:15:00
1756405800000,112648.99,112718.89,112535.3,112535.3,34.72618682,2025-08-28 18:30:00
1756406700000,112535.3,112555.9,112306.62,112374.06,30.85636352,2025-08-28 18:45:00
1756407600000,112374.06,112577.66,112309.17,112411.01,35.43337352,2025-08-28 19:00:00
1756408500000,112411.01,112424.89,112177.12,112359.6,40.44772839,2025-08-28 19:15:00
1756409400000,112359.6,112411.01,112009.14,112040.92,48.2653264,2025-08-28 19:30:00
1756410300000,112040.92,112173.97,111898.25,111898.25,47.26501377,2025-08-28 19:45:00
1756411200000,111898.25,112002.6,111868.96,111991.21,42.2587423,2025-08-28 20:00:00
1756412100000,111991.21,112109.27,111969.31,112009.85,25.37770504,2025-08-28 20:15:00
1756413000000,112009.85,112071.05,111901.3,112014.82,20.38681324,2025-08-28 20:30:00
1756413900000,112014.82,112049.64,111898.23,111898.69,23.84934676,2025-08-28 20:45:00
1756414800000,111898.69,112116.9,111896.2,112116.9,32.92281887,2025-08-28 21:00:00
1756415700000,112116.9,112130.6,111927.47,111968.01,35.66666136,2025-08-28 21:15:00
1756416600000,111968.01,111980.45,111902.65,111902.7,23.31745094,2025-08-28 21:30:00
1756417500000,111902.7,112075.03,111902.66,112019.09,28.37916465,2025-08-28 21:45:00
1756418400000,112019.09,112290.73,112019.09,112280.34,30.35596331,2025-08-28 22:00:00
1756419300000,112280.34,112402.93,112244.99,112391.7,30.16068448,2025-08-28 22:15:00
1756420200000,112391.7,112500.0,112328.49,112372.44,43.85427843,2025-08-28 22:30:00
1756421100000,112372.44,112454.45,112329.4,112329.4,45.67389498,2025-08-28 22:45:00
1756422000000,112329.4,112460.29,112293.92,112363.58,46.79457889,2025-08-28 23:00:00
1756422900000,112363.58,112466.51,112313.73,112381.59,38.23612361,2025-08-28 23:15:00
1756423800000,112381.59,112498.25,112326.18,112470.21,47.72607361,2025-08-28 23:30:00
1756424700000,112470.21,112565.84,112439.34,112556.7,35.44956698,2025-08-28 23:45:00
1756425600000,112556.7,112556.71,112342.29,112418.65,48.31292762,2025-08-29 00:00:00
1756426500000,112418.65,112627.38,112330.0,112588.74,45.34837383,2025-08-29 00:15:00
1756427400000,112588.74,112595.84,112212.91,112226.63,38.48635754,2025-08-29 00:30:00
1756428300000,112226.63,112262.17,112118.29,112191.53,41.2441153,2025-08-29 00:45:00
1756429200000,112191.53,112261.71,111891.4,111915.17,45.2299762,2025-08-29 01:00:00
1756430100000,111915.17,111915.17,111419.7,111552.62,92.42203792,2025-08-29 01:15:00
1756431000000,111552.62,111709.64,111467.17,111648.14,43.91774723,2025-08-29 01:30:00
1756431900000,111648.14,111712.63,111442.71,111483.07,81.07473551,2025-08-29 01:45:00
1756432800000,111483.07,111688.61,111404.35,111653.49,56.60483748,2025-08-29 02:00:00
1756433700000,111653.49,111767.92,111457.82,111540.12,70.02254682,2025-08-29 02:15:00
1756434600000,111540.12,111587.76,111399.11,111400.16,73.71343775,2025-08-29 02:30:00
1756435500000,111400.16,111517.47,111361.6,111420.27,53.71621851,2025-08-29 02:45:00
1756436400000,111420.27,111601.37,111309.0,111507.91,63.53504215,2025-08-29 03:00:00
1756437300000,111507.91,111641.22,111498.53,111605.74,35.85530737,2025-08-29 03:15:00
1756438200000,111605.74,111792.68,111562.33,111741.76,58.48566552,2025-08-29 03:30:00
1756439100000,111741.76,111819.47,111700.47,111700.51,25.2203344,2025-08-29 03:45:00
1756440000000,111700.51,111847.39,111600.98,111662.06,43.15591325,2025-08-29 04:00:00
1756440900000,111662.06,111724.22,111613.4,111670.82,43.5774064,2025-08-29 04:15:00
1756441800000,111670.82,111670.83,111526.45,111572.72,42.72097777,2025-08-29 04:30:00
1756442700000,111572.72,111614.59,111414.94,111496.09,64.28851249,2025-08-29 04:45:00
1756443600000,111496.09,111577.54,111396.66,111435.02,44.01881793,2025-08-29 05:00:00
1756444500000,111435.02,111435.02,111246.76,111314.08,41.07929006,2025-08-29 05:15:00
1756445400000,111314.08,111314.08,111147.9,111174.08,76.68141737,2025-08-29 05:30:00
1756446300000,111174.08,111310.46,111128.2,111310.44,67.33591708,2025-08-29 05:45:00
1756447200000,111310.44,111395.69,111120.01,111137.38,63.2295959,2025-08-29 06:00:00
1756448100000,111137.38,111161.43,110997.03,110997.97,46.8913549,2025-08-29 06:15:00
1756449000000,110997.97,111255.72,110953.53,111250.08,267.44367847,2025-08-29 06:30:00
1756449900000,111250.08,111276.75,111136.24,111276.7,374.58290807,2025-08-29 06:45:00
1756450800000,111276.7,111276.7,110550.75,110550.75,177.89239439,2025-08-29 07:00:00
1756451700000,110550.75,110651.86,110133.4,110142.47,184.42086684,2025-08-29 07:15:00
1756452600000,110142.47,110329.77,110054.58,110054.72,185.03010068,2025-08-29 07:30:00
1756453500000,110054.72,110175.34,109900.68,110020.05,218.29763865,2025-08-29 07:45:00
1756454400000,110020.05,110271.18,109952.42,110059.71,159.46109793,2025-08-29 08:00:00
1756455300000,110059.71,110200.85,109934.1,110033.49,151.08439033,2025-08-29 08:15:00
1756456200000,110033.49,110157.39,109710.0,109882.75,133.42438517,2025-08-29 08:30:00
1756457100000,109882.75,109930.13,109606.98,109625.06,125.08741503,2025-08-29 08:45:00
1756458000000,109625.06,109675.64,109413.73,109573.52,112.84104256,2025-08-29 09:00:00
1756458900000,109573.52,109819.59,109560.91,109757.35,103.56935962,2025-08-29 09:15:00
1756459800000,109757.35,109827.56,109652.18,109827.56,98.27088302,2025-08-29 09:30:00
1756460700000,109827.56,109927.0,109774.39,109774.39,48.14515779,2025-08-29 09:45:00
1756461600000,109774.39,109990.74,109751.75,109841.81,58.63084134,2025-08-29 10:00:00
1756462500000,109841.81,110018.85,109787.18,109937.53,51.35345339,2025-08-29 10:15:00
1756463400000,109937.53,110024.51,109874.34,110008.74,41.02776624,2025-08-29 10:30:00
1756464300000,110008.74,110037.06,109863.58,110017.09,53.54452455,2025-08-29 10:45:00
1756465200000,110017.09,110171.69,109924.34,110135.75,66.20335314,2025-08-29 11:00:00
1756466100000,110135.75,110143.29,110027.37,110060.42,50.86197106,2025-08-29 11:15:00
1756467000000,110060.42,110066.87,109843.2,109909.24,56.51148317,2025-08-29 11:30:00
1756467900000,109909.24,110108.39,109909.24,110108.38,38.52518774,2025-08-29 11:45:00
1756468800000,110108.38,110282.02,110081.73,110281.96,53.00426514,2025-08-29 12:00:00
1756469700000,110281.96,110371.04,110174.68,110351.25,50.9181669,2025-08-29 12:15:00
1756470600000,110351.25,111515.44,110351.25,110554.71,280.98139902,2025-08-29 12:30:00
1756471500000,110554.71,110809.97,110519.81,110739.08,95.31592012,2025-08-29 12:45:00
1756472400000,110739.08,110791.08,110510.49,110687.18,76.57135892,2025-08-29 13:00:00
1756473300000,110687.18,110713.5,110427.36,110511.41,44.61487353,2025-08-29 13:15:00
1756474200000,110511.41,110552.54,109576.15,109723.12,218.68886615,2025-08-29 13:30:00
1756475100000,109723.12,109732.97,108917.46,109116.43,281.16233119,2025-08-29 13:45:00
1756476000000,109116.43,109520.92,108512.11,108789.7,301.14391702,2025-08-29 14:00:00
1756476900000,108789.7,108963.43,108313.0,108657.55,231.72548101,2025-08-29 14:15:00
1756477800000,108657.55,108865.4,108430.84,108571.2,161.36533596,2025-08-29 14:30:00
1756478700000,108571.2,108724.33,108117.42,108209.48,188.12720092,2025-08-29 14:45:00
1756479600000,108209.48,108481.11,108209.47,108251.88,110.97028755,2025-08-29 15:00:00
1756480500000,108251.88,108730.49,108251.88,108366.17,412.24683825,2025-08-29 15:15:00
1756481400000,108366.17,108610.5,108221.49,108507.06,140.20002927,2025-08-29 15:30:00
1756482300000,108507.06,108590.85,108281.47,108389.15,136.48816586,2025-08-29 15:45:00
1756483200000,108389.15,108695.85,108144.88,108637.23,150.26667285,2025-08-29 16:00:00
1756484100000,108637.23,108775.43,108492.92,108514.14,178.90766596,2025-08-29 16:15:00
1756485000000,108514.14,108841.69,108513.37,108762.22,113.67384653,2025-08-29 16:30:00
1756485900000,108762.22,108837.18,108572.6,108716.06,81.89378597,2025-08-29 16:45:00
1756486800000,108716.06,108735.9,108224.17,108234.15,67.84629609,2025-08-29 17:00:00
1756487700000,108234.15,108550.73,108161.84,108392.83,104.57650418,2025-08-29 17:15:00
1756488600000,108392.83,108619.22,108342.55,108454.59,43.50589303,2025-08-29 17:30:00
1756489500000,108454.59,108597.0,108434.88,108479.59,41.37378565,2025-08-29 17:45:00
1756490400000,108479.59,108500.0,108303.45,108335.84,42.02075138,2025-08-29 18:00:00
1756491300000,108335.84,108401.88,108103.18,108129.01,58.47814479,2025-08-29 18:15:00
1756492200000,108129.01,108250.1,108105.24,108149.03,36.82447446,2025-08-29 18:30:00
1756493100000,108149.03,108226.79,108112.67,108150.8,38.47608348,2025-08-29 18:45:00
1756494000000,108150.8,108471.53,107977.0,108374.82,109.30432225,2025-08-29 19:00:00
1756494900000,108374.82,108750.0,108370.46,108653.56,59.92212748,2025-08-29 19:15:00
1756495800000,108653.56,108743.6,108391.02,108549.38,40.91687519,2025-08-29 19:30:00
1756496700000,108549.38,108640.56,108182.67,108232.84,76.43709619,2025-08-29 19:45:00
1756497600000,108232.84,108273.12,107724.0,107884.78,239.7899507,2025-08-29 20:00:00
1756498500000,107884.78,108047.88,107759.26,107975.51,106.3942919,2025-08-29 20:15:00
1756499400000,107975.51,107975.52,107633.0,107668.5,95.47596568,2025-08-29 20:30:00
1756500300000,107668.5,107881.19,107544.92,107775.72,160.37095905,2025-08-29 20:45:00
1756501200000,107775.72,107893.1,107490.0,107893.1,85.6161091,2025-08-29 21:00:00
1756502100000,107893.1,107966.28,107739.96,107958.16,68.68312752,2025-08-29 21:15:00
1756503000000,107958.16,108421.71,107958.16,108421.71,89.21041188,2025-08-29 21:30:00
1756503900000,108421.71,108474.05,108242.61,108453.84,44.4166803,2025-08-29 21:45:00
1756504800000,108453.84,108484.39,108290.44,108290.44,45.72213727,2025-08-29 22:00:00
1756505700000,108290.44,108434.63,108276.16,108340.6,38.04230228,2025-08-29 22:15:00
1756506600000,108340.6,108400.98,108208.6,108240.78,39.48911214,2025-08-29 22:30:00
1756507500000,108240.78,108371.79,108208.34,108371.79,24.4848361,2025-08-29 22:45:00
1756508400000,108371.79,108490.91,108341.22,108412.35,33.22157593,2025-08-29 23:00:00
1756509300000,108412.35,108525.98,108402.89,108446.61,27.05198109,2025-08-29 23:15:00
1756510200000,108446.61,108552.21,108446.55,108542.19,29.80000025,2025-08-29 23:30:00
1756511100000,108542.19,108542.2,108324.54,108379.15,41.74885101,2025-08-29 23:45:00
1756512000000,108379.15,108398.33,108254.7,108254.7,77.83014241,2025-08-30 00:00:00
1756512900000,108254.7,108414.99,108228.88,108310.43,73.42935933,2025-08-30 00:15:00
1756513800000,108310.43,108320.62,108139.66,108148.25,81.1469787,2025-08-30 00:30:00
1756514700000,108148.25,108314.33,108148.25,108301.87,42.66455588,2025-08-30 00:45:00
1756515600000,108301.87,108350.08,108257.12,108303.8,46.33903421,2025-08-30 01:00:00
1756516500000,108303.8,108303.8,108022.6,108035.6,59.61719375,2025-08-30 01:15:00
1756517400000,108035.6,108122.83,108005.84,108034.24,46.23191306,2025-08-30 01:30:00
1756518300000,108034.24,108034.25,107356.0,107442.85,105.32792038,2025-08-30 01:45:00
1756519200000,107442.85,107785.41,107379.5,107771.73,74.55770454,2025-08-30 02:00:00
1756520100000,107771.73,107855.85,107593.61,107823.59,90.47457702,2025-08-30 02:15:00
1756521000000,107823.59,107941.71,107823.58,107933.31,93.57825975,2025-08-30 02:30:00
1756521900000,107933.31,107948.65,107773.98,107773.98,100.23108914,2025-08-30 02:45:00
1756522800000,107773.98,108055.8,107761.53,108036.85,137.52124347,2025-08-30 03:00:00
1756523700000,108036.85,108304.05,107995.14,108227.28,181.1458732,2025-08-30 03:15:00
1756524600000,108227.28,108412.35,108227.28,108334.9,174.63361521,2025-08-30 03:30:00
1756525500000,108334.9,108428.94,108327.81,108428.94,145.98035039,2025-08-30 03:45:00
1756526400000,108428.94,108492.66,108365.44,108461.76,258.93062647,2025-08-30 04:00:00
1756527300000,108461.76,108670.86,108461.76,108631.03,329.79776653,2025-08-30 04:15:00
1756528200000,108631.03,108635.53,108467.13,108498.45,259.51996863,2025-08-30 04:30:00
1756529100000,108498.45,108526.6,108410.56,108427.23,98.01464505,2025-08-30 04:45:00
1756530000000,108427.23,108473.25,108246.79,108246.8,113.41817209,2025-08-30 05:00:00
1756530900000,108246.8,108314.13,108211.38,108214.59,49.18650299,2025-08-30 05:15:00
1756531800000,108214.59,108439.33,108127.05,108369.72,80.50120269,2025-08-30 05:30:00
1756532700000,108369.72,108426.38,108287.35,108343.94,50.43482925,2025-08-30 05:45:00
1756533600000,108343.94,108553.12,108316.96,108328.36,38.07960034,2025-08-30 06:00:00
1756534500000,108328.36,108406.15,108255.57,108262.06,47.51820428,2025-08-30 06:15:00
1756535400000,108262.06,108322.2,108239.87,108272.88,35.0114595,2025-08-30 06:30:00
1756536300000,108272.88,108317.03,108206.28,108317.02,57.38787872,2025-08-30 06:45:00
1756537200000,108317.02,108377.11,108113.16,108257.76,66.79360374,2025-08-30 07:00:00
1756538100000,108257.76,108267.47,108193.51,108267.47,108.08792795,2025-08-30 07:15:00
1756539000000,108267.47,108487.54,108267.43,108486.28,93.23038736,2025-08-30 07:30:00
1756539900000,108486.28,108514.49,108462.15,108514.48,161.36926172,2025-08-30 07:45:00
1756540800000,108514.48,108678.02,108485.9,108640.26,54.1475372,2025-08-30 08:00:00
1756541700000,108640.26,108761.85,108614.46,108724.77,38.41906506,2025-08-30 08:15:00
1756542600000,108724.77,108724.77,108572.25,108601.75,22.69622065,2025-08-30 08:30:00
1756543500000,108601.75,108601.76,108530.47,108563.32,28.72291029,2025-08-30 08:45:00
1756544400000,108563.32,108600.42,108499.1,108499.14,28.10000526,2025-08-30 09:00:00
1756545300000,108499.14,108582.06,108494.65,108528.87,29.61872744,2025-08-30 09:15:00
1756546200000,108528.87,108529.0,108467.68,108476.3,55.72539285,2025-08-30 09:30:00
1756547100000,108476.3,108589.11,108467.14,108513.64,32.58706765,2025-08-30 09:45:00
1756548000000,108513.64,108616.85,108481.19,108584.97,64.11439798,2025-08-30 10:00:00
1756548900000,108584.97,108687.23,108584.97,108687.12,30.81410553,2025-08-30 10:15:00
1756549800000,108687.12,108687.13,108483.86,108483.93,34.192203,2025-08-30 10:30:00
1756550700000,108483.93,108483.93,108390.16,108416.45,41.5104378,2025-08-30 10:45:00
1756551600000,108416.45,108529.15,108412.84,108515.79,41.11205157,2025-08-30 11:00:00
1756552500000,108515.79,108531.9,108452.95,108531.89,30.3607038,2025-08-30 11:15:00
1756553400000,108531.89,108574.25,108499.31,108574.24,37.28929764,2025-08-30 11:30:00
1756554300000,108574.24,108705.68,108574.24,108671.33,76.53320668,2025-08-30 11:45:00
1756555200000,108671.33,108671.33,108447.86,108557.02,42.00912652,2025-08-30 12:00:00
1756556100000,108557.02,108557.02,108464.08,108492.83,35.26624171,2025-08-30 12:15:00
1756557000000,108492.83,108513.31,108323.68,108432.34,47.74439976,2025-08-30 12:30:00
1756557900000,108432.34,108608.31,108432.34,108608.31,33.30705674,2025-08-30 12:45:00
1756558800000,108608.31,108608.34,108205.57,108268.72,46.2796008,2025-08-30 13:00:00
1756559700000,108268.72,108413.21,108187.25,108413.2,61.95016466,2025-08-30 13:15:00
1756560600000,108413.2,108509.59,108395.01,108395.01,46.27652916,2025-08-30 13:30:00
1756561500000,108395.01,108521.72,108339.16,108521.71,45.78042865,2025-08-30 13:45:00
1756562400000,108521.71,108521.71,108438.94,108468.78,21.2861285,2025-08-30 14:00:00
1756563300000,108468.78,108549.86,108403.55,108549.85,22.2880068,2025-08-30 14:15:00
1756564200000,108549.85,108649.78,108527.05,108618.07,55.64530546,2025-08-30 14:30:00
1756565100000,108618.07,108734.95,108618.07,108655.9,41.48653257,2025-08-30 14:45:00
1756566000000,108655.9,108655.9,108544.21,108587.52,20.14316826,2025-08-30 15:00:00
1756566900000,108587.52,108853.99,108587.52,108763.11,37.30747863,2025-08-30 15:15:00
1756567800000,108763.11,108915.98,108636.24,108915.96,61.96629163,2025-08-30 15:30:00
1756568700000,108915.96,108915.96,108826.17,108869.63,33.18412866,2025-08-30 15:45:00
1756569600000,108869.63,108869.63,108657.01,108668.11,45.71118717,2025-08-30 16:00:00
1756570500000,108668.11,108768.5,108654.98,108715.76,46.19176412,2025-08-30 16:15:00
1756571400000,108715.76,108806.26,108681.98,108806.26,18.25257002,2025-08-30 16:30:00
1756572300000,108806.26,108870.31,108806.19,108807.0,41.60885154,2025-08-30 16:45:00
1756573200000,108807.0,108888.72,108791.83,108869.48,25.65804797,2025-08-30 17:00:00
1756574100000,108869.48,108869.5,108795.17,108827.46,17.35713538,2025-08-30 17:15:00
1756575000000,108827.46,108846.73,108682.37,108698.77,16.15480511,2025-08-30 17:30:00
1756575900000,108698.77,108773.83,108615.56,108773.83,18.11545075,2025-08-30 17:45:00
1756576800000,108773.83,108797.17,108737.82,108746.84,17.39328003,2025-08-30 18:00:00
1756577700000,108746.84,108746.84,108641.68,108688.54,11.15867497,2025-08-30 18:15:00
1756578600000,108688.54,108720.63,108618.46,108720.63,14.67198715,2025-08-30 18:30:00
1756579500000,108720.63,108830.09,108704.23,108730.22,15.7659925,2025-08-30 18:45:00
1756580400000,108730.22,108759.84,108688.09,108713.68,11.23570368,2025-08-30 19:00:00
1756581300000,108713.68,108797.71,108639.15,108797.66,22.97367743,2025-08-30 19:15:00
1756582200000,108797.66,108868.25,108789.6,108868.25,16.34008913,2025-08-30 19:30:00
1756583100000,108868.25,108889.24,108767.84,108817.45,17.26627145,2025-08-30 19:45:00
1756584000000,108817.45,108827.39,108685.44,108722.95,19.65660883,2025-08-30 20:00:00
1756584900000,108722.95,108765.65,108667.35,108765.63,15.06468853,2025-08-30 20:15:00
1756585800000,108765.63,108765.95,108578.89,108626.36,42.67188843,2025-08-30 20:30:00
1756586700000,108626.36,108649.22,108595.11,108644.6,16.83723771,2025-08-30 20:45:00
1756587600000,108644.6,108678.77,108494.59,108642.02,24.34572677,2025-08-30 21:00:00
1756588500000,108642.02,108642.02,108580.36,108617.92,18.44396258,2025-08-30 21:15:00
1756589400000,108617.92,108617.92,108532.5,108565.17,18.70078681,2025-08-30 21:30:00
1756590300000,108565.17,108622.21,108544.61,108588.45,16.57694167,2025-08-30 21:45:00
1756591200000,108588.45,108595.37,108468.15,108517.24,25.24949087,2025-08-30 22:00:00
1756592100000,108517.24,108554.1,108512.27,108551.22,16.07932628,2025-08-30 22:15:00
1756593000000,108551.22,108569.73,108509.3,108569.73,11.44315718,2025-08-30 22:30:00
1756593900000,108569.73,108569.74,108532.79,108533.13,33.64449723,2025-08-30 22:45:00
1756594800000,108533.13,108635.62,108532.16,108611.24,42.56237783,2025-08-30 23:00:00
1756595700000,108611.24,108731.11,108609.05,108700.2,50.07619128,2025-08-30 23:15:00
1756596600000,108700.2,108787.89,108656.53,108784.53,62.32627644,2025-08-30 23:30:00
1756597500000,108784.53,108816.18,108747.3,108816.17,43.48111566,2025-08-30 23:45:00
1756598400000,108816.17,108870.92,108802.68,108831.86,120.12531576,2025-08-31 00:00:00
1756599300000,108831.86,108884.45,108806.36,108871.44,20.67790078,2025-08-31 00:15:00
1756600200000,108871.44,109231.07,108871.44,109212.75,62.38945673,2025-08-31 00:30:00
1756601100000,109212.75,109402.13,109144.64,109391.16,123.67678557,2025-08-31 00:45:00
1756602000000,109391.16,109412.34,109142.9,109142.94,76.76113564,2025-08-31 01:00:00
1756602900000,109142.94,109350.84,109142.93,109336.23,40.29468897,2025-08-31 01:15:00
1756603800000,109336.23,109450.08,109292.2,109329.58,56.72967812,2025-08-31 01:30:00
1756604700000,109329.58,109485.1,109304.05,109434.6,32.95004612,2025-08-31 01:45:00
1756605600000,109434.6,109446.01,109312.18,109383.87,32.95579228,2025-08-31 02:00:00
1756606500000,109383.87,109419.71,109280.36,109319.11,44.12660199,2025-08-31 02:15:00
1756607400000,109319.11,109319.78,109227.42,109227.43,19.72245572,2025-08-31 02:30:00
1756608300000,109227.43,109227.43,109169.35,109222.75,18.85291784,2025-08-31 02:45:00
1756609200000,109222.75,109335.05,109222.75,109319.46,70.07454616,2025-08-31 03:00:00
1756610100000,109319.46,109319.46,109201.05,109219.25,27.25016867,2025-08-31 03:15:00
1756611000000,109219.25,109319.43,109170.17,109319.35,19.83744759,2025-08-31 03:30:00
1756611900000,109319.35,109378.55,109158.37,109220.87,40.80730705,2025-08-31 03:45:00
1756612800000,109220.87,109228.43,109013.73,109013.76,33.75377131,2025-08-31 04:00:00
1756613700000,109013.76,109013.84,108826.92,108833.01,45.32046018,2025-08-31 04:15:00
1756614600000,108833.01,108863.19,108729.09,108729.1,75.37495632,2025-08-31 04:30:00
1756615500000,108729.1,108816.42,108666.35,108816.42,78.29039338,2025-08-31 04:45:00
1756616400000,108816.42,108816.43,108623.34,108697.59,51.61312037,2025-08-31 05:00:00
1756617300000,108697.59,108697.74,108572.26,108583.97,39.36502748,2025-08-31 05:15:00
1756618200000,108583.97,108749.31,108583.95,108736.79,36.59297401,2025-08-31 05:30:00
1756619100000,108736.79,108770.93,108673.47,108758.51,18.61064322,2025-08-31 05:45:00
1756620000000,108758.51,108774.5,108691.34,108774.46,17.32156676,2025-08-31 06:00:00
1756620900000,108774.46,108778.59,108573.33,108577.57,30.49538507,2025-08-31 06:15:00
1756621800000,108577.57,108730.34,108523.38,108669.67,30.82120885,2025-08-31 06:30:00
1756622700000,108669.67,108742.01,108668.68,108715.71,14.1640514,2025-08-31 06:45:00
1756623600000,108715.71,108829.34,108699.06,108781.02,32.91649017,2025-08-31 07:00:00
1756624500000,108781.02,108789.16,108669.7,108693.13,33.15852079,2025-08-31 07:15:00
1756625400000,108693.13,108795.07,108693.13,108776.48,28.28738393,2025-08-31 07:30:00
1756626300000,108776.48,108776.48,108688.16,108707.9,11.49505639,2025-08-31 07:45:00
1756627200000,108707.9,108833.92,108707.89,108833.82,33.69137782,2025-08-31 08:00:00
1756628100000,108833.82,108921.83,108815.13,108897.19,24.7491538,2025-08-31 08:15:00
1756629000000,108897.19,108999.16,108811.85,108999.15,41.82029995,2025-08-31 08:30:00
1756629900000,108999.15,109029.47,108920.06,109011.69,33.29205908,2025-08-31 08:45:00
1756630800000,109011.69,109100.08,108968.41,109046.38,34.79405217,2025-08-31 09:00:00
1756631700000,109046.38,109092.85,108891.66,108891.66,21.59721969,2025-08-31 09:15:00
1756632600000,108891.66,108904.01,108700.0,108700.0,40.44730006,2025-08-31 09:30:00
1756633500000,108700.0,108742.76,108446.18,108506.29,72.91778073,2025-08-31 09:45:00
1756634400000,108506.29,108550.78,108369.44,108438.01,85.23414716,2025-08-31 10:00:00
1756635300000,108438.01,108497.33,108353.14,108451.23,90.49718311,2025-08-31 10:15:00
1756636200000,108451.23,108499.31,108382.8,108388.66,59.75005827,2025-08-31 10:30:00
1756637100000,108388.66,108621.97,108314.38,108553.08,64.92031512,2025-08-31 10:45:00
1756638000000,108553.08,108589.96,108501.83,108504.02,47.32314289,2025-08-31 11:00:00
1756638900000,108504.02,108533.44,108312.86,108520.45,31.16370357,2025-08-31 11:15:00
1756639800000,108520.45,108543.53,108361.17,108371.32,42.3220461,2025-08-31 11:30:00
1756640700000,108371.32,108467.59,108371.32,108385.39,74.95282457,2025-08-31 11:45:00
1756641600000,108385.39,108441.45,108308.47,108327.44,93.5546132,2025-08-31 12:00:00
1756642500000,108327.44,108423.29,108307.24,108394.32,72.92229403,2025-08-31 12:15:00
1756643400000,108394.32,108477.33,108365.91,108372.55,89.43171249,2025-08-31 12:30:00
1756644300000,108372.55,108428.69,108300.81,108301.49,72.3384675,2025-08-31 12:45:00
1756645200000,108301.49,108402.09,108182.57,108205.35,114.34611556,2025-08-31 13:00:00
1756646100000,108205.35,108443.33,108186.51,108284.55,54.02424874,2025-08-31 13:15:00
1756647000000,108284.55,108366.25,108210.01,108366.22,89.32817196,2025-08-31 13:30:00
1756647900000,108366.22,108424.14,108300.23,108408.33,87.01648253,2025-08-31 13:45:00
1756648800000,108408.33,108459.79,108245.24,108304.34,117.16850228,2025-08-31 14:00:00
1756649700000,108304.34,108396.91,108265.46,108364.23,38.12185052,2025-08-31 14:15:00
1756650600000,108364.23,108500.0,108364.22,108430.6,58.64531469,2025-08-31 14:30:00
1756651500000,108430.6,108487.56,108424.38,108457.22,54.76157216,2025-08-31 14:45:00
1756652400000,108457.22,108691.5,108452.73,108454.88,76.30607485,2025-08-31 15:00:00
1756653300000,108454.88,108573.89,108454.88,108558.72,141.47830184,2025-08-31 15:15:00
1756654200000,108558.72,108709.64,108474.64,108709.64,73.36129557,2025-08-31 15:30:00
1756655100000,108709.64,108848.36,108700.0,108807.89,86.38087419,2025-08-31 15:45:00
1756656000000,108807.89,108856.97,108688.15,108791.61,78.20828938,2025-08-31 16:00:00
1756656900000,108791.61,108800.26,108549.85,108695.14,78.71693681,2025-08-31 16:15:00
1756657800000,108695.14,108880.07,108615.67,108868.14,71.69779129,2025-08-31 16:30:00
1756658700000,108868.14,108976.12,108835.64,108921.21,65.30747014,2025-08-31 16:45:00
1756659600000,108921.21,108946.09,108879.98,108925.25,30.87687455,2025-08-31 17:00:00
1756660500000,108925.25,108978.51,108848.36,108952.97,47.89070395,2025-08-31 17:15:00
1756661400000,108952.97,108986.81,108856.71,108964.55,40.93279637,2025-08-31 17:30:00
1756662300000,108964.55,108990.21,108926.68,108990.21,32.32923095,2025-08-31 17:45:00
1756663200000,108990.21,109013.43,108922.08,108958.47,21.96004356,2025-08-31 18:00:00
1756664100000,108958.47,109115.54,108954.52,109003.55,62.1131048,2025-08-31 18:15:00
1756665000000,109003.55,109185.18,108994.0,109145.55,30.31509214,2025-08-31 18:30:00
1756665900000,109145.55,109232.53,109100.79,109138.83,22.40414025,2025-08-31 18:45:00
1756666800000,109138.83,109160.05,108960.4,108992.07,25.10551675,2025-08-31 19:00:00
1756667700000,108992.07,109068.52,108926.55,108960.02,18.36645052,2025-08-31 19:15:00
1756668600000,108960.02,109106.12,108960.01,109098.23,17.4925341,2025-08-31 19:30:00
1756669500000,109098.23,109098.24,108906.01,108919.39,16.07292815,2025-08-31 19:45:00
1756670400000,108919.39,109095.76,108869.42,109038.43,30.51330081,2025-08-31 20:00:00
1756671300000,109038.43,109068.62,108953.29,109059.37,20.15450778,2025-08-31 20:15:00
1756672200000,109059.37,109111.59,108965.37,109040.64,18.82638792,2025-08-31 20:30:00
1756673100000,109040.64,109121.78,109026.32,109121.32,14.6399279,2025-08-31 20:45:00
1756674000000,109121.32,109121.32,108958.15,109021.6,25.01697241,2025-08-31 21:00:00
1756674900000,109021.6,109079.9,109014.38,109026.53,13.84588136,2025-08-31 21:15:00
1756675800000,109026.53,109098.79,109008.73,109098.79,15.79564227,2025-08-31 21:30:00
1756676700000,109098.79,109108.41,109016.93,109039.22,15.50408369,2025-08-31 21:45:00
1756677600000,109039.22,109071.94,108875.45,109071.93,30.65221867,2025-08-31 22:00:00
1756678500000,109071.93,109232.51,109071.93,109184.55,42.04846759,2025-08-31 22:15:00
1756679400000,109184.55,109184.56,108848.67,108848.68,25.85170118,2025-08-31 22:30:00
1756680300000,108848.68,108934.41,108758.55,108900.45,26.80073167,2025-08-31 22:45:00
1756681200000,108900.45,108917.29,108622.27,108684.66,50.56329884,2025-08-31 23:00:00
1756682100000,108684.66,108684.67,108355.03,108388.3,50.96139506,2025-08-31 23:15:00
1756683000000,108388.3,108425.36,108090.0,108264.94,102.89761137,2025-08-31 23:30:00
1756683900000,108264.94,108363.94,108175.48,108255.51,73.15202556,2025-08-31 23:45:00
