timestamp,open,high,low,close,volume,datetime
1735689600000,93576.0,93702.15,93489.03,93656.18,175.85673,2025-01-01 00:00:00
1735690500000,93656.19,93898.05,93614.95,93761.9,95.41749,2025-01-01 00:15:00
1735691400000,93761.9,93963.67,93761.89,93885.01,94.36416,2025-01-01 00:30:00
1735692300000,93885.0,94509.42,93864.44,94401.14,390.35172,2025-01-01 00:45:00
1735693200000,94401.13,94408.72,93880.0,94153.05,284.57018,2025-01-01 01:00:00
1735694100000,94153.04,94153.05,93819.6,93825.86,102.66232,2025-01-01 01:15:00
1735695000000,93825.86,93989.37,93825.86,93923.14,78.97889,2025-01-01 01:30:00
1735695900000,93923.14,93945.25,93578.77,93607.74,120.32317,2025-01-01 01:45:00
1735696800000,93607.74,93805.04,93594.56,93800.0,104.71689,2025-01-01 02:00:00
1735697700000,93800.0,93805.16,93689.48,93742.52,48.21903,2025-01-01 02:15:00
1735698600000,93742.51,93921.86,93742.51,93921.86,39.8339,2025-01-01 02:30:00
1735699500000,93921.86,94105.12,93912.0,94098.91,84.01063,2025-01-01 02:45:00
1735700400000,94098.9,94098.91,93959.89,93976.01,65.06529,2025-01-01 03:00:00
1735701300000,93976.01,93976.01,93766.23,93830.89,47.42318,2025-01-01 03:15:00
1735702200000,93830.9,93891.15,93800.0,93857.04,67.83649,2025-01-01 03:30:00
1735703100000,93857.03,93867.35,93728.22,93838.04,40.66806,2025-01-01 03:45:00
1735704000000,93838.04,93838.04,93689.96,93711.19,87.46863,2025-01-01 04:00:00
1735704900000,93711.18,93771.99,93679.07,93738.09,53.53604,2025-01-01 04:15:00
1735705800000,93738.09,93738.1,93616.82,93645.13,45.89524,2025-01-01 04:30:00
1735706700000,93645.12,93670.0,93500.0,93553.91,92.56918,2025-01-01 04:45:00
1735707600000,93553.91,93680.0,93547.4,93638.5,44.42431,2025-01-01 05:00:00
1735708500000,93638.5,93933.33,93614.5,93891.74,96.81147,2025-01-01 05:15:00
1735709400000,93891.74,93937.19,93799.25,93857.65,44.4742,2025-01-01 05:30:00
1735710300000,93857.66,93862.11,93792.01,93792.02,23.46942,2025-01-01 05:45:00
1735711200000,93792.02,93792.02,93603.21,93603.22,48.12812,2025-01-01 06:00:00
1735712100000,93603.21,93701.39,93603.21,93654.5,46.53256,2025-01-01 06:15:00
1735713000000,93654.5,93720.01,93568.38,93720.0,134.37648,2025-01-01 06:30:00
1735713900000,93720.01,93757.58,93672.34,93757.58,43.2413,2025-01-01 06:45:00
1735714800000,93757.57,93757.58,93664.08,93685.25,29.27357,2025-01-01 07:00:00
1735715700000,93685.25,93786.04,93677.5,93786.03,43.36678,2025-01-01 07:15:00
1735716600000,93786.03,93800.0,93727.27,93741.15,37.98335,2025-01-01 07:30:00
1735717500000,93741.15,93767.76,93664.09,93684.1,87.31088,2025-01-01 07:45:00
1735718400000,93684.11,93756.02,93677.44,93746.39,72.0457,2025-01-01 08:00:00
1735719300000,93746.39,93746.4,93304.0,93416.41,245.3307,2025-01-01 08:15:00
1735720200000,93416.41,93527.21,93400.0,93476.46,79.27209,2025-01-01 08:30:00
1735721100000,93476.46,93547.83,93320.0,93428.46,85.06324,2025-01-01 08:45:00
1735722000000,93428.47,93486.29,93217.93,93327.15,114.48117,2025-01-01 09:00:00
1735722900000,93327.15,93327.15,92888.0,93141.91,317.30535,2025-01-01 09:15:00
1735723800000,93141.91,93302.52,93001.0,93106.31,230.12665,2025-01-01 09:30:00
1735724700000,93106.3,93446.48,93048.64,93413.06,136.58456,2025-01-01 09:45:00
1735725600000,93413.07,93534.95,93357.67,93384.27,83.96199,2025-01-01 10:00:00
1735726500000,93384.26,93536.75,93384.26,93410.25,54.91381,2025-01-01 10:15:00
1735727400000,93410.25,93509.74,93284.0,93397.96,65.35825,2025-01-01 10:30:00
1735728300000,93397.96,93416.64,93292.5,93326.23,61.31787,2025-01-01 10:45:00
1735729200000,93326.24,93376.63,93200.0,93331.58,76.38624,2025-01-01 11:00:00
1735730100000,93331.58,93485.88,93331.57,93485.88,83.55395,2025-01-01 11:15:00
1735731000000,93485.88,93605.82,93402.0,93593.24,72.79136,2025-01-01 11:30:00
1735731900000,93593.24,93705.08,93443.99,93444.64,88.9907,2025-01-01 11:45:00
1735732800000,93444.65,93511.37,93407.07,93451.38,66.75439,2025-01-01 12:00:00
1735733700000,93451.37,93972.0,93451.37,93888.31,267.9628,2025-01-01 12:15:00
1735734600000,93888.3,93909.1,93768.0,93782.5,112.23963,2025-01-01 12:30:00
1735735500000,93782.51,93843.99,93700.73,93820.76,52.39931,2025-01-01 12:45:00
1735736400000,93820.75,93900.0,93647.84,93658.13,83.33649,2025-01-01 13:00:00
1735737300000,93658.13,93792.69,93600.28,93729.3,79.06472,2025-01-01 13:15:00
1735738200000,93729.3,93888.98,93724.0,93776.51,60.2517,2025-01-01 13:30:00
1735739100000,93776.51,94058.79,93760.0,94031.76,117.71096,2025-01-01 13:45:00
1735740000000,94031.77,94450.85,94028.54,94245.19,249.57315,2025-01-01 14:00:00
1735740900000,94245.18,94295.85,93883.66,93919.99,156.61247,2025-01-01 14:15:00
1735741800000,93919.99,94140.0,93671.48,93976.51,202.9846,2025-01-01 14:30:00
1735742700000,93976.52,94225.58,93914.46,94175.89,142.73675,2025-01-01 14:45:00
1735743600000,94175.89,94265.75,93900.0,93982.33,100.33066,2025-01-01 15:00:00
1735744500000,93982.33,94239.93,93914.83,94160.5,121.16757,2025-01-01 15:15:00
1735745400000,94160.5,94247.78,94089.16,94247.18,79.38959,2025-01-01 15:30:00
1735746300000,94247.19,94500.0,94242.98,94432.94,185.19613,2025-01-01 15:45:00
1735747200000,94432.94,94492.0,94250.0,94274.63,199.02193,2025-01-01 16:00:00
1735748100000,94274.62,94274.62,94096.01,94149.98,125.9484,2025-01-01 16:15:00
1735749000000,94149.99,94188.77,94017.37,94017.38,109.63532,2025-01-01 16:30:00
1735749900000,94017.37,94090.5,93922.0,94090.49,145.66819,2025-01-01 16:45:00
1735750800000,94090.5,94131.66,93859.88,93863.12,90.49792,2025-01-01 17:00:00
1735751700000,93863.12,93999.56,93760.93,93973.11,93.30655,2025-01-01 17:15:00
1735752600000,93973.12,94088.84,93973.11,94027.41,50.90413,2025-01-01 17:30:00
1735753500000,94027.4,94189.16,93897.75,94143.85,69.15935,2025-01-01 17:45:00
1735754400000,94143.84,94155.78,93936.44,93999.51,48.85342,2025-01-01 18:00:00
1735755300000,93999.52,94240.44,93999.51,94208.43,49.20466,2025-01-01 18:15:00
1735756200000,94208.43,94305.73,94191.73,94278.71,84.91808,2025-01-01 18:30:00
1735757100000,94278.72,94380.44,94234.24,94340.06,108.81215,2025-01-01 18:45:00
1735758000000,94340.06,94398.74,94275.39,94353.01,68.4588,2025-01-01 19:00:00
1735758900000,94353.02,94353.02,94168.01,94261.99,79.23436,2025-01-01 19:15:00
1735759800000,94261.99,94450.81,94148.34,94447.76,95.96321,2025-01-01 19:30:00
1735760700000,94447.77,94823.75,94394.31,94627.07,301.46735,2025-01-01 19:45:00
1735761600000,94627.08,94793.77,94627.07,94696.79,102.32169,2025-01-01 20:00:00
1735762500000,94696.79,94836.0,94579.83,94711.84,119.07787,2025-01-01 20:15:00
1735763400000,94711.84,94797.17,94644.15,94724.02,87.92661,2025-01-01 20:30:00
1735764300000,94724.02,94852.7,94716.43,94786.23,115.09851,2025-01-01 20:45:00
1735765200000,94786.23,94917.87,94687.87,94772.73,188.9961,2025-01-01 21:00:00
1735766100000,94772.72,95151.15,94766.49,94955.98,202.23035,2025-01-01 21:15:00
1735767000000,94955.99,95000.0,94734.57,94788.8,109.74195,2025-01-01 21:30:00
1735767900000,94789.18,94984.85,94789.18,94978.48,135.84316,2025-01-01 21:45:00
1735768800000,94978.48,94997.32,94685.81,94836.01,128.48004,2025-01-01 22:00:00
1735769700000,94836.01,94859.42,94720.43,94735.5,87.78981,2025-01-01 22:15:00
1735770600000,94735.49,94970.34,94735.49,94955.21,103.91307,2025-01-01 22:30:00
1735771500000,94955.2,94955.21,94767.77,94802.98,89.5911,2025-01-01 22:45:00
1735772400000,94802.99,94952.29,94666.3,94853.31,128.00262,2025-01-01 23:00:00
1735773300000,94853.31,94853.31,94600.0,94637.69,115.51909,2025-01-01 23:15:00
1735774200000,94637.69,94757.29,94542.0,94732.01,89.06956,2025-01-01 23:30:00
1735775100000,94732.01,94756.61,94591.21,94591.79,104.31657,2025-01-01 23:45:00
1735776000000,94591.78,94627.53,94462.88,94530.31,146.5212,2025-01-02 00:00:00
1735776900000,94530.3,95200.0,94392.0,94928.71,353.05579,2025-01-02 00:15:00
1735777800000,94928.71,95166.67,94724.0,95105.0,383.98427,2025-01-02 00:30:00
1735778700000,95105.0,95381.7,94984.66,95128.59,298.20447,2025-01-02 00:45:00
1735779600000,95128.59,95516.0,95116.01,95337.0,555.50647,2025-01-02 01:00:00
1735780500000,95337.0,95418.41,95020.0,95081.09,193.60836,2025-01-02 01:15:00
1735781400000,95081.08,95081.09,94699.69,94996.5,324.87776,2025-01-02 01:30:00
1735782300000,94996.5,95001.36,94854.05,94862.72,69.37358,2025-01-02 01:45:00
1735783200000,94862.73,95124.1,94803.03,95020.53,91.23554,2025-01-02 02:00:00
1735784100000,95020.53,95136.37,94840.0,95026.52,146.22033,2025-01-02 02:15:00
1735785000000,95026.51,95124.0,94829.0,95027.01,113.08153,2025-01-02 02:30:00
1735785900000,95027.0,95234.37,95027.0,95234.36,105.1126,2025-01-02 02:45:00
1735786800000,95234.37,95299.24,94960.36,95005.1,107.66381,2025-01-02 03:00:00
1735787700000,95005.1,95151.0,95005.09,95075.77,71.16788,2025-01-02 03:15:00
1735788600000,95075.77,95093.83,94922.26,94922.26,51.55674,2025-01-02 03:30:00
1735789500000,94922.26,95017.46,94913.75,95010.33,59.89743,2025-01-02 03:45:00
1735790400000,95010.34,95273.45,94984.84,95157.15,169.16337,2025-01-02 04:00:00
1735791300000,95157.15,95206.78,95045.83,95173.88,65.08385,2025-01-02 04:15:00
1735792200000,95173.87,95970.0,95173.87,95812.79,473.70299,2025-01-02 04:30:00
1735793100000,95812.79,96000.0,95670.69,95708.07,217.66898,2025-01-02 04:45:00
1735794000000,95708.07,95729.01,95446.9,95470.01,164.74489,2025-01-02 05:00:00
1735794900000,95470.01,95800.0,95395.21,95760.99,349.41456,2025-01-02 05:15:00
1735795800000,95760.98,95772.73,95686.04,95772.72,65.52381,2025-01-02 05:30:00
1735796700000,95772.73,95775.37,95508.11,95596.48,122.43395,2025-01-02 05:45:00
1735797600000,95596.48,95697.01,95477.0,95531.25,89.82692,2025-01-02 06:00:00
1735798500000,95531.25,95531.26,95380.04,95460.0,101.70014,2025-01-02 06:15:00
1735799400000,95460.0,95593.92,95384.57,95530.3,251.27885,2025-01-02 06:30:00
1735800300000,95530.31,95594.15,95469.07,95574.99,74.66181,2025-01-02 06:45:00
1735801200000,95575.0,95749.58,95505.35,95699.98,80.74038,2025-01-02 07:00:00
1735802100000,95699.98,95836.0,95657.91,95773.3,129.52202,2025-01-02 07:15:00
1735803000000,95773.3,95880.0,95736.48,95840.0,84.15619,2025-01-02 07:30:00
1735803900000,95839.99,95850.49,95692.46,95822.0,158.20914,2025-01-02 07:45:00
1735804800000,95822.01,96050.03,95822.01,95963.58,222.49715,2025-01-02 08:00:00
1735805700000,95963.58,95982.87,95650.78,95721.42,193.20301,2025-01-02 08:15:00
1735806600000,95721.43,95944.32,95640.05,95944.31,105.48553,2025-01-02 08:30:00
1735807500000,95944.31,96211.54,95924.24,96150.0,323.57594,2025-01-02 08:45:00
1735808400000,96150.0,96241.6,96036.86,96199.96,228.31899,2025-01-02 09:00:00
1735809300000,96199.95,96435.67,96199.95,96393.5,238.16134,2025-01-02 09:15:00
1735810200000,96393.51,96490.47,96342.0,96350.0,115.52566,2025-01-02 09:30:00
1735811100000,96350.0,96799.86,96287.87,96755.51,394.01929,2025-01-02 09:45:00
1735812000000,96755.51,96808.37,96563.77,96606.14,299.90431,2025-01-02 10:00:00
1735812900000,96606.14,96778.85,96603.43,96697.95,241.47105,2025-01-02 10:15:00
1735813800000,96697.95,96764.02,96590.36,96610.39,137.51479,2025-01-02 10:30:00
1735814700000,96610.39,96722.23,96538.77,96708.0,147.85671,2025-01-02 10:45:00
1735815600000,96708.0,96876.38,96646.6,96759.98,156.53796,2025-01-02 11:00:00
1735816500000,96759.99,96760.0,96469.46,96556.16,207.7742,2025-01-02 11:15:00
1735817400000,96556.16,96727.27,96550.69,96691.9,99.39281,2025-01-02 11:30:00
1735818300000,96691.91,96789.47,96608.35,96732.99,69.95877,2025-01-02 11:45:00
1735819200000,96733.0,96863.92,96682.69,96806.26,170.56502,2025-01-02 12:00:00
1735820100000,96806.27,96895.0,96609.42,96754.72,189.46097,2025-01-02 12:15:00
1735821000000,96754.72,96817.25,96611.0,96672.01,127.32909,2025-01-02 12:30:00
1735821900000,96672.0,96865.05,96672.0,96850.01,189.95002,2025-01-02 12:45:00
1735822800000,96850.01,96988.05,96744.74,96764.52,214.37184,2025-01-02 13:00:00
1735823700000,96764.52,96871.28,96630.0,96763.6,299.77165,2025-01-02 13:15:00
1735824600000,96763.61,96794.97,96597.15,96668.0,182.62813,2025-01-02 13:30:00
1735825500000,96668.0,96673.17,96436.0,96458.17,206.50285,2025-01-02 13:45:00
1735826400000,96458.17,96458.83,95924.6,96368.06,555.05322,2025-01-02 14:00:00
1735827300000,96368.06,96491.15,96144.01,96474.83,200.49301,2025-01-02 14:15:00
1735828200000,96474.83,97440.91,96267.45,96812.44,1284.79437,2025-01-02 14:30:00
1735829100000,96812.99,97360.88,96809.97,97256.49,966.76396,2025-01-02 14:45:00
1735830000000,97256.48,97323.16,96960.0,97034.78,544.44336,2025-01-02 15:00:00
1735830900000,97034.07,97104.0,96313.0,96666.85,516.76326,2025-01-02 15:15:00
1735831800000,96666.85,96744.82,96164.78,96346.24,573.48616,2025-01-02 15:30:00
1735832700000,96346.23,96639.66,96207.07,96455.01,372.35422,2025-01-02 15:45:00
1735833600000,96455.01,96721.23,96040.04,96652.57,411.77326,2025-01-02 16:00:00
1735834500000,96652.56,97387.15,96652.56,97387.15,506.26118,2025-01-02 16:15:00
1735835400000,97387.14,97600.0,97246.88,97438.33,475.40235,2025-01-02 16:30:00
1735836300000,97438.34,97650.0,97152.89,97229.74,331.59311,2025-01-02 16:45:00
1735837200000,97229.75,97591.84,97101.19,97546.33,196.87151,2025-01-02 17:00:00
1735838100000,97546.33,97554.34,97033.95,97084.41,287.60636,2025-01-02 17:15:00
1735839000000,97084.41,97099.46,96333.95,96660.0,520.03326,2025-01-02 17:30:00
1735839900000,96659.51,96757.58,96325.44,96757.57,268.24662,2025-01-02 17:45:00
1735840800000,96757.57,97049.69,96400.0,96848.49,279.7285,2025-01-02 18:00:00
1735841700000,96848.49,97113.44,96740.0,96903.0,199.42168,2025-01-02 18:15:00
1735842600000,96902.99,97102.56,96634.61,97090.54,167.30004,2025-01-02 18:30:00
1735843500000,97090.54,97350.0,97024.19,97319.74,193.45438,2025-01-02 18:45:00
1735844400000,97319.74,97586.34,97212.81,97482.91,242.43572,2025-01-02 19:00:00
1735845300000,97482.9,97777.0,97479.59,97600.0,163.41742,2025-01-02 19:15:00
1735846200000,97600.0,97600.0,97200.0,97415.65,171.76112,2025-01-02 19:30:00
1735847100000,97415.64,97591.69,97286.45,97317.74,136.79539,2025-01-02 19:45:00
1735848000000,97317.74,97769.23,97317.74,97769.23,152.49734,2025-01-02 20:00:00
1735848900000,97769.22,97839.5,97600.0,97600.0,189.21706,2025-01-02 20:15:00
1735849800000,97600.01,97728.93,97335.43,97462.0,162.13944,2025-01-02 20:30:00
1735850700000,97462.0,97705.88,97300.0,97306.46,214.99296,2025-01-02 20:45:00
1735851600000,97306.46,97355.77,97163.47,97219.73,126.53759,2025-01-02 21:00:00
1735852500000,97219.73,97251.27,97060.52,97124.48,89.94205,2025-01-02 21:15:00
1735853400000,97124.48,97265.28,97040.16,97200.0,77.99605,2025-01-02 21:30:00
1735854300000,97199.99,97260.85,97135.5,97212.68,99.67158,2025-01-02 21:45:00
1735855200000,97212.69,97212.69,97000.48,97000.48,68.56117,2025-01-02 22:00:00
1735856100000,97000.48,97000.48,96666.66,96882.8,204.27906,2025-01-02 22:15:00
1735857000000,96882.8,97042.26,96841.69,96916.95,81.55718,2025-01-02 22:30:00
1735857900000,96916.94,97017.29,96861.4,96911.04,64.38351,2025-01-02 22:45:00
1735858800000,96911.04,97022.76,96758.17,96848.49,194.66734,2025-01-02 23:00:00
1735859700000,96848.49,96980.0,96820.42,96973.53,83.55375,2025-01-02 23:15:00
1735860600000,96973.52,97077.78,96889.21,96997.53,74.1394,2025-01-02 23:30:00
1735861500000,96997.52,96997.53,96847.16,96984.79,89.42385,2025-01-02 23:45:00
1735862400000,96984.79,97080.96,96945.21,96945.21,85.9827,2025-01-03 00:00:00
1735863300000,96945.22,97039.97,96796.56,97025.92,102.43028,2025-01-03 00:15:00
1735864200000,97025.92,97068.14,96890.99,96913.84,64.78242,2025-01-03 00:30:00
1735865100000,96913.83,96994.62,96799.96,96825.82,61.81433,2025-01-03 00:45:00
1735866000000,96825.83,96900.0,96705.62,96730.0,115.44915,2025-01-03 01:00:00
1735866900000,96730.0,96907.13,96650.0,96907.12,72.84751,2025-01-03 01:15:00
1735867800000,96907.13,96907.13,96682.69,96746.46,59.1531,2025-01-03 01:30:00
1735868700000,96746.47,97000.0,96702.38,96985.47,94.90938,2025-01-03 01:45:00
1735869600000,96985.47,97100.0,96856.98,97100.0,74.36675,2025-01-03 02:00:00
1735870500000,97100.0,97342.44,97072.0,97259.0,147.05729,2025-01-03 02:15:00
1735871400000,97258.99,97262.19,97068.0,97083.9,91.92327,2025-01-03 02:30:00
1735872300000,97083.9,97141.89,96952.66,96966.85,75.29277,2025-01-03 02:45:00
1735873200000,96966.85,97084.25,96966.84,96980.01,78.9993,2025-01-03 03:00:00
1735874100000,96980.0,96995.51,96833.99,96941.88,79.04558,2025-01-03 03:15:00
1735875000000,96941.87,97009.5,96876.8,96936.04,48.40282,2025-01-03 03:30:00
1735875900000,96936.04,97090.91,96918.0,97062.3,49.3015,2025-01-03 03:45:00
1735876800000,97062.3,97066.18,96905.96,96962.4,72.80656,2025-01-03 04:00:00
1735877700000,96962.4,97016.0,96878.52,96920.26,49.68335,2025-01-03 04:15:00
1735878600000,96920.27,96962.56,96809.52,96895.99,72.05888,2025-01-03 04:30:00
1735879500000,96895.98,96895.99,96766.51,96813.41,70.97334,2025-01-03 04:45:00
1735880400000,96813.49,96860.48,96610.29,96769.15,86.17533,2025-01-03 05:00:00
1735881300000,96769.15,96820.0,96590.28,96678.76,102.83673,2025-01-03 05:15:00
1735882200000,96678.76,96778.85,96639.7,96750.36,64.43544,2025-01-03 05:30:00
1735883100000,96750.36,96813.77,96712.91,96765.34,63.01581,2025-01-03 05:45:00
1735884000000,96765.35,96918.56,96712.97,96865.19,73.05682,2025-01-03 06:00:00
1735884900000,96865.2,96902.35,96619.98,96668.0,124.20075,2025-01-03 06:15:00
1735885800000,96667.55,96739.67,96644.0,96672.0,101.14852,2025-01-03 06:30:00
1735886700000,96672.01,96681.91,96512.0,96539.49,83.99654,2025-01-03 06:45:00
1735887600000,96539.49,96588.0,96450.0,96542.05,129.52288,2025-01-03 07:00:00
1735888500000,96542.04,96645.83,96411.54,96452.07,90.41634,2025-01-03 07:15:00
1735889400000,96452.06,96472.94,96280.65,96384.84,205.60868,2025-01-03 07:30:00
1735890300000,96384.83,96416.08,96304.0,96304.0,121.32139,2025-01-03 07:45:00
1735891200000,96304.0,96466.65,96304.0,96463.93,134.57358,2025-01-03 08:00:00
1735892100000,96463.92,96529.84,96341.01,96341.01,94.55675,2025-01-03 08:15:00
1735893000000,96341.01,96341.02,96110.22,96266.41,202.34428,2025-01-03 08:30:00
1735893900000,96266.41,96300.0,96100.01,96129.97,111.9166,2025-01-03 08:45:00
1735894800000,96129.97,96337.69,96107.84,96337.69,108.40057,2025-01-03 09:00:00
1735895700000,96337.69,96570.62,96322.8,96491.86,228.07368,2025-01-03 09:15:00
1735896600000,96491.87,96700.11,96450.0,96637.81,92.36874,2025-01-03 09:30:00
1735897500000,96637.8,96702.48,96554.31,96554.32,99.15186,2025-01-03 09:45:00
1735898400000,96554.32,96561.36,96402.82,96426.51,132.19573,2025-01-03 10:00:00
1735899300000,96426.52,96558.0,96426.52,96537.0,66.59053,2025-01-03 10:15:00
1735900200000,96537.0,96640.01,96467.43,96482.71,78.80845,2025-01-03 10:30:00
1735901100000,96482.72,96538.46,96454.36,96488.53,77.78198,2025-01-03 10:45:00
1735902000000,96488.53,96543.38,96482.51,96510.04,48.34225,2025-01-03 11:00:00
1735902900000,96510.03,96816.11,96510.03,96750.0,175.53296,2025-01-03 11:15:00
1735903800000,96750.0,96805.67,96661.68,96677.34,88.53959,2025-01-03 11:30:00
1735904700000,96677.35,96830.0,96677.34,96757.58,136.00028,2025-01-03 11:45:00
1735905600000,96757.57,96881.02,96720.0,96859.67,123.20485,2025-01-03 12:00:00
1735906500000,96859.67,96901.06,96717.36,96893.04,104.07146,2025-01-03 12:15:00
1735907400000,96893.03,96921.36,96706.48,96713.39,77.90376,2025-01-03 12:30:00
1735908300000,96713.39,96753.54,96666.66,96666.66,82.40233,2025-01-03 12:45:00
1735909200000,96666.66,96839.71,96540.0,96632.13,165.9992,2025-01-03 13:00:00
1735910100000,96632.14,96715.98,96482.52,96538.96,171.05428,2025-01-03 13:15:00
1735911000000,96538.95,96716.92,96512.0,96621.69,153.53854,2025-01-03 13:30:00
1735911900000,96621.7,96650.0,96472.43,96504.79,140.21171,2025-01-03 13:45:00
1735912800000,96504.8,96914.12,96504.79,96784.0,173.57434,2025-01-03 14:00:00
1735913700000,96784.0,97131.0,96697.36,97084.6,196.81405,2025-01-03 14:15:00
1735914600000,97084.6,97342.44,96624.5,97251.98,606.08614,2025-01-03 14:30:00
1735915500000,97251.99,97285.78,96737.14,97016.01,414.11621,2025-01-03 14:45:00
1735916400000,97016.0,97450.0,96880.59,97156.95,465.97795,2025-01-03 15:00:00
1735917300000,97156.95,97317.64,96759.12,97263.78,367.50582,2025-01-03 15:15:00
1735918200000,97263.79,97557.09,97138.14,97432.81,369.21264,2025-01-03 15:30:00
1735919100000,97432.8,97660.0,97289.67,97521.35,384.90518,2025-01-03 15:45:00
1735920000000,97521.36,97726.52,97406.54,97633.12,370.91718,2025-01-03 16:00:00
1735920900000,97633.12,98444.42,97603.18,98066.0,826.59909,2025-01-03 16:15:00
1735921800000,98066.0,98368.85,98062.61,98147.35,382.88569,2025-01-03 16:30:00
1735922700000,98147.34,98151.52,97720.31,97868.2,319.51302,2025-01-03 16:45:00
1735923600000,97868.21,98083.99,97837.63,97919.28,267.26302,2025-01-03 17:00:00
1735924500000,97919.28,98263.13,97909.09,98164.02,200.37485,2025-01-03 17:15:00
1735925400000,98164.02,98299.76,98120.37,98214.08,142.03775,2025-01-03 17:30:00
1735926300000,98214.09,98214.09,97944.44,98026.0,190.03582,2025-01-03 17:45:00
1735927200000,98025.99,98330.42,98000.0,98323.86,167.82282,2025-01-03 18:00:00
1735928100000,98323.86,98481.74,98272.49,98481.73,177.68702,2025-01-03 18:15:00
1735929000000,98481.73,98580.92,98290.75,98432.0,234.98289,2025-01-03 18:30:00
1735929900000,98432.0,98697.86,98370.0,98527.98,233.15051,2025-01-03 18:45:00
1735930800000,98527.97,98900.0,98491.53,98900.0,499.2701,2025-01-03 19:00:00
1735931700000,98899.99,98976.91,98647.47,98697.85,264.08945,2025-01-03 19:15:00
1735932600000,98697.85,98838.18,98660.84,98698.23,164.38614,2025-01-03 19:30:00
1735933500000,98697.39,98697.39,98554.3,98592.01,142.68142,2025-01-03 19:45:00
1735934400000,98592.02,98602.29,98300.0,98479.56,265.14694,2025-01-03 20:00:00
1735935300000,98479.56,98748.0,98479.56,98618.09,161.19361,2025-01-03 20:15:00
1735936200000,98618.08,98629.05,98404.13,98453.89,204.29749,2025-01-03 20:30:00
1735937100000,98453.89,98503.47,98311.51,98311.52,215.53167,2025-01-03 20:45:00
1735938000000,98311.51,98369.56,98196.96,98206.18,238.05781,2025-01-03 21:00:00
1735938900000,98206.18,98274.48,98197.28,98274.48,102.97248,2025-01-03 21:15:00
1735939800000,98274.47,98419.14,98246.95,98325.58,96.34507,2025-01-03 21:30:00
1735940700000,98325.58,98358.7,98209.95,98272.7,70.00501,2025-01-03 21:45:00
1735941600000,98272.7,98468.39,98272.7,98372.33,93.52344,2025-01-03 22:00:00
1735942500000,98372.33,98512.94,98324.0,98460.37,80.76815,2025-01-03 22:15:00
1735943400000,98460.38,98485.83,98398.44,98408.56,65.30484,2025-01-03 22:30:00
1735944300000,98408.55,98408.56,98250.0,98296.37,77.95201,2025-01-03 22:45:00
1735945200000,98296.37,98382.19,98272.72,98277.76,99.08032,2025-01-03 23:00:00
1735946100000,98277.76,98294.32,98101.0,98101.01,72.08646,2025-01-03 23:15:00
1735947000000,98101.01,98184.6,98067.99,98174.18,85.56841,2025-01-03 23:30:00
1735947900000,98174.19,98183.96,98114.89,98174.18,57.52708,2025-01-03 23:45:00
1735948800000,98174.17,98288.0,98016.69,98111.11,184.50531,2025-01-04 00:00:00
1735949700000,98111.12,98155.99,98094.01,98094.02,72.42027,2025-01-04 00:15:00
1735950600000,98094.02,98094.02,97887.2,97986.21,122.23577,2025-01-04 00:30:00
1735951500000,97986.2,98055.56,97902.01,97950.01,85.98186,2025-01-04 00:45:00
1735952400000,97950.01,98005.69,97828.43,97888.78,104.25742,2025-01-04 01:00:00
1735953300000,97888.78,97961.8,97800.0,97960.15,71.12691,2025-01-04 01:15:00
1735954200000,97960.15,98095.06,97909.09,98060.11,65.45458,2025-01-04 01:30:00
1735955100000,98060.11,98090.33,98021.05,98040.0,51.25968,2025-01-04 01:45:00
1735956000000,98040.0,98042.02,97848.48,97922.75,129.99687,2025-01-04 02:00:00
1735956900000,97922.75,97944.02,97874.46,97900.67,43.84695,2025-01-04 02:15:00
1735957800000,97900.67,98184.0,97874.64,98141.1,101.14015,2025-01-04 02:30:00
1735958700000,98141.11,98314.15,98141.11,98304.51,93.91761,2025-01-04 02:45:00
1735959600000,98304.51,98304.51,98111.2,98168.66,89.88892,2025-01-04 03:00:00
1735960500000,98168.67,98168.67,98052.97,98086.8,49.26023,2025-01-04 03:15:00
1735961400000,98086.8,98246.97,98078.48,98246.96,56.71133,2025-01-04 03:30:00
1735962300000,98246.96,98269.39,98196.0,98200.0,78.82802,2025-01-04 03:45:00
1735963200000,98200.01,98200.01,97918.27,97933.46,105.66465,2025-01-04 04:00:00
1735964100000,97933.46,97972.0,97900.0,97948.87,50.74721,2025-01-04 04:15:00
1735965000000,97948.87,98012.91,97862.87,97999.99,80.72094,2025-01-04 04:30:00
1735965900000,98000.0,98001.01,97932.01,98001.0,67.36677,2025-01-04 04:45:00
1735966800000,98001.0,98055.56,97988.76,98034.37,45.84467,2025-01-04 05:00:00
1735967700000,98034.38,98164.75,98034.38,98143.44,63.0241,2025-01-04 05:15:00
1735968600000,98143.45,98196.51,98129.0,98186.51,55.56697,2025-01-04 05:30:00
1735969500000,98186.51,98186.51,98063.34,98126.21,85.54213,2025-01-04 05:45:00
1735970400000,98126.21,98140.98,98061.79,98063.32,63.05609,2025-01-04 06:00:00
1735971300000,98063.32,98090.91,98047.79,98073.02,45.21603,2025-01-04 06:15:00
1735972200000,98073.03,98093.56,98039.91,98055.49,51.74203,2025-01-04 06:30:00
1735973100000,98055.48,98209.7,98041.67,98127.54,51.90923,2025-01-04 06:45:00
1735974000000,98127.53,98233.44,98095.17,98228.83,68.26233,2025-01-04 07:00:00
1735974900000,98228.84,98350.04,98156.0,98193.71,220.45355,2025-01-04 07:15:00
1735975800000,98193.71,98291.04,98169.92,98291.03,105.534,2025-01-04 07:30:00
1735976700000,98291.03,98323.28,98223.51,98271.88,60.21153,2025-01-04 07:45:00
1735977600000,98271.87,98306.22,98213.84,98248.99,61.35765,2025-01-04 08:00:00
1735978500000,98248.99,98250.0,98112.55,98185.85,76.26064,2025-01-04 08:15:00
1735979400000,98185.85,98270.07,98136.76,98136.76,55.24498,2025-01-04 08:30:00
1735980300000,98136.76,98136.77,97905.26,97906.07,110.81251,2025-01-04 08:45:00
1735981200000,97906.08,97980.0,97833.34,97850.0,98.91645,2025-01-04 09:00:00
1735982100000,97850.0,97950.0,97713.11,97873.39,162.69727,2025-01-04 09:15:00
1735983000000,97873.39,97899.07,97777.72,97804.33,111.14041,2025-01-04 09:30:00
1735983900000,97804.33,97804.34,97532.58,97690.37,299.03737,2025-01-04 09:45:00
1735984800000,97690.37,97751.88,97633.28,97708.93,95.95672,2025-01-04 10:00:00
1735985700000,97708.93,97762.33,97600.0,97736.17,98.38497,2025-01-04 10:15:00
1735986600000,97736.17,97848.49,97736.16,97824.65,78.11258,2025-01-04 10:30:00
1735987500000,97824.66,97859.6,97789.31,97789.32,58.23133,2025-01-04 10:45:00
1735988400000,97789.32,97789.32,97711.54,97771.74,64.1387,2025-01-04 11:00:00
1735989300000,97771.74,97781.02,97723.98,97758.89,75.09778,2025-01-04 11:15:00
1735990200000,97758.89,97849.1,97758.88,97839.75,54.46528,2025-01-04 11:30:00
1735991100000,97839.76,97923.07,97832.0,97889.39,85.40942,2025-01-04 11:45:00
1735992000000,97889.4,97927.57,97804.0,97840.0,72.55802,2025-01-04 12:00:00
1735992900000,97840.0,98016.97,97800.0,97921.89,113.96983,2025-01-04 12:15:00
1735993800000,97921.9,97993.49,97867.43,97867.43,89.34402,2025-01-04 12:30:00
1735994700000,97867.43,97897.98,97801.49,97888.12,60.92505,2025-01-04 12:45:00
1735995600000,97888.12,97967.35,97860.0,97896.0,81.58543,2025-01-04 13:00:00
1735996500000,97896.01,97928.48,97770.74,97849.51,104.15238,2025-01-04 13:15:00
1735997400000,97849.51,97876.32,97750.0,97876.31,136.11297,2025-01-04 13:30:00
1735998300000,97876.32,98068.46,97876.32,97973.05,141.34976,2025-01-04 13:45:00
1735999200000,97973.05,97980.0,97858.14,97867.13,71.97678,2025-01-04 14:00:00
1736000100000,97867.13,98013.32,97828.38,98000.0,100.86812,2025-01-04 14:15:00
1736001000000,98000.01,98080.15,97940.64,98059.98,98.36556,2025-01-04 14:30:00
1736001900000,98059.99,98059.99,97999.89,98035.04,58.23114,2025-01-04 14:45:00
1736002800000,98035.05,98044.72,97925.6,97997.81,88.10382,2025-01-04 15:00:00
1736003700000,97997.81,98152.02,97625.6,97832.06,174.30565,2025-01-04 15:15:00
1736004600000,97832.07,97832.07,97568.34,97637.63,283.40708,2025-01-04 15:30:00
1736005500000,97637.63,97737.5,97514.79,97657.94,191.9677,2025-01-04 15:45:00
1736006400000,97657.95,97800.0,97623.99,97780.29,129.81106,2025-01-04 16:00:00
1736007300000,97780.29,97874.68,97703.11,97703.12,75.52066,2025-01-04 16:15:00
1736008200000,97703.11,97703.11,97549.99,97636.42,311.86651,2025-01-04 16:30:00
1736009100000,97636.41,97729.14,97622.66,97704.6,57.92078,2025-01-04 16:45:00
1736010000000,97704.6,97801.27,97687.77,97774.69,56.63737,2025-01-04 17:00:00
1736010900000,97774.69,97826.81,97774.69,97780.29,48.93823,2025-01-04 17:15:00
1736011800000,97780.28,97909.1,97752.02,97877.01,67.34654,2025-01-04 17:30:00
1736012700000,97877.0,98049.99,97865.89,98016.26,78.52491,2025-01-04 17:45:00
1736013600000,98016.26,98084.16,97962.67,98065.12,67.06059,2025-01-04 18:00:00
1736014500000,98065.13,98139.13,98042.19,98057.28,75.16593,2025-01-04 18:15:00
1736015400000,98057.27,98098.39,97976.74,98046.4,38.99403,2025-01-04 18:30:00
1736016300000,98046.4,98064.01,97909.85,97961.56,55.99742,2025-01-04 18:45:00
1736017200000,97961.56,98123.44,97931.23,98123.44,67.66742,2025-01-04 19:00:00
1736018100000,98123.43,98350.0,98123.43,98167.17,147.40616,2025-01-04 19:15:00
1736019000000,98167.17,98264.24,98119.58,98140.97,51.46608,2025-01-04 19:30:00
1736019900000,98140.98,98200.0,98093.66,98166.26,63.94202,2025-01-04 19:45:00
1736020800000,98166.26,98490.0,98166.25,98292.5,130.83903,2025-01-04 20:00:00
1736021700000,98292.5,98466.21,98251.99,98456.37,52.40282,2025-01-04 20:15:00
1736022600000,98456.37,98671.02,98400.0,98543.99,169.97678,2025-01-04 20:30:00
1736023500000,98543.98,98626.97,98521.98,98599.02,88.4761,2025-01-04 20:45:00
1736024400000,98599.02,98778.43,98539.98,98548.49,146.91134,2025-01-04 21:00:00
1736025300000,98548.5,98663.46,98502.77,98532.81,213.80465,2025-01-04 21:15:00
1736026200000,98532.81,98532.82,98363.63,98384.52,118.32024,2025-01-04 21:30:00
1736027100000,98384.53,98407.92,98344.0,98362.43,57.33967,2025-01-04 21:45:00
1736028000000,98362.43,98406.27,98334.3,98340.54,51.36964,2025-01-04 22:00:00
1736028900000,98340.54,98340.55,98266.33,98268.0,92.00653,2025-01-04 22:15:00
1736029800000,98268.01,98448.47,98265.91,98408.11,93.5461,2025-01-04 22:30:00
1736030700000,98408.1,98484.85,98359.53,98417.25,52.7852,2025-01-04 22:45:00
1736031600000,98417.25,98419.14,98143.2,98174.99,108.61497,2025-01-04 23:00:00
1736032500000,98175.0,98272.56,98174.99,98240.0,36.10249,2025-01-04 23:15:00
1736033400000,98240.0,98280.0,98208.0,98225.62,56.80214,2025-01-04 23:30:00
1736034300000,98225.61,98311.24,98212.26,98220.5,52.31162,2025-01-04 23:45:00
1736035200000,98220.51,98328.09,98154.18,98286.77,82.75449,2025-01-05 00:00:00
1736036100000,98286.77,98391.59,98199.51,98272.31,82.508,2025-01-05 00:15:00
1736037000000,98272.31,98343.9,98238.24,98254.75,53.97606,2025-01-05 00:30:00
1736037900000,98254.75,98279.84,98200.36,98213.43,35.19497,2025-01-05 00:45:00
1736038800000,98213.44,98298.56,98151.51,98282.07,53.75463,2025-01-05 01:00:00
1736039700000,98282.07,98322.35,98213.61,98213.61,45.43956,2025-01-05 01:15:00
1736040600000,98213.61,98213.62,98062.36,98150.53,89.61682,2025-01-05 01:30:00
1736041500000,98150.53,98150.54,98050.0,98123.53,48.55146,2025-01-05 01:45:00
1736042400000,98123.53,98198.05,98123.52,98189.05,41.70561,2025-01-05 02:00:00
1736043300000,98189.06,98212.13,98154.32,98181.82,61.21923,2025-01-05 02:15:00
1736044200000,98181.81,98181.82,98105.41,98154.34,43.79473,2025-01-05 02:30:00
1736045100000,98154.33,98227.49,98154.33,98227.48,40.81722,2025-01-05 02:45:00
1736046000000,98227.49,98227.49,98155.33,98177.54,25.78065,2025-01-05 03:00:00
1736046900000,98177.55,98184.92,98115.3,98152.01,36.60152,2025-01-05 03:15:00
1736047800000,98152.01,98178.04,98100.0,98100.0,43.2776,2025-01-05 03:30:00
1736048700000,98100.0,98187.97,98069.0,98187.96,45.57798,2025-01-05 03:45:00
1736049600000,98187.97,98380.0,98187.96,98266.86,100.91813,2025-01-05 04:00:00
1736050500000,98266.85,98522.76,98252.0,98487.16,77.39842,2025-01-05 04:15:00
1736051400000,98487.17,98487.17,98391.67,98391.67,41.20054,2025-01-05 04:30:00
1736052300000,98391.68,98391.68,98348.15,98357.46,19.13968,2025-01-05 04:45:00
1736053200000,98357.46,98381.05,98303.19,98318.63,38.18261,2025-01-05 05:00:00
1736054100000,98318.63,98425.97,98264.78,98425.96,59.61775,2025-01-05 05:15:00
1736055000000,98425.96,98500.0,98338.03,98374.55,66.72223,2025-01-05 05:30:00
1736055900000,98374.56,98393.94,98305.03,98358.98,48.12739,2025-01-05 05:45:00
1736056800000,98358.98,98358.98,98304.82,98311.99,25.39357,2025-01-05 06:00:00
1736057700000,98311.99,98393.94,98311.98,98370.35,37.03855,2025-01-05 06:15:00
1736058600000,98370.34,98400.0,98339.57,98388.58,27.53969,2025-01-05 06:30:00
1736059500000,98388.58,98500.0,98367.38,98451.47,59.63949,2025-01-05 06:45:00
1736060400000,98451.48,98464.84,98376.0,98376.01,45.87678,2025-01-05 07:00:00
1736061300000,98376.01,98400.0,98339.97,98339.97,25.979,2025-01-05 07:15:00
1736062200000,98339.98,98355.83,98328.88,98345.75,22.40522,2025-01-05 07:30:00
1736063100000,98345.74,98345.75,98268.77,98268.77,24.05069,2025-01-05 07:45:00
1736064000000,98268.77,98268.78,97908.02,97951.01,213.82709,2025-01-05 08:00:00
1736064900000,97951.02,97951.02,97777.77,97897.1,178.60396,2025-01-05 08:15:00
1736065800000,97897.11,97941.97,97838.66,97885.3,71.94966,2025-01-05 08:30:00
1736066700000,97885.31,97911.36,97822.0,97861.04,47.35859,2025-01-05 08:45:00
1736067600000,97861.04,97943.02,97814.72,97904.2,50.77941,2025-01-05 09:00:00
1736068500000,97904.21,97940.0,97819.32,97819.33,45.96466,2025-01-05 09:15:00
1736069400000,97819.32,97900.0,97800.0,97899.99,66.99016,2025-01-05 09:30:00
1736070300000,97900.0,97910.74,97637.93,97652.2,177.40123,2025-01-05 09:45:00
1736071200000,97652.21,97776.68,97600.0,97724.81,178.74936,2025-01-05 10:00:00
1736072100000,97724.81,97756.48,97600.01,97600.02,57.10927,2025-01-05 10:15:00
1736073000000,97600.02,97715.25,97600.01,97695.0,57.90312,2025-01-05 10:30:00
1736073900000,97695.0,97748.84,97695.0,97737.48,38.02887,2025-01-05 10:45:00
1736074800000,97737.48,97767.65,97685.53,97706.19,36.39173,2025-01-05 11:00:00
1736075700000,97706.2,97822.16,97706.19,97727.27,54.58655,2025-01-05 11:15:00
1736076600000,97727.27,97735.96,97625.94,97668.62,45.3411,2025-01-05 11:30:00
1736077500000,97668.62,97668.62,97615.13,97641.63,50.39833,2025-01-05 11:45:00
1736078400000,97641.62,97737.9,97569.04,97737.64,65.81102,2025-01-05 12:00:00
1736079300000,97737.63,97922.89,97680.0,97717.27,97.9275,2025-01-05 12:15:00
1736080200000,97717.26,97796.0,97673.67,97769.66,74.86727,2025-01-05 12:30:00
1736081100000,97769.67,97956.66,97746.12,97770.01,77.86947,2025-01-05 12:45:00
1736082000000,97770.01,97905.51,97737.2,97861.46,63.00663,2025-01-05 13:00:00
1736082900000,97861.47,97965.31,97846.36,97965.3,56.24185,2025-01-05 13:15:00
1736083800000,97965.3,98018.96,97876.0,97877.86,77.57424,2025-01-05 13:30:00
1736084700000,97877.86,97877.86,97680.18,97689.96,85.12047,2025-01-05 13:45:00
1736085600000,97689.96,97779.96,97600.0,97645.0,93.55147,2025-01-05 14:00:00
1736086500000,97645.0,97645.01,97276.79,97484.97,446.46883,2025-01-05 14:15:00
1736087400000,97484.97,97678.56,97372.99,97675.19,119.45905,2025-01-05 14:30:00
1736088300000,97675.19,97967.08,97675.19,97855.06,117.17939,2025-01-05 14:45:00
1736089200000,97855.06,98024.48,97820.63,97820.63,133.31939,2025-01-05 15:00:00
1736090100000,97820.64,97909.1,97702.3,97908.1,74.0208,2025-01-05 15:15:00
1736091000000,97908.1,98281.89,97908.1,98090.37,225.41483,2025-01-05 15:30:00
1736091900000,98090.37,98167.51,98000.0,98028.98,59.47572,2025-01-05 15:45:00
1736092800000,98028.98,98332.54,97988.88,98195.62,242.08021,2025-01-05 16:00:00
1736093700000,98195.61,98235.79,98045.23,98082.34,73.20782,2025-01-05 16:15:00
1736094600000,98082.34,98087.18,97937.82,97996.12,77.44616,2025-01-05 16:30:00
1736095500000,97996.12,98113.29,97973.86,98035.17,61.82962,2025-01-05 16:45:00
1736096400000,98035.17,98078.94,97989.5,98014.32,63.29081,2025-01-05 17:00:00
1736097300000,98014.31,98014.32,97880.39,97967.99,98.23066,2025-01-05 17:15:00
1736098200000,97968.0,98023.84,97808.49,97849.49,100.14991,2025-01-05 17:30:00
1736099100000,97849.49,97849.49,97673.57,97731.08,96.98459,2025-01-05 17:45:00
1736100000000,97731.09,97777.46,97577.46,97700.81,134.58792,2025-01-05 18:00:00
1736100900000,97700.81,97752.18,97607.27,97706.91,82.80175,2025-01-05 18:15:00
1736101800000,97706.91,97860.0,97695.58,97837.66,48.54934,2025-01-05 18:30:00
1736102700000,97837.66,97927.98,97837.65,97918.91,35.35132,2025-01-05 18:45:00
1736103600000,97918.91,98039.73,97854.99,98037.38,57.33928,2025-01-05 19:00:00
1736104500000,98037.37,98109.0,97960.14,98056.22,114.62066,2025-01-05 19:15:00
1736105400000,98056.22,98071.57,97975.24,98017.03,87.02843,2025-01-05 19:30:00
1736106300000,98017.03,98079.64,97984.0,98079.63,47.86847,2025-01-05 19:45:00
1736107200000,98079.64,98138.83,98024.0,98128.61,50.35334,2025-01-05 20:00:00
1736108100000,98128.6,98678.0,98128.6,98482.49,420.18342,2025-01-05 20:15:00
1736109000000,98482.49,98497.32,98331.67,98344.06,85.54402,2025-01-05 20:30:00
1736109900000,98344.07,98354.74,98161.38,98275.71,124.38089,2025-01-05 20:45:00
1736110800000,98275.71,98404.0,98216.58,98396.93,129.05286,2025-01-05 21:00:00
1736111700000,98396.93,98419.94,98303.61,98303.61,84.70235,2025-01-05 21:15:00
1736112600000,98303.62,98487.1,98283.29,98429.65,54.56426,2025-01-05 21:30:00
1736113500000,98429.66,98522.46,98429.65,98496.52,59.46421,2025-01-05 21:45:00
1736114400000,98496.52,98512.29,98344.0,98377.52,60.36195,2025-01-05 22:00:00
1736115300000,98377.53,98556.3,98377.52,98550.18,54.40213,2025-01-05 22:15:00
1736116200000,98550.17,98745.45,98537.35,98660.01,191.33023,2025-01-05 22:30:00
1736117100000,98660.01,98738.6,98516.27,98695.21,101.75844,2025-01-05 22:45:00
1736118000000,98695.21,98836.85,98523.83,98555.84,247.62938,2025-01-05 23:00:00
1736118900000,98555.84,98592.0,98366.12,98475.09,96.7045,2025-01-05 23:15:00
1736119800000,98475.09,98504.0,98410.59,98424.24,57.10982,2025-01-05 23:30:00
1736120700000,98424.24,98479.85,98322.72,98363.61,68.23719,2025-01-05 23:45:00
1736121600000,98363.61,98626.77,98363.61,98455.89,159.94725,2025-01-06 00:00:00
1736122500000,98455.89,98773.48,98300.0,98477.68,126.26352,2025-01-06 00:15:00
1736123400000,98477.68,98561.96,98315.26,98428.55,112.44535,2025-01-06 00:30:00
1736124300000,98428.54,98454.42,98190.75,98217.23,95.57453,2025-01-06 00:45:00
1736125200000,98217.23,98345.68,98033.8,98049.61,144.13274,2025-01-06 01:00:00
1736126100000,98049.16,98139.49,97920.0,98121.23,117.72072,2025-01-06 01:15:00
1736127000000,98121.24,98275.0,98116.0,98275.0,55.09669,2025-01-06 01:30:00
1736127900000,98275.0,98816.28,98188.63,98759.43,250.42849,2025-01-06 01:45:00
1736128800000,98759.42,99333.0,98691.28,99028.96,933.46792,2025-01-06 02:00:00
1736129700000,99028.95,99028.95,98649.97,98757.01,266.23383,2025-01-06 02:15:00
1736130600000,98757.01,99118.24,98670.27,98862.0,284.05769,2025-01-06 02:30:00
1736131500000,98862.01,98987.99,98800.94,98815.39,129.66042,2025-01-06 02:45:00
1736132400000,98815.39,99027.24,98759.55,98961.91,108.77289,2025-01-06 03:00:00
1736133300000,98961.92,99124.24,98900.0,99099.09,218.4755,2025-01-06 03:15:00
1736134200000,99099.09,99235.99,99074.49,99119.8,127.8433,2025-01-06 03:30:00
1736135100000,99119.8,99127.83,99000.0,99037.57,67.10246,2025-01-06 03:45:00
1736136000000,99037.57,99289.0,99037.57,99282.13,139.98484,2025-01-06 04:00:00
1736136900000,99282.14,99444.0,99242.42,99250.0,174.8345,2025-01-06 04:15:00
1736137800000,99250.0,99287.52,99184.98,99204.68,136.42256,2025-01-06 04:30:00
1736138700000,99204.68,99500.88,99204.68,99466.09,194.2647,2025-01-06 04:45:00
1736139600000,99466.09,99609.99,99400.0,99413.4,157.48651,2025-01-06 05:00:00
1736140500000,99413.4,99666.0,99413.39,99660.12,174.54315,2025-01-06 05:15:00
1736141400000,99660.13,99826.36,99617.16,99729.7,312.67005,2025-01-06 05:30:00
1736142300000,99729.7,99892.0,99502.0,99600.0,294.68045,2025-01-06 05:45:00
1736143200000,99600.0,99700.0,99474.32,99521.44,145.79028,2025-01-06 06:00:00
1736144100000,99521.44,99636.37,99382.31,99484.83,258.82143,2025-01-06 06:15:00
1736145000000,99484.84,99763.99,99440.64,99699.3,157.47684,2025-01-06 06:30:00
1736145900000,99699.3,99721.66,99475.49,99512.21,241.76078,2025-01-06 06:45:00
1736146800000,99512.21,99529.87,99292.15,99380.77,210.22797,2025-01-06 07:00:00
1736147700000,99380.76,99382.5,99161.14,99322.68,157.63791,2025-01-06 07:15:00
1736148600000,99322.67,99400.0,99240.24,99303.04,67.80437,2025-01-06 07:30:00
1736149500000,99303.04,99423.68,99283.35,99318.7,120.22693,2025-01-06 07:45:00
1736150400000,99318.7,99625.69,99318.7,99563.76,140.24887,2025-01-06 08:00:00
1736151300000,99563.76,99563.77,99330.0,99395.09,96.27195,2025-01-06 08:15:00
1736152200000,99395.08,99426.38,99000.0,99046.63,266.95383,2025-01-06 08:30:00
1736153100000,99046.64,99233.79,99015.91,99043.49,170.85766,2025-01-06 08:45:00
1736154000000,99043.49,99250.0,99020.0,99179.99,144.48155,2025-01-06 09:00:00
1736154900000,99179.98,99179.99,99062.08,99114.26,96.23944,2025-01-06 09:15:00
1736155800000,99114.26,99145.63,99035.58,99054.87,108.82643,2025-01-06 09:30:00
1736156700000,99054.86,99107.31,98942.46,98999.99,97.84369,2025-01-06 09:45:00
1736157600000,99000.0,99057.95,98802.01,98882.01,179.75159,2025-01-06 10:00:00
1736158500000,98882.01,99026.45,98848.44,99010.43,128.69394,2025-01-06 10:15:00
1736159400000,99010.42,99010.43,98766.79,98766.79,86.18986,2025-01-06 10:30:00
1736160300000,98766.79,98851.39,98709.28,98767.96,131.23188,2025-01-06 10:45:00
1736161200000,98767.96,99036.93,98712.0,99013.62,102.66124,2025-01-06 11:00:00
1736162100000,99013.62,99312.0,98972.51,99248.69,326.53046,2025-01-06 11:15:00
1736163000000,99248.69,99410.23,99165.43,99240.75,142.42108,2025-01-06 11:30:00
1736163900000,99240.75,99324.84,99174.52,99259.99,96.25497,2025-01-06 11:45:00
1736164800000,99259.99,99520.0,99259.99,99485.57,142.75479,2025-01-06 12:00:00
1736165700000,99485.57,99713.13,99416.0,99572.49,201.87149,2025-01-06 12:15:00
1736166600000,99572.49,99572.5,99454.54,99539.01,112.98174,2025-01-06 12:30:00
1736167500000,99539.01,99545.46,99142.43,99157.12,166.53607,2025-01-06 12:45:00
1736168400000,99157.12,99236.1,99000.36,99044.49,145.01097,2025-01-06 13:00:00
1736169300000,99044.49,99363.6,98909.82,99320.03,231.82877,2025-01-06 13:15:00
1736170200000,99320.03,99389.54,99137.47,99282.82,112.15346,2025-01-06 13:30:00
1736171100000,99282.82,99575.85,99202.32,99492.51,142.23153,2025-01-06 13:45:00
1736172000000,99492.5,99600.0,99221.16,99277.36,200.25078,2025-01-06 14:00:00
1736172900000,99277.36,99318.52,98711.94,99055.01,448.97078,2025-01-06 14:15:00
1736173800000,99055.0,99677.0,98870.55,99527.81,673.54972,2025-01-06 14:30:00
1736174700000,99527.81,101295.23,99527.81,100737.03,2165.11409,2025-01-06 14:45:00
1736175600000,100737.03,101281.9,100481.99,101253.83,1143.35989,2025-01-06 15:00:00
1736176500000,101253.84,101700.62,100991.41,101678.1,878.86769,2025-01-06 15:15:00
1736177400000,101678.11,101977.08,101636.36,101969.51,809.61512,2025-01-06 15:30:00
1736178300000,101969.51,102468.92,101857.36,102147.95,833.12669,2025-01-06 15:45:00
1736179200000,102147.95,102465.6,101973.11,102198.37,748.98551,2025-01-06 16:00:00
1736180100000,102198.38,102480.0,102111.05,102440.02,382.7837,2025-01-06 16:15:00
1736181000000,102440.01,102469.35,101867.04,101883.16,440.50384,2025-01-06 16:30:00
1736181900000,101883.16,102300.0,101719.59,102158.67,573.31711,2025-01-06 16:45:00
1736182800000,102158.67,102158.68,101859.18,101900.01,409.94484,2025-01-06 17:00:00
1736183700000,101900.01,102040.79,101717.44,101830.53,302.68893,2025-01-06 17:15:00
1736184600000,101830.54,101983.19,101250.0,101414.7,545.93273,2025-01-06 17:30:00
1736185500000,101414.7,101851.81,101315.8,101831.95,258.48563,2025-01-06 17:45:00
1736186400000,101831.95,101945.77,101578.12,101945.76,212.30599,2025-01-06 18:00:00
1736187300000,101945.76,102029.02,101862.27,101933.84,266.49389,2025-01-06 18:15:00
1736188200000,101933.84,102053.61,101849.62,101954.15,151.26093,2025-01-06 18:30:00
1736189100000,101954.15,101998.56,101671.39,101738.8,204.24479,2025-01-06 18:45:00
1736190000000,101738.81,101939.4,101639.6,101921.58,175.75561,2025-01-06 19:00:00
1736190900000,101921.57,102032.0,101843.76,101892.96,169.9204,2025-01-06 19:15:00
1736191800000,101892.96,102009.79,101754.01,102009.78,147.65061,2025-01-06 19:30:00
1736192700000,102009.79,102030.3,101737.5,101817.22,137.85352,2025-01-06 19:45:00
1736193600000,101817.22,102181.82,101804.0,102181.82,301.95736,2025-01-06 20:00:00
1736194500000,102181.82,102318.5,102052.53,102114.94,242.56247,2025-01-06 20:15:00
1736195400000,102114.94,102235.0,101961.67,102018.52,318.52822,2025-01-06 20:30:00
1736196300000,102018.53,102300.0,101800.0,102127.38,595.49578,2025-01-06 20:45:00
1736197200000,102126.9,102329.98,101999.41,102039.68,350.91216,2025-01-06 21:00:00
1736198100000,102039.69,102183.59,101950.0,102060.6,311.65936,2025-01-06 21:15:00
1736199000000,102060.61,102070.32,101737.5,101769.08,180.71597,2025-01-06 21:30:00
1736199900000,101769.09,101864.0,101600.05,101611.92,166.91041,2025-01-06 21:45:00
1736200800000,101611.92,101752.0,101600.06,101711.59,115.23842,2025-01-06 22:00:00
1736201700000,101711.6,101970.0,101711.59,101928.58,104.22534,2025-01-06 22:15:00
1736202600000,101928.58,102084.13,101928.58,101975.52,71.33771,2025-01-06 22:30:00
1736203500000,101975.51,102077.52,101975.51,102011.98,74.35609,2025-01-06 22:45:00
1736204400000,102011.98,102176.87,101896.87,102000.0,150.32754,2025-01-06 23:00:00
1736205300000,102000.0,102142.44,101998.15,102082.76,130.52189,2025-01-06 23:15:00
1736206200000,102082.76,102199.99,101980.02,102179.25,77.53003,2025-01-06 23:30:00
1736207100000,102179.26,102239.58,102157.35,102235.6,77.48838,2025-01-06 23:45:00
1736208000000,102235.6,102255.0,101972.5,102031.96,171.7048,2025-01-07 00:00:00
1736208900000,102031.96,102423.57,101950.0,102380.85,182.66259,2025-01-07 00:15:00
1736209800000,102380.85,102724.38,102012.97,102056.5,465.2181,2025-01-07 00:30:00
1736210700000,102056.5,102212.13,101969.8,102042.46,160.78529,2025-01-07 00:45:00
1736211600000,102042.47,102071.9,101790.62,101818.18,191.46517,2025-01-07 01:00:00
1736212500000,101818.18,101909.02,101684.95,101685.27,110.87621,2025-01-07 01:15:00
1736213400000,101685.27,101984.01,101685.26,101973.79,175.67852,2025-01-07 01:30:00
1736214300000,101973.8,102026.6,101841.83,101915.66,80.28599,2025-01-07 01:45:00
1736215200000,101915.66,102018.98,101896.87,101960.06,83.60131,2025-01-07 02:00:00
1736216100000,101960.05,102013.74,101848.49,101848.49,95.39312,2025-01-07 02:15:00
1736217000000,101848.5,101876.27,101793.54,101815.73,79.65758,2025-01-07 02:30:00
1736217900000,101815.73,101841.28,101651.67,101677.66,133.75721,2025-01-07 02:45:00
1736218800000,101677.66,101818.19,101657.82,101666.73,142.55798,2025-01-07 03:00:00
1736219700000,101666.73,101714.37,101637.0,101655.51,80.90431,2025-01-07 03:15:00
1736220600000,101655.51,101798.42,101625.0,101625.01,86.95275,2025-01-07 03:30:00
1736221500000,101625.01,101729.53,101512.91,101708.08,115.91445,2025-01-07 03:45:00
1736222400000,101708.09,101854.86,101708.08,101854.86,64.85459,2025-01-07 04:00:00
1736223300000,101854.85,101878.79,101794.15,101878.78,76.13149,2025-01-07 04:15:00
1736224200000,101878.79,101925.77,101780.35,101780.4,74.04046,2025-01-07 04:30:00
1736225100000,101780.41,101812.0,101667.01,101667.02,74.07302,2025-01-07 04:45:00
1736226000000,101667.02,101775.71,101582.79,101704.53,88.69474,2025-01-07 05:00:00
1736226900000,101704.53,101786.07,101606.11,101718.53,87.97744,2025-01-07 05:15:00
1736227800000,101718.53,101740.0,101629.06,101642.35,96.91802,2025-01-07 05:30:00
1736228700000,101642.35,101749.15,101634.75,101743.47,67.99809,2025-01-07 05:45:00
1736229600000,101743.47,101743.47,101648.56,101738.95,94.76533,2025-01-07 06:00:00
1736230500000,101738.96,101894.47,101738.96,101832.89,74.06889,2025-01-07 06:15:00
1736231400000,101832.9,101858.2,101780.2,101840.78,82.5656,2025-01-07 06:30:00
1736232300000,101840.78,101840.79,101783.43,101820.53,84.6024,2025-01-07 06:45:00
1736233200000,101820.53,102015.01,101803.44,101868.0,124.58026,2025-01-07 07:00:00
1736234100000,101868.01,101868.01,101771.65,101773.95,60.52842,2025-01-07 07:15:00
1736235000000,101773.94,101801.6,101660.8,101748.71,176.06892,2025-01-07 07:30:00
1736235900000,101748.72,101748.72,101640.47,101664.81,164.90032,2025-01-07 07:45:00
1736236800000,101664.81,101738.26,101626.0,101636.37,134.10219,2025-01-07 08:00:00
1736237700000,101636.37,101812.29,101618.04,101789.6,114.42748,2025-01-07 08:15:00
1736238600000,101789.61,101895.73,101783.13,101875.25,91.99719,2025-01-07 08:30:00
1736239500000,101875.26,101995.64,101840.42,101905.08,115.09488,2025-01-07 08:45:00
1736240400000,101905.08,101914.11,101812.86,101850.0,53.6453,2025-01-07 09:00:00
1736241300000,101850.01,101850.01,101736.29,101765.07,113.99822,2025-01-07 09:15:00
1736242200000,101765.06,101765.07,101649.94,101661.16,197.80763,2025-01-07 09:30:00
1736243100000,101661.16,101769.93,101632.06,101723.19,124.95158,2025-01-07 09:45:00
1736244000000,101723.18,101723.19,101418.75,101436.02,332.77975,2025-01-07 10:00:00
1736244900000,101436.01,101553.55,101379.45,101529.89,169.76691,2025-01-07 10:15:00
1736245800000,101529.88,101573.94,101445.46,101496.72,121.13565,2025-01-07 10:30:00
1736246700000,101496.71,101496.71,101391.17,101406.78,92.68666,2025-01-07 10:45:00
1736247600000,101406.78,101452.99,101300.0,101383.95,168.73149,2025-01-07 11:00:00
1736248500000,101383.94,101453.0,101300.0,101364.55,144.67262,2025-01-07 11:15:00
1736249400000,101364.54,101364.55,100619.16,100666.66,761.43319,2025-01-07 11:30:00
1736250300000,100666.67,100917.92,100472.45,100830.86,497.64458,2025-01-07 11:45:00
1736251200000,100830.86,100956.99,100718.09,100718.09,270.07902,2025-01-07 12:00:00
1736252100000,100718.09,100820.17,100628.43,100635.12,169.81078,2025-01-07 12:15:00
1736253000000,100635.12,100891.0,100633.61,100854.5,161.83886,2025-01-07 12:30:00
1736253900000,100854.49,100919.23,100730.0,100750.89,123.36599,2025-01-07 12:45:00
1736254800000,100750.88,100847.01,100700.0,100752.46,135.60721,2025-01-07 13:00:00
1736255700000,100752.86,100944.26,100672.53,100939.29,224.88639,2025-01-07 13:15:00
1736256600000,100939.28,100960.06,100615.63,100713.91,245.86884,2025-01-07 13:30:00
1736257500000,100713.92,100795.44,100622.77,100636.8,137.68385,2025-01-07 13:45:00
1736258400000,100636.8,100816.47,100576.0,100576.01,150.31068,2025-01-07 14:00:00
1736259300000,100576.01,100862.91,100508.19,100759.69,184.06416,2025-01-07 14:15:00
1736260200000,100759.68,100849.99,100207.76,100716.61,832.63474,2025-01-07 14:30:00
1736261100000,100716.61,100818.97,99732.0,99979.69,1323.74761,2025-01-07 14:45:00
1736262000000,99979.69,100142.99,98400.48,98592.43,3371.7842,2025-01-07 15:00:00
1736262900000,98592.43,98827.84,98113.8,98457.16,1793.9377,2025-01-07 15:15:00
1736263800000,98457.16,98546.55,97513.51,97568.37,2071.65136,2025-01-07 15:30:00
1736264700000,97568.36,98300.64,97153.5,97952.26,1454.75606,2025-01-07 15:45:00
1736265600000,97952.26,98132.0,97586.41,97831.69,1035.15712,2025-01-07 16:00:00
1736266500000,97831.69,98096.93,97700.0,98013.38,449.37593,2025-01-07 16:15:00
1736267400000,98013.37,98347.81,97800.0,98200.0,519.38696,2025-01-07 16:30:00
1736268300000,98200.0,98212.13,97727.62,97733.58,398.86329,2025-01-07 16:45:00
1736269200000,97733.58,97806.03,97326.53,97385.44,478.56689,2025-01-07 17:00:00
1736270100000,97385.44,97563.39,97225.0,97320.81,379.19199,2025-01-07 17:15:00
1736271000000,97320.8,97571.15,96800.01,97229.98,747.18454,2025-01-07 17:30:00
1736271900000,97229.98,97380.0,96577.0,97277.31,779.96132,2025-01-07 17:45:00
1736272800000,97277.32,97541.6,97205.16,97398.99,375.92099,2025-01-07 18:00:00
1736273700000,97399.07,97407.04,97013.5,97061.84,342.53677,2025-01-07 18:15:00
1736274600000,97061.84,97127.75,96708.68,96864.62,477.45012,2025-01-07 18:30:00
1736275500000,96864.8,96939.4,96600.0,96750.86,355.25081,2025-01-07 18:45:00
1736276400000,96750.86,97178.91,96708.77,97165.6,283.93333,2025-01-07 19:00:00
1736277300000,97165.13,97200.01,96718.81,96862.16,312.89428,2025-01-07 19:15:00
1736278200000,96862.16,96866.81,96323.67,96687.64,532.04526,2025-01-07 19:30:00
1736279100000,96687.65,96816.78,96376.61,96451.98,353.19745,2025-01-07 19:45:00
1736280000000,96451.99,96715.18,96247.06,96460.43,466.7445,2025-01-07 20:00:00
1736280900000,96460.43,96550.67,96181.81,96272.74,325.0953,2025-01-07 20:15:00
1736281800000,96272.74,96610.62,96191.53,96245.62,457.89723,2025-01-07 20:30:00
1736282700000,96246.03,96870.52,96224.3,96533.35,570.7333,2025-01-07 20:45:00
1736283600000,96533.34,96893.28,96509.21,96882.62,365.22287,2025-01-07 21:00:00
1736284500000,96883.06,97028.08,96856.6,96920.01,213.39229,2025-01-07 21:15:00
1736285400000,96920.01,97094.19,96400.0,96659.1,284.39004,2025-01-07 21:30:00
1736286300000,96659.11,96764.68,96468.0,96501.22,298.94488,2025-01-07 21:45:00
1736287200000,96501.23,96980.39,96412.0,96900.0,258.43957,2025-01-07 22:00:00
1736288100000,96900.01,97000.0,96785.16,96921.0,123.66625,2025-01-07 22:15:00
1736289000000,96921.0,97220.76,96842.03,97119.6,193.27117,2025-01-07 22:30:00
1736289900000,97119.6,97172.96,96968.04,97164.0,133.33272,2025-01-07 22:45:00
1736290800000,97163.99,97163.99,96833.56,96886.06,230.33725,2025-01-07 23:00:00
1736291700000,96886.07,97169.65,96800.8,97066.89,214.06822,2025-01-07 23:15:00
1736292600000,97066.9,97167.43,96957.0,96957.01,191.03705,2025-01-07 23:30:00
1736293500000,96957.01,96981.0,96857.64,96954.61,175.29954,2025-01-07 23:45:00
1736294400000,96954.6,97039.99,96707.77,97014.24,201.68905,2025-01-08 00:00:00
1736295300000,97014.25,97127.97,96909.09,96928.42,179.07134,2025-01-08 00:15:00
1736296200000,96928.42,97209.55,96770.95,97209.55,176.55874,2025-01-08 00:30:00
1736297100000,97209.54,97268.65,97024.5,97268.49,260.50337,2025-01-08 00:45:00
1736298000000,97268.49,97268.5,96937.67,96937.68,149.24181,2025-01-08 01:00:00
1736298900000,96937.68,97119.18,96892.31,96978.44,124.14879,2025-01-08 01:15:00
1736299800000,96978.44,97090.91,96764.94,96824.22,192.52293,2025-01-08 01:30:00
1736300700000,96824.22,96919.82,96608.14,96907.15,285.13351,2025-01-08 01:45:00
1736301600000,96907.16,97099.09,96778.57,96988.5,231.01613,2025-01-08 02:00:00
1736302500000,96988.5,97181.82,96956.22,96979.6,186.7578,2025-01-08 02:15:00
1736303400000,96979.59,97176.11,96979.59,97037.39,170.80717,2025-01-08 02:30:00
1736304300000,97037.39,97037.4,96878.14,96878.14,88.68326,2025-01-08 02:45:00
1736305200000,96878.14,96878.14,96443.88,96639.2,458.45459,2025-01-08 03:00:00
1736306100000,96639.19,96837.56,96552.73,96612.25,190.34839,2025-01-08 03:15:00
1736307000000,96612.26,96800.0,96312.86,96484.84,215.5264,2025-01-08 03:30:00
1736307900000,96484.85,96561.17,96216.83,96525.2,393.38939,2025-01-08 03:45:00
1736308800000,96525.2,96634.58,96402.01,96524.25,270.04926,2025-01-08 04:00:00
1736309700000,96524.25,96535.25,96200.4,96500.01,288.53365,2025-01-08 04:15:00
1736310600000,96500.01,96510.17,96200.4,96283.11,173.31365,2025-01-08 04:30:00
1736311500000,96283.11,96382.07,96057.48,96274.81,373.21615,2025-01-08 04:45:00
1736312400000,96274.8,96389.55,96102.94,96327.05,188.11967,2025-01-08 05:00:00
1736313300000,96327.06,96631.85,96303.04,96620.89,244.15954,2025-01-08 05:15:00
1736314200000,96620.9,96654.61,96545.45,96582.55,115.17834,2025-01-08 05:30:00
1736315100000,96582.55,96636.37,96375.76,96492.01,158.40311,2025-01-08 05:45:00
1736316000000,96492.01,96636.37,96485.77,96537.61,130.29293,2025-01-08 06:00:00
1736316900000,96537.62,96557.12,96204.9,96204.91,190.21261,2025-01-08 06:15:00
1736317800000,96204.91,96206.93,95590.0,95773.99,867.25295,2025-01-08 06:30:00
1736318700000,95774.0,95835.57,95259.3,95284.31,683.0304,2025-01-08 06:45:00
1736319600000,95284.31,95706.58,95250.76,95702.79,431.69376,2025-01-08 07:00:00
1736320500000,95702.79,95702.8,95340.0,95481.5,280.6622,2025-01-08 07:15:00
1736321400000,95481.5,95588.88,95374.37,95582.9,276.02518,2025-01-08 07:30:00
1736322300000,95582.9,95815.52,95558.67,95657.09,338.12873,2025-01-08 07:45:00
1736323200000,95657.09,95766.97,95528.56,95695.72,248.10962,2025-01-08 08:00:00
1736324100000,95695.71,95976.77,95628.4,95838.06,294.0764,2025-01-08 08:15:00
1736325000000,95838.07,96132.47,95803.47,96109.35,217.53903,2025-01-08 08:30:00
1736325900000,96109.35,96119.12,95937.18,95945.99,157.87387,2025-01-08 08:45:00
1736326800000,95946.0,96078.04,95907.8,95992.7,114.49393,2025-01-08 09:00:00
1736327700000,95992.71,96098.1,95906.63,95912.72,158.68939,2025-01-08 09:15:00
1736328600000,95912.72,95919.46,95700.0,95799.51,170.33741,2025-01-08 09:30:00
1736329500000,95799.51,95809.9,95412.0,95432.82,169.70331,2025-01-08 09:45:00
1736330400000,95432.83,95696.29,95432.43,95556.42,149.57744,2025-01-08 10:00:00
1736331300000,95556.42,95879.94,95465.73,95862.26,221.64329,2025-01-08 10:15:00
1736332200000,95862.27,95880.59,95690.0,95743.26,164.5715,2025-01-08 10:30:00
1736333100000,95743.26,96000.0,95687.24,95961.02,177.80918,2025-01-08 10:45:00
1736334000000,95961.03,96052.0,95711.25,95741.26,171.12773,2025-01-08 11:00:00
1736334900000,95741.27,95813.58,95508.0,95555.3,125.93414,2025-01-08 11:15:00
1736335800000,95555.31,95587.39,94543.86,94783.99,1178.63202,2025-01-08 11:30:00
1736336700000,94784.0,95216.65,94754.56,95134.92,359.94605,2025-01-08 11:45:00
1736337600000,95134.92,95376.56,94957.23,95191.58,296.03521,2025-01-08 12:00:00
1736338500000,95191.58,95238.52,94944.0,95117.81,245.74045,2025-01-08 12:15:00
1736339400000,95117.56,95347.38,94852.23,95170.31,271.83899,2025-01-08 12:30:00
1736340300000,95170.31,95211.91,94876.47,94888.01,234.74636,2025-01-08 12:45:00
1736341200000,94888.01,95538.46,94888.0,95325.46,399.90624,2025-01-08 13:00:00
1736342100000,95325.46,95679.69,95258.48,95561.77,354.65769,2025-01-08 13:15:00
1736343000000,95561.76,95659.98,95235.78,95346.72,332.45706,2025-01-08 13:30:00
1736343900000,95346.72,95431.54,95147.43,95384.0,190.76587,2025-01-08 13:45:00
1736344800000,95384.01,95685.18,95202.77,95290.25,406.70319,2025-01-08 14:00:00
1736345700000,95290.24,95540.66,95250.01,95439.08,229.85919,2025-01-08 14:15:00
1736346600000,95439.07,95865.71,95017.28,95356.59,810.83131,2025-01-08 14:30:00
1736347500000,95356.59,95500.0,94888.88,95288.01,684.1333,2025-01-08 14:45:00
1736348400000,95288.0,96079.32,95133.61,95154.56,1042.16851,2025-01-08 15:00:00
1736349300000,95154.56,95421.18,94710.0,94797.37,739.46487,2025-01-08 15:15:00
1736350200000,94797.38,95258.33,94624.43,94995.64,519.81437,2025-01-08 15:30:00
1736351100000,94995.64,95523.02,94941.22,95493.77,764.98902,2025-01-08 15:45:00
1736352000000,95493.77,95555.25,94860.01,95013.43,446.18853,2025-01-08 16:00:00
1736352900000,95013.43,95263.2,94852.94,94886.24,277.98104,2025-01-08 16:15:00
1736353800000,94886.23,95149.61,94713.91,94804.46,442.02691,2025-01-08 16:30:00
1736354700000,94804.46,94876.99,94556.21,94787.87,378.9894,2025-01-08 16:45:00
1736355600000,94787.87,94847.99,93828.08,93859.53,1450.32374,2025-01-08 17:00:00
1736356500000,93859.54,94075.75,92899.02,93016.38,1535.10381,2025-01-08 17:15:00
1736357400000,93016.38,93768.5,92500.9,93619.51,1635.66944,2025-01-08 17:30:00
1736358300000,93619.79,94132.94,93428.0,94030.82,674.90437,2025-01-08 17:45:00
1736359200000,94030.81,94601.27,93977.0,94387.37,792.45118,2025-01-08 18:00:00
1736360100000,94387.38,95106.33,94350.01,94921.4,451.33414,2025-01-08 18:15:00
1736361000000,94921.4,94933.04,94342.67,94389.36,322.30757,2025-01-08 18:30:00
1736361900000,94389.36,94389.36,93753.99,94242.61,524.83155,2025-01-08 18:45:00
1736362800000,94242.62,94790.71,94059.33,94293.6,510.89812,2025-01-08 19:00:00
1736363700000,94293.59,94859.54,94291.27,94752.0,296.10046,2025-01-08 19:15:00
1736364600000,94752.0,94752.0,94053.82,94174.26,311.62027,2025-01-08 19:30:00
1736365500000,94174.25,94472.21,94100.0,94243.89,212.65229,2025-01-08 19:45:00
1736366400000,94243.89,94404.0,93800.0,93800.0,290.16707,2025-01-08 20:00:00
1736367300000,93800.0,94107.16,93755.48,94012.5,317.78387,2025-01-08 20:15:00
1736368200000,94012.49,94238.74,93968.19,94201.03,194.6738,2025-01-08 20:30:00
1736369100000,94201.04,94277.38,93868.92,93980.0,247.80237,2025-01-08 20:45:00
1736370000000,93982.01,94149.99,93750.0,93813.47,229.59249,2025-01-08 21:00:00
1736370900000,93813.46,94317.04,93600.0,94180.46,256.18915,2025-01-08 21:15:00
1736371800000,94180.46,94596.0,94107.8,94498.83,294.46637,2025-01-08 21:30:00
1736372700000,94498.84,94573.3,94339.52,94468.97,173.35969,2025-01-08 21:45:00
1736373600000,94468.97,94939.4,94460.86,94759.29,249.20992,2025-01-08 22:00:00
1736374500000,94759.3,94921.78,94586.09,94785.75,120.4057,2025-01-08 22:15:00
1736375400000,94785.75,95261.81,94723.68,95259.58,217.84747,2025-01-08 22:30:00
1736376300000,95259.57,95290.99,94902.22,95290.93,156.18437,2025-01-08 22:45:00
1736377200000,95290.93,95310.94,94950.0,95012.0,199.23596,2025-01-08 23:00:00
1736378100000,95012.0,95063.33,94950.64,95028.47,108.71057,2025-01-08 23:15:00
1736379000000,95028.47,95121.38,94900.0,95117.23,108.50648,2025-01-08 23:30:00
1736379900000,95117.23,95239.99,95003.69,95060.61,160.8601,2025-01-08 23:45:00
1736380800000,95060.61,95060.61,94900.26,94949.18,131.97746,2025-01-09 00:00:00
1736381700000,94949.17,95077.09,94809.07,94880.0,110.06315,2025-01-09 00:15:00
1736382600000,94880.0,95000.0,94823.52,95000.0,187.59375,2025-01-09 00:30:00
1736383500000,95000.0,95150.0,94979.98,95135.3,122.52783,2025-01-09 00:45:00
1736384400000,95135.3,95227.5,94973.78,95133.37,187.09202,2025-01-09 01:00:00
1736385300000,95133.37,95382.32,95133.37,95261.84,157.10847,2025-01-09 01:15:00
1736386200000,95261.83,95261.84,95078.42,95111.01,143.77607,2025-01-09 01:30:00
1736387100000,95111.01,95111.01,94966.66,94983.82,108.78522,2025-01-09 01:45:00
1736388000000,94983.82,95030.31,93422.89,94079.21,1746.98412,2025-01-09 02:00:00
1736388900000,94079.21,94679.69,94057.79,94484.36,841.43426,2025-01-09 02:15:00
1736389800000,94484.36,94805.57,94263.15,94805.56,429.2449,2025-01-09 02:30:00
1736390700000,94805.56,94878.52,94653.0,94776.99,201.55347,2025-01-09 02:45:00
1736391600000,94777.0,94800.69,94256.44,94363.65,399.751,2025-01-09 03:00:00
1736392500000,94363.65,94528.0,94312.0,94356.5,303.57503,2025-01-09 03:15:00
1736393400000,94356.5,94366.99,94168.02,94180.24,182.19088,2025-01-09 03:30:00
1736394300000,94180.23,94249.99,94017.93,94027.9,166.02745,2025-01-09 03:45:00
1736395200000,94027.91,94141.52,93851.0,93851.01,142.83309,2025-01-09 04:00:00
1736396100000,93851.01,94198.36,93796.99,94170.93,287.13847,2025-01-09 04:15:00
1736397000000,94170.93,94388.64,94129.99,94335.51,150.4333,2025-01-09 04:30:00
1736397900000,94335.51,94487.74,94266.15,94424.24,105.74319,2025-01-09 04:45:00
1736398800000,94424.24,94454.55,94280.65,94358.84,126.62373,2025-01-09 05:00:00
1736399700000,94358.83,94537.98,94312.0,94492.01,77.35453,2025-01-09 05:15:00
1736400600000,94492.01,94536.0,94405.5,94426.56,68.81668,2025-01-09 05:30:00
1736401500000,94426.57,94566.64,94371.06,94472.58,75.1387,2025-01-09 05:45:00
1736402400000,94472.59,94515.16,94277.16,94475.52,137.2767,2025-01-09 06:00:00
1736403300000,94475.52,94618.63,94337.19,94393.13,134.01987,2025-01-09 06:15:00
1736404200000,94393.14,94438.94,94218.86,94273.33,116.27941,2025-01-09 06:30:00
1736405100000,94273.32,94359.91,94048.07,94095.03,128.06623,2025-01-09 06:45:00
1736406000000,94095.04,94299.22,94054.75,94116.13,104.64856,2025-01-09 07:00:00
1736406900000,94116.13,94154.38,93741.26,93741.26,303.12252,2025-01-09 07:15:00
1736407800000,93741.26,93800.0,93299.34,93621.66,461.6139,2025-01-09 07:30:00
1736408700000,93621.66,93705.19,93186.38,93221.59,405.21126,2025-01-09 07:45:00
1736409600000,93221.59,93312.44,92839.3,92926.58,758.46378,2025-01-09 08:00:00
1736410500000,92924.26,93177.22,92800.0,92990.0,301.80845,2025-01-09 08:15:00
1736411400000,92990.01,93400.98,92750.0,93390.96,523.31056,2025-01-09 08:30:00
1736412300000,93390.95,93390.95,92804.0,93030.87,313.60607,2025-01-09 08:45:00
1736413200000,93030.88,93387.88,92970.96,93318.25,289.63903,2025-01-09 09:00:00
1736414100000,93318.25,93597.3,93318.25,93490.7,231.21595,2025-01-09 09:15:00
1736415000000,93490.69,93787.75,93432.5,93606.06,375.31695,2025-01-09 09:30:00
1736415900000,93606.05,93640.0,93464.94,93516.62,115.93132,2025-01-09 09:45:00
1736416800000,93516.63,93660.0,93500.0,93640.16,145.60821,2025-01-09 10:00:00
1736417700000,93640.17,93640.17,93202.6,93300.76,289.95596,2025-01-09 10:15:00
1736418600000,93300.76,93375.79,93016.55,93223.75,333.27833,2025-01-09 10:30:00
1736419500000,93223.75,93470.0,93105.85,93462.43,189.45611,2025-01-09 10:45:00
1736420400000,93462.43,93619.69,93312.52,93579.3,188.30841,2025-01-09 11:00:00
1736421300000,93579.3,93877.46,93552.97,93720.01,155.90826,2025-01-09 11:15:00
1736422200000,93720.01,93764.83,93224.0,93412.42,240.05506,2025-01-09 11:30:00
1736423100000,93412.42,93591.16,93350.23,93465.23,122.52417,2025-01-09 11:45:00
1736424000000,93465.23,93575.76,93284.45,93527.27,148.82954,2025-01-09 12:00:00
1736424900000,93527.28,93696.97,93440.15,93620.0,167.89463,2025-01-09 12:15:00
1736425800000,93620.01,93679.58,93304.44,93347.06,195.46147,2025-01-09 12:30:00
1736426700000,93347.07,93443.39,93155.25,93421.94,198.19604,2025-01-09 12:45:00
1736427600000,93421.94,93486.19,93085.15,93085.15,214.71849,2025-01-09 13:00:00
1736428500000,93085.15,93238.87,92684.02,92872.01,606.4988,2025-01-09 13:15:00
1736429400000,92872.02,92918.83,92100.0,92334.27,1428.16743,2025-01-09 13:30:00
1736430300000,92334.27,92405.69,91900.12,91986.42,1225.05088,2025-01-09 13:45:00
1736431200000,91986.41,92560.0,91800.0,92399.96,987.98981,2025-01-09 14:00:00
1736432100000,92399.96,92741.15,92210.54,92440.96,511.41726,2025-01-09 14:15:00
1736433000000,92440.95,92737.0,92099.47,92216.29,395.88525,2025-01-09 14:30:00
1736433900000,92216.29,92900.0,92181.7,92863.8,467.76736,2025-01-09 14:45:00
1736434800000,92863.81,92954.54,92671.67,92954.54,440.04368,2025-01-09 15:00:00
1736435700000,92954.53,93556.59,92954.53,93540.53,535.39142,2025-01-09 15:15:00
1736436600000,93540.52,93927.53,93452.0,93920.0,763.76133,2025-01-09 15:30:00
1736437500000,93920.0,94588.23,93815.33,94244.02,821.27724,2025-01-09 15:45:00
1736438400000,94244.02,94685.25,94170.42,94406.29,515.46876,2025-01-09 16:00:00
1736439300000,94406.25,94406.25,93905.18,94027.11,488.92009,2025-01-09 16:15:00
1736440200000,94027.1,94203.99,93846.15,94143.83,340.02311,2025-01-09 16:30:00
1736441100000,94143.82,94399.99,94095.84,94250.95,252.65573,2025-01-09 16:45:00
1736442000000,94250.96,94293.96,93968.84,94001.53,206.40467,2025-01-09 17:00:00
1736442900000,94001.52,94076.5,93649.41,93802.25,288.54765,2025-01-09 17:15:00
1736443800000,93802.25,93842.39,93409.01,93452.63,291.53588,2025-01-09 17:30:00
1736444700000,93452.62,93452.63,92325.0,92693.11,1141.49304,2025-01-09 17:45:00
1736445600000,92693.11,92939.32,92403.77,92749.15,512.05925,2025-01-09 18:00:00
1736446500000,92749.15,92873.76,92404.72,92756.01,370.21683,2025-01-09 18:15:00
1736447400000,92756.01,93239.51,92615.38,93014.93,297.19819,2025-01-09 18:30:00
1736448300000,93014.93,93139.99,92818.65,93020.11,260.9435,2025-01-09 18:45:00
1736449200000,93020.1,93291.96,92844.77,93289.73,241.86451,2025-01-09 19:00:00
1736450100000,93289.72,93290.99,92752.38,92842.5,161.70021,2025-01-09 19:15:00
1736451000000,92842.5,93035.4,92630.44,92668.16,270.82403,2025-01-09 19:30:00
1736451900000,92668.17,92682.05,91900.01,91909.59,984.80853,2025-01-09 19:45:00
1736452800000,91909.59,92371.32,91615.38,91762.39,767.16654,2025-01-09 20:00:00
1736453700000,91762.4,92013.15,91203.67,91291.69,1258.88356,2025-01-09 20:15:00
1736454600000,91291.69,91875.36,91220.5,91810.35,494.53792,2025-01-09 20:30:00
1736455500000,91810.16,92200.0,91642.61,91903.22,427.51169,2025-01-09 20:45:00
1736456400000,91903.21,92251.3,91781.09,92183.46,389.59651,2025-01-09 21:00:00
1736457300000,92183.56,92497.66,92064.0,92277.94,312.09068,2025-01-09 21:15:00
1736458200000,92277.93,92350.0,92038.33,92239.61,218.59757,2025-01-09 21:30:00
1736459100000,92239.6,92300.42,91921.28,92108.84,193.51578,2025-01-09 21:45:00
1736460000000,92108.84,92287.63,91624.0,91686.82,338.17352,2025-01-09 22:00:00
1736460900000,91686.82,92185.92,91638.71,92185.92,252.19122,2025-01-09 22:15:00
1736461800000,92186.66,92720.67,92186.66,92592.77,394.51008,2025-01-09 22:30:00
1736462700000,92592.77,92627.59,92363.63,92456.32,142.00692,2025-01-09 22:45:00
1736463600000,92456.32,92689.38,92347.04,92461.01,257.43188,2025-01-09 23:00:00
1736464500000,92461.01,92500.0,92185.49,92227.36,171.29167,2025-01-09 23:15:00
1736465400000,92227.36,92319.94,92034.55,92186.93,212.13586,2025-01-09 23:30:00
1736466300000,92186.93,92562.47,92163.46,92552.49,163.789,2025-01-09 23:45:00
1736467200000,92552.49,92764.54,92524.08,92637.77,305.13092,2025-01-10 00:00:00
1736468100000,92637.65,92766.64,92431.73,92567.0,215.03256,2025-01-10 00:15:00
1736469000000,92567.01,92757.55,92457.65,92704.51,137.27102,2025-01-10 00:30:00
1736469900000,92704.51,92850.0,92534.95,92775.84,108.17212,2025-01-10 00:45:00
1736470800000,92775.85,92878.79,92590.33,92829.45,195.64513,2025-01-10 01:00:00
1736471700000,92829.45,92916.66,92670.0,92789.78,108.33914,2025-01-10 01:15:00
1736472600000,92789.78,93133.32,92763.55,93113.97,174.83841,2025-01-10 01:30:00
1736473500000,93113.98,93159.16,92893.85,93102.52,167.68206,2025-01-10 01:45:00
1736474400000,93102.52,93259.33,93088.58,93111.57,185.92037,2025-01-10 02:00:00
1736475300000,93111.57,93548.76,93033.5,93515.41,166.76844,2025-01-10 02:15:00
1736476200000,93515.41,93726.87,93252.6,93329.65,406.64601,2025-01-10 02:30:00
1736477100000,93329.65,93541.35,93309.7,93364.36,150.72314,2025-01-10 02:45:00
1736478000000,93364.36,93588.0,93328.46,93432.74,159.11585,2025-01-10 03:00:00
1736478900000,93432.74,93566.82,93312.58,93554.99,141.74792,2025-01-10 03:15:00
1736479800000,93555.0,93620.0,93429.68,93536.48,134.93082,2025-01-10 03:30:00
1736480700000,93536.49,93727.83,93520.76,93696.13,170.07675,2025-01-10 03:45:00
1736481600000,93696.13,93908.85,93598.97,93705.7,212.14962,2025-01-10 04:00:00
1736482500000,93705.71,93809.16,93529.59,93567.69,108.72731,2025-01-10 04:15:00
1736483400000,93567.7,93768.5,93500.0,93720.76,105.78418,2025-01-10 04:30:00
1736484300000,93720.76,93845.83,93675.51,93837.69,113.07838,2025-01-10 04:45:00
1736485200000,93837.69,93895.62,93744.07,93744.08,108.84893,2025-01-10 05:00:00
1736486100000,93744.07,93808.0,93642.85,93808.0,172.60117,2025-01-10 05:15:00
1736487000000,93808.0,94250.07,93808.0,94102.28,373.99832,2025-01-10 05:30:00
1736487900000,94102.29,94145.16,93904.48,93956.83,148.20391,2025-01-10 05:45:00
1736488800000,93956.83,94141.91,93880.65,93977.17,137.05816,2025-01-10 06:00:00
1736489700000,93977.16,94111.62,93911.99,93946.06,243.74752,2025-01-10 06:15:00
1736490600000,93946.06,94186.0,93733.83,94111.63,329.36905,2025-01-10 06:30:00
1736491500000,94111.63,94319.0,94084.24,94252.83,173.65071,2025-01-10 06:45:00
1736492400000,94252.83,94314.31,94070.0,94247.16,146.55127,2025-01-10 07:00:00
1736493300000,94247.17,94366.49,94159.6,94356.71,115.30859,2025-01-10 07:15:00
1736494200000,94356.72,94950.07,94272.0,94811.12,631.21454,2025-01-10 07:30:00
1736495100000,94811.13,95000.0,94441.16,94492.63,481.99212,2025-01-10 07:45:00
1736496000000,94492.62,94733.33,94388.5,94733.23,242.62444,2025-01-10 08:00:00
1736496900000,94733.23,94766.12,94565.91,94692.73,154.13277,2025-01-10 08:15:00
1736497800000,94692.73,94696.96,94488.38,94519.99,204.80774,2025-01-10 08:30:00
1736498700000,94520.0,94735.96,94468.76,94680.01,185.36149,2025-01-10 08:45:00
1736499600000,94680.0,94833.55,94582.03,94822.13,168.33597,2025-01-10 09:00:00
1736500500000,94822.13,94958.64,94767.73,94941.24,167.79978,2025-01-10 09:15:00
1736501400000,94941.24,94969.7,94854.59,94867.49,182.84068,2025-01-10 09:30:00
1736502300000,94867.48,95000.55,94771.45,94793.08,231.74664,2025-01-10 09:45:00
1736503200000,94793.07,94981.53,94789.82,94958.47,111.2001,2025-01-10 10:00:00
1736504100000,94958.48,94975.33,94781.25,94788.99,143.10351,2025-01-10 10:15:00
1736505000000,94788.99,94990.15,94757.57,94974.9,153.53116,2025-01-10 10:30:00
1736505900000,94974.89,95293.4,94915.45,95215.73,191.50206,2025-01-10 10:45:00
1736506800000,95215.73,95267.16,94935.62,94951.97,191.82827,2025-01-10 11:00:00
1736507700000,94951.97,94998.25,94802.34,94804.45,132.55277,2025-01-10 11:15:00
1736508600000,94803.89,94936.27,94600.49,94911.79,285.42207,2025-01-10 11:30:00
1736509500000,94911.8,95083.46,94860.46,95073.95,99.77788,2025-01-10 11:45:00
1736510400000,95073.95,95117.26,94850.22,94884.69,179.63303,2025-01-10 12:00:00
1736511300000,94884.69,94934.0,94737.19,94776.87,193.47011,2025-01-10 12:15:00
1736512200000,94776.87,94899.99,94702.49,94805.25,94.65929,2025-01-10 12:30:00
1736513100000,94805.26,95063.67,94781.4,95023.44,117.91946,2025-01-10 12:45:00
1736514000000,95023.44,95046.0,94790.2,94802.93,135.02255,2025-01-10 13:00:00
1736514900000,94803.5,95007.79,94733.49,94818.18,165.04608,2025-01-10 13:15:00
1736515800000,94818.18,94834.77,92715.85,93548.0,3266.37298,2025-01-10 13:30:00
1736516700000,93548.0,93916.75,93140.0,93557.23,870.1657,2025-01-10 13:45:00
1736517600000,93557.23,94385.65,93379.93,94151.53,746.34168,2025-01-10 14:00:00
1736518500000,94151.53,94680.76,94120.01,94409.6,539.18279,2025-01-10 14:15:00
1736519400000,94409.59,94454.54,93570.0,94295.2,1121.44304,2025-01-10 14:30:00
1736520300000,94295.21,94568.0,93681.15,94115.63,630.61959,2025-01-10 14:45:00
1736521200000,94115.62,94115.62,92206.02,92356.61,1547.91241,2025-01-10 15:00:00
1736522100000,92356.62,93390.74,92321.1,93269.55,999.07417,2025-01-10 15:15:00
1736523000000,93269.55,94397.57,93035.04,94104.01,720.4063,2025-01-10 15:30:00
1736523900000,94104.01,94524.0,93706.34,93730.92,680.83983,2025-01-10 15:45:00
1736524800000,93730.93,93860.0,93388.01,93637.28,654.67722,2025-01-10 16:00:00
1736525700000,93637.29,94014.21,93344.7,93424.25,444.16079,2025-01-10 16:15:00
1736526600000,93424.25,93931.99,93177.4,93865.16,534.41104,2025-01-10 16:30:00
1736527500000,93865.15,94062.94,93589.52,93645.05,533.69305,2025-01-10 16:45:00
1736528400000,93645.06,93752.02,93318.07,93535.89,457.21085,2025-01-10 17:00:00
1736529300000,93535.88,94363.64,93479.26,94363.64,429.70574,2025-01-10 17:15:00
1736530200000,94363.63,94496.0,94045.45,94424.49,416.18969,2025-01-10 17:30:00
1736531100000,94424.49,95836.0,94270.1,95793.05,1312.57911,2025-01-10 17:45:00
1736532000000,95793.04,95793.04,95350.0,95424.49,845.18833,2025-01-10 18:00:00
1736532900000,95424.26,95460.0,94832.0,94962.27,418.82701,2025-01-10 18:15:00
1736533800000,94962.28,94991.16,94581.87,94710.59,424.96563,2025-01-10 18:30:00
1736534700000,94710.6,95135.5,94701.0,94861.62,300.48868,2025-01-10 18:45:00
1736535600000,94861.62,94923.84,94373.85,94744.76,352.89063,2025-01-10 19:00:00
1736536500000,94744.28,95188.06,94693.73,94984.52,288.53413,2025-01-10 19:15:00
1736537400000,94984.52,95259.54,94942.75,95108.0,239.62248,2025-01-10 19:30:00
1736538300000,95108.0,95386.74,94976.14,95327.06,307.44701,2025-01-10 19:45:00
1736539200000,95327.07,95442.15,95171.29,95171.29,248.79936,2025-01-10 20:00:00
1736540100000,95171.29,95199.2,94790.97,94925.58,241.53715,2025-01-10 20:15:00
1736541000000,94924.84,94985.63,94586.02,94711.23,212.29496,2025-01-10 20:30:00
1736541900000,94711.23,94923.07,94616.01,94672.05,348.11053,2025-01-10 20:45:00
1736542800000,94669.06,94812.86,94603.72,94812.85,193.43249,2025-01-10 21:00:00
1736543700000,94812.86,94917.6,94734.37,94872.0,82.78157,2025-01-10 21:15:00
1736544600000,94871.99,94923.05,94687.72,94722.86,63.11859,2025-01-10 21:30:00
1736545500000,94722.86,94908.85,94613.25,94613.26,104.42883,2025-01-10 21:45:00
1736546400000,94613.26,94682.54,94586.03,94615.1,84.87661,2025-01-10 22:00:00
1736547300000,94615.1,94818.19,94588.01,94803.53,73.37068,2025-01-10 22:15:00
1736548200000,94803.54,94955.54,94600.13,94854.62,126.43164,2025-01-10 22:30:00
1736549100000,94854.62,94854.62,94667.24,94767.7,58.04379,2025-01-10 22:45:00
1736550000000,94767.69,94815.31,94657.39,94790.02,98.95638,2025-01-10 23:00:00
1736550900000,94790.01,94894.81,94700.0,94876.21,58.50173,2025-01-10 23:15:00
1736551800000,94876.21,94890.12,94784.41,94804.52,79.09475,2025-01-10 23:30:00
1736552700000,94804.52,94808.97,94695.86,94726.11,63.49301,2025-01-10 23:45:00
1736553600000,94726.1,94746.37,94629.23,94661.91,90.25479,2025-01-11 00:00:00
1736554500000,94661.91,94661.91,94360.65,94496.8,141.63517,2025-01-11 00:15:00
1736555400000,94496.81,94616.0,94382.08,94382.14,79.66968,2025-01-11 00:30:00
1736556300000,94382.14,94606.08,94379.19,94600.69,48.60369,2025-01-11 00:45:00
1736557200000,94600.7,94696.97,94528.91,94630.7,71.88124,2025-01-11 01:00:00
1736558100000,94630.69,94666.67,94516.26,94526.42,64.17973,2025-01-11 01:15:00
1736559000000,94526.43,94575.76,94325.82,94330.38,103.8317,2025-01-11 01:30:00
1736559900000,94330.38,94433.08,94214.38,94424.26,95.89858,2025-01-11 01:45:00
1736560800000,94424.26,94495.9,94303.37,94320.19,67.31336,2025-01-11 02:00:00
1736561700000,94320.19,94341.59,94212.0,94275.48,106.71363,2025-01-11 02:15:00
1736562600000,94275.47,94381.32,94180.0,94312.48,82.11399,2025-01-11 02:30:00
1736563500000,94312.49,94483.18,94278.58,94424.24,48.26559,2025-01-11 02:45:00
1736564400000,94424.24,94429.84,94177.37,94239.02,106.50688,2025-01-11 03:00:00
1736565300000,94239.02,94273.78,94106.49,94161.94,50.28692,2025-01-11 03:15:00
1736566200000,94161.95,94242.43,94126.35,94234.47,43.73173,2025-01-11 03:30:00
1736567100000,94234.46,94272.73,94165.89,94206.95,74.94703,2025-01-11 03:45:00
1736568000000,94206.96,94316.09,94148.0,94163.55,86.62673,2025-01-11 04:00:00
1736568900000,94163.54,94225.25,94071.21,94071.21,46.558,2025-01-11 04:15:00
1736569800000,94071.22,94097.4,93831.73,93974.01,209.30889,2025-01-11 04:30:00
1736570700000,93974.02,94070.04,93903.16,94063.29,66.91096,2025-01-11 04:45:00
1736571600000,94063.29,94212.1,94013.51,94200.0,69.28321,2025-01-11 05:00:00
1736572500000,94199.99,94204.5,94102.0,94189.66,45.12466,2025-01-11 05:15:00
1736573400000,94189.65,94363.62,94151.51,94316.54,70.66047,2025-01-11 05:30:00
1736574300000,94316.55,94381.08,94242.43,94366.69,50.07271,2025-01-11 05:45:00
1736575200000,94366.7,94441.87,94362.0,94383.79,46.86634,2025-01-11 06:00:00
1736576100000,94383.79,94406.52,94322.4,94406.52,33.76271,2025-01-11 06:15:00
1736577000000,94406.52,94419.5,94292.03,94377.78,40.23329,2025-01-11 06:30:00
1736577900000,94377.77,94377.78,94216.25,94216.25,29.73905,2025-01-11 06:45:00
1736578800000,94216.26,94333.34,94205.67,94323.31,48.90157,2025-01-11 07:00:00
1736579700000,94323.31,94331.9,94169.74,94187.88,49.07047,2025-01-11 07:15:00
1736580600000,94187.87,94275.02,94154.6,94183.9,46.46108,2025-01-11 07:30:00
1736581500000,94183.91,94246.36,94151.51,94246.36,49.97952,2025-01-11 07:45:00
1736582400000,94246.36,94385.58,94202.0,94385.57,50.9673,2025-01-11 08:00:00
1736583300000,94385.58,94408.34,94301.0,94357.86,40.55411,2025-01-11 08:15:00
1736584200000,94357.86,94361.94,94202.11,94222.08,42.9059,2025-01-11 08:30:00
1736585100000,94222.08,94222.09,94031.22,94074.79,92.49767,2025-01-11 08:45:00
1736586000000,94074.8,94177.99,94044.82,94177.98,60.97717,2025-01-11 09:00:00
1736586900000,94177.98,94231.57,94138.44,94231.56,27.95099,2025-01-11 09:15:00
1736587800000,94231.57,94329.8,94217.68,94329.79,71.31932,2025-01-11 09:30:00
1736588700000,94329.79,94329.8,94227.88,94329.45,37.40566,2025-01-11 09:45:00
1736589600000,94329.46,94415.99,94329.45,94399.98,73.58859,2025-01-11 10:00:00
1736590500000,94399.98,94415.99,94320.05,94362.35,46.49178,2025-01-11 10:15:00
1736591400000,94362.35,94424.24,94300.01,94393.69,41.30134,2025-01-11 10:30:00
1736592300000,94393.69,94528.27,94380.25,94488.86,109.95555,2025-01-11 10:45:00
1736593200000,94488.87,94619.1,94455.04,94503.15,110.30077,2025-01-11 11:00:00
1736594100000,94503.15,94660.97,94492.31,94597.02,55.1945,2025-01-11 11:15:00
1736595000000,94597.03,94791.67,94580.51,94751.99,86.47182,2025-01-11 11:30:00
1736595900000,94752.0,94752.01,94600.0,94625.65,61.80892,2025-01-11 11:45:00
1736596800000,94625.66,94649.7,94528.01,94540.35,57.53704,2025-01-11 12:00:00
1736597700000,94540.36,94655.2,94540.35,94601.26,44.1363,2025-01-11 12:15:00
1736598600000,94601.26,94611.84,94548.0,94611.6,49.38793,2025-01-11 12:30:00
1736599500000,94611.6,94631.06,94545.21,94550.01,43.58884,2025-01-11 12:45:00
1736600400000,94550.0,94606.11,94428.83,94524.47,65.19556,2025-01-11 13:00:00
1736601300000,94524.47,94524.48,94364.93,94451.02,75.3071,2025-01-11 13:15:00
1736602200000,94451.02,94475.39,94342.63,94407.35,56.72282,2025-01-11 13:30:00
1736603100000,94407.35,94448.16,94383.33,94400.01,36.21838,2025-01-11 13:45:00
1736604000000,94400.01,94460.44,94330.0,94340.91,53.03214,2025-01-11 14:00:00
1736604900000,94340.9,94397.28,94307.25,94389.25,43.42319,2025-01-11 14:15:00
1736605800000,94389.26,94638.44,94389.25,94557.27,86.95585,2025-01-11 14:30:00
1736606700000,94557.27,94636.92,94493.2,94620.0,95.16957,2025-01-11 14:45:00
1736607600000,94620.0,94647.05,94500.55,94500.55,45.85953,2025-01-11 15:00:00
1736608500000,94500.56,94517.52,94410.25,94451.9,61.82521,2025-01-11 15:15:00
1736609400000,94451.89,94487.41,94393.93,94462.01,45.38482,2025-01-11 15:30:00
1736610300000,94462.01,94466.33,94377.57,94410.26,32.03533,2025-01-11 15:45:00
1736611200000,94410.26,94484.85,94312.56,94421.89,73.27694,2025-01-11 16:00:00
1736612100000,94421.9,94499.12,94369.23,94432.54,50.64131,2025-01-11 16:15:00
1736613000000,94432.54,94708.12,94432.53,94670.68,82.84193,2025-01-11 16:30:00
1736613900000,94670.68,94685.54,94443.65,94448.14,71.70946,2025-01-11 16:45:00
1736614800000,94448.14,94448.14,94065.26,94111.18,189.36709,2025-01-11 17:00:00
1736615700000,94111.18,94194.32,93984.55,94112.85,135.47095,2025-01-11 17:15:00
1736616600000,94112.85,94243.9,94048.96,94184.5,62.46893,2025-01-11 17:30:00
1736617500000,94184.49,94184.5,94068.55,94151.52,34.70368,2025-01-11 17:45:00
1736618400000,94151.51,94263.23,94121.0,94254.48,50.12574,2025-01-11 18:00:00
1736619300000,94254.48,94306.62,94197.23,94289.09,51.91464,2025-01-11 18:15:00
1736620200000,94289.08,94298.95,94159.99,94191.82,34.84248,2025-01-11 18:30:00
1736621100000,94191.83,94296.8,94181.81,94275.79,34.623,2025-01-11 18:45:00
1736622000000,94275.79,94327.4,94198.25,94249.41,33.67951,2025-01-11 19:00:00
1736622900000,94249.41,94303.6,94246.6,94246.6,22.22708,2025-01-11 19:15:00
1736623800000,94246.6,94246.6,94084.64,94153.6,39.12344,2025-01-11 19:30:00
1736624700000,94153.6,94257.22,94114.8,94249.26,49.3331,2025-01-11 19:45:00
1736625600000,94249.27,94286.47,94200.89,94216.21,39.20066,2025-01-11 20:00:00
1736626500000,94216.21,94483.04,94206.97,94483.04,57.13202,2025-01-11 20:15:00
1736627400000,94483.04,94499.29,94381.92,94485.59,53.8447,2025-01-11 20:30:00
1736628300000,94485.59,94668.31,94453.83,94586.11,131.92253,2025-01-11 20:45:00
1736629200000,94586.12,94725.0,94575.75,94661.61,212.43711,2025-01-11 21:00:00
1736630100000,94661.61,94877.99,94661.6,94808.93,133.29248,2025-01-11 21:15:00
1736631000000,94808.93,94808.93,94658.18,94751.99,91.22746,2025-01-11 21:30:00
1736631900000,94752.0,95050.94,94697.43,94940.76,381.10058,2025-01-11 21:45:00
1736632800000,94940.75,95005.0,94771.15,94806.95,259.40982,2025-01-11 22:00:00
1736633700000,94806.94,94810.67,94724.05,94724.06,60.90167,2025-01-11 22:15:00
1736634600000,94724.06,94799.4,94625.1,94642.97,139.27222,2025-01-11 22:30:00
1736635500000,94642.96,94693.51,94561.0,94593.8,73.11218,2025-01-11 22:45:00
1736636400000,94593.8,94696.0,94570.54,94603.39,69.88693,2025-01-11 23:00:00
1736637300000,94603.39,94705.0,94567.41,94677.45,37.94029,2025-01-11 23:15:00
1736638200000,94677.45,94753.37,94640.28,94640.28,48.66524,2025-01-11 23:30:00
1736639100000,94640.29,94647.3,94541.66,94599.99,75.34476,2025-01-11 23:45:00
1736640000000,94599.99,94655.22,94546.62,94619.73,71.30699,2025-01-12 00:00:00
1736640900000,94619.74,94623.69,94500.56,94516.58,80.256,2025-01-12 00:15:00
1736641800000,94516.57,94575.76,94471.11,94524.59,104.8793,2025-01-12 00:30:00
1736642700000,94524.59,94544.36,94422.13,94452.07,64.31355,2025-01-12 00:45:00
1736643600000,94452.08,94485.26,94384.78,94401.95,63.18032,2025-01-12 01:00:00
1736644500000,94401.95,94432.9,94296.99,94350.17,86.52198,2025-01-12 01:15:00
1736645400000,94350.18,94490.98,94350.17,94428.2,67.93145,2025-01-12 01:30:00
1736646300000,94428.2,94589.46,94428.19,94580.0,83.0392,2025-01-12 01:45:00
1736647200000,94580.0,94584.79,94491.8,94549.99,36.2642,2025-01-12 02:00:00
1736648100000,94549.99,94550.0,94480.58,94545.45,38.83826,2025-01-12 02:15:00
1736649000000,94545.45,94670.0,94510.49,94589.09,52.10709,2025-01-12 02:30:00
1736649900000,94589.09,94639.93,94528.0,94625.25,24.94241,2025-01-12 02:45:00
1736650800000,94625.25,94699.0,94600.0,94622.32,62.70561,2025-01-12 03:00:00
1736651700000,94622.31,94622.32,94432.65,94453.67,44.59488,2025-01-12 03:15:00
1736652600000,94453.67,94559.5,94418.56,94548.77,49.57095,2025-01-12 03:30:00
1736653500000,94548.76,94622.4,94527.78,94622.4,54.0332,2025-01-12 03:45:00
1736654400000,94622.4,94635.82,94584.0,94584.01,32.69383,2025-01-12 04:00:00
1736655300000,94584.01,94650.0,94575.75,94632.42,31.68276,2025-01-12 04:15:00
1736656200000,94632.43,94641.11,94567.19,94607.07,36.2777,2025-01-12 04:30:00
1736657100000,94607.06,94613.52,94500.0,94587.99,31.61837,2025-01-12 04:45:00
1736658000000,94587.99,94627.8,94580.84,94607.71,22.21646,2025-01-12 05:00:00
1736658900000,94607.71,94619.1,94550.0,94592.54,20.09492,2025-01-12 05:15:00
1736659800000,94592.54,94600.42,94500.0,94523.53,26.93035,2025-01-12 05:30:00
1736660700000,94523.74,94571.43,94522.8,94571.43,23.29704,2025-01-12 05:45:00
1736661600000,94571.43,94616.0,94501.46,94549.8,59.84821,2025-01-12 06:00:00
1736662500000,94549.8,94591.49,94472.0,94488.73,30.25633,2025-01-12 06:15:00
1736663400000,94488.74,94521.49,94428.0,94428.01,29.18787,2025-01-12 06:30:00
1736664300000,94428.01,94464.61,94357.14,94381.78,44.21141,2025-01-12 06:45:00
1736665200000,94381.78,94441.42,94274.01,94311.99,54.63866,2025-01-12 07:00:00
1736666100000,94312.0,94418.87,94311.99,94392.2,43.77292,2025-01-12 07:15:00
1736667000000,94392.2,94439.94,94313.88,94313.89,35.40084,2025-01-12 07:30:00
1736667900000,94313.89,94387.22,94290.66,94323.85,33.04909,2025-01-12 07:45:00
1736668800000,94323.85,94393.57,94323.84,94362.17,33.58897,2025-01-12 08:00:00
1736669700000,94362.16,94379.99,94329.35,94342.44,22.00401,2025-01-12 08:15:00
1736670600000,94342.43,94342.44,94173.31,94267.03,102.50941,2025-01-12 08:30:00
1736671500000,94267.03,94267.03,94109.0,94170.01,97.80825,2025-01-12 08:45:00
1736672400000,94170.01,94222.41,94132.51,94222.41,79.91072,2025-01-12 09:00:00
1736673300000,94222.41,94222.41,94000.0,94000.01,169.73963,2025-01-12 09:15:00
1736674200000,94000.01,94029.43,93760.4,93785.55,169.16211,2025-01-12 09:30:00
1736675100000,93785.54,93906.22,93711.19,93906.22,122.90959,2025-01-12 09:45:00
1736676000000,93906.21,93985.54,93842.07,93968.84,148.29052,2025-01-12 10:00:00
1736676900000,93968.85,94056.04,93850.0,93935.63,139.34342,2025-01-12 10:15:00
1736677800000,93935.63,93971.32,93836.51,93971.32,59.22914,2025-01-12 10:30:00
1736678700000,93971.31,94040.14,93958.34,94015.16,91.27741,2025-01-12 10:45:00
1736679600000,94015.17,94164.11,94015.16,94155.0,87.0742,2025-01-12 11:00:00
1736680500000,94155.0,94325.03,94112.09,94285.96,101.77281,2025-01-12 11:15:00
1736681400000,94285.95,94348.55,94259.57,94348.54,64.71629,2025-01-12 11:30:00
1736682300000,94348.55,94348.64,94255.1,94255.1,52.9844,2025-01-12 11:45:00
1736683200000,94255.1,94433.8,94173.48,94433.79,143.82895,2025-01-12 12:00:00
1736684100000,94433.8,94600.0,94411.68,94442.03,133.3387,2025-01-12 12:15:00
1736685000000,94442.03,94475.07,94352.21,94438.07,56.46517,2025-01-12 12:30:00
1736685900000,94438.07,94464.74,94328.2,94328.2,80.4642,2025-01-12 12:45:00
1736686800000,94328.21,94536.0,94303.03,94536.0,137.872,2025-01-12 13:00:00
1736687700000,94535.99,94721.29,94512.0,94648.28,181.29236,2025-01-12 13:15:00
1736688600000,94648.29,94710.99,94533.33,94533.34,113.04125,2025-01-12 13:30:00
1736689500000,94533.33,94730.04,94533.33,94663.78,170.09979,2025-01-12 13:45:00
1736690400000,94663.77,94922.39,94663.77,94852.53,126.20928,2025-01-12 14:00:00
1736691300000,94852.34,94980.21,94809.91,94824.54,117.23873,2025-01-12 14:15:00
1736692200000,94824.53,94994.49,94824.53,94873.71,136.12937,2025-01-12 14:30:00
1736693100000,94873.7,94921.57,94771.61,94811.0,64.60516,2025-01-12 14:45:00
1736694000000,94811.0,94834.72,94675.54,94729.06,53.02884,2025-01-12 15:00:00
1736694900000,94729.07,95450.1,94727.27,95267.2,432.30854,2025-01-12 15:15:00
1736695800000,95267.19,95309.39,94974.91,95075.16,120.12171,2025-01-12 15:30:00
1736696700000,95075.16,95122.69,95022.38,95071.9,62.09337,2025-01-12 15:45:00
1736697600000,95071.91,95131.05,94848.48,94848.49,92.83885,2025-01-12 16:00:00
1736698500000,94848.49,94932.82,94791.43,94882.0,72.52295,2025-01-12 16:15:00
1736699400000,94882.01,95063.89,94882.01,94943.58,68.45999,2025-01-12 16:30:00
1736700300000,94943.57,95046.76,94909.55,95046.76,36.09671,2025-01-12 16:45:00
1736701200000,95046.76,95200.0,95021.8,95152.0,68.259,2025-01-12 17:00:00
1736702100000,95152.0,95206.07,95089.53,95089.55,71.29188,2025-01-12 17:15:00
1736703000000,95089.55,95271.56,94984.36,95239.65,135.38855,2025-01-12 17:30:00
1736703900000,95239.66,95255.38,95139.45,95139.45,46.04639,2025-01-12 17:45:00
1736704800000,95139.46,95314.12,95116.0,95191.32,72.55703,2025-01-12 18:00:00
1736705700000,95191.32,95224.28,95090.9,95102.8,42.66937,2025-01-12 18:15:00
1736706600000,95102.8,95107.7,94928.04,94933.54,59.24581,2025-01-12 18:30:00
1736707500000,94933.53,95037.75,94916.0,94992.64,47.73053,2025-01-12 18:45:00
1736708400000,94992.65,95055.93,94807.52,94839.03,176.82769,2025-01-12 19:00:00
1736709300000,94839.02,94872.08,94666.0,94708.48,195.01682,2025-01-12 19:15:00
1736710200000,94708.48,94805.08,94708.48,94781.55,49.50486,2025-01-12 19:30:00
1736711100000,94781.54,94804.63,94578.54,94650.26,87.13746,2025-01-12 19:45:00
1736712000000,94650.26,94787.88,94639.22,94787.88,55.77321,2025-01-12 20:00:00
1736712900000,94787.87,94800.0,94708.42,94772.31,32.67204,2025-01-12 20:15:00
1736713800000,94772.32,94777.43,94683.24,94716.39,42.27588,2025-01-12 20:30:00
1736714700000,94716.38,94716.39,94612.0,94687.69,52.83413,2025-01-12 20:45:00
1736715600000,94687.69,94727.28,94510.75,94510.75,43.60164,2025-01-12 21:00:00
1736716500000,94510.76,94647.3,94387.73,94609.1,123.29002,2025-01-12 21:15:00
1736717400000,94609.09,94647.99,94471.16,94518.24,70.41258,2025-01-12 21:30:00
1736718300000,94518.23,94518.23,94302.9,94352.7,98.90647,2025-01-12 21:45:00
1736719200000,94352.7,94362.92,93914.57,94043.2,245.33822,2025-01-12 22:00:00
1736720100000,94043.21,94057.6,93850.01,93916.09,196.55311,2025-01-12 22:15:00
1736721000000,93916.09,94163.15,93800.0,94024.99,271.87753,2025-01-12 22:30:00
1736721900000,94025.0,94090.91,93870.0,93962.91,117.28325,2025-01-12 22:45:00
1736722800000,93962.91,94250.0,93946.96,94239.32,395.04924,2025-01-12 23:00:00
1736723700000,94239.32,94291.57,94073.0,94287.16,160.93062,2025-01-12 23:15:00
1736724600000,94287.16,94470.03,94287.16,94444.03,104.81395,2025-01-12 23:30:00
1736725500000,94444.03,94563.82,94410.0,94545.06,63.53999,2025-01-12 23:45:00
1736726400000,94545.07,94636.37,94463.32,94566.13,89.89224,2025-01-13 00:00:00
1736727300000,94566.14,95592.11,94467.9,95261.67,420.11299,2025-01-13 00:15:00
1736728200000,95261.67,95940.0,95226.12,95582.29,563.78788,2025-01-13 00:30:00
1736729100000,95582.28,95782.42,95286.91,95325.43,186.19149,2025-01-13 00:45:00
1736730000000,95325.43,95400.0,95060.36,95069.81,200.45817,2025-01-13 01:00:00
1736730900000,95069.8,95268.59,94821.17,95176.41,238.95263,2025-01-13 01:15:00
1736731800000,95176.41,95243.14,94681.15,94710.43,162.7257,2025-01-13 01:30:00
1736732700000,94710.43,94816.32,94081.38,94218.01,398.37382,2025-01-13 01:45:00
1736733600000,94218.01,94337.58,94094.04,94290.35,189.74737,2025-01-13 02:00:00
1736734500000,94290.34,94500.0,94200.8,94326.54,110.71312,2025-01-13 02:15:00
1736735400000,94326.53,94350.0,94078.07,94090.91,125.21082,2025-01-13 02:30:00
1736736300000,94090.91,94224.35,93899.99,94217.43,197.31464,2025-01-13 02:45:00
1736737200000,94217.43,94408.17,94090.91,94191.15,118.90796,2025-01-13 03:00:00
1736738100000,94191.15,94324.76,94011.31,94300.02,100.28007,2025-01-13 03:15:00
1736739000000,94300.02,94384.55,94238.97,94292.23,64.97313,2025-01-13 03:30:00
1736739900000,94292.23,94292.23,93972.54,94269.23,318.9156,2025-01-13 03:45:00
1736740800000,94269.23,94595.79,94202.76,94500.07,201.13931,2025-01-13 04:00:00
1736741700000,94500.07,94880.0,94482.0,94807.18,107.34371,2025-01-13 04:15:00
1736742600000,94807.18,94913.03,94581.33,94581.34,99.32781,2025-01-13 04:30:00
1736743500000,94581.33,94601.05,94434.05,94503.34,97.29677,2025-01-13 04:45:00
1736744400000,94503.34,94543.28,94246.25,94334.39,97.01044,2025-01-13 05:00:00
1736745300000,94334.39,94466.46,94200.0,94249.27,68.81968,2025-01-13 05:15:00
1736746200000,94249.27,94275.95,94110.07,94196.84,138.89547,2025-01-13 05:30:00
1736747100000,94196.84,94271.73,94045.45,94181.37,110.91853,2025-01-13 05:45:00
1736748000000,94181.37,94327.35,94101.0,94250.01,78.8474,2025-01-13 06:00:00
1736748900000,94250.0,94252.36,94072.06,94114.0,134.20331,2025-01-13 06:15:00
1736749800000,94114.0,94123.81,93857.0,93861.82,191.37588,2025-01-13 06:30:00
1736750700000,93861.82,93893.45,93281.0,93637.37,667.16208,2025-01-13 06:45:00
1736751600000,93637.38,93789.91,93480.0,93606.06,234.93336,2025-01-13 07:00:00
1736752500000,93606.06,93733.9,93469.2,93702.23,137.13286,2025-01-13 07:15:00
1736753400000,93702.23,93947.3,93643.42,93808.0,177.22217,2025-01-13 07:30:00
1736754300000,93808.0,93808.0,93536.09,93590.24,110.20982,2025-01-13 07:45:00
1736755200000,93590.24,93661.55,93342.49,93439.93,167.00015,2025-01-13 08:00:00
1736756100000,93439.93,93526.51,92904.35,93237.25,447.99216,2025-01-13 08:15:00
1736757000000,93237.24,93336.26,93120.53,93269.28,230.72288,2025-01-13 08:30:00
1736757900000,93269.28,93315.83,92950.01,93039.1,260.59879,2025-01-13 08:45:00
1736758800000,93039.11,93195.99,92886.44,92948.53,313.20754,2025-01-13 09:00:00
1736759700000,92948.52,93053.0,92762.0,92813.86,315.40433,2025-01-13 09:15:00
1736760600000,92813.86,93185.34,92644.11,92935.89,462.12158,2025-01-13 09:30:00
1736761500000,92935.88,93097.17,92846.79,92846.79,217.5823,2025-01-13 09:45:00
1736762400000,92846.79,92889.06,92560.0,92652.97,559.11559,2025-01-13 10:00:00
1736763300000,92652.98,92652.98,91889.78,92006.73,1065.8179,2025-01-13 10:15:00
1736764200000,92006.73,92006.73,91555.0,91610.01,920.79438,2025-01-13 10:30:00
1736765100000,91610.01,91790.0,91372.17,91644.96,915.85145,2025-01-13 10:45:00
1736766000000,91644.96,91760.0,91369.84,91390.01,685.06428,2025-01-13 11:00:00
1736766900000,91390.0,91776.04,91305.35,91462.93,762.23923,2025-01-13 11:15:00
1736767800000,91462.92,91532.59,90833.12,91000.0,1805.76543,2025-01-13 11:30:00
1736768700000,90999.99,91385.21,90850.0,90851.22,941.36636,2025-01-13 11:45:00
1736769600000,90851.23,91350.0,90555.0,90981.13,1324.55772,2025-01-13 12:00:00
1736770500000,90981.13,91120.0,90690.92,90849.15,628.59316,2025-01-13 12:15:00
1736771400000,90849.16,90877.02,90300.0,90828.22,1014.18753,2025-01-13 12:30:00
1736772300000,90828.21,91017.41,90511.22,90732.0,880.22637,2025-01-13 12:45:00
1736773200000,90732.0,91480.11,90583.24,91400.58,1153.88615,2025-01-13 13:00:00
1736774100000,91400.58,91780.0,91300.93,91409.96,604.39475,2025-01-13 13:15:00
1736775000000,91409.96,91529.41,91119.97,91214.27,439.5435,2025-01-13 13:30:00
1736775900000,91214.28,91220.0,91000.0,91131.41,437.78402,2025-01-13 13:45:00
1736776800000,91131.41,91155.46,90651.13,90833.73,642.61127,2025-01-13 14:00:00
1736777700000,90833.73,91112.0,90783.29,90947.74,440.59047,2025-01-13 14:15:00
1736778600000,90947.73,91589.41,89256.69,91245.66,3508.58472,2025-01-13 14:30:00
1736779500000,91245.67,92300.0,90929.96,91833.03,1700.15294,2025-01-13 14:45:00
1736780400000,91833.03,92506.35,91570.0,92397.73,1032.96401,2025-01-13 15:00:00
1736781300000,92397.73,93100.0,92022.99,92215.11,938.541,2025-01-13 15:15:00
1736782200000,92215.11,92720.0,91933.49,92659.26,625.07322,2025-01-13 15:30:00
1736783100000,92659.26,92689.33,92123.73,92123.75,397.13636,2025-01-13 15:45:00
1736784000000,92123.75,92289.07,91609.86,91816.81,558.76713,2025-01-13 16:00:00
1736784900000,91816.81,91957.17,91450.62,91693.49,526.38813,2025-01-13 16:15:00
1736785800000,91693.49,92094.22,91432.15,92065.74,483.68026,2025-01-13 16:30:00
1736786700000,92065.74,92189.04,91250.0,91343.2,398.63538,2025-01-13 16:45:00
1736787600000,91343.21,92058.33,91250.0,91735.63,427.57717,2025-01-13 17:00:00
1736788500000,91735.47,92133.6,91729.17,92027.84,328.77381,2025-01-13 17:15:00
1736789400000,92027.84,92300.0,91631.11,91710.12,285.14656,2025-01-13 17:30:00
1736790300000,91710.37,92000.0,91581.19,91983.96,251.3404,2025-01-13 17:45:00
1736791200000,91983.96,92405.39,91852.45,92043.02,299.47562,2025-01-13 18:00:00
1736792100000,92043.02,92050.88,91593.85,91717.09,280.41921,2025-01-13 18:15:00
1736793000000,91717.09,92234.29,91717.09,91813.61,296.86848,2025-01-13 18:30:00
1736793900000,91813.61,92244.17,91725.07,92077.65,269.48472,2025-01-13 18:45:00
1736794800000,92077.65,92332.0,91962.0,91965.57,307.57702,2025-01-13 19:00:00
1736795700000,91965.57,92200.0,91600.0,92172.0,280.7048,2025-01-13 19:15:00
1736796600000,92172.0,92420.0,92007.6,92390.9,302.67256,2025-01-13 19:30:00
1736797500000,92390.91,92534.1,92037.04,92312.18,299.61572,2025-01-13 19:45:00
1736798400000,92312.18,92394.95,91966.8,91966.81,231.85245,2025-01-13 20:00:00
1736799300000,91966.8,92358.8,91908.2,92129.32,198.69108,2025-01-13 20:15:00
1736800200000,92129.33,92993.24,92105.89,92965.1,341.97182,2025-01-13 20:30:00
1736801100000,92965.1,93783.12,92962.16,93575.53,990.74775,2025-01-13 20:45:00
1736802000000,93575.53,93938.37,93401.84,93773.12,578.99151,2025-01-13 21:00:00
1736802900000,93773.11,93896.26,93518.12,93855.98,292.08904,2025-01-13 21:15:00
1736803800000,93855.98,94454.51,93738.75,94451.52,544.29478,2025-01-13 21:30:00
1736804700000,94451.53,94472.0,94127.16,94193.49,347.35556,2025-01-13 21:45:00
1736805600000,94193.49,94650.0,94152.0,94650.0,381.82385,2025-01-13 22:00:00
1736806500000,94650.0,94727.15,94405.4,94555.61,233.30718,2025-01-13 22:15:00
1736807400000,94555.61,94593.92,94200.0,94361.96,178.16259,2025-01-13 22:30:00
1736808300000,94361.96,94452.0,94232.23,94399.98,125.52556,2025-01-13 22:45:00
1736809200000,94399.99,94486.63,94164.77,94430.22,154.62289,2025-01-13 23:00:00
1736810100000,94430.22,94453.27,94200.0,94265.55,115.94722,2025-01-13 23:15:00
1736811000000,94265.54,94448.37,94244.88,94417.41,141.60371,2025-01-13 23:30:00
1736811900000,94417.4,94612.7,94336.01,94536.1,187.5825,2025-01-13 23:45:00
1736812800000,94536.11,94563.11,94369.15,94418.09,141.4013,2025-01-14 00:00:00
1736813700000,94418.1,94880.0,94418.1,94584.48,466.16201,2025-01-14 00:15:00
1736814600000,94584.48,94638.04,94346.22,94354.81,344.55638,2025-01-14 00:30:00
1736815500000,94354.8,94564.0,94347.18,94470.77,137.67661,2025-01-14 00:45:00
1736816400000,94470.76,95024.5,94462.59,94991.59,285.38867,2025-01-14 01:00:00
1736817300000,94991.59,95041.17,94651.84,94928.5,213.1948,2025-01-14 01:15:00
1736818200000,94928.51,94991.6,94666.0,94681.88,152.69698,2025-01-14 01:30:00
1736819100000,94681.88,94856.68,94588.51,94834.5,142.65373,2025-01-14 01:45:00
1736820000000,94834.5,95000.0,94749.57,94941.16,156.71343,2025-01-14 02:00:00
1736820900000,94941.17,95280.8,94923.91,95209.98,381.89445,2025-01-14 02:15:00
1736821800000,95209.99,95222.0,94981.72,95015.41,199.73315,2025-01-14 02:30:00
1736822700000,95015.4,95037.43,94865.38,94882.65,122.81254,2025-01-14 02:45:00
1736823600000,94882.65,95013.46,94828.46,94979.12,111.91334,2025-01-14 03:00:00
1736824500000,94979.12,95112.61,94860.49,95038.78,189.73947,2025-01-14 03:15:00
1736825400000,95038.78,95093.75,94873.0,94945.01,147.58584,2025-01-14 03:30:00
1736826300000,94945.01,94972.33,94842.1,94861.4,109.16108,2025-01-14 03:45:00
1736827200000,94861.39,95133.35,94861.39,95132.0,196.00904,2025-01-14 04:00:00
1736828100000,95133.33,95149.32,94927.91,94938.32,136.03274,2025-01-14 04:15:00
1736829000000,94938.33,94999.48,94830.25,94964.02,107.5215,2025-01-14 04:30:00
1736829900000,94964.01,95122.0,94953.9,95119.19,113.05885,2025-01-14 04:45:00
1736830800000,95119.18,95464.71,95105.8,95450.4,312.50397,2025-01-14 05:00:00
1736831700000,95450.41,95450.41,95126.0,95171.79,149.92157,2025-01-14 05:15:00
1736832600000,95171.8,95233.3,95072.26,95101.62,130.82449,2025-01-14 05:30:00
1736833500000,95101.61,95101.61,94861.39,94916.08,87.38693,2025-01-14 05:45:00
1736834400000,94916.08,94990.51,94786.26,94851.15,167.52628,2025-01-14 06:00:00
1736835300000,94851.15,94923.58,94757.3,94823.11,102.67947,2025-01-14 06:15:00
1736836200000,94823.11,94957.55,94753.42,94940.28,104.16935,2025-01-14 06:30:00
1736837100000,94940.29,95031.94,94842.35,95031.94,154.4639,2025-01-14 06:45:00
1736838000000,95031.93,95168.6,95005.32,95069.98,167.11775,2025-01-14 07:00:00
1736838900000,95069.98,95079.99,94962.47,95030.83,202.84365,2025-01-14 07:15:00
1736839800000,95030.84,95100.0,94842.71,94850.01,136.03926,2025-01-14 07:30:00
1736840700000,94850.01,94910.08,94838.56,94864.0,90.66145,2025-01-14 07:45:00
1736841600000,94863.99,95585.06,94860.11,95536.46,386.93312,2025-01-14 08:00:00
1736842500000,95536.46,95750.0,95257.34,95350.99,472.40625,2025-01-14 08:15:00
1736843400000,95350.99,95686.73,95247.81,95642.02,397.42276,2025-01-14 08:30:00
1736844300000,95642.02,95819.7,95480.69,95488.5,298.50659,2025-01-14 08:45:00
1736845200000,95488.51,95861.45,95469.51,95861.45,671.73055,2025-01-14 09:00:00
1736846100000,95861.46,96475.44,95806.06,96407.72,625.58722,2025-01-14 09:15:00
1736847000000,96407.72,96882.36,96265.4,96789.99,524.13279,2025-01-14 09:30:00
1736847900000,96790.0,97371.0,96712.0,97159.44,898.5956,2025-01-14 09:45:00
1736848800000,97159.43,97194.26,96663.74,96737.57,530.44665,2025-01-14 10:00:00
1736849700000,96737.57,96940.0,96644.51,96753.68,330.25312,2025-01-14 10:15:00
1736850600000,96753.68,96778.71,96580.01,96768.14,303.90641,2025-01-14 10:30:00
1736851500000,96768.13,96814.13,96579.31,96697.08,229.89343,2025-01-14 10:45:00
1736852400000,96686.09,96687.15,96555.01,96596.0,151.40629,2025-01-14 11:00:00
1736853300000,96595.99,96642.97,96336.92,96462.8,294.09923,2025-01-14 11:15:00
1736854200000,96462.8,96680.0,96382.0,96649.11,204.33367,2025-01-14 11:30:00
1736855100000,96649.12,96654.0,96506.23,96548.04,176.17343,2025-01-14 11:45:00
1736856000000,96548.04,96700.0,96258.32,96322.0,644.80977,2025-01-14 12:00:00
1736856900000,96322.0,96363.49,95972.58,96168.88,362.99968,2025-01-14 12:15:00
1736857800000,96168.88,96320.97,96095.64,96152.45,172.04997,2025-01-14 12:30:00
1736858700000,96152.45,96243.79,95988.0,95988.0,190.08632,2025-01-14 12:45:00
1736859600000,95988.01,96110.0,95851.25,96001.87,229.54628,2025-01-14 13:00:00
1736860500000,96001.87,96029.86,95748.93,95898.65,273.99014,2025-01-14 13:15:00
1736861400000,95898.66,97263.02,95898.65,96296.0,1657.22052,2025-01-14 13:30:00
1736862300000,96296.01,96689.71,96276.35,96336.0,383.29988,2025-01-14 13:45:00
1736863200000,96336.0,96426.08,96029.73,96324.0,345.90923,2025-01-14 14:00:00
1736864100000,96323.99,96839.99,96228.59,96791.75,275.80266,2025-01-14 14:15:00
1736865000000,96791.75,97265.48,96640.55,96815.98,1025.64258,2025-01-14 14:30:00
1736865900000,96815.99,96889.14,96140.6,96293.6,488.28918,2025-01-14 14:45:00
1736866800000,96293.61,96894.88,96184.02,96805.62,623.49092,2025-01-14 15:00:00
1736867700000,96805.61,96974.82,96317.62,96494.95,337.41714,2025-01-14 15:15:00
1736868600000,96494.96,96900.0,96390.0,96873.88,547.88141,2025-01-14 15:30:00
1736869500000,96873.88,96873.88,96459.49,96471.65,835.89655,2025-01-14 15:45:00
1736870400000,96471.65,96471.66,95650.01,96045.56,925.62498,2025-01-14 16:00:00
1736871300000,96045.56,96328.89,95823.07,95867.98,427.12776,2025-01-14 16:15:00
1736872200000,95867.98,95989.5,95365.07,95442.13,457.8718,2025-01-14 16:30:00
1736873100000,95442.14,95837.97,95351.76,95745.43,408.62278,2025-01-14 16:45:00
1736874000000,95745.42,96140.0,95584.83,96058.01,318.65355,2025-01-14 17:00:00
1736874900000,96058.0,96215.86,95728.61,96038.81,273.9145,2025-01-14 17:15:00
1736875800000,96038.82,96278.05,95708.44,96164.48,195.94403,2025-01-14 17:30:00
1736876700000,96164.49,96550.46,96101.11,96527.96,261.98056,2025-01-14 17:45:00
1736877600000,96527.96,96676.2,96335.02,96335.02,318.6083,2025-01-14 18:00:00
1736878500000,96335.03,96697.48,96290.85,96642.25,241.03391,2025-01-14 18:15:00
1736879400000,96642.25,96877.88,96561.53,96765.74,214.58931,2025-01-14 18:30:00
1736880300000,96766.09,96958.97,96667.27,96777.8,222.40053,2025-01-14 18:45:00
1736881200000,96777.79,96930.77,96619.82,96930.77,212.33525,2025-01-14 19:00:00
1736882100000,96930.76,97033.76,96795.81,96872.0,227.09415,2025-01-14 19:15:00
1736883000000,96871.99,97088.57,96828.75,96895.99,181.28277,2025-01-14 19:30:00
1736883900000,96896.0,96917.86,96466.03,96537.8,247.49836,2025-01-14 19:45:00
1736884800000,96537.23,96595.43,96152.31,96449.99,287.78867,2025-01-14 20:00:00
1736885700000,96450.0,96921.13,96450.0,96897.91,211.11827,2025-01-14 20:15:00
1736886600000,96897.91,96913.79,96365.95,96578.12,203.35301,2025-01-14 20:30:00
1736887500000,96578.11,96726.28,96355.14,96505.04,328.85219,2025-01-14 20:45:00
1736888400000,96505.98,96678.18,96450.0,96561.88,203.30835,2025-01-14 21:00:00
1736889300000,96561.89,96658.14,96517.21,96517.22,133.593,2025-01-14 21:15:00
1736890200000,96517.21,96517.21,96315.38,96451.72,121.19287,2025-01-14 21:30:00
1736891100000,96451.72,96486.1,96346.76,96486.09,103.44692,2025-01-14 21:45:00
1736892000000,96486.1,96599.99,96450.0,96533.98,84.99394,2025-01-14 22:00:00
1736892900000,96533.99,96657.78,96483.38,96650.0,60.84738,2025-01-14 22:15:00
1736893800000,96650.23,96699.0,96535.89,96640.0,82.52038,2025-01-14 22:30:00
1736894700000,96640.0,96741.95,96579.98,96691.91,82.27118,2025-01-14 22:45:00
1736895600000,96691.91,96780.02,96569.74,96583.36,75.33005,2025-01-14 23:00:00
1736896500000,96583.36,96678.65,96512.68,96522.08,60.25838,2025-01-14 23:15:00
1736897400000,96522.07,96721.68,96500.49,96678.51,60.59332,2025-01-14 23:30:00
1736898300000,96678.5,96719.02,96536.95,96560.86,60.36376,2025-01-14 23:45:00
1736899200000,96560.85,96864.61,96500.0,96853.45,168.22771,2025-01-15 00:00:00
1736900100000,96853.46,97266.36,96766.21,97208.22,352.38186,2025-01-15 00:15:00
1736901000000,97208.21,97332.52,96800.01,96858.11,333.30008,2025-01-15 00:30:00
1736901900000,96858.11,97000.0,96766.02,96889.36,145.03037,2025-01-15 00:45:00
1736902800000,96889.36,97213.95,96789.38,97006.89,191.27256,2025-01-15 01:00:00
1736903700000,97006.88,97200.0,96852.96,97116.45,134.90144,2025-01-15 01:15:00
1736904600000,97116.45,97444.0,96993.35,97279.31,297.30461,2025-01-15 01:30:00
1736905500000,97279.31,97554.63,97042.36,97349.62,378.66456,2025-01-15 01:45:00
1736906400000,97349.61,97464.8,97106.03,97155.76,211.74725,2025-01-15 02:00:00
1736907300000,97155.77,97172.0,96943.96,96948.84,147.24272,2025-01-15 02:15:00
1736908200000,96948.85,96980.0,96746.71,96900.03,171.40794,2025-01-15 02:30:00
1736909100000,96900.02,97062.83,96824.06,96824.06,116.96586,2025-01-15 02:45:00
1736910000000,96824.06,97225.0,96824.06,97064.61,117.46755,2025-01-15 03:00:00
1736910900000,97064.61,97162.73,96751.47,96926.65,245.61944,2025-01-15 03:15:00
1736911800000,96926.65,97176.93,96917.48,97076.4,148.81492,2025-01-15 03:30:00
1736912700000,97076.4,97324.0,97014.94,97317.12,129.62064,2025-01-15 03:45:00
1736913600000,97317.12,97724.96,97250.36,97296.57,523.2616,2025-01-15 04:00:00
1736914500000,97296.57,97430.96,97072.7,97260.96,180.55216,2025-01-15 04:15:00
1736915400000,97260.96,97374.38,97164.94,97227.59,316.28695,2025-01-15 04:30:00
1736916300000,97227.59,97250.0,97152.86,97189.71,105.88661,2025-01-15 04:45:00
1736917200000,97189.71,97242.29,96818.08,96861.77,303.51015,2025-01-15 05:00:00
1736918100000,96861.78,97002.0,96750.0,96973.31,369.52843,2025-01-15 05:15:00
1736919000000,96973.31,97013.22,96885.61,96989.97,83.66351,2025-01-15 05:30:00
1736919900000,96989.97,97077.72,96987.88,97029.97,52.9663,2025-01-15 05:45:00
1736920800000,97029.97,97100.0,96900.0,96902.31,142.66324,2025-01-15 06:00:00
1736921700000,96902.3,97043.97,96859.99,96860.0,84.28975,2025-01-15 06:15:00
1736922600000,96860.0,97011.11,96851.5,96968.67,129.78131,2025-01-15 06:30:00
1736923500000,96968.67,97147.95,96965.49,97105.48,100.51407,2025-01-15 06:45:00
1736924400000,97105.48,97244.01,97105.47,97160.87,89.28446,2025-01-15 07:00:00
1736925300000,97160.87,97566.32,97160.87,97539.57,235.56433,2025-01-15 07:15:00
1736926200000,97539.57,97600.31,97250.0,97250.0,228.71787,2025-01-15 07:30:00
1736927100000,97250.0,97341.04,97173.32,97301.35,113.38785,2025-01-15 07:45:00
1736928000000,97301.35,97462.82,97224.7,97342.44,153.80585,2025-01-15 08:00:00
1736928900000,97342.44,97487.42,97153.48,97487.42,292.19828,2025-01-15 08:15:00
1736929800000,97487.42,97524.0,97343.96,97386.77,211.07249,2025-01-15 08:30:00
1736930700000,97386.77,97386.78,97184.61,97202.26,119.80709,2025-01-15 08:45:00
1736931600000,97202.27,97366.11,97158.4,97325.01,184.78531,2025-01-15 09:00:00
1736932500000,97325.01,97358.57,96889.14,96889.15,174.53987,2025-01-15 09:15:00
1736933400000,96889.14,97054.23,96883.96,97054.22,186.88732,2025-01-15 09:30:00
1736934300000,97054.23,97054.23,96766.57,96816.47,229.50712,2025-01-15 09:45:00
1736935200000,96816.47,97011.39,96721.39,96891.49,161.99395,2025-01-15 10:00:00
1736936100000,96891.16,97100.0,96842.08,97072.01,150.35787,2025-01-15 10:15:00
1736937000000,97072.01,97136.28,96978.44,97006.8,86.75079,2025-01-15 10:30:00
1736937900000,97006.81,97054.14,96889.14,96933.59,88.27077,2025-01-15 10:45:00
1736938800000,96933.59,96942.37,96668.12,96798.37,157.82582,2025-01-15 11:00:00
1736939700000,96798.37,96806.0,96521.0,96641.12,248.10126,2025-01-15 11:15:00
1736940600000,96641.11,96735.3,96552.0,96686.98,132.90429,2025-01-15 11:30:00
1736941500000,96686.99,96781.9,96653.31,96762.18,83.8956,2025-01-15 11:45:00
1736942400000,96762.19,96795.14,96619.82,96627.83,102.20101,2025-01-15 12:00:00
1736943300000,96627.82,96646.77,96539.77,96591.96,142.05142,2025-01-15 12:15:00
1736944200000,96591.97,97194.35,96575.51,97096.91,261.66868,2025-01-15 12:30:00
1736945100000,97096.91,97096.91,96900.23,96942.93,142.15501,2025-01-15 12:45:00
1736946000000,96942.92,97075.6,96924.68,96944.34,148.13843,2025-01-15 13:00:00
1736946900000,96944.33,97333.0,96852.38,97286.61,309.76336,2025-01-15 13:15:00
1736947800000,97286.6,98692.04,97276.91,98511.99,3092.71103,2025-01-15 13:30:00
1736948700000,98512.0,99073.39,98504.0,98964.0,1298.62125,2025-01-15 13:45:00
1736949600000,98963.99,99451.0,98800.35,98942.95,1052.97501,2025-01-15 14:00:00
1736950500000,98942.95,99153.66,98613.99,98729.41,683.60803,2025-01-15 14:15:00
1736951400000,98729.41,99090.4,98644.78,98993.11,732.41858,2025-01-15 14:30:00
1736952300000,98993.1,99499.0,98831.45,99434.41,709.76295,2025-01-15 14:45:00
1736953200000,99434.8,99696.0,99225.86,99263.2,981.16378,2025-01-15 15:00:00
1736954100000,99263.2,99799.98,99135.48,99714.21,925.26927,2025-01-15 15:15:00
1736955000000,99712.45,99712.45,99250.0,99270.83,575.13827,2025-01-15 15:30:00
1736955900000,99270.83,99482.89,98964.71,98992.42,421.30489,2025-01-15 15:45:00
1736956800000,98992.42,99479.53,98992.42,99434.94,450.99361,2025-01-15 16:00:00
1736957700000,99434.94,99467.69,99084.67,99274.64,301.26183,2025-01-15 16:15:00
1736958600000,99274.64,99274.64,98888.98,99004.98,402.64917,2025-01-15 16:30:00
1736959500000,99004.97,99128.0,98922.04,98995.58,253.07807,2025-01-15 16:45:00
1736960400000,98995.58,99316.41,98976.37,99277.31,286.3891,2025-01-15 17:00:00
1736961300000,99277.31,99335.91,99017.29,99102.01,228.2237,2025-01-15 17:15:00
1736962200000,99102.02,99307.69,99030.0,99091.33,211.27459,2025-01-15 17:30:00
1736963100000,99091.34,99128.09,98602.05,98645.65,365.15694,2025-01-15 17:45:00
1736964000000,98645.65,98905.96,98645.65,98903.98,197.80083,2025-01-15 18:00:00
1736964900000,98903.99,99152.67,98903.99,99087.21,126.85394,2025-01-15 18:15:00
1736965800000,99087.21,99271.56,99000.01,99236.4,181.41436,2025-01-15 18:30:00
1736966700000,99236.41,99483.87,99221.9,99446.14,294.92468,2025-01-15 18:45:00
1736967600000,99446.15,99600.0,99346.15,99377.62,433.1298,2025-01-15 19:00:00
1736968500000,99378.42,99476.43,99297.41,99365.92,258.49813,2025-01-15 19:15:00
1736969400000,99365.93,99712.99,99347.29,99434.31,474.16502,2025-01-15 19:30:00
1736970300000,99434.32,99990.0,99416.1,99844.9,572.006,2025-01-15 19:45:00
1736971200000,99844.91,100399.99,99733.49,100245.7,905.33847,2025-01-15 20:00:00
1736972100000,100245.7,100681.94,100123.54,100179.63,616.05975,2025-01-15 20:15:00
1736973000000,100179.62,100200.02,99684.32,99755.3,466.1365,2025-01-15 20:30:00
1736973900000,99755.3,99821.78,99460.8,99566.4,477.11208,2025-01-15 20:45:00
1736974800000,99566.34,99800.0,99476.16,99766.79,260.38344,2025-01-15 21:00:00
1736975700000,99766.79,99876.4,99642.83,99782.7,206.77201,2025-01-15 21:15:00
1736976600000,99782.71,99797.02,99589.35,99589.35,144.73004,2025-01-15 21:30:00
1736977500000,99589.35,99838.77,99568.73,99672.0,197.3431,2025-01-15 21:45:00
1736978400000,99671.99,99701.2,99564.0,99615.76,131.88152,2025-01-15 22:00:00
1736979300000,99615.77,99649.99,99570.06,99580.03,96.13894,2025-01-15 22:15:00
1736980200000,99580.02,99798.07,99580.02,99782.7,160.35763,2025-01-15 22:30:00
1736981100000,99782.7,99838.28,99684.43,99713.46,146.17312,2025-01-15 22:45:00
1736982000000,99713.45,99774.8,99632.73,99672.3,164.73517,2025-01-15 23:00:00
1736982900000,99672.29,100161.73,99672.29,100138.26,289.98202,2025-01-15 23:15:00
1736983800000,100138.25,100300.0,99901.85,100296.0,358.53983,2025-01-15 23:30:00
1736984700000,100296.0,100510.05,100103.44,100497.35,259.00565,2025-01-15 23:45:00
1736985600000,100497.35,100866.66,100298.15,100299.13,655.67553,2025-01-16 00:00:00
1736986500000,100299.12,100543.48,100070.13,100353.38,309.83773,2025-01-16 00:15:00
1736987400000,100353.39,100427.89,99658.78,99848.19,727.74081,2025-01-16 00:30:00
1736988300000,99848.2,99918.25,99671.25,99869.26,350.63209,2025-01-16 00:45:00
1736989200000,99869.26,100119.71,99814.91,100018.64,412.53819,2025-01-16 01:00:00
1736990100000,100018.64,100076.0,99835.87,99982.09,155.65268,2025-01-16 01:15:00
1736991000000,99982.09,100150.0,99867.17,100090.04,165.55016,2025-01-16 01:30:00
1736991900000,100090.04,100200.0,99985.21,100082.35,246.95168,2025-01-16 01:45:00
1736992800000,100082.35,100112.0,99911.38,100040.0,182.78848,2025-01-16 02:00:00
1736993700000,100040.0,100040.01,99724.02,99729.07,153.01289,2025-01-16 02:15:00
1736994600000,99729.06,99882.95,99558.66,99608.36,303.99132,2025-01-16 02:30:00
1736995500000,99608.35,99680.42,99471.48,99637.77,232.66713,2025-01-16 02:45:00
1736996400000,99637.78,99848.0,99576.01,99700.94,177.15844,2025-01-16 03:00:00
1736997300000,99700.95,99726.91,99513.49,99540.0,157.52032,2025-01-16 03:15:00
1736998200000,99540.0,99545.45,99170.0,99457.55,371.78377,2025-01-16 03:30:00
1736999100000,99457.56,99538.06,99375.87,99478.03,161.25227,2025-01-16 03:45:00
1737000000000,99478.04,99688.75,99478.03,99628.99,139.75127,2025-01-16 04:00:00
1737000900000,99628.99,99650.87,99560.01,99610.02,129.72261,2025-01-16 04:15:00
1737001800000,99610.01,99698.7,99596.32,99600.0,112.48521,2025-01-16 04:30:00
1737002700000,99600.01,99610.0,99554.54,99610.0,81.4407,2025-01-16 04:45:00
1737003600000,99610.0,99610.0,99374.01,99381.76,138.31984,2025-01-16 05:00:00
1737004500000,99381.75,99560.0,99355.23,99516.0,82.96055,2025-01-16 05:15:00
1737005400000,99515.99,99613.99,99396.42,99433.67,100.00786,2025-01-16 05:30:00
1737006300000,99433.67,99498.27,99372.5,99382.11,83.49153,2025-01-16 05:45:00
1737007200000,99382.11,99480.12,99322.19,99472.07,86.79788,2025-01-16 06:00:00
1737008100000,99472.07,99680.46,99416.09,99680.46,147.42503,2025-01-16 06:15:00
1737009000000,99680.45,99921.86,99680.45,99810.41,350.93836,2025-01-16 06:30:00
1737009900000,99810.42,99827.31,99703.78,99801.23,114.93879,2025-01-16 06:45:00
1737010800000,99801.22,99850.0,99715.51,99767.44,114.40231,2025-01-16 07:00:00
1737011700000,99767.44,99825.89,99650.33,99715.52,91.41435,2025-01-16 07:15:00
1737012600000,99715.52,99789.7,99665.7,99756.96,115.02327,2025-01-16 07:30:00
1737013500000,99756.96,99800.0,99692.01,99799.99,82.73882,2025-01-16 07:45:00
1737014400000,99800.0,99816.34,99715.51,99790.5,175.45273,2025-01-16 08:00:00
1737015300000,99790.49,99820.0,99410.23,99549.99,147.72057,2025-01-16 08:15:00
1737016200000,99549.99,99550.0,99005.0,99052.09,340.06521,2025-01-16 08:30:00
1737017100000,99052.08,99130.0,98617.55,98955.8,801.82811,2025-01-16 08:45:00
1737018000000,98955.81,99079.99,98649.41,98838.45,406.45684,2025-01-16 09:00:00
1737018900000,98838.44,99060.62,98699.99,98947.46,509.39664,2025-01-16 09:15:00
1737019800000,98947.45,99119.99,98824.19,99067.25,177.35301,2025-01-16 09:30:00
1737020700000,99067.25,99315.0,99056.31,99152.93,162.12604,2025-01-16 09:45:00
1737021600000,99152.93,99300.0,99122.07,99237.4,145.77859,2025-01-16 10:00:00
1737022500000,99237.41,99368.0,99159.11,99345.62,155.70815,2025-01-16 10:15:00
1737023400000,99345.63,99405.74,99217.8,99223.9,104.94022,2025-01-16 10:30:00
1737024300000,99223.9,99308.23,99200.01,99214.25,52.79119,2025-01-16 10:45:00
1737025200000,99214.26,99333.24,99030.84,99202.24,210.81779,2025-01-16 11:00:00
1737026100000,99202.24,99219.53,98699.99,99064.8,560.76771,2025-01-16 11:15:00
1737027000000,99064.8,99192.9,98924.63,99076.1,129.88403,2025-01-16 11:30:00
1737027900000,99076.1,99277.72,99040.86,99158.71,143.40921,2025-01-16 11:45:00
1737028800000,99158.7,99303.61,98886.95,99261.22,212.61164,2025-01-16 12:00:00
1737029700000,99261.22,99474.4,99188.0,99210.12,218.1627,2025-01-16 12:15:00
1737030600000,99210.12,99517.93,99203.1,99362.3,211.1839,2025-01-16 12:30:00
1737031500000,99362.3,99500.01,99268.98,99392.09,218.86512,2025-01-16 12:45:00
1737032400000,99392.09,99424.81,98857.98,98907.26,335.4456,2025-01-16 13:00:00
1737033300000,98907.26,99176.0,98777.87,98830.7,282.29368,2025-01-16 13:15:00
1737034200000,98830.71,99461.93,98830.7,99391.59,606.39158,2025-01-16 13:30:00
1737035100000,99391.59,99432.0,99054.45,99084.04,261.64483,2025-01-16 13:45:00
1737036000000,99084.05,99164.81,98860.44,99134.69,283.85569,2025-01-16 14:00:00
1737036900000,99134.7,99424.96,99134.25,99345.27,235.72447,2025-01-16 14:15:00
1737037800000,99345.27,99345.27,98222.15,98260.61,814.83683,2025-01-16 14:30:00
1737038700000,98262.0,98262.0,97489.74,97618.89,1690.44761,2025-01-16 14:45:00
1737039600000,97618.88,98292.29,97335.13,97813.15,1163.21812,2025-01-16 15:00:00
1737040500000,97813.16,98436.82,97741.05,98414.57,487.20117,2025-01-16 15:15:00
1737041400000,98414.57,98533.0,98041.66,98321.09,356.43205,2025-01-16 15:30:00
1737042300000,98321.08,99299.0,98208.73,99296.17,574.61503,2025-01-16 15:45:00
1737043200000,99296.17,99815.27,99180.99,99418.82,786.54795,2025-01-16 16:00:00
1737044100000,99418.81,99726.63,99079.05,99714.85,435.845,2025-01-16 16:15:00
1737045000000,99714.85,99873.37,99280.81,99310.75,459.79669,2025-01-16 16:30:00
1737045900000,99310.76,99511.11,99179.1,99346.39,363.03926,2025-01-16 16:45:00
1737046800000,99346.39,99500.0,99178.3,99394.4,246.17942,2025-01-16 17:00:00
1737047700000,99394.39,99884.66,99264.0,99868.92,210.93286,2025-01-16 17:15:00
1737048600000,99868.92,100361.54,99820.89,99995.98,621.50478,2025-01-16 17:30:00
1737049500000,99995.98,100100.0,99728.0,99838.54,301.0525,2025-01-16 17:45:00
1737050400000,99838.55,100070.8,99632.22,99647.54,297.75334,2025-01-16 18:00:00
1737051300000,99647.53,99674.25,99461.52,99495.33,193.54554,2025-01-16 18:15:00
1737052200000,99495.33,99581.0,99290.47,99395.98,223.5208,2025-01-16 18:30:00
1737053100000,99395.98,99647.75,99260.45,99584.24,194.7858,2025-01-16 18:45:00
1737054000000,99584.23,99789.0,99408.0,99738.52,166.41897,2025-01-16 19:00:00
1737054900000,99738.53,99862.66,99577.48,99772.05,142.57012,2025-01-16 19:15:00
1737055800000,99772.05,100060.3,99698.71,100027.7,269.63082,2025-01-16 19:30:00
1737056700000,100027.7,100448.72,100026.25,100417.2,432.59224,2025-01-16 19:45:00
1737057600000,100417.2,100598.21,100256.85,100413.92,552.75554,2025-01-16 20:00:00
1737058500000,100413.92,100615.65,100259.14,100615.64,307.7549,2025-01-16 20:15:00
1737059400000,100615.64,100641.99,100464.0,100501.9,271.83741,2025-01-16 20:30:00
1737060300000,100501.9,100607.1,100290.6,100343.99,375.34992,2025-01-16 20:45:00
1737061200000,100344.0,100399.33,100149.81,100210.04,190.40273,2025-01-16 21:00:00
1737062100000,100210.05,100230.42,99717.6,99880.09,331.03101,2025-01-16 21:15:00
1737063000000,99880.09,100210.33,99815.16,100187.99,150.58485,2025-01-16 21:30:00
1737063900000,100187.99,100230.76,99912.49,100156.98,189.90231,2025-01-16 21:45:00
1737064800000,100156.98,100156.98,99858.62,99915.37,165.29179,2025-01-16 22:00:00
1737065700000,99915.37,99990.0,99567.82,99596.8,121.9126,2025-01-16 22:15:00
1737066600000,99596.8,99625.2,99377.0,99551.8,147.12991,2025-01-16 22:30:00
1737067500000,99551.81,99842.69,99506.76,99838.25,109.24471,2025-01-16 22:45:00
1737068400000,99838.25,100100.0,99746.0,100002.14,336.36751,2025-01-16 23:00:00
1737069300000,100002.15,100115.87,99828.16,99891.23,161.95294,2025-01-16 23:15:00
1737070200000,99891.23,100115.87,99821.19,100099.99,87.07776,2025-01-16 23:30:00
1737071100000,100100.0,100100.0,99974.13,99987.3,74.50326,2025-01-16 23:45:00
1737072000000,99987.3,100350.0,99950.77,100277.8,203.64377,2025-01-17 00:00:00
1737072900000,100277.79,100434.96,100065.24,100156.0,328.0793,2025-01-17 00:15:00
1737073800000,100155.99,100300.0,100113.9,100190.3,122.52174,2025-01-17 00:30:00
1737074700000,100190.31,100190.31,100064.85,100120.58,79.24785,2025-01-17 00:45:00
1737075600000,100120.58,100300.0,100060.35,100080.79,177.16957,2025-01-17 01:00:00
1737076500000,100080.78,100256.0,100050.0,100215.07,135.5166,2025-01-17 01:15:00
1737077400000,100215.07,101666.0,100204.83,101635.49,1792.29109,2025-01-17 01:30:00
1737078300000,101635.5,101833.28,101210.89,101659.8,1024.05979,2025-01-17 01:45:00
1737079200000,101659.8,101812.5,101467.36,101812.49,385.0316,2025-01-17 02:00:00
1737080100000,101812.49,102148.13,101803.13,101858.15,968.02958,2025-01-17 02:15:00
1737081000000,101858.15,101928.64,101549.52,101563.96,427.32874,2025-01-17 02:30:00
1737081900000,101563.95,101563.96,100780.54,101100.0,488.99312,2025-01-17 02:45:00
1737082800000,101100.0,101271.74,100986.79,101013.99,236.32106,2025-01-17 03:00:00
1737083700000,101013.98,101129.69,100943.77,100983.56,162.75214,2025-01-17 03:15:00
1737084600000,100983.57,101258.17,100983.56,101041.61,183.09895,2025-01-17 03:30:00
1737085500000,101041.61,101142.82,100982.26,101051.73,177.45924,2025-01-17 03:45:00
1737086400000,101051.73,101282.76,100965.67,101000.81,180.12529,2025-01-17 04:00:00
1737087300000,101000.81,101219.1,100952.1,101194.0,213.31666,2025-01-17 04:15:00
1737088200000,101194.0,101223.13,101030.0,101180.32,108.04333,2025-01-17 04:30:00
1737089100000,101180.32,101490.78,101132.13,101481.29,183.97109,2025-01-17 04:45:00
1737090000000,101481.28,101778.94,101404.16,101668.51,278.2573,2025-01-17 05:00:00
1737090900000,101668.52,101782.02,101603.67,101624.99,174.62589,2025-01-17 05:15:00
1737091800000,101624.99,101698.85,101343.33,101400.0,206.57006,2025-01-17 05:30:00
1737092700000,101399.99,101520.0,101301.4,101334.05,246.40359,2025-01-17 05:45:00
1737093600000,101334.06,101537.86,101334.05,101532.14,130.54531,2025-01-17 06:00:00
1737094500000,101532.15,101586.96,101435.39,101435.39,80.13427,2025-01-17 06:15:00
1737095400000,101435.39,101481.58,101402.56,101457.92,98.38789,2025-01-17 06:30:00
1737096300000,101457.91,101457.92,101302.6,101408.99,104.80921,2025-01-17 06:45:00
1737097200000,101409.0,101661.0,101408.99,101618.83,226.49787,2025-01-17 07:00:00
1737098100000,101618.83,101697.99,101563.82,101629.72,100.09613,2025-01-17 07:15:00
1737099000000,101629.72,101899.49,101442.27,101668.51,484.94703,2025-01-17 07:30:00
1737099900000,101668.51,101737.2,101401.0,101440.5,381.75438,2025-01-17 07:45:00
1737100800000,101440.51,101772.36,101439.77,101696.01,356.70861,2025-01-17 08:00:00
1737101700000,101696.02,101900.0,101645.33,101899.99,356.50413,2025-01-17 08:15:00
1737102600000,101900.0,102190.0,101880.01,101964.6,726.71451,2025-01-17 08:30:00
1737103500000,101964.61,102220.14,101695.0,102136.01,524.86126,2025-01-17 08:45:00
1737104400000,102136.0,102288.0,102079.72,102182.19,389.66068,2025-01-17 09:00:00
1737105300000,102182.19,102217.66,101992.37,102026.07,341.30838,2025-01-17 09:15:00
1737106200000,102026.07,102038.53,101784.76,101801.53,238.25027,2025-01-17 09:30:00
1737107100000,101801.53,101940.12,101743.19,101861.26,207.99874,2025-01-17 09:45:00
1737108000000,101861.26,102149.34,101794.14,102057.6,299.60821,2025-01-17 10:00:00
1737108900000,102057.61,102250.0,102000.52,102232.64,371.80069,2025-01-17 10:15:00
1737109800000,102232.64,102581.45,102173.59,102372.23,694.88598,2025-01-17 10:30:00
1737110700000,102372.23,102411.78,102255.27,102321.53,183.29456,2025-01-17 10:45:00
1737111600000,102321.54,102321.54,102082.64,102211.13,252.35471,2025-01-17 11:00:00
1737112500000,102211.12,102443.5,102195.89,102338.66,145.66084,2025-01-17 11:15:00
1737113400000,102338.66,102385.49,102211.45,102312.02,174.70896,2025-01-17 11:30:00
1737114300000,102312.02,102312.03,102225.95,102237.6,116.16264,2025-01-17 11:45:00
1737115200000,102237.6,102568.99,102195.9,102519.99,225.11747,2025-01-17 12:00:00
1737116100000,102519.99,102666.0,102429.24,102529.24,230.5046,2025-01-17 12:15:00
1737117000000,102529.24,102789.0,102374.25,102711.44,486.11257,2025-01-17 12:30:00
1737117900000,102711.43,102959.66,102705.35,102745.69,425.9055,2025-01-17 12:45:00
1737118800000,102745.68,102980.0,102745.68,102772.0,226.57726,2025-01-17 13:00:00
1737119700000,102772.0,102834.22,102513.03,102552.0,307.25339,2025-01-17 13:15:00
1737120600000,102552.01,102839.02,102422.45,102771.95,359.27798,2025-01-17 13:30:00
1737121500000,102771.95,102815.92,102431.56,102474.14,197.93445,2025-01-17 13:45:00
1737122400000,102474.14,102713.8,102470.81,102543.04,213.94472,2025-01-17 14:00:00
1737123300000,102543.05,102782.2,102530.11,102751.39,287.52848,2025-01-17 14:15:00
1737124200000,102751.38,103200.0,102279.41,102546.33,1418.09392,2025-01-17 14:30:00
1737125100000,102546.34,103395.47,102537.27,103378.95,947.8254,2025-01-17 14:45:00
1737126000000,103379.23,104224.0,103285.79,104055.18,1638.37906,2025-01-17 15:00:00
1737126900000,104055.17,104254.19,103508.54,103963.32,1041.29414,2025-01-17 15:15:00
1737127800000,103963.32,104127.91,103648.59,103920.38,838.94601,2025-01-17 15:30:00
1737128700000,103920.38,104000.0,103665.4,104000.0,453.68013,2025-01-17 15:45:00
1737129600000,104000.0,104463.13,103841.18,104450.63,815.43258,2025-01-17 16:00:00
1737130500000,104450.63,104777.0,104419.2,104601.95,1124.69832,2025-01-17 16:15:00
1737131400000,104601.95,104945.0,104500.0,104810.07,598.88116,2025-01-17 16:30:00
1737132300000,104810.07,105000.0,104615.61,104972.81,542.01408,2025-01-17 16:45:00
1737133200000,104972.81,104996.0,104650.34,104753.34,474.51942,2025-01-17 17:00:00
1737134100000,104753.34,105269.24,104700.01,105015.11,877.48527,2025-01-17 17:15:00
1737135000000,105015.12,105152.52,104194.0,104257.52,825.4667,2025-01-17 17:30:00
1737135900000,104259.18,104477.86,104025.49,104125.46,456.9697,2025-01-17 17:45:00
1737136800000,104125.46,104405.0,104039.05,104387.98,381.34323,2025-01-17 18:00:00
1737137700000,104387.98,104740.0,104348.88,104613.95,331.32604,2025-01-17 18:15:00
1737138600000,104613.96,104852.56,104514.15,104723.21,291.50777,2025-01-17 18:30:00
1737139500000,104723.2,104946.01,104702.53,104835.68,303.55584,2025-01-17 18:45:00
1737140400000,104835.68,105128.92,104684.21,105128.92,372.49491,2025-01-17 19:00:00
1737141300000,105128.92,105772.98,105061.58,105409.29,981.8468,2025-01-17 19:15:00
1737142200000,105409.29,105650.0,105140.95,105634.32,423.11273,2025-01-17 19:30:00
1737143100000,105634.31,105865.22,105493.98,105834.93,536.1991,2025-01-17 19:45:00
1737144000000,105834.93,105847.02,105286.94,105449.99,504.27356,2025-01-17 20:00:00
1737144900000,105449.99,105561.88,105260.09,105310.01,587.44094,2025-01-17 20:15:00
1737145800000,105310.01,105338.77,104873.95,105033.63,605.41891,2025-01-17 20:30:00
1737146700000,105033.63,105048.46,104539.18,104692.7,549.34371,2025-01-17 20:45:00
1737147600000,104692.7,104900.01,104539.64,104779.99,638.24545,2025-01-17 21:00:00
1737148500000,104779.99,105041.05,104705.48,104988.67,288.14637,2025-01-17 21:15:00
1737149400000,104988.66,105027.21,104680.0,104820.01,236.77325,2025-01-17 21:30:00
1737150300000,104820.02,104905.15,104462.02,104604.49,267.9585,2025-01-17 21:45:00
1737151200000,104604.49,104694.42,104372.6,104401.2,242.86616,2025-01-17 22:00:00
1737152100000,104401.1,104586.31,104344.0,104586.3,210.69632,2025-01-17 22:15:00
1737153000000,104586.3,104650.0,104445.06,104580.79,180.29349,2025-01-17 22:30:00
1737153900000,104580.8,104580.8,104204.0,104410.39,204.49844,2025-01-17 22:45:00
1737154800000,104410.4,104467.99,104240.66,104448.21,169.85383,2025-01-17 23:00:00
1737155700000,104448.21,104526.32,104408.22,104425.24,119.01124,2025-01-17 23:15:00
1737156600000,104425.24,104425.24,104263.7,104263.7,102.81379,2025-01-17 23:30:00
1737157500000,104263.71,104263.71,104065.25,104077.48,158.47762,2025-01-17 23:45:00
1737158400000,104077.47,104401.06,104075.34,104359.99,303.52601,2025-01-18 00:00:00
1737159300000,104360.0,104476.55,104210.52,104224.88,123.19799,2025-01-18 00:15:00
1737160200000,104224.88,104608.41,104210.52,104578.83,125.25118,2025-01-18 00:30:00
1737161100000,104578.84,104656.87,104535.19,104656.87,86.80193,2025-01-18 00:45:00
1737162000000,104656.87,104656.87,104431.22,104438.6,157.73103,2025-01-18 01:00:00
1737162900000,104438.6,104636.21,104312.95,104585.01,204.19447,2025-01-18 01:15:00
1737163800000,104585.01,104585.01,104282.01,104282.01,184.22353,2025-01-18 01:30:00
1737164700000,104282.01,104282.02,104082.19,104268.14,287.28834,2025-01-18 01:45:00
1737165600000,104268.14,104425.91,104268.14,104377.53,100.9978,2025-01-18 02:00:00
1737166500000,104377.54,104460.6,104377.53,104398.0,80.80495,2025-01-18 02:15:00
1737167400000,104398.0,104480.74,104362.0,104406.03,102.20468,2025-01-18 02:30:00
1737168300000,104406.03,104500.0,104259.98,104327.98,148.63907,2025-01-18 02:45:00
1737169200000,104327.99,104479.31,104300.99,104413.04,122.95902,2025-01-18 03:00:00
1737170100000,104413.03,104413.04,104073.99,104190.72,214.04024,2025-01-18 03:15:00
1737171000000,104190.71,104235.22,103000.25,103290.8,763.51217,2025-01-18 03:30:00
1737171900000,103291.07,103686.0,103220.01,103559.82,513.45317,2025-01-18 03:45:00
1737172800000,103559.82,103726.23,103460.09,103501.35,261.51872,2025-01-18 04:00:00
1737173700000,103501.35,103501.35,102666.55,103010.34,750.90788,2025-01-18 04:15:00
1737174600000,103010.34,103533.9,103010.34,103460.81,251.4371,2025-01-18 04:30:00
1737175500000,103460.8,103600.0,103281.25,103599.27,202.12092,2025-01-18 04:45:00
1737176400000,103599.27,103758.18,103312.51,103398.5,282.28284,2025-01-18 05:00:00
1737177300000,103398.51,103771.21,103309.48,103660.77,271.49493,2025-01-18 05:15:00
1737178200000,103660.77,103696.0,103367.34,103449.15,196.80292,2025-01-18 05:30:00
1737179100000,103449.15,103571.44,102818.0,102829.27,627.50401,2025-01-18 05:45:00
1737180000000,102829.27,103288.0,102822.16,103236.55,314.53747,2025-01-18 06:00:00
1737180900000,103236.55,103390.0,103160.05,103182.66,235.30934,2025-01-18 06:15:00
1737181800000,103182.65,103636.91,103014.62,103390.39,383.31355,2025-01-18 06:30:00
1737182700000,103390.4,103586.21,103368.34,103440.39,196.31889,2025-01-18 06:45:00
1737183600000,103440.39,103488.9,103030.85,103030.86,173.23448,2025-01-18 07:00:00
1737184500000,103030.85,103279.61,102958.93,103193.66,232.93408,2025-01-18 07:15:00
1737185400000,103193.66,103193.67,102722.61,102823.43,291.68275,2025-01-18 07:30:00
1737186300000,102823.44,102885.39,102602.48,102821.75,265.73152,2025-01-18 07:45:00
1737187200000,102821.75,102821.75,102277.55,102587.98,484.12512,2025-01-18 08:00:00
1737188100000,102587.99,102804.0,102336.0,102804.0,414.06943,2025-01-18 08:15:00
1737189000000,102803.99,103209.55,102787.2,103194.43,387.71048,2025-01-18 08:30:00
1737189900000,103194.43,103344.7,103112.0,103272.0,209.82895,2025-01-18 08:45:00
1737190800000,103271.99,103321.7,103177.0,103232.23,199.6956,2025-01-18 09:00:00
1737191700000,103232.22,103455.89,103160.5,103455.17,266.54186,2025-01-18 09:15:00
1737192600000,103455.17,103455.18,103059.11,103121.23,170.21168,2025-01-18 09:30:00
1737193500000,103121.24,103223.69,103072.06,103159.29,107.56665,2025-01-18 09:45:00
1737194400000,103159.29,103294.35,102850.0,102900.96,174.06144,2025-01-18 10:00:00
1737195300000,102900.96,103258.66,102828.95,103167.32,223.19327,2025-01-18 10:15:00
1737196200000,103167.33,103233.05,102870.06,102979.58,284.73137,2025-01-18 10:30:00
1737197100000,102979.49,103278.28,102837.19,103184.64,223.15274,2025-01-18 10:45:00
1737198000000,103184.64,103184.64,102932.01,103012.54,134.60957,2025-01-18 11:00:00
1737198900000,103012.54,103387.96,102981.64,103355.17,187.59556,2025-01-18 11:15:00
1737199800000,103355.18,103691.45,103230.24,103691.44,348.44701,2025-01-18 11:30:00
1737200700000,103691.45,103883.01,103567.52,103589.29,298.57475,2025-01-18 11:45:00
1737201600000,103589.29,103700.0,103500.0,103626.19,140.45663,2025-01-18 12:00:00
1737202500000,103626.18,104035.28,103603.59,103609.45,378.83358,2025-01-18 12:15:00
1737203400000,103609.44,103688.88,103372.08,103533.97,220.11319,2025-01-18 12:30:00
1737204300000,103533.98,103615.99,103457.33,103457.34,112.40782,2025-01-18 12:45:00
1737205200000,103457.34,103500.0,103107.65,103310.6,253.708,2025-01-18 13:00:00
1737206100000,103310.6,103520.0,103224.26,103488.98,105.16562,2025-01-18 13:15:00
1737207000000,103488.98,103968.01,103456.78,103860.0,280.04346,2025-01-18 13:30:00
1737207900000,103860.0,104395.92,103793.31,104365.81,524.8301,2025-01-18 13:45:00
1737208800000,104365.81,104562.5,104123.09,104203.89,383.65862,2025-01-18 14:00:00
1737209700000,104203.89,104511.99,104176.52,104187.87,266.72839,2025-01-18 14:15:00
1737210600000,104187.87,104187.88,103722.0,103885.13,409.3302,2025-01-18 14:30:00
1737211500000,103885.12,104095.47,103830.76,103993.03,287.32963,2025-01-18 14:45:00
1737212400000,103993.02,104169.67,103761.05,104134.48,467.83287,2025-01-18 15:00:00
1737213300000,104134.48,104350.34,104100.0,104253.18,298.10348,2025-01-18 15:15:00
1737214200000,104253.17,104875.62,104215.03,104668.54,433.98699,2025-01-18 15:30:00
1737215100000,104668.54,104988.88,104568.96,104568.96,439.64943,2025-01-18 15:45:00
1737216000000,104568.96,104719.29,104289.24,104334.0,466.99049,2025-01-18 16:00:00
1737216900000,104334.01,104377.46,103777.84,103973.69,595.98013,2025-01-18 16:15:00
1737217800000,103973.69,104199.74,103381.57,103386.0,526.51464,2025-01-18 16:30:00
1737218700000,103386.0,103568.0,103156.02,103253.66,359.11671,2025-01-18 16:45:00
1737219600000,103253.65,103878.82,103253.65,103876.95,281.24322,2025-01-18 17:00:00
1737220500000,103876.94,104091.32,103815.78,103894.74,205.86443,2025-01-18 17:15:00
1737221400000,103894.74,104093.34,103799.73,104093.33,178.49868,2025-01-18 17:30:00
1737222300000,104093.34,104207.97,103775.93,103826.16,140.3466,2025-01-18 17:45:00
1737223200000,103826.16,104114.38,103812.71,104110.6,207.19932,2025-01-18 18:00:00
1737224100000,104110.6,104117.0,103779.76,104004.07,201.14373,2025-01-18 18:15:00
1737225000000,104004.07,104260.74,104004.07,104225.5,245.13617,2025-01-18 18:30:00
1737225900000,104225.5,104395.92,103961.82,104084.74,206.5993,2025-01-18 18:45:00
1737226800000,104084.74,104276.71,104084.73,104160.59,139.60426,2025-01-18 19:00:00
1737227700000,104160.6,104295.79,104080.71,104156.01,159.10022,2025-01-18 19:15:00
1737228600000,104156.0,104467.27,104116.58,104439.29,123.58507,2025-01-18 19:30:00
1737229500000,104439.29,104486.93,104335.19,104382.01,160.23275,2025-01-18 19:45:00
1737230400000,104382.0,104488.0,104340.51,104396.19,123.78085,2025-01-18 20:00:00
1737231300000,104396.13,104396.13,103808.14,103921.06,251.48364,2025-01-18 20:15:00
1737232200000,103921.05,104091.29,103920.0,103965.87,149.74716,2025-01-18 20:30:00
1737233100000,103965.86,104035.42,103765.44,104035.42,253.46748,2025-01-18 20:45:00
1737234000000,104035.42,104276.34,104003.43,104188.03,144.73662,2025-01-18 21:00:00
1737234900000,104188.04,104271.3,104000.65,104131.4,197.11977,2025-01-18 21:15:00
1737235800000,104131.39,104131.4,103878.87,104005.2,184.33758,2025-01-18 21:30:00
1737236700000,104005.2,104096.66,103889.29,103889.29,81.14895,2025-01-18 21:45:00
1737237600000,103888.96,104072.19,103860.91,104072.18,156.59125,2025-01-18 22:00:00
1737238500000,104072.19,104200.48,104072.18,104199.61,101.98384,2025-01-18 22:15:00
1737239400000,104199.6,104307.0,104156.0,104156.15,109.22148,2025-01-18 22:30:00
1737240300000,104156.15,104292.77,104148.0,104291.3,50.38588,2025-01-18 22:45:00
1737241200000,104291.3,104585.58,104291.3,104585.57,225.08953,2025-01-18 23:00:00
1737242100000,104585.58,104750.0,104460.33,104464.99,250.38477,2025-01-18 23:15:00
1737243000000,104465.0,104692.89,104460.31,104488.34,137.19957,2025-01-18 23:30:00
1737243900000,104488.33,104556.23,104351.77,104556.23,121.74542,2025-01-18 23:45:00
1737244800000,104556.23,104556.23,104290.01,104313.86,184.6251,2025-01-19 00:00:00
1737245700000,104313.85,104421.63,104175.22,104267.94,156.10758,2025-01-19 00:15:00
1737246600000,104267.93,104371.84,104189.72,104283.22,145.9208,2025-01-19 00:30:00
1737247500000,104283.21,104411.64,104108.0,104108.0,145.12975,2025-01-19 00:45:00
1737248400000,104108.01,104291.14,104108.0,104224.17,120.13551,2025-01-19 01:00:00
1737249300000,104224.17,104410.4,104013.51,104410.4,118.486,2025-01-19 01:15:00
1737250200000,104410.39,104684.22,104410.39,104541.71,202.30816,2025-01-19 01:30:00
1737251100000,104541.71,104584.61,104485.91,104486.83,90.97418,2025-01-19 01:45:00
1737252000000,104486.83,104848.0,104486.83,104841.99,218.36987,2025-01-19 02:00:00
1737252900000,104842.0,105315.23,104787.23,105190.62,502.48582,2025-01-19 02:15:00
1737253800000,105190.61,105458.55,105110.0,105116.54,335.60229,2025-01-19 02:30:00
1737254700000,105116.54,105216.54,104821.02,104877.96,215.40735,2025-01-19 02:45:00
1737255600000,104877.97,104999.0,104560.0,104665.94,239.08174,2025-01-19 03:00:00
1737256500000,104665.95,104816.21,104592.0,104783.49,169.08466,2025-01-19 03:15:00
1737257400000,104783.49,104970.43,104741.08,104839.67,199.22915,2025-01-19 03:30:00
1737258300000,104839.68,105183.51,104839.68,104984.01,228.38636,2025-01-19 03:45:00
1737259200000,104984.01,105181.11,104891.09,105170.06,304.38395,2025-01-19 04:00:00
1737260100000,105170.07,105267.67,104676.48,105052.01,337.93363,2025-01-19 04:15:00
1737261000000,105052.01,105089.82,104804.47,104997.26,266.6139,2025-01-19 04:30:00
1737261900000,104997.26,105079.0,104831.99,105032.03,270.44011,2025-01-19 04:45:00
1737262800000,105032.04,105032.04,104429.55,104482.44,404.13253,2025-01-19 05:00:00
1737263700000,104482.44,104755.07,104191.19,104739.13,368.00096,2025-01-19 05:15:00
1737264600000,104739.12,104838.97,104673.0,104810.96,175.49945,2025-01-19 05:30:00
1737265500000,104810.96,105131.7,104665.41,105116.52,252.59264,2025-01-19 05:45:00
1737266400000,105116.51,105194.1,105032.43,105134.01,177.29055,2025-01-19 06:00:00
1737267300000,105134.01,105345.5,105030.0,105308.37,271.84064,2025-01-19 06:15:00
1737268200000,105308.36,105478.58,105223.9,105467.8,351.61418,2025-01-19 06:30:00
1737269100000,105467.8,105634.78,105369.03,105568.29,407.53951,2025-01-19 06:45:00
1737270000000,105568.29,105594.63,105205.56,105394.52,295.60812,2025-01-19 07:00:00
1737270900000,105394.52,105447.79,105239.46,105259.47,281.3108,2025-01-19 07:15:00
1737271800000,105259.47,105260.67,105015.19,105075.43,300.92206,2025-01-19 07:30:00
1737272700000,105075.44,105316.19,104960.26,105167.12,319.79019,2025-01-19 07:45:00
1737273600000,105167.11,105167.12,104822.57,104822.58,241.9181,2025-01-19 08:00:00
1737274500000,104822.58,104849.4,104622.4,104644.75,378.15348,2025-01-19 08:15:00
1737275400000,104644.76,104965.96,104630.0,104726.09,345.41952,2025-01-19 08:30:00
1737276300000,104726.09,104742.86,104305.36,104428.24,636.12234,2025-01-19 08:45:00
1737277200000,104428.23,104497.52,103904.48,104121.85,820.79209,2025-01-19 09:00:00
1737278100000,104121.85,104338.31,103450.69,104307.56,1064.51415,2025-01-19 09:15:00
1737279000000,104307.56,104711.33,104247.39,104566.99,518.15483,2025-01-19 09:30:00
1737279900000,104566.99,105496.03,104384.62,105299.81,831.76916,2025-01-19 09:45:00
1737280800000,105299.81,105299.81,104730.66,104863.21,324.38026,2025-01-19 10:00:00
1737281700000,104863.22,105048.88,104405.13,104495.97,378.88459,2025-01-19 10:15:00
1737282600000,104495.97,105044.0,104468.42,105002.45,329.18395,2025-01-19 10:30:00
1737283500000,105002.45,105176.0,104823.78,104823.86,367.21981,2025-01-19 10:45:00
1737284400000,104823.86,105209.26,104823.86,105100.33,332.61176,2025-01-19 11:00:00
1737285300000,105100.33,105350.0,104916.0,104936.15,351.81042,2025-01-19 11:15:00
1737286200000,104936.15,105028.59,104448.0,104539.66,447.34439,2025-01-19 11:30:00
1737287100000,104539.65,104715.65,104209.56,104363.23,527.59529,2025-01-19 11:45:00
1737288000000,104363.24,104879.68,104300.75,104781.71,465.40975,2025-01-19 12:00:00
1737288900000,104781.72,104804.49,104399.24,104441.76,430.4899,2025-01-19 12:15:00
1737289800000,104441.76,104800.0,104343.7,104739.52,252.71384,2025-01-19 12:30:00
1737290700000,104739.53,105040.3,104700.0,104936.54,227.51019,2025-01-19 12:45:00
1737291600000,104936.54,105280.0,104850.58,105202.43,389.34541,2025-01-19 13:00:00
1737292500000,105202.42,105321.87,104975.14,105052.87,247.82533,2025-01-19 13:15:00
1737293400000,105052.88,105179.33,104876.31,105163.43,193.04962,2025-01-19 13:30:00
1737294300000,105163.43,105222.0,104922.0,104964.71,317.817,2025-01-19 13:45:00
1737295200000,104964.72,105024.76,104816.75,104865.71,447.13913,2025-01-19 14:00:00
1737296100000,104865.71,105706.48,104789.6,105448.02,714.08364,2025-01-19 14:15:00
1737297000000,105448.03,105618.5,104978.63,104995.65,527.02956,2025-01-19 14:30:00
1737297900000,104995.66,105211.91,104900.0,105160.0,302.8499,2025-01-19 14:45:00
1737298800000,105159.99,105247.4,104500.01,104771.21,691.25399,2025-01-19 15:00:00
1737299700000,104771.22,105059.24,104569.01,105042.85,267.63294,2025-01-19 15:15:00
1737300600000,105042.84,105216.67,104980.29,105112.7,233.98057,2025-01-19 15:30:00
1737301500000,105112.96,105113.64,104675.05,104936.35,317.98398,2025-01-19 15:45:00
1737302400000,104936.35,105057.43,104725.94,104782.67,214.28073,2025-01-19 16:00:00
1737303300000,104782.67,105159.0,104725.68,105158.63,281.22264,2025-01-19 16:15:00
1737304200000,105158.62,105228.27,104884.0,104903.73,204.44902,2025-01-19 16:30:00
1737305100000,104903.73,105011.05,104836.0,104963.11,150.62408,2025-01-19 16:45:00
1737306000000,104963.11,104963.12,104599.99,104600.0,271.90145,2025-01-19 17:00:00
1737306900000,104599.99,104772.73,104556.0,104556.0,288.36133,2025-01-19 17:15:00
1737307800000,104556.01,104682.84,104520.01,104647.56,111.61916,2025-01-19 17:30:00
1737308700000,104647.56,105148.42,104613.64,105115.8,229.066,2025-01-19 17:45:00
1737309600000,105115.8,105250.0,105038.94,105204.98,185.30739,2025-01-19 18:00:00
1737310500000,105204.97,105247.01,105028.0,105084.12,164.65281,2025-01-19 18:15:00
1737311400000,105084.12,105107.97,104972.19,105051.79,134.78664,2025-01-19 18:30:00
1737312300000,105051.79,105118.37,104902.27,105042.9,120.35566,2025-01-19 18:45:00
1737313200000,105042.9,105291.65,104967.66,105251.98,190.22801,2025-01-19 19:00:00
1737314100000,105250.78,105329.09,105184.12,105189.66,109.56366,2025-01-19 19:15:00
1737315000000,105189.66,105510.27,105152.36,105495.67,283.59031,2025-01-19 19:30:00
1737315900000,105495.67,106200.74,105475.87,106200.0,639.78667,2025-01-19 19:45:00
1737316800000,106200.0,106361.39,106000.04,106074.32,578.1395,2025-01-19 20:00:00
1737317700000,106074.32,106074.56,105486.0,105894.84,385.77602,2025-01-19 20:15:00
1737318600000,105894.84,106300.0,105833.22,106180.08,280.06258,2025-01-19 20:30:00
1737319500000,106180.09,106422.43,105803.26,106275.49,385.02964,2025-01-19 20:45:00
1737320400000,106275.49,106368.33,105783.76,106001.28,338.43458,2025-01-19 21:00:00
1737321300000,106001.27,106001.27,104130.98,104389.99,848.88702,2025-01-19 21:15:00
1737322200000,104390.01,105301.0,104359.0,104402.39,1183.65613,2025-01-19 21:30:00
1737323100000,104402.39,104543.56,103684.21,103684.44,1222.36311,2025-01-19 21:45:00
1737324000000,103684.43,104048.0,102714.64,104047.99,1914.90289,2025-01-19 22:00:00
1737324900000,104048.0,104500.0,103565.96,104177.47,778.62371,2025-01-19 22:15:00
1737325800000,104177.48,104199.99,102923.96,103356.46,581.18717,2025-01-19 22:30:00
1737326700000,103356.46,103414.49,101104.71,103414.0,1781.70631,2025-01-19 22:45:00
1737327600000,103414.0,103414.0,100989.77,101268.0,1549.86711,2025-01-19 23:00:00
1737328500000,101268.0,101746.02,100300.0,100538.35,1845.67194,2025-01-19 23:15:00
1737329400000,100538.02,101273.43,99651.6,101211.07,2863.50899,2025-01-19 23:30:00
1737330300000,101211.07,101963.43,100985.41,101331.57,1300.83429,2025-01-19 23:45:00
1737331200000,101331.57,101677.71,100654.8,101408.0,1300.20163,2025-01-20 00:00:00
1737332100000,101407.99,101548.78,100706.0,101088.0,943.40641,2025-01-20 00:15:00
1737333000000,101088.0,101232.66,99550.0,100762.71,1819.57094,2025-01-20 00:30:00
1737333900000,100762.71,100802.41,99652.0,99794.51,1671.71858,2025-01-20 00:45:00
1737334800000,99794.51,100500.0,99629.86,100214.58,1282.43138,2025-01-20 01:00:00
1737335700000,100214.58,100518.05,99745.0,100320.0,741.72525,2025-01-20 01:15:00
1737336600000,100320.0,100999.99,99965.6,100082.26,794.75278,2025-01-20 01:30:00
1737337500000,100082.27,100724.0,100033.1,100692.82,547.75498,2025-01-20 01:45:00
1737338400000,100692.82,101221.75,100600.0,101016.41,609.03134,2025-01-20 02:00:00
1737339300000,101016.41,101713.59,100892.96,101713.58,748.48884,2025-01-20 02:15:00
1737340200000,101713.59,102321.42,101388.64,101657.32,696.5367,2025-01-20 02:30:00
1737341100000,101657.33,102215.26,101509.82,101926.42,658.59967,2025-01-20 02:45:00
1737342000000,101926.56,101984.88,101465.08,101795.9,457.30516,2025-01-20 03:00:00
1737342900000,101795.9,102211.08,101495.17,101653.97,607.36498,2025-01-20 03:15:00
1737343800000,101653.97,101890.91,101487.42,101580.0,479.16728,2025-01-20 03:30:00
1737344700000,101579.99,101958.65,101411.2,101891.93,581.20432,2025-01-20 03:45:00
1737345600000,101891.94,101899.94,101535.28,101789.32,291.79611,2025-01-20 04:00:00
1737346500000,101789.32,102070.57,101594.78,101768.23,398.84402,2025-01-20 04:15:00
1737347400000,101768.24,102378.07,101678.31,102317.14,224.07554,2025-01-20 04:30:00
1737348300000,102317.13,102800.27,102232.33,102232.34,439.60423,2025-01-20 04:45:00
1737349200000,102232.34,102784.0,102127.99,102485.74,341.21876,2025-01-20 05:00:00
1737350100000,102485.74,102825.73,102420.13,102480.01,383.58652,2025-01-20 05:15:00
1737351000000,102480.01,102615.57,102332.0,102615.56,258.36369,2025-01-20 05:30:00
1737351900000,102615.56,102772.3,102297.86,102344.2,248.02855,2025-01-20 05:45:00
1737352800000,102344.2,102623.05,102220.8,102500.37,256.55352,2025-01-20 06:00:00
1737353700000,102500.36,102785.75,102444.31,102640.0,279.10544,2025-01-20 06:15:00
1737354600000,102640.0,104740.0,102606.03,104689.49,1030.92606,2025-01-20 06:30:00
1737355500000,104689.92,109588.0,104689.92,107486.5,8331.197402,2025-01-20 06:45:00
1737356400000,107482.36,109499.99,107357.22,108975.42,4569.74251,2025-01-20 07:00:00
1737357300000,108975.43,109081.13,107701.01,108706.15,1807.37669,2025-01-20 07:15:00
1737358200000,108706.15,108928.58,107801.63,107948.97,1383.77024,2025-01-20 07:30:00
1737359100000,107948.97,108080.0,106923.0,107120.65,960.39838,2025-01-20 07:45:00
1737360000000,107120.65,108000.0,107093.33,107862.48,843.53017,2025-01-20 08:00:00
1737360900000,107862.48,108288.0,107658.73,108038.55,523.76791,2025-01-20 08:15:00
1737361800000,108038.55,108300.0,107821.74,108228.21,716.78804,2025-01-20 08:30:00
1737362700000,108228.21,108381.92,107894.44,108320.01,389.21015,2025-01-20 08:45:00
1737363600000,108320.0,109193.23,108185.27,108756.62,1243.95133,2025-01-20 09:00:00
1737364500000,108756.63,108907.28,107964.95,108238.04,771.42086,2025-01-20 09:15:00
1737365400000,108238.03,108325.24,107548.0,107966.31,705.29579,2025-01-20 09:30:00
1737366300000,107966.31,108200.0,107846.15,108132.05,546.54823,2025-01-20 09:45:00
1737367200000,108132.05,108282.11,107911.29,108078.72,342.56906,2025-01-20 10:00:00
1737368100000,108078.71,108731.92,108057.98,108501.8,485.58375,2025-01-20 10:15:00
1737369000000,108501.8,108630.4,108142.23,108456.48,400.58067,2025-01-20 10:30:00
1737369900000,108456.48,108560.84,107769.18,107964.56,492.35486,2025-01-20 10:45:00
1737370800000,107964.56,108184.13,107780.51,108095.79,361.24125,2025-01-20 11:00:00
1737371700000,108095.79,108550.0,108037.23,108405.33,429.78517,2025-01-20 11:15:00
1737372600000,108405.34,108535.9,108088.0,108143.62,399.64077,2025-01-20 11:30:00
1737373500000,108143.61,108332.5,108038.24,108239.19,358.62984,2025-01-20 11:45:00
1737374400000,108239.19,108700.01,107000.01,107373.15,1118.68716,2025-01-20 12:00:00
1737375300000,107373.16,107600.0,105472.95,106655.98,2301.2567,2025-01-20 12:15:00
1737376200000,106655.98,107000.0,106020.0,106476.0,748.93441,2025-01-20 12:30:00
1737377100000,106476.0,107347.58,106471.09,106917.59,687.89738,2025-01-20 12:45:00
1737378000000,106918.83,107245.11,106651.11,106971.73,536.17195,2025-01-20 13:00:00
1737378900000,106971.73,107476.0,106836.67,107338.17,456.62505,2025-01-20 13:15:00
1737379800000,107338.16,108112.79,107221.27,107689.47,901.33595,2025-01-20 13:30:00
1737380700000,107689.47,108125.0,107580.0,107956.31,503.38823,2025-01-20 13:45:00
1737381600000,107956.31,108130.08,107420.69,107667.42,494.43019,2025-01-20 14:00:00
1737382500000,107667.43,108000.72,107441.44,107486.02,559.03027,2025-01-20 14:15:00
1737383400000,107486.02,107888.9,107277.28,107733.67,470.34123,2025-01-20 14:30:00
1737384300000,107733.67,108075.6,107528.0,107866.65,496.57825,2025-01-20 14:45:00
1737385200000,107866.65,107990.0,107393.99,107393.99,444.73801,2025-01-20 15:00:00
1737386100000,107393.99,107519.34,106250.03,107020.14,1273.24794,2025-01-20 15:15:00
1737387000000,107020.14,107021.5,106343.75,106460.01,748.21075,2025-01-20 15:30:00
1737387900000,106460.01,106460.01,104480.0,104957.99,1970.36966,2025-01-20 15:45:00
1737388800000,104957.99,105831.52,103708.0,104513.09,1810.54024,2025-01-20 16:00:00
1737389700000,104513.1,105659.64,104332.0,105620.01,1415.96123,2025-01-20 16:15:00
1737390600000,105620.01,107050.0,105285.0,106520.89,1224.76053,2025-01-20 16:30:00
1737391500000,106520.89,106870.62,106246.96,106670.38,747.95013,2025-01-20 16:45:00
1737392400000,106670.37,106778.05,101401.01,104231.73,4765.4132,2025-01-20 17:00:00
1737393300000,104231.73,105628.57,103886.5,104176.54,2338.77493,2025-01-20 17:15:00
1737394200000,104176.53,104753.43,100333.0,100786.25,4375.57818,2025-01-20 17:30:00
1737395100000,100789.01,104618.84,100636.89,102963.32,3461.68844,2025-01-20 17:45:00
1737396000000,102963.31,104133.01,102738.23,103923.06,1417.95989,2025-01-20 18:00:00
1737396900000,103923.06,104091.72,103114.23,103724.0,846.33176,2025-01-20 18:15:00
1737397800000,103724.0,104270.67,103500.0,103972.33,707.44933,2025-01-20 18:30:00
1737398700000,103972.34,104469.15,103888.0,103930.66,763.25744,2025-01-20 18:45:00
1737399600000,103930.66,103964.43,103084.57,103706.7,722.84646,2025-01-20 19:00:00
1737400500000,103706.7,103838.53,103017.71,103231.82,476.94001,2025-01-20 19:15:00
1737401400000,103231.82,103493.22,102733.77,103269.95,539.13749,2025-01-20 19:30:00
1737402300000,103269.96,103959.99,103261.67,103691.63,348.31334,2025-01-20 19:45:00
1737403200000,103691.64,103920.77,103352.0,103750.51,378.61013,2025-01-20 20:00:00
1737404100000,103750.52,104296.4,103505.19,103958.4,297.31259,2025-01-20 20:15:00
1737405000000,103958.4,104331.0,103820.0,103861.61,217.89201,2025-01-20 20:30:00
1737405900000,103861.62,104119.99,103632.26,103647.16,207.00366,2025-01-20 20:45:00
1737406800000,103647.16,104000.0,103603.85,103855.12,134.59301,2025-01-20 21:00:00
1737407700000,103854.76,104080.0,103632.4,103710.18,168.5585,2025-01-20 21:15:00
1737408600000,103710.18,103889.96,103220.0,103358.62,436.79589,2025-01-20 21:30:00
1737409500000,103358.61,103379.31,102562.99,102596.0,499.08207,2025-01-20 21:45:00
1737410400000,102596.0,102976.72,101846.15,102583.26,666.61063,2025-01-20 22:00:00
1737411300000,102583.27,103200.0,102553.38,103099.99,337.10152,2025-01-20 22:15:00
1737412200000,103099.99,103582.04,102938.8,103400.0,329.97129,2025-01-20 22:30:00
1737413100000,103400.0,103815.98,103368.1,103608.0,209.81671,2025-01-20 22:45:00
1737414000000,103607.99,103728.52,102722.0,102726.0,468.22823,2025-01-20 23:00:00
1737414900000,102726.0,103244.0,102252.98,103232.9,303.00157,2025-01-20 23:15:00
1737415800000,103232.9,103383.77,102983.2,103300.01,204.11182,2025-01-20 23:30:00
1737416700000,103300.01,103377.59,101701.01,102260.01,841.65062,2025-01-20 23:45:00
1737417600000,102260.0,102580.0,101720.49,102403.56,533.08465,2025-01-21 00:00:00
1737418500000,102403.56,102526.37,101738.78,101974.5,614.70406,2025-01-21 00:15:00
1737419400000,101974.51,102396.23,101652.14,102300.0,809.47774,2025-01-21 00:30:00
1737420300000,102300.0,102672.0,101086.12,101187.75,859.48722,2025-01-21 00:45:00
1737421200000,101187.75,102233.26,101078.03,102149.1,810.02188,2025-01-21 01:00:00
1737422100000,102149.09,102150.0,100200.0,100480.0,1097.8796,2025-01-21 01:15:00
1737423000000,100480.0,101472.1,100119.04,101242.68,1370.02027,2025-01-21 01:30:00
1737423900000,101242.69,101864.85,101104.03,101498.24,546.01495,2025-01-21 01:45:00
1737424800000,101498.23,102442.0,101064.87,102386.01,634.34384,2025-01-21 02:00:00
1737425700000,102386.0,102763.33,101962.0,102428.14,656.18735,2025-01-21 02:15:00
1737426600000,102428.13,102556.0,101955.49,102099.47,353.30598,2025-01-21 02:30:00
1737427500000,102099.47,102674.4,101805.57,102545.56,408.12219,2025-01-21 02:45:00
1737428400000,102545.57,102974.75,102300.0,102699.27,404.1115,2025-01-21 03:00:00
1737429300000,102699.27,103260.1,102453.94,102898.0,390.86835,2025-01-21 03:15:00
1737430200000,102898.01,103230.76,102752.32,103061.27,407.53921,2025-01-21 03:30:00
1737431100000,103061.27,103175.52,102866.23,102936.01,238.5242,2025-01-21 03:45:00
1737432000000,102936.01,102936.01,102376.49,102676.2,413.43804,2025-01-21 04:00:00
1737432900000,102676.2,102974.14,102543.1,102716.6,311.84641,2025-01-21 04:15:00
1737433800000,102716.6,102716.6,101928.58,102333.31,443.70249,2025-01-21 04:30:00
1737434700000,102333.32,102538.46,102161.65,102344.2,208.7164,2025-01-21 04:45:00
1737435600000,102344.21,102527.39,101903.8,102000.01,228.75568,2025-01-21 05:00:00
1737436500000,102000.01,102109.2,101801.8,101995.99,457.49028,2025-01-21 05:15:00
1737437400000,101995.99,102056.0,101343.23,101687.29,386.83299,2025-01-21 05:30:00
1737438300000,101687.29,101801.87,101339.49,101365.98,289.7871,2025-01-21 05:45:00
1737439200000,101365.98,101895.51,101111.68,101780.0,608.54006,2025-01-21 06:00:00
1737440100000,101780.01,101989.67,101705.21,101824.0,263.93552,2025-01-21 06:15:00
1737441000000,101823.99,101947.83,101388.0,101504.0,236.45382,2025-01-21 06:30:00
1737441900000,101503.99,102186.15,101425.44,102176.04,413.89977,2025-01-21 06:45:00
1737442800000,102176.04,102476.09,102032.62,102373.32,418.01401,2025-01-21 07:00:00
1737443700000,102373.33,102480.0,102304.0,102446.21,185.0564,2025-01-21 07:15:00
1737444600000,102446.21,102446.22,102082.39,102161.24,249.591,2025-01-21 07:30:00
1737445500000,102161.24,102256.0,101799.57,101989.05,284.09861,2025-01-21 07:45:00
1737446400000,101989.06,102490.13,101740.82,102380.67,359.89426,2025-01-21 08:00:00
1737447300000,102380.68,102443.65,102150.0,102237.65,154.43286,2025-01-21 08:15:00
1737448200000,102237.66,102403.34,102001.0,102173.52,207.92498,2025-01-21 08:30:00
1737449100000,102173.51,102496.74,102002.17,102466.81,465.07017,2025-01-21 08:45:00
1737450000000,102466.82,102894.29,102327.58,102543.37,658.16413,2025-01-21 09:00:00
1737450900000,102543.37,102621.14,102072.13,102338.48,494.37288,2025-01-21 09:15:00
1737451800000,102338.98,102555.55,102302.33,102493.35,512.79668,2025-01-21 09:30:00
1737452700000,102493.35,102807.25,102460.0,102707.08,361.43057,2025-01-21 09:45:00
1737453600000,102707.07,102861.0,102582.0,102698.16,435.69453,2025-01-21 10:00:00
1737454500000,102698.16,103226.9,102691.61,103182.64,329.16119,2025-01-21 10:15:00
1737455400000,103182.63,103182.64,102966.47,102996.01,245.1712,2025-01-21 10:30:00
1737456300000,102996.01,103364.74,102961.22,103160.85,293.2874,2025-01-21 10:45:00
1737457200000,103160.85,103600.0,103073.86,103570.02,281.72091,2025-01-21 11:00:00
1737458100000,103570.02,103850.0,103488.78,103676.28,560.09,2025-01-21 11:15:00
1737459000000,103676.29,103970.23,103468.62,103863.42,520.51704,2025-01-21 11:30:00
1737459900000,103863.42,103973.02,103708.73,103758.25,355.93193,2025-01-21 11:45:00
1737460800000,103758.25,103978.0,103610.77,103978.0,368.57945,2025-01-21 12:00:00
1737461700000,103977.99,104708.41,103977.99,104454.7,785.86181,2025-01-21 12:15:00
1737462600000,104454.7,104700.0,104332.0,104445.56,493.00533,2025-01-21 12:30:00
1737463500000,104445.57,104579.99,104310.0,104519.98,379.75947,2025-01-21 12:45:00
1737464400000,104519.98,104661.35,104149.18,104628.01,478.99699,2025-01-21 13:00:00
1737465300000,104628.01,104999.99,104460.09,104646.35,556.75543,2025-01-21 13:15:00
1737466200000,104646.35,104735.62,104463.62,104663.98,308.72067,2025-01-21 13:30:00
1737467100000,104663.98,104833.69,104360.02,104457.07,254.58949,2025-01-21 13:45:00
1737468000000,104457.08,104688.0,104404.01,104524.61,228.18408,2025-01-21 14:00:00
1737468900000,104524.62,105270.36,104524.62,105240.37,529.25834,2025-01-21 14:15:00
1737469800000,105240.38,105320.0,103266.56,103758.61,1507.70589,2025-01-21 14:30:00
1737470700000,103758.6,104264.0,103001.0,103260.91,1100.56007,2025-01-21 14:45:00
1737471600000,103260.9,103463.56,102803.43,103073.7,1189.02686,2025-01-21 15:00:00
1737472500000,103073.71,103826.73,103020.0,103720.08,715.74504,2025-01-21 15:15:00
1737473400000,103720.08,104109.98,103360.17,103814.25,630.84945,2025-01-21 15:30:00
1737474300000,103813.86,104021.99,103466.66,103943.0,371.65229,2025-01-21 15:45:00
1737475200000,103942.99,106300.0,103822.02,106043.46,1746.63991,2025-01-21 16:00:00
1737476100000,106043.45,106500.99,105199.05,105412.85,1580.21011,2025-01-21 16:15:00
1737477000000,105412.86,105867.99,104828.5,105104.46,676.21144,2025-01-21 16:30:00
1737477900000,105104.47,105728.07,104822.27,104965.99,363.90675,2025-01-21 16:45:00
1737478800000,104965.99,105527.8,104888.24,105490.18,357.53949,2025-01-21 17:00:00
1737479700000,105490.18,105815.5,105400.0,105685.88,295.41849,2025-01-21 17:15:00
1737480600000,105684.47,105986.64,105512.03,105838.44,253.6573,2025-01-21 17:30:00
1737481500000,105838.44,106400.0,105806.34,106173.26,824.61244,2025-01-21 17:45:00
1737482400000,106173.27,106239.0,105892.0,106093.59,383.51859,2025-01-21 18:00:00
1737483300000,106093.59,106500.0,106010.04,106395.74,455.23427,2025-01-21 18:15:00
1737484200000,106395.73,107240.81,106260.88,106832.89,1120.15664,2025-01-21 18:30:00
1737485100000,106832.89,107100.0,106746.41,106861.18,363.28144,2025-01-21 18:45:00
1737486000000,106861.18,106900.0,106347.5,106347.98,406.1611,2025-01-21 19:00:00
1737486900000,106347.99,106958.95,106263.84,106877.63,342.86731,2025-01-21 19:15:00
1737487800000,106877.64,106877.99,106476.81,106643.99,314.11483,2025-01-21 19:30:00
1737488700000,106643.99,107150.0,106628.39,107031.34,273.70367,2025-01-21 19:45:00
1737489600000,107031.34,107199.99,106756.0,106875.79,351.84506,2025-01-21 20:00:00
1737490500000,106875.79,107163.48,106686.39,107027.96,421.17336,2025-01-21 20:15:00
1737491400000,107027.97,107092.0,105924.24,106072.0,470.74495,2025-01-21 20:30:00
1737492300000,106072.0,106303.59,105963.4,106137.51,395.48583,2025-01-21 20:45:00
1737493200000,106137.51,106415.33,106008.74,106018.4,246.89215,2025-01-21 21:00:00
1737494100000,106018.41,106383.47,105772.0,106235.31,322.64526,2025-01-21 21:15:00
1737495000000,106235.3,106561.17,106220.0,106506.58,341.52165,2025-01-21 21:30:00
1737495900000,106506.58,106814.37,106377.87,106772.23,280.79065,2025-01-21 21:45:00
1737496800000,106772.23,106772.24,106387.09,106463.73,200.69667,2025-01-21 22:00:00
1737497700000,106463.74,106656.0,106358.36,106448.0,148.3434,2025-01-21 22:15:00
1737498600000,106448.0,106478.86,106066.41,106168.71,142.44514,2025-01-21 22:30:00
1737499500000,106168.71,106359.98,105971.99,105996.01,98.57894,2025-01-21 22:45:00
1737500400000,105996.01,106109.79,105420.0,105698.95,491.66028,2025-01-21 23:00:00
1737501300000,105700.0,106079.66,105667.24,105724.15,234.03775,2025-01-21 23:15:00
1737502200000,105724.15,106056.0,105724.12,106015.39,169.41907,2025-01-21 23:30:00
1737503100000,106015.39,106284.0,105818.97,106143.82,198.74312,2025-01-21 23:45:00
1737504000000,106143.82,106218.73,105871.15,105989.41,215.14039,2025-01-22 00:00:00
1737504900000,105989.4,106322.0,105834.36,105986.6,225.77561,2025-01-22 00:15:00
1737505800000,105986.6,106061.07,105830.29,105931.99,165.795,2025-01-22 00:30:00
1737506700000,105931.99,106041.83,105807.08,105948.0,178.99982,2025-01-22 00:45:00
1737507600000,105948.01,106394.46,105758.97,105821.57,262.59863,2025-01-22 01:00:00
1737508500000,105821.57,105968.6,105625.34,105684.44,145.79754,2025-01-22 01:15:00
1737509400000,105684.44,105784.0,105448.99,105462.63,198.04006,2025-01-22 01:30:00
1737510300000,105462.64,105891.01,105462.64,105799.99,143.02047,2025-01-22 01:45:00
1737511200000,105800.0,105906.82,105663.79,105876.02,131.02665,2025-01-22 02:00:00
1737512100000,105876.01,106202.82,105823.46,106027.32,312.33584,2025-01-22 02:15:00
1737513000000,106027.33,106110.48,105870.37,105871.18,253.95015,2025-01-22 02:30:00
1737513900000,105871.19,105886.0,105556.05,105583.89,186.29465,2025-01-22 02:45:00
1737514800000,105583.9,105822.02,105583.89,105815.11,161.06868,2025-01-22 03:00:00
1737515700000,105815.11,105912.18,105760.55,105839.06,199.06004,2025-01-22 03:15:00
1737516600000,105839.05,105839.06,105680.34,105685.55,129.84445,2025-01-22 03:30:00
1737517500000,105685.56,105749.99,105600.0,105600.01,110.51035,2025-01-22 03:45:00
1737518400000,105600.01,105780.0,105566.75,105714.76,140.19373,2025-01-22 04:00:00
1737519300000,105714.75,105793.11,105620.53,105749.0,99.19725,2025-01-22 04:15:00
1737520200000,105749.0,105812.0,105277.24,105416.61,196.37636,2025-01-22 04:30:00
1737521100000,105416.61,105600.0,105400.6,105578.41,128.54758,2025-01-22 04:45:00
1737522000000,105578.41,105760.0,105498.83,105753.85,180.05857,2025-01-22 05:00:00
1737522900000,105753.84,105882.89,105628.0,105628.01,195.35179,2025-01-22 05:15:00
1737523800000,105628.0,105650.01,105500.0,105629.98,119.58801,2025-01-22 05:30:00
1737524700000,105629.98,105767.44,105531.26,105689.15,174.61927,2025-01-22 05:45:00
1737525600000,105689.15,105952.0,105621.03,105885.31,287.85248,2025-01-22 06:00:00
1737526500000,105885.32,105885.32,105359.02,105515.36,214.20187,2025-01-22 06:15:00
1737527400000,105515.36,105594.99,105320.23,105390.0,192.49923,2025-01-22 06:30:00
1737528300000,105390.0,105428.0,105186.71,105379.81,179.96952,2025-01-22 06:45:00
1737529200000,105379.82,105564.0,105320.0,105564.0,98.31672,2025-01-22 07:00:00
1737530100000,105563.99,105678.57,105353.82,105476.1,146.92808,2025-01-22 07:15:00
1737531000000,105476.1,105476.11,105043.88,105087.92,236.00433,2025-01-22 07:30:00
1737531900000,105087.91,105274.82,105055.47,105084.77,304.88796,2025-01-22 07:45:00
1737532800000,105084.77,105163.14,104939.39,105019.99,266.26829,2025-01-22 08:00:00
1737533700000,105020.0,105060.35,104730.72,104805.01,254.63899,2025-01-22 08:15:00
1737534600000,104805.01,105124.3,104700.0,105080.01,223.89651,2025-01-22 08:30:00
1737535500000,105080.01,105343.28,105040.44,105270.03,294.87274,2025-01-22 08:45:00
1737536400000,105270.03,105270.03,104916.43,105000.42,170.78687,2025-01-22 09:00:00
1737537300000,105000.42,105152.24,104937.8,105015.42,132.33955,2025-01-22 09:15:00
1737538200000,105015.42,105198.0,104956.0,105182.32,79.95224,2025-01-22 09:30:00
1737539100000,105182.32,105184.0,104947.51,104984.83,103.09128,2025-01-22 09:45:00
1737540000000,104984.82,105003.5,104647.75,104823.12,184.86852,2025-01-22 10:00:00
1737540900000,104823.13,105010.48,104756.0,104983.0,162.22995,2025-01-22 10:15:00
1737541800000,104983.01,105078.09,104881.33,105046.01,123.2795,2025-01-22 10:30:00
1737542700000,105046.01,105161.76,104980.19,105142.76,68.97346,2025-01-22 10:45:00
1737543600000,105142.14,105148.51,104992.4,105040.57,213.46723,2025-01-22 11:00:00
1737544500000,105042.23,105247.2,104758.62,104795.34,266.55635,2025-01-22 11:15:00
1737545400000,104795.34,105122.43,104789.99,105080.89,176.69623,2025-01-22 11:30:00
1737546300000,105080.9,105464.83,105020.0,105100.39,286.09691,2025-01-22 11:45:00
1737547200000,105100.38,105473.91,105060.35,105473.91,307.70376,2025-01-22 12:00:00
1737548100000,105473.91,105584.23,105365.54,105365.55,241.37055,2025-01-22 12:15:00
1737549000000,105365.55,105464.35,105252.35,105464.35,112.40251,2025-01-22 12:30:00
1737549900000,105464.34,105464.35,105275.86,105275.86,77.69116,2025-01-22 12:45:00
1737550800000,105275.87,105363.76,104900.0,104947.17,188.74603,2025-01-22 13:00:00
1737551700000,104947.16,105070.5,104867.22,104907.1,313.58293,2025-01-22 13:15:00
1737552600000,104907.1,104953.92,104283.67,104620.0,503.29377,2025-01-22 13:30:00
1737553500000,104620.0,104642.0,103768.14,104073.94,574.61531,2025-01-22 13:45:00
1737554400000,104074.43,104177.25,103700.0,104090.01,549.70275,2025-01-22 14:00:00
1737555300000,104090.01,104687.66,104047.78,104662.98,391.54896,2025-01-22 14:15:00
1737556200000,104662.97,104949.0,104066.7,104202.1,535.3289,2025-01-22 14:30:00
1737557100000,104202.1,104715.06,103662.58,104393.66,759.03018,2025-01-22 14:45:00
1737558000000,104393.67,104950.0,104121.14,104949.99,433.1968,2025-01-22 15:00:00
1737558900000,104950.0,105148.95,104384.61,104387.02,443.192,2025-01-22 15:15:00
1737559800000,104387.01,104520.0,103982.0,104294.45,365.98616,2025-01-22 15:30:00
1737560700000,104294.45,104663.97,104060.0,104180.01,210.45689,2025-01-22 15:45:00
1737561600000,104180.01,104232.64,103700.0,103809.55,540.31748,2025-01-22 16:00:00
1737562500000,103809.55,104099.25,103713.09,103987.21,250.9624,2025-01-22 16:15:00
1737563400000,103987.21,104063.21,103339.12,103437.96,538.38487,2025-01-22 16:30:00
1737564300000,103437.96,103875.37,103369.31,103704.64,352.97763,2025-01-22 16:45:00
1737565200000,103704.65,104231.1,103665.73,104124.0,417.4759,2025-01-22 17:00:00
1737566100000,104124.0,104384.5,104036.0,104265.98,163.78173,2025-01-22 17:15:00
1737567000000,104265.98,104604.76,104135.19,104426.0,249.83357,2025-01-22 17:30:00
1737567900000,104426.0,104583.0,104127.44,104345.8,234.98867,2025-01-22 17:45:00
1737568800000,104345.8,104684.0,104273.57,104516.0,227.54667,2025-01-22 18:00:00
1737569700000,104516.0,104535.99,104068.96,104310.0,158.87101,2025-01-22 18:15:00
1737570600000,104310.01,104572.12,104284.48,104374.94,159.18458,2025-01-22 18:30:00
1737571500000,104374.93,104428.21,103756.48,103896.01,253.72477,2025-01-22 18:45:00
1737572400000,103896.01,104332.34,103853.66,104291.77,137.87539,2025-01-22 19:00:00
1737573300000,104291.78,104734.21,104291.77,104490.0,188.02025,2025-01-22 19:15:00
1737574200000,104489.99,104754.64,104301.13,104465.62,273.38189,2025-01-22 19:30:00
1737575100000,104465.62,104720.0,104456.89,104630.0,215.14428,2025-01-22 19:45:00
1737576000000,104630.0,104830.12,104385.66,104572.23,408.2685,2025-01-22 20:00:00
1737576900000,104572.23,104604.0,104316.0,104456.57,226.65412,2025-01-22 20:15:00
1737577800000,104456.56,104612.0,104148.0,104201.36,298.25993,2025-01-22 20:30:00
1737578700000,104201.35,104524.3,104070.61,104321.1,319.9467,2025-01-22 20:45:00
1737579600000,104321.11,104369.12,103779.84,103891.76,224.89315,2025-01-22 21:00:00
1737580500000,103891.76,103952.11,103611.66,103902.27,250.53097,2025-01-22 21:15:00
1737581400000,103902.28,104133.22,103902.28,104017.68,148.91529,2025-01-22 21:30:00
1737582300000,104017.68,104139.63,103900.0,104088.03,85.54125,2025-01-22 21:45:00
1737583200000,104086.95,104110.71,103902.92,104005.11,117.99115,2025-01-22 22:00:00
1737584100000,104005.11,104025.87,103770.01,104013.42,116.3793,2025-01-22 22:15:00
1737585000000,104013.42,104514.8,104013.42,104297.7,214.26976,2025-01-22 22:30:00
1737585900000,104297.7,104342.8,103813.33,103866.79,106.80796,2025-01-22 22:45:00
1737586800000,103866.79,104143.99,103679.46,103940.0,201.7815,2025-01-22 23:00:00
1737587700000,103940.01,104069.0,103773.02,103845.0,83.68793,2025-01-22 23:15:00
1737588600000,103845.01,103982.46,103752.33,103898.88,67.69382,2025-01-22 23:30:00
1737589500000,103898.89,103911.5,103654.0,103706.66,84.88576,2025-01-22 23:45:00
1737590400000,103706.66,103819.99,103570.0,103678.76,174.37579,2025-01-23 00:00:00
1737591300000,103678.76,103678.77,103102.0,103376.13,399.28176,2025-01-23 00:15:00
1737592200000,103376.14,103634.09,103223.6,103235.6,148.27138,2025-01-23 00:30:00
1737593100000,103235.61,103459.99,103052.82,103307.51,237.74774,2025-01-23 00:45:00
1737594000000,103307.51,103420.0,103105.05,103224.59,204.01341,2025-01-23 01:00:00
1737594900000,103224.6,103578.14,103135.51,103540.82,205.77931,2025-01-23 01:15:00
1737595800000,103540.82,103653.84,103342.33,103363.48,131.37354,2025-01-23 01:30:00
1737596700000,103363.48,103380.0,102588.15,102931.94,731.09472,2025-01-23 01:45:00
1737597600000,102931.94,102983.39,102353.04,102519.19,694.17637,2025-01-23 02:00:00
1737598500000,102519.78,102546.19,102129.31,102391.09,582.16101,2025-01-23 02:15:00
1737599400000,102391.09,102500.66,102100.0,102459.99,418.17814,2025-01-23 02:30:00
1737600300000,102459.99,102775.86,102408.78,102655.34,248.62255,2025-01-23 02:45:00
1737601200000,102655.34,103004.58,102608.69,102943.35,236.04285,2025-01-23 03:00:00
1737602100000,102943.35,102996.6,102794.59,102973.84,139.25566,2025-01-23 03:15:00
1737603000000,102973.83,103007.75,102912.84,102964.0,97.69921,2025-01-23 03:30:00
1737603900000,102963.99,102964.0,102197.34,102461.25,312.2082,2025-01-23 03:45:00
1737604800000,102461.24,102493.15,102177.0,102256.35,186.97424,2025-01-23 04:00:00
1737605700000,102256.34,102256.34,101780.0,101810.0,781.53814,2025-01-23 04:15:00
1737606600000,101809.99,102017.93,101575.5,101829.98,295.62574,2025-01-23 04:30:00
1737607500000,101829.98,102142.4,101829.97,102075.22,364.98476,2025-01-23 04:45:00
1737608400000,102075.21,102225.61,102000.0,102212.0,176.75693,2025-01-23 05:00:00
1737609300000,102211.65,102263.93,102000.0,102025.89,171.56356,2025-01-23 05:15:00
1737610200000,102025.89,102560.0,102021.35,102487.56,348.88182,2025-01-23 05:30:00
1737611100000,102487.57,102639.36,102382.18,102532.52,193.08971,2025-01-23 05:45:00
1737612000000,102532.52,102968.31,102532.51,102889.95,155.33331,2025-01-23 06:00:00
1737612900000,102889.95,102895.38,102700.0,102857.24,133.04301,2025-01-23 06:15:00
1737613800000,102857.24,102857.25,102611.81,102627.01,109.35351,2025-01-23 06:30:00
1737614700000,102627.01,102638.01,102209.23,102256.7,198.38339,2025-01-23 06:45:00
1737615600000,102256.71,102420.0,102084.51,102390.1,154.40415,2025-01-23 07:00:00
1737616500000,102390.11,102523.5,102241.65,102325.33,169.59705,2025-01-23 07:15:00
1737617400000,102325.33,102551.76,102149.82,102431.04,159.6583,2025-01-23 07:30:00
1737618300000,102431.04,102803.2,102431.04,102710.27,322.99291,2025-01-23 07:45:00
1737619200000,102710.28,102724.94,102387.93,102481.75,200.62825,2025-01-23 08:00:00
1737620100000,102481.75,102598.83,102284.0,102394.95,107.02938,2025-01-23 08:15:00
1737621000000,102394.95,102464.96,102250.0,102457.41,145.68459,2025-01-23 08:30:00
1737621900000,102457.41,102517.24,102060.0,102215.75,159.96955,2025-01-23 08:45:00
1737622800000,102215.75,102467.73,102184.2,102432.57,120.79182,2025-01-23 09:00:00
1737623700000,102433.11,102441.37,102210.33,102307.25,168.08056,2025-01-23 09:15:00
1737624600000,102307.26,102307.26,101832.13,101905.08,342.66299,2025-01-23 09:30:00
1737625500000,101905.08,101984.38,101650.0,101672.01,264.84967,2025-01-23 09:45:00
1737626400000,101672.0,101896.3,101600.66,101896.3,206.62893,2025-01-23 10:00:00
1737627300000,101896.29,102072.72,101836.0,101950.01,182.4694,2025-01-23 10:15:00
1737628200000,101950.0,102027.31,101262.28,101290.18,434.10254,2025-01-23 10:30:00
1737629100000,101290.18,101683.61,101290.18,101683.61,199.01857,2025-01-23 10:45:00
1737630000000,101683.61,102002.42,101683.6,101979.99,233.67044,2025-01-23 11:00:00
1737630900000,101979.99,102158.93,101929.73,102025.41,221.68593,2025-01-23 11:15:00
1737631800000,102025.4,102195.03,101862.06,101946.6,126.79167,2025-01-23 11:30:00
1737632700000,101946.6,102008.63,101854.86,101944.49,99.89746,2025-01-23 11:45:00
1737633600000,101944.5,102135.05,101755.5,101755.51,187.7043,2025-01-23 12:00:00
1737634500000,101755.51,101778.61,101401.31,101706.59,278.2097,2025-01-23 12:15:00
1737635400000,101706.58,101942.52,101500.0,101578.94,242.71305,2025-01-23 12:30:00
1737636300000,101578.95,101732.15,101460.48,101635.58,169.99592,2025-01-23 12:45:00
1737637200000,101635.59,101784.0,101515.99,101720.44,140.60448,2025-01-23 13:00:00
1737638100000,101720.44,101741.44,101281.62,101523.19,222.90241,2025-01-23 13:15:00
1737639000000,101523.19,102212.46,101523.18,102164.9,459.46875,2025-01-23 13:30:00
1737639900000,102164.9,102709.93,102136.24,102512.28,465.59858,2025-01-23 13:45:00
1737640800000,102512.28,102535.01,102213.61,102294.0,193.22681,2025-01-23 14:00:00
1737641700000,102293.99,102443.06,101989.81,102442.48,245.27621,2025-01-23 14:15:00
1737642600000,102442.48,105076.92,102352.83,104940.95,2671.82443,2025-01-23 14:30:00
1737643500000,104940.94,106050.86,104700.0,105213.5,2747.13852,2025-01-23 14:45:00
1737644400000,105213.6,105792.0,102643.49,103537.99,4022.99599,2025-01-23 15:00:00
1737645300000,103537.99,104464.51,102872.0,104214.49,2694.13084,2025-01-23 15:15:00
1737646200000,104217.41,105082.52,104214.28,105041.55,1352.48212,2025-01-23 15:30:00
1737647100000,105041.55,105429.85,104675.0,105263.52,1146.756,2025-01-23 15:45:00
1737648000000,105263.52,106579.99,105052.0,106500.0,1977.71521,2025-01-23 16:00:00
1737648900000,106499.99,106850.0,105290.83,105965.28,1606.82341,2025-01-23 16:15:00
1737649800000,105965.27,106178.31,105568.63,106074.01,736.66012,2025-01-23 16:30:00
1737650700000,106074.01,106438.29,105028.0,105139.18,839.67077,2025-01-23 16:45:00
1737651600000,105139.18,105147.99,104211.0,104741.33,681.36193,2025-01-23 17:00:00
1737652500000,104741.33,105364.55,104666.93,105286.94,383.73654,2025-01-23 17:15:00
1737653400000,105286.94,105680.0,105224.13,105591.68,450.04338,2025-01-23 17:30:00
1737654300000,105591.68,106230.42,105555.2,105927.78,464.24396,2025-01-23 17:45:00
1737655200000,105927.78,106142.46,105170.46,105217.31,344.79177,2025-01-23 18:00:00
1737656100000,105217.32,105878.93,105205.66,105755.08,308.71357,2025-01-23 18:15:00
1737657000000,105755.08,105927.92,105100.0,105189.48,275.69431,2025-01-23 18:30:00
1737657900000,105189.48,105608.55,105183.54,105424.39,264.71354,2025-01-23 18:45:00
1737658800000,105424.39,105514.73,104821.41,104975.41,395.0554,2025-01-23 19:00:00
1737659700000,104975.41,105148.7,104448.27,104890.37,449.26741,2025-01-23 19:15:00
1737660600000,104890.37,104915.23,104496.34,104782.4,227.26872,2025-01-23 19:30:00
1737661500000,104782.4,104793.11,103399.98,103770.04,769.50513,2025-01-23 19:45:00
1737662400000,103770.05,105973.0,103150.0,104846.04,1727.15428,2025-01-23 20:00:00
1737663300000,104846.03,106421.03,103733.1,105769.22,3315.95996,2025-01-23 20:15:00
1737664200000,105769.21,105834.59,104453.99,104818.42,1724.36424,2025-01-23 20:30:00
1737665100000,104818.41,104974.29,102559.2,103284.48,2534.68189,2025-01-23 20:45:00
1737666000000,103284.01,103410.57,102658.21,102939.99,816.09312,2025-01-23 21:00:00
1737666900000,102940.0,103289.68,102195.7,102734.0,881.09923,2025-01-23 21:15:00
1737667800000,102734.0,103268.37,102298.91,103008.12,543.44784,2025-01-23 21:30:00
1737668700000,103008.12,103283.26,102509.87,103079.08,329.16117,2025-01-23 21:45:00
1737669600000,103079.08,103735.72,102981.07,103658.15,350.3901,2025-01-23 22:00:00
1737670500000,103658.15,104181.02,103296.6,104140.0,668.9423,2025-01-23 22:15:00
1737671400000,104140.0,104700.0,103847.73,104008.89,454.16958,2025-01-23 22:30:00
1737672300000,104008.88,104248.73,103657.16,103978.82,371.74786,2025-01-23 22:45:00
1737673200000,103978.82,104349.59,103776.06,104142.76,255.89993,2025-01-23 23:00:00
1737674100000,104142.76,104544.48,104142.41,104299.99,178.14242,2025-01-23 23:15:00
1737675000000,104299.99,104344.15,104114.0,104134.71,119.08522,2025-01-23 23:30:00
1737675900000,104134.7,104134.71,103848.44,103910.34,170.06397,2025-01-23 23:45:00
1737676800000,103910.35,104157.98,103793.72,103831.13,230.51743,2025-01-24 00:00:00
1737677700000,103831.14,103959.99,103520.09,103661.36,243.78391,2025-01-24 00:15:00
1737678600000,103661.37,103777.37,103564.0,103620.5,158.18155,2025-01-24 00:30:00
1737679500000,103620.5,103780.0,103424.58,103446.62,162.24489,2025-01-24 00:45:00
1737680400000,103446.62,103692.0,103420.56,103624.73,169.13784,2025-01-24 01:00:00
1737681300000,103624.73,103900.0,103505.72,103632.05,157.18278,2025-01-24 01:15:00
1737682200000,103632.05,103672.52,103361.37,103380.14,142.92181,2025-01-24 01:30:00
1737683100000,103380.67,103385.77,103039.87,103234.3,263.80488,2025-01-24 01:45:00
1737684000000,103234.3,103327.0,103004.26,103252.65,180.91967,2025-01-24 02:00:00
1737684900000,103252.66,103487.77,103237.26,103386.51,244.09841,2025-01-24 02:15:00
1737685800000,103386.51,103545.39,103271.0,103284.62,124.54885,2025-01-24 02:30:00
1737686700000,103284.01,103309.8,102956.72,103016.01,241.05263,2025-01-24 02:45:00
1737687600000,103016.0,103463.0,103016.0,103206.73,230.49815,2025-01-24 03:00:00
1737688500000,103206.73,103812.86,102750.0,103479.98,442.54611,2025-01-24 03:15:00
1737689400000,103479.97,104298.0,103430.65,104110.82,607.03973,2025-01-24 03:30:00
1737690300000,104110.82,104186.42,103869.23,103891.75,186.75505,2025-01-24 03:45:00
1737691200000,103891.75,104134.58,103804.77,104002.29,152.20338,2025-01-24 04:00:00
1737692100000,104002.28,104107.67,103863.72,103988.5,142.49115,2025-01-24 04:15:00
1737693000000,103988.5,104500.0,103900.01,104421.96,227.77762,2025-01-24 04:30:00
1737693900000,104421.97,104924.4,104409.77,104631.99,402.18346,2025-01-24 04:45:00
1737694800000,104631.98,105052.0,104543.21,104861.72,292.07545,2025-01-24 05:00:00
1737695700000,104861.72,105036.42,104661.95,104879.77,213.91346,2025-01-24 05:15:00
1737696600000,104879.77,104998.99,104853.66,104916.0,136.92864,2025-01-24 05:30:00
1737697500000,104916.01,105262.13,104808.17,105222.15,242.78009,2025-01-24 05:45:00
1737698400000,105222.15,105355.0,104857.55,104924.73,239.88107,2025-01-24 06:00:00
1737699300000,104924.74,105030.0,104800.0,104901.34,170.34251,2025-01-24 06:15:00
1737700200000,104901.35,104950.98,104628.0,104860.22,166.52464,2025-01-24 06:30:00
1737701100000,104860.22,104997.59,104843.06,104991.01,101.16004,2025-01-24 06:45:00
1737702000000,104991.01,105181.82,104737.58,104812.41,173.08348,2025-01-24 07:00:00
1737702900000,104812.41,104848.49,104660.0,104719.75,108.15442,2025-01-24 07:15:00
1737703800000,104719.75,104853.29,104668.0,104818.19,156.73176,2025-01-24 07:30:00
1737704700000,104818.18,105089.3,104818.18,105046.8,216.26574,2025-01-24 07:45:00
1737705600000,105046.79,105251.25,104922.41,105229.99,157.01232,2025-01-24 08:00:00
1737706500000,105230.0,105560.67,105175.27,105546.62,268.33305,2025-01-24 08:15:00
1737707400000,105546.61,105650.0,105332.5,105343.17,334.91648,2025-01-24 08:30:00
1737708300000,105343.16,105592.0,105260.0,105500.76,178.38689,2025-01-24 08:45:00
1737709200000,105500.76,105520.66,105381.91,105472.83,225.38874,2025-01-24 09:00:00
1737710100000,105472.84,105759.0,105463.43,105611.99,196.18647,2025-01-24 09:15:00
1737711000000,105611.99,105625.08,105207.1,105297.1,241.94738,2025-01-24 09:30:00
1737711900000,105297.09,105297.09,105053.8,105146.67,189.60311,2025-01-24 09:45:00
1737712800000,105146.67,105325.08,105051.46,105220.02,116.72346,2025-01-24 10:00:00
1737713700000,105220.02,105286.56,105058.79,105270.0,120.59928,2025-01-24 10:15:00
1737714600000,105270.01,105428.0,105193.49,105362.39,278.49694,2025-01-24 10:30:00
1737715500000,105362.4,105419.67,105110.09,105416.75,156.07776,2025-01-24 10:45:00
1737716400000,105416.75,105476.91,105326.88,105375.67,127.66102,2025-01-24 11:00:00
1737717300000,105375.67,105527.69,105374.9,105374.9,100.46653,2025-01-24 11:15:00
1737718200000,105374.91,105376.01,105214.15,105237.79,123.83033,2025-01-24 11:30:00
1737719100000,105237.78,105474.29,105229.2,105420.1,164.76444,2025-01-24 11:45:00
1737720000000,105420.11,105586.29,105183.65,105257.98,177.2192,2025-01-24 12:00:00
1737720900000,105257.98,105416.99,105236.67,105316.54,178.06606,2025-01-24 12:15:00
1737721800000,105316.54,105455.33,105300.0,105384.79,134.19012,2025-01-24 12:30:00
1737722700000,105384.79,105535.49,105384.79,105526.58,137.93957,2025-01-24 12:45:00
1737723600000,105526.58,105793.61,105196.73,105259.35,245.58474,2025-01-24 13:00:00
1737724500000,105259.35,105370.99,104982.03,105279.97,198.92708,2025-01-24 13:15:00
1737725400000,105279.98,105290.0,104993.5,105064.81,136.98647,2025-01-24 13:30:00
1737726300000,105064.8,105279.77,104996.0,105118.07,171.11241,2025-01-24 13:45:00
1737727200000,105118.06,105237.15,104880.0,105010.18,184.47628,2025-01-24 14:00:00
1737728100000,105010.18,105322.23,105010.18,105266.02,186.05016,2025-01-24 14:15:00
1737729000000,105266.01,106222.0,104669.17,106222.0,1097.02725,2025-01-24 14:30:00
1737729900000,106221.99,106321.66,105552.14,105758.0,742.79122,2025-01-24 14:45:00
1737730800000,105758.0,105946.73,105505.9,105552.97,294.19537,2025-01-24 15:00:00
1737731700000,105552.97,105990.5,105259.49,105665.03,498.65483,2025-01-24 15:15:00
1737732600000,105665.03,105972.9,105420.0,105640.31,307.66798,2025-01-24 15:30:00
1737733500000,105640.32,105968.99,105588.0,105859.98,231.42629,2025-01-24 15:45:00
1737734400000,105859.99,106126.06,105720.87,105957.27,380.97663,2025-01-24 16:00:00
1737735300000,105957.27,106125.4,105828.04,105989.41,388.10029,2025-01-24 16:15:00
1737736200000,105989.41,106174.99,105860.86,105988.97,249.73634,2025-01-24 16:30:00
1737737100000,105988.41,106129.33,105589.0,105645.89,413.70262,2025-01-24 16:45:00
1737738000000,105645.88,106019.78,105612.0,105963.97,293.64879,2025-01-24 17:00:00
1737738900000,105963.97,106498.41,105959.9,106478.23,401.34335,2025-01-24 17:15:00
1737739800000,106478.22,106498.2,106224.13,106320.0,220.62428,2025-01-24 17:30:00
1737740700000,106320.0,106699.99,106258.65,106458.46,456.91392,2025-01-24 17:45:00
1737741600000,106458.47,106987.58,106426.12,106644.0,668.23708,2025-01-24 18:00:00
1737742500000,106644.0,107120.0,106644.0,106917.98,528.18154,2025-01-24 18:15:00
1737743400000,106917.99,106983.29,106591.21,106641.54,225.01159,2025-01-24 18:30:00
1737744300000,106641.54,106655.18,106056.95,106327.72,333.70586,2025-01-24 18:45:00
1737745200000,106327.31,106606.01,105875.4,106105.61,335.89555,2025-01-24 19:00:00
1737746100000,106105.61,106454.99,106105.6,106369.85,144.75464,2025-01-24 19:15:00
1737747000000,106369.85,106434.21,105882.68,105910.48,199.95641,2025-01-24 19:30:00
1737747900000,105910.29,105910.29,105687.0,105760.94,242.58143,2025-01-24 19:45:00
1737748800000,105760.93,105781.0,105599.52,105668.0,200.34,2025-01-24 20:00:00
1737749700000,105668.01,105668.01,105100.69,105205.11,347.82107,2025-01-24 20:15:00
1737750600000,105205.12,105298.4,104819.12,105033.8,460.40352,2025-01-24 20:30:00
1737751500000,105032.73,105404.45,104736.84,104859.11,333.00512,2025-01-24 20:45:00
1737752400000,104859.4,105252.91,104859.4,105094.66,279.69486,2025-01-24 21:00:00
1737753300000,105094.67,105391.47,105028.74,105289.33,178.29934,2025-01-24 21:15:00
1737754200000,105289.33,105382.88,105030.51,105146.56,146.90823,2025-01-24 21:30:00
1737755100000,105146.56,105292.29,105061.12,105124.61,144.08116,2025-01-24 21:45:00
1737756000000,105124.61,105477.0,105045.0,105201.07,202.89643,2025-01-24 22:00:00
1737756900000,105201.07,105306.41,104950.01,104971.97,115.22097,2025-01-24 22:15:00
1737757800000,104971.96,105218.97,104971.96,105218.97,114.53604,2025-01-24 22:30:00
1737758700000,105218.97,105229.9,104706.08,104777.25,107.63801,2025-01-24 22:45:00
1737759600000,104777.25,104925.2,104461.53,104572.28,350.52699,2025-01-24 23:00:00
1737760500000,104572.29,104687.54,104456.89,104580.16,114.09849,2025-01-24 23:15:00
1737761400000,104580.15,104760.24,104488.42,104713.21,92.68252,2025-01-24 23:30:00
1737762300000,104713.22,104872.16,104680.0,104870.5,107.27727,2025-01-24 23:45:00
1737763200000,104870.51,104870.51,104508.51,104527.83,159.3796,2025-01-25 00:00:00
1737764100000,104527.82,104800.0,104507.99,104623.93,196.83549,2025-01-25 00:15:00
1737765000000,104623.93,104748.0,104456.89,104578.83,204.60963,2025-01-25 00:30:00
1737765900000,104578.84,104636.73,104361.89,104419.59,211.60083,2025-01-25 00:45:00
1737766800000,104419.58,104640.0,104380.15,104549.07,171.229,2025-01-25 01:00:00
1737767700000,104549.08,104751.18,104517.35,104712.12,106.65164,2025-01-25 01:15:00
1737768600000,104712.12,104815.01,104672.41,104772.41,92.82334,2025-01-25 01:30:00
1737769500000,104772.42,104800.01,104678.62,104738.0,79.25964,2025-01-25 01:45:00
1737770400000,104738.01,104738.01,104550.0,104699.53,62.32722,2025-01-25 02:00:00
1737771300000,104699.53,104830.27,104608.0,104668.22,59.55567,2025-01-25 02:15:00
1737772200000,104668.22,104741.45,104580.0,104595.15,53.99408,2025-01-25 02:30:00
1737773100000,104595.15,104652.3,104473.67,104559.54,91.09029,2025-01-25 02:45:00
1737774000000,104559.54,104617.99,104467.45,104525.4,93.28962,2025-01-25 03:00:00
1737774900000,104525.4,104760.37,104461.0,104696.7,75.2343,2025-01-25 03:15:00
1737775800000,104696.7,104996.47,104696.7,104867.03,149.46292,2025-01-25 03:30:00
1737776700000,104867.03,105280.82,104841.32,105202.4,222.51512,2025-01-25 03:45:00
1737777600000,105202.4,105202.4,104981.33,105008.88,91.24924,2025-01-25 04:00:00
1737778500000,105008.89,105008.89,104844.82,104905.12,66.29473,2025-01-25 04:15:00
1737779400000,104905.11,104905.13,104776.65,104829.99,93.56542,2025-01-25 04:30:00
1737780300000,104830.0,104870.2,104620.0,104648.0,81.10678,2025-01-25 04:45:00
1737781200000,104647.99,104701.18,104384.65,104476.65,99.39883,2025-01-25 05:00:00
1737782100000,104476.66,104639.84,104380.85,104623.16,66.51488,2025-01-25 05:15:00
1737783000000,104623.16,104671.01,104500.0,104554.0,62.01815,2025-01-25 05:30:00
1737783900000,104554.0,104569.4,104236.95,104365.97,140.29117,2025-01-25 05:45:00
1737784800000,104365.96,104480.0,104289.71,104440.22,87.88787,2025-01-25 06:00:00
1737785700000,104440.21,104464.51,104216.81,104367.8,136.33477,2025-01-25 06:15:00
1737786600000,104367.81,104386.09,104246.01,104358.61,134.55693,2025-01-25 06:30:00
1737787500000,104358.6,104358.6,104234.18,104308.0,106.08787,2025-01-25 06:45:00
1737788400000,104308.0,104471.5,104287.24,104453.22,85.47126,2025-01-25 07:00:00
1737789300000,104452.8,104523.25,104383.7,104448.23,62.75322,2025-01-25 07:15:00
1737790200000,104448.23,104499.5,104370.68,104387.99,33.86375,2025-01-25 07:30:00
1737791100000,104388.0,104447.17,104369.99,104385.98,59.80965,2025-01-25 07:45:00
1737792000000,104385.99,104450.12,104301.09,104436.0,99.38696,2025-01-25 08:00:00
1737792900000,104435.99,104497.54,104308.0,104340.04,74.2039,2025-01-25 08:15:00
1737793800000,104340.04,104340.65,104135.71,104305.59,123.93792,2025-01-25 08:30:00
1737794700000,104305.6,104358.11,104241.37,104341.98,62.65592,2025-01-25 08:45:00
1737795600000,104341.99,104401.15,104276.41,104279.3,98.02304,2025-01-25 09:00:00
1737796500000,104279.3,104432.99,104279.3,104300.0,41.56331,2025-01-25 09:15:00
1737797400000,104300.01,104450.48,104286.71,104413.79,71.91843,2025-01-25 09:30:00
1737798300000,104413.8,104428.0,104313.65,104366.63,50.95166,2025-01-25 09:45:00
1737799200000,104366.62,104458.34,104106.09,104315.81,151.04538,2025-01-25 10:00:00
1737800100000,104315.81,104398.18,104211.36,104272.6,75.86816,2025-01-25 10:15:00
1737801000000,104272.6,104453.41,104272.6,104445.98,54.60484,2025-01-25 10:30:00
1737801900000,104445.98,104661.04,104428.0,104540.0,86.15003,2025-01-25 10:45:00
1737802800000,104540.0,104618.25,104500.0,104500.0,84.58848,2025-01-25 11:00:00
1737803700000,104500.01,104500.01,104391.27,104446.2,54.20205,2025-01-25 11:15:00
1737804600000,104446.2,104529.24,104431.14,104527.09,41.05105,2025-01-25 11:30:00
1737805500000,104527.1,104700.01,104527.09,104670.99,84.44577,2025-01-25 11:45:00
1737806400000,104670.99,104676.33,104509.49,104574.18,66.07627,2025-01-25 12:00:00
1737807300000,104574.18,104637.42,104456.0,104456.0,47.28882,2025-01-25 12:15:00
1737808200000,104456.01,104691.69,104456.0,104641.25,55.71917,2025-01-25 12:30:00
1737809100000,104641.24,104792.0,104607.96,104753.07,89.78675,2025-01-25 12:45:00
1737810000000,104753.08,104861.35,104682.15,104819.99,169.95965,2025-01-25 13:00:00
1737810900000,104820.0,104868.0,104715.01,104725.61,123.03479,2025-01-25 13:15:00
1737811800000,104725.6,104799.63,104708.49,104753.99,52.72151,2025-01-25 13:30:00
1737812700000,104754.0,104789.79,104629.31,104717.04,49.91859,2025-01-25 13:45:00
1737813600000,104717.05,104721.99,104541.5,104568.65,66.50313,2025-01-25 14:00:00
1737814500000,104568.66,104648.0,104555.51,104606.48,56.61157,2025-01-25 14:15:00
1737815400000,104606.48,104644.0,104473.16,104547.99,57.09459,2025-01-25 14:30:00
1737816300000,104548.0,104620.26,104489.63,104600.01,88.69908,2025-01-25 14:45:00
1737817200000,104600.0,104968.75,104594.01,104923.11,177.35107,2025-01-25 15:00:00
1737818100000,104923.12,105111.11,104801.73,104929.53,200.36545,2025-01-25 15:15:00
1737819000000,104929.52,105031.98,104788.64,104819.38,98.84104,2025-01-25 15:30:00
1737819900000,104819.37,104921.38,104751.46,104897.79,64.14514,2025-01-25 15:45:00
1737820800000,104897.79,104989.49,104827.25,104915.4,81.22727,2025-01-25 16:00:00
1737821700000,104915.41,104960.01,104726.29,104786.48,91.51445,2025-01-25 16:15:00
1737822600000,104786.49,104815.99,104599.39,104638.0,152.5453,2025-01-25 16:30:00
1737823500000,104637.99,104741.76,104591.67,104654.9,99.10955,2025-01-25 16:45:00
1737824400000,104654.91,104691.44,104548.09,104610.53,89.72253,2025-01-25 17:00:00
1737825300000,104610.53,104850.01,104449.75,104780.01,220.54701,2025-01-25 17:15:00
1737826200000,104780.01,104809.92,104568.11,104619.1,127.3961,2025-01-25 17:30:00
1737827100000,104619.1,104934.39,104563.35,104899.71,108.69151,2025-01-25 17:45:00
1737828000000,104899.72,105094.08,104871.99,104871.99,129.79264,2025-01-25 18:00:00
1737828900000,104871.99,105076.92,104843.25,105038.08,142.52325,2025-01-25 18:15:00
1737829800000,105038.08,105286.52,104968.19,104981.49,151.27306,2025-01-25 18:30:00
1737830700000,104981.49,105072.1,104917.11,104983.49,62.66354,2025-01-25 18:45:00
1737831600000,104983.5,105186.64,104983.49,105076.01,146.18513,2025-01-25 19:00:00
1737832500000,105076.02,105187.5,104987.06,105002.91,114.88529,2025-01-25 19:15:00
1737833400000,105002.95,105050.46,104972.94,105002.4,53.71531,2025-01-25 19:30:00
1737834300000,105002.41,105071.17,104909.09,105055.16,59.78581,2025-01-25 19:45:00
1737835200000,105055.16,105173.9,105031.31,105125.85,44.55882,2025-01-25 20:00:00
1737836100000,105125.85,105200.0,105050.23,105086.95,55.85488,2025-01-25 20:15:00
1737837000000,105086.95,105170.0,104976.01,105057.4,63.15688,2025-01-25 20:30:00
1737837900000,105057.4,105116.0,104965.7,104965.71,52.86042,2025-01-25 20:45:00
1737838800000,104965.71,105000.0,104866.66,104920.82,119.20946,2025-01-25 21:00:00
1737839700000,104920.83,104991.3,104899.53,104973.55,52.9466,2025-01-25 21:15:00
1737840600000,104973.56,104995.16,104891.73,104959.96,53.97558,2025-01-25 21:30:00
1737841500000,104959.97,105123.5,104898.96,105102.84,165.30535,2025-01-25 21:45:00
1737842400000,105102.84,105250.0,105072.29,105081.16,92.87856,2025-01-25 22:00:00
1737843300000,105081.17,105121.82,105030.06,105030.07,43.38589,2025-01-25 22:15:00
1737844200000,105030.06,105172.8,105004.53,105065.07,52.1941,2025-01-25 22:30:00
1737845100000,105065.07,105127.16,105046.63,105077.54,32.68908,2025-01-25 22:45:00
1737846000000,105077.54,105134.9,104860.0,104973.75,92.31449,2025-01-25 23:00:00
1737846900000,104973.76,105000.0,104952.29,104978.97,37.68773,2025-01-25 23:15:00
1737847800000,104978.96,104978.97,104889.52,104892.45,30.62215,2025-01-25 23:30:00
1737848700000,104892.46,104905.5,104696.0,104746.85,91.3296,2025-01-25 23:45:00
1737849600000,104746.86,104841.84,104699.0,104741.62,95.724,2025-01-26 00:00:00
1737850500000,104741.62,104800.48,104637.55,104664.36,88.1189,2025-01-26 00:15:00
1737851400000,104664.36,104720.0,104546.8,104648.76,117.73316,2025-01-26 00:30:00
1737852300000,104648.77,104736.0,104515.44,104599.96,77.7696,2025-01-26 00:45:00
1737853200000,104599.95,104651.97,104503.7,104602.75,141.59592,2025-01-26 01:00:00
1737854100000,104602.75,104701.58,104584.04,104701.57,71.64311,2025-01-26 01:15:00
1737855000000,104701.57,104772.0,104618.9,104624.74,50.50463,2025-01-26 01:30:00
1737855900000,104624.75,104669.64,104552.0,104621.37,44.16058,2025-01-26 01:45:00
1737856800000,104621.37,104621.38,104520.03,104599.06,60.97162,2025-01-26 02:00:00
1737857700000,104599.05,104700.0,104583.05,104699.99,37.64012,2025-01-26 02:15:00
1737858600000,104699.99,104718.16,104576.0,104641.63,48.67928,2025-01-26 02:30:00
1737859500000,104641.64,104696.25,104568.0,104696.25,27.61529,2025-01-26 02:45:00
1737860400000,104696.25,104808.0,104696.24,104781.11,51.40633,2025-01-26 03:00:00
1737861300000,104781.11,104844.83,104749.74,104786.64,44.83216,2025-01-26 03:15:00
1737862200000,104786.64,105100.0,104777.89,105084.13,193.06717,2025-01-26 03:30:00
1737863100000,105084.13,105273.24,105007.27,105062.42,164.14555,2025-01-26 03:45:00
1737864000000,105062.41,105148.24,104978.82,105097.35,119.83294,2025-01-26 04:00:00
1737864900000,105097.35,105500.0,105064.9,105380.0,199.58608,2025-01-26 04:15:00
1737865800000,105380.0,105392.74,105169.38,105193.06,88.61871,2025-01-26 04:30:00
1737866700000,105193.06,105244.15,105115.76,105174.27,64.06011,2025-01-26 04:45:00
1737867600000,105174.28,105200.0,105062.13,105138.36,80.35235,2025-01-26 05:00:00
1737868500000,105138.37,105189.66,105023.0,105055.14,82.17884,2025-01-26 05:15:00
1737869400000,105055.13,105096.67,105013.6,105096.67,64.92381,2025-01-26 05:30:00
1737870300000,105096.66,105190.0,105094.12,105094.12,77.18682,2025-01-26 05:45:00
1737871200000,105094.13,105118.78,105035.08,105087.61,50.97098,2025-01-26 06:00:00
1737872100000,105087.61,105099.99,105037.52,105055.8,51.85329,2025-01-26 06:15:00
1737873000000,105055.81,105073.0,104959.2,104971.99,87.72787,2025-01-26 06:30:00
1737873900000,104971.99,105036.02,104971.99,104990.75,53.29857,2025-01-26 06:45:00
1737874800000,104990.75,105028.0,104965.01,104965.01,38.71306,2025-01-26 07:00:00
1737875700000,104965.01,105100.0,104950.0,105013.7,89.56295,2025-01-26 07:15:00
1737876600000,105013.69,105050.0,104960.0,105008.53,55.19627,2025-01-26 07:30:00
1737877500000,105008.54,105038.03,104987.54,104998.35,24.88444,2025-01-26 07:45:00
1737878400000,104998.36,105221.36,104890.56,105085.67,148.56823,2025-01-26 08:00:00
1737879300000,105085.68,105137.45,104985.73,104985.73,39.02479,2025-01-26 08:15:00
1737880200000,104985.74,105000.19,104863.31,104988.8,53.22321,2025-01-26 08:30:00
1737881100000,104988.8,105125.59,104958.65,105030.4,42.68601,2025-01-26 08:45:00
1737882000000,105030.4,105030.41,104908.9,104958.86,42.31502,2025-01-26 09:00:00
1737882900000,104958.85,105000.39,104800.0,104856.08,59.25973,2025-01-26 09:15:00
1737883800000,104856.08,104856.09,104444.01,104629.16,430.08217,2025-01-26 09:30:00
1737884700000,104629.15,104681.46,104539.61,104630.03,89.58031,2025-01-26 09:45:00
1737885600000,104630.02,104699.99,104622.21,104687.51,59.22451,2025-01-26 10:00:00
1737886500000,104687.51,104687.99,104522.69,104621.9,52.45257,2025-01-26 10:15:00
1737887400000,104621.9,104700.0,104500.0,104500.01,80.50751,2025-01-26 10:30:00
1737888300000,104500.01,104722.9,104500.0,104715.29,60.41897,2025-01-26 10:45:00
1737889200000,104715.29,104814.81,104683.67,104799.99,50.58145,2025-01-26 11:00:00
1737890100000,104800.0,104847.69,104679.91,104700.0,50.25478,2025-01-26 11:15:00
1737891000000,104700.0,104801.21,104662.05,104751.38,42.19182,2025-01-26 11:30:00
1737891900000,104751.38,104837.88,104678.59,104818.69,40.19578,2025-01-26 11:45:00
1737892800000,104818.68,104818.69,104720.0,104720.01,32.25331,2025-01-26 12:00:00
1737893700000,104720.01,104782.97,104703.58,104761.49,55.4935,2025-01-26 12:15:00
1737894600000,104761.5,104761.5,104713.8,104715.52,28.47206,2025-01-26 12:30:00
1737895500000,104715.53,104890.0,104715.52,104890.0,78.25929,2025-01-26 12:45:00
1737896400000,104890.0,105126.11,104858.57,104992.62,336.7311,2025-01-26 13:00:00
1737897300000,104992.62,105026.45,104838.43,104922.99,66.59407,2025-01-26 13:15:00
1737898200000,104922.99,105049.34,104880.81,104929.23,66.75098,2025-01-26 13:30:00
1737899100000,104929.23,104961.74,104848.72,104961.73,53.55681,2025-01-26 13:45:00
1737900000000,104961.74,104961.75,104804.0,104834.57,65.43838,2025-01-26 14:00:00
1737900900000,104834.58,104896.0,104804.0,104844.82,34.80076,2025-01-26 14:15:00
1737901800000,104844.82,104960.35,104843.97,104958.91,33.96201,2025-01-26 14:30:00
1737902700000,104958.91,105003.54,104899.99,104944.0,79.05202,2025-01-26 14:45:00
1737903600000,104944.0,105033.32,104887.7,104992.62,43.83355,2025-01-26 15:00:00
1737904500000,104992.61,105093.22,104992.61,105010.01,61.56288,2025-01-26 15:15:00
1737905400000,105010.01,105075.75,104961.02,104981.69,71.30806,2025-01-26 15:30:00
1737906300000,104981.69,105025.6,104967.01,104967.01,28.88921,2025-01-26 15:45:00
1737907200000,104967.02,105022.07,104907.55,104907.55,45.75823,2025-01-26 16:00:00
1737908100000,104907.55,104973.79,104896.0,104952.32,38.30559,2025-01-26 16:15:00
1737909000000,104952.32,105024.32,104952.32,105016.65,35.28878,2025-01-26 16:30:00
1737909900000,105016.65,105040.64,104938.0,104938.02,46.61511,2025-01-26 16:45:00
1737910800000,104938.01,104999.99,104912.53,104999.99,53.26086,2025-01-26 17:00:00
1737911700000,104999.98,105023.24,104950.0,104950.0,38.62968,2025-01-26 17:15:00
1737912600000,104950.0,105050.0,104946.47,104970.24,40.38013,2025-01-26 17:30:00
1737913500000,104970.24,105050.0,104945.11,104945.11,50.11097,2025-01-26 17:45:00
1737914400000,104945.12,105161.75,104906.89,105086.17,147.50208,2025-01-26 18:00:00
1737915300000,105086.18,105260.36,105086.17,105194.02,133.40343,2025-01-26 18:15:00
1737916200000,105194.01,105256.38,105156.0,105156.01,41.58364,2025-01-26 18:30:00
1737917100000,105156.0,105175.11,105090.0,105175.11,32.61032,2025-01-26 18:45:00
1737918000000,105175.11,105240.0,105099.62,105099.62,38.58855,2025-01-26 19:00:00
1737918900000,105099.63,105121.89,105052.53,105080.01,43.56337,2025-01-26 19:15:00
1737919800000,105080.01,105156.0,105040.0,105087.08,37.86621,2025-01-26 19:30:00
1737920700000,105087.07,105115.64,105071.86,105081.63,42.96807,2025-01-26 19:45:00
1737921600000,105081.64,105081.64,104960.0,105010.04,52.61414,2025-01-26 20:00:00
1737922500000,105010.03,105200.0,105010.03,105180.75,41.69724,2025-01-26 20:15:00
1737923400000,105180.75,105180.76,105050.0,105050.01,35.56508,2025-01-26 20:30:00
1737924300000,105050.0,105100.0,104918.52,104949.99,76.732,2025-01-26 20:45:00
1737925200000,104949.99,104950.0,104709.6,104744.19,147.1291,2025-01-26 21:00:00
1737926100000,104744.18,105006.0,104744.18,104895.19,79.51141,2025-01-26 21:15:00
1737927000000,104895.19,104917.42,104796.0,104803.65,52.37958,2025-01-26 21:30:00
1737927900000,104803.65,104803.66,104552.48,104557.19,113.97705,2025-01-26 21:45:00
1737928800000,104557.19,104676.82,104324.32,104427.54,237.39493,2025-01-26 22:00:00
1737929700000,104427.53,104557.45,104380.0,104527.82,78.99036,2025-01-26 22:15:00
1737930600000,104527.82,104715.52,104527.81,104711.0,71.79669,2025-01-26 22:30:00
1737931500000,104711.0,104730.98,104300.01,104330.22,111.4339,2025-01-26 22:45:00
1737932400000,104330.21,104330.21,103288.0,103349.66,946.49015,2025-01-26 23:00:00
1737933300000,103349.67,103360.0,102678.0,103136.42,1099.10102,2025-01-26 23:15:00
1737934200000,103136.42,103136.42,102742.18,102963.88,360.6581,2025-01-26 23:30:00
1737935100000,102963.88,103100.0,102520.44,102620.0,418.52725,2025-01-26 23:45:00
1737936000000,102620.01,103260.0,102313.12,102987.28,690.01303,2025-01-27 00:00:00
1737936900000,102987.28,103044.78,102744.42,102840.03,272.50887,2025-01-27 00:15:00
1737937800000,102840.03,102902.0,102500.0,102500.01,328.63427,2025-01-27 00:30:00
1737938700000,102500.01,102537.06,101600.0,101728.0,1109.38024,2025-01-27 00:45:00
1737939600000,101728.0,102085.04,101168.8,101434.01,1052.98359,2025-01-27 01:00:00
1737940500000,101434.01,101934.0,101228.0,101665.93,512.99385,2025-01-27 01:15:00
1737941400000,101665.92,101976.19,101511.07,101712.64,342.25546,2025-01-27 01:30:00
1737942300000,101712.64,101784.21,101300.03,101308.29,462.35472,2025-01-27 01:45:00
1737943200000,101308.29,101563.68,100835.25,101560.0,999.95053,2025-01-27 02:00:00
1737944100000,101559.99,101688.0,101200.0,101328.5,394.06222,2025-01-27 02:15:00
1737945000000,101328.5,101362.31,101000.0,101210.0,522.63345,2025-01-27 02:30:00
1737945900000,101210.0,101226.12,100856.86,101000.0,401.38531,2025-01-27 02:45:00
1737946800000,100999.99,101451.0,100720.53,101425.56,563.93142,2025-01-27 03:00:00
1737947700000,101425.55,101858.19,101350.66,101816.79,364.34119,2025-01-27 03:15:00
1737948600000,101816.79,101816.79,101360.94,101491.82,208.06841,2025-01-27 03:30:00
1737949500000,101491.82,101524.0,101300.0,101395.64,128.39063,2025-01-27 03:45:00
1737950400000,101395.64,101399.99,100950.0,101038.38,330.40383,2025-01-27 04:00:00
1737951300000,101038.38,101150.0,100600.0,100923.0,495.276,2025-01-27 04:15:00
1737952200000,100923.0,101000.59,100477.0,100597.51,771.0047,2025-01-27 04:30:00
1737953100000,100597.51,100597.51,100227.01,100410.04,412.40362,2025-01-27 04:45:00
1737954000000,100410.04,100690.99,100360.0,100581.6,327.81033,2025-01-27 05:00:00
1737954900000,100581.59,100732.0,100293.86,100459.99,284.69507,2025-01-27 05:15:00
1737955800000,100460.0,100524.0,100024.19,100301.69,653.62668,2025-01-27 05:30:00
1737956700000,100301.7,100420.0,99713.37,100374.08,1363.60105,2025-01-27 05:45:00
1737957600000,100374.07,100491.99,100166.5,100261.03,460.8506,2025-01-27 06:00:00
1737958500000,100261.03,100261.03,99736.12,99980.01,864.31854,2025-01-27 06:15:00
1737959400000,99980.02,99980.02,99010.09,99110.0,1258.52716,2025-01-27 06:30:00
1737960300000,99110.0,99398.11,98721.0,98956.32,1249.89856,2025-01-27 06:45:00
1737961200000,98956.31,99239.0,98846.15,98977.21,499.70542,2025-01-27 07:00:00
1737962100000,98977.21,99045.29,97777.77,97808.1,1678.46695,2025-01-27 07:15:00
1737963000000,97808.1,99232.26,97792.0,99158.54,1431.67678,2025-01-27 07:30:00
1737963900000,99158.55,99415.92,98900.0,99048.02,569.3689,2025-01-27 07:45:00
1737964800000,99048.01,99208.54,98700.0,99150.63,546.32872,2025-01-27 08:00:00
1737965700000,99150.64,99367.73,98885.66,99143.5,504.03514,2025-01-27 08:15:00
1737966600000,99143.5,99143.5,98700.0,98819.72,435.75402,2025-01-27 08:30:00
1737967500000,98819.71,99068.88,98757.6,99043.77,354.36963,2025-01-27 08:45:00
1737968400000,99043.78,99486.14,98942.85,99300.46,466.25032,2025-01-27 09:00:00
1737969300000,99300.45,99533.33,98806.0,98817.7,391.19462,2025-01-27 09:15:00
1737970200000,98817.71,99362.31,98800.0,99166.37,351.51489,2025-01-27 09:30:00
1737971100000,99166.37,99436.11,99092.0,99424.38,360.90597,2025-01-27 09:45:00
1737972000000,99424.37,99454.76,99128.01,99144.51,253.60134,2025-01-27 10:00:00
1737972900000,99144.51,99322.59,98962.51,99108.01,278.77852,2025-01-27 10:15:00
1737973800000,99108.01,99153.99,98624.01,98786.15,614.70135,2025-01-27 10:30:00
1737974700000,98786.16,99050.0,98263.49,98392.74,646.5964,2025-01-27 10:45:00
1737975600000,98392.74,98936.0,98324.01,98712.79,630.95401,2025-01-27 11:00:00
1737976500000,98712.8,99131.42,98600.0,99057.06,441.51411,2025-01-27 11:15:00
1737977400000,99057.05,99362.03,98894.84,98962.36,298.86777,2025-01-27 11:30:00
1737978300000,98962.35,99053.38,98761.12,98761.13,215.02238,2025-01-27 11:45:00
1737979200000,98761.12,99250.0,98714.28,99037.03,324.71279,2025-01-27 12:00:00
1737980100000,99037.03,99163.48,98917.01,99098.01,221.94587,2025-01-27 12:15:00
1737981000000,99098.0,99768.56,99016.16,99761.99,416.07764,2025-01-27 12:30:00
1737981900000,99761.99,100910.27,99646.01,100619.68,1202.12817,2025-01-27 12:45:00
1737982800000,100619.68,101650.01,100316.44,101628.22,1248.48637,2025-01-27 13:00:00
1737983700000,101628.21,101666.66,100617.83,100882.99,1140.23927,2025-01-27 13:15:00
1737984600000,100882.99,101244.63,100696.0,100842.53,537.39857,2025-01-27 13:30:00
1737985500000,100842.53,100959.46,100000.0,100483.99,809.57374,2025-01-27 13:45:00
1737986400000,100483.98,100588.2,100105.54,100139.96,312.81249,2025-01-27 14:00:00
1737987300000,100139.95,100830.9,100139.95,100765.4,311.42128,2025-01-27 14:15:00
1737988200000,100765.41,101428.0,100416.0,101224.0,1269.73973,2025-01-27 14:30:00
1737989100000,101224.01,102317.94,101135.02,101920.89,1218.58124,2025-01-27 14:45:00
1737990000000,101920.88,102118.49,101502.06,101523.45,852.91895,2025-01-27 15:00:00
1737990900000,101523.46,101940.0,100852.0,101658.99,633.68688,2025-01-27 15:15:00
1737991800000,101658.98,101830.9,101299.79,101341.19,579.24915,2025-01-27 15:30:00
1737992700000,101341.19,101559.41,101100.0,101112.03,267.10246,2025-01-27 15:45:00
1737993600000,101112.03,101250.56,100850.43,101045.58,464.62869,2025-01-27 16:00:00
1737994500000,101045.58,101164.0,100564.0,100829.22,403.12713,2025-01-27 16:15:00
1737995400000,100829.17,100829.17,99566.25,99976.07,1014.31832,2025-01-27 16:30:00
1737996300000,99976.06,100275.08,99582.0,99744.0,456.99128,2025-01-27 16:45:00
1737997200000,99744.0,100050.02,99248.26,99585.87,472.68416,2025-01-27 17:00:00
1737998100000,99585.88,99660.0,99049.98,99575.13,425.31806,2025-01-27 17:15:00
1737999000000,99575.12,99980.08,99381.57,99585.99,421.1133,2025-01-27 17:30:00
1737999900000,99586.0,99805.45,99142.46,99150.01,433.54417,2025-01-27 17:45:00
1738000800000,99150.01,99584.0,99049.94,99488.68,359.33684,2025-01-27 18:00:00
1738001700000,99488.68,99753.89,99146.36,99171.43,273.82127,2025-01-27 18:15:00
1738002600000,99171.44,99545.42,99072.28,99168.35,226.1341,2025-01-27 18:30:00
1738003500000,99168.35,99399.17,98864.0,99180.0,687.67812,2025-01-27 18:45:00
1738004400000,99180.0,99693.96,99175.03,99195.99,438.8415,2025-01-27 19:00:00
1738005300000,99196.0,99779.0,99184.94,99690.0,304.65231,2025-01-27 19:15:00
1738006200000,99690.04,99952.0,99564.19,99733.99,196.92432,2025-01-27 19:30:00
1738007100000,99733.99,99743.92,99400.71,99700.02,294.48416,2025-01-27 19:45:00
1738008000000,99700.01,99935.82,99606.46,99756.01,240.68928,2025-01-27 20:00:00
1738008900000,99756.01,100412.18,99668.02,100351.68,238.0216,2025-01-27 20:15:00
1738009800000,100351.99,100952.48,100351.99,100944.51,329.50068,2025-01-27 20:30:00
1738010700000,100944.51,101750.4,100932.23,101386.5,729.39012,2025-01-27 20:45:00
1738011600000,101386.11,102405.0,101324.63,102295.12,751.72851,2025-01-27 21:00:00
1738012500000,102295.12,102370.07,101567.0,101672.55,534.84553,2025-01-27 21:15:00
1738013400000,101672.54,101724.53,100954.0,101123.99,340.25227,2025-01-27 21:30:00
1738014300000,101124.0,101503.17,101120.0,101349.67,200.74971,2025-01-27 21:45:00
1738015200000,101349.67,101677.51,101349.67,101520.28,128.92423,2025-01-27 22:00:00
1738016100000,101520.28,101592.0,101277.77,101474.0,132.29888,2025-01-27 22:15:00
1738017000000,101474.0,101717.24,101421.36,101708.12,142.756,2025-01-27 22:30:00
1738017900000,101708.12,101961.09,101604.0,101637.18,144.23167,2025-01-27 22:45:00
1738018800000,101637.18,102123.25,101637.18,101993.52,207.83566,2025-01-27 23:00:00
1738019700000,101993.52,102107.33,101700.21,101739.95,202.78857,2025-01-27 23:15:00
1738020600000,101739.96,102039.26,101734.4,101764.05,228.60329,2025-01-27 23:30:00
1738021500000,101764.05,102183.21,101764.05,102082.83,189.9352,2025-01-27 23:45:00
1738022400000,102082.83,102892.0,102067.8,102458.67,545.7842,2025-01-28 00:00:00
1738023300000,102458.94,102535.99,102172.83,102191.0,202.02104,2025-01-28 00:15:00
1738024200000,102190.99,102350.7,102027.21,102288.11,220.18851,2025-01-28 00:30:00
1738025100000,102288.1,102339.76,101777.0,101856.01,217.97625,2025-01-28 00:45:00
1738026000000,101856.0,101900.04,101629.62,101853.09,148.64449,2025-01-28 01:00:00
1738026900000,101853.1,102000.0,101466.0,101475.05,191.14104,2025-01-28 01:15:00
1738027800000,101475.04,101728.21,101466.0,101578.01,253.22137,2025-01-28 01:30:00
1738028700000,101578.0,101844.35,101382.66,101382.67,225.88343,2025-01-28 01:45:00
1738029600000,101382.66,101590.38,101334.55,101515.99,174.33114,2025-01-28 02:00:00
1738030500000,101515.99,102104.0,101477.6,101975.84,326.0125,2025-01-28 02:15:00
1738031400000,101975.84,102320.88,101848.89,102290.25,144.52217,2025-01-28 02:30:00
1738032300000,102290.25,102436.79,102161.07,102402.01,175.1486,2025-01-28 02:45:00
1738033200000,102402.01,102443.93,102026.02,102350.91,210.53528,2025-01-28 03:00:00
1738034100000,102350.9,102459.31,102242.42,102353.14,155.04431,2025-01-28 03:15:00
1738035000000,102353.15,102606.07,102285.48,102601.99,184.04943,2025-01-28 03:30:00
1738035900000,102606.03,102880.0,102545.45,102636.32,295.73261,2025-01-28 03:45:00
1738036800000,102636.32,102862.77,102600.0,102800.0,135.82502,2025-01-28 04:00:00
1738037700000,102800.0,103022.3,102663.61,103013.79,201.35833,2025-01-28 04:15:00
1738038600000,103013.78,103371.24,103001.71,103117.73,357.71927,2025-01-28 04:30:00
1738039500000,103117.72,103133.63,102899.9,102901.45,147.40816,2025-01-28 04:45:00
1738040400000,102901.45,103168.36,102901.45,102973.53,182.9104,2025-01-28 05:00:00
1738041300000,102973.52,103092.81,102812.9,103035.99,153.83675,2025-01-28 05:15:00
1738042200000,103036.0,103283.33,102988.14,103221.81,148.13094,2025-01-28 05:30:00
1738043100000,103221.81,103339.61,102911.2,103014.59,115.4496,2025-01-28 05:45:00
1738044000000,103014.6,103200.0,102910.53,102950.83,116.26305,2025-01-28 06:00:00
1738044900000,102950.83,102980.0,102757.17,102849.98,105.81965,2025-01-28 06:15:00
1738045800000,102849.99,102911.51,102599.2,102676.97,131.75948,2025-01-28 06:30:00
1738046700000,102676.96,102872.0,102652.0,102744.38,110.25484,2025-01-28 06:45:00
1738047600000,102744.39,103065.0,102527.39,103025.84,166.46238,2025-01-28 07:00:00
1738048500000,103025.85,103320.0,103018.96,103272.66,186.97917,2025-01-28 07:15:00
1738049400000,103272.66,103343.65,102857.83,102857.83,200.06821,2025-01-28 07:30:00
1738050300000,102857.84,102924.0,102616.23,102789.72,194.21221,2025-01-28 07:45:00
1738051200000,102789.72,102913.69,102607.34,102833.51,135.76035,2025-01-28 08:00:00
1738052100000,102833.52,103028.53,102760.22,102832.99,107.41131,2025-01-28 08:15:00
1738053000000,102832.99,102878.79,102637.75,102843.1,93.295,2025-01-28 08:30:00
1738053900000,102843.1,102878.79,102707.35,102851.23,91.57973,2025-01-28 08:45:00
1738054800000,102851.23,102965.28,102752.01,102834.17,106.65644,2025-01-28 09:00:00
1738055700000,102834.17,102856.39,102393.94,102474.87,202.11389,2025-01-28 09:15:00
1738056600000,102474.87,102800.0,102444.11,102628.78,174.80443,2025-01-28 09:30:00
1738057500000,102628.78,102962.66,102539.24,102955.99,184.82725,2025-01-28 09:45:00
1738058400000,102955.99,102989.0,102821.71,102972.93,94.44232,2025-01-28 10:00:00
1738059300000,102972.94,103181.82,102953.89,102953.89,167.91308,2025-01-28 10:15:00
1738060200000,102953.9,103000.0,102705.83,102714.65,117.4671,2025-01-28 10:30:00
1738061100000,102714.64,102760.51,102600.79,102745.36,101.16574,2025-01-28 10:45:00
1738062000000,102745.37,102934.7,102700.5,102874.21,106.22949,2025-01-28 11:00:00
1738062900000,102874.21,102943.07,102641.87,102693.47,109.20491,2025-01-28 11:15:00
1738063800000,102693.48,102739.42,102564.77,102701.53,107.62185,2025-01-28 11:30:00
1738064700000,102701.53,102870.0,102701.53,102762.01,151.10925,2025-01-28 11:45:00
1738065600000,102762.02,102988.6,102712.61,102872.82,142.79551,2025-01-28 12:00:00
1738066500000,102872.82,102901.11,102620.0,102683.79,117.85937,2025-01-28 12:15:00
1738067400000,102683.8,102727.89,102476.63,102655.49,150.42529,2025-01-28 12:30:00
1738068300000,102655.5,102702.66,102489.06,102599.99,121.22808,2025-01-28 12:45:00
1738069200000,102599.99,102886.2,102564.0,102886.19,92.74123,2025-01-28 13:00:00
1738070100000,102886.19,102938.71,102773.2,102820.0,85.70862,2025-01-28 13:15:00
1738071000000,102820.0,102820.0,102482.35,102571.65,135.83389,2025-01-28 13:30:00
1738071900000,102571.65,102713.98,102501.6,102597.36,101.53193,2025-01-28 13:45:00
1738072800000,102597.37,102597.37,101815.26,101962.98,440.03927,2025-01-28 14:00:00
1738073700000,101962.97,102619.99,101937.22,102580.26,286.4988,2025-01-28 14:15:00
1738074600000,102580.26,102891.33,102058.99,102159.99,754.24669,2025-01-28 14:30:00
1738075500000,102159.99,102805.93,102076.93,102641.99,462.04593,2025-01-28 14:45:00
1738076400000,102642.0,103315.79,102625.01,102937.33,676.65518,2025-01-28 15:00:00
1738077300000,102937.33,103280.0,102738.46,103210.22,298.86774,2025-01-28 15:15:00
1738078200000,103210.22,103800.0,102904.62,102964.93,920.23009,2025-01-28 15:30:00
1738079100000,102964.93,103116.07,102504.0,102777.99,319.74338,2025-01-28 15:45:00
1738080000000,102777.99,102907.98,102253.52,102267.4,462.40414,2025-01-28 16:00:00
1738080900000,102267.41,102440.28,101906.24,102041.99,534.80691,2025-01-28 16:15:00
1738081800000,102042.0,102411.96,102025.0,102382.0,281.124,2025-01-28 16:30:00
1738082700000,102382.01,102576.93,101972.84,102250.01,267.79974,2025-01-28 16:45:00
1738083600000,102250.01,103084.0,102220.07,103035.9,521.1732,2025-01-28 17:00:00
1738084500000,103035.9,103098.0,102733.33,102848.86,311.18234,2025-01-28 17:15:00
1738085400000,102848.87,102928.0,102338.0,102446.01,355.9059,2025-01-28 17:30:00
1738086300000,102446.0,102748.0,102346.01,102572.82,214.03859,2025-01-28 17:45:00
1738087200000,102572.82,103085.73,102375.0,103030.41,432.62271,2025-01-28 18:00:00
1738088100000,103030.41,103108.0,102785.56,102854.56,245.22751,2025-01-28 18:15:00
1738089000000,102854.57,102955.89,102472.49,102536.32,165.47521,2025-01-28 18:30:00
1738089900000,102536.0,102542.4,102160.0,102205.79,195.60227,2025-01-28 18:45:00
1738090800000,102205.78,102235.0,101820.15,102071.99,266.10232,2025-01-28 19:00:00
1738091700000,102071.98,102400.0,101980.99,102237.13,199.06743,2025-01-28 19:15:00
1738092600000,102237.12,102397.8,102043.53,102396.38,107.5948,2025-01-28 19:30:00
1738093500000,102396.39,102660.0,102396.39,102424.24,135.92696,2025-01-28 19:45:00
1738094400000,102424.24,102538.0,102302.11,102391.99,115.80904,2025-01-28 20:00:00
1738095300000,102391.99,102392.0,101955.49,101972.09,180.05268,2025-01-28 20:15:00
1738096200000,101972.1,102150.23,101896.4,101964.45,125.21981,2025-01-28 20:30:00
1738097100000,101964.45,101966.96,101197.04,101264.48,544.05064,2025-01-28 20:45:00
1738098000000,101264.02,101476.02,101090.71,101293.02,319.55171,2025-01-28 21:00:00
1738098900000,101293.03,101547.22,101228.27,101470.95,159.00561,2025-01-28 21:15:00
1738099800000,101470.94,101496.66,100598.22,100761.99,434.30864,2025-01-28 21:30:00
1738100700000,100761.98,100918.38,100272.68,100334.01,461.83586,2025-01-28 21:45:00
1738101600000,100334.0,100877.47,100274.96,100877.47,280.63227,2025-01-28 22:00:00
1738102500000,100877.47,101119.54,100570.36,100735.81,290.44491,2025-01-28 22:15:00
1738103400000,100735.8,101100.09,100568.01,101053.24,129.32379,2025-01-28 22:30:00
1738104300000,101053.25,101404.0,100923.07,101265.63,155.77815,2025-01-28 22:45:00
1738105200000,101265.63,101424.07,101000.0,101229.54,178.0017,2025-01-28 23:00:00
1738106100000,101229.55,101284.62,100908.51,100953.78,153.02538,2025-01-28 23:15:00
1738107000000,100953.78,101186.05,100750.0,101171.62,191.33994,2025-01-28 23:30:00
1738107900000,101171.62,101450.0,101161.76,101335.52,124.87652,2025-01-28 23:45:00
1738108800000,101335.52,101587.49,101328.01,101534.89,146.27438,2025-01-29 00:00:00
1738109700000,101534.88,101682.58,101430.23,101478.01,154.88314,2025-01-29 00:15:00
1738110600000,101478.01,101768.81,101396.0,101768.81,105.95483,2025-01-29 00:30:00
1738111500000,101768.98,101819.67,101645.75,101702.59,96.47473,2025-01-29 00:45:00
1738112400000,101702.6,101993.68,101702.6,101762.49,111.97503,2025-01-29 01:00:00
1738113300000,101762.49,101848.84,101616.39,101677.15,91.47455,2025-01-29 01:15:00
1738114200000,101677.14,101733.04,101461.12,101717.99,139.24088,2025-01-29 01:30:00
1738115100000,101717.99,101884.0,101692.46,101845.02,122.86919,2025-01-29 01:45:00
1738116000000,101845.02,102319.69,101845.01,102034.43,196.68707,2025-01-29 02:00:00
1738116900000,102034.43,102034.43,101787.92,101848.55,92.34371,2025-01-29 02:15:00
1738117800000,101848.55,101978.32,101769.23,101800.03,36.31912,2025-01-29 02:30:00
1738118700000,101800.03,101811.5,101696.01,101795.4,40.44744,2025-01-29 02:45:00
1738119600000,101795.41,102089.8,101764.24,101885.01,93.02792,2025-01-29 03:00:00
1738120500000,101885.02,102008.84,101797.45,102002.18,73.33708,2025-01-29 03:15:00
1738121400000,102002.19,102136.1,101881.03,102004.01,83.93375,2025-01-29 03:30:00
1738122300000,102004.01,102162.8,101920.36,102038.2,111.14054,2025-01-29 03:45:00
1738123200000,102038.21,102130.63,101955.51,102071.15,82.08346,2025-01-29 04:00:00
1738124100000,102071.15,102146.45,102028.52,102133.33,73.80356,2025-01-29 04:15:00
1738125000000,102133.33,102190.0,101992.63,102012.23,107.58028,2025-01-29 04:30:00
1738125900000,102012.23,102074.12,101976.19,102001.06,60.04418,2025-01-29 04:45:00
1738126800000,102001.06,102384.61,101980.27,102203.8,192.31248,2025-01-29 05:00:00
1738127700000,102203.8,102256.0,102134.62,102171.99,59.68547,2025-01-29 05:15:00
1738128600000,102172.0,102308.68,102140.87,102204.61,110.88815,2025-01-29 05:30:00
1738129500000,102204.61,102284.78,102133.9,102262.0,51.83824,2025-01-29 05:45:00
1738130400000,102262.0,102426.24,102237.05,102426.23,169.53776,2025-01-29 06:00:00
1738131300000,102426.23,102600.0,102365.1,102523.08,117.46787,2025-01-29 06:15:00
1738132200000,102523.09,102853.53,102523.08,102647.24,176.38252,2025-01-29 06:30:00
1738133100000,102647.25,102801.64,102556.0,102801.64,109.08797,2025-01-29 06:45:00
1738134000000,102801.64,102815.66,102449.97,102539.99,149.09763,2025-01-29 07:00:00
1738134900000,102539.99,102613.0,102484.62,102531.52,70.52739,2025-01-29 07:15:00
1738135800000,102531.52,102605.89,102486.85,102605.87,98.2656,2025-01-29 07:30:00
1738136700000,102605.88,102755.82,102577.16,102755.82,135.60387,2025-01-29 07:45:00
1738137600000,102755.81,103000.0,102736.17,102767.99,232.52059,2025-01-29 08:00:00
1738138500000,102768.0,102906.0,102680.0,102895.36,93.80745,2025-01-29 08:15:00
1738139400000,102895.36,102976.0,102741.02,102815.99,121.8671,2025-01-29 08:30:00
1738140300000,102815.99,102871.42,102712.0,102732.03,79.47923,2025-01-29 08:45:00
1738141200000,102732.03,102770.0,102522.97,102639.98,163.21149,2025-01-29 09:00:00
1738142100000,102639.98,102650.0,102346.67,102350.0,318.47791,2025-01-29 09:15:00
1738143000000,102350.0,102546.8,102350.0,102546.79,92.63036,2025-01-29 09:30:00
1738143900000,102546.8,102555.09,102303.68,102334.4,61.8316,2025-01-29 09:45:00
1738144800000,102334.41,102499.99,102180.65,102410.37,113.39461,2025-01-29 10:00:00
1738145700000,102410.38,102700.0,102380.0,102552.95,109.31703,2025-01-29 10:15:00
1738146600000,102552.95,102726.77,102511.63,102511.63,49.43493,2025-01-29 10:30:00
1738147500000,102511.64,102581.4,102484.62,102547.01,108.37803,2025-01-29 10:45:00
1738148400000,102547.01,102598.17,102425.87,102512.0,207.04351,2025-01-29 11:00:00
1738149300000,102511.99,102620.0,102486.0,102619.99,119.69477,2025-01-29 11:15:00
1738150200000,102620.0,102809.52,102558.28,102727.53,122.40187,2025-01-29 11:30:00
1738151100000,102727.53,102746.5,102539.88,102646.0,216.2233,2025-01-29 11:45:00
1738152000000,102646.0,102775.68,102555.39,102775.67,291.0757,2025-01-29 12:00:00
1738152900000,102775.67,102842.04,102384.0,102420.0,186.56281,2025-01-29 12:15:00
1738153800000,102419.99,102544.0,102241.39,102355.25,181.4152,2025-01-29 12:30:00
1738154700000,102355.26,102430.26,102220.13,102229.85,129.6102,2025-01-29 12:45:00
1738155600000,102229.85,102330.81,101873.36,102174.01,972.63797,2025-01-29 13:00:00
1738156500000,102174.0,102174.0,101818.25,101896.01,396.53366,2025-01-29 13:15:00
1738157400000,101896.01,102112.5,101769.78,101983.74,202.6605,2025-01-29 13:30:00
1738158300000,101983.75,102060.0,101699.59,101836.23,181.39923,2025-01-29 13:45:00
1738159200000,101836.23,102050.0,101751.53,102040.0,151.22915,2025-01-29 14:00:00
1738160100000,102040.0,102186.58,101942.38,102166.65,137.84109,2025-01-29 14:15:00
1738161000000,102166.64,102380.0,101742.0,102122.33,430.30602,2025-01-29 14:30:00
1738161900000,102122.33,102124.0,101582.37,102029.93,315.42982,2025-01-29 14:45:00
1738162800000,102029.94,102531.64,101953.52,102274.0,318.79828,2025-01-29 15:00:00
1738163700000,102274.01,102359.04,101867.31,101990.0,179.6088,2025-01-29 15:15:00
1738164600000,101990.0,102100.0,101833.81,101846.11,179.30848,2025-01-29 15:30:00
1738165500000,101846.11,102112.5,101798.01,101980.78,128.24585,2025-01-29 15:45:00
1738166400000,101980.78,102122.86,101780.61,101886.03,146.80464,2025-01-29 16:00:00
1738167300000,101886.03,102023.26,101675.62,101877.99,204.44551,2025-01-29 16:15:00
1738168200000,101877.99,102108.0,101814.18,102050.0,157.30253,2025-01-29 16:30:00
1738169100000,102049.99,102150.0,101949.02,102092.01,121.59444,2025-01-29 16:45:00
1738170000000,102092.0,102307.68,101995.37,102294.0,133.2333,2025-01-29 17:00:00
1738170900000,102294.0,102444.0,102260.84,102409.1,157.27785,2025-01-29 17:15:00
1738171800000,102409.1,102777.78,102409.1,102600.0,389.76986,2025-01-29 17:30:00
1738172700000,102600.0,102660.84,102359.37,102406.98,132.0717,2025-01-29 17:45:00
1738173600000,102406.97,102496.3,102008.0,102306.61,282.90499,2025-01-29 18:00:00
1738174500000,102306.61,102590.59,102164.33,102581.4,114.10168,2025-01-29 18:15:00
1738175400000,102581.4,102843.13,102581.39,102754.76,238.11091,2025-01-29 18:30:00
1738176300000,102754.76,103000.0,102748.46,102854.15,306.82576,2025-01-29 18:45:00
1738177200000,102854.14,102896.92,101650.75,102048.0,1187.50704,2025-01-29 19:00:00
1738178100000,102048.01,102048.99,101400.01,101547.87,557.28036,2025-01-29 19:15:00
1738179000000,101547.86,103999.0,101474.11,103448.29,2115.77321,2025-01-29 19:30:00
1738179900000,103448.45,103916.0,103173.6,103583.99,1014.91402,2025-01-29 19:45:00
1738180800000,103584.0,103769.0,102868.0,103443.44,788.86741,2025-01-29 20:00:00
1738181700000,103443.44,104689.17,103022.0,104364.59,1134.58717,2025-01-29 20:15:00
1738182600000,104365.99,104782.68,103945.75,104273.26,627.67146,2025-01-29 20:30:00
1738183500000,104273.26,104484.7,104016.84,104193.93,407.112,2025-01-29 20:45:00
1738184400000,104193.92,104371.97,103743.45,104216.79,708.36183,2025-01-29 21:00:00
1738185300000,104216.78,104374.68,103940.41,104111.0,368.17693,2025-01-29 21:15:00
1738186200000,104111.0,104393.93,103889.0,103899.39,245.28297,2025-01-29 21:30:00
1738187100000,103899.39,104087.42,103715.5,103741.11,192.14492,2025-01-29 21:45:00
1738188000000,103741.11,103831.56,103414.03,103523.79,212.32992,2025-01-29 22:00:00
1738188900000,103523.79,103771.29,103405.77,103771.28,132.41727,2025-01-29 22:15:00
1738189800000,103771.29,104010.94,103459.25,103485.44,306.90171,2025-01-29 22:30:00
1738190700000,103485.45,103676.0,103440.0,103492.06,64.16674,2025-01-29 22:45:00
1738191600000,103492.07,104121.98,103460.0,104121.98,265.82305,2025-01-29 23:00:00
1738192500000,104121.97,104344.64,103959.76,104194.64,161.56994,2025-01-29 23:15:00
1738193400000,104194.65,104205.0,103807.04,103823.56,115.33249,2025-01-29 23:30:00
1738194300000,103823.56,103944.0,103646.47,103733.24,111.72808,2025-01-29 23:45:00
1738195200000,103733.25,103818.69,103518.51,103576.45,278.19054,2025-01-30 00:00:00
1738196100000,103576.45,103715.59,103486.0,103546.0,106.91338,2025-01-30 00:15:00
1738197000000,103546.0,103789.39,103278.54,103638.3,230.79062,2025-01-30 00:30:00
1738197900000,103638.31,104123.36,103616.7,104026.04,181.62472,2025-01-30 00:45:00
1738198800000,104026.05,104162.15,103925.0,104162.15,105.51152,2025-01-30 01:00:00
1738199700000,104162.14,104499.0,104136.01,104372.22,229.42631,2025-01-30 01:15:00
1738200600000,104372.23,104555.0,104148.79,104336.0,329.26541,2025-01-30 01:30:00
1738201500000,104335.99,104363.93,104180.58,104264.15,109.56021,2025-01-30 01:45:00
1738202400000,104264.15,104279.49,103994.46,104122.0,129.14057,2025-01-30 02:00:00
1738203300000,104122.0,104360.13,104048.16,104360.13,157.72229,2025-01-30 02:15:00
1738204200000,104360.13,104595.34,104300.0,104393.81,297.8486,2025-01-30 02:30:00
1738205100000,104393.81,104668.35,104325.92,104663.19,239.05357,2025-01-30 02:45:00
1738206000000,104663.19,104748.0,104493.16,104724.11,201.1009,2025-01-30 03:00:00
1738206900000,104724.1,104724.11,104550.38,104683.55,167.76461,2025-01-30 03:15:00
1738207800000,104683.56,104944.45,104676.0,104904.81,261.76131,2025-01-30 03:30:00
1738208700000,104904.81,105300.0,104877.71,105196.0,851.22861,2025-01-30 03:45:00
1738209600000,105196.0,105288.63,104897.86,104972.01,214.7505,2025-01-30 04:00:00
1738210500000,104972.0,105162.78,104900.57,105069.61,148.89649,2025-01-30 04:15:00
1738211400000,105069.62,105182.35,104842.37,105182.34,157.80808,2025-01-30 04:30:00
1738212300000,105182.34,105595.81,105094.33,105478.0,337.37805,2025-01-30 04:45:00
1738213200000,105478.0,105520.0,105210.5,105373.94,266.39101,2025-01-30 05:00:00
1738214100000,105373.93,105480.16,105236.0,105304.76,116.41349,2025-01-30 05:15:00
1738215000000,105304.76,105364.0,105118.06,105188.03,122.39377,2025-01-30 05:30:00
1738215900000,105188.02,105375.71,104996.97,105375.7,300.70193,2025-01-30 05:45:00
1738216800000,105375.7,105580.16,105346.12,105506.02,245.1262,2025-01-30 06:00:00
1738217700000,105506.01,105506.01,105208.01,105212.76,92.45157,2025-01-30 06:15:00
1738218600000,105212.76,105297.59,105163.44,105181.77,108.39371,2025-01-30 06:30:00
1738219500000,105181.77,105245.28,105164.76,105184.37,106.53499,2025-01-30 06:45:00
1738220400000,105184.38,105348.0,104831.98,104895.71,230.49006,2025-01-30 07:00:00
1738221300000,104895.72,105071.8,104895.72,105007.97,100.64721,2025-01-30 07:15:00
1738222200000,105007.96,105007.97,104799.66,104913.46,133.22,2025-01-30 07:30:00
1738223100000,104913.46,105160.95,104873.31,105132.07,113.48788,2025-01-30 07:45:00
1738224000000,105132.07,105368.84,105004.84,105011.08,213.62875,2025-01-30 08:00:00
1738224900000,105011.07,105243.17,104925.26,105167.01,89.39997,2025-01-30 08:15:00
1738225800000,105167.01,105194.95,105014.9,105120.0,75.00874,2025-01-30 08:30:00
1738226700000,105120.01,105291.14,105060.0,105060.01,94.1007,2025-01-30 08:45:00
1738227600000,105060.01,105218.0,105021.36,105187.55,106.43489,2025-01-30 09:00:00
1738228500000,105187.55,105293.95,105162.49,105293.94,97.99571,2025-01-30 09:15:00
1738229400000,105293.95,105499.99,105278.05,105436.07,151.77316,2025-01-30 09:30:00
1738230300000,105436.07,105534.0,105373.17,105412.05,144.97213,2025-01-30 09:45:00
1738231200000,105412.05,105412.06,105117.63,105213.94,168.09649,2025-01-30 10:00:00
1738232100000,105213.93,105261.36,105132.07,105258.02,85.83923,2025-01-30 10:15:00
1738233000000,105258.01,105317.65,105186.55,105226.12,48.19504,2025-01-30 10:30:00
1738233900000,105226.12,105364.0,105200.0,105345.4,61.15985,2025-01-30 10:45:00
1738234800000,105345.41,105345.41,105078.01,105136.92,105.84935,2025-01-30 11:00:00
1738235700000,105136.92,105236.61,105080.88,105123.99,66.24839,2025-01-30 11:15:00
1738236600000,105123.99,105349.0,105109.65,105264.01,60.71271,2025-01-30 11:30:00
1738237500000,105264.01,105392.0,105207.54,105300.63,120.80072,2025-01-30 11:45:00
1738238400000,105300.63,105312.93,105112.0,105112.01,97.10953,2025-01-30 12:00:00
1738239300000,105112.0,105142.62,105000.0,105036.08,119.10374,2025-01-30 12:15:00
1738240200000,105036.09,105110.37,104880.0,104894.9,129.51711,2025-01-30 12:30:00
1738241100000,104894.91,105083.97,104836.85,105020.0,94.35418,2025-01-30 12:45:00
1738242000000,105020.01,105128.55,104929.72,105074.38,96.21418,2025-01-30 13:00:00
1738242900000,105074.39,105367.57,105074.39,105259.15,235.6012,2025-01-30 13:15:00
1738243800000,105259.14,105337.43,104915.4,105043.05,255.87522,2025-01-30 13:30:00
1738244700000,105043.04,105043.13,104836.58,104879.99,218.38002,2025-01-30 13:45:00
1738245600000,104879.99,105044.4,104660.0,104836.0,310.46567,2025-01-30 14:00:00
1738246500000,104836.0,104982.98,104733.33,104909.42,192.33444,2025-01-30 14:15:00
1738247400000,104909.42,105241.0,104768.48,105157.77,316.17834,2025-01-30 14:30:00
1738248300000,105157.15,106222.08,105148.26,105920.57,1393.159,2025-01-30 14:45:00
1738249200000,105920.57,106457.44,105751.01,106236.47,858.98898,2025-01-30 15:00:00
1738250100000,106236.47,106236.48,105353.85,105498.3,569.32602,2025-01-30 15:15:00
1738251000000,105498.3,105989.0,105450.0,105828.81,296.04672,2025-01-30 15:30:00
1738251900000,105828.82,106165.15,105459.64,105564.0,404.15713,2025-01-30 15:45:00
1738252800000,105563.99,105849.98,105455.3,105638.3,248.85288,2025-01-30 16:00:00
1738253700000,105638.29,106004.48,105544.0,105948.73,348.59595,2025-01-30 16:15:00
1738254600000,105948.73,106013.01,105687.01,105795.68,256.5176,2025-01-30 16:30:00
1738255500000,105795.68,105843.68,105624.53,105696.96,138.34753,2025-01-30 16:45:00
1738256400000,105696.96,105698.27,105272.72,105335.41,253.25501,2025-01-30 17:00:00
1738257300000,105335.4,105452.85,105111.0,105131.77,167.74873,2025-01-30 17:15:00
1738258200000,105131.76,105216.46,104900.14,105018.14,283.62433,2025-01-30 17:30:00
1738259100000,105018.13,105333.06,105018.13,105300.01,153.85892,2025-01-30 17:45:00
1738260000000,105300.01,105330.95,105153.14,105215.69,146.18649,2025-01-30 18:00:00
1738260900000,105215.68,105261.99,104762.59,104910.75,202.95621,2025-01-30 18:15:00
1738261800000,104910.75,105496.0,104888.85,105395.19,161.35426,2025-01-30 18:30:00
1738262700000,105395.2,105583.39,105338.0,105578.95,158.97265,2025-01-30 18:45:00
1738263600000,105578.96,105632.25,105450.98,105472.86,170.06059,2025-01-30 19:00:00
1738264500000,105472.86,105504.0,105231.58,105410.77,170.2705,2025-01-30 19:15:00
1738265400000,105410.78,105480.37,105244.47,105480.36,139.59448,2025-01-30 19:30:00
1738266300000,105480.36,105776.87,105404.0,105711.27,142.557,2025-01-30 19:45:00
1738267200000,105711.28,105810.82,105659.92,105772.32,171.35128,2025-01-30 20:00:00
1738268100000,105772.32,105821.62,105642.06,105653.05,180.49804,2025-01-30 20:15:00
1738269000000,105653.05,105669.48,104900.0,104900.0,374.05721,2025-01-30 20:30:00
1738269900000,104900.0,105280.09,104815.82,104907.15,392.521,2025-01-30 20:45:00
1738270800000,104907.1,105054.71,104805.15,104966.28,197.96355,2025-01-30 21:00:00
1738271700000,104966.28,105200.0,104963.11,105006.73,84.01036,2025-01-30 21:15:00
1738272600000,105006.73,105217.17,104929.86,105142.01,133.57763,2025-01-30 21:30:00
1738273500000,105141.53,105159.84,104999.3,105048.89,73.30181,2025-01-30 21:45:00
1738274400000,105048.89,105106.38,104962.11,105091.28,79.90795,2025-01-30 22:00:00
1738275300000,105091.27,105126.28,105079.69,105087.17,51.23436,2025-01-30 22:15:00
1738276200000,105087.17,105351.29,105087.16,105320.01,76.08088,2025-01-30 22:30:00
1738277100000,105320.0,105320.01,105079.2,105094.56,72.30248,2025-01-30 22:45:00
1738278000000,105094.57,105240.0,105049.94,105070.91,89.28378,2025-01-30 23:00:00
1738278900000,105070.91,105254.0,105070.9,105202.44,45.95179,2025-01-30 23:15:00
1738279800000,105202.44,105202.45,104980.0,104980.0,98.41898,2025-01-30 23:30:00
1738280700000,104980.01,104980.01,104693.82,104722.94,161.84507,2025-01-30 23:45:00
1738281600000,104722.94,104850.0,104535.0,104564.92,181.55202,2025-01-31 00:00:00
1738282500000,104564.93,104828.0,104400.0,104763.56,244.44116,2025-01-31 00:15:00
1738283400000,104763.56,104901.97,104679.41,104856.29,142.16702,2025-01-31 00:30:00
1738284300000,104856.29,105029.72,104830.57,104898.49,83.85886,2025-01-31 00:45:00
1738285200000,104898.48,104908.15,104704.92,104759.6,87.80971,2025-01-31 01:00:00
1738286100000,104759.6,104770.99,104420.97,104499.17,107.81027,2025-01-31 01:15:00
1738287000000,104499.17,104691.81,104499.16,104660.71,89.85624,2025-01-31 01:30:00
1738287900000,104660.71,104767.67,104541.01,104729.58,108.2744,2025-01-31 01:45:00
1738288800000,104729.95,104851.99,104702.6,104709.71,154.32587,2025-01-31 02:00:00
1738289700000,104709.7,104723.43,104331.0,104368.72,129.99271,2025-01-31 02:15:00
1738290600000,104368.49,104485.0,104255.01,104417.0,183.35601,2025-01-31 02:30:00
1738291500000,104417.0,104484.99,104334.82,104341.72,116.11534,2025-01-31 02:45:00
1738292400000,104341.73,104341.73,103998.3,104218.92,332.74961,2025-01-31 03:00:00
1738293300000,104218.91,104218.92,103930.09,104106.01,264.40107,2025-01-31 03:15:00
1738294200000,104106.0,104235.14,104000.0,104184.7,177.71865,2025-01-31 03:30:00
1738295100000,104184.7,104377.76,104184.7,104344.46,106.11893,2025-01-31 03:45:00
1738296000000,104344.46,104360.41,104283.03,104319.2,55.04481,2025-01-31 04:00:00
1738296900000,104319.21,104547.24,104177.16,104500.36,81.58522,2025-01-31 04:15:00
1738297800000,104500.35,104520.39,104205.59,104244.0,93.9759,2025-01-31 04:30:00
1738298700000,104244.01,104244.01,103972.13,104007.58,164.44537,2025-01-31 04:45:00
1738299600000,104007.59,104467.06,104007.59,104380.01,117.79087,2025-01-31 05:00:00
1738300500000,104380.01,104484.09,104380.0,104418.86,61.51159,2025-01-31 05:15:00
1738301400000,104418.87,104441.8,104323.91,104340.33,45.69661,2025-01-31 05:30:00
1738302300000,104340.34,104364.37,104258.29,104319.87,134.47672,2025-01-31 05:45:00
1738303200000,104319.87,104500.0,104298.73,104431.38,94.87598,2025-01-31 06:00:00
1738304100000,104431.38,104557.34,104431.37,104539.84,50.19916,2025-01-31 06:15:00
1738305000000,104539.83,104631.95,104521.08,104605.44,77.19308,2025-01-31 06:30:00
1738305900000,104605.44,104745.1,104509.8,104511.02,105.58495,2025-01-31 06:45:00
1738306800000,104511.03,104638.3,104470.58,104627.46,80.70927,2025-01-31 07:00:00
1738307700000,104627.45,104814.46,104627.45,104676.71,84.08064,2025-01-31 07:15:00
1738308600000,104676.71,104676.72,104263.47,104291.07,239.82635,2025-01-31 07:30:00
1738309500000,104291.06,104291.06,104002.01,104188.56,381.94215,2025-01-31 07:45:00
1738310400000,104188.57,104321.98,104116.03,104116.04,137.74568,2025-01-31 08:00:00
1738311300000,104116.04,104318.76,104013.63,104083.56,143.00073,2025-01-31 08:15:00
1738312200000,104083.55,104252.6,104036.9,104233.23,51.89005,2025-01-31 08:30:00
1738313100000,104233.23,104233.23,104023.91,104028.78,109.35525,2025-01-31 08:45:00
1738314000000,104028.79,104138.99,103950.01,103950.23,169.61095,2025-01-31 09:00:00
1738314900000,103950.23,104230.52,103936.54,104193.63,187.49241,2025-01-31 09:15:00
1738315800000,104193.64,104329.73,104142.58,104176.01,144.42698,2025-01-31 09:30:00
1738316700000,104176.02,104262.27,104119.15,104256.56,176.40326,2025-01-31 09:45:00
1738317600000,104256.57,104310.53,104208.0,104249.99,57.53121,2025-01-31 10:00:00
1738318500000,104250.0,104310.52,104080.1,104153.96,83.14344,2025-01-31 10:15:00
1738319400000,104153.96,104300.0,104100.64,104299.99,66.98814,2025-01-31 10:30:00
1738320300000,104299.99,104431.49,104272.0,104284.1,90.91494,2025-01-31 10:45:00
1738321200000,104284.1,104732.51,104284.1,104725.02,203.22098,2025-01-31 11:00:00
1738322100000,104725.02,104848.65,104610.06,104823.5,165.81315,2025-01-31 11:15:00
1738323000000,104823.5,104823.5,104627.92,104741.12,114.39309,2025-01-31 11:30:00
1738323900000,104741.13,104817.57,104551.35,104736.0,90.87994,2025-01-31 11:45:00
1738324800000,104736.01,104757.45,104612.07,104691.88,146.05817,2025-01-31 12:00:00
1738325700000,104691.88,104918.3,104669.55,104705.89,147.89239,2025-01-31 12:15:00
1738326600000,104705.89,104726.96,104553.71,104619.74,224.70768,2025-01-31 12:30:00
1738327500000,104619.74,104773.04,104619.73,104704.68,94.83006,2025-01-31 12:45:00
1738328400000,104704.69,105036.03,104704.68,104902.05,203.89483,2025-01-31 13:00:00
1738329300000,104902.05,104951.43,104750.01,104862.74,131.56628,2025-01-31 13:15:00
1738330200000,104862.74,104939.99,104551.09,104635.84,231.37644,2025-01-31 13:30:00
1738331100000,104635.83,104732.0,104563.04,104664.02,93.23005,2025-01-31 13:45:00
1738332000000,104664.01,104760.23,104549.01,104664.06,159.25864,2025-01-31 14:00:00
1738332900000,104664.06,104768.71,104470.58,104721.31,150.28813,2025-01-31 14:15:00
1738333800000,104721.31,104860.0,104169.0,104485.11,506.36785,2025-01-31 14:30:00
1738334700000,104485.12,104523.92,104106.0,104442.79,248.7013,2025-01-31 14:45:00
1738335600000,104443.99,104981.52,104443.99,104869.49,345.15842,2025-01-31 15:00:00
1738336500000,104869.49,105200.0,104565.21,105166.25,624.76527,2025-01-31 15:15:00
1738337400000,105166.24,105848.92,105104.53,105641.98,851.26054,2025-01-31 15:30:00
1738338300000,105641.99,106012.0,105381.53,105464.01,670.29617,2025-01-31 15:45:00
1738339200000,105464.0,105574.4,105120.01,105240.0,377.52157,2025-01-31 16:00:00
1738340100000,105240.0,105312.0,104696.23,104804.01,385.44757,2025-01-31 16:15:00
1738341000000,104804.01,105098.76,104795.26,104988.04,266.84718,2025-01-31 16:30:00
1738341900000,104988.04,105101.06,104975.0,105081.87,221.35048,2025-01-31 16:45:00
1738342800000,105081.86,105081.87,104542.0,104835.36,237.53647,2025-01-31 17:00:00
1738343700000,104835.35,104995.75,104688.0,104995.75,165.57058,2025-01-31 17:15:00
1738344600000,104995.75,105025.92,104627.45,104757.3,165.5004,2025-01-31 17:30:00
1738345500000,104757.29,104823.48,104580.87,104580.87,131.89076,2025-01-31 17:45:00
1738346400000,104580.87,104772.63,104499.37,104772.31,137.8993,2025-01-31 18:00:00
1738347300000,104772.31,104820.0,104000.0,104018.68,427.66092,2025-01-31 18:15:00
1738348200000,104018.67,104018.67,103000.01,103096.27,1020.13046,2025-01-31 18:30:00
1738349100000,103096.27,103181.81,102605.0,102627.29,872.38321,2025-01-31 18:45:00
1738350000000,102627.29,103016.66,102505.0,102670.0,587.46265,2025-01-31 19:00:00
1738350900000,102670.0,102959.37,102138.8,102508.33,575.69984,2025-01-31 19:15:00
1738351800000,102508.33,102659.45,102263.12,102350.0,376.84432,2025-01-31 19:30:00
1738352700000,102350.01,102527.92,102122.0,102312.32,427.10261,2025-01-31 19:45:00
1738353600000,102312.31,102312.31,102059.02,102118.09,330.23745,2025-01-31 20:00:00
1738354500000,102118.1,102271.67,101694.87,101938.43,637.4971,2025-01-31 20:15:00
1738355400000,101938.42,102321.42,101770.15,101855.27,443.10957,2025-01-31 20:30:00
1738356300000,101855.26,102077.77,101603.23,101680.02,598.69625,2025-01-31 20:45:00
1738357200000,101680.02,101948.96,101617.47,101654.83,263.4098,2025-01-31 21:00:00
1738358100000,101654.84,101863.15,101608.0,101625.31,287.54566,2025-01-31 21:15:00
1738359000000,101625.32,101958.88,101560.0,101896.01,294.74595,2025-01-31 21:30:00
1738359900000,101896.01,102166.11,101784.68,102148.73,201.87326,2025-01-31 21:45:00
1738360800000,102148.72,102241.64,101918.46,101995.1,173.91737,2025-01-31 22:00:00
1738361700000,101995.1,102380.66,101949.39,102366.06,148.55783,2025-01-31 22:15:00
1738362600000,102366.07,102480.0,102241.24,102473.48,220.67319,2025-01-31 22:30:00
1738363500000,102473.49,102482.94,102050.0,102261.3,216.80883,2025-01-31 22:45:00
1738364400000,102261.29,102261.29,101955.0,102143.2,240.0791,2025-01-31 23:00:00
1738365300000,102143.21,102268.05,102119.12,102268.05,124.31224,2025-01-31 23:15:00
1738366200000,102268.04,102290.99,102089.84,102290.99,89.04151,2025-01-31 23:30:00
1738367100000,102290.99,102439.31,102230.04,102429.56,133.87954,2025-01-31 23:45:00
