timestamp,open,high,low,close,volume,datetime
1761955200000,109604.41,109636.28,109413.23,109483.01,87.08336053,2025-11-01 00:00:00
1761956100000,109483.01,109561.54,109396.29,109534.37,39.28770173,2025-11-01 00:15:00
1761957000000,109534.37,109612.82,109430.26,109612.82,19.39073658,2025-11-01 00:30:00
1761957900000,109612.82,109750.16,109612.78,109728.32,40.91584912,2025-11-01 00:45:00
1761958800000,109728.32,109875.14,109722.39,109769.09,28.17263695,2025-11-01 01:00:00
1761959700000,109769.09,109926.16,109698.36,109926.07,28.83532629,2025-11-01 01:15:00
1761960600000,109926.07,110042.9,109776.98,109815.94,46.68922899,2025-11-01 01:30:00
1761961500000,109815.94,109847.0,109743.21,109743.23,20.50855502,2025-11-01 01:45:00
1761962400000,109743.23,109768.69,109521.37,109647.94,73.78281557,2025-11-01 02:00:00
1761963300000,109647.94,109797.24,109647.94,109659.08,30.65990924,2025-11-01 02:15:00
1761964200000,109659.08,109670.0,109485.02,109626.29,44.90662276,2025-11-01 02:30:00
1761965100000,109626.29,109879.05,109626.29,109797.12,43.40385748,2025-11-01 02:45:00
1761966000000,109797.12,109955.49,109795.82,109906.77,33.68639402,2025-11-01 03:00:00
1761966900000,109906.77,110212.14,109906.77,110039.54,114.17146479,2025-11-01 03:15:00
1761967800000,110039.54,110283.0,110032.2,110175.0,85.94108412,2025-11-01 03:30:00
1761968700000,110175.0,110310.88,110130.61,110234.09,54.93787107,2025-11-01 03:45:00
1761969600000,110234.09,110552.57,110234.09,110268.59,118.09931643,2025-11-01 04:00:00
1761970500000,110268.59,110357.88,110122.3,110293.01,58.37080074,2025-11-01 04:15:00
1761971400000,110293.01,110373.46,110204.74,110282.15,70.43733667,2025-11-01 04:30:00
1761972300000,110282.15,110340.07,110224.5,110292.36,39.83355288,2025-11-01 04:45:00
1761973200000,110292.36,110329.76,110085.8,110099.63,32.76625293,2025-11-01 05:00:00
1761974100000,110099.63,110190.09,110052.06,110148.19,22.11044951,2025-11-01 05:15:00
1761975000000,110148.19,110385.53,110121.96,110284.75,43.96205855,2025-11-01 05:30:00
1761975900000,110284.75,110284.75,110110.38,110146.95,25.76102779,2025-11-01 05:45:00
1761976800000,110146.95,110161.39,110039.16,110064.03,58.00271926,2025-11-01 06:00:00
1761977700000,110064.03,110066.92,110000.01,110019.24,27.9280782,2025-11-01 06:15:00
1761978600000,110019.24,110163.55,109952.15,109967.84,32.10756556,2025-11-01 06:30:00
1761979500000,109967.84,110009.49,109934.63,110006.25,32.10958878,2025-11-01 06:45:00
1761980400000,110006.25,110132.5,109995.5,110043.53,28.34862909,2025-11-01 07:00:00
1761981300000,110043.53,110196.27,110043.51,110170.39,35.06559466,2025-11-01 07:15:00
1761982200000,110170.39,110243.17,110065.58,110085.9,61.55245275,2025-11-01 07:30:00
1761983100000,110085.9,110089.11,110017.67,110063.26,30.60848466,2025-11-01 07:45:00
1761984000000,110063.26,110186.89,110063.26,110151.04,39.94469892,2025-11-01 08:00:00
1761984900000,110151.04,110260.54,110151.03,110180.02,52.38030281,2025-11-01 08:15:00
1761985800000,110180.02,110224.93,110171.73,110171.81,30.02382702,2025-11-01 08:30:00
1761986700000,110171.81,110262.14,110171.81,110240.04,48.00750099,2025-11-01 08:45:00
1761987600000,110240.04,110240.05,110162.25,110224.25,43.34747943,2025-11-01 09:00:00
1761988500000,110224.25,110245.58,110137.56,110177.37,37.3146082,2025-11-01 09:15:00
1761989400000,110177.37,110177.37,109976.81,110001.98,52.48496399,2025-11-01 09:30:00
1761990300000,110001.98,110115.24,109967.05,109988.53,58.41759756,2025-11-01 09:45:00
1761991200000,109988.53,110097.33,109849.06,109891.79,53.0450359,2025-11-01 10:00:00
1761992100000,109891.79,110013.71,109891.79,110003.21,30.71427393,2025-11-01 10:15:00
1761993000000,110003.21,110074.17,109971.96,110074.0,34.87086046,2025-11-01 10:30:00
1761993900000,110074.0,110160.05,110060.82,110138.97,29.75007434,2025-11-01 10:45:00
1761994800000,110138.97,110229.59,110138.97,110186.12,28.71485788,2025-11-01 11:00:00
1761995700000,110186.12,110190.05,110046.05,110046.17,17.82434086,2025-11-01 11:15:00
1761996600000,110046.17,110087.42,109994.03,110087.39,24.04164114,2025-11-01 11:30:00
1761997500000,110087.39,110177.86,110076.39,110127.87,36.54775334,2025-11-01 11:45:00
1761998400000,110127.87,110192.27,110088.89,110089.93,42.82250134,2025-11-01 12:00:00
1761999300000,110089.93,110110.84,109986.94,110070.09,46.69985076,2025-11-01 12:15:00
1762000200000,110070.09,110147.03,110069.72,110143.38,24.41273372,2025-11-01 12:30:00
1762001100000,110143.38,110143.38,110014.25,110014.62,41.9993573,2025-11-01 12:45:00
1762002000000,110014.62,110028.13,109954.14,109961.75,24.32904325,2025-11-01 13:00:00
1762002900000,109961.75,110017.4,109961.75,110008.09,23.13819811,2025-11-01 13:15:00
1762003800000,110008.09,110053.61,109705.0,109774.97,66.79709667,2025-11-01 13:30:00
1762004700000,109774.97,109991.65,109774.97,109946.88,39.2134239,2025-11-01 13:45:00
1762005600000,109946.88,109994.68,109735.61,109744.64,49.04962797,2025-11-01 14:00:00
1762006500000,109744.64,109885.92,109729.05,109878.01,95.10435872,2025-11-01 14:15:00
1762007400000,109878.01,109950.97,109865.78,109940.9,30.33390078,2025-11-01 14:30:00
1762008300000,109940.9,109940.9,109902.08,109936.9,21.80504213,2025-11-01 14:45:00
1762009200000,109936.9,110348.63,109908.27,110199.51,120.3267788,2025-11-01 15:00:00
1762010100000,110199.51,110259.14,110000.0,110056.53,102.79806627,2025-11-01 15:15:00
1762011000000,110056.53,110149.23,110014.29,110074.15,43.26438386,2025-11-01 15:30:00
1762011900000,110074.15,110290.29,110064.48,110287.72,71.42621413,2025-11-01 15:45:00
1762012800000,110287.72,110461.69,110220.0,110220.0,128.89735323,2025-11-01 16:00:00
1762013700000,110220.0,110294.47,110200.0,110201.27,49.19478773,2025-11-01 16:15:00
1762014600000,110201.27,110467.0,110201.27,110467.0,118.23629246,2025-11-01 16:30:00
1762015500000,110467.0,110532.22,110400.01,110468.01,77.95442834,2025-11-01 16:45:00
1762016400000,110468.01,110498.97,110278.76,110350.14,62.45065071,2025-11-01 17:00:00
1762017300000,110350.14,110350.21,110207.66,110207.67,38.83102417,2025-11-01 17:15:00
1762018200000,110207.67,110348.52,110207.67,110290.39,30.05765905,2025-11-01 17:30:00
1762019100000,110290.39,110337.93,110184.8,110203.76,30.82216968,2025-11-01 17:45:00
1762020000000,110203.76,110291.5,110185.19,110271.03,26.31542904,2025-11-01 18:00:00
1762020900000,110271.03,110340.36,110246.9,110252.36,32.89007694,2025-11-01 18:15:00
1762021800000,110252.36,110261.23,110219.38,110233.43,17.7481068,2025-11-01 18:30:00
1762022700000,110233.43,110355.6,110233.42,110334.65,19.77960395,2025-11-01 18:45:00
1762023600000,110334.65,110334.65,110209.75,110222.25,15.36805445,2025-11-01 19:00:00
1762024500000,110222.25,110296.38,110222.24,110265.09,14.9616658,2025-11-01 19:15:00
1762025400000,110265.09,110272.45,110216.84,110272.44,19.6071769,2025-11-01 19:30:00
1762026300000,110272.44,110309.13,110261.42,110294.92,11.71775664,2025-11-01 19:45:00
1762027200000,110294.92,110395.45,110294.17,110337.61,35.51084254,2025-11-01 20:00:00
1762028100000,110337.61,110477.96,110325.18,110439.15,21.92243109,2025-11-01 20:15:00
1762029000000,110439.15,110498.99,110386.03,110436.25,40.2296785,2025-11-01 20:30:00
1762029900000,110436.25,110451.81,110357.03,110401.24,20.60694002,2025-11-01 20:45:00
1762030800000,110401.24,110421.29,110197.38,110212.05,48.54803319,2025-11-01 21:00:00
1762031700000,110212.05,110378.93,110212.05,110350.01,35.80563162,2025-11-01 21:15:00
1762032600000,110350.01,110350.02,110163.15,110202.93,27.65843576,2025-11-01 21:30:00
1762033500000,110202.93,110202.93,109851.44,109858.18,52.08829251,2025-11-01 21:45:00
1762034400000,109858.18,110039.58,109858.18,109951.99,55.91805998,2025-11-01 22:00:00
1762035300000,109951.99,110029.25,109945.91,109989.49,30.22043133,2025-11-01 22:15:00
1762036200000,109989.49,110058.83,109989.49,110040.74,27.60206033,2025-11-01 22:30:00
1762037100000,110040.74,110089.58,109991.13,110083.69,25.78764904,2025-11-01 22:45:00
1762038000000,110083.69,110083.69,109992.38,110027.39,16.26866208,2025-11-01 23:00:00
1762038900000,110027.39,110085.3,109987.28,110076.9,14.96022709,2025-11-01 23:15:00
1762039800000,110076.9,110076.9,109961.36,110037.38,20.75585436,2025-11-01 23:30:00
1762040700000,110037.38,110136.24,110005.31,110089.69,20.2043855,2025-11-01 23:45:00
1762041600000,110089.69,110109.36,110023.07,110029.56,23.52174097,2025-11-02 00:00:00
1762042500000,110029.56,110119.95,109887.11,110021.93,52.38856424,2025-11-02 00:15:00
1762043400000,110021.93,110066.44,109946.34,109991.21,81.93034233,2025-11-02 00:30:00
1762044300000,109991.21,110024.0,109938.3,109965.54,18.56842027,2025-11-02 00:45:00
1762045200000,109965.54,110020.44,109912.54,109977.66,23.15013501,2025-11-02 01:00:00
1762046100000,109977.66,110085.99,109966.73,110082.97,24.41358204,2025-11-02 01:15:00
1762047000000,110082.97,110082.97,110020.68,110035.05,16.43841088,2025-11-02 01:30:00
1762047900000,110035.05,110035.05,109942.51,109972.79,23.46050699,2025-11-02 01:45:00
1762048800000,109972.79,110009.47,109874.31,110009.37,32.39826864,2025-11-02 02:00:00
1762049700000,110009.37,110009.37,109891.8,109994.16,18.06035888,2025-11-02 02:15:00
1762050600000,109994.16,110252.0,109994.15,110006.38,50.17130401,2025-11-02 02:30:00
1762051500000,110006.38,110047.47,109977.88,110036.64,24.75645083,2025-11-02 02:45:00
1762052400000,110036.64,110040.26,109970.0,110026.9,13.28088353,2025-11-02 03:00:00
1762053300000,110026.9,110028.02,109976.04,109985.55,14.25160127,2025-11-02 03:15:00
1762054200000,109985.55,110087.59,109976.95,110023.74,25.14807622,2025-11-02 03:30:00
1762055100000,110023.74,110050.0,109965.0,110049.82,21.36354953,2025-11-02 03:45:00
1762056000000,110049.82,110143.49,110023.16,110111.23,133.9877422,2025-11-02 04:00:00
1762056900000,110111.23,110183.4,110034.9,110128.01,218.37253997,2025-11-02 04:15:00
1762057800000,110128.01,110472.71,110076.93,110442.89,246.85810359,2025-11-02 04:30:00
1762058700000,110442.89,110750.0,110422.67,110661.0,158.28797741,2025-11-02 04:45:00
1762059600000,110661.0,110699.24,110445.22,110505.16,217.04963345,2025-11-02 05:00:00
1762060500000,110505.16,110602.99,110343.08,110467.04,104.61592355,2025-11-02 05:15:00
1762061400000,110467.04,110526.51,110283.4,110492.49,162.69465334,2025-11-02 05:30:00
1762062300000,110492.49,110572.03,110337.09,110510.88,208.95720369,2025-11-02 05:45:00
1762063200000,110510.88,110530.67,110377.05,110377.1,60.87528966,2025-11-02 06:00:00
1762064100000,110377.1,110423.54,110327.5,110404.34,76.30714256,2025-11-02 06:15:00
1762065000000,110404.34,110519.41,110274.44,110519.41,180.7323559,2025-11-02 06:30:00
1762065900000,110519.41,110719.78,110513.41,110657.93,155.157998,2025-11-02 06:45:00
1762066800000,110657.93,110683.23,110518.17,110544.97,45.13143893,2025-11-02 07:00:00
1762067700000,110544.97,110546.43,110424.67,110497.99,63.82507284,2025-11-02 07:15:00
1762068600000,110497.99,110714.2,110465.31,110686.82,103.33212288,2025-11-02 07:30:00
1762069500000,110686.82,111039.19,110642.35,110886.15,296.31808102,2025-11-02 07:45:00
1762070400000,110886.15,111004.44,110778.46,110791.88,102.21647972,2025-11-02 08:00:00
1762071300000,110791.88,110852.88,110708.76,110791.82,40.08828964,2025-11-02 08:15:00
1762072200000,110791.82,110841.6,110730.6,110835.38,79.98739532,2025-11-02 08:30:00
1762073100000,110835.38,110860.51,110777.4,110860.51,62.95655802,2025-11-02 08:45:00
1762074000000,110860.51,110988.44,110860.51,110976.94,101.49263151,2025-11-02 09:00:00
1762074900000,110976.94,111032.16,110910.58,110967.17,45.0854459,2025-11-02 09:15:00
1762075800000,110967.17,110967.17,110573.26,110617.38,82.41446709,2025-11-02 09:30:00
1762076700000,110617.38,110707.51,110514.73,110707.09,90.34341376,2025-11-02 09:45:00
1762077600000,110707.09,110863.22,110583.93,110860.18,171.21379631,2025-11-02 10:00:00
1762078500000,110860.18,110860.27,110568.94,110568.94,99.5118495,2025-11-02 10:15:00
1762079400000,110568.94,110568.99,110338.52,110382.69,92.30868425,2025-11-02 10:30:00
1762080300000,110382.69,110480.0,110377.95,110479.99,26.63636019,2025-11-02 10:45:00
1762081200000,110479.99,110664.72,110473.36,110636.33,38.09564702,2025-11-02 11:00:00
1762082100000,110636.33,110865.0,110636.33,110835.53,39.58511267,2025-11-02 11:15:00
1762083000000,110835.53,110960.0,110721.06,110901.26,74.48940182,2025-11-02 11:30:00
1762083900000,110901.26,111219.35,110901.26,111187.31,192.30166927,2025-11-02 11:45:00
1762084800000,111187.31,111240.81,111047.65,111085.15,95.76940378,2025-11-02 12:00:00
1762085700000,111085.15,111164.16,110900.0,110930.37,62.56959884,2025-11-02 12:15:00
1762086600000,110930.37,111007.69,110788.88,110815.23,49.51763964,2025-11-02 12:30:00
1762087500000,110815.23,110820.5,110700.0,110732.35,42.98624313,2025-11-02 12:45:00
1762088400000,110732.35,110762.31,110569.99,110599.28,47.97348996,2025-11-02 13:00:00
1762089300000,110599.28,110599.29,110177.57,110409.22,101.09776816,2025-11-02 13:15:00
1762090200000,110409.22,110490.01,110292.95,110377.31,40.18911209,2025-11-02 13:30:00
1762091100000,110377.31,110604.61,110321.87,110582.17,42.49841948,2025-11-02 13:45:00
1762092000000,110582.17,110675.63,110443.56,110486.85,43.1557224,2025-11-02 14:00:00
1762092900000,110486.85,110540.71,110234.39,110293.1,80.12832671,2025-11-02 14:15:00
1762093800000,110293.1,110531.86,110293.1,110364.94,55.56248962,2025-11-02 14:30:00
1762094700000,110364.94,110503.32,110209.03,110430.33,50.32764862,2025-11-02 14:45:00
1762095600000,110430.33,110436.89,110280.6,110395.56,45.07116477,2025-11-02 15:00:00
1762096500000,110395.56,110567.25,110381.98,110522.69,37.8716713,2025-11-02 15:15:00
1762097400000,110522.69,110564.8,110236.74,110267.56,62.25436146,2025-11-02 15:30:00
1762098300000,110267.56,110345.55,110100.0,110109.53,64.79150386,2025-11-02 15:45:00
1762099200000,110109.53,110135.18,109805.35,109827.03,116.94126056,2025-11-02 16:00:00
1762100100000,109827.03,110074.24,109730.54,110072.51,68.01303592,2025-11-02 16:15:00
1762101000000,110072.51,110111.12,109938.67,110074.88,45.62288077,2025-11-02 16:30:00
1762101900000,110074.88,110124.93,109952.04,110106.41,28.7562802,2025-11-02 16:45:00
1762102800000,110106.41,110230.09,110091.79,110219.36,29.50062904,2025-11-02 17:00:00
1762103700000,110219.36,110257.69,110136.18,110155.46,22.02167761,2025-11-02 17:15:00
1762104600000,110155.46,110155.46,110022.51,110042.21,47.55783799,2025-11-02 17:30:00
1762105500000,110042.21,110183.35,110020.04,110183.27,19.84343278,2025-11-02 17:45:00
1762106400000,110183.27,110264.65,110173.15,110182.08,22.22466035,2025-11-02 18:00:00
1762107300000,110182.08,110268.94,110165.29,110241.93,13.9095786,2025-11-02 18:15:00
1762108200000,110241.93,110287.51,110177.03,110273.55,23.57754281,2025-11-02 18:30:00
1762109100000,110273.55,110320.8,110267.28,110320.48,16.38226995,2025-11-02 18:45:00
1762110000000,110320.48,110321.86,110196.7,110212.31,16.87115659,2025-11-02 19:00:00
1762110900000,110212.31,110212.31,109952.76,109952.96,28.95063524,2025-11-02 19:15:00
1762111800000,109952.96,110137.93,109952.96,110036.64,48.96698769,2025-11-02 19:30:00
1762112700000,110036.64,110175.61,110029.84,110175.55,31.79402091,2025-11-02 19:45:00
1762113600000,110175.55,110207.77,109963.42,109963.63,29.89542166,2025-11-02 20:00:00
1762114500000,109963.63,110043.19,109880.67,109911.99,33.23305998,2025-11-02 20:15:00
1762115400000,109911.99,110073.85,109911.99,110040.26,32.80809356,2025-11-02 20:30:00
1762116300000,110040.26,110081.98,110024.68,110081.98,18.54568882,2025-11-02 20:45:00
1762117200000,110081.98,110121.69,109974.74,109997.52,35.18541594,2025-11-02 21:00:00
1762118100000,109997.52,110057.28,109972.9,110013.56,20.31048829,2025-11-02 21:15:00
1762119000000,110013.56,110065.95,109995.95,110028.72,24.17487928,2025-11-02 21:30:00
1762119900000,110028.72,110093.7,109986.69,109986.71,22.29409876,2025-11-02 21:45:00
1762120800000,109986.71,110007.25,109951.62,109951.62,23.4391573,2025-11-02 22:00:00
1762121700000,109951.62,110004.57,109936.83,109984.77,21.01372392,2025-11-02 22:15:00
1762122600000,109984.77,109984.77,109485.02,109627.6,161.36095171,2025-11-02 22:30:00
1762123500000,109627.6,109872.53,109557.05,109872.53,41.34329445,2025-11-02 22:45:00
1762124400000,109872.53,110471.84,109872.53,110443.96,147.65145211,2025-11-02 23:00:00
1762125300000,110443.96,110490.88,110143.06,110176.79,50.94857792,2025-11-02 23:15:00
1762126200000,110176.79,110508.0,110157.66,110404.6,98.8894736,2025-11-02 23:30:00
1762127100000,110404.6,110733.12,110342.8,110531.37,60.93661974,2025-11-02 23:45:00
1762128000000,110531.37,110743.41,110490.78,110677.99,57.47077836,2025-11-03 00:00:00
1762128900000,110677.99,110687.46,110323.33,110323.66,61.12388977,2025-11-03 00:15:00
1762129800000,110323.66,110363.99,110235.66,110271.61,30.90263296,2025-11-03 00:30:00
1762130700000,110271.61,110298.52,109752.9,109752.95,101.69402541,2025-11-03 00:45:00
1762131600000,109752.95,109852.48,109490.47,109721.13,124.8631107,2025-11-03 01:00:00
1762132500000,109721.13,109815.19,109535.48,109651.27,79.73934027,2025-11-03 01:15:00
1762133400000,109651.27,109792.78,109384.38,109737.5,167.29710847,2025-11-03 01:30:00
1762134300000,109737.5,109912.49,109585.94,109679.15,67.34178487,2025-11-03 01:45:00
1762135200000,109679.15,109762.22,109409.83,109680.51,85.31389249,2025-11-03 02:00:00
1762136100000,109680.51,109680.51,109231.71,109243.92,111.29501579,2025-11-03 02:15:00
1762137000000,109243.92,109243.92,108826.29,108887.97,173.93109284,2025-11-03 02:30:00
1762137900000,108887.97,109099.4,108685.32,109030.01,157.01524843,2025-11-03 02:45:00
1762138800000,109030.01,109162.37,108210.6,108251.05,154.96676022,2025-11-03 03:00:00
1762139700000,108251.05,108470.47,107975.0,108142.0,200.49391383,2025-11-03 03:15:00
1762140600000,108142.0,108395.1,107986.0,108261.53,152.22758726,2025-11-03 03:30:00
1762141500000,108261.53,108261.53,107908.3,107949.63,130.67747865,2025-11-03 03:45:00
1762142400000,107949.63,107996.81,107513.91,107731.67,207.00839874,2025-11-03 04:00:00
1762143300000,107731.67,107904.92,107500.0,107838.79,140.43691567,2025-11-03 04:15:00
1762144200000,107838.79,107941.79,107700.0,107718.83,90.15376986,2025-11-03 04:30:00
1762145100000,107718.83,107996.27,107718.83,107906.57,88.77556982,2025-11-03 04:45:00
1762146000000,107906.57,108041.08,107807.43,108000.0,78.23830404,2025-11-03 05:00:00
1762146900000,108000.0,108018.27,107770.0,107994.76,121.04954384,2025-11-03 05:15:00
1762147800000,107994.76,108015.27,107540.01,107611.12,95.25612737,2025-11-03 05:30:00
1762148700000,107611.12,107687.7,107405.71,107610.76,152.09326338,2025-11-03 05:45:00
1762149600000,107610.76,107710.45,107307.7,107352.29,169.11181227,2025-11-03 06:00:00
1762150500000,107352.29,107588.79,107330.0,107463.95,122.11401323,2025-11-03 06:15:00
1762151400000,107463.95,107669.21,107315.92,107371.63,130.40207356,2025-11-03 06:30:00
1762152300000,107371.63,107625.09,107011.0,107501.54,188.74844027,2025-11-03 06:45:00
1762153200000,107501.54,107501.54,107279.65,107447.9,83.37183637,2025-11-03 07:00:00
1762154100000,107447.9,107830.58,107317.15,107651.57,121.42915204,2025-11-03 07:15:00
1762155000000,107651.57,107717.66,107469.41,107476.81,85.03911254,2025-11-03 07:30:00
1762155900000,107476.81,107692.98,107450.0,107480.0,116.84940896,2025-11-03 07:45:00
1762156800000,107480.0,107706.68,107411.98,107578.61,75.32274183,2025-11-03 08:00:00
1762157700000,107578.61,107578.61,107217.39,107232.47,70.20903151,2025-11-03 08:15:00
1762158600000,107232.47,107300.9,107121.9,107236.96,102.89781052,2025-11-03 08:30:00
1762159500000,107236.96,107602.9,107000.63,107594.46,266.54047249,2025-11-03 08:45:00
1762160400000,107594.46,107921.83,107545.38,107812.22,106.90421856,2025-11-03 09:00:00
1762161300000,107812.22,107812.22,107295.04,107373.21,122.73845499,2025-11-03 09:15:00
1762162200000,107373.21,107459.31,107210.01,107343.16,74.70725801,2025-11-03 09:30:00
1762163100000,107343.16,107351.06,107088.8,107204.19,65.22985032,2025-11-03 09:45:00
1762164000000,107204.19,107566.82,107204.19,107517.63,77.76972118,2025-11-03 10:00:00
1762164900000,107517.63,107626.97,107497.85,107600.01,47.89785017,2025-11-03 10:15:00
1762165800000,107600.01,107600.01,107204.34,107251.33,147.23931093,2025-11-03 10:30:00
1762166700000,107251.33,107329.07,106775.97,106967.63,154.97322856,2025-11-03 10:45:00
1762167600000,106967.63,107570.0,106967.63,107519.2,148.64805743,2025-11-03 11:00:00
1762168500000,107519.2,107777.76,107465.49,107639.52,97.94857899,2025-11-03 11:15:00
1762169400000,107639.52,107760.4,107515.93,107735.02,54.39473026,2025-11-03 11:30:00
1762170300000,107735.02,107913.49,107662.0,107787.8,68.55777599,2025-11-03 11:45:00
1762171200000,107787.8,108182.39,107728.89,108057.67,87.67876412,2025-11-03 12:00:00
1762172100000,108057.67,108251.0,108049.77,108251.0,104.64730827,2025-11-03 12:15:00
1762173000000,108251.0,108251.0,107833.41,107833.43,68.64923527,2025-11-03 12:30:00
1762173900000,107833.43,107959.9,107712.24,107764.58,75.40225595,2025-11-03 12:45:00
1762174800000,107764.58,107768.77,107593.55,107686.4,88.28512332,2025-11-03 13:00:00
1762175700000,107686.4,107739.28,107565.54,107682.41,100.40247924,2025-11-03 13:15:00
1762176600000,107682.41,108026.59,107682.4,107854.76,100.16118012,2025-11-03 13:30:00
1762177500000,107854.76,108030.95,107772.37,107899.81,66.06000778,2025-11-03 13:45:00
1762178400000,107899.81,108306.38,107899.81,107917.52,98.01096761,2025-11-03 14:00:00
1762179300000,107917.52,107923.41,107533.24,107554.06,93.78801425,2025-11-03 14:15:00
1762180200000,107554.06,107833.69,107380.21,107618.43,145.46121832,2025-11-03 14:30:00
1762181100000,107618.43,108063.65,107525.02,108055.89,143.01692106,2025-11-03 14:45:00
1762182000000,108055.89,108144.39,107528.95,107645.19,163.19832902,2025-11-03 15:00:00
1762182900000,107645.19,107645.19,105743.42,105988.75,320.78159884,2025-11-03 15:15:00
1762183800000,105988.75,106566.64,105500.0,106075.93,309.02431546,2025-11-03 15:30:00
1762184700000,106075.93,106275.3,105658.37,105747.15,187.26401712,2025-11-03 15:45:00
1762185600000,105747.15,106176.54,105309.53,106070.73,227.14606248,2025-11-03 16:00:00
1762186500000,106070.73,106570.0,105821.62,106376.77,229.47323433,2025-11-03 16:15:00
1762187400000,106376.77,106640.88,106227.43,106500.0,280.3586383,2025-11-03 16:30:00
1762188300000,106500.0,106806.32,106450.0,106686.8,213.21803042,2025-11-03 16:45:00
1762189200000,106686.8,106937.7,106543.99,106849.96,179.0195089,2025-11-03 17:00:00
1762190100000,106849.96,107763.67,106783.68,107077.46,218.93654589,2025-11-03 17:15:00
1762191000000,107077.46,107588.47,107064.68,107454.46,178.99204597,2025-11-03 17:30:00
1762191900000,107454.46,107679.8,107329.4,107472.43,155.53686519,2025-11-03 17:45:00
1762192800000,107472.43,107599.35,107184.9,107195.49,250.4389477,2025-11-03 18:00:00
1762193700000,107195.49,107538.47,107102.21,107265.84,141.74754643,2025-11-03 18:15:00
1762194600000,107265.84,107393.16,106857.19,106889.86,217.03189617,2025-11-03 18:30:00
1762195500000,106889.86,107174.84,106804.12,106952.92,152.21875886,2025-11-03 18:45:00
1762196400000,106952.92,107059.77,106465.1,106782.82,169.5909728,2025-11-03 19:00:00
1762197300000,106782.82,107119.47,106771.08,106937.18,137.44082455,2025-11-03 19:15:00
1762198200000,106937.18,107375.49,106916.31,107260.81,127.81655326,2025-11-03 19:30:00
1762199100000,107260.81,107364.79,107030.65,107081.12,85.14023665,2025-11-03 19:45:00
1762200000000,107081.12,107160.78,106711.57,106714.86,129.99666107,2025-11-03 20:00:00
1762200900000,106714.86,106833.69,106514.54,106750.5,118.68183706,2025-11-03 20:15:00
1762201800000,106750.5,107023.91,106636.34,106655.78,77.15595526,2025-11-03 20:30:00
1762202700000,106655.78,106708.95,106336.42,106649.1,134.9458239,2025-11-03 20:45:00
1762203600000,106649.1,107084.46,106531.28,106559.31,148.92798657,2025-11-03 21:00:00
1762204500000,106559.31,106787.77,106081.22,106622.35,132.69863213,2025-11-03 21:15:00
1762205400000,106622.35,107029.58,106546.05,107017.98,89.39944329,2025-11-03 21:30:00
1762206300000,107017.98,107036.42,106826.0,106889.05,60.82348294,2025-11-03 21:45:00
1762207200000,106889.05,106889.05,106362.94,106519.8,145.83555203,2025-11-03 22:00:00
1762208100000,106519.8,106607.68,106140.18,106167.62,129.30412875,2025-11-03 22:15:00
1762209000000,106167.62,106449.0,105810.98,106383.64,134.48953924,2025-11-03 22:30:00
1762209900000,106383.64,106625.15,106316.41,106481.06,92.10857629,2025-11-03 22:45:00
1762210800000,106481.06,106481.07,106021.46,106238.11,124.55341153,2025-11-03 23:00:00
1762211700000,106238.11,106525.0,106229.27,106449.58,75.38152311,2025-11-03 23:15:00
1762212600000,106449.58,106744.0,106401.19,106630.0,90.42835546,2025-11-03 23:30:00
1762213500000,106630.0,106661.22,106468.77,106574.18,72.97243181,2025-11-03 23:45:00
1762214400000,106574.18,106574.18,106288.43,106311.75,120.40248573,2025-11-04 00:00:00
1762215300000,106311.75,106351.89,105870.21,105880.23,178.03338,2025-11-04 00:15:00
1762216200000,105880.23,106804.05,105880.23,106730.91,232.8872747,2025-11-04 00:30:00
1762217100000,106730.91,106730.91,106294.77,106463.38,121.27203922,2025-11-04 00:45:00
1762218000000,106463.38,106675.81,106279.53,106583.89,117.45840987,2025-11-04 01:00:00
1762218900000,106583.89,107151.79,106515.95,106896.83,165.86565954,2025-11-04 01:15:00
1762219800000,106896.83,107264.09,106896.83,107127.13,112.96992485,2025-11-04 01:30:00
1762220700000,107127.13,107145.57,106700.0,107044.45,114.38602289,2025-11-04 01:45:00
1762221600000,107044.45,107044.45,106732.0,106913.78,67.02951869,2025-11-04 02:00:00
1762222500000,106913.78,107231.6,106821.57,106929.48,94.1077658,2025-11-04 02:15:00
1762223400000,106929.48,106997.96,106661.37,106769.48,108.56138028,2025-11-04 02:30:00
1762224300000,106769.48,106769.48,106468.25,106475.6,111.66125657,2025-11-04 02:45:00
1762225200000,106475.6,106925.21,106238.92,106917.74,132.74420943,2025-11-04 03:00:00
1762226100000,106917.74,107023.31,106760.38,106966.95,176.51407218,2025-11-04 03:15:00
1762227000000,106966.95,107201.34,106837.68,107188.55,157.13370587,2025-11-04 03:30:00
1762227900000,107188.55,107241.82,107019.87,107165.34,113.31881933,2025-11-04 03:45:00
1762228800000,107165.34,107305.68,107120.01,107205.81,142.60733466,2025-11-04 04:00:00
1762229700000,107205.81,107205.81,106925.69,106943.13,101.72399653,2025-11-04 04:15:00
1762230600000,106943.13,107046.8,106784.36,106837.71,82.5773381,2025-11-04 04:30:00
1762231500000,106837.71,106862.23,106719.01,106742.59,70.66517679,2025-11-04 04:45:00
1762232400000,106742.59,106742.59,106472.0,106588.99,65.94049127,2025-11-04 05:00:00
1762233300000,106588.99,106600.22,105484.46,105700.0,239.18813539,2025-11-04 05:15:00
1762234200000,105700.0,105700.0,104950.0,104950.0,235.08788023,2025-11-04 05:30:00
1762235100000,104950.0,105099.21,104206.63,104251.44,349.14938774,2025-11-04 05:45:00
1762236000000,104251.44,104857.24,104204.24,104853.36,250.25622276,2025-11-04 06:00:00
1762236900000,104853.36,105203.37,104720.38,104969.44,194.32766296,2025-11-04 06:15:00
1762237800000,104969.44,104979.56,104489.33,104538.99,194.71555169,2025-11-04 06:30:00
1762238700000,104538.99,104791.6,104520.36,104760.19,336.40904144,2025-11-04 06:45:00
1762239600000,104760.19,104971.94,104401.01,104454.06,230.83991397,2025-11-04 07:00:00
1762240500000,104454.06,104697.73,104337.8,104373.05,170.05593925,2025-11-04 07:15:00
1762241400000,104373.05,104731.15,104317.82,104357.48,232.47470411,2025-11-04 07:30:00
1762242300000,104357.48,104591.49,104329.09,104491.84,184.90187193,2025-11-04 07:45:00
1762243200000,104491.84,104539.71,103878.24,103890.0,260.76893007,2025-11-04 08:00:00
1762244100000,103890.0,104481.97,103767.77,104205.6,259.72965855,2025-11-04 08:15:00
1762245000000,104205.6,104642.59,104201.09,104443.63,184.74825738,2025-11-04 08:30:00
1762245900000,104443.63,104476.71,103955.35,104060.57,123.89735296,2025-11-04 08:45:00
1762246800000,104060.57,104087.19,103707.44,103838.91,176.34788582,2025-11-04 09:00:00
1762247700000,103838.91,104037.24,103665.15,103874.84,202.52400656,2025-11-04 09:15:00
1762248600000,103874.84,104131.92,103778.68,103875.88,192.00163103,2025-11-04 09:30:00
1762249500000,103875.88,103976.51,103627.11,103833.23,194.36053021,2025-11-04 09:45:00
1762250400000,103833.23,103870.0,103656.19,103665.34,158.91358576,2025-11-04 10:00:00
1762251300000,103665.34,103885.27,103651.57,103737.92,120.24358392,2025-11-04 10:15:00
1762252200000,103737.92,104090.24,103613.93,103840.85,152.51563375,2025-11-04 10:30:00
1762253100000,103840.85,103865.76,103625.27,103824.6,135.16741809,2025-11-04 10:45:00
1762254000000,103824.6,104266.97,103778.58,104207.87,145.55947609,2025-11-04 11:00:00
1762254900000,104207.87,104465.21,104141.7,104318.99,147.86549283,2025-11-04 11:15:00
1762255800000,104318.99,104708.57,104280.54,104594.42,131.67965846,2025-11-04 11:30:00
1762256700000,104594.42,104644.43,104468.25,104589.78,80.76179902,2025-11-04 11:45:00
1762257600000,104589.78,104646.54,104298.0,104343.44,155.47808734,2025-11-04 12:00:00
1762258500000,104343.44,104343.44,103888.54,104114.88,164.68733786,2025-11-04 12:15:00
1762259400000,104114.88,104122.69,103837.79,104034.94,158.718213,2025-11-04 12:30:00
1762260300000,104034.94,104054.45,103894.12,103947.17,171.34255606,2025-11-04 12:45:00
1762261200000,103947.17,104085.73,103727.33,103830.82,124.03577531,2025-11-04 13:00:00
1762262100000,103830.82,103967.11,103567.0,103681.44,184.10580298,2025-11-04 13:15:00
1762263000000,103681.44,104237.31,103654.49,104185.9,164.83080392,2025-11-04 13:30:00
1762263900000,104185.9,104185.9,103880.0,103916.79,83.53381543,2025-11-04 13:45:00
1762264800000,103916.79,104030.0,103700.01,103900.89,136.76743453,2025-11-04 14:00:00
1762265700000,103900.89,103967.08,103703.87,103763.41,110.86276301,2025-11-04 14:15:00
1762266600000,103763.41,103947.88,102929.34,103925.0,272.52101407,2025-11-04 14:30:00
1762267500000,103925.0,104674.11,103846.48,104519.48,265.86549437,2025-11-04 14:45:00
1762268400000,104519.48,104803.92,104067.79,104076.8,184.9448517,2025-11-04 15:00:00
1762269300000,104076.8,104840.0,104076.8,104469.7,149.50328453,2025-11-04 15:15:00
1762270200000,104469.7,104469.7,103986.14,104114.33,240.96403504,2025-11-04 15:30:00
1762271100000,104114.33,104114.33,103171.54,103181.54,269.14086536,2025-11-04 15:45:00
1762272000000,103181.54,103493.78,102999.99,103074.58,247.76823701,2025-11-04 16:00:00
1762272900000,103074.58,103173.51,102510.0,102766.23,186.4595966,2025-11-04 16:15:00
1762273800000,102766.23,103042.11,102600.0,102654.53,230.61388863,2025-11-04 16:30:00
1762274700000,102654.53,102795.86,102177.49,102252.55,237.57652395,2025-11-04 16:45:00
1762275600000,102252.55,102264.58,101259.0,101350.34,243.20269042,2025-11-04 17:00:00
1762276500000,101350.34,101582.48,100820.98,101354.33,289.16639499,2025-11-04 17:15:00
1762277400000,101354.33,101976.64,101300.01,101386.67,259.49161344,2025-11-04 17:30:00
1762278300000,101386.67,101497.08,101089.44,101119.17,195.95719049,2025-11-04 17:45:00
1762279200000,101119.17,101152.0,100655.0,100817.05,347.69345364,2025-11-04 18:00:00
1762280100000,100817.05,100918.34,100333.71,100699.33,355.30980448,2025-11-04 18:15:00
1762281000000,100699.33,101252.12,100026.86,101252.12,272.85722585,2025-11-04 18:30:00
1762281900000,101252.12,101476.84,100533.28,101390.99,213.34610691,2025-11-04 18:45:00
1762282800000,101390.99,101550.09,100982.97,101404.72,213.37511168,2025-11-04 19:00:00
1762283700000,101404.72,101713.37,101179.7,101325.9,146.82327198,2025-11-04 19:15:00
1762284600000,101325.9,101434.32,100690.22,100842.4,205.22059329,2025-11-04 19:30:00
1762285500000,100842.4,100990.59,100406.91,100538.61,202.93673209,2025-11-04 19:45:00
1762286400000,100538.61,100736.49,100292.32,100522.07,187.76284327,2025-11-04 20:00:00
1762287300000,100522.07,100640.54,100000.0,100535.19,720.08163879,2025-11-04 20:15:00
1762288200000,100535.19,101111.85,100015.0,100923.47,249.2667777,2025-11-04 20:30:00
1762289100000,100923.47,101019.47,100533.54,100722.73,238.38606403,2025-11-04 20:45:00
1762290000000,100722.73,100834.05,100276.23,100296.76,202.13249622,2025-11-04 21:00:00
1762290900000,100296.76,100369.95,100000.0,100000.0,358.97880974,2025-11-04 21:15:00
1762291800000,100000.0,100007.4,98980.0,99301.58,823.51595726,2025-11-04 21:30:00
1762292700000,99301.58,100330.84,99137.26,100311.52,359.22208682,2025-11-04 21:45:00
1762293600000,100311.52,101044.69,100074.77,100889.91,296.31007281,2025-11-04 22:00:00
1762294500000,100889.91,101300.0,100852.11,101117.82,244.97397229,2025-11-04 22:15:00
1762295400000,101117.82,101885.8,101050.0,101168.3,278.9564678,2025-11-04 22:30:00
1762296300000,101168.3,101395.23,100900.0,101246.08,239.28723438,2025-11-04 22:45:00
1762297200000,101246.08,101565.05,100940.56,101260.92,259.89004178,2025-11-04 23:00:00
1762298100000,101260.92,101334.03,101009.04,101226.75,115.7401851,2025-11-04 23:15:00
1762299000000,101226.75,101388.95,101091.58,101388.95,171.13805924,2025-11-04 23:30:00
1762299900000,101388.95,101721.1,101314.64,101482.38,209.29972872,2025-11-04 23:45:00
1762300800000,101482.38,101740.16,101078.55,101086.14,196.92662808,2025-11-05 00:00:00
1762301700000,101086.14,101484.53,100959.67,100990.09,155.07938784,2025-11-05 00:15:00
1762302600000,100990.09,101074.86,100384.4,100428.3,276.37832017,2025-11-05 00:30:00
1762303500000,100428.3,100697.37,100340.17,100555.8,157.25391321,2025-11-05 00:45:00
1762304400000,100555.8,100608.91,100032.54,100351.49,200.33798573,2025-11-05 01:00:00
1762305300000,100351.49,100365.71,99087.96,99104.23,215.91114244,2025-11-05 01:15:00
1762306200000,99104.23,99580.51,98980.0,99335.66,192.14166989,2025-11-05 01:30:00
1762307100000,99335.66,101000.56,99280.0,100743.6,209.36084873,2025-11-05 01:45:00
1762308000000,100743.6,101562.12,100743.6,101116.29,273.990801,2025-11-05 02:00:00
1762308900000,101116.29,101464.66,100900.0,101264.54,262.21253528,2025-11-05 02:15:00
1762309800000,101264.54,101716.63,101140.59,101716.63,569.15575754,2025-11-05 02:30:00
1762310700000,101716.63,101914.08,101271.92,101690.72,264.89888709,2025-11-05 02:45:00
1762311600000,101690.72,101875.68,101451.7,101723.89,238.91277378,2025-11-05 03:00:00
1762312500000,101723.89,102135.91,101494.73,102098.38,295.06987896,2025-11-05 03:15:00
1762313400000,102098.38,102246.29,101900.0,102232.05,261.56185415,2025-11-05 03:30:00
1762314300000,102232.05,102276.08,102000.0,102136.5,447.90056077,2025-11-05 03:45:00
1762315200000,102136.5,102221.53,101895.28,101922.93,365.04654055,2025-11-05 04:00:00
1762316100000,101922.93,101996.03,101550.91,101558.83,309.97275001,2025-11-05 04:15:00
1762317000000,101558.83,102126.07,101512.0,102056.94,218.02757368,2025-11-05 04:30:00
1762317900000,102056.94,102185.81,101800.54,101993.12,145.69954495,2025-11-05 04:45:00
1762318800000,101993.12,102365.6,101955.0,102259.25,165.76184381,2025-11-05 05:00:00
1762319700000,102259.25,102318.93,101675.45,101880.48,182.18725658,2025-11-05 05:15:00
1762320600000,101880.48,102044.36,101735.34,101801.09,142.11940103,2025-11-05 05:30:00
1762321500000,101801.09,101835.28,101594.81,101821.63,104.96443847,2025-11-05 05:45:00
1762322400000,101821.63,101824.51,101500.0,101664.52,152.3385682,2025-11-05 06:00:00
1762323300000,101664.52,101934.45,101529.55,101920.22,126.60086294,2025-11-05 06:15:00
1762324200000,101920.22,102066.24,101729.24,101900.0,121.37265281,2025-11-05 06:30:00
1762325100000,101900.0,102146.31,101832.57,102123.54,76.14605355,2025-11-05 06:45:00
1762326000000,102123.54,102143.69,101760.49,101935.73,64.37695775,2025-11-05 07:00:00
1762326900000,101935.73,101942.5,101625.09,101832.1,83.43263019,2025-11-05 07:15:00
1762327800000,101832.1,101980.65,101764.3,101947.35,86.83644646,2025-11-05 07:30:00
1762328700000,101947.35,102159.28,101872.31,101989.04,114.54602446,2025-11-05 07:45:00
1762329600000,101989.04,102001.74,101661.96,101728.68,141.88925362,2025-11-05 08:00:00
1762330500000,101728.68,101728.68,101179.29,101473.3,175.86758371,2025-11-05 08:15:00
1762331400000,101473.3,101761.25,101350.14,101512.27,105.08698417,2025-11-05 08:30:00
1762332300000,101512.27,101840.28,101216.15,101701.83,158.88164843,2025-11-05 08:45:00
1762333200000,101701.83,102203.63,101614.85,101903.42,165.39770007,2025-11-05 09:00:00
1762334100000,101903.42,102000.0,101606.95,101892.56,106.30609992,2025-11-05 09:15:00
1762335000000,101892.56,101998.2,101739.7,101936.95,81.06249945,2025-11-05 09:30:00
1762335900000,101936.95,102019.38,101767.22,101992.95,75.21368576,2025-11-05 09:45:00
1762336800000,101992.95,101992.96,101704.8,101757.72,77.27473817,2025-11-05 10:00:00
1762337700000,101757.72,101862.26,101633.97,101793.72,105.17280714,2025-11-05 10:15:00
1762338600000,101793.72,101843.93,101563.93,101692.3,70.10775674,2025-11-05 10:30:00
1762339500000,101692.3,101698.16,101284.84,101398.69,145.55028416,2025-11-05 10:45:00
1762340400000,101398.69,101710.44,101373.47,101584.48,81.22467381,2025-11-05 11:00:00
1762341300000,101584.48,101767.59,101475.54,101597.89,122.54855927,2025-11-05 11:15:00
1762342200000,101597.89,101839.94,101594.82,101739.84,85.42565109,2025-11-05 11:30:00
1762343100000,101739.84,102110.76,101724.88,102062.34,154.29997302,2025-11-05 11:45:00
1762344000000,102062.34,102090.3,101908.06,102026.49,97.48101636,2025-11-05 12:00:00
1762344900000,102026.49,102770.7,101998.83,102528.68,266.0448504,2025-11-05 12:15:00
1762345800000,102528.68,102724.54,102307.07,102707.94,156.93889011,2025-11-05 12:30:00
1762346700000,102707.94,102729.94,102476.59,102667.65,120.32783988,2025-11-05 12:45:00
1762347600000,102667.65,102759.29,102481.68,102495.59,191.61769911,2025-11-05 13:00:00
1762348500000,102495.59,102600.42,102302.01,102522.31,151.7298557,2025-11-05 13:15:00
1762349400000,102522.31,102980.0,102367.96,102834.21,135.81355259,2025-11-05 13:30:00
1762350300000,102834.21,103262.76,102777.34,102992.76,297.33094706,2025-11-05 13:45:00
1762351200000,102992.76,103028.1,102629.79,102674.4,226.16082253,2025-11-05 14:00:00
1762352100000,102674.4,102777.78,102517.99,102675.87,141.32724012,2025-11-05 14:15:00
1762353000000,102675.87,103350.0,102172.3,102965.44,210.28026867,2025-11-05 14:30:00
1762353900000,102965.44,103459.0,102883.4,103209.96,159.3313681,2025-11-05 14:45:00
1762354800000,103209.96,103432.5,102845.0,103038.21,207.88458836,2025-11-05 15:00:00
1762355700000,103038.21,103491.97,102974.9,103374.96,206.97649899,2025-11-05 15:15:00
1762356600000,103374.96,103770.0,103263.37,103561.54,270.13310025,2025-11-05 15:30:00
1762357500000,103561.54,103792.19,103530.58,103727.16,228.70969298,2025-11-05 15:45:00
1762358400000,103727.16,103846.01,103292.79,103306.08,208.28972964,2025-11-05 16:00:00
1762359300000,103306.08,103536.86,103100.0,103520.17,174.79377522,2025-11-05 16:15:00
1762360200000,103520.17,103794.11,103490.04,103593.61,200.44867264,2025-11-05 16:30:00
1762361100000,103593.61,104038.93,103592.21,103915.38,274.28554021,2025-11-05 16:45:00
1762362000000,103915.38,103926.25,103379.5,103430.29,267.93277545,2025-11-05 17:00:00
1762362900000,103430.29,103995.57,103430.29,103910.31,214.31127785,2025-11-05 17:15:00
1762363800000,103910.31,103989.51,103747.5,103918.44,142.89661955,2025-11-05 17:30:00
1762364700000,103918.44,103930.17,103513.23,103907.51,308.78188045,2025-11-05 17:45:00
1762365600000,103907.51,103989.87,103761.62,103945.93,157.34607877,2025-11-05 18:00:00
1762366500000,103945.93,104141.38,103911.89,104116.11,162.70618648,2025-11-05 18:15:00
1762367400000,104116.11,104284.85,104027.43,104201.61,176.65621232,2025-11-05 18:30:00
1762368300000,104201.61,104429.92,104111.77,104342.92,173.95545108,2025-11-05 18:45:00
1762369200000,104342.92,104347.07,104073.43,104155.99,122.51757913,2025-11-05 19:00:00
1762370100000,104155.99,104511.44,104155.99,104217.84,130.8685059,2025-11-05 19:15:00
1762371000000,104217.84,104453.56,104204.51,104311.0,75.65992581,2025-11-05 19:30:00
1762371900000,104311.0,104322.11,103992.7,104010.3,102.0161792,2025-11-05 19:45:00
1762372800000,104010.3,104542.8,103942.04,104528.7,103.72987024,2025-11-05 20:00:00
1762373700000,104528.7,104538.76,104020.08,104020.08,54.54457136,2025-11-05 20:15:00
1762374600000,104020.08,104020.08,103743.66,103900.64,176.78981806,2025-11-05 20:30:00
1762375500000,103900.64,103985.16,103654.61,103869.51,145.00566179,2025-11-05 20:45:00
1762376400000,103869.51,103869.51,103609.74,103629.01,81.25923844,2025-11-05 21:00:00
1762377300000,103629.01,103800.44,103534.05,103564.48,102.12569994,2025-11-05 21:15:00
1762378200000,103564.48,103721.87,103554.69,103619.73,70.67599683,2025-11-05 21:30:00
1762379100000,103619.73,103757.39,103570.5,103663.74,69.45210438,2025-11-05 21:45:00
1762380000000,103663.74,103663.74,103304.03,103304.04,120.74086341,2025-11-05 22:00:00
1762380900000,103304.04,103467.71,103300.0,103354.57,44.29284495,2025-11-05 22:15:00
1762381800000,103354.57,103669.18,103313.31,103564.56,87.17313548,2025-11-05 22:30:00
1762382700000,103564.56,103797.65,103505.51,103708.88,124.17163109,2025-11-05 22:45:00
1762383600000,103708.88,103850.57,103672.29,103781.96,79.8398543,2025-11-05 23:00:00
1762384500000,103781.96,103974.91,103781.96,103973.68,68.43612518,2025-11-05 23:15:00
1762385400000,103973.68,104104.51,103867.09,104096.0,87.82914461,2025-11-05 23:30:00
1762386300000,104096.0,104096.0,103868.89,103898.66,55.92026046,2025-11-05 23:45:00
1762387200000,103898.66,103903.74,103452.68,103792.79,247.36741136,2025-11-06 00:00:00
1762388100000,103792.79,103792.79,103323.53,103434.12,161.20278976,2025-11-06 00:15:00
1762389000000,103434.12,103496.1,103340.03,103416.86,89.70417231,2025-11-06 00:30:00
1762389900000,103416.86,103687.13,103416.38,103677.29,103.65116146,2025-11-06 00:45:00
1762390800000,103677.29,103677.29,103122.15,103215.94,149.85192963,2025-11-06 01:00:00
1762391700000,103215.94,103286.07,102697.46,102856.59,267.92334035,2025-11-06 01:15:00
1762392600000,102856.59,103416.11,102811.54,103316.28,142.59126849,2025-11-06 01:30:00
1762393500000,103316.28,103524.0,103316.28,103362.19,77.60813013,2025-11-06 01:45:00
1762394400000,103362.19,103422.33,102921.04,102942.75,98.29156802,2025-11-06 02:00:00
1762395300000,102942.75,103148.38,102855.34,102905.35,76.77006078,2025-11-06 02:15:00
1762396200000,102905.35,103450.31,102887.44,103314.43,94.05773829,2025-11-06 02:30:00
1762397100000,103314.43,103567.64,103314.43,103319.86,119.89628651,2025-11-06 02:45:00
1762398000000,103319.86,103565.8,103319.11,103552.01,106.8062998,2025-11-06 03:00:00
1762398900000,103552.01,103916.21,103537.31,103590.28,143.43108245,2025-11-06 03:15:00
1762399800000,103590.28,103772.67,103590.28,103645.53,69.90257357,2025-11-06 03:30:00
1762400700000,103645.53,103714.68,103598.44,103631.47,58.3086077,2025-11-06 03:45:00
1762401600000,103631.47,103830.46,103571.86,103799.29,64.782686,2025-11-06 04:00:00
1762402500000,103799.29,103815.25,103720.01,103748.37,65.32301823,2025-11-06 04:15:00
1762403400000,103748.37,103872.86,103687.12,103862.42,55.60652611,2025-11-06 04:30:00
1762404300000,103862.42,104155.19,103855.12,104022.16,146.08073926,2025-11-06 04:45:00
1762405200000,104022.16,104022.17,103416.05,103507.02,180.95550757,2025-11-06 05:00:00
1762406100000,103507.02,103664.72,103400.0,103491.84,64.10067206,2025-11-06 05:15:00
1762407000000,103491.84,103525.65,103086.89,103261.12,103.27805031,2025-11-06 05:30:00
1762407900000,103261.12,103328.35,103095.42,103127.11,70.27754265,2025-11-06 05:45:00
1762408800000,103127.11,103281.4,103004.99,103258.34,69.10532678,2025-11-06 06:00:00
1762409700000,103258.34,103509.93,103258.34,103501.82,64.65513966,2025-11-06 06:15:00
1762410600000,103501.82,103580.0,103245.31,103370.0,90.5341143,2025-11-06 06:30:00
1762411500000,103370.0,103454.69,103304.62,103332.46,77.56631192,2025-11-06 06:45:00
1762412400000,103332.46,103534.6,103204.51,103290.58,74.68376307,2025-11-06 07:00:00
1762413300000,103290.58,103554.46,102905.52,103437.06,135.42876562,2025-11-06 07:15:00
1762414200000,103437.06,103492.33,103027.86,103175.41,163.59060149,2025-11-06 07:30:00
1762415100000,103175.41,103260.18,102950.0,103186.33,166.90004409,2025-11-06 07:45:00
1762416000000,103186.33,103267.97,102962.45,103265.88,129.45920127,2025-11-06 08:00:00
1762416900000,103265.88,103431.5,103253.56,103310.13,84.84408988,2025-11-06 08:15:00
1762417800000,103310.13,103371.15,103172.81,103180.08,60.19533383,2025-11-06 08:30:00
1762418700000,103180.08,103286.31,103080.88,103193.36,76.71034891,2025-11-06 08:45:00
1762419600000,103193.36,103255.41,102854.75,103116.57,116.05343148,2025-11-06 09:00:00
1762420500000,103116.57,103157.94,102955.46,102956.45,54.64214677,2025-11-06 09:15:00
1762421400000,102956.45,103084.81,102926.6,102976.07,55.85520135,2025-11-06 09:30:00
1762422300000,102976.07,103069.42,102816.97,102816.97,66.70971914,2025-11-06 09:45:00
1762423200000,102816.97,102944.98,102650.0,102858.96,164.17976477,2025-11-06 10:00:00
1762424100000,102858.96,103080.64,102841.79,103016.81,71.20585296,2025-11-06 10:15:00
1762425000000,103016.81,103280.1,103006.32,103111.18,129.60294556,2025-11-06 10:30:00
1762425900000,103111.18,103216.12,103014.74,103116.55,52.12444725,2025-11-06 10:45:00
1762426800000,103116.55,103116.57,102739.46,102865.43,88.88071685,2025-11-06 11:00:00
1762427700000,102865.43,103176.82,102820.74,103134.48,85.85611128,2025-11-06 11:15:00
1762428600000,103134.48,103292.26,103096.36,103200.0,64.49218955,2025-11-06 11:30:00
1762429500000,103200.0,103264.08,103131.92,103209.2,60.27684788,2025-11-06 11:45:00
1762430400000,103209.2,103326.98,102974.81,103010.13,98.06995576,2025-11-06 12:00:00
1762431300000,103010.13,103013.72,102790.39,102812.1,104.38937367,2025-11-06 12:15:00
1762432200000,102812.1,102990.05,102442.71,102466.17,163.49137924,2025-11-06 12:30:00
1762433100000,102466.17,102658.3,102400.0,102552.2,182.82079142,2025-11-06 12:45:00
1762434000000,102552.2,102946.51,102552.2,102893.99,103.40803495,2025-11-06 13:00:00
1762434900000,102893.99,103618.49,102871.98,103488.08,204.73347052,2025-11-06 13:15:00
1762435800000,103488.08,103553.09,103139.3,103287.7,112.76188604,2025-11-06 13:30:00
1762436700000,103287.7,103507.9,103287.7,103312.07,66.04939074,2025-11-06 13:45:00
1762437600000,103312.07,103561.88,102711.32,103032.48,163.78109917,2025-11-06 14:00:00
1762438500000,103032.48,103103.74,102760.52,102889.94,105.21752263,2025-11-06 14:15:00
1762439400000,102889.94,102892.95,102218.0,102524.15,185.47695346,2025-11-06 14:30:00
1762440300000,102524.15,102919.19,102037.66,102116.51,219.56361758,2025-11-06 14:45:00
1762441200000,102116.51,102477.07,101899.99,102235.29,265.22735314,2025-11-06 15:00:00
1762442100000,102235.29,102923.2,102124.81,102441.71,226.47297414,2025-11-06 15:15:00
1762443000000,102441.71,102451.85,101772.97,101823.92,304.09214869,2025-11-06 15:30:00
1762443900000,101823.92,102150.0,101634.69,102006.39,293.72129355,2025-11-06 15:45:00
1762444800000,102006.39,102349.69,101800.0,101800.0,229.7415029,2025-11-06 16:00:00
1762445700000,101800.0,101901.45,101545.88,101820.85,212.44893439,2025-11-06 16:15:00
1762446600000,101820.85,101820.85,100312.16,100601.93,260.11123734,2025-11-06 16:30:00
1762447500000,100601.93,101179.0,100337.19,100867.36,225.77065129,2025-11-06 16:45:00
1762448400000,100867.36,101476.77,100793.99,100966.35,203.3094414,2025-11-06 17:00:00
1762449300000,100966.35,101499.1,100873.83,101439.54,158.21473254,2025-11-06 17:15:00
1762450200000,101439.54,101564.86,101208.07,101357.93,155.71507858,2025-11-06 17:30:00
1762451100000,101357.93,101939.55,101357.93,101805.94,190.48786517,2025-11-06 17:45:00
1762452000000,101805.94,101805.94,101300.0,101389.7,90.99526039,2025-11-06 18:00:00
1762452900000,101389.7,101532.8,100914.32,101356.69,156.47015792,2025-11-06 18:15:00
1762453800000,101356.69,101830.38,101335.27,101669.01,123.53450175,2025-11-06 18:30:00
1762454700000,101669.01,102336.88,101650.0,101707.36,152.8330602,2025-11-06 18:45:00
1762455600000,101707.36,101943.6,101585.39,101935.85,111.44417571,2025-11-06 19:00:00
1762456500000,101935.85,101990.34,101636.84,101807.38,95.16245933,2025-11-06 19:15:00
1762457400000,101807.38,101878.09,101237.5,101471.6,121.3938593,2025-11-06 19:30:00
1762458300000,101471.6,101592.53,101200.69,101389.98,89.86267784,2025-11-06 19:45:00
1762459200000,101389.98,101651.04,101260.67,101316.51,95.27652862,2025-11-06 20:00:00
1762460100000,101316.51,101456.84,101053.82,101088.48,90.24695236,2025-11-06 20:15:00
1762461000000,101088.48,101154.17,100691.56,100780.32,143.71320254,2025-11-06 20:30:00
1762461900000,100780.32,101097.77,100695.27,100932.01,111.37918959,2025-11-06 20:45:00
1762462800000,100932.01,101022.69,100600.0,100618.62,111.47527408,2025-11-06 21:00:00
1762463700000,100618.62,100897.74,100554.36,100881.72,96.60833743,2025-11-06 21:15:00
1762464600000,100881.72,101156.64,100835.67,101016.52,109.05298018,2025-11-06 21:30:00
1762465500000,101016.52,101229.3,100774.22,101125.59,159.11481219,2025-11-06 21:45:00
1762466400000,101125.59,101396.39,101011.76,101011.81,178.09496091,2025-11-06 22:00:00
1762467300000,101011.81,101323.97,101011.8,101134.44,59.01836985,2025-11-06 22:15:00
1762468200000,101134.44,101289.85,101076.79,101205.64,57.4025172,2025-11-06 22:30:00
1762469100000,101205.64,101485.24,101124.15,101422.92,52.02360789,2025-11-06 22:45:00
1762470000000,101422.92,101476.21,101189.43,101414.71,207.83059911,2025-11-06 23:00:00
1762470900000,101414.71,101538.13,101146.01,101359.2,183.82797055,2025-11-06 23:15:00
1762471800000,101359.2,101379.61,101152.69,101246.39,112.78961129,2025-11-06 23:30:00
1762472700000,101246.39,101400.54,101246.39,101346.76,40.25077749,2025-11-06 23:45:00
1762473600000,101346.76,101636.23,101214.79,101346.45,107.78529782,2025-11-07 00:00:00
1762474500000,101346.45,101495.71,100748.15,100939.59,132.13660252,2025-11-07 00:15:00
1762475400000,100939.59,101423.56,100786.2,101376.03,107.79773262,2025-11-07 00:30:00
1762476300000,101376.03,101613.69,101303.72,101484.06,101.05378886,2025-11-07 00:45:00
1762477200000,101484.06,101569.89,101072.43,101313.09,109.07652551,2025-11-07 01:00:00
1762478100000,101313.09,101880.59,101232.32,101677.36,132.20164512,2025-11-07 01:15:00
1762479000000,101677.36,101677.43,100918.78,101096.8,118.74196466,2025-11-07 01:30:00
1762479900000,101096.8,101579.53,100965.82,101542.83,123.02320533,2025-11-07 01:45:00
1762480800000,101542.83,101637.14,101429.85,101546.54,78.06899214,2025-11-07 02:00:00
1762481700000,101546.54,101693.36,101239.79,101239.98,105.15136092,2025-11-07 02:15:00
1762482600000,101239.98,101608.17,101239.98,101547.65,119.6604434,2025-11-07 02:30:00
1762483500000,101547.65,101923.77,101534.97,101899.7,112.35651146,2025-11-07 02:45:00
1762484400000,101899.7,102410.0,101879.65,102316.8,337.10217416,2025-11-07 03:00:00
1762485300000,102316.8,102327.71,102122.09,102282.27,126.09499199,2025-11-07 03:15:00
1762486200000,102282.27,102282.73,102084.82,102126.89,57.5237541,2025-11-07 03:30:00
1762487100000,102126.89,102126.9,101878.06,101911.59,77.12583369,2025-11-07 03:45:00
1762488000000,101911.59,101967.24,101578.13,101578.13,164.88705553,2025-11-07 04:00:00
1762488900000,101578.13,102052.64,101578.13,101987.06,90.11898414,2025-11-07 04:15:00
1762489800000,101987.06,101987.06,101714.18,101824.04,51.60037305,2025-11-07 04:30:00
1762490700000,101824.04,102053.59,101770.63,102020.75,82.87987033,2025-11-07 04:45:00
1762491600000,102020.75,102520.31,102018.09,102415.8,118.83824238,2025-11-07 05:00:00
1762492500000,102415.8,102477.31,102251.96,102403.3,111.67177548,2025-11-07 05:15:00
1762493400000,102403.3,102403.3,102271.01,102299.16,95.27185095,2025-11-07 05:30:00
1762494300000,102299.16,102483.91,102262.26,102439.86,59.91191049,2025-11-07 05:45:00
1762495200000,102439.86,102487.51,102283.09,102314.16,49.07779387,2025-11-07 06:00:00
1762496100000,102314.16,102472.54,102243.96,102243.96,50.63837115,2025-11-07 06:15:00
1762497000000,102243.96,102243.97,102054.39,102072.88,87.41607274,2025-11-07 06:30:00
1762497900000,102072.88,102072.88,101830.24,101830.24,71.57937919,2025-11-07 06:45:00
1762498800000,101830.24,101978.63,101806.83,101835.66,99.65262569,2025-11-07 07:00:00
1762499700000,101835.66,101991.79,101673.53,101834.12,144.74296878,2025-11-07 07:15:00
1762500600000,101834.12,101862.19,101629.86,101822.47,138.24546428,2025-11-07 07:30:00
1762501500000,101822.47,102007.57,101811.98,102007.54,208.87753928,2025-11-07 07:45:00
1762502400000,102007.54,102046.65,101851.66,101926.2,121.65848056,2025-11-07 08:00:00
1762503300000,101926.2,101964.9,101696.78,101807.02,121.47035595,2025-11-07 08:15:00
1762504200000,101807.02,101811.46,101512.41,101623.43,114.77278652,2025-11-07 08:30:00
1762505100000,101623.43,101623.43,101445.82,101488.85,84.05020772,2025-11-07 08:45:00
1762506000000,101488.85,101505.19,101227.54,101368.1,136.07796172,2025-11-07 09:00:00
1762506900000,101368.1,101491.59,100966.55,101012.82,345.68197038,2025-11-07 09:15:00
1762507800000,101012.82,101140.1,100853.69,100948.58,100.05099616,2025-11-07 09:30:00
1762508700000,100948.58,101040.58,100812.54,101021.68,113.01192388,2025-11-07 09:45:00
1762509600000,101021.68,101257.14,100953.96,100962.9,106.55520853,2025-11-07 10:00:00
1762510500000,100962.9,100979.54,100643.6,100663.65,171.33201101,2025-11-07 10:15:00
1762511400000,100663.65,100943.03,100611.24,100922.39,127.78584892,2025-11-07 10:30:00
1762512300000,100922.39,100937.1,100560.56,100768.14,300.04329999,2025-11-07 10:45:00
1762513200000,100768.14,100790.56,100110.0,100110.0,212.70093631,2025-11-07 11:00:00
1762514100000,100110.0,100324.88,99814.39,99925.7,351.66564316,2025-11-07 11:15:00
1762515000000,99925.7,100278.88,99874.25,100144.57,328.82656022,2025-11-07 11:30:00
1762515900000,100144.57,100584.0,100100.0,100409.47,278.91346761,2025-11-07 11:45:00
1762516800000,100409.47,100626.63,100286.64,100294.15,152.60201715,2025-11-07 12:00:00
1762517700000,100294.15,100324.11,99859.06,99948.28,166.03829085,2025-11-07 12:15:00
1762518600000,99948.28,99948.28,99643.64,99808.28,287.85280469,2025-11-07 12:30:00
1762519500000,99808.28,99808.28,99275.1,99642.21,261.8460863,2025-11-07 12:45:00
1762520400000,99642.21,100321.01,99458.25,100046.83,252.53712463,2025-11-07 13:00:00
1762521300000,100046.83,100545.55,99900.0,100090.0,239.97296352,2025-11-07 13:15:00
1762522200000,100090.0,100376.81,100089.57,100205.35,153.87983043,2025-11-07 13:30:00
1762523100000,100205.35,100576.06,100193.6,100345.81,158.17767014,2025-11-07 13:45:00
1762524000000,100345.81,100531.8,100012.26,100354.47,213.72305604,2025-11-07 14:00:00
1762524900000,100354.47,100356.81,100055.21,100298.95,204.81762328,2025-11-07 14:15:00
1762525800000,100298.95,100771.42,99533.29,100771.42,312.20925784,2025-11-07 14:30:00
1762526700000,100771.42,100910.15,100331.12,100772.09,271.74585377,2025-11-07 14:45:00
1762527600000,100772.09,101195.45,100363.85,101132.49,272.46518441,2025-11-07 15:00:00
1762528500000,101132.49,101256.66,100664.49,101005.72,280.290484,2025-11-07 15:15:00
1762529400000,101005.72,101143.7,100445.69,100679.2,213.78538644,2025-11-07 15:30:00
1762530300000,100679.2,101145.81,100622.78,100816.57,213.19755561,2025-11-07 15:45:00
1762531200000,100816.57,100940.92,100521.74,100573.61,167.44020411,2025-11-07 16:00:00
1762532100000,100573.61,101633.18,100561.48,101532.36,222.01758487,2025-11-07 16:15:00
1762533000000,101532.36,101625.84,101100.0,101415.0,224.4000626,2025-11-07 16:30:00
1762533900000,101415.0,101470.84,100980.64,101174.32,199.9459689,2025-11-07 16:45:00
1762534800000,101174.32,101647.11,100950.98,101641.11,172.08033991,2025-11-07 17:00:00
1762535700000,101641.11,102462.44,101605.07,102329.14,311.91854406,2025-11-07 17:15:00
1762536600000,102329.14,102700.0,102082.77,102113.35,290.31767016,2025-11-07 17:30:00
1762537500000,102113.35,102437.57,101876.78,102398.03,200.63493291,2025-11-07 17:45:00
1762538400000,102398.03,102822.43,102341.98,102593.51,240.97941931,2025-11-07 18:00:00
1762539300000,102593.51,102859.46,102389.18,102695.26,170.4968606,2025-11-07 18:15:00
1762540200000,102695.26,102820.0,102520.74,102612.06,234.34764913,2025-11-07 18:30:00
1762541100000,102612.06,102730.48,102287.96,102601.7,205.68598439,2025-11-07 18:45:00
1762542000000,102601.7,102833.67,102489.14,102833.62,136.90780932,2025-11-07 19:00:00
1762542900000,102833.62,102990.67,102764.98,102839.53,108.96684012,2025-11-07 19:15:00
1762543800000,102839.53,103312.13,102839.53,103255.45,256.36940591,2025-11-07 19:30:00
1762544700000,103255.45,103394.35,103108.85,103394.26,107.40274768,2025-11-07 19:45:00
1762545600000,103394.26,103427.46,102952.78,103340.85,109.50599627,2025-11-07 20:00:00
1762546500000,103340.85,103414.59,103006.91,103197.85,108.00355012,2025-11-07 20:15:00
1762547400000,103197.85,103862.34,103197.85,103833.97,174.26734289,2025-11-07 20:30:00
1762548300000,103833.97,103895.88,103633.25,103769.33,138.11491587,2025-11-07 20:45:00
1762549200000,103769.33,103773.51,103352.29,103442.23,106.65440785,2025-11-07 21:00:00
1762550100000,103442.23,103552.79,103322.61,103411.4,122.59002493,2025-11-07 21:15:00
1762551000000,103411.4,103535.48,103373.28,103489.41,121.3447937,2025-11-07 21:30:00
1762551900000,103489.41,103875.19,103450.32,103875.19,62.12265322,2025-11-07 21:45:00
1762552800000,103875.19,104091.27,103629.13,103695.93,216.82573264,2025-11-07 22:00:00
1762553700000,103695.93,104000.99,103695.93,103922.61,58.59171207,2025-11-07 22:15:00
1762554600000,103922.61,103922.61,103682.63,103696.21,61.16448646,2025-11-07 22:30:00
1762555500000,103696.21,103871.51,103585.95,103635.97,64.0165347,2025-11-07 22:45:00
1762556400000,103635.97,103750.86,103485.99,103573.42,82.95747922,2025-11-07 23:00:00
1762557300000,103573.42,103661.77,103405.35,103406.65,58.99880766,2025-11-07 23:15:00
1762558200000,103406.65,103611.1,103406.65,103413.37,73.90136494,2025-11-07 23:30:00
1762559100000,103413.37,103543.38,103322.65,103330.13,71.78030192,2025-11-07 23:45:00
1762560000000,103330.13,103367.54,103113.24,103306.32,119.73583785,2025-11-08 00:00:00
1762560900000,103306.32,103397.78,103036.36,103063.78,93.22231557,2025-11-08 00:15:00
1762561800000,103063.78,103106.34,102529.02,102882.23,120.32554011,2025-11-08 00:30:00
1762562700000,102882.23,103169.44,102640.02,102704.65,104.41920281,2025-11-08 00:45:00
1762563600000,102704.65,103103.73,102653.69,102887.03,91.57178028,2025-11-08 01:00:00
1762564500000,102887.03,103068.16,102879.34,102969.44,60.1841363,2025-11-08 01:15:00
1762565400000,102969.44,103221.84,102833.23,103035.26,74.60267243,2025-11-08 01:30:00
1762566300000,103035.26,103122.05,102963.78,102992.51,40.45628772,2025-11-08 01:45:00
1762567200000,102992.51,103152.24,102916.46,103113.4,66.15409744,2025-11-08 02:00:00
1762568100000,103113.4,103307.05,103058.03,103244.83,72.30644818,2025-11-08 02:15:00
1762569000000,103244.83,103328.99,103135.69,103140.0,52.28780703,2025-11-08 02:30:00
1762569900000,103140.0,103165.85,102757.55,102839.74,81.56344351,2025-11-08 02:45:00
1762570800000,102839.74,103184.55,102839.74,103074.01,51.10301355,2025-11-08 03:00:00
1762571700000,103074.01,103286.71,103074.01,103086.01,48.66691569,2025-11-08 03:15:00
1762572600000,103086.01,103122.91,102664.99,102718.94,101.6017196,2025-11-08 03:30:00
1762573500000,102718.94,102780.27,102591.79,102638.11,91.36294896,2025-11-08 03:45:00
1762574400000,102638.11,102733.55,102586.72,102666.37,61.76845216,2025-11-08 04:00:00
1762575300000,102666.37,102719.99,102468.88,102469.65,90.43309256,2025-11-08 04:15:00
1762576200000,102469.65,102768.02,102407.75,102768.02,96.10610169,2025-11-08 04:30:00
1762577100000,102768.02,102815.01,102479.4,102558.44,77.65791183,2025-11-08 04:45:00
1762578000000,102558.44,102727.48,102481.48,102530.0,63.88289231,2025-11-08 05:00:00
1762578900000,102530.0,102611.58,102463.7,102498.51,36.75311559,2025-11-08 05:15:00
1762579800000,102498.51,102610.56,102419.66,102444.25,37.91584622,2025-11-08 05:30:00
1762580700000,102444.25,102563.62,102280.14,102296.63,76.81125898,2025-11-08 05:45:00
1762581600000,102296.63,102360.0,102092.6,102104.89,111.22700198,2025-11-08 06:00:00
1762582500000,102104.89,102424.62,102104.43,102331.23,119.7991457,2025-11-08 06:15:00
1762583400000,102331.23,102509.0,102316.15,102391.73,52.08087953,2025-11-08 06:30:00
1762584300000,102391.73,102463.07,102200.0,102210.01,41.06862284,2025-11-08 06:45:00
1762585200000,102210.01,102307.68,102176.28,102286.66,28.38654519,2025-11-08 07:00:00
1762586100000,102286.66,102397.64,101910.99,102051.77,129.80810115,2025-11-08 07:15:00
1762587000000,102051.77,102269.21,102013.59,102251.76,57.12854747,2025-11-08 07:30:00
1762587900000,102251.76,102393.52,102242.94,102340.71,38.74412936,2025-11-08 07:45:00
1762588800000,102340.71,102509.0,102295.91,102337.38,78.48057524,2025-11-08 08:00:00
1762589700000,102337.38,102505.99,102150.09,102449.96,55.04624511,2025-11-08 08:15:00
1762590600000,102449.96,102677.0,102410.29,102615.04,83.71323046,2025-11-08 08:30:00
1762591500000,102615.04,102615.04,102431.03,102431.09,40.13656121,2025-11-08 08:45:00
1762592400000,102431.09,102431.12,102256.96,102284.94,38.36632671,2025-11-08 09:00:00
1762593300000,102284.94,102520.95,102232.79,102498.94,46.34175269,2025-11-08 09:15:00
1762594200000,102498.94,102622.96,102460.83,102568.45,43.75435855,2025-11-08 09:30:00
1762595100000,102568.45,102568.45,102307.21,102395.4,67.49065696,2025-11-08 09:45:00
1762596000000,102395.4,102395.4,102303.79,102362.17,33.04147718,2025-11-08 10:00:00
1762596900000,102362.17,102525.61,102338.6,102525.54,32.96852971,2025-11-08 10:15:00
1762597800000,102525.54,102575.17,102442.48,102495.49,54.62921103,2025-11-08 10:30:00
1762598700000,102495.49,102583.18,102475.71,102478.56,50.70870748,2025-11-08 10:45:00
1762599600000,102478.56,102624.62,102444.2,102624.46,49.59512391,2025-11-08 11:00:00
1762600500000,102624.46,102642.24,102469.48,102517.28,50.00190348,2025-11-08 11:15:00
1762601400000,102517.28,102517.29,101971.4,102044.23,115.62893974,2025-11-08 11:30:00
1762602300000,102044.23,102098.54,101719.99,101850.29,179.1418239,2025-11-08 11:45:00
1762603200000,101850.29,102070.48,101722.49,101744.46,89.24680541,2025-11-08 12:00:00
1762604100000,101744.46,102052.85,101744.46,101977.7,62.71078214,2025-11-08 12:15:00
1762605000000,101977.7,102089.77,101900.0,101900.0,45.63925544,2025-11-08 12:30:00
1762605900000,101900.0,102115.52,101887.41,102072.89,61.06553747,2025-11-08 12:45:00
1762606800000,102072.89,102099.66,101732.52,101977.14,125.09391505,2025-11-08 13:00:00
1762607700000,101977.14,102159.07,101864.05,102112.46,150.3953736,2025-11-08 13:15:00
1762608600000,102112.46,102193.95,101925.7,101973.44,132.85271732,2025-11-08 13:30:00
1762609500000,101973.44,101998.61,101793.25,101809.99,122.7896366,2025-11-08 13:45:00
1762610400000,101809.99,101854.82,101584.67,101625.76,221.13106741,2025-11-08 14:00:00
1762611300000,101625.76,101735.66,101448.97,101692.87,157.16258542,2025-11-08 14:15:00
1762612200000,101692.87,102050.73,101692.87,101917.66,83.56487338,2025-11-08 14:30:00
1762613100000,101917.66,102078.3,101802.98,101818.71,94.80212987,2025-11-08 14:45:00
1762614000000,101818.71,101933.0,101739.76,101845.62,67.68034317,2025-11-08 15:00:00
1762614900000,101845.62,101949.66,101509.57,101588.02,116.01956675,2025-11-08 15:15:00
1762615800000,101588.02,101653.76,101491.56,101565.47,47.02352531,2025-11-08 15:30:00
1762616700000,101565.47,101734.71,101552.88,101712.12,53.42270422,2025-11-08 15:45:00
1762617600000,101712.12,101940.9,101528.79,101940.87,64.55566239,2025-11-08 16:00:00
1762618500000,101940.87,101959.87,101704.3,101843.45,54.76706203,2025-11-08 16:15:00
1762619400000,101843.45,101936.83,101739.56,101741.5,85.78787882,2025-11-08 16:30:00
1762620300000,101741.5,101861.8,101694.22,101852.31,69.77592007,2025-11-08 16:45:00
1762621200000,101852.31,101867.7,101572.54,101649.66,103.97632806,2025-11-08 17:00:00
1762622100000,101649.66,101877.55,101649.66,101806.36,62.05541324,2025-11-08 17:15:00
1762623000000,101806.36,101964.26,101773.02,101896.48,43.97260157,2025-11-08 17:30:00
1762623900000,101896.48,102010.51,101814.4,101998.46,52.83498335,2025-11-08 17:45:00
1762624800000,101998.46,102025.28,101902.87,102000.71,43.10377526,2025-11-08 18:00:00
1762625700000,102000.71,102014.97,101831.81,102010.02,91.12347023,2025-11-08 18:15:00
1762626600000,102010.02,102124.52,101901.27,102044.89,217.31280033,2025-11-08 18:30:00
1762627500000,102044.89,102225.15,102005.01,102144.65,48.67774761,2025-11-08 18:45:00
1762628400000,102144.65,102192.98,102114.38,102130.34,27.18517945,2025-11-08 19:00:00
1762629300000,102130.34,102145.69,101515.29,101795.22,103.19905551,2025-11-08 19:15:00
1762630200000,101795.22,102014.66,101768.02,101937.99,47.04231573,2025-11-08 19:30:00
1762631100000,101937.99,101991.88,101856.49,101983.35,31.67010679,2025-11-08 19:45:00
1762632000000,101983.35,102079.03,101951.56,101958.16,32.23408844,2025-11-08 20:00:00
1762632900000,101958.16,102100.0,101958.16,102099.99,20.83817008,2025-11-08 20:15:00
1762633800000,102099.99,102122.84,102068.03,102122.74,22.49518311,2025-11-08 20:30:00
1762634700000,102122.74,102164.72,102024.52,102064.24,36.56631199,2025-11-08 20:45:00
1762635600000,102064.24,102149.29,102032.63,102032.64,23.07550771,2025-11-08 21:00:00
1762636500000,102032.64,102110.19,102032.64,102096.06,18.3823228,2025-11-08 21:15:00
1762637400000,102096.06,102336.88,102096.05,102335.65,51.34455559,2025-11-08 21:30:00
1762638300000,102335.65,102376.27,102219.9,102280.71,42.45378279,2025-11-08 21:45:00
1762639200000,102280.71,102365.71,102177.67,102365.64,32.37742889,2025-11-08 22:00:00
1762640100000,102365.64,102373.35,102224.94,102336.29,33.22860279,2025-11-08 22:15:00
1762641000000,102336.29,102336.3,102233.13,102255.92,37.21567367,2025-11-08 22:30:00
1762641900000,102255.92,102434.79,102239.48,102385.58,34.22778709,2025-11-08 22:45:00
1762642800000,102385.58,102426.29,102344.65,102387.74,35.21517509,2025-11-08 23:00:00
1762643700000,102387.74,102458.48,102382.66,102458.44,30.48562453,2025-11-08 23:15:00
1762644600000,102458.44,102492.54,102332.44,102378.28,31.04362519,2025-11-08 23:30:00
1762645500000,102378.28,102378.28,102282.54,102318.74,32.14323858,2025-11-08 23:45:00
1762646400000,102318.74,102346.26,102055.22,102058.36,102.74888584,2025-11-09 00:00:00
1762647300000,102058.36,102071.68,101638.39,101787.31,106.5522907,2025-11-09 00:15:00
1762648200000,101787.31,102087.53,101787.31,102024.28,65.26022879,2025-11-09 00:30:00
1762649100000,102024.28,102029.48,101737.81,101806.22,57.15897502,2025-11-09 00:45:00
1762650000000,101806.22,102005.05,101773.95,101965.81,74.40817311,2025-11-09 01:00:00
1762650900000,101965.81,102009.01,101742.99,101839.86,38.9185861,2025-11-09 01:15:00
1762651800000,101839.86,102006.65,101695.18,102005.86,50.77342147,2025-11-09 01:30:00
1762652700000,102005.86,102111.19,101989.49,102044.64,36.02015137,2025-11-09 01:45:00
1762653600000,102044.64,102044.64,101812.1,101873.21,47.22813879,2025-11-09 02:00:00
1762654500000,101873.21,101992.27,101813.81,101903.3,45.33139218,2025-11-09 02:15:00
1762655400000,101903.3,101903.3,101761.46,101800.25,55.6801556,2025-11-09 02:30:00
1762656300000,101800.25,101912.9,101582.46,101632.91,71.22283035,2025-11-09 02:45:00
1762657200000,101632.91,101820.05,101534.12,101723.75,189.50270937,2025-11-09 03:00:00
1762658100000,101723.75,101804.44,101426.77,101505.06,104.53094122,2025-11-09 03:15:00
1762659000000,101505.06,101742.48,101476.54,101640.39,68.08253813,2025-11-09 03:30:00
1762659900000,101640.39,101736.96,101529.67,101660.91,66.11594369,2025-11-09 03:45:00
1762660800000,101660.91,101832.17,101637.73,101813.72,72.10386908,2025-11-09 04:00:00
1762661700000,101813.72,102126.85,101810.79,102079.1,63.26279287,2025-11-09 04:15:00
1762662600000,102079.1,102088.26,101850.56,101874.92,30.25830847,2025-11-09 04:30:00
1762663500000,101874.92,101889.73,101700.49,101719.48,41.8889793,2025-11-09 04:45:00
1762664400000,101719.48,101792.42,101679.69,101787.75,29.21324063,2025-11-09 05:00:00
1762665300000,101787.75,101982.21,101775.4,101982.2,37.02630983,2025-11-09 05:15:00
1762666200000,101982.2,102029.45,101745.94,101810.57,50.3381793,2025-11-09 05:30:00
1762667100000,101810.57,101929.76,101801.98,101929.62,43.01708984,2025-11-09 05:45:00
1762668000000,101929.62,101952.93,101818.05,101882.22,26.21636439,2025-11-09 06:00:00
1762668900000,101882.22,101936.87,101835.81,101892.06,26.53018617,2025-11-09 06:15:00
1762669800000,101892.06,101984.58,101820.16,101943.93,26.09391445,2025-11-09 06:30:00
1762670700000,101943.93,101981.84,101720.5,101761.76,40.82349991,2025-11-09 06:45:00
1762671600000,101761.76,101898.43,101689.86,101809.08,44.41559106,2025-11-09 07:00:00
1762672500000,101809.08,101851.74,101744.28,101798.72,23.7486075,2025-11-09 07:15:00
1762673400000,101798.72,101913.76,101785.4,101870.95,24.30941039,2025-11-09 07:30:00
1762674300000,101870.95,101958.92,101861.06,101941.32,26.40083826,2025-11-09 07:45:00
1762675200000,101941.32,101968.92,101876.9,101968.88,26.85545681,2025-11-09 08:00:00
1762676100000,101968.88,102041.46,101808.93,101938.05,36.24342676,2025-11-09 08:15:00
1762677000000,101938.05,102043.84,101844.33,101918.01,34.41121398,2025-11-09 08:30:00
1762677900000,101918.01,101970.74,101867.66,101968.63,19.95669915,2025-11-09 08:45:00
1762678800000,101968.63,102107.77,101955.55,102040.27,52.60773193,2025-11-09 09:00:00
1762679700000,102040.27,102123.07,101878.16,101959.56,51.40367946,2025-11-09 09:15:00
1762680600000,101959.56,102030.63,101902.97,101903.26,36.95902924,2025-11-09 09:30:00
1762681500000,101903.26,101903.26,101634.59,101660.64,86.87413406,2025-11-09 09:45:00
1762682400000,101660.64,101664.16,101505.06,101626.17,96.76745623,2025-11-09 10:00:00
1762683300000,101626.17,101812.22,101525.7,101765.85,164.79685326,2025-11-09 10:15:00
1762684200000,101765.85,101765.85,101583.63,101760.38,81.07098268,2025-11-09 10:30:00
1762685100000,101760.38,101910.29,101760.37,101867.87,46.14275764,2025-11-09 10:45:00
1762686000000,101867.87,102179.6,101867.87,102179.34,88.23697137,2025-11-09 11:00:00
1762686900000,102179.34,102285.72,102100.0,102117.75,85.70500425,2025-11-09 11:15:00
1762687800000,102117.75,102174.62,102041.97,102164.09,37.09367993,2025-11-09 11:30:00
1762688700000,102164.09,102299.85,102162.75,102207.63,62.56738713,2025-11-09 11:45:00
1762689600000,102207.63,102266.98,102100.96,102220.26,71.15460595,2025-11-09 12:00:00
1762690500000,102220.26,102419.79,102150.91,102190.44,122.90372558,2025-11-09 12:15:00
1762691400000,102190.44,102285.51,102102.38,102138.76,48.34670337,2025-11-09 12:30:00
1762692300000,102138.76,102196.34,102049.27,102085.36,45.21726966,2025-11-09 12:45:00
1762693200000,102085.36,102435.44,102070.0,102358.91,94.27993473,2025-11-09 13:00:00
1762694100000,102358.91,102510.44,102332.24,102509.21,89.38197016,2025-11-09 13:15:00
1762695000000,102509.21,102797.03,102492.0,102794.28,132.37630937,2025-11-09 13:30:00
1762695900000,102794.28,103000.0,102680.51,102940.98,119.00602913,2025-11-09 13:45:00
1762696800000,102940.98,103207.74,102773.53,103081.15,174.13783502,2025-11-09 14:00:00
1762697700000,103081.15,103852.74,102932.72,103852.74,274.7258543,2025-11-09 14:15:00
1762698600000,103852.74,104031.38,103223.16,103294.13,280.4360496,2025-11-09 14:30:00
1762699500000,103294.13,103363.43,102884.47,103039.35,179.03672278,2025-11-09 14:45:00
1762700400000,103039.35,103475.98,102960.56,103333.04,129.14890781,2025-11-09 15:00:00
1762701300000,103333.04,103604.09,103325.0,103590.36,78.78344163,2025-11-09 15:15:00
1762702200000,103590.36,103902.17,103520.81,103839.44,176.25636474,2025-11-09 15:30:00
1762703100000,103839.44,104155.19,103705.17,103759.82,204.13647325,2025-11-09 15:45:00
1762704000000,103759.82,103846.68,103363.68,103414.12,144.29364256,2025-11-09 16:00:00
1762704900000,103414.12,103552.26,103336.61,103490.06,85.36186815,2025-11-09 16:15:00
1762705800000,103490.06,103519.3,103315.78,103490.68,80.9630595,2025-11-09 16:30:00
1762706700000,103490.68,103899.49,103489.82,103841.56,96.49494713,2025-11-09 16:45:00
1762707600000,103841.56,103961.48,103589.75,103636.7,70.01303757,2025-11-09 17:00:00
1762708500000,103636.7,103654.06,103319.17,103609.2,71.76898275,2025-11-09 17:15:00
1762709400000,103609.2,103815.32,103463.12,103500.0,82.90183815,2025-11-09 17:30:00
1762710300000,103500.0,103671.11,103500.0,103626.54,31.42856931,2025-11-09 17:45:00
1762711200000,103626.54,103751.92,103575.61,103588.16,53.94581289,2025-11-09 18:00:00
1762712100000,103588.16,103682.26,103511.93,103638.67,33.85694405,2025-11-09 18:15:00
1762713000000,103638.67,103818.28,103600.83,103817.06,39.29229043,2025-11-09 18:30:00
1762713900000,103817.06,104575.72,103815.63,104575.72,226.16106623,2025-11-09 18:45:00
1762714800000,104575.72,104660.13,104209.3,104222.78,157.44058008,2025-11-09 19:00:00
1762715700000,104222.78,104740.47,104142.86,104740.3,116.08702692,2025-11-09 19:15:00
1762716600000,104740.3,104800.0,104571.81,104679.51,121.3869816,2025-11-09 19:30:00
1762717500000,104679.51,104800.93,104647.67,104800.93,72.83628468,2025-11-09 19:45:00
1762718400000,104800.93,105050.0,104401.46,104508.13,199.72166742,2025-11-09 20:00:00
1762719300000,104508.13,104600.0,104400.64,104503.6,69.34871142,2025-11-09 20:15:00
1762720200000,104503.6,104690.98,104469.63,104547.84,53.39785236,2025-11-09 20:30:00
1762721100000,104547.84,104648.52,104523.39,104628.02,38.54530326,2025-11-09 20:45:00
1762722000000,104628.02,104643.82,104375.68,104376.07,57.80649998,2025-11-09 21:00:00
1762722900000,104376.07,104639.6,104376.07,104635.95,44.55419701,2025-11-09 21:15:00
1762723800000,104635.95,104840.28,104560.92,104772.51,45.37259621,2025-11-09 21:30:00
1762724700000,104772.51,104772.92,104307.8,104521.44,114.18082393,2025-11-09 21:45:00
1762725600000,104521.44,104608.88,104076.51,104463.73,180.52211717,2025-11-09 22:00:00
1762726500000,104463.73,104690.92,104320.94,104323.7,115.26509897,2025-11-09 22:15:00
1762727400000,104323.7,104445.0,104139.18,104265.47,135.15267305,2025-11-09 22:30:00
1762728300000,104265.47,104811.28,104265.47,104710.33,135.00391998,2025-11-09 22:45:00
1762729200000,104710.33,105449.89,104710.33,104928.28,283.67471852,2025-11-09 23:00:00
1762730100000,104928.28,105080.85,104641.88,104641.88,104.82665778,2025-11-09 23:15:00
1762731000000,104641.88,104768.29,104543.19,104580.8,109.97987997,2025-11-09 23:30:00
1762731900000,104580.8,104756.52,104529.27,104717.09,81.34449125,2025-11-09 23:45:00
1762732800000,104717.09,105063.95,104260.43,105019.54,213.98034281,2025-11-10 00:00:00
1762733700000,105019.54,105698.24,104936.89,105528.56,238.29746837,2025-11-10 00:15:00
1762734600000,105528.56,106038.0,105472.48,106038.0,299.74714924,2025-11-10 00:30:00
1762735500000,106038.0,106515.94,105974.1,106306.72,301.21408063,2025-11-10 00:45:00
1762736400000,106306.72,106653.25,106131.29,106308.33,224.59091064,2025-11-10 01:00:00
1762737300000,106308.33,106384.59,106038.72,106052.76,178.14679702,2025-11-10 01:15:00
1762738200000,106052.76,106172.11,105756.03,105801.82,229.07741732,2025-11-10 01:30:00
1762739100000,105801.82,106114.83,105693.84,105693.98,344.6168022,2025-11-10 01:45:00
1762740000000,105693.98,105834.8,105563.01,105830.73,183.84100989,2025-11-10 02:00:00
1762740900000,105830.73,105968.64,105741.6,105748.81,96.48618521,2025-11-10 02:15:00
1762741800000,105748.81,105950.0,105667.2,105681.01,78.33542661,2025-11-10 02:30:00
1762742700000,105681.01,106042.79,105667.11,106001.6,63.08413597,2025-11-10 02:45:00
1762743600000,106001.6,106293.58,105835.73,105887.7,137.62025302,2025-11-10 03:00:00
1762744500000,105887.7,106040.79,105838.06,105945.76,62.07500129,2025-11-10 03:15:00
1762745400000,105945.76,106254.79,105870.97,106195.09,103.29664377,2025-11-10 03:30:00
1762746300000,106195.09,106232.37,105960.51,106035.01,163.94807145,2025-11-10 03:45:00
1762747200000,106035.01,106308.2,106029.42,106147.61,129.11990044,2025-11-10 04:00:00
1762748100000,106147.61,106147.88,105891.62,105951.14,100.81005176,2025-11-10 04:15:00
1762749000000,105951.14,105979.01,105838.53,105907.58,55.82518802,2025-11-10 04:30:00
1762749900000,105907.58,106262.35,105866.7,106144.84,85.36788429,2025-11-10 04:45:00
1762750800000,106144.84,106363.99,106123.51,106363.99,55.01754203,2025-11-10 05:00:00
1762751700000,106363.99,106470.78,106112.84,106226.79,168.98466495,2025-11-10 05:15:00
1762752600000,106226.79,106308.98,106000.0,106124.94,65.85581689,2025-11-10 05:30:00
1762753500000,106124.94,106195.43,106046.36,106072.21,49.91118894,2025-11-10 05:45:00
1762754400000,106072.21,106254.67,106045.42,106218.8,52.36955939,2025-11-10 06:00:00
1762755300000,106218.8,106296.08,105958.03,106112.86,102.65107127,2025-11-10 06:15:00
1762756200000,106112.86,106225.03,106083.19,106184.8,66.61942311,2025-11-10 06:30:00
1762757100000,106184.8,106307.14,106165.04,106217.95,69.64878899,2025-11-10 06:45:00
1762758000000,106217.95,106534.75,106152.48,106527.83,85.67483392,2025-11-10 07:00:00
1762758900000,106527.83,106529.35,106292.94,106326.22,63.40364849,2025-11-10 07:15:00
1762759800000,106326.22,106400.0,106206.4,106303.14,149.42911814,2025-11-10 07:30:00
1762760700000,106303.14,106429.7,106295.23,106429.52,179.53039653,2025-11-10 07:45:00
1762761600000,106429.52,106517.01,106233.39,106257.96,191.33152354,2025-11-10 08:00:00
1762762500000,106257.96,106309.59,106176.62,106224.62,51.69485724,2025-11-10 08:15:00
1762763400000,106224.62,106224.67,105886.01,105921.72,104.41706645,2025-11-10 08:30:00
1762764300000,105921.72,106008.89,105900.5,105952.39,80.29034412,2025-11-10 08:45:00
1762765200000,105952.39,106095.3,105907.81,105933.88,75.54368795,2025-11-10 09:00:00
1762766100000,105933.88,106427.47,105825.84,106408.74,128.03862442,2025-11-10 09:15:00
1762767000000,106408.74,106534.75,106322.27,106498.35,96.67106086,2025-11-10 09:30:00
1762767900000,106498.35,106589.5,106380.28,106433.21,105.40821992,2025-11-10 09:45:00
1762768800000,106433.21,106449.32,106264.09,106264.18,64.6763943,2025-11-10 10:00:00
1762769700000,106264.18,106383.28,106160.87,106160.91,53.50703695,2025-11-10 10:15:00
1762770600000,106160.91,106163.26,106020.0,106062.75,56.71147112,2025-11-10 10:30:00
1762771500000,106062.75,106177.06,105958.5,105990.91,86.49965533,2025-11-10 10:45:00
1762772400000,105990.91,106133.42,105947.92,106063.01,49.53090492,2025-11-10 11:00:00
1762773300000,106063.01,106243.6,106003.77,106164.12,58.49254584,2025-11-10 11:15:00
1762774200000,106164.12,106282.74,106150.0,106277.3,52.81946823,2025-11-10 11:30:00
1762775100000,106277.3,106312.32,106134.0,106172.32,52.52912777,2025-11-10 11:45:00
1762776000000,106172.32,106210.41,105876.23,105988.12,74.21025815,2025-11-10 12:00:00
1762776900000,105988.12,106066.54,105912.81,105917.78,111.37802049,2025-11-10 12:15:00
1762777800000,105917.78,106027.12,105865.41,105936.81,125.11795449,2025-11-10 12:30:00
1762778700000,105936.81,105972.17,105890.98,105937.02,46.57052631,2025-11-10 12:45:00
1762779600000,105937.02,106548.32,105913.39,106242.21,182.55754667,2025-11-10 13:00:00
1762780500000,106242.21,106332.7,106042.37,106297.1,81.98357771,2025-11-10 13:15:00
1762781400000,106297.1,106539.0,106297.1,106400.24,85.94908253,2025-11-10 13:30:00
1762782300000,106400.24,106582.77,106389.58,106540.87,79.76479615,2025-11-10 13:45:00
1762783200000,106540.87,106540.87,106179.63,106238.0,166.74467574,2025-11-10 14:00:00
1762784100000,106238.0,106358.64,106145.32,106182.04,60.64773786,2025-11-10 14:15:00
1762785000000,106182.04,106207.74,105597.19,105655.76,233.83676377,2025-11-10 14:30:00
1762785900000,105655.76,105710.17,104695.01,104899.65,301.4667598,2025-11-10 14:45:00
1762786800000,104899.65,105351.38,104799.17,105005.65,320.33952055,2025-11-10 15:00:00
1762787700000,105005.65,105489.67,104963.09,105471.32,293.49446146,2025-11-10 15:15:00
1762788600000,105471.32,105631.4,105250.0,105402.39,175.3597021,2025-11-10 15:30:00
1762789500000,105402.39,105417.3,104679.1,105055.27,181.59595905,2025-11-10 15:45:00
1762790400000,105055.27,105349.14,104825.0,105292.12,142.81425404,2025-11-10 16:00:00
1762791300000,105292.12,105347.81,105025.0,105158.67,136.08631247,2025-11-10 16:15:00
1762792200000,105158.67,105333.0,104925.0,104976.63,127.01116265,2025-11-10 16:30:00
1762793100000,104976.63,105275.05,104786.43,105245.99,136.67563313,2025-11-10 16:45:00
1762794000000,105245.99,105525.0,105200.05,105302.06,90.21482069,2025-11-10 17:00:00
1762794900000,105302.06,105475.81,105287.21,105366.87,70.65477966,2025-11-10 17:15:00
1762795800000,105366.87,105751.0,105366.87,105701.11,99.87286531,2025-11-10 17:30:00
1762796700000,105701.11,105988.42,105701.11,105962.68,122.7515165,2025-11-10 17:45:00
1762797600000,105962.68,106073.15,105709.55,105718.52,93.93225433,2025-11-10 18:00:00
1762798500000,105718.52,106063.95,105708.35,105905.28,78.9387748,2025-11-10 18:15:00
1762799400000,105905.28,105956.19,105804.24,105869.35,60.5936163,2025-11-10 18:30:00
1762800300000,105869.35,105961.4,105468.33,105468.75,84.80414018,2025-11-10 18:45:00
1762801200000,105468.75,105708.14,105398.55,105642.7,62.43973981,2025-11-10 19:00:00
1762802100000,105642.7,105772.02,105560.18,105718.66,34.30144652,2025-11-10 19:15:00
1762803000000,105718.66,105900.76,105457.33,105795.04,70.92301576,2025-11-10 19:30:00
1762803900000,105795.04,106039.14,105756.84,105800.78,78.44492963,2025-11-10 19:45:00
1762804800000,105800.78,106307.62,105800.78,106244.42,98.30780418,2025-11-10 20:00:00
1762805700000,106244.42,106244.42,106008.69,106045.76,82.24669169,2025-11-10 20:15:00
1762806600000,106045.76,106270.21,105942.04,106264.35,73.89072054,2025-11-10 20:30:00
1762807500000,106264.35,106286.8,105838.42,106019.51,84.18954804,2025-11-10 20:45:00
1762808400000,106019.51,106030.17,105525.85,105597.68,262.1723388,2025-11-10 21:00:00
1762809300000,105597.68,105730.96,105501.02,105557.88,165.61756562,2025-11-10 21:15:00
1762810200000,105557.88,105669.95,105440.35,105500.0,63.15706256,2025-11-10 21:30:00
1762811100000,105500.0,105649.58,105280.79,105625.07,118.93761456,2025-11-10 21:45:00
1762812000000,105625.07,105804.53,105354.48,105445.63,69.73008553,2025-11-10 22:00:00
1762812900000,105445.63,105645.22,105438.6,105609.81,35.02405051,2025-11-10 22:15:00
1762813800000,105609.81,105759.77,105591.8,105652.06,35.47016873,2025-11-10 22:30:00
1762814700000,105652.06,106138.2,105600.0,106017.04,88.98021057,2025-11-10 22:45:00
1762815600000,106017.04,106182.04,105964.2,106099.99,61.5067718,2025-11-10 23:00:00
1762816500000,106099.99,106266.71,106090.0,106175.5,53.95090533,2025-11-10 23:15:00
1762817400000,106175.5,106256.91,105988.02,106191.63,82.68733824,2025-11-10 23:30:00
1762818300000,106191.63,106257.2,105884.5,106003.17,58.45984177,2025-11-10 23:45:00
1762819200000,106003.17,106120.27,105790.0,105881.51,61.04264354,2025-11-11 00:00:00
1762820100000,105881.51,105928.41,105612.77,105713.74,59.42494111,2025-11-11 00:15:00
1762821000000,105713.74,105847.35,105620.12,105678.69,80.42448534,2025-11-11 00:30:00
1762821900000,105678.69,106131.56,105524.16,106131.52,107.13732951,2025-11-11 00:45:00
1762822800000,106131.52,106241.47,106036.43,106241.26,51.90378128,2025-11-11 01:00:00
1762823700000,106241.26,107483.85,106241.26,106783.31,265.86931777,2025-11-11 01:15:00
1762824600000,106783.31,106793.2,106230.84,106451.26,196.60986118,2025-11-11 01:30:00
1762825500000,106451.26,106674.71,106021.9,106081.24,189.3151547,2025-11-11 01:45:00
1762826400000,106081.24,106250.0,105605.25,106183.47,268.19777505,2025-11-11 02:00:00
1762827300000,106183.47,106392.78,105903.12,106353.72,342.00391307,2025-11-11 02:15:00
1762828200000,106353.72,107131.6,106353.37,106784.81,192.47755474,2025-11-11 02:30:00
1762829100000,106784.81,106888.07,106505.13,106660.46,94.55100802,2025-11-11 02:45:00
1762830000000,106660.46,107000.0,106641.83,106903.74,113.74476127,2025-11-11 03:00:00
1762830900000,106903.74,107106.71,106781.92,106781.95,90.75552953,2025-11-11 03:15:00
1762831800000,106781.95,106886.92,106397.77,106436.0,125.30754605,2025-11-11 03:30:00
1762832700000,106436.0,106576.49,106371.18,106462.74,75.37823138,2025-11-11 03:45:00
1762833600000,106462.74,106550.49,106175.3,106175.3,77.43132788,2025-11-11 04:00:00
1762834500000,106175.3,106299.46,105986.01,105986.02,103.86943853,2025-11-11 04:15:00
1762835400000,105986.02,106065.12,105829.31,105851.02,95.5592592,2025-11-11 04:30:00
1762836300000,105851.02,105854.7,105719.35,105760.63,69.58463795,2025-11-11 04:45:00
1762837200000,105760.63,105764.18,105373.94,105394.64,126.64903194,2025-11-11 05:00:00
1762838100000,105394.64,105547.89,105164.48,105547.87,103.11582521,2025-11-11 05:15:00
1762839000000,105547.87,105574.81,105258.36,105350.28,76.52445434,2025-11-11 05:30:00
1762839900000,105350.28,105455.0,105249.9,105257.07,71.46376248,2025-11-11 05:45:00
1762840800000,105257.07,105350.0,104925.0,105068.21,197.43416358,2025-11-11 06:00:00
1762841700000,105068.21,105258.72,105036.97,105050.67,126.07853681,2025-11-11 06:15:00
1762842600000,105050.67,105150.52,104977.05,105004.04,86.33373618,2025-11-11 06:30:00
1762843500000,105004.04,105306.54,104900.0,105268.74,114.91661243,2025-11-11 06:45:00
1762844400000,105268.74,105335.26,105107.09,105238.1,86.72265997,2025-11-11 07:00:00
1762845300000,105238.1,105238.1,104950.0,105169.89,63.39187081,2025-11-11 07:15:00
1762846200000,105169.89,105238.39,104823.16,104928.67,88.57224163,2025-11-11 07:30:00
1762847100000,104928.67,104947.43,104752.0,104790.24,173.82293364,2025-11-11 07:45:00
1762848000000,104790.24,105171.32,104778.15,105070.14,74.28058617,2025-11-11 08:00:00
1762848900000,105070.14,105285.84,105026.52,105083.96,68.92777243,2025-11-11 08:15:00
1762849800000,105083.96,105129.99,104887.0,105014.45,77.83909199,2025-11-11 08:30:00
1762850700000,105014.45,105151.67,105014.45,105149.46,64.96221141,2025-11-11 08:45:00
1762851600000,105149.46,105392.74,105136.55,105217.51,59.85023887,2025-11-11 09:00:00
1762852500000,105217.51,105385.19,105118.68,105330.58,60.34227558,2025-11-11 09:15:00
1762853400000,105330.58,105460.0,105077.48,105077.48,81.71713531,2025-11-11 09:30:00
1762854300000,105077.48,105114.47,104903.8,104965.63,73.31119218,2025-11-11 09:45:00
1762855200000,104965.63,105194.57,104914.17,105115.51,74.02782879,2025-11-11 10:00:00
1762856100000,105115.51,105204.78,105045.18,105123.18,56.21005596,2025-11-11 10:15:00
1762857000000,105123.18,105226.55,105022.25,105217.68,54.53706188,2025-11-11 10:30:00
1762857900000,105217.68,105232.22,105028.04,105170.34,35.08302497,2025-11-11 10:45:00
1762858800000,105170.34,105384.06,105169.93,105319.21,50.68241662,2025-11-11 11:00:00
1762859700000,105319.21,105346.09,105175.36,105299.05,50.8258364,2025-11-11 11:15:00
1762860600000,105299.05,105490.0,105288.04,105475.24,52.57167716,2025-11-11 11:30:00
1762861500000,105475.24,105486.21,105150.0,105299.99,60.10669908,2025-11-11 11:45:00
1762862400000,105299.99,105490.0,105203.11,105203.32,51.53046232,2025-11-11 12:00:00
1762863300000,105203.32,105238.35,104920.0,104956.63,64.90702024,2025-11-11 12:15:00
1762864200000,104956.63,105013.65,104718.35,104718.35,221.17086234,2025-11-11 12:30:00
1762865100000,104718.35,104784.7,104370.0,104534.97,327.72922076,2025-11-11 12:45:00
1762866000000,104534.97,104713.23,104475.09,104629.45,259.01600103,2025-11-11 13:00:00
1762866900000,104629.45,104696.18,104200.0,104309.56,335.5083984,2025-11-11 13:15:00
1762867800000,104309.56,104474.99,104287.72,104358.01,227.27986229,2025-11-11 13:30:00
1762868700000,104358.01,104559.84,104245.83,104393.69,140.2912877,2025-11-11 13:45:00
1762869600000,104393.69,104473.83,104282.18,104392.32,98.45840442,2025-11-11 14:00:00
1762870500000,104392.32,104555.31,104340.19,104487.33,104.87616406,2025-11-11 14:15:00
1762871400000,104487.33,104487.33,104078.75,104097.89,145.98848182,2025-11-11 14:30:00
1762872300000,104097.89,104674.65,103856.48,104573.01,153.22703468,2025-11-11 14:45:00
1762873200000,104573.01,104573.01,103946.93,104006.89,165.7718231,2025-11-11 15:00:00
1762874100000,104006.89,104278.08,103710.75,103710.77,177.98411212,2025-11-11 15:15:00
1762875000000,103710.77,103712.3,103350.0,103522.5,258.63464571,2025-11-11 15:30:00
1762875900000,103522.5,103556.23,103170.04,103438.36,229.14113332,2025-11-11 15:45:00
1762876800000,103438.36,103566.61,103205.97,103524.53,128.38501378,2025-11-11 16:00:00
1762877700000,103524.53,103726.31,103362.38,103421.58,110.87801708,2025-11-11 16:15:00
1762878600000,103421.58,103602.09,103300.0,103498.83,76.20121303,2025-11-11 16:30:00
1762879500000,103498.83,103650.64,103350.0,103407.81,54.0102772,2025-11-11 16:45:00
1762880400000,103407.81,103641.03,103285.04,103571.47,75.04218599,2025-11-11 17:00:00
1762881300000,103571.47,103638.69,103358.52,103404.3,54.18423523,2025-11-11 17:15:00
1762882200000,103404.3,103462.86,102852.07,102984.03,199.6758418,2025-11-11 17:30:00
1762883100000,102984.03,103391.49,102931.28,103332.06,181.98615803,2025-11-11 17:45:00
1762884000000,103332.06,103567.58,103150.0,103256.09,76.75648645,2025-11-11 18:00:00
1762884900000,103256.09,103400.0,103067.88,103316.6,75.69973647,2025-11-11 18:15:00
1762885800000,103316.6,103439.51,103138.74,103160.81,55.21136637,2025-11-11 18:30:00
1762886700000,103160.81,103524.13,103160.81,103400.12,58.76194403,2025-11-11 18:45:00
1762887600000,103400.12,103400.12,102894.49,103115.61,120.13484147,2025-11-11 19:00:00
1762888500000,103115.61,103453.22,103115.61,103421.8,46.03456984,2025-11-11 19:15:00
1762889400000,103421.8,103461.42,103123.4,103190.53,43.26835915,2025-11-11 19:30:00
1762890300000,103190.53,103404.42,103100.14,103126.4,55.95827832,2025-11-11 19:45:00
1762891200000,103126.4,103126.4,102800.0,103028.78,107.88175572,2025-11-11 20:00:00
1762892100000,103028.78,103227.63,102956.31,102969.91,62.12242361,2025-11-11 20:15:00
1762893000000,102969.91,102969.97,102749.14,102856.38,123.29547905,2025-11-11 20:30:00
1762893900000,102856.38,102912.12,102688.0,102812.6,112.1476956,2025-11-11 20:45:00
1762894800000,102812.6,103092.85,102665.0,102987.46,110.24024146,2025-11-11 21:00:00
1762895700000,102987.46,103060.0,102770.06,102785.54,54.25199131,2025-11-11 21:15:00
1762896600000,102785.54,102785.6,102489.84,102567.11,135.02672059,2025-11-11 21:30:00
1762897500000,102567.11,102844.3,102488.58,102640.76,145.13874693,2025-11-11 21:45:00
1762898400000,102640.76,102859.92,102510.25,102790.0,83.0247079,2025-11-11 22:00:00
1762899300000,102790.0,103028.88,102604.74,102943.6,167.25966823,2025-11-11 22:15:00
1762900200000,102943.6,103077.68,102875.86,103057.13,50.88338257,2025-11-11 22:30:00
1762901100000,103057.13,103163.45,102946.59,103008.47,53.15884951,2025-11-11 22:45:00
1762902000000,103008.47,103020.61,102817.88,102997.16,69.63138763,2025-11-11 23:00:00
1762902900000,102997.16,103217.6,102997.06,103134.58,96.01898222,2025-11-11 23:15:00
1762903800000,103134.58,103134.58,102817.44,103001.17,69.6250143,2025-11-11 23:30:00
1762904700000,103001.17,103136.52,102868.05,103064.77,66.7544185,2025-11-11 23:45:00
1762905600000,103064.77,103320.0,102846.34,102936.47,99.81427579,2025-11-12 00:00:00
1762906500000,102936.47,103215.59,102900.54,103082.59,71.3993042,2025-11-12 00:15:00
1762907400000,103082.59,103105.85,102868.63,102979.06,72.42121213,2025-11-12 00:30:00
1762908300000,102979.06,103074.7,102845.53,102891.64,79.82746891,2025-11-12 00:45:00
1762909200000,102891.64,103230.5,102691.66,103175.55,97.51889141,2025-11-12 01:00:00
1762910100000,103175.55,103290.22,103034.33,103151.98,91.56548686,2025-11-12 01:15:00
1762911000000,103151.98,103292.1,103127.22,103168.98,77.07365951,2025-11-12 01:30:00
1762911900000,103168.98,103393.48,103144.1,103262.95,284.60097141,2025-11-12 01:45:00
1762912800000,103262.95,103379.63,103199.94,103322.48,118.13901237,2025-11-12 02:00:00
1762913700000,103322.48,103421.84,103208.95,103303.87,63.28226584,2025-11-12 02:15:00
1762914600000,103303.87,103327.2,102955.66,103038.7,131.28059603,2025-11-12 02:30:00
1762915500000,103038.7,103245.48,102995.34,103159.34,69.89128301,2025-11-12 02:45:00
1762916400000,103159.34,103256.82,103106.54,103208.07,73.71699454,2025-11-12 03:00:00
1762917300000,103208.07,103377.65,103195.45,103328.7,43.28971326,2025-11-12 03:15:00
1762918200000,103328.7,103382.77,103291.45,103346.89,40.91852722,2025-11-12 03:30:00
1762919100000,103346.89,103446.87,103274.44,103318.66,46.4135292,2025-11-12 03:45:00
1762920000000,103318.66,103444.75,103241.45,103444.63,37.86772156,2025-11-12 04:00:00
1762920900000,103444.63,103462.72,103214.75,103217.55,47.27103968,2025-11-12 04:15:00
1762921800000,103217.55,103240.5,103039.21,103071.17,51.34509018,2025-11-12 04:30:00
1762922700000,103071.17,103254.94,103045.32,103254.85,39.39481171,2025-11-12 04:45:00
1762923600000,103254.85,103351.0,103236.04,103308.53,43.57094262,2025-11-12 05:00:00
1762924500000,103308.53,103448.93,103274.25,103365.98,54.47926849,2025-11-12 05:15:00
1762925400000,103365.98,103394.3,103280.17,103392.84,34.6415154,2025-11-12 05:30:00
1762926300000,103392.84,103472.72,103302.6,103393.54,121.72335255,2025-11-12 05:45:00
1762927200000,103393.54,103623.63,103361.59,103550.39,102.84713194,2025-11-12 06:00:00
1762928100000,103550.39,103657.53,103467.54,103538.27,170.45348502,2025-11-12 06:15:00
1762929000000,103538.27,103548.18,103385.93,103427.97,50.09412557,2025-11-12 06:30:00
1762929900000,103427.97,103453.78,103355.77,103367.07,53.48037798,2025-11-12 06:45:00
1762930800000,103367.07,103525.55,103343.2,103505.15,38.2903514,2025-11-12 07:00:00
1762931700000,103505.15,103530.59,103413.11,103413.23,71.71580966,2025-11-12 07:15:00
1762932600000,103413.23,103498.36,103347.17,103385.68,68.06263124,2025-11-12 07:30:00
1762933500000,103385.68,103385.69,103044.92,103105.2,162.25774855,2025-11-12 07:45:00
1762934400000,103105.2,103309.63,103104.13,103286.57,72.61961549,2025-11-12 08:00:00
1762935300000,103286.57,103903.28,103286.56,103847.77,163.10511843,2025-11-12 08:15:00
1762936200000,103847.77,104237.73,103759.69,104049.99,177.99843987,2025-11-12 08:30:00
1762937100000,104049.99,104203.92,104007.93,104148.8,107.21725487,2025-11-12 08:45:00
1762938000000,104148.8,104900.0,104148.04,104806.65,203.59079305,2025-11-12 09:00:00
1762938900000,104806.65,105074.73,104731.94,104748.57,210.82080389,2025-11-12 09:15:00
1762939800000,104748.57,104858.36,104422.91,104594.16,147.02739919,2025-11-12 09:30:00
1762940700000,104594.16,104594.16,104464.84,104528.97,76.50158676,2025-11-12 09:45:00
1762941600000,104528.97,104827.76,104516.65,104778.21,61.79259488,2025-11-12 10:00:00
1762942500000,104778.21,104844.81,104682.23,104732.07,55.03569193,2025-11-12 10:15:00
1762943400000,104732.07,105033.14,104709.28,104824.39,132.38550197,2025-11-12 10:30:00
1762944300000,104824.39,104935.89,104795.35,104893.71,63.84420948,2025-11-12 10:45:00
1762945200000,104893.71,105194.62,104883.37,105075.61,90.51214223,2025-11-12 11:00:00
1762946100000,105075.61,105161.12,104780.08,104789.27,100.10420113,2025-11-12 11:15:00
1762947000000,104789.27,104948.73,104761.37,104770.22,45.6048216,2025-11-12 11:30:00
1762947900000,104770.22,105036.5,104762.48,105028.9,45.45094493,2025-11-12 11:45:00
1762948800000,105028.9,105178.45,104877.5,105146.52,96.23555318,2025-11-12 12:00:00
1762949700000,105146.52,105317.54,104959.68,104959.68,101.20603335,2025-11-12 12:15:00
1762950600000,104959.68,105058.29,104835.17,104852.03,71.64718039,2025-11-12 12:30:00
1762951500000,104852.03,105086.7,104852.03,104992.89,41.98164127,2025-11-12 12:45:00
1762952400000,104992.89,105033.98,104794.27,104884.85,85.23320125,2025-11-12 13:00:00
1762953300000,104884.85,104990.59,104625.0,104966.05,96.39026924,2025-11-12 13:15:00
1762954200000,104966.05,105150.0,104836.92,105071.87,77.81323487,2025-11-12 13:30:00
1762955100000,105071.87,105167.84,104994.09,105033.17,100.63885657,2025-11-12 13:45:00
1762956000000,105033.17,105033.17,104750.0,104920.32,86.02678871,2025-11-12 14:00:00
1762956900000,104920.32,104964.85,104744.27,104757.52,61.64675155,2025-11-12 14:15:00
1762957800000,104757.52,104865.94,104518.18,104693.16,138.44406272,2025-11-12 14:30:00
1762958700000,104693.16,104848.46,103616.58,103972.13,260.40603815,2025-11-12 14:45:00
1762959600000,103972.13,104289.02,103721.78,103721.78,159.73422011,2025-11-12 15:00:00
1762960500000,103721.78,103897.58,103269.25,103467.51,195.7122089,2025-11-12 15:15:00
1762961400000,103467.51,103693.9,102658.99,102779.21,250.89602805,2025-11-12 15:30:00
1762962300000,102779.21,102825.42,101992.16,102240.96,226.1612417,2025-11-12 15:45:00
1762963200000,102240.96,102299.35,101318.75,101497.49,226.45226599,2025-11-12 16:00:00
1762964100000,101497.49,101921.18,101466.73,101801.08,240.17494839,2025-11-12 16:15:00
1762965000000,101801.08,102093.07,101643.03,101707.34,209.80434608,2025-11-12 16:30:00
1762965900000,101707.34,101818.61,101429.15,101445.73,204.99569669,2025-11-12 16:45:00
1762966800000,101445.73,101822.66,101426.29,101545.27,121.14352481,2025-11-12 17:00:00
1762967700000,101545.27,101659.77,101415.1,101596.64,112.74957005,2025-11-12 17:15:00
1762968600000,101596.64,102153.0,101578.6,101856.38,127.68680942,2025-11-12 17:30:00
1762969500000,101856.38,101868.81,101565.16,101755.86,92.73454377,2025-11-12 17:45:00
1762970400000,101755.86,101954.98,101597.97,101673.79,123.29929213,2025-11-12 18:00:00
1762971300000,101673.79,101819.31,101598.9,101620.4,55.54764365,2025-11-12 18:15:00
1762972200000,101620.4,101848.44,101500.0,101508.3,81.38823532,2025-11-12 18:30:00
1762973100000,101508.3,101603.23,101420.84,101548.02,81.44194926,2025-11-12 18:45:00
1762974000000,101548.02,101565.88,101074.26,101153.46,121.97934876,2025-11-12 19:00:00
1762974900000,101153.46,101300.0,100816.71,101074.51,98.99691993,2025-11-12 19:15:00
1762975800000,101074.51,101543.08,100875.62,101359.76,119.58370127,2025-11-12 19:30:00
1762976700000,101359.76,101426.03,101222.09,101308.25,88.70109648,2025-11-12 19:45:00
1762977600000,101308.25,101551.47,101173.45,101440.49,110.96665296,2025-11-12 20:00:00
1762978500000,101440.49,101764.68,101429.72,101709.06,103.7728733,2025-11-12 20:15:00
1762979400000,101709.06,101836.27,101612.21,101674.94,96.63278886,2025-11-12 20:30:00
1762980300000,101674.94,101707.8,101476.27,101538.0,54.21573,2025-11-12 20:45:00
1762981200000,101538.0,101894.89,101513.42,101894.89,55.3285348,2025-11-12 21:00:00
1762982100000,101894.89,101894.89,101692.28,101717.54,43.84207494,2025-11-12 21:15:00
1762983000000,101717.54,101917.94,101717.29,101809.48,77.98492071,2025-11-12 21:30:00
1762983900000,101809.48,101928.69,101731.04,101928.69,50.41158551,2025-11-12 21:45:00
1762984800000,101928.69,101928.69,101451.88,101464.36,57.70074929,2025-11-12 22:00:00
1762985700000,101464.36,101751.17,101464.36,101705.57,66.33270704,2025-11-12 22:15:00
1762986600000,101705.57,101825.94,101619.84,101825.94,41.46063662,2025-11-12 22:30:00
1762987500000,101825.94,102002.55,101788.37,101994.42,58.35374396,2025-11-12 22:45:00
1762988400000,101994.42,101994.42,101619.84,101808.5,74.94552894,2025-11-12 23:00:00
1762989300000,101808.5,102002.47,101789.34,101886.97,94.07774567,2025-11-12 23:15:00
1762990200000,101886.97,101935.53,101556.67,101567.49,59.18914154,2025-11-12 23:30:00
1762991100000,101567.49,101690.02,101470.95,101660.35,61.44721091,2025-11-12 23:45:00
1762992000000,101660.35,101804.37,101617.59,101730.82,54.19096312,2025-11-13 00:00:00
1762992900000,101730.82,101846.27,101473.2,101490.06,76.74225035,2025-11-13 00:15:00
1762993800000,101490.06,102050.27,101490.06,101840.99,75.62639967,2025-11-13 00:30:00
1762994700000,101840.99,101955.6,101795.26,101862.02,51.57915204,2025-11-13 00:45:00
1762995600000,101862.02,102618.11,101845.43,102404.67,86.5586,2025-11-13 01:00:00
1762996500000,102404.67,102470.9,101873.22,101999.35,178.31129129,2025-11-13 01:15:00
1762997400000,101999.35,102436.99,101965.16,102424.02,92.4464915,2025-11-13 01:30:00
1762998300000,102424.02,102460.54,101958.26,102001.82,83.99769557,2025-11-13 01:45:00
1762999200000,102001.82,102214.41,101978.35,102181.32,49.5056175,2025-11-13 02:00:00
1763000100000,102181.32,102333.6,102001.18,102003.77,38.02326189,2025-11-13 02:15:00
1763001000000,102003.77,102343.27,102001.2,102132.98,61.46461666,2025-11-13 02:30:00
1763001900000,102132.98,102153.19,102023.94,102072.75,51.28232831,2025-11-13 02:45:00
1763002800000,102072.75,102095.28,101336.4,101359.27,58.13248156,2025-11-13 03:00:00
1763003700000,101359.27,102167.33,100931.96,102131.24,175.7663421,2025-11-13 03:15:00
1763004600000,102131.24,102555.0,102131.24,102421.15,145.53146258,2025-11-13 03:30:00
1763005500000,102421.15,102556.03,102164.1,102164.1,142.25996989,2025-11-13 03:45:00
1763006400000,102164.1,102199.35,101670.37,102017.53,164.1105364,2025-11-13 04:00:00
1763007300000,102017.53,102413.41,101848.77,102150.62,148.74446401,2025-11-13 04:15:00
1763008200000,102150.62,102223.49,101942.0,102009.97,65.58871165,2025-11-13 04:30:00
1763009100000,102009.97,102218.03,101813.7,102149.15,106.29115881,2025-11-13 04:45:00
1763010000000,102149.15,102149.15,101795.57,101885.19,57.4899494,2025-11-13 05:00:00
1763010900000,101885.19,102267.07,101878.86,102252.18,62.74539295,2025-11-13 05:15:00
1763011800000,102252.18,102567.19,102216.6,102567.19,107.08019739,2025-11-13 05:30:00
1763012700000,102567.19,103375.46,102520.72,103132.44,212.83603214,2025-11-13 05:45:00
1763013600000,103132.44,103375.23,102928.87,103184.22,148.10044205,2025-11-13 06:00:00
1763014500000,103184.22,103617.87,103184.22,103553.14,185.10732798,2025-11-13 06:15:00
1763015400000,103553.14,103608.17,103316.16,103452.7,173.85211857,2025-11-13 06:30:00
1763016300000,103452.7,103653.14,103423.31,103581.94,117.59057137,2025-11-13 06:45:00
1763017200000,103581.94,103811.93,103581.94,103787.09,152.61542558,2025-11-13 07:00:00
1763018100000,103787.09,104069.08,103716.37,103900.78,164.10905048,2025-11-13 07:15:00
1763019000000,103900.78,103982.8,103509.01,103547.57,125.11940647,2025-11-13 07:30:00
1763019900000,103547.57,103561.42,103309.16,103470.67,218.01620138,2025-11-13 07:45:00
1763020800000,103470.67,103620.46,103282.16,103453.47,131.08414411,2025-11-13 08:00:00
1763021700000,103453.47,103754.59,103375.08,103714.31,184.25907883,2025-11-13 08:15:00
1763022600000,103714.31,103793.17,103615.19,103793.17,51.59078686,2025-11-13 08:30:00
1763023500000,103793.17,103800.0,103542.3,103672.77,71.14931239,2025-11-13 08:45:00
1763024400000,103672.77,103731.0,102554.74,102815.75,178.36320748,2025-11-13 09:00:00
1763025300000,102815.75,103165.61,102624.01,102910.78,161.31350859,2025-11-13 09:15:00
1763026200000,102910.78,103153.29,102860.55,103060.53,124.56562456,2025-11-13 09:30:00
1763027100000,103060.53,103080.6,102612.06,102822.42,136.67222689,2025-11-13 09:45:00
1763028000000,102822.42,103077.04,102806.67,102808.46,68.02574835,2025-11-13 10:00:00
1763028900000,102808.46,103265.28,102767.29,103062.76,89.5905379,2025-11-13 10:15:00
1763029800000,103062.76,103102.32,102856.74,102974.12,71.43950577,2025-11-13 10:30:00
1763030700000,102974.12,103008.81,102874.25,102982.78,49.07836329,2025-11-13 10:45:00
1763031600000,102982.78,103140.42,102967.55,103099.58,59.00217532,2025-11-13 11:00:00
1763032500000,103099.58,103127.93,102874.64,102909.71,51.02091153,2025-11-13 11:15:00
1763033400000,102909.71,102990.06,102700.0,102969.22,68.09332527,2025-11-13 11:30:00
1763034300000,102969.22,103053.48,102868.76,102950.0,43.7318057,2025-11-13 11:45:00
1763035200000,102950.0,103137.68,102726.69,102868.75,142.6158875,2025-11-13 12:00:00
1763036100000,102868.75,103016.2,102868.42,102945.52,31.43097277,2025-11-13 12:15:00
1763037000000,102945.52,103256.9,102919.85,103170.12,82.03029554,2025-11-13 12:30:00
1763037900000,103170.12,103271.2,103085.65,103145.91,45.82422741,2025-11-13 12:45:00
1763038800000,103145.91,103166.68,102896.29,102919.43,57.69934954,2025-11-13 13:00:00
1763039700000,102919.43,102962.13,102424.26,102555.9,117.42433857,2025-11-13 13:15:00
1763040600000,102555.9,102625.56,102147.43,102545.36,230.98048175,2025-11-13 13:30:00
1763041500000,102545.36,102654.49,102271.69,102324.89,138.45272421,2025-11-13 13:45:00
1763042400000,102324.89,102509.11,102146.59,102242.77,136.19935997,2025-11-13 14:00:00
1763043300000,102242.77,102520.88,102111.11,102426.42,168.90960731,2025-11-13 14:15:00
1763044200000,102426.42,102567.41,101715.4,101839.51,169.91372913,2025-11-13 14:30:00
1763045100000,101839.51,103468.0,101800.0,102863.07,200.97621486,2025-11-13 14:45:00
1763046000000,102863.07,102868.82,102021.18,102843.86,231.45108198,2025-11-13 15:00:00
1763046900000,102843.86,102999.46,102071.14,102215.55,217.43058289,2025-11-13 15:15:00
1763047800000,102215.55,102215.65,101594.82,101601.53,155.49810075,2025-11-13 15:30:00
1763048700000,101601.53,101619.21,101200.0,101409.57,232.98437217,2025-11-13 15:45:00
1763049600000,101409.57,101555.74,101031.85,101192.76,296.58195396,2025-11-13 16:00:00
1763050500000,101192.76,101273.82,100735.0,101072.78,229.68895703,2025-11-13 16:15:00
1763051400000,101072.78,101405.2,100872.46,100945.77,224.05551996,2025-11-13 16:30:00
1763052300000,100945.77,101150.87,100581.38,100648.31,183.51987926,2025-11-13 16:45:00
1763053200000,100648.31,100804.71,100454.7,100566.87,270.88781928,2025-11-13 17:00:00
1763054100000,100566.87,100781.05,100205.0,100317.36,287.76199802,2025-11-13 17:15:00
1763055000000,100317.36,100510.8,99861.9,100058.3,240.18935296,2025-11-13 17:30:00
1763055900000,100058.3,100200.0,99623.43,99671.52,338.61700102,2025-11-13 17:45:00
1763056800000,99671.52,99926.24,99267.67,99366.48,284.44620016,2025-11-13 18:00:00
1763057700000,99366.48,99561.82,98750.0,99110.65,325.37460917,2025-11-13 18:15:00
1763058600000,99110.65,99118.77,98248.69,98671.24,284.60559853,2025-11-13 18:30:00
1763059500000,98671.24,98782.2,98160.24,98566.34,259.24234373,2025-11-13 18:45:00
1763060400000,98566.34,98885.46,98346.02,98707.82,253.24500237,2025-11-13 19:00:00
1763061300000,98707.82,99301.29,98395.01,99171.68,350.57579855,2025-11-13 19:15:00
1763062200000,99171.68,99194.13,98566.61,98919.56,269.91310675,2025-11-13 19:30:00
1763063100000,98919.56,98954.69,98366.66,98699.96,204.46901596,2025-11-13 19:45:00
1763064000000,98699.96,98699.96,98109.12,98285.84,216.1299618,2025-11-13 20:00:00
1763064900000,98285.84,98664.41,98008.0,98517.07,185.30011037,2025-11-13 20:15:00
1763065800000,98517.07,99000.0,98366.35,98602.57,221.60624367,2025-11-13 20:30:00
1763066700000,98602.57,98602.57,98106.96,98158.44,208.62046089,2025-11-13 20:45:00
1763067600000,98158.44,98712.9,98023.02,98625.27,207.41287772,2025-11-13 21:00:00
1763068500000,98625.27,98625.27,98235.58,98531.75,117.25706957,2025-11-13 21:15:00
1763069400000,98531.75,98853.54,98512.62,98844.14,122.49370656,2025-11-13 21:30:00
1763070300000,98844.14,98913.95,98691.55,98823.8,89.53232525,2025-11-13 21:45:00
1763071200000,98823.8,99363.62,98740.63,99308.96,157.72780341,2025-11-13 22:00:00
1763072100000,99308.96,99560.62,99141.09,99519.83,154.43799893,2025-11-13 22:15:00
1763073000000,99519.83,99945.24,99414.96,99779.73,298.73202641,2025-11-13 22:30:00
1763073900000,99779.73,99899.33,99651.94,99861.0,108.66547614,2025-11-13 22:45:00
1763074800000,99861.0,100088.8,99600.0,100088.72,116.26616371,2025-11-13 23:00:00
1763075700000,100088.72,100405.25,100068.3,100223.17,169.30856838,2025-11-13 23:15:00
1763076600000,100223.17,100500.0,100208.65,100423.64,158.55517478,2025-11-13 23:30:00
1763077500000,100423.64,100423.64,99629.69,99709.8,162.95940364,2025-11-13 23:45:00
1763078400000,99709.8,99709.8,99111.11,99320.79,197.45461607,2025-11-14 00:00:00
1763079300000,99320.79,99558.71,98820.21,99468.14,186.78448166,2025-11-14 00:15:00
1763080200000,99468.14,99779.83,99031.1,99350.44,179.87112979,2025-11-14 00:30:00
1763081100000,99350.44,99358.09,98737.0,98972.11,200.69306954,2025-11-14 00:45:00
1763082000000,98972.11,99140.9,98703.66,98970.12,206.67432444,2025-11-14 01:00:00
1763082900000,98970.12,99409.74,98799.77,99100.59,203.1419743,2025-11-14 01:15:00
1763083800000,99100.59,99560.23,99017.98,99218.94,193.74205435,2025-11-14 01:30:00
1763084700000,99218.94,99467.95,99188.74,99255.05,147.67513966,2025-11-14 01:45:00
1763085600000,99255.05,99581.15,99245.95,99491.85,174.93424521,2025-11-14 02:00:00
1763086500000,99491.85,99843.02,99491.85,99687.98,86.45966807,2025-11-14 02:15:00
1763087400000,99687.98,99848.78,99593.14,99814.46,88.67093975,2025-11-14 02:30:00
1763088300000,99814.46,99823.02,99455.18,99611.81,94.04909916,2025-11-14 02:45:00
1763089200000,99611.81,99640.61,99296.75,99341.73,95.61398585,2025-11-14 03:00:00
1763090100000,99341.73,99360.98,99071.71,99286.53,94.47592057,2025-11-14 03:15:00
1763091000000,99286.53,99307.72,98850.89,98899.16,150.62582617,2025-11-14 03:30:00
1763091900000,98899.16,99132.34,98797.48,99132.34,92.95308603,2025-11-14 03:45:00
1763092800000,99132.34,99154.4,98788.81,98908.77,93.64836406,2025-11-14 04:00:00
1763093700000,98908.77,99024.89,98801.0,98958.54,85.31271819,2025-11-14 04:15:00
1763094600000,98958.54,98958.54,96777.0,97588.89,279.93253197,2025-11-14 04:30:00
1763095500000,97588.89,97973.32,97218.95,97805.84,262.80674841,2025-11-14 04:45:00
1763096400000,97805.84,98023.23,97404.73,97460.2,226.59305638,2025-11-14 05:00:00
1763097300000,97460.2,97824.47,97263.77,97263.77,267.69835765,2025-11-14 05:15:00
1763098200000,97263.77,97605.36,97050.0,97321.12,254.70119548,2025-11-14 05:30:00
1763099100000,97321.12,97665.85,97182.46,97525.16,193.17582248,2025-11-14 05:45:00
1763100000000,97525.16,97525.16,96990.49,97136.51,190.90339474,2025-11-14 06:00:00
1763100900000,97136.51,97136.51,96821.35,96983.21,225.02504062,2025-11-14 06:15:00
1763101800000,96983.21,97085.78,96723.29,96781.82,275.95620991,2025-11-14 06:30:00
1763102700000,96781.82,97618.56,96000.0,97575.12,335.19398324,2025-11-14 06:45:00
1763103600000,97575.12,97751.39,97000.0,97392.07,230.54771719,2025-11-14 07:00:00
1763104500000,97392.07,97717.2,97303.93,97717.2,196.76524014,2025-11-14 07:15:00
1763105400000,97717.2,97717.2,96791.43,97112.61,273.1097652,2025-11-14 07:30:00
1763106300000,97112.61,97676.22,97112.61,97153.92,233.42615095,2025-11-14 07:45:00
1763107200000,97153.92,97204.53,96852.0,96914.08,171.82573581,2025-11-14 08:00:00
1763108100000,96914.08,97479.43,96867.44,96937.79,272.18082618,2025-11-14 08:15:00
1763109000000,96937.79,97266.03,96793.96,97222.13,165.19719695,2025-11-14 08:30:00
1763109900000,97222.13,97452.11,96997.07,97382.11,134.10561235,2025-11-14 08:45:00
1763110800000,97382.11,97558.81,97205.13,97331.21,143.17631815,2025-11-14 09:00:00
1763111700000,97331.21,97404.59,96993.76,97073.96,117.44217227,2025-11-14 09:15:00
1763112600000,97073.96,97156.77,96683.37,97141.62,149.29984072,2025-11-14 09:30:00
1763113500000,97141.62,97157.18,96765.36,96865.46,127.52040448,2025-11-14 09:45:00
1763114400000,96865.46,97033.77,96736.78,96926.26,72.67591727,2025-11-14 10:00:00
1763115300000,96926.26,97094.39,96902.64,97002.84,99.7966389,2025-11-14 10:15:00
1763116200000,97002.84,97285.37,96912.76,97213.41,120.27611953,2025-11-14 10:30:00
1763117100000,97213.41,97213.41,96679.75,96779.01,79.0723545,2025-11-14 10:45:00
1763118000000,96779.01,96954.56,96679.75,96766.0,107.00976178,2025-11-14 11:00:00
1763118900000,96766.0,96825.62,96395.51,96537.58,158.81583384,2025-11-14 11:15:00
1763119800000,96537.58,96563.81,96000.0,96208.45,293.1647906,2025-11-14 11:30:00
1763120700000,96208.45,96245.35,95773.14,96187.35,228.3547967,2025-11-14 11:45:00
1763121600000,96187.35,96187.35,95547.09,95610.76,185.32078581,2025-11-14 12:00:00
1763122500000,95610.76,95920.13,95524.95,95766.16,279.67004891,2025-11-14 12:15:00
1763123400000,95766.16,95911.57,95000.0,95000.01,750.80711938,2025-11-14 12:30:00
1763124300000,95000.01,95559.62,95000.0,95345.93,538.66235206,2025-11-14 12:45:00
1763125200000,95345.93,95667.39,95000.01,95051.08,254.45267424,2025-11-14 13:00:00
1763126100000,95051.08,95203.41,95000.0,95084.54,592.01504138,2025-11-14 13:15:00
1763127000000,95084.54,95181.56,94584.39,94740.36,402.51495138,2025-11-14 13:30:00
1763127900000,94740.36,95559.88,94579.93,95236.45,238.69300658,2025-11-14 13:45:00
1763128800000,95236.45,95804.15,95038.72,95348.57,188.19810687,2025-11-14 14:00:00
1763129700000,95348.57,95759.0,95299.58,95418.71,229.88270552,2025-11-14 14:15:00
1763130600000,95418.71,96512.46,94977.37,96399.88,339.19371932,2025-11-14 14:30:00
1763131500000,96399.88,96800.73,96200.83,96560.46,366.39396444,2025-11-14 14:45:00
1763132400000,96560.46,96591.2,95870.36,96086.77,237.67577546,2025-11-14 15:00:00
1763133300000,96086.77,96825.53,95947.45,96524.75,200.17434094,2025-11-14 15:15:00
1763134200000,96524.75,96895.55,96482.02,96793.95,185.04239054,2025-11-14 15:30:00
1763135100000,96793.95,97318.98,96713.63,96790.69,238.09199341,2025-11-14 15:45:00
1763136000000,96790.69,96830.22,96299.41,96510.5,173.73352806,2025-11-14 16:00:00
1763136900000,96510.5,97205.59,96271.95,97003.73,206.96548812,2025-11-14 16:15:00
1763137800000,97003.73,97420.5,96914.75,97068.05,174.28067445,2025-11-14 16:30:00
1763138700000,97068.05,97278.1,96942.84,97036.66,153.80338871,2025-11-14 16:45:00
1763139600000,97036.66,97117.1,96946.45,96994.79,100.06215656,2025-11-14 17:00:00
1763140500000,96994.79,97141.02,96522.0,96711.33,183.64490039,2025-11-14 17:15:00
1763141400000,96711.33,96722.77,96306.79,96336.29,134.54185746,2025-11-14 17:30:00
1763142300000,96336.29,96373.3,95608.63,95856.08,162.53464655,2025-11-14 17:45:00
1763143200000,95856.08,96300.0,95609.41,96300.0,147.13104288,2025-11-14 18:00:00
1763144100000,96300.0,96321.84,95716.56,96034.66,137.50914218,2025-11-14 18:15:00
1763145000000,96034.66,96188.44,95252.2,95370.18,149.8143793,2025-11-14 18:30:00
1763145900000,95370.18,95467.84,94992.04,95071.29,163.18538314,2025-11-14 18:45:00
1763146800000,95071.29,95421.95,94797.12,95402.81,247.2979049,2025-11-14 19:00:00
1763147700000,95402.81,95915.8,95397.35,95741.49,126.8353568,2025-11-14 19:15:00
1763148600000,95741.49,95741.49,95376.98,95376.98,92.48901623,2025-11-14 19:30:00
1763149500000,95376.98,95829.32,95307.4,95782.29,84.88848598,2025-11-14 19:45:00
1763150400000,95782.29,95913.08,95399.57,95482.55,95.19624501,2025-11-14 20:00:00
1763151300000,95482.55,95557.96,94902.35,94927.18,172.78807734,2025-11-14 20:15:00
1763152200000,94927.18,95100.13,94204.0,94377.84,231.26253938,2025-11-14 20:30:00
1763153100000,94377.84,94469.1,94210.58,94373.27,218.13079444,2025-11-14 20:45:00
1763154000000,94373.27,94989.4,94256.15,94857.53,235.07620497,2025-11-14 21:00:00
1763154900000,94857.53,95107.28,94652.63,94698.12,128.30194572,2025-11-14 21:15:00
1763155800000,94698.12,95043.51,94681.84,95022.64,100.01818249,2025-11-14 21:30:00
1763156700000,95022.64,95136.88,94928.07,95052.2,82.77853907,2025-11-14 21:45:00
1763157600000,95052.2,95375.17,94727.31,94727.31,111.57078189,2025-11-14 22:00:00
1763158500000,94727.31,95298.51,94700.0,95285.83,97.45463905,2025-11-14 22:15:00
1763159400000,95285.83,95479.31,95216.93,95380.95,63.88103993,2025-11-14 22:30:00
1763160300000,95380.95,95477.61,94825.0,95142.22,239.98042469,2025-11-14 22:45:00
1763161200000,95142.22,95149.73,94006.34,94644.98,152.86493949,2025-11-14 23:00:00
1763162100000,94644.98,94729.96,94158.81,94395.02,108.15438994,2025-11-14 23:15:00
1763163000000,94395.02,94684.22,94187.11,94656.84,94.06777181,2025-11-14 23:30:00
1763163900000,94656.84,94997.14,94375.35,94559.3,200.98884316,2025-11-14 23:45:00
1763164800000,94559.3,95329.03,94559.3,95194.01,140.07631032,2025-11-15 00:00:00
1763165700000,95194.01,95409.54,95126.16,95371.64,195.57581826,2025-11-15 00:15:00
1763166600000,95371.64,95371.64,94900.0,94960.27,93.22917418,2025-11-15 00:30:00
1763167500000,94960.27,95156.43,94705.0,95152.84,128.05642401,2025-11-15 00:45:00
1763168400000,95152.84,95187.89,94750.23,95071.24,113.86457129,2025-11-15 01:00:00
1763169300000,95071.24,95321.12,95055.51,95121.57,86.59918405,2025-11-15 01:15:00
1763170200000,95121.57,95445.78,95121.55,95435.82,83.27234097,2025-11-15 01:30:00
1763171100000,95435.82,95800.0,95300.0,95658.39,144.3040198,2025-11-15 01:45:00
1763172000000,95658.39,95673.46,95415.57,95491.94,85.68153487,2025-11-15 02:00:00
1763172900000,95491.94,95879.17,95400.0,95879.17,165.91367392,2025-11-15 02:15:00
1763173800000,95879.17,96137.5,95642.49,96135.53,126.21448549,2025-11-15 02:30:00
1763174700000,96135.53,96450.17,95908.68,96450.17,142.70592645,2025-11-15 02:45:00
1763175600000,96450.17,96518.47,96193.7,96504.77,170.84054332,2025-11-15 03:00:00
1763176500000,96504.77,96822.84,96393.95,96669.33,216.00893574,2025-11-15 03:15:00
1763177400000,96669.33,96682.61,96138.97,96319.18,171.28907475,2025-11-15 03:30:00
1763178300000,96319.18,96424.69,96228.41,96412.81,89.78945188,2025-11-15 03:45:00
1763179200000,96412.81,96412.81,96089.49,96250.0,78.59446517,2025-11-15 04:00:00
1763180100000,96250.0,96510.58,96066.69,96070.05,88.20055146,2025-11-15 04:15:00
1763181000000,96070.05,96173.48,95953.52,95953.6,65.56400068,2025-11-15 04:30:00
1763181900000,95953.6,96190.0,95938.02,96105.06,63.24187937,2025-11-15 04:45:00
1763182800000,96105.06,96231.91,95970.0,96007.24,49.78700734,2025-11-15 05:00:00
1763183700000,96007.24,96223.52,95998.74,96069.54,118.45354389,2025-11-15 05:15:00
1763184600000,96069.54,96154.43,95975.99,96154.05,138.9398633,2025-11-15 05:30:00
1763185500000,96154.05,96426.6,96121.27,96318.22,93.62611819,2025-11-15 05:45:00
1763186400000,96318.22,96463.74,96236.6,96415.35,57.19235299,2025-11-15 06:00:00
1763187300000,96415.35,96489.81,96360.87,96403.72,39.69355518,2025-11-15 06:15:00
1763188200000,96403.72,96565.47,96073.24,96112.93,82.5540185,2025-11-15 06:30:00
1763189100000,96112.93,96320.64,95970.0,96117.01,186.09394595,2025-11-15 06:45:00
1763190000000,96117.01,96193.53,95949.0,96131.78,152.39622962,2025-11-15 07:00:00
1763190900000,96131.78,96362.65,95970.45,96283.43,76.46671268,2025-11-15 07:15:00
1763191800000,96283.43,96319.0,96098.16,96147.27,55.91875648,2025-11-15 07:30:00
1763192700000,96147.27,96364.81,96108.43,96325.98,50.04511404,2025-11-15 07:45:00
1763193600000,96325.98,96342.59,95997.48,96144.37,109.92452099,2025-11-15 08:00:00
1763194500000,96144.37,96144.37,95815.88,95969.83,83.50660559,2025-11-15 08:15:00
1763195400000,95969.83,96279.23,95894.95,95900.94,157.03394319,2025-11-15 08:30:00
1763196300000,95900.94,95951.6,95647.97,95923.69,136.17957313,2025-11-15 08:45:00
1763197200000,95923.69,96088.2,95667.0,96061.99,152.21394171,2025-11-15 09:00:00
1763198100000,96061.99,96150.0,95923.46,95951.61,61.04934439,2025-11-15 09:15:00
1763199000000,95951.61,96077.84,95872.01,96026.57,50.39078585,2025-11-15 09:30:00
1763199900000,96026.57,96026.57,95700.01,95803.87,37.70551766,2025-11-15 09:45:00
1763200800000,95803.87,95851.97,95684.44,95847.1,47.81757509,2025-11-15 10:00:00
1763201700000,95847.1,95926.31,95703.14,95859.39,65.92178956,2025-11-15 10:15:00
1763202600000,95859.39,96057.36,95800.01,96057.34,52.76902557,2025-11-15 10:30:00
1763203500000,96057.34,96057.34,95930.47,95944.47,45.34308696,2025-11-15 10:45:00
1763204400000,95944.47,95968.57,95780.51,95832.13,37.9529511,2025-11-15 11:00:00
1763205300000,95832.13,95856.52,95724.59,95836.56,24.26909342,2025-11-15 11:15:00
1763206200000,95836.56,95893.6,95743.54,95807.14,53.33272122,2025-11-15 11:30:00
1763207100000,95807.14,95807.14,95630.0,95695.5,55.26716783,2025-11-15 11:45:00
1763208000000,95695.5,95771.7,95579.82,95771.68,53.01648559,2025-11-15 12:00:00
1763208900000,95771.68,95875.91,95652.59,95854.59,36.16623871,2025-11-15 12:15:00
1763209800000,95854.59,95870.05,95659.68,95697.26,26.1039349,2025-11-15 12:30:00
1763210700000,95697.26,95859.86,95662.95,95813.28,49.67026383,2025-11-15 12:45:00
1763211600000,95813.28,95951.8,95727.42,95889.14,61.39226417,2025-11-15 13:00:00
1763212500000,95889.14,96172.64,95851.46,96051.92,117.91644389,2025-11-15 13:15:00
1763213400000,96051.92,96223.64,95972.4,96076.3,110.46875944,2025-11-15 13:30:00
1763214300000,96076.3,96363.88,95993.76,96363.59,121.03921798,2025-11-15 13:45:00
1763215200000,96363.59,96466.39,96303.59,96430.12,75.00591215,2025-11-15 14:00:00
1763216100000,96430.12,96463.96,96091.61,96133.23,90.75992808,2025-11-15 14:15:00
1763217000000,96133.23,96320.35,96028.27,96177.97,56.09840826,2025-11-15 14:30:00
1763217900000,96177.97,96339.69,96082.74,96254.53,53.9691432,2025-11-15 14:45:00
1763218800000,96254.53,96395.49,96121.61,96300.27,55.05603981,2025-11-15 15:00:00
1763219700000,96300.27,96425.79,96164.32,96385.86,53.19146899,2025-11-15 15:15:00
1763220600000,96385.86,96385.86,96119.5,96193.49,46.01924383,2025-11-15 15:30:00
1763221500000,96193.49,96363.5,96182.88,96257.22,45.63711812,2025-11-15 15:45:00
1763222400000,96257.22,96338.81,95734.66,95892.09,144.62814823,2025-11-15 16:00:00
1763223300000,95892.09,96038.12,95760.4,95807.42,88.95929733,2025-11-15 16:15:00
1763224200000,95807.42,96094.86,95734.81,96049.87,54.85226674,2025-11-15 16:30:00
1763225100000,96049.87,96200.0,95987.68,96165.17,46.75908377,2025-11-15 16:45:00
1763226000000,96165.17,96234.35,95892.78,95894.7,76.72885698,2025-11-15 17:00:00
1763226900000,95894.7,96403.06,95870.44,96006.02,101.12250061,2025-11-15 17:15:00
1763227800000,96006.02,96098.74,95890.4,96074.37,93.21696727,2025-11-15 17:30:00
1763228700000,96074.37,96274.39,96074.37,96227.19,55.6003726,2025-11-15 17:45:00
1763229600000,96227.19,96352.06,96156.65,96290.07,54.65338291,2025-11-15 18:00:00
1763230500000,96290.07,96290.08,95969.29,96071.68,95.98562448,2025-11-15 18:15:00
1763231400000,96071.68,96202.21,96015.95,96126.26,39.33109786,2025-11-15 18:30:00
1763232300000,96126.26,96145.53,95990.72,96059.48,26.96657546,2025-11-15 18:45:00
1763233200000,96059.48,96160.09,96039.34,96147.73,20.09765824,2025-11-15 19:00:00
1763234100000,96147.73,96147.74,95970.39,96067.15,27.32643012,2025-11-15 19:15:00
1763235000000,96067.15,96067.27,95923.73,95989.15,33.02313827,2025-11-15 19:30:00
1763235900000,95989.15,96062.49,95924.1,96014.5,25.89445816,2025-11-15 19:45:00
1763236800000,96014.5,96014.5,95871.99,95877.24,31.47802715,2025-11-15 20:00:00
1763237700000,95877.24,95877.24,95654.89,95731.22,75.50014253,2025-11-15 20:15:00
1763238600000,95731.22,95731.22,95450.0,95499.3,92.91917508,2025-11-15 20:30:00
1763239500000,95499.3,95569.27,95125.43,95279.17,223.7465803,2025-11-15 20:45:00
1763240400000,95279.17,95636.33,95217.33,95555.56,110.83986795,2025-11-15 21:00:00
1763241300000,95555.56,95673.39,95428.23,95428.23,43.52736553,2025-11-15 21:15:00
1763242200000,95428.23,95503.81,95156.15,95226.64,54.83020483,2025-11-15 21:30:00
1763243100000,95226.64,95313.23,95126.24,95274.39,40.20544471,2025-11-15 21:45:00
1763244000000,95274.39,95539.5,95225.52,95539.5,34.1184968,2025-11-15 22:00:00
1763244900000,95539.5,95647.84,95422.53,95606.45,42.58085791,2025-11-15 22:15:00
1763245800000,95606.45,95642.72,95371.59,95481.59,27.09344917,2025-11-15 22:30:00
1763246700000,95481.59,95656.21,95392.75,95614.99,85.0461564,2025-11-15 22:45:00
1763247600000,95614.99,95630.75,95491.49,95537.29,29.77499657,2025-11-15 23:00:00
1763248500000,95537.29,95691.06,95527.91,95625.28,36.31144562,2025-11-15 23:15:00
1763249400000,95625.28,95689.77,95541.2,95569.25,37.46752847,2025-11-15 23:30:00
1763250300000,95569.25,95635.94,95553.57,95593.29,28.44527393,2025-11-15 23:45:00
1763251200000,95593.29,95700.0,95356.01,95374.97,56.08365387,2025-11-16 00:00:00
1763252100000,95374.97,95375.09,95242.97,95269.11,48.07323738,2025-11-16 00:15:00
1763253000000,95269.11,95455.44,95206.84,95455.42,31.20342519,2025-11-16 00:30:00
1763253900000,95455.42,95563.23,95400.0,95400.0,28.89924917,2025-11-16 00:45:00
1763254800000,95400.0,95483.34,95055.02,95482.47,72.10571233,2025-11-16 01:00:00
1763255700000,95482.47,95491.36,95223.99,95444.87,44.95262204,2025-11-16 01:15:00
1763256600000,95444.87,95450.42,94864.14,95006.23,151.17686102,2025-11-16 01:30:00
1763257500000,95006.23,95388.59,94849.88,95281.19,88.92234957,2025-11-16 01:45:00
1763258400000,95281.19,95460.62,95099.57,95292.03,79.64259753,2025-11-16 02:00:00
1763259300000,95292.03,95785.98,95292.03,95661.38,103.08413089,2025-11-16 02:15:00
1763260200000,95661.38,95745.19,95605.86,95721.06,63.3833414,2025-11-16 02:30:00
1763261100000,95721.06,95973.91,95668.89,95973.91,61.4004635,2025-11-16 02:45:00
1763262000000,95973.91,95983.47,95780.61,95783.63,56.429796,2025-11-16 03:00:00
1763262900000,95783.63,95946.17,95764.38,95805.7,49.08475129,2025-11-16 03:15:00
1763263800000,95805.7,95841.41,95667.28,95791.91,30.86761708,2025-11-16 03:30:00
1763264700000,95791.91,95835.96,95623.86,95820.27,40.85411603,2025-11-16 03:45:00
1763265600000,95820.27,95918.34,95716.57,95862.99,63.73449433,2025-11-16 04:00:00
1763266500000,95862.99,95895.66,95691.1,95828.21,51.45417879,2025-11-16 04:15:00
1763267400000,95828.21,95828.22,95646.38,95689.54,49.17083153,2025-11-16 04:30:00
1763268300000,95689.54,95840.96,95682.57,95824.81,33.46815327,2025-11-16 04:45:00
1763269200000,95824.81,96044.34,95818.41,96044.26,48.20234194,2025-11-16 05:00:00
1763270100000,96044.26,96160.09,95902.33,95962.64,105.14637822,2025-11-16 05:15:00
1763271000000,95962.64,95970.08,95874.34,95946.47,37.01980661,2025-11-16 05:30:00
1763271900000,95946.47,95987.95,95859.95,95881.87,26.95716083,2025-11-16 05:45:00
1763272800000,95881.87,96045.05,95775.96,95950.92,38.07067851,2025-11-16 06:00:00
1763273700000,95950.92,95999.07,95901.97,95980.74,23.47974049,2025-11-16 06:15:00
1763274600000,95980.74,96011.73,95935.24,95935.25,28.03189212,2025-11-16 06:30:00
1763275500000,95935.25,95972.19,95754.31,95804.54,26.02000692,2025-11-16 06:45:00
1763276400000,95804.54,95929.47,95772.96,95854.73,32.37569288,2025-11-16 07:00:00
1763277300000,95854.73,95971.46,95740.92,95828.64,42.10952207,2025-11-16 07:15:00
1763278200000,95828.64,95951.01,95828.64,95927.21,47.74407355,2025-11-16 07:30:00
1763279100000,95927.21,96098.62,95927.21,96097.85,68.03955668,2025-11-16 07:45:00
1763280000000,96097.85,96209.89,95922.93,95983.66,63.75425254,2025-11-16 08:00:00
1763280900000,95983.66,96028.92,95857.49,95868.97,45.14371173,2025-11-16 08:15:00
1763281800000,95868.97,96045.34,95868.97,96045.28,42.255773,2025-11-16 08:30:00
1763282700000,96045.28,96183.56,95895.0,96116.72,54.49602075,2025-11-16 08:45:00
1763283600000,96116.72,96120.05,95940.74,96065.71,36.44882262,2025-11-16 09:00:00
1763284500000,96065.71,96136.44,95945.29,96110.71,36.71660585,2025-11-16 09:15:00
1763285400000,96110.71,96221.34,96059.07,96199.31,36.76875459,2025-11-16 09:30:00
1763286300000,96199.31,96634.34,96170.0,96634.01,148.94288946,2025-11-16 09:45:00
1763287200000,96634.01,96634.02,96380.65,96525.94,140.65395631,2025-11-16 10:00:00
1763288100000,96525.94,96600.92,96408.59,96480.36,89.03704755,2025-11-16 10:15:00
1763289000000,96480.36,96525.21,96405.02,96435.51,49.52937621,2025-11-16 10:30:00
1763289900000,96435.51,96503.84,96418.78,96442.5,38.28464884,2025-11-16 10:45:00
1763290800000,96442.5,96445.43,95930.06,95930.12,147.39493802,2025-11-16 11:00:00
1763291700000,95930.12,96093.06,95555.0,95616.18,185.06236454,2025-11-16 11:15:00
1763292600000,95616.18,95769.63,95510.29,95580.64,129.61942276,2025-11-16 11:30:00
1763293500000,95580.64,95688.75,95533.44,95626.69,83.87794313,2025-11-16 11:45:00
1763294400000,95626.69,95742.82,95591.35,95671.73,57.01001934,2025-11-16 12:00:00
1763295300000,95671.73,95899.32,95648.52,95816.88,74.60787617,2025-11-16 12:15:00
1763296200000,95816.88,95844.29,95445.99,95820.6,101.90827394,2025-11-16 12:30:00
1763297100000,95820.6,95887.1,95676.22,95745.52,65.06775977,2025-11-16 12:45:00
1763298000000,95745.52,95848.79,95555.25,95764.89,69.29638886,2025-11-16 13:00:00
1763298900000,95764.89,95838.49,95377.73,95405.94,36.87858226,2025-11-16 13:15:00
1763299800000,95405.94,95526.35,95219.09,95229.03,111.93959836,2025-11-16 13:30:00
1763300700000,95229.03,95458.63,95123.73,95412.72,86.05489622,2025-11-16 13:45:00
1763301600000,95412.72,95573.58,95312.69,95467.47,72.97667819,2025-11-16 14:00:00
1763302500000,95467.47,95486.49,95336.84,95415.34,35.4715742,2025-11-16 14:15:00
1763303400000,95415.34,95676.66,95373.29,95604.11,66.12656525,2025-11-16 14:30:00
1763304300000,95604.11,95675.17,95536.56,95536.7,40.89060832,2025-11-16 14:45:00
1763305200000,95536.7,95536.7,95303.18,95441.97,56.78813537,2025-11-16 15:00:00
1763306100000,95441.97,95547.06,95368.83,95436.6,32.2639961,2025-11-16 15:15:00
1763307000000,95436.6,95471.73,95334.83,95412.62,45.0760199,2025-11-16 15:30:00
1763307900000,95412.62,95432.83,94400.0,94562.98,176.25051149,2025-11-16 15:45:00
1763308800000,94562.98,94951.5,94400.0,94407.39,265.91955991,2025-11-16 16:00:00
1763309700000,94407.39,94549.36,94144.37,94306.83,291.51791833,2025-11-16 16:15:00
1763310600000,94306.83,94479.98,94044.0,94350.6,253.90694212,2025-11-16 16:30:00
1763311500000,94350.6,94484.35,94102.79,94232.84,154.71937085,2025-11-16 16:45:00
1763312400000,94232.84,94371.54,94200.89,94283.68,106.47160892,2025-11-16 17:00:00
1763313300000,94283.68,94525.6,94132.13,94395.85,140.90912612,2025-11-16 17:15:00
1763314200000,94395.85,94489.99,93900.0,93998.27,199.55174209,2025-11-16 17:30:00
1763315100000,93998.27,94440.65,93777.0,94366.42,229.22345196,2025-11-16 17:45:00
1763316000000,94366.42,95550.08,94242.61,95186.7,201.07074386,2025-11-16 18:00:00
1763316900000,95186.7,95260.61,94760.66,94825.81,323.08129634,2025-11-16 18:15:00
1763317800000,94825.81,94827.87,94143.73,94156.6,196.0670043,2025-11-16 18:30:00
1763318700000,94156.6,94178.26,93780.36,94039.23,248.94936868,2025-11-16 18:45:00
1763319600000,94039.23,94573.61,94012.76,94482.73,161.75948432,2025-11-16 19:00:00
1763320500000,94482.73,94597.79,94153.93,94379.9,77.63730011,2025-11-16 19:15:00
1763321400000,94379.9,94503.55,94114.58,94190.72,158.64742849,2025-11-16 19:30:00
1763322300000,94190.72,94298.5,93948.24,94014.33,174.75371611,2025-11-16 19:45:00
1763323200000,94014.33,94378.66,93964.12,94365.84,71.27186472,2025-11-16 20:00:00
1763324100000,94365.84,94714.86,94137.36,94611.69,76.42081394,2025-11-16 20:15:00
1763325000000,94611.69,94649.68,94283.39,94321.4,93.27758796,2025-11-16 20:30:00
1763325900000,94321.4,94336.07,94082.42,94082.55,67.16818828,2025-11-16 20:45:00
1763326800000,94082.55,94193.83,93598.51,93752.07,157.48128379,2025-11-16 21:00:00
1763327700000,93752.07,93823.29,93589.13,93674.32,155.50037736,2025-11-16 21:15:00
1763328600000,93674.32,93828.08,93370.72,93505.4,172.0971235,2025-11-16 21:30:00
1763329500000,93505.4,93672.07,93404.29,93504.59,123.73400377,2025-11-16 21:45:00
1763330400000,93504.59,93532.54,93008.82,93371.39,241.90252984,2025-11-16 22:00:00
1763331300000,93371.39,93761.63,93225.85,93666.06,127.54125199,2025-11-16 22:15:00
1763332200000,93666.06,93874.96,93562.38,93562.5,158.30571789,2025-11-16 22:30:00
1763333100000,93562.5,94493.98,93525.07,94182.34,264.76486808,2025-11-16 22:45:00
1763334000000,94182.34,94182.34,93008.82,93822.12,189.64310427,2025-11-16 23:00:00
1763334900000,93822.12,94385.8,93800.0,94243.13,152.44125398,2025-11-16 23:15:00
1763335800000,94243.13,94400.65,94064.71,94347.6,224.17361437,2025-11-16 23:30:00
1763336700000,94347.6,94526.66,94227.8,94258.52,136.48899646,2025-11-16 23:45:00
1763337600000,94258.52,94468.64,94117.6,94238.65,157.2436224,2025-11-17 00:00:00
1763338500000,94238.65,94729.02,93763.52,94727.85,235.9106839,2025-11-17 00:15:00
1763339400000,94727.85,94986.0,94585.57,94693.37,215.34835701,2025-11-17 00:30:00
1763340300000,94693.37,95371.43,94548.16,95284.73,250.02508153,2025-11-17 00:45:00
1763341200000,95284.73,95479.29,95060.64,95108.08,153.73336583,2025-11-17 01:00:00
1763342100000,95108.08,95163.7,94862.58,95140.01,132.55529608,2025-11-17 01:15:00
1763343000000,95140.01,95140.01,94882.5,94899.17,106.94795856,2025-11-17 01:30:00
1763343900000,94899.17,95033.74,94719.98,94760.59,84.36113878,2025-11-17 01:45:00
1763344800000,94760.59,95335.8,94708.66,95304.84,122.81451776,2025-11-17 02:00:00
1763345700000,95304.84,95396.25,95043.45,95152.3,124.21831861,2025-11-17 02:15:00
1763346600000,95152.3,95235.24,94924.35,94961.39,75.46124994,2025-11-17 02:30:00
1763347500000,94961.39,95014.11,94885.53,94974.7,100.76616147,2025-11-17 02:45:00
1763348400000,94974.7,95355.9,94967.23,95354.45,91.70410171,2025-11-17 03:00:00
1763349300000,95354.45,95550.0,95170.5,95438.08,172.9252963,2025-11-17 03:15:00
1763350200000,95438.08,95496.21,95200.11,95338.93,74.4670506,2025-11-17 03:30:00
1763351100000,95338.93,95503.73,95295.72,95489.49,56.62434035,2025-11-17 03:45:00
1763352000000,95489.49,95568.64,95118.48,95164.43,83.70247453,2025-11-17 04:00:00
1763352900000,95164.43,95491.48,94876.39,95437.32,355.31667296,2025-11-17 04:15:00
1763353800000,95437.32,95437.32,95166.45,95348.95,129.66692334,2025-11-17 04:30:00
1763354700000,95348.95,95356.29,95080.47,95092.41,101.86178671,2025-11-17 04:45:00
1763355600000,95092.41,95187.94,94919.52,94936.83,89.46706907,2025-11-17 05:00:00
1763356500000,94936.83,95173.67,94899.0,95143.98,99.98011028,2025-11-17 05:15:00
1763357400000,95143.98,95210.17,95020.02,95121.47,62.64790491,2025-11-17 05:30:00
1763358300000,95121.47,95261.22,95095.65,95105.06,64.81546367,2025-11-17 05:45:00
1763359200000,95105.06,95240.2,94900.01,94949.33,74.83579489,2025-11-17 06:00:00
1763360100000,94949.33,95141.56,94900.0,95068.47,70.38365553,2025-11-17 06:15:00
1763361000000,95068.47,95073.77,94907.12,94939.25,38.33849389,2025-11-17 06:30:00
1763361900000,94939.25,95330.79,94923.86,95279.32,85.91797087,2025-11-17 06:45:00
1763362800000,95279.32,95459.29,95201.35,95319.18,130.32390994,2025-11-17 07:00:00
1763363700000,95319.18,95634.27,95319.18,95449.49,127.16276198,2025-11-17 07:15:00
1763364600000,95449.49,95800.0,95391.95,95749.56,199.92920434,2025-11-17 07:30:00
1763365500000,95749.56,95869.66,95656.49,95656.49,180.50227247,2025-11-17 07:45:00
1763366400000,95656.49,95766.88,95637.11,95665.79,109.49789217,2025-11-17 08:00:00
1763367300000,95665.79,96026.89,95660.58,95851.31,277.22723635,2025-11-17 08:15:00
1763368200000,95851.31,95927.36,95625.05,95625.06,145.59533325,2025-11-17 08:30:00
1763369100000,95625.06,95698.47,95539.03,95622.74,92.41032272,2025-11-17 08:45:00
1763370000000,95622.74,95678.92,95312.72,95534.15,152.48884188,2025-11-17 09:00:00
1763370900000,95534.15,95846.77,95534.15,95733.42,95.41587816,2025-11-17 09:15:00
1763371800000,95733.42,95874.17,95583.67,95749.62,103.54346954,2025-11-17 09:30:00
1763372700000,95749.62,95764.26,95623.86,95659.05,190.7442199,2025-11-17 09:45:00
1763373600000,95659.05,95829.56,95618.82,95829.56,68.00684522,2025-11-17 10:00:00
1763374500000,95829.56,95829.56,95622.0,95643.65,73.99102915,2025-11-17 10:15:00
1763375400000,95643.65,95899.45,95552.98,95731.26,88.20173837,2025-11-17 10:30:00
1763376300000,95731.26,95836.52,95626.03,95649.0,70.25790653,2025-11-17 10:45:00
1763377200000,95649.0,95787.68,95559.77,95733.87,56.1141539,2025-11-17 11:00:00
1763378100000,95733.87,95822.24,95686.3,95713.36,75.89361507,2025-11-17 11:15:00
1763379000000,95713.36,95910.18,95620.13,95621.27,130.11855471,2025-11-17 11:30:00
1763379900000,95621.27,95634.01,95379.47,95569.87,280.38386362,2025-11-17 11:45:00
1763380800000,95569.87,95575.67,95298.47,95311.28,112.71619248,2025-11-17 12:00:00
1763381700000,95311.28,95498.98,95311.28,95465.59,48.94218332,2025-11-17 12:15:00
1763382600000,95465.59,95565.25,95313.57,95507.66,81.65029141,2025-11-17 12:30:00
1763383500000,95507.66,95507.66,95272.02,95321.66,83.15304636,2025-11-17 12:45:00
1763384400000,95321.66,95378.79,94825.0,94939.96,207.03772563,2025-11-17 13:00:00
1763385300000,94939.96,95050.84,94506.18,94568.82,186.56647233,2025-11-17 13:15:00
1763386200000,94568.82,94685.29,93852.19,93865.48,259.26269161,2025-11-17 13:30:00
1763387100000,93865.48,94094.26,93592.18,93966.9,220.87487079,2025-11-17 13:45:00
1763388000000,93966.9,94197.1,93795.38,94095.59,174.6528945,2025-11-17 14:00:00
1763388900000,94095.59,94464.89,94027.25,94181.39,150.49905889,2025-11-17 14:15:00
1763389800000,94181.39,96038.0,94009.0,95122.26,332.12328005,2025-11-17 14:30:00
1763390700000,95122.26,95563.02,94491.21,94768.3,167.65187657,2025-11-17 14:45:00
1763391600000,94768.3,95017.1,94185.65,94451.58,154.55436878,2025-11-17 15:00:00
1763392500000,94451.58,94700.0,93804.97,94517.79,247.1137048,2025-11-17 15:15:00
1763393400000,94517.79,94690.41,93963.36,94230.99,165.02928703,2025-11-17 15:30:00
1763394300000,94230.99,94404.22,93913.65,93959.82,196.40999916,2025-11-17 15:45:00
1763395200000,93959.82,94011.95,93166.66,93196.38,239.39759278,2025-11-17 16:00:00
1763396100000,93196.38,93527.97,93060.0,93472.68,274.99912753,2025-11-17 16:15:00
1763397000000,93472.68,94055.52,93343.81,93718.54,173.13108127,2025-11-17 16:30:00
1763397900000,93718.54,94427.35,93679.84,94303.64,218.92916821,2025-11-17 16:45:00
1763398800000,94303.64,94402.83,93871.47,93909.4,180.12613497,2025-11-17 17:00:00
1763399700000,93909.4,93942.83,93519.0,93534.01,145.33902303,2025-11-17 17:15:00
1763400600000,93534.01,93650.46,92773.89,92881.9,271.30624471,2025-11-17 17:30:00
1763401500000,92881.9,93059.58,92669.16,92760.13,228.75705985,2025-11-17 17:45:00
1763402400000,92760.13,93209.29,92607.91,92835.95,292.70952052,2025-11-17 18:00:00
1763403300000,92835.95,92927.33,92455.0,92457.79,309.85377722,2025-11-17 18:15:00
1763404200000,92457.79,92709.74,92422.34,92701.86,213.73007525,2025-11-17 18:30:00
1763405100000,92701.86,93073.53,92502.23,92547.4,187.37179409,2025-11-17 18:45:00
1763406000000,92547.4,92656.28,92301.36,92313.46,229.86159346,2025-11-17 19:00:00
1763406900000,92313.46,92368.2,92098.0,92273.67,308.99979634,2025-11-17 19:15:00
1763407800000,92273.67,92470.8,91750.0,91877.62,320.70618956,2025-11-17 19:30:00
1763408700000,91877.62,92014.72,91601.0,91684.42,333.03144781,2025-11-17 19:45:00
1763409600000,91684.42,91840.06,91296.7,91396.17,219.03795444,2025-11-17 20:00:00
1763410500000,91396.17,92096.96,91396.17,91765.33,330.85871088,2025-11-17 20:15:00
1763411400000,91765.33,91984.81,91510.0,91635.93,224.73497711,2025-11-17 20:30:00
1763412300000,91635.93,92227.39,91621.78,92005.66,229.96542538,2025-11-17 20:45:00
1763413200000,92005.66,92245.14,91915.93,92141.17,181.6997982,2025-11-17 21:00:00
1763414100000,92141.17,92141.17,91574.74,91799.69,200.9255172,2025-11-17 21:15:00
1763415000000,91799.69,92100.0,91550.43,91866.89,175.2762334,2025-11-17 21:30:00
1763415900000,91866.89,91974.26,91587.58,91961.43,201.3697022,2025-11-17 21:45:00
1763416800000,91961.43,92215.84,91819.19,92101.51,179.29237118,2025-11-17 22:00:00
1763417700000,92101.51,92217.73,91922.61,92180.23,245.14490825,2025-11-17 22:15:00
1763418600000,92180.23,92401.18,92133.27,92339.86,138.78764895,2025-11-17 22:30:00
1763419500000,92339.86,92354.04,92234.37,92249.15,95.379265,2025-11-17 22:45:00
1763420400000,92249.15,92279.08,91903.02,92020.27,178.36593781,2025-11-17 23:00:00
1763421300000,92020.27,92022.2,91835.66,91888.79,227.29096545,2025-11-17 23:15:00
1763422200000,91888.79,92052.92,91801.06,91966.62,152.86407171,2025-11-17 23:30:00
1763423100000,91966.62,92242.49,91966.62,92217.41,237.78606785,2025-11-17 23:45:00
1763424000000,92217.41,92359.99,92125.08,92222.02,212.78055682,2025-11-18 00:00:00
1763424900000,92222.02,92307.77,91973.94,92029.52,161.89108024,2025-11-18 00:15:00
1763425800000,92029.52,92062.33,91343.33,91425.76,209.29616927,2025-11-18 00:30:00
1763426700000,91425.76,92217.1,91209.0,92183.03,225.92959579,2025-11-18 00:45:00
1763427600000,92183.03,92228.77,91933.64,91968.72,199.09107014,2025-11-18 01:00:00
1763428500000,91968.72,92204.28,91672.63,91814.73,177.36934743,2025-11-18 01:15:00
1763429400000,91814.73,92056.33,91732.19,91885.95,158.20885671,2025-11-18 01:30:00
1763430300000,91885.95,91937.09,91620.2,91740.59,148.81279493,2025-11-18 01:45:00
1763431200000,91740.59,91740.59,91150.4,91172.36,177.68397006,2025-11-18 02:00:00
1763432100000,91172.36,91703.12,90761.27,91677.93,241.25443228,2025-11-18 02:15:00
1763433000000,91677.93,91745.7,91134.72,91327.35,185.68250543,2025-11-18 02:30:00
1763433900000,91327.35,91685.44,90690.69,90858.7,196.94837058,2025-11-18 02:45:00
1763434800000,90858.7,90858.7,90254.7,90391.07,303.61774126,2025-11-18 03:00:00
1763435700000,90391.07,90538.35,90023.01,90053.0,251.87363846,2025-11-18 03:15:00
1763436600000,90053.0,90930.06,89720.0,90640.0,466.28117166,2025-11-18 03:30:00
1763437500000,90640.0,90914.98,90611.0,90841.82,253.05587028,2025-11-18 03:45:00
1763438400000,90841.82,90851.42,90269.75,90277.33,269.28951414,2025-11-18 04:00:00
1763439300000,90277.33,90356.83,89900.0,89919.04,185.25706784,2025-11-18 04:15:00
1763440200000,89919.04,90133.79,89838.0,89838.0,232.11776948,2025-11-18 04:30:00
1763441100000,89838.0,90162.2,89288.38,90072.55,281.10614035,2025-11-18 04:45:00
1763442000000,90072.55,90254.17,89725.24,90242.77,293.23276229,2025-11-18 05:00:00
1763442900000,90242.77,90448.9,90165.17,90197.19,226.22731369,2025-11-18 05:15:00
1763443800000,90197.19,90380.75,89922.86,90010.46,163.31233304,2025-11-18 05:30:00
1763444700000,90010.46,90361.79,90010.46,90219.21,183.08730865,2025-11-18 05:45:00
1763445600000,90219.21,90231.08,89944.71,90152.67,123.53392111,2025-11-18 06:00:00
1763446500000,90152.67,90175.45,89965.73,90065.75,151.4917203,2025-11-18 06:15:00
1763447400000,90065.75,90110.64,89457.16,89479.92,190.57213943,2025-11-18 06:30:00
1763448300000,89479.92,89791.52,89383.7,89646.97,225.02935983,2025-11-18 06:45:00
1763449200000,89646.97,89932.28,89344.14,89849.56,187.44484207,2025-11-18 07:00:00
1763450100000,89849.56,90178.08,89802.97,90149.83,411.21451636,2025-11-18 07:15:00
1763451000000,90149.83,90544.91,90012.46,90460.53,340.31203648,2025-11-18 07:30:00
1763451900000,90460.53,90544.92,90390.35,90507.43,323.45051854,2025-11-18 07:45:00
1763452800000,90507.43,90845.86,90505.08,90809.64,144.08917925,2025-11-18 08:00:00
1763453700000,90809.64,91197.61,90757.6,90847.72,284.88986233,2025-11-18 08:15:00
1763454600000,90847.72,91442.76,90820.97,91368.97,224.99115924,2025-11-18 08:30:00
1763455500000,91368.97,91417.74,91181.47,91224.86,203.02319825,2025-11-18 08:45:00
1763456400000,91224.86,91282.85,90943.4,91165.94,236.6521017,2025-11-18 09:00:00
1763457300000,91165.94,91445.1,90885.09,90928.54,178.60745432,2025-11-18 09:15:00
1763458200000,90928.54,91169.28,90895.49,91163.04,139.02511645,2025-11-18 09:30:00
1763459100000,91163.04,91457.93,91129.89,91392.99,167.73230697,2025-11-18 09:45:00
1763460000000,91392.99,91578.18,91365.14,91395.06,186.0722679,2025-11-18 10:00:00
1763460900000,91395.06,91509.0,91249.58,91338.37,150.99607419,2025-11-18 10:15:00
1763461800000,91338.37,91579.99,91319.6,91516.09,116.87439857,2025-11-18 10:30:00
1763462700000,91516.09,91612.9,91266.39,91579.89,135.37893264,2025-11-18 10:45:00
1763463600000,91579.89,91607.56,91377.9,91420.55,130.91018282,2025-11-18 11:00:00
1763464500000,91420.55,91566.17,91241.94,91475.06,204.63356443,2025-11-18 11:15:00
1763465400000,91475.06,91592.27,91269.67,91565.77,122.62407624,2025-11-18 11:30:00
1763466300000,91565.77,91595.9,91488.87,91520.94,92.89150095,2025-11-18 11:45:00
1763467200000,91520.94,91550.57,91106.1,91106.1,121.10469509,2025-11-18 12:00:00
1763468100000,91106.1,91558.06,91106.1,91215.06,96.29504494,2025-11-18 12:15:00
1763469000000,91215.06,91877.12,91210.21,91802.84,89.00719003,2025-11-18 12:30:00
1763469900000,91802.84,91822.72,91386.01,91519.14,117.78993379,2025-11-18 12:45:00
1763470800000,91519.14,91653.49,91418.63,91481.39,94.86844565,2025-11-18 13:00:00
1763471700000,91481.39,91584.51,91276.42,91276.43,85.90844698,2025-11-18 13:15:00
1763472600000,91276.43,91424.94,90902.62,91157.31,153.67914987,2025-11-18 13:30:00
1763473500000,91157.31,91484.68,91157.31,91469.04,92.06876493,2025-11-18 13:45:00
1763474400000,91469.04,91549.78,91212.37,91219.95,85.71492583,2025-11-18 14:00:00
1763475300000,91219.95,91885.1,91219.95,91783.25,109.02498647,2025-11-18 14:15:00
1763476200000,91783.25,92445.59,91425.88,91462.72,206.83708651,2025-11-18 14:30:00
1763477100000,91462.72,91835.28,91379.19,91399.94,163.98253103,2025-11-18 14:45:00
1763478000000,91399.94,92231.35,91030.26,92040.89,174.86969756,2025-11-18 15:00:00
1763478900000,92040.89,93038.0,91983.51,92795.37,182.27264391,2025-11-18 15:15:00
1763479800000,92795.37,92997.7,92440.11,92743.8,180.8625794,2025-11-18 15:30:00
1763480700000,92743.8,93025.8,92495.6,92912.61,142.20314691,2025-11-18 15:45:00
1763481600000,92912.61,93250.0,92578.75,93145.53,171.24385538,2025-11-18 16:00:00
1763482500000,93145.53,93799.99,93055.04,93730.3,237.2716716,2025-11-18 16:15:00
1763483400000,93730.3,93835.47,93301.28,93322.32,211.17643001,2025-11-18 16:30:00
1763484300000,93322.32,93523.01,93177.52,93498.8,159.91550588,2025-11-18 16:45:00
1763485200000,93498.8,93661.09,93305.36,93311.22,208.01352143,2025-11-18 17:00:00
1763486100000,93311.22,93536.85,92894.82,92960.32,116.50148674,2025-11-18 17:15:00
1763487000000,92960.32,93483.63,92820.68,93323.79,135.18619311,2025-11-18 17:30:00
1763487900000,93323.79,93323.79,93115.27,93255.0,84.0882969,2025-11-18 17:45:00
1763488800000,93255.0,93770.44,93255.0,93637.73,99.6647212,2025-11-18 18:00:00
1763489700000,93637.73,93648.0,93207.81,93229.2,94.15319094,2025-11-18 18:15:00
1763490600000,93229.2,93429.87,93158.77,93359.25,93.13267605,2025-11-18 18:30:00
1763491500000,93359.25,93651.58,93286.52,93323.4,94.04582335,2025-11-18 18:45:00
1763492400000,93323.4,93518.97,93221.82,93459.11,52.36720917,2025-11-18 19:00:00
1763493300000,93459.11,93519.93,93333.0,93440.22,58.91942941,2025-11-18 19:15:00
1763494200000,93440.22,93597.42,93221.81,93221.81,66.62310229,2025-11-18 19:30:00
1763495100000,93221.81,93296.8,93000.0,93198.37,92.9458476,2025-11-18 19:45:00
1763496000000,93198.37,93298.07,92927.64,93034.43,62.5645493,2025-11-18 20:00:00
1763496900000,93034.43,93256.64,93005.43,93138.32,53.25337751,2025-11-18 20:15:00
1763497800000,93138.32,93187.01,92740.86,92799.08,48.64715161,2025-11-18 20:30:00
1763498700000,92799.08,92988.0,92668.06,92809.18,111.69450987,2025-11-18 20:45:00
1763499600000,92809.18,93012.4,92668.06,93011.74,84.98052865,2025-11-18 21:00:00
1763500500000,93011.74,93038.59,92865.88,92948.0,46.0432641,2025-11-18 21:15:00
1763501400000,92948.0,92948.0,92611.36,92636.96,67.23214078,2025-11-18 21:30:00
1763502300000,92636.96,92661.47,92460.55,92486.06,110.93053266,2025-11-18 21:45:00
1763503200000,92486.06,93072.63,92486.05,93044.92,83.39178775,2025-11-18 22:00:00
1763504100000,93044.92,93266.13,92993.48,93246.96,68.98556532,2025-11-18 22:15:00
1763505000000,93246.96,93419.02,93243.92,93263.9,38.46213217,2025-11-18 22:30:00
1763505900000,93263.9,93281.98,93108.06,93159.57,52.36687221,2025-11-18 22:45:00
1763506800000,93159.57,93164.77,92740.75,92845.63,82.33795975,2025-11-18 23:00:00
1763507700000,92845.63,92936.94,92736.1,92832.94,164.5321209,2025-11-18 23:15:00
1763508600000,92832.94,93018.94,92814.9,92872.42,144.04270147,2025-11-18 23:30:00
1763509500000,92872.42,93039.2,92749.33,92961.18,73.47147479,2025-11-18 23:45:00
1763510400000,92961.18,92980.62,92500.0,92507.61,87.33068992,2025-11-19 00:00:00
1763511300000,92507.61,92549.15,91959.41,92297.58,123.02146536,2025-11-19 00:15:00
1763512200000,92297.58,92646.59,92055.48,92621.13,129.12527209,2025-11-19 00:30:00
1763513100000,92621.13,92654.25,92409.12,92409.13,62.43351711,2025-11-19 00:45:00
1763514000000,92409.13,92421.29,92016.63,92036.61,157.80209966,2025-11-19 01:00:00
1763514900000,92036.61,92641.54,91932.05,92424.8,105.55835942,2025-11-19 01:15:00
1763515800000,92424.8,92487.44,92200.0,92365.17,57.99728672,2025-11-19 01:30:00
1763516700000,92365.17,92433.92,92143.21,92433.91,66.06455854,2025-11-19 01:45:00
1763517600000,92433.91,92749.99,92323.1,92728.73,80.40929719,2025-11-19 02:00:00
1763518500000,92728.73,92821.98,92287.81,92607.0,75.67183591,2025-11-19 02:15:00
1763519400000,92607.0,92847.67,92571.21,92607.27,61.85853921,2025-11-19 02:30:00
1763520300000,92607.27,92815.32,92538.79,92564.67,61.08194922,2025-11-19 02:45:00
1763521200000,92564.67,92627.05,92333.01,92333.01,80.5066664,2025-11-19 03:00:00
1763522100000,92333.01,92333.01,92158.22,92297.02,74.15991491,2025-11-19 03:15:00
1763523000000,92297.02,92297.02,91750.0,91890.58,129.07741817,2025-11-19 03:30:00
1763523900000,91890.58,92001.53,91689.18,91875.04,113.43094707,2025-11-19 03:45:00
1763524800000,91875.04,91959.75,91710.46,91744.58,90.02203517,2025-11-19 04:00:00
1763525700000,91744.58,91831.64,91630.54,91688.44,118.73955012,2025-11-19 04:15:00
1763526600000,91688.44,91688.44,91334.23,91442.3,197.71668943,2025-11-19 04:30:00
1763527500000,91442.3,91491.14,91163.89,91164.02,122.75964073,2025-11-19 04:45:00
1763528400000,91164.02,91252.82,90867.52,90926.41,116.68422007,2025-11-19 05:00:00
1763529300000,90926.41,91094.4,90830.08,90833.42,166.55804902,2025-11-19 05:15:00
1763530200000,90833.42,90838.77,90334.63,90345.88,181.69269063,2025-11-19 05:30:00
1763531100000,90345.88,90445.48,90019.19,90440.02,242.09342562,2025-11-19 05:45:00
1763532000000,90440.02,90665.45,90280.0,90640.61,167.13114726,2025-11-19 06:00:00
1763532900000,90640.61,90813.75,90486.85,90799.13,215.40421283,2025-11-19 06:15:00
1763533800000,90799.13,91012.43,90799.13,90960.36,150.00075372,2025-11-19 06:30:00
1763534700000,90960.36,91105.01,90814.38,90993.56,130.63859675,2025-11-19 06:45:00
1763535600000,90993.56,91370.86,90951.01,91326.98,173.0032312,2025-11-19 07:00:00
1763536500000,91326.98,91424.6,91200.0,91272.06,224.54563154,2025-11-19 07:15:00
1763537400000,91272.06,91788.04,91186.91,91766.34,203.1725365,2025-11-19 07:30:00
1763538300000,91766.34,92008.26,91732.76,91887.08,205.40823079,2025-11-19 07:45:00
1763539200000,91887.08,91902.67,91670.86,91768.58,87.716305,2025-11-19 08:00:00
1763540100000,91768.58,91942.99,91610.19,91890.73,114.41923436,2025-11-19 08:15:00
1763541000000,91890.73,91895.83,91500.0,91596.62,82.25898372,2025-11-19 08:30:00
1763541900000,91596.62,91596.62,91313.59,91466.1,144.20151684,2025-11-19 08:45:00
1763542800000,91466.1,91495.47,91069.76,91342.09,113.68658366,2025-11-19 09:00:00
1763543700000,91342.09,91402.07,91111.38,91286.36,108.28735007,2025-11-19 09:15:00
1763544600000,91286.36,91484.94,91286.36,91447.06,77.01794853,2025-11-19 09:30:00
1763545500000,91447.06,91513.84,91272.37,91513.84,78.19294125,2025-11-19 09:45:00
1763546400000,91513.84,91699.98,91483.85,91519.29,81.14171294,2025-11-19 10:00:00
1763547300000,91519.29,91600.34,91350.22,91505.07,112.9607886,2025-11-19 10:15:00
1763548200000,91505.07,91515.06,91403.15,91499.6,42.5939233,2025-11-19 10:30:00
1763549100000,91499.6,91499.6,91230.12,91314.63,92.33574613,2025-11-19 10:45:00
1763550000000,91314.63,91635.22,91314.63,91635.18,49.51682807,2025-11-19 11:00:00
1763550900000,91635.18,91720.6,91544.9,91544.9,65.72297642,2025-11-19 11:15:00
1763551800000,91544.9,91613.75,91465.38,91566.83,37.97820085,2025-11-19 11:30:00
1763552700000,91566.83,91589.89,91345.62,91416.63,56.03544949,2025-11-19 11:45:00
1763553600000,91416.63,91595.27,91336.07,91425.38,48.32747655,2025-11-19 12:00:00
1763554500000,91425.38,91457.43,91217.71,91358.09,63.95393163,2025-11-19 12:15:00
1763555400000,91358.09,91508.71,91303.35,91457.38,42.12260896,2025-11-19 12:30:00
1763556300000,91457.38,91874.06,91426.46,91778.66,184.95076246,2025-11-19 12:45:00
1763557200000,91778.66,91801.23,91548.0,91603.08,54.93766725,2025-11-19 13:00:00
1763558100000,91603.08,91793.68,91575.34,91779.97,70.35122294,2025-11-19 13:15:00
1763559000000,91779.97,91883.28,91349.9,91489.89,100.39707721,2025-11-19 13:30:00
1763559900000,91489.89,91547.63,91249.86,91406.58,158.23089069,2025-11-19 13:45:00
1763560800000,91406.58,91540.48,91155.89,91493.26,113.18385015,2025-11-19 14:00:00
1763561700000,91493.26,91511.08,91048.97,91116.34,171.68741284,2025-11-19 14:15:00
1763562600000,91116.34,91851.89,91114.16,91786.75,138.84507396,2025-11-19 14:30:00
1763563500000,91786.75,91855.33,91499.53,91702.25,180.1199291,2025-11-19 14:45:00
1763564400000,91702.25,92332.99,91695.1,92022.42,209.96508658,2025-11-19 15:00:00
1763565300000,92022.42,92387.11,91161.62,91254.78,250.11206629,2025-11-19 15:15:00
1763566200000,91254.78,91254.78,90576.09,90664.96,222.99004701,2025-11-19 15:30:00
1763567100000,90664.96,90673.64,89881.93,89953.42,319.09728999,2025-11-19 15:45:00
1763568000000,89953.42,90207.49,89915.64,90118.91,232.90308448,2025-11-19 16:00:00
1763568900000,90118.91,90231.86,89595.0,89693.18,259.91442694,2025-11-19 16:15:00
1763569800000,89693.18,89857.1,89456.41,89712.63,161.85634745,2025-11-19 16:30:00
1763570700000,89712.63,89931.73,89477.91,89913.36,194.21856126,2025-11-19 16:45:00
1763571600000,89913.36,90144.74,89345.43,89363.75,209.58358894,2025-11-19 17:00:00
1763572500000,89363.75,89663.64,89321.0,89524.28,218.6568303,2025-11-19 17:15:00
1763573400000,89524.28,89582.66,88897.97,89343.51,179.39142835,2025-11-19 17:30:00
1763574300000,89343.51,89563.21,89085.25,89507.48,244.08540264,2025-11-19 17:45:00
1763575200000,89507.48,89742.48,89323.45,89665.78,220.60368889,2025-11-19 18:00:00
1763576100000,89665.78,89709.76,88866.0,89072.71,244.81998875,2025-11-19 18:15:00
1763577000000,89072.71,89246.64,88880.0,88905.02,204.50592579,2025-11-19 18:30:00
1763577900000,88905.02,89290.46,88800.0,89233.8,250.80784833,2025-11-19 18:45:00
1763578800000,89233.8,89373.83,89002.14,89150.33,183.23733056,2025-11-19 19:00:00
1763579700000,89150.33,89197.84,88857.51,88947.62,181.38947152,2025-11-19 19:15:00
1763580600000,88947.62,89009.59,88680.0,88713.92,203.26691668,2025-11-19 19:30:00
1763581500000,88713.92,89106.76,88639.84,88882.56,201.67284333,2025-11-19 19:45:00
1763582400000,88882.56,88926.53,88620.89,88725.48,190.47453983,2025-11-19 20:00:00
1763583300000,88725.48,89386.18,88725.48,89386.17,175.1863545,2025-11-19 20:15:00
1763584200000,89386.17,89519.17,89110.68,89205.5,146.33392735,2025-11-19 20:30:00
1763585100000,89205.5,89677.54,89092.06,89523.38,191.84445712,2025-11-19 20:45:00
1763586000000,89523.38,89940.27,89460.0,89693.42,186.51237903,2025-11-19 21:00:00
1763586900000,89693.42,90850.7,89693.42,90052.49,170.86028108,2025-11-19 21:15:00
1763587800000,90052.49,90631.36,90052.49,90499.99,240.86141003,2025-11-19 21:30:00
1763588700000,90499.99,90766.67,90408.9,90589.32,267.76755242,2025-11-19 21:45:00
1763589600000,90589.32,90616.82,90339.84,90339.84,198.58548249,2025-11-19 22:00:00
1763590500000,90339.84,90629.43,90111.99,90629.39,133.53138461,2025-11-19 22:15:00
1763591400000,90629.39,90629.39,90386.48,90509.1,65.68235935,2025-11-19 22:30:00
1763592300000,90509.1,90525.13,90331.66,90473.85,49.45097643,2025-11-19 22:45:00
1763593200000,90473.85,91366.12,90473.85,91319.4,205.38601003,2025-11-19 23:00:00
1763594100000,91319.4,91526.41,91217.64,91383.47,189.78411643,2025-11-19 23:15:00
1763595000000,91383.47,91485.34,91257.33,91277.21,125.29229204,2025-11-19 23:30:00
1763595900000,91277.21,91593.15,91257.45,91560.76,104.42084266,2025-11-19 23:45:00
1763596800000,91560.76,91560.76,91183.78,91492.37,110.15087895,2025-11-20 00:00:00
1763597700000,91492.37,91889.99,91423.54,91847.51,143.69100763,2025-11-20 00:15:00
1763598600000,91847.51,92303.07,91847.51,92232.4,234.50127287,2025-11-20 00:30:00
1763599500000,92232.4,92254.36,91846.73,91884.32,141.30076891,2025-11-20 00:45:00
1763600400000,91884.32,92329.99,91812.85,92207.9,117.09270919,2025-11-20 01:00:00
1763601300000,92207.9,92481.4,92129.76,92217.31,175.55990219,2025-11-20 01:15:00
1763602200000,92217.31,92700.0,92217.31,92579.92,111.18720855,2025-11-20 01:30:00
1763603100000,92579.92,92650.0,92471.67,92582.41,107.27834313,2025-11-20 01:45:00
1763604000000,92582.41,92791.0,92374.21,92621.57,201.0142844,2025-11-20 02:00:00
1763604900000,92621.57,92721.62,92447.7,92497.5,94.59134945,2025-11-20 02:15:00
1763605800000,92497.5,92581.35,92353.35,92394.96,71.52807182,2025-11-20 02:30:00
1763606700000,92394.96,92711.42,92315.04,92585.13,167.88496712,2025-11-20 02:45:00
1763607600000,92585.13,92676.1,92409.73,92431.29,119.11189139,2025-11-20 03:00:00
1763608500000,92431.29,92710.83,92367.62,92367.62,157.92222919,2025-11-20 03:15:00
1763609400000,92367.62,92659.64,92367.62,92456.8,132.02010977,2025-11-20 03:30:00
1763610300000,92456.8,92561.69,92414.36,92433.92,116.85199182,2025-11-20 03:45:00
1763611200000,92433.92,92542.83,92373.37,92462.36,102.39443713,2025-11-20 04:00:00
1763612100000,92462.36,92462.36,92126.71,92282.26,115.51060924,2025-11-20 04:15:00
1763613000000,92282.26,92392.33,92183.06,92305.42,70.99515619,2025-11-20 04:30:00
1763613900000,92305.42,92984.68,92286.87,92956.48,274.24973765,2025-11-20 04:45:00
1763614800000,92956.48,93152.29,92804.93,92873.85,250.003847,2025-11-20 05:00:00
1763615700000,92873.85,92925.65,92657.84,92676.43,111.53442055,2025-11-20 05:15:00
1763616600000,92676.43,92681.48,92563.08,92577.0,63.71108573,2025-11-20 05:30:00
1763617500000,92577.0,92739.23,92561.34,92610.35,85.44529001,2025-11-20 05:45:00
1763618400000,92610.35,92853.79,92610.0,92698.02,62.13564044,2025-11-20 06:00:00
1763619300000,92698.02,92698.02,92401.19,92450.22,276.4288277,2025-11-20 06:15:00
1763620200000,92450.22,92501.03,91790.94,91839.24,292.50243691,2025-11-20 06:30:00
1763621100000,91839.24,91972.66,91670.69,91967.35,179.28387189,2025-11-20 06:45:00
1763622000000,91967.35,92079.97,91790.61,92036.0,106.77954989,2025-11-20 07:00:00
1763622900000,92036.0,92062.23,91839.15,91929.22,80.38196409,2025-11-20 07:15:00
1763623800000,91929.22,92172.61,91929.22,92139.11,70.04062663,2025-11-20 07:30:00
1763624700000,92139.11,92437.08,92139.11,92312.67,134.15884894,2025-11-20 07:45:00
1763625600000,92312.67,92390.93,92087.03,92124.4,118.83744641,2025-11-20 08:00:00
1763626500000,92124.4,92284.72,92063.63,92272.12,77.80135467,2025-11-20 08:15:00
1763627400000,92272.12,92329.55,92177.6,92250.66,60.97540113,2025-11-20 08:30:00
1763628300000,92250.66,92317.92,92027.61,92114.53,109.68528322,2025-11-20 08:45:00
1763629200000,92114.53,92127.51,91976.62,92070.88,98.25796649,2025-11-20 09:00:00
1763630100000,92070.88,92104.25,91759.73,91812.99,99.14426028,2025-11-20 09:15:00
1763631000000,91812.99,91932.31,91693.89,91693.89,91.11141276,2025-11-20 09:30:00
1763631900000,91693.89,91942.35,91433.65,91901.07,305.52304227,2025-11-20 09:45:00
1763632800000,91901.07,92042.58,91596.58,91626.84,203.77789888,2025-11-20 10:00:00
1763633700000,91626.84,91987.04,91626.84,91964.67,109.77431605,2025-11-20 10:15:00
1763634600000,91964.67,92042.08,91750.0,91804.3,83.13838292,2025-11-20 10:30:00
1763635500000,91804.3,91846.42,91736.85,91808.07,148.44116456,2025-11-20 10:45:00
1763636400000,91808.07,91830.52,91649.35,91751.66,60.91243972,2025-11-20 11:00:00
1763637300000,91751.66,91805.58,91493.59,91568.93,67.02721788,2025-11-20 11:15:00
1763638200000,91568.93,91847.02,91568.93,91798.6,71.1134581,2025-11-20 11:30:00
1763639100000,91798.6,92033.01,91766.18,91936.91,84.43769871,2025-11-20 11:45:00
1763640000000,91936.91,91993.14,91699.83,91699.83,70.49183044,2025-11-20 12:00:00
1763640900000,91699.83,91887.13,91695.52,91739.65,63.31304275,2025-11-20 12:15:00
1763641800000,91739.65,91935.75,91721.03,91769.0,76.54564747,2025-11-20 12:30:00
1763642700000,91769.0,92005.75,91746.88,91846.07,55.1873381,2025-11-20 12:45:00
1763643600000,91846.07,92026.23,91721.07,92012.6,69.59923126,2025-11-20 13:00:00
1763644500000,92012.6,92125.76,91750.17,91959.17,122.1982371,2025-11-20 13:15:00
1763645400000,91959.17,92501.3,91620.73,91637.09,191.65727535,2025-11-20 13:30:00
1763646300000,91637.09,92007.85,91490.38,91526.29,157.59512636,2025-11-20 13:45:00
1763647200000,91526.29,91536.86,90489.37,90708.03,135.96142844,2025-11-20 14:00:00
1763648100000,90708.03,91495.06,90651.5,91455.55,250.5114719,2025-11-20 14:15:00
1763649000000,91455.55,91656.88,90848.93,91035.59,121.17967452,2025-11-20 14:30:00
1763649900000,91035.59,91259.61,90666.57,91109.68,194.82040371,2025-11-20 14:45:00
1763650800000,91109.68,91173.19,90348.97,90418.63,171.78015206,2025-11-20 15:00:00
1763651700000,90418.63,90847.97,90270.0,90635.39,217.49095957,2025-11-20 15:15:00
1763652600000,90635.39,90688.78,90222.85,90611.81,175.07484603,2025-11-20 15:30:00
1763653500000,90611.81,90611.81,89850.0,89870.64,147.2526755,2025-11-20 15:45:00
1763654400000,89870.64,89908.59,88500.0,88694.76,211.74859978,2025-11-20 16:00:00
1763655300000,88694.76,89107.59,88272.92,88724.68,209.86002381,2025-11-20 16:15:00
1763656200000,88724.68,88927.24,88118.72,88210.07,239.77467217,2025-11-20 16:30:00
1763657100000,88210.07,88442.17,87500.0,87893.15,252.15956032,2025-11-20 16:45:00
1763658000000,87893.15,88167.39,86762.74,87064.33,289.92074723,2025-11-20 17:00:00
1763658900000,87064.33,87376.82,86820.51,87133.58,302.5819047,2025-11-20 17:15:00
1763659800000,87133.58,87373.17,86415.03,86765.45,300.84559566,2025-11-20 17:30:00
1763660700000,86765.45,87281.23,86642.64,87229.92,253.80463858,2025-11-20 17:45:00
1763661600000,87229.92,87704.94,86948.47,87703.17,240.41269527,2025-11-20 18:00:00
1763662500000,87703.17,87756.6,86881.54,86982.94,218.50710255,2025-11-20 18:15:00
1763663400000,86982.94,87055.64,86648.41,86774.58,156.02943444,2025-11-20 18:30:00
1763664300000,86774.58,86775.28,86338.54,86486.61,196.22372894,2025-11-20 18:45:00
1763665200000,86486.61,86574.08,86101.83,86425.1,223.72886535,2025-11-20 19:00:00
1763666100000,86425.1,87154.82,86279.65,86953.26,103.74664432,2025-11-20 19:15:00
1763667000000,86953.26,86953.26,86449.94,86671.42,223.58948201,2025-11-20 19:30:00
1763667900000,86671.42,87000.0,86466.48,86916.41,228.45118955,2025-11-20 19:45:00
1763668800000,86916.41,86916.41,86348.04,86357.5,181.36686808,2025-11-20 20:00:00
1763669700000,86357.5,87057.27,86334.16,87040.39,165.10611287,2025-11-20 20:15:00
1763670600000,87040.39,87129.96,86440.58,86592.36,205.81513946,2025-11-20 20:30:00
1763671500000,86592.36,86739.51,86371.89,86489.9,157.35411877,2025-11-20 20:45:00
1763672400000,86489.9,86934.71,86451.56,86930.83,129.28483664,2025-11-20 21:00:00
1763673300000,86930.83,87484.18,86886.83,87161.28,175.38340917,2025-11-20 21:15:00
1763674200000,87161.28,87604.96,87069.56,87603.37,152.19194893,2025-11-20 21:30:00
1763675100000,87603.37,87680.0,87300.07,87300.07,274.57348358,2025-11-20 21:45:00
1763676000000,87300.07,87904.46,87214.87,87897.22,304.83446765,2025-11-20 22:00:00
1763676900000,87897.22,88128.08,87784.57,88128.06,140.15080989,2025-11-20 22:15:00
1763677800000,88128.06,88238.22,87652.29,88120.88,210.18074951,2025-11-20 22:30:00
1763678700000,88120.88,88202.14,87934.42,88052.84,100.69829437,2025-11-20 22:45:00
1763679600000,88052.84,88165.58,87340.95,87562.82,163.15439932,2025-11-20 23:00:00
1763680500000,87562.82,87754.72,87227.85,87263.02,119.11035586,2025-11-20 23:15:00
1763681400000,87263.02,87288.1,86774.84,87035.35,206.29594198,2025-11-20 23:30:00
1763682300000,87035.35,87059.58,86564.42,86630.63,154.09942549,2025-11-20 23:45:00
1763683200000,86630.63,87265.44,86607.01,87262.46,174.4046216,2025-11-21 00:00:00
1763684100000,87262.46,87416.96,87069.7,87285.24,159.57709364,2025-11-21 00:15:00
1763685000000,87285.24,87497.79,87035.21,87232.24,102.84287984,2025-11-21 00:30:00
1763685900000,87232.24,87441.11,87204.06,87291.3,79.87151332,2025-11-21 00:45:00
1763686800000,87291.3,87470.3,87105.87,87151.42,129.59700367,2025-11-21 01:00:00
1763687700000,87151.42,87399.03,86850.0,87287.91,118.27603598,2025-11-21 01:15:00
1763688600000,87287.91,87328.89,86917.89,87244.86,100.03767266,2025-11-21 01:30:00
1763689500000,87244.86,87335.6,87006.73,87054.98,116.42847943,2025-11-21 01:45:00
1763690400000,87054.98,87061.87,86418.7,86442.21,253.77152828,2025-11-21 02:00:00
1763691300000,86442.21,86792.48,86193.11,86504.71,177.95736615,2025-11-21 02:15:00
1763692200000,86504.71,86640.28,85880.0,85881.7,157.80546976,2025-11-21 02:30:00
1763693100000,85881.7,86257.46,85379.05,85460.0,265.69591569,2025-11-21 02:45:00
1763694000000,85460.0,86057.44,85460.0,85786.64,225.79918065,2025-11-21 03:00:00
1763694900000,85786.64,85981.97,85439.14,85707.37,212.17312642,2025-11-21 03:15:00
1763695800000,85707.37,86141.0,85590.0,86059.06,184.51762938,2025-11-21 03:30:00
1763696700000,86059.06,86136.0,85823.15,85823.19,138.42902986,2025-11-21 03:45:00
1763697600000,85823.19,85879.49,85625.14,85702.95,117.44704407,2025-11-21 04:00:00
1763698500000,85702.95,85901.04,85613.47,85847.1,124.58340483,2025-11-21 04:15:00
1763699400000,85847.1,85986.63,85411.19,85900.34,218.96738964,2025-11-21 04:30:00
1763700300000,85900.34,86112.53,85723.44,86044.11,132.98609052,2025-11-21 04:45:00
1763701200000,86044.11,86242.65,85958.64,86220.25,126.45357719,2025-11-21 05:00:00
1763702100000,86220.25,86352.35,86155.89,86210.12,133.03509399,2025-11-21 05:15:00
1763703000000,86210.12,86301.61,85839.14,86037.13,137.43316868,2025-11-21 05:30:00
1763703900000,86037.13,86220.23,85975.0,86184.61,131.33618553,2025-11-21 05:45:00
1763704800000,86184.61,86254.98,85835.22,85990.68,151.80887452,2025-11-21 06:00:00
1763705700000,85990.68,85990.68,85610.12,85632.63,201.11029859,2025-11-21 06:15:00
1763706600000,85632.63,85820.96,85549.28,85676.7,184.9936613,2025-11-21 06:30:00
1763707500000,85676.7,85724.66,85545.79,85580.0,187.58603444,2025-11-21 06:45:00
1763708400000,85580.0,85754.26,85452.18,85525.01,276.90270247,2025-11-21 07:00:00
1763709300000,85525.01,85527.63,85183.02,85209.04,186.85792568,2025-11-21 07:15:00
1763710200000,85209.04,85320.6,82510.0,84365.37,406.11513752,2025-11-21 07:30:00
1763711100000,84365.37,84385.45,83807.59,84062.47,285.22711299,2025-11-21 07:45:00
1763712000000,84062.47,84690.55,83719.01,84495.02,373.82664208,2025-11-21 08:00:00
1763712900000,84495.02,84695.87,84200.0,84222.41,307.566987,2025-11-21 08:15:00
1763713800000,84222.41,84425.16,83756.89,83792.6,267.18252071,2025-11-21 08:30:00
1763714700000,83792.6,83983.47,83588.14,83638.7,301.62363383,2025-11-21 08:45:00
1763715600000,83638.7,83972.15,83600.0,83705.17,240.99733907,2025-11-21 09:00:00
1763716500000,83705.17,83751.82,83061.36,83077.74,160.6652518,2025-11-21 09:15:00
1763717400000,83077.74,83217.01,82486.2,82662.64,223.04214181,2025-11-21 09:30:00
1763718300000,82662.64,82750.0,82133.45,82228.84,273.98318716,2025-11-21 09:45:00
1763719200000,82228.84,82491.79,81735.25,82114.36,274.16183338,2025-11-21 10:00:00
1763720100000,82114.36,82472.68,81666.0,82053.29,403.40985957,2025-11-21 10:15:00
1763721000000,82053.29,82909.91,82053.29,82541.07,237.08020249,2025-11-21 10:30:00
1763721900000,82541.07,82808.48,82373.47,82720.17,294.48363199,2025-11-21 10:45:00
1763722800000,82720.17,83339.38,82625.23,83095.41,225.556643,2025-11-21 11:00:00
1763723700000,83095.41,83229.17,82857.96,82928.91,183.50549353,2025-11-21 11:15:00
1763724600000,82928.91,83103.68,82405.64,82520.11,187.17933143,2025-11-21 11:30:00
1763725500000,82520.11,82520.11,82200.0,82316.29,185.62822609,2025-11-21 11:45:00
1763726400000,82316.29,82443.29,81944.94,82309.24,220.79157912,2025-11-21 12:00:00
1763727300000,82309.24,82309.24,80632.72,80947.54,266.09080822,2025-11-21 12:15:00
1763728200000,80947.54,83039.73,80947.54,82989.04,282.22545593,2025-11-21 12:30:00
1763729100000,82989.04,83600.39,82989.04,83288.09,358.99016642,2025-11-21 12:45:00
1763730000000,83288.09,83882.83,83138.94,83829.0,316.95791941,2025-11-21 13:00:00
1763730900000,83829.0,84341.12,83391.51,83427.05,262.67845482,2025-11-21 13:15:00
1763731800000,83427.05,84194.45,83289.9,84142.16,171.6791737,2025-11-21 13:30:00
1763732700000,84142.16,84418.96,84053.2,84120.86,181.54217158,2025-11-21 13:45:00
1763733600000,84120.86,84205.24,83754.24,83849.07,271.50174501,2025-11-21 14:00:00
1763734500000,83849.07,83849.07,83546.52,83663.2,149.75067276,2025-11-21 14:15:00
1763735400000,83663.2,85281.09,83624.1,84900.0,316.12115981,2025-11-21 14:30:00
1763736300000,84900.0,85487.59,84239.51,84842.67,277.66413358,2025-11-21 14:45:00
1763737200000,84842.67,85099.35,84066.56,84167.47,135.21343379,2025-11-21 15:00:00
1763738100000,84167.47,84331.27,83618.3,83646.92,187.1466478,2025-11-21 15:15:00
1763739000000,83646.92,83861.99,82796.27,83213.44,238.2268035,2025-11-21 15:30:00
1763739900000,83213.44,83384.73,82746.13,82925.93,275.78491517,2025-11-21 15:45:00
1763740800000,82925.93,83116.01,82340.36,82925.16,240.09934263,2025-11-21 16:00:00
1763741700000,82925.16,83293.74,82582.31,83289.85,210.92868996,2025-11-21 16:15:00
1763742600000,83289.85,83795.45,82954.75,83363.69,158.55646403,2025-11-21 16:30:00
1763743500000,83363.69,84923.18,83147.91,84923.11,246.25981249,2025-11-21 16:45:00
1763744400000,84923.11,85492.94,84596.55,85143.44,234.65565086,2025-11-21 17:00:00
1763745300000,85143.44,85564.99,84970.23,85190.62,154.90628624,2025-11-21 17:15:00
1763746200000,85190.62,85480.03,85009.03,85194.26,183.53546184,2025-11-21 17:30:00
1763747100000,85194.26,85394.19,84811.4,84850.42,192.78614913,2025-11-21 17:45:00
1763748000000,84850.42,84949.57,83603.52,83670.63,156.0583355,2025-11-21 18:00:00
1763748900000,83670.63,84177.07,83331.27,84071.68,169.24358539,2025-11-21 18:15:00
1763749800000,84071.68,84591.21,83996.63,84528.65,215.69296434,2025-11-21 18:30:00
1763750700000,84528.65,85082.15,84403.71,84572.82,138.07381798,2025-11-21 18:45:00
1763751600000,84572.82,84873.48,84444.01,84563.65,170.76231008,2025-11-21 19:00:00
1763752500000,84563.65,85018.24,84478.23,84894.14,172.81528687,2025-11-21 19:15:00
1763753400000,84894.14,84992.36,84360.11,84442.79,131.20302853,2025-11-21 19:30:00
1763754300000,84442.79,84446.69,84081.3,84213.63,107.28611241,2025-11-21 19:45:00
1763755200000,84213.63,84348.63,83861.85,84210.58,118.98238972,2025-11-21 20:00:00
1763756100000,84210.58,84213.52,83505.33,83532.98,137.37693007,2025-11-21 20:15:00
1763757000000,83532.98,84254.46,83457.37,84227.59,150.51696232,2025-11-21 20:30:00
1763757900000,84227.59,84640.92,84227.59,84529.52,148.57936818,2025-11-21 20:45:00
1763758800000,84529.52,84732.16,84346.63,84615.87,167.98380339,2025-11-21 21:00:00
1763759700000,84615.87,84993.38,84422.91,84957.42,157.47390211,2025-11-21 21:15:00
1763760600000,84957.42,85391.02,84938.01,85238.28,178.93007986,2025-11-21 21:30:00
1763761500000,85238.28,85402.11,85141.84,85176.47,135.05545643,2025-11-21 21:45:00
1763762400000,85176.47,85398.72,85077.47,85158.59,109.21926163,2025-11-21 22:00:00
1763763300000,85158.59,85200.0,84731.44,84846.06,164.36188357,2025-11-21 22:15:00
1763764200000,84846.06,84846.06,84338.05,84633.96,123.6811187,2025-11-21 22:30:00
1763765100000,84633.96,84942.79,84260.9,84280.28,141.12377417,2025-11-21 22:45:00
1763766000000,84280.28,84446.9,84114.46,84446.9,147.62584485,2025-11-21 23:00:00
1763766900000,84446.9,85042.34,84443.0,85023.02,189.89585513,2025-11-21 23:15:00
1763767800000,85023.02,85254.07,84875.34,85220.2,139.79830119,2025-11-21 23:30:00
1763768700000,85220.2,85348.86,85035.9,85125.34,68.98495774,2025-11-21 23:45:00
1763769600000,85125.34,85600.0,85097.65,85539.03,119.45388376,2025-11-22 00:00:00
1763770500000,85539.03,85539.03,84860.07,84894.38,185.84925571,2025-11-22 00:15:00
1763771400000,84894.38,85262.16,84892.97,85062.53,102.96948365,2025-11-22 00:30:00
1763772300000,85062.53,85078.1,84567.2,84737.85,166.87054929,2025-11-22 00:45:00
1763773200000,84737.85,84898.68,84603.87,84736.37,112.99381143,2025-11-22 01:00:00
1763774100000,84736.37,84933.46,84670.72,84884.39,76.1995566,2025-11-22 01:15:00
1763775000000,84884.39,85205.11,84877.9,84915.44,147.41163875,2025-11-22 01:30:00
1763775900000,84915.44,85173.12,84906.86,85172.96,88.88113826,2025-11-22 01:45:00
1763776800000,85172.96,85201.4,84691.88,84707.61,138.75893068,2025-11-22 02:00:00
1763777700000,84707.61,84804.15,84596.86,84689.8,69.63359113,2025-11-22 02:15:00
1763778600000,84689.8,84707.8,84290.37,84307.52,96.70023958,2025-11-22 02:30:00
1763779500000,84307.52,84517.81,84290.0,84514.43,68.38422813,2025-11-22 02:45:00
1763780400000,84514.43,84600.0,84343.39,84592.23,82.90904996,2025-11-22 03:00:00
1763781300000,84592.23,84592.23,84263.39,84417.61,77.57701828,2025-11-22 03:15:00
1763782200000,84417.61,84499.02,84223.17,84378.91,70.18493568,2025-11-22 03:30:00
1763783100000,84378.91,84492.21,84213.01,84438.61,133.04193222,2025-11-22 03:45:00
1763784000000,84438.61,84518.16,84063.81,84116.68,99.57274114,2025-11-22 04:00:00
1763784900000,84116.68,84241.84,83905.95,84003.1,142.80128652,2025-11-22 04:15:00
1763785800000,84003.1,84124.06,83836.41,83984.17,97.05339123,2025-11-22 04:30:00
1763786700000,83984.17,84320.28,83886.35,84240.58,80.26459172,2025-11-22 04:45:00
1763787600000,84240.58,84295.72,84133.16,84177.73,71.12186517,2025-11-22 05:00:00
1763788500000,84177.73,84177.73,83913.84,84081.38,104.26088803,2025-11-22 05:15:00
1763789400000,84081.38,84094.87,83866.31,83934.92,78.6500115,2025-11-22 05:30:00
1763790300000,83934.92,84312.31,83934.92,84278.59,104.42648906,2025-11-22 05:45:00
1763791200000,84278.59,84314.84,84077.39,84271.71,58.42307829,2025-11-22 06:00:00
1763792100000,84271.71,84553.26,84237.9,84503.0,91.96994695,2025-11-22 06:15:00
1763793000000,84503.0,84794.86,84503.0,84632.99,93.71672773,2025-11-22 06:30:00
1763793900000,84632.99,84729.52,84514.84,84628.64,57.82308943,2025-11-22 06:45:00
1763794800000,84628.64,84664.01,84420.62,84462.52,48.63346958,2025-11-22 07:00:00
1763795700000,84462.52,84623.35,84400.0,84489.49,35.5128833,2025-11-22 07:15:00
1763796600000,84489.49,84613.2,84405.87,84583.4,30.27687348,2025-11-22 07:30:00
1763797500000,84583.4,84650.0,84506.07,84574.33,85.66378968,2025-11-22 07:45:00
1763798400000,84574.33,84574.75,84439.05,84523.94,63.88844738,2025-11-22 08:00:00
1763799300000,84523.94,84529.32,84206.72,84222.32,84.39849551,2025-11-22 08:15:00
1763800200000,84222.32,84234.16,83932.02,84060.81,116.96192527,2025-11-22 08:30:00
1763801100000,84060.81,84174.06,83946.28,84023.35,76.06372002,2025-11-22 08:45:00
1763802000000,84023.35,84341.61,83955.99,84311.06,79.96814097,2025-11-22 09:00:00
1763802900000,84311.06,84311.06,83967.26,84106.86,53.72303795,2025-11-22 09:15:00
1763803800000,84106.86,84248.5,83847.48,83932.84,189.50606718,2025-11-22 09:30:00
1763804700000,83932.84,84131.26,83882.76,83920.89,94.08409891,2025-11-22 09:45:00
1763805600000,83920.89,84210.5,83915.0,84165.23,92.16857948,2025-11-22 10:00:00
1763806500000,84165.23,84187.57,83621.54,83687.32,145.7150788,2025-11-22 10:15:00
1763807400000,83687.32,83783.6,83567.12,83671.95,83.57289103,2025-11-22 10:30:00
1763808300000,83671.95,83771.37,83502.88,83699.99,118.12516056,2025-11-22 10:45:00
1763809200000,83699.99,84079.1,83590.53,84030.92,103.95447718,2025-11-22 11:00:00
1763810100000,84030.92,84289.55,83876.52,84222.98,98.60339393,2025-11-22 11:15:00
1763811000000,84222.98,84345.42,84126.13,84298.46,88.61877752,2025-11-22 11:30:00
1763811900000,84298.46,84298.46,84094.96,84094.96,72.54931935,2025-11-22 11:45:00
1763812800000,84094.96,84166.8,83686.99,83700.77,140.59780708,2025-11-22 12:00:00
1763813700000,83700.77,83875.25,83627.53,83672.94,113.99204866,2025-11-22 12:15:00
1763814600000,83672.94,83843.58,83661.08,83732.82,48.31270259,2025-11-22 12:30:00
1763815500000,83732.82,83934.11,83641.57,83890.91,72.23154103,2025-11-22 12:45:00
1763816400000,83890.91,84139.53,83660.08,84108.14,92.89227756,2025-11-22 13:00:00
1763817300000,84108.14,84112.5,83821.33,83895.07,69.55794579,2025-11-22 13:15:00
1763818200000,83895.07,83934.98,83720.89,83910.9,58.39968438,2025-11-22 13:30:00
1763819100000,83910.9,84033.71,83874.23,83934.85,51.20445829,2025-11-22 13:45:00
1763820000000,83934.85,84428.28,83934.85,84428.27,148.02432895,2025-11-22 14:00:00
1763820900000,84428.27,84752.32,84326.8,84575.48,157.28691463,2025-11-22 14:15:00
1763821800000,84575.48,84637.14,84392.27,84392.27,83.27625672,2025-11-22 14:30:00
1763822700000,84392.27,84550.0,84250.17,84487.38,83.37634042,2025-11-22 14:45:00
1763823600000,84487.38,84568.92,84292.37,84375.78,97.2017555,2025-11-22 15:00:00
1763824500000,84375.78,84498.59,84336.75,84433.13,54.43787956,2025-11-22 15:15:00
1763825400000,84433.13,84439.58,84039.05,84118.19,83.88366801,2025-11-22 15:30:00
1763826300000,84118.19,84311.94,84012.68,84279.66,85.53714318,2025-11-22 15:45:00
1763827200000,84279.66,84590.51,84215.71,84590.5,69.88418812,2025-11-22 16:00:00
1763828100000,84590.5,84663.29,84457.1,84593.41,111.69426439,2025-11-22 16:15:00
1763829000000,84593.41,84817.24,84503.54,84814.53,54.59368322,2025-11-22 16:30:00
1763829900000,84814.53,84880.46,84609.81,84689.75,76.72967753,2025-11-22 16:45:00
1763830800000,84689.75,84712.67,84425.16,84536.71,87.91174145,2025-11-22 17:00:00
1763831700000,84536.71,84717.74,84479.32,84693.5,47.41641135,2025-11-22 17:15:00
1763832600000,84693.5,84721.19,84518.66,84544.2,36.75175557,2025-11-22 17:30:00
1763833500000,84544.2,84618.47,84459.91,84549.01,42.0236452,2025-11-22 17:45:00
1763834400000,84549.01,84668.16,84484.64,84609.33,46.0177425,2025-11-22 18:00:00
1763835300000,84609.33,84620.54,84531.37,84592.9,45.45335879,2025-11-22 18:15:00
1763836200000,84592.9,84599.23,84478.45,84559.89,30.4834356,2025-11-22 18:30:00
1763837100000,84559.89,84674.81,84532.62,84656.61,36.27829374,2025-11-22 18:45:00
1763838000000,84656.61,84789.03,84584.76,84705.89,42.27306419,2025-11-22 19:00:00
1763838900000,84705.89,84786.57,84579.5,84615.44,22.41555225,2025-11-22 19:15:00
1763839800000,84615.44,84637.07,84508.44,84577.81,33.57559783,2025-11-22 19:30:00
1763840700000,84577.81,84731.86,84560.79,84607.74,30.98304528,2025-11-22 19:45:00
1763841600000,84607.74,84800.25,84598.01,84762.96,42.03417504,2025-11-22 20:00:00
1763842500000,84762.96,84785.09,84657.24,84757.52,26.8156654,2025-11-22 20:15:00
1763843400000,84757.52,84757.52,84422.37,84422.42,41.82802211,2025-11-22 20:30:00
1763844300000,84422.42,84500.0,84247.01,84474.94,53.45576628,2025-11-22 20:45:00
1763845200000,84474.94,84511.44,84241.0,84298.84,70.66161698,2025-11-22 21:00:00
1763846100000,84298.84,84438.8,84296.09,84307.73,27.61611564,2025-11-22 21:15:00
1763847000000,84307.73,84436.49,84285.53,84403.98,29.04956535,2025-11-22 21:30:00
1763847900000,84403.98,84432.6,84317.63,84412.2,34.6780077,2025-11-22 21:45:00
1763848800000,84412.2,84596.84,84267.66,84595.2,111.64379789,2025-11-22 22:00:00
1763849700000,84595.2,84684.9,84538.89,84625.33,68.09374968,2025-11-22 22:15:00
1763850600000,84625.33,84758.02,84564.18,84758.0,40.07542527,2025-11-22 22:30:00
1763851500000,84758.0,85255.01,84733.56,85069.55,166.88936858,2025-11-22 22:45:00
1763852400000,85069.55,85152.68,84856.32,85020.0,101.15303456,2025-11-22 23:00:00
1763853300000,85020.0,85046.4,84774.93,84851.21,53.51770545,2025-11-22 23:15:00
1763854200000,84851.21,85038.63,84717.84,84799.96,90.09804903,2025-11-22 23:30:00
1763855100000,84799.96,84819.82,84664.13,84733.13,48.30930649,2025-11-22 23:45:00
1763856000000,84733.13,85181.52,84658.68,85181.52,110.73211992,2025-11-23 00:00:00
1763856900000,85181.52,85314.55,85003.37,85062.92,193.39103764,2025-11-23 00:15:00
1763857800000,85062.92,85156.5,84905.93,84992.57,116.61481146,2025-11-23 00:30:00
1763858700000,84992.57,85124.96,84888.78,84966.65,56.08123817,2025-11-23 00:45:00
1763859600000,84966.65,85338.84,84961.83,85330.36,90.46228019,2025-11-23 01:00:00
1763860500000,85330.36,85600.0,85287.47,85523.93,156.01302817,2025-11-23 01:15:00
1763861400000,85523.93,85908.79,85451.42,85885.52,195.08723793,2025-11-23 01:30:00
1763862300000,85885.52,86126.57,85721.46,85892.01,212.08003214,2025-11-23 01:45:00
1763863200000,85892.01,86090.7,85687.81,85832.98,168.43671412,2025-11-23 02:00:00
1763864100000,85832.98,86199.0,85728.54,86024.13,130.32310996,2025-11-23 02:15:00
1763865000000,86024.13,86344.56,86024.13,86184.3,208.11855312,2025-11-23 02:30:00
1763865900000,86184.3,86301.02,85962.53,85992.29,176.7313912,2025-11-23 02:45:00
1763866800000,85992.29,86099.0,85841.45,85887.15,119.5731425,2025-11-23 03:00:00
1763867700000,85887.15,85949.2,85825.73,85949.16,81.55724113,2025-11-23 03:15:00
1763868600000,85949.16,86164.4,85895.87,86086.56,87.46838981,2025-11-23 03:30:00
1763869500000,86086.56,86304.49,86024.08,86304.49,102.74759094,2025-11-23 03:45:00
1763870400000,86304.49,86509.18,86154.22,86460.31,185.98196973,2025-11-23 04:00:00
1763871300000,86460.31,86861.01,86384.5,86491.92,163.39730537,2025-11-23 04:15:00
1763872200000,86491.92,86625.41,86432.03,86571.75,108.11174271,2025-11-23 04:30:00
1763873100000,86571.75,86694.58,86467.61,86569.94,113.64110751,2025-11-23 04:45:00
1763874000000,86569.94,86595.22,86375.23,86450.07,104.27907998,2025-11-23 05:00:00
1763874900000,86450.07,86450.07,86231.71,86237.88,65.71782373,2025-11-23 05:15:00
1763875800000,86237.88,86267.48,86019.55,86052.88,108.23676004,2025-11-23 05:30:00
1763876700000,86052.88,86352.14,86042.09,86349.05,81.13300768,2025-11-23 05:45:00
1763877600000,86349.05,86487.41,86269.25,86279.65,89.46940061,2025-11-23 06:00:00
1763878500000,86279.65,86295.59,86076.36,86157.81,57.64225502,2025-11-23 06:15:00
1763879400000,86157.81,86174.38,86000.0,86022.34,96.32843059,2025-11-23 06:30:00
1763880300000,86022.34,86108.82,85875.0,85875.0,90.67587571,2025-11-23 06:45:00
1763881200000,85875.0,85912.41,85617.36,85873.25,115.24078045,2025-11-23 07:00:00
1763882100000,85873.25,85897.33,85426.91,85529.83,181.67157871,2025-11-23 07:15:00
1763883000000,85529.83,85729.96,85460.41,85710.62,92.2306128,2025-11-23 07:30:00
1763883900000,85710.62,85812.07,85645.43,85797.94,50.62602697,2025-11-23 07:45:00
1763884800000,85797.94,86078.47,85775.16,86014.39,105.10249603,2025-11-23 08:00:00
1763885700000,86014.39,86116.09,85957.27,85995.95,62.75686546,2025-11-23 08:15:00
1763886600000,85995.95,86028.37,85856.03,85863.79,59.48745325,2025-11-23 08:30:00
1763887500000,85863.79,86200.0,85863.79,86143.24,101.75407554,2025-11-23 08:45:00
1763888400000,86143.24,86235.45,86089.88,86229.22,48.64006326,2025-11-23 09:00:00
1763889300000,86229.22,86250.0,86097.45,86161.88,71.29214705,2025-11-23 09:15:00
1763890200000,86161.88,86465.65,86110.99,86452.12,75.08135355,2025-11-23 09:30:00
1763891100000,86452.12,86462.0,86323.19,86395.2,64.71029819,2025-11-23 09:45:00
1763892000000,86395.2,86454.28,86246.13,86287.35,51.64367901,2025-11-23 10:00:00
1763892900000,86287.35,86367.18,86153.89,86171.67,66.63612438,2025-11-23 10:15:00
1763893800000,86171.67,86316.38,86093.97,86232.42,42.15436562,2025-11-23 10:30:00
1763894700000,86232.42,86279.52,86062.58,86067.7,100.06883761,2025-11-23 10:45:00
1763895600000,86067.7,86067.72,85827.8,85949.99,166.93868966,2025-11-23 11:00:00
1763896500000,85949.99,86142.76,85884.11,86047.55,117.40664217,2025-11-23 11:15:00
1763897400000,86047.55,86281.47,86040.25,86260.15,46.28574568,2025-11-23 11:30:00
1763898300000,86260.15,86423.25,86202.57,86320.54,74.37476784,2025-11-23 11:45:00
1763899200000,86320.54,86625.57,86273.36,86604.48,108.98954786,2025-11-23 12:00:00
1763900100000,86604.48,86859.0,86604.44,86784.33,189.29175816,2025-11-23 12:15:00
1763901000000,86784.33,86868.68,86510.5,86603.16,169.54397569,2025-11-23 12:30:00
1763901900000,86603.16,86688.42,86459.35,86536.58,79.72074144,2025-11-23 12:45:00
1763902800000,86536.58,86759.89,86333.85,86358.52,116.14457649,2025-11-23 13:00:00
1763903700000,86358.52,86628.82,86358.52,86485.67,67.36910848,2025-11-23 13:15:00
1763904600000,86485.67,86738.84,86417.63,86715.35,76.67500927,2025-11-23 13:30:00
1763905500000,86715.35,86941.37,86663.57,86936.26,123.27699783,2025-11-23 13:45:00
1763906400000,86936.26,87206.87,86746.44,86822.5,292.9476425,2025-11-23 14:00:00
1763907300000,86822.5,86852.71,86660.54,86802.17,83.59105052,2025-11-23 14:15:00
1763908200000,86802.17,86939.23,86671.2,86777.54,109.95377617,2025-11-23 14:30:00
1763909100000,86777.54,86852.65,86495.62,86558.79,174.79511622,2025-11-23 14:45:00
1763910000000,86558.79,86765.74,86459.11,86719.21,120.04975401,2025-11-23 15:00:00
1763910900000,86719.21,86819.74,86606.58,86699.64,80.37246697,2025-11-23 15:15:00
1763911800000,86699.64,87039.56,86674.74,87023.84,104.66434451,2025-11-23 15:30:00
1763912700000,87023.84,87243.8,86914.71,87093.1,150.0475808,2025-11-23 15:45:00
1763913600000,87093.1,87505.0,87086.02,87207.27,229.23957008,2025-11-23 16:00:00
1763914500000,87207.27,87209.51,86959.13,87062.59,146.54180311,2025-11-23 16:15:00
1763915400000,87062.59,87412.79,86934.85,87339.74,231.21142357,2025-11-23 16:30:00
1763916300000,87339.74,87344.02,86671.29,86680.6,204.55714301,2025-11-23 16:45:00
1763917200000,86680.6,86831.61,86502.37,86717.71,202.61759492,2025-11-23 17:00:00
1763918100000,86717.71,86924.99,86564.84,86896.37,106.99787221,2025-11-23 17:15:00
1763919000000,86896.37,86963.83,86763.81,86877.99,79.4352365,2025-11-23 17:30:00
1763919900000,86877.99,86880.27,86611.91,86739.55,93.57853348,2025-11-23 17:45:00
1763920800000,86739.55,86918.02,86717.64,86791.44,71.84128155,2025-11-23 18:00:00
1763921700000,86791.44,87170.9,86783.04,86880.02,114.11984824,2025-11-23 18:15:00
1763922600000,86880.02,87240.71,86873.02,87195.93,75.291042,2025-11-23 18:30:00
1763923500000,87195.93,87195.94,86940.48,86996.88,84.67558199,2025-11-23 18:45:00
1763924400000,86996.88,87259.49,86939.92,87248.34,77.74167103,2025-11-23 19:00:00
1763925300000,87248.34,87544.93,87247.25,87350.0,108.53965713,2025-11-23 19:15:00
1763926200000,87350.0,87671.43,87339.7,87632.13,228.47803964,2025-11-23 19:30:00
1763927100000,87632.13,87657.0,87288.87,87325.22,147.41872021,2025-11-23 19:45:00
1763928000000,87325.22,87483.36,87234.79,87450.84,102.39491164,2025-11-23 20:00:00
1763928900000,87450.84,87693.68,87412.35,87622.63,108.97955175,2025-11-23 20:15:00
1763929800000,87622.63,87653.08,87434.67,87533.32,113.25041265,2025-11-23 20:30:00
1763930700000,87533.32,87591.0,87414.07,87483.78,102.55516988,2025-11-23 20:45:00
1763931600000,87483.78,87533.86,87168.46,87285.11,112.79980617,2025-11-23 21:00:00
1763932500000,87285.11,87592.84,87264.1,87592.56,59.91649946,2025-11-23 21:15:00
1763933400000,87592.56,87816.47,87560.0,87669.58,86.55671395,2025-11-23 21:30:00
1763934300000,87669.58,87999.0,87623.36,87996.58,131.06389584,2025-11-23 21:45:00
1763935200000,87996.58,88116.24,87679.51,87745.15,132.32228807,2025-11-23 22:00:00
1763936100000,87745.15,87991.36,87546.93,87899.2,135.86145172,2025-11-23 22:15:00
1763937000000,87899.2,87899.2,87661.1,87754.98,89.85935427,2025-11-23 22:30:00
1763937900000,87754.98,88045.33,87744.66,87999.41,74.42615543,2025-11-23 22:45:00
1763938800000,87999.41,88079.75,87330.64,87330.64,203.20164495,2025-11-23 23:00:00
1763939700000,87330.64,87420.35,86859.35,87040.0,192.53135953,2025-11-23 23:15:00
1763940600000,87040.0,87040.0,86717.18,86849.83,132.86522156,2025-11-23 23:30:00
1763941500000,86849.83,86934.1,86750.0,86824.58,141.04528449,2025-11-23 23:45:00
1763942400000,86824.58,86824.58,86287.89,86327.59,163.45663421,2025-11-24 00:00:00
1763943300000,86327.59,86455.94,85955.05,86431.53,198.52582889,2025-11-24 00:15:00
1763944200000,86431.53,86986.5,86254.98,86878.86,182.00704536,2025-11-24 00:30:00
1763945100000,86878.86,87189.81,86671.03,86733.79,151.2050037,2025-11-24 00:45:00
1763946000000,86733.79,87000.0,86526.08,86776.31,132.67848505,2025-11-24 01:00:00
1763946900000,86776.31,86926.4,86604.17,86833.67,105.62525311,2025-11-24 01:15:00
1763947800000,86833.67,86851.25,86402.68,86533.67,176.0886762,2025-11-24 01:30:00
1763948700000,86533.67,87078.13,86450.19,87069.96,134.55573956,2025-11-24 01:45:00
1763949600000,87069.96,87944.47,87036.19,87911.95,248.64640862,2025-11-24 02:00:00
1763950500000,87911.95,88056.45,87702.81,87714.25,200.71942445,2025-11-24 02:15:00
1763951400000,87714.25,87794.56,87267.59,87370.79,150.82163444,2025-11-24 02:30:00
1763952300000,87370.79,87514.03,87245.94,87514.03,75.96521082,2025-11-24 02:45:00
1763953200000,87514.03,87579.09,87196.6,87321.13,96.89666544,2025-11-24 03:00:00
1763954100000,87321.13,87785.09,87238.34,87613.21,93.08480568,2025-11-24 03:15:00
1763955000000,87613.21,87677.66,87369.73,87453.58,78.01614335,2025-11-24 03:30:00
1763955900000,87453.58,87519.89,87270.0,87455.73,70.27564144,2025-11-24 03:45:00
1763956800000,87455.73,87594.5,87362.96,87362.97,65.12407854,2025-11-24 04:00:00
1763957700000,87362.97,87362.97,86445.31,86599.21,189.73165288,2025-11-24 04:15:00
1763958600000,86599.21,86829.65,86599.21,86714.96,133.06782786,2025-11-24 04:30:00
1763959500000,86714.96,86825.93,86603.42,86739.18,81.11828538,2025-11-24 04:45:00
1763960400000,86739.18,87680.0,86677.01,87579.5,142.61082431,2025-11-24 05:00:00
1763961300000,87579.5,87840.4,87506.54,87656.08,142.55680492,2025-11-24 05:15:00
1763962200000,87656.08,87656.08,87428.93,87559.61,78.88349941,2025-11-24 05:30:00
1763963100000,87559.61,87575.83,87278.98,87471.37,87.09086101,2025-11-24 05:45:00
1763964000000,87471.37,87509.84,86930.0,86932.39,106.24500939,2025-11-24 06:00:00
1763964900000,86932.39,87163.21,86932.39,87158.61,94.44933428,2025-11-24 06:15:00
1763965800000,87158.61,87158.62,86864.02,87038.69,133.5056341,2025-11-24 06:30:00
1763966700000,87038.69,87095.6,86818.07,86908.69,129.38091678,2025-11-24 06:45:00
1763967600000,86908.69,86933.89,86702.49,86819.39,101.42951272,2025-11-24 07:00:00
1763968500000,86819.39,87039.7,86745.52,86877.17,94.29536031,2025-11-24 07:15:00
1763969400000,86877.17,87329.73,86807.76,87303.36,163.50167835,2025-11-24 07:30:00
1763970300000,87303.36,87345.17,86966.54,87044.84,122.13876515,2025-11-24 07:45:00
1763971200000,87044.84,87044.85,86742.11,86916.01,162.89995088,2025-11-24 08:00:00
1763972100000,86916.01,87024.25,86794.71,86825.81,62.71348377,2025-11-24 08:15:00
1763973000000,86825.81,86895.8,86727.56,86838.76,65.91329748,2025-11-24 08:30:00
1763973900000,86838.76,87022.8,86728.0,86965.89,68.58903675,2025-11-24 08:45:00
1763974800000,86965.89,86965.89,86558.55,86611.54,150.45685909,2025-11-24 09:00:00
1763975700000,86611.54,86611.55,85884.39,85945.42,223.49735407,2025-11-24 09:15:00
1763976600000,85945.42,86187.51,85828.95,86015.82,179.8730171,2025-11-24 09:30:00
1763977500000,86015.82,86118.11,85950.0,85950.0,104.995518,2025-11-24 09:45:00
1763978400000,85950.0,86194.51,85887.57,85910.59,159.4512128,2025-11-24 10:00:00
1763979300000,85910.59,86019.71,85774.96,85831.65,178.09193508,2025-11-24 10:15:00
1763980200000,85831.65,86054.23,85702.85,85937.33,188.06212409,2025-11-24 10:30:00
1763981100000,85937.33,86117.17,85924.3,86050.97,72.09143837,2025-11-24 10:45:00
1763982000000,86050.97,86209.79,85842.95,86089.26,91.31324715,2025-11-24 11:00:00
1763982900000,86089.26,86171.83,85974.96,86075.93,48.79239636,2025-11-24 11:15:00
1763983800000,86075.93,86397.01,86074.9,86390.2,99.343332,2025-11-24 11:30:00
1763984700000,86390.2,86430.02,86252.62,86267.8,69.01532306,2025-11-24 11:45:00
1763985600000,86267.8,86267.8,85963.69,86015.65,141.26857285,2025-11-24 12:00:00
1763986500000,86015.65,86197.55,85926.41,86195.96,84.49636675,2025-11-24 12:15:00
1763987400000,86195.96,86313.32,85895.35,85942.03,148.60104745,2025-11-24 12:30:00
1763988300000,85942.03,86125.43,85886.05,86001.75,99.76969387,2025-11-24 12:45:00
1763989200000,86001.75,86495.43,85953.8,86381.13,144.0416123,2025-11-24 13:00:00
1763990100000,86381.13,86539.49,86186.55,86504.01,135.54133646,2025-11-24 13:15:00
1763991000000,86504.01,86570.87,86370.95,86534.36,85.22075397,2025-11-24 13:30:00
1763991900000,86534.36,86534.36,86074.87,86157.34,105.85532929,2025-11-24 13:45:00
1763992800000,86157.34,86157.34,85909.16,86062.47,104.69416407,2025-11-24 14:00:00
1763993700000,86062.47,86100.0,85917.9,85937.05,73.7938144,2025-11-24 14:15:00
1763994600000,85937.05,86658.8,85509.32,85591.71,152.84020666,2025-11-24 14:30:00
1763995500000,85591.71,86130.0,85278.2,86130.0,194.59356568,2025-11-24 14:45:00
1763996400000,86130.0,86737.41,86094.71,86534.44,209.6724671,2025-11-24 15:00:00
1763997300000,86534.44,86567.66,85910.24,86084.23,140.8783773,2025-11-24 15:15:00
1763998200000,86084.23,86623.65,85996.61,86516.15,179.75583934,2025-11-24 15:30:00
1763999100000,86516.15,86729.98,86375.08,86627.2,142.92468666,2025-11-24 15:45:00
1764000000000,86627.2,87206.32,86618.45,86893.34,154.04309528,2025-11-24 16:00:00
1764000900000,86893.34,87339.99,86887.05,87237.3,199.47542734,2025-11-24 16:15:00
1764001800000,87237.3,87537.13,87065.48,87506.59,138.40670122,2025-11-24 16:30:00
1764002700000,87506.59,87713.75,87175.28,87178.44,163.51164193,2025-11-24 16:45:00
1764003600000,87178.44,87326.19,86963.3,87001.93,166.06805551,2025-11-24 17:00:00
1764004500000,87001.93,87744.64,86956.92,87742.73,179.06074227,2025-11-24 17:15:00
1764005400000,87742.73,88019.33,87659.08,87940.42,191.90691198,2025-11-24 17:30:00
1764006300000,87940.42,88453.98,87900.0,88364.13,198.10945306,2025-11-24 17:45:00
1764007200000,88364.13,88568.02,88209.06,88486.38,289.35976394,2025-11-24 18:00:00
1764008100000,88486.38,88524.82,88218.39,88346.79,197.73623617,2025-11-24 18:15:00
1764009000000,88346.79,88476.76,88200.0,88400.47,179.73806681,2025-11-24 18:30:00
1764009900000,88400.47,88707.85,88400.47,88707.85,162.10448073,2025-11-24 18:45:00
1764010800000,88707.85,88826.03,88553.39,88678.2,240.95100962,2025-11-24 19:00:00
1764011700000,88678.2,88763.09,88500.01,88631.2,93.86461282,2025-11-24 19:15:00
1764012600000,88631.2,88799.0,88349.49,88431.84,181.99746831,2025-11-24 19:30:00
1764013500000,88431.84,88462.93,88112.33,88321.0,196.23428078,2025-11-24 19:45:00
1764014400000,88321.0,88767.41,88321.0,88643.44,154.69706278,2025-11-24 20:00:00
1764015300000,88643.44,88884.61,88596.37,88868.92,155.23668561,2025-11-24 20:15:00
1764016200000,88868.92,88975.0,88761.62,88947.1,162.37961832,2025-11-24 20:30:00
1764017100000,88947.1,89234.84,88947.1,89104.06,183.08473175,2025-11-24 20:45:00
1764018000000,89104.06,89136.09,88908.99,89051.19,128.64684393,2025-11-24 21:00:00
1764018900000,89051.19,89064.62,88860.84,88915.88,64.0476967,2025-11-24 21:15:00
1764019800000,88915.88,89088.71,88770.48,88770.48,82.57329555,2025-11-24 21:30:00
1764020700000,88770.48,88877.91,88724.24,88778.72,83.44780099,2025-11-24 21:45:00
1764021600000,88778.72,89089.06,88753.71,89034.18,81.78142377,2025-11-24 22:00:00
1764022500000,89034.18,89038.53,88723.92,88782.49,95.55043568,2025-11-24 22:15:00
1764023400000,88782.49,88931.4,88778.67,88840.01,57.91454389,2025-11-24 22:30:00
1764024300000,88840.01,88840.02,88593.92,88631.14,78.83083648,2025-11-24 22:45:00
1764025200000,88631.14,88686.17,88500.0,88518.77,85.29902063,2025-11-24 23:00:00
1764026100000,88518.77,88615.94,88494.6,88610.86,71.6624236,2025-11-24 23:15:00
1764027000000,88610.86,88610.86,88316.33,88423.14,67.76242683,2025-11-24 23:30:00
1764027900000,88423.14,88423.14,88248.32,88293.24,62.90262527,2025-11-24 23:45:00
1764028800000,88293.24,88293.24,88004.61,88028.02,135.86754669,2025-11-25 00:00:00
1764029700000,88028.02,88066.63,87868.44,87882.81,123.15694687,2025-11-25 00:15:00
1764030600000,87882.81,88274.16,87865.25,88180.98,127.70873916,2025-11-25 00:30:00
1764031500000,88180.98,88231.11,87973.83,88094.83,89.56079162,2025-11-25 00:45:00
1764032400000,88094.83,88194.36,87900.01,88139.06,89.30417633,2025-11-25 01:00:00
1764033300000,88139.06,88192.62,87938.87,88043.52,79.54088042,2025-11-25 01:15:00
1764034200000,88043.52,88080.05,87920.56,87974.6,65.89855212,2025-11-25 01:30:00
1764035100000,87974.6,87974.6,87725.0,87725.01,98.53956435,2025-11-25 01:45:00
1764036000000,87725.01,87932.77,87608.83,87818.51,110.60235167,2025-11-25 02:00:00
1764036900000,87818.51,87899.99,87613.87,87645.16,73.36338383,2025-11-25 02:15:00
1764037800000,87645.16,87707.4,87466.35,87664.12,125.06569414,2025-11-25 02:30:00
1764038700000,87664.12,87922.14,87659.72,87912.57,86.42439387,2025-11-25 02:45:00
1764039600000,87912.57,88040.37,87787.75,87812.66,95.15627409,2025-11-25 03:00:00
1764040500000,87812.66,87970.24,87753.09,87943.68,60.36236734,2025-11-25 03:15:00
1764041400000,87943.68,87943.68,87597.29,87680.04,62.55473323,2025-11-25 03:30:00
1764042300000,87680.04,87833.82,87560.3,87828.02,67.97461449,2025-11-25 03:45:00
1764043200000,87828.02,88143.13,87804.95,88140.26,65.7969121,2025-11-25 04:00:00
1764044100000,88140.26,88140.26,87956.68,88039.37,81.87584943,2025-11-25 04:15:00
1764045000000,88039.37,88335.07,88032.64,88168.4,82.25384286,2025-11-25 04:30:00
1764045900000,88168.4,88522.49,88147.09,88344.01,112.05187196,2025-11-25 04:45:00
1764046800000,88344.01,88344.02,88172.69,88187.44,77.90548256,2025-11-25 05:00:00
1764047700000,88187.44,88208.17,87938.03,88017.05,69.38533974,2025-11-25 05:15:00
1764048600000,88017.05,88222.77,88002.19,88209.95,46.21258756,2025-11-25 05:30:00
1764049500000,88209.95,88250.0,88085.47,88125.65,37.51134704,2025-11-25 05:45:00
1764050400000,88125.65,88153.81,88045.19,88089.11,53.72698147,2025-11-25 06:00:00
1764051300000,88089.11,88126.76,87935.01,87952.37,54.41203787,2025-11-25 06:15:00
1764052200000,87952.37,87997.57,87847.31,87885.84,56.62573575,2025-11-25 06:30:00
1764053100000,87885.84,88070.23,87812.0,88010.9,95.554104,2025-11-25 06:45:00
1764054000000,88010.9,88068.62,87867.72,88024.97,48.10671022,2025-11-25 07:00:00
1764054900000,88024.97,88024.97,87700.0,87704.97,208.9306127,2025-11-25 07:15:00
1764055800000,87704.97,87792.64,87625.22,87708.82,139.88870078,2025-11-25 07:30:00
1764056700000,87708.82,87744.46,87347.36,87388.32,243.33452365,2025-11-25 07:45:00
1764057600000,87388.32,87551.25,87360.0,87421.18,134.01006025,2025-11-25 08:00:00
1764058500000,87421.18,87612.27,87421.18,87512.4,107.18285509,2025-11-25 08:15:00
1764059400000,87512.4,87551.3,87346.78,87400.66,105.15581071,2025-11-25 08:30:00
1764060300000,87400.66,87410.96,86989.0,87007.74,294.85712481,2025-11-25 08:45:00
1764061200000,87007.74,87050.54,86817.94,86823.02,218.18619783,2025-11-25 09:00:00
1764062100000,86823.02,86918.69,86672.13,86686.2,291.18311734,2025-11-25 09:15:00
1764063000000,86686.2,87116.4,86682.86,87103.57,135.67718741,2025-11-25 09:30:00
1764063900000,87103.57,87244.57,86882.42,87230.09,124.51299454,2025-11-25 09:45:00
1764064800000,87230.09,87230.09,87029.39,87050.54,87.39976764,2025-11-25 10:00:00
1764065700000,87050.54,87224.36,86948.32,87212.27,65.6049273,2025-11-25 10:15:00
1764066600000,87212.27,87331.76,87146.56,87236.3,80.90845983,2025-11-25 10:30:00
1764067500000,87236.3,87432.49,87170.93,87413.24,90.77176905,2025-11-25 10:45:00
1764068400000,87413.24,87462.17,87315.8,87451.9,88.0204759,2025-11-25 11:00:00
1764069300000,87451.9,87502.86,87307.44,87424.37,75.40171907,2025-11-25 11:15:00
1764070200000,87424.37,87528.19,87358.37,87430.3,62.81148926,2025-11-25 11:30:00
1764071100000,87430.3,87523.67,87322.92,87358.98,65.34912297,2025-11-25 11:45:00
1764072000000,87358.98,87716.47,87358.98,87688.09,112.63389107,2025-11-25 12:00:00
1764072900000,87688.09,87715.67,87532.93,87638.44,130.0526049,2025-11-25 12:15:00
1764073800000,87638.44,87785.38,87402.15,87651.88,100.02651394,2025-11-25 12:30:00
1764074700000,87651.88,87656.49,87480.06,87513.03,74.8309513,2025-11-25 12:45:00
1764075600000,87513.03,87631.58,87331.94,87588.69,70.25307877,2025-11-25 13:00:00
1764076500000,87588.69,87723.25,87524.44,87634.45,137.74854482,2025-11-25 13:15:00
1764077400000,87634.45,87705.85,87036.16,87038.92,188.88961125,2025-11-25 13:30:00
1764078300000,87038.92,87142.17,86869.41,87068.07,166.15354703,2025-11-25 13:45:00
1764079200000,87068.07,87299.82,86838.84,86991.38,343.8439028,2025-11-25 14:00:00
1764080100000,86991.38,87219.33,86874.4,87183.46,111.93940199,2025-11-25 14:15:00
1764081000000,87183.46,87222.05,86564.69,86600.4,144.86207971,2025-11-25 14:30:00
1764081900000,86600.4,86794.78,86123.0,86741.63,188.38353499,2025-11-25 14:45:00
1764082800000,86741.63,86885.47,86201.13,86565.42,190.33077054,2025-11-25 15:00:00
1764083700000,86565.42,86747.74,86346.84,86747.31,191.20438084,2025-11-25 15:15:00
1764084600000,86747.31,87167.96,86747.31,87163.83,175.51342353,2025-11-25 15:30:00
1764085500000,87163.83,87290.0,86877.35,86965.4,159.76168431,2025-11-25 15:45:00
1764086400000,86965.4,87094.22,86715.25,86845.63,105.08049258,2025-11-25 16:00:00
1764087300000,86845.63,87279.51,86788.67,87201.9,121.45560784,2025-11-25 16:15:00
1764088200000,87201.9,87289.94,87017.8,87108.24,104.20558914,2025-11-25 16:30:00
1764089100000,87108.24,87159.0,86950.54,87158.8,71.88185729,2025-11-25 16:45:00
1764090000000,87158.8,87512.55,87044.38,87465.3,126.62342882,2025-11-25 17:00:00
1764090900000,87465.3,87629.24,87230.31,87489.06,135.97069533,2025-11-25 17:15:00
1764091800000,87489.06,88148.25,87478.92,87940.19,193.59589884,2025-11-25 17:30:00
1764092700000,87940.19,87974.28,87612.76,87623.6,94.89399323,2025-11-25 17:45:00
1764093600000,87623.6,87788.0,87526.79,87637.71,101.71900634,2025-11-25 18:00:00
1764094500000,87637.71,87825.0,87558.93,87644.25,64.68690092,2025-11-25 18:15:00
1764095400000,87644.25,87711.0,87447.69,87507.58,101.83337668,2025-11-25 18:30:00
1764096300000,87507.58,87643.07,87235.44,87237.54,104.85187185,2025-11-25 18:45:00
1764097200000,87237.54,87324.22,86765.8,86949.27,173.29723643,2025-11-25 19:00:00
1764098100000,86949.27,86949.27,86223.8,86298.58,186.80953501,2025-11-25 19:15:00
1764099000000,86298.58,86630.43,86184.42,86630.43,127.86981605,2025-11-25 19:30:00
1764099900000,86630.43,86915.27,86558.54,86882.1,82.59012975,2025-11-25 19:45:00
1764100800000,86882.1,87100.0,86716.77,87100.0,106.33058175,2025-11-25 20:00:00
1764101700000,87100.0,87140.0,86888.52,87052.29,54.01330333,2025-11-25 20:15:00
1764102600000,87052.29,87334.18,87052.29,87184.4,95.55351596,2025-11-25 20:30:00
1764103500000,87184.4,87463.67,87133.62,87395.61,157.38136851,2025-11-25 20:45:00
1764104400000,87395.61,87447.46,87107.0,87177.76,160.72255968,2025-11-25 21:00:00
1764105300000,87177.76,87390.27,87177.76,87293.83,63.15241503,2025-11-25 21:15:00
1764106200000,87293.83,87350.6,87063.24,87188.62,63.44714651,2025-11-25 21:30:00
1764107100000,87188.62,87277.97,86982.38,87029.77,74.61506134,2025-11-25 21:45:00
1764108000000,87029.77,87029.77,86588.56,86649.6,93.46470176,2025-11-25 22:00:00
1764108900000,86649.6,87174.32,86634.13,87138.21,49.06715504,2025-11-25 22:15:00
1764109800000,87138.21,87598.82,87068.06,87339.93,99.95301039,2025-11-25 22:30:00
1764110700000,87339.93,87719.69,87218.27,87641.58,125.15320875,2025-11-25 22:45:00
1764111600000,87641.58,87879.4,87405.39,87825.42,139.40491471,2025-11-25 23:00:00
1764112500000,87825.42,87825.42,87510.44,87527.18,77.90162496,2025-11-25 23:15:00
1764113400000,87527.18,87638.43,87409.82,87451.48,67.00976397,2025-11-25 23:30:00
1764114300000,87451.48,87495.26,87327.34,87368.99,40.99623794,2025-11-25 23:45:00
1764115200000,87368.99,87621.49,87351.42,87465.23,63.83247049,2025-11-26 00:00:00
1764116100000,87465.23,87757.62,87387.7,87628.44,81.49991921,2025-11-26 00:15:00
1764117000000,87628.44,87757.97,87392.1,87526.01,58.1979918,2025-11-26 00:30:00
1764117900000,87526.01,87735.35,87495.33,87572.73,57.88536431,2025-11-26 00:45:00
1764118800000,87572.73,87572.73,87336.17,87521.96,51.0400114,2025-11-26 01:00:00
1764119700000,87521.96,87660.23,87432.48,87564.45,40.66156083,2025-11-26 01:15:00
1764120600000,87564.45,88213.0,87558.44,88076.62,173.30478167,2025-11-26 01:30:00
1764121500000,88076.62,88086.5,87879.9,87921.99,99.4888061,2025-11-26 01:45:00
1764122400000,87921.99,88032.79,87828.42,88001.2,55.48614501,2025-11-26 02:00:00
1764123300000,88001.2,88089.82,87761.46,87809.7,61.57765797,2025-11-26 02:15:00
1764124200000,87809.7,87962.55,87675.0,87887.17,68.79924421,2025-11-26 02:30:00
1764125100000,87887.17,87887.2,87676.11,87709.9,40.99206661,2025-11-26 02:45:00
1764126000000,87709.9,87775.65,87680.77,87703.6,36.10323521,2025-11-26 03:00:00
1764126900000,87703.6,87892.13,87660.35,87826.01,42.96569963,2025-11-26 03:15:00
1764127800000,87826.01,87826.01,87272.46,87378.09,203.24039793,2025-11-26 03:30:00
1764128700000,87378.09,87378.43,87071.92,87122.07,133.41281443,2025-11-26 03:45:00
1764129600000,87122.07,87282.24,86908.78,86908.8,137.71663443,2025-11-26 04:00:00
1764130500000,86908.8,87250.63,86908.8,87244.23,93.11767624,2025-11-26 04:15:00
1764131400000,87244.23,87368.84,87209.69,87278.44,49.59777833,2025-11-26 04:30:00
1764132300000,87278.44,87340.86,87188.21,87235.0,38.18633437,2025-11-26 04:45:00
1764133200000,87235.0,87464.84,87222.64,87415.44,33.46551882,2025-11-26 05:00:00
1764134100000,87415.44,87689.55,87415.43,87536.85,72.12966391,2025-11-26 05:15:00
1764135000000,87536.85,87739.95,87536.85,87624.66,63.440826,2025-11-26 05:30:00
1764135900000,87624.66,87629.47,87477.69,87518.9,55.5126213,2025-11-26 05:45:00
1764136800000,87518.9,87704.51,87453.05,87653.67,88.08214348,2025-11-26 06:00:00
1764137700000,87653.67,87668.87,87488.56,87616.17,59.62429561,2025-11-26 06:15:00
1764138600000,87616.17,87685.32,87466.79,87671.61,62.08747608,2025-11-26 06:30:00
1764139500000,87671.61,87889.95,87601.02,87793.46,72.23888556,2025-11-26 06:45:00
1764140400000,87793.46,87860.72,87695.62,87821.57,57.5045146,2025-11-26 07:00:00
1764141300000,87821.57,87885.08,87723.8,87797.4,50.23452606,2025-11-26 07:15:00
1764142200000,87797.4,87798.15,87707.36,87788.32,53.22607013,2025-11-26 07:30:00
1764143100000,87788.32,87962.15,87739.77,87937.98,52.82823617,2025-11-26 07:45:00
1764144000000,87937.98,87944.32,87592.47,87592.47,60.91064872,2025-11-26 08:00:00
1764144900000,87592.47,87678.13,87527.44,87555.05,52.31696778,2025-11-26 08:15:00
1764145800000,87555.05,87616.58,87450.03,87541.14,63.06999336,2025-11-26 08:30:00
1764146700000,87541.14,87574.21,87414.07,87422.77,46.8447315,2025-11-26 08:45:00
1764147600000,87422.77,87455.45,87307.97,87359.56,105.79366475,2025-11-26 09:00:00
1764148500000,87359.56,87359.67,87100.79,87116.43,116.0654439,2025-11-26 09:15:00
1764149400000,87116.43,87134.5,86940.34,86974.32,270.1681279,2025-11-26 09:30:00
1764150300000,86974.32,86974.32,86758.92,86829.16,113.08283474,2025-11-26 09:45:00
1764151200000,86829.16,87066.3,86829.15,86944.96,107.38348197,2025-11-26 10:00:00
1764152100000,86944.96,86944.96,86784.59,86870.88,62.34360839,2025-11-26 10:15:00
1764153000000,86870.88,86937.38,86673.89,86894.58,63.78446009,2025-11-26 10:30:00
1764153900000,86894.58,87000.0,86799.96,86954.12,52.82501159,2025-11-26 10:45:00
1764154800000,86954.12,86998.45,86841.93,86983.61,57.46660706,2025-11-26 11:00:00
1764155700000,86983.61,87000.0,86861.38,86893.53,60.7815967,2025-11-26 11:15:00
1764156600000,86893.53,87056.21,86869.03,87043.37,62.27115072,2025-11-26 11:30:00
1764157500000,87043.37,87093.27,86949.54,87093.18,42.07777319,2025-11-26 11:45:00
1764158400000,87093.18,87164.82,86556.22,86556.26,168.25959596,2025-11-26 12:00:00
1764159300000,86556.26,86600.0,86309.9,86522.5,162.67502128,2025-11-26 12:15:00
1764160200000,86522.5,86681.05,86429.03,86617.67,72.03759148,2025-11-26 12:30:00
1764161100000,86617.67,86723.23,86595.12,86642.47,71.91910854,2025-11-26 12:45:00
1764162000000,86642.47,86694.71,86565.96,86592.07,60.96777386,2025-11-26 13:00:00
1764162900000,86592.07,86812.6,86581.62,86718.02,87.33530037,2025-11-26 13:15:00
1764163800000,86718.02,87119.6,86580.88,87001.33,195.48122877,2025-11-26 13:30:00
1764164700000,87001.33,87132.08,86950.0,87114.25,106.90888699,2025-11-26 13:45:00
1764165600000,87114.25,87341.39,86950.0,87316.53,102.34984364,2025-11-26 14:00:00
1764166500000,87316.53,87335.04,87206.48,87310.34,129.57556551,2025-11-26 14:15:00
1764167400000,87310.34,87566.47,87091.2,87302.34,170.55205184,2025-11-26 14:30:00
1764168300000,87302.34,87674.02,86822.1,86881.43,161.75076041,2025-11-26 14:45:00
1764169200000,86881.43,87213.96,86857.11,87030.41,134.44300367,2025-11-26 15:00:00
1764170100000,87030.41,87325.51,86875.7,87251.57,154.23732867,2025-11-26 15:15:00
1764171000000,87251.57,87339.3,86884.53,86884.53,174.96760763,2025-11-26 15:30:00
1764171900000,86884.53,87004.2,86700.98,86961.87,177.96139548,2025-11-26 15:45:00
1764172800000,86961.87,87573.59,86961.87,87557.57,259.69981569,2025-11-26 16:00:00
1764173700000,87557.57,87835.86,87557.57,87590.25,179.21249573,2025-11-26 16:15:00
1764174600000,87590.25,87945.6,87571.61,87593.5,132.09993948,2025-11-26 16:30:00
1764175500000,87593.5,87855.85,87506.26,87817.96,183.10926644,2025-11-26 16:45:00
1764176400000,87817.96,87988.75,87750.0,87861.23,106.22563112,2025-11-26 17:00:00
1764177300000,87861.23,88799.99,87709.47,88687.53,211.48321921,2025-11-26 17:15:00
1764178200000,88687.53,89509.99,88587.05,89509.99,252.87754056,2025-11-26 17:30:00
1764179100000,89509.99,89963.88,89492.06,89828.62,292.86410963,2025-11-26 17:45:00
1764180000000,89828.62,90106.49,89680.99,90054.89,241.9883766,2025-11-26 18:00:00
1764180900000,90054.89,90410.56,90047.54,90346.37,267.66248039,2025-11-26 18:15:00
1764181800000,90346.37,90366.96,89713.03,89733.0,256.77441804,2025-11-26 18:30:00
1764182700000,89733.0,90161.52,89731.61,90152.36,134.55709847,2025-11-26 18:45:00
1764183600000,90152.36,90198.64,89754.05,89818.6,220.23286719,2025-11-26 19:00:00
1764184500000,89818.6,90017.54,89731.47,89789.8,252.05116175,2025-11-26 19:15:00
1764185400000,89789.8,90028.72,89751.48,89871.85,255.94021884,2025-11-26 19:30:00
1764186300000,89871.85,90053.1,89798.71,89955.06,87.17999409,2025-11-26 19:45:00
1764187200000,89955.06,89998.42,89506.23,89976.42,124.81035629,2025-11-26 20:00:00
1764188100000,89976.42,90102.17,89800.67,90008.9,326.50233079,2025-11-26 20:15:00
1764189000000,90008.9,90068.44,89683.13,89689.94,233.70925115,2025-11-26 20:30:00
1764189900000,89689.94,89946.8,89646.66,89880.29,74.70277626,2025-11-26 20:45:00
1764190800000,89880.29,90021.0,89833.94,89833.97,79.53543537,2025-11-26 21:00:00
1764191700000,89833.97,90284.62,89817.63,90272.61,158.62949061,2025-11-26 21:15:00
1764192600000,90272.61,90490.0,90146.25,90234.53,163.1869748,2025-11-26 21:30:00
1764193500000,90234.53,90388.8,90171.62,90191.88,68.96361634,2025-11-26 21:45:00
1764194400000,90191.88,90640.0,90130.89,90331.49,123.49945096,2025-11-26 22:00:00
1764195300000,90331.49,90537.8,90215.96,90336.58,98.20133712,2025-11-26 22:15:00
1764196200000,90336.58,90369.39,90204.87,90244.38,112.16122058,2025-11-26 22:30:00
1764197100000,90244.38,90462.9,90220.0,90396.35,62.97838791,2025-11-26 22:45:00
1764198000000,90396.35,90600.0,90342.73,90514.5,97.63035128,2025-11-26 23:00:00
1764198900000,90514.5,90517.51,90336.83,90338.91,86.71117732,2025-11-26 23:15:00
1764199800000,90338.91,90456.21,90313.94,90410.92,42.04967807,2025-11-26 23:30:00
1764200700000,90410.92,90576.46,90410.92,90484.59,112.75334639,2025-11-26 23:45:00
1764201600000,90484.59,90548.58,90124.11,90181.01,221.50425332,2025-11-27 00:00:00
1764202500000,90181.01,90268.98,90100.0,90223.11,122.23295226,2025-11-27 00:15:00
1764203400000,90223.11,90394.04,90219.8,90362.87,77.48830008,2025-11-27 00:30:00
1764204300000,90362.87,90585.57,90349.56,90480.0,106.15756299,2025-11-27 00:45:00
1764205200000,90480.0,90880.85,90384.01,90688.26,180.25109432,2025-11-27 01:00:00
1764206100000,90688.26,90820.5,90605.48,90728.46,144.66891623,2025-11-27 01:15:00
1764207000000,90728.46,90734.65,90615.89,90705.81,56.26921838,2025-11-27 01:30:00
1764207900000,90705.81,91222.3,90638.75,91142.75,126.84377384,2025-11-27 01:45:00
1764208800000,91142.75,91207.96,90876.92,91028.25,157.81104514,2025-11-27 02:00:00
1764209700000,91028.25,91480.32,91012.63,91477.06,210.52716296,2025-11-27 02:15:00
1764210600000,91477.06,91875.57,91364.27,91841.87,271.21365572,2025-11-27 02:30:00
1764211500000,91841.87,91922.45,91339.4,91358.9,395.39897662,2025-11-27 02:45:00
1764212400000,91358.9,91617.84,91307.75,91364.17,126.84210321,2025-11-27 03:00:00
1764213300000,91364.17,91602.06,91316.29,91336.58,116.91190569,2025-11-27 03:15:00
1764214200000,91336.58,91336.79,91100.0,91147.22,148.71647397,2025-11-27 03:30:00
1764215100000,91147.22,91224.95,91045.17,91093.68,96.80451465,2025-11-27 03:45:00
1764216000000,91093.68,91356.54,91057.56,91285.21,84.64665201,2025-11-27 04:00:00
1764216900000,91285.21,91347.11,91123.86,91126.95,82.55927413,2025-11-27 04:15:00
1764217800000,91126.95,91302.41,91073.02,91158.01,84.85520026,2025-11-27 04:30:00
1764218700000,91158.01,91316.36,91158.01,91277.61,58.12440101,2025-11-27 04:45:00
1764219600000,91277.61,91332.62,91153.11,91298.46,56.13962115,2025-11-27 05:00:00
1764220500000,91298.46,91559.2,91241.43,91484.92,111.69197885,2025-11-27 05:15:00
1764221400000,91484.92,91484.92,90891.81,90966.89,156.91592081,2025-11-27 05:30:00
1764222300000,90966.89,91100.5,90924.74,90965.97,127.48293636,2025-11-27 05:45:00
1764223200000,90965.97,91289.0,90965.97,91286.5,96.72130677,2025-11-27 06:00:00
1764224100000,91286.5,91400.0,91214.08,91382.47,97.25585102,2025-11-27 06:15:00
1764225000000,91382.47,91447.86,91280.68,91337.07,59.90964633,2025-11-27 06:30:00
1764225900000,91337.07,91377.21,91197.53,91247.35,54.68830031,2025-11-27 06:45:00
1764226800000,91247.35,91330.46,91138.54,91286.14,55.79273288,2025-11-27 07:00:00
1764227700000,91286.14,91465.67,91250.0,91442.91,85.33039546,2025-11-27 07:15:00
1764228600000,91442.91,91457.29,91353.04,91367.69,114.56964289,2025-11-27 07:30:00
1764229500000,91367.69,91499.18,91335.06,91412.7,120.30052151,2025-11-27 07:45:00
1764230400000,91412.7,91500.0,91220.94,91248.76,103.61282894,2025-11-27 08:00:00
1764231300000,91248.76,91395.76,91248.64,91369.59,60.20422527,2025-11-27 08:15:00
1764232200000,91369.59,91447.14,91280.97,91385.08,84.23424532,2025-11-27 08:30:00
1764233100000,91385.08,91517.19,91367.78,91488.95,127.08526628,2025-11-27 08:45:00
1764234000000,91488.95,91536.72,91472.83,91510.53,75.11556269,2025-11-27 09:00:00
1764234900000,91510.53,91770.7,91510.52,91601.29,206.63929172,2025-11-27 09:15:00
1764235800000,91601.29,91927.5,91601.29,91806.38,145.91676095,2025-11-27 09:30:00
1764236700000,91806.38,91806.38,91541.28,91559.96,100.6709706,2025-11-27 09:45:00
1764237600000,91559.96,91697.35,91541.1,91590.0,60.98085287,2025-11-27 10:00:00
1764238500000,91590.0,91746.41,91590.0,91649.3,58.03614895,2025-11-27 10:15:00
1764239400000,91649.3,91664.8,91344.65,91590.15,118.69724911,2025-11-27 10:30:00
1764240300000,91590.15,91668.82,91495.65,91610.32,71.3718158,2025-11-27 10:45:00
1764241200000,91610.32,91618.08,91500.0,91525.53,37.67712181,2025-11-27 11:00:00
1764242100000,91525.53,91561.59,91359.56,91359.56,68.05839091,2025-11-27 11:15:00
1764243000000,91359.56,91476.07,91305.51,91467.4,46.63982981,2025-11-27 11:30:00
1764243900000,91467.4,91474.39,91361.36,91369.84,45.13294871,2025-11-27 11:45:00
1764244800000,91369.84,91456.09,91306.29,91417.2,48.02875589,2025-11-27 12:00:00
1764245700000,91417.2,91429.01,91185.76,91274.35,104.30625539,2025-11-27 12:15:00
1764246600000,91274.35,91358.26,91100.0,91108.18,70.29007328,2025-11-27 12:30:00
1764247500000,91108.18,91209.76,90950.01,90983.59,168.12316002,2025-11-27 12:45:00
1764248400000,90983.59,91072.95,90749.74,90809.74,166.54595087,2025-11-27 13:00:00
1764249300000,90809.74,90881.45,90448.14,90711.98,262.34157256,2025-11-27 13:15:00
1764250200000,90711.98,90882.57,90494.72,90820.87,204.19977484,2025-11-27 13:30:00
1764251100000,90820.87,91031.31,90700.81,90851.45,178.55797681,2025-11-27 13:45:00
1764252000000,90851.45,90906.85,90770.6,90839.38,62.98564602,2025-11-27 14:00:00
1764252900000,90839.38,90979.05,90624.44,90953.41,85.08064596,2025-11-27 14:15:00
1764253800000,90953.41,90966.83,90578.02,90749.73,103.10898851,2025-11-27 14:30:00
1764254700000,90749.73,90842.72,90629.71,90790.85,61.47462663,2025-11-27 14:45:00
1764255600000,90790.85,90966.08,90632.34,90693.77,71.15652132,2025-11-27 15:00:00
1764256500000,90693.77,90969.74,90693.77,90932.58,51.96409181,2025-11-27 15:15:00
1764257400000,90932.58,90980.98,90772.79,90883.25,62.28606366,2025-11-27 15:30:00
1764258300000,90883.25,90988.0,90847.04,90958.26,51.0624231,2025-11-27 15:45:00
1764259200000,90958.26,91259.26,90850.44,91234.26,110.80059698,2025-11-27 16:00:00
1764260100000,91234.26,91372.82,91112.27,91203.66,131.58373747,2025-11-27 16:15:00
1764261000000,91203.66,91553.27,91173.21,91304.91,123.04386414,2025-11-27 16:30:00
1764261900000,91304.91,91486.4,91238.06,91467.02,72.36437562,2025-11-27 16:45:00
1764262800000,91467.02,91532.54,91363.34,91471.27,67.43622285,2025-11-27 17:00:00
1764263700000,91471.27,91630.26,91347.91,91371.47,148.07217421,2025-11-27 17:15:00
1764264600000,91371.47,91534.94,91299.32,91448.16,143.82063753,2025-11-27 17:30:00
1764265500000,91448.16,91512.21,91389.95,91481.27,58.87106106,2025-11-27 17:45:00
1764266400000,91481.27,91500.0,91389.94,91423.06,54.04804758,2025-11-27 18:00:00
1764267300000,91423.06,91500.0,91353.26,91420.41,50.26883322,2025-11-27 18:15:00
1764268200000,91420.41,91797.75,91374.99,91767.5,82.33287692,2025-11-27 18:30:00
1764269100000,91767.5,91841.33,91688.29,91789.46,75.39368173,2025-11-27 18:45:00
1764270000000,91789.46,91789.46,91555.31,91628.03,76.88178952,2025-11-27 19:00:00
1764270900000,91628.03,91683.03,91560.51,91618.43,52.5598981,2025-11-27 19:15:00
1764271800000,91618.43,91729.84,91504.54,91711.76,50.65931245,2025-11-27 19:30:00
1764272700000,91711.76,91718.74,91512.81,91526.2,39.38763668,2025-11-27 19:45:00
1764273600000,91526.2,91570.68,91458.44,91491.32,53.18614756,2025-11-27 20:00:00
1764274500000,91491.32,91491.32,91397.23,91427.63,42.4361222,2025-11-27 20:15:00
1764275400000,91427.63,91595.42,91397.79,91458.62,28.42243993,2025-11-27 20:30:00
1764276300000,91458.62,91510.31,91400.55,91431.49,32.34028399,2025-11-27 20:45:00
1764277200000,91431.49,91433.3,91214.15,91422.85,52.43495514,2025-11-27 21:00:00
1764278100000,91422.85,91552.11,91386.61,91527.86,37.32924393,2025-11-27 21:15:00
1764279000000,91527.86,91599.66,91493.14,91540.05,36.73420593,2025-11-27 21:30:00
1764279900000,91540.05,91577.5,91391.74,91408.9,32.23570705,2025-11-27 21:45:00
1764280800000,91408.9,91478.11,91340.06,91478.11,36.94309591,2025-11-27 22:00:00
1764281700000,91478.11,91590.07,91464.24,91569.98,25.46796297,2025-11-27 22:15:00
1764282600000,91569.98,91589.52,91232.9,91232.92,48.20189087,2025-11-27 22:30:00
1764283500000,91232.92,91396.97,91113.24,91316.5,65.12816555,2025-11-27 22:45:00
1764284400000,91316.5,91518.8,91313.47,91508.39,44.93281145,2025-11-27 23:00:00
1764285300000,91508.39,91565.1,91348.77,91387.53,30.0647791,2025-11-27 23:15:00
1764286200000,91387.53,91394.97,91211.68,91390.83,36.97594273,2025-11-27 23:30:00
1764287100000,91390.83,91394.38,91271.74,91334.18,53.67704077,2025-11-27 23:45:00
1764288000000,91334.18,91352.14,91140.0,91159.89,125.03015457,2025-11-28 00:00:00
1764288900000,91159.89,91293.59,91074.0,91228.97,65.65121641,2025-11-28 00:15:00
1764289800000,91228.97,91415.58,91203.65,91227.42,28.42692165,2025-11-28 00:30:00
1764290700000,91227.42,91259.45,91140.16,91204.97,26.05153956,2025-11-28 00:45:00
1764291600000,91204.97,91207.44,90873.73,90883.1,82.41761754,2025-11-28 01:00:00
1764292500000,90883.1,91007.97,90804.51,90941.96,77.12692017,2025-11-28 01:15:00
1764293400000,90941.96,91060.0,90821.62,91019.56,83.32952575,2025-11-28 01:30:00
1764294300000,91019.56,91066.62,90800.52,90804.73,54.15110119,2025-11-28 01:45:00
1764295200000,90804.73,90901.2,90750.0,90901.19,101.36174875,2025-11-28 02:00:00
1764296100000,90901.19,90974.46,90687.71,90687.72,112.50820598,2025-11-28 02:15:00
1764297000000,90687.72,90850.0,90656.87,90824.05,91.29792466,2025-11-28 02:30:00
1764297900000,90824.05,91136.33,90823.74,91083.11,91.00682304,2025-11-28 02:45:00
1764298800000,91083.11,91146.35,91000.66,91123.07,60.94022716,2025-11-28 03:00:00
1764299700000,91123.07,91237.46,91047.31,91209.38,79.64298073,2025-11-28 03:15:00
1764300600000,91209.38,91303.92,91119.16,91135.63,42.85299071,2025-11-28 03:30:00
1764301500000,91135.63,91233.02,91123.29,91208.28,33.08669725,2025-11-28 03:45:00
1764302400000,91208.28,91398.76,91129.32,91363.62,51.27995239,2025-11-28 04:00:00
1764303300000,91363.62,91435.51,91304.93,91411.63,29.77192655,2025-11-28 04:15:00
1764304200000,91411.63,91485.56,91366.43,91453.38,49.26099689,2025-11-28 04:30:00
1764305100000,91453.38,91484.35,91411.94,91422.12,40.62411126,2025-11-28 04:45:00
1764306000000,91422.12,91571.53,91302.78,91479.4,69.04724943,2025-11-28 05:00:00
1764306900000,91479.4,91562.49,91436.28,91523.78,51.10562878,2025-11-28 05:15:00
1764307800000,91523.78,91591.28,91466.72,91575.01,47.47968189,2025-11-28 05:30:00
1764308700000,91575.01,91711.64,91556.77,91612.62,99.26072517,2025-11-28 05:45:00
1764309600000,91612.62,91612.62,91385.53,91399.14,62.92940555,2025-11-28 06:00:00
1764310500000,91399.14,91439.58,91301.2,91302.88,56.69415503,2025-11-28 06:15:00
1764311400000,91302.88,91447.26,91153.89,91405.91,110.40604364,2025-11-28 06:30:00
1764312300000,91405.91,91428.04,91300.24,91300.25,39.01513016,2025-11-28 06:45:00
1764313200000,91300.25,91426.38,91298.61,91403.78,24.33960299,2025-11-28 07:00:00
1764314100000,91403.78,91572.03,91382.83,91478.59,67.37394136,2025-11-28 07:15:00
1764315000000,91478.59,91482.84,91066.53,91066.57,157.25918829,2025-11-28 07:30:00
1764315900000,91066.57,91096.67,90868.69,90916.27,175.80364538,2025-11-28 07:45:00
1764316800000,90916.27,91240.57,90912.87,91127.21,113.86462866,2025-11-28 08:00:00
1764317700000,91127.21,91242.28,91108.75,91149.29,80.76819065,2025-11-28 08:15:00
1764318600000,91149.29,91284.24,91015.87,91132.12,65.51069866,2025-11-28 08:30:00
1764319500000,91132.12,91705.62,91120.93,91667.25,132.99216815,2025-11-28 08:45:00
1764320400000,91667.25,91842.0,91518.97,91673.16,119.51459879,2025-11-28 09:00:00
1764321300000,91673.16,91691.65,91513.91,91622.11,70.40528151,2025-11-28 09:15:00
1764322200000,91622.11,91636.49,91435.83,91476.46,73.22561199,2025-11-28 09:30:00
1764323100000,91476.46,91598.88,91476.46,91598.88,56.94136928,2025-11-28 09:45:00
1764324000000,91598.88,91599.7,91479.69,91529.37,44.46934752,2025-11-28 10:00:00
1764324900000,91529.37,91638.74,91486.32,91568.87,93.31381713,2025-11-28 10:15:00
1764325800000,91568.87,91670.87,91532.47,91625.99,76.00772696,2025-11-28 10:30:00
1764326700000,91625.99,91872.56,91588.12,91840.0,132.03016729,2025-11-28 10:45:00
1764327600000,91840.0,92013.0,91400.0,91418.04,137.65676099,2025-11-28 11:00:00
1764328500000,91418.04,91418.04,91067.99,91298.42,121.92532655,2025-11-28 11:15:00
1764329400000,91298.42,91361.76,91226.48,91299.67,58.96433693,2025-11-28 11:30:00
1764330300000,91299.67,91479.93,91299.67,91440.46,66.79058984,2025-11-28 11:45:00
1764331200000,91440.46,91599.81,91419.92,91524.98,81.17582735,2025-11-28 12:00:00
1764332100000,91524.98,91611.0,91428.45,91555.42,41.59936884,2025-11-28 12:15:00
1764333000000,91555.42,91688.69,91454.62,91480.01,60.6762092,2025-11-28 12:30:00
1764333900000,91480.01,91520.2,91405.75,91513.38,29.59710558,2025-11-28 12:45:00
1764334800000,91513.38,91629.62,91390.0,91489.99,75.63234244,2025-11-28 13:00:00
1764335700000,91489.99,91599.92,91433.78,91549.61,44.4481904,2025-11-28 13:15:00
1764336600000,91549.61,91930.45,91496.91,91836.08,137.28460404,2025-11-28 13:30:00
1764337500000,91836.08,92635.74,91836.08,92370.12,202.76996778,2025-11-28 13:45:00
1764338400000,92370.12,92519.07,92203.53,92342.28,229.0166883,2025-11-28 14:00:00
1764339300000,92342.28,92967.68,92328.69,92950.79,164.31568497,2025-11-28 14:15:00
1764340200000,92950.79,93082.79,91974.13,92007.67,186.23971267,2025-11-28 14:30:00
1764341100000,92007.67,92315.87,91826.84,92224.27,261.26304872,2025-11-28 14:45:00
1764342000000,92224.27,92414.99,91996.56,92281.7,180.32337174,2025-11-28 15:00:00
1764342900000,92281.7,92710.03,92279.85,92674.24,180.6023162,2025-11-28 15:15:00
1764343800000,92674.24,92796.05,92509.53,92526.8,145.64429788,2025-11-28 15:30:00
1764344700000,92526.8,92529.09,92285.24,92363.11,170.08670461,2025-11-28 15:45:00
1764345600000,92363.11,92375.11,91843.78,91874.81,170.68460058,2025-11-28 16:00:00
1764346500000,91874.81,92029.86,91124.3,91189.25,147.00517434,2025-11-28 16:15:00
1764347400000,91189.25,91568.99,90992.48,91568.99,124.07977265,2025-11-28 16:30:00
1764348300000,91568.99,91614.72,90879.73,90938.6,140.8327444,2025-11-28 16:45:00
1764349200000,90938.6,91180.41,90833.9,90928.63,170.57533807,2025-11-28 17:00:00
1764350100000,90928.63,90928.63,90454.52,90481.86,389.00391813,2025-11-28 17:15:00
1764351000000,90481.86,90592.89,90184.81,90249.18,416.16045323,2025-11-28 17:30:00
1764351900000,90249.18,90815.21,90249.17,90628.8,206.90705641,2025-11-28 17:45:00
1764352800000,90628.8,90911.38,90421.63,90890.0,164.34482517,2025-11-28 18:00:00
1764353700000,90890.0,90900.04,90599.53,90791.25,60.95317915,2025-11-28 18:15:00
1764354600000,90791.25,90879.28,90684.78,90812.48,44.81824935,2025-11-28 18:30:00
1764355500000,90812.48,90958.14,90687.62,90828.37,51.22289446,2025-11-28 18:45:00
1764356400000,90828.37,90982.71,90819.4,90982.7,34.88925481,2025-11-28 19:00:00
1764357300000,90982.7,91171.72,90897.96,91116.95,88.19855962,2025-11-28 19:15:00
1764358200000,91116.95,91200.0,91008.88,91127.91,41.67039401,2025-11-28 19:30:00
1764359100000,91127.91,91193.32,91055.94,91159.07,50.46104697,2025-11-28 19:45:00
1764360000000,91159.07,91159.11,90868.76,91030.28,42.69994605,2025-11-28 20:00:00
1764360900000,91030.28,91197.25,90946.61,91156.99,64.29470389,2025-11-28 20:15:00
1764361800000,91156.99,91220.0,91070.39,91122.24,41.06251979,2025-11-28 20:30:00
1764362700000,91122.24,91199.51,91050.5,91198.88,32.44025866,2025-11-28 20:45:00
1764363600000,91198.88,91244.95,91133.35,91147.22,30.48879567,2025-11-28 21:00:00
1764364500000,91147.22,91156.96,91019.0,91134.59,43.13942164,2025-11-28 21:15:00
1764365400000,91134.59,91237.28,91104.11,91237.14,19.76453828,2025-11-28 21:30:00
1764366300000,91237.14,91237.15,90885.48,90885.53,41.70808036,2025-11-28 21:45:00
1764367200000,90885.53,91005.51,90760.0,90818.52,60.42243362,2025-11-28 22:00:00
1764368100000,90818.52,90952.99,90703.51,90868.69,39.3641095,2025-11-28 22:15:00
1764369000000,90868.69,91027.61,90868.69,90998.26,30.41701209,2025-11-28 22:30:00
1764369900000,90998.26,91157.06,90998.26,91111.41,30.22829791,2025-11-28 22:45:00
1764370800000,91111.41,91189.77,91009.35,91118.01,41.78490302,2025-11-28 23:00:00
1764371700000,91118.01,91124.55,90982.01,90982.08,18.92040508,2025-11-28 23:15:00
1764372600000,90982.08,91040.07,90923.76,91000.24,22.74211933,2025-11-28 23:30:00
1764373500000,91000.24,91000.24,90890.12,90890.12,43.54783402,2025-11-28 23:45:00
1764374400000,90890.12,90961.6,90861.8,90867.72,30.18079183,2025-11-29 00:00:00
1764375300000,90867.72,90953.77,90769.86,90898.89,37.71614954,2025-11-29 00:15:00
1764376200000,90898.89,90971.15,90824.13,90944.49,24.47203782,2025-11-29 00:30:00
1764377100000,90944.49,90947.49,90845.29,90887.05,22.37819419,2025-11-29 00:45:00
1764378000000,90887.05,91043.91,90861.82,91043.91,28.18726178,2025-11-29 01:00:00
1764378900000,91043.91,91107.12,90948.34,90967.38,26.86619174,2025-11-29 01:15:00
1764379800000,90967.38,90967.38,90800.0,90857.6,27.75079566,2025-11-29 01:30:00
1764380700000,90857.6,90914.81,90805.47,90883.58,30.15134774,2025-11-29 01:45:00
1764381600000,90883.58,90893.03,90800.0,90857.2,48.00215712,2025-11-29 02:00:00
1764382500000,90857.2,90927.13,90850.0,90850.0,40.05159601,2025-11-29 02:15:00
1764383400000,90850.0,90850.0,90551.4,90672.68,86.12697644,2025-11-29 02:30:00
1764384300000,90672.68,90805.22,90599.17,90798.82,40.3920095,2025-11-29 02:45:00
1764385200000,90798.82,90874.04,90780.8,90821.99,38.63873801,2025-11-29 03:00:00
1764386100000,90821.99,90858.82,90724.85,90728.56,42.49193898,2025-11-29 03:15:00
1764387000000,90728.56,90771.59,90673.61,90685.67,22.85805218,2025-11-29 03:30:00
1764387900000,90685.67,90701.02,90669.1,90679.44,16.92985384,2025-11-29 03:45:00
1764388800000,90679.44,90700.09,90616.26,90619.19,23.10942936,2025-11-29 04:00:00
1764389700000,90619.19,90697.69,90548.26,90695.49,30.86233683,2025-11-29 04:15:00
1764390600000,90695.49,90809.05,90681.48,90779.07,28.07526306,2025-11-29 04:30:00
1764391500000,90779.07,90914.33,90779.07,90904.29,36.05904076,2025-11-29 04:45:00
1764392400000,90904.29,90913.62,90779.85,90804.3,37.11416358,2025-11-29 05:00:00
1764393300000,90804.3,90934.44,90777.88,90898.09,38.55148508,2025-11-29 05:15:00
1764394200000,90898.09,90927.12,90844.73,90868.08,25.60240607,2025-11-29 05:30:00
1764395100000,90868.08,90873.86,90736.14,90750.17,19.08144858,2025-11-29 05:45:00
1764396000000,90750.17,90835.47,90725.65,90827.67,19.86970129,2025-11-29 06:00:00
1764396900000,90827.67,90827.67,90395.25,90558.77,106.67688136,2025-11-29 06:15:00
1764397800000,90558.77,90583.97,90314.16,90541.27,92.29813963,2025-11-29 06:30:00
1764398700000,90541.27,90593.09,90485.52,90562.81,59.05736679,2025-11-29 06:45:00
1764399600000,90562.81,90664.59,90486.47,90552.45,27.34661245,2025-11-29 07:00:00
1764400500000,90552.45,90621.84,90459.23,90489.37,28.67611485,2025-11-29 07:15:00
1764401400000,90489.37,90521.87,90374.74,90435.86,44.99072002,2025-11-29 07:30:00
1764402300000,90435.86,90582.26,90422.99,90568.28,67.12901244,2025-11-29 07:45:00
1764403200000,90568.28,90666.66,90478.1,90632.99,33.03491126,2025-11-29 08:00:00
1764404100000,90632.99,90740.28,90621.65,90624.88,48.98150579,2025-11-29 08:15:00
1764405000000,90624.88,90715.63,90570.4,90631.54,28.11732904,2025-11-29 08:30:00
1764405900000,90631.54,90640.53,90561.2,90627.75,16.91792142,2025-11-29 08:45:00
1764406800000,90627.75,90662.46,90508.71,90590.61,81.40488242,2025-11-29 09:00:00
1764407700000,90590.61,90628.13,90523.99,90525.37,22.48760124,2025-11-29 09:15:00
1764408600000,90525.37,90588.5,90503.62,90582.06,21.04420284,2025-11-29 09:30:00
1764409500000,90582.06,90615.3,90556.48,90560.13,28.60263837,2025-11-29 09:45:00
1764410400000,90560.13,90627.0,90501.83,90566.78,31.82648544,2025-11-29 10:00:00
1764411300000,90566.78,90608.54,90384.0,90595.15,71.48048693,2025-11-29 10:15:00
1764412200000,90595.15,90633.77,90575.15,90604.18,32.51851667,2025-11-29 10:30:00
1764413100000,90604.18,90645.16,90530.6,90558.11,38.10736814,2025-11-29 10:45:00
1764414000000,90558.11,90612.63,90455.16,90597.16,36.56729573,2025-11-29 11:00:00
1764414900000,90597.16,90607.81,90508.33,90543.49,21.56976443,2025-11-29 11:15:00
1764415800000,90543.49,90620.95,90495.07,90597.02,41.70614666,2025-11-29 11:30:00
1764416700000,90597.02,90680.32,90586.99,90671.25,24.48367453,2025-11-29 11:45:00
1764417600000,90671.25,90809.51,90650.0,90659.45,54.56223076,2025-11-29 12:00:00
1764418500000,90659.45,90669.23,90555.45,90557.66,35.61747988,2025-11-29 12:15:00
1764419400000,90557.66,90622.68,90533.0,90622.28,33.91240673,2025-11-29 12:30:00
1764420300000,90622.28,90716.31,90612.27,90615.02,25.86610223,2025-11-29 12:45:00
1764421200000,90615.02,90694.02,90598.97,90614.77,32.010387,2025-11-29 13:00:00
1764422100000,90614.77,90784.55,90592.91,90764.28,51.42047921,2025-11-29 13:15:00
1764423000000,90764.28,90800.0,90686.73,90742.85,33.52317781,2025-11-29 13:30:00
1764423900000,90742.85,90800.0,90742.85,90782.26,25.89450107,2025-11-29 13:45:00
1764424800000,90782.26,90782.26,90672.4,90732.68,33.38291036,2025-11-29 14:00:00
1764425700000,90732.68,90738.76,90650.0,90665.88,42.38178789,2025-11-29 14:15:00
1764426600000,90665.88,90712.06,90628.87,90665.37,38.26521056,2025-11-29 14:30:00
1764427500000,90665.37,90697.05,90607.51,90618.87,32.7837782,2025-11-29 14:45:00
1764428400000,90618.87,90758.8,90618.87,90755.79,46.06287467,2025-11-29 15:00:00
1764429300000,90755.79,91109.67,90755.79,90885.04,120.85746558,2025-11-29 15:15:00
1764430200000,90885.04,90940.0,90847.12,90873.93,36.19514195,2025-11-29 15:30:00
1764431100000,90873.93,91064.88,90873.93,91064.88,48.58323296,2025-11-29 15:45:00
1764432000000,91064.88,91080.0,90951.64,91002.15,47.00594533,2025-11-29 16:00:00
1764432900000,91002.15,91168.76,90873.6,90909.07,53.42917557,2025-11-29 16:15:00
1764433800000,90909.07,90977.1,90909.07,90938.73,24.2803255,2025-11-29 16:30:00
1764434700000,90938.73,91022.0,90865.26,91007.05,25.56996314,2025-11-29 16:45:00
1764435600000,91007.05,91021.99,90701.73,90702.86,154.20409057,2025-11-29 17:00:00
1764436500000,90702.86,90768.63,90600.01,90708.33,154.22063234,2025-11-29 17:15:00
1764437400000,90708.33,90708.42,90459.05,90575.94,99.46038836,2025-11-29 17:30:00
1764438300000,90575.94,90624.62,90425.0,90425.0,74.17106209,2025-11-29 17:45:00
1764439200000,90425.0,90550.63,90170.0,90373.13,114.36230913,2025-11-29 18:00:00
1764440100000,90373.13,90497.52,90197.32,90300.66,143.79094539,2025-11-29 18:15:00
1764441000000,90300.66,90631.32,90225.0,90576.41,75.38793006,2025-11-29 18:30:00
1764441900000,90576.41,90716.13,90563.14,90693.15,57.11866188,2025-11-29 18:45:00
1764442800000,90693.15,90790.72,90602.91,90726.9,74.98554485,2025-11-29 19:00:00
1764443700000,90726.9,90852.05,90695.84,90808.54,35.89028823,2025-11-29 19:15:00
1764444600000,90808.54,90825.03,90622.42,90637.14,33.40778292,2025-11-29 19:30:00
1764445500000,90637.14,90673.08,90596.45,90651.23,32.01332277,2025-11-29 19:45:00
1764446400000,90651.23,90651.23,90403.91,90451.25,65.06252857,2025-11-29 20:00:00
1764447300000,90451.25,90683.3,90436.69,90656.35,33.54795709,2025-11-29 20:15:00
1764448200000,90656.35,90821.96,90645.85,90801.59,23.16606863,2025-11-29 20:30:00
1764449100000,90801.59,91035.54,90783.81,90963.38,79.41371878,2025-11-29 20:45:00
1764450000000,90963.38,91012.6,90814.22,90850.31,31.92922322,2025-11-29 21:00:00
1764450900000,90850.31,90971.37,90814.44,90941.39,26.43558611,2025-11-29 21:15:00
1764451800000,90941.39,91044.84,90913.43,91029.32,27.20865966,2025-11-29 21:30:00
1764452700000,91029.32,91052.22,90931.31,91007.92,20.43415805,2025-11-29 21:45:00
1764453600000,91007.92,91007.92,90726.97,90744.8,28.99941729,2025-11-29 22:00:00
1764454500000,90744.8,90821.06,90707.09,90731.69,91.07192155,2025-11-29 22:15:00
1764455400000,90731.69,90904.0,90703.31,90890.41,33.19952578,2025-11-29 22:30:00
1764456300000,90890.41,90921.11,90742.82,90755.18,29.87922772,2025-11-29 22:45:00
1764457200000,90755.18,90810.77,90692.11,90716.35,23.37754101,2025-11-29 23:00:00
1764458100000,90716.35,90890.79,90710.94,90820.28,15.32443585,2025-11-29 23:15:00
1764459000000,90820.28,90899.63,90820.04,90853.77,23.24980566,2025-11-29 23:30:00
1764459900000,90853.77,90854.55,90753.24,90805.0,18.74820649,2025-11-29 23:45:00
1764460800000,90805.0,90919.52,90767.54,90899.35,22.74214448,2025-11-30 00:00:00
1764461700000,90899.35,90947.57,90843.32,90864.57,16.60310008,2025-11-30 00:15:00
1764462600000,90864.57,90900.86,90817.29,90863.9,18.04159027,2025-11-30 00:30:00
1764463500000,90863.9,90894.85,90812.28,90894.8,17.95681554,2025-11-30 00:45:00
1764464400000,90894.8,91025.45,90863.16,91006.27,60.06622982,2025-11-30 01:00:00
1764465300000,91006.27,91054.14,90906.99,90953.37,33.52679317,2025-11-30 01:15:00
1764466200000,90953.37,91020.34,90930.65,90959.96,31.81995717,2025-11-30 01:30:00
1764467100000,90959.96,90961.14,90900.0,90910.18,22.71564783,2025-11-30 01:45:00
1764468000000,90910.18,91030.67,90910.18,90942.32,63.28513463,2025-11-30 02:00:00
1764468900000,90942.32,90989.56,90897.83,90956.97,58.3858973,2025-11-30 02:15:00
1764469800000,90956.97,90990.92,90827.1,90846.49,31.49753463,2025-11-30 02:30:00
1764470700000,90846.49,90868.59,90750.0,90781.94,38.11561613,2025-11-30 02:45:00
1764471600000,90781.94,90817.2,90604.01,90614.2,88.18469701,2025-11-30 03:00:00
1764472500000,90614.2,90725.0,90467.81,90687.29,88.70907732,2025-11-30 03:15:00
1764473400000,90687.29,90910.54,90673.86,90904.86,44.54771696,2025-11-30 03:30:00
1764474300000,90904.86,90919.41,90857.95,90906.31,23.78933384,2025-11-30 03:45:00
1764475200000,90906.31,90967.38,90864.5,90934.39,24.85037666,2025-11-30 04:00:00
1764476100000,90934.39,90935.32,90857.96,90868.08,10.74171723,2025-11-30 04:15:00
1764477000000,90868.08,90896.71,90824.22,90837.97,12.31015478,2025-11-30 04:30:00
1764477900000,90837.97,90857.19,90800.0,90857.19,11.73846709,2025-11-30 04:45:00
1764478800000,90857.19,90857.19,90732.42,90779.8,21.61112094,2025-11-30 05:00:00
1764479700000,90779.8,90799.29,90676.96,90695.3,23.21525468,2025-11-30 05:15:00
1764480600000,90695.3,90779.95,90684.66,90758.98,19.51529598,2025-11-30 05:30:00
1764481500000,90758.98,90817.9,90729.04,90784.43,22.69165547,2025-11-30 05:45:00
1764482400000,90784.43,90868.74,90718.46,90768.03,21.44260387,2025-11-30 06:00:00
1764483300000,90768.03,90910.24,90719.43,90909.78,15.32703429,2025-11-30 06:15:00
1764484200000,90909.78,90939.41,90889.29,90920.0,19.86968441,2025-11-30 06:30:00
1764485100000,90920.0,90922.66,90870.46,90898.86,25.24260211,2025-11-30 06:45:00
1764486000000,90898.86,90967.06,90860.13,90967.06,16.28509023,2025-11-30 07:00:00
1764486900000,90967.06,90975.37,90930.07,90954.51,18.44744832,2025-11-30 07:15:00
1764487800000,90954.51,90969.84,90900.0,90915.44,17.95798232,2025-11-30 07:30:00
1764488700000,90915.44,91036.99,90909.95,90967.75,48.59460325,2025-11-30 07:45:00
1764489600000,90967.75,91038.36,90926.86,90984.54,69.07408353,2025-11-30 08:00:00
1764490500000,90984.54,91400.0,90964.22,91160.07,237.03741131,2025-11-30 08:15:00
1764491400000,91160.07,91225.96,90938.98,91178.47,142.19663327,2025-11-30 08:30:00
1764492300000,91178.47,91298.74,91117.37,91182.88,77.3592125,2025-11-30 08:45:00
1764493200000,91182.88,91583.18,91137.3,91502.88,220.58095137,2025-11-30 09:00:00
1764494100000,91502.88,91626.45,91331.25,91417.65,153.33094699,2025-11-30 09:15:00
1764495000000,91417.65,91429.11,91325.34,91414.42,38.39419247,2025-11-30 09:30:00
1764495900000,91414.42,91452.96,91304.23,91413.7,40.63347408,2025-11-30 09:45:00
1764496800000,91413.7,91475.93,91242.94,91265.79,51.9834841,2025-11-30 10:00:00
1764497700000,91265.79,91397.97,91241.62,91397.92,25.3353426,2025-11-30 10:15:00
1764498600000,91397.92,91397.92,91215.72,91225.79,28.33130734,2025-11-30 10:30:00
1764499500000,91225.79,91289.24,91201.09,91237.01,24.93828261,2025-11-30 10:45:00
1764500400000,91237.01,91375.08,91208.98,91329.49,111.77666518,2025-11-30 11:00:00
1764501300000,91329.49,91342.5,91225.46,91254.93,28.12008188,2025-11-30 11:15:00
1764502200000,91254.93,91274.95,91119.34,91148.17,69.29495595,2025-11-30 11:30:00
1764503100000,91148.17,91198.47,91017.15,91047.16,57.87753358,2025-11-30 11:45:00
1764504000000,91047.16,91257.15,91016.19,91242.37,51.7604372,2025-11-30 12:00:00
1764504900000,91242.37,91366.24,91242.37,91260.82,50.51729774,2025-11-30 12:15:00
1764505800000,91260.82,91464.82,91213.83,91442.63,63.51794475,2025-11-30 12:30:00
1764506700000,91442.63,91514.53,91400.14,91470.92,72.24279529,2025-11-30 12:45:00
1764507600000,91470.92,91511.81,91402.12,91467.62,41.75619897,2025-11-30 13:00:00
1764508500000,91467.62,91999.99,91467.61,91848.11,162.78930013,2025-11-30 13:15:00
1764509400000,91848.11,91876.26,91686.58,91686.72,232.7607781,2025-11-30 13:30:00
1764510300000,91686.72,91788.53,91638.88,91768.36,43.61505226,2025-11-30 13:45:00
1764511200000,91768.36,91778.16,91643.36,91685.06,34.73893895,2025-11-30 14:00:00
1764512100000,91685.06,91689.6,91500.0,91555.14,67.14843344,2025-11-30 14:15:00
1764513000000,91555.14,91585.25,91260.32,91359.42,144.38678711,2025-11-30 14:30:00
1764513900000,91359.42,91500.79,91335.67,91500.75,41.73024476,2025-11-30 14:45:00
1764514800000,91500.75,91500.75,91328.31,91419.9,35.31702179,2025-11-30 15:00:00
1764515700000,91419.9,91612.99,91357.18,91586.2,45.96391946,2025-11-30 15:15:00
1764516600000,91586.2,91586.2,91367.93,91435.59,184.06269264,2025-11-30 15:30:00
1764517500000,91435.59,91499.5,91419.18,91435.96,24.83550195,2025-11-30 15:45:00
1764518400000,91435.96,91500.0,91406.75,91500.0,38.81303453,2025-11-30 16:00:00
1764519300000,91500.0,91781.19,91475.75,91754.87,79.26408177,2025-11-30 16:15:00
1764520200000,91754.87,91769.16,91640.61,91700.73,27.78952001,2025-11-30 16:30:00
1764521100000,91700.73,91852.73,91686.34,91815.0,51.83651865,2025-11-30 16:45:00
1764522000000,91815.0,91819.58,91358.0,91414.49,72.9082044,2025-11-30 17:00:00
1764522900000,91414.49,91516.63,91355.82,91377.63,49.55452565,2025-11-30 17:15:00
1764523800000,91377.63,91530.46,91315.17,91483.35,32.30219359,2025-11-30 17:30:00
1764524700000,91483.35,91550.0,91472.33,91489.09,30.34137259,2025-11-30 17:45:00
1764525600000,91489.09,91489.09,91170.78,91304.67,73.17108156,2025-11-30 18:00:00
1764526500000,91304.67,91400.0,91234.88,91397.33,22.0650047,2025-11-30 18:15:00
1764527400000,91397.33,91431.32,91339.0,91390.62,31.53894713,2025-11-30 18:30:00
1764528300000,91390.62,91478.73,91377.09,91461.92,20.0663124,2025-11-30 18:45:00
1764529200000,91461.92,91487.91,91409.29,91456.74,26.05666973,2025-11-30 19:00:00
1764530100000,91456.74,91500.0,91300.2,91348.57,25.84385973,2025-11-30 19:15:00
1764531000000,91348.57,91479.05,91311.57,91450.27,22.64034415,2025-11-30 19:30:00
1764531900000,91450.27,91491.56,91427.26,91460.65,21.69554936,2025-11-30 19:45:00
1764532800000,91460.65,91629.49,91419.98,91565.49,35.29245663,2025-11-30 20:00:00
1764533700000,91565.49,91565.49,91308.19,91316.38,39.70908659,2025-11-30 20:15:00
1764534600000,91316.38,91337.29,91190.01,91279.44,33.32709166,2025-11-30 20:30:00
1764535500000,91279.44,91358.9,91265.81,91318.61,47.64326185,2025-11-30 20:45:00
1764536400000,91318.61,91333.61,90999.63,91166.2,45.03857234,2025-11-30 21:00:00
1764537300000,91166.2,91227.86,90900.0,91055.24,75.18618935,2025-11-30 21:15:00
1764538200000,91055.24,91192.32,91045.78,91066.88,92.72524124,2025-11-30 21:30:00
1764539100000,91066.88,91190.01,91066.87,91169.2,37.33667793,2025-11-30 21:45:00
1764540000000,91169.2,91326.74,91169.2,91274.89,31.22708724,2025-11-30 22:00:00
1764540900000,91274.89,91349.81,91199.25,91229.49,55.04966859,2025-11-30 22:15:00
1764541800000,91229.49,91229.49,91049.54,91090.21,43.10048006,2025-11-30 22:30:00
1764542700000,91090.21,91250.29,91049.99,91228.97,27.58758899,2025-11-30 22:45:00
1764543600000,91228.97,91256.35,90869.32,90972.48,82.77565604,2025-11-30 23:00:00
1764544500000,90972.48,90972.48,90650.95,90661.76,73.26772412,2025-11-30 23:15:00
1764545400000,90661.76,90717.6,90511.01,90673.81,130.53358945,2025-11-30 23:30:00
1764546300000,90673.81,90744.02,90339.98,90380.48,191.42254922,2025-11-30 23:45:00
