timestamp,open,high,low,close,volume,datetime
1767225600000,87648.54,87811.44,87632.3,87742.0,61.12337341,2026-01-01 00:00:00
1767226500000,87742.0,87776.63,87741.99,87775.86,16.8801721,2026-01-01 00:15:00
1767227400000,87775.86,87775.99,87735.0,87748.49,36.3108192,2026-01-01 00:30:00
1767228300000,87748.49,87849.7,87748.44,87808.85,50.19735509,2026-01-01 00:45:00
1767229200000,87808.85,88013.45,87808.79,87999.56,76.06937825,2026-01-01 01:00:00
1767230100000,87999.56,88050.0,87874.86,87875.52,46.26619119,2026-01-01 01:15:00
1767231000000,87875.52,87903.02,87841.55,87886.44,20.06841383,2026-01-01 01:30:00
1767231900000,87886.44,88016.34,87881.76,87960.44,35.24071555,2026-01-01 01:45:00
1767232800000,87960.44,88025.71,87901.9,87993.65,26.74911653,2026-01-01 02:00:00
1767233700000,87993.65,88087.82,87939.25,87958.05,46.2976523,2026-01-01 02:15:00
1767234600000,87958.05,88055.46,87943.89,87956.05,37.5959638,2026-01-01 02:30:00
1767235500000,87956.05,87963.94,87892.0,87913.56,39.65153602,2026-01-01 02:45:00
1767236400000,87913.56,87984.16,87885.54,87983.94,33.20650865,2026-01-01 03:00:00
1767237300000,87983.94,88015.99,87899.68,87935.4,30.06492993,2026-01-01 03:15:00
1767238200000,87935.4,87954.91,87904.1,87936.8,15.21783083,2026-01-01 03:30:00
1767239100000,87936.8,87937.69,87834.81,87845.7,28.90222676,2026-01-01 03:45:00
1767240000000,87845.7,87857.12,87643.83,87650.44,40.84172339,2026-01-01 04:00:00
1767240900000,87650.44,87701.25,87558.57,87632.71,77.26285409,2026-01-01 04:15:00
1767241800000,87632.71,87670.51,87542.37,87550.11,128.93112049,2026-01-01 04:30:00
1767242700000,87550.11,87657.12,87550.11,87590.03,90.1634207,2026-01-01 04:45:00
1767243600000,87590.03,87725.53,87589.97,87694.48,35.36216,2026-01-01 05:00:00
1767244500000,87694.48,87725.28,87658.45,87708.49,49.99825055,2026-01-01 05:15:00
1767245400000,87708.49,87733.9,87630.29,87700.44,101.22298758,2026-01-01 05:30:00
1767246300000,87700.44,87721.21,87696.71,87704.07,17.92340066,2026-01-01 05:45:00
1767247200000,87704.07,87704.08,87635.68,87650.38,42.32871826,2026-01-01 06:00:00
1767248100000,87650.38,87664.31,87648.63,87656.35,15.79881381,2026-01-01 06:15:00
1767249000000,87656.35,87669.54,87656.35,87658.7,22.63903531,2026-01-01 06:30:00
1767249900000,87658.7,87659.78,87657.35,87657.57,8.79665511,2026-01-01 06:45:00
1767250800000,87657.57,87669.53,87595.27,87642.3,29.53591851,2026-01-01 07:00:00
1767251700000,87642.3,87666.22,87602.19,87605.98,19.07366621,2026-01-01 07:15:00
1767252600000,87605.98,87669.03,87605.9,87642.42,63.50959447,2026-01-01 07:30:00
1767253500000,87642.42,87669.53,87613.0,87632.31,46.88562604,2026-01-01 07:45:00
1767254400000,87632.31,87810.89,87631.03,87750.88,85.72358816,2026-01-01 08:00:00
1767255300000,87750.88,87773.58,87711.53,87739.07,31.7828222,2026-01-01 08:15:00
1767256200000,87739.07,87778.94,87700.0,87700.18,68.90111183,2026-01-01 08:30:00
1767257100000,87700.18,87770.91,87700.08,87770.91,17.0765559,2026-01-01 08:45:00
1767258000000,87770.91,87849.72,87746.63,87849.7,31.91361943,2026-01-01 09:00:00
1767258900000,87849.7,87965.03,87820.4,87835.81,69.03772885,2026-01-01 09:15:00
1767259800000,87835.81,87877.06,87835.57,87876.18,14.13650229,2026-01-01 09:30:00
1767260700000,87876.18,87879.18,87860.46,87878.34,34.56038908,2026-01-01 09:45:00
1767261600000,87878.34,87884.01,87868.45,87871.95,40.09792617,2026-01-01 10:00:00
1767262500000,87871.95,87871.96,87798.72,87847.19,22.16203051,2026-01-01 10:15:00
1767263400000,87847.19,87857.03,87839.53,87839.56,13.98531693,2026-01-01 10:30:00
1767264300000,87839.56,87880.45,87839.55,87862.38,19.37249641,2026-01-01 10:45:00
1767265200000,87862.38,87951.18,87855.82,87939.55,34.90265898,2026-01-01 11:00:00
1767266100000,87939.55,87982.88,87924.97,87926.62,40.91031712,2026-01-01 11:15:00
1767267000000,87926.62,87956.47,87879.42,87915.47,37.57763849,2026-01-01 11:30:00
1767267900000,87915.47,88025.09,87915.46,88024.26,31.54741827,2026-01-01 11:45:00
1767268800000,88024.26,88037.68,87981.64,88003.34,35.49749601,2026-01-01 12:00:00
1767269700000,88003.34,88023.43,87951.07,88004.41,37.23007606,2026-01-01 12:15:00
1767270600000,88004.41,88005.19,87924.84,87978.56,31.73133029,2026-01-01 12:30:00
1767271500000,87978.56,87988.86,87949.42,87949.52,36.99072209,2026-01-01 12:45:00
1767272400000,87949.52,87992.42,87891.38,87991.02,18.27728311,2026-01-01 13:00:00
1767273300000,87991.02,88020.27,87964.29,87986.66,27.52401777,2026-01-01 13:15:00
1767274200000,87986.66,87989.91,87950.83,87988.55,18.41598569,2026-01-01 13:30:00
1767275100000,87988.55,87988.56,87868.0,87921.09,46.66528394,2026-01-01 13:45:00
1767276000000,87921.09,87964.44,87816.08,87955.0,121.56400267,2026-01-01 14:00:00
1767276900000,87955.0,87967.15,87846.14,87871.85,75.18116003,2026-01-01 14:15:00
1767277800000,87871.85,87911.29,87810.22,87911.29,49.62079588,2026-01-01 14:30:00
1767278700000,87911.29,87971.8,87893.76,87966.62,43.46949447,2026-01-01 14:45:00
1767279600000,87966.62,87984.01,87916.64,87983.95,37.5333344,2026-01-01 15:00:00
1767280500000,87983.95,88081.45,87974.31,88007.56,50.18786756,2026-01-01 15:15:00
1767281400000,88007.56,88103.36,87943.86,88019.91,66.17753901,2026-01-01 15:30:00
1767282300000,88019.91,88092.3,87987.02,88032.51,33.74877214,2026-01-01 15:45:00
1767283200000,88032.51,88046.43,87914.81,87942.7,59.72104675,2026-01-01 16:00:00
1767284100000,87942.7,87960.68,87877.0,87954.78,29.44126887,2026-01-01 16:15:00
1767285000000,87954.78,87994.5,87938.88,87941.04,21.11582109,2026-01-01 16:30:00
1767285900000,87941.04,87987.19,87940.14,87986.29,28.60820826,2026-01-01 16:45:00
1767286800000,87986.29,88075.45,87972.54,88053.78,23.65896181,2026-01-01 17:00:00
1767287700000,88053.78,88272.79,88035.53,88257.32,80.88608302,2026-01-01 17:15:00
1767288600000,88257.32,88500.0,88257.31,88347.24,135.14046308,2026-01-01 17:30:00
1767289500000,88347.24,88449.62,88290.0,88316.07,98.40950811,2026-01-01 17:45:00
1767290400000,88316.07,88364.35,88170.36,88170.77,80.15926539,2026-01-01 18:00:00
1767291300000,88170.77,88294.92,88104.63,88104.64,65.82008344,2026-01-01 18:15:00
1767292200000,88104.64,88180.41,88104.64,88175.72,27.32190633,2026-01-01 18:30:00
1767293100000,88175.72,88213.67,88156.41,88193.49,28.13790278,2026-01-01 18:45:00
1767294000000,88193.49,88194.4,88062.69,88111.25,62.39000707,2026-01-01 19:00:00
1767294900000,88111.25,88169.48,88111.21,88166.3,23.7869439,2026-01-01 19:15:00
1767295800000,88166.3,88337.31,88166.3,88330.35,39.82022226,2026-01-01 19:30:00
1767296700000,88330.35,88432.1,88302.63,88363.07,59.72610991,2026-01-01 19:45:00
1767297600000,88363.07,88389.73,88306.09,88337.95,30.88870103,2026-01-01 20:00:00
1767298500000,88337.95,88365.65,88317.3,88364.99,19.660517,2026-01-01 20:15:00
1767299400000,88364.99,88364.99,88241.27,88242.16,30.31209788,2026-01-01 20:30:00
1767300300000,88242.16,88281.4,88241.27,88256.16,16.57353273,2026-01-01 20:45:00
1767301200000,88256.16,88447.39,88252.52,88386.75,39.03369771,2026-01-01 21:00:00
1767302100000,88386.75,88399.82,88332.03,88377.5,28.2637785,2026-01-01 21:15:00
1767303000000,88377.5,88396.6,88324.73,88324.74,36.7808397,2026-01-01 21:30:00
1767303900000,88324.74,88397.82,88296.92,88377.27,24.0771025,2026-01-01 21:45:00
1767304800000,88377.27,88580.29,88377.26,88500.0,81.2973169,2026-01-01 22:00:00
1767305700000,88500.0,88583.19,88473.69,88533.18,67.88496958,2026-01-01 22:15:00
1767306600000,88533.18,88595.0,88429.54,88584.72,56.27961834,2026-01-01 22:30:00
1767307500000,88584.72,88699.53,88538.81,88645.15,70.05450052,2026-01-01 22:45:00
1767308400000,88645.15,88766.7,88475.9,88579.55,117.23463307,2026-01-01 23:00:00
1767309300000,88579.55,88788.0,88579.55,88735.3,136.38382313,2026-01-01 23:15:00
1767310200000,88735.3,88875.0,88735.3,88875.0,94.6883186,2026-01-01 23:30:00
1767311100000,88875.0,88919.28,88753.67,88839.44,75.56769452,2026-01-01 23:45:00
1767312000000,88839.44,88868.49,88600.79,88634.06,114.27607681,2026-01-02 00:00:00
1767312900000,88634.06,88719.44,88593.94,88717.07,45.30911258,2026-01-02 00:15:00
1767313800000,88717.07,88876.77,88650.62,88696.8,91.20591476,2026-01-02 00:30:00
1767314700000,88696.8,88884.54,88696.8,88833.56,66.98872016,2026-01-02 00:45:00
1767315600000,88833.56,88873.14,88736.79,88759.44,44.78208259,2026-01-02 01:00:00
1767316500000,88759.44,88759.44,88682.08,88690.33,46.67444575,2026-01-02 01:15:00
1767317400000,88690.33,88710.93,88525.28,88636.56,66.30641555,2026-01-02 01:30:00
1767318300000,88636.56,88668.33,88573.15,88640.34,23.86748284,2026-01-02 01:45:00
1767319200000,88640.34,88665.56,88434.83,88486.29,49.40469861,2026-01-02 02:00:00
1767320100000,88486.29,88527.89,88390.76,88423.94,65.29633867,2026-01-02 02:15:00
1767321000000,88423.94,88520.04,88411.9,88488.4,38.35673204,2026-01-02 02:30:00
1767321900000,88488.4,88642.84,88471.54,88637.38,34.93443043,2026-01-02 02:45:00
1767322800000,88637.38,88970.31,88573.16,88962.69,85.65864481,2026-01-02 03:00:00
1767323700000,88962.69,88978.88,88812.41,88879.86,79.79149904,2026-01-02 03:15:00
1767324600000,88879.86,89123.97,88839.76,88973.95,146.99113707,2026-01-02 03:30:00
1767325500000,88973.95,89123.06,88879.59,88950.19,160.80097587,2026-01-02 03:45:00
1767326400000,88950.19,88992.45,88808.86,88812.59,78.86321148,2026-01-02 04:00:00
1767327300000,88812.59,88841.98,88692.38,88732.65,40.34013454,2026-01-02 04:15:00
1767328200000,88732.65,88836.83,88719.55,88719.55,32.07384695,2026-01-02 04:30:00
1767329100000,88719.55,88774.39,88629.46,88638.96,53.36763818,2026-01-02 04:45:00
1767330000000,88638.96,88712.59,88628.55,88669.59,29.67011507,2026-01-02 05:00:00
1767330900000,88669.59,88761.94,88582.56,88583.32,32.22612308,2026-01-02 05:15:00
1767331800000,88583.32,88694.69,88570.2,88684.64,33.33105152,2026-01-02 05:30:00
1767332700000,88684.64,88792.06,88684.54,88764.76,80.29498042,2026-01-02 05:45:00
1767333600000,88764.76,88860.69,88727.59,88790.39,80.47495288,2026-01-02 06:00:00
1767334500000,88790.39,88956.25,88785.27,88922.67,50.23060787,2026-01-02 06:15:00
1767335400000,88922.67,89085.76,88920.0,88978.63,68.08512608,2026-01-02 06:30:00
1767336300000,88978.63,89044.05,88923.71,88935.51,40.60028592,2026-01-02 06:45:00
1767337200000,88935.51,89069.07,88935.49,89045.76,50.36231002,2026-01-02 07:00:00
1767338100000,89045.76,89045.76,88873.2,88895.17,72.07246642,2026-01-02 07:15:00
1767339000000,88895.17,88922.01,88848.29,88859.41,34.44816091,2026-01-02 07:30:00
1767339900000,88859.41,88900.0,88843.91,88858.06,163.07665193,2026-01-02 07:45:00
1767340800000,88858.06,89092.88,88802.38,89075.54,132.56118836,2026-01-02 08:00:00
1767341700000,89075.54,89099.8,88983.55,89062.04,39.10966615,2026-01-02 08:15:00
1767342600000,89062.04,89164.0,89020.99,89092.19,64.56489556,2026-01-02 08:30:00
1767343500000,89092.19,89192.19,89070.0,89177.68,74.93086879,2026-01-02 08:45:00
1767344400000,89177.68,89327.15,89119.02,89250.0,179.24464899,2026-01-02 09:00:00
1767345300000,89250.0,89276.12,89110.12,89165.0,105.08009036,2026-01-02 09:15:00
1767346200000,89165.0,89222.23,89132.3,89219.39,60.20691294,2026-01-02 09:30:00
1767347100000,89219.39,89486.49,89219.39,89467.75,181.73866926,2026-01-02 09:45:00
1767348000000,89467.75,89835.64,89451.67,89835.53,342.77444449,2026-01-02 10:00:00
1767348900000,89835.53,89929.99,89596.16,89596.93,323.72365299,2026-01-02 10:15:00
1767349800000,89596.93,89715.89,89596.17,89701.19,115.60541658,2026-01-02 10:30:00
1767350700000,89701.19,89755.5,89629.11,89664.19,115.11764608,2026-01-02 10:45:00
1767351600000,89664.19,89682.51,89520.71,89529.66,80.86529807,2026-01-02 11:00:00
1767352500000,89529.66,89560.1,89360.41,89366.3,190.14428242,2026-01-02 11:15:00
1767353400000,89366.3,89544.36,89366.3,89527.65,93.28378204,2026-01-02 11:30:00
1767354300000,89527.65,89578.81,89490.21,89503.15,79.2680803,2026-01-02 11:45:00
1767355200000,89503.15,89539.93,89386.56,89483.9,63.80815228,2026-01-02 12:00:00
1767356100000,89483.9,89594.99,89432.36,89462.22,86.52466019,2026-01-02 12:15:00
1767357000000,89462.22,89545.31,89430.0,89522.16,83.47320061,2026-01-02 12:30:00
1767357900000,89522.16,89552.35,89400.01,89400.08,59.46902601,2026-01-02 12:45:00
1767358800000,89400.08,89511.9,89382.46,89462.69,67.11205956,2026-01-02 13:00:00
1767359700000,89462.69,89681.91,89462.69,89560.05,82.14839877,2026-01-02 13:15:00
1767360600000,89560.05,89579.61,89399.55,89450.01,76.90090145,2026-01-02 13:30:00
1767361500000,89450.01,89520.17,89314.39,89348.32,115.29729556,2026-01-02 13:45:00
1767362400000,89348.32,89418.23,89120.31,89133.81,118.65148445,2026-01-02 14:00:00
1767363300000,89133.81,89153.3,88716.57,88896.21,210.57147414,2026-01-02 14:15:00
1767364200000,88896.21,89484.36,88466.31,89398.51,243.95450755,2026-01-02 14:30:00
1767365100000,89398.51,90129.99,89124.45,89585.02,254.49703432,2026-01-02 14:45:00
1767366000000,89585.02,89843.54,89094.55,89168.85,280.20934197,2026-01-02 15:00:00
1767366900000,89168.85,89382.25,88814.33,89126.84,150.14094569,2026-01-02 15:15:00
1767367800000,89126.84,89791.98,89057.33,89760.61,234.84982569,2026-01-02 15:30:00
1767368700000,89760.61,89885.84,89304.86,89417.65,252.75397479,2026-01-02 15:45:00
1767369600000,89417.65,89773.18,89203.69,89773.18,247.31598027,2026-01-02 16:00:00
1767370500000,89773.18,90170.0,89736.49,90052.91,312.22602047,2026-01-02 16:15:00
1767371400000,90052.91,90785.3,90052.91,90141.02,405.23674936,2026-01-02 16:30:00
1767372300000,90141.02,90444.14,89900.0,90376.51,276.84452852,2026-01-02 16:45:00
1767373200000,90376.51,90727.54,90374.99,90628.93,296.6540574,2026-01-02 17:00:00
1767374100000,90628.93,90967.49,90528.93,90583.22,305.41556757,2026-01-02 17:15:00
1767375000000,90583.22,90684.94,90380.26,90519.83,165.31985906,2026-01-02 17:30:00
1767375900000,90519.83,90562.68,90198.87,90377.93,143.94549991,2026-01-02 17:45:00
1767376800000,90377.93,90554.17,90229.69,90352.74,132.16313374,2026-01-02 18:00:00
1767377700000,90352.74,90550.0,90259.54,90306.42,123.35048851,2026-01-02 18:15:00
1767378600000,90306.42,90328.95,89984.92,90027.73,161.66942095,2026-01-02 18:30:00
1767379500000,90027.73,90092.18,89553.52,89773.54,181.52249,2026-01-02 18:45:00
1767380400000,89773.54,90000.0,89656.51,89983.17,121.4745329,2026-01-02 19:00:00
1767381300000,89983.17,90156.57,89849.55,89960.42,86.84722651,2026-01-02 19:15:00
1767382200000,89960.42,90074.54,89877.32,90000.07,67.8385581,2026-01-02 19:30:00
1767383100000,90000.07,90110.61,89864.14,89913.94,75.45721721,2026-01-02 19:45:00
1767384000000,89913.94,90060.0,89799.89,90060.0,117.89208075,2026-01-02 20:00:00
1767384900000,90060.0,90074.53,89880.47,89894.23,77.99041948,2026-01-02 20:15:00
1767385800000,89894.23,89959.32,89813.0,89906.47,55.12027131,2026-01-02 20:30:00
1767386700000,89906.47,89935.89,89563.14,89742.0,124.94951374,2026-01-02 20:45:00
1767387600000,89742.0,89825.44,89737.92,89812.6,50.70430007,2026-01-02 21:00:00
1767388500000,89812.6,90000.0,89787.61,89983.76,44.96885139,2026-01-02 21:15:00
1767389400000,89983.76,89989.92,89873.31,89951.99,49.13587003,2026-01-02 21:30:00
1767390300000,89951.99,90170.27,89907.39,90072.03,115.4205659,2026-01-02 21:45:00
1767391200000,90072.03,90340.01,90026.08,90123.63,115.28750798,2026-01-02 22:00:00
1767392100000,90123.63,90220.6,90092.27,90130.56,29.75684813,2026-01-02 22:15:00
1767393000000,90130.56,90338.46,90056.21,90308.06,71.4055239,2026-01-02 22:30:00
1767393900000,90308.06,90394.86,90171.97,90195.84,67.15629285,2026-01-02 22:45:00
1767394800000,90195.84,90198.43,90087.53,90087.68,26.003877,2026-01-02 23:00:00
1767395700000,90087.68,90127.84,89933.52,89940.38,64.18768329,2026-01-02 23:15:00
1767396600000,89940.38,89995.77,89901.71,89965.78,56.94124169,2026-01-02 23:30:00
1767397500000,89965.78,90026.32,89913.71,89994.74,32.24046051,2026-01-02 23:45:00
1767398400000,89994.74,90133.31,89979.02,90045.77,37.9846692,2026-01-03 00:00:00
1767399300000,90045.77,90096.42,89966.02,90083.55,57.35835245,2026-01-03 00:15:00
1767400200000,90083.55,90111.57,90026.37,90079.05,68.60815647,2026-01-03 00:30:00
1767401100000,90079.05,90198.42,90063.22,90155.91,49.04577475,2026-01-03 00:45:00
1767402000000,90155.91,90232.29,90134.3,90232.29,30.44872172,2026-01-03 01:00:00
1767402900000,90232.29,90232.9,90074.1,90079.12,60.85126743,2026-01-03 01:15:00
1767403800000,90079.12,90184.95,90079.12,90165.53,28.36791997,2026-01-03 01:30:00
1767404700000,90165.53,90293.33,90165.53,90282.31,51.79800267,2026-01-03 01:45:00
1767405600000,90282.31,90283.15,90128.0,90166.85,48.87982157,2026-01-03 02:00:00
1767406500000,90166.85,90269.53,90146.65,90261.94,33.20352911,2026-01-03 02:15:00
1767407400000,90261.94,90320.68,90235.81,90299.6,45.50077725,2026-01-03 02:30:00
1767408300000,90299.6,90399.0,90299.58,90339.78,89.01408727,2026-01-03 02:45:00
1767409200000,90339.78,90362.31,90203.87,90213.25,40.70418453,2026-01-03 03:00:00
1767410100000,90213.25,90295.28,90199.54,90221.8,24.41681533,2026-01-03 03:15:00
1767411000000,90221.8,90270.39,90199.51,90269.7,48.16164459,2026-01-03 03:30:00
1767411900000,90269.7,90376.95,90254.97,90320.76,38.76811677,2026-01-03 03:45:00
1767412800000,90320.76,90475.39,90251.54,90251.54,67.90407244,2026-01-03 04:00:00
1767413700000,90251.54,90298.55,90233.98,90253.67,32.51237196,2026-01-03 04:15:00
1767414600000,90253.67,90278.64,90056.57,90079.06,158.750801,2026-01-03 04:30:00
1767415500000,90079.06,90185.07,90075.53,90169.55,49.1031819,2026-01-03 04:45:00
1767416400000,90169.55,90236.83,90047.24,90055.06,62.45497977,2026-01-03 05:00:00
1767417300000,90055.06,90083.53,90015.27,90016.2,36.46681737,2026-01-03 05:15:00
1767418200000,90016.2,90052.24,89928.43,89958.7,45.29990972,2026-01-03 05:30:00
1767419100000,89958.7,90040.17,89927.42,90031.5,35.03977334,2026-01-03 05:45:00
1767420000000,90031.5,90135.06,90020.3,90076.8,46.33822446,2026-01-03 06:00:00
1767420900000,90076.8,90098.39,89974.84,89977.68,64.95801082,2026-01-03 06:15:00
1767421800000,89977.68,90042.23,89900.0,89900.01,51.72451545,2026-01-03 06:30:00
1767422700000,89900.01,89910.64,89848.0,89879.49,49.59844,2026-01-03 06:45:00
1767423600000,89879.49,89949.0,89754.11,89767.24,63.05091768,2026-01-03 07:00:00
1767424500000,89767.24,89767.25,89411.5,89416.09,269.15142414,2026-01-03 07:15:00
1767425400000,89416.09,89590.93,89314.47,89558.93,142.57894295,2026-01-03 07:30:00
1767426300000,89558.93,89584.76,89459.02,89580.29,87.83614499,2026-01-03 07:45:00
1767427200000,89580.29,89696.51,89421.0,89529.55,103.69513118,2026-01-03 08:00:00
1767428100000,89529.55,89825.0,89510.31,89734.12,105.00054865,2026-01-03 08:15:00
1767429000000,89734.12,89812.66,89673.28,89785.19,60.23130048,2026-01-03 08:30:00
1767429900000,89785.19,89831.49,89656.36,89670.06,72.22868893,2026-01-03 08:45:00
1767430800000,89670.06,89713.55,89640.18,89683.01,43.79333109,2026-01-03 09:00:00
1767431700000,89683.01,89859.52,89634.5,89808.81,61.1572511,2026-01-03 09:15:00
1767432600000,89808.81,89982.61,89773.54,89928.23,165.49606301,2026-01-03 09:30:00
1767433500000,89928.23,89986.27,89775.63,89791.55,61.5112834,2026-01-03 09:45:00
1767434400000,89791.55,89800.06,89690.94,89728.62,48.72001482,2026-01-03 10:00:00
1767435300000,89728.62,89805.32,89728.62,89796.54,30.71448722,2026-01-03 10:15:00
1767436200000,89796.54,89885.61,89755.73,89830.4,109.14001606,2026-01-03 10:30:00
1767437100000,89830.4,89830.4,89749.74,89754.02,20.69220281,2026-01-03 10:45:00
1767438000000,89754.02,89772.72,89678.6,89694.59,28.25138645,2026-01-03 11:00:00
1767438900000,89694.59,89748.18,89693.39,89723.81,21.27889285,2026-01-03 11:15:00
1767439800000,89723.81,89776.37,89694.51,89757.24,18.68837325,2026-01-03 11:30:00
1767440700000,89757.24,89783.73,89717.63,89755.26,50.82509576,2026-01-03 11:45:00
1767441600000,89755.26,89755.26,89658.63,89672.53,24.30401353,2026-01-03 12:00:00
1767442500000,89672.53,89796.04,89672.52,89796.04,31.24385453,2026-01-03 12:15:00
1767443400000,89796.04,89796.04,89750.68,89793.3,49.7013602,2026-01-03 12:30:00
1767444300000,89793.3,90040.0,89791.89,90038.66,171.18128745,2026-01-03 12:45:00
1767445200000,90038.66,90038.76,89919.55,89922.72,40.37163381,2026-01-03 13:00:00
1767446100000,89922.72,90065.28,89922.71,89967.64,111.16037665,2026-01-03 13:15:00
1767447000000,89967.64,90043.07,89949.55,89960.1,31.29933334,2026-01-03 13:30:00
1767447900000,89960.1,90050.16,89959.55,90005.34,30.78525756,2026-01-03 13:45:00
1767448800000,90005.34,90046.84,89960.45,90046.78,30.36393717,2026-01-03 14:00:00
1767449700000,90046.78,90251.36,90031.86,90191.63,68.05723253,2026-01-03 14:15:00
1767450600000,90191.63,90244.99,90148.69,90160.41,44.96714404,2026-01-03 14:30:00
1767451500000,90160.41,90178.84,90070.51,90125.65,70.68503878,2026-01-03 14:45:00
1767452400000,90125.65,90125.65,89996.32,90015.25,44.19788876,2026-01-03 15:00:00
1767453300000,90015.25,90086.2,89979.91,90074.27,33.91765441,2026-01-03 15:15:00
1767454200000,90074.27,90121.47,89999.99,90000.43,19.23359139,2026-01-03 15:30:00
1767455100000,90000.43,90015.73,89968.05,89969.21,27.72590993,2026-01-03 15:45:00
1767456000000,89969.21,90034.46,89965.0,90026.25,26.01331175,2026-01-03 16:00:00
1767456900000,90026.25,90088.7,89920.0,90054.19,36.16207856,2026-01-03 16:15:00
1767457800000,90054.19,90178.32,90054.18,90128.62,71.10680082,2026-01-03 16:30:00
1767458700000,90128.62,90220.13,90100.74,90105.63,29.6680716,2026-01-03 16:45:00
1767459600000,90105.63,90128.28,90028.65,90067.54,19.87581331,2026-01-03 17:00:00
1767460500000,90067.54,90072.74,90030.96,90065.57,12.82114083,2026-01-03 17:15:00
1767461400000,90065.57,90121.49,90065.56,90115.99,17.24938638,2026-01-03 17:30:00
1767462300000,90115.99,90116.04,90064.84,90094.37,14.07420183,2026-01-03 17:45:00
1767463200000,90094.37,90094.37,90035.05,90060.12,30.45641161,2026-01-03 18:00:00
1767464100000,90060.12,90187.8,90049.34,90179.09,30.70372605,2026-01-03 18:15:00
1767465000000,90179.09,90190.46,90134.0,90138.48,14.8715908,2026-01-03 18:30:00
1767465900000,90138.48,90165.77,90122.49,90139.44,30.08662248,2026-01-03 18:45:00
1767466800000,90139.44,90139.45,90059.5,90064.35,21.96479004,2026-01-03 19:00:00
1767467700000,90064.35,90152.45,90064.35,90151.52,14.52325814,2026-01-03 19:15:00
1767468600000,90151.52,90155.73,90117.73,90126.0,24.35316666,2026-01-03 19:30:00
1767469500000,90126.0,90126.09,90109.93,90124.38,7.65244476,2026-01-03 19:45:00
1767470400000,90124.38,90124.38,90020.71,90064.86,22.1276831,2026-01-03 20:00:00
1767471300000,90064.86,90124.23,90064.74,90123.31,12.15068861,2026-01-03 20:15:00
1767472200000,90123.31,90310.96,90123.31,90264.39,41.49564692,2026-01-03 20:30:00
1767473100000,90264.39,90368.68,90264.38,90368.67,55.92291543,2026-01-03 20:45:00
1767474000000,90368.67,90408.71,90318.77,90363.98,44.84073595,2026-01-03 21:00:00
1767474900000,90363.98,90484.28,90363.97,90473.69,46.98490712,2026-01-03 21:15:00
1767475800000,90473.69,90736.53,90464.1,90604.66,98.84611827,2026-01-03 21:30:00
1767476700000,90604.66,90604.72,90480.48,90563.94,28.24437324,2026-01-03 21:45:00
1767477600000,90563.94,90564.75,90497.06,90520.08,25.21470251,2026-01-03 22:00:00
1767478500000,90520.08,90738.53,90520.08,90605.64,83.14573983,2026-01-03 22:15:00
1767479400000,90605.64,90717.43,90572.37,90621.55,96.54125225,2026-01-03 22:30:00
1767480300000,90621.55,90622.46,90509.52,90589.58,130.82080366,2026-01-03 22:45:00
1767481200000,90589.58,90651.17,90468.93,90537.53,100.66371094,2026-01-03 23:00:00
1767482100000,90537.53,90679.5,90537.53,90634.13,50.14006859,2026-01-03 23:15:00
1767483000000,90634.13,90699.0,90566.54,90660.11,62.24179671,2026-01-03 23:30:00
1767483900000,90660.11,90660.12,90614.64,90627.54,25.06734756,2026-01-03 23:45:00
1767484800000,90627.54,91577.2,90627.54,91399.58,284.82368851,2026-01-04 00:00:00
1767485700000,91399.58,91437.48,91096.73,91098.78,212.12764485,2026-01-04 00:15:00
1767486600000,91098.78,91258.05,91059.35,91179.51,96.65641793,2026-01-04 00:30:00
1767487500000,91179.51,91466.9,91117.54,91341.02,117.06692198,2026-01-04 00:45:00
1767488400000,91341.02,91477.44,91280.79,91284.77,64.06892372,2026-01-04 01:00:00
1767489300000,91284.77,91310.09,91091.49,91131.58,73.67144735,2026-01-04 01:15:00
1767490200000,91131.58,91168.45,91008.79,91082.32,59.45583515,2026-01-04 01:30:00
1767491100000,91082.32,91259.31,91000.0,91232.01,68.07807858,2026-01-04 01:45:00
1767492000000,91232.01,91292.53,91107.11,91125.41,49.62818758,2026-01-04 02:00:00
1767492900000,91125.41,91222.39,91125.41,91207.36,22.84882618,2026-01-04 02:15:00
1767493800000,91207.36,91267.45,91146.55,91163.08,50.66062435,2026-01-04 02:30:00
1767494700000,91163.08,91174.56,91076.92,91123.56,71.79034142,2026-01-04 02:45:00
1767495600000,91123.56,91351.76,91123.53,91339.06,92.16776298,2026-01-04 03:00:00
1767496500000,91339.06,91339.06,91144.73,91162.78,56.68378793,2026-01-04 03:15:00
1767497400000,91162.78,91270.89,91080.48,91249.83,57.58631376,2026-01-04 03:30:00
1767498300000,91249.83,91338.64,91234.65,91234.66,44.18700253,2026-01-04 03:45:00
1767499200000,91234.66,91320.26,91183.57,91319.34,51.59470531,2026-01-04 04:00:00
1767500100000,91319.34,91490.0,91308.23,91379.53,123.49516433,2026-01-04 04:15:00
1767501000000,91379.53,91589.29,91356.78,91509.09,110.71120317,2026-01-04 04:30:00
1767501900000,91509.09,91521.53,91387.17,91400.47,64.36622649,2026-01-04 04:45:00
1767502800000,91400.47,91406.11,91350.0,91386.56,31.3134475,2026-01-04 05:00:00
1767503700000,91386.56,91477.25,91372.39,91459.54,40.89734237,2026-01-04 05:15:00
1767504600000,91459.54,91477.26,91360.26,91394.29,39.19486205,2026-01-04 05:30:00
1767505500000,91394.29,91497.49,91394.28,91480.51,35.99675885,2026-01-04 05:45:00
1767506400000,91480.51,91787.92,91449.06,91669.55,151.63188692,2026-01-04 06:00:00
1767507300000,91669.55,91782.42,91543.32,91543.32,187.17554892,2026-01-04 06:15:00
1767508200000,91543.32,91609.87,91266.43,91286.69,118.76404024,2026-01-04 06:30:00
1767509100000,91286.69,91382.34,91237.05,91237.05,71.75496549,2026-01-04 06:45:00
1767510000000,91237.05,91419.06,91210.41,91324.28,77.08433468,2026-01-04 07:00:00
1767510900000,91324.28,91346.45,91237.02,91308.44,37.94735585,2026-01-04 07:15:00
1767511800000,91308.44,91495.67,91308.33,91490.21,126.98769792,2026-01-04 07:30:00
1767512700000,91490.21,91546.74,91443.46,91531.54,143.75796775,2026-01-04 07:45:00
1767513600000,91531.54,91537.71,91255.06,91311.92,185.05232044,2026-01-04 08:00:00
1767514500000,91311.92,91370.98,91182.07,91233.9,123.81924721,2026-01-04 08:15:00
1767515400000,91233.9,91400.96,91233.9,91400.96,62.93086621,2026-01-04 08:30:00
1767516300000,91400.96,91438.32,91304.13,91374.52,100.19729091,2026-01-04 08:45:00
1767517200000,91374.52,91435.1,91244.15,91334.58,174.97067636,2026-01-04 09:00:00
1767518100000,91334.58,91446.81,91271.33,91314.82,289.1391415,2026-01-04 09:15:00
1767519000000,91314.82,91447.03,91314.82,91446.97,96.28050493,2026-01-04 09:30:00
1767519900000,91446.97,91485.67,91380.36,91468.64,139.83634469,2026-01-04 09:45:00
1767520800000,91468.64,91600.0,91437.04,91545.19,206.16105848,2026-01-04 10:00:00
1767521700000,91545.19,91575.16,91422.21,91481.02,180.06690173,2026-01-04 10:15:00
1767522600000,91481.02,91580.0,91476.95,91580.0,79.04943386,2026-01-04 10:30:00
1767523500000,91580.0,91622.55,91561.34,91600.15,62.17142833,2026-01-04 10:45:00
1767524400000,91600.15,91600.21,91359.54,91360.5,122.58094023,2026-01-04 11:00:00
1767525300000,91360.5,91402.8,91342.66,91381.02,57.17481091,2026-01-04 11:15:00
1767526200000,91381.02,91474.93,91344.13,91380.96,54.54796711,2026-01-04 11:30:00
1767527100000,91380.96,91381.05,91235.61,91300.44,78.30726345,2026-01-04 11:45:00
1767528000000,91300.44,91331.93,91203.03,91256.04,87.5575996,2026-01-04 12:00:00
1767528900000,91256.04,91342.97,91230.24,91341.49,45.91893611,2026-01-04 12:15:00
1767529800000,91341.49,91413.59,91100.0,91100.0,110.75737925,2026-01-04 12:30:00
1767530700000,91100.0,91183.37,91073.84,91150.52,92.28689747,2026-01-04 12:45:00
1767531600000,91150.52,91221.6,91109.54,91188.87,54.49693419,2026-01-04 13:00:00
1767532500000,91188.87,91204.79,91024.37,91190.85,72.31856921,2026-01-04 13:15:00
1767533400000,91190.85,91265.59,91176.06,91223.54,61.65741278,2026-01-04 13:30:00
1767534300000,91223.54,91282.25,91223.54,91264.46,21.93734383,2026-01-04 13:45:00
1767535200000,91264.46,91419.22,91263.54,91398.52,47.54096929,2026-01-04 14:00:00
1767536100000,91398.52,91403.52,91210.29,91240.98,54.69409044,2026-01-04 14:15:00
1767537000000,91240.98,91250.27,91150.0,91203.98,58.67122177,2026-01-04 14:30:00
1767537900000,91203.98,91363.66,91150.0,91336.06,58.19405143,2026-01-04 14:45:00
1767538800000,91336.06,91382.45,91261.3,91313.34,59.43503258,2026-01-04 15:00:00
1767539700000,91313.34,91313.44,91223.54,91234.96,61.30060051,2026-01-04 15:15:00
1767540600000,91234.96,91290.47,91172.72,91207.61,54.68586336,2026-01-04 15:30:00
1767541500000,91207.61,91338.5,91096.49,91335.29,65.3197485,2026-01-04 15:45:00
1767542400000,91335.29,91456.36,91241.65,91281.85,115.25454525,2026-01-04 16:00:00
1767543300000,91281.85,91363.19,91245.32,91341.03,36.7662556,2026-01-04 16:15:00
1767544200000,91341.03,91438.3,91298.49,91300.97,69.71034195,2026-01-04 16:30:00
1767545100000,91300.97,91332.43,91299.54,91321.4,17.75146494,2026-01-04 16:45:00
1767546000000,91321.4,91431.23,91304.08,91349.53,39.37136622,2026-01-04 17:00:00
1767546900000,91349.53,91430.72,91320.6,91362.0,21.12592211,2026-01-04 17:15:00
1767547800000,91362.0,91436.86,91361.77,91385.17,24.63263366,2026-01-04 17:30:00
1767548700000,91385.17,91411.16,91334.55,91336.19,19.3019513,2026-01-04 17:45:00
1767549600000,91336.19,91336.19,91235.93,91236.07,31.02155754,2026-01-04 18:00:00
1767550500000,91236.07,91254.74,91150.0,91179.29,53.07849688,2026-01-04 18:15:00
1767551400000,91179.29,91229.9,90996.09,91223.0,111.23089479,2026-01-04 18:30:00
1767552300000,91223.0,91228.07,91157.42,91205.83,28.76085099,2026-01-04 18:45:00
1767553200000,91205.83,91209.96,90860.3,91012.56,156.5377096,2026-01-04 19:00:00
1767554100000,91012.56,91200.0,90981.95,91123.64,56.86567678,2026-01-04 19:15:00
1767555000000,91123.64,91198.44,91046.44,91068.47,34.69190583,2026-01-04 19:30:00
1767555900000,91068.47,91175.77,91068.35,91137.6,26.70738119,2026-01-04 19:45:00
1767556800000,91137.6,91282.79,91131.3,91269.36,32.66326143,2026-01-04 20:00:00
1767557700000,91269.36,91341.14,91236.22,91339.53,27.3961644,2026-01-04 20:15:00
1767558600000,91339.53,91339.62,91267.79,91295.15,27.84369953,2026-01-04 20:30:00
1767559500000,91295.15,91351.0,91266.32,91304.47,27.43725913,2026-01-04 20:45:00
1767560400000,91304.47,91419.0,91267.23,91358.64,33.72965469,2026-01-04 21:00:00
1767561300000,91358.64,91359.58,91261.1,91311.64,32.7204702,2026-01-04 21:15:00
1767562200000,91311.64,91348.57,91211.54,91212.42,32.55060645,2026-01-04 21:30:00
1767563100000,91212.42,91294.46,91183.18,91280.45,31.02654324,2026-01-04 21:45:00
1767564000000,91280.45,91402.61,91149.59,91191.12,42.04664388,2026-01-04 22:00:00
1767564900000,91191.12,91348.17,91145.12,91284.91,45.52624137,2026-01-04 22:15:00
1767565800000,91284.91,91295.1,91175.16,91203.23,28.15850329,2026-01-04 22:30:00
1767566700000,91203.23,91268.18,91176.39,91219.68,16.16833632,2026-01-04 22:45:00
1767567600000,91219.68,91514.48,91219.68,91310.15,94.4044229,2026-01-04 23:00:00
1767568500000,91310.15,91523.44,91300.69,91373.18,48.6070045,2026-01-04 23:15:00
1767569400000,91373.18,91436.99,91300.62,91320.76,47.34046318,2026-01-04 23:30:00
1767570300000,91320.76,91589.56,91273.0,91528.9,82.51118285,2026-01-04 23:45:00
1767571200000,91528.9,92057.43,91514.02,91894.93,295.04982734,2026-01-05 00:00:00
1767572100000,91894.93,91998.0,91708.77,91844.72,214.25863903,2026-01-05 00:15:00
1767573000000,91844.72,92062.27,91711.67,92044.07,201.87453078,2026-01-05 00:30:00
1767573900000,92044.07,92429.09,91995.23,92404.31,282.83770294,2026-01-05 00:45:00
1767574800000,92404.31,92973.54,92293.96,92954.0,233.22018637,2026-01-05 01:00:00
1767575700000,92954.0,92979.45,92694.41,92979.0,247.06750723,2026-01-05 01:15:00
1767576600000,92979.0,93365.0,92819.3,93199.56,289.92584357,2026-01-05 01:30:00
1767577500000,93199.56,93251.53,92936.61,92959.05,196.46541457,2026-01-05 01:45:00
1767578400000,92959.05,93159.06,92786.23,92858.91,195.27803366,2026-01-05 02:00:00
1767579300000,92858.91,93001.68,92737.29,92746.67,186.94133831,2026-01-05 02:15:00
1767580200000,92746.67,92990.92,92746.67,92922.23,128.13049631,2026-01-05 02:30:00
1767581100000,92922.23,93114.65,92911.8,93030.72,124.77509787,2026-01-05 02:45:00
1767582000000,93030.72,93211.76,92955.92,93000.79,136.46995187,2026-01-05 03:00:00
1767582900000,93000.79,93034.62,92931.22,92994.93,105.59611556,2026-01-05 03:15:00
1767583800000,92994.93,93128.75,92937.3,92937.4,144.36358759,2026-01-05 03:30:00
1767584700000,92937.4,92970.35,92873.75,92877.75,55.46881533,2026-01-05 03:45:00
1767585600000,92877.75,92949.36,92763.17,92764.09,88.0951386,2026-01-05 04:00:00
1767586500000,92764.09,92830.0,92420.47,92475.1,178.4102175,2026-01-05 04:15:00
1767587400000,92475.1,92556.47,92337.59,92397.12,88.98615353,2026-01-05 04:30:00
1767588300000,92397.12,92642.47,92397.12,92595.68,76.33661639,2026-01-05 04:45:00
1767589200000,92595.68,92700.0,92568.6,92647.72,66.20718025,2026-01-05 05:00:00
1767590100000,92647.72,92721.1,92598.8,92708.71,48.02521459,2026-01-05 05:15:00
1767591000000,92708.71,92708.9,92546.6,92554.12,68.05086411,2026-01-05 05:30:00
1767591900000,92554.12,92572.21,92344.17,92360.37,112.57169723,2026-01-05 05:45:00
1767592800000,92360.37,92930.7,92359.51,92436.68,58.14607261,2026-01-05 06:00:00
1767593700000,92436.68,92471.39,92269.16,92280.22,53.35096687,2026-01-05 06:15:00
1767594600000,92280.22,92427.39,92154.52,92427.37,79.06805347,2026-01-05 06:30:00
1767595500000,92427.37,92500.47,92373.11,92491.34,57.67934713,2026-01-05 06:45:00
1767596400000,92491.34,92625.96,92482.13,92625.93,62.86739791,2026-01-05 07:00:00
1767597300000,92625.93,92642.92,92549.54,92563.42,45.44757943,2026-01-05 07:15:00
1767598200000,92563.42,92603.43,92525.12,92546.93,146.97154905,2026-01-05 07:30:00
1767599100000,92546.93,92554.05,92520.44,92521.11,126.19924642,2026-01-05 07:45:00
1767600000000,92521.11,92668.93,92506.92,92655.12,95.74240232,2026-01-05 08:00:00
1767600900000,92655.12,92775.52,92624.89,92699.56,81.91521227,2026-01-05 08:15:00
1767601800000,92699.56,92728.07,92481.74,92484.86,135.14002852,2026-01-05 08:30:00
1767602700000,92484.86,92575.33,92444.19,92468.0,128.06915899,2026-01-05 08:45:00
1767603600000,92468.0,92526.18,92322.28,92430.67,239.60105741,2026-01-05 09:00:00
1767604500000,92430.67,92652.97,92418.3,92629.43,118.26737968,2026-01-05 09:15:00
1767605400000,92629.43,92665.94,92525.81,92646.82,72.21800972,2026-01-05 09:30:00
1767606300000,92646.82,92848.24,92645.96,92689.09,100.60913682,2026-01-05 09:45:00
1767607200000,92689.09,92958.17,92652.39,92923.67,108.8484042,2026-01-05 10:00:00
1767608100000,92923.67,92950.15,92848.82,92895.22,112.15712793,2026-01-05 10:15:00
1767609000000,92895.22,93033.62,92755.84,92853.62,174.58774506,2026-01-05 10:30:00
1767609900000,92853.62,93150.0,92852.71,93068.44,170.51546597,2026-01-05 10:45:00
1767610800000,93068.44,93068.44,92891.92,92891.94,154.66164958,2026-01-05 11:00:00
1767611700000,92891.94,93150.0,92882.56,92971.52,127.26252233,2026-01-05 11:15:00
1767612600000,92971.52,93071.6,92904.82,93010.05,110.34316212,2026-01-05 11:30:00
1767613500000,93010.05,93150.0,92993.41,93133.78,111.49809809,2026-01-05 11:45:00
1767614400000,93133.78,93194.39,93043.57,93139.18,121.71191932,2026-01-05 12:00:00
1767615300000,93139.18,93206.7,92932.13,92932.13,108.81596966,2026-01-05 12:15:00
1767616200000,92932.13,92964.47,92790.41,92816.45,70.32221739,2026-01-05 12:30:00
1767617100000,92816.45,92900.0,92754.57,92874.73,75.39050195,2026-01-05 12:45:00
1767618000000,92874.73,93047.74,92808.09,92934.56,118.23220236,2026-01-05 13:00:00
1767618900000,92934.56,92947.04,92702.88,92785.0,83.5549485,2026-01-05 13:15:00
1767619800000,92785.0,92785.0,92538.5,92608.19,120.24470396,2026-01-05 13:30:00
1767620700000,92608.19,92750.0,92578.97,92742.22,103.67385775,2026-01-05 13:45:00
1767621600000,92742.22,92879.13,92709.47,92750.14,128.31709112,2026-01-05 14:00:00
1767622500000,92750.14,92836.42,92699.54,92758.65,62.13005475,2026-01-05 14:15:00
1767623400000,92758.65,93349.19,92412.94,93301.11,308.3223618,2026-01-05 14:30:00
1767624300000,93301.11,93665.0,92234.32,93427.53,320.58255534,2026-01-05 14:45:00
1767625200000,93427.53,93560.75,93176.57,93438.95,255.04625444,2026-01-05 15:00:00
1767626100000,93438.95,93778.8,93226.83,93406.33,302.06453577,2026-01-05 15:15:00
1767627000000,93406.33,93968.68,93313.8,93862.7,235.30419449,2026-01-05 15:30:00
1767627900000,93862.7,94000.0,93722.36,93952.64,263.3346976,2026-01-05 15:45:00
1767628800000,93952.64,94036.65,93762.77,93926.27,401.37868463,2026-01-05 16:00:00
1767629700000,93926.27,94075.86,93689.2,93847.92,260.20780818,2026-01-05 16:15:00
1767630600000,93847.92,93921.19,93727.26,93727.27,176.96990541,2026-01-05 16:30:00
1767631500000,93727.27,93804.74,93580.64,93700.89,152.85539508,2026-01-05 16:45:00
1767632400000,93700.89,93779.85,93621.25,93674.27,120.61952297,2026-01-05 17:00:00
1767633300000,93674.27,93700.0,93249.49,93445.97,147.7143763,2026-01-05 17:15:00
1767634200000,93445.97,93867.31,93411.87,93791.89,162.76402022,2026-01-05 17:30:00
1767635100000,93791.89,94471.25,93791.89,94314.43,200.44408757,2026-01-05 17:45:00
1767636000000,94314.43,94400.0,94074.69,94218.21,209.00867375,2026-01-05 18:00:00
1767636900000,94218.21,94224.09,93956.26,94040.63,176.15873412,2026-01-05 18:15:00
1767637800000,94040.63,94121.63,93919.32,94009.45,97.00180246,2026-01-05 18:30:00
1767638700000,94009.45,94499.0,93991.09,94449.96,218.25239119,2026-01-05 18:45:00
1767639600000,94449.96,94449.96,94219.53,94326.4,146.90975993,2026-01-05 19:00:00
1767640500000,94326.4,94458.94,94242.24,94419.05,114.49615159,2026-01-05 19:15:00
1767641400000,94419.05,94500.0,94172.59,94269.52,152.10896454,2026-01-05 19:30:00
1767642300000,94269.52,94327.9,94129.55,94302.92,142.05612532,2026-01-05 19:45:00
1767643200000,94302.92,94531.32,94194.3,94420.0,194.66745321,2026-01-05 20:00:00
1767644100000,94420.0,94788.63,94300.39,94743.95,220.70546794,2026-01-05 20:15:00
1767645000000,94743.95,94743.95,94155.21,94183.57,219.43914533,2026-01-05 20:30:00
1767645900000,94183.57,94266.64,94041.86,94165.16,120.05424601,2026-01-05 20:45:00
1767646800000,94165.16,94212.66,93971.9,93993.21,96.20385856,2026-01-05 21:00:00
1767647700000,93993.21,94136.16,93831.28,93838.64,86.3974319,2026-01-05 21:15:00
1767648600000,93838.64,94125.84,93784.03,94082.42,73.72730315,2026-01-05 21:30:00
1767649500000,94082.42,94229.27,94072.44,94095.3,51.38794451,2026-01-05 21:45:00
1767650400000,94095.3,94224.61,94011.63,94183.32,53.18874846,2026-01-05 22:00:00
1767651300000,94183.32,94399.0,94183.32,94253.04,91.22908607,2026-01-05 22:15:00
1767652200000,94253.04,94369.54,94204.74,94274.23,57.04227389,2026-01-05 22:30:00
1767653100000,94274.23,94351.35,94076.95,94171.63,66.12325423,2026-01-05 22:45:00
1767654000000,94171.63,94197.89,94007.25,94049.36,73.56240774,2026-01-05 23:00:00
1767654900000,94049.36,94142.16,93950.01,93996.58,70.15423771,2026-01-05 23:15:00
1767655800000,93996.58,94056.83,93873.56,93920.16,74.06514455,2026-01-05 23:30:00
1767656700000,93920.16,93995.5,93860.02,93860.14,64.93848184,2026-01-05 23:45:00
1767657600000,93860.14,93990.0,93725.46,93725.5,111.03561681,2026-01-06 00:00:00
1767658500000,93725.5,93809.92,93671.68,93807.52,89.43464554,2026-01-06 00:15:00
1767659400000,93807.52,93808.18,93556.59,93661.11,113.74640999,2026-01-06 00:30:00
1767660300000,93661.11,93830.0,93590.41,93830.0,49.4633029,2026-01-06 00:45:00
1767661200000,93830.0,93965.91,93799.73,93916.4,84.00819944,2026-01-06 01:00:00
1767662100000,93916.4,94170.91,93885.8,94120.31,70.65394354,2026-01-06 01:15:00
1767663000000,94120.31,94125.41,93827.77,93832.93,62.65862722,2026-01-06 01:30:00
1767663900000,93832.93,93972.8,93739.55,93771.2,56.45257456,2026-01-06 01:45:00
1767664800000,93771.2,93871.52,93699.16,93759.56,82.79544616,2026-01-06 02:00:00
1767665700000,93759.56,93773.29,93673.64,93706.91,45.78242623,2026-01-06 02:15:00
1767666600000,93706.91,93719.23,93528.94,93619.91,65.21008982,2026-01-06 02:30:00
1767667500000,93619.91,93663.54,93538.58,93620.27,68.42539782,2026-01-06 02:45:00
1767668400000,93620.27,93786.74,93599.27,93757.76,90.06211207,2026-01-06 03:00:00
1767669300000,93757.76,93847.28,93737.98,93795.13,62.09615963,2026-01-06 03:15:00
1767670200000,93795.13,93938.53,93758.47,93776.17,93.85624725,2026-01-06 03:30:00
1767671100000,93776.17,93833.56,93738.45,93768.77,40.80731378,2026-01-06 03:45:00
1767672000000,93768.77,93987.05,93733.79,93939.51,62.2881351,2026-01-06 04:00:00
1767672900000,93939.51,94004.13,93840.66,93865.59,57.17076847,2026-01-06 04:15:00
1767673800000,93865.59,93938.78,93793.18,93823.85,53.86000409,2026-01-06 04:30:00
1767674700000,93823.85,93854.52,93801.43,93801.44,37.95893543,2026-01-06 04:45:00
1767675600000,93801.44,93819.24,93674.55,93739.03,78.57082605,2026-01-06 05:00:00
1767676500000,93739.03,93801.67,93649.27,93706.18,95.89942018,2026-01-06 05:15:00
1767677400000,93706.18,93774.47,93582.58,93582.58,87.43395218,2026-01-06 05:30:00
1767678300000,93582.58,93668.81,93569.34,93599.52,85.44154142,2026-01-06 05:45:00
1767679200000,93599.52,93800.0,93555.92,93756.39,122.431412,2026-01-06 06:00:00
1767680100000,93756.39,93759.32,93663.18,93756.4,88.08615759,2026-01-06 06:15:00
1767681000000,93756.4,93947.61,93756.4,93919.31,137.48822217,2026-01-06 06:30:00
1767681900000,93919.31,93962.94,93778.18,93780.42,98.43908932,2026-01-06 06:45:00
1767682800000,93780.42,93782.16,93547.97,93552.14,135.71724328,2026-01-06 07:00:00
1767683700000,93552.14,93596.17,93321.05,93401.37,171.66267324,2026-01-06 07:15:00
1767684600000,93401.37,93425.3,93226.0,93282.86,165.48094031,2026-01-06 07:30:00
1767685500000,93282.86,93334.4,93148.12,93254.49,145.08025359,2026-01-06 07:45:00
1767686400000,93254.49,93418.24,93200.73,93380.31,85.33283778,2026-01-06 08:00:00
1767687300000,93380.31,93396.61,93236.88,93331.5,58.56745368,2026-01-06 08:15:00
1767688200000,93331.5,93331.51,93228.36,93237.33,47.00159342,2026-01-06 08:30:00
1767689100000,93237.33,93322.73,93167.52,93240.46,86.04032435,2026-01-06 08:45:00
1767690000000,93240.46,93548.49,93223.14,93358.05,94.83384868,2026-01-06 09:00:00
1767690900000,93358.05,93572.51,93358.05,93470.48,112.65159926,2026-01-06 09:15:00
1767691800000,93470.48,93490.95,93373.46,93458.47,51.22506727,2026-01-06 09:30:00
1767692700000,93458.47,93555.46,93426.98,93462.24,65.3848399,2026-01-06 09:45:00
1767693600000,93462.24,93639.57,93412.73,93588.97,81.6996229,2026-01-06 10:00:00
1767694500000,93588.97,93663.26,93506.69,93596.27,70.03954732,2026-01-06 10:15:00
1767695400000,93596.27,93637.49,93555.6,93580.52,44.05554468,2026-01-06 10:30:00
1767696300000,93580.52,93654.51,93506.81,93580.04,76.48210454,2026-01-06 10:45:00
1767697200000,93580.04,93799.0,93544.74,93787.09,116.13505343,2026-01-06 11:00:00
1767698100000,93787.09,93842.21,93690.1,93833.94,87.99088528,2026-01-06 11:15:00
1767699000000,93833.94,93834.03,93739.07,93804.78,96.78035327,2026-01-06 11:30:00
1767699900000,93804.78,93895.88,93783.81,93840.46,116.62013964,2026-01-06 11:45:00
1767700800000,93840.46,93982.02,93800.12,93899.01,78.56822897,2026-01-06 12:00:00
1767701700000,93899.01,93965.93,93851.0,93866.16,102.03562764,2026-01-06 12:15:00
1767702600000,93866.16,93885.34,93763.44,93822.09,80.71063336,2026-01-06 12:30:00
1767703500000,93822.09,93913.81,93820.0,93871.18,56.6121903,2026-01-06 12:45:00
1767704400000,93871.18,93871.19,93753.48,93829.8,78.1803865,2026-01-06 13:00:00
1767705300000,93829.8,93844.78,93702.45,93730.36,63.48130017,2026-01-06 13:15:00
1767706200000,93730.36,93767.96,93668.6,93696.53,38.74105566,2026-01-06 13:30:00
1767707100000,93696.53,93747.65,93635.93,93717.0,76.99480677,2026-01-06 13:45:00
1767708000000,93717.0,94176.11,93717.0,94084.15,217.20352501,2026-01-06 14:00:00
1767708900000,94084.15,94444.0,94040.35,94312.0,296.19212897,2026-01-06 14:15:00
1767709800000,94312.0,94346.08,94003.74,94086.62,225.12550658,2026-01-06 14:30:00
1767710700000,94086.62,94145.0,93536.67,93836.38,269.87156492,2026-01-06 14:45:00
1767711600000,93836.38,93961.82,93698.97,93770.22,161.42958612,2026-01-06 15:00:00
1767712500000,93770.22,94310.71,93770.22,94131.12,161.75568415,2026-01-06 15:15:00
1767713400000,94131.12,94180.68,93363.03,93498.63,281.57871024,2026-01-06 15:30:00
1767714300000,93498.63,93649.46,93359.44,93649.46,191.36034104,2026-01-06 15:45:00
1767715200000,93649.46,93776.98,93388.53,93481.1,117.07122192,2026-01-06 16:00:00
1767716100000,93481.1,93500.0,92838.76,92849.96,276.16054581,2026-01-06 16:15:00
1767717000000,92849.96,93014.17,92400.98,92560.74,238.98746868,2026-01-06 16:30:00
1767717900000,92560.74,92717.56,92340.48,92691.63,262.95328281,2026-01-06 16:45:00
1767718800000,92691.63,92775.19,92546.91,92618.91,130.23310018,2026-01-06 17:00:00
1767719700000,92618.91,92693.24,92394.78,92517.1,190.21555733,2026-01-06 17:15:00
1767720600000,92517.1,92651.66,92047.32,92237.96,159.89965791,2026-01-06 17:30:00
1767721500000,92237.96,92240.67,91550.0,91586.19,282.6127335,2026-01-06 17:45:00
1767722400000,91586.19,91961.42,91300.0,91827.35,230.698332,2026-01-06 18:00:00
1767723300000,91827.35,92123.75,91800.01,92002.55,150.70706882,2026-01-06 18:15:00
1767724200000,92002.55,92068.09,91834.18,91939.36,157.18017603,2026-01-06 18:30:00
1767725100000,91939.36,92219.61,91928.57,92033.61,202.34175687,2026-01-06 18:45:00
1767726000000,92033.61,92237.58,91898.29,92216.43,132.96377929,2026-01-06 19:00:00
1767726900000,92216.43,92324.23,92119.24,92250.01,129.21786845,2026-01-06 19:15:00
1767727800000,92250.01,92300.0,92057.82,92113.12,114.15160239,2026-01-06 19:30:00
1767728700000,92113.12,92190.23,92034.09,92108.55,84.28491463,2026-01-06 19:45:00
1767729600000,92108.55,92490.34,92098.65,92424.5,150.82223633,2026-01-06 20:00:00
1767730500000,92424.5,92579.86,92382.76,92499.59,121.41044709,2026-01-06 20:15:00
1767731400000,92499.59,92698.52,92486.29,92633.27,120.2724047,2026-01-06 20:30:00
1767732300000,92633.27,92662.01,92485.46,92505.8,96.18652206,2026-01-06 20:45:00
1767733200000,92505.8,92899.99,92370.79,92896.08,240.34028745,2026-01-06 21:00:00
1767734100000,92896.08,93843.61,92881.27,93509.99,297.67817085,2026-01-06 21:15:00
1767735000000,93509.99,93767.44,93467.87,93621.4,198.60861927,2026-01-06 21:30:00
1767735900000,93621.4,93649.55,93153.47,93257.58,138.15101044,2026-01-06 21:45:00
1767736800000,93257.58,93513.3,93099.86,93108.08,200.89413596,2026-01-06 22:00:00
1767737700000,93108.08,93230.32,92966.99,93171.79,140.3938283,2026-01-06 22:15:00
1767738600000,93171.79,93171.79,92984.81,93048.16,49.10996839,2026-01-06 22:30:00
1767739500000,93048.16,93368.74,93034.22,93362.2,48.47459683,2026-01-06 22:45:00
1767740400000,93362.2,93550.0,93339.01,93479.89,84.14123784,2026-01-06 23:00:00
1767741300000,93479.89,93555.45,93411.79,93524.87,43.85563938,2026-01-06 23:15:00
1767742200000,93524.87,93664.34,93524.87,93550.01,39.23431242,2026-01-06 23:30:00
1767743100000,93550.01,93798.2,93540.91,93743.33,56.85374098,2026-01-06 23:45:00
1767744000000,93743.33,93748.44,93547.81,93564.57,83.76550389,2026-01-07 00:00:00
1767744900000,93564.57,93564.8,93337.54,93354.48,98.22693765,2026-01-07 00:15:00
1767745800000,93354.48,93373.68,93084.09,93187.07,144.86904295,2026-01-07 00:30:00
1767746700000,93187.07,93187.07,92661.0,92676.61,163.81232318,2026-01-07 00:45:00
1767747600000,92676.61,92878.3,92676.61,92794.51,151.64235354,2026-01-07 01:00:00
1767748500000,92794.51,92795.25,92332.01,92525.31,225.29376238,2026-01-07 01:15:00
1767749400000,92525.31,92629.28,92429.75,92432.55,130.61075872,2026-01-07 01:30:00
1767750300000,92432.55,92510.76,92363.77,92435.81,89.55951061,2026-01-07 01:45:00
1767751200000,92435.81,92687.08,92248.2,92657.56,170.75197596,2026-01-07 02:00:00
1767752100000,92657.56,92757.5,92500.21,92700.0,81.32169439,2026-01-07 02:15:00
1767753000000,92700.0,92950.92,92644.42,92910.4,70.50704058,2026-01-07 02:30:00
1767753900000,92910.4,93050.73,92883.04,92950.24,68.46042208,2026-01-07 02:45:00
1767754800000,92950.24,93019.42,92894.38,92961.53,43.12060291,2026-01-07 03:00:00
1767755700000,92961.53,93109.26,92944.46,93002.49,44.40374726,2026-01-07 03:15:00
1767756600000,93002.49,93021.87,92746.21,92857.85,55.94254432,2026-01-07 03:30:00
1767757500000,92857.85,92875.33,92769.0,92815.41,61.74691492,2026-01-07 03:45:00
1767758400000,92815.41,92927.89,92747.59,92795.34,66.06806316,2026-01-07 04:00:00
1767759300000,92795.34,92804.36,92683.12,92781.22,60.40326135,2026-01-07 04:15:00
1767760200000,92781.22,92812.69,92607.34,92770.36,56.4207996,2026-01-07 04:30:00
1767761100000,92770.36,92770.36,92654.46,92669.82,29.92166719,2026-01-07 04:45:00
1767762000000,92669.82,92749.19,92626.48,92748.3,30.56541154,2026-01-07 05:00:00
1767762900000,92748.3,92794.47,92695.36,92718.99,30.70394449,2026-01-07 05:15:00
1767763800000,92718.99,92847.66,92718.99,92749.61,32.31846313,2026-01-07 05:30:00
1767764700000,92749.61,92749.71,92508.72,92530.08,53.03797791,2026-01-07 05:45:00
1767765600000,92530.08,92668.68,92521.53,92666.61,55.46996367,2026-01-07 06:00:00
1767766500000,92666.61,92844.12,92666.61,92834.0,37.0427187,2026-01-07 06:15:00
1767767400000,92834.0,92897.65,92667.1,92669.4,45.65008697,2026-01-07 06:30:00
1767768300000,92669.4,92740.33,92603.23,92614.36,45.33221037,2026-01-07 06:45:00
1767769200000,92614.36,92768.53,92614.36,92762.6,43.24111954,2026-01-07 07:00:00
1767770100000,92762.6,92840.93,92762.59,92812.49,32.73146476,2026-01-07 07:15:00
1767771000000,92812.49,92895.18,92777.59,92831.71,57.89944527,2026-01-07 07:30:00
1767771900000,92831.71,92872.58,92809.89,92872.46,46.84674395,2026-01-07 07:45:00
1767772800000,92872.46,92953.38,92848.6,92933.85,62.26599405,2026-01-07 08:00:00
1767773700000,92933.85,92962.08,92779.77,92859.58,47.521957,2026-01-07 08:15:00
1767774600000,92859.58,92939.54,92767.33,92768.77,39.65102024,2026-01-07 08:30:00
1767775500000,92768.77,92795.65,92695.18,92718.43,57.69889446,2026-01-07 08:45:00
1767776400000,92718.43,92718.62,92287.23,92287.27,149.41694943,2026-01-07 09:00:00
1767777300000,92287.27,92356.85,91887.0,91957.43,293.87480437,2026-01-07 09:15:00
1767778200000,91957.43,92005.13,91670.44,91745.41,199.48005641,2026-01-07 09:30:00
1767779100000,91745.41,91769.46,91600.0,91713.49,123.10983504,2026-01-07 09:45:00
1767780000000,91713.49,91881.72,91600.0,91841.82,136.41169233,2026-01-07 10:00:00
1767780900000,91841.82,91862.26,91757.98,91786.11,62.23758153,2026-01-07 10:15:00
1767781800000,91786.11,91986.48,91785.06,91873.56,85.13785424,2026-01-07 10:30:00
1767782700000,91873.56,91999.0,91838.05,91991.06,83.21759102,2026-01-07 10:45:00
1767783600000,91991.06,92154.49,91926.61,92121.72,160.24834157,2026-01-07 11:00:00
1767784500000,92121.72,92241.29,92072.27,92168.87,93.02016074,2026-01-07 11:15:00
1767785400000,92168.87,92253.63,92125.98,92195.07,63.88134025,2026-01-07 11:30:00
1767786300000,92195.07,92197.21,92089.0,92116.04,62.63755706,2026-01-07 11:45:00
1767787200000,92116.04,92177.46,92000.55,92050.06,79.86284735,2026-01-07 12:00:00
1767788100000,92050.06,92173.01,92010.0,92067.13,53.3362341,2026-01-07 12:15:00
1767789000000,92067.13,92124.93,91972.88,92013.15,54.78068107,2026-01-07 12:30:00
1767789900000,92013.15,92061.82,91982.75,91997.15,81.20436731,2026-01-07 12:45:00
1767790800000,91997.15,92060.11,91865.78,91899.2,98.26182047,2026-01-07 13:00:00
1767791700000,91899.2,92303.39,91877.58,92228.58,89.69699166,2026-01-07 13:15:00
1767792600000,92228.58,92253.73,92059.47,92152.67,59.31061565,2026-01-07 13:30:00
1767793500000,92152.67,92194.68,92025.21,92045.14,56.33247887,2026-01-07 13:45:00
1767794400000,92045.14,92052.85,91602.01,91702.28,199.9059043,2026-01-07 14:00:00
1767795300000,91702.28,91752.55,91501.55,91551.63,224.94638703,2026-01-07 14:15:00
1767796200000,91551.63,92063.56,91384.39,91842.85,389.54341803,2026-01-07 14:30:00
1767797100000,91842.85,92135.72,91788.23,91958.6,221.20895591,2026-01-07 14:45:00
1767798000000,91958.6,92004.8,91435.91,91671.48,220.18579024,2026-01-07 15:00:00
1767798900000,91671.48,91692.83,91038.97,91277.03,267.31650562,2026-01-07 15:15:00
1767799800000,91277.03,91490.0,91125.75,91367.59,174.1844953,2026-01-07 15:30:00
1767800700000,91367.59,91595.07,91273.75,91354.35,109.28048835,2026-01-07 15:45:00
1767801600000,91354.35,91651.81,91286.88,91597.14,143.95453095,2026-01-07 16:00:00
1767802500000,91597.14,91805.48,91487.46,91600.88,129.15335516,2026-01-07 16:15:00
1767803400000,91600.88,91626.07,91158.06,91461.59,146.40854265,2026-01-07 16:30:00
1767804300000,91461.59,91599.29,91231.3,91266.03,125.16889107,2026-01-07 16:45:00
1767805200000,91266.03,91317.14,91071.78,91263.45,151.04908482,2026-01-07 17:00:00
1767806100000,91263.45,91666.94,91257.5,91606.9,105.93707779,2026-01-07 17:15:00
1767807000000,91606.9,91700.0,91477.14,91603.74,75.08118514,2026-01-07 17:30:00
1767807900000,91603.74,91648.03,91205.98,91250.79,83.0893315,2026-01-07 17:45:00
1767808800000,91250.79,91336.16,91172.42,91277.89,78.52079127,2026-01-07 18:00:00
1767809700000,91277.89,91332.41,91063.44,91289.15,72.46891087,2026-01-07 18:15:00
1767810600000,91289.15,91445.38,91157.85,91159.54,113.49855357,2026-01-07 18:30:00
1767811500000,91159.54,91233.29,90733.94,90912.24,163.17630587,2026-01-07 18:45:00
1767812400000,90912.24,91106.68,90749.32,90787.91,110.77566021,2026-01-07 19:00:00
1767813300000,90787.91,90908.55,90680.0,90908.36,169.94743125,2026-01-07 19:15:00
1767814200000,90908.36,91176.2,90901.29,91096.18,94.11014325,2026-01-07 19:30:00
1767815100000,91096.18,91280.97,91083.72,91185.64,66.66838133,2026-01-07 19:45:00
1767816000000,91185.64,91301.23,90977.04,90999.5,88.80388176,2026-01-07 20:00:00
1767816900000,90999.5,91048.48,90775.86,90901.42,75.90829923,2026-01-07 20:15:00
1767817800000,90901.42,91150.58,90901.34,91023.48,63.28418152,2026-01-07 20:30:00
1767818700000,91023.48,91150.08,90979.47,91049.67,64.39218632,2026-01-07 20:45:00
1767819600000,91049.67,91233.7,91032.66,91177.67,49.74788423,2026-01-07 21:00:00
1767820500000,91177.67,91231.54,91136.51,91179.06,52.56658712,2026-01-07 21:15:00
1767821400000,91179.06,91232.36,91054.7,91118.38,34.66095591,2026-01-07 21:30:00
1767822300000,91118.38,91165.85,91075.1,91117.2,25.10517093,2026-01-07 21:45:00
1767823200000,91117.2,91117.2,90872.28,90981.94,70.84721157,2026-01-07 22:00:00
1767824100000,90981.94,91082.35,90978.54,91074.87,19.74381018,2026-01-07 22:15:00
1767825000000,91074.87,91352.72,91055.63,91059.97,79.18813481,2026-01-07 22:30:00
1767825900000,91059.97,91269.77,90960.97,91180.39,70.81964332,2026-01-07 22:45:00
1767826800000,91180.39,91225.17,91003.57,91224.54,87.16712494,2026-01-07 23:00:00
1767827700000,91224.54,91481.93,91224.54,91309.91,219.04434849,2026-01-07 23:15:00
1767828600000,91309.91,91433.6,91162.66,91222.9,53.84596987,2026-01-07 23:30:00
1767829500000,91222.9,91408.69,91188.16,91363.87,59.38298097,2026-01-07 23:45:00
1767830400000,91363.87,91508.41,91188.16,91218.72,83.11961353,2026-01-08 00:00:00
1767831300000,91218.72,91231.08,91068.8,91111.53,30.41469272,2026-01-08 00:15:00
1767832200000,91111.53,91236.35,91100.0,91232.42,29.81232658,2026-01-08 00:30:00
1767833100000,91232.42,91424.56,91231.44,91394.24,103.33796305,2026-01-08 00:45:00
1767834000000,91394.24,91430.47,91300.0,91429.56,34.3563723,2026-01-08 01:00:00
1767834900000,91429.56,91683.99,91313.18,91515.71,102.92097872,2026-01-08 01:15:00
1767835800000,91515.71,91516.5,91343.15,91359.6,38.50897075,2026-01-08 01:30:00
1767836700000,91359.6,91468.29,91311.46,91426.37,28.16251196,2026-01-08 01:45:00
1767837600000,91426.37,91468.19,91319.01,91426.11,69.95437081,2026-01-08 02:00:00
1767838500000,91426.11,91456.78,91081.82,91220.44,61.38232895,2026-01-08 02:15:00
1767839400000,91220.44,91220.44,90864.88,90894.08,133.03033049,2026-01-08 02:30:00
1767840300000,90894.08,91005.81,90763.77,90956.03,112.82604207,2026-01-08 02:45:00
1767841200000,90956.03,91129.58,90910.73,91072.77,86.4364261,2026-01-08 03:00:00
1767842100000,91072.77,91108.89,90939.37,90949.59,44.88598833,2026-01-08 03:15:00
1767843000000,90949.59,91051.44,90739.07,90812.99,103.96109962,2026-01-08 03:30:00
1767843900000,90812.99,90846.37,90616.83,90813.75,127.94814089,2026-01-08 03:45:00
1767844800000,90813.75,90875.43,90705.65,90812.54,71.31561614,2026-01-08 04:00:00
1767845700000,90812.54,91171.04,90812.53,91094.71,95.47699839,2026-01-08 04:15:00
1767846600000,91094.71,91139.57,90997.69,91043.57,41.76071459,2026-01-08 04:30:00
1767847500000,91043.57,91111.72,90998.16,91027.53,27.94949941,2026-01-08 04:45:00
1767848400000,91027.53,91179.58,91027.53,91089.57,50.94027579,2026-01-08 05:00:00
1767849300000,91089.57,91163.59,91003.22,91008.23,58.75087504,2026-01-08 05:15:00
1767850200000,91008.23,91079.36,90878.14,90895.01,77.41508837,2026-01-08 05:30:00
1767851100000,90895.01,90923.19,90785.11,90829.06,41.79317266,2026-01-08 05:45:00
1767852000000,90829.06,90873.7,90421.3,90517.0,172.75055026,2026-01-08 06:00:00
1767852900000,90517.0,90517.0,90200.47,90276.43,189.8614544,2026-01-08 06:15:00
1767853800000,90276.43,90419.55,90220.01,90376.31,117.13998694,2026-01-08 06:30:00
1767854700000,90376.31,90390.95,89898.25,89898.25,229.37577919,2026-01-08 06:45:00
1767855600000,89898.25,90105.77,89644.85,90048.15,212.02723242,2026-01-08 07:00:00
1767856500000,90048.15,90279.97,90002.87,90267.12,134.47680349,2026-01-08 07:15:00
1767857400000,90267.12,90463.5,90215.26,90456.81,151.18272875,2026-01-08 07:30:00
1767858300000,90456.81,90588.79,90419.48,90548.43,141.15918733,2026-01-08 07:45:00
1767859200000,90548.43,90628.22,90452.69,90626.84,144.12922075,2026-01-08 08:00:00
1767860100000,90626.84,90707.79,90573.31,90707.76,101.66018996,2026-01-08 08:15:00
1767861000000,90707.76,90756.23,90381.37,90438.76,273.86135689,2026-01-08 08:30:00
1767861900000,90438.76,90450.39,90155.51,90229.32,95.06834662,2026-01-08 08:45:00
1767862800000,90229.32,90408.48,90142.81,90328.08,128.99302382,2026-01-08 09:00:00
1767863700000,90328.08,90375.64,90018.09,90018.14,124.76838241,2026-01-08 09:15:00
1767864600000,90018.14,90120.81,89969.14,90067.36,82.339861,2026-01-08 09:30:00
1767865500000,90067.36,90146.0,89960.0,90009.53,63.69077466,2026-01-08 09:45:00
1767866400000,90009.53,90066.64,89776.99,89936.54,128.18456336,2026-01-08 10:00:00
1767867300000,89936.54,90279.35,89926.25,90201.36,80.28097933,2026-01-08 10:15:00
1767868200000,90201.36,90296.39,90137.91,90168.15,60.74861102,2026-01-08 10:30:00
1767869100000,90168.15,90485.66,90167.95,90410.0,102.31813087,2026-01-08 10:45:00
1767870000000,90410.0,90490.25,90267.5,90280.51,78.90309285,2026-01-08 11:00:00
1767870900000,90280.51,90311.2,90069.44,90219.08,95.1547599,2026-01-08 11:15:00
1767871800000,90219.08,90261.32,90065.15,90068.59,142.77384755,2026-01-08 11:30:00
1767872700000,90068.59,90281.72,90022.64,90227.18,95.75263826,2026-01-08 11:45:00
1767873600000,90227.18,90240.61,89814.25,89884.67,186.74488795,2026-01-08 12:00:00
1767874500000,89884.67,90017.41,89806.42,89953.47,240.00081544,2026-01-08 12:15:00
1767875400000,89953.47,90018.42,89780.35,90000.01,133.63654069,2026-01-08 12:30:00
1767876300000,90000.01,90077.62,89935.5,89988.75,116.72794343,2026-01-08 12:45:00
1767877200000,89988.75,90014.73,89929.01,89974.15,58.29368152,2026-01-08 13:00:00
1767878100000,89974.15,90104.61,89925.0,90067.28,66.92337027,2026-01-08 13:15:00
1767879000000,90067.28,90100.71,89875.61,90020.82,131.37581883,2026-01-08 13:30:00
1767879900000,90020.82,90053.83,89848.25,89960.29,129.44368554,2026-01-08 13:45:00
1767880800000,89960.29,89960.3,89720.92,89858.38,152.56611558,2026-01-08 14:00:00
1767881700000,89858.38,89883.34,89452.24,89660.36,203.19552539,2026-01-08 14:15:00
1767882600000,89660.36,89912.57,89377.68,89451.62,293.60915687,2026-01-08 14:30:00
1767883500000,89451.62,90168.35,89325.28,90023.27,276.71288361,2026-01-08 14:45:00
1767884400000,90023.27,90459.83,89819.02,90328.3,206.52597347,2026-01-08 15:00:00
1767885300000,90328.3,90651.25,90292.55,90584.44,282.03229999,2026-01-08 15:15:00
1767886200000,90584.44,90677.06,90301.0,90461.19,233.58916941,2026-01-08 15:30:00
1767887100000,90461.19,90835.77,90262.74,90808.55,211.08896418,2026-01-08 15:45:00
1767888000000,90808.55,91000.0,90585.83,90673.93,269.46304111,2026-01-08 16:00:00
1767888900000,90673.93,90710.29,90452.81,90668.03,123.44767332,2026-01-08 16:15:00
1767889800000,90668.03,90786.98,90311.42,90711.68,152.78287568,2026-01-08 16:30:00
1767890700000,90711.68,90927.45,90688.84,90927.26,194.31134043,2026-01-08 16:45:00
1767891600000,90927.26,91258.36,90881.19,91113.84,273.63683126,2026-01-08 17:00:00
1767892500000,91113.84,91174.78,90850.0,90870.64,157.76680698,2026-01-08 17:15:00
1767893400000,90870.64,91225.35,90866.76,91205.54,118.71151975,2026-01-08 17:30:00
1767894300000,91205.54,91440.46,91199.88,91366.85,143.03189702,2026-01-08 17:45:00
1767895200000,91366.85,91466.0,91172.06,91172.72,150.67807523,2026-01-08 18:00:00
1767896100000,91172.72,91308.64,91126.57,91256.95,58.88433716,2026-01-08 18:15:00
1767897000000,91256.95,91350.81,90959.19,91009.6,89.89137507,2026-01-08 18:30:00
1767897900000,91009.6,91168.0,90953.5,91117.82,82.83350665,2026-01-08 18:45:00
1767898800000,91117.82,91304.7,91027.22,91232.21,96.83020174,2026-01-08 19:00:00
1767899700000,91232.21,91232.36,90964.28,91090.36,73.18293589,2026-01-08 19:15:00
1767900600000,91090.36,91334.44,91079.88,91169.99,58.14312484,2026-01-08 19:30:00
1767901500000,91169.99,91170.0,90817.35,90940.36,91.20148238,2026-01-08 19:45:00
1767902400000,90940.36,90940.36,90574.07,90691.24,104.38828518,2026-01-08 20:00:00
1767903300000,90691.24,90736.69,90587.37,90593.52,54.84485144,2026-01-08 20:15:00
1767904200000,90593.52,90850.04,90593.52,90794.33,78.0739028,2026-01-08 20:30:00
1767905100000,90794.33,90997.91,90790.43,90928.8,69.3047896,2026-01-08 20:45:00
1767906000000,90928.8,91146.4,90916.35,91133.51,82.66870511,2026-01-08 21:00:00
1767906900000,91133.51,91194.46,91029.44,91115.48,164.41724446,2026-01-08 21:15:00
1767907800000,91115.48,91301.2,91055.5,91275.67,79.22423468,2026-01-08 21:30:00
1767908700000,91275.67,91333.0,91246.05,91272.54,89.83630295,2026-01-08 21:45:00
1767909600000,91272.54,91490.14,91159.87,91441.7,110.72231896,2026-01-08 22:00:00
1767910500000,91441.7,91441.79,91248.99,91284.92,70.90579712,2026-01-08 22:15:00
1767911400000,91284.92,91284.96,91032.07,91142.26,58.13681897,2026-01-08 22:30:00
1767912300000,91142.26,91232.97,91130.95,91232.96,32.93609134,2026-01-08 22:45:00
1767913200000,91232.96,91337.08,91220.86,91270.79,57.82128561,2026-01-08 23:00:00
1767914100000,91270.79,91319.59,91245.45,91283.52,26.61115612,2026-01-08 23:15:00
1767915000000,91283.52,91300.46,91105.53,91105.73,31.61400555,2026-01-08 23:30:00
1767915900000,91105.73,91155.85,91045.42,91099.53,40.81557479,2026-01-08 23:45:00
1767916800000,91099.53,91162.91,91058.23,91146.04,34.74101071,2026-01-09 00:00:00
1767917700000,91146.04,91150.0,91060.47,91066.25,21.41996072,2026-01-09 00:15:00
1767918600000,91066.25,91226.36,91066.25,91225.42,28.39542604,2026-01-09 00:30:00
1767919500000,91225.42,91307.27,91200.0,91289.87,33.58940254,2026-01-09 00:45:00
1767920400000,91289.87,91330.46,91235.0,91267.63,39.19806132,2026-01-09 01:00:00
1767921300000,91267.63,91546.91,91028.75,91499.55,76.46640989,2026-01-09 01:15:00
1767922200000,91499.55,91638.31,90850.0,90950.3,155.73152505,2026-01-09 01:30:00
1767923100000,90950.3,91066.45,90945.48,91055.73,41.92784353,2026-01-09 01:45:00
1767924000000,91055.73,91473.73,91014.28,91436.72,230.11492217,2026-01-09 02:00:00
1767924900000,91436.72,91482.29,91288.55,91296.61,69.04337079,2026-01-09 02:15:00
1767925800000,91296.61,91350.56,91143.69,91217.86,44.42081695,2026-01-09 02:30:00
1767926700000,91217.86,91246.72,91022.54,91038.0,44.15816784,2026-01-09 02:45:00
1767927600000,91038.0,91204.58,90978.86,91150.55,48.48603603,2026-01-09 03:00:00
1767928500000,91150.55,91249.13,90963.02,91022.18,103.31223651,2026-01-09 03:15:00
1767929400000,91022.18,91252.79,90973.83,91190.18,57.33629703,2026-01-09 03:30:00
1767930300000,91190.18,91277.13,91174.19,91220.7,99.65981185,2026-01-09 03:45:00
1767931200000,91220.7,91237.2,91033.5,91059.28,52.31483744,2026-01-09 04:00:00
1767932100000,91059.28,91137.03,91044.51,91126.7,48.85018654,2026-01-09 04:15:00
1767933000000,91126.7,91133.24,90933.56,91020.32,85.98788721,2026-01-09 04:30:00
1767933900000,91020.32,91060.82,91009.35,91012.36,36.87953343,2026-01-09 04:45:00
1767934800000,91012.36,91121.9,91012.36,91088.37,29.30692549,2026-01-09 05:00:00
1767935700000,91088.37,91088.37,90904.62,91021.99,106.94367,2026-01-09 05:15:00
1767936600000,91021.99,91035.6,90903.27,91000.39,44.01689629,2026-01-09 05:30:00
1767937500000,91000.39,91130.13,90978.44,91092.29,39.29781772,2026-01-09 05:45:00
1767938400000,91092.29,91108.39,91022.66,91028.75,31.58594467,2026-01-09 06:00:00
1767939300000,91028.75,91151.11,90990.44,90993.43,52.02691674,2026-01-09 06:15:00
1767940200000,90993.43,91150.99,90986.4,91117.74,49.29709818,2026-01-09 06:30:00
1767941100000,91117.74,91146.87,91092.28,91136.67,46.2159357,2026-01-09 06:45:00
1767942000000,91136.67,91138.1,91040.01,91071.36,38.81593485,2026-01-09 07:00:00
1767942900000,91071.36,91071.36,91000.0,91028.83,40.93568025,2026-01-09 07:15:00
1767943800000,91028.83,91028.83,90909.56,90980.47,102.24403673,2026-01-09 07:30:00
1767944700000,90980.47,90984.03,90736.24,90738.82,152.39003824,2026-01-09 07:45:00
1767945600000,90738.82,90834.53,90493.19,90676.46,227.47596024,2026-01-09 08:00:00
1767946500000,90676.46,90844.23,90650.0,90677.44,74.84862635,2026-01-09 08:15:00
1767947400000,90677.44,90706.15,90300.33,90342.81,132.30079506,2026-01-09 08:30:00
1767948300000,90342.81,90349.39,89693.26,90033.06,303.27932348,2026-01-09 08:45:00
1767949200000,90033.06,90266.61,90007.05,90158.77,170.10459117,2026-01-09 09:00:00
1767950100000,90158.77,90483.03,90066.66,90413.96,118.65673092,2026-01-09 09:15:00
1767951000000,90413.96,90414.11,90296.12,90363.38,97.30437013,2026-01-09 09:30:00
1767951900000,90363.38,90430.46,90291.07,90338.84,31.11829259,2026-01-09 09:45:00
1767952800000,90338.84,90498.33,90283.81,90405.79,42.69005953,2026-01-09 10:00:00
1767953700000,90405.79,90558.47,90405.79,90439.31,160.68832877,2026-01-09 10:15:00
1767954600000,90439.31,90537.83,90409.37,90507.03,36.63178616,2026-01-09 10:30:00
1767955500000,90507.03,90539.82,90500.0,90500.0,57.33095131,2026-01-09 10:45:00
1767956400000,90500.0,90703.01,90447.38,90610.32,223.12910477,2026-01-09 11:00:00
1767957300000,90610.32,90754.2,90532.0,90581.06,192.99125936,2026-01-09 11:15:00
1767958200000,90581.06,90659.73,90482.97,90539.66,131.91290629,2026-01-09 11:30:00
1767959100000,90539.66,90593.47,90409.15,90462.65,151.90030111,2026-01-09 11:45:00
1767960000000,90462.65,90722.32,90400.0,90420.3,267.09279517,2026-01-09 12:00:00
1767960900000,90420.3,90517.24,90240.65,90341.67,211.84863287,2026-01-09 12:15:00
1767961800000,90341.67,91200.0,90315.6,90466.05,191.80636972,2026-01-09 12:30:00
1767962700000,90466.05,90604.34,90383.28,90464.55,84.93174078,2026-01-09 12:45:00
1767963600000,90464.55,90707.0,90444.45,90639.01,48.69615948,2026-01-09 13:00:00
1767964500000,90639.01,90730.0,90590.13,90590.13,95.82961563,2026-01-09 13:15:00
1767965400000,90590.13,90922.0,90414.38,90616.86,160.43319442,2026-01-09 13:30:00
1767966300000,90616.86,90729.19,90481.86,90607.23,63.69683278,2026-01-09 13:45:00
1767967200000,90607.23,90638.47,90250.0,90342.72,75.63698239,2026-01-09 14:00:00
1767968100000,90342.72,90661.63,90333.41,90544.72,47.14166748,2026-01-09 14:15:00
1767969000000,90544.72,90679.82,90089.53,90107.24,191.28621483,2026-01-09 14:30:00
1767969900000,90107.24,90273.99,89947.16,90153.74,251.78942808,2026-01-09 14:45:00
1767970800000,90153.74,90353.77,89853.65,90216.96,218.23924631,2026-01-09 15:00:00
1767971700000,90216.96,91753.15,90171.38,91680.54,409.30833887,2026-01-09 15:15:00
1767972600000,91680.54,92026.56,91200.47,91235.78,548.82070535,2026-01-09 15:30:00
1767973500000,91235.78,91558.91,90854.79,91178.45,194.76469811,2026-01-09 15:45:00
1767974400000,91178.45,91783.72,91175.25,91763.54,174.85875904,2026-01-09 16:00:00
1767975300000,91763.54,91785.32,91320.28,91378.95,235.16565165,2026-01-09 16:15:00
1767976200000,91378.95,91480.47,91258.23,91468.09,172.93026047,2026-01-09 16:30:00
1767977100000,91468.09,91673.23,91419.48,91623.41,181.65491314,2026-01-09 16:45:00
1767978000000,91623.41,91679.94,91244.23,91351.75,268.44039838,2026-01-09 17:00:00
1767978900000,91351.75,91352.18,91020.0,91133.46,79.83588047,2026-01-09 17:15:00
1767979800000,91133.46,91279.0,91054.72,91148.88,57.21135482,2026-01-09 17:30:00
1767980700000,91148.88,91533.23,91134.0,91421.76,57.24924211,2026-01-09 17:45:00
1767981600000,91421.76,91508.63,91242.73,91283.66,53.79413689,2026-01-09 18:00:00
1767982500000,91283.66,91283.66,90590.81,90606.41,126.17844874,2026-01-09 18:15:00
1767983400000,90606.41,90865.81,90345.29,90813.43,103.74787314,2026-01-09 18:30:00
1767984300000,90813.43,90955.18,90669.54,90819.84,44.62472173,2026-01-09 18:45:00
1767985200000,90819.84,90819.84,90528.15,90551.55,98.28792043,2026-01-09 19:00:00
1767986100000,90551.55,90580.12,90297.39,90327.9,110.65131483,2026-01-09 19:15:00
1767987000000,90327.9,90473.94,90188.77,90344.05,104.15755566,2026-01-09 19:30:00
1767987900000,90344.05,90623.31,90333.01,90333.01,75.38855674,2026-01-09 19:45:00
1767988800000,90333.01,90454.45,90237.2,90403.99,55.27612052,2026-01-09 20:00:00
1767989700000,90403.99,90568.39,90354.76,90473.14,43.9565995,2026-01-09 20:15:00
1767990600000,90473.14,90581.3,90262.14,90264.15,38.1671231,2026-01-09 20:30:00
1767991500000,90264.15,90403.66,90235.47,90294.05,71.72094975,2026-01-09 20:45:00
1767992400000,90294.05,90428.08,90133.0,90360.0,52.02704944,2026-01-09 21:00:00
1767993300000,90360.0,90622.48,90314.87,90565.14,48.65747524,2026-01-09 21:15:00
1767994200000,90565.14,90623.01,90422.74,90448.76,25.45505167,2026-01-09 21:30:00
1767995100000,90448.76,90579.13,90426.5,90541.51,16.6857528,2026-01-09 21:45:00
1767996000000,90541.51,90571.7,90353.41,90392.09,26.34877765,2026-01-09 22:00:00
1767996900000,90392.09,90614.16,90362.13,90597.49,96.2202238,2026-01-09 22:15:00
1767997800000,90597.49,90716.64,90552.53,90553.73,143.48537937,2026-01-09 22:30:00
1767998700000,90553.73,90679.59,90553.73,90630.55,22.24793255,2026-01-09 22:45:00
1767999600000,90630.55,90710.03,90607.72,90708.44,32.40015823,2026-01-09 23:00:00
1768000500000,90708.44,90732.47,90675.78,90720.64,37.7877984,2026-01-09 23:15:00
1768001400000,90720.64,90729.91,90646.32,90683.92,42.80346075,2026-01-09 23:30:00
1768002300000,90683.92,90706.57,90604.12,90640.98,8.36843059,2026-01-09 23:45:00
1768003200000,90640.98,90687.0,90577.96,90580.4,34.00614854,2026-01-10 00:00:00
1768004100000,90580.4,90621.89,90527.55,90621.85,30.17800709,2026-01-10 00:15:00
1768005000000,90621.85,90659.95,90603.06,90607.36,23.42350916,2026-01-10 00:30:00
1768005900000,90607.36,90613.62,90545.09,90599.57,15.56648632,2026-01-10 00:45:00
1768006800000,90599.57,90648.25,90586.54,90647.34,15.75090487,2026-01-10 01:00:00
1768007700000,90647.34,90700.0,90608.48,90666.8,24.73167323,2026-01-10 01:15:00
1768008600000,90666.8,90726.79,90665.82,90724.91,20.57522732,2026-01-10 01:30:00
1768009500000,90724.91,90740.3,90660.27,90688.47,17.4551807,2026-01-10 01:45:00
1768010400000,90688.47,90741.49,90688.47,90739.15,14.37303425,2026-01-10 02:00:00
1768011300000,90739.15,90790.62,90712.97,90782.64,33.91440524,2026-01-10 02:15:00
1768012200000,90782.64,90782.65,90606.56,90606.69,30.1163462,2026-01-10 02:30:00
1768013100000,90606.69,90699.98,90606.68,90696.87,15.50791513,2026-01-10 02:45:00
1768014000000,90696.87,90697.64,90554.37,90575.66,24.57982187,2026-01-10 03:00:00
1768014900000,90575.66,90637.94,90575.55,90631.9,14.32104535,2026-01-10 03:15:00
1768015800000,90631.9,90657.67,90593.52,90594.44,28.01130271,2026-01-10 03:30:00
1768016700000,90594.44,90649.78,90580.15,90625.8,17.53094922,2026-01-10 03:45:00
1768017600000,90625.8,90654.2,90519.39,90532.96,29.39982472,2026-01-10 04:00:00
1768018500000,90532.96,90561.31,90511.88,90526.09,13.99541202,2026-01-10 04:15:00
1768019400000,90526.09,90543.94,90472.4,90508.18,27.55255206,2026-01-10 04:30:00
1768020300000,90508.18,90516.57,90407.58,90448.77,42.66636648,2026-01-10 04:45:00
1768021200000,90448.77,90532.88,90430.03,90532.88,17.35560347,2026-01-10 05:00:00
1768022100000,90532.88,90569.09,90532.88,90568.16,13.24104557,2026-01-10 05:15:00
1768023000000,90568.16,90618.09,90532.92,90608.25,17.56974294,2026-01-10 05:30:00
1768023900000,90608.25,90611.6,90599.29,90603.97,9.86131376,2026-01-10 05:45:00
1768024800000,90603.97,90604.15,90579.17,90579.55,7.09672026,2026-01-10 06:00:00
1768025700000,90579.55,90579.55,90473.89,90526.92,22.62794497,2026-01-10 06:15:00
1768026600000,90526.92,90555.96,90509.9,90541.12,8.80649177,2026-01-10 06:30:00
1768027500000,90541.12,90545.22,90503.19,90505.17,13.1168764,2026-01-10 06:45:00
1768028400000,90505.17,90636.87,90505.02,90606.27,27.34206931,2026-01-10 07:00:00
1768029300000,90606.27,90607.13,90565.1,90606.32,11.93584658,2026-01-10 07:15:00
1768030200000,90606.32,90683.17,90600.74,90612.68,27.82777591,2026-01-10 07:30:00
1768031100000,90612.68,90688.82,90611.79,90677.72,45.66736117,2026-01-10 07:45:00
1768032000000,90677.72,90762.56,90649.54,90707.8,124.57660444,2026-01-10 08:00:00
1768032900000,90707.8,90724.13,90615.83,90695.54,42.11431892,2026-01-10 08:15:00
1768033800000,90695.54,90696.47,90640.13,90646.42,19.01427021,2026-01-10 08:30:00
1768034700000,90646.42,90662.41,90629.04,90661.48,11.72325532,2026-01-10 08:45:00
1768035600000,90661.48,90709.0,90640.69,90644.85,28.7465863,2026-01-10 09:00:00
1768036500000,90644.85,90694.79,90644.78,90683.48,14.98247803,2026-01-10 09:15:00
1768037400000,90683.48,90743.55,90629.18,90693.06,28.87689088,2026-01-10 09:30:00
1768038300000,90693.06,90768.65,90686.05,90768.59,37.14965941,2026-01-10 09:45:00
1768039200000,90768.59,90769.43,90728.67,90753.51,13.87543367,2026-01-10 10:00:00
1768040100000,90753.51,90801.36,90729.78,90761.31,24.10663531,2026-01-10 10:15:00
1768041000000,90761.31,90815.19,90761.15,90780.29,24.62860518,2026-01-10 10:30:00
1768041900000,90780.29,90832.47,90779.87,90827.59,30.63053834,2026-01-10 10:45:00
1768042800000,90827.59,90828.46,90752.14,90778.94,16.19503283,2026-01-10 11:00:00
1768043700000,90778.94,90802.33,90771.68,90782.17,14.03467016,2026-01-10 11:15:00
1768044600000,90782.17,90813.03,90779.54,90779.54,12.47792913,2026-01-10 11:30:00
1768045500000,90779.54,90780.47,90705.8,90723.4,12.41443463,2026-01-10 11:45:00
1768046400000,90723.4,90770.17,90711.29,90736.96,14.99000357,2026-01-10 12:00:00
1768047300000,90736.96,90789.45,90718.86,90719.79,17.97108587,2026-01-10 12:15:00
1768048200000,90719.79,90719.79,90665.29,90707.13,21.26330198,2026-01-10 12:30:00
1768049100000,90707.13,90737.88,90704.58,90733.3,13.85246016,2026-01-10 12:45:00
1768050000000,90733.3,90773.42,90706.56,90707.8,13.73768467,2026-01-10 13:00:00
1768050900000,90707.8,90744.68,90706.18,90727.11,15.94203176,2026-01-10 13:15:00
1768051800000,90727.11,90728.16,90706.34,90718.75,14.31874399,2026-01-10 13:30:00
1768052700000,90718.75,90723.94,90640.0,90656.96,18.90320202,2026-01-10 13:45:00
1768053600000,90656.96,90665.87,90536.33,90610.08,37.48654933,2026-01-10 14:00:00
1768054500000,90610.08,90649.66,90591.49,90619.05,29.86214045,2026-01-10 14:15:00
1768055400000,90619.05,90619.98,90557.2,90559.15,16.1542638,2026-01-10 14:30:00
1768056300000,90559.15,90592.15,90558.31,90584.0,17.33209802,2026-01-10 14:45:00
1768057200000,90584.0,90641.31,90581.96,90634.11,17.26942631,2026-01-10 15:00:00
1768058100000,90634.11,90640.21,90583.71,90596.22,18.2191413,2026-01-10 15:15:00
1768059000000,90596.22,90646.64,90595.28,90640.93,16.9508411,2026-01-10 15:30:00
1768059900000,90640.93,90666.5,90608.46,90665.3,15.93149579,2026-01-10 15:45:00
1768060800000,90665.3,90729.81,90655.35,90680.63,26.47284657,2026-01-10 16:00:00
1768061700000,90680.63,90681.47,90621.42,90646.71,16.40160058,2026-01-10 16:15:00
1768062600000,90646.71,90700.0,90609.12,90700.0,23.286581,2026-01-10 16:30:00
1768063500000,90700.0,90718.61,90673.63,90677.1,29.99728972,2026-01-10 16:45:00
1768064400000,90677.1,90720.49,90677.1,90720.46,22.63450244,2026-01-10 17:00:00
1768065300000,90720.46,90746.46,90720.46,90746.46,11.6670925,2026-01-10 17:15:00
1768066200000,90746.46,90746.46,90662.47,90664.19,26.03065178,2026-01-10 17:30:00
1768067100000,90664.19,90664.26,90544.5,90545.42,41.62281646,2026-01-10 17:45:00
1768068000000,90545.42,90574.87,90505.9,90530.58,55.80845187,2026-01-10 18:00:00
1768068900000,90530.58,90580.61,90530.48,90579.78,25.68367373,2026-01-10 18:15:00
1768069800000,90579.78,90590.94,90565.45,90589.35,12.8618207,2026-01-10 18:30:00
1768070700000,90589.35,90598.09,90583.67,90595.09,13.1691001,2026-01-10 18:45:00
1768071600000,90595.09,90596.09,90580.08,90580.55,5.96074464,2026-01-10 19:00:00
1768072500000,90580.55,90600.0,90580.15,90600.0,5.62315544,2026-01-10 19:15:00
1768073400000,90600.0,90631.87,90599.99,90631.87,18.5759056,2026-01-10 19:30:00
1768074300000,90631.87,90631.87,90605.31,90626.53,19.54828938,2026-01-10 19:45:00
1768075200000,90626.53,90663.95,90626.53,90658.56,15.43491843,2026-01-10 20:00:00
1768076100000,90658.56,90658.74,90641.54,90642.46,17.53147172,2026-01-10 20:15:00
1768077000000,90642.46,90642.57,90583.89,90584.07,15.35472834,2026-01-10 20:30:00
1768077900000,90584.07,90585.0,90570.28,90572.49,16.30820025,2026-01-10 20:45:00
1768078800000,90572.49,90573.3,90500.0,90527.48,41.27242269,2026-01-10 21:00:00
1768079700000,90527.48,90571.5,90512.52,90566.86,16.86162587,2026-01-10 21:15:00
1768080600000,90566.86,90568.73,90519.05,90535.43,23.02277023,2026-01-10 21:30:00
1768081500000,90535.43,90536.24,90506.55,90510.29,17.65252275,2026-01-10 21:45:00
1768082400000,90510.29,90511.21,90405.0,90406.47,50.15377203,2026-01-10 22:00:00
1768083300000,90406.47,90487.97,90400.72,90487.97,19.59462974,2026-01-10 22:15:00
1768084200000,90487.97,90595.64,90487.97,90593.77,21.83614231,2026-01-10 22:30:00
1768085100000,90593.77,90600.47,90427.11,90427.29,18.36747143,2026-01-10 22:45:00
1768086000000,90427.29,90537.79,90427.29,90510.72,18.54761909,2026-01-10 23:00:00
1768086900000,90510.72,90555.89,90510.61,90548.81,12.60926063,2026-01-10 23:15:00
1768087800000,90548.81,90567.33,90510.78,90535.64,11.97003292,2026-01-10 23:30:00
1768088700000,90535.64,90567.69,90493.18,90505.17,15.5847564,2026-01-10 23:45:00
1768089600000,90505.17,90522.76,90449.22,90509.53,15.84951452,2026-01-11 00:00:00
1768090500000,90509.53,90617.14,90509.53,90602.92,26.44440544,2026-01-11 00:15:00
1768091400000,90602.92,90602.96,90559.56,90565.35,14.69956346,2026-01-11 00:30:00
1768092300000,90565.35,90640.91,90565.27,90640.14,20.41891457,2026-01-11 00:45:00
1768093200000,90640.14,90675.97,90620.42,90623.42,14.60976053,2026-01-11 01:00:00
1768094100000,90623.42,90646.99,90582.59,90588.15,23.52823889,2026-01-11 01:15:00
1768095000000,90588.15,90596.62,90558.66,90593.06,10.25044916,2026-01-11 01:30:00
1768095900000,90593.06,90628.78,90592.93,90628.45,7.09899093,2026-01-11 01:45:00
1768096800000,90628.45,90697.0,90614.88,90693.67,17.74049559,2026-01-11 02:00:00
1768097700000,90693.67,90694.61,90639.75,90676.9,15.85936333,2026-01-11 02:15:00
1768098600000,90676.9,90692.23,90647.05,90692.15,8.78786608,2026-01-11 02:30:00
1768099500000,90692.15,90737.73,90677.4,90698.64,43.28277455,2026-01-11 02:45:00
1768100400000,90698.64,90699.47,90630.37,90641.84,13.95732439,2026-01-11 03:00:00
1768101300000,90641.84,90727.57,90640.91,90708.37,15.82954845,2026-01-11 03:15:00
1768102200000,90708.37,90708.72,90678.9,90699.93,14.10163834,2026-01-11 03:30:00
1768103100000,90699.93,90735.89,90692.28,90735.03,49.25747715,2026-01-11 03:45:00
1768104000000,90735.03,90735.03,90679.63,90720.15,35.78583779,2026-01-11 04:00:00
1768104900000,90720.15,90748.81,90707.47,90708.62,11.78541808,2026-01-11 04:15:00
1768105800000,90708.62,90770.0,90707.8,90757.61,27.54022839,2026-01-11 04:30:00
1768106700000,90757.61,90779.0,90757.61,90778.99,20.01975448,2026-01-11 04:45:00
1768107600000,90778.99,90785.95,90776.6,90784.19,13.53605215,2026-01-11 05:00:00
1768108500000,90784.19,90784.27,90739.54,90757.95,15.07012493,2026-01-11 05:15:00
1768109400000,90757.95,90813.51,90757.77,90813.19,17.24251436,2026-01-11 05:30:00
1768110300000,90813.19,90857.8,90757.03,90774.08,37.72945215,2026-01-11 05:45:00
1768111200000,90774.08,90797.29,90773.98,90790.04,11.7608968,2026-01-11 06:00:00
1768112100000,90790.04,90790.05,90584.88,90666.99,74.85163524,2026-01-11 06:15:00
1768113000000,90666.99,90681.76,90661.46,90662.32,9.9245755,2026-01-11 06:30:00
1768113900000,90662.32,90744.46,90662.26,90744.0,15.71916907,2026-01-11 06:45:00
1768114800000,90744.0,90744.46,90678.99,90679.69,8.7753598,2026-01-11 07:00:00
1768115700000,90679.69,90750.0,90678.99,90727.29,26.0751294,2026-01-11 07:15:00
1768116600000,90727.29,90739.05,90699.54,90711.24,20.52556502,2026-01-11 07:30:00
1768117500000,90711.24,90711.26,90710.31,90711.22,15.44370769,2026-01-11 07:45:00
1768118400000,90711.22,90731.46,90609.56,90678.22,35.46239087,2026-01-11 08:00:00
1768119300000,90678.22,90732.83,90677.29,90729.52,26.77525388,2026-01-11 08:15:00
1768120200000,90729.52,90793.29,90673.65,90722.51,53.42436967,2026-01-11 08:30:00
1768121100000,90722.51,90815.53,90706.76,90784.15,64.35228617,2026-01-11 08:45:00
1768122000000,90784.15,90810.3,90765.78,90765.78,30.35962225,2026-01-11 09:00:00
1768122900000,90765.78,90808.31,90754.58,90754.59,52.29885459,2026-01-11 09:15:00
1768123800000,90754.59,90774.6,90675.0,90745.9,27.54905769,2026-01-11 09:30:00
1768124700000,90745.9,90781.7,90736.06,90739.83,17.65029854,2026-01-11 09:45:00
1768125600000,90739.83,90740.48,90691.8,90733.31,19.75120335,2026-01-11 10:00:00
1768126500000,90733.31,90733.52,90706.42,90720.89,19.30766185,2026-01-11 10:15:00
1768127400000,90720.89,90739.32,90692.34,90695.53,30.82426725,2026-01-11 10:30:00
1768128300000,90695.53,90737.13,90695.53,90736.29,10.07905454,2026-01-11 10:45:00
1768129200000,90736.29,90736.31,90695.33,90707.89,24.3131923,2026-01-11 11:00:00
1768130100000,90707.89,90715.18,90702.14,90714.86,11.80642592,2026-01-11 11:15:00
1768131000000,90714.86,90750.46,90714.85,90723.65,19.07045936,2026-01-11 11:30:00
1768131900000,90723.65,90758.24,90700.0,90758.19,21.91161314,2026-01-11 11:45:00
1768132800000,90758.19,90794.89,90718.66,90794.47,23.17063567,2026-01-11 12:00:00
1768133700000,90794.47,90867.28,90782.85,90867.27,35.0846411,2026-01-11 12:15:00
1768134600000,90867.27,90910.0,90820.53,90899.17,27.17971697,2026-01-11 12:30:00
1768135500000,90899.17,91005.54,90898.76,90938.59,68.32538642,2026-01-11 12:45:00
1768136400000,90938.59,90970.0,90917.24,90939.99,25.95082507,2026-01-11 13:00:00
1768137300000,90939.99,90965.64,90825.54,90891.78,42.17135458,2026-01-11 13:15:00
1768138200000,90891.78,90891.78,90826.43,90826.44,15.95676541,2026-01-11 13:30:00
1768139100000,90826.44,90890.0,90826.43,90849.96,20.03807271,2026-01-11 13:45:00
1768140000000,90849.96,90965.0,90849.96,90940.01,36.03422624,2026-01-11 14:00:00
1768140900000,90940.01,90980.0,90929.76,90980.0,19.83009784,2026-01-11 14:15:00
1768141800000,90980.0,91048.65,90965.0,91037.14,58.18721887,2026-01-11 14:30:00
1768142700000,91037.14,91191.04,90987.62,91126.72,73.42638698,2026-01-11 14:45:00
1768143600000,91126.72,91150.0,90875.68,90906.57,124.51969359,2026-01-11 15:00:00
1768144500000,90906.57,91007.91,90874.15,90960.72,50.00413422,2026-01-11 15:15:00
1768145400000,90960.72,91022.09,90800.01,90844.57,77.1675986,2026-01-11 15:30:00
1768146300000,90844.57,90899.68,90710.01,90876.25,86.3907344,2026-01-11 15:45:00
1768147200000,90876.25,90990.74,90876.25,90888.22,54.92837461,2026-01-11 16:00:00
1768148100000,90888.22,91070.33,90881.43,91035.03,46.23724824,2026-01-11 16:15:00
1768149000000,91035.03,91278.95,91023.56,91120.01,118.32307864,2026-01-11 16:30:00
1768149900000,91120.01,91129.8,90958.94,91038.98,36.27688413,2026-01-11 16:45:00
1768150800000,91038.98,91150.07,91019.23,91058.28,71.06852904,2026-01-11 17:00:00
1768151700000,91058.28,91062.54,90928.87,91055.6,33.8405776,2026-01-11 17:15:00
1768152600000,91055.6,91055.66,90904.53,90989.72,45.32922937,2026-01-11 17:30:00
1768153500000,90989.72,91020.94,90959.79,90987.0,14.39625939,2026-01-11 17:45:00
1768154400000,90987.0,90987.15,90898.62,90902.67,18.61853505,2026-01-11 18:00:00
1768155300000,90902.67,90945.9,90897.05,90931.16,19.3416038,2026-01-11 18:15:00
1768156200000,90931.16,90931.28,90792.97,90851.74,45.31501504,2026-01-11 18:30:00
1768157100000,90851.74,90936.66,90850.21,90886.33,38.56482537,2026-01-11 18:45:00
1768158000000,90886.33,90926.09,90850.0,90922.53,18.36574447,2026-01-11 19:00:00
1768158900000,90922.53,90923.45,90877.16,90894.92,16.34491201,2026-01-11 19:15:00
1768159800000,90894.92,90895.47,90780.56,90781.73,23.92862152,2026-01-11 19:30:00
1768160700000,90781.73,90796.69,90665.78,90705.0,45.83876812,2026-01-11 19:45:00
1768161600000,90705.0,90705.0,90466.0,90559.21,111.03882482,2026-01-11 20:00:00
1768162500000,90559.21,90581.51,90413.5,90533.61,69.18675558,2026-01-11 20:15:00
1768163400000,90533.61,90658.47,90465.13,90606.71,67.71255094,2026-01-11 20:30:00
1768164300000,90606.71,90732.33,90605.79,90707.95,37.02678318,2026-01-11 20:45:00
1768165200000,90707.95,90708.03,90592.38,90664.83,29.89940913,2026-01-11 21:00:00
1768166100000,90664.83,90765.0,90633.77,90636.71,49.97160118,2026-01-11 21:15:00
1768167000000,90636.71,90723.86,90636.71,90688.63,20.05114693,2026-01-11 21:30:00
1768167900000,90688.63,90838.47,90675.06,90756.72,48.40505445,2026-01-11 21:45:00
1768168800000,90756.72,90756.81,90453.82,90556.07,67.1734606,2026-01-11 22:00:00
1768169700000,90556.07,90724.07,90555.15,90686.01,36.56004066,2026-01-11 22:15:00
1768170600000,90686.01,90735.93,90627.25,90707.79,34.79130737,2026-01-11 22:30:00
1768171500000,90707.79,90708.72,90533.0,90533.0,36.29951242,2026-01-11 22:45:00
1768172400000,90533.0,90735.29,90232.13,90716.69,125.5435891,2026-01-11 23:00:00
1768173300000,90716.69,91041.33,90703.24,90748.97,166.49644378,2026-01-11 23:15:00
1768174200000,90748.97,90933.0,90700.34,90920.77,38.81033058,2026-01-11 23:30:00
1768175100000,90920.77,91009.51,90851.82,90999.51,34.23580384,2026-01-11 23:45:00
1768176000000,90999.51,91044.63,90809.33,90917.26,91.31272026,2026-01-12 00:00:00
1768176900000,90917.26,91220.66,90883.54,91149.7,158.01759596,2026-01-12 00:15:00
1768177800000,91149.7,91192.74,90804.67,90826.15,93.33646356,2026-01-12 00:30:00
1768178700000,90826.15,91251.34,90720.87,91251.34,112.58363094,2026-01-12 00:45:00
1768179600000,91251.34,91790.05,91225.13,91529.27,202.13768254,2026-01-12 01:00:00
1768180500000,91529.27,91576.29,91393.67,91512.8,96.22803575,2026-01-12 01:15:00
1768181400000,91512.8,91529.33,91103.0,91386.21,161.75126438,2026-01-12 01:30:00
1768182300000,91386.21,91515.2,91363.45,91409.83,49.09078543,2026-01-12 01:45:00
1768183200000,91409.83,91732.3,91363.85,91732.17,119.01202709,2026-01-12 02:00:00
1768184100000,91732.17,91945.29,91626.93,91782.75,126.72120059,2026-01-12 02:15:00
1768185000000,91782.75,91990.0,91719.06,91944.34,112.74777677,2026-01-12 02:30:00
1768185900000,91944.34,92378.87,91944.34,92203.05,306.66371041,2026-01-12 02:45:00
1768186800000,92203.05,92466.67,92140.46,92433.96,176.21763947,2026-01-12 03:00:00
1768187700000,92433.96,92514.89,92350.37,92382.32,161.63303348,2026-01-12 03:15:00
1768188600000,92382.32,92469.38,91949.78,91985.72,206.74943699,2026-01-12 03:30:00
1768189500000,91985.72,92018.34,91807.62,91808.53,97.39575313,2026-01-12 03:45:00
1768190400000,91808.53,92108.36,91747.5,92104.96,222.85239676,2026-01-12 04:00:00
1768191300000,92104.96,92123.85,92024.52,92047.74,90.49840212,2026-01-12 04:15:00
1768192200000,92047.74,92231.37,92022.29,92198.85,88.74006157,2026-01-12 04:30:00
1768193100000,92198.85,92290.35,92153.6,92176.21,38.95719648,2026-01-12 04:45:00
1768194000000,92176.21,92235.57,92048.89,92132.62,55.48089628,2026-01-12 05:00:00
1768194900000,92132.62,92262.23,92099.53,92241.25,39.8340269,2026-01-12 05:15:00
1768195800000,92241.25,92269.69,92100.61,92113.26,68.61426373,2026-01-12 05:30:00
1768196700000,92113.26,92133.37,92086.78,92112.34,19.0204634,2026-01-12 05:45:00
1768197600000,92112.34,92207.49,92035.39,92167.48,50.21666179,2026-01-12 06:00:00
1768198500000,92167.48,92197.66,91964.53,91966.0,50.76510435,2026-01-12 06:15:00
1768199400000,91966.0,91966.01,91811.0,91935.88,49.0325374,2026-01-12 06:30:00
1768200300000,91935.88,91935.88,91811.01,91836.73,41.65423605,2026-01-12 06:45:00
1768201200000,91836.73,91971.41,91777.88,91816.89,51.87232855,2026-01-12 07:00:00
1768202100000,91816.89,91918.16,91754.53,91890.89,42.24635171,2026-01-12 07:15:00
1768203000000,91890.89,91897.04,91550.0,91572.53,92.71169018,2026-01-12 07:30:00
1768203900000,91572.53,91573.45,91386.1,91415.11,145.00083915,2026-01-12 07:45:00
1768204800000,91415.11,91631.36,91346.99,91547.87,170.63736098,2026-01-12 08:00:00
1768205700000,91547.87,91604.26,91453.75,91453.82,60.72694298,2026-01-12 08:15:00
1768206600000,91453.82,91453.82,90500.25,90571.43,245.51663293,2026-01-12 08:30:00
1768207500000,90571.43,90843.54,90400.0,90752.74,208.5230734,2026-01-12 08:45:00
1768208400000,90752.74,90842.12,90648.62,90806.63,87.14713252,2026-01-12 09:00:00
1768209300000,90806.63,90913.58,90781.62,90810.74,171.06626925,2026-01-12 09:15:00
1768210200000,90810.74,90944.76,90760.0,90836.54,80.94378081,2026-01-12 09:30:00
1768211100000,90836.54,90891.36,90670.62,90686.04,62.23419982,2026-01-12 09:45:00
1768212000000,90686.04,90793.64,90583.0,90690.46,82.11227235,2026-01-12 10:00:00
1768212900000,90690.46,90707.36,90544.48,90561.73,55.69413485,2026-01-12 10:15:00
1768213800000,90561.73,90649.66,90531.02,90537.2,49.31851832,2026-01-12 10:30:00
1768214700000,90537.2,90537.28,90369.39,90421.83,80.6635294,2026-01-12 10:45:00
1768215600000,90421.83,90618.68,90421.83,90601.79,65.05663425,2026-01-12 11:00:00
1768216500000,90601.79,90800.49,90553.34,90693.84,81.36937982,2026-01-12 11:15:00
1768217400000,90693.84,90748.22,90560.16,90589.31,81.90877513,2026-01-12 11:30:00
1768218300000,90589.31,90687.58,90589.27,90621.42,77.33166951,2026-01-12 11:45:00
1768219200000,90621.42,90774.36,90615.2,90762.08,72.11372131,2026-01-12 12:00:00
1768220100000,90762.08,90863.47,90761.27,90780.24,39.43306967,2026-01-12 12:15:00
1768221000000,90780.24,90801.94,90680.57,90734.46,31.90739456,2026-01-12 12:30:00
1768221900000,90734.46,90827.99,90701.76,90788.96,25.68056754,2026-01-12 12:45:00
1768222800000,90788.96,90831.96,90534.54,90554.42,71.29493942,2026-01-12 13:00:00
1768223700000,90554.42,90744.01,90554.32,90691.35,52.78133765,2026-01-12 13:15:00
1768224600000,90691.35,90787.49,90607.54,90663.44,43.02648111,2026-01-12 13:30:00
1768225500000,90663.44,90703.58,90565.45,90635.82,54.41585579,2026-01-12 13:45:00
1768226400000,90635.82,90667.25,90586.12,90651.6,34.33448124,2026-01-12 14:00:00
1768227300000,90651.6,90664.99,90133.05,90290.66,251.66948935,2026-01-12 14:15:00
1768228200000,90290.66,91027.95,90221.14,90805.19,226.81434246,2026-01-12 14:30:00
1768229100000,90805.19,91116.35,90580.83,90908.48,133.54038612,2026-01-12 14:45:00
1768230000000,90908.48,90966.07,90706.05,90928.86,109.06802921,2026-01-12 15:00:00
1768230900000,90928.86,91420.0,90868.3,91319.58,165.11777714,2026-01-12 15:15:00
1768231800000,91319.58,91573.2,91241.0,91544.56,192.67445903,2026-01-12 15:30:00
1768232700000,91544.56,91665.52,91387.53,91665.52,189.59640297,2026-01-12 15:45:00
1768233600000,91665.52,91872.5,91630.77,91793.39,192.75673403,2026-01-12 16:00:00
1768234500000,91793.39,92220.0,91591.77,92205.94,268.3843858,2026-01-12 16:15:00
1768235400000,92205.94,92320.97,91962.54,92157.0,325.44239094,2026-01-12 16:30:00
1768236300000,92157.0,92282.97,92027.35,92123.94,164.42418927,2026-01-12 16:45:00
1768237200000,92123.94,92299.51,91868.96,91973.51,210.79255601,2026-01-12 17:00:00
1768238100000,91973.51,92086.94,91657.03,91711.89,165.32880128,2026-01-12 17:15:00
1768239000000,91711.89,91740.0,91012.72,91345.59,221.66458632,2026-01-12 17:30:00
1768239900000,91345.59,91544.69,91307.94,91522.36,106.1280225,2026-01-12 17:45:00
1768240800000,91522.36,91819.47,91408.91,91705.23,90.3209757,2026-01-12 18:00:00
1768241700000,91705.23,91942.79,91705.23,91921.95,85.21699174,2026-01-12 18:15:00
1768242600000,91921.95,91930.1,91500.0,91655.81,121.57799015,2026-01-12 18:30:00
1768243500000,91655.81,91775.35,91626.1,91691.88,54.5832894,2026-01-12 18:45:00
1768244400000,91691.88,91756.07,91433.94,91663.1,106.86025203,2026-01-12 19:00:00
1768245300000,91663.1,91844.67,91663.1,91824.55,62.98908062,2026-01-12 19:15:00
1768246200000,91824.55,91879.53,91745.78,91801.05,31.43462901,2026-01-12 19:30:00
1768247100000,91801.05,91868.58,91719.88,91861.64,31.67109614,2026-01-12 19:45:00
1768248000000,91861.64,92045.86,91835.53,91869.07,108.24932432,2026-01-12 20:00:00
1768248900000,91869.07,91869.15,91691.28,91735.22,42.24015872,2026-01-12 20:15:00
1768249800000,91735.22,91735.22,91441.64,91468.19,57.09446839,2026-01-12 20:30:00
1768250700000,91468.19,91516.56,91417.09,91492.23,45.57743827,2026-01-12 20:45:00
1768251600000,91492.23,91492.23,91201.4,91467.76,71.62082202,2026-01-12 21:00:00
1768252500000,91467.76,91491.45,91337.48,91337.66,49.49725241,2026-01-12 21:15:00
1768253400000,91337.66,91380.99,91284.71,91291.66,21.75422746,2026-01-12 21:30:00
1768254300000,91291.66,91291.66,90937.69,91055.62,122.93145432,2026-01-12 21:45:00
1768255200000,91055.62,91440.92,91054.7,91413.6,71.47671174,2026-01-12 22:00:00
1768256100000,91413.6,91413.6,91261.43,91269.74,39.03985804,2026-01-12 22:15:00
1768257000000,91269.74,91402.51,91202.65,91340.36,56.76194209,2026-01-12 22:30:00
1768257900000,91340.36,91340.36,91220.0,91245.46,39.32086698,2026-01-12 22:45:00
1768258800000,91245.46,91281.45,91060.15,91161.94,119.24194736,2026-01-12 23:00:00
1768259700000,91161.94,91282.85,91135.12,91271.2,21.39123128,2026-01-12 23:15:00
1768260600000,91271.2,91314.17,91192.38,91270.47,34.31880648,2026-01-12 23:30:00
1768261500000,91270.47,91302.03,91216.26,91295.74,32.78516831,2026-01-12 23:45:00
1768262400000,91295.74,91411.98,91258.02,91338.44,44.43204124,2026-01-13 00:00:00
1768263300000,91338.44,91528.03,91296.99,91443.99,64.31920736,2026-01-13 00:15:00
1768264200000,91443.99,91545.88,91246.03,91309.49,65.42009965,2026-01-13 00:30:00
1768265100000,91309.49,91510.46,91300.56,91482.27,44.97282053,2026-01-13 00:45:00
1768266000000,91482.27,91545.65,91400.0,91477.91,68.9361487,2026-01-13 01:00:00
1768266900000,91477.91,91477.92,91291.55,91323.55,72.06182654,2026-01-13 01:15:00
1768267800000,91323.55,91338.81,91043.93,91089.54,132.16994361,2026-01-13 01:30:00
1768268700000,91089.54,91203.21,91089.53,91185.81,64.73789854,2026-01-13 01:45:00
1768269600000,91185.81,91383.34,91185.8,91282.92,111.56002521,2026-01-13 02:00:00
1768270500000,91282.92,91313.59,91248.68,91268.02,37.00959612,2026-01-13 02:15:00
1768271400000,91268.02,91306.99,91109.82,91110.78,56.19544658,2026-01-13 02:30:00
1768272300000,91110.78,91238.63,91110.78,91118.75,62.36660519,2026-01-13 02:45:00
1768273200000,91118.75,91288.29,91117.83,91272.09,60.61935495,2026-01-13 03:00:00
1768274100000,91272.09,91454.09,91269.28,91386.08,55.26540111,2026-01-13 03:15:00
1768275000000,91386.08,91419.83,91312.69,91337.05,36.82261561,2026-01-13 03:30:00
1768275900000,91337.05,91409.56,91282.65,91409.21,37.62079391,2026-01-13 03:45:00
1768276800000,91409.21,91476.46,91388.97,91460.44,60.71267104,2026-01-13 04:00:00
1768277700000,91460.44,91649.37,91402.34,91485.29,73.99105293,2026-01-13 04:15:00
1768278600000,91485.29,91485.29,91350.85,91359.86,32.89978107,2026-01-13 04:30:00
1768279500000,91359.86,91532.67,91346.51,91511.25,43.11506858,2026-01-13 04:45:00
1768280400000,91511.25,91749.35,91467.44,91747.47,127.37829234,2026-01-13 05:00:00
1768281300000,91747.47,92258.58,91700.54,92091.1,336.98763586,2026-01-13 05:15:00
1768282200000,92091.1,92111.54,91857.21,91937.72,170.0285719,2026-01-13 05:30:00
1768283100000,91937.72,92108.66,91900.01,91920.52,81.72515449,2026-01-13 05:45:00
1768284000000,91920.52,92088.47,91806.62,91927.93,82.64371916,2026-01-13 06:00:00
1768284900000,91927.93,92049.27,91879.74,91879.75,76.49080242,2026-01-13 06:15:00
1768285800000,91879.75,92137.91,91879.75,91990.85,89.61456206,2026-01-13 06:30:00
1768286700000,91990.85,92276.42,91990.85,92183.92,148.99520173,2026-01-13 06:45:00
1768287600000,92183.92,92212.02,92031.9,92033.39,116.26719061,2026-01-13 07:00:00
1768288500000,92033.39,92070.28,91909.54,92029.61,131.70675342,2026-01-13 07:15:00
1768289400000,92029.61,92035.22,91937.54,91938.2,99.84961623,2026-01-13 07:30:00
1768290300000,91938.2,91957.4,91904.97,91951.2,127.52377958,2026-01-13 07:45:00
1768291200000,91951.2,92017.25,91921.52,91976.99,50.12484555,2026-01-13 08:00:00
1768292100000,91976.99,92070.39,91935.65,91954.28,63.90015336,2026-01-13 08:15:00
1768293000000,91954.28,92183.35,91953.47,92132.09,148.34191474,2026-01-13 08:30:00
1768293900000,92132.09,92251.13,92121.61,92166.37,85.1892941,2026-01-13 08:45:00
1768294800000,92166.37,92430.47,92165.16,92429.59,181.12961886,2026-01-13 09:00:00
1768295700000,92429.59,92671.61,92348.55,92551.26,201.18459193,2026-01-13 09:15:00
1768296600000,92551.26,92577.46,91965.09,92148.2,237.48303364,2026-01-13 09:30:00
1768297500000,92148.2,92327.38,92128.05,92269.89,122.68657606,2026-01-13 09:45:00
1768298400000,92269.89,92348.82,92199.77,92239.02,104.74154924,2026-01-13 10:00:00
1768299300000,92239.02,92259.99,92138.46,92256.22,51.57925027,2026-01-13 10:15:00
1768300200000,92256.22,92297.5,92056.18,92060.08,61.89301689,2026-01-13 10:30:00
1768301100000,92060.08,92141.96,92020.07,92128.93,54.41777478,2026-01-13 10:45:00
1768302000000,92128.93,92261.58,92029.34,92218.83,85.8959374,2026-01-13 11:00:00
1768302900000,92218.83,92250.43,92124.79,92204.98,45.49355913,2026-01-13 11:15:00
1768303800000,92204.98,92205.1,92063.09,92071.52,58.91516346,2026-01-13 11:30:00
1768304700000,92071.52,92100.47,91969.29,92001.19,83.51955023,2026-01-13 11:45:00
1768305600000,92001.19,92061.82,91909.79,91939.97,58.90280922,2026-01-13 12:00:00
1768306500000,91939.97,92125.42,91910.87,92074.98,40.7887238,2026-01-13 12:15:00
1768307400000,92074.98,92155.66,92074.03,92138.18,51.93710448,2026-01-13 12:30:00
1768308300000,92138.18,92138.31,92066.82,92109.82,52.04476534,2026-01-13 12:45:00
1768309200000,92109.82,92109.82,91978.11,92006.03,93.57357887,2026-01-13 13:00:00
1768310100000,92006.03,92156.59,92000.0,92130.31,61.16919822,2026-01-13 13:15:00
1768311000000,92130.31,92594.89,92046.7,92203.92,485.87053134,2026-01-13 13:30:00
1768311900000,92203.92,92261.64,92049.94,92083.99,116.84525748,2026-01-13 13:45:00
1768312800000,92083.99,92083.99,91799.5,91971.37,156.99884739,2026-01-13 14:00:00
1768313700000,91971.37,92435.0,91970.54,92434.11,155.85550503,2026-01-13 14:15:00
1768314600000,92434.11,92910.53,92326.04,92691.16,269.20572062,2026-01-13 14:30:00
1768315500000,92691.16,92769.29,92408.25,92462.51,167.95430683,2026-01-13 14:45:00
1768316400000,92462.51,92600.49,92133.12,92585.37,225.91698712,2026-01-13 15:00:00
1768317300000,92585.37,92588.6,92200.55,92396.66,110.55739666,2026-01-13 15:15:00
1768318200000,92396.66,93163.96,92368.86,92926.18,255.36446147,2026-01-13 15:30:00
1768319100000,92926.18,93441.01,92827.86,93440.87,285.42731271,2026-01-13 15:45:00
1768320000000,93440.87,93700.0,93288.09,93288.09,360.67812005,2026-01-13 16:00:00
1768320900000,93288.09,93485.43,93078.79,93200.48,178.56333508,2026-01-13 16:15:00
1768321800000,93200.48,93659.99,93138.01,93551.16,327.09750579,2026-01-13 16:30:00
1768322700000,93551.16,93759.52,93371.77,93390.11,251.27829555,2026-01-13 16:45:00
1768323600000,93390.11,93501.39,93236.34,93334.26,169.35277897,2026-01-13 17:00:00
1768324500000,93334.26,93454.15,93099.99,93415.27,112.65620228,2026-01-13 17:15:00
1768325400000,93415.27,93465.16,93171.49,93392.16,142.5668231,2026-01-13 17:30:00
1768326300000,93392.16,93463.2,93232.14,93241.45,142.03878465,2026-01-13 17:45:00
1768327200000,93241.45,93655.27,93200.0,93568.17,199.07417915,2026-01-13 18:00:00
1768328100000,93568.17,93741.41,93544.51,93572.35,118.81744062,2026-01-13 18:15:00
1768329000000,93572.35,93748.13,93502.41,93631.54,127.52071461,2026-01-13 18:30:00
1768329900000,93631.54,93872.2,93498.64,93633.23,199.71293261,2026-01-13 18:45:00
1768330800000,93633.23,93674.82,93480.0,93541.58,104.75052636,2026-01-13 19:00:00
1768331700000,93541.58,93865.06,93485.3,93858.0,126.60434591,2026-01-13 19:15:00
1768332600000,93858.0,94115.2,93798.32,94033.1,229.15987498,2026-01-13 19:30:00
1768333500000,94033.1,94231.15,94003.84,94216.02,179.46880687,2026-01-13 19:45:00
1768334400000,94216.02,94427.49,94179.5,94355.81,293.52209003,2026-01-13 20:00:00
1768335300000,94355.81,94498.0,94274.48,94348.23,240.52998133,2026-01-13 20:15:00
1768336200000,94348.23,94367.68,94112.59,94277.22,253.63229946,2026-01-13 20:30:00
1768337100000,94277.22,94466.35,94214.88,94405.06,249.56430536,2026-01-13 20:45:00
1768338000000,94405.06,94490.99,94350.0,94386.36,316.29179168,2026-01-13 21:00:00
1768338900000,94386.36,94508.48,94314.6,94324.36,167.43696908,2026-01-13 21:15:00
1768339800000,94324.36,94370.0,94149.08,94154.94,112.79819396,2026-01-13 21:30:00
1768340700000,94154.94,94186.79,94062.23,94087.72,92.867155,2026-01-13 21:45:00
1768341600000,94087.72,95987.64,94087.01,95608.32,355.75156253,2026-01-13 22:00:00
1768342500000,95608.32,95680.95,95010.01,95316.3,257.23164399,2026-01-13 22:15:00
1768343400000,95316.3,95644.74,95132.48,95584.47,183.33601296,2026-01-13 22:30:00
1768344300000,95584.47,96008.54,95499.8,95713.06,227.10537086,2026-01-13 22:45:00
1768345200000,95713.06,96099.99,95666.0,95728.63,272.99882906,2026-01-13 23:00:00
1768346100000,95728.63,95728.7,95348.69,95386.13,121.982834,2026-01-13 23:15:00
1768347000000,95386.13,95432.3,95106.68,95194.15,256.26263691,2026-01-13 23:30:00
1768347900000,95194.15,95449.62,95057.73,95413.52,129.82414069,2026-01-13 23:45:00
1768348800000,95413.52,95628.82,95361.51,95503.55,163.30795558,2026-01-14 00:00:00
1768349700000,95503.55,95617.53,95445.79,95465.96,91.33525238,2026-01-14 00:15:00
1768350600000,95465.96,95466.01,95177.96,95294.01,108.05106434,2026-01-14 00:30:00
1768351500000,95294.01,95348.09,95196.58,95237.31,78.09130707,2026-01-14 00:45:00
1768352400000,95237.31,95498.0,95156.43,95485.0,132.3579698,2026-01-14 01:00:00
1768353300000,95485.0,95581.51,95407.99,95481.8,73.00991902,2026-01-14 01:15:00
1768354200000,95481.8,95542.28,95182.64,95272.1,199.36734275,2026-01-14 01:30:00
1768355100000,95272.1,95339.0,95131.7,95237.96,94.48740619,2026-01-14 01:45:00
1768356000000,95237.96,95548.63,95192.78,95483.14,105.81828432,2026-01-14 02:00:00
1768356900000,95483.14,95560.47,95378.21,95521.28,73.2030307,2026-01-14 02:15:00
1768357800000,95521.28,95521.28,95352.0,95490.99,137.24036826,2026-01-14 02:30:00
1768358700000,95490.99,95531.04,95273.33,95347.14,79.6596746,2026-01-14 02:45:00
1768359600000,95347.14,95491.56,95285.02,95433.93,63.56656222,2026-01-14 03:00:00
1768360500000,95433.93,95508.18,95365.68,95372.67,70.1270583,2026-01-14 03:15:00
1768361400000,95372.67,95593.92,95372.66,95550.12,92.40312831,2026-01-14 03:30:00
1768362300000,95550.12,95721.62,95534.01,95721.39,93.98421135,2026-01-14 03:45:00
1768363200000,95721.39,95778.61,95379.08,95420.81,197.13507877,2026-01-14 04:00:00
1768364100000,95420.81,95524.82,95419.68,95476.31,37.41696062,2026-01-14 04:15:00
1768365000000,95476.31,95497.48,95286.14,95289.03,56.39797252,2026-01-14 04:30:00
1768365900000,95289.03,95323.61,95216.74,95244.68,43.7202259,2026-01-14 04:45:00
1768366800000,95244.68,95244.69,95107.76,95234.83,81.48543195,2026-01-14 05:00:00
1768367700000,95234.83,95272.46,94978.3,95043.27,125.37551884,2026-01-14 05:15:00
1768368600000,95043.27,95216.48,94996.05,95050.68,142.99421827,2026-01-14 05:30:00
1768369500000,95050.68,95132.27,95000.25,95004.54,119.7502183,2026-01-14 05:45:00
1768370400000,95004.54,95005.48,94713.9,94864.88,210.71075122,2026-01-14 06:00:00
1768371300000,94864.88,94881.64,94670.53,94697.46,92.86571038,2026-01-14 06:15:00
1768372200000,94697.46,94891.27,94572.59,94889.31,160.74166227,2026-01-14 06:30:00
1768373100000,94889.31,95031.19,94889.29,95029.36,88.41897649,2026-01-14 06:45:00
1768374000000,95029.36,95135.86,94906.74,95040.95,92.09501783,2026-01-14 07:00:00
1768374900000,95040.95,95190.86,94911.81,94935.63,114.74312525,2026-01-14 07:15:00
1768375800000,94935.63,95037.54,94850.32,95018.81,223.75462852,2026-01-14 07:30:00
1768376700000,95018.81,95234.51,95013.14,95205.61,147.59013087,2026-01-14 07:45:00
1768377600000,95205.61,95314.67,95183.61,95266.55,67.72941112,2026-01-14 08:00:00
1768378500000,95266.55,95283.52,95167.38,95170.71,42.58546401,2026-01-14 08:15:00
1768379400000,95170.71,95192.78,94953.94,94956.35,97.787268,2026-01-14 08:30:00
1768380300000,94956.35,94989.03,94900.0,94900.01,45.39694488,2026-01-14 08:45:00
1768381200000,94900.01,95129.05,94875.52,95086.02,136.43752736,2026-01-14 09:00:00
1768382100000,95086.02,95186.97,95050.0,95065.99,74.5208133,2026-01-14 09:15:00
1768383000000,95065.99,95133.31,94994.25,95013.09,53.92549424,2026-01-14 09:30:00
1768383900000,95013.09,95100.0,94960.77,95087.76,55.57107628,2026-01-14 09:45:00
1768384800000,95087.76,95173.38,94964.25,95173.38,64.08577468,2026-01-14 10:00:00
1768385700000,95173.38,95290.0,94888.37,95040.48,164.80890467,2026-01-14 10:15:00
1768386600000,95040.48,95170.81,94910.22,95099.99,94.47276262,2026-01-14 10:30:00
1768387500000,95099.99,95194.03,95094.77,95095.66,46.97924312,2026-01-14 10:45:00
1768388400000,95095.66,95095.66,94899.47,94925.77,74.41128659,2026-01-14 11:00:00
1768389300000,94925.77,95001.28,94824.77,94977.64,79.88528691,2026-01-14 11:15:00
1768390200000,94977.64,95010.48,94911.85,94923.21,40.87009321,2026-01-14 11:30:00
1768391100000,94923.21,94946.95,94737.47,94793.14,59.47319734,2026-01-14 11:45:00
1768392000000,94793.14,95025.0,94680.15,95019.48,101.38744039,2026-01-14 12:00:00
1768392900000,95019.48,95117.3,94979.34,95079.48,62.00114128,2026-01-14 12:15:00
1768393800000,95079.48,95155.26,95039.05,95062.15,90.48270818,2026-01-14 12:30:00
1768394700000,95062.15,95090.84,95043.42,95077.08,31.42915191,2026-01-14 12:45:00
1768395600000,95077.08,95078.06,94933.34,94964.25,52.02638377,2026-01-14 13:00:00
1768396500000,94964.25,95238.92,94962.89,95190.3,77.92341143,2026-01-14 13:15:00
1768397400000,95190.3,95215.19,95053.96,95072.1,50.99702295,2026-01-14 13:30:00
1768398300000,95072.1,95088.83,94888.2,94997.72,120.91257875,2026-01-14 13:45:00
1768399200000,94997.72,95510.46,94981.87,95486.92,188.24548851,2026-01-14 14:00:00
1768400100000,95486.92,95804.65,95443.42,95645.53,161.42864533,2026-01-14 14:15:00
1768401000000,95645.53,96024.04,95367.66,95854.49,259.24180196,2026-01-14 14:30:00
1768401900000,95854.49,96822.85,95854.49,96492.44,258.18743303,2026-01-14 14:45:00
1768402800000,96492.44,97050.0,96197.03,96951.43,365.78120761,2026-01-14 15:00:00
1768403700000,96951.43,96998.5,96734.0,96745.26,328.02467211,2026-01-14 15:15:00
1768404600000,96745.26,96942.55,96347.53,96428.29,396.26271184,2026-01-14 15:30:00
1768405500000,96428.29,96838.94,96324.59,96764.07,249.21329946,2026-01-14 15:45:00
1768406400000,96764.07,97466.22,96729.61,97374.99,377.35417615,2026-01-14 16:00:00
1768407300000,97374.99,97462.88,97108.72,97249.0,315.94845541,2026-01-14 16:15:00
1768408200000,97249.0,97540.98,97005.09,97523.31,316.64989887,2026-01-14 16:30:00
1768409100000,97523.31,97689.43,97127.83,97293.61,373.58535296,2026-01-14 16:45:00
1768410000000,97293.61,97731.45,97194.71,97672.06,308.6853796,2026-01-14 17:00:00
1768410900000,97672.06,97776.0,97543.64,97543.65,334.84928572,2026-01-14 17:15:00
1768411800000,97543.65,97543.65,96806.11,97188.06,359.12518816,2026-01-14 17:30:00
1768412700000,97188.06,97431.0,96910.27,96956.56,291.15516391,2026-01-14 17:45:00
1768413600000,96956.56,97099.63,96683.19,96750.0,209.75734655,2026-01-14 18:00:00
1768414500000,96750.0,97042.4,96604.99,97038.13,144.93961176,2026-01-14 18:15:00
1768415400000,97038.13,97110.57,96329.05,96388.36,248.98798969,2026-01-14 18:30:00
1768416300000,96388.36,96900.0,96251.35,96806.18,159.85723851,2026-01-14 18:45:00
1768417200000,96806.18,96994.62,96687.64,96994.62,115.42441263,2026-01-14 19:00:00
1768418100000,96994.62,97575.42,96983.25,97566.0,261.88261674,2026-01-14 19:15:00
1768419000000,97566.0,97640.99,97119.44,97357.5,146.46277034,2026-01-14 19:30:00
1768419900000,97357.5,97509.44,97221.41,97266.93,78.37951762,2026-01-14 19:45:00
1768420800000,97266.93,97929.98,97208.71,97626.49,226.41497577,2026-01-14 20:00:00
1768421700000,97626.49,97633.94,97298.91,97338.89,152.18207313,2026-01-14 20:15:00
1768422600000,97338.89,97759.24,97331.72,97556.56,101.75253538,2026-01-14 20:30:00
1768423500000,97556.56,97662.31,97386.07,97645.1,148.57062013,2026-01-14 20:45:00
1768424400000,97645.1,97649.6,97437.53,97495.84,94.96236924,2026-01-14 21:00:00
1768425300000,97495.84,97612.0,97456.48,97588.35,58.44465402,2026-01-14 21:15:00
1768426200000,97588.35,97718.34,97507.66,97507.66,84.95722073,2026-01-14 21:30:00
1768427100000,97507.66,97603.14,97389.35,97563.62,91.3200297,2026-01-14 21:45:00
1768428000000,97563.62,97587.03,97322.37,97331.99,93.02359556,2026-01-14 22:00:00
1768428900000,97331.99,97483.76,97324.67,97324.74,109.14168903,2026-01-14 22:15:00
1768429800000,97324.74,97376.0,96894.13,97025.74,334.49332666,2026-01-14 22:30:00
1768430700000,97025.74,97266.0,96800.0,96881.43,134.35241746,2026-01-14 22:45:00
1768431600000,96881.43,97253.32,96881.43,97246.48,94.56438383,2026-01-14 23:00:00
1768432500000,97246.48,97369.0,97000.0,97000.0,72.41787995,2026-01-14 23:15:00
1768433400000,97000.0,97105.24,96865.61,97046.0,63.94765006,2026-01-14 23:30:00
1768434300000,97046.0,97077.46,96920.95,96945.75,62.9130071,2026-01-14 23:45:00
1768435200000,96945.75,96998.48,96782.57,96974.11,115.4485268,2026-01-15 00:00:00
1768436100000,96974.11,96996.49,96677.12,96730.14,125.62040628,2026-01-15 00:15:00
1768437000000,96730.14,96752.22,96502.71,96594.28,179.61206346,2026-01-15 00:30:00
1768437900000,96594.28,96672.67,96501.5,96657.53,101.42417582,2026-01-15 00:45:00
1768438800000,96657.53,96959.58,96657.53,96754.16,113.74387405,2026-01-15 01:00:00
1768439700000,96754.16,96771.67,96400.0,96400.0,140.02946431,2026-01-15 01:15:00
1768440600000,96400.0,96620.97,96301.0,96482.71,107.73801618,2026-01-15 01:30:00
1768441500000,96482.71,96551.71,96400.0,96444.83,76.00611597,2026-01-15 01:45:00
1768442400000,96444.83,96628.65,96388.0,96388.01,57.19047792,2026-01-15 02:00:00
1768443300000,96388.01,96584.46,96388.0,96526.05,57.90631871,2026-01-15 02:15:00
1768444200000,96526.05,96618.26,96111.0,96324.79,100.5119446,2026-01-15 02:30:00
1768445100000,96324.79,96341.21,96153.01,96340.53,76.396151,2026-01-15 02:45:00
1768446000000,96340.53,96410.49,96200.0,96330.54,85.81607677,2026-01-15 03:00:00
1768446900000,96330.54,96378.9,95921.46,95932.45,182.42603628,2026-01-15 03:15:00
1768447800000,95932.45,96107.97,95780.0,95907.85,242.44912001,2026-01-15 03:30:00
1768448700000,95907.85,96029.15,95830.57,95984.61,111.7936708,2026-01-15 03:45:00
1768449600000,95984.61,96121.04,95952.41,96073.83,114.19166543,2026-01-15 04:00:00
1768450500000,96073.83,96385.66,96010.56,96244.18,157.28551918,2026-01-15 04:15:00
1768451400000,96244.18,96300.83,96170.92,96235.08,111.4495324,2026-01-15 04:30:00
1768452300000,96235.08,96316.85,96156.09,96315.78,85.13160058,2026-01-15 04:45:00
1768453200000,96315.78,96486.88,96268.33,96268.36,113.75328071,2026-01-15 05:00:00
1768454100000,96268.36,96415.28,96250.18,96250.31,81.30294196,2026-01-15 05:15:00
1768455000000,96250.31,96440.0,96250.0,96435.53,74.06883992,2026-01-15 05:30:00
1768455900000,96435.53,96501.89,96393.05,96439.26,63.87289528,2026-01-15 05:45:00
1768456800000,96439.26,96514.97,96381.62,96444.21,63.40541513,2026-01-15 06:00:00
1768457700000,96444.21,96577.55,96392.28,96505.01,87.02401747,2026-01-15 06:15:00
1768458600000,96505.01,96520.64,96204.57,96204.8,85.88612726,2026-01-15 06:30:00
1768459500000,96204.8,96349.82,96177.02,96250.0,88.71113842,2026-01-15 06:45:00
1768460400000,96250.0,96317.9,96191.3,96220.98,62.9983283,2026-01-15 07:00:00
1768461300000,96220.98,96494.77,96206.03,96477.9,80.99655368,2026-01-15 07:15:00
1768462200000,96477.9,96755.0,96463.0,96595.7,152.15802989,2026-01-15 07:30:00
1768463100000,96595.7,96685.08,96513.82,96629.98,122.6928432,2026-01-15 07:45:00
1768464000000,96629.98,96630.97,96450.61,96481.45,154.56968209,2026-01-15 08:00:00
1768464900000,96481.45,96568.44,96369.62,96370.63,116.09294253,2026-01-15 08:15:00
1768465800000,96370.63,96446.25,96289.49,96433.31,97.11149861,2026-01-15 08:30:00
1768466700000,96433.31,96660.0,96429.23,96639.28,139.31746237,2026-01-15 08:45:00
1768467600000,96639.28,96702.44,96586.48,96593.79,97.76566544,2026-01-15 09:00:00
1768468500000,96593.79,96812.27,96557.83,96748.4,166.40188428,2026-01-15 09:15:00
1768469400000,96748.4,97102.4,96704.36,97080.89,174.78904321,2026-01-15 09:30:00
1768470300000,97080.89,97200.0,96983.08,97040.26,187.23684007,2026-01-15 09:45:00
1768471200000,97040.26,97072.16,96859.58,96860.58,124.97810263,2026-01-15 10:00:00
1768472100000,96860.58,96927.22,96781.69,96787.24,60.34781074,2026-01-15 10:15:00
1768473000000,96787.24,96828.65,96749.49,96772.48,42.86235583,2026-01-15 10:30:00
1768473900000,96772.48,96874.69,96772.41,96818.75,50.48805401,2026-01-15 10:45:00
1768474800000,96818.75,96857.0,96727.35,96756.47,68.83944377,2026-01-15 11:00:00
1768475700000,96756.47,96875.92,96724.07,96875.6,59.35091375,2026-01-15 11:15:00
1768476600000,96875.6,96934.88,96668.22,96690.2,110.48483462,2026-01-15 11:30:00
1768477500000,96690.2,96717.4,96580.58,96580.68,159.25857369,2026-01-15 11:45:00
1768478400000,96580.68,96696.46,96531.01,96675.12,65.08264729,2026-01-15 12:00:00
1768479300000,96675.12,96694.0,96559.51,96635.59,33.73183141,2026-01-15 12:15:00
1768480200000,96635.59,96783.81,96602.11,96746.41,49.62278289,2026-01-15 12:30:00
1768481100000,96746.41,96995.85,96738.51,96980.94,71.68389759,2026-01-15 12:45:00
1768482000000,96980.94,96995.75,96844.45,96866.32,84.86207025,2026-01-15 13:00:00
1768482900000,96866.32,96990.94,96866.22,96926.88,57.8221738,2026-01-15 13:15:00
1768483800000,96926.88,96943.64,96620.03,96774.43,86.20377189,2026-01-15 13:30:00
1768484700000,96774.43,97022.05,96774.43,96847.13,104.87301347,2026-01-15 13:45:00
1768485600000,96847.13,97139.87,96847.04,97139.64,131.41630326,2026-01-15 14:00:00
1768486500000,97139.64,97158.68,96733.0,96787.77,104.04111626,2026-01-15 14:15:00
1768487400000,96787.77,96911.68,95823.38,95824.22,291.08754884,2026-01-15 14:30:00
1768488300000,95824.22,96416.45,95593.47,96073.46,253.88997124,2026-01-15 14:45:00
1768489200000,96073.46,96380.0,95904.43,96260.71,304.89251537,2026-01-15 15:00:00
1768490100000,96260.71,96438.68,95830.0,95881.9,269.16689412,2026-01-15 15:15:00
1768491000000,95881.9,96059.8,95600.0,95880.13,280.21089247,2026-01-15 15:30:00
1768491900000,95880.13,96776.47,95454.0,96776.47,393.90453653,2026-01-15 15:45:00
1768492800000,96776.47,96941.95,96279.26,96377.49,288.35242719,2026-01-15 16:00:00
1768493700000,96377.49,96609.71,96338.81,96426.5,287.62592458,2026-01-15 16:15:00
1768494600000,96426.5,96880.46,96374.39,96804.31,257.41105355,2026-01-15 16:30:00
1768495500000,96804.31,96850.0,96598.76,96739.0,262.26411938,2026-01-15 16:45:00
1768496400000,96739.0,96851.97,96447.1,96502.1,161.08016206,2026-01-15 17:00:00
1768497300000,96502.1,96731.76,96418.46,96727.17,330.97406093,2026-01-15 17:15:00
1768498200000,96727.17,97096.0,96668.16,96963.27,431.12881613,2026-01-15 17:30:00
1768499100000,96963.27,97100.0,96585.98,96634.52,427.55495296,2026-01-15 17:45:00
1768500000000,96634.52,96649.24,96135.62,96259.75,261.98116218,2026-01-15 18:00:00
1768500900000,96259.75,96287.31,96045.0,96180.55,308.68210269,2026-01-15 18:15:00
1768501800000,96180.55,96231.98,95750.0,96021.82,432.94523657,2026-01-15 18:30:00
1768502700000,96021.82,96022.95,95816.45,95834.69,326.66379442,2026-01-15 18:45:00
1768503600000,95834.69,95920.95,95565.64,95792.4,391.12588885,2026-01-15 19:00:00
1768504500000,95792.4,95889.69,95451.97,95506.61,160.96587853,2026-01-15 19:15:00
1768505400000,95506.61,95579.77,95181.56,95405.75,168.73744331,2026-01-15 19:30:00
1768506300000,95405.75,95714.0,95378.33,95515.52,109.03690885,2026-01-15 19:45:00
1768507200000,95515.52,95667.33,95441.96,95548.0,71.57248447,2026-01-15 20:00:00
1768508100000,95548.0,95584.12,95177.3,95204.4,100.42229932,2026-01-15 20:15:00
1768509000000,95204.4,95402.11,95134.48,95271.19,96.89023298,2026-01-15 20:30:00
1768509900000,95271.19,95316.47,95142.43,95212.62,78.89049102,2026-01-15 20:45:00
1768510800000,95212.62,95461.85,95195.97,95326.77,53.78641262,2026-01-15 21:00:00
1768511700000,95326.77,95487.97,95326.77,95438.66,35.78330044,2026-01-15 21:15:00
1768512600000,95438.66,95523.84,95389.58,95496.05,65.25967696,2026-01-15 21:30:00
1768513500000,95496.05,95628.0,95495.94,95583.84,46.01477101,2026-01-15 21:45:00
1768514400000,95583.84,95732.87,95500.0,95563.24,55.03710385,2026-01-15 22:00:00
1768515300000,95563.24,95750.48,95500.0,95707.01,34.03115111,2026-01-15 22:15:00
1768516200000,95707.01,95868.47,95653.18,95669.43,52.35947553,2026-01-15 22:30:00
1768517100000,95669.43,95719.62,95555.88,95582.31,34.73013102,2026-01-15 22:45:00
1768518000000,95582.31,95635.51,95392.22,95600.0,85.21180626,2026-01-15 23:00:00
1768518900000,95600.0,95718.04,95556.7,95567.37,43.8953944,2026-01-15 23:15:00
1768519800000,95567.37,95567.63,95469.25,95513.93,31.66286652,2026-01-15 23:30:00
1768520700000,95513.93,95628.48,95513.93,95604.46,22.07558922,2026-01-15 23:45:00
1768521600000,95604.46,95738.28,95570.48,95672.37,41.0740989,2026-01-16 00:00:00
1768522500000,95672.37,95766.46,95632.06,95693.51,31.37962064,2026-01-16 00:15:00
1768523400000,95693.51,95822.42,95676.07,95814.67,34.16955837,2026-01-16 00:30:00
1768524300000,95814.67,95814.67,95607.92,95617.04,29.42678798,2026-01-16 00:45:00
1768525200000,95617.04,95633.09,95421.17,95463.28,59.20049216,2026-01-16 01:00:00
1768526100000,95463.28,95660.95,95462.81,95647.32,114.91627306,2026-01-16 01:15:00
1768527000000,95647.32,95854.63,95631.03,95643.77,149.15185443,2026-01-16 01:30:00
1768527900000,95643.77,95763.95,95643.77,95664.59,43.86452737,2026-01-16 01:45:00
1768528800000,95664.59,95664.59,95448.15,95472.9,77.38196555,2026-01-16 02:00:00
1768529700000,95472.9,95694.13,95392.14,95678.29,109.15327627,2026-01-16 02:15:00
1768530600000,95678.29,95683.93,95440.0,95480.37,47.4861033,2026-01-16 02:30:00
1768531500000,95480.37,95546.91,95480.28,95499.53,41.87019873,2026-01-16 02:45:00
1768532400000,95499.53,95587.08,95499.53,95576.16,44.59264279,2026-01-16 03:00:00
1768533300000,95576.16,95576.16,95486.94,95504.52,24.15906897,2026-01-16 03:15:00
1768534200000,95504.52,95504.54,95398.65,95453.72,51.29008646,2026-01-16 03:30:00
1768535100000,95453.72,95453.72,95323.15,95356.71,40.60616516,2026-01-16 03:45:00
1768536000000,95356.71,95442.12,95341.85,95435.25,44.78916409,2026-01-16 04:00:00
1768536900000,95435.25,95582.97,95398.38,95399.54,72.04626379,2026-01-16 04:15:00
1768537800000,95399.54,95450.9,95190.1,95232.13,173.60559906,2026-01-16 04:30:00
1768538700000,95232.13,95289.93,95141.17,95260.98,193.87210225,2026-01-16 04:45:00
1768539600000,95260.98,95441.44,95242.67,95409.1,102.82310701,2026-01-16 05:00:00
1768540500000,95409.1,95430.69,95258.92,95299.21,196.18999561,2026-01-16 05:15:00
1768541400000,95299.21,95646.7,95283.66,95592.82,155.45261485,2026-01-16 05:30:00
1768542300000,95592.82,95677.63,95567.15,95668.22,138.2676094,2026-01-16 05:45:00
1768543200000,95668.22,95817.36,95588.28,95606.87,154.47848899,2026-01-16 06:00:00
1768544100000,95606.87,95687.6,95534.47,95657.19,65.47464871,2026-01-16 06:15:00
1768545000000,95657.19,95739.54,95638.73,95704.35,91.1254181,2026-01-16 06:30:00
1768545900000,95704.35,95758.49,95668.87,95741.7,57.63242773,2026-01-16 06:45:00
1768546800000,95741.7,95788.85,95681.92,95687.92,50.42931661,2026-01-16 07:00:00
1768547700000,95687.92,95697.75,95572.99,95589.49,68.76027193,2026-01-16 07:15:00
1768548600000,95589.49,95589.49,95489.13,95490.07,108.62505049,2026-01-16 07:30:00
1768549500000,95490.07,95682.29,95489.13,95653.63,91.98371317,2026-01-16 07:45:00
1768550400000,95653.63,95717.32,95570.15,95712.58,78.44250708,2026-01-16 08:00:00
1768551300000,95712.58,95844.87,95684.96,95814.22,179.2456944,2026-01-16 08:15:00
1768552200000,95814.22,95863.28,95674.52,95794.25,89.6169337,2026-01-16 08:30:00
1768553100000,95794.25,95799.88,95675.48,95676.49,108.01696617,2026-01-16 08:45:00
1768554000000,95676.49,95788.65,95661.04,95699.52,39.86574828,2026-01-16 09:00:00
1768554900000,95699.52,95719.43,95589.27,95719.43,43.14944678,2026-01-16 09:15:00
1768555800000,95719.43,95727.97,95645.41,95662.58,35.22809139,2026-01-16 09:30:00
1768556700000,95662.58,95672.79,95603.0,95613.01,35.27080984,2026-01-16 09:45:00
1768557600000,95613.01,95641.28,95499.51,95565.11,49.44239181,2026-01-16 10:00:00
1768558500000,95565.11,95565.21,95427.71,95431.53,63.8459115,2026-01-16 10:15:00
1768559400000,95431.53,95445.15,95322.53,95385.94,79.91084239,2026-01-16 10:30:00
1768560300000,95385.94,95425.17,95288.0,95307.73,206.55355166,2026-01-16 10:45:00
1768561200000,95307.73,95381.38,95260.88,95301.77,51.77648825,2026-01-16 11:00:00
1768562100000,95301.77,95383.07,95260.95,95351.81,68.6420472,2026-01-16 11:15:00
1768563000000,95351.81,95408.5,95315.0,95317.35,48.03821278,2026-01-16 11:30:00
1768563900000,95317.35,95471.45,95299.41,95428.7,66.64624107,2026-01-16 11:45:00
1768564800000,95428.7,95485.02,95415.36,95477.33,52.56663954,2026-01-16 12:00:00
1768565700000,95477.33,95569.48,95471.23,95568.5,72.10091276,2026-01-16 12:15:00
1768566600000,95568.5,95569.46,95435.16,95505.38,63.83754775,2026-01-16 12:30:00
1768567500000,95505.38,95512.33,95353.99,95458.1,52.89608647,2026-01-16 12:45:00
1768568400000,95458.1,95531.68,95392.23,95529.51,59.24144017,2026-01-16 13:00:00
1768569300000,95529.51,95563.9,95482.64,95537.62,47.73129063,2026-01-16 13:15:00
1768570200000,95537.62,95569.53,95287.57,95421.27,89.16550926,2026-01-16 13:30:00
1768571100000,95421.27,95493.0,95407.72,95458.9,120.46766349,2026-01-16 13:45:00
1768572000000,95458.9,95558.89,95435.71,95459.03,107.38951962,2026-01-16 14:00:00
1768572900000,95459.03,95713.69,95343.91,95709.99,84.62292274,2026-01-16 14:15:00
1768573800000,95709.99,95800.78,95231.45,95233.08,213.20713042,2026-01-16 14:30:00
1768574700000,95233.08,95480.0,95190.36,95192.04,121.40459038,2026-01-16 14:45:00
1768575600000,95192.04,95662.9,95062.0,95569.69,215.19140109,2026-01-16 15:00:00
1768576500000,95569.69,95593.22,94711.26,94713.44,269.36109775,2026-01-16 15:15:00
1768577400000,94713.44,94827.67,94401.27,94534.68,301.49197773,2026-01-16 15:30:00
1768578300000,94534.68,94679.11,94300.0,94585.31,219.0029387,2026-01-16 15:45:00
1768579200000,94585.31,94857.26,94513.41,94775.29,226.16130225,2026-01-16 16:00:00
1768580100000,94775.29,94955.66,94591.92,94884.09,199.72683909,2026-01-16 16:15:00
1768581000000,94884.09,94960.23,94687.43,94900.95,136.52536387,2026-01-16 16:30:00
1768581900000,94900.95,94991.21,94780.85,94873.04,81.38023983,2026-01-16 16:45:00
1768582800000,94873.04,94873.56,94662.17,94795.53,71.73330842,2026-01-16 17:00:00
1768583700000,94795.53,94899.52,94553.59,94761.21,121.89022588,2026-01-16 17:15:00
1768584600000,94761.21,94922.76,94740.54,94922.61,64.86498836,2026-01-16 17:30:00
1768585500000,94922.61,95125.0,94790.68,95075.47,118.84449197,2026-01-16 17:45:00
1768586400000,95075.47,95200.0,95051.99,95063.45,91.13259355,2026-01-16 18:00:00
1768587300000,95063.45,95217.54,95022.58,95209.74,49.90967631,2026-01-16 18:15:00
1768588200000,95209.74,95215.98,95111.51,95136.75,49.35408902,2026-01-16 18:30:00
1768589100000,95136.75,95183.22,94978.07,95001.68,88.67456849,2026-01-16 18:45:00
1768590000000,95001.68,95020.44,94936.4,94981.4,43.74827018,2026-01-16 19:00:00
1768590900000,94981.4,95000.46,94840.84,94860.96,31.93367739,2026-01-16 19:15:00
1768591800000,94860.96,95068.79,94860.9,94949.13,24.8943647,2026-01-16 19:30:00
1768592700000,94949.13,95046.0,94948.9,95002.54,21.14707081,2026-01-16 19:45:00
1768593600000,95002.54,95002.54,94682.33,94880.79,55.02791837,2026-01-16 20:00:00
1768594500000,94880.79,95138.29,94852.08,95118.57,54.17629408,2026-01-16 20:15:00
1768595400000,95118.57,95250.0,95094.35,95249.54,55.9869456,2026-01-16 20:30:00
1768596300000,95249.54,95555.0,95202.56,95555.0,110.14566047,2026-01-16 20:45:00
1768597200000,95555.0,95600.0,95413.7,95415.52,116.17990588,2026-01-16 21:00:00
1768598100000,95415.52,95454.31,95360.05,95422.67,46.03993664,2026-01-16 21:15:00
1768599000000,95422.67,95580.49,95385.19,95550.67,46.47518781,2026-01-16 21:30:00
1768599900000,95550.67,95565.83,95466.59,95523.42,46.82914629,2026-01-16 21:45:00
1768600800000,95523.42,95568.11,95298.26,95385.24,64.73423115,2026-01-16 22:00:00
1768601700000,95385.24,95465.73,95347.24,95371.27,42.65106959,2026-01-16 22:15:00
1768602600000,95371.27,95413.94,95260.07,95383.47,46.06576833,2026-01-16 22:30:00
1768603500000,95383.47,95500.0,95323.92,95499.99,49.60282868,2026-01-16 22:45:00
1768604400000,95499.99,95526.93,95431.79,95526.5,32.98227391,2026-01-16 23:00:00
1768605300000,95526.5,95575.94,95480.0,95556.52,33.02506435,2026-01-16 23:15:00
1768606200000,95556.52,95575.01,95460.9,95461.87,23.97251169,2026-01-16 23:30:00
1768607100000,95461.87,95578.37,95461.87,95551.34,15.02250366,2026-01-16 23:45:00
1768608000000,95551.34,95578.68,95518.92,95539.15,19.60177308,2026-01-17 00:00:00
1768608900000,95539.15,95570.94,95471.79,95478.96,32.34794994,2026-01-17 00:15:00
1768609800000,95478.96,95525.59,95438.4,95471.44,22.92494285,2026-01-17 00:30:00
1768610700000,95471.44,95531.86,95446.07,95466.12,25.20706916,2026-01-17 00:45:00
1768611600000,95466.12,95530.48,95434.36,95453.48,35.28329775,2026-01-17 01:00:00
1768612500000,95453.48,95496.49,95453.48,95472.3,13.32087354,2026-01-17 01:15:00
1768613400000,95472.3,95492.79,95397.68,95402.26,23.64997443,2026-01-17 01:30:00
1768614300000,95402.26,95424.22,95384.38,95400.42,17.8665504,2026-01-17 01:45:00
1768615200000,95400.42,95413.34,95275.0,95284.3,42.82247274,2026-01-17 02:00:00
1768616100000,95284.3,95292.0,95253.0,95289.82,26.00508665,2026-01-17 02:15:00
1768617000000,95289.82,95363.05,95225.0,95314.09,26.56274582,2026-01-17 02:30:00
1768617900000,95314.09,95386.25,95276.81,95371.82,20.24586454,2026-01-17 02:45:00
1768618800000,95371.82,95371.95,95310.38,95312.13,18.60578239,2026-01-17 03:00:00
1768619700000,95312.13,95331.61,95291.52,95331.45,15.23211678,2026-01-17 03:15:00
1768620600000,95331.45,95331.45,95268.7,95327.95,30.8772773,2026-01-17 03:30:00
1768621500000,95327.95,95391.19,95266.01,95372.43,39.96044733,2026-01-17 03:45:00
1768622400000,95372.43,95372.49,95320.66,95325.47,9.88004685,2026-01-17 04:00:00
1768623300000,95325.47,95367.96,95256.32,95334.0,26.03329852,2026-01-17 04:15:00
1768624200000,95334.0,95334.93,95269.2,95334.85,28.81989398,2026-01-17 04:30:00
1768625100000,95334.85,95350.77,95298.46,95304.14,26.87055547,2026-01-17 04:45:00
1768626000000,95304.14,95374.23,95281.73,95281.8,29.55559024,2026-01-17 05:00:00
1768626900000,95281.8,95329.7,95280.92,95323.33,18.17580457,2026-01-17 05:15:00
1768627800000,95323.33,95323.47,95297.79,95315.24,14.83238828,2026-01-17 05:30:00
1768628700000,95315.24,95324.16,95296.43,95323.36,12.02369941,2026-01-17 05:45:00
1768629600000,95323.36,95323.36,95200.0,95241.32,38.97856163,2026-01-17 06:00:00
1768630500000,95241.32,95241.37,95201.29,95222.71,17.33546997,2026-01-17 06:15:00
1768631400000,95222.71,95348.37,95222.71,95268.49,39.53631064,2026-01-17 06:30:00
1768632300000,95268.49,95268.49,95224.03,95239.31,16.15018939,2026-01-17 06:45:00
1768633200000,95239.31,95239.31,95096.77,95125.58,55.07245883,2026-01-17 07:00:00
1768634100000,95125.58,95184.53,95119.87,95177.05,19.60275988,2026-01-17 07:15:00
1768635000000,95177.05,95184.55,95136.34,95141.76,27.98136159,2026-01-17 07:30:00
1768635900000,95141.76,95141.8,95043.6,95102.16,47.85519811,2026-01-17 07:45:00
1768636800000,95102.16,95183.66,95007.96,95169.82,38.6462951,2026-01-17 08:00:00
1768637700000,95169.82,95233.18,95166.1,95214.82,22.9852977,2026-01-17 08:15:00
1768638600000,95214.82,95261.66,95209.74,95215.04,59.44832209,2026-01-17 08:30:00
1768639500000,95215.04,95256.88,95214.87,95247.92,26.8236383,2026-01-17 08:45:00
1768640400000,95247.92,95254.76,95202.16,95209.3,20.9020175,2026-01-17 09:00:00
1768641300000,95209.3,95223.35,95168.9,95222.36,18.23911388,2026-01-17 09:15:00
1768642200000,95222.36,95281.22,95197.65,95266.31,32.17620989,2026-01-17 09:30:00
1768643100000,95266.31,95283.98,95260.15,95260.27,28.15963964,2026-01-17 09:45:00
1768644000000,95260.27,95263.24,95216.6,95254.71,24.14960185,2026-01-17 10:00:00
1768644900000,95254.71,95271.88,95226.99,95235.67,17.03140724,2026-01-17 10:15:00
1768645800000,95235.67,95243.66,95167.49,95168.43,30.58035819,2026-01-17 10:30:00
1768646700000,95168.43,95168.46,95100.0,95116.0,44.52595376,2026-01-17 10:45:00
1768647600000,95116.0,95123.28,95078.05,95123.27,28.26113419,2026-01-17 11:00:00
1768648500000,95123.27,95300.0,95123.27,95299.98,90.5395243,2026-01-17 11:15:00
1768649400000,95299.98,95330.0,95261.97,95330.0,106.48536889,2026-01-17 11:30:00
1768650300000,95330.0,95333.34,95294.73,95324.33,38.32700938,2026-01-17 11:45:00
1768651200000,95324.33,95362.73,95293.3,95361.76,38.8054178,2026-01-17 12:00:00
1768652100000,95361.76,95415.71,95243.14,95269.86,103.02099205,2026-01-17 12:15:00
1768653000000,95269.86,95283.43,95249.13,95267.04,27.07813737,2026-01-17 12:30:00
1768653900000,95267.04,95267.99,95242.95,95251.62,19.49485537,2026-01-17 12:45:00
1768654800000,95251.62,95277.62,95198.33,95245.0,41.36138162,2026-01-17 13:00:00
1768655700000,95245.0,95379.95,95232.34,95362.01,59.36376153,2026-01-17 13:15:00
1768656600000,95362.01,95440.92,95326.26,95432.97,43.43501903,2026-01-17 13:30:00
1768657500000,95432.97,95437.85,95405.22,95437.85,32.04325421,2026-01-17 13:45:00
1768658400000,95437.85,95438.81,95356.38,95432.52,43.97975978,2026-01-17 14:00:00
1768659300000,95432.52,95479.89,95385.51,95475.91,62.16370559,2026-01-17 14:15:00
1768660200000,95475.91,95544.55,95436.3,95439.91,44.45228131,2026-01-17 14:30:00
1768661100000,95439.91,95490.4,95405.2,95482.42,38.49340928,2026-01-17 14:45:00
1768662000000,95482.42,95648.09,95455.69,95495.34,96.3077864,2026-01-17 15:00:00
1768662900000,95495.34,95560.82,95437.26,95513.18,102.47056863,2026-01-17 15:15:00
1768663800000,95513.18,95603.88,95509.56,95585.02,145.63653608,2026-01-17 15:30:00
1768664700000,95585.02,95627.7,95433.95,95574.12,168.6763735,2026-01-17 15:45:00
1768665600000,95574.12,95576.05,95482.82,95499.54,34.19040059,2026-01-17 16:00:00
1768666500000,95499.54,95513.74,95284.48,95471.21,74.90234494,2026-01-17 16:15:00
1768667400000,95471.21,95472.18,95300.0,95387.44,57.89694171,2026-01-17 16:30:00
1768668300000,95387.44,95387.44,95212.74,95314.75,55.88796466,2026-01-17 16:45:00
1768669200000,95314.75,95385.35,95293.72,95363.65,28.56939189,2026-01-17 17:00:00
1768670100000,95363.65,95417.79,95345.05,95413.27,20.14235702,2026-01-17 17:15:00
1768671000000,95413.27,95455.94,95388.71,95435.84,28.07156158,2026-01-17 17:30:00
1768671900000,95435.84,95435.85,95319.47,95357.76,21.49972771,2026-01-17 17:45:00
1768672800000,95357.76,95445.46,95347.52,95429.53,23.70110425,2026-01-17 18:00:00
1768673700000,95429.53,95470.19,95429.53,95455.66,15.2565451,2026-01-17 18:15:00
1768674600000,95455.66,95466.46,95436.42,95441.32,21.2797054,2026-01-17 18:30:00
1768675500000,95441.32,95441.32,95416.46,95428.72,12.37128852,2026-01-17 18:45:00
1768676400000,95428.72,95428.72,95392.47,95392.68,8.85979281,2026-01-17 19:00:00
1768677300000,95392.68,95392.69,95335.45,95336.16,14.31304962,2026-01-17 19:15:00
1768678200000,95336.16,95359.96,95300.0,95300.0,12.0326693,2026-01-17 19:30:00
1768679100000,95300.0,95300.02,95287.62,95291.2,9.11589585,2026-01-17 19:45:00
1768680000000,95291.2,95299.56,95290.83,95290.84,7.46248581,2026-01-17 20:00:00
1768680900000,95290.84,95369.99,95290.83,95332.34,17.46684438,2026-01-17 20:15:00
1768681800000,95332.34,95332.34,95299.1,95316.17,6.21866283,2026-01-17 20:30:00
1768682700000,95316.17,95379.01,95316.17,95377.75,11.41268432,2026-01-17 20:45:00
1768683600000,95377.75,95382.83,95350.0,95350.01,8.98689757,2026-01-17 21:00:00
1768684500000,95350.01,95412.4,95346.35,95368.47,16.45822879,2026-01-17 21:15:00
1768685400000,95368.47,95368.54,95286.21,95288.18,39.31496675,2026-01-17 21:30:00
1768686300000,95288.18,95309.3,95283.51,95303.41,11.5343683,2026-01-17 21:45:00
1768687200000,95303.41,95303.42,95163.42,95187.51,31.73327885,2026-01-17 22:00:00
1768688100000,95187.51,95239.5,95163.37,95175.49,25.32406183,2026-01-17 22:15:00
1768689000000,95175.49,95175.65,95060.1,95144.86,47.50726589,2026-01-17 22:30:00
1768689900000,95144.86,95239.69,95049.52,95171.28,36.96853215,2026-01-17 22:45:00
1768690800000,95171.28,95208.47,95145.42,95186.49,20.3728735,2026-01-17 23:00:00
1768691700000,95186.49,95186.5,95127.04,95133.51,19.91542275,2026-01-17 23:15:00
1768692600000,95133.51,95171.47,95121.46,95157.53,16.88613621,2026-01-17 23:30:00
1768693500000,95157.53,95158.46,95129.92,95148.1,18.32007457,2026-01-17 23:45:00
1768694400000,95148.1,95226.21,95088.52,95191.31,66.91126195,2026-01-18 00:00:00
1768695300000,95191.31,95245.0,95190.38,95197.59,18.59826556,2026-01-18 00:15:00
1768696200000,95197.59,95228.31,95135.79,95141.08,20.9121211,2026-01-18 00:30:00
1768697100000,95141.08,95141.11,95070.01,95112.96,22.74143581,2026-01-18 00:45:00
1768698000000,95112.96,95112.96,94878.31,94947.03,83.72204588,2026-01-18 01:00:00
1768698900000,94947.03,95036.22,94908.01,95036.21,24.76705174,2026-01-18 01:15:00
1768699800000,95036.21,95072.53,94988.14,94988.55,24.61207801,2026-01-18 01:30:00
1768700700000,94988.55,95018.11,94900.0,94966.41,30.54108481,2026-01-18 01:45:00
1768701600000,94966.41,95028.63,94966.41,95013.93,32.69566153,2026-01-18 02:00:00
1768702500000,95013.93,95069.55,95013.82,95015.86,19.71021641,2026-01-18 02:15:00
1768703400000,95015.86,95016.83,94879.38,94964.08,42.62716652,2026-01-18 02:30:00
1768704300000,94964.08,95033.55,94963.2,95022.96,20.68574932,2026-01-18 02:45:00
1768705200000,95022.96,95106.37,95022.95,95063.77,25.25272329,2026-01-18 03:00:00
1768706100000,95063.77,95136.77,95041.34,95135.46,34.81776993,2026-01-18 03:15:00
1768707000000,95135.46,95197.98,95135.07,95159.54,38.94999493,2026-01-18 03:30:00
1768707900000,95159.54,95206.96,95158.29,95200.7,20.82760049,2026-01-18 03:45:00
1768708800000,95200.7,95200.78,95123.57,95168.49,29.13428381,2026-01-18 04:00:00
1768709700000,95168.49,95168.49,95103.01,95103.98,15.68462424,2026-01-18 04:15:00
1768710600000,95103.98,95125.13,95072.52,95105.6,19.52310504,2026-01-18 04:30:00
1768711500000,95105.6,95119.23,95092.63,95095.25,17.75035211,2026-01-18 04:45:00
1768712400000,95095.25,95098.77,95053.06,95096.48,21.74871047,2026-01-18 05:00:00
1768713300000,95096.48,95144.02,95070.17,95142.1,38.28753113,2026-01-18 05:15:00
1768714200000,95142.1,95178.84,95059.26,95178.84,54.6058856,2026-01-18 05:30:00
1768715100000,95178.84,95253.98,95149.0,95188.31,32.48197279,2026-01-18 05:45:00
1768716000000,95188.31,95189.64,95160.61,95178.75,21.96150369,2026-01-18 06:00:00
1768716900000,95178.75,95188.11,95143.82,95187.16,29.94179958,2026-01-18 06:15:00
1768717800000,95187.16,95209.84,95158.49,95185.81,36.98968843,2026-01-18 06:30:00
1768718700000,95185.81,95186.78,95147.24,95171.92,29.54965584,2026-01-18 06:45:00
1768719600000,95171.92,95184.97,95079.81,95080.04,98.28984708,2026-01-18 07:00:00
1768720500000,95080.04,95104.95,95055.83,95102.44,33.50143802,2026-01-18 07:15:00
1768721400000,95102.44,95102.47,95028.11,95034.98,32.91748097,2026-01-18 07:30:00
1768722300000,95034.98,95089.7,95029.39,95029.4,27.56047779,2026-01-18 07:45:00
1768723200000,95029.4,95060.95,95020.09,95047.94,29.84028458,2026-01-18 08:00:00
1768724100000,95047.94,95109.5,95031.08,95108.59,19.44144898,2026-01-18 08:15:00
1768725000000,95108.59,95195.48,95108.42,95162.28,26.90519588,2026-01-18 08:30:00
1768725900000,95162.28,95192.76,95149.43,95183.54,23.05165465,2026-01-18 08:45:00
1768726800000,95183.54,95185.49,95148.7,95185.46,18.12462331,2026-01-18 09:00:00
1768727700000,95185.46,95240.21,95183.33,95184.33,105.97780327,2026-01-18 09:15:00
1768728600000,95184.33,95266.13,95184.33,95238.14,63.80296012,2026-01-18 09:30:00
1768729500000,95238.14,95295.82,95238.14,95275.28,49.25641647,2026-01-18 09:45:00
1768730400000,95275.28,95294.83,95086.6,95141.12,147.39982239,2026-01-18 10:00:00
1768731300000,95141.12,95143.12,95111.9,95126.93,27.41290322,2026-01-18 10:15:00
1768732200000,95126.93,95180.29,95121.7,95178.79,51.66486439,2026-01-18 10:30:00
1768733100000,95178.79,95181.16,95158.11,95180.88,24.1526249,2026-01-18 10:45:00
1768734000000,95180.88,95181.08,95103.68,95122.36,37.04934083,2026-01-18 11:00:00
1768734900000,95122.36,95128.7,95100.0,95113.55,21.26422328,2026-01-18 11:15:00
1768735800000,95113.55,95154.36,95061.17,95128.93,60.45788994,2026-01-18 11:30:00
1768736700000,95128.93,95181.15,95113.71,95167.69,27.15314961,2026-01-18 11:45:00
1768737600000,95167.69,95178.57,95117.51,95117.51,22.58233886,2026-01-18 12:00:00
1768738500000,95117.51,95142.93,95101.83,95140.53,30.66631009,2026-01-18 12:15:00
1768739400000,95140.53,95164.68,95127.67,95164.67,17.586797,2026-01-18 12:30:00
1768740300000,95164.67,95164.69,95080.84,95115.32,36.1719377,2026-01-18 12:45:00
1768741200000,95115.32,95122.33,95008.22,95050.01,73.28665239,2026-01-18 13:00:00
1768742100000,95050.01,95054.02,94909.09,94970.42,66.4646582,2026-01-18 13:15:00
1768743000000,94970.42,95184.96,94945.44,95165.55,91.12120854,2026-01-18 13:30:00
1768743900000,95165.55,95205.96,95137.5,95146.35,49.81444616,2026-01-18 13:45:00
1768744800000,95146.35,95237.02,95146.32,95237.01,43.0146096,2026-01-18 14:00:00
1768745700000,95237.01,95360.57,95133.59,95164.56,139.99455858,2026-01-18 14:15:00
1768746600000,95164.56,95253.59,95114.2,95134.84,106.40723215,2026-01-18 14:30:00
1768747500000,95134.84,95134.87,94927.96,94956.27,85.21511346,2026-01-18 14:45:00
1768748400000,94956.27,95025.67,94920.02,95009.72,50.26434731,2026-01-18 15:00:00
1768749300000,95009.72,95055.9,94996.97,95054.69,23.36249534,2026-01-18 15:15:00
1768750200000,95054.69,95110.5,95027.92,95044.72,31.90037321,2026-01-18 15:30:00
1768751100000,95044.72,95125.95,95040.24,95118.03,41.64566097,2026-01-18 15:45:00
1768752000000,95118.03,95188.31,95071.92,95153.6,36.01502764,2026-01-18 16:00:00
1768752900000,95153.6,95174.46,95081.13,95088.76,16.08867501,2026-01-18 16:15:00
1768753800000,95088.76,95186.29,95088.52,95184.0,28.71386195,2026-01-18 16:30:00
1768754700000,95184.0,95184.0,95118.92,95169.74,24.04878747,2026-01-18 16:45:00
1768755600000,95169.74,95231.51,95136.77,95142.03,33.87121081,2026-01-18 17:00:00
1768756500000,95142.03,95273.01,95142.03,95266.46,28.79946517,2026-01-18 17:15:00
1768757400000,95266.46,95285.86,95187.65,95195.76,33.89703763,2026-01-18 17:30:00
1768758300000,95195.76,95274.84,95194.79,95274.75,18.88505348,2026-01-18 17:45:00
1768759200000,95274.75,95274.84,95180.59,95227.86,19.1683031,2026-01-18 18:00:00
1768760100000,95227.86,95391.83,95180.0,95363.79,45.72299819,2026-01-18 18:15:00
1768761000000,95363.79,95435.71,95300.34,95339.72,65.27049104,2026-01-18 18:30:00
1768761900000,95339.72,95521.0,95339.69,95441.2,176.24044353,2026-01-18 18:45:00
1768762800000,95441.2,95514.5,95430.2,95431.25,75.44680382,2026-01-18 19:00:00
1768763700000,95431.25,95490.48,95377.46,95450.66,57.18009271,2026-01-18 19:15:00
1768764600000,95450.66,95500.0,95410.92,95412.45,33.85097174,2026-01-18 19:30:00
1768765500000,95412.45,95413.33,95331.77,95380.64,20.71623007,2026-01-18 19:45:00
1768766400000,95380.64,95388.83,95284.71,95292.55,12.59350474,2026-01-18 20:00:00
1768767300000,95292.55,95441.7,95292.55,95440.73,14.81313061,2026-01-18 20:15:00
1768768200000,95440.73,95441.7,95296.48,95337.92,13.69888847,2026-01-18 20:30:00
1768769100000,95337.92,95363.78,95303.35,95304.3,11.28939081,2026-01-18 20:45:00
1768770000000,95304.3,95360.42,95283.73,95348.01,10.85603952,2026-01-18 21:00:00
1768770900000,95348.01,95348.01,95299.12,95303.74,8.39257297,2026-01-18 21:15:00
1768771800000,95303.74,95397.19,95303.64,95397.19,14.38711422,2026-01-18 21:30:00
1768772700000,95397.19,95441.75,95379.44,95429.97,20.0452548,2026-01-18 21:45:00
1768773600000,95429.97,95530.0,95412.38,95521.25,48.79632319,2026-01-18 22:00:00
1768774500000,95521.25,95521.25,95465.37,95465.66,73.45916009,2026-01-18 22:15:00
1768775400000,95465.66,95502.45,95422.77,95482.64,32.51138743,2026-01-18 22:30:00
1768776300000,95482.64,95517.66,95448.25,95498.19,55.70274356,2026-01-18 22:45:00
1768777200000,95498.19,95498.19,94971.0,95073.5,150.14625208,2026-01-18 23:00:00
1768778100000,95073.5,95182.65,94578.5,94594.72,160.20807907,2026-01-18 23:15:00
1768779000000,94594.72,94828.17,94450.0,94485.77,225.59374145,2026-01-18 23:30:00
1768779900000,94485.77,94485.77,93619.0,93672.77,315.96279995,2026-01-18 23:45:00
1768780800000,93672.77,93672.84,92796.04,93001.01,644.72513334,2026-01-19 00:00:00
1768781700000,93001.01,93023.09,92300.0,92500.01,228.94657662,2026-01-19 00:15:00
1768782600000,92500.01,93041.8,92300.0,92976.12,312.86946354,2026-01-19 00:30:00
1768783500000,92976.12,92976.12,92696.51,92709.08,168.43648731,2026-01-19 00:45:00
1768784400000,92709.08,92860.98,92509.65,92756.99,192.29587358,2026-01-19 01:00:00
1768785300000,92756.99,92875.1,92563.95,92563.99,156.18053891,2026-01-19 01:15:00
1768786200000,92563.99,92793.53,92511.96,92518.09,104.76229685,2026-01-19 01:30:00
1768787100000,92518.09,92603.73,92247.8,92586.18,192.89111714,2026-01-19 01:45:00
1768788000000,92586.18,92611.07,92398.01,92422.29,108.83786842,2026-01-19 02:00:00
1768788900000,92422.29,92671.52,92383.47,92496.21,103.83293133,2026-01-19 02:15:00
1768789800000,92496.21,92600.85,92450.47,92568.48,83.81739388,2026-01-19 02:30:00
1768790700000,92568.48,92614.84,92492.54,92570.23,98.23927046,2026-01-19 02:45:00
1768791600000,92570.23,92737.96,92549.48,92735.56,148.03563777,2026-01-19 03:00:00
1768792500000,92735.56,92777.3,92500.0,92547.11,133.70319844,2026-01-19 03:15:00
1768793400000,92547.11,92655.02,92514.33,92639.9,70.48249284,2026-01-19 03:30:00
1768794300000,92639.9,92711.14,92611.72,92689.61,63.579962,2026-01-19 03:45:00
1768795200000,92689.61,92748.79,92602.66,92613.52,136.5598431,2026-01-19 04:00:00
1768796100000,92613.52,92694.86,92494.0,92689.46,72.13873279,2026-01-19 04:15:00
1768797000000,92689.46,92709.47,92560.84,92679.11,64.81319259,2026-01-19 04:30:00
1768797900000,92679.11,92744.31,92662.33,92665.48,114.9872171,2026-01-19 04:45:00
1768798800000,92665.48,92760.69,92655.59,92658.82,62.38000779,2026-01-19 05:00:00
1768799700000,92658.82,92662.46,92568.54,92658.01,74.45366355,2026-01-19 05:15:00
1768800600000,92658.01,92812.9,92589.53,92613.46,95.91140296,2026-01-19 05:30:00
1768801500000,92613.46,92662.54,92499.24,92512.46,60.90660628,2026-01-19 05:45:00
1768802400000,92512.46,92588.74,92429.03,92543.69,66.71590981,2026-01-19 06:00:00
1768803300000,92543.69,92604.59,92383.51,92540.6,117.67029793,2026-01-19 06:15:00
1768804200000,92540.6,92607.35,92472.81,92545.12,93.68267227,2026-01-19 06:30:00
1768805100000,92545.12,92630.0,92545.12,92583.73,43.89023172,2026-01-19 06:45:00
1768806000000,92583.73,92647.36,92561.45,92621.63,45.01206419,2026-01-19 07:00:00
1768806900000,92621.63,92659.52,92604.38,92628.48,44.63761706,2026-01-19 07:15:00
1768807800000,92628.48,92717.43,92590.13,92716.17,114.62491622,2026-01-19 07:30:00
1768808700000,92716.17,92861.88,92668.42,92842.09,124.21669054,2026-01-19 07:45:00
1768809600000,92842.09,92842.86,92703.06,92770.09,150.10376937,2026-01-19 08:00:00
1768810500000,92770.09,93220.4,92750.78,92977.72,215.79192576,2026-01-19 08:15:00
1768811400000,92977.72,93164.29,92890.48,93154.02,149.89937214,2026-01-19 08:30:00
1768812300000,93154.02,93368.91,93144.4,93267.83,148.72921123,2026-01-19 08:45:00
1768813200000,93267.83,93269.1,93000.48,93042.44,130.8898913,2026-01-19 09:00:00
1768814100000,93042.44,93135.78,92953.83,93070.38,102.02737344,2026-01-19 09:15:00
1768815000000,93070.38,93082.83,92949.53,92965.71,89.88667272,2026-01-19 09:30:00
1768815900000,92965.71,93086.38,92965.71,93060.54,63.99428924,2026-01-19 09:45:00
1768816800000,93060.54,93060.54,92898.76,92967.56,44.47934544,2026-01-19 10:00:00
1768817700000,92967.56,93090.59,92967.56,93000.43,71.39591876,2026-01-19 10:15:00
1768818600000,93000.43,93038.41,92928.27,93018.96,55.03530897,2026-01-19 10:30:00
1768819500000,93018.96,93070.63,92972.63,93065.35,46.85036995,2026-01-19 10:45:00
1768820400000,93065.35,93076.2,92966.87,92998.86,63.50786366,2026-01-19 11:00:00
1768821300000,92998.86,93164.94,92998.78,93124.0,55.25721618,2026-01-19 11:15:00
1768822200000,93124.0,93276.31,93107.7,93232.97,52.1271654,2026-01-19 11:30:00
1768823100000,93232.97,93313.0,93174.12,93192.34,72.26435264,2026-01-19 11:45:00
1768824000000,93192.34,93192.44,93033.29,93060.23,78.71780453,2026-01-19 12:00:00
1768824900000,93060.23,93150.78,92982.9,93017.53,209.36212729,2026-01-19 12:15:00
1768825800000,93017.53,93226.94,93017.52,93158.56,99.70424941,2026-01-19 12:30:00
1768826700000,93158.56,93199.76,93032.95,93080.38,73.99457197,2026-01-19 12:45:00
1768827600000,93080.38,93080.38,92961.74,92991.94,61.18198616,2026-01-19 13:00:00
1768828500000,92991.94,93025.49,92824.69,92950.48,88.78233566,2026-01-19 13:15:00
1768829400000,92950.48,93153.13,92949.53,93071.12,99.51248543,2026-01-19 13:30:00
1768830300000,93071.12,93129.16,93008.6,93030.2,33.65001489,2026-01-19 13:45:00
1768831200000,93030.2,93050.22,92802.62,92881.89,95.77456645,2026-01-19 14:00:00
1768832100000,92881.89,92987.13,92810.97,92871.71,88.53280797,2026-01-19 14:15:00
1768833000000,92871.71,92979.66,92703.05,92799.53,137.84964268,2026-01-19 14:30:00
1768833900000,92799.53,92910.64,92750.75,92812.78,59.58202212,2026-01-19 14:45:00
1768834800000,92812.78,93032.85,92812.78,93031.9,140.63121284,2026-01-19 15:00:00
1768835700000,93031.9,93056.44,92883.5,92920.47,114.60653016,2026-01-19 15:15:00
1768836600000,92920.47,93057.65,92910.94,92987.05,96.20689512,2026-01-19 15:30:00
1768837500000,92987.05,93090.79,92973.01,93069.09,151.82881293,2026-01-19 15:45:00
1768838400000,93069.09,93150.17,93030.75,93045.96,118.68485329,2026-01-19 16:00:00
1768839300000,93045.96,93194.31,93000.48,93166.4,106.99655144,2026-01-19 16:15:00
1768840200000,93166.4,93250.0,93166.4,93216.29,99.0966875,2026-01-19 16:30:00
1768841100000,93216.29,93421.71,93147.86,93302.33,133.82880462,2026-01-19 16:45:00
1768842000000,93302.33,93384.89,93145.06,93349.53,169.33680412,2026-01-19 17:00:00
1768842900000,93349.53,93389.93,93275.31,93300.91,77.17315319,2026-01-19 17:15:00
1768843800000,93300.91,93301.8,93156.51,93201.46,88.97767078,2026-01-19 17:30:00
1768844700000,93201.46,93266.49,93165.46,93246.44,110.20475113,2026-01-19 17:45:00
1768845600000,93246.44,93259.9,93100.0,93100.37,42.31579621,2026-01-19 18:00:00
1768846500000,93100.37,93123.04,92958.24,92981.14,56.34131592,2026-01-19 18:15:00
1768847400000,92981.14,93130.51,92929.53,93115.62,45.71469273,2026-01-19 18:30:00
1768848300000,93115.62,93135.34,93027.98,93066.31,25.76737803,2026-01-19 18:45:00
1768849200000,93066.31,93100.67,93000.0,93082.55,33.19737573,2026-01-19 19:00:00
1768850100000,93082.55,93149.21,93032.81,93073.51,39.95906473,2026-01-19 19:15:00
1768851000000,93073.51,93140.6,93040.0,93140.6,23.26678196,2026-01-19 19:30:00
1768851900000,93140.6,93156.46,93080.68,93106.3,24.96822299,2026-01-19 19:45:00
1768852800000,93106.3,93221.39,93106.2,93171.72,32.1430409,2026-01-19 20:00:00
1768853700000,93171.72,93275.84,93160.18,93245.55,28.86557281,2026-01-19 20:15:00
1768854600000,93245.55,93256.32,93131.08,93131.13,37.67659066,2026-01-19 20:30:00
1768855500000,93131.13,93150.27,93090.0,93149.41,19.55641848,2026-01-19 20:45:00
1768856400000,93149.41,93343.26,93064.92,93097.92,79.42932988,2026-01-19 21:00:00
1768857300000,93097.92,93098.85,93000.0,93040.47,26.05094746,2026-01-19 21:15:00
1768858200000,93040.47,93071.86,93006.9,93053.42,24.42068389,2026-01-19 21:30:00
1768859100000,93053.42,93053.43,93002.37,93002.94,32.88329869,2026-01-19 21:45:00
1768860000000,93002.94,93038.04,92703.06,92854.36,76.09870769,2026-01-19 22:00:00
1768860900000,92854.36,93061.56,92846.02,92983.44,49.10076186,2026-01-19 22:15:00
1768861800000,92983.44,92983.54,92786.25,92820.09,60.4367516,2026-01-19 22:30:00
1768862700000,92820.09,92842.49,92565.31,92566.26,66.13486542,2026-01-19 22:45:00
1768863600000,92566.26,92746.56,92224.13,92460.48,180.68952133,2026-01-19 23:00:00
1768864500000,92460.48,92555.1,92171.17,92544.06,160.78557837,2026-01-19 23:15:00
1768865400000,92544.06,92749.67,92537.8,92651.03,75.57914737,2026-01-19 23:30:00
1768866300000,92651.03,92727.13,92586.88,92630.56,44.17506135,2026-01-19 23:45:00
1768867200000,92630.56,92869.5,92596.0,92701.99,73.72322098,2026-01-20 00:00:00
1768868100000,92701.99,92701.99,92362.19,92466.11,80.5925209,2026-01-20 00:15:00
1768869000000,92466.11,92748.67,92454.62,92722.0,34.87713375,2026-01-20 00:30:00
1768869900000,92722.0,92750.46,92620.99,92718.12,42.35067897,2026-01-20 00:45:00
1768870800000,92718.12,92801.33,92524.19,92726.0,53.26558111,2026-01-20 01:00:00
1768871700000,92726.0,92869.99,92660.96,92856.88,40.34189285,2026-01-20 01:15:00
1768872600000,92856.88,92858.39,92671.06,92707.66,35.22376449,2026-01-20 01:30:00
1768873500000,92707.66,92840.0,92693.3,92724.08,82.62715671,2026-01-20 01:45:00
1768874400000,92724.08,92728.85,92448.11,92480.32,82.05122291,2026-01-20 02:00:00
1768875300000,92480.32,92538.75,92367.96,92495.01,78.97700824,2026-01-20 02:15:00
1768876200000,92495.01,92672.04,92494.11,92613.88,67.78992328,2026-01-20 02:30:00
1768877100000,92613.88,92687.58,92511.04,92551.76,80.60456715,2026-01-20 02:45:00
1768878000000,92551.76,92648.63,92396.54,92428.76,65.86113473,2026-01-20 03:00:00
1768878900000,92428.76,92500.46,92369.18,92377.01,91.17405283,2026-01-20 03:15:00
1768879800000,92377.01,92416.85,92280.72,92413.0,83.39264109,2026-01-20 03:30:00
1768880700000,92413.0,92497.93,92360.76,92434.5,68.46148566,2026-01-20 03:45:00
1768881600000,92434.5,92472.97,92310.62,92314.93,51.51277671,2026-01-20 04:00:00
1768882500000,92314.93,92315.65,92210.83,92311.3,72.17728991,2026-01-20 04:15:00
1768883400000,92311.3,92416.24,92212.79,92229.89,51.76546868,2026-01-20 04:30:00
1768884300000,92229.89,92267.08,92000.0,92063.37,84.84404106,2026-01-20 04:45:00
1768885200000,92063.37,92084.32,91361.16,91412.56,285.50071542,2026-01-20 05:00:00
1768886100000,91412.56,91746.32,91301.02,91739.29,232.34397525,2026-01-20 05:15:00
1768887000000,91739.29,91794.44,91529.44,91649.45,144.20300528,2026-01-20 05:30:00
1768887900000,91649.45,91806.05,91619.28,91630.0,162.64402975,2026-01-20 05:45:00
1768888800000,91630.0,91630.01,91451.0,91456.95,118.18163418,2026-01-20 06:00:00
1768889700000,91456.95,91505.7,90856.86,91275.54,276.76965631,2026-01-20 06:15:00
1768890600000,91275.54,91282.0,90833.95,91127.36,196.04248369,2026-01-20 06:30:00
1768891500000,91127.36,91140.12,90776.02,90929.52,245.00731263,2026-01-20 06:45:00
1768892400000,90929.52,91158.91,90870.5,91039.54,203.37858108,2026-01-20 07:00:00
1768893300000,91039.54,91086.06,90942.0,91061.34,136.44498154,2026-01-20 07:15:00
1768894200000,91061.34,91220.01,90994.77,91191.47,117.19694388,2026-01-20 07:30:00
1768895100000,91191.47,91300.53,91150.31,91178.42,161.72795371,2026-01-20 07:45:00
1768896000000,91178.42,91185.28,90820.0,91004.14,206.04136561,2026-01-20 08:00:00
1768896900000,91004.14,91256.16,90909.35,91196.62,204.20421565,2026-01-20 08:15:00
1768897800000,91196.62,91196.62,90678.23,90854.75,191.42517954,2026-01-20 08:30:00
1768898700000,90854.75,91131.17,90793.04,91115.65,168.02855157,2026-01-20 08:45:00
1768899600000,91115.65,91115.65,90985.18,91057.9,77.50716724,2026-01-20 09:00:00
1768900500000,91057.9,91092.23,90932.68,91045.58,86.06657259,2026-01-20 09:15:00
1768901400000,91045.58,91056.26,90899.91,91014.55,68.95331149,2026-01-20 09:30:00
1768902300000,91014.55,91066.63,90945.21,91035.79,68.57715408,2026-01-20 09:45:00
1768903200000,91035.79,91174.87,90998.51,91173.17,111.76369817,2026-01-20 10:00:00
1768904100000,91173.17,91283.26,91090.51,91282.33,68.91606132,2026-01-20 10:15:00
1768905000000,91282.33,91282.91,91148.11,91235.14,62.93437585,2026-01-20 10:30:00
1768905900000,91235.14,91283.76,91213.06,91269.72,41.63706921,2026-01-20 10:45:00
1768906800000,91269.72,91442.93,91255.32,91356.6,79.58471594,2026-01-20 11:00:00
1768907700000,91356.6,91438.12,91321.91,91400.76,49.3328,2026-01-20 11:15:00
1768908600000,91400.76,91400.77,91259.55,91335.53,53.31278764,2026-01-20 11:30:00
1768909500000,91335.53,91342.66,91213.89,91218.53,82.3113026,2026-01-20 11:45:00
1768910400000,91218.53,91306.62,91183.36,91279.83,63.44802947,2026-01-20 12:00:00
1768911300000,91279.83,91310.14,91052.41,91148.44,178.6972762,2026-01-20 12:15:00
1768912200000,91148.44,91245.76,91148.36,91170.12,138.00976629,2026-01-20 12:30:00
1768913100000,91170.12,91287.63,91169.81,91280.66,83.83221781,2026-01-20 12:45:00
1768914000000,91280.66,91308.3,90886.18,90920.39,184.77851793,2026-01-20 13:00:00
1768914900000,90920.39,91057.76,90874.84,90881.0,111.95421477,2026-01-20 13:15:00
1768915800000,90881.0,91107.16,90780.76,91060.0,167.07471007,2026-01-20 13:30:00
1768916700000,91060.0,91078.97,90922.82,90958.45,127.72203709,2026-01-20 13:45:00
1768917600000,90958.45,91146.66,90958.42,91094.8,104.89918855,2026-01-20 14:00:00
1768918500000,91094.8,91094.8,90719.29,90996.85,137.09862009,2026-01-20 14:15:00
1768919400000,90996.85,91370.64,90680.0,91066.59,195.58457905,2026-01-20 14:30:00
1768920300000,91066.59,91066.64,90282.42,90520.32,242.23476907,2026-01-20 14:45:00
1768921200000,90520.32,90585.69,89880.0,90304.04,221.64511035,2026-01-20 15:00:00
1768922100000,90304.04,90747.06,90022.67,90626.09,241.41816141,2026-01-20 15:15:00
1768923000000,90626.09,90807.6,90527.89,90550.0,150.36399517,2026-01-20 15:30:00
1768923900000,90550.0,90684.57,90354.17,90680.0,132.67348718,2026-01-20 15:45:00
1768924800000,90680.0,90856.45,90510.21,90754.09,148.84913576,2026-01-20 16:00:00
1768925700000,90754.09,90976.76,90560.01,90624.13,124.0212231,2026-01-20 16:15:00
1768926600000,90624.13,90642.56,90100.0,90128.47,159.95859149,2026-01-20 16:30:00
1768927500000,90128.47,90251.46,90030.77,90165.06,139.84404366,2026-01-20 16:45:00
1768928400000,90165.06,90490.83,90065.16,90455.66,165.39559412,2026-01-20 17:00:00
1768929300000,90455.66,90501.66,90193.58,90201.61,102.58425395,2026-01-20 17:15:00
1768930200000,90201.61,90206.16,89690.0,89690.01,221.38460092,2026-01-20 17:30:00
1768931100000,89690.01,89831.88,89435.85,89775.0,232.57968697,2026-01-20 17:45:00
1768932000000,89775.0,89908.89,89719.52,89908.42,131.75935512,2026-01-20 18:00:00
1768932900000,89908.42,89957.56,89650.93,89760.2,133.05484562,2026-01-20 18:15:00
1768933800000,89760.2,89760.2,89450.45,89526.51,193.10074906,2026-01-20 18:30:00
1768934700000,89526.51,89631.9,89400.01,89500.4,146.4276408,2026-01-20 18:45:00
1768935600000,89500.4,89789.0,89439.59,89576.05,136.95346303,2026-01-20 19:00:00
1768936500000,89576.05,89688.33,89478.72,89483.0,108.39759975,2026-01-20 19:15:00
1768937400000,89483.0,89552.26,89282.37,89445.11,153.80406279,2026-01-20 19:30:00
1768938300000,89445.11,89781.34,89372.17,89726.18,93.56160624,2026-01-20 19:45:00
1768939200000,89726.18,89726.19,89398.7,89399.55,102.88637019,2026-01-20 20:00:00
1768940100000,89399.55,89839.33,89399.55,89769.98,127.45862546,2026-01-20 20:15:00
1768941000000,89769.98,89802.15,89605.1,89655.62,94.05152964,2026-01-20 20:30:00
1768941900000,89655.62,89856.0,89532.46,89733.46,149.72114209,2026-01-20 20:45:00
1768942800000,89733.46,89829.56,89621.83,89803.33,121.55691149,2026-01-20 21:00:00
1768943700000,89803.33,89803.33,89586.0,89625.93,55.45465556,2026-01-20 21:15:00
1768944600000,89625.93,89625.93,89471.97,89538.44,86.71855108,2026-01-20 21:30:00
1768945500000,89538.44,89585.28,89427.01,89473.25,43.69033074,2026-01-20 21:45:00
1768946400000,89473.25,89635.9,89449.3,89635.9,74.8048661,2026-01-20 22:00:00
1768947300000,89635.9,89646.01,89465.37,89510.54,43.71874521,2026-01-20 22:15:00
1768948200000,89510.54,89533.21,88000.0,88577.14,336.66139101,2026-01-20 22:30:00
1768949100000,88577.14,88671.89,88200.01,88508.59,221.88203779,2026-01-20 22:45:00
1768950000000,88508.59,88508.59,88100.0,88212.42,351.18512137,2026-01-20 23:00:00
1768950900000,88212.42,88273.12,87900.0,88120.36,277.92708218,2026-01-20 23:15:00
1768951800000,88120.36,88523.36,88120.29,88520.0,178.46919265,2026-01-20 23:30:00
1768952700000,88520.0,88521.44,88333.91,88428.12,110.20204752,2026-01-20 23:45:00
1768953600000,88428.12,88610.7,88381.45,88419.48,113.7442849,2026-01-21 00:00:00
1768954500000,88419.48,88602.89,88246.8,88560.81,121.84129337,2026-01-21 00:15:00
1768955400000,88560.81,88939.79,88508.84,88850.75,257.9941363,2026-01-21 00:30:00
1768956300000,88850.75,88979.66,88835.0,88935.7,113.15640185,2026-01-21 00:45:00
1768957200000,88935.7,89114.7,88843.72,89093.36,128.54050016,2026-01-21 01:00:00
1768958100000,89093.36,89132.71,88925.68,89075.75,90.80514847,2026-01-21 01:15:00
1768959000000,89075.75,89130.0,88984.11,89037.77,90.588817,2026-01-21 01:30:00
1768959900000,89037.77,89165.81,88980.25,89021.36,52.35720109,2026-01-21 01:45:00
1768960800000,89021.36,89380.88,89021.27,89271.94,273.62567044,2026-01-21 02:00:00
1768961700000,89271.94,89318.31,89100.46,89116.59,104.71449568,2026-01-21 02:15:00
1768962600000,89116.59,89184.49,88999.55,89090.21,103.66315515,2026-01-21 02:30:00
1768963500000,89090.21,89189.74,89034.91,89048.33,172.44510877,2026-01-21 02:45:00
1768964400000,89048.33,89258.01,89045.26,89215.29,119.72937289,2026-01-21 03:00:00
1768965300000,89215.29,89279.46,89151.91,89279.34,95.24479401,2026-01-21 03:15:00
1768966200000,89279.34,89605.13,89233.73,89554.22,118.10613116,2026-01-21 03:30:00
1768967100000,89554.22,89554.22,89398.84,89432.67,58.28677979,2026-01-21 03:45:00
1768968000000,89432.67,89491.93,89362.38,89362.38,79.38057184,2026-01-21 04:00:00
1768968900000,89362.38,89501.14,89353.65,89500.36,29.62222803,2026-01-21 04:15:00
1768969800000,89500.36,89579.69,89405.54,89578.86,50.20405677,2026-01-21 04:30:00
1768970700000,89578.86,89629.63,89443.93,89447.96,54.22640776,2026-01-21 04:45:00
1768971600000,89447.96,89584.18,89437.49,89584.18,33.09938328,2026-01-21 05:00:00
1768972500000,89584.18,89629.63,89531.86,89598.74,54.48620465,2026-01-21 05:15:00
1768973400000,89598.74,89935.78,89598.67,89929.24,108.08856336,2026-01-21 05:30:00
1768974300000,89929.24,90128.17,89908.88,89950.37,184.88722563,2026-01-21 05:45:00
1768975200000,89950.37,89950.46,89799.56,89907.57,77.43333107,2026-01-21 06:00:00
1768976100000,89907.57,89916.45,89815.32,89911.98,60.83188345,2026-01-21 06:15:00
1768977000000,89911.98,89911.98,89597.74,89617.23,61.31066159,2026-01-21 06:30:00
1768977900000,89617.23,89650.26,89491.5,89650.24,46.32025379,2026-01-21 06:45:00
1768978800000,89650.24,89766.83,89500.0,89527.47,96.16594107,2026-01-21 07:00:00
1768979700000,89527.47,89679.37,89527.38,89627.59,57.06778268,2026-01-21 07:15:00
1768980600000,89627.59,89627.59,89169.33,89228.49,240.60488672,2026-01-21 07:30:00
1768981500000,89228.49,89262.3,89091.1,89224.48,177.22508399,2026-01-21 07:45:00
1768982400000,89224.48,89299.66,89138.33,89162.36,159.14337126,2026-01-21 08:00:00
1768983300000,89162.36,89390.84,89162.36,89256.43,169.57738046,2026-01-21 08:15:00
1768984200000,89256.43,89295.57,89001.27,89035.81,82.51500148,2026-01-21 08:30:00
1768985100000,89035.81,89249.2,89031.41,89200.01,92.8561008,2026-01-21 08:45:00
1768986000000,89200.01,89306.35,89167.25,89295.6,60.5280335,2026-01-21 09:00:00
1768986900000,89295.6,89454.22,89295.6,89408.97,68.25159548,2026-01-21 09:15:00
1768987800000,89408.97,89493.91,89348.15,89414.22,76.10842718,2026-01-21 09:30:00
1768988700000,89414.22,89431.89,89079.48,89108.14,80.43872356,2026-01-21 09:45:00
1768989600000,89108.14,89347.18,89076.08,89304.62,76.95963935,2026-01-21 10:00:00
1768990500000,89304.62,89391.4,89254.36,89338.57,61.31042221,2026-01-21 10:15:00
1768991400000,89338.57,89390.0,89241.03,89311.08,62.13606008,2026-01-21 10:30:00
1768992300000,89311.08,89326.56,89239.55,89247.24,54.0303102,2026-01-21 10:45:00
1768993200000,89247.24,89311.68,89152.82,89307.23,49.91846584,2026-01-21 11:00:00
1768994100000,89307.23,89383.13,89276.36,89326.0,65.34048485,2026-01-21 11:15:00
1768995000000,89326.0,89348.64,89236.95,89281.13,74.08976638,2026-01-21 11:30:00
1768995900000,89281.13,89297.14,88700.33,88787.51,187.75093156,2026-01-21 11:45:00
1768996800000,88787.51,88855.8,88211.0,88346.52,265.07460327,2026-01-21 12:00:00
1768997700000,88346.52,88480.88,88211.1,88356.28,159.42402021,2026-01-21 12:15:00
1768998600000,88356.28,88673.41,88292.68,88626.98,143.62005396,2026-01-21 12:30:00
1768999500000,88626.98,88765.23,88526.65,88735.96,113.03361007,2026-01-21 12:45:00
1769000400000,88735.96,89000.45,88679.29,88942.54,107.24896007,2026-01-21 13:00:00
1769001300000,88942.54,88965.68,88775.01,88849.77,110.24546282,2026-01-21 13:15:00
1769002200000,88849.77,89021.16,88681.69,88715.08,120.23615655,2026-01-21 13:30:00
1769003100000,88715.08,88877.49,88560.86,88680.46,186.27363912,2026-01-21 13:45:00
1769004000000,88680.46,89700.0,88606.58,89569.54,255.61946469,2026-01-21 14:00:00
1769004900000,89569.54,89700.0,89352.94,89612.5,232.23880496,2026-01-21 14:15:00
1769005800000,89612.5,90000.0,89480.85,89665.76,215.61359052,2026-01-21 14:30:00
1769006700000,89665.76,89951.0,89368.79,89804.96,212.33500185,2026-01-21 14:45:00
1769007600000,89804.96,90371.74,89758.11,90340.21,216.05001705,2026-01-21 15:00:00
1769008500000,90340.21,90582.96,89995.42,90023.91,223.28369813,2026-01-21 15:15:00
1769009400000,90023.91,90197.33,89846.77,90112.73,138.30552496,2026-01-21 15:30:00
1769010300000,90112.73,90377.18,89970.76,90288.05,117.70535803,2026-01-21 15:45:00
1769011200000,90288.05,90360.0,89738.78,89739.4,139.60897343,2026-01-21 16:00:00
1769012100000,89739.4,89828.26,89317.06,89610.0,254.42516468,2026-01-21 16:15:00
1769013000000,89610.0,89610.01,88122.75,88153.48,270.85568375,2026-01-21 16:30:00
1769013900000,88153.48,88680.12,87600.0,87620.0,419.47272159,2026-01-21 16:45:00
1769014800000,87620.0,88145.5,87290.01,87337.84,372.69929726,2026-01-21 17:00:00
1769015700000,87337.84,87890.01,87277.0,87783.79,204.53118607,2026-01-21 17:15:00
1769016600000,87783.79,88160.07,87501.36,87931.23,147.84668745,2026-01-21 17:30:00
1769017500000,87931.23,88065.62,87852.45,87935.51,182.0785669,2026-01-21 17:45:00
1769018400000,87935.51,88088.22,87587.41,87909.46,150.33271499,2026-01-21 18:00:00
1769019300000,87909.46,88056.33,87849.1,88017.01,94.27554098,2026-01-21 18:15:00
1769020200000,88017.01,88249.67,87949.99,88133.44,99.56636099,2026-01-21 18:30:00
1769021100000,88133.44,88660.88,88118.68,88487.46,106.70055378,2026-01-21 18:45:00
1769022000000,88487.46,88644.61,88286.95,88395.15,128.47672016,2026-01-21 19:00:00
1769022900000,88395.15,89727.05,88363.39,89646.67,267.74595031,2026-01-21 19:15:00
1769023800000,89646.67,90160.66,89506.82,90068.66,340.77991728,2026-01-21 19:30:00
1769024700000,90068.66,90449.99,89906.5,90357.32,232.79568266,2026-01-21 19:45:00
1769025600000,90357.32,90377.85,89732.55,89916.35,154.86667155,2026-01-21 20:00:00
1769026500000,89916.35,89916.85,89470.05,89742.44,157.13274753,2026-01-21 20:15:00
1769027400000,89742.44,90020.74,89594.36,89903.96,111.23304449,2026-01-21 20:30:00
1769028300000,89903.96,90215.14,89896.17,90204.89,149.60361027,2026-01-21 20:45:00
1769029200000,90204.89,90211.84,89961.38,90100.59,151.03167008,2026-01-21 21:00:00
1769030100000,90100.59,90340.1,90046.7,90069.11,75.55959582,2026-01-21 21:15:00
1769031000000,90069.11,90260.87,90066.89,90254.59,66.69947811,2026-01-21 21:30:00
1769031900000,90254.59,90276.58,90145.97,90244.11,53.42708009,2026-01-21 21:45:00
1769032800000,90244.11,90373.09,90200.79,90226.18,97.52101841,2026-01-21 22:00:00
1769033700000,90226.18,90226.96,89943.01,89991.81,81.29892475,2026-01-21 22:15:00
1769034600000,89991.81,90103.61,89906.61,89960.03,46.79271692,2026-01-21 22:30:00
1769035500000,89960.03,90007.95,89762.65,89762.65,61.48830007,2026-01-21 22:45:00
1769036400000,89762.65,90212.93,89712.41,90190.68,108.88863006,2026-01-21 23:00:00
1769037300000,90190.68,90190.76,89882.16,90028.7,82.82106266,2026-01-21 23:15:00
1769038200000,90028.7,90028.7,89545.53,89545.57,84.53791633,2026-01-21 23:30:00
1769039100000,89545.57,89600.0,89342.34,89454.33,105.95854966,2026-01-21 23:45:00
1769040000000,89454.33,89723.64,89451.03,89707.17,83.77524624,2026-01-22 00:00:00
1769040900000,89707.17,89882.77,89597.3,89833.31,96.33943319,2026-01-22 00:15:00
1769041800000,89833.31,90007.57,89833.31,89936.42,57.80179271,2026-01-22 00:30:00
1769042700000,89936.42,90032.24,89862.46,89904.93,43.74251348,2026-01-22 00:45:00
1769043600000,89904.93,90113.32,89823.16,89987.67,74.43138896,2026-01-22 01:00:00
1769044500000,89987.67,90195.8,89987.67,90130.87,71.89598891,2026-01-22 01:15:00
1769045400000,90130.87,90180.21,89918.03,89988.9,50.18356292,2026-01-22 01:30:00
1769046300000,89988.9,90170.37,89948.46,90111.11,46.44445377,2026-01-22 01:45:00
1769047200000,90111.11,90183.48,90032.75,90182.97,70.85783333,2026-01-22 02:00:00
1769048100000,90182.97,90358.45,90147.09,90289.09,138.40424491,2026-01-22 02:15:00
1769049000000,90289.09,90289.1,90048.42,90112.43,56.47212117,2026-01-22 02:30:00
1769049900000,90112.43,90112.44,89845.5,89934.51,153.59351575,2026-01-22 02:45:00
1769050800000,89934.51,90165.78,89934.51,90094.71,101.00318081,2026-01-22 03:00:00
1769051700000,90094.71,90094.71,89837.72,89932.81,112.81825916,2026-01-22 03:15:00
1769052600000,89932.81,89932.81,89698.99,89837.94,189.29914328,2026-01-22 03:30:00
1769053500000,89837.94,89900.16,89814.99,89899.24,56.95847729,2026-01-22 03:45:00
1769054400000,89899.24,89983.33,89839.22,89876.91,145.57965799,2026-01-22 04:00:00
1769055300000,89876.91,89986.68,89827.63,89975.09,103.0753621,2026-01-22 04:15:00
1769056200000,89975.09,90025.62,89899.04,89997.77,88.22292661,2026-01-22 04:30:00
1769057100000,89997.77,90077.77,89976.89,89999.31,175.62744844,2026-01-22 04:45:00
1769058000000,89999.31,90080.46,89986.39,90043.9,62.01933511,2026-01-22 05:00:00
1769058900000,90043.9,90057.5,89961.8,89969.8,62.44524987,2026-01-22 05:15:00
1769059800000,89969.8,90046.98,89922.96,90008.69,115.7283034,2026-01-22 05:30:00
1769060700000,90008.69,90046.73,89923.85,90024.68,83.35697808,2026-01-22 05:45:00
1769061600000,90024.68,90128.18,89897.3,90037.41,105.38793228,2026-01-22 06:00:00
1769062500000,90037.41,90098.76,89981.53,90005.26,42.6465085,2026-01-22 06:15:00
1769063400000,90005.26,90199.62,89994.86,90157.72,60.12738556,2026-01-22 06:30:00
1769064300000,90157.72,90210.04,90121.53,90169.96,51.35610639,2026-01-22 06:45:00
1769065200000,90169.96,90201.39,90049.15,90061.29,54.04510447,2026-01-22 07:00:00
1769066100000,90061.29,90090.47,89925.54,89967.21,57.0107015,2026-01-22 07:15:00
1769067000000,89967.21,89982.26,89895.99,89942.02,97.43558521,2026-01-22 07:30:00
1769067900000,89942.02,89954.54,89795.32,89815.7,96.17001259,2026-01-22 07:45:00
1769068800000,89815.7,89970.7,89755.37,89767.03,59.43533202,2026-01-22 08:00:00
1769069700000,89767.03,89940.28,89755.81,89875.3,45.78549879,2026-01-22 08:15:00
1769070600000,89875.3,89902.38,89791.0,89819.62,51.43025529,2026-01-22 08:30:00
1769071500000,89819.62,89955.73,89800.85,89915.67,32.43171797,2026-01-22 08:45:00
1769072400000,89915.67,90057.57,89879.31,90039.65,45.15883109,2026-01-22 09:00:00
1769073300000,90039.65,90075.22,89950.0,89989.29,48.09010472,2026-01-22 09:15:00
1769074200000,89989.29,90112.37,89941.92,90100.32,50.30207798,2026-01-22 09:30:00
1769075100000,90100.32,90116.72,90010.65,90029.67,33.42603827,2026-01-22 09:45:00
1769076000000,90029.67,90051.63,89954.27,90027.56,43.17787303,2026-01-22 10:00:00
1769076900000,90027.56,90088.07,89971.42,90033.21,97.33782044,2026-01-22 10:15:00
1769077800000,90033.21,90064.43,90006.91,90055.02,41.32376148,2026-01-22 10:30:00
1769078700000,90055.02,90099.54,90015.0,90074.98,44.19617096,2026-01-22 10:45:00
1769079600000,90074.98,90147.36,89936.95,89984.58,61.71204903,2026-01-22 11:00:00
1769080500000,89984.58,90024.67,89900.69,89950.32,53.6898482,2026-01-22 11:15:00
1769081400000,89950.32,90025.17,89894.41,89979.88,73.11206996,2026-01-22 11:30:00
1769082300000,89979.88,90077.38,89900.26,89936.86,62.09098727,2026-01-22 11:45:00
1769083200000,89936.86,90050.0,89868.35,90004.87,81.26390797,2026-01-22 12:00:00
1769084100000,90004.87,90045.17,89978.59,90019.56,38.37068624,2026-01-22 12:15:00
1769085000000,90019.56,90097.37,89987.16,90039.74,33.20205489,2026-01-22 12:30:00
1769085900000,90039.74,90055.75,89987.76,90020.57,29.80991245,2026-01-22 12:45:00
1769086800000,90020.57,90051.44,89995.05,90050.01,30.3189526,2026-01-22 13:00:00
1769087700000,90050.01,90198.07,90044.89,90194.99,79.76913755,2026-01-22 13:15:00
1769088600000,90194.99,90335.33,89550.0,89618.22,202.04644221,2026-01-22 13:30:00
1769089500000,89618.22,89738.83,89491.12,89624.31,188.95408375,2026-01-22 13:45:00
1769090400000,89624.31,89707.33,89436.04,89707.33,147.29717835,2026-01-22 14:00:00
1769091300000,89707.33,89716.76,89365.72,89578.76,127.59367072,2026-01-22 14:15:00
1769092200000,89578.76,89750.0,89150.0,89490.47,245.92364168,2026-01-22 14:30:00
1769093100000,89490.47,89490.47,89067.85,89097.61,254.6912304,2026-01-22 14:45:00
1769094000000,89097.61,89380.84,89026.0,89262.96,153.52434001,2026-01-22 15:00:00
1769094900000,89262.96,89370.06,88618.01,88656.59,190.44895954,2026-01-22 15:15:00
1769095800000,88656.59,89176.31,88510.95,89149.13,184.97208374,2026-01-22 15:30:00
1769096700000,89149.13,89448.1,88943.64,89026.2,134.05730036,2026-01-22 15:45:00
1769097600000,89026.2,89197.91,88763.52,88844.28,172.44168651,2026-01-22 16:00:00
1769098500000,88844.28,89194.15,88688.28,88986.99,115.18779688,2026-01-22 16:15:00
1769099400000,88986.99,89129.21,88770.29,88964.4,178.4310527,2026-01-22 16:30:00
1769100300000,88964.4,89266.0,88897.39,89051.09,116.96747568,2026-01-22 16:45:00
1769101200000,89051.09,89434.21,89020.46,89220.53,127.69493811,2026-01-22 17:00:00
1769102100000,89220.53,89430.43,89053.78,89146.31,108.80582808,2026-01-22 17:15:00
1769103000000,89146.31,89287.31,89080.01,89228.16,77.39940905,2026-01-22 17:30:00
1769103900000,89228.16,89620.07,89228.16,89567.74,115.70822712,2026-01-22 17:45:00
1769104800000,89567.74,89611.43,89377.33,89477.92,121.57648711,2026-01-22 18:00:00
1769105700000,89477.92,89780.55,89459.27,89614.55,150.80191867,2026-01-22 18:15:00
1769106600000,89614.55,89765.56,89589.56,89665.11,67.79304082,2026-01-22 18:30:00
1769107500000,89665.11,89712.96,89300.01,89330.49,75.71863779,2026-01-22 18:45:00
1769108400000,89330.49,89463.25,89109.41,89400.63,129.30727229,2026-01-22 19:00:00
1769109300000,89400.63,89577.25,89300.73,89503.38,68.67523306,2026-01-22 19:15:00
1769110200000,89503.38,89877.97,89484.26,89842.89,105.47354093,2026-01-22 19:30:00
1769111100000,89842.89,89922.2,89641.55,89774.39,147.66349016,2026-01-22 19:45:00
1769112000000,89774.39,89920.84,89692.69,89920.71,112.06989289,2026-01-22 20:00:00
1769112900000,89920.71,89944.56,89561.11,89569.96,69.39443576,2026-01-22 20:15:00
1769113800000,89569.96,89709.01,89462.59,89493.37,64.54278686,2026-01-22 20:30:00
1769114700000,89493.37,89547.45,89393.33,89407.51,57.94563544,2026-01-22 20:45:00
1769115600000,89407.51,89625.3,89379.5,89536.68,68.99848931,2026-01-22 21:00:00
1769116500000,89536.68,89665.78,89536.68,89567.3,62.69119363,2026-01-22 21:15:00
1769117400000,89567.3,89596.82,89396.57,89397.21,59.02645587,2026-01-22 21:30:00
1769118300000,89397.21,89397.21,89242.65,89266.92,69.91047285,2026-01-22 21:45:00
1769119200000,89266.92,89565.06,89150.0,89491.36,106.32864359,2026-01-22 22:00:00
1769120100000,89491.36,89520.33,89353.49,89420.22,62.63320189,2026-01-22 22:15:00
1769121000000,89420.22,89420.22,89165.72,89263.74,67.4975006,2026-01-22 22:30:00
1769121900000,89263.74,89374.3,89262.11,89367.27,39.65744774,2026-01-22 22:45:00
1769122800000,89367.27,89374.84,89167.34,89301.89,56.56807406,2026-01-22 23:00:00
1769123700000,89301.89,89513.26,89290.36,89440.25,52.69309942,2026-01-22 23:15:00
1769124600000,89440.25,89578.58,89402.84,89503.16,40.3413021,2026-01-22 23:30:00
1769125500000,89503.16,89558.69,89497.84,89558.21,33.59346147,2026-01-22 23:45:00
1769126400000,89558.21,89559.11,89448.82,89535.65,37.53355939,2026-01-23 00:00:00
1769127300000,89535.65,89637.35,89528.45,89612.49,79.69026031,2026-01-23 00:15:00
1769128200000,89612.49,89620.17,89506.64,89549.03,42.75194274,2026-01-23 00:30:00
1769129100000,89549.03,89607.91,89515.52,89515.53,45.96876994,2026-01-23 00:45:00
1769130000000,89515.53,89673.43,89515.53,89603.53,70.67881459,2026-01-23 01:00:00
1769130900000,89603.53,89689.31,89603.53,89688.79,41.48182282,2026-01-23 01:15:00
1769131800000,89688.79,89875.31,89637.14,89822.86,98.3131472,2026-01-23 01:30:00
1769132700000,89822.86,89935.0,89769.06,89935.0,50.3407942,2026-01-23 01:45:00
1769133600000,89935.0,89976.46,89793.06,89947.3,168.40113348,2026-01-23 02:00:00
1769134500000,89947.3,89947.31,89735.69,89764.78,68.91338702,2026-01-23 02:15:00
1769135400000,89764.78,89834.51,89754.82,89784.83,63.84414832,2026-01-23 02:30:00
1769136300000,89784.83,89814.9,89650.92,89656.84,38.86695352,2026-01-23 02:45:00
1769137200000,89656.84,89806.96,89642.56,89803.83,57.92126742,2026-01-23 03:00:00
1769138100000,89803.83,89905.18,89802.69,89894.44,65.11244822,2026-01-23 03:15:00
1769139000000,89894.44,89923.14,89800.54,89891.1,47.60726218,2026-01-23 03:30:00
1769139900000,89891.1,89920.59,89861.4,89920.5,66.79891925,2026-01-23 03:45:00
1769140800000,89920.5,90074.58,89870.27,90072.42,143.27796107,2026-01-23 04:00:00
1769141700000,90072.42,90082.5,89954.0,89980.41,108.87834191,2026-01-23 04:15:00
1769142600000,89980.41,90039.97,89905.72,89979.71,62.9617553,2026-01-23 04:30:00
1769143500000,89979.71,90033.94,89954.15,89954.15,70.92901003,2026-01-23 04:45:00
1769144400000,89954.15,89965.59,89850.0,89882.64,70.7660945,2026-01-23 05:00:00
1769145300000,89882.64,89882.69,89520.36,89642.32,105.16670611,2026-01-23 05:15:00
1769146200000,89642.32,89702.03,89613.61,89639.48,62.49424805,2026-01-23 05:30:00
1769147100000,89639.48,89675.18,89489.83,89603.95,87.69598544,2026-01-23 05:45:00
1769148000000,89603.95,89802.63,89547.68,89730.89,153.73510182,2026-01-23 06:00:00
1769148900000,89730.89,89756.87,89400.0,89474.92,97.09268845,2026-01-23 06:15:00
1769149800000,89474.92,89660.51,89471.43,89643.84,87.96846861,2026-01-23 06:30:00
1769150700000,89643.84,89686.4,89493.74,89506.09,88.96826529,2026-01-23 06:45:00
1769151600000,89506.09,89571.68,89471.1,89549.26,126.6850797,2026-01-23 07:00:00
1769152500000,89549.26,89685.99,89549.26,89639.2,68.16519682,2026-01-23 07:15:00
1769153400000,89639.2,89683.65,89538.44,89577.03,123.77943271,2026-01-23 07:30:00
1769154300000,89577.03,89619.45,89440.85,89544.69,132.32594062,2026-01-23 07:45:00
1769155200000,89544.69,89629.37,89485.53,89548.45,88.21283088,2026-01-23 08:00:00
1769156100000,89548.45,89568.47,89324.4,89330.1,132.82169493,2026-01-23 08:15:00
1769157000000,89330.1,89396.46,89136.82,89358.05,192.20522087,2026-01-23 08:30:00
1769157900000,89358.05,89423.28,89175.89,89241.2,80.02429365,2026-01-23 08:45:00
1769158800000,89241.2,89387.41,89200.76,89230.96,92.41987612,2026-01-23 09:00:00
1769159700000,89230.96,89230.96,89031.73,89153.85,136.46318296,2026-01-23 09:15:00
1769160600000,89153.85,89182.1,88968.56,89006.38,117.24598089,2026-01-23 09:30:00
1769161500000,89006.38,89010.31,88895.88,88978.2,188.51149278,2026-01-23 09:45:00
1769162400000,88978.2,89083.14,88869.07,89050.88,71.01381881,2026-01-23 10:00:00
1769163300000,89050.88,89134.32,88999.58,89103.25,58.06671476,2026-01-23 10:15:00
1769164200000,89103.25,89136.21,88975.84,89123.62,86.86487129,2026-01-23 10:30:00
1769165100000,89123.62,89160.13,89017.26,89044.99,98.1707252,2026-01-23 10:45:00
1769166000000,89044.99,89244.14,88997.05,89221.31,161.90495754,2026-01-23 11:00:00
1769166900000,89221.31,89274.44,89201.86,89217.74,122.10178552,2026-01-23 11:15:00
1769167800000,89217.74,89353.43,89217.41,89246.19,109.66773718,2026-01-23 11:30:00
1769168700000,89246.19,89272.9,89165.0,89201.85,62.44102435,2026-01-23 11:45:00
1769169600000,89201.85,89247.83,89157.42,89157.42,47.30430276,2026-01-23 12:00:00
1769170500000,89157.42,89181.95,89120.64,89162.18,51.97892772,2026-01-23 12:15:00
1769171400000,89162.18,89246.66,89093.94,89240.04,47.39085879,2026-01-23 12:30:00
1769172300000,89240.04,89382.91,89240.04,89266.83,70.69613741,2026-01-23 12:45:00
1769173200000,89266.83,89421.43,89233.83,89403.18,93.81212598,2026-01-23 13:00:00
1769174100000,89403.18,89428.32,89256.53,89256.74,87.02857824,2026-01-23 13:15:00
1769175000000,89256.74,89356.19,89246.29,89356.19,41.56011768,2026-01-23 13:30:00
1769175900000,89356.19,89450.0,89309.33,89351.47,60.01738238,2026-01-23 13:45:00
1769176800000,89351.47,89476.48,89255.0,89458.2,78.6883009,2026-01-23 14:00:00
1769177700000,89458.2,89701.3,89427.21,89699.99,161.87608361,2026-01-23 14:15:00
1769178600000,89699.99,89732.87,88661.83,88970.8,290.53076076,2026-01-23 14:30:00
1769179500000,88970.8,89135.66,88700.01,89023.37,267.00774584,2026-01-23 14:45:00
1769180400000,89023.37,89183.95,88766.5,88826.97,182.05244121,2026-01-23 15:00:00
1769181300000,88826.97,89286.57,88655.0,88988.92,249.11104589,2026-01-23 15:15:00
1769182200000,88988.92,89289.15,88932.27,89264.11,186.48650923,2026-01-23 15:30:00
1769183100000,89264.11,89870.09,89262.73,89775.08,271.93608999,2026-01-23 15:45:00
1769184000000,89775.08,89973.65,89663.59,89756.47,292.86281932,2026-01-23 16:00:00
1769184900000,89756.47,89768.54,89521.1,89581.31,158.39018021,2026-01-23 16:15:00
1769185800000,89581.31,90426.0,89500.0,90273.17,166.1571284,2026-01-23 16:30:00
1769186700000,90273.17,90498.22,90126.33,90131.48,235.56740585,2026-01-23 16:45:00
1769187600000,90131.48,90207.59,89978.5,90205.94,137.32912146,2026-01-23 17:00:00
1769188500000,90205.94,90986.53,90205.03,90986.07,225.33388966,2026-01-23 17:15:00
1769189400000,90986.07,91227.54,90772.52,90827.41,241.41896565,2026-01-23 17:30:00
1769190300000,90827.41,91054.33,90562.29,90596.92,283.98773452,2026-01-23 17:45:00
1769191200000,90596.92,91034.77,90458.47,90741.87,171.2603227,2026-01-23 18:00:00
1769192100000,90741.87,90956.68,90635.9,90869.81,108.82108248,2026-01-23 18:15:00
1769193000000,90869.81,91022.71,90730.84,90736.21,167.76796941,2026-01-23 18:30:00
1769193900000,90736.21,90736.21,90503.02,90527.26,111.04224802,2026-01-23 18:45:00
1769194800000,90527.26,90532.44,90219.7,90287.7,200.96779724,2026-01-23 19:00:00
1769195700000,90287.7,90287.7,89756.01,89846.14,252.76184315,2026-01-23 19:15:00
1769196600000,89846.14,89892.02,89610.77,89881.45,190.78417516,2026-01-23 19:30:00
1769197500000,89881.45,90020.87,89728.21,89987.28,100.70743071,2026-01-23 19:45:00
1769198400000,89987.28,90161.04,89859.67,90127.09,131.64682565,2026-01-23 20:00:00
1769199300000,90127.09,90137.03,89812.96,89817.72,92.23819772,2026-01-23 20:15:00
1769200200000,89817.72,89817.72,89274.38,89423.09,140.92259905,2026-01-23 20:30:00
1769201100000,89423.09,89577.38,89208.34,89464.66,265.84114109,2026-01-23 20:45:00
1769202000000,89464.66,89695.21,89441.59,89608.47,152.1294318,2026-01-23 21:00:00
1769202900000,89608.47,89681.85,89478.2,89611.62,43.32449821,2026-01-23 21:15:00
1769203800000,89611.62,89620.6,89402.25,89439.19,37.10757068,2026-01-23 21:30:00
1769204700000,89439.19,89474.67,89317.77,89350.71,79.69551596,2026-01-23 21:45:00
1769205600000,89350.71,89759.05,89335.62,89626.46,137.66599649,2026-01-23 22:00:00
1769206500000,89626.46,89745.16,89593.9,89713.07,65.11624288,2026-01-23 22:15:00
1769207400000,89713.07,89738.96,89585.36,89587.41,62.29423736,2026-01-23 22:30:00
1769208300000,89587.41,89653.68,89556.06,89626.73,58.08868683,2026-01-23 22:45:00
1769209200000,89626.73,89626.74,89522.41,89578.06,36.42112097,2026-01-23 23:00:00
1769210100000,89578.06,89596.92,89507.12,89564.2,34.69089781,2026-01-23 23:15:00
1769211000000,89564.2,89581.04,89519.5,89519.6,30.25181133,2026-01-23 23:30:00
1769211900000,89519.6,89633.15,89468.63,89601.57,43.24592619,2026-01-23 23:45:00
1769212800000,89601.57,89628.52,89508.68,89512.15,28.94266872,2026-01-24 00:00:00
1769213700000,89512.15,89575.39,89463.08,89465.03,30.95424861,2026-01-24 00:15:00
1769214600000,89465.03,89556.52,89456.3,89485.63,56.15058703,2026-01-24 00:30:00
1769215500000,89485.63,89492.43,89427.87,89456.79,37.29382868,2026-01-24 00:45:00
1769216400000,89456.79,89521.38,89452.87,89519.65,34.96860703,2026-01-24 01:00:00
1769217300000,89519.65,89593.03,89500.73,89577.23,33.50530034,2026-01-24 01:15:00
1769218200000,89577.23,89577.23,89467.21,89541.79,31.82534783,2026-01-24 01:30:00
1769219100000,89541.79,89556.84,89516.01,89554.08,31.61579122,2026-01-24 01:45:00
1769220000000,89554.08,89665.28,89554.08,89622.36,38.83616176,2026-01-24 02:00:00
1769220900000,89622.36,89676.37,89600.84,89618.25,25.61373901,2026-01-24 02:15:00
1769221800000,89618.25,89688.0,89602.96,89687.82,25.72040745,2026-01-24 02:30:00
1769222700000,89687.82,89729.85,89646.09,89703.1,50.82939046,2026-01-24 02:45:00
1769223600000,89703.1,89880.39,89670.6,89873.46,81.31931569,2026-01-24 03:00:00
1769224500000,89873.46,89939.5,89786.45,89937.25,111.61387534,2026-01-24 03:15:00
1769225400000,89937.25,89937.72,89790.29,89832.56,50.31818737,2026-01-24 03:30:00
1769226300000,89832.56,89837.91,89739.43,89770.98,101.27980268,2026-01-24 03:45:00
1769227200000,89770.98,89834.02,89761.74,89804.79,47.59204903,2026-01-24 04:00:00
1769228100000,89804.79,89821.24,89709.88,89723.87,36.88532583,2026-01-24 04:15:00
1769229000000,89723.87,89774.51,89723.42,89760.73,42.96179315,2026-01-24 04:30:00
1769229900000,89760.73,89854.57,89743.33,89830.84,25.78191288,2026-01-24 04:45:00
1769230800000,89830.84,89851.3,89789.39,89829.8,40.08535289,2026-01-24 05:00:00
1769231700000,89829.8,89850.48,89813.98,89817.57,15.70332596,2026-01-24 05:15:00
1769232600000,89817.57,89817.57,89754.2,89762.68,29.07061083,2026-01-24 05:30:00
1769233500000,89762.68,89785.59,89751.33,89778.99,23.48809482,2026-01-24 05:45:00
1769234400000,89778.99,89787.26,89723.45,89745.57,132.33703045,2026-01-24 06:00:00
1769235300000,89745.57,89745.57,89627.78,89652.24,142.48507217,2026-01-24 06:15:00
1769236200000,89652.24,89680.19,89644.46,89674.33,51.24728378,2026-01-24 06:30:00
1769237100000,89674.33,89682.99,89640.12,89651.95,75.75964511,2026-01-24 06:45:00
1769238000000,89651.95,89660.89,89631.86,89660.22,28.29781987,2026-01-24 07:00:00
1769238900000,89660.22,89660.66,89574.71,89608.25,106.94417466,2026-01-24 07:15:00
1769239800000,89608.25,89661.28,89602.24,89660.82,24.27419942,2026-01-24 07:30:00
1769240700000,89660.82,89699.08,89604.23,89623.21,79.31358197,2026-01-24 07:45:00
1769241600000,89623.21,89645.73,89585.87,89619.79,92.8991862,2026-01-24 08:00:00
1769242500000,89619.79,89620.31,89618.52,89619.0,15.7481285,2026-01-24 08:15:00
1769243400000,89619.0,89667.52,89618.54,89666.12,37.72689632,2026-01-24 08:30:00
1769244300000,89666.12,89689.28,89636.12,89664.01,60.42393966,2026-01-24 08:45:00
1769245200000,89664.01,89664.02,89621.54,89644.05,29.37900913,2026-01-24 09:00:00
1769246100000,89644.05,89644.06,89612.38,89623.63,23.4528626,2026-01-24 09:15:00
1769247000000,89623.63,89624.27,89600.26,89616.93,62.54954976,2026-01-24 09:30:00
1769247900000,89616.93,89616.94,89599.83,89603.89,16.03465313,2026-01-24 09:45:00
1769248800000,89603.89,89660.09,89602.8,89632.34,24.94824463,2026-01-24 10:00:00
1769249700000,89632.34,89633.21,89622.92,89623.47,12.08626923,2026-01-24 10:15:00
1769250600000,89623.47,89633.53,89578.3,89605.53,32.09865062,2026-01-24 10:30:00
1769251500000,89605.53,89638.93,89605.51,89629.07,18.75793938,2026-01-24 10:45:00
1769252400000,89629.07,89630.44,89612.31,89612.56,23.1985161,2026-01-24 11:00:00
1769253300000,89612.56,89658.1,89612.11,89635.93,33.9761952,2026-01-24 11:15:00
1769254200000,89635.93,89676.43,89623.42,89657.81,29.99538481,2026-01-24 11:30:00
1769255100000,89657.81,89657.91,89599.47,89599.91,21.09435281,2026-01-24 11:45:00
1769256000000,89599.91,89599.91,89544.3,89544.75,37.60291562,2026-01-24 12:00:00
1769256900000,89544.75,89569.42,89544.43,89554.73,23.62791213,2026-01-24 12:15:00
1769257800000,89554.73,89588.06,89490.39,89540.4,65.50595125,2026-01-24 12:30:00
1769258700000,89540.4,89553.2,89525.29,89546.01,63.54713081,2026-01-24 12:45:00
1769259600000,89546.01,89551.7,89531.26,89539.98,32.87865026,2026-01-24 13:00:00
1769260500000,89539.98,89544.79,89538.0,89538.01,52.95183134,2026-01-24 13:15:00
1769261400000,89538.01,89541.55,89529.0,89540.53,21.70428962,2026-01-24 13:30:00
1769262300000,89540.53,89541.43,89375.0,89375.0,38.47379631,2026-01-24 13:45:00
1769263200000,89375.0,89496.84,89171.59,89474.26,187.85318857,2026-01-24 14:00:00
1769264100000,89474.26,89482.11,89435.47,89475.99,37.5147101,2026-01-24 14:15:00
1769265000000,89475.99,89525.79,89444.92,89515.0,58.47223751,2026-01-24 14:30:00
1769265900000,89515.0,89515.01,89452.1,89461.0,69.74556877,2026-01-24 14:45:00
1769266800000,89461.0,89497.09,89423.43,89474.93,152.05545365,2026-01-24 15:00:00
1769267700000,89474.93,89474.93,89392.35,89399.35,114.98371664,2026-01-24 15:15:00
1769268600000,89399.35,89434.66,89335.59,89350.54,34.76757873,2026-01-24 15:30:00
1769269500000,89350.54,89361.83,89265.29,89279.81,32.78520437,2026-01-24 15:45:00
1769270400000,89279.81,89370.14,89193.01,89251.14,109.70968732,2026-01-24 16:00:00
1769271300000,89251.14,89272.0,89161.69,89263.78,40.18233493,2026-01-24 16:15:00
1769272200000,89263.78,89270.07,89192.78,89224.05,24.37838192,2026-01-24 16:30:00
1769273100000,89224.05,89320.62,89182.15,89293.56,39.65870443,2026-01-24 16:45:00
1769274000000,89293.56,89400.0,89259.21,89375.13,41.2776501,2026-01-24 17:00:00
1769274900000,89375.13,89418.94,89345.0,89410.63,22.94665329,2026-01-24 17:15:00
1769275800000,89410.63,89411.08,89334.46,89336.14,40.91111228,2026-01-24 17:30:00
1769276700000,89336.14,89410.08,89318.98,89410.0,24.17446044,2026-01-24 17:45:00
1769277600000,89410.0,89427.05,89386.59,89420.47,25.93742477,2026-01-24 18:00:00
1769278500000,89420.47,89434.92,89401.93,89430.43,19.56360126,2026-01-24 18:15:00
1769279400000,89430.43,89465.29,89415.67,89416.14,22.01747096,2026-01-24 18:30:00
1769280300000,89416.14,89431.35,89397.58,89398.32,12.96901435,2026-01-24 18:45:00
1769281200000,89398.32,89398.65,89317.15,89319.96,17.37173285,2026-01-24 19:00:00
1769282100000,89319.96,89320.42,89277.78,89299.48,21.00733998,2026-01-24 19:15:00
1769283000000,89299.48,89340.27,89292.74,89339.15,39.12635147,2026-01-24 19:30:00
1769283900000,89339.15,89366.97,89313.85,89335.67,25.4562402,2026-01-24 19:45:00
1769284800000,89335.67,89387.39,89335.23,89378.22,18.00802122,2026-01-24 20:00:00
1769285700000,89378.22,89405.7,89377.39,89404.46,9.92037381,2026-01-24 20:15:00
1769286600000,89404.46,89404.46,89386.13,89388.12,8.37908782,2026-01-24 20:30:00
1769287500000,89388.12,89388.58,89379.1,89380.84,10.6863748,2026-01-24 20:45:00
1769288400000,89380.84,89381.29,89271.16,89288.72,32.09594345,2026-01-24 21:00:00
1769289300000,89288.72,89342.24,89283.19,89330.11,18.37536205,2026-01-24 21:15:00
1769290200000,89330.11,89368.55,89313.37,89368.55,19.15819654,2026-01-24 21:30:00
1769291100000,89368.55,89388.02,89329.86,89386.46,26.65084067,2026-01-24 21:45:00
1769292000000,89386.46,89488.51,89386.45,89470.24,36.71105919,2026-01-24 22:00:00
1769292900000,89470.24,89496.22,89400.0,89400.29,33.73082979,2026-01-24 22:15:00
1769293800000,89400.29,89401.24,89297.86,89301.77,25.24009968,2026-01-24 22:30:00
1769294700000,89301.77,89431.0,89301.32,89431.0,42.46939153,2026-01-24 22:45:00
1769295600000,89431.0,89475.37,89303.87,89348.4,53.47281077,2026-01-24 23:00:00
1769296500000,89348.4,89390.46,89324.09,89390.43,20.50950614,2026-01-24 23:15:00
1769297400000,89390.43,89390.43,89309.67,89316.29,29.13188567,2026-01-24 23:30:00
1769298300000,89316.29,89337.91,89216.01,89226.88,42.67013235,2026-01-24 23:45:00
1769299200000,89226.88,89275.47,89224.4,89268.7,26.05440216,2026-01-25 00:00:00
1769300100000,89268.7,89301.05,89185.43,89186.6,34.00093781,2026-01-25 00:15:00
1769301000000,89186.6,89274.9,89185.69,89274.88,41.30649566,2026-01-25 00:30:00
1769301900000,89274.88,89317.49,89268.89,89317.49,17.6714088,2026-01-25 00:45:00
1769302800000,89317.49,89322.6,89242.42,89255.11,34.89193185,2026-01-25 01:00:00
1769303700000,89255.11,89268.46,89199.24,89200.55,37.35979625,2026-01-25 01:15:00
1769304600000,89200.55,89200.56,89107.18,89141.52,58.63908183,2026-01-25 01:30:00
1769305500000,89141.52,89204.42,89141.51,89178.36,43.18137339,2026-01-25 01:45:00
1769306400000,89178.36,89275.14,89167.31,89245.18,32.83204428,2026-01-25 02:00:00
1769307300000,89245.18,89245.18,89124.78,89144.54,97.27070296,2026-01-25 02:15:00
1769308200000,89144.54,89203.11,89144.09,89148.62,32.00281074,2026-01-25 02:30:00
1769309100000,89148.62,89177.09,89141.05,89142.81,35.13647827,2026-01-25 02:45:00
1769310000000,89142.81,89180.86,89133.23,89149.53,33.36605718,2026-01-25 03:00:00
1769310900000,89149.53,89149.53,89000.0,89038.66,107.39682325,2026-01-25 03:15:00
1769311800000,89038.66,89038.66,88842.53,88930.37,231.21321641,2026-01-25 03:30:00
1769312700000,88930.37,88989.36,88840.67,88962.83,71.84272987,2026-01-25 03:45:00
1769313600000,88962.83,89029.69,88943.05,89000.0,64.3047724,2026-01-25 04:00:00
1769314500000,89000.0,89005.29,88954.69,88962.75,158.91730964,2026-01-25 04:15:00
1769315400000,88962.75,89094.33,88962.31,89071.93,49.37033509,2026-01-25 04:30:00
1769316300000,89071.93,89087.63,89003.95,89011.4,63.75925431,2026-01-25 04:45:00
1769317200000,89011.4,89050.83,88993.61,89044.88,42.85930332,2026-01-25 05:00:00
1769318100000,89044.88,89049.48,89000.0,89000.0,62.22950593,2026-01-25 05:15:00
1769319000000,89000.0,89000.01,88873.88,88896.25,60.38964614,2026-01-25 05:30:00
1769319900000,88896.25,89004.36,88896.24,88994.65,32.6630333,2026-01-25 05:45:00
1769320800000,88994.65,88995.06,88691.68,88711.57,267.25373038,2026-01-25 06:00:00
1769321700000,88711.57,88847.93,88660.13,88792.36,144.82673023,2026-01-25 06:15:00
1769322600000,88792.36,88888.71,88695.0,88853.45,92.51402167,2026-01-25 06:30:00
1769323500000,88853.45,88874.41,88844.39,88847.39,36.5575676,2026-01-25 06:45:00
1769324400000,88847.39,88847.39,88732.36,88732.78,88.219347,2026-01-25 07:00:00
1769325300000,88732.78,88789.06,88732.78,88788.27,34.06336187,2026-01-25 07:15:00
1769326200000,88788.27,88788.52,88721.84,88722.99,49.83867301,2026-01-25 07:30:00
1769327100000,88722.99,88723.81,88614.76,88661.88,78.12684364,2026-01-25 07:45:00
1769328000000,88661.88,88762.44,88635.62,88726.89,41.31732007,2026-01-25 08:00:00
1769328900000,88726.89,88727.84,88682.65,88682.67,41.49877823,2026-01-25 08:15:00
1769329800000,88682.67,88683.56,88188.63,88315.36,141.27645211,2026-01-25 08:30:00
1769330700000,88315.36,88345.01,88133.72,88301.77,102.88856679,2026-01-25 08:45:00
1769331600000,88301.77,88388.05,88238.31,88356.69,96.72346514,2026-01-25 09:00:00
1769332500000,88356.69,88469.07,88330.85,88468.58,50.9160842,2026-01-25 09:15:00
1769333400000,88468.58,88492.25,88339.34,88491.81,78.06516228,2026-01-25 09:30:00
1769334300000,88491.81,88492.56,88376.38,88400.41,40.1829675,2026-01-25 09:45:00
1769335200000,88400.41,88524.77,88400.41,88482.9,51.4063799,2026-01-25 10:00:00
1769336100000,88482.9,88630.3,88482.9,88627.04,119.41449661,2026-01-25 10:15:00
1769337000000,88627.04,88633.0,88529.43,88616.53,55.91277157,2026-01-25 10:30:00
1769337900000,88616.53,88673.54,88538.72,88660.5,79.53445733,2026-01-25 10:45:00
1769338800000,88660.5,88660.5,88572.16,88607.1,51.61889845,2026-01-25 11:00:00
1769339700000,88607.1,88674.05,88600.78,88674.05,39.97747075,2026-01-25 11:15:00
1769340600000,88674.05,88714.42,88596.45,88607.3,52.42786914,2026-01-25 11:30:00
1769341500000,88607.3,88628.89,88532.34,88568.98,45.32890903,2026-01-25 11:45:00
1769342400000,88568.98,88649.46,88448.28,88637.79,81.90256267,2026-01-25 12:00:00
1769343300000,88637.79,88777.72,88541.15,88693.36,132.75241309,2026-01-25 12:15:00
1769344200000,88693.36,88768.09,88675.25,88762.9,48.71438649,2026-01-25 12:30:00
1769345100000,88762.9,88813.14,88714.16,88795.84,61.61701154,2026-01-25 12:45:00
1769346000000,88795.84,88852.29,88742.03,88742.48,68.97555222,2026-01-25 13:00:00
1769346900000,88742.48,88836.49,88696.39,88697.01,54.69361209,2026-01-25 13:15:00
1769347800000,88697.01,88852.44,88650.54,88842.63,71.70734335,2026-01-25 13:30:00
1769348700000,88842.63,88975.27,88834.01,88921.76,105.85568496,2026-01-25 13:45:00
1769349600000,88921.76,88941.26,88809.09,88883.37,71.64044846,2026-01-25 14:00:00
1769350500000,88883.37,88938.79,88620.39,88717.96,109.31888426,2026-01-25 14:15:00
1769351400000,88717.96,88737.55,88621.5,88682.65,76.1458119,2026-01-25 14:30:00
1769352300000,88682.65,88707.53,88623.9,88706.62,34.61253292,2026-01-25 14:45:00
1769353200000,88706.62,88768.08,88676.85,88744.99,38.76626983,2026-01-25 15:00:00
1769354100000,88744.99,88749.04,88617.54,88741.54,123.79263487,2026-01-25 15:15:00
1769355000000,88741.54,88741.54,88657.66,88680.47,42.747849,2026-01-25 15:30:00
1769355900000,88680.47,88680.87,88374.77,88444.39,143.3450809,2026-01-25 15:45:00
1769356800000,88444.39,88446.71,87900.0,87923.05,189.56718028,2026-01-25 16:00:00
1769357700000,87923.05,88125.76,87574.59,88063.8,310.03798451,2026-01-25 16:15:00
1769358600000,88063.8,88152.58,87753.26,87913.77,254.2381416,2026-01-25 16:30:00
1769359500000,87913.77,88120.68,87800.01,88077.5,130.75097325,2026-01-25 16:45:00
1769360400000,88077.5,88110.57,87847.2,87864.55,107.12776404,2026-01-25 17:00:00
1769361300000,87864.55,88023.69,87767.69,87893.1,154.60293837,2026-01-25 17:15:00
1769362200000,87893.1,87998.29,87767.24,87997.59,95.73839144,2026-01-25 17:30:00
1769363100000,87997.59,87997.59,87824.01,87891.36,85.33807446,2026-01-25 17:45:00
1769364000000,87891.36,87985.93,87511.14,87701.85,168.12440287,2026-01-25 18:00:00
1769364900000,87701.85,87899.0,87425.08,87526.21,205.30572938,2026-01-25 18:15:00
1769365800000,87526.21,87594.32,86870.0,87083.02,332.36798741,2026-01-25 18:30:00
1769366700000,87083.02,87479.56,86996.39,87425.17,251.81857551,2026-01-25 18:45:00
1769367600000,87425.17,87510.02,87210.79,87293.06,172.28438115,2026-01-25 19:00:00
1769368500000,87293.06,87321.47,86430.9,86481.3,325.40297086,2026-01-25 19:15:00
1769369400000,86481.3,86835.42,86300.0,86709.05,197.54905652,2026-01-25 19:30:00
1769370300000,86709.05,86709.06,86193.21,86496.64,333.21709438,2026-01-25 19:45:00
1769371200000,86496.64,86720.52,86375.47,86427.46,190.91059439,2026-01-25 20:00:00
1769372100000,86427.46,86529.75,86275.73,86486.65,197.84517913,2026-01-25 20:15:00
1769373000000,86486.65,86511.47,86237.2,86328.46,139.14688011,2026-01-25 20:30:00
1769373900000,86328.46,86694.2,86264.86,86654.48,179.85209543,2026-01-25 20:45:00
1769374800000,86654.48,86936.15,86628.78,86936.1,170.76679002,2026-01-25 21:00:00
1769375700000,86936.1,87000.0,86830.38,86975.13,104.91850876,2026-01-25 21:15:00
1769376600000,86975.13,86986.84,86395.82,86540.0,161.6097133,2026-01-25 21:30:00
1769377500000,86540.0,86667.98,86498.31,86568.14,138.61481051,2026-01-25 21:45:00
1769378400000,86568.14,86597.56,86347.76,86513.35,180.19664948,2026-01-25 22:00:00
1769379300000,86513.35,86528.78,86257.94,86320.07,154.59715866,2026-01-25 22:15:00
1769380200000,86320.07,86688.03,86216.46,86637.87,243.84973432,2026-01-25 22:30:00
1769381100000,86637.87,86638.74,86294.06,86523.46,153.87463479,2026-01-25 22:45:00
1769382000000,86523.46,86586.0,86075.0,86387.02,261.56945035,2026-01-25 23:00:00
1769382900000,86387.02,86727.89,86233.87,86493.26,221.05614193,2026-01-25 23:15:00
1769383800000,86493.26,86590.6,86263.46,86426.95,175.57330515,2026-01-25 23:30:00
1769384700000,86426.95,86796.25,86426.95,86673.19,151.05191142,2026-01-25 23:45:00
1769385600000,86673.19,87099.19,86631.12,87052.13,210.60868011,2026-01-26 00:00:00
1769386500000,87052.13,87170.92,86789.37,86859.81,202.39625107,2026-01-26 00:15:00
1769387400000,86859.81,86878.68,86600.66,86632.78,96.45771209,2026-01-26 00:30:00
1769388300000,86632.78,86988.84,86507.1,86854.2,167.409127,2026-01-26 00:45:00
1769389200000,86854.2,87444.55,86814.22,87267.8,193.25237914,2026-01-26 01:00:00
1769390100000,87267.8,87777.08,87267.22,87635.13,190.92488286,2026-01-26 01:15:00
1769391000000,87635.13,87753.26,87580.94,87686.62,156.40499957,2026-01-26 01:30:00
1769391900000,87686.62,87809.2,87514.74,87698.24,235.51770996,2026-01-26 01:45:00
1769392800000,87698.24,87698.69,87451.23,87518.61,184.80297333,2026-01-26 02:00:00
1769393700000,87518.61,87932.0,87503.49,87911.57,248.5941982,2026-01-26 02:15:00
1769394600000,87911.57,87965.04,87611.02,87621.02,265.24432963,2026-01-26 02:30:00
1769395500000,87621.02,87678.51,87500.0,87559.16,229.70587581,2026-01-26 02:45:00
1769396400000,87559.16,87686.75,87487.26,87569.52,200.17161404,2026-01-26 03:00:00
1769397300000,87569.52,87593.06,87440.48,87443.63,286.55261713,2026-01-26 03:15:00
1769398200000,87443.63,87474.38,87284.1,87355.23,250.92961446,2026-01-26 03:30:00
1769399100000,87355.23,87373.5,87091.84,87282.58,262.38592649,2026-01-26 03:45:00
1769400000000,87282.58,87548.54,87241.62,87467.5,233.25479582,2026-01-26 04:00:00
1769400900000,87467.5,87863.3,87464.41,87860.8,348.05196026,2026-01-26 04:15:00
1769401800000,87860.8,87961.09,87768.16,87768.16,241.18914631,2026-01-26 04:30:00
1769402700000,87768.16,87849.48,87709.7,87733.05,121.16992539,2026-01-26 04:45:00
1769403600000,87733.05,87811.88,87668.12,87689.82,91.07364887,2026-01-26 05:00:00
1769404500000,87689.82,87867.1,87689.82,87865.0,117.83665139,2026-01-26 05:15:00
1769405400000,87865.0,87924.67,87761.97,87840.82,226.83595455,2026-01-26 05:30:00
1769406300000,87840.82,87958.83,87772.81,87828.98,257.08596618,2026-01-26 05:45:00
1769407200000,87828.98,87925.5,87761.54,87763.53,251.3586436,2026-01-26 06:00:00
1769408100000,87763.53,87998.63,87763.08,87929.96,237.83711002,2026-01-26 06:15:00
1769409000000,87929.96,87983.17,87849.62,87967.65,112.46005339,2026-01-26 06:30:00
1769409900000,87967.65,88033.03,87853.71,87941.84,166.03472809,2026-01-26 06:45:00
1769410800000,87941.84,88011.51,87845.62,88011.51,147.88344858,2026-01-26 07:00:00
1769411700000,88011.51,88074.17,87774.44,87783.94,169.6061014,2026-01-26 07:15:00
1769412600000,87783.94,88021.08,87689.9,87928.32,217.05497735,2026-01-26 07:30:00
1769413500000,87928.32,88054.51,87868.89,88010.74,172.79705007,2026-01-26 07:45:00
1769414400000,88010.74,88178.54,87919.29,87919.29,203.20752282,2026-01-26 08:00:00
1769415300000,87919.29,88393.63,87839.51,88199.74,165.66852274,2026-01-26 08:15:00
1769416200000,88199.74,88231.78,88026.41,88057.12,95.81532139,2026-01-26 08:30:00
1769417100000,88057.12,88094.16,87965.83,87977.67,104.08171894,2026-01-26 08:45:00
1769418000000,87977.67,88001.91,87736.29,87824.81,165.60762601,2026-01-26 09:00:00
1769418900000,87824.81,87860.51,87730.19,87820.0,104.79780426,2026-01-26 09:15:00
1769419800000,87820.0,87826.82,87673.75,87767.26,128.24830691,2026-01-26 09:30:00
1769420700000,87767.26,87815.98,87600.01,87661.23,133.59400022,2026-01-26 09:45:00
1769421600000,87661.23,87909.52,87656.59,87840.21,92.83522346,2026-01-26 10:00:00
1769422500000,87840.21,87941.18,87792.28,87908.34,61.87396558,2026-01-26 10:15:00
1769423400000,87908.34,87948.17,87846.72,87886.4,51.25681688,2026-01-26 10:30:00
1769424300000,87886.4,87948.32,87883.95,87893.74,40.90994245,2026-01-26 10:45:00
1769425200000,87893.74,87978.89,87893.74,87970.96,54.91761882,2026-01-26 11:00:00
1769426100000,87970.96,87977.28,87790.43,87790.88,103.67166301,2026-01-26 11:15:00
1769427000000,87790.88,87879.89,87763.16,87848.0,68.68240809,2026-01-26 11:30:00
1769427900000,87848.0,87855.2,87795.47,87851.98,47.73419761,2026-01-26 11:45:00
1769428800000,87851.98,87970.23,87733.15,87880.42,93.08677753,2026-01-26 12:00:00
1769429700000,87880.42,87941.61,87838.27,87888.13,75.29831405,2026-01-26 12:15:00
1769430600000,87888.13,87893.44,87732.37,87767.12,100.90818439,2026-01-26 12:30:00
1769431500000,87767.12,87839.04,87761.12,87796.55,43.20021534,2026-01-26 12:45:00
1769432400000,87796.55,87862.73,87686.1,87830.94,117.2743633,2026-01-26 13:00:00
1769433300000,87830.94,87952.74,87809.97,87895.33,175.64125987,2026-01-26 13:15:00
1769434200000,87895.33,88060.24,87870.42,88013.37,235.73431446,2026-01-26 13:30:00
1769435100000,88013.37,88018.57,87933.94,87961.83,107.77299422,2026-01-26 13:45:00
1769436000000,87961.83,88011.12,87655.83,87689.18,249.79210114,2026-01-26 14:00:00
1769436900000,87689.18,87849.76,87633.83,87675.78,174.50143246,2026-01-26 14:15:00
1769437800000,87675.78,88499.99,87461.49,88141.52,406.46098727,2026-01-26 14:30:00
1769438700000,88141.52,88292.79,87836.34,88186.03,253.99431924,2026-01-26 14:45:00
1769439600000,88186.03,88773.26,88042.77,88721.15,360.59686351,2026-01-26 15:00:00
1769440500000,88721.15,88865.13,88340.45,88492.78,187.37231755,2026-01-26 15:15:00
1769441400000,88492.78,88492.78,87397.25,87482.22,235.0413777,2026-01-26 15:30:00
1769442300000,87482.22,87718.95,87326.86,87644.3,202.66258526,2026-01-26 15:45:00
1769443200000,87644.3,87783.23,87290.0,87410.19,182.25708833,2026-01-26 16:00:00
1769444100000,87410.19,87950.0,87205.87,87697.4,163.41745144,2026-01-26 16:15:00
1769445000000,87697.4,87792.49,87411.4,87477.8,99.19435382,2026-01-26 16:30:00
1769445900000,87477.8,87912.09,87414.33,87604.85,129.39578667,2026-01-26 16:45:00
1769446800000,87604.85,87791.84,87397.98,87424.52,87.09166724,2026-01-26 17:00:00
1769447700000,87424.52,87537.99,87210.78,87396.64,146.75958587,2026-01-26 17:15:00
1769448600000,87396.64,87602.46,87035.39,87535.99,122.31251184,2026-01-26 17:30:00
1769449500000,87535.99,87749.31,87507.34,87695.86,91.18305981,2026-01-26 17:45:00
1769450400000,87695.86,87860.5,87651.09,87851.1,87.27771401,2026-01-26 18:00:00
1769451300000,87851.1,88123.37,87739.28,88084.81,128.26213641,2026-01-26 18:15:00
1769452200000,88084.81,88336.75,87987.65,88012.33,172.35955389,2026-01-26 18:30:00
1769453100000,88012.33,88407.93,87937.79,88405.24,125.66418908,2026-01-26 18:45:00
1769454000000,88405.24,88540.91,88309.85,88369.55,194.40986386,2026-01-26 19:00:00
1769454900000,88369.55,88418.57,88119.49,88188.13,113.17851773,2026-01-26 19:15:00
1769455800000,88188.13,88340.43,88095.51,88245.28,99.97738014,2026-01-26 19:30:00
1769456700000,88245.28,88273.81,87948.69,88013.73,68.33863079,2026-01-26 19:45:00
1769457600000,88013.73,88121.08,87919.88,87921.22,72.54318766,2026-01-26 20:00:00
1769458500000,87921.22,88013.81,87811.14,87883.6,80.13079863,2026-01-26 20:15:00
1769459400000,87883.6,87905.0,87763.15,87810.6,92.30562379,2026-01-26 20:30:00
1769460300000,87810.6,87845.36,87541.79,87638.16,143.47426301,2026-01-26 20:45:00
1769461200000,87638.16,87844.82,87573.39,87841.3,84.1822065,2026-01-26 21:00:00
1769462100000,87841.3,87942.05,87760.36,87942.03,46.54320387,2026-01-26 21:15:00
1769463000000,87942.03,88245.18,87879.35,88145.37,122.35340656,2026-01-26 21:30:00
1769463900000,88145.37,88161.31,88013.38,88066.21,90.06015098,2026-01-26 21:45:00
1769464800000,88066.21,88155.88,88007.21,88099.44,97.78805836,2026-01-26 22:00:00
1769465700000,88099.44,88138.56,87999.08,88092.05,49.71467348,2026-01-26 22:15:00
1769466600000,88092.05,88271.68,88045.13,88121.81,131.73144067,2026-01-26 22:30:00
1769467500000,88121.81,88255.63,88117.21,88138.9,48.26795986,2026-01-26 22:45:00
1769468400000,88138.9,88190.71,88020.02,88188.92,70.84087531,2026-01-26 23:00:00
1769469300000,88188.92,88461.56,88132.88,88461.46,133.29191323,2026-01-26 23:15:00
1769470200000,88461.46,88660.12,88461.46,88552.39,120.44944931,2026-01-26 23:30:00
1769471100000,88552.39,88568.17,88340.42,88347.52,110.56957397,2026-01-26 23:45:00
1769472000000,88347.52,88415.57,88190.73,88238.29,100.10675856,2026-01-27 00:00:00
1769472900000,88238.29,88456.73,88222.45,88394.82,62.63081156,2026-01-27 00:15:00
1769473800000,88394.82,88394.82,88263.12,88300.82,83.01548878,2026-01-27 00:30:00
1769474700000,88300.82,88398.58,88242.81,88355.8,41.69633169,2026-01-27 00:45:00
1769475600000,88355.8,88355.8,88192.34,88267.21,71.52861717,2026-01-27 01:00:00
1769476500000,88267.21,88460.29,88236.33,88440.81,66.71319664,2026-01-27 01:15:00
1769477400000,88440.81,88701.44,88407.58,88630.15,117.58042888,2026-01-27 01:30:00
1769478300000,88630.15,88690.58,88508.14,88549.93,68.88722095,2026-01-27 01:45:00
1769479200000,88549.93,88792.09,88549.93,88693.54,145.2217611,2026-01-27 02:00:00
1769480100000,88693.54,88726.69,88551.67,88554.21,45.64285744,2026-01-27 02:15:00
1769481000000,88554.21,88809.96,88554.21,88739.24,122.63898783,2026-01-27 02:30:00
1769481900000,88739.24,88861.11,88709.52,88831.9,124.04793655,2026-01-27 02:45:00
1769482800000,88831.9,88900.79,88584.62,88631.27,162.44346694,2026-01-27 03:00:00
1769483700000,88631.27,88743.65,88586.05,88740.75,126.80247457,2026-01-27 03:15:00
1769484600000,88740.75,88831.8,88683.91,88812.81,111.19488652,2026-01-27 03:30:00
1769485500000,88812.81,88812.82,88718.55,88788.81,75.35432541,2026-01-27 03:45:00
1769486400000,88788.81,89000.0,88693.1,88821.51,184.40196411,2026-01-27 04:00:00
1769487300000,88821.51,88900.85,88774.06,88843.07,99.47472272,2026-01-27 04:15:00
1769488200000,88843.07,88844.86,88687.16,88691.7,49.55281138,2026-01-27 04:30:00
1769489100000,88691.7,88704.36,88511.27,88581.43,127.51006725,2026-01-27 04:45:00
1769490000000,88581.43,88601.84,88424.56,88455.74,62.85863779,2026-01-27 05:00:00
1769490900000,88455.74,88501.61,88396.89,88496.31,54.4072696,2026-01-27 05:15:00
1769491800000,88496.31,88551.44,88484.47,88484.47,71.5803594,2026-01-27 05:30:00
1769492700000,88484.47,88554.0,88413.72,88456.81,98.50711718,2026-01-27 05:45:00
1769493600000,88456.81,88532.03,88430.94,88498.49,133.0933893,2026-01-27 06:00:00
1769494500000,88498.49,88501.58,88390.91,88391.08,33.71127542,2026-01-27 06:15:00
1769495400000,88391.08,88394.16,88291.09,88291.11,78.1336475,2026-01-27 06:30:00
1769496300000,88291.11,88343.26,88278.55,88333.73,44.66688717,2026-01-27 06:45:00
1769497200000,88333.73,88504.48,88332.99,88497.13,75.65572294,2026-01-27 07:00:00
1769498100000,88497.13,88527.21,88414.22,88527.21,64.08629,2026-01-27 07:15:00
1769499000000,88527.21,88558.89,88450.87,88453.2,92.3494535,2026-01-27 07:30:00
1769499900000,88453.2,88454.97,88304.58,88320.74,102.81599241,2026-01-27 07:45:00
1769500800000,88320.74,88390.39,88300.0,88368.98,57.92812833,2026-01-27 08:00:00
1769501700000,88368.98,88398.56,88211.28,88233.88,71.47319093,2026-01-27 08:15:00
1769502600000,88233.88,88311.17,88192.38,88225.21,63.69603116,2026-01-27 08:30:00
1769503500000,88225.21,88227.2,88119.68,88168.76,85.64011135,2026-01-27 08:45:00
1769504400000,88168.76,88168.77,87994.01,88003.84,145.46439604,2026-01-27 09:00:00
1769505300000,88003.84,88073.76,87968.74,87981.35,75.38327442,2026-01-27 09:15:00
1769506200000,87981.35,88055.02,87917.93,88023.45,149.06472117,2026-01-27 09:30:00
1769507100000,88023.45,88051.87,87863.86,87883.77,103.27019367,2026-01-27 09:45:00
1769508000000,87883.77,88054.8,87871.32,87992.13,76.32261514,2026-01-27 10:00:00
1769508900000,87992.13,88054.15,87985.22,87987.0,66.41338852,2026-01-27 10:15:00
1769509800000,87987.0,87987.01,87812.35,87826.97,62.30343331,2026-01-27 10:30:00
1769510700000,87826.97,87858.65,87743.0,87787.86,125.36043011,2026-01-27 10:45:00
1769511600000,87787.86,87902.24,87742.75,87884.49,66.33239824,2026-01-27 11:00:00
1769512500000,87884.49,87915.68,87802.32,87876.91,79.72357191,2026-01-27 11:15:00
1769513400000,87876.91,88062.97,87873.88,88060.01,103.69641077,2026-01-27 11:30:00
1769514300000,88060.01,88100.06,88000.0,88010.43,109.20721726,2026-01-27 11:45:00
1769515200000,88010.43,88103.72,87963.68,88100.29,165.03438524,2026-01-27 12:00:00
1769516100000,88100.29,88169.16,88045.04,88050.81,144.02027894,2026-01-27 12:15:00
1769517000000,88050.81,88076.19,88004.69,88018.0,163.22115619,2026-01-27 12:30:00
1769517900000,88018.0,88046.33,87954.62,87985.09,80.49820228,2026-01-27 12:45:00
1769518800000,87985.09,88009.38,87907.01,87940.0,76.82180517,2026-01-27 13:00:00
1769519700000,87940.0,87947.2,87802.8,87835.0,182.16969203,2026-01-27 13:15:00
1769520600000,87835.0,88079.41,87802.81,88054.72,120.79314476,2026-01-27 13:30:00
1769521500000,88054.72,88054.74,87878.02,87982.21,56.47591488,2026-01-27 13:45:00
1769522400000,87982.21,88300.19,87951.31,88298.48,158.48471639,2026-01-27 14:00:00
1769523300000,88298.48,88473.08,88192.18,88262.82,162.17943738,2026-01-27 14:15:00
1769524200000,88262.82,88342.91,87670.91,87689.8,205.27399639,2026-01-27 14:30:00
1769525100000,87689.8,87947.59,87663.14,87746.88,178.86065055,2026-01-27 14:45:00
1769526000000,87746.88,88199.53,87578.58,87986.3,168.41210757,2026-01-27 15:00:00
1769526900000,87986.3,88029.43,87629.68,87631.51,132.10032367,2026-01-27 15:15:00
1769527800000,87631.51,87849.48,87612.67,87702.41,161.16411363,2026-01-27 15:30:00
1769528700000,87702.41,88068.09,87700.75,88047.81,200.96291774,2026-01-27 15:45:00
1769529600000,88047.81,88698.22,88000.6,88432.79,326.02891364,2026-01-27 16:00:00
1769530500000,88432.79,88605.97,88297.76,88361.41,244.32936286,2026-01-27 16:15:00
1769531400000,88361.41,88800.0,88361.41,88736.97,177.6066274,2026-01-27 16:30:00
1769532300000,88736.97,88820.87,88614.72,88631.78,144.41543373,2026-01-27 16:45:00
1769533200000,88631.78,88700.84,87960.88,88016.59,197.08717623,2026-01-27 17:00:00
1769534100000,88016.59,88019.14,87603.09,87885.18,260.62620365,2026-01-27 17:15:00
1769535000000,87885.18,87993.33,87318.5,87361.92,197.13841251,2026-01-27 17:30:00
1769535900000,87361.92,87560.36,87310.0,87546.45,171.37259787,2026-01-27 17:45:00
1769536800000,87546.45,87865.57,87447.5,87671.87,190.45405662,2026-01-27 18:00:00
1769537700000,87671.87,87960.0,87671.86,87865.71,304.17315129,2026-01-27 18:15:00
1769538600000,87865.71,87960.1,87746.42,87834.45,105.84964515,2026-01-27 18:30:00
1769539500000,87834.45,88512.91,87834.45,88279.56,155.33631376,2026-01-27 18:45:00
1769540400000,88279.56,88325.87,88045.97,88220.24,141.36525362,2026-01-27 19:00:00
1769541300000,88220.24,88379.04,88178.08,88246.96,115.67314525,2026-01-27 19:15:00
1769542200000,88246.96,88547.77,88178.42,88530.43,79.13342127,2026-01-27 19:30:00
1769543100000,88530.43,88530.43,88356.75,88410.31,97.14466722,2026-01-27 19:45:00
1769544000000,88410.31,88746.0,88376.69,88734.57,114.99038188,2026-01-27 20:00:00
1769544900000,88734.57,89199.98,88659.21,89148.36,256.16832162,2026-01-27 20:15:00
1769545800000,89148.36,89162.69,88826.01,88944.84,123.98230051,2026-01-27 20:30:00
1769546700000,88944.84,89487.19,88930.78,89399.22,194.51131402,2026-01-27 20:45:00
1769547600000,89399.22,89522.8,89229.41,89392.52,178.38766715,2026-01-27 21:00:00
1769548500000,89392.52,89462.35,89220.67,89249.28,118.75321691,2026-01-27 21:15:00
1769549400000,89249.28,89290.16,89123.39,89210.3,140.2520727,2026-01-27 21:30:00
1769550300000,89210.3,89296.53,89000.0,89078.14,205.22845286,2026-01-27 21:45:00
1769551200000,89078.14,89221.68,89078.14,89146.66,72.50618392,2026-01-27 22:00:00
1769552100000,89146.66,89250.0,89020.28,89167.95,65.02878041,2026-01-27 22:15:00
1769553000000,89167.95,89422.88,89121.72,89331.68,83.27171118,2026-01-27 22:30:00
1769553900000,89331.68,89331.68,89234.5,89241.45,44.41276473,2026-01-27 22:45:00
1769554800000,89241.45,89320.46,89141.59,89318.66,61.85658129,2026-01-27 23:00:00
1769555700000,89318.66,89516.25,89266.11,89500.94,131.5526731,2026-01-27 23:15:00
1769556600000,89500.94,89523.28,89373.23,89418.35,71.81761996,2026-01-27 23:30:00
1769557500000,89418.35,89501.16,89200.76,89248.39,121.71712622,2026-01-27 23:45:00
1769558400000,89248.39,89283.58,89149.4,89246.78,46.6587953,2026-01-28 00:00:00
1769559300000,89246.78,89411.62,89181.26,89318.07,74.64250399,2026-01-28 00:15:00
1769560200000,89318.07,89318.07,89157.15,89201.26,54.06869952,2026-01-28 00:30:00
1769561100000,89201.26,89472.21,89201.08,89472.21,65.83631502,2026-01-28 00:45:00
1769562000000,89472.21,89483.43,89347.99,89381.69,112.87581223,2026-01-28 01:00:00
1769562900000,89381.69,89498.41,89282.8,89327.02,44.10683101,2026-01-28 01:15:00
1769563800000,89327.02,89368.96,89189.64,89363.52,46.20160209,2026-01-28 01:30:00
1769564700000,89363.52,89481.82,89300.68,89402.81,45.74075713,2026-01-28 01:45:00
1769565600000,89402.81,89454.08,89260.35,89281.51,30.16550979,2026-01-28 02:00:00
1769566500000,89281.51,89375.41,89247.65,89335.49,57.12135562,2026-01-28 02:15:00
1769567400000,89335.49,89374.87,89149.12,89153.05,56.45359477,2026-01-28 02:30:00
1769568300000,89153.05,89289.23,89092.63,89282.88,57.36282446,2026-01-28 02:45:00
1769569200000,89282.88,89314.41,89058.18,89080.52,111.36822652,2026-01-28 03:00:00
1769570100000,89080.52,89131.19,89001.62,89068.66,86.13060057,2026-01-28 03:15:00
1769571000000,89068.66,89170.21,89000.0,89077.98,80.28575566,2026-01-28 03:30:00
1769571900000,89077.98,89183.96,89076.46,89126.0,52.89875016,2026-01-28 03:45:00
1769572800000,89126.0,89165.27,88914.3,88942.13,74.96006834,2026-01-28 04:00:00
1769573700000,88942.13,88951.22,88837.34,88951.22,109.83395023,2026-01-28 04:15:00
1769574600000,88951.22,89128.25,88892.59,89017.75,56.65742327,2026-01-28 04:30:00
1769575500000,89017.75,89036.99,88967.55,88978.3,42.0978807,2026-01-28 04:45:00
1769576400000,88978.3,89073.31,88911.57,88912.89,107.25811,2026-01-28 05:00:00
1769577300000,88912.89,88958.37,88845.28,88892.71,40.94383353,2026-01-28 05:15:00
1769578200000,88892.71,89035.0,88871.77,88888.11,81.62413273,2026-01-28 05:30:00
1769579100000,88888.11,89107.44,88888.11,89085.31,71.18914922,2026-01-28 05:45:00
1769580000000,89085.31,89289.89,89085.31,89248.38,99.74169759,2026-01-28 06:00:00
1769580900000,89248.38,89289.41,89189.35,89193.36,74.39422911,2026-01-28 06:15:00
1769581800000,89193.36,89345.42,89121.73,89182.86,73.667579,2026-01-28 06:30:00
1769582700000,89182.86,89400.0,89136.5,89316.31,86.01754227,2026-01-28 06:45:00
1769583600000,89316.31,89382.66,89198.74,89221.89,57.58986419,2026-01-28 07:00:00
1769584500000,89221.89,89299.08,89196.64,89273.18,71.28476033,2026-01-28 07:15:00
1769585400000,89273.18,89273.18,89153.75,89249.85,56.75464693,2026-01-28 07:30:00
1769586300000,89249.85,89293.55,89095.47,89134.18,166.39728192,2026-01-28 07:45:00
1769587200000,89134.18,89260.49,89108.36,89143.9,155.0426984,2026-01-28 08:00:00
1769588100000,89143.9,89166.02,89001.23,89022.5,157.06188111,2026-01-28 08:15:00
1769589000000,89022.5,89120.5,88996.99,89099.08,48.58944746,2026-01-28 08:30:00
1769589900000,89099.08,89099.08,88873.1,88927.38,137.64010084,2026-01-28 08:45:00
1769590800000,88927.38,89010.64,88860.48,88945.6,94.55866888,2026-01-28 09:00:00
1769591700000,88945.6,89022.91,88850.33,88996.4,83.73414351,2026-01-28 09:15:00
1769592600000,88996.4,89444.19,88991.1,89314.68,154.97376056,2026-01-28 09:30:00
1769593500000,89314.68,89576.19,89276.98,89566.69,113.95782964,2026-01-28 09:45:00
1769594400000,89566.69,89630.88,89426.09,89630.88,188.28434305,2026-01-28 10:00:00
1769595300000,89630.88,89710.0,89327.22,89340.9,140.67067272,2026-01-28 10:15:00
1769596200000,89340.9,89509.35,89340.9,89492.18,93.02676637,2026-01-28 10:30:00
1769597100000,89492.18,89512.64,89391.56,89402.24,72.24481231,2026-01-28 10:45:00
1769598000000,89402.24,89469.93,89312.13,89331.27,86.56718804,2026-01-28 11:00:00
1769598900000,89331.27,89465.45,89313.2,89456.6,91.78781155,2026-01-28 11:15:00
1769599800000,89456.6,89673.31,89344.77,89665.88,233.58288681,2026-01-28 11:30:00
1769600700000,89665.88,90143.71,89607.17,90083.39,471.57983264,2026-01-28 11:45:00
1769601600000,90083.39,90175.89,89915.79,89933.89,307.28695604,2026-01-28 12:00:00
1769602500000,89933.89,89990.47,89790.75,89868.74,112.81681006,2026-01-28 12:15:00
1769603400000,89868.74,90000.0,89805.9,89910.0,162.83281008,2026-01-28 12:30:00
1769604300000,89910.0,90046.48,89787.42,89999.29,255.78933968,2026-01-28 12:45:00
1769605200000,89999.29,90358.15,89971.68,90207.04,246.78975352,2026-01-28 13:00:00
1769606100000,90207.04,90288.38,90051.61,90137.73,109.35443198,2026-01-28 13:15:00
1769607000000,90137.73,90482.41,90102.47,90413.37,338.04788151,2026-01-28 13:30:00
1769607900000,90413.37,90469.9,90177.17,90256.5,247.28796879,2026-01-28 13:45:00
1769608800000,90256.5,90258.69,90138.44,90144.76,175.28019058,2026-01-28 14:00:00
1769609700000,90144.76,90180.94,89935.97,90003.46,196.47948456,2026-01-28 14:15:00
1769610600000,90003.46,90148.85,89632.25,89709.67,176.98849553,2026-01-28 14:30:00
1769611500000,89709.67,89773.05,89447.92,89618.97,171.57937873,2026-01-28 14:45:00
1769612400000,89618.97,89851.81,89087.34,89110.57,253.22041755,2026-01-28 15:00:00
1769613300000,89110.57,89344.63,88905.68,89270.07,242.40555663,2026-01-28 15:15:00
1769614200000,89270.07,89535.45,89235.03,89504.12,126.4826093,2026-01-28 15:30:00
1769615100000,89504.12,89638.14,89320.1,89482.82,147.93204284,2026-01-28 15:45:00
1769616000000,89482.82,89528.02,89262.22,89264.62,128.57474168,2026-01-28 16:00:00
1769616900000,89264.62,89756.03,89253.5,89749.42,158.04260189,2026-01-28 16:15:00
1769617800000,89749.42,89831.77,89466.52,89549.13,297.16530311,2026-01-28 16:30:00
1769618700000,89549.13,89751.39,89508.21,89627.73,104.22440649,2026-01-28 16:45:00
1769619600000,89627.73,89794.43,89581.4,89729.24,83.53089503,2026-01-28 17:00:00
1769620500000,89729.24,89747.68,89558.32,89589.93,58.44044359,2026-01-28 17:15:00
1769621400000,89589.93,89972.87,89277.84,89855.49,178.42218066,2026-01-28 17:30:00
1769622300000,89855.49,90595.81,89847.28,90167.65,247.80961494,2026-01-28 17:45:00
1769623200000,90167.65,90176.78,89500.01,89820.63,217.58372269,2026-01-28 18:00:00
1769624100000,89820.63,89947.46,89711.76,89772.7,99.29390359,2026-01-28 18:15:00
1769625000000,89772.7,89818.23,89572.25,89638.11,69.75052675,2026-01-28 18:30:00
1769625900000,89638.11,89667.25,89343.51,89561.15,142.94243742,2026-01-28 18:45:00
1769626800000,89561.15,89754.17,89075.9,89368.89,302.24653811,2026-01-28 19:00:00
1769627700000,89368.89,89634.01,89279.21,89393.3,102.54108018,2026-01-28 19:15:00
1769628600000,89393.3,89560.05,89004.91,89035.14,183.4480312,2026-01-28 19:30:00
1769629500000,89035.14,89599.32,89034.66,89400.62,111.62436247,2026-01-28 19:45:00
1769630400000,89400.62,89626.73,89344.46,89584.89,67.76345881,2026-01-28 20:00:00
1769631300000,89584.89,89899.37,89468.55,89790.95,168.36346946,2026-01-28 20:15:00
1769632200000,89790.95,89793.41,89163.97,89239.19,159.14945526,2026-01-28 20:30:00
1769633100000,89239.19,89252.14,89006.43,89091.09,116.75019582,2026-01-28 20:45:00
1769634000000,89091.09,89209.59,88875.54,89209.59,144.59437001,2026-01-28 21:00:00
1769634900000,89209.59,89280.45,89147.12,89177.53,58.26649313,2026-01-28 21:15:00
1769635800000,89177.53,89494.79,89067.8,89427.62,95.06332628,2026-01-28 21:30:00
1769636700000,89427.62,89480.23,89322.36,89408.7,54.1810191,2026-01-28 21:45:00
1769637600000,89408.7,89480.28,89269.11,89288.03,61.03434094,2026-01-28 22:00:00
1769638500000,89288.03,89288.03,89134.2,89286.76,46.29973147,2026-01-28 22:15:00
1769639400000,89286.76,89309.28,89189.03,89258.86,33.18935288,2026-01-28 22:30:00
1769640300000,89258.86,89414.08,89258.86,89391.59,40.1001854,2026-01-28 22:45:00
1769641200000,89391.59,89457.18,89346.58,89347.23,68.10380018,2026-01-28 23:00:00
1769642100000,89347.23,89472.32,89263.74,89298.62,43.00163512,2026-01-28 23:15:00
1769643000000,89298.62,89342.71,89207.66,89315.13,65.1666084,2026-01-28 23:30:00
1769643900000,89315.13,89410.94,89231.93,89300.59,78.80370233,2026-01-28 23:45:00
1769644800000,89300.59,89352.6,89099.06,89099.25,109.6208281,2026-01-29 00:00:00
1769645700000,89099.25,89153.41,89004.0,89032.13,134.09442496,2026-01-29 00:15:00
1769646600000,89032.13,89149.66,88958.91,88968.91,84.98845729,2026-01-29 00:30:00
1769647500000,88968.91,89153.06,88895.73,89142.37,94.3460467,2026-01-29 00:45:00
1769648400000,89142.37,89158.31,89008.0,89095.18,54.57062366,2026-01-29 01:00:00
1769649300000,89095.18,89107.13,88610.01,88835.72,111.66439228,2026-01-29 01:15:00
1769650200000,88835.72,88899.7,88734.76,88835.45,101.44711035,2026-01-29 01:30:00
1769651100000,88835.45,88900.19,88544.79,88603.76,244.04681482,2026-01-29 01:45:00
1769652000000,88603.76,88760.0,88488.0,88692.3,107.62632467,2026-01-29 02:00:00
1769652900000,88692.3,88729.98,88567.24,88611.89,116.18314286,2026-01-29 02:15:00
1769653800000,88611.89,88615.54,88050.42,88150.41,253.50663051,2026-01-29 02:30:00
1769654700000,88150.41,88150.41,87697.08,87905.61,227.85220135,2026-01-29 02:45:00
1769655600000,87905.61,88271.02,87772.22,88074.91,303.90462611,2026-01-29 03:00:00
1769656500000,88074.91,88203.39,87989.71,88049.16,212.01942822,2026-01-29 03:15:00
1769657400000,88049.16,88133.88,87957.63,88133.83,128.39756406,2026-01-29 03:30:00
1769658300000,88133.83,88171.1,87987.89,88051.79,116.65784504,2026-01-29 03:45:00
1769659200000,88051.79,88109.21,87960.0,87980.58,86.94433963,2026-01-29 04:00:00
1769660100000,87980.58,88074.78,87898.04,88067.45,98.0688733,2026-01-29 04:15:00
1769661000000,88067.45,88240.19,88067.45,88165.1,54.7824457,2026-01-29 04:30:00
1769661900000,88165.1,88346.09,88161.36,88316.35,84.2316004,2026-01-29 04:45:00
1769662800000,88316.35,88411.06,88269.6,88315.26,68.9691892,2026-01-29 05:00:00
1769663700000,88315.26,88350.28,88192.25,88209.87,45.14352377,2026-01-29 05:15:00
1769664600000,88209.87,88369.6,88203.44,88308.32,175.90037532,2026-01-29 05:30:00
1769665500000,88308.32,88317.04,88137.59,88185.27,68.95334232,2026-01-29 05:45:00
1769666400000,88185.27,88312.88,88164.18,88247.48,107.22041565,2026-01-29 06:00:00
1769667300000,88247.48,88305.81,88190.0,88281.92,85.67637759,2026-01-29 06:15:00
1769668200000,88281.92,88340.0,88259.35,88331.72,75.81286843,2026-01-29 06:30:00
1769669100000,88331.72,88342.44,88255.52,88320.85,55.51276421,2026-01-29 06:45:00
1769670000000,88320.85,88393.23,88297.92,88330.35,74.38363285,2026-01-29 07:00:00
1769670900000,88330.35,88349.62,88242.61,88265.65,107.62949527,2026-01-29 07:15:00
1769671800000,88265.65,88368.69,88247.09,88335.79,125.99600028,2026-01-29 07:30:00
1769672700000,88335.79,88429.66,88269.02,88352.53,235.61804052,2026-01-29 07:45:00
1769673600000,88352.53,88352.54,87950.01,87950.01,269.68040386,2026-01-29 08:00:00
1769674500000,87950.01,88473.84,87902.2,88452.95,173.12143442,2026-01-29 08:15:00
1769675400000,88452.95,88496.61,88101.0,88124.89,231.44075005,2026-01-29 08:30:00
1769676300000,88124.89,88208.53,87955.66,88065.46,162.82659038,2026-01-29 08:45:00
1769677200000,88065.46,88165.29,87990.16,87999.97,94.46723539,2026-01-29 09:00:00
1769678100000,87999.97,88080.39,87997.13,88034.82,69.87590434,2026-01-29 09:15:00
1769679000000,88034.82,88136.66,87970.09,88028.36,109.15241055,2026-01-29 09:30:00
1769679900000,88028.36,88028.48,87888.64,87890.3,123.32214387,2026-01-29 09:45:00
1769680800000,87890.3,87983.36,87846.31,87932.44,183.04347187,2026-01-29 10:00:00
1769681700000,87932.44,87989.14,87890.49,87953.46,148.39479325,2026-01-29 10:15:00
1769682600000,87953.46,87971.7,87906.45,87917.12,68.96096695,2026-01-29 10:30:00
1769683500000,87917.12,88008.66,87831.95,87951.47,232.69413567,2026-01-29 10:45:00
1769684400000,87951.47,88072.06,87831.31,88023.61,97.76543754,2026-01-29 11:00:00
1769685300000,88023.61,88037.62,87775.28,87788.22,155.25681098,2026-01-29 11:15:00
1769686200000,87788.22,87904.01,87761.52,87794.59,178.79170579,2026-01-29 11:30:00
1769687100000,87794.59,87872.47,87742.38,87844.74,116.26543269,2026-01-29 11:45:00
1769688000000,87844.74,88059.88,87816.12,88020.0,223.77959023,2026-01-29 12:00:00
1769688900000,88020.0,88106.69,87939.25,87939.27,141.86075055,2026-01-29 12:15:00
1769689800000,87939.27,88074.82,87844.74,88000.94,89.78657693,2026-01-29 12:30:00
1769690700000,88000.94,88123.48,87998.85,88119.58,69.74538419,2026-01-29 12:45:00
1769691600000,88119.58,88189.92,88079.29,88140.92,64.19160372,2026-01-29 13:00:00
1769692500000,88140.92,88150.0,88077.9,88150.0,48.45466945,2026-01-29 13:15:00
1769693400000,88150.0,88150.0,88055.45,88083.79,74.82740307,2026-01-29 13:30:00
1769694300000,88083.79,88095.44,87950.01,88049.99,98.16438817,2026-01-29 13:45:00
1769695200000,88049.99,88079.23,87953.92,87992.43,73.81849072,2026-01-29 14:00:00
1769696100000,87992.43,88060.09,87819.82,87824.05,100.30607895,2026-01-29 14:15:00
1769697000000,87824.05,87949.19,87555.0,87677.5,293.40258872,2026-01-29 14:30:00
1769697900000,87677.5,87866.62,87011.01,87015.37,268.17762442,2026-01-29 14:45:00
1769698800000,87015.37,87036.4,85354.11,85354.11,719.34915387,2026-01-29 15:00:00
1769699700000,85354.11,85811.6,85238.01,85460.95,689.55806481,2026-01-29 15:15:00
1769700600000,85460.95,85634.85,84424.01,84621.47,479.89553293,2026-01-29 15:30:00
1769701500000,84621.47,85161.37,84367.73,84929.33,353.12454885,2026-01-29 15:45:00
1769702400000,84929.33,84980.51,84448.0,84772.7,403.80495247,2026-01-29 16:00:00
1769703300000,84772.7,84939.83,84470.01,84503.11,400.85522213,2026-01-29 16:15:00
1769704200000,84503.11,84811.46,84271.05,84617.8,316.76824664,2026-01-29 16:30:00
1769705100000,84617.8,85407.51,84588.84,85268.54,412.55415035,2026-01-29 16:45:00
1769706000000,85268.54,85475.47,85078.56,85233.74,447.54201787,2026-01-29 17:00:00
1769706900000,85233.74,85638.3,85037.52,85061.28,417.00445299,2026-01-29 17:15:00
1769707800000,85061.28,85145.65,84728.9,84880.72,403.98471891,2026-01-29 17:30:00
1769708700000,84880.72,84916.17,84013.0,84253.27,387.91844512,2026-01-29 17:45:00
1769709600000,84253.27,84635.64,84241.65,84523.53,305.29964642,2026-01-29 18:00:00
1769710500000,84523.53,84631.66,83722.01,83880.01,525.13482511,2026-01-29 18:15:00
1769711400000,83880.01,84118.62,83605.02,84025.62,293.31330583,2026-01-29 18:30:00
1769712300000,84025.62,84040.81,83451.22,83481.28,315.30731984,2026-01-29 18:45:00
1769713200000,83481.28,83677.85,83384.85,83666.6,288.58529659,2026-01-29 19:00:00
1769714100000,83666.6,83945.97,83555.46,83806.15,346.37457461,2026-01-29 19:15:00
1769715000000,83806.15,84347.16,83806.15,84166.99,401.75585739,2026-01-29 19:30:00
1769715900000,84166.99,84245.94,84002.17,84011.02,353.30217941,2026-01-29 19:45:00
1769716800000,84011.02,84108.26,83899.23,83916.89,249.33118585,2026-01-29 20:00:00
1769717700000,83916.89,84216.78,83916.86,84000.45,210.48608858,2026-01-29 20:15:00
1769718600000,84000.45,84158.25,83830.0,84101.51,244.76968989,2026-01-29 20:30:00
1769719500000,84101.51,84391.44,84022.83,84214.01,297.98912517,2026-01-29 20:45:00
1769720400000,84214.01,84473.85,84204.18,84428.46,269.66705524,2026-01-29 21:00:00
1769721300000,84428.46,84428.46,84227.99,84364.06,163.80943692,2026-01-29 21:15:00
1769722200000,84364.06,84476.22,84281.28,84449.99,130.45496875,2026-01-29 21:30:00
1769723100000,84449.99,84645.62,84440.45,84524.0,161.47039795,2026-01-29 21:45:00
1769724000000,84524.0,84620.13,84298.57,84344.62,148.98198032,2026-01-29 22:00:00
1769724900000,84344.62,84467.77,84344.62,84446.94,91.03967549,2026-01-29 22:15:00
1769725800000,84446.94,84486.16,84379.04,84457.27,67.20388203,2026-01-29 22:30:00
1769726700000,84457.27,84582.89,84394.06,84568.9,49.03224496,2026-01-29 22:45:00
1769727600000,84568.9,84582.94,84441.01,84485.59,86.69304067,2026-01-29 23:00:00
1769728500000,84485.59,84678.62,84463.4,84569.13,138.68665138,2026-01-29 23:15:00
1769729400000,84569.13,84736.82,84569.13,84689.92,269.18394329,2026-01-29 23:30:00
1769730300000,84689.92,84732.22,84639.48,84656.2,106.40036321,2026-01-29 23:45:00
1769731200000,84656.2,84735.85,84535.07,84545.22,121.91577053,2026-01-30 00:00:00
1769732100000,84545.22,84560.75,84313.47,84370.67,154.93870114,2026-01-30 00:15:00
1769733000000,84370.67,84435.0,84280.0,84399.5,135.20434272,2026-01-30 00:30:00
1769733900000,84399.5,84524.93,84161.93,84186.9,280.87470062,2026-01-30 00:45:00
1769734800000,84186.9,84190.28,83998.26,84137.14,130.86017308,2026-01-30 01:00:00
1769735700000,84137.14,84200.44,83500.0,83766.46,449.09770074,2026-01-30 01:15:00
1769736600000,83766.46,83885.97,81200.31,82058.49,644.64640305,2026-01-30 01:30:00
1769737500000,82058.49,82551.7,81727.5,82468.55,436.1508998,2026-01-30 01:45:00
1769738400000,82468.55,82535.14,81891.85,81902.05,284.23530271,2026-01-30 02:00:00
1769739300000,81902.05,82121.91,81250.0,81482.51,345.37958965,2026-01-30 02:15:00
1769740200000,81482.51,82272.87,81180.54,82000.0,955.75192076,2026-01-30 02:30:00
1769741100000,82000.0,82612.87,81900.0,82177.2,526.62193992,2026-01-30 02:45:00
1769742000000,82177.2,82480.34,82042.61,82391.96,419.70896292,2026-01-30 03:00:00
1769742900000,82391.96,82481.73,82224.57,82423.01,221.05690659,2026-01-30 03:15:00
1769743800000,82423.01,82614.1,82359.79,82513.72,218.40647459,2026-01-30 03:30:00
1769744700000,82513.72,82817.58,82437.7,82678.15,255.29141941,2026-01-30 03:45:00
1769745600000,82678.15,83105.46,82675.63,83046.58,245.01410226,2026-01-30 04:00:00
1769746500000,83046.58,83350.22,82952.45,83044.82,410.33304815,2026-01-30 04:15:00
1769747400000,83044.82,83208.22,82900.22,82919.14,174.42334821,2026-01-30 04:30:00
1769748300000,82919.14,83001.66,82885.51,82938.18,105.81682758,2026-01-30 04:45:00
1769749200000,82938.18,83056.02,82902.02,82973.97,93.32063197,2026-01-30 05:00:00
1769750100000,82973.97,83333.47,82927.09,83260.81,159.20729668,2026-01-30 05:15:00
1769751000000,83260.81,83315.83,83108.24,83112.38,161.04382005,2026-01-30 05:30:00
1769751900000,83112.38,83155.2,82912.59,82918.9,209.65001923,2026-01-30 05:45:00
1769752800000,82918.9,82930.37,82765.5,82787.69,244.51799702,2026-01-30 06:00:00
1769753700000,82787.69,82805.13,82376.18,82424.53,236.92219253,2026-01-30 06:15:00
1769754600000,82424.53,82495.48,82158.39,82161.63,214.11757758,2026-01-30 06:30:00
1769755500000,82161.63,82689.93,82059.62,82602.98,209.16891462,2026-01-30 06:45:00
1769756400000,82602.98,83090.0,82602.98,82947.35,202.47601338,2026-01-30 07:00:00
1769757300000,82947.35,82999.3,82669.92,82671.14,187.98835649,2026-01-30 07:15:00
1769758200000,82671.14,82745.3,82482.44,82566.72,437.43226228,2026-01-30 07:30:00
1769759100000,82566.72,82956.49,82546.64,82815.2,425.51208562,2026-01-30 07:45:00
1769760000000,82815.2,82900.0,82600.47,82891.54,276.04376353,2026-01-30 08:00:00
1769760900000,82891.54,82985.22,82703.69,82703.69,224.35910315,2026-01-30 08:15:00
1769761800000,82703.69,82703.69,82439.16,82594.74,179.30250459,2026-01-30 08:30:00
1769762700000,82594.74,82685.01,82487.9,82668.48,112.98274601,2026-01-30 08:45:00
1769763600000,82668.48,82843.34,82600.0,82639.06,145.98576987,2026-01-30 09:00:00
1769764500000,82639.06,82665.21,82250.16,82410.98,238.4995626,2026-01-30 09:15:00
1769765400000,82410.98,82651.33,82401.73,82487.21,127.55835134,2026-01-30 09:30:00
1769766300000,82487.21,82487.27,82157.12,82364.78,199.71893072,2026-01-30 09:45:00
1769767200000,82364.78,82412.54,82165.29,82319.39,120.33805002,2026-01-30 10:00:00
1769768100000,82319.39,82608.62,82239.09,82518.95,105.21276147,2026-01-30 10:15:00
1769769000000,82518.95,82658.33,82454.07,82591.73,110.86062795,2026-01-30 10:30:00
1769769900000,82591.73,82900.09,82561.7,82834.34,154.61968891,2026-01-30 10:45:00
1769770800000,82834.34,82878.5,82737.33,82862.06,63.07313197,2026-01-30 11:00:00
1769771700000,82862.06,82916.6,82696.44,82740.76,88.48694675,2026-01-30 11:15:00
1769772600000,82740.76,82974.99,82709.47,82792.79,85.31256097,2026-01-30 11:30:00
1769773500000,82792.79,83313.12,82681.6,83151.21,177.36730744,2026-01-30 11:45:00
1769774400000,83151.21,83363.14,82946.38,82946.38,149.42612804,2026-01-30 12:00:00
1769775300000,82946.38,82967.95,82661.84,82747.39,144.45156619,2026-01-30 12:15:00
1769776200000,82747.39,82906.43,82678.63,82745.4,82.8617459,2026-01-30 12:30:00
1769777100000,82745.4,82935.63,82706.19,82800.69,139.33309906,2026-01-30 12:45:00
1769778000000,82800.69,82865.83,82555.0,82755.55,111.257692,2026-01-30 13:00:00
1769778900000,82755.55,82814.27,82651.76,82701.44,64.81954512,2026-01-30 13:15:00
1769779800000,82701.44,83074.01,82421.56,82929.88,238.30478585,2026-01-30 13:30:00
1769780700000,82929.88,82929.88,82634.92,82744.18,116.7840628,2026-01-30 13:45:00
1769781600000,82744.18,83131.09,82741.2,82974.14,137.71776872,2026-01-30 14:00:00
1769782500000,82974.14,83156.22,82941.08,82984.54,144.73181405,2026-01-30 14:15:00
1769783400000,82984.54,83666.0,82782.64,83662.82,279.57074204,2026-01-30 14:30:00
1769784300000,83662.82,83796.46,82883.85,83100.11,188.81538535,2026-01-30 14:45:00
1769785200000,83100.11,83615.12,83011.18,83318.35,224.68488428,2026-01-30 15:00:00
1769786100000,83318.35,83576.53,82612.27,82617.63,235.66287105,2026-01-30 15:15:00
1769787000000,82617.63,83373.22,82382.59,83278.47,231.59901389,2026-01-30 15:30:00
1769787900000,83278.47,83278.47,82857.95,82886.34,148.37114115,2026-01-30 15:45:00
1769788800000,82886.34,83150.98,82699.53,83073.11,157.41842543,2026-01-30 16:00:00
1769789700000,83073.11,83250.64,82549.13,83160.86,162.07869328,2026-01-30 16:15:00
1769790600000,83160.86,83492.2,83060.57,83391.85,165.72630924,2026-01-30 16:30:00
1769791500000,83391.85,83391.85,83027.55,83144.21,113.50970873,2026-01-30 16:45:00
1769792400000,83144.21,83166.89,82635.7,82754.59,159.34471852,2026-01-30 17:00:00
1769793300000,82754.59,83471.92,82654.98,83382.8,251.4824003,2026-01-30 17:15:00
1769794200000,83382.8,83382.8,82864.73,83153.15,182.73445703,2026-01-30 17:30:00
1769795100000,83153.15,83241.37,82927.8,82943.11,130.58032784,2026-01-30 17:45:00
1769796000000,82943.11,83289.1,82753.06,82868.35,192.26950933,2026-01-30 18:00:00
1769796900000,82868.35,82880.24,81882.08,82497.76,244.19647596,2026-01-30 18:15:00
1769797800000,82497.76,83167.2,82213.28,83142.87,232.76560378,2026-01-30 18:30:00
1769798700000,83142.87,84164.06,83043.69,83942.45,278.71673781,2026-01-30 18:45:00
1769799600000,83942.45,84372.02,83906.2,84141.68,164.28150748,2026-01-30 19:00:00
1769800500000,84141.68,84518.17,84100.12,84311.16,281.22972046,2026-01-30 19:15:00
1769801400000,84311.16,84550.98,84127.72,84248.55,254.74782758,2026-01-30 19:30:00
1769802300000,84248.55,84619.56,84128.39,84242.48,229.55124892,2026-01-30 19:45:00
1769803200000,84242.48,84260.9,83668.11,83898.18,196.31249359,2026-01-30 20:00:00
1769804100000,83898.18,84183.74,83533.14,83962.63,211.01327737,2026-01-30 20:15:00
1769805000000,83962.63,84299.99,83557.81,83969.14,305.9254062,2026-01-30 20:30:00
1769805900000,83969.14,84113.04,83697.38,83897.05,225.87784103,2026-01-30 20:45:00
1769806800000,83897.05,84058.17,83788.51,84040.85,121.75191993,2026-01-30 21:00:00
1769807700000,84040.85,84511.32,84040.85,84262.64,287.91467579,2026-01-30 21:15:00
1769808600000,84262.64,84411.18,84041.9,84223.81,104.42119169,2026-01-30 21:30:00
1769809500000,84223.81,84422.37,84137.4,84264.91,104.39379876,2026-01-30 21:45:00
1769810400000,84264.91,84327.2,84020.0,84020.0,89.47248842,2026-01-30 22:00:00
1769811300000,84020.0,84112.39,83913.51,83939.61,101.03450519,2026-01-30 22:15:00
1769812200000,83939.61,84098.27,83934.15,83989.02,71.06162917,2026-01-30 22:30:00
1769813100000,83989.02,84231.15,83941.91,84214.93,78.68416679,2026-01-30 22:45:00
1769814000000,84214.93,84229.95,83936.66,84009.98,95.01186527,2026-01-30 23:00:00
1769814900000,84009.98,84200.93,83980.09,84026.75,65.5361337,2026-01-30 23:15:00
1769815800000,84026.75,84229.67,83994.95,84227.41,54.34476539,2026-01-30 23:30:00
1769816700000,84227.41,84297.12,84194.61,84258.82,62.84780474,2026-01-30 23:45:00
1769817600000,84258.82,84262.01,84106.31,84173.14,70.72843094,2026-01-31 00:00:00
1769818500000,84173.14,84241.46,84110.9,84172.09,71.34820576,2026-01-31 00:15:00
1769819400000,84172.09,84268.64,84113.33,84243.68,47.58686614,2026-01-31 00:30:00
1769820300000,84243.68,84243.69,84009.34,84066.52,88.69571633,2026-01-31 00:45:00
1769821200000,84066.52,84269.11,84066.51,84214.1,61.19156895,2026-01-31 01:00:00
1769822100000,84214.1,84245.08,84123.42,84127.19,86.06125624,2026-01-31 01:15:00
1769823000000,84127.19,84130.88,83911.99,84046.71,133.77813998,2026-01-31 01:30:00
1769823900000,84046.71,84050.07,83940.11,83998.78,66.97201916,2026-01-31 01:45:00
1769824800000,83998.78,84050.36,83921.32,84020.8,97.5730692,2026-01-31 02:00:00
1769825700000,84020.8,84029.55,83840.25,83892.39,84.48047009,2026-01-31 02:15:00
1769826600000,83892.39,84163.08,83811.26,84137.93,134.81750427,2026-01-31 02:30:00
1769827500000,84137.93,84182.71,84108.47,84129.05,62.95447526,2026-01-31 02:45:00
1769828400000,84129.05,84229.5,84111.72,84180.39,71.50969264,2026-01-31 03:00:00
1769829300000,84180.39,84233.76,84141.17,84152.52,66.70935732,2026-01-31 03:15:00
1769830200000,84152.52,84195.06,84059.33,84082.73,63.76242554,2026-01-31 03:30:00
1769831100000,84082.73,84093.4,84020.97,84021.01,50.22415898,2026-01-31 03:45:00
1769832000000,84021.01,84111.91,84021.01,84096.68,40.74625663,2026-01-31 04:00:00
1769832900000,84096.68,84146.78,83996.03,84145.42,33.59208834,2026-01-31 04:15:00
1769833800000,84145.42,84145.43,84060.76,84060.78,46.29418568,2026-01-31 04:30:00
1769834700000,84060.78,84069.03,83937.76,83989.13,33.64271141,2026-01-31 04:45:00
1769835600000,83989.13,84022.24,83914.59,84020.33,24.63616202,2026-01-31 05:00:00
1769836500000,84020.33,84022.62,83900.0,83998.29,81.28790495,2026-01-31 05:15:00
1769837400000,83998.29,84100.23,83998.29,84028.0,45.24788754,2026-01-31 05:30:00
1769838300000,84028.0,84057.31,83957.52,84000.14,28.51377773,2026-01-31 05:45:00
1769839200000,84000.14,84047.76,83907.77,83990.63,33.24298913,2026-01-31 06:00:00
1769840100000,83990.63,84015.18,83640.0,83668.98,164.1659291,2026-01-31 06:15:00
1769841000000,83668.98,83775.87,83665.61,83761.67,51.47642227,2026-01-31 06:30:00
1769841900000,83761.67,83850.23,83681.02,83784.7,51.79139958,2026-01-31 06:45:00
1769842800000,83784.7,83804.4,83692.03,83747.91,53.13752716,2026-01-31 07:00:00
1769843700000,83747.91,83782.94,83678.6,83698.51,34.23688595,2026-01-31 07:15:00
1769844600000,83698.51,83721.74,83394.68,83482.62,163.69046616,2026-01-31 07:30:00
1769845500000,83482.62,83567.47,83480.43,83545.43,47.07616677,2026-01-31 07:45:00
1769846400000,83545.43,83631.09,83188.0,83349.46,110.08368028,2026-01-31 08:00:00
1769847300000,83349.46,83356.75,83050.46,83089.0,143.72849836,2026-01-31 08:15:00
1769848200000,83089.0,83118.12,82566.57,82788.78,263.27023802,2026-01-31 08:30:00
1769849100000,82788.78,83243.26,82715.0,83075.27,204.04235629,2026-01-31 08:45:00
1769850000000,83075.27,83287.65,83070.77,83134.95,124.54925744,2026-01-31 09:00:00
1769850900000,83134.95,83183.01,82890.7,83022.53,78.37416319,2026-01-31 09:15:00
1769851800000,83022.53,83300.14,83022.53,83212.32,79.47506703,2026-01-31 09:30:00
1769852700000,83212.32,83232.97,83052.89,83116.02,84.17461387,2026-01-31 09:45:00
1769853600000,83116.02,83172.11,82960.96,83005.44,55.66231565,2026-01-31 10:00:00
1769854500000,83005.44,83081.2,82914.2,83056.33,52.60530938,2026-01-31 10:15:00
1769855400000,83056.33,83207.95,83025.41,83180.25,228.03465086,2026-01-31 10:30:00
1769856300000,83180.25,83199.96,83068.08,83162.69,47.06880857,2026-01-31 10:45:00
1769857200000,83162.69,83162.69,82978.28,83019.71,69.02516672,2026-01-31 11:00:00
1769858100000,83019.71,83087.56,82969.18,82999.92,47.05071225,2026-01-31 11:15:00
1769859000000,82999.92,83070.0,82958.44,82980.12,33.66988434,2026-01-31 11:30:00
1769859900000,82980.12,83032.53,82847.91,83021.07,65.28457486,2026-01-31 11:45:00
1769860800000,83021.07,83144.9,82798.73,82834.7,105.12402744,2026-01-31 12:00:00
1769861700000,82834.7,83081.63,82834.7,82991.94,44.67715202,2026-01-31 12:15:00
1769862600000,82991.94,82994.85,82803.99,82922.67,52.98508875,2026-01-31 12:30:00
1769863500000,82922.67,82957.48,82701.66,82766.05,169.86077416,2026-01-31 12:45:00
1769864400000,82766.05,82897.65,82700.0,82797.47,112.07897768,2026-01-31 13:00:00
1769865300000,82797.47,82923.08,82721.48,82821.88,39.17659905,2026-01-31 13:15:00
1769866200000,82821.88,82848.61,82470.87,82654.39,174.8003043,2026-01-31 13:30:00
1769867100000,82654.39,82772.86,82536.76,82768.71,74.54142109,2026-01-31 13:45:00
1769868000000,82768.71,82928.77,82342.72,82443.13,167.43918475,2026-01-31 14:00:00
1769868900000,82443.13,82519.76,81321.79,81595.03,433.10350646,2026-01-31 14:15:00
1769869800000,81595.03,81619.13,80839.53,80993.88,701.20397218,2026-01-31 14:30:00
1769870700000,80993.88,81567.55,80890.49,81480.63,283.80980931,2026-01-31 14:45:00
1769871600000,81480.63,81775.26,81190.92,81263.0,292.23616069,2026-01-31 15:00:00
1769872500000,81263.0,81338.87,81097.62,81335.97,246.17205867,2026-01-31 15:15:00
1769873400000,81335.97,81379.21,81159.89,81343.77,195.70462709,2026-01-31 15:30:00
1769874300000,81343.77,81526.77,81226.43,81302.08,231.62435932,2026-01-31 15:45:00
1769875200000,81302.08,81438.3,80714.5,81001.52,260.21555368,2026-01-31 16:00:00
1769876100000,81001.52,82226.43,80515.27,81106.54,471.15069237,2026-01-31 16:15:00
1769877000000,81106.54,81283.93,80925.71,80980.63,303.23192048,2026-01-31 16:30:00
1769877900000,80980.63,81037.84,80111.0,80363.53,380.08327675,2026-01-31 16:45:00
1769878800000,80363.53,80551.98,78523.49,78862.26,952.65330077,2026-01-31 17:00:00
1769879700000,78862.26,79415.88,78660.22,79130.7,593.37761451,2026-01-31 17:15:00
1769880600000,79130.7,79288.31,78520.0,78910.02,387.38699393,2026-01-31 17:30:00
1769881500000,78910.02,79079.64,78666.63,78897.6,250.43377663,2026-01-31 17:45:00
1769882400000,78897.6,79130.0,78580.88,78635.39,227.66771951,2026-01-31 18:00:00
1769883300000,78635.39,78671.61,78007.98,78435.16,417.66074854,2026-01-31 18:15:00
1769884200000,78435.16,78732.33,76000.0,77563.53,975.54608869,2026-01-31 18:30:00
1769885100000,77563.53,78303.82,77105.72,78028.39,881.0842145,2026-01-31 18:45:00
1769886000000,78028.39,78556.12,77807.91,78220.32,424.35607897,2026-01-31 19:00:00
1769886900000,78220.32,78387.83,77837.29,77982.45,332.8118049,2026-01-31 19:15:00
1769887800000,77982.45,78066.69,77187.56,77532.05,259.86006731,2026-01-31 19:30:00
1769888700000,77532.05,78000.0,77456.66,77751.53,309.19028169,2026-01-31 19:45:00
1769889600000,77751.53,77953.01,77497.02,77535.74,257.65831123,2026-01-31 20:00:00
1769890500000,77535.74,78147.66,77373.0,77384.52,221.16442878,2026-01-31 20:15:00
1769891400000,77384.52,77584.6,77089.83,77517.88,251.21510401,2026-01-31 20:30:00
1769892300000,77517.88,78142.97,77326.39,78004.66,186.10104305,2026-01-31 20:45:00
1769893200000,78004.66,78163.08,77619.84,77670.42,190.71936245,2026-01-31 21:00:00
1769894100000,77670.42,77967.01,77375.43,77839.6,232.05670443,2026-01-31 21:15:00
1769895000000,77839.6,78268.38,77727.56,78172.96,231.93227677,2026-01-31 21:30:00
1769895900000,78172.96,78376.67,78096.0,78270.52,210.29445631,2026-01-31 21:45:00
1769896800000,78270.52,78490.68,78156.69,78188.12,210.71973879,2026-01-31 22:00:00
1769897700000,78188.12,78351.55,78081.37,78342.55,139.23797486,2026-01-31 22:15:00
1769898600000,78342.55,78417.36,78064.36,78099.0,190.22621045,2026-01-31 22:30:00
1769899500000,78099.0,78304.43,77997.52,78193.56,107.65945358,2026-01-31 22:45:00
1769900400000,78193.56,78359.22,78081.07,78229.44,208.50832368,2026-01-31 23:00:00
1769901300000,78229.44,79239.36,78151.6,78980.52,410.2184091,2026-01-31 23:15:00
1769902200000,78980.52,79174.64,78763.93,78848.81,165.80794925,2026-01-31 23:30:00
1769903100000,78848.81,78940.26,78646.63,78731.9,221.34656937,2026-01-31 23:45:00
